[debug] [2026-03-02T19:06:56.524Z] ----------------------------------------------------------------------
[debug] [2026-03-02T19:06:56.527Z] Command:       /home/sam/.nvm/versions/node/v20.20.0/bin/node /home/sam/.nvm/versions/node/v20.20.0/bin/firebase --project ticker-trace apps:list
[debug] [2026-03-02T19:06:56.527Z] CLI Version:   15.8.0
[debug] [2026-03-02T19:06:56.527Z] Platform:      linux
[debug] [2026-03-02T19:06:56.528Z] Node Version:  v20.20.0
[debug] [2026-03-02T19:06:56.528Z] Time:          Mon Mar 02 2026 13:06:56 GMT-0600 (Central Standard Time)
[debug] [2026-03-02T19:06:56.528Z] ----------------------------------------------------------------------
[debug] 
[debug] [2026-03-02T19:06:57.226Z] > command requires scopes: ["email","openid","https://www.googleapis.com/auth/cloudplatformprojects.readonly","https://www.googleapis.com/auth/firebase","https://www.googleapis.com/auth/cloud-platform"]
[debug] [2026-03-02T19:06:57.227Z] > authorizing via signed-in user (mphanko@gmail.com)
[debug] [2026-03-02T19:06:57.237Z] Checked if tokens are valid: true, expires at: 1772482013618
[debug] [2026-03-02T19:06:57.238Z] Checked if tokens are valid: true, expires at: 1772482013618
[debug] [2026-03-02T19:06:57.241Z] >>> [apiv2][query] GET https://firebase.googleapis.com/v1beta1/projects/ticker-trace:searchApps pageSize=100
[debug] [2026-03-02T19:06:57.704Z] <<< [apiv2][status] GET https://firebase.googleapis.com/v1beta1/projects/ticker-trace:searchApps 200
[debug] [2026-03-02T19:06:57.704Z] <<< [apiv2][body] GET https://firebase.googleapis.com/v1beta1/projects/ticker-trace:searchApps {"apps":[{"name":"projects/ticker-trace/webApps/1:148847674689:web:0614f7d404a3eb62850dc0","displayName":"TickerTrace Web","platform":"WEB","appId":"1:148847674689:web:0614f7d404a3eb62850dc0","namespace":"OWI5OTQ3ZWItN2UzZS00ODNlLWIwMjMtMzBlN2M5NTEyZTQ1","apiKeyId":"5ce6919b-8688-42a3-aabc-f1b59df5b07b","state":"ACTIVE","expireTime":"1970-01-01T00:00:00Z"}]}
[info] ┌──────────────────┬───────────────────────────────────────────┬──────────┐
│ App Display Name │ App ID                                    │ Platform │
├──────────────────┼───────────────────────────────────────────┼──────────┤
│ TickerTrace Web  │ 1:148847674689:web:0614f7d404a3eb62850dc0 │ WEB      │
└──────────────────┴───────────────────────────────────────────┴──────────┘
[info] 
[info] 1 app(s) total.
[debug] [2026-03-02T19:06:57.836Z] Error: write EPIPE
    at afterWriteDispatched (node:internal/stream_base_commons:161:15)
    at writeGeneric (node:internal/stream_base_commons:152:3)
    at Socket._writeGeneric (node:net:958:11)
    at Socket._write (node:net:970:8)
    at writeOrBuffer (node:internal/streams/writable:572:12)
    at _write (node:internal/streams/writable:501:10)
    at Writable.write (node:internal/streams/writable:510:10)
    at Console.log (/home/sam/.nvm/versions/node/v20.20.0/lib/node_modules/firebase-tools/node_modules/winston/lib/winston/transports/console.js:87:23)
    at Console._write (/home/sam/.nvm/versions/node/v20.20.0/lib/node_modules/firebase-tools/node_modules/winston-transport/modern.js:103:17)
    at doWrite (/home/sam/.nvm/versions/node/v20.20.0/lib/node_modules/firebase-tools/node_modules/winston-transport/node_modules/readable-stream/lib/_stream_writable.js:390:139)
[error] 
[error] Error: An unexpected error has occurred.
[debug] [2026-03-02T19:06:57.838Z] Error: write EPIPE
    at afterWriteDispatched (node:internal/stream_base_commons:161:15)
    at writeGeneric (node:internal/stream_base_commons:152:3)
    at Socket._writeGeneric (node:net:958:11)
    at Socket._write (node:net:970:8)
    at writeOrBuffer (node:internal/streams/writable:572:12)
    at _write (node:internal/streams/writable:501:10)
    at Writable.write (node:internal/streams/writable:510:10)
    at Console.log (/home/sam/.nvm/versions/node/v20.20.0/lib/node_modules/firebase-tools/node_modules/winston/lib/winston/transports/console.js:87:23)
    at Console._write (/home/sam/.nvm/versions/node/v20.20.0/lib/node_modules/firebase-tools/node_modules/winston-transport/modern.js:103:17)
    at doWrite (/home/sam/.nvm/versions/node/v20.20.0/lib/node_modules/firebase-tools/node_modules/winston-transport/node_modules/readable-stream/lib/_stream_writable.js:390:139)
[error] 
[error] Error: An unexpected error has occurred.
[debug] [2026-03-02T19:06:57.839Z] Error: write EPIPE
    at afterWriteDispatched (node:internal/stream_base_commons:161:15)
    at writeGeneric (node:internal/stream_base_commons:152:3)
    at Socket._writeGeneric (node:net:958:11)
    at Socket._write (node:net:970:8)
    at writeOrBuffer (node:internal/streams/writable:572:12)
    at _write (node:internal/streams/writable:501:10)
    at Writable.write (node:internal/streams/writable:510:10)
    at Console.log (/home/sam/.nvm/versions/node/v20.20.0/lib/node_modules/firebase-tools/node_modules/winston/lib/winston/transports/console.js:87:23)
    at Console._write (/home/sam/.nvm/versions/node/v20.20.0/lib/node_modules/firebase-tools/node_modules/winston-transport/modern.js:103:17)
    at doWrite (/home/sam/.nvm/versions/node/v20.20.0/lib/node_modules/firebase-tools/node_modules/winston-transport/node_modules/readable-stream/lib/_stream_writable.js:390:139)
[error] 
[error] Error: An unexpected error has occurred.
[debug] [2026-03-02T19:06:57.840Z] Error: write EPIPE
    at afterWriteDispatched (node:internal/stream_base_commons:161:15)
    at writeGeneric (node:internal/stream_base_commons:152:3)
    at Socket._writeGeneric (node:net:958:11)
    at Socket._write (node:net:970:8)
    at writeOrBuffer (node:internal/streams/writable:572:12)
    at _write (node:internal/streams/writable:501:10)
    at Writable.write (node:internal/streams/writable:510:10)
    at Console.log (/home/sam/.nvm/versions/node/v20.20.0/lib/node_modules/firebase-tools/node_modules/winston/lib/winston/transports/console.js:87:23)
    at Console._write (/home/sam/.nvm/versions/node/v20.20.0/lib/node_modules/firebase-tools/node_modules/winston-transport/modern.js:103:17)
    at doWrite (/home/sam/.nvm/versions/node/v20.20.0/lib/node_modules/firebase-tools/node_modules/winston-transport/node_modules/readable-stream/lib/_stream_writable.js:390:139)
[error] 
[error] Error: An unexpected error has occurred.
[debug] [2026-03-02T19:06:57.842Z] Error: write EPIPE
    at afterWriteDispatched (node:internal/stream_base_commons:161:15)
    at writeGeneric (node:internal/stream_base_commons:152:3)
    at Socket._writeGeneric (node:net:958:11)
    at Socket._write (node:net:970:8)
    at writeOrBuffer (node:internal/streams/writable:572:12)
    at _write (node:internal/streams/writable:501:10)
    at Writable.write (node:internal/streams/writable:510:10)
    at Console.log (/home/sam/.nvm/versions/node/v20.20.0/lib/node_modules/firebase-tools/node_modules/winston/lib/winston/transports/console.js:87:23)
    at Console._write (/home/sam/.nvm/versions/node/v20.20.0/lib/node_modules/firebase-tools/node_modules/winston-transport/modern.js:103:17)
    at doWrite (/home/sam/.nvm/versions/node/v20.20.0/lib/node_modules/firebase-tools/node_modules/winston-transport/node_modules/readable-stream/lib/_stream_writable.js:390:139)
[error] 
[error] Error: An unexpected error has occurred.
[debug] [2026-03-02T19:06:57.843Z] Error: write EPIPE
    at afterWriteDispatched (node:internal/stream_base_commons:161:15)
    at writeGeneric (node:internal/stream_base_commons:152:3)
    at Socket._writeGeneric (node:net:958:11)
    at Socket._write (node:net:970:8)
    at writeOrBuffer (node:internal/streams/writable:572:12)
    at _write (node:internal/streams/writable:501:10)
    at Writable.write (node:internal/streams/writable:510:10)
    at Console.log (/home/sam/.nvm/versions/node/v20.20.0/lib/node_modules/firebase-tools/node_modules/winston/lib/winston/transports/console.js:87:23)
    at Console._write (/home/sam/.nvm/versions/node/v20.20.0/lib/node_modules/firebase-tools/node_modules/winston-transport/modern.js:103:17)
    at doWrite (/home/sam/.nvm/versions/node/v20.20.0/lib/node_modules/firebase-tools/node_modules/winston-transport/node_modules/readable-stream/lib/_stream_writable.js:390:139)
[error] 
[error] Error: An unexpected error has occurred.
[debug] [2026-03-02T19:06:57.844Z] Error: write EPIPE
    at afterWriteDispatched (node:internal/stream_base_commons:161:15)
    at writeGeneric (node:internal/stream_base_commons:152:3)
    at Socket._writeGeneric (node:net:958:11)
    at Socket._write (node:net:970:8)
    at writeOrBuffer (node:internal/streams/writable:572:12)
    at _write (node:internal/streams/writable:501:10)
    at Writable.write (node:internal/streams/writable:510:10)
    at Console.log (/home/sam/.nvm/versions/node/v20.20.0/lib/node_modules/firebase-tools/node_modules/winston/lib/winston/transports/console.js:87:23)
    at Console._write (/home/sam/.nvm/versions/node/v20.20.0/lib/node_modules/firebase-tools/node_modules/winston-transport/modern.js:103:17)
    at doWrite (/home/sam/.nvm/versions/node/v20.20.0/lib/node_modules/firebase-tools/node_modules/winston-transport/node_modules/readable-stream/lib/_stream_writable.js:390:139)
[error] 
[error] Error: An unexpected error has occurred.
[debug] [2026-03-02T19:06:57.845Z] Error: write EPIPE
    at afterWriteDispatched (node:internal/stream_base_commons:161:15)
    at writeGeneric (node:internal/stream_base_commons:152:3)
    at Socket._writeGeneric (node:net:958:11)
    at Socket._write (node:net:970:8)
    at writeOrBuffer (node:internal/streams/writable:572:12)
    at _write (node:internal/streams/writable:501:10)
    at Writable.write (node:internal/streams/writable:510:10)
    at Console.log (/home/sam/.nvm/versions/node/v20.20.0/lib/node_modules/firebase-tools/node_modules/winston/lib/winston/transports/console.js:87:23)
    at Console._write (/home/sam/.nvm/versions/node/v20.20.0/lib/node_modules/firebase-tools/node_modules/winston-transport/modern.js:103:17)
    at doWrite (/home/sam/.nvm/versions/node/v20.20.0/lib/node_modules/firebase-tools/node_modules/winston-transport/node_modules/readable-stream/lib/_stream_writable.js:390:139)
[error] 
[error] Error: An unexpected error has occurred.
[debug] [2026-03-02T19:06:57.847Z] Error: write EPIPE
    at afterWriteDispatched (node:internal/stream_base_commons:161:15)
    at writeGeneric (node:internal/stream_base_commons:152:3)
    at Socket._writeGeneric (node:net:958:11)
    at Socket._write (node:net:970:8)
    at writeOrBuffer (node:internal/streams/writable:572:12)
    at _write (node:internal/streams/writable:501:10)
    at Writable.write (node:internal/streams/writable:510:10)
    at Console.log (/home/sam/.nvm/versions/node/v20.20.0/lib/node_modules/firebase-tools/node_modules/winston/lib/winston/transports/console.js:87:23)
    at Console._write (/home/sam/.nvm/versions/node/v20.20.0/lib/node_modules/firebase-tools/node_modules/winston-transport/modern.js:103:17)
    at doWrite (/home/sam/.nvm/versions/node/v20.20.0/lib/node_modules/firebase-tools/node_modules/winston-transport/node_modules/readable-stream/lib/_stream_writable.js:390:139)
[error] 
[error] Error: An unexpected error has occurred.
[debug] [2026-03-02T19:06:57.848Z] Error: write EPIPE
    at afterWriteDispatched (node:internal/stream_base_commons:161:15)
    at writeGeneric (node:internal/stream_base_commons:152:3)
    at Socket._writeGeneric (node:net:958:11)
    at Socket._write (node:net:970:8)
    at writeOrBuffer (node:internal/streams/writable:572:12)
    at _write (node:internal/streams/writable:501:10)
    at Writable.write (node:internal/streams/writable:510:10)
    at Console.log (/home/sam/.nvm/versions/node/v20.20.0/lib/node_modules/firebase-tools/node_modules/winston/lib/winston/transports/console.js:87:23)
    at Console._write (/home/sam/.nvm/versions/node/v20.20.0/lib/node_modules/firebase-tools/node_modules/winston-transport/modern.js:103:17)
    at doWrite (/home/sam/.nvm/versions/node/v20.20.0/lib/node_modules/firebase-tools/node_modules/winston-transport/node_modules/readable-stream/lib/_stream_writable.js:390:139)
[error] 
[error] Error: An unexpected error has occurred.
[debug] [2026-03-02T19:06:57.849Z] Error: write EPIPE
    at afterWriteDispatched (node:internal/stream_base_commons:161:15)
    at writeGeneric (node:internal/stream_base_commons:152:3)
    at Socket._writeGeneric (node:net:958:11)
    at Socket._write (node:net:970:8)
    at writeOrBuffer (node:internal/streams/writable:572:12)
    at _write (node:internal/streams/writable:501:10)
    at Writable.write (node:internal/streams/writable:510:10)
    at Console.log (/home/sam/.nvm/versions/node/v20.20.0/lib/node_modules/firebase-tools/node_modules/winston/lib/winston/transports/console.js:87:23)
    at Console._write (/home/sam/.nvm/versions/node/v20.20.0/lib/node_modules/firebase-tools/node_modules/winston-transport/modern.js:103:17)
    at doWrite (/home/sam/.nvm/versions/node/v20.20.0/lib/node_modules/firebase-tools/node_modules/winston-transport/node_modules/readable-stream/lib/_stream_writable.js:390:139)
[error] 
[error] Error: An unexpected error has occurred.
[debug] [2026-03-02T19:06:57.850Z] Error: write EPIPE
    at afterWriteDispatched (node:internal/stream_base_commons:161:15)
    at writeGeneric (node:internal/stream_base_commons:152:3)
    at Socket._writeGeneric (node:net:958:11)
    at Socket._write (node:net:970:8)
    at writeOrBuffer (node:internal/streams/writable:572:12)
    at _write (node:internal/streams/writable:501:10)
    at Writable.write (node:internal/streams/writable:510:10)
    at Console.log (/home/sam/.nvm/versions/node/v20.20.0/lib/node_modules/firebase-tools/node_modules/winston/lib/winston/transports/console.js:87:23)
    at Console._write (/home/sam/.nvm/versions/node/v20.20.0/lib/node_modules/firebase-tools/node_modules/winston-transport/modern.js:103:17)
    at doWrite (/home/sam/.nvm/versions/node/v20.20.0/lib/node_modules/firebase-tools/node_modules/winston-transport/node_modules/readable-stream/lib/_stream_writable.js:390:139)
[error] 
[error] Error: An unexpected error has occurred.
[debug] [2026-03-02T19:06:57.851Z] Error: write EPIPE
    at afterWriteDispatched (node:internal/stream_base_commons:161:15)
    at writeGeneric (node:internal/stream_base_commons:152:3)
    at Socket._writeGeneric (node:net:958:11)
    at Socket._write (node:net:970:8)
    at writeOrBuffer (node:internal/streams/writable:572:12)
    at _write (node:internal/streams/writable:501:10)
    at Writable.write (node:internal/streams/writable:510:10)
    at Console.log (/home/sam/.nvm/versions/node/v20.20.0/lib/node_modules/firebase-tools/node_modules/winston/lib/winston/transports/console.js:87:23)
    at Console._write (/home/sam/.nvm/versions/node/v20.20.0/lib/node_modules/firebase-tools/node_modules/winston-transport/modern.js:103:17)
    at doWrite (/home/sam/.nvm/versions/node/v20.20.0/lib/node_modules/firebase-tools/node_modules/winston-transport/node_modules/readable-stream/lib/_stream_writable.js:390:139)
[error] 
[error] Error: An unexpected error has occurred.
[debug] [2026-03-02T19:06:57.851Z] Error: write EPIPE
    at afterWriteDispatched (node:internal/stream_base_commons:161:15)
    at writeGeneric (node:internal/stream_base_commons:152:3)
    at Socket._writeGeneric (node:net:958:11)
    at Socket._write (node:net:970:8)
    at writeOrBuffer (node:internal/streams/writable:572:12)
    at _write (node:internal/streams/writable:501:10)
    at Writable.write (node:internal/streams/writable:510:10)
    at Console.log (/home/sam/.nvm/versions/node/v20.20.0/lib/node_modules/firebase-tools/node_modules/winston/lib/winston/transports/console.js:87:23)
    at Console._write (/home/sam/.nvm/versions/node/v20.20.0/lib/node_modules/firebase-tools/node_modules/winston-transport/modern.js:103:17)
    at doWrite (/home/sam/.nvm/versions/node/v20.20.0/lib/node_modules/firebase-tools/node_modules/winston-transport/node_modules/readable-stream/lib/_stream_writable.js:390:139)
[error] 
[error] Error: An unexpected error has occurred.
[debug] [2026-03-02T19:06:57.852Z] Error: write EPIPE
    at afterWriteDispatched (node:internal/stream_base_commons:161:15)
    at writeGeneric (node:internal/stream_base_commons:152:3)
    at Socket._writeGeneric (node:net:958:11)
    at Socket._write (node:net:970:8)
    at writeOrBuffer (node:internal/streams/writable:572:12)
    at _write (node:internal/streams/writable:501:10)
    at Writable.write (node:internal/streams/writable:510:10)
    at Console.log (/home/sam/.nvm/versions/node/v20.20.0/lib/node_modules/firebase-tools/node_modules/winston/lib/winston/transports/console.js:87:23)
    at Console._write (/home/sam/.nvm/versions/node/v20.20.0/lib/node_modules/firebase-tools/node_modules/winston-transport/modern.js:103:17)
    at doWrite (/home/sam/.nvm/versions/node/v20.20.0/lib/node_modules/firebase-tools/node_modules/winston-transport/node_modules/readable-stream/lib/_stream_writable.js:390:139)
[error] 
[error] Error: An unexpected error has occurred.
[debug] [2026-03-02T19:06:57.852Z] Error: write EPIPE
    at afterWriteDispatched (node:internal/stream_base_commons:161:15)
    at writeGeneric (node:internal/stream_base_commons:152:3)
    at Socket._writeGeneric (node:net:958:11)
    at Socket._write (node:net:970:8)
    at writeOrBuffer (node:internal/streams/writable:572:12)
    at _write (node:internal/streams/writable:501:10)
    at Writable.write (node:internal/streams/writable:510:10)
    at Console.log (/home/sam/.nvm/versions/node/v20.20.0/lib/node_modules/firebase-tools/node_modules/winston/lib/winston/transports/console.js:87:23)
    at Console._write (/home/sam/.nvm/versions/node/v20.20.0/lib/node_modules/firebase-tools/node_modules/winston-transport/modern.js:103:17)
    at doWrite (/home/sam/.nvm/versions/node/v20.20.0/lib/node_modules/firebase-tools/node_modules/winston-transport/node_modules/readable-stream/lib/_stream_writable.js:390:139)
[error] 
[error] Error: An unexpected error has occurred.
[debug] [2026-03-02T19:06:57.853Z] Error: write EPIPE
    at afterWriteDispatched (node:internal/stream_base_commons:161:15)
    at writeGeneric (node:internal/stream_base_commons:152:3)
    at Socket._writeGeneric (node:net:958:11)
    at Socket._write (node:net:970:8)
    at writeOrBuffer (node:internal/streams/writable:572:12)
    at _write (node:internal/streams/writable:501:10)
    at Writable.write (node:internal/streams/writable:510:10)
    at Console.log (/home/sam/.nvm/versions/node/v20.20.0/lib/node_modules/firebase-tools/node_modules/winston/lib/winston/transports/console.js:87:23)
    at Console._write (/home/sam/.nvm/versions/node/v20.20.0/lib/node_modules/firebase-tools/node_modules/winston-transport/modern.js:103:17)
    at doWrite (/home/sam/.nvm/versions/node/v20.20.0/lib/node_modules/firebase-tools/node_modules/winston-transport/node_modules/readable-stream/lib/_stream_writable.js:390:139)
[error] 
[error] Error: An unexpected error has occurred.
[debug] [2026-03-02T19:06:57.854Z] Error: write EPIPE
    at afterWriteDispatched (node:internal/stream_base_commons:161:15)
    at writeGeneric (node:internal/stream_base_commons:152:3)
    at Socket._writeGeneric (node:net:958:11)
    at Socket._write (node:net:970:8)
    at writeOrBuffer (node:internal/streams/writable:572:12)
    at _write (node:internal/streams/writable:501:10)
    at Writable.write (node:internal/streams/writable:510:10)
    at Console.log (/home/sam/.nvm/versions/node/v20.20.0/lib/node_modules/firebase-tools/node_modules/winston/lib/winston/transports/console.js:87:23)
    at Console._write (/home/sam/.nvm/versions/node/v20.20.0/lib/node_modules/firebase-tools/node_modules/winston-transport/modern.js:103:17)
    at doWrite (/home/sam/.nvm/versions/node/v20.20.0/lib/node_modules/firebase-tools/node_modules/winston-transport/node_modules/readable-stream/lib/_stream_writable.js:390:139)
[error] 
[error] Error: An unexpected error has occurred.
[debug] [2026-03-02T19:06:57.854Z] Error: write EPIPE
    at afterWriteDispatched (node:internal/stream_base_commons:161:15)
    at writeGeneric (node:internal/stream_base_commons:152:3)
    at Socket._writeGeneric (node:net:958:11)
    at Socket._write (node:net:970:8)
    at writeOrBuffer (node:internal/streams/writable:572:12)
    at _write (node:internal/streams/writable:501:10)
    at Writable.write (node:internal/streams/writable:510:10)
    at Console.log (/home/sam/.nvm/versions/node/v20.20.0/lib/node_modules/firebase-tools/node_modules/winston/lib/winston/transports/console.js:87:23)
    at Console._write (/home/sam/.nvm/versions/node/v20.20.0/lib/node_modules/firebase-tools/node_modules/winston-transport/modern.js:103:17)
    at doWrite (/home/sam/.nvm/versions/node/v20.20.0/lib/node_modules/firebase-tools/node_modules/winston-transport/node_modules/readable-stream/lib/_stream_writable.js:390:139)
[error] 
[error] Error: An unexpected error has occurred.
[debug] [2026-03-02T19:06:57.855Z] Error: write EPIPE
    at afterWriteDispatched (node:internal/stream_base_commons:161:15)
    at writeGeneric (node:internal/stream_base_commons:152:3)
    at Socket._writeGeneric (node:net:958:11)
    at Socket._write (node:net:970:8)
    at writeOrBuffer (node:internal/streams/writable:572:12)
    at _write (node:internal/streams/writable:501:10)
    at Writable.write (node:internal/streams/writable:510:10)
    at Console.log (/home/sam/.nvm/versions/node/v20.20.0/lib/node_modules/firebase-tools/node_modules/winston/lib/winston/transports/console.js:87:23)
    at Console._write (/home/sam/.nvm/versions/node/v20.20.0/lib/node_modules/firebase-tools/node_modules/winston-transport/modern.js:103:17)
    at doWrite (/home/sam/.nvm/versions/node/v20.20.0/lib/node_modules/firebase-tools/node_modules/winston-transport/node_modules/readable-stream/lib/_stream_writable.js:390:139)
[error] 
[error] Error: An unexpected error has occurred.
[debug] [2026-03-02T19:06:57.856Z] Error: write EPIPE
    at afterWriteDispatched (node:internal/stream_base_commons:161:15)
    at writeGeneric (node:internal/stream_base_commons:152:3)
    at Socket._writeGeneric (node:net:958:11)
    at Socket._write (node:net:970:8)
    at writeOrBuffer (node:internal/streams/writable:572:12)
    at _write (node:internal/streams/writable:501:10)
    at Writable.write (node:internal/streams/writable:510:10)
    at Console.log (/home/sam/.nvm/versions/node/v20.20.0/lib/node_modules/firebase-tools/node_modules/winston/lib/winston/transports/console.js:87:23)
    at Console._write (/home/sam/.nvm/versions/node/v20.20.0/lib/node_modules/firebase-tools/node_modules/winston-transport/modern.js:103:17)
    at doWrite (/home/sam/.nvm/versions/node/v20.20.0/lib/node_modules/firebase-tools/node_modules/winston-transport/node_modules/readable-stream/lib/_stream_writable.js:390:139)
[error] 
[error] Error: An unexpected error has occurred.
[debug] [2026-03-02T19:06:57.856Z] Error: write EPIPE
    at afterWriteDispatched (node:internal/stream_base_commons:161:15)
    at writeGeneric (node:internal/stream_base_commons:152:3)
    at Socket._writeGeneric (node:net:958:11)
    at Socket._write (node:net:970:8)
    at writeOrBuffer (node:internal/streams/writable:572:12)
    at _write (node:internal/streams/writable:501:10)
    at Writable.write (node:internal/streams/writable:510:10)
    at Console.log (/home/sam/.nvm/versions/node/v20.20.0/lib/node_modules/firebase-tools/node_modules/winston/lib/winston/transports/console.js:87:23)
    at Console._write (/home/sam/.nvm/versions/node/v20.20.0/lib/node_modules/firebase-tools/node_modules/winston-transport/modern.js:103:17)
    at doWrite (/home/sam/.nvm/versions/node/v20.20.0/lib/node_modules/firebase-tools/node_modules/winston-transport/node_modules/readable-stream/lib/_stream_writable.js:390:139)
[error] 
[error] Error: An unexpected error has occurred.
[debug] [2026-03-02T19:06:57.857Z] Error: write EPIPE
    at afterWriteDispatched (node:internal/stream_base_commons:161:15)
    at writeGeneric (node:internal/stream_base_commons:152:3)
    at Socket._writeGeneric (node:net:958:11)
    at Socket._write (node:net:970:8)
    at writeOrBuffer (node:internal/streams/writable:572:12)
    at _write (node:internal/streams/writable:501:10)
    at Writable.write (node:internal/streams/writable:510:10)
    at Console.log (/home/sam/.nvm/versions/node/v20.20.0/lib/node_modules/firebase-tools/node_modules/winston/lib/winston/transports/console.js:87:23)
    at Console._write (/home/sam/.nvm/versions/node/v20.20.0/lib/node_modules/firebase-tools/node_modules/winston-transport/modern.js:103:17)
    at doWrite (/home/sam/.nvm/versions/node/v20.20.0/lib/node_modules/firebase-tools/node_modules/winston-transport/node_modules/readable-stream/lib/_stream_writable.js:390:139)
[error] 
[error] Error: An unexpected error has occurred.
[debug] [2026-03-02T19:06:57.858Z] Error: write EPIPE
    at afterWriteDispatched (node:internal/stream_base_commons:161:15)
    at writeGeneric (node:internal/stream_base_commons:152:3)
    at Socket._writeGeneric (node:net:958:11)
    at Socket._write (node:net:970:8)
    at writeOrBuffer (node:internal/streams/writable:572:12)
    at _write (node:internal/streams/writable:501:10)
    at Writable.write (node:internal/streams/writable:510:10)
    at Console.log (/home/sam/.nvm/versions/node/v20.20.0/lib/node_modules/firebase-tools/node_modules/winston/lib/winston/transports/console.js:87:23)
    at Console._write (/home/sam/.nvm/versions/node/v20.20.0/lib/node_modules/firebase-tools/node_modules/winston-transport/modern.js:103:17)
    at doWrite (/home/sam/.nvm/versions/node/v20.20.0/lib/node_modules/firebase-tools/node_modules/winston-transport/node_modules/readable-stream/lib/_stream_writable.js:390:139)
[error] 
[error] Error: An unexpected error has occurred.
[debug] [2026-03-02T19:06:57.858Z] Error: write EPIPE
    at afterWriteDispatched (node:internal/stream_base_commons:161:15)
    at writeGeneric (node:internal/stream_base_commons:152:3)
    at Socket._writeGeneric (node:net:958:11)
    at Socket._write (node:net:970:8)
    at writeOrBuffer (node:internal/streams/writable:572:12)
    at _write (node:internal/streams/writable:501:10)
    at Writable.write (node:internal/streams/writable:510:10)
    at Console.log (/home/sam/.nvm/versions/node/v20.20.0/lib/node_modules/firebase-tools/node_modules/winston/lib/winston/transports/console.js:87:23)
    at Console._write (/home/sam/.nvm/versions/node/v20.20.0/lib/node_modules/firebase-tools/node_modules/winston-transport/modern.js:103:17)
    at doWrite (/home/sam/.nvm/versions/node/v20.20.0/lib/node_modules/firebase-tools/node_modules/winston-transport/node_modules/readable-stream/lib/_stream_writable.js:390:139)
[error] 
[error] Error: An unexpected error has occurred.
[debug] [2026-03-02T19:06:57.859Z] Error: write EPIPE
    at afterWriteDispatched (node:internal/stream_base_commons:161:15)
    at writeGeneric (node:internal/stream_base_commons:152:3)
    at Socket._writeGeneric (node:net:958:11)
    at Socket._write (node:net:970:8)
    at writeOrBuffer (node:internal/streams/writable:572:12)
    at _write (node:internal/streams/writable:501:10)
    at Writable.write (node:internal/streams/writable:510:10)
    at Console.log (/home/sam/.nvm/versions/node/v20.20.0/lib/node_modules/firebase-tools/node_modules/winston/lib/winston/transports/console.js:87:23)
    at Console._write (/home/sam/.nvm/versions/node/v20.20.0/lib/node_modules/firebase-tools/node_modules/winston-transport/modern.js:103:17)
    at doWrite (/home/sam/.nvm/versions/node/v20.20.0/lib/node_modules/firebase-tools/node_modules/winston-transport/node_modules/readable-stream/lib/_stream_writable.js:390:139)
[error] 
[error] Error: An unexpected error has occurred.
[debug] [2026-03-02T19:06:57.860Z] Error: write EPIPE
    at afterWriteDispatched (node:internal/stream_base_commons:161:15)
    at writeGeneric (node:internal/stream_base_commons:152:3)
    at Socket._writeGeneric (node:net:958:11)
    at Socket._write (node:net:970:8)
    at writeOrBuffer (node:internal/streams/writable:572:12)
    at _write (node:internal/streams/writable:501:10)
    at Writable.write (node:internal/streams/writable:510:10)
    at Console.log (/home/sam/.nvm/versions/node/v20.20.0/lib/node_modules/firebase-tools/node_modules/winston/lib/winston/transports/console.js:87:23)
    at Console._write (/home/sam/.nvm/versions/node/v20.20.0/lib/node_modules/firebase-tools/node_modules/winston-transport/modern.js:103:17)
    at doWrite (/home/sam/.nvm/versions/node/v20.20.0/lib/node_modules/firebase-tools/node_modules/winston-transport/node_modules/readable-stream/lib/_stream_writable.js:390:139)
[error] 
[error] Error: An unexpected error has occurred.
[debug] [2026-03-02T19:06:57.861Z] Error: write EPIPE
    at afterWriteDispatched (node:internal/stream_base_commons:161:15)
    at writeGeneric (node:internal/stream_base_commons:152:3)
    at Socket._writeGeneric (node:net:958:11)
    at Socket._write (node:net:970:8)
    at writeOrBuffer (node:internal/streams/writable:572:12)
    at _write (node:internal/streams/writable:501:10)
    at Writable.write (node:internal/streams/writable:510:10)
    at Console.log (/home/sam/.nvm/versions/node/v20.20.0/lib/node_modules/firebase-tools/node_modules/winston/lib/winston/transports/console.js:87:23)
    at Console._write (/home/sam/.nvm/versions/node/v20.20.0/lib/node_modules/firebase-tools/node_modules/winston-transport/modern.js:103:17)
    at doWrite (/home/sam/.nvm/versions/node/v20.20.0/lib/node_modules/firebase-tools/node_modules/winston-transport/node_modules/readable-stream/lib/_stream_writable.js:390:139)
[error] 
[error] Error: An unexpected error has occurred.
[debug] [2026-03-02T19:06:57.861Z] Error: write EPIPE
    at afterWriteDispatched (node:internal/stream_base_commons:161:15)
    at writeGeneric (node:internal/stream_base_commons:152:3)
    at Socket._writeGeneric (node:net:958:11)
    at Socket._write (node:net:970:8)
    at writeOrBuffer (node:internal/streams/writable:572:12)
    at _write (node:internal/streams/writable:501:10)
    at Writable.write (node:internal/streams/writable:510:10)
    at Console.log (/home/sam/.nvm/versions/node/v20.20.0/lib/node_modules/firebase-tools/node_modules/winston/lib/winston/transports/console.js:87:23)
    at Console._write (/home/sam/.nvm/versions/node/v20.20.0/lib/node_modules/firebase-tools/node_modules/winston-transport/modern.js:103:17)
    at doWrite (/home/sam/.nvm/versions/node/v20.20.0/lib/node_modules/firebase-tools/node_modules/winston-transport/node_modules/readable-stream/lib/_stream_writable.js:390:139)
[error] 
[error] Error: An unexpected error has occurred.
[debug] [2026-03-02T19:06:57.862Z] Error: write EPIPE
    at afterWriteDispatched (node:internal/stream_base_commons:161:15)
    at writeGeneric (node:internal/stream_base_commons:152:3)
    at Socket._writeGeneric (node:net:958:11)
    at Socket._write (node:net:970:8)
    at writeOrBuffer (node:internal/streams/writable:572:12)
    at _write (node:internal/streams/writable:501:10)
    at Writable.write (node:internal/streams/writable:510:10)
    at Console.log (/home/sam/.nvm/versions/node/v20.20.0/lib/node_modules/firebase-tools/node_modules/winston/lib/winston/transports/console.js:87:23)
    at Console._write (/home/sam/.nvm/versions/node/v20.20.0/lib/node_modules/firebase-tools/node_modules/winston-transport/modern.js:103:17)
    at doWrite (/home/sam/.nvm/versions/node/v20.20.0/lib/node_modules/firebase-tools/node_modules/winston-transport/node_modules/readable-stream/lib/_stream_writable.js:390:139)
[error] 
[error] Error: An unexpected error has occurred.
[debug] [2026-03-02T19:06:57.863Z] Error: write EPIPE
    at afterWriteDispatched (node:internal/stream_base_commons:161:15)
    at writeGeneric (node:internal/stream_base_commons:152:3)
    at Socket._writeGeneric (node:net:958:11)
    at Socket._write (node:net:970:8)
    at writeOrBuffer (node:internal/streams/writable:572:12)
    at _write (node:internal/streams/writable:501:10)
    at Writable.write (node:internal/streams/writable:510:10)
    at Console.log (/home/sam/.nvm/versions/node/v20.20.0/lib/node_modules/firebase-tools/node_modules/winston/lib/winston/transports/console.js:87:23)
    at Console._write (/home/sam/.nvm/versions/node/v20.20.0/lib/node_modules/firebase-tools/node_modules/winston-transport/modern.js:103:17)
    at doWrite (/home/sam/.nvm/versions/node/v20.20.0/lib/node_modules/firebase-tools/node_modules/winston-transport/node_modules/readable-stream/lib/_stream_writable.js:390:139)
[error] 
[error] Error: An unexpected error has occurred.
[debug] [2026-03-02T19:06:57.863Z] Error: write EPIPE
    at afterWriteDispatched (node:internal/stream_base_commons:161:15)
    at writeGeneric (node:internal/stream_base_commons:152:3)
    at Socket._writeGeneric (node:net:958:11)
    at Socket._write (node:net:970:8)
    at writeOrBuffer (node:internal/streams/writable:572:12)
    at _write (node:internal/streams/writable:501:10)
    at Writable.write (node:internal/streams/writable:510:10)
    at Console.log (/home/sam/.nvm/versions/node/v20.20.0/lib/node_modules/firebase-tools/node_modules/winston/lib/winston/transports/console.js:87:23)
    at Console._write (/home/sam/.nvm/versions/node/v20.20.0/lib/node_modules/firebase-tools/node_modules/winston-transport/modern.js:103:17)
    at doWrite (/home/sam/.nvm/versions/node/v20.20.0/lib/node_modules/firebase-tools/node_modules/winston-transport/node_modules/readable-stream/lib/_stream_writable.js:390:139)
[error] 
[error] Error: An unexpected error has occurred.
[debug] [2026-03-02T19:06:57.864Z] Error: write EPIPE
    at afterWriteDispatched (node:internal/stream_base_commons:161:15)
    at writeGeneric (node:internal/stream_base_commons:152:3)
    at Socket._writeGeneric (node:net:958:11)
    at Socket._write (node:net:970:8)
    at writeOrBuffer (node:internal/streams/writable:572:12)
    at _write (node:internal/streams/writable:501:10)
    at Writable.write (node:internal/streams/writable:510:10)
    at Console.log (/home/sam/.nvm/versions/node/v20.20.0/lib/node_modules/firebase-tools/node_modules/winston/lib/winston/transports/console.js:87:23)
    at Console._write (/home/sam/.nvm/versions/node/v20.20.0/lib/node_modules/firebase-tools/node_modules/winston-transport/modern.js:103:17)
    at doWrite (/home/sam/.nvm/versions/node/v20.20.0/lib/node_modules/firebase-tools/node_modules/winston-transport/node_modules/readable-stream/lib/_stream_writable.js:390:139)
[error] 
[error] Error: An unexpected error has occurred.
[debug] [2026-03-02T19:06:57.864Z] Error: write EPIPE
    at afterWriteDispatched (node:internal/stream_base_commons:161:15)
    at writeGeneric (node:internal/stream_base_commons:152:3)
    at Socket._writeGeneric (node:net:958:11)
    at Socket._write (node:net:970:8)
    at writeOrBuffer (node:internal/streams/writable:572:12)
    at _write (node:internal/streams/writable:501:10)
    at Writable.write (node:internal/streams/writable:510:10)
    at Console.log (/home/sam/.nvm/versions/node/v20.20.0/lib/node_modules/firebase-tools/node_modules/winston/lib/winston/transports/console.js:87:23)
    at Console._write (/home/sam/.nvm/versions/node/v20.20.0/lib/node_modules/firebase-tools/node_modules/winston-transport/modern.js:103:17)
    at doWrite (/home/sam/.nvm/versions/node/v20.20.0/lib/node_modules/firebase-tools/node_modules/winston-transport/node_modules/readable-stream/lib/_stream_writable.js:390:139)
[error] 
[error] Error: An unexpected error has occurred.
[debug] [2026-03-02T19:06:57.865Z] Error: write EPIPE
    at afterWriteDispatched (node:internal/stream_base_commons:161:15)
    at writeGeneric (node:internal/stream_base_commons:152:3)
    at Socket._writeGeneric (node:net:958:11)
    at Socket._write (node:net:970:8)
    at writeOrBuffer (node:internal/streams/writable:572:12)
    at _write (node:internal/streams/writable:501:10)
    at Writable.write (node:internal/streams/writable:510:10)
    at Console.log (/home/sam/.nvm/versions/node/v20.20.0/lib/node_modules/firebase-tools/node_modules/winston/lib/winston/transports/console.js:87:23)
    at Console._write (/home/sam/.nvm/versions/node/v20.20.0/lib/node_modules/firebase-tools/node_modules/winston-transport/modern.js:103:17)
    at doWrite (/home/sam/.nvm/versions/node/v20.20.0/lib/node_modules/firebase-tools/node_modules/winston-transport/node_modules/readable-stream/lib/_stream_writable.js:390:139)
[error] 
[error] Error: An unexpected error has occurred.
[debug] [2026-03-02T19:06:57.865Z] Error: write EPIPE
    at afterWriteDispatched (node:internal/stream_base_commons:161:15)
    at writeGeneric (node:internal/stream_base_commons:152:3)
    at Socket._writeGeneric (node:net:958:11)
    at Socket._write (node:net:970:8)
    at writeOrBuffer (node:internal/streams/writable:572:12)
    at _write (node:internal/streams/writable:501:10)
    at Writable.write (node:internal/streams/writable:510:10)
    at Console.log (/home/sam/.nvm/versions/node/v20.20.0/lib/node_modules/firebase-tools/node_modules/winston/lib/winston/transports/console.js:87:23)
    at Console._write (/home/sam/.nvm/versions/node/v20.20.0/lib/node_modules/firebase-tools/node_modules/winston-transport/modern.js:103:17)
    at doWrite (/home/sam/.nvm/versions/node/v20.20.0/lib/node_modules/firebase-tools/node_modules/winston-transport/node_modules/readable-stream/lib/_stream_writable.js:390:139)
[error] 
[error] Error: An unexpected error has occurred.
[debug] [2026-03-02T19:06:57.866Z] Error: write EPIPE
    at afterWriteDispatched (node:internal/stream_base_commons:161:15)
    at writeGeneric (node:internal/stream_base_commons:152:3)
    at Socket._writeGeneric (node:net:958:11)
    at Socket._write (node:net:970:8)
    at writeOrBuffer (node:internal/streams/writable:572:12)
    at _write (node:internal/streams/writable:501:10)
    at Writable.write (node:internal/streams/writable:510:10)
    at Console.log (/home/sam/.nvm/versions/node/v20.20.0/lib/node_modules/firebase-tools/node_modules/winston/lib/winston/transports/console.js:87:23)
    at Console._write (/home/sam/.nvm/versions/node/v20.20.0/lib/node_modules/firebase-tools/node_modules/winston-transport/modern.js:103:17)
    at doWrite (/home/sam/.nvm/versions/node/v20.20.0/lib/node_modules/firebase-tools/node_modules/winston-transport/node_modules/readable-stream/lib/_stream_writable.js:390:139)
[error] 
[error] Error: An unexpected error has occurred.
[debug] [2026-03-02T19:06:57.866Z] Error: write EPIPE
    at afterWriteDispatched (node:internal/stream_base_commons:161:15)
    at writeGeneric (node:internal/stream_base_commons:152:3)
    at Socket._writeGeneric (node:net:958:11)
    at Socket._write (node:net:970:8)
    at writeOrBuffer (node:internal/streams/writable:572:12)
    at _write (node:internal/streams/writable:501:10)
    at Writable.write (node:internal/streams/writable:510:10)
    at Console.log (/home/sam/.nvm/versions/node/v20.20.0/lib/node_modules/firebase-tools/node_modules/winston/lib/winston/transports/console.js:87:23)
    at Console._write (/home/sam/.nvm/versions/node/v20.20.0/lib/node_modules/firebase-tools/node_modules/winston-transport/modern.js:103:17)
    at doWrite (/home/sam/.nvm/versions/node/v20.20.0/lib/node_modules/firebase-tools/node_modules/winston-transport/node_modules/readable-stream/lib/_stream_writable.js:390:139)
[error] 
[error] Error: An unexpected error has occurred.
[debug] [2026-03-02T19:06:57.866Z] Error: write EPIPE
    at afterWriteDispatched (node:internal/stream_base_commons:161:15)
    at writeGeneric (node:internal/stream_base_commons:152:3)
    at Socket._writeGeneric (node:net:958:11)
    at Socket._write (node:net:970:8)
    at writeOrBuffer (node:internal/streams/writable:572:12)
    at _write (node:internal/streams/writable:501:10)
    at Writable.write (node:internal/streams/writable:510:10)
    at Console.log (/home/sam/.nvm/versions/node/v20.20.0/lib/node_modules/firebase-tools/node_modules/winston/lib/winston/transports/console.js:87:23)
    at Console._write (/home/sam/.nvm/versions/node/v20.20.0/lib/node_modules/firebase-tools/node_modules/winston-transport/modern.js:103:17)
    at doWrite (/home/sam/.nvm/versions/node/v20.20.0/lib/node_modules/firebase-tools/node_modules/winston-transport/node_modules/readable-stream/lib/_stream_writable.js:390:139)
[error] 
[error] Error: An unexpected error has occurred.
[debug] [2026-03-02T19:06:57.867Z] Error: write EPIPE
    at afterWriteDispatched (node:internal/stream_base_commons:161:15)
    at writeGeneric (node:internal/stream_base_commons:152:3)
    at Socket._writeGeneric (node:net:958:11)
    at Socket._write (node:net:970:8)
    at writeOrBuffer (node:internal/streams/writable:572:12)
    at _write (node:internal/streams/writable:501:10)
    at Writable.write (node:internal/streams/writable:510:10)
    at Console.log (/home/sam/.nvm/versions/node/v20.20.0/lib/node_modules/firebase-tools/node_modules/winston/lib/winston/transports/console.js:87:23)
    at Console._write (/home/sam/.nvm/versions/node/v20.20.0/lib/node_modules/firebase-tools/node_modules/winston-transport/modern.js:103:17)
    at doWrite (/home/sam/.nvm/versions/node/v20.20.0/lib/node_modules/firebase-tools/node_modules/winston-transport/node_modules/readable-stream/lib/_stream_writable.js:390:139)
[error] 
[error] Error: An unexpected error has occurred.
[debug] [2026-03-02T19:06:57.867Z] Error: write EPIPE
    at afterWriteDispatched (node:internal/stream_base_commons:161:15)
    at writeGeneric (node:internal/stream_base_commons:152:3)
    at Socket._writeGeneric (node:net:958:11)
    at Socket._write (node:net:970:8)
    at writeOrBuffer (node:internal/streams/writable:572:12)
    at _write (node:internal/streams/writable:501:10)
    at Writable.write (node:internal/streams/writable:510:10)
    at Console.log (/home/sam/.nvm/versions/node/v20.20.0/lib/node_modules/firebase-tools/node_modules/winston/lib/winston/transports/console.js:87:23)
    at Console._write (/home/sam/.nvm/versions/node/v20.20.0/lib/node_modules/firebase-tools/node_modules/winston-transport/modern.js:103:17)
    at doWrite (/home/sam/.nvm/versions/node/v20.20.0/lib/node_modules/firebase-tools/node_modules/winston-transport/node_modules/readable-stream/lib/_stream_writable.js:390:139)
[error] 
[error] Error: An unexpected error has occurred.
[debug] [2026-03-02T19:06:57.868Z] Error: write EPIPE
    at afterWriteDispatched (node:internal/stream_base_commons:161:15)
    at writeGeneric (node:internal/stream_base_commons:152:3)
    at Socket._writeGeneric (node:net:958:11)
    at Socket._write (node:net:970:8)
    at writeOrBuffer (node:internal/streams/writable:572:12)
    at _write (node:internal/streams/writable:501:10)
    at Writable.write (node:internal/streams/writable:510:10)
    at Console.log (/home/sam/.nvm/versions/node/v20.20.0/lib/node_modules/firebase-tools/node_modules/winston/lib/winston/transports/console.js:87:23)
    at Console._write (/home/sam/.nvm/versions/node/v20.20.0/lib/node_modules/firebase-tools/node_modules/winston-transport/modern.js:103:17)
    at doWrite (/home/sam/.nvm/versions/node/v20.20.0/lib/node_modules/firebase-tools/node_modules/winston-transport/node_modules/readable-stream/lib/_stream_writable.js:390:139)
[error] 
[error] Error: An unexpected error has occurred.
[debug] [2026-03-02T19:06:57.868Z] Error: write EPIPE
    at afterWriteDispatched (node:internal/stream_base_commons:161:15)
    at writeGeneric (node:internal/stream_base_commons:152:3)
    at Socket._writeGeneric (node:net:958:11)
    at Socket._write (node:net:970:8)
    at writeOrBuffer (node:internal/streams/writable:572:12)
    at _write (node:internal/streams/writable:501:10)
    at Writable.write (node:internal/streams/writable:510:10)
    at Console.log (/home/sam/.nvm/versions/node/v20.20.0/lib/node_modules/firebase-tools/node_modules/winston/lib/winston/transports/console.js:87:23)
    at Console._write (/home/sam/.nvm/versions/node/v20.20.0/lib/node_modules/firebase-tools/node_modules/winston-transport/modern.js:103:17)
    at doWrite (/home/sam/.nvm/versions/node/v20.20.0/lib/node_modules/firebase-tools/node_modules/winston-transport/node_modules/readable-stream/lib/_stream_writable.js:390:139)
[error] 
[error] Error: An unexpected error has occurred.
[debug] [2026-03-02T19:06:57.868Z] Error: write EPIPE
    at afterWriteDispatched (node:internal/stream_base_commons:161:15)
    at writeGeneric (node:internal/stream_base_commons:152:3)
    at Socket._writeGeneric (node:net:958:11)
    at Socket._write (node:net:970:8)
    at writeOrBuffer (node:internal/streams/writable:572:12)
    at _write (node:internal/streams/writable:501:10)
    at Writable.write (node:internal/streams/writable:510:10)
    at Console.log (/home/sam/.nvm/versions/node/v20.20.0/lib/node_modules/firebase-tools/node_modules/winston/lib/winston/transports/console.js:87:23)
    at Console._write (/home/sam/.nvm/versions/node/v20.20.0/lib/node_modules/firebase-tools/node_modules/winston-transport/modern.js:103:17)
    at doWrite (/home/sam/.nvm/versions/node/v20.20.0/lib/node_modules/firebase-tools/node_modules/winston-transport/node_modules/readable-stream/lib/_stream_writable.js:390:139)
[error] 
[error] Error: An unexpected error has occurred.
[debug] [2026-03-02T19:06:57.869Z] Error: write EPIPE
    at afterWriteDispatched (node:internal/stream_base_commons:161:15)
    at writeGeneric (node:internal/stream_base_commons:152:3)
    at Socket._writeGeneric (node:net:958:11)
    at Socket._write (node:net:970:8)
    at writeOrBuffer (node:internal/streams/writable:572:12)
    at _write (node:internal/streams/writable:501:10)
    at Writable.write (node:internal/streams/writable:510:10)
    at Console.log (/home/sam/.nvm/versions/node/v20.20.0/lib/node_modules/firebase-tools/node_modules/winston/lib/winston/transports/console.js:87:23)
    at Console._write (/home/sam/.nvm/versions/node/v20.20.0/lib/node_modules/firebase-tools/node_modules/winston-transport/modern.js:103:17)
    at doWrite (/home/sam/.nvm/versions/node/v20.20.0/lib/node_modules/firebase-tools/node_modules/winston-transport/node_modules/readable-stream/lib/_stream_writable.js:390:139)
[error] 
[error] Error: An unexpected error has occurred.
[debug] [2026-03-02T19:06:57.869Z] Error: write EPIPE
    at afterWriteDispatched (node:internal/stream_base_commons:161:15)
    at writeGeneric (node:internal/stream_base_commons:152:3)
    at Socket._writeGeneric (node:net:958:11)
    at Socket._write (node:net:970:8)
    at writeOrBuffer (node:internal/streams/writable:572:12)
    at _write (node:internal/streams/writable:501:10)
    at Writable.write (node:internal/streams/writable:510:10)
    at Console.log (/home/sam/.nvm/versions/node/v20.20.0/lib/node_modules/firebase-tools/node_modules/winston/lib/winston/transports/console.js:87:23)
    at Console._write (/home/sam/.nvm/versions/node/v20.20.0/lib/node_modules/firebase-tools/node_modules/winston-transport/modern.js:103:17)
    at doWrite (/home/sam/.nvm/versions/node/v20.20.0/lib/node_modules/firebase-tools/node_modules/winston-transport/node_modules/readable-stream/lib/_stream_writable.js:390:139)
[error] 
[error] Error: An unexpected error has occurred.
[debug] [2026-03-02T19:06:57.870Z] Error: write EPIPE
    at afterWriteDispatched (node:internal/stream_base_commons:161:15)
    at writeGeneric (node:internal/stream_base_commons:152:3)
    at Socket._writeGeneric (node:net:958:11)
    at Socket._write (node:net:970:8)
    at writeOrBuffer (node:internal/streams/writable:572:12)
    at _write (node:internal/streams/writable:501:10)
    at Writable.write (node:internal/streams/writable:510:10)
    at Console.log (/home/sam/.nvm/versions/node/v20.20.0/lib/node_modules/firebase-tools/node_modules/winston/lib/winston/transports/console.js:87:23)
    at Console._write (/home/sam/.nvm/versions/node/v20.20.0/lib/node_modules/firebase-tools/node_modules/winston-transport/modern.js:103:17)
    at doWrite (/home/sam/.nvm/versions/node/v20.20.0/lib/node_modules/firebase-tools/node_modules/winston-transport/node_modules/readable-stream/lib/_stream_writable.js:390:139)
[error] 
[error] Error: An unexpected error has occurred.
[debug] [2026-03-02T19:06:57.870Z] Error: write EPIPE
    at afterWriteDispatched (node:internal/stream_base_commons:161:15)
    at writeGeneric (node:internal/stream_base_commons:152:3)
    at Socket._writeGeneric (node:net:958:11)
    at Socket._write (node:net:970:8)
    at writeOrBuffer (node:internal/streams/writable:572:12)
    at _write (node:internal/streams/writable:501:10)
    at Writable.write (node:internal/streams/writable:510:10)
    at Console.log (/home/sam/.nvm/versions/node/v20.20.0/lib/node_modules/firebase-tools/node_modules/winston/lib/winston/transports/console.js:87:23)
    at Console._write (/home/sam/.nvm/versions/node/v20.20.0/lib/node_modules/firebase-tools/node_modules/winston-transport/modern.js:103:17)
    at doWrite (/home/sam/.nvm/versions/node/v20.20.0/lib/node_modules/firebase-tools/node_modules/winston-transport/node_modules/readable-stream/lib/_stream_writable.js:390:139)
[error] 
[error] Error: An unexpected error has occurred.
[debug] [2026-03-02T19:06:57.871Z] Error: write EPIPE
    at afterWriteDispatched (node:internal/stream_base_commons:161:15)
    at writeGeneric (node:internal/stream_base_commons:152:3)
    at Socket._writeGeneric (node:net:958:11)
    at Socket._write (node:net:970:8)
    at writeOrBuffer (node:internal/streams/writable:572:12)
    at _write (node:internal/streams/writable:501:10)
    at Writable.write (node:internal/streams/writable:510:10)
    at Console.log (/home/sam/.nvm/versions/node/v20.20.0/lib/node_modules/firebase-tools/node_modules/winston/lib/winston/transports/console.js:87:23)
    at Console._write (/home/sam/.nvm/versions/node/v20.20.0/lib/node_modules/firebase-tools/node_modules/winston-transport/modern.js:103:17)
    at doWrite (/home/sam/.nvm/versions/node/v20.20.0/lib/node_modules/firebase-tools/node_modules/winston-transport/node_modules/readable-stream/lib/_stream_writable.js:390:139)
[error] 
[error] Error: An unexpected error has occurred.
[debug] [2026-03-02T19:06:57.871Z] Error: write EPIPE
    at afterWriteDispatched (node:internal/stream_base_commons:161:15)
    at writeGeneric (node:internal/stream_base_commons:152:3)
    at Socket._writeGeneric (node:net:958:11)
    at Socket._write (node:net:970:8)
    at writeOrBuffer (node:internal/streams/writable:572:12)
    at _write (node:internal/streams/writable:501:10)
    at Writable.write (node:internal/streams/writable:510:10)
    at Console.log (/home/sam/.nvm/versions/node/v20.20.0/lib/node_modules/firebase-tools/node_modules/winston/lib/winston/transports/console.js:87:23)
    at Console._write (/home/sam/.nvm/versions/node/v20.20.0/lib/node_modules/firebase-tools/node_modules/winston-transport/modern.js:103:17)
    at doWrite (/home/sam/.nvm/versions/node/v20.20.0/lib/node_modules/firebase-tools/node_modules/winston-transport/node_modules/readable-stream/lib/_stream_writable.js:390:139)
[error] 
[error] Error: An unexpected error has occurred.
[debug] [2026-03-02T19:06:57.871Z] Error: write EPIPE
    at afterWriteDispatched (node:internal/stream_base_commons:161:15)
    at writeGeneric (node:internal/stream_base_commons:152:3)
    at Socket._writeGeneric (node:net:958:11)
    at Socket._write (node:net:970:8)
    at writeOrBuffer (node:internal/streams/writable:572:12)
    at _write (node:internal/streams/writable:501:10)
    at Writable.write (node:internal/streams/writable:510:10)
    at Console.log (/home/sam/.nvm/versions/node/v20.20.0/lib/node_modules/firebase-tools/node_modules/winston/lib/winston/transports/console.js:87:23)
    at Console._write (/home/sam/.nvm/versions/node/v20.20.0/lib/node_modules/firebase-tools/node_modules/winston-transport/modern.js:103:17)
    at doWrite (/home/sam/.nvm/versions/node/v20.20.0/lib/node_modules/firebase-tools/node_modules/winston-transport/node_modules/readable-stream/lib/_stream_writable.js:390:139)
[error] 
[error] Error: An unexpected error has occurred.
[debug] [2026-03-02T19:06:57.872Z] Error: write EPIPE
    at afterWriteDispatched (node:internal/stream_base_commons:161:15)
    at writeGeneric (node:internal/stream_base_commons:152:3)
    at Socket._writeGeneric (node:net:958:11)
    at Socket._write (node:net:970:8)
    at writeOrBuffer (node:internal/streams/writable:572:12)
    at _write (node:internal/streams/writable:501:10)
    at Writable.write (node:internal/streams/writable:510:10)
    at Console.log (/home/sam/.nvm/versions/node/v20.20.0/lib/node_modules/firebase-tools/node_modules/winston/lib/winston/transports/console.js:87:23)
    at Console._write (/home/sam/.nvm/versions/node/v20.20.0/lib/node_modules/firebase-tools/node_modules/winston-transport/modern.js:103:17)
    at doWrite (/home/sam/.nvm/versions/node/v20.20.0/lib/node_modules/firebase-tools/node_modules/winston-transport/node_modules/readable-stream/lib/_stream_writable.js:390:139)
[error] 
[error] Error: An unexpected error has occurred.
[debug] [2026-03-02T19:06:57.872Z] Error: write EPIPE
    at afterWriteDispatched (node:internal/stream_base_commons:161:15)
    at writeGeneric (node:internal/stream_base_commons:152:3)
    at Socket._writeGeneric (node:net:958:11)
    at Socket._write (node:net:970:8)
    at writeOrBuffer (node:internal/streams/writable:572:12)
    at _write (node:internal/streams/writable:501:10)
    at Writable.write (node:internal/streams/writable:510:10)
    at Console.log (/home/sam/.nvm/versions/node/v20.20.0/lib/node_modules/firebase-tools/node_modules/winston/lib/winston/transports/console.js:87:23)
    at Console._write (/home/sam/.nvm/versions/node/v20.20.0/lib/node_modules/firebase-tools/node_modules/winston-transport/modern.js:103:17)
    at doWrite (/home/sam/.nvm/versions/node/v20.20.0/lib/node_modules/firebase-tools/node_modules/winston-transport/node_modules/readable-stream/lib/_stream_writable.js:390:139)
[error] 
[error] Error: An unexpected error has occurred.
[debug] [2026-03-02T19:06:57.872Z] Error: write EPIPE
    at afterWriteDispatched (node:internal/stream_base_commons:161:15)
    at writeGeneric (node:internal/stream_base_commons:152:3)
    at Socket._writeGeneric (node:net:958:11)
    at Socket._write (node:net:970:8)
    at writeOrBuffer (node:internal/streams/writable:572:12)
    at _write (node:internal/streams/writable:501:10)
    at Writable.write (node:internal/streams/writable:510:10)
    at Console.log (/home/sam/.nvm/versions/node/v20.20.0/lib/node_modules/firebase-tools/node_modules/winston/lib/winston/transports/console.js:87:23)
    at Console._write (/home/sam/.nvm/versions/node/v20.20.0/lib/node_modules/firebase-tools/node_modules/winston-transport/modern.js:103:17)
    at doWrite (/home/sam/.nvm/versions/node/v20.20.0/lib/node_modules/firebase-tools/node_modules/winston-transport/node_modules/readable-stream/lib/_stream_writable.js:390:139)
[error] 
[error] Error: An unexpected error has occurred.
[debug] [2026-03-02T19:06:57.873Z] Error: write EPIPE
    at afterWriteDispatched (node:internal/stream_base_commons:161:15)
    at writeGeneric (node:internal/stream_base_commons:152:3)
    at Socket._writeGeneric (node:net:958:11)
    at Socket._write (node:net:970:8)
    at writeOrBuffer (node:internal/streams/writable:572:12)
    at _write (node:internal/streams/writable:501:10)
    at Writable.write (node:internal/streams/writable:510:10)
    at Console.log (/home/sam/.nvm/versions/node/v20.20.0/lib/node_modules/firebase-tools/node_modules/winston/lib/winston/transports/console.js:87:23)
    at Console._write (/home/sam/.nvm/versions/node/v20.20.0/lib/node_modules/firebase-tools/node_modules/winston-transport/modern.js:103:17)
    at doWrite (/home/sam/.nvm/versions/node/v20.20.0/lib/node_modules/firebase-tools/node_modules/winston-transport/node_modules/readable-stream/lib/_stream_writable.js:390:139)
[error] 
[error] Error: An unexpected error has occurred.
[debug] [2026-03-02T19:06:57.876Z] Error: write EPIPE
    at afterWriteDispatched (node:internal/stream_base_commons:161:15)
    at writeGeneric (node:internal/stream_base_commons:152:3)
    at Socket._writeGeneric (node:net:958:11)
    at Socket._write (node:net:970:8)
    at writeOrBuffer (node:internal/streams/writable:572:12)
    at _write (node:internal/streams/writable:501:10)
    at Writable.write (node:internal/streams/writable:510:10)
    at Console.log (/home/sam/.nvm/versions/node/v20.20.0/lib/node_modules/firebase-tools/node_modules/winston/lib/winston/transports/console.js:87:23)
    at Console._write (/home/sam/.nvm/versions/node/v20.20.0/lib/node_modules/firebase-tools/node_modules/winston-transport/modern.js:103:17)
    at doWrite (/home/sam/.nvm/versions/node/v20.20.0/lib/node_modules/firebase-tools/node_modules/winston-transport/node_modules/readable-stream/lib/_stream_writable.js:390:139)
[error] 
[error] Error: An unexpected error has occurred.
[debug] [2026-03-02T19:06:57.877Z] Error: write EPIPE
    at afterWriteDispatched (node:internal/stream_base_commons:161:15)
    at writeGeneric (node:internal/stream_base_commons:152:3)
    at Socket._writeGeneric (node:net:958:11)
    at Socket._write (node:net:970:8)
    at writeOrBuffer (node:internal/streams/writable:572:12)
    at _write (node:internal/streams/writable:501:10)
    at Writable.write (node:internal/streams/writable:510:10)
    at Console.log (/home/sam/.nvm/versions/node/v20.20.0/lib/node_modules/firebase-tools/node_modules/winston/lib/winston/transports/console.js:87:23)
    at Console._write (/home/sam/.nvm/versions/node/v20.20.0/lib/node_modules/firebase-tools/node_modules/winston-transport/modern.js:103:17)
    at doWrite (/home/sam/.nvm/versions/node/v20.20.0/lib/node_modules/firebase-tools/node_modules/winston-transport/node_modules/readable-stream/lib/_stream_writable.js:390:139)
[error] 
[error] Error: An unexpected error has occurred.
[debug] [2026-03-02T19:06:57.877Z] Error: write EPIPE
    at afterWriteDispatched (node:internal/stream_base_commons:161:15)
    at writeGeneric (node:internal/stream_base_commons:152:3)
    at Socket._writeGeneric (node:net:958:11)
    at Socket._write (node:net:970:8)
    at writeOrBuffer (node:internal/streams/writable:572:12)
    at _write (node:internal/streams/writable:501:10)
    at Writable.write (node:internal/streams/writable:510:10)
    at Console.log (/home/sam/.nvm/versions/node/v20.20.0/lib/node_modules/firebase-tools/node_modules/winston/lib/winston/transports/console.js:87:23)
    at Console._write (/home/sam/.nvm/versions/node/v20.20.0/lib/node_modules/firebase-tools/node_modules/winston-transport/modern.js:103:17)
    at doWrite (/home/sam/.nvm/versions/node/v20.20.0/lib/node_modules/firebase-tools/node_modules/winston-transport/node_modules/readable-stream/lib/_stream_writable.js:390:139)
[error] 
[error] Error: An unexpected error has occurred.
[debug] [2026-03-02T19:06:57.878Z] Error: write EPIPE
    at afterWriteDispatched (node:internal/stream_base_commons:161:15)
    at writeGeneric (node:internal/stream_base_commons:152:3)
    at Socket._writeGeneric (node:net:958:11)
    at Socket._write (node:net:970:8)
    at writeOrBuffer (node:internal/streams/writable:572:12)
    at _write (node:internal/streams/writable:501:10)
    at Writable.write (node:internal/streams/writable:510:10)
    at Console.log (/home/sam/.nvm/versions/node/v20.20.0/lib/node_modules/firebase-tools/node_modules/winston/lib/winston/transports/console.js:87:23)
    at Console._write (/home/sam/.nvm/versions/node/v20.20.0/lib/node_modules/firebase-tools/node_modules/winston-transport/modern.js:103:17)
    at doWrite (/home/sam/.nvm/versions/node/v20.20.0/lib/node_modules/firebase-tools/node_modules/winston-transport/node_modules/readable-stream/lib/_stream_writable.js:390:139)
[error] 
[error] Error: An unexpected error has occurred.
[debug] [2026-03-02T19:06:57.878Z] Error: write EPIPE
    at afterWriteDispatched (node:internal/stream_base_commons:161:15)
    at writeGeneric (node:internal/stream_base_commons:152:3)
    at Socket._writeGeneric (node:net:958:11)
    at Socket._write (node:net:970:8)
    at writeOrBuffer (node:internal/streams/writable:572:12)
    at _write (node:internal/streams/writable:501:10)
    at Writable.write (node:internal/streams/writable:510:10)
    at Console.log (/home/sam/.nvm/versions/node/v20.20.0/lib/node_modules/firebase-tools/node_modules/winston/lib/winston/transports/console.js:87:23)
    at Console._write (/home/sam/.nvm/versions/node/v20.20.0/lib/node_modules/firebase-tools/node_modules/winston-transport/modern.js:103:17)
    at doWrite (/home/sam/.nvm/versions/node/v20.20.0/lib/node_modules/firebase-tools/node_modules/winston-transport/node_modules/readable-stream/lib/_stream_writable.js:390:139)
[error] 
[error] Error: An unexpected error has occurred.
[debug] [2026-03-02T19:06:57.878Z] Error: write EPIPE
    at afterWriteDispatched (node:internal/stream_base_commons:161:15)
    at writeGeneric (node:internal/stream_base_commons:152:3)
    at Socket._writeGeneric (node:net:958:11)
    at Socket._write (node:net:970:8)
    at writeOrBuffer (node:internal/streams/writable:572:12)
    at _write (node:internal/streams/writable:501:10)
    at Writable.write (node:internal/streams/writable:510:10)
    at Console.log (/home/sam/.nvm/versions/node/v20.20.0/lib/node_modules/firebase-tools/node_modules/winston/lib/winston/transports/console.js:87:23)
    at Console._write (/home/sam/.nvm/versions/node/v20.20.0/lib/node_modules/firebase-tools/node_modules/winston-transport/modern.js:103:17)
    at doWrite (/home/sam/.nvm/versions/node/v20.20.0/lib/node_modules/firebase-tools/node_modules/winston-transport/node_modules/readable-stream/lib/_stream_writable.js:390:139)
[error] 
[error] Error: An unexpected error has occurred.
[debug] [2026-03-02T19:06:57.879Z] Error: write EPIPE
    at afterWriteDispatched (node:internal/stream_base_commons:161:15)
    at writeGeneric (node:internal/stream_base_commons:152:3)
    at Socket._writeGeneric (node:net:958:11)
    at Socket._write (node:net:970:8)
    at writeOrBuffer (node:internal/streams/writable:572:12)
    at _write (node:internal/streams/writable:501:10)
    at Writable.write (node:internal/streams/writable:510:10)
    at Console.log (/home/sam/.nvm/versions/node/v20.20.0/lib/node_modules/firebase-tools/node_modules/winston/lib/winston/transports/console.js:87:23)
    at Console._write (/home/sam/.nvm/versions/node/v20.20.0/lib/node_modules/firebase-tools/node_modules/winston-transport/modern.js:103:17)
    at doWrite (/home/sam/.nvm/versions/node/v20.20.0/lib/node_modules/firebase-tools/node_modules/winston-transport/node_modules/readable-stream/lib/_stream_writable.js:390:139)
[error] 
[error] Error: An unexpected error has occurred.
[debug] [2026-03-02T19:06:57.879Z] Error: write EPIPE
    at afterWriteDispatched (node:internal/stream_base_commons:161:15)
    at writeGeneric (node:internal/stream_base_commons:152:3)
    at Socket._writeGeneric (node:net:958:11)
    at Socket._write (node:net:970:8)
    at writeOrBuffer (node:internal/streams/writable:572:12)
    at _write (node:internal/streams/writable:501:10)
    at Writable.write (node:internal/streams/writable:510:10)
    at Console.log (/home/sam/.nvm/versions/node/v20.20.0/lib/node_modules/firebase-tools/node_modules/winston/lib/winston/transports/console.js:87:23)
    at Console._write (/home/sam/.nvm/versions/node/v20.20.0/lib/node_modules/firebase-tools/node_modules/winston-transport/modern.js:103:17)
    at doWrite (/home/sam/.nvm/versions/node/v20.20.0/lib/node_modules/firebase-tools/node_modules/winston-transport/node_modules/readable-stream/lib/_stream_writable.js:390:139)
[error] 
[error] Error: An unexpected error has occurred.
[debug] [2026-03-02T19:06:57.880Z] Error: write EPIPE
    at afterWriteDispatched (node:internal/stream_base_commons:161:15)
    at writeGeneric (node:internal/stream_base_commons:152:3)
    at Socket._writeGeneric (node:net:958:11)
    at Socket._write (node:net:970:8)
    at writeOrBuffer (node:internal/streams/writable:572:12)
    at _write (node:internal/streams/writable:501:10)
    at Writable.write (node:internal/streams/writable:510:10)
    at Console.log (/home/sam/.nvm/versions/node/v20.20.0/lib/node_modules/firebase-tools/node_modules/winston/lib/winston/transports/console.js:87:23)
    at Console._write (/home/sam/.nvm/versions/node/v20.20.0/lib/node_modules/firebase-tools/node_modules/winston-transport/modern.js:103:17)
    at doWrite (/home/sam/.nvm/versions/node/v20.20.0/lib/node_modules/firebase-tools/node_modules/winston-transport/node_modules/readable-stream/lib/_stream_writable.js:390:139)
[error] 
[error] Error: An unexpected error has occurred.
[debug] [2026-03-02T19:06:57.880Z] Error: write EPIPE
    at afterWriteDispatched (node:internal/stream_base_commons:161:15)
    at writeGeneric (node:internal/stream_base_commons:152:3)
    at Socket._writeGeneric (node:net:958:11)
    at Socket._write (node:net:970:8)
    at writeOrBuffer (node:internal/streams/writable:572:12)
    at _write (node:internal/streams/writable:501:10)
    at Writable.write (node:internal/streams/writable:510:10)
    at Console.log (/home/sam/.nvm/versions/node/v20.20.0/lib/node_modules/firebase-tools/node_modules/winston/lib/winston/transports/console.js:87:23)
    at Console._write (/home/sam/.nvm/versions/node/v20.20.0/lib/node_modules/firebase-tools/node_modules/winston-transport/modern.js:103:17)
    at doWrite (/home/sam/.nvm/versions/node/v20.20.0/lib/node_modules/firebase-tools/node_modules/winston-transport/node_modules/readable-stream/lib/_stream_writable.js:390:139)
[error] 
[error] Error: An unexpected error has occurred.
[debug] [2026-03-02T19:06:57.880Z] Error: write EPIPE
    at afterWriteDispatched (node:internal/stream_base_commons:161:15)
    at writeGeneric (node:internal/stream_base_commons:152:3)
    at Socket._writeGeneric (node:net:958:11)
    at Socket._write (node:net:970:8)
    at writeOrBuffer (node:internal/streams/writable:572:12)
    at _write (node:internal/streams/writable:501:10)
    at Writable.write (node:internal/streams/writable:510:10)
    at Console.log (/home/sam/.nvm/versions/node/v20.20.0/lib/node_modules/firebase-tools/node_modules/winston/lib/winston/transports/console.js:87:23)
    at Console._write (/home/sam/.nvm/versions/node/v20.20.0/lib/node_modules/firebase-tools/node_modules/winston-transport/modern.js:103:17)
    at doWrite (/home/sam/.nvm/versions/node/v20.20.0/lib/node_modules/firebase-tools/node_modules/winston-transport/node_modules/readable-stream/lib/_stream_writable.js:390:139)
[error] 
[error] Error: An unexpected error has occurred.
[debug] [2026-03-02T19:06:57.881Z] Error: write EPIPE
    at afterWriteDispatched (node:internal/stream_base_commons:161:15)
    at writeGeneric (node:internal/stream_base_commons:152:3)
    at Socket._writeGeneric (node:net:958:11)
    at Socket._write (node:net:970:8)
    at writeOrBuffer (node:internal/streams/writable:572:12)
    at _write (node:internal/streams/writable:501:10)
    at Writable.write (node:internal/streams/writable:510:10)
    at Console.log (/home/sam/.nvm/versions/node/v20.20.0/lib/node_modules/firebase-tools/node_modules/winston/lib/winston/transports/console.js:87:23)
    at Console._write (/home/sam/.nvm/versions/node/v20.20.0/lib/node_modules/firebase-tools/node_modules/winston-transport/modern.js:103:17)
    at doWrite (/home/sam/.nvm/versions/node/v20.20.0/lib/node_modules/firebase-tools/node_modules/winston-transport/node_modules/readable-stream/lib/_stream_writable.js:390:139)
[error] 
[error] Error: An unexpected error has occurred.
[debug] [2026-03-02T19:06:57.881Z] Error: write EPIPE
    at afterWriteDispatched (node:internal/stream_base_commons:161:15)
    at writeGeneric (node:internal/stream_base_commons:152:3)
    at Socket._writeGeneric (node:net:958:11)
    at Socket._write (node:net:970:8)
    at writeOrBuffer (node:internal/streams/writable:572:12)
    at _write (node:internal/streams/writable:501:10)
    at Writable.write (node:internal/streams/writable:510:10)
    at Console.log (/home/sam/.nvm/versions/node/v20.20.0/lib/node_modules/firebase-tools/node_modules/winston/lib/winston/transports/console.js:87:23)
    at Console._write (/home/sam/.nvm/versions/node/v20.20.0/lib/node_modules/firebase-tools/node_modules/winston-transport/modern.js:103:17)
    at doWrite (/home/sam/.nvm/versions/node/v20.20.0/lib/node_modules/firebase-tools/node_modules/winston-transport/node_modules/readable-stream/lib/_stream_writable.js:390:139)
[error] 
[error] Error: An unexpected error has occurred.
[debug] [2026-03-02T19:06:57.881Z] Error: write EPIPE
    at afterWriteDispatched (node:internal/stream_base_commons:161:15)
    at writeGeneric (node:internal/stream_base_commons:152:3)
    at Socket._writeGeneric (node:net:958:11)
    at Socket._write (node:net:970:8)
    at writeOrBuffer (node:internal/streams/writable:572:12)
    at _write (node:internal/streams/writable:501:10)
    at Writable.write (node:internal/streams/writable:510:10)
    at Console.log (/home/sam/.nvm/versions/node/v20.20.0/lib/node_modules/firebase-tools/node_modules/winston/lib/winston/transports/console.js:87:23)
    at Console._write (/home/sam/.nvm/versions/node/v20.20.0/lib/node_modules/firebase-tools/node_modules/winston-transport/modern.js:103:17)
    at doWrite (/home/sam/.nvm/versions/node/v20.20.0/lib/node_modules/firebase-tools/node_modules/winston-transport/node_modules/readable-stream/lib/_stream_writable.js:390:139)
[error] 
[error] Error: An unexpected error has occurred.
[debug] [2026-03-02T19:06:57.882Z] Error: write EPIPE
    at afterWriteDispatched (node:internal/stream_base_commons:161:15)
    at writeGeneric (node:internal/stream_base_commons:152:3)
    at Socket._writeGeneric (node:net:958:11)
    at Socket._write (node:net:970:8)
    at writeOrBuffer (node:internal/streams/writable:572:12)
    at _write (node:internal/streams/writable:501:10)
    at Writable.write (node:internal/streams/writable:510:10)
    at Console.log (/home/sam/.nvm/versions/node/v20.20.0/lib/node_modules/firebase-tools/node_modules/winston/lib/winston/transports/console.js:87:23)
    at Console._write (/home/sam/.nvm/versions/node/v20.20.0/lib/node_modules/firebase-tools/node_modules/winston-transport/modern.js:103:17)
    at doWrite (/home/sam/.nvm/versions/node/v20.20.0/lib/node_modules/firebase-tools/node_modules/winston-transport/node_modules/readable-stream/lib/_stream_writable.js:390:139)
[error] 
[error] Error: An unexpected error has occurred.
[debug] [2026-03-02T19:06:57.882Z] Error: write EPIPE
    at afterWriteDispatched (node:internal/stream_base_commons:161:15)
    at writeGeneric (node:internal/stream_base_commons:152:3)
    at Socket._writeGeneric (node:net:958:11)
    at Socket._write (node:net:970:8)
    at writeOrBuffer (node:internal/streams/writable:572:12)
    at _write (node:internal/streams/writable:501:10)
    at Writable.write (node:internal/streams/writable:510:10)
    at Console.log (/home/sam/.nvm/versions/node/v20.20.0/lib/node_modules/firebase-tools/node_modules/winston/lib/winston/transports/console.js:87:23)
    at Console._write (/home/sam/.nvm/versions/node/v20.20.0/lib/node_modules/firebase-tools/node_modules/winston-transport/modern.js:103:17)
    at doWrite (/home/sam/.nvm/versions/node/v20.20.0/lib/node_modules/firebase-tools/node_modules/winston-transport/node_modules/readable-stream/lib/_stream_writable.js:390:139)
[error] 
[error] Error: An unexpected error has occurred.
[debug] [2026-03-02T19:06:57.882Z] Error: write EPIPE
    at afterWriteDispatched (node:internal/stream_base_commons:161:15)
    at writeGeneric (node:internal/stream_base_commons:152:3)
    at Socket._writeGeneric (node:net:958:11)
    at Socket._write (node:net:970:8)
    at writeOrBuffer (node:internal/streams/writable:572:12)
    at _write (node:internal/streams/writable:501:10)
    at Writable.write (node:internal/streams/writable:510:10)
    at Console.log (/home/sam/.nvm/versions/node/v20.20.0/lib/node_modules/firebase-tools/node_modules/winston/lib/winston/transports/console.js:87:23)
    at Console._write (/home/sam/.nvm/versions/node/v20.20.0/lib/node_modules/firebase-tools/node_modules/winston-transport/modern.js:103:17)
    at doWrite (/home/sam/.nvm/versions/node/v20.20.0/lib/node_modules/firebase-tools/node_modules/winston-transport/node_modules/readable-stream/lib/_stream_writable.js:390:139)
[error] 
[error] Error: An unexpected error has occurred.
[debug] [2026-03-02T19:06:57.884Z] Error: write EPIPE
    at afterWriteDispatched (node:internal/stream_base_commons:161:15)
    at writeGeneric (node:internal/stream_base_commons:152:3)
    at Socket._writeGeneric (node:net:958:11)
    at Socket._write (node:net:970:8)
    at writeOrBuffer (node:internal/streams/writable:572:12)
    at _write (node:internal/streams/writable:501:10)
    at Writable.write (node:internal/streams/writable:510:10)
    at Console.log (/home/sam/.nvm/versions/node/v20.20.0/lib/node_modules/firebase-tools/node_modules/winston/lib/winston/transports/console.js:87:23)
    at Console._write (/home/sam/.nvm/versions/node/v20.20.0/lib/node_modules/firebase-tools/node_modules/winston-transport/modern.js:103:17)
    at doWrite (/home/sam/.nvm/versions/node/v20.20.0/lib/node_modules/firebase-tools/node_modules/winston-transport/node_modules/readable-stream/lib/_stream_writable.js:390:139)
[error] 
[error] Error: An unexpected error has occurred.
[debug] [2026-03-02T19:06:57.885Z] Error: write EPIPE
    at afterWriteDispatched (node:internal/stream_base_commons:161:15)
    at writeGeneric (node:internal/stream_base_commons:152:3)
    at Socket._writeGeneric (node:net:958:11)
    at Socket._write (node:net:970:8)
    at writeOrBuffer (node:internal/streams/writable:572:12)
    at _write (node:internal/streams/writable:501:10)
    at Writable.write (node:internal/streams/writable:510:10)
    at Console.log (/home/sam/.nvm/versions/node/v20.20.0/lib/node_modules/firebase-tools/node_modules/winston/lib/winston/transports/console.js:87:23)
    at Console._write (/home/sam/.nvm/versions/node/v20.20.0/lib/node_modules/firebase-tools/node_modules/winston-transport/modern.js:103:17)
    at doWrite (/home/sam/.nvm/versions/node/v20.20.0/lib/node_modules/firebase-tools/node_modules/winston-transport/node_modules/readable-stream/lib/_stream_writable.js:390:139)
[error] 
[error] Error: An unexpected error has occurred.
[debug] [2026-03-02T19:06:57.885Z] Error: write EPIPE
    at afterWriteDispatched (node:internal/stream_base_commons:161:15)
    at writeGeneric (node:internal/stream_base_commons:152:3)
    at Socket._writeGeneric (node:net:958:11)
    at Socket._write (node:net:970:8)
    at writeOrBuffer (node:internal/streams/writable:572:12)
    at _write (node:internal/streams/writable:501:10)
    at Writable.write (node:internal/streams/writable:510:10)
    at Console.log (/home/sam/.nvm/versions/node/v20.20.0/lib/node_modules/firebase-tools/node_modules/winston/lib/winston/transports/console.js:87:23)
    at Console._write (/home/sam/.nvm/versions/node/v20.20.0/lib/node_modules/firebase-tools/node_modules/winston-transport/modern.js:103:17)
    at doWrite (/home/sam/.nvm/versions/node/v20.20.0/lib/node_modules/firebase-tools/node_modules/winston-transport/node_modules/readable-stream/lib/_stream_writable.js:390:139)
[error] 
[error] Error: An unexpected error has occurred.
[debug] [2026-03-02T19:06:57.886Z] Error: write EPIPE
    at afterWriteDispatched (node:internal/stream_base_commons:161:15)
    at writeGeneric (node:internal/stream_base_commons:152:3)
    at Socket._writeGeneric (node:net:958:11)
    at Socket._write (node:net:970:8)
    at writeOrBuffer (node:internal/streams/writable:572:12)
    at _write (node:internal/streams/writable:501:10)
    at Writable.write (node:internal/streams/writable:510:10)
    at Console.log (/home/sam/.nvm/versions/node/v20.20.0/lib/node_modules/firebase-tools/node_modules/winston/lib/winston/transports/console.js:87:23)
    at Console._write (/home/sam/.nvm/versions/node/v20.20.0/lib/node_modules/firebase-tools/node_modules/winston-transport/modern.js:103:17)
    at doWrite (/home/sam/.nvm/versions/node/v20.20.0/lib/node_modules/firebase-tools/node_modules/winston-transport/node_modules/readable-stream/lib/_stream_writable.js:390:139)
[error] 
[error] Error: An unexpected error has occurred.
[debug] [2026-03-02T19:06:57.886Z] Error: write EPIPE
    at afterWriteDispatched (node:internal/stream_base_commons:161:15)
    at writeGeneric (node:internal/stream_base_commons:152:3)
    at Socket._writeGeneric (node:net:958:11)
    at Socket._write (node:net:970:8)
    at writeOrBuffer (node:internal/streams/writable:572:12)
    at _write (node:internal/streams/writable:501:10)
    at Writable.write (node:internal/streams/writable:510:10)
    at Console.log (/home/sam/.nvm/versions/node/v20.20.0/lib/node_modules/firebase-tools/node_modules/winston/lib/winston/transports/console.js:87:23)
    at Console._write (/home/sam/.nvm/versions/node/v20.20.0/lib/node_modules/firebase-tools/node_modules/winston-transport/modern.js:103:17)
    at doWrite (/home/sam/.nvm/versions/node/v20.20.0/lib/node_modules/firebase-tools/node_modules/winston-transport/node_modules/readable-stream/lib/_stream_writable.js:390:139)
[error] 
[error] Error: An unexpected error has occurred.
[debug] [2026-03-02T19:06:57.887Z] Error: write EPIPE
    at afterWriteDispatched (node:internal/stream_base_commons:161:15)
    at writeGeneric (node:internal/stream_base_commons:152:3)
    at Socket._writeGeneric (node:net:958:11)
    at Socket._write (node:net:970:8)
    at writeOrBuffer (node:internal/streams/writable:572:12)
    at _write (node:internal/streams/writable:501:10)
    at Writable.write (node:internal/streams/writable:510:10)
    at Console.log (/home/sam/.nvm/versions/node/v20.20.0/lib/node_modules/firebase-tools/node_modules/winston/lib/winston/transports/console.js:87:23)
    at Console._write (/home/sam/.nvm/versions/node/v20.20.0/lib/node_modules/firebase-tools/node_modules/winston-transport/modern.js:103:17)
    at doWrite (/home/sam/.nvm/versions/node/v20.20.0/lib/node_modules/firebase-tools/node_modules/winston-transport/node_modules/readable-stream/lib/_stream_writable.js:390:139)
[error] 
[error] Error: An unexpected error has occurred.
[debug] [2026-03-02T19:06:57.887Z] Error: write EPIPE
    at afterWriteDispatched (node:internal/stream_base_commons:161:15)
    at writeGeneric (node:internal/stream_base_commons:152:3)
    at Socket._writeGeneric (node:net:958:11)
    at Socket._write (node:net:970:8)
    at writeOrBuffer (node:internal/streams/writable:572:12)
    at _write (node:internal/streams/writable:501:10)
    at Writable.write (node:internal/streams/writable:510:10)
    at Console.log (/home/sam/.nvm/versions/node/v20.20.0/lib/node_modules/firebase-tools/node_modules/winston/lib/winston/transports/console.js:87:23)
    at Console._write (/home/sam/.nvm/versions/node/v20.20.0/lib/node_modules/firebase-tools/node_modules/winston-transport/modern.js:103:17)
    at doWrite (/home/sam/.nvm/versions/node/v20.20.0/lib/node_modules/firebase-tools/node_modules/winston-transport/node_modules/readable-stream/lib/_stream_writable.js:390:139)
[error] 
[error] Error: An unexpected error has occurred.
[debug] [2026-03-02T19:06:57.888Z] Error: write EPIPE
    at afterWriteDispatched (node:internal/stream_base_commons:161:15)
    at writeGeneric (node:internal/stream_base_commons:152:3)
    at Socket._writeGeneric (node:net:958:11)
    at Socket._write (node:net:970:8)
    at writeOrBuffer (node:internal/streams/writable:572:12)
    at _write (node:internal/streams/writable:501:10)
    at Writable.write (node:internal/streams/writable:510:10)
    at Console.log (/home/sam/.nvm/versions/node/v20.20.0/lib/node_modules/firebase-tools/node_modules/winston/lib/winston/transports/console.js:87:23)
    at Console._write (/home/sam/.nvm/versions/node/v20.20.0/lib/node_modules/firebase-tools/node_modules/winston-transport/modern.js:103:17)
    at doWrite (/home/sam/.nvm/versions/node/v20.20.0/lib/node_modules/firebase-tools/node_modules/winston-transport/node_modules/readable-stream/lib/_stream_writable.js:390:139)
[error] 
[error] Error: An unexpected error has occurred.
[debug] [2026-03-02T19:06:57.888Z] Error: write EPIPE
    at afterWriteDispatched (node:internal/stream_base_commons:161:15)
    at writeGeneric (node:internal/stream_base_commons:152:3)
    at Socket._writeGeneric (node:net:958:11)
    at Socket._write (node:net:970:8)
    at writeOrBuffer (node:internal/streams/writable:572:12)
    at _write (node:internal/streams/writable:501:10)
    at Writable.write (node:internal/streams/writable:510:10)
    at Console.log (/home/sam/.nvm/versions/node/v20.20.0/lib/node_modules/firebase-tools/node_modules/winston/lib/winston/transports/console.js:87:23)
    at Console._write (/home/sam/.nvm/versions/node/v20.20.0/lib/node_modules/firebase-tools/node_modules/winston-transport/modern.js:103:17)
    at doWrite (/home/sam/.nvm/versions/node/v20.20.0/lib/node_modules/firebase-tools/node_modules/winston-transport/node_modules/readable-stream/lib/_stream_writable.js:390:139)
[error] 
[error] Error: An unexpected error has occurred.
[debug] [2026-03-02T19:06:57.889Z] Error: write EPIPE
    at afterWriteDispatched (node:internal/stream_base_commons:161:15)
    at writeGeneric (node:internal/stream_base_commons:152:3)
    at Socket._writeGeneric (node:net:958:11)
    at Socket._write (node:net:970:8)
    at writeOrBuffer (node:internal/streams/writable:572:12)
    at _write (node:internal/streams/writable:501:10)
    at Writable.write (node:internal/streams/writable:510:10)
    at Console.log (/home/sam/.nvm/versions/node/v20.20.0/lib/node_modules/firebase-tools/node_modules/winston/lib/winston/transports/console.js:87:23)
    at Console._write (/home/sam/.nvm/versions/node/v20.20.0/lib/node_modules/firebase-tools/node_modules/winston-transport/modern.js:103:17)
    at doWrite (/home/sam/.nvm/versions/node/v20.20.0/lib/node_modules/firebase-tools/node_modules/winston-transport/node_modules/readable-stream/lib/_stream_writable.js:390:139)
[error] 
[error] Error: An unexpected error has occurred.
[debug] [2026-03-02T19:06:57.890Z] Error: write EPIPE
    at afterWriteDispatched (node:internal/stream_base_commons:161:15)
    at writeGeneric (node:internal/stream_base_commons:152:3)
    at Socket._writeGeneric (node:net:958:11)
    at Socket._write (node:net:970:8)
    at writeOrBuffer (node:internal/streams/writable:572:12)
    at _write (node:internal/streams/writable:501:10)
    at Writable.write (node:internal/streams/writable:510:10)
    at Console.log (/home/sam/.nvm/versions/node/v20.20.0/lib/node_modules/firebase-tools/node_modules/winston/lib/winston/transports/console.js:87:23)
    at Console._write (/home/sam/.nvm/versions/node/v20.20.0/lib/node_modules/firebase-tools/node_modules/winston-transport/modern.js:103:17)
    at doWrite (/home/sam/.nvm/versions/node/v20.20.0/lib/node_modules/firebase-tools/node_modules/winston-transport/node_modules/readable-stream/lib/_stream_writable.js:390:139)
[error] 
[error] Error: An unexpected error has occurred.
[debug] [2026-03-02T19:06:57.891Z] Error: write EPIPE
    at afterWriteDispatched (node:internal/stream_base_commons:161:15)
    at writeGeneric (node:internal/stream_base_commons:152:3)
    at Socket._writeGeneric (node:net:958:11)
    at Socket._write (node:net:970:8)
    at writeOrBuffer (node:internal/streams/writable:572:12)
    at _write (node:internal/streams/writable:501:10)
    at Writable.write (node:internal/streams/writable:510:10)
    at Console.log (/home/sam/.nvm/versions/node/v20.20.0/lib/node_modules/firebase-tools/node_modules/winston/lib/winston/transports/console.js:87:23)
    at Console._write (/home/sam/.nvm/versions/node/v20.20.0/lib/node_modules/firebase-tools/node_modules/winston-transport/modern.js:103:17)
    at doWrite (/home/sam/.nvm/versions/node/v20.20.0/lib/node_modules/firebase-tools/node_modules/winston-transport/node_modules/readable-stream/lib/_stream_writable.js:390:139)
[error] 
[error] Error: An unexpected error has occurred.
[debug] [2026-03-02T19:06:57.891Z] Error: write EPIPE
    at afterWriteDispatched (node:internal/stream_base_commons:161:15)
    at writeGeneric (node:internal/stream_base_commons:152:3)
    at Socket._writeGeneric (node:net:958:11)
    at Socket._write (node:net:970:8)
    at writeOrBuffer (node:internal/streams/writable:572:12)
    at _write (node:internal/streams/writable:501:10)
    at Writable.write (node:internal/streams/writable:510:10)
    at Console.log (/home/sam/.nvm/versions/node/v20.20.0/lib/node_modules/firebase-tools/node_modules/winston/lib/winston/transports/console.js:87:23)
    at Console._write (/home/sam/.nvm/versions/node/v20.20.0/lib/node_modules/firebase-tools/node_modules/winston-transport/modern.js:103:17)
    at doWrite (/home/sam/.nvm/versions/node/v20.20.0/lib/node_modules/firebase-tools/node_modules/winston-transport/node_modules/readable-stream/lib/_stream_writable.js:390:139)
[error] 
[error] Error: An unexpected error has occurred.
[debug] [2026-03-02T19:06:57.892Z] Error: write EPIPE
    at afterWriteDispatched (node:internal/stream_base_commons:161:15)
    at writeGeneric (node:internal/stream_base_commons:152:3)
    at Socket._writeGeneric (node:net:958:11)
    at Socket._write (node:net:970:8)
    at writeOrBuffer (node:internal/streams/writable:572:12)
    at _write (node:internal/streams/writable:501:10)
    at Writable.write (node:internal/streams/writable:510:10)
    at Console.log (/home/sam/.nvm/versions/node/v20.20.0/lib/node_modules/firebase-tools/node_modules/winston/lib/winston/transports/console.js:87:23)
    at Console._write (/home/sam/.nvm/versions/node/v20.20.0/lib/node_modules/firebase-tools/node_modules/winston-transport/modern.js:103:17)
    at doWrite (/home/sam/.nvm/versions/node/v20.20.0/lib/node_modules/firebase-tools/node_modules/winston-transport/node_modules/readable-stream/lib/_stream_writable.js:390:139)
[error] 
[error] Error: An unexpected error has occurred.
[debug] [2026-03-02T19:06:57.892Z] Error: write EPIPE
    at afterWriteDispatched (node:internal/stream_base_commons:161:15)
    at writeGeneric (node:internal/stream_base_commons:152:3)
    at Socket._writeGeneric (node:net:958:11)
    at Socket._write (node:net:970:8)
    at writeOrBuffer (node:internal/streams/writable:572:12)
    at _write (node:internal/streams/writable:501:10)
    at Writable.write (node:internal/streams/writable:510:10)
    at Console.log (/home/sam/.nvm/versions/node/v20.20.0/lib/node_modules/firebase-tools/node_modules/winston/lib/winston/transports/console.js:87:23)
    at Console._write (/home/sam/.nvm/versions/node/v20.20.0/lib/node_modules/firebase-tools/node_modules/winston-transport/modern.js:103:17)
    at doWrite (/home/sam/.nvm/versions/node/v20.20.0/lib/node_modules/firebase-tools/node_modules/winston-transport/node_modules/readable-stream/lib/_stream_writable.js:390:139)
[error] 
[error] Error: An unexpected error has occurred.
[debug] [2026-03-02T19:06:57.893Z] Error: write EPIPE
    at afterWriteDispatched (node:internal/stream_base_commons:161:15)
    at writeGeneric (node:internal/stream_base_commons:152:3)
    at Socket._writeGeneric (node:net:958:11)
    at Socket._write (node:net:970:8)
    at writeOrBuffer (node:internal/streams/writable:572:12)
    at _write (node:internal/streams/writable:501:10)
    at Writable.write (node:internal/streams/writable:510:10)
    at Console.log (/home/sam/.nvm/versions/node/v20.20.0/lib/node_modules/firebase-tools/node_modules/winston/lib/winston/transports/console.js:87:23)
    at Console._write (/home/sam/.nvm/versions/node/v20.20.0/lib/node_modules/firebase-tools/node_modules/winston-transport/modern.js:103:17)
    at doWrite (/home/sam/.nvm/versions/node/v20.20.0/lib/node_modules/firebase-tools/node_modules/winston-transport/node_modules/readable-stream/lib/_stream_writable.js:390:139)
[error] 
[error] Error: An unexpected error has occurred.
[debug] [2026-03-02T19:06:57.893Z] Error: write EPIPE
    at afterWriteDispatched (node:internal/stream_base_commons:161:15)
    at writeGeneric (node:internal/stream_base_commons:152:3)
    at Socket._writeGeneric (node:net:958:11)
    at Socket._write (node:net:970:8)
    at writeOrBuffer (node:internal/streams/writable:572:12)
    at _write (node:internal/streams/writable:501:10)
    at Writable.write (node:internal/streams/writable:510:10)
    at Console.log (/home/sam/.nvm/versions/node/v20.20.0/lib/node_modules/firebase-tools/node_modules/winston/lib/winston/transports/console.js:87:23)
    at Console._write (/home/sam/.nvm/versions/node/v20.20.0/lib/node_modules/firebase-tools/node_modules/winston-transport/modern.js:103:17)
    at doWrite (/home/sam/.nvm/versions/node/v20.20.0/lib/node_modules/firebase-tools/node_modules/winston-transport/node_modules/readable-stream/lib/_stream_writable.js:390:139)
[error] 
[error] Error: An unexpected error has occurred.
[debug] [2026-03-02T19:06:57.896Z] Error: write EPIPE
    at afterWriteDispatched (node:internal/stream_base_commons:161:15)
    at writeGeneric (node:internal/stream_base_commons:152:3)
    at Socket._writeGeneric (node:net:958:11)
    at Socket._write (node:net:970:8)
    at writeOrBuffer (node:internal/streams/writable:572:12)
    at _write (node:internal/streams/writable:501:10)
    at Writable.write (node:internal/streams/writable:510:10)
    at Console.log (/home/sam/.nvm/versions/node/v20.20.0/lib/node_modules/firebase-tools/node_modules/winston/lib/winston/transports/console.js:87:23)
    at Console._write (/home/sam/.nvm/versions/node/v20.20.0/lib/node_modules/firebase-tools/node_modules/winston-transport/modern.js:103:17)
    at doWrite (/home/sam/.nvm/versions/node/v20.20.0/lib/node_modules/firebase-tools/node_modules/winston-transport/node_modules/readable-stream/lib/_stream_writable.js:390:139)
[error] 
[error] Error: An unexpected error has occurred.
[debug] [2026-03-02T19:06:57.897Z] Error: write EPIPE
    at afterWriteDispatched (node:internal/stream_base_commons:161:15)
    at writeGeneric (node:internal/stream_base_commons:152:3)
    at Socket._writeGeneric (node:net:958:11)
    at Socket._write (node:net:970:8)
    at writeOrBuffer (node:internal/streams/writable:572:12)
    at _write (node:internal/streams/writable:501:10)
    at Writable.write (node:internal/streams/writable:510:10)
    at Console.log (/home/sam/.nvm/versions/node/v20.20.0/lib/node_modules/firebase-tools/node_modules/winston/lib/winston/transports/console.js:87:23)
    at Console._write (/home/sam/.nvm/versions/node/v20.20.0/lib/node_modules/firebase-tools/node_modules/winston-transport/modern.js:103:17)
    at doWrite (/home/sam/.nvm/versions/node/v20.20.0/lib/node_modules/firebase-tools/node_modules/winston-transport/node_modules/readable-stream/lib/_stream_writable.js:390:139)
[error] 
[error] Error: An unexpected error has occurred.
[debug] [2026-03-02T19:06:57.898Z] Error: write EPIPE
    at afterWriteDispatched (node:internal/stream_base_commons:161:15)
    at writeGeneric (node:internal/stream_base_commons:152:3)
    at Socket._writeGeneric (node:net:958:11)
    at Socket._write (node:net:970:8)
    at writeOrBuffer (node:internal/streams/writable:572:12)
    at _write (node:internal/streams/writable:501:10)
    at Writable.write (node:internal/streams/writable:510:10)
    at Console.log (/home/sam/.nvm/versions/node/v20.20.0/lib/node_modules/firebase-tools/node_modules/winston/lib/winston/transports/console.js:87:23)
    at Console._write (/home/sam/.nvm/versions/node/v20.20.0/lib/node_modules/firebase-tools/node_modules/winston-transport/modern.js:103:17)
    at doWrite (/home/sam/.nvm/versions/node/v20.20.0/lib/node_modules/firebase-tools/node_modules/winston-transport/node_modules/readable-stream/lib/_stream_writable.js:390:139)
[error] 
[error] Error: An unexpected error has occurred.
[debug] [2026-03-02T19:06:57.899Z] Error: write EPIPE
    at afterWriteDispatched (node:internal/stream_base_commons:161:15)
    at writeGeneric (node:internal/stream_base_commons:152:3)
    at Socket._writeGeneric (node:net:958:11)
    at Socket._write (node:net:970:8)
    at writeOrBuffer (node:internal/streams/writable:572:12)
    at _write (node:internal/streams/writable:501:10)
    at Writable.write (node:internal/streams/writable:510:10)
    at Console.log (/home/sam/.nvm/versions/node/v20.20.0/lib/node_modules/firebase-tools/node_modules/winston/lib/winston/transports/console.js:87:23)
    at Console._write (/home/sam/.nvm/versions/node/v20.20.0/lib/node_modules/firebase-tools/node_modules/winston-transport/modern.js:103:17)
    at doWrite (/home/sam/.nvm/versions/node/v20.20.0/lib/node_modules/firebase-tools/node_modules/winston-transport/node_modules/readable-stream/lib/_stream_writable.js:390:139)
[error] 
[error] Error: An unexpected error has occurred.
[debug] [2026-03-02T19:06:57.899Z] Error: write EPIPE
    at afterWriteDispatched (node:internal/stream_base_commons:161:15)
    at writeGeneric (node:internal/stream_base_commons:152:3)
    at Socket._writeGeneric (node:net:958:11)
    at Socket._write (node:net:970:8)
    at writeOrBuffer (node:internal/streams/writable:572:12)
    at _write (node:internal/streams/writable:501:10)
    at Writable.write (node:internal/streams/writable:510:10)
    at Console.log (/home/sam/.nvm/versions/node/v20.20.0/lib/node_modules/firebase-tools/node_modules/winston/lib/winston/transports/console.js:87:23)
    at Console._write (/home/sam/.nvm/versions/node/v20.20.0/lib/node_modules/firebase-tools/node_modules/winston-transport/modern.js:103:17)
    at doWrite (/home/sam/.nvm/versions/node/v20.20.0/lib/node_modules/firebase-tools/node_modules/winston-transport/node_modules/readable-stream/lib/_stream_writable.js:390:139)
[error] 
[error] Error: An unexpected error has occurred.
[debug] [2026-03-02T19:06:57.900Z] Error: write EPIPE
    at afterWriteDispatched (node:internal/stream_base_commons:161:15)
    at writeGeneric (node:internal/stream_base_commons:152:3)
    at Socket._writeGeneric (node:net:958:11)
    at Socket._write (node:net:970:8)
    at writeOrBuffer (node:internal/streams/writable:572:12)
    at _write (node:internal/streams/writable:501:10)
    at Writable.write (node:internal/streams/writable:510:10)
    at Console.log (/home/sam/.nvm/versions/node/v20.20.0/lib/node_modules/firebase-tools/node_modules/winston/lib/winston/transports/console.js:87:23)
    at Console._write (/home/sam/.nvm/versions/node/v20.20.0/lib/node_modules/firebase-tools/node_modules/winston-transport/modern.js:103:17)
    at doWrite (/home/sam/.nvm/versions/node/v20.20.0/lib/node_modules/firebase-tools/node_modules/winston-transport/node_modules/readable-stream/lib/_stream_writable.js:390:139)
[error] 
[error] Error: An unexpected error has occurred.
[debug] [2026-03-02T19:06:57.900Z] Error: write EPIPE
    at afterWriteDispatched (node:internal/stream_base_commons:161:15)
    at writeGeneric (node:internal/stream_base_commons:152:3)
    at Socket._writeGeneric (node:net:958:11)
    at Socket._write (node:net:970:8)
    at writeOrBuffer (node:internal/streams/writable:572:12)
    at _write (node:internal/streams/writable:501:10)
    at Writable.write (node:internal/streams/writable:510:10)
    at Console.log (/home/sam/.nvm/versions/node/v20.20.0/lib/node_modules/firebase-tools/node_modules/winston/lib/winston/transports/console.js:87:23)
    at Console._write (/home/sam/.nvm/versions/node/v20.20.0/lib/node_modules/firebase-tools/node_modules/winston-transport/modern.js:103:17)
    at doWrite (/home/sam/.nvm/versions/node/v20.20.0/lib/node_modules/firebase-tools/node_modules/winston-transport/node_modules/readable-stream/lib/_stream_writable.js:390:139)
[error] 
[error] Error: An unexpected error has occurred.
[debug] [2026-03-02T19:06:57.900Z] Error: write EPIPE
    at afterWriteDispatched (node:internal/stream_base_commons:161:15)
    at writeGeneric (node:internal/stream_base_commons:152:3)
    at Socket._writeGeneric (node:net:958:11)
    at Socket._write (node:net:970:8)
    at writeOrBuffer (node:internal/streams/writable:572:12)
    at _write (node:internal/streams/writable:501:10)
    at Writable.write (node:internal/streams/writable:510:10)
    at Console.log (/home/sam/.nvm/versions/node/v20.20.0/lib/node_modules/firebase-tools/node_modules/winston/lib/winston/transports/console.js:87:23)
    at Console._write (/home/sam/.nvm/versions/node/v20.20.0/lib/node_modules/firebase-tools/node_modules/winston-transport/modern.js:103:17)
    at doWrite (/home/sam/.nvm/versions/node/v20.20.0/lib/node_modules/firebase-tools/node_modules/winston-transport/node_modules/readable-stream/lib/_stream_writable.js:390:139)
[error] 
[error] Error: An unexpected error has occurred.
[debug] [2026-03-02T19:06:57.901Z] Error: write EPIPE
    at afterWriteDispatched (node:internal/stream_base_commons:161:15)
    at writeGeneric (node:internal/stream_base_commons:152:3)
    at Socket._writeGeneric (node:net:958:11)
    at Socket._write (node:net:970:8)
    at writeOrBuffer (node:internal/streams/writable:572:12)
    at _write (node:internal/streams/writable:501:10)
    at Writable.write (node:internal/streams/writable:510:10)
    at Console.log (/home/sam/.nvm/versions/node/v20.20.0/lib/node_modules/firebase-tools/node_modules/winston/lib/winston/transports/console.js:87:23)
    at Console._write (/home/sam/.nvm/versions/node/v20.20.0/lib/node_modules/firebase-tools/node_modules/winston-transport/modern.js:103:17)
    at doWrite (/home/sam/.nvm/versions/node/v20.20.0/lib/node_modules/firebase-tools/node_modules/winston-transport/node_modules/readable-stream/lib/_stream_writable.js:390:139)
[error] 
[error] Error: An unexpected error has occurred.
[debug] [2026-03-02T19:06:57.901Z] Error: write EPIPE
    at afterWriteDispatched (node:internal/stream_base_commons:161:15)
    at writeGeneric (node:internal/stream_base_commons:152:3)
    at Socket._writeGeneric (node:net:958:11)
    at Socket._write (node:net:970:8)
    at writeOrBuffer (node:internal/streams/writable:572:12)
    at _write (node:internal/streams/writable:501:10)
    at Writable.write (node:internal/streams/writable:510:10)
    at Console.log (/home/sam/.nvm/versions/node/v20.20.0/lib/node_modules/firebase-tools/node_modules/winston/lib/winston/transports/console.js:87:23)
    at Console._write (/home/sam/.nvm/versions/node/v20.20.0/lib/node_modules/firebase-tools/node_modules/winston-transport/modern.js:103:17)
    at doWrite (/home/sam/.nvm/versions/node/v20.20.0/lib/node_modules/firebase-tools/node_modules/winston-transport/node_modules/readable-stream/lib/_stream_writable.js:390:139)
[error] 
[error] Error: An unexpected error has occurred.
[debug] [2026-03-02T19:06:57.901Z] Error: write EPIPE
    at afterWriteDispatched (node:internal/stream_base_commons:161:15)
    at writeGeneric (node:internal/stream_base_commons:152:3)
    at Socket._writeGeneric (node:net:958:11)
    at Socket._write (node:net:970:8)
    at writeOrBuffer (node:internal/streams/writable:572:12)
    at _write (node:internal/streams/writable:501:10)
    at Writable.write (node:internal/streams/writable:510:10)
    at Console.log (/home/sam/.nvm/versions/node/v20.20.0/lib/node_modules/firebase-tools/node_modules/winston/lib/winston/transports/console.js:87:23)
    at Console._write (/home/sam/.nvm/versions/node/v20.20.0/lib/node_modules/firebase-tools/node_modules/winston-transport/modern.js:103:17)
    at doWrite (/home/sam/.nvm/versions/node/v20.20.0/lib/node_modules/firebase-tools/node_modules/winston-transport/node_modules/readable-stream/lib/_stream_writable.js:390:139)
[error] 
[error] Error: An unexpected error has occurred.
[debug] [2026-03-02T19:06:57.902Z] Error: write EPIPE
    at afterWriteDispatched (node:internal/stream_base_commons:161:15)
    at writeGeneric (node:internal/stream_base_commons:152:3)
    at Socket._writeGeneric (node:net:958:11)
    at Socket._write (node:net:970:8)
    at writeOrBuffer (node:internal/streams/writable:572:12)
    at _write (node:internal/streams/writable:501:10)
    at Writable.write (node:internal/streams/writable:510:10)
    at Console.log (/home/sam/.nvm/versions/node/v20.20.0/lib/node_modules/firebase-tools/node_modules/winston/lib/winston/transports/console.js:87:23)
    at Console._write (/home/sam/.nvm/versions/node/v20.20.0/lib/node_modules/firebase-tools/node_modules/winston-transport/modern.js:103:17)
    at doWrite (/home/sam/.nvm/versions/node/v20.20.0/lib/node_modules/firebase-tools/node_modules/winston-transport/node_modules/readable-stream/lib/_stream_writable.js:390:139)
[error] 
[error] Error: An unexpected error has occurred.
[debug] [2026-03-02T19:06:57.902Z] Error: write EPIPE
    at afterWriteDispatched (node:internal/stream_base_commons:161:15)
    at writeGeneric (node:internal/stream_base_commons:152:3)
    at Socket._writeGeneric (node:net:958:11)
    at Socket._write (node:net:970:8)
    at writeOrBuffer (node:internal/streams/writable:572:12)
    at _write (node:internal/streams/writable:501:10)
    at Writable.write (node:internal/streams/writable:510:10)
    at Console.log (/home/sam/.nvm/versions/node/v20.20.0/lib/node_modules/firebase-tools/node_modules/winston/lib/winston/transports/console.js:87:23)
    at Console._write (/home/sam/.nvm/versions/node/v20.20.0/lib/node_modules/firebase-tools/node_modules/winston-transport/modern.js:103:17)
    at doWrite (/home/sam/.nvm/versions/node/v20.20.0/lib/node_modules/firebase-tools/node_modules/winston-transport/node_modules/readable-stream/lib/_stream_writable.js:390:139)
[error] 
[error] Error: An unexpected error has occurred.
[debug] [2026-03-02T19:06:57.902Z] Error: write EPIPE
    at afterWriteDispatched (node:internal/stream_base_commons:161:15)
    at writeGeneric (node:internal/stream_base_commons:152:3)
    at Socket._writeGeneric (node:net:958:11)
    at Socket._write (node:net:970:8)
    at writeOrBuffer (node:internal/streams/writable:572:12)
    at _write (node:internal/streams/writable:501:10)
    at Writable.write (node:internal/streams/writable:510:10)
    at Console.log (/home/sam/.nvm/versions/node/v20.20.0/lib/node_modules/firebase-tools/node_modules/winston/lib/winston/transports/console.js:87:23)
    at Console._write (/home/sam/.nvm/versions/node/v20.20.0/lib/node_modules/firebase-tools/node_modules/winston-transport/modern.js:103:17)
    at doWrite (/home/sam/.nvm/versions/node/v20.20.0/lib/node_modules/firebase-tools/node_modules/winston-transport/node_modules/readable-stream/lib/_stream_writable.js:390:139)
[error] 
[error] Error: An unexpected error has occurred.
[debug] [2026-03-02T19:06:57.902Z] Error: write EPIPE
    at afterWriteDispatched (node:internal/stream_base_commons:161:15)
    at writeGeneric (node:internal/stream_base_commons:152:3)
    at Socket._writeGeneric (node:net:958:11)
    at Socket._write (node:net:970:8)
    at writeOrBuffer (node:internal/streams/writable:572:12)
    at _write (node:internal/streams/writable:501:10)
    at Writable.write (node:internal/streams/writable:510:10)
    at Console.log (/home/sam/.nvm/versions/node/v20.20.0/lib/node_modules/firebase-tools/node_modules/winston/lib/winston/transports/console.js:87:23)
    at Console._write (/home/sam/.nvm/versions/node/v20.20.0/lib/node_modules/firebase-tools/node_modules/winston-transport/modern.js:103:17)
    at doWrite (/home/sam/.nvm/versions/node/v20.20.0/lib/node_modules/firebase-tools/node_modules/winston-transport/node_modules/readable-stream/lib/_stream_writable.js:390:139)
[error] 
[error] Error: An unexpected error has occurred.
[debug] [2026-03-02T19:06:57.903Z] Error: write EPIPE
    at afterWriteDispatched (node:internal/stream_base_commons:161:15)
    at writeGeneric (node:internal/stream_base_commons:152:3)
    at Socket._writeGeneric (node:net:958:11)
    at Socket._write (node:net:970:8)
    at writeOrBuffer (node:internal/streams/writable:572:12)
    at _write (node:internal/streams/writable:501:10)
    at Writable.write (node:internal/streams/writable:510:10)
    at Console.log (/home/sam/.nvm/versions/node/v20.20.0/lib/node_modules/firebase-tools/node_modules/winston/lib/winston/transports/console.js:87:23)
    at Console._write (/home/sam/.nvm/versions/node/v20.20.0/lib/node_modules/firebase-tools/node_modules/winston-transport/modern.js:103:17)
    at doWrite (/home/sam/.nvm/versions/node/v20.20.0/lib/node_modules/firebase-tools/node_modules/winston-transport/node_modules/readable-stream/lib/_stream_writable.js:390:139)
[error] 
[error] Error: An unexpected error has occurred.
[debug] [2026-03-02T19:06:57.903Z] Error: write EPIPE
    at afterWriteDispatched (node:internal/stream_base_commons:161:15)
    at writeGeneric (node:internal/stream_base_commons:152:3)
    at Socket._writeGeneric (node:net:958:11)
    at Socket._write (node:net:970:8)
    at writeOrBuffer (node:internal/streams/writable:572:12)
    at _write (node:internal/streams/writable:501:10)
    at Writable.write (node:internal/streams/writable:510:10)
    at Console.log (/home/sam/.nvm/versions/node/v20.20.0/lib/node_modules/firebase-tools/node_modules/winston/lib/winston/transports/console.js:87:23)
    at Console._write (/home/sam/.nvm/versions/node/v20.20.0/lib/node_modules/firebase-tools/node_modules/winston-transport/modern.js:103:17)
    at doWrite (/home/sam/.nvm/versions/node/v20.20.0/lib/node_modules/firebase-tools/node_modules/winston-transport/node_modules/readable-stream/lib/_stream_writable.js:390:139)
[error] 
[error] Error: An unexpected error has occurred.
[debug] [2026-03-02T19:06:57.905Z] Error: write EPIPE
    at afterWriteDispatched (node:internal/stream_base_commons:161:15)
    at writeGeneric (node:internal/stream_base_commons:152:3)
    at Socket._writeGeneric (node:net:958:11)
    at Socket._write (node:net:970:8)
    at writeOrBuffer (node:internal/streams/writable:572:12)
    at _write (node:internal/streams/writable:501:10)
    at Writable.write (node:internal/streams/writable:510:10)
    at Console.log (/home/sam/.nvm/versions/node/v20.20.0/lib/node_modules/firebase-tools/node_modules/winston/lib/winston/transports/console.js:87:23)
    at Console._write (/home/sam/.nvm/versions/node/v20.20.0/lib/node_modules/firebase-tools/node_modules/winston-transport/modern.js:103:17)
    at doWrite (/home/sam/.nvm/versions/node/v20.20.0/lib/node_modules/firebase-tools/node_modules/winston-transport/node_modules/readable-stream/lib/_stream_writable.js:390:139)
[error] 
[error] Error: An unexpected error has occurred.
[debug] [2026-03-02T19:06:57.905Z] Error: write EPIPE
    at afterWriteDispatched (node:internal/stream_base_commons:161:15)
    at writeGeneric (node:internal/stream_base_commons:152:3)
    at Socket._writeGeneric (node:net:958:11)
    at Socket._write (node:net:970:8)
    at writeOrBuffer (node:internal/streams/writable:572:12)
    at _write (node:internal/streams/writable:501:10)
    at Writable.write (node:internal/streams/writable:510:10)
    at Console.log (/home/sam/.nvm/versions/node/v20.20.0/lib/node_modules/firebase-tools/node_modules/winston/lib/winston/transports/console.js:87:23)
    at Console._write (/home/sam/.nvm/versions/node/v20.20.0/lib/node_modules/firebase-tools/node_modules/winston-transport/modern.js:103:17)
    at doWrite (/home/sam/.nvm/versions/node/v20.20.0/lib/node_modules/firebase-tools/node_modules/winston-transport/node_modules/readable-stream/lib/_stream_writable.js:390:139)
[error] 
[error] Error: An unexpected error has occurred.
[debug] [2026-03-02T19:06:57.906Z] Error: write EPIPE
    at afterWriteDispatched (node:internal/stream_base_commons:161:15)
    at writeGeneric (node:internal/stream_base_commons:152:3)
    at Socket._writeGeneric (node:net:958:11)
    at Socket._write (node:net:970:8)
    at writeOrBuffer (node:internal/streams/writable:572:12)
    at _write (node:internal/streams/writable:501:10)
    at Writable.write (node:internal/streams/writable:510:10)
    at Console.log (/home/sam/.nvm/versions/node/v20.20.0/lib/node_modules/firebase-tools/node_modules/winston/lib/winston/transports/console.js:87:23)
    at Console._write (/home/sam/.nvm/versions/node/v20.20.0/lib/node_modules/firebase-tools/node_modules/winston-transport/modern.js:103:17)
    at doWrite (/home/sam/.nvm/versions/node/v20.20.0/lib/node_modules/firebase-tools/node_modules/winston-transport/node_modules/readable-stream/lib/_stream_writable.js:390:139)
[error] 
[error] Error: An unexpected error has occurred.
[debug] [2026-03-02T19:06:57.906Z] Error: write EPIPE
    at afterWriteDispatched (node:internal/stream_base_commons:161:15)
    at writeGeneric (node:internal/stream_base_commons:152:3)
    at Socket._writeGeneric (node:net:958:11)
    at Socket._write (node:net:970:8)
    at writeOrBuffer (node:internal/streams/writable:572:12)
    at _write (node:internal/streams/writable:501:10)
    at Writable.write (node:internal/streams/writable:510:10)
    at Console.log (/home/sam/.nvm/versions/node/v20.20.0/lib/node_modules/firebase-tools/node_modules/winston/lib/winston/transports/console.js:87:23)
    at Console._write (/home/sam/.nvm/versions/node/v20.20.0/lib/node_modules/firebase-tools/node_modules/winston-transport/modern.js:103:17)
    at doWrite (/home/sam/.nvm/versions/node/v20.20.0/lib/node_modules/firebase-tools/node_modules/winston-transport/node_modules/readable-stream/lib/_stream_writable.js:390:139)
[error] 
[error] Error: An unexpected error has occurred.
[debug] [2026-03-02T19:06:57.907Z] Error: write EPIPE
    at afterWriteDispatched (node:internal/stream_base_commons:161:15)
    at writeGeneric (node:internal/stream_base_commons:152:3)
    at Socket._writeGeneric (node:net:958:11)
    at Socket._write (node:net:970:8)
    at writeOrBuffer (node:internal/streams/writable:572:12)
    at _write (node:internal/streams/writable:501:10)
    at Writable.write (node:internal/streams/writable:510:10)
    at Console.log (/home/sam/.nvm/versions/node/v20.20.0/lib/node_modules/firebase-tools/node_modules/winston/lib/winston/transports/console.js:87:23)
    at Console._write (/home/sam/.nvm/versions/node/v20.20.0/lib/node_modules/firebase-tools/node_modules/winston-transport/modern.js:103:17)
    at doWrite (/home/sam/.nvm/versions/node/v20.20.0/lib/node_modules/firebase-tools/node_modules/winston-transport/node_modules/readable-stream/lib/_stream_writable.js:390:139)
[error] 
[error] Error: An unexpected error has occurred.
[debug] [2026-03-02T19:06:57.907Z] Error: write EPIPE
    at afterWriteDispatched (node:internal/stream_base_commons:161:15)
    at writeGeneric (node:internal/stream_base_commons:152:3)
    at Socket._writeGeneric (node:net:958:11)
    at Socket._write (node:net:970:8)
    at writeOrBuffer (node:internal/streams/writable:572:12)
    at _write (node:internal/streams/writable:501:10)
    at Writable.write (node:internal/streams/writable:510:10)
    at Console.log (/home/sam/.nvm/versions/node/v20.20.0/lib/node_modules/firebase-tools/node_modules/winston/lib/winston/transports/console.js:87:23)
    at Console._write (/home/sam/.nvm/versions/node/v20.20.0/lib/node_modules/firebase-tools/node_modules/winston-transport/modern.js:103:17)
    at doWrite (/home/sam/.nvm/versions/node/v20.20.0/lib/node_modules/firebase-tools/node_modules/winston-transport/node_modules/readable-stream/lib/_stream_writable.js:390:139)
[error] 
[error] Error: An unexpected error has occurred.
[debug] [2026-03-02T19:06:57.908Z] Error: write EPIPE
    at afterWriteDispatched (node:internal/stream_base_commons:161:15)
    at writeGeneric (node:internal/stream_base_commons:152:3)
    at Socket._writeGeneric (node:net:958:11)
    at Socket._write (node:net:970:8)
    at writeOrBuffer (node:internal/streams/writable:572:12)
    at _write (node:internal/streams/writable:501:10)
    at Writable.write (node:internal/streams/writable:510:10)
    at Console.log (/home/sam/.nvm/versions/node/v20.20.0/lib/node_modules/firebase-tools/node_modules/winston/lib/winston/transports/console.js:87:23)
    at Console._write (/home/sam/.nvm/versions/node/v20.20.0/lib/node_modules/firebase-tools/node_modules/winston-transport/modern.js:103:17)
    at doWrite (/home/sam/.nvm/versions/node/v20.20.0/lib/node_modules/firebase-tools/node_modules/winston-transport/node_modules/readable-stream/lib/_stream_writable.js:390:139)
[error] 
[error] Error: An unexpected error has occurred.
[debug] [2026-03-02T19:06:57.908Z] Error: write EPIPE
    at afterWriteDispatched (node:internal/stream_base_commons:161:15)
    at writeGeneric (node:internal/stream_base_commons:152:3)
    at Socket._writeGeneric (node:net:958:11)
    at Socket._write (node:net:970:8)
    at writeOrBuffer (node:internal/streams/writable:572:12)
    at _write (node:internal/streams/writable:501:10)
    at Writable.write (node:internal/streams/writable:510:10)
    at Console.log (/home/sam/.nvm/versions/node/v20.20.0/lib/node_modules/firebase-tools/node_modules/winston/lib/winston/transports/console.js:87:23)
    at Console._write (/home/sam/.nvm/versions/node/v20.20.0/lib/node_modules/firebase-tools/node_modules/winston-transport/modern.js:103:17)
    at doWrite (/home/sam/.nvm/versions/node/v20.20.0/lib/node_modules/firebase-tools/node_modules/winston-transport/node_modules/readable-stream/lib/_stream_writable.js:390:139)
[error] 
[error] Error: An unexpected error has occurred.
[debug] [2026-03-02T19:06:57.909Z] Error: write EPIPE
    at afterWriteDispatched (node:internal/stream_base_commons:161:15)
    at writeGeneric (node:internal/stream_base_commons:152:3)
    at Socket._writeGeneric (node:net:958:11)
    at Socket._write (node:net:970:8)
    at writeOrBuffer (node:internal/streams/writable:572:12)
    at _write (node:internal/streams/writable:501:10)
    at Writable.write (node:internal/streams/writable:510:10)
    at Console.log (/home/sam/.nvm/versions/node/v20.20.0/lib/node_modules/firebase-tools/node_modules/winston/lib/winston/transports/console.js:87:23)
    at Console._write (/home/sam/.nvm/versions/node/v20.20.0/lib/node_modules/firebase-tools/node_modules/winston-transport/modern.js:103:17)
    at doWrite (/home/sam/.nvm/versions/node/v20.20.0/lib/node_modules/firebase-tools/node_modules/winston-transport/node_modules/readable-stream/lib/_stream_writable.js:390:139)
[error] 
[error] Error: An unexpected error has occurred.
[debug] [2026-03-02T19:06:57.909Z] Error: write EPIPE
    at afterWriteDispatched (node:internal/stream_base_commons:161:15)
    at writeGeneric (node:internal/stream_base_commons:152:3)
    at Socket._writeGeneric (node:net:958:11)
    at Socket._write (node:net:970:8)
    at writeOrBuffer (node:internal/streams/writable:572:12)
    at _write (node:internal/streams/writable:501:10)
    at Writable.write (node:internal/streams/writable:510:10)
    at Console.log (/home/sam/.nvm/versions/node/v20.20.0/lib/node_modules/firebase-tools/node_modules/winston/lib/winston/transports/console.js:87:23)
    at Console._write (/home/sam/.nvm/versions/node/v20.20.0/lib/node_modules/firebase-tools/node_modules/winston-transport/modern.js:103:17)
    at doWrite (/home/sam/.nvm/versions/node/v20.20.0/lib/node_modules/firebase-tools/node_modules/winston-transport/node_modules/readable-stream/lib/_stream_writable.js:390:139)
[error] 
[error] Error: An unexpected error has occurred.
[debug] [2026-03-02T19:06:57.910Z] Error: write EPIPE
    at afterWriteDispatched (node:internal/stream_base_commons:161:15)
    at writeGeneric (node:internal/stream_base_commons:152:3)
    at Socket._writeGeneric (node:net:958:11)
    at Socket._write (node:net:970:8)
    at writeOrBuffer (node:internal/streams/writable:572:12)
    at _write (node:internal/streams/writable:501:10)
    at Writable.write (node:internal/streams/writable:510:10)
    at Console.log (/home/sam/.nvm/versions/node/v20.20.0/lib/node_modules/firebase-tools/node_modules/winston/lib/winston/transports/console.js:87:23)
    at Console._write (/home/sam/.nvm/versions/node/v20.20.0/lib/node_modules/firebase-tools/node_modules/winston-transport/modern.js:103:17)
    at doWrite (/home/sam/.nvm/versions/node/v20.20.0/lib/node_modules/firebase-tools/node_modules/winston-transport/node_modules/readable-stream/lib/_stream_writable.js:390:139)
[error] 
[error] Error: An unexpected error has occurred.
[debug] [2026-03-02T19:06:57.911Z] Error: write EPIPE
    at afterWriteDispatched (node:internal/stream_base_commons:161:15)
    at writeGeneric (node:internal/stream_base_commons:152:3)
    at Socket._writeGeneric (node:net:958:11)
    at Socket._write (node:net:970:8)
    at writeOrBuffer (node:internal/streams/writable:572:12)
    at _write (node:internal/streams/writable:501:10)
    at Writable.write (node:internal/streams/writable:510:10)
    at Console.log (/home/sam/.nvm/versions/node/v20.20.0/lib/node_modules/firebase-tools/node_modules/winston/lib/winston/transports/console.js:87:23)
    at Console._write (/home/sam/.nvm/versions/node/v20.20.0/lib/node_modules/firebase-tools/node_modules/winston-transport/modern.js:103:17)
    at doWrite (/home/sam/.nvm/versions/node/v20.20.0/lib/node_modules/firebase-tools/node_modules/winston-transport/node_modules/readable-stream/lib/_stream_writable.js:390:139)
[error] 
[error] Error: An unexpected error has occurred.
[debug] [2026-03-02T19:06:57.911Z] Error: write EPIPE
    at afterWriteDispatched (node:internal/stream_base_commons:161:15)
    at writeGeneric (node:internal/stream_base_commons:152:3)
    at Socket._writeGeneric (node:net:958:11)
    at Socket._write (node:net:970:8)
    at writeOrBuffer (node:internal/streams/writable:572:12)
    at _write (node:internal/streams/writable:501:10)
    at Writable.write (node:internal/streams/writable:510:10)
    at Console.log (/home/sam/.nvm/versions/node/v20.20.0/lib/node_modules/firebase-tools/node_modules/winston/lib/winston/transports/console.js:87:23)
    at Console._write (/home/sam/.nvm/versions/node/v20.20.0/lib/node_modules/firebase-tools/node_modules/winston-transport/modern.js:103:17)
    at doWrite (/home/sam/.nvm/versions/node/v20.20.0/lib/node_modules/firebase-tools/node_modules/winston-transport/node_modules/readable-stream/lib/_stream_writable.js:390:139)
[error] 
[error] Error: An unexpected error has occurred.
[debug] [2026-03-02T19:06:57.912Z] Error: write EPIPE
    at afterWriteDispatched (node:internal/stream_base_commons:161:15)
    at writeGeneric (node:internal/stream_base_commons:152:3)
    at Socket._writeGeneric (node:net:958:11)
    at Socket._write (node:net:970:8)
    at writeOrBuffer (node:internal/streams/writable:572:12)
    at _write (node:internal/streams/writable:501:10)
    at Writable.write (node:internal/streams/writable:510:10)
    at Console.log (/home/sam/.nvm/versions/node/v20.20.0/lib/node_modules/firebase-tools/node_modules/winston/lib/winston/transports/console.js:87:23)
    at Console._write (/home/sam/.nvm/versions/node/v20.20.0/lib/node_modules/firebase-tools/node_modules/winston-transport/modern.js:103:17)
    at doWrite (/home/sam/.nvm/versions/node/v20.20.0/lib/node_modules/firebase-tools/node_modules/winston-transport/node_modules/readable-stream/lib/_stream_writable.js:390:139)
[error] 
[error] Error: An unexpected error has occurred.
[debug] [2026-03-02T19:06:57.912Z] Error: write EPIPE
    at afterWriteDispatched (node:internal/stream_base_commons:161:15)
    at writeGeneric (node:internal/stream_base_commons:152:3)
    at Socket._writeGeneric (node:net:958:11)
    at Socket._write (node:net:970:8)
    at writeOrBuffer (node:internal/streams/writable:572:12)
    at _write (node:internal/streams/writable:501:10)
    at Writable.write (node:internal/streams/writable:510:10)
    at Console.log (/home/sam/.nvm/versions/node/v20.20.0/lib/node_modules/firebase-tools/node_modules/winston/lib/winston/transports/console.js:87:23)
    at Console._write (/home/sam/.nvm/versions/node/v20.20.0/lib/node_modules/firebase-tools/node_modules/winston-transport/modern.js:103:17)
    at doWrite (/home/sam/.nvm/versions/node/v20.20.0/lib/node_modules/firebase-tools/node_modules/winston-transport/node_modules/readable-stream/lib/_stream_writable.js:390:139)
[error] 
[error] Error: An unexpected error has occurred.
[debug] [2026-03-02T19:06:57.912Z] Error: write EPIPE
    at afterWriteDispatched (node:internal/stream_base_commons:161:15)
    at writeGeneric (node:internal/stream_base_commons:152:3)
    at Socket._writeGeneric (node:net:958:11)
    at Socket._write (node:net:970:8)
    at writeOrBuffer (node:internal/streams/writable:572:12)
    at _write (node:internal/streams/writable:501:10)
    at Writable.write (node:internal/streams/writable:510:10)
    at Console.log (/home/sam/.nvm/versions/node/v20.20.0/lib/node_modules/firebase-tools/node_modules/winston/lib/winston/transports/console.js:87:23)
    at Console._write (/home/sam/.nvm/versions/node/v20.20.0/lib/node_modules/firebase-tools/node_modules/winston-transport/modern.js:103:17)
    at doWrite (/home/sam/.nvm/versions/node/v20.20.0/lib/node_modules/firebase-tools/node_modules/winston-transport/node_modules/readable-stream/lib/_stream_writable.js:390:139)
[error] 
[error] Error: An unexpected error has occurred.
[debug] [2026-03-02T19:06:57.913Z] Error: write EPIPE
    at afterWriteDispatched (node:internal/stream_base_commons:161:15)
    at writeGeneric (node:internal/stream_base_commons:152:3)
    at Socket._writeGeneric (node:net:958:11)
    at Socket._write (node:net:970:8)
    at writeOrBuffer (node:internal/streams/writable:572:12)
    at _write (node:internal/streams/writable:501:10)
    at Writable.write (node:internal/streams/writable:510:10)
    at Console.log (/home/sam/.nvm/versions/node/v20.20.0/lib/node_modules/firebase-tools/node_modules/winston/lib/winston/transports/console.js:87:23)
    at Console._write (/home/sam/.nvm/versions/node/v20.20.0/lib/node_modules/firebase-tools/node_modules/winston-transport/modern.js:103:17)
    at doWrite (/home/sam/.nvm/versions/node/v20.20.0/lib/node_modules/firebase-tools/node_modules/winston-transport/node_modules/readable-stream/lib/_stream_writable.js:390:139)
[error] 
[error] Error: An unexpected error has occurred.
[debug] [2026-03-02T19:06:57.915Z] Error: write EPIPE
    at afterWriteDispatched (node:internal/stream_base_commons:161:15)
    at writeGeneric (node:internal/stream_base_commons:152:3)
    at Socket._writeGeneric (node:net:958:11)
    at Socket._write (node:net:970:8)
    at writeOrBuffer (node:internal/streams/writable:572:12)
    at _write (node:internal/streams/writable:501:10)
    at Writable.write (node:internal/streams/writable:510:10)
    at Console.log (/home/sam/.nvm/versions/node/v20.20.0/lib/node_modules/firebase-tools/node_modules/winston/lib/winston/transports/console.js:87:23)
    at Console._write (/home/sam/.nvm/versions/node/v20.20.0/lib/node_modules/firebase-tools/node_modules/winston-transport/modern.js:103:17)
    at doWrite (/home/sam/.nvm/versions/node/v20.20.0/lib/node_modules/firebase-tools/node_modules/winston-transport/node_modules/readable-stream/lib/_stream_writable.js:390:139)
[error] 
[error] Error: An unexpected error has occurred.
[debug] [2026-03-02T19:06:57.916Z] Error: write EPIPE
    at afterWriteDispatched (node:internal/stream_base_commons:161:15)
    at writeGeneric (node:internal/stream_base_commons:152:3)
    at Socket._writeGeneric (node:net:958:11)
    at Socket._write (node:net:970:8)
    at writeOrBuffer (node:internal/streams/writable:572:12)
    at _write (node:internal/streams/writable:501:10)
    at Writable.write (node:internal/streams/writable:510:10)
    at Console.log (/home/sam/.nvm/versions/node/v20.20.0/lib/node_modules/firebase-tools/node_modules/winston/lib/winston/transports/console.js:87:23)
    at Console._write (/home/sam/.nvm/versions/node/v20.20.0/lib/node_modules/firebase-tools/node_modules/winston-transport/modern.js:103:17)
    at doWrite (/home/sam/.nvm/versions/node/v20.20.0/lib/node_modules/firebase-tools/node_modules/winston-transport/node_modules/readable-stream/lib/_stream_writable.js:390:139)
[error] 
[error] Error: An unexpected error has occurred.
[debug] [2026-03-02T19:06:57.916Z] Error: write EPIPE
    at afterWriteDispatched (node:internal/stream_base_commons:161:15)
    at writeGeneric (node:internal/stream_base_commons:152:3)
    at Socket._writeGeneric (node:net:958:11)
    at Socket._write (node:net:970:8)
    at writeOrBuffer (node:internal/streams/writable:572:12)
    at _write (node:internal/streams/writable:501:10)
    at Writable.write (node:internal/streams/writable:510:10)
    at Console.log (/home/sam/.nvm/versions/node/v20.20.0/lib/node_modules/firebase-tools/node_modules/winston/lib/winston/transports/console.js:87:23)
    at Console._write (/home/sam/.nvm/versions/node/v20.20.0/lib/node_modules/firebase-tools/node_modules/winston-transport/modern.js:103:17)
    at doWrite (/home/sam/.nvm/versions/node/v20.20.0/lib/node_modules/firebase-tools/node_modules/winston-transport/node_modules/readable-stream/lib/_stream_writable.js:390:139)
[error] 
[error] Error: An unexpected error has occurred.
[debug] [2026-03-02T19:06:57.916Z] Error: write EPIPE
    at afterWriteDispatched (node:internal/stream_base_commons:161:15)
    at writeGeneric (node:internal/stream_base_commons:152:3)
    at Socket._writeGeneric (node:net:958:11)
    at Socket._write (node:net:970:8)
    at writeOrBuffer (node:internal/streams/writable:572:12)
    at _write (node:internal/streams/writable:501:10)
    at Writable.write (node:internal/streams/writable:510:10)
    at Console.log (/home/sam/.nvm/versions/node/v20.20.0/lib/node_modules/firebase-tools/node_modules/winston/lib/winston/transports/console.js:87:23)
    at Console._write (/home/sam/.nvm/versions/node/v20.20.0/lib/node_modules/firebase-tools/node_modules/winston-transport/modern.js:103:17)
    at doWrite (/home/sam/.nvm/versions/node/v20.20.0/lib/node_modules/firebase-tools/node_modules/winston-transport/node_modules/readable-stream/lib/_stream_writable.js:390:139)
[error] 
[error] Error: An unexpected error has occurred.
[debug] [2026-03-02T19:06:57.917Z] Error: write EPIPE
    at afterWriteDispatched (node:internal/stream_base_commons:161:15)
    at writeGeneric (node:internal/stream_base_commons:152:3)
    at Socket._writeGeneric (node:net:958:11)
    at Socket._write (node:net:970:8)
    at writeOrBuffer (node:internal/streams/writable:572:12)
    at _write (node:internal/streams/writable:501:10)
    at Writable.write (node:internal/streams/writable:510:10)
    at Console.log (/home/sam/.nvm/versions/node/v20.20.0/lib/node_modules/firebase-tools/node_modules/winston/lib/winston/transports/console.js:87:23)
    at Console._write (/home/sam/.nvm/versions/node/v20.20.0/lib/node_modules/firebase-tools/node_modules/winston-transport/modern.js:103:17)
    at doWrite (/home/sam/.nvm/versions/node/v20.20.0/lib/node_modules/firebase-tools/node_modules/winston-transport/node_modules/readable-stream/lib/_stream_writable.js:390:139)
[error] 
[error] Error: An unexpected error has occurred.
[debug] [2026-03-02T19:06:57.917Z] Error: write EPIPE
    at afterWriteDispatched (node:internal/stream_base_commons:161:15)
    at writeGeneric (node:internal/stream_base_commons:152:3)
    at Socket._writeGeneric (node:net:958:11)
    at Socket._write (node:net:970:8)
    at writeOrBuffer (node:internal/streams/writable:572:12)
    at _write (node:internal/streams/writable:501:10)
    at Writable.write (node:internal/streams/writable:510:10)
    at Console.log (/home/sam/.nvm/versions/node/v20.20.0/lib/node_modules/firebase-tools/node_modules/winston/lib/winston/transports/console.js:87:23)
    at Console._write (/home/sam/.nvm/versions/node/v20.20.0/lib/node_modules/firebase-tools/node_modules/winston-transport/modern.js:103:17)
    at doWrite (/home/sam/.nvm/versions/node/v20.20.0/lib/node_modules/firebase-tools/node_modules/winston-transport/node_modules/readable-stream/lib/_stream_writable.js:390:139)
[error] 
[error] Error: An unexpected error has occurred.
[debug] [2026-03-02T19:06:57.917Z] Error: write EPIPE
    at afterWriteDispatched (node:internal/stream_base_commons:161:15)
    at writeGeneric (node:internal/stream_base_commons:152:3)
    at Socket._writeGeneric (node:net:958:11)
    at Socket._write (node:net:970:8)
    at writeOrBuffer (node:internal/streams/writable:572:12)
    at _write (node:internal/streams/writable:501:10)
    at Writable.write (node:internal/streams/writable:510:10)
    at Console.log (/home/sam/.nvm/versions/node/v20.20.0/lib/node_modules/firebase-tools/node_modules/winston/lib/winston/transports/console.js:87:23)
    at Console._write (/home/sam/.nvm/versions/node/v20.20.0/lib/node_modules/firebase-tools/node_modules/winston-transport/modern.js:103:17)
    at doWrite (/home/sam/.nvm/versions/node/v20.20.0/lib/node_modules/firebase-tools/node_modules/winston-transport/node_modules/readable-stream/lib/_stream_writable.js:390:139)
[error] 
[error] Error: An unexpected error has occurred.
[debug] [2026-03-02T19:06:57.918Z] Error: write EPIPE
    at afterWriteDispatched (node:internal/stream_base_commons:161:15)
    at writeGeneric (node:internal/stream_base_commons:152:3)
    at Socket._writeGeneric (node:net:958:11)
    at Socket._write (node:net:970:8)
    at writeOrBuffer (node:internal/streams/writable:572:12)
    at _write (node:internal/streams/writable:501:10)
    at Writable.write (node:internal/streams/writable:510:10)
    at Console.log (/home/sam/.nvm/versions/node/v20.20.0/lib/node_modules/firebase-tools/node_modules/winston/lib/winston/transports/console.js:87:23)
    at Console._write (/home/sam/.nvm/versions/node/v20.20.0/lib/node_modules/firebase-tools/node_modules/winston-transport/modern.js:103:17)
    at doWrite (/home/sam/.nvm/versions/node/v20.20.0/lib/node_modules/firebase-tools/node_modules/winston-transport/node_modules/readable-stream/lib/_stream_writable.js:390:139)
[error] 
[error] Error: An unexpected error has occurred.
[debug] [2026-03-02T19:06:57.918Z] Error: write EPIPE
    at afterWriteDispatched (node:internal/stream_base_commons:161:15)
    at writeGeneric (node:internal/stream_base_commons:152:3)
    at Socket._writeGeneric (node:net:958:11)
    at Socket._write (node:net:970:8)
    at writeOrBuffer (node:internal/streams/writable:572:12)
    at _write (node:internal/streams/writable:501:10)
    at Writable.write (node:internal/streams/writable:510:10)
    at Console.log (/home/sam/.nvm/versions/node/v20.20.0/lib/node_modules/firebase-tools/node_modules/winston/lib/winston/transports/console.js:87:23)
    at Console._write (/home/sam/.nvm/versions/node/v20.20.0/lib/node_modules/firebase-tools/node_modules/winston-transport/modern.js:103:17)
    at doWrite (/home/sam/.nvm/versions/node/v20.20.0/lib/node_modules/firebase-tools/node_modules/winston-transport/node_modules/readable-stream/lib/_stream_writable.js:390:139)
[error] 
[error] Error: An unexpected error has occurred.
[debug] [2026-03-02T19:06:57.918Z] Error: write EPIPE
    at afterWriteDispatched (node:internal/stream_base_commons:161:15)
    at writeGeneric (node:internal/stream_base_commons:152:3)
    at Socket._writeGeneric (node:net:958:11)
    at Socket._write (node:net:970:8)
    at writeOrBuffer (node:internal/streams/writable:572:12)
    at _write (node:internal/streams/writable:501:10)
    at Writable.write (node:internal/streams/writable:510:10)
    at Console.log (/home/sam/.nvm/versions/node/v20.20.0/lib/node_modules/firebase-tools/node_modules/winston/lib/winston/transports/console.js:87:23)
    at Console._write (/home/sam/.nvm/versions/node/v20.20.0/lib/node_modules/firebase-tools/node_modules/winston-transport/modern.js:103:17)
    at doWrite (/home/sam/.nvm/versions/node/v20.20.0/lib/node_modules/firebase-tools/node_modules/winston-transport/node_modules/readable-stream/lib/_stream_writable.js:390:139)
[error] 
[error] Error: An unexpected error has occurred.
[debug] [2026-03-02T19:06:57.919Z] Error: write EPIPE
    at afterWriteDispatched (node:internal/stream_base_commons:161:15)
    at writeGeneric (node:internal/stream_base_commons:152:3)
    at Socket._writeGeneric (node:net:958:11)
    at Socket._write (node:net:970:8)
    at writeOrBuffer (node:internal/streams/writable:572:12)
    at _write (node:internal/streams/writable:501:10)
    at Writable.write (node:internal/streams/writable:510:10)
    at Console.log (/home/sam/.nvm/versions/node/v20.20.0/lib/node_modules/firebase-tools/node_modules/winston/lib/winston/transports/console.js:87:23)
    at Console._write (/home/sam/.nvm/versions/node/v20.20.0/lib/node_modules/firebase-tools/node_modules/winston-transport/modern.js:103:17)
    at doWrite (/home/sam/.nvm/versions/node/v20.20.0/lib/node_modules/firebase-tools/node_modules/winston-transport/node_modules/readable-stream/lib/_stream_writable.js:390:139)
[error] 
[error] Error: An unexpected error has occurred.
[debug] [2026-03-02T19:06:57.919Z] Error: write EPIPE
    at afterWriteDispatched (node:internal/stream_base_commons:161:15)
    at writeGeneric (node:internal/stream_base_commons:152:3)
    at Socket._writeGeneric (node:net:958:11)
    at Socket._write (node:net:970:8)
    at writeOrBuffer (node:internal/streams/writable:572:12)
    at _write (node:internal/streams/writable:501:10)
    at Writable.write (node:internal/streams/writable:510:10)
    at Console.log (/home/sam/.nvm/versions/node/v20.20.0/lib/node_modules/firebase-tools/node_modules/winston/lib/winston/transports/console.js:87:23)
    at Console._write (/home/sam/.nvm/versions/node/v20.20.0/lib/node_modules/firebase-tools/node_modules/winston-transport/modern.js:103:17)
    at doWrite (/home/sam/.nvm/versions/node/v20.20.0/lib/node_modules/firebase-tools/node_modules/winston-transport/node_modules/readable-stream/lib/_stream_writable.js:390:139)
[error] 
[error] Error: An unexpected error has occurred.
[debug] [2026-03-02T19:06:57.919Z] Error: write EPIPE
    at afterWriteDispatched (node:internal/stream_base_commons:161:15)
    at writeGeneric (node:internal/stream_base_commons:152:3)
    at Socket._writeGeneric (node:net:958:11)
    at Socket._write (node:net:970:8)
    at writeOrBuffer (node:internal/streams/writable:572:12)
    at _write (node:internal/streams/writable:501:10)
    at Writable.write (node:internal/streams/writable:510:10)
    at Console.log (/home/sam/.nvm/versions/node/v20.20.0/lib/node_modules/firebase-tools/node_modules/winston/lib/winston/transports/console.js:87:23)
    at Console._write (/home/sam/.nvm/versions/node/v20.20.0/lib/node_modules/firebase-tools/node_modules/winston-transport/modern.js:103:17)
    at doWrite (/home/sam/.nvm/versions/node/v20.20.0/lib/node_modules/firebase-tools/node_modules/winston-transport/node_modules/readable-stream/lib/_stream_writable.js:390:139)
[error] 
[error] Error: An unexpected error has occurred.
[debug] [2026-03-02T19:06:57.920Z] Error: write EPIPE
    at afterWriteDispatched (node:internal/stream_base_commons:161:15)
    at writeGeneric (node:internal/stream_base_commons:152:3)
    at Socket._writeGeneric (node:net:958:11)
    at Socket._write (node:net:970:8)
    at writeOrBuffer (node:internal/streams/writable:572:12)
    at _write (node:internal/streams/writable:501:10)
    at Writable.write (node:internal/streams/writable:510:10)
    at Console.log (/home/sam/.nvm/versions/node/v20.20.0/lib/node_modules/firebase-tools/node_modules/winston/lib/winston/transports/console.js:87:23)
    at Console._write (/home/sam/.nvm/versions/node/v20.20.0/lib/node_modules/firebase-tools/node_modules/winston-transport/modern.js:103:17)
    at doWrite (/home/sam/.nvm/versions/node/v20.20.0/lib/node_modules/firebase-tools/node_modules/winston-transport/node_modules/readable-stream/lib/_stream_writable.js:390:139)
[error] 
[error] Error: An unexpected error has occurred.
[debug] [2026-03-02T19:06:57.920Z] Error: write EPIPE
    at afterWriteDispatched (node:internal/stream_base_commons:161:15)
    at writeGeneric (node:internal/stream_base_commons:152:3)
    at Socket._writeGeneric (node:net:958:11)
    at Socket._write (node:net:970:8)
    at writeOrBuffer (node:internal/streams/writable:572:12)
    at _write (node:internal/streams/writable:501:10)
    at Writable.write (node:internal/streams/writable:510:10)
    at Console.log (/home/sam/.nvm/versions/node/v20.20.0/lib/node_modules/firebase-tools/node_modules/winston/lib/winston/transports/console.js:87:23)
    at Console._write (/home/sam/.nvm/versions/node/v20.20.0/lib/node_modules/firebase-tools/node_modules/winston-transport/modern.js:103:17)
    at doWrite (/home/sam/.nvm/versions/node/v20.20.0/lib/node_modules/firebase-tools/node_modules/winston-transport/node_modules/readable-stream/lib/_stream_writable.js:390:139)
[error] 
[error] Error: An unexpected error has occurred.
[debug] [2026-03-02T19:06:57.920Z] Error: write EPIPE
    at afterWriteDispatched (node:internal/stream_base_commons:161:15)
    at writeGeneric (node:internal/stream_base_commons:152:3)
    at Socket._writeGeneric (node:net:958:11)
    at Socket._write (node:net:970:8)
    at writeOrBuffer (node:internal/streams/writable:572:12)
    at _write (node:internal/streams/writable:501:10)
    at Writable.write (node:internal/streams/writable:510:10)
    at Console.log (/home/sam/.nvm/versions/node/v20.20.0/lib/node_modules/firebase-tools/node_modules/winston/lib/winston/transports/console.js:87:23)
    at Console._write (/home/sam/.nvm/versions/node/v20.20.0/lib/node_modules/firebase-tools/node_modules/winston-transport/modern.js:103:17)
    at doWrite (/home/sam/.nvm/versions/node/v20.20.0/lib/node_modules/firebase-tools/node_modules/winston-transport/node_modules/readable-stream/lib/_stream_writable.js:390:139)
[error] 
[error] Error: An unexpected error has occurred.
[debug] [2026-03-02T19:06:57.920Z] Error: write EPIPE
    at afterWriteDispatched (node:internal/stream_base_commons:161:15)
    at writeGeneric (node:internal/stream_base_commons:152:3)
    at Socket._writeGeneric (node:net:958:11)
    at Socket._write (node:net:970:8)
    at writeOrBuffer (node:internal/streams/writable:572:12)
    at _write (node:internal/streams/writable:501:10)
    at Writable.write (node:internal/streams/writable:510:10)
    at Console.log (/home/sam/.nvm/versions/node/v20.20.0/lib/node_modules/firebase-tools/node_modules/winston/lib/winston/transports/console.js:87:23)
    at Console._write (/home/sam/.nvm/versions/node/v20.20.0/lib/node_modules/firebase-tools/node_modules/winston-transport/modern.js:103:17)
    at doWrite (/home/sam/.nvm/versions/node/v20.20.0/lib/node_modules/firebase-tools/node_modules/winston-transport/node_modules/readable-stream/lib/_stream_writable.js:390:139)
[error] 
[error] Error: An unexpected error has occurred.
[debug] [2026-03-02T19:06:57.922Z] Error: write EPIPE
    at afterWriteDispatched (node:internal/stream_base_commons:161:15)
    at writeGeneric (node:internal/stream_base_commons:152:3)
    at Socket._writeGeneric (node:net:958:11)
    at Socket._write (node:net:970:8)
    at writeOrBuffer (node:internal/streams/writable:572:12)
    at _write (node:internal/streams/writable:501:10)
    at Writable.write (node:internal/streams/writable:510:10)
    at Console.log (/home/sam/.nvm/versions/node/v20.20.0/lib/node_modules/firebase-tools/node_modules/winston/lib/winston/transports/console.js:87:23)
    at Console._write (/home/sam/.nvm/versions/node/v20.20.0/lib/node_modules/firebase-tools/node_modules/winston-transport/modern.js:103:17)
    at doWrite (/home/sam/.nvm/versions/node/v20.20.0/lib/node_modules/firebase-tools/node_modules/winston-transport/node_modules/readable-stream/lib/_stream_writable.js:390:139)
[error] 
[error] Error: An unexpected error has occurred.
[debug] [2026-03-02T19:06:57.922Z] Error: write EPIPE
    at afterWriteDispatched (node:internal/stream_base_commons:161:15)
    at writeGeneric (node:internal/stream_base_commons:152:3)
    at Socket._writeGeneric (node:net:958:11)
    at Socket._write (node:net:970:8)
    at writeOrBuffer (node:internal/streams/writable:572:12)
    at _write (node:internal/streams/writable:501:10)
    at Writable.write (node:internal/streams/writable:510:10)
    at Console.log (/home/sam/.nvm/versions/node/v20.20.0/lib/node_modules/firebase-tools/node_modules/winston/lib/winston/transports/console.js:87:23)
    at Console._write (/home/sam/.nvm/versions/node/v20.20.0/lib/node_modules/firebase-tools/node_modules/winston-transport/modern.js:103:17)
    at doWrite (/home/sam/.nvm/versions/node/v20.20.0/lib/node_modules/firebase-tools/node_modules/winston-transport/node_modules/readable-stream/lib/_stream_writable.js:390:139)
[error] 
[error] Error: An unexpected error has occurred.
[debug] [2026-03-02T19:06:57.922Z] Error: write EPIPE
    at afterWriteDispatched (node:internal/stream_base_commons:161:15)
    at writeGeneric (node:internal/stream_base_commons:152:3)
    at Socket._writeGeneric (node:net:958:11)
    at Socket._write (node:net:970:8)
    at writeOrBuffer (node:internal/streams/writable:572:12)
    at _write (node:internal/streams/writable:501:10)
    at Writable.write (node:internal/streams/writable:510:10)
    at Console.log (/home/sam/.nvm/versions/node/v20.20.0/lib/node_modules/firebase-tools/node_modules/winston/lib/winston/transports/console.js:87:23)
    at Console._write (/home/sam/.nvm/versions/node/v20.20.0/lib/node_modules/firebase-tools/node_modules/winston-transport/modern.js:103:17)
    at doWrite (/home/sam/.nvm/versions/node/v20.20.0/lib/node_modules/firebase-tools/node_modules/winston-transport/node_modules/readable-stream/lib/_stream_writable.js:390:139)
[error] 
[error] Error: An unexpected error has occurred.
[debug] [2026-03-02T19:06:57.922Z] Error: write EPIPE
    at afterWriteDispatched (node:internal/stream_base_commons:161:15)
    at writeGeneric (node:internal/stream_base_commons:152:3)
    at Socket._writeGeneric (node:net:958:11)
    at Socket._write (node:net:970:8)
    at writeOrBuffer (node:internal/streams/writable:572:12)
    at _write (node:internal/streams/writable:501:10)
    at Writable.write (node:internal/streams/writable:510:10)
    at Console.log (/home/sam/.nvm/versions/node/v20.20.0/lib/node_modules/firebase-tools/node_modules/winston/lib/winston/transports/console.js:87:23)
    at Console._write (/home/sam/.nvm/versions/node/v20.20.0/lib/node_modules/firebase-tools/node_modules/winston-transport/modern.js:103:17)
    at doWrite (/home/sam/.nvm/versions/node/v20.20.0/lib/node_modules/firebase-tools/node_modules/winston-transport/node_modules/readable-stream/lib/_stream_writable.js:390:139)
[error] 
[error] Error: An unexpected error has occurred.
[debug] [2026-03-02T19:06:57.923Z] Error: write EPIPE
    at afterWriteDispatched (node:internal/stream_base_commons:161:15)
    at writeGeneric (node:internal/stream_base_commons:152:3)
    at Socket._writeGeneric (node:net:958:11)
    at Socket._write (node:net:970:8)
    at writeOrBuffer (node:internal/streams/writable:572:12)
    at _write (node:internal/streams/writable:501:10)
    at Writable.write (node:internal/streams/writable:510:10)
    at Console.log (/home/sam/.nvm/versions/node/v20.20.0/lib/node_modules/firebase-tools/node_modules/winston/lib/winston/transports/console.js:87:23)
    at Console._write (/home/sam/.nvm/versions/node/v20.20.0/lib/node_modules/firebase-tools/node_modules/winston-transport/modern.js:103:17)
    at doWrite (/home/sam/.nvm/versions/node/v20.20.0/lib/node_modules/firebase-tools/node_modules/winston-transport/node_modules/readable-stream/lib/_stream_writable.js:390:139)
[error] 
[error] Error: An unexpected error has occurred.
[debug] [2026-03-02T19:06:57.923Z] Error: write EPIPE
    at afterWriteDispatched (node:internal/stream_base_commons:161:15)
    at writeGeneric (node:internal/stream_base_commons:152:3)
    at Socket._writeGeneric (node:net:958:11)
    at Socket._write (node:net:970:8)
    at writeOrBuffer (node:internal/streams/writable:572:12)
    at _write (node:internal/streams/writable:501:10)
    at Writable.write (node:internal/streams/writable:510:10)
    at Console.log (/home/sam/.nvm/versions/node/v20.20.0/lib/node_modules/firebase-tools/node_modules/winston/lib/winston/transports/console.js:87:23)
    at Console._write (/home/sam/.nvm/versions/node/v20.20.0/lib/node_modules/firebase-tools/node_modules/winston-transport/modern.js:103:17)
    at doWrite (/home/sam/.nvm/versions/node/v20.20.0/lib/node_modules/firebase-tools/node_modules/winston-transport/node_modules/readable-stream/lib/_stream_writable.js:390:139)
[error] 
[error] Error: An unexpected error has occurred.
[debug] [2026-03-02T19:06:57.923Z] Error: write EPIPE
    at afterWriteDispatched (node:internal/stream_base_commons:161:15)
    at writeGeneric (node:internal/stream_base_commons:152:3)
    at Socket._writeGeneric (node:net:958:11)
    at Socket._write (node:net:970:8)
    at writeOrBuffer (node:internal/streams/writable:572:12)
    at _write (node:internal/streams/writable:501:10)
    at Writable.write (node:internal/streams/writable:510:10)
    at Console.log (/home/sam/.nvm/versions/node/v20.20.0/lib/node_modules/firebase-tools/node_modules/winston/lib/winston/transports/console.js:87:23)
    at Console._write (/home/sam/.nvm/versions/node/v20.20.0/lib/node_modules/firebase-tools/node_modules/winston-transport/modern.js:103:17)
    at doWrite (/home/sam/.nvm/versions/node/v20.20.0/lib/node_modules/firebase-tools/node_modules/winston-transport/node_modules/readable-stream/lib/_stream_writable.js:390:139)
[error] 
[error] Error: An unexpected error has occurred.
[debug] [2026-03-02T19:06:57.924Z] Error: write EPIPE
    at afterWriteDispatched (node:internal/stream_base_commons:161:15)
    at writeGeneric (node:internal/stream_base_commons:152:3)
    at Socket._writeGeneric (node:net:958:11)
    at Socket._write (node:net:970:8)
    at writeOrBuffer (node:internal/streams/writable:572:12)
    at _write (node:internal/streams/writable:501:10)
    at Writable.write (node:internal/streams/writable:510:10)
    at Console.log (/home/sam/.nvm/versions/node/v20.20.0/lib/node_modules/firebase-tools/node_modules/winston/lib/winston/transports/console.js:87:23)
    at Console._write (/home/sam/.nvm/versions/node/v20.20.0/lib/node_modules/firebase-tools/node_modules/winston-transport/modern.js:103:17)
    at doWrite (/home/sam/.nvm/versions/node/v20.20.0/lib/node_modules/firebase-tools/node_modules/winston-transport/node_modules/readable-stream/lib/_stream_writable.js:390:139)
[error] 
[error] Error: An unexpected error has occurred.
[debug] [2026-03-02T19:06:57.924Z] Error: write EPIPE
    at afterWriteDispatched (node:internal/stream_base_commons:161:15)
    at writeGeneric (node:internal/stream_base_commons:152:3)
    at Socket._writeGeneric (node:net:958:11)
    at Socket._write (node:net:970:8)
    at writeOrBuffer (node:internal/streams/writable:572:12)
    at _write (node:internal/streams/writable:501:10)
    at Writable.write (node:internal/streams/writable:510:10)
    at Console.log (/home/sam/.nvm/versions/node/v20.20.0/lib/node_modules/firebase-tools/node_modules/winston/lib/winston/transports/console.js:87:23)
    at Console._write (/home/sam/.nvm/versions/node/v20.20.0/lib/node_modules/firebase-tools/node_modules/winston-transport/modern.js:103:17)
    at doWrite (/home/sam/.nvm/versions/node/v20.20.0/lib/node_modules/firebase-tools/node_modules/winston-transport/node_modules/readable-stream/lib/_stream_writable.js:390:139)
[error] 
[error] Error: An unexpected error has occurred.
[debug] [2026-03-02T19:06:57.924Z] Error: write EPIPE
    at afterWriteDispatched (node:internal/stream_base_commons:161:15)
    at writeGeneric (node:internal/stream_base_commons:152:3)
    at Socket._writeGeneric (node:net:958:11)
    at Socket._write (node:net:970:8)
    at writeOrBuffer (node:internal/streams/writable:572:12)
    at _write (node:internal/streams/writable:501:10)
    at Writable.write (node:internal/streams/writable:510:10)
    at Console.log (/home/sam/.nvm/versions/node/v20.20.0/lib/node_modules/firebase-tools/node_modules/winston/lib/winston/transports/console.js:87:23)
    at Console._write (/home/sam/.nvm/versions/node/v20.20.0/lib/node_modules/firebase-tools/node_modules/winston-transport/modern.js:103:17)
    at doWrite (/home/sam/.nvm/versions/node/v20.20.0/lib/node_modules/firebase-tools/node_modules/winston-transport/node_modules/readable-stream/lib/_stream_writable.js:390:139)
[error] 
[error] Error: An unexpected error has occurred.
[debug] [2026-03-02T19:06:57.925Z] Error: write EPIPE
    at afterWriteDispatched (node:internal/stream_base_commons:161:15)
    at writeGeneric (node:internal/stream_base_commons:152:3)
    at Socket._writeGeneric (node:net:958:11)
    at Socket._write (node:net:970:8)
    at writeOrBuffer (node:internal/streams/writable:572:12)
    at _write (node:internal/streams/writable:501:10)
    at Writable.write (node:internal/streams/writable:510:10)
    at Console.log (/home/sam/.nvm/versions/node/v20.20.0/lib/node_modules/firebase-tools/node_modules/winston/lib/winston/transports/console.js:87:23)
    at Console._write (/home/sam/.nvm/versions/node/v20.20.0/lib/node_modules/firebase-tools/node_modules/winston-transport/modern.js:103:17)
    at doWrite (/home/sam/.nvm/versions/node/v20.20.0/lib/node_modules/firebase-tools/node_modules/winston-transport/node_modules/readable-stream/lib/_stream_writable.js:390:139)
[error] 
[error] Error: An unexpected error has occurred.
[debug] [2026-03-02T19:06:57.926Z] Error: write EPIPE
    at afterWriteDispatched (node:internal/stream_base_commons:161:15)
    at writeGeneric (node:internal/stream_base_commons:152:3)
    at Socket._writeGeneric (node:net:958:11)
    at Socket._write (node:net:970:8)
    at writeOrBuffer (node:internal/streams/writable:572:12)
    at _write (node:internal/streams/writable:501:10)
    at Writable.write (node:internal/streams/writable:510:10)
    at Console.log (/home/sam/.nvm/versions/node/v20.20.0/lib/node_modules/firebase-tools/node_modules/winston/lib/winston/transports/console.js:87:23)
    at Console._write (/home/sam/.nvm/versions/node/v20.20.0/lib/node_modules/firebase-tools/node_modules/winston-transport/modern.js:103:17)
    at doWrite (/home/sam/.nvm/versions/node/v20.20.0/lib/node_modules/firebase-tools/node_modules/winston-transport/node_modules/readable-stream/lib/_stream_writable.js:390:139)
[error] 
[error] Error: An unexpected error has occurred.
[debug] [2026-03-02T19:06:57.927Z] Error: write EPIPE
    at afterWriteDispatched (node:internal/stream_base_commons:161:15)
    at writeGeneric (node:internal/stream_base_commons:152:3)
    at Socket._writeGeneric (node:net:958:11)
    at Socket._write (node:net:970:8)
    at writeOrBuffer (node:internal/streams/writable:572:12)
    at _write (node:internal/streams/writable:501:10)
    at Writable.write (node:internal/streams/writable:510:10)
    at Console.log (/home/sam/.nvm/versions/node/v20.20.0/lib/node_modules/firebase-tools/node_modules/winston/lib/winston/transports/console.js:87:23)
    at Console._write (/home/sam/.nvm/versions/node/v20.20.0/lib/node_modules/firebase-tools/node_modules/winston-transport/modern.js:103:17)
    at doWrite (/home/sam/.nvm/versions/node/v20.20.0/lib/node_modules/firebase-tools/node_modules/winston-transport/node_modules/readable-stream/lib/_stream_writable.js:390:139)
[error] 
[error] Error: An unexpected error has occurred.
[debug] [2026-03-02T19:06:57.927Z] Error: write EPIPE
    at afterWriteDispatched (node:internal/stream_base_commons:161:15)
    at writeGeneric (node:internal/stream_base_commons:152:3)
    at Socket._writeGeneric (node:net:958:11)
    at Socket._write (node:net:970:8)
    at writeOrBuffer (node:internal/streams/writable:572:12)
    at _write (node:internal/streams/writable:501:10)
    at Writable.write (node:internal/streams/writable:510:10)
    at Console.log (/home/sam/.nvm/versions/node/v20.20.0/lib/node_modules/firebase-tools/node_modules/winston/lib/winston/transports/console.js:87:23)
    at Console._write (/home/sam/.nvm/versions/node/v20.20.0/lib/node_modules/firebase-tools/node_modules/winston-transport/modern.js:103:17)
    at doWrite (/home/sam/.nvm/versions/node/v20.20.0/lib/node_modules/firebase-tools/node_modules/winston-transport/node_modules/readable-stream/lib/_stream_writable.js:390:139)
[error] 
[error] Error: An unexpected error has occurred.
[debug] [2026-03-02T19:06:57.927Z] Error: write EPIPE
    at afterWriteDispatched (node:internal/stream_base_commons:161:15)
    at writeGeneric (node:internal/stream_base_commons:152:3)
    at Socket._writeGeneric (node:net:958:11)
    at Socket._write (node:net:970:8)
    at writeOrBuffer (node:internal/streams/writable:572:12)
    at _write (node:internal/streams/writable:501:10)
    at Writable.write (node:internal/streams/writable:510:10)
    at Console.log (/home/sam/.nvm/versions/node/v20.20.0/lib/node_modules/firebase-tools/node_modules/winston/lib/winston/transports/console.js:87:23)
    at Console._write (/home/sam/.nvm/versions/node/v20.20.0/lib/node_modules/firebase-tools/node_modules/winston-transport/modern.js:103:17)
    at doWrite (/home/sam/.nvm/versions/node/v20.20.0/lib/node_modules/firebase-tools/node_modules/winston-transport/node_modules/readable-stream/lib/_stream_writable.js:390:139)
[error] 
[error] Error: An unexpected error has occurred.
[debug] [2026-03-02T19:06:57.928Z] Error: write EPIPE
    at afterWriteDispatched (node:internal/stream_base_commons:161:15)
    at writeGeneric (node:internal/stream_base_commons:152:3)
    at Socket._writeGeneric (node:net:958:11)
    at Socket._write (node:net:970:8)
    at writeOrBuffer (node:internal/streams/writable:572:12)
    at _write (node:internal/streams/writable:501:10)
    at Writable.write (node:internal/streams/writable:510:10)
    at Console.log (/home/sam/.nvm/versions/node/v20.20.0/lib/node_modules/firebase-tools/node_modules/winston/lib/winston/transports/console.js:87:23)
    at Console._write (/home/sam/.nvm/versions/node/v20.20.0/lib/node_modules/firebase-tools/node_modules/winston-transport/modern.js:103:17)
    at doWrite (/home/sam/.nvm/versions/node/v20.20.0/lib/node_modules/firebase-tools/node_modules/winston-transport/node_modules/readable-stream/lib/_stream_writable.js:390:139)
[error] 
[error] Error: An unexpected error has occurred.
[debug] [2026-03-02T19:06:57.928Z] Error: write EPIPE
    at afterWriteDispatched (node:internal/stream_base_commons:161:15)
    at writeGeneric (node:internal/stream_base_commons:152:3)
    at Socket._writeGeneric (node:net:958:11)
    at Socket._write (node:net:970:8)
    at writeOrBuffer (node:internal/streams/writable:572:12)
    at _write (node:internal/streams/writable:501:10)
    at Writable.write (node:internal/streams/writable:510:10)
    at Console.log (/home/sam/.nvm/versions/node/v20.20.0/lib/node_modules/firebase-tools/node_modules/winston/lib/winston/transports/console.js:87:23)
    at Console._write (/home/sam/.nvm/versions/node/v20.20.0/lib/node_modules/firebase-tools/node_modules/winston-transport/modern.js:103:17)
    at doWrite (/home/sam/.nvm/versions/node/v20.20.0/lib/node_modules/firebase-tools/node_modules/winston-transport/node_modules/readable-stream/lib/_stream_writable.js:390:139)
[error] 
[error] Error: An unexpected error has occurred.
[debug] [2026-03-02T19:06:57.930Z] Error: write EPIPE
    at afterWriteDispatched (node:internal/stream_base_commons:161:15)
    at writeGeneric (node:internal/stream_base_commons:152:3)
    at Socket._writeGeneric (node:net:958:11)
    at Socket._write (node:net:970:8)
    at writeOrBuffer (node:internal/streams/writable:572:12)
    at _write (node:internal/streams/writable:501:10)
    at Writable.write (node:internal/streams/writable:510:10)
    at Console.log (/home/sam/.nvm/versions/node/v20.20.0/lib/node_modules/firebase-tools/node_modules/winston/lib/winston/transports/console.js:87:23)
    at Console._write (/home/sam/.nvm/versions/node/v20.20.0/lib/node_modules/firebase-tools/node_modules/winston-transport/modern.js:103:17)
    at doWrite (/home/sam/.nvm/versions/node/v20.20.0/lib/node_modules/firebase-tools/node_modules/winston-transport/node_modules/readable-stream/lib/_stream_writable.js:390:139)
[error] 
[error] Error: An unexpected error has occurred.
[debug] [2026-03-02T19:06:57.930Z] Error: write EPIPE
    at afterWriteDispatched (node:internal/stream_base_commons:161:15)
    at writeGeneric (node:internal/stream_base_commons:152:3)
    at Socket._writeGeneric (node:net:958:11)
    at Socket._write (node:net:970:8)
    at writeOrBuffer (node:internal/streams/writable:572:12)
    at _write (node:internal/streams/writable:501:10)
    at Writable.write (node:internal/streams/writable:510:10)
    at Console.log (/home/sam/.nvm/versions/node/v20.20.0/lib/node_modules/firebase-tools/node_modules/winston/lib/winston/transports/console.js:87:23)
    at Console._write (/home/sam/.nvm/versions/node/v20.20.0/lib/node_modules/firebase-tools/node_modules/winston-transport/modern.js:103:17)
    at doWrite (/home/sam/.nvm/versions/node/v20.20.0/lib/node_modules/firebase-tools/node_modules/winston-transport/node_modules/readable-stream/lib/_stream_writable.js:390:139)
[error] 
[error] Error: An unexpected error has occurred.
[debug] [2026-03-02T19:06:57.931Z] Error: write EPIPE
    at afterWriteDispatched (node:internal/stream_base_commons:161:15)
    at writeGeneric (node:internal/stream_base_commons:152:3)
    at Socket._writeGeneric (node:net:958:11)
    at Socket._write (node:net:970:8)
    at writeOrBuffer (node:internal/streams/writable:572:12)
    at _write (node:internal/streams/writable:501:10)
    at Writable.write (node:internal/streams/writable:510:10)
    at Console.log (/home/sam/.nvm/versions/node/v20.20.0/lib/node_modules/firebase-tools/node_modules/winston/lib/winston/transports/console.js:87:23)
    at Console._write (/home/sam/.nvm/versions/node/v20.20.0/lib/node_modules/firebase-tools/node_modules/winston-transport/modern.js:103:17)
    at doWrite (/home/sam/.nvm/versions/node/v20.20.0/lib/node_modules/firebase-tools/node_modules/winston-transport/node_modules/readable-stream/lib/_stream_writable.js:390:139)
[error] 
[error] Error: An unexpected error has occurred.
[debug] [2026-03-02T19:06:57.931Z] Error: write EPIPE
    at afterWriteDispatched (node:internal/stream_base_commons:161:15)
    at writeGeneric (node:internal/stream_base_commons:152:3)
    at Socket._writeGeneric (node:net:958:11)
    at Socket._write (node:net:970:8)
    at writeOrBuffer (node:internal/streams/writable:572:12)
    at _write (node:internal/streams/writable:501:10)
    at Writable.write (node:internal/streams/writable:510:10)
    at Console.log (/home/sam/.nvm/versions/node/v20.20.0/lib/node_modules/firebase-tools/node_modules/winston/lib/winston/transports/console.js:87:23)
    at Console._write (/home/sam/.nvm/versions/node/v20.20.0/lib/node_modules/firebase-tools/node_modules/winston-transport/modern.js:103:17)
    at doWrite (/home/sam/.nvm/versions/node/v20.20.0/lib/node_modules/firebase-tools/node_modules/winston-transport/node_modules/readable-stream/lib/_stream_writable.js:390:139)
[error] 
[error] Error: An unexpected error has occurred.
[debug] [2026-03-02T19:06:57.931Z] Error: write EPIPE
    at afterWriteDispatched (node:internal/stream_base_commons:161:15)
    at writeGeneric (node:internal/stream_base_commons:152:3)
    at Socket._writeGeneric (node:net:958:11)
    at Socket._write (node:net:970:8)
    at writeOrBuffer (node:internal/streams/writable:572:12)
    at _write (node:internal/streams/writable:501:10)
    at Writable.write (node:internal/streams/writable:510:10)
    at Console.log (/home/sam/.nvm/versions/node/v20.20.0/lib/node_modules/firebase-tools/node_modules/winston/lib/winston/transports/console.js:87:23)
    at Console._write (/home/sam/.nvm/versions/node/v20.20.0/lib/node_modules/firebase-tools/node_modules/winston-transport/modern.js:103:17)
    at doWrite (/home/sam/.nvm/versions/node/v20.20.0/lib/node_modules/firebase-tools/node_modules/winston-transport/node_modules/readable-stream/lib/_stream_writable.js:390:139)
[error] 
[error] Error: An unexpected error has occurred.
[debug] [2026-03-02T19:06:57.932Z] Error: write EPIPE
    at afterWriteDispatched (node:internal/stream_base_commons:161:15)
    at writeGeneric (node:internal/stream_base_commons:152:3)
    at Socket._writeGeneric (node:net:958:11)
    at Socket._write (node:net:970:8)
    at writeOrBuffer (node:internal/streams/writable:572:12)
    at _write (node:internal/streams/writable:501:10)
    at Writable.write (node:internal/streams/writable:510:10)
    at Console.log (/home/sam/.nvm/versions/node/v20.20.0/lib/node_modules/firebase-tools/node_modules/winston/lib/winston/transports/console.js:87:23)
    at Console._write (/home/sam/.nvm/versions/node/v20.20.0/lib/node_modules/firebase-tools/node_modules/winston-transport/modern.js:103:17)
    at doWrite (/home/sam/.nvm/versions/node/v20.20.0/lib/node_modules/firebase-tools/node_modules/winston-transport/node_modules/readable-stream/lib/_stream_writable.js:390:139)
[error] 
[error] Error: An unexpected error has occurred.
[debug] [2026-03-02T19:06:57.932Z] Error: write EPIPE
    at afterWriteDispatched (node:internal/stream_base_commons:161:15)
    at writeGeneric (node:internal/stream_base_commons:152:3)
    at Socket._writeGeneric (node:net:958:11)
    at Socket._write (node:net:970:8)
    at writeOrBuffer (node:internal/streams/writable:572:12)
    at _write (node:internal/streams/writable:501:10)
    at Writable.write (node:internal/streams/writable:510:10)
    at Console.log (/home/sam/.nvm/versions/node/v20.20.0/lib/node_modules/firebase-tools/node_modules/winston/lib/winston/transports/console.js:87:23)
    at Console._write (/home/sam/.nvm/versions/node/v20.20.0/lib/node_modules/firebase-tools/node_modules/winston-transport/modern.js:103:17)
    at doWrite (/home/sam/.nvm/versions/node/v20.20.0/lib/node_modules/firebase-tools/node_modules/winston-transport/node_modules/readable-stream/lib/_stream_writable.js:390:139)
[error] 
[error] Error: An unexpected error has occurred.
[debug] [2026-03-02T19:06:57.933Z] Error: write EPIPE
    at afterWriteDispatched (node:internal/stream_base_commons:161:15)
    at writeGeneric (node:internal/stream_base_commons:152:3)
    at Socket._writeGeneric (node:net:958:11)
    at Socket._write (node:net:970:8)
    at writeOrBuffer (node:internal/streams/writable:572:12)
    at _write (node:internal/streams/writable:501:10)
    at Writable.write (node:internal/streams/writable:510:10)
    at Console.log (/home/sam/.nvm/versions/node/v20.20.0/lib/node_modules/firebase-tools/node_modules/winston/lib/winston/transports/console.js:87:23)
    at Console._write (/home/sam/.nvm/versions/node/v20.20.0/lib/node_modules/firebase-tools/node_modules/winston-transport/modern.js:103:17)
    at doWrite (/home/sam/.nvm/versions/node/v20.20.0/lib/node_modules/firebase-tools/node_modules/winston-transport/node_modules/readable-stream/lib/_stream_writable.js:390:139)
[error] 
[error] Error: An unexpected error has occurred.
[debug] [2026-03-02T19:06:57.933Z] Error: write EPIPE
    at afterWriteDispatched (node:internal/stream_base_commons:161:15)
    at writeGeneric (node:internal/stream_base_commons:152:3)
    at Socket._writeGeneric (node:net:958:11)
    at Socket._write (node:net:970:8)
    at writeOrBuffer (node:internal/streams/writable:572:12)
    at _write (node:internal/streams/writable:501:10)
    at Writable.write (node:internal/streams/writable:510:10)
    at Console.log (/home/sam/.nvm/versions/node/v20.20.0/lib/node_modules/firebase-tools/node_modules/winston/lib/winston/transports/console.js:87:23)
    at Console._write (/home/sam/.nvm/versions/node/v20.20.0/lib/node_modules/firebase-tools/node_modules/winston-transport/modern.js:103:17)
    at doWrite (/home/sam/.nvm/versions/node/v20.20.0/lib/node_modules/firebase-tools/node_modules/winston-transport/node_modules/readable-stream/lib/_stream_writable.js:390:139)
[error] 
[error] Error: An unexpected error has occurred.
[debug] [2026-03-02T19:06:57.933Z] Error: write EPIPE
    at afterWriteDispatched (node:internal/stream_base_commons:161:15)
    at writeGeneric (node:internal/stream_base_commons:152:3)
    at Socket._writeGeneric (node:net:958:11)
    at Socket._write (node:net:970:8)
    at writeOrBuffer (node:internal/streams/writable:572:12)
    at _write (node:internal/streams/writable:501:10)
    at Writable.write (node:internal/streams/writable:510:10)
    at Console.log (/home/sam/.nvm/versions/node/v20.20.0/lib/node_modules/firebase-tools/node_modules/winston/lib/winston/transports/console.js:87:23)
    at Console._write (/home/sam/.nvm/versions/node/v20.20.0/lib/node_modules/firebase-tools/node_modules/winston-transport/modern.js:103:17)
    at doWrite (/home/sam/.nvm/versions/node/v20.20.0/lib/node_modules/firebase-tools/node_modules/winston-transport/node_modules/readable-stream/lib/_stream_writable.js:390:139)
[error] 
[error] Error: An unexpected error has occurred.
[debug] [2026-03-02T19:06:57.934Z] Error: write EPIPE
    at afterWriteDispatched (node:internal/stream_base_commons:161:15)
    at writeGeneric (node:internal/stream_base_commons:152:3)
    at Socket._writeGeneric (node:net:958:11)
    at Socket._write (node:net:970:8)
    at writeOrBuffer (node:internal/streams/writable:572:12)
    at _write (node:internal/streams/writable:501:10)
    at Writable.write (node:internal/streams/writable:510:10)
    at Console.log (/home/sam/.nvm/versions/node/v20.20.0/lib/node_modules/firebase-tools/node_modules/winston/lib/winston/transports/console.js:87:23)
    at Console._write (/home/sam/.nvm/versions/node/v20.20.0/lib/node_modules/firebase-tools/node_modules/winston-transport/modern.js:103:17)
    at doWrite (/home/sam/.nvm/versions/node/v20.20.0/lib/node_modules/firebase-tools/node_modules/winston-transport/node_modules/readable-stream/lib/_stream_writable.js:390:139)
[error] 
[error] Error: An unexpected error has occurred.
[debug] [2026-03-02T19:06:57.934Z] Error: write EPIPE
    at afterWriteDispatched (node:internal/stream_base_commons:161:15)
    at writeGeneric (node:internal/stream_base_commons:152:3)
    at Socket._writeGeneric (node:net:958:11)
    at Socket._write (node:net:970:8)
    at writeOrBuffer (node:internal/streams/writable:572:12)
    at _write (node:internal/streams/writable:501:10)
    at Writable.write (node:internal/streams/writable:510:10)
    at Console.log (/home/sam/.nvm/versions/node/v20.20.0/lib/node_modules/firebase-tools/node_modules/winston/lib/winston/transports/console.js:87:23)
    at Console._write (/home/sam/.nvm/versions/node/v20.20.0/lib/node_modules/firebase-tools/node_modules/winston-transport/modern.js:103:17)
    at doWrite (/home/sam/.nvm/versions/node/v20.20.0/lib/node_modules/firebase-tools/node_modules/winston-transport/node_modules/readable-stream/lib/_stream_writable.js:390:139)
[error] 
[error] Error: An unexpected error has occurred.
[debug] [2026-03-02T19:06:57.935Z] Error: write EPIPE
    at afterWriteDispatched (node:internal/stream_base_commons:161:15)
    at writeGeneric (node:internal/stream_base_commons:152:3)
    at Socket._writeGeneric (node:net:958:11)
    at Socket._write (node:net:970:8)
    at writeOrBuffer (node:internal/streams/writable:572:12)
    at _write (node:internal/streams/writable:501:10)
    at Writable.write (node:internal/streams/writable:510:10)
    at Console.log (/home/sam/.nvm/versions/node/v20.20.0/lib/node_modules/firebase-tools/node_modules/winston/lib/winston/transports/console.js:87:23)
    at Console._write (/home/sam/.nvm/versions/node/v20.20.0/lib/node_modules/firebase-tools/node_modules/winston-transport/modern.js:103:17)
    at doWrite (/home/sam/.nvm/versions/node/v20.20.0/lib/node_modules/firebase-tools/node_modules/winston-transport/node_modules/readable-stream/lib/_stream_writable.js:390:139)
[error] 
[error] Error: An unexpected error has occurred.
[debug] [2026-03-02T19:06:57.935Z] Error: write EPIPE
    at afterWriteDispatched (node:internal/stream_base_commons:161:15)
    at writeGeneric (node:internal/stream_base_commons:152:3)
    at Socket._writeGeneric (node:net:958:11)
    at Socket._write (node:net:970:8)
    at writeOrBuffer (node:internal/streams/writable:572:12)
    at _write (node:internal/streams/writable:501:10)
    at Writable.write (node:internal/streams/writable:510:10)
    at Console.log (/home/sam/.nvm/versions/node/v20.20.0/lib/node_modules/firebase-tools/node_modules/winston/lib/winston/transports/console.js:87:23)
    at Console._write (/home/sam/.nvm/versions/node/v20.20.0/lib/node_modules/firebase-tools/node_modules/winston-transport/modern.js:103:17)
    at doWrite (/home/sam/.nvm/versions/node/v20.20.0/lib/node_modules/firebase-tools/node_modules/winston-transport/node_modules/readable-stream/lib/_stream_writable.js:390:139)
[error] 
[error] Error: An unexpected error has occurred.
[debug] [2026-03-02T19:06:57.935Z] Error: write EPIPE
    at afterWriteDispatched (node:internal/stream_base_commons:161:15)
    at writeGeneric (node:internal/stream_base_commons:152:3)
    at Socket._writeGeneric (node:net:958:11)
    at Socket._write (node:net:970:8)
    at writeOrBuffer (node:internal/streams/writable:572:12)
    at _write (node:internal/streams/writable:501:10)
    at Writable.write (node:internal/streams/writable:510:10)
    at Console.log (/home/sam/.nvm/versions/node/v20.20.0/lib/node_modules/firebase-tools/node_modules/winston/lib/winston/transports/console.js:87:23)
    at Console._write (/home/sam/.nvm/versions/node/v20.20.0/lib/node_modules/firebase-tools/node_modules/winston-transport/modern.js:103:17)
    at doWrite (/home/sam/.nvm/versions/node/v20.20.0/lib/node_modules/firebase-tools/node_modules/winston-transport/node_modules/readable-stream/lib/_stream_writable.js:390:139)
[error] 
[error] Error: An unexpected error has occurred.
[debug] [2026-03-02T19:06:57.936Z] Error: write EPIPE
    at afterWriteDispatched (node:internal/stream_base_commons:161:15)
    at writeGeneric (node:internal/stream_base_commons:152:3)
    at Socket._writeGeneric (node:net:958:11)
    at Socket._write (node:net:970:8)
    at writeOrBuffer (node:internal/streams/writable:572:12)
    at _write (node:internal/streams/writable:501:10)
    at Writable.write (node:internal/streams/writable:510:10)
    at Console.log (/home/sam/.nvm/versions/node/v20.20.0/lib/node_modules/firebase-tools/node_modules/winston/lib/winston/transports/console.js:87:23)
    at Console._write (/home/sam/.nvm/versions/node/v20.20.0/lib/node_modules/firebase-tools/node_modules/winston-transport/modern.js:103:17)
    at doWrite (/home/sam/.nvm/versions/node/v20.20.0/lib/node_modules/firebase-tools/node_modules/winston-transport/node_modules/readable-stream/lib/_stream_writable.js:390:139)
[error] 
[error] Error: An unexpected error has occurred.
[debug] [2026-03-02T19:06:57.936Z] Error: write EPIPE
    at afterWriteDispatched (node:internal/stream_base_commons:161:15)
    at writeGeneric (node:internal/stream_base_commons:152:3)
    at Socket._writeGeneric (node:net:958:11)
    at Socket._write (node:net:970:8)
    at writeOrBuffer (node:internal/streams/writable:572:12)
    at _write (node:internal/streams/writable:501:10)
    at Writable.write (node:internal/streams/writable:510:10)
    at Console.log (/home/sam/.nvm/versions/node/v20.20.0/lib/node_modules/firebase-tools/node_modules/winston/lib/winston/transports/console.js:87:23)
    at Console._write (/home/sam/.nvm/versions/node/v20.20.0/lib/node_modules/firebase-tools/node_modules/winston-transport/modern.js:103:17)
    at doWrite (/home/sam/.nvm/versions/node/v20.20.0/lib/node_modules/firebase-tools/node_modules/winston-transport/node_modules/readable-stream/lib/_stream_writable.js:390:139)
[error] 
[error] Error: An unexpected error has occurred.
[debug] [2026-03-02T19:06:57.939Z] Error: write EPIPE
    at afterWriteDispatched (node:internal/stream_base_commons:161:15)
    at writeGeneric (node:internal/stream_base_commons:152:3)
    at Socket._writeGeneric (node:net:958:11)
    at Socket._write (node:net:970:8)
    at writeOrBuffer (node:internal/streams/writable:572:12)
    at _write (node:internal/streams/writable:501:10)
    at Writable.write (node:internal/streams/writable:510:10)
    at Console.log (/home/sam/.nvm/versions/node/v20.20.0/lib/node_modules/firebase-tools/node_modules/winston/lib/winston/transports/console.js:87:23)
    at Console._write (/home/sam/.nvm/versions/node/v20.20.0/lib/node_modules/firebase-tools/node_modules/winston-transport/modern.js:103:17)
    at doWrite (/home/sam/.nvm/versions/node/v20.20.0/lib/node_modules/firebase-tools/node_modules/winston-transport/node_modules/readable-stream/lib/_stream_writable.js:390:139)
[error] 
[error] Error: An unexpected error has occurred.
[debug] [2026-03-02T19:06:57.940Z] Error: write EPIPE
    at afterWriteDispatched (node:internal/stream_base_commons:161:15)
    at writeGeneric (node:internal/stream_base_commons:152:3)
    at Socket._writeGeneric (node:net:958:11)
    at Socket._write (node:net:970:8)
    at writeOrBuffer (node:internal/streams/writable:572:12)
    at _write (node:internal/streams/writable:501:10)
    at Writable.write (node:internal/streams/writable:510:10)
    at Console.log (/home/sam/.nvm/versions/node/v20.20.0/lib/node_modules/firebase-tools/node_modules/winston/lib/winston/transports/console.js:87:23)
    at Console._write (/home/sam/.nvm/versions/node/v20.20.0/lib/node_modules/firebase-tools/node_modules/winston-transport/modern.js:103:17)
    at doWrite (/home/sam/.nvm/versions/node/v20.20.0/lib/node_modules/firebase-tools/node_modules/winston-transport/node_modules/readable-stream/lib/_stream_writable.js:390:139)
[error] 
[error] Error: An unexpected error has occurred.
[debug] [2026-03-02T19:06:57.941Z] Error: write EPIPE
    at afterWriteDispatched (node:internal/stream_base_commons:161:15)
    at writeGeneric (node:internal/stream_base_commons:152:3)
    at Socket._writeGeneric (node:net:958:11)
    at Socket._write (node:net:970:8)
    at writeOrBuffer (node:internal/streams/writable:572:12)
    at _write (node:internal/streams/writable:501:10)
    at Writable.write (node:internal/streams/writable:510:10)
    at Console.log (/home/sam/.nvm/versions/node/v20.20.0/lib/node_modules/firebase-tools/node_modules/winston/lib/winston/transports/console.js:87:23)
    at Console._write (/home/sam/.nvm/versions/node/v20.20.0/lib/node_modules/firebase-tools/node_modules/winston-transport/modern.js:103:17)
    at doWrite (/home/sam/.nvm/versions/node/v20.20.0/lib/node_modules/firebase-tools/node_modules/winston-transport/node_modules/readable-stream/lib/_stream_writable.js:390:139)
[error] 
[error] Error: An unexpected error has occurred.
[debug] [2026-03-02T19:06:57.941Z] Error: write EPIPE
    at afterWriteDispatched (node:internal/stream_base_commons:161:15)
    at writeGeneric (node:internal/stream_base_commons:152:3)
    at Socket._writeGeneric (node:net:958:11)
    at Socket._write (node:net:970:8)
    at writeOrBuffer (node:internal/streams/writable:572:12)
    at _write (node:internal/streams/writable:501:10)
    at Writable.write (node:internal/streams/writable:510:10)
    at Console.log (/home/sam/.nvm/versions/node/v20.20.0/lib/node_modules/firebase-tools/node_modules/winston/lib/winston/transports/console.js:87:23)
    at Console._write (/home/sam/.nvm/versions/node/v20.20.0/lib/node_modules/firebase-tools/node_modules/winston-transport/modern.js:103:17)
    at doWrite (/home/sam/.nvm/versions/node/v20.20.0/lib/node_modules/firebase-tools/node_modules/winston-transport/node_modules/readable-stream/lib/_stream_writable.js:390:139)
[error] 
[error] Error: An unexpected error has occurred.
[debug] [2026-03-02T19:06:57.942Z] Error: write EPIPE
    at afterWriteDispatched (node:internal/stream_base_commons:161:15)
    at writeGeneric (node:internal/stream_base_commons:152:3)
    at Socket._writeGeneric (node:net:958:11)
    at Socket._write (node:net:970:8)
    at writeOrBuffer (node:internal/streams/writable:572:12)
    at _write (node:internal/streams/writable:501:10)
    at Writable.write (node:internal/streams/writable:510:10)
    at Console.log (/home/sam/.nvm/versions/node/v20.20.0/lib/node_modules/firebase-tools/node_modules/winston/lib/winston/transports/console.js:87:23)
    at Console._write (/home/sam/.nvm/versions/node/v20.20.0/lib/node_modules/firebase-tools/node_modules/winston-transport/modern.js:103:17)
    at doWrite (/home/sam/.nvm/versions/node/v20.20.0/lib/node_modules/firebase-tools/node_modules/winston-transport/node_modules/readable-stream/lib/_stream_writable.js:390:139)
[error] 
[error] Error: An unexpected error has occurred.
[debug] [2026-03-02T19:06:57.942Z] Error: write EPIPE
    at afterWriteDispatched (node:internal/stream_base_commons:161:15)
    at writeGeneric (node:internal/stream_base_commons:152:3)
    at Socket._writeGeneric (node:net:958:11)
    at Socket._write (node:net:970:8)
    at writeOrBuffer (node:internal/streams/writable:572:12)
    at _write (node:internal/streams/writable:501:10)
    at Writable.write (node:internal/streams/writable:510:10)
    at Console.log (/home/sam/.nvm/versions/node/v20.20.0/lib/node_modules/firebase-tools/node_modules/winston/lib/winston/transports/console.js:87:23)
    at Console._write (/home/sam/.nvm/versions/node/v20.20.0/lib/node_modules/firebase-tools/node_modules/winston-transport/modern.js:103:17)
    at doWrite (/home/sam/.nvm/versions/node/v20.20.0/lib/node_modules/firebase-tools/node_modules/winston-transport/node_modules/readable-stream/lib/_stream_writable.js:390:139)
[error] 
[error] Error: An unexpected error has occurred.
[debug] [2026-03-02T19:06:57.942Z] Error: write EPIPE
    at afterWriteDispatched (node:internal/stream_base_commons:161:15)
    at writeGeneric (node:internal/stream_base_commons:152:3)
    at Socket._writeGeneric (node:net:958:11)
    at Socket._write (node:net:970:8)
    at writeOrBuffer (node:internal/streams/writable:572:12)
    at _write (node:internal/streams/writable:501:10)
    at Writable.write (node:internal/streams/writable:510:10)
    at Console.log (/home/sam/.nvm/versions/node/v20.20.0/lib/node_modules/firebase-tools/node_modules/winston/lib/winston/transports/console.js:87:23)
    at Console._write (/home/sam/.nvm/versions/node/v20.20.0/lib/node_modules/firebase-tools/node_modules/winston-transport/modern.js:103:17)
    at doWrite (/home/sam/.nvm/versions/node/v20.20.0/lib/node_modules/firebase-tools/node_modules/winston-transport/node_modules/readable-stream/lib/_stream_writable.js:390:139)
[error] 
[error] Error: An unexpected error has occurred.
[debug] [2026-03-02T19:06:57.943Z] Error: write EPIPE
    at afterWriteDispatched (node:internal/stream_base_commons:161:15)
    at writeGeneric (node:internal/stream_base_commons:152:3)
    at Socket._writeGeneric (node:net:958:11)
    at Socket._write (node:net:970:8)
    at writeOrBuffer (node:internal/streams/writable:572:12)
    at _write (node:internal/streams/writable:501:10)
    at Writable.write (node:internal/streams/writable:510:10)
    at Console.log (/home/sam/.nvm/versions/node/v20.20.0/lib/node_modules/firebase-tools/node_modules/winston/lib/winston/transports/console.js:87:23)
    at Console._write (/home/sam/.nvm/versions/node/v20.20.0/lib/node_modules/firebase-tools/node_modules/winston-transport/modern.js:103:17)
    at doWrite (/home/sam/.nvm/versions/node/v20.20.0/lib/node_modules/firebase-tools/node_modules/winston-transport/node_modules/readable-stream/lib/_stream_writable.js:390:139)
[error] 
[error] Error: An unexpected error has occurred.
[debug] [2026-03-02T19:06:57.943Z] Error: write EPIPE
    at afterWriteDispatched (node:internal/stream_base_commons:161:15)
    at writeGeneric (node:internal/stream_base_commons:152:3)
    at Socket._writeGeneric (node:net:958:11)
    at Socket._write (node:net:970:8)
    at writeOrBuffer (node:internal/streams/writable:572:12)
    at _write (node:internal/streams/writable:501:10)
    at Writable.write (node:internal/streams/writable:510:10)
    at Console.log (/home/sam/.nvm/versions/node/v20.20.0/lib/node_modules/firebase-tools/node_modules/winston/lib/winston/transports/console.js:87:23)
    at Console._write (/home/sam/.nvm/versions/node/v20.20.0/lib/node_modules/firebase-tools/node_modules/winston-transport/modern.js:103:17)
    at doWrite (/home/sam/.nvm/versions/node/v20.20.0/lib/node_modules/firebase-tools/node_modules/winston-transport/node_modules/readable-stream/lib/_stream_writable.js:390:139)
[error] 
[error] Error: An unexpected error has occurred.
[debug] [2026-03-02T19:06:57.944Z] Error: write EPIPE
    at afterWriteDispatched (node:internal/stream_base_commons:161:15)
    at writeGeneric (node:internal/stream_base_commons:152:3)
    at Socket._writeGeneric (node:net:958:11)
    at Socket._write (node:net:970:8)
    at writeOrBuffer (node:internal/streams/writable:572:12)
    at _write (node:internal/streams/writable:501:10)
    at Writable.write (node:internal/streams/writable:510:10)
    at Console.log (/home/sam/.nvm/versions/node/v20.20.0/lib/node_modules/firebase-tools/node_modules/winston/lib/winston/transports/console.js:87:23)
    at Console._write (/home/sam/.nvm/versions/node/v20.20.0/lib/node_modules/firebase-tools/node_modules/winston-transport/modern.js:103:17)
    at doWrite (/home/sam/.nvm/versions/node/v20.20.0/lib/node_modules/firebase-tools/node_modules/winston-transport/node_modules/readable-stream/lib/_stream_writable.js:390:139)
[error] 
[error] Error: An unexpected error has occurred.
[debug] [2026-03-02T19:06:57.945Z] Error: write EPIPE
    at afterWriteDispatched (node:internal/stream_base_commons:161:15)
    at writeGeneric (node:internal/stream_base_commons:152:3)
    at Socket._writeGeneric (node:net:958:11)
    at Socket._write (node:net:970:8)
    at writeOrBuffer (node:internal/streams/writable:572:12)
    at _write (node:internal/streams/writable:501:10)
    at Writable.write (node:internal/streams/writable:510:10)
    at Console.log (/home/sam/.nvm/versions/node/v20.20.0/lib/node_modules/firebase-tools/node_modules/winston/lib/winston/transports/console.js:87:23)
    at Console._write (/home/sam/.nvm/versions/node/v20.20.0/lib/node_modules/firebase-tools/node_modules/winston-transport/modern.js:103:17)
    at doWrite (/home/sam/.nvm/versions/node/v20.20.0/lib/node_modules/firebase-tools/node_modules/winston-transport/node_modules/readable-stream/lib/_stream_writable.js:390:139)
[error] 
[error] Error: An unexpected error has occurred.
[debug] [2026-03-02T19:06:57.955Z] Error: write EPIPE
    at afterWriteDispatched (node:internal/stream_base_commons:161:15)
    at writeGeneric (node:internal/stream_base_commons:152:3)
    at Socket._writeGeneric (node:net:958:11)
    at Socket._write (node:net:970:8)
    at writeOrBuffer (node:internal/streams/writable:572:12)
    at _write (node:internal/streams/writable:501:10)
    at Writable.write (node:internal/streams/writable:510:10)
    at Console.log (/home/sam/.nvm/versions/node/v20.20.0/lib/node_modules/firebase-tools/node_modules/winston/lib/winston/transports/console.js:87:23)
    at Console._write (/home/sam/.nvm/versions/node/v20.20.0/lib/node_modules/firebase-tools/node_modules/winston-transport/modern.js:103:17)
    at doWrite (/home/sam/.nvm/versions/node/v20.20.0/lib/node_modules/firebase-tools/node_modules/winston-transport/node_modules/readable-stream/lib/_stream_writable.js:390:139)
[error] 
[error] Error: An unexpected error has occurred.
[debug] [2026-03-02T19:06:57.956Z] Error: write EPIPE
    at afterWriteDispatched (node:internal/stream_base_commons:161:15)
    at writeGeneric (node:internal/stream_base_commons:152:3)
    at Socket._writeGeneric (node:net:958:11)
    at Socket._write (node:net:970:8)
    at writeOrBuffer (node:internal/streams/writable:572:12)
    at _write (node:internal/streams/writable:501:10)
    at Writable.write (node:internal/streams/writable:510:10)
    at Console.log (/home/sam/.nvm/versions/node/v20.20.0/lib/node_modules/firebase-tools/node_modules/winston/lib/winston/transports/console.js:87:23)
    at Console._write (/home/sam/.nvm/versions/node/v20.20.0/lib/node_modules/firebase-tools/node_modules/winston-transport/modern.js:103:17)
    at doWrite (/home/sam/.nvm/versions/node/v20.20.0/lib/node_modules/firebase-tools/node_modules/winston-transport/node_modules/readable-stream/lib/_stream_writable.js:390:139)
[error] 
[error] Error: An unexpected error has occurred.
[debug] [2026-03-02T19:06:57.956Z] Error: write EPIPE
    at afterWriteDispatched (node:internal/stream_base_commons:161:15)
    at writeGeneric (node:internal/stream_base_commons:152:3)
    at Socket._writeGeneric (node:net:958:11)
    at Socket._write (node:net:970:8)
    at writeOrBuffer (node:internal/streams/writable:572:12)
    at _write (node:internal/streams/writable:501:10)
    at Writable.write (node:internal/streams/writable:510:10)
    at Console.log (/home/sam/.nvm/versions/node/v20.20.0/lib/node_modules/firebase-tools/node_modules/winston/lib/winston/transports/console.js:87:23)
    at Console._write (/home/sam/.nvm/versions/node/v20.20.0/lib/node_modules/firebase-tools/node_modules/winston-transport/modern.js:103:17)
    at doWrite (/home/sam/.nvm/versions/node/v20.20.0/lib/node_modules/firebase-tools/node_modules/winston-transport/node_modules/readable-stream/lib/_stream_writable.js:390:139)
[error] 
[error] Error: An unexpected error has occurred.
[debug] [2026-03-02T19:06:57.957Z] Error: write EPIPE
    at afterWriteDispatched (node:internal/stream_base_commons:161:15)
    at writeGeneric (node:internal/stream_base_commons:152:3)
    at Socket._writeGeneric (node:net:958:11)
    at Socket._write (node:net:970:8)
    at writeOrBuffer (node:internal/streams/writable:572:12)
    at _write (node:internal/streams/writable:501:10)
    at Writable.write (node:internal/streams/writable:510:10)
    at Console.log (/home/sam/.nvm/versions/node/v20.20.0/lib/node_modules/firebase-tools/node_modules/winston/lib/winston/transports/console.js:87:23)
    at Console._write (/home/sam/.nvm/versions/node/v20.20.0/lib/node_modules/firebase-tools/node_modules/winston-transport/modern.js:103:17)
    at doWrite (/home/sam/.nvm/versions/node/v20.20.0/lib/node_modules/firebase-tools/node_modules/winston-transport/node_modules/readable-stream/lib/_stream_writable.js:390:139)
[error] 
[error] Error: An unexpected error has occurred.
[debug] [2026-03-02T19:06:57.957Z] Error: write EPIPE
    at afterWriteDispatched (node:internal/stream_base_commons:161:15)
    at writeGeneric (node:internal/stream_base_commons:152:3)
    at Socket._writeGeneric (node:net:958:11)
    at Socket._write (node:net:970:8)
    at writeOrBuffer (node:internal/streams/writable:572:12)
    at _write (node:internal/streams/writable:501:10)
    at Writable.write (node:internal/streams/writable:510:10)
    at Console.log (/home/sam/.nvm/versions/node/v20.20.0/lib/node_modules/firebase-tools/node_modules/winston/lib/winston/transports/console.js:87:23)
    at Console._write (/home/sam/.nvm/versions/node/v20.20.0/lib/node_modules/firebase-tools/node_modules/winston-transport/modern.js:103:17)
    at doWrite (/home/sam/.nvm/versions/node/v20.20.0/lib/node_modules/firebase-tools/node_modules/winston-transport/node_modules/readable-stream/lib/_stream_writable.js:390:139)
[error] 
[error] Error: An unexpected error has occurred.
[debug] [2026-03-02T19:06:57.957Z] Error: write EPIPE
    at afterWriteDispatched (node:internal/stream_base_commons:161:15)
    at writeGeneric (node:internal/stream_base_commons:152:3)
    at Socket._writeGeneric (node:net:958:11)
    at Socket._write (node:net:970:8)
    at writeOrBuffer (node:internal/streams/writable:572:12)
    at _write (node:internal/streams/writable:501:10)
    at Writable.write (node:internal/streams/writable:510:10)
    at Console.log (/home/sam/.nvm/versions/node/v20.20.0/lib/node_modules/firebase-tools/node_modules/winston/lib/winston/transports/console.js:87:23)
    at Console._write (/home/sam/.nvm/versions/node/v20.20.0/lib/node_modules/firebase-tools/node_modules/winston-transport/modern.js:103:17)
    at doWrite (/home/sam/.nvm/versions/node/v20.20.0/lib/node_modules/firebase-tools/node_modules/winston-transport/node_modules/readable-stream/lib/_stream_writable.js:390:139)
[error] 
[error] Error: An unexpected error has occurred.
[debug] [2026-03-02T19:06:57.961Z] Error: write EPIPE
    at afterWriteDispatched (node:internal/stream_base_commons:161:15)
    at writeGeneric (node:internal/stream_base_commons:152:3)
    at Socket._writeGeneric (node:net:958:11)
    at Socket._write (node:net:970:8)
    at writeOrBuffer (node:internal/streams/writable:572:12)
    at _write (node:internal/streams/writable:501:10)
    at Writable.write (node:internal/streams/writable:510:10)
    at Console.log (/home/sam/.nvm/versions/node/v20.20.0/lib/node_modules/firebase-tools/node_modules/winston/lib/winston/transports/console.js:87:23)
    at Console._write (/home/sam/.nvm/versions/node/v20.20.0/lib/node_modules/firebase-tools/node_modules/winston-transport/modern.js:103:17)
    at doWrite (/home/sam/.nvm/versions/node/v20.20.0/lib/node_modules/firebase-tools/node_modules/winston-transport/node_modules/readable-stream/lib/_stream_writable.js:390:139)
[error] 
[error] Error: An unexpected error has occurred.
[debug] [2026-03-02T19:06:57.966Z] Error: write EPIPE
    at afterWriteDispatched (node:internal/stream_base_commons:161:15)
    at writeGeneric (node:internal/stream_base_commons:152:3)
    at Socket._writeGeneric (node:net:958:11)
    at Socket._write (node:net:970:8)
    at writeOrBuffer (node:internal/streams/writable:572:12)
    at _write (node:internal/streams/writable:501:10)
    at Writable.write (node:internal/streams/writable:510:10)
    at Console.log (/home/sam/.nvm/versions/node/v20.20.0/lib/node_modules/firebase-tools/node_modules/winston/lib/winston/transports/console.js:87:23)
    at Console._write (/home/sam/.nvm/versions/node/v20.20.0/lib/node_modules/firebase-tools/node_modules/winston-transport/modern.js:103:17)
    at doWrite (/home/sam/.nvm/versions/node/v20.20.0/lib/node_modules/firebase-tools/node_modules/winston-transport/node_modules/readable-stream/lib/_stream_writable.js:390:139)
[error] 
[error] Error: An unexpected error has occurred.
[debug] [2026-03-02T19:06:57.967Z] Error: write EPIPE
    at afterWriteDispatched (node:internal/stream_base_commons:161:15)
    at writeGeneric (node:internal/stream_base_commons:152:3)
    at Socket._writeGeneric (node:net:958:11)
    at Socket._write (node:net:970:8)
    at writeOrBuffer (node:internal/streams/writable:572:12)
    at _write (node:internal/streams/writable:501:10)
    at Writable.write (node:internal/streams/writable:510:10)
    at Console.log (/home/sam/.nvm/versions/node/v20.20.0/lib/node_modules/firebase-tools/node_modules/winston/lib/winston/transports/console.js:87:23)
    at Console._write (/home/sam/.nvm/versions/node/v20.20.0/lib/node_modules/firebase-tools/node_modules/winston-transport/modern.js:103:17)
    at doWrite (/home/sam/.nvm/versions/node/v20.20.0/lib/node_modules/firebase-tools/node_modules/winston-transport/node_modules/readable-stream/lib/_stream_writable.js:390:139)
[error] 
[error] Error: An unexpected error has occurred.
[debug] [2026-03-02T19:06:57.967Z] Error: write EPIPE
    at afterWriteDispatched (node:internal/stream_base_commons:161:15)
    at writeGeneric (node:internal/stream_base_commons:152:3)
    at Socket._writeGeneric (node:net:958:11)
    at Socket._write (node:net:970:8)
    at writeOrBuffer (node:internal/streams/writable:572:12)
    at _write (node:internal/streams/writable:501:10)
    at Writable.write (node:internal/streams/writable:510:10)
    at Console.log (/home/sam/.nvm/versions/node/v20.20.0/lib/node_modules/firebase-tools/node_modules/winston/lib/winston/transports/console.js:87:23)
    at Console._write (/home/sam/.nvm/versions/node/v20.20.0/lib/node_modules/firebase-tools/node_modules/winston-transport/modern.js:103:17)
    at doWrite (/home/sam/.nvm/versions/node/v20.20.0/lib/node_modules/firebase-tools/node_modules/winston-transport/node_modules/readable-stream/lib/_stream_writable.js:390:139)
[error] 
[error] Error: An unexpected error has occurred.
[debug] [2026-03-02T19:06:57.968Z] Error: write EPIPE
    at afterWriteDispatched (node:internal/stream_base_commons:161:15)
    at writeGeneric (node:internal/stream_base_commons:152:3)
    at Socket._writeGeneric (node:net:958:11)
    at Socket._write (node:net:970:8)
    at writeOrBuffer (node:internal/streams/writable:572:12)
    at _write (node:internal/streams/writable:501:10)
    at Writable.write (node:internal/streams/writable:510:10)
    at Console.log (/home/sam/.nvm/versions/node/v20.20.0/lib/node_modules/firebase-tools/node_modules/winston/lib/winston/transports/console.js:87:23)
    at Console._write (/home/sam/.nvm/versions/node/v20.20.0/lib/node_modules/firebase-tools/node_modules/winston-transport/modern.js:103:17)
    at doWrite (/home/sam/.nvm/versions/node/v20.20.0/lib/node_modules/firebase-tools/node_modules/winston-transport/node_modules/readable-stream/lib/_stream_writable.js:390:139)
[error] 
[error] Error: An unexpected error has occurred.
[debug] [2026-03-02T19:06:57.968Z] Error: write EPIPE
    at afterWriteDispatched (node:internal/stream_base_commons:161:15)
    at writeGeneric (node:internal/stream_base_commons:152:3)
    at Socket._writeGeneric (node:net:958:11)
    at Socket._write (node:net:970:8)
    at writeOrBuffer (node:internal/streams/writable:572:12)
    at _write (node:internal/streams/writable:501:10)
    at Writable.write (node:internal/streams/writable:510:10)
    at Console.log (/home/sam/.nvm/versions/node/v20.20.0/lib/node_modules/firebase-tools/node_modules/winston/lib/winston/transports/console.js:87:23)
    at Console._write (/home/sam/.nvm/versions/node/v20.20.0/lib/node_modules/firebase-tools/node_modules/winston-transport/modern.js:103:17)
    at doWrite (/home/sam/.nvm/versions/node/v20.20.0/lib/node_modules/firebase-tools/node_modules/winston-transport/node_modules/readable-stream/lib/_stream_writable.js:390:139)
[error] 
[error] Error: An unexpected error has occurred.
[debug] [2026-03-02T19:06:57.968Z] Error: write EPIPE
    at afterWriteDispatched (node:internal/stream_base_commons:161:15)
    at writeGeneric (node:internal/stream_base_commons:152:3)
    at Socket._writeGeneric (node:net:958:11)
    at Socket._write (node:net:970:8)
    at writeOrBuffer (node:internal/streams/writable:572:12)
    at _write (node:internal/streams/writable:501:10)
    at Writable.write (node:internal/streams/writable:510:10)
    at Console.log (/home/sam/.nvm/versions/node/v20.20.0/lib/node_modules/firebase-tools/node_modules/winston/lib/winston/transports/console.js:87:23)
    at Console._write (/home/sam/.nvm/versions/node/v20.20.0/lib/node_modules/firebase-tools/node_modules/winston-transport/modern.js:103:17)
    at doWrite (/home/sam/.nvm/versions/node/v20.20.0/lib/node_modules/firebase-tools/node_modules/winston-transport/node_modules/readable-stream/lib/_stream_writable.js:390:139)
[error] 
[error] Error: An unexpected error has occurred.
[debug] [2026-03-02T19:06:57.968Z] Error: write EPIPE
    at afterWriteDispatched (node:internal/stream_base_commons:161:15)
    at writeGeneric (node:internal/stream_base_commons:152:3)
    at Socket._writeGeneric (node:net:958:11)
    at Socket._write (node:net:970:8)
    at writeOrBuffer (node:internal/streams/writable:572:12)
    at _write (node:internal/streams/writable:501:10)
    at Writable.write (node:internal/streams/writable:510:10)
    at Console.log (/home/sam/.nvm/versions/node/v20.20.0/lib/node_modules/firebase-tools/node_modules/winston/lib/winston/transports/console.js:87:23)
    at Console._write (/home/sam/.nvm/versions/node/v20.20.0/lib/node_modules/firebase-tools/node_modules/winston-transport/modern.js:103:17)
    at doWrite (/home/sam/.nvm/versions/node/v20.20.0/lib/node_modules/firebase-tools/node_modules/winston-transport/node_modules/readable-stream/lib/_stream_writable.js:390:139)
[error] 
[error] Error: An unexpected error has occurred.
[debug] [2026-03-02T19:06:57.969Z] Error: write EPIPE
    at afterWriteDispatched (node:internal/stream_base_commons:161:15)
    at writeGeneric (node:internal/stream_base_commons:152:3)
    at Socket._writeGeneric (node:net:958:11)
    at Socket._write (node:net:970:8)
    at writeOrBuffer (node:internal/streams/writable:572:12)
    at _write (node:internal/streams/writable:501:10)
    at Writable.write (node:internal/streams/writable:510:10)
    at Console.log (/home/sam/.nvm/versions/node/v20.20.0/lib/node_modules/firebase-tools/node_modules/winston/lib/winston/transports/console.js:87:23)
    at Console._write (/home/sam/.nvm/versions/node/v20.20.0/lib/node_modules/firebase-tools/node_modules/winston-transport/modern.js:103:17)
    at doWrite (/home/sam/.nvm/versions/node/v20.20.0/lib/node_modules/firebase-tools/node_modules/winston-transport/node_modules/readable-stream/lib/_stream_writable.js:390:139)
[error] 
[error] Error: An unexpected error has occurred.
[debug] [2026-03-02T19:06:57.969Z] Error: write EPIPE
    at afterWriteDispatched (node:internal/stream_base_commons:161:15)
    at writeGeneric (node:internal/stream_base_commons:152:3)
    at Socket._writeGeneric (node:net:958:11)
    at Socket._write (node:net:970:8)
    at writeOrBuffer (node:internal/streams/writable:572:12)
    at _write (node:internal/streams/writable:501:10)
    at Writable.write (node:internal/streams/writable:510:10)
    at Console.log (/home/sam/.nvm/versions/node/v20.20.0/lib/node_modules/firebase-tools/node_modules/winston/lib/winston/transports/console.js:87:23)
    at Console._write (/home/sam/.nvm/versions/node/v20.20.0/lib/node_modules/firebase-tools/node_modules/winston-transport/modern.js:103:17)
    at doWrite (/home/sam/.nvm/versions/node/v20.20.0/lib/node_modules/firebase-tools/node_modules/winston-transport/node_modules/readable-stream/lib/_stream_writable.js:390:139)
[error] 
[error] Error: An unexpected error has occurred.
[debug] [2026-03-02T19:06:57.969Z] Error: write EPIPE
    at afterWriteDispatched (node:internal/stream_base_commons:161:15)
    at writeGeneric (node:internal/stream_base_commons:152:3)
    at Socket._writeGeneric (node:net:958:11)
    at Socket._write (node:net:970:8)
    at writeOrBuffer (node:internal/streams/writable:572:12)
    at _write (node:internal/streams/writable:501:10)
    at Writable.write (node:internal/streams/writable:510:10)
    at Console.log (/home/sam/.nvm/versions/node/v20.20.0/lib/node_modules/firebase-tools/node_modules/winston/lib/winston/transports/console.js:87:23)
    at Console._write (/home/sam/.nvm/versions/node/v20.20.0/lib/node_modules/firebase-tools/node_modules/winston-transport/modern.js:103:17)
    at doWrite (/home/sam/.nvm/versions/node/v20.20.0/lib/node_modules/firebase-tools/node_modules/winston-transport/node_modules/readable-stream/lib/_stream_writable.js:390:139)
[error] 
[error] Error: An unexpected error has occurred.
[debug] [2026-03-02T19:06:57.969Z] Error: write EPIPE
    at afterWriteDispatched (node:internal/stream_base_commons:161:15)
    at writeGeneric (node:internal/stream_base_commons:152:3)
    at Socket._writeGeneric (node:net:958:11)
    at Socket._write (node:net:970:8)
    at writeOrBuffer (node:internal/streams/writable:572:12)
    at _write (node:internal/streams/writable:501:10)
    at Writable.write (node:internal/streams/writable:510:10)
    at Console.log (/home/sam/.nvm/versions/node/v20.20.0/lib/node_modules/firebase-tools/node_modules/winston/lib/winston/transports/console.js:87:23)
    at Console._write (/home/sam/.nvm/versions/node/v20.20.0/lib/node_modules/firebase-tools/node_modules/winston-transport/modern.js:103:17)
    at doWrite (/home/sam/.nvm/versions/node/v20.20.0/lib/node_modules/firebase-tools/node_modules/winston-transport/node_modules/readable-stream/lib/_stream_writable.js:390:139)
[error] 
[error] Error: An unexpected error has occurred.
[debug] [2026-03-02T19:06:57.970Z] Error: write EPIPE
    at afterWriteDispatched (node:internal/stream_base_commons:161:15)
    at writeGeneric (node:internal/stream_base_commons:152:3)
    at Socket._writeGeneric (node:net:958:11)
    at Socket._write (node:net:970:8)
    at writeOrBuffer (node:internal/streams/writable:572:12)
    at _write (node:internal/streams/writable:501:10)
    at Writable.write (node:internal/streams/writable:510:10)
    at Console.log (/home/sam/.nvm/versions/node/v20.20.0/lib/node_modules/firebase-tools/node_modules/winston/lib/winston/transports/console.js:87:23)
    at Console._write (/home/sam/.nvm/versions/node/v20.20.0/lib/node_modules/firebase-tools/node_modules/winston-transport/modern.js:103:17)
    at doWrite (/home/sam/.nvm/versions/node/v20.20.0/lib/node_modules/firebase-tools/node_modules/winston-transport/node_modules/readable-stream/lib/_stream_writable.js:390:139)
[error] 
[error] Error: An unexpected error has occurred.
[debug] [2026-03-02T19:06:57.970Z] Error: write EPIPE
    at afterWriteDispatched (node:internal/stream_base_commons:161:15)
    at writeGeneric (node:internal/stream_base_commons:152:3)
    at Socket._writeGeneric (node:net:958:11)
    at Socket._write (node:net:970:8)
    at writeOrBuffer (node:internal/streams/writable:572:12)
    at _write (node:internal/streams/writable:501:10)
    at Writable.write (node:internal/streams/writable:510:10)
    at Console.log (/home/sam/.nvm/versions/node/v20.20.0/lib/node_modules/firebase-tools/node_modules/winston/lib/winston/transports/console.js:87:23)
    at Console._write (/home/sam/.nvm/versions/node/v20.20.0/lib/node_modules/firebase-tools/node_modules/winston-transport/modern.js:103:17)
    at doWrite (/home/sam/.nvm/versions/node/v20.20.0/lib/node_modules/firebase-tools/node_modules/winston-transport/node_modules/readable-stream/lib/_stream_writable.js:390:139)
[error] 
[error] Error: An unexpected error has occurred.
[debug] [2026-03-02T19:06:57.970Z] Error: write EPIPE
    at afterWriteDispatched (node:internal/stream_base_commons:161:15)
    at writeGeneric (node:internal/stream_base_commons:152:3)
    at Socket._writeGeneric (node:net:958:11)
    at Socket._write (node:net:970:8)
    at writeOrBuffer (node:internal/streams/writable:572:12)
    at _write (node:internal/streams/writable:501:10)
    at Writable.write (node:internal/streams/writable:510:10)
    at Console.log (/home/sam/.nvm/versions/node/v20.20.0/lib/node_modules/firebase-tools/node_modules/winston/lib/winston/transports/console.js:87:23)
    at Console._write (/home/sam/.nvm/versions/node/v20.20.0/lib/node_modules/firebase-tools/node_modules/winston-transport/modern.js:103:17)
    at doWrite (/home/sam/.nvm/versions/node/v20.20.0/lib/node_modules/firebase-tools/node_modules/winston-transport/node_modules/readable-stream/lib/_stream_writable.js:390:139)
[error] 
[error] Error: An unexpected error has occurred.
[debug] [2026-03-02T19:06:57.970Z] Error: write EPIPE
    at afterWriteDispatched (node:internal/stream_base_commons:161:15)
    at writeGeneric (node:internal/stream_base_commons:152:3)
    at Socket._writeGeneric (node:net:958:11)
    at Socket._write (node:net:970:8)
    at writeOrBuffer (node:internal/streams/writable:572:12)
    at _write (node:internal/streams/writable:501:10)
    at Writable.write (node:internal/streams/writable:510:10)
    at Console.log (/home/sam/.nvm/versions/node/v20.20.0/lib/node_modules/firebase-tools/node_modules/winston/lib/winston/transports/console.js:87:23)
    at Console._write (/home/sam/.nvm/versions/node/v20.20.0/lib/node_modules/firebase-tools/node_modules/winston-transport/modern.js:103:17)
    at doWrite (/home/sam/.nvm/versions/node/v20.20.0/lib/node_modules/firebase-tools/node_modules/winston-transport/node_modules/readable-stream/lib/_stream_writable.js:390:139)
[error] 
[error] Error: An unexpected error has occurred.
[debug] [2026-03-02T19:06:57.971Z] Error: write EPIPE
    at afterWriteDispatched (node:internal/stream_base_commons:161:15)
    at writeGeneric (node:internal/stream_base_commons:152:3)
    at Socket._writeGeneric (node:net:958:11)
    at Socket._write (node:net:970:8)
    at writeOrBuffer (node:internal/streams/writable:572:12)
    at _write (node:internal/streams/writable:501:10)
    at Writable.write (node:internal/streams/writable:510:10)
    at Console.log (/home/sam/.nvm/versions/node/v20.20.0/lib/node_modules/firebase-tools/node_modules/winston/lib/winston/transports/console.js:87:23)
    at Console._write (/home/sam/.nvm/versions/node/v20.20.0/lib/node_modules/firebase-tools/node_modules/winston-transport/modern.js:103:17)
    at doWrite (/home/sam/.nvm/versions/node/v20.20.0/lib/node_modules/firebase-tools/node_modules/winston-transport/node_modules/readable-stream/lib/_stream_writable.js:390:139)
[error] 
[error] Error: An unexpected error has occurred.
[debug] [2026-03-02T19:06:57.972Z] Error: write EPIPE
    at afterWriteDispatched (node:internal/stream_base_commons:161:15)
    at writeGeneric (node:internal/stream_base_commons:152:3)
    at Socket._writeGeneric (node:net:958:11)
    at Socket._write (node:net:970:8)
    at writeOrBuffer (node:internal/streams/writable:572:12)
    at _write (node:internal/streams/writable:501:10)
    at Writable.write (node:internal/streams/writable:510:10)
    at Console.log (/home/sam/.nvm/versions/node/v20.20.0/lib/node_modules/firebase-tools/node_modules/winston/lib/winston/transports/console.js:87:23)
    at Console._write (/home/sam/.nvm/versions/node/v20.20.0/lib/node_modules/firebase-tools/node_modules/winston-transport/modern.js:103:17)
    at doWrite (/home/sam/.nvm/versions/node/v20.20.0/lib/node_modules/firebase-tools/node_modules/winston-transport/node_modules/readable-stream/lib/_stream_writable.js:390:139)
[error] 
[error] Error: An unexpected error has occurred.
[debug] [2026-03-02T19:06:57.972Z] Error: write EPIPE
    at afterWriteDispatched (node:internal/stream_base_commons:161:15)
    at writeGeneric (node:internal/stream_base_commons:152:3)
    at Socket._writeGeneric (node:net:958:11)
    at Socket._write (node:net:970:8)
    at writeOrBuffer (node:internal/streams/writable:572:12)
    at _write (node:internal/streams/writable:501:10)
    at Writable.write (node:internal/streams/writable:510:10)
    at Console.log (/home/sam/.nvm/versions/node/v20.20.0/lib/node_modules/firebase-tools/node_modules/winston/lib/winston/transports/console.js:87:23)
    at Console._write (/home/sam/.nvm/versions/node/v20.20.0/lib/node_modules/firebase-tools/node_modules/winston-transport/modern.js:103:17)
    at doWrite (/home/sam/.nvm/versions/node/v20.20.0/lib/node_modules/firebase-tools/node_modules/winston-transport/node_modules/readable-stream/lib/_stream_writable.js:390:139)
[error] 
[error] Error: An unexpected error has occurred.
[debug] [2026-03-02T19:06:57.972Z] Error: write EPIPE
    at afterWriteDispatched (node:internal/stream_base_commons:161:15)
    at writeGeneric (node:internal/stream_base_commons:152:3)
    at Socket._writeGeneric (node:net:958:11)
    at Socket._write (node:net:970:8)
    at writeOrBuffer (node:internal/streams/writable:572:12)
    at _write (node:internal/streams/writable:501:10)
    at Writable.write (node:internal/streams/writable:510:10)
    at Console.log (/home/sam/.nvm/versions/node/v20.20.0/lib/node_modules/firebase-tools/node_modules/winston/lib/winston/transports/console.js:87:23)
    at Console._write (/home/sam/.nvm/versions/node/v20.20.0/lib/node_modules/firebase-tools/node_modules/winston-transport/modern.js:103:17)
    at doWrite (/home/sam/.nvm/versions/node/v20.20.0/lib/node_modules/firebase-tools/node_modules/winston-transport/node_modules/readable-stream/lib/_stream_writable.js:390:139)
[error] 
[error] Error: An unexpected error has occurred.
[debug] [2026-03-02T19:06:57.973Z] Error: write EPIPE
    at afterWriteDispatched (node:internal/stream_base_commons:161:15)
    at writeGeneric (node:internal/stream_base_commons:152:3)
    at Socket._writeGeneric (node:net:958:11)
    at Socket._write (node:net:970:8)
    at writeOrBuffer (node:internal/streams/writable:572:12)
    at _write (node:internal/streams/writable:501:10)
    at Writable.write (node:internal/streams/writable:510:10)
    at Console.log (/home/sam/.nvm/versions/node/v20.20.0/lib/node_modules/firebase-tools/node_modules/winston/lib/winston/transports/console.js:87:23)
    at Console._write (/home/sam/.nvm/versions/node/v20.20.0/lib/node_modules/firebase-tools/node_modules/winston-transport/modern.js:103:17)
    at doWrite (/home/sam/.nvm/versions/node/v20.20.0/lib/node_modules/firebase-tools/node_modules/winston-transport/node_modules/readable-stream/lib/_stream_writable.js:390:139)
[error] 
[error] Error: An unexpected error has occurred.
[debug] [2026-03-02T19:06:57.973Z] Error: write EPIPE
    at afterWriteDispatched (node:internal/stream_base_commons:161:15)
    at writeGeneric (node:internal/stream_base_commons:152:3)
    at Socket._writeGeneric (node:net:958:11)
    at Socket._write (node:net:970:8)
    at writeOrBuffer (node:internal/streams/writable:572:12)
    at _write (node:internal/streams/writable:501:10)
    at Writable.write (node:internal/streams/writable:510:10)
    at Console.log (/home/sam/.nvm/versions/node/v20.20.0/lib/node_modules/firebase-tools/node_modules/winston/lib/winston/transports/console.js:87:23)
    at Console._write (/home/sam/.nvm/versions/node/v20.20.0/lib/node_modules/firebase-tools/node_modules/winston-transport/modern.js:103:17)
    at doWrite (/home/sam/.nvm/versions/node/v20.20.0/lib/node_modules/firebase-tools/node_modules/winston-transport/node_modules/readable-stream/lib/_stream_writable.js:390:139)
[error] 
[error] Error: An unexpected error has occurred.
[debug] [2026-03-02T19:06:57.973Z] Error: write EPIPE
    at afterWriteDispatched (node:internal/stream_base_commons:161:15)
    at writeGeneric (node:internal/stream_base_commons:152:3)
    at Socket._writeGeneric (node:net:958:11)
    at Socket._write (node:net:970:8)
    at writeOrBuffer (node:internal/streams/writable:572:12)
    at _write (node:internal/streams/writable:501:10)
    at Writable.write (node:internal/streams/writable:510:10)
    at Console.log (/home/sam/.nvm/versions/node/v20.20.0/lib/node_modules/firebase-tools/node_modules/winston/lib/winston/transports/console.js:87:23)
    at Console._write (/home/sam/.nvm/versions/node/v20.20.0/lib/node_modules/firebase-tools/node_modules/winston-transport/modern.js:103:17)
    at doWrite (/home/sam/.nvm/versions/node/v20.20.0/lib/node_modules/firebase-tools/node_modules/winston-transport/node_modules/readable-stream/lib/_stream_writable.js:390:139)
[error] 
[error] Error: An unexpected error has occurred.
[debug] [2026-03-02T19:06:57.973Z] Error: write EPIPE
    at afterWriteDispatched (node:internal/stream_base_commons:161:15)
    at writeGeneric (node:internal/stream_base_commons:152:3)
    at Socket._writeGeneric (node:net:958:11)
    at Socket._write (node:net:970:8)
    at writeOrBuffer (node:internal/streams/writable:572:12)
    at _write (node:internal/streams/writable:501:10)
    at Writable.write (node:internal/streams/writable:510:10)
    at Console.log (/home/sam/.nvm/versions/node/v20.20.0/lib/node_modules/firebase-tools/node_modules/winston/lib/winston/transports/console.js:87:23)
    at Console._write (/home/sam/.nvm/versions/node/v20.20.0/lib/node_modules/firebase-tools/node_modules/winston-transport/modern.js:103:17)
    at doWrite (/home/sam/.nvm/versions/node/v20.20.0/lib/node_modules/firebase-tools/node_modules/winston-transport/node_modules/readable-stream/lib/_stream_writable.js:390:139)
[error] 
[error] Error: An unexpected error has occurred.
[debug] [2026-03-02T19:06:57.974Z] Error: write EPIPE
    at afterWriteDispatched (node:internal/stream_base_commons:161:15)
    at writeGeneric (node:internal/stream_base_commons:152:3)
    at Socket._writeGeneric (node:net:958:11)
    at Socket._write (node:net:970:8)
    at writeOrBuffer (node:internal/streams/writable:572:12)
    at _write (node:internal/streams/writable:501:10)
    at Writable.write (node:internal/streams/writable:510:10)
    at Console.log (/home/sam/.nvm/versions/node/v20.20.0/lib/node_modules/firebase-tools/node_modules/winston/lib/winston/transports/console.js:87:23)
    at Console._write (/home/sam/.nvm/versions/node/v20.20.0/lib/node_modules/firebase-tools/node_modules/winston-transport/modern.js:103:17)
    at doWrite (/home/sam/.nvm/versions/node/v20.20.0/lib/node_modules/firebase-tools/node_modules/winston-transport/node_modules/readable-stream/lib/_stream_writable.js:390:139)
[error] 
[error] Error: An unexpected error has occurred.
[debug] [2026-03-02T19:06:57.974Z] Error: write EPIPE
    at afterWriteDispatched (node:internal/stream_base_commons:161:15)
    at writeGeneric (node:internal/stream_base_commons:152:3)
    at Socket._writeGeneric (node:net:958:11)
    at Socket._write (node:net:970:8)
    at writeOrBuffer (node:internal/streams/writable:572:12)
    at _write (node:internal/streams/writable:501:10)
    at Writable.write (node:internal/streams/writable:510:10)
    at Console.log (/home/sam/.nvm/versions/node/v20.20.0/lib/node_modules/firebase-tools/node_modules/winston/lib/winston/transports/console.js:87:23)
    at Console._write (/home/sam/.nvm/versions/node/v20.20.0/lib/node_modules/firebase-tools/node_modules/winston-transport/modern.js:103:17)
    at doWrite (/home/sam/.nvm/versions/node/v20.20.0/lib/node_modules/firebase-tools/node_modules/winston-transport/node_modules/readable-stream/lib/_stream_writable.js:390:139)
[error] 
[error] Error: An unexpected error has occurred.
[debug] [2026-03-02T19:06:57.974Z] Error: write EPIPE
    at afterWriteDispatched (node:internal/stream_base_commons:161:15)
    at writeGeneric (node:internal/stream_base_commons:152:3)
    at Socket._writeGeneric (node:net:958:11)
    at Socket._write (node:net:970:8)
    at writeOrBuffer (node:internal/streams/writable:572:12)
    at _write (node:internal/streams/writable:501:10)
    at Writable.write (node:internal/streams/writable:510:10)
    at Console.log (/home/sam/.nvm/versions/node/v20.20.0/lib/node_modules/firebase-tools/node_modules/winston/lib/winston/transports/console.js:87:23)
    at Console._write (/home/sam/.nvm/versions/node/v20.20.0/lib/node_modules/firebase-tools/node_modules/winston-transport/modern.js:103:17)
    at doWrite (/home/sam/.nvm/versions/node/v20.20.0/lib/node_modules/firebase-tools/node_modules/winston-transport/node_modules/readable-stream/lib/_stream_writable.js:390:139)
[error] 
[error] Error: An unexpected error has occurred.
[debug] [2026-03-02T19:06:57.975Z] Error: write EPIPE
    at afterWriteDispatched (node:internal/stream_base_commons:161:15)
    at writeGeneric (node:internal/stream_base_commons:152:3)
    at Socket._writeGeneric (node:net:958:11)
    at Socket._write (node:net:970:8)
    at writeOrBuffer (node:internal/streams/writable:572:12)
    at _write (node:internal/streams/writable:501:10)
    at Writable.write (node:internal/streams/writable:510:10)
    at Console.log (/home/sam/.nvm/versions/node/v20.20.0/lib/node_modules/firebase-tools/node_modules/winston/lib/winston/transports/console.js:87:23)
    at Console._write (/home/sam/.nvm/versions/node/v20.20.0/lib/node_modules/firebase-tools/node_modules/winston-transport/modern.js:103:17)
    at doWrite (/home/sam/.nvm/versions/node/v20.20.0/lib/node_modules/firebase-tools/node_modules/winston-transport/node_modules/readable-stream/lib/_stream_writable.js:390:139)
[error] 
[error] Error: An unexpected error has occurred.
[debug] [2026-03-02T19:06:57.975Z] Error: write EPIPE
    at afterWriteDispatched (node:internal/stream_base_commons:161:15)
    at writeGeneric (node:internal/stream_base_commons:152:3)
    at Socket._writeGeneric (node:net:958:11)
    at Socket._write (node:net:970:8)
    at writeOrBuffer (node:internal/streams/writable:572:12)
    at _write (node:internal/streams/writable:501:10)
    at Writable.write (node:internal/streams/writable:510:10)
    at Console.log (/home/sam/.nvm/versions/node/v20.20.0/lib/node_modules/firebase-tools/node_modules/winston/lib/winston/transports/console.js:87:23)
    at Console._write (/home/sam/.nvm/versions/node/v20.20.0/lib/node_modules/firebase-tools/node_modules/winston-transport/modern.js:103:17)
    at doWrite (/home/sam/.nvm/versions/node/v20.20.0/lib/node_modules/firebase-tools/node_modules/winston-transport/node_modules/readable-stream/lib/_stream_writable.js:390:139)
[error] 
[error] Error: An unexpected error has occurred.
[debug] [2026-03-02T19:06:57.975Z] Error: write EPIPE
    at afterWriteDispatched (node:internal/stream_base_commons:161:15)
    at writeGeneric (node:internal/stream_base_commons:152:3)
    at Socket._writeGeneric (node:net:958:11)
    at Socket._write (node:net:970:8)
    at writeOrBuffer (node:internal/streams/writable:572:12)
    at _write (node:internal/streams/writable:501:10)
    at Writable.write (node:internal/streams/writable:510:10)
    at Console.log (/home/sam/.nvm/versions/node/v20.20.0/lib/node_modules/firebase-tools/node_modules/winston/lib/winston/transports/console.js:87:23)
    at Console._write (/home/sam/.nvm/versions/node/v20.20.0/lib/node_modules/firebase-tools/node_modules/winston-transport/modern.js:103:17)
    at doWrite (/home/sam/.nvm/versions/node/v20.20.0/lib/node_modules/firebase-tools/node_modules/winston-transport/node_modules/readable-stream/lib/_stream_writable.js:390:139)
[error] 
[error] Error: An unexpected error has occurred.
[debug] [2026-03-02T19:06:57.975Z] Error: write EPIPE
    at afterWriteDispatched (node:internal/stream_base_commons:161:15)
    at writeGeneric (node:internal/stream_base_commons:152:3)
    at Socket._writeGeneric (node:net:958:11)
    at Socket._write (node:net:970:8)
    at writeOrBuffer (node:internal/streams/writable:572:12)
    at _write (node:internal/streams/writable:501:10)
    at Writable.write (node:internal/streams/writable:510:10)
    at Console.log (/home/sam/.nvm/versions/node/v20.20.0/lib/node_modules/firebase-tools/node_modules/winston/lib/winston/transports/console.js:87:23)
    at Console._write (/home/sam/.nvm/versions/node/v20.20.0/lib/node_modules/firebase-tools/node_modules/winston-transport/modern.js:103:17)
    at doWrite (/home/sam/.nvm/versions/node/v20.20.0/lib/node_modules/firebase-tools/node_modules/winston-transport/node_modules/readable-stream/lib/_stream_writable.js:390:139)
[error] 
[error] Error: An unexpected error has occurred.
[debug] [2026-03-02T19:06:57.976Z] Error: write EPIPE
    at afterWriteDispatched (node:internal/stream_base_commons:161:15)
    at writeGeneric (node:internal/stream_base_commons:152:3)
    at Socket._writeGeneric (node:net:958:11)
    at Socket._write (node:net:970:8)
    at writeOrBuffer (node:internal/streams/writable:572:12)
    at _write (node:internal/streams/writable:501:10)
    at Writable.write (node:internal/streams/writable:510:10)
    at Console.log (/home/sam/.nvm/versions/node/v20.20.0/lib/node_modules/firebase-tools/node_modules/winston/lib/winston/transports/console.js:87:23)
    at Console._write (/home/sam/.nvm/versions/node/v20.20.0/lib/node_modules/firebase-tools/node_modules/winston-transport/modern.js:103:17)
    at doWrite (/home/sam/.nvm/versions/node/v20.20.0/lib/node_modules/firebase-tools/node_modules/winston-transport/node_modules/readable-stream/lib/_stream_writable.js:390:139)
[error] 
[error] Error: An unexpected error has occurred.
[debug] [2026-03-02T19:06:57.976Z] Error: write EPIPE
    at afterWriteDispatched (node:internal/stream_base_commons:161:15)
    at writeGeneric (node:internal/stream_base_commons:152:3)
    at Socket._writeGeneric (node:net:958:11)
    at Socket._write (node:net:970:8)
    at writeOrBuffer (node:internal/streams/writable:572:12)
    at _write (node:internal/streams/writable:501:10)
    at Writable.write (node:internal/streams/writable:510:10)
    at Console.log (/home/sam/.nvm/versions/node/v20.20.0/lib/node_modules/firebase-tools/node_modules/winston/lib/winston/transports/console.js:87:23)
    at Console._write (/home/sam/.nvm/versions/node/v20.20.0/lib/node_modules/firebase-tools/node_modules/winston-transport/modern.js:103:17)
    at doWrite (/home/sam/.nvm/versions/node/v20.20.0/lib/node_modules/firebase-tools/node_modules/winston-transport/node_modules/readable-stream/lib/_stream_writable.js:390:139)
[error] 
[error] Error: An unexpected error has occurred.
[debug] [2026-03-02T19:06:57.977Z] Error: write EPIPE
    at afterWriteDispatched (node:internal/stream_base_commons:161:15)
    at writeGeneric (node:internal/stream_base_commons:152:3)
    at Socket._writeGeneric (node:net:958:11)
    at Socket._write (node:net:970:8)
    at writeOrBuffer (node:internal/streams/writable:572:12)
    at _write (node:internal/streams/writable:501:10)
    at Writable.write (node:internal/streams/writable:510:10)
    at Console.log (/home/sam/.nvm/versions/node/v20.20.0/lib/node_modules/firebase-tools/node_modules/winston/lib/winston/transports/console.js:87:23)
    at Console._write (/home/sam/.nvm/versions/node/v20.20.0/lib/node_modules/firebase-tools/node_modules/winston-transport/modern.js:103:17)
    at doWrite (/home/sam/.nvm/versions/node/v20.20.0/lib/node_modules/firebase-tools/node_modules/winston-transport/node_modules/readable-stream/lib/_stream_writable.js:390:139)
[error] 
[error] Error: An unexpected error has occurred.
[debug] [2026-03-02T19:06:57.978Z] Error: write EPIPE
    at afterWriteDispatched (node:internal/stream_base_commons:161:15)
    at writeGeneric (node:internal/stream_base_commons:152:3)
    at Socket._writeGeneric (node:net:958:11)
    at Socket._write (node:net:970:8)
    at writeOrBuffer (node:internal/streams/writable:572:12)
    at _write (node:internal/streams/writable:501:10)
    at Writable.write (node:internal/streams/writable:510:10)
    at Console.log (/home/sam/.nvm/versions/node/v20.20.0/lib/node_modules/firebase-tools/node_modules/winston/lib/winston/transports/console.js:87:23)
    at Console._write (/home/sam/.nvm/versions/node/v20.20.0/lib/node_modules/firebase-tools/node_modules/winston-transport/modern.js:103:17)
    at doWrite (/home/sam/.nvm/versions/node/v20.20.0/lib/node_modules/firebase-tools/node_modules/winston-transport/node_modules/readable-stream/lib/_stream_writable.js:390:139)
[error] 
[error] Error: An unexpected error has occurred.
[debug] [2026-03-02T19:06:57.978Z] Error: write EPIPE
    at afterWriteDispatched (node:internal/stream_base_commons:161:15)
    at writeGeneric (node:internal/stream_base_commons:152:3)
    at Socket._writeGeneric (node:net:958:11)
    at Socket._write (node:net:970:8)
    at writeOrBuffer (node:internal/streams/writable:572:12)
    at _write (node:internal/streams/writable:501:10)
    at Writable.write (node:internal/streams/writable:510:10)
    at Console.log (/home/sam/.nvm/versions/node/v20.20.0/lib/node_modules/firebase-tools/node_modules/winston/lib/winston/transports/console.js:87:23)
    at Console._write (/home/sam/.nvm/versions/node/v20.20.0/lib/node_modules/firebase-tools/node_modules/winston-transport/modern.js:103:17)
    at doWrite (/home/sam/.nvm/versions/node/v20.20.0/lib/node_modules/firebase-tools/node_modules/winston-transport/node_modules/readable-stream/lib/_stream_writable.js:390:139)
[error] 
[error] Error: An unexpected error has occurred.
[debug] [2026-03-02T19:06:57.978Z] Error: write EPIPE
    at afterWriteDispatched (node:internal/stream_base_commons:161:15)
    at writeGeneric (node:internal/stream_base_commons:152:3)
    at Socket._writeGeneric (node:net:958:11)
    at Socket._write (node:net:970:8)
    at writeOrBuffer (node:internal/streams/writable:572:12)
    at _write (node:internal/streams/writable:501:10)
    at Writable.write (node:internal/streams/writable:510:10)
    at Console.log (/home/sam/.nvm/versions/node/v20.20.0/lib/node_modules/firebase-tools/node_modules/winston/lib/winston/transports/console.js:87:23)
    at Console._write (/home/sam/.nvm/versions/node/v20.20.0/lib/node_modules/firebase-tools/node_modules/winston-transport/modern.js:103:17)
    at doWrite (/home/sam/.nvm/versions/node/v20.20.0/lib/node_modules/firebase-tools/node_modules/winston-transport/node_modules/readable-stream/lib/_stream_writable.js:390:139)
[error] 
[error] Error: An unexpected error has occurred.
[debug] [2026-03-02T19:06:57.979Z] Error: write EPIPE
    at afterWriteDispatched (node:internal/stream_base_commons:161:15)
    at writeGeneric (node:internal/stream_base_commons:152:3)
    at Socket._writeGeneric (node:net:958:11)
    at Socket._write (node:net:970:8)
    at writeOrBuffer (node:internal/streams/writable:572:12)
    at _write (node:internal/streams/writable:501:10)
    at Writable.write (node:internal/streams/writable:510:10)
    at Console.log (/home/sam/.nvm/versions/node/v20.20.0/lib/node_modules/firebase-tools/node_modules/winston/lib/winston/transports/console.js:87:23)
    at Console._write (/home/sam/.nvm/versions/node/v20.20.0/lib/node_modules/firebase-tools/node_modules/winston-transport/modern.js:103:17)
    at doWrite (/home/sam/.nvm/versions/node/v20.20.0/lib/node_modules/firebase-tools/node_modules/winston-transport/node_modules/readable-stream/lib/_stream_writable.js:390:139)
[error] 
[error] Error: An unexpected error has occurred.
[debug] [2026-03-02T19:06:57.979Z] Error: write EPIPE
    at afterWriteDispatched (node:internal/stream_base_commons:161:15)
    at writeGeneric (node:internal/stream_base_commons:152:3)
    at Socket._writeGeneric (node:net:958:11)
    at Socket._write (node:net:970:8)
    at writeOrBuffer (node:internal/streams/writable:572:12)
    at _write (node:internal/streams/writable:501:10)
    at Writable.write (node:internal/streams/writable:510:10)
    at Console.log (/home/sam/.nvm/versions/node/v20.20.0/lib/node_modules/firebase-tools/node_modules/winston/lib/winston/transports/console.js:87:23)
    at Console._write (/home/sam/.nvm/versions/node/v20.20.0/lib/node_modules/firebase-tools/node_modules/winston-transport/modern.js:103:17)
    at doWrite (/home/sam/.nvm/versions/node/v20.20.0/lib/node_modules/firebase-tools/node_modules/winston-transport/node_modules/readable-stream/lib/_stream_writable.js:390:139)
[error] 
[error] Error: An unexpected error has occurred.
[debug] [2026-03-02T19:06:57.980Z] Error: write EPIPE
    at afterWriteDispatched (node:internal/stream_base_commons:161:15)
    at writeGeneric (node:internal/stream_base_commons:152:3)
    at Socket._writeGeneric (node:net:958:11)
    at Socket._write (node:net:970:8)
    at writeOrBuffer (node:internal/streams/writable:572:12)
    at _write (node:internal/streams/writable:501:10)
    at Writable.write (node:internal/streams/writable:510:10)
    at Console.log (/home/sam/.nvm/versions/node/v20.20.0/lib/node_modules/firebase-tools/node_modules/winston/lib/winston/transports/console.js:87:23)
    at Console._write (/home/sam/.nvm/versions/node/v20.20.0/lib/node_modules/firebase-tools/node_modules/winston-transport/modern.js:103:17)
    at doWrite (/home/sam/.nvm/versions/node/v20.20.0/lib/node_modules/firebase-tools/node_modules/winston-transport/node_modules/readable-stream/lib/_stream_writable.js:390:139)
[error] 
[error] Error: An unexpected error has occurred.
[debug] [2026-03-02T19:06:57.980Z] Error: write EPIPE
    at afterWriteDispatched (node:internal/stream_base_commons:161:15)
    at writeGeneric (node:internal/stream_base_commons:152:3)
    at Socket._writeGeneric (node:net:958:11)
    at Socket._write (node:net:970:8)
    at writeOrBuffer (node:internal/streams/writable:572:12)
    at _write (node:internal/streams/writable:501:10)
    at Writable.write (node:internal/streams/writable:510:10)
    at Console.log (/home/sam/.nvm/versions/node/v20.20.0/lib/node_modules/firebase-tools/node_modules/winston/lib/winston/transports/console.js:87:23)
    at Console._write (/home/sam/.nvm/versions/node/v20.20.0/lib/node_modules/firebase-tools/node_modules/winston-transport/modern.js:103:17)
    at doWrite (/home/sam/.nvm/versions/node/v20.20.0/lib/node_modules/firebase-tools/node_modules/winston-transport/node_modules/readable-stream/lib/_stream_writable.js:390:139)
[error] 
[error] Error: An unexpected error has occurred.
[debug] [2026-03-02T19:06:57.980Z] Error: write EPIPE
    at afterWriteDispatched (node:internal/stream_base_commons:161:15)
    at writeGeneric (node:internal/stream_base_commons:152:3)
    at Socket._writeGeneric (node:net:958:11)
    at Socket._write (node:net:970:8)
    at writeOrBuffer (node:internal/streams/writable:572:12)
    at _write (node:internal/streams/writable:501:10)
    at Writable.write (node:internal/streams/writable:510:10)
    at Console.log (/home/sam/.nvm/versions/node/v20.20.0/lib/node_modules/firebase-tools/node_modules/winston/lib/winston/transports/console.js:87:23)
    at Console._write (/home/sam/.nvm/versions/node/v20.20.0/lib/node_modules/firebase-tools/node_modules/winston-transport/modern.js:103:17)
    at doWrite (/home/sam/.nvm/versions/node/v20.20.0/lib/node_modules/firebase-tools/node_modules/winston-transport/node_modules/readable-stream/lib/_stream_writable.js:390:139)
[error] 
[error] Error: An unexpected error has occurred.
[debug] [2026-03-02T19:06:57.981Z] Error: write EPIPE
    at afterWriteDispatched (node:internal/stream_base_commons:161:15)
    at writeGeneric (node:internal/stream_base_commons:152:3)
    at Socket._writeGeneric (node:net:958:11)
    at Socket._write (node:net:970:8)
    at writeOrBuffer (node:internal/streams/writable:572:12)
    at _write (node:internal/streams/writable:501:10)
    at Writable.write (node:internal/streams/writable:510:10)
    at Console.log (/home/sam/.nvm/versions/node/v20.20.0/lib/node_modules/firebase-tools/node_modules/winston/lib/winston/transports/console.js:87:23)
    at Console._write (/home/sam/.nvm/versions/node/v20.20.0/lib/node_modules/firebase-tools/node_modules/winston-transport/modern.js:103:17)
    at doWrite (/home/sam/.nvm/versions/node/v20.20.0/lib/node_modules/firebase-tools/node_modules/winston-transport/node_modules/readable-stream/lib/_stream_writable.js:390:139)
[error] 
[error] Error: An unexpected error has occurred.
[debug] [2026-03-02T19:06:57.981Z] Error: write EPIPE
    at afterWriteDispatched (node:internal/stream_base_commons:161:15)
    at writeGeneric (node:internal/stream_base_commons:152:3)
    at Socket._writeGeneric (node:net:958:11)
    at Socket._write (node:net:970:8)
    at writeOrBuffer (node:internal/streams/writable:572:12)
    at _write (node:internal/streams/writable:501:10)
    at Writable.write (node:internal/streams/writable:510:10)
    at Console.log (/home/sam/.nvm/versions/node/v20.20.0/lib/node_modules/firebase-tools/node_modules/winston/lib/winston/transports/console.js:87:23)
    at Console._write (/home/sam/.nvm/versions/node/v20.20.0/lib/node_modules/firebase-tools/node_modules/winston-transport/modern.js:103:17)
    at doWrite (/home/sam/.nvm/versions/node/v20.20.0/lib/node_modules/firebase-tools/node_modules/winston-transport/node_modules/readable-stream/lib/_stream_writable.js:390:139)
[error] 
[error] Error: An unexpected error has occurred.
[debug] [2026-03-02T19:06:57.981Z] Error: write EPIPE
    at afterWriteDispatched (node:internal/stream_base_commons:161:15)
    at writeGeneric (node:internal/stream_base_commons:152:3)
    at Socket._writeGeneric (node:net:958:11)
    at Socket._write (node:net:970:8)
    at writeOrBuffer (node:internal/streams/writable:572:12)
    at _write (node:internal/streams/writable:501:10)
    at Writable.write (node:internal/streams/writable:510:10)
    at Console.log (/home/sam/.nvm/versions/node/v20.20.0/lib/node_modules/firebase-tools/node_modules/winston/lib/winston/transports/console.js:87:23)
    at Console._write (/home/sam/.nvm/versions/node/v20.20.0/lib/node_modules/firebase-tools/node_modules/winston-transport/modern.js:103:17)
    at doWrite (/home/sam/.nvm/versions/node/v20.20.0/lib/node_modules/firebase-tools/node_modules/winston-transport/node_modules/readable-stream/lib/_stream_writable.js:390:139)
[error] 
[error] Error: An unexpected error has occurred.
[debug] [2026-03-02T19:06:57.981Z] Error: write EPIPE
    at afterWriteDispatched (node:internal/stream_base_commons:161:15)
    at writeGeneric (node:internal/stream_base_commons:152:3)
    at Socket._writeGeneric (node:net:958:11)
    at Socket._write (node:net:970:8)
    at writeOrBuffer (node:internal/streams/writable:572:12)
    at _write (node:internal/streams/writable:501:10)
    at Writable.write (node:internal/streams/writable:510:10)
    at Console.log (/home/sam/.nvm/versions/node/v20.20.0/lib/node_modules/firebase-tools/node_modules/winston/lib/winston/transports/console.js:87:23)
    at Console._write (/home/sam/.nvm/versions/node/v20.20.0/lib/node_modules/firebase-tools/node_modules/winston-transport/modern.js:103:17)
    at doWrite (/home/sam/.nvm/versions/node/v20.20.0/lib/node_modules/firebase-tools/node_modules/winston-transport/node_modules/readable-stream/lib/_stream_writable.js:390:139)
[error] 
[error] Error: An unexpected error has occurred.
[debug] [2026-03-02T19:06:57.982Z] Error: write EPIPE
    at afterWriteDispatched (node:internal/stream_base_commons:161:15)
    at writeGeneric (node:internal/stream_base_commons:152:3)
    at Socket._writeGeneric (node:net:958:11)
    at Socket._write (node:net:970:8)
    at writeOrBuffer (node:internal/streams/writable:572:12)
    at _write (node:internal/streams/writable:501:10)
    at Writable.write (node:internal/streams/writable:510:10)
    at Console.log (/home/sam/.nvm/versions/node/v20.20.0/lib/node_modules/firebase-tools/node_modules/winston/lib/winston/transports/console.js:87:23)
    at Console._write (/home/sam/.nvm/versions/node/v20.20.0/lib/node_modules/firebase-tools/node_modules/winston-transport/modern.js:103:17)
    at doWrite (/home/sam/.nvm/versions/node/v20.20.0/lib/node_modules/firebase-tools/node_modules/winston-transport/node_modules/readable-stream/lib/_stream_writable.js:390:139)
[error] 
[error] Error: An unexpected error has occurred.
[debug] [2026-03-02T19:06:57.982Z] Error: write EPIPE
    at afterWriteDispatched (node:internal/stream_base_commons:161:15)
    at writeGeneric (node:internal/stream_base_commons:152:3)
    at Socket._writeGeneric (node:net:958:11)
    at Socket._write (node:net:970:8)
    at writeOrBuffer (node:internal/streams/writable:572:12)
    at _write (node:internal/streams/writable:501:10)
    at Writable.write (node:internal/streams/writable:510:10)
    at Console.log (/home/sam/.nvm/versions/node/v20.20.0/lib/node_modules/firebase-tools/node_modules/winston/lib/winston/transports/console.js:87:23)
    at Console._write (/home/sam/.nvm/versions/node/v20.20.0/lib/node_modules/firebase-tools/node_modules/winston-transport/modern.js:103:17)
    at doWrite (/home/sam/.nvm/versions/node/v20.20.0/lib/node_modules/firebase-tools/node_modules/winston-transport/node_modules/readable-stream/lib/_stream_writable.js:390:139)
[error] 
[error] Error: An unexpected error has occurred.
[debug] [2026-03-02T19:06:57.982Z] Error: write EPIPE
    at afterWriteDispatched (node:internal/stream_base_commons:161:15)
    at writeGeneric (node:internal/stream_base_commons:152:3)
    at Socket._writeGeneric (node:net:958:11)
    at Socket._write (node:net:970:8)
    at writeOrBuffer (node:internal/streams/writable:572:12)
    at _write (node:internal/streams/writable:501:10)
    at Writable.write (node:internal/streams/writable:510:10)
    at Console.log (/home/sam/.nvm/versions/node/v20.20.0/lib/node_modules/firebase-tools/node_modules/winston/lib/winston/transports/console.js:87:23)
    at Console._write (/home/sam/.nvm/versions/node/v20.20.0/lib/node_modules/firebase-tools/node_modules/winston-transport/modern.js:103:17)
    at doWrite (/home/sam/.nvm/versions/node/v20.20.0/lib/node_modules/firebase-tools/node_modules/winston-transport/node_modules/readable-stream/lib/_stream_writable.js:390:139)
[error] 
[error] Error: An unexpected error has occurred.
[debug] [2026-03-02T19:06:57.983Z] Error: write EPIPE
    at afterWriteDispatched (node:internal/stream_base_commons:161:15)
    at writeGeneric (node:internal/stream_base_commons:152:3)
    at Socket._writeGeneric (node:net:958:11)
    at Socket._write (node:net:970:8)
    at writeOrBuffer (node:internal/streams/writable:572:12)
    at _write (node:internal/streams/writable:501:10)
    at Writable.write (node:internal/streams/writable:510:10)
    at Console.log (/home/sam/.nvm/versions/node/v20.20.0/lib/node_modules/firebase-tools/node_modules/winston/lib/winston/transports/console.js:87:23)
    at Console._write (/home/sam/.nvm/versions/node/v20.20.0/lib/node_modules/firebase-tools/node_modules/winston-transport/modern.js:103:17)
    at doWrite (/home/sam/.nvm/versions/node/v20.20.0/lib/node_modules/firebase-tools/node_modules/winston-transport/node_modules/readable-stream/lib/_stream_writable.js:390:139)
[error] 
[error] Error: An unexpected error has occurred.
[debug] [2026-03-02T19:06:57.983Z] Error: write EPIPE
    at afterWriteDispatched (node:internal/stream_base_commons:161:15)
    at writeGeneric (node:internal/stream_base_commons:152:3)
    at Socket._writeGeneric (node:net:958:11)
    at Socket._write (node:net:970:8)
    at writeOrBuffer (node:internal/streams/writable:572:12)
    at _write (node:internal/streams/writable:501:10)
    at Writable.write (node:internal/streams/writable:510:10)
    at Console.log (/home/sam/.nvm/versions/node/v20.20.0/lib/node_modules/firebase-tools/node_modules/winston/lib/winston/transports/console.js:87:23)
    at Console._write (/home/sam/.nvm/versions/node/v20.20.0/lib/node_modules/firebase-tools/node_modules/winston-transport/modern.js:103:17)
    at doWrite (/home/sam/.nvm/versions/node/v20.20.0/lib/node_modules/firebase-tools/node_modules/winston-transport/node_modules/readable-stream/lib/_stream_writable.js:390:139)
[error] 
[error] Error: An unexpected error has occurred.
[debug] [2026-03-02T19:06:57.984Z] Error: write EPIPE
    at afterWriteDispatched (node:internal/stream_base_commons:161:15)
    at writeGeneric (node:internal/stream_base_commons:152:3)
    at Socket._writeGeneric (node:net:958:11)
    at Socket._write (node:net:970:8)
    at writeOrBuffer (node:internal/streams/writable:572:12)
    at _write (node:internal/streams/writable:501:10)
    at Writable.write (node:internal/streams/writable:510:10)
    at Console.log (/home/sam/.nvm/versions/node/v20.20.0/lib/node_modules/firebase-tools/node_modules/winston/lib/winston/transports/console.js:87:23)
    at Console._write (/home/sam/.nvm/versions/node/v20.20.0/lib/node_modules/firebase-tools/node_modules/winston-transport/modern.js:103:17)
    at doWrite (/home/sam/.nvm/versions/node/v20.20.0/lib/node_modules/firebase-tools/node_modules/winston-transport/node_modules/readable-stream/lib/_stream_writable.js:390:139)
[error] 
[error] Error: An unexpected error has occurred.
[debug] [2026-03-02T19:06:57.985Z] Error: write EPIPE
    at afterWriteDispatched (node:internal/stream_base_commons:161:15)
    at writeGeneric (node:internal/stream_base_commons:152:3)
    at Socket._writeGeneric (node:net:958:11)
    at Socket._write (node:net:970:8)
    at writeOrBuffer (node:internal/streams/writable:572:12)
    at _write (node:internal/streams/writable:501:10)
    at Writable.write (node:internal/streams/writable:510:10)
    at Console.log (/home/sam/.nvm/versions/node/v20.20.0/lib/node_modules/firebase-tools/node_modules/winston/lib/winston/transports/console.js:87:23)
    at Console._write (/home/sam/.nvm/versions/node/v20.20.0/lib/node_modules/firebase-tools/node_modules/winston-transport/modern.js:103:17)
    at doWrite (/home/sam/.nvm/versions/node/v20.20.0/lib/node_modules/firebase-tools/node_modules/winston-transport/node_modules/readable-stream/lib/_stream_writable.js:390:139)
[error] 
[error] Error: An unexpected error has occurred.
[debug] [2026-03-02T19:06:57.985Z] Error: write EPIPE
    at afterWriteDispatched (node:internal/stream_base_commons:161:15)
    at writeGeneric (node:internal/stream_base_commons:152:3)
    at Socket._writeGeneric (node:net:958:11)
    at Socket._write (node:net:970:8)
    at writeOrBuffer (node:internal/streams/writable:572:12)
    at _write (node:internal/streams/writable:501:10)
    at Writable.write (node:internal/streams/writable:510:10)
    at Console.log (/home/sam/.nvm/versions/node/v20.20.0/lib/node_modules/firebase-tools/node_modules/winston/lib/winston/transports/console.js:87:23)
    at Console._write (/home/sam/.nvm/versions/node/v20.20.0/lib/node_modules/firebase-tools/node_modules/winston-transport/modern.js:103:17)
    at doWrite (/home/sam/.nvm/versions/node/v20.20.0/lib/node_modules/firebase-tools/node_modules/winston-transport/node_modules/readable-stream/lib/_stream_writable.js:390:139)
[error] 
[error] Error: An unexpected error has occurred.
[debug] [2026-03-02T19:06:57.986Z] Error: write EPIPE
    at afterWriteDispatched (node:internal/stream_base_commons:161:15)
    at writeGeneric (node:internal/stream_base_commons:152:3)
    at Socket._writeGeneric (node:net:958:11)
    at Socket._write (node:net:970:8)
    at writeOrBuffer (node:internal/streams/writable:572:12)
    at _write (node:internal/streams/writable:501:10)
    at Writable.write (node:internal/streams/writable:510:10)
    at Console.log (/home/sam/.nvm/versions/node/v20.20.0/lib/node_modules/firebase-tools/node_modules/winston/lib/winston/transports/console.js:87:23)
    at Console._write (/home/sam/.nvm/versions/node/v20.20.0/lib/node_modules/firebase-tools/node_modules/winston-transport/modern.js:103:17)
    at doWrite (/home/sam/.nvm/versions/node/v20.20.0/lib/node_modules/firebase-tools/node_modules/winston-transport/node_modules/readable-stream/lib/_stream_writable.js:390:139)
[error] 
[error] Error: An unexpected error has occurred.
[debug] [2026-03-02T19:06:57.986Z] Error: write EPIPE
    at afterWriteDispatched (node:internal/stream_base_commons:161:15)
    at writeGeneric (node:internal/stream_base_commons:152:3)
    at Socket._writeGeneric (node:net:958:11)
    at Socket._write (node:net:970:8)
    at writeOrBuffer (node:internal/streams/writable:572:12)
    at _write (node:internal/streams/writable:501:10)
    at Writable.write (node:internal/streams/writable:510:10)
    at Console.log (/home/sam/.nvm/versions/node/v20.20.0/lib/node_modules/firebase-tools/node_modules/winston/lib/winston/transports/console.js:87:23)
    at Console._write (/home/sam/.nvm/versions/node/v20.20.0/lib/node_modules/firebase-tools/node_modules/winston-transport/modern.js:103:17)
    at doWrite (/home/sam/.nvm/versions/node/v20.20.0/lib/node_modules/firebase-tools/node_modules/winston-transport/node_modules/readable-stream/lib/_stream_writable.js:390:139)
[error] 
[error] Error: An unexpected error has occurred.
[debug] [2026-03-02T19:06:57.986Z] Error: write EPIPE
    at afterWriteDispatched (node:internal/stream_base_commons:161:15)
    at writeGeneric (node:internal/stream_base_commons:152:3)
    at Socket._writeGeneric (node:net:958:11)
    at Socket._write (node:net:970:8)
    at writeOrBuffer (node:internal/streams/writable:572:12)
    at _write (node:internal/streams/writable:501:10)
    at Writable.write (node:internal/streams/writable:510:10)
    at Console.log (/home/sam/.nvm/versions/node/v20.20.0/lib/node_modules/firebase-tools/node_modules/winston/lib/winston/transports/console.js:87:23)
    at Console._write (/home/sam/.nvm/versions/node/v20.20.0/lib/node_modules/firebase-tools/node_modules/winston-transport/modern.js:103:17)
    at doWrite (/home/sam/.nvm/versions/node/v20.20.0/lib/node_modules/firebase-tools/node_modules/winston-transport/node_modules/readable-stream/lib/_stream_writable.js:390:139)
[error] 
[error] Error: An unexpected error has occurred.
[debug] [2026-03-02T19:06:57.986Z] Error: write EPIPE
    at afterWriteDispatched (node:internal/stream_base_commons:161:15)
    at writeGeneric (node:internal/stream_base_commons:152:3)
    at Socket._writeGeneric (node:net:958:11)
    at Socket._write (node:net:970:8)
    at writeOrBuffer (node:internal/streams/writable:572:12)
    at _write (node:internal/streams/writable:501:10)
    at Writable.write (node:internal/streams/writable:510:10)
    at Console.log (/home/sam/.nvm/versions/node/v20.20.0/lib/node_modules/firebase-tools/node_modules/winston/lib/winston/transports/console.js:87:23)
    at Console._write (/home/sam/.nvm/versions/node/v20.20.0/lib/node_modules/firebase-tools/node_modules/winston-transport/modern.js:103:17)
    at doWrite (/home/sam/.nvm/versions/node/v20.20.0/lib/node_modules/firebase-tools/node_modules/winston-transport/node_modules/readable-stream/lib/_stream_writable.js:390:139)
[error] 
[error] Error: An unexpected error has occurred.
[debug] [2026-03-02T19:06:57.987Z] Error: write EPIPE
    at afterWriteDispatched (node:internal/stream_base_commons:161:15)
    at writeGeneric (node:internal/stream_base_commons:152:3)
    at Socket._writeGeneric (node:net:958:11)
    at Socket._write (node:net:970:8)
    at writeOrBuffer (node:internal/streams/writable:572:12)
    at _write (node:internal/streams/writable:501:10)
    at Writable.write (node:internal/streams/writable:510:10)
    at Console.log (/home/sam/.nvm/versions/node/v20.20.0/lib/node_modules/firebase-tools/node_modules/winston/lib/winston/transports/console.js:87:23)
    at Console._write (/home/sam/.nvm/versions/node/v20.20.0/lib/node_modules/firebase-tools/node_modules/winston-transport/modern.js:103:17)
    at doWrite (/home/sam/.nvm/versions/node/v20.20.0/lib/node_modules/firebase-tools/node_modules/winston-transport/node_modules/readable-stream/lib/_stream_writable.js:390:139)
[error] 
[error] Error: An unexpected error has occurred.
[debug] [2026-03-02T19:06:57.987Z] Error: write EPIPE
    at afterWriteDispatched (node:internal/stream_base_commons:161:15)
    at writeGeneric (node:internal/stream_base_commons:152:3)
    at Socket._writeGeneric (node:net:958:11)
    at Socket._write (node:net:970:8)
    at writeOrBuffer (node:internal/streams/writable:572:12)
    at _write (node:internal/streams/writable:501:10)
    at Writable.write (node:internal/streams/writable:510:10)
    at Console.log (/home/sam/.nvm/versions/node/v20.20.0/lib/node_modules/firebase-tools/node_modules/winston/lib/winston/transports/console.js:87:23)
    at Console._write (/home/sam/.nvm/versions/node/v20.20.0/lib/node_modules/firebase-tools/node_modules/winston-transport/modern.js:103:17)
    at doWrite (/home/sam/.nvm/versions/node/v20.20.0/lib/node_modules/firebase-tools/node_modules/winston-transport/node_modules/readable-stream/lib/_stream_writable.js:390:139)
[error] 
[error] Error: An unexpected error has occurred.
[debug] [2026-03-02T19:06:57.987Z] Error: write EPIPE
    at afterWriteDispatched (node:internal/stream_base_commons:161:15)
    at writeGeneric (node:internal/stream_base_commons:152:3)
    at Socket._writeGeneric (node:net:958:11)
    at Socket._write (node:net:970:8)
    at writeOrBuffer (node:internal/streams/writable:572:12)
    at _write (node:internal/streams/writable:501:10)
    at Writable.write (node:internal/streams/writable:510:10)
    at Console.log (/home/sam/.nvm/versions/node/v20.20.0/lib/node_modules/firebase-tools/node_modules/winston/lib/winston/transports/console.js:87:23)
    at Console._write (/home/sam/.nvm/versions/node/v20.20.0/lib/node_modules/firebase-tools/node_modules/winston-transport/modern.js:103:17)
    at doWrite (/home/sam/.nvm/versions/node/v20.20.0/lib/node_modules/firebase-tools/node_modules/winston-transport/node_modules/readable-stream/lib/_stream_writable.js:390:139)
[error] 
[error] Error: An unexpected error has occurred.
[debug] [2026-03-02T19:06:57.987Z] Error: write EPIPE
    at afterWriteDispatched (node:internal/stream_base_commons:161:15)
    at writeGeneric (node:internal/stream_base_commons:152:3)
    at Socket._writeGeneric (node:net:958:11)
    at Socket._write (node:net:970:8)
    at writeOrBuffer (node:internal/streams/writable:572:12)
    at _write (node:internal/streams/writable:501:10)
    at Writable.write (node:internal/streams/writable:510:10)
    at Console.log (/home/sam/.nvm/versions/node/v20.20.0/lib/node_modules/firebase-tools/node_modules/winston/lib/winston/transports/console.js:87:23)
    at Console._write (/home/sam/.nvm/versions/node/v20.20.0/lib/node_modules/firebase-tools/node_modules/winston-transport/modern.js:103:17)
    at doWrite (/home/sam/.nvm/versions/node/v20.20.0/lib/node_modules/firebase-tools/node_modules/winston-transport/node_modules/readable-stream/lib/_stream_writable.js:390:139)
[error] 
[error] Error: An unexpected error has occurred.
[debug] [2026-03-02T19:06:57.988Z] Error: write EPIPE
    at afterWriteDispatched (node:internal/stream_base_commons:161:15)
    at writeGeneric (node:internal/stream_base_commons:152:3)
    at Socket._writeGeneric (node:net:958:11)
    at Socket._write (node:net:970:8)
    at writeOrBuffer (node:internal/streams/writable:572:12)
    at _write (node:internal/streams/writable:501:10)
    at Writable.write (node:internal/streams/writable:510:10)
    at Console.log (/home/sam/.nvm/versions/node/v20.20.0/lib/node_modules/firebase-tools/node_modules/winston/lib/winston/transports/console.js:87:23)
    at Console._write (/home/sam/.nvm/versions/node/v20.20.0/lib/node_modules/firebase-tools/node_modules/winston-transport/modern.js:103:17)
    at doWrite (/home/sam/.nvm/versions/node/v20.20.0/lib/node_modules/firebase-tools/node_modules/winston-transport/node_modules/readable-stream/lib/_stream_writable.js:390:139)
[error] 
[error] Error: An unexpected error has occurred.
[debug] [2026-03-02T19:06:57.988Z] Error: write EPIPE
    at afterWriteDispatched (node:internal/stream_base_commons:161:15)
    at writeGeneric (node:internal/stream_base_commons:152:3)
    at Socket._writeGeneric (node:net:958:11)
    at Socket._write (node:net:970:8)
    at writeOrBuffer (node:internal/streams/writable:572:12)
    at _write (node:internal/streams/writable:501:10)
    at Writable.write (node:internal/streams/writable:510:10)
    at Console.log (/home/sam/.nvm/versions/node/v20.20.0/lib/node_modules/firebase-tools/node_modules/winston/lib/winston/transports/console.js:87:23)
    at Console._write (/home/sam/.nvm/versions/node/v20.20.0/lib/node_modules/firebase-tools/node_modules/winston-transport/modern.js:103:17)
    at doWrite (/home/sam/.nvm/versions/node/v20.20.0/lib/node_modules/firebase-tools/node_modules/winston-transport/node_modules/readable-stream/lib/_stream_writable.js:390:139)
[error] 
[error] Error: An unexpected error has occurred.
[debug] [2026-03-02T19:06:57.988Z] Error: write EPIPE
    at afterWriteDispatched (node:internal/stream_base_commons:161:15)
    at writeGeneric (node:internal/stream_base_commons:152:3)
    at Socket._writeGeneric (node:net:958:11)
    at Socket._write (node:net:970:8)
    at writeOrBuffer (node:internal/streams/writable:572:12)
    at _write (node:internal/streams/writable:501:10)
    at Writable.write (node:internal/streams/writable:510:10)
    at Console.log (/home/sam/.nvm/versions/node/v20.20.0/lib/node_modules/firebase-tools/node_modules/winston/lib/winston/transports/console.js:87:23)
    at Console._write (/home/sam/.nvm/versions/node/v20.20.0/lib/node_modules/firebase-tools/node_modules/winston-transport/modern.js:103:17)
    at doWrite (/home/sam/.nvm/versions/node/v20.20.0/lib/node_modules/firebase-tools/node_modules/winston-transport/node_modules/readable-stream/lib/_stream_writable.js:390:139)
[error] 
[error] Error: An unexpected error has occurred.
[debug] [2026-03-02T19:06:57.988Z] Error: write EPIPE
    at afterWriteDispatched (node:internal/stream_base_commons:161:15)
    at writeGeneric (node:internal/stream_base_commons:152:3)
    at Socket._writeGeneric (node:net:958:11)
    at Socket._write (node:net:970:8)
    at writeOrBuffer (node:internal/streams/writable:572:12)
    at _write (node:internal/streams/writable:501:10)
    at Writable.write (node:internal/streams/writable:510:10)
    at Console.log (/home/sam/.nvm/versions/node/v20.20.0/lib/node_modules/firebase-tools/node_modules/winston/lib/winston/transports/console.js:87:23)
    at Console._write (/home/sam/.nvm/versions/node/v20.20.0/lib/node_modules/firebase-tools/node_modules/winston-transport/modern.js:103:17)
    at doWrite (/home/sam/.nvm/versions/node/v20.20.0/lib/node_modules/firebase-tools/node_modules/winston-transport/node_modules/readable-stream/lib/_stream_writable.js:390:139)
[error] 
[error] Error: An unexpected error has occurred.
[debug] [2026-03-02T19:06:57.989Z] Error: write EPIPE
    at afterWriteDispatched (node:internal/stream_base_commons:161:15)
    at writeGeneric (node:internal/stream_base_commons:152:3)
    at Socket._writeGeneric (node:net:958:11)
    at Socket._write (node:net:970:8)
    at writeOrBuffer (node:internal/streams/writable:572:12)
    at _write (node:internal/streams/writable:501:10)
    at Writable.write (node:internal/streams/writable:510:10)
    at Console.log (/home/sam/.nvm/versions/node/v20.20.0/lib/node_modules/firebase-tools/node_modules/winston/lib/winston/transports/console.js:87:23)
    at Console._write (/home/sam/.nvm/versions/node/v20.20.0/lib/node_modules/firebase-tools/node_modules/winston-transport/modern.js:103:17)
    at doWrite (/home/sam/.nvm/versions/node/v20.20.0/lib/node_modules/firebase-tools/node_modules/winston-transport/node_modules/readable-stream/lib/_stream_writable.js:390:139)
[error] 
[error] Error: An unexpected error has occurred.
[debug] [2026-03-02T19:06:57.989Z] Error: write EPIPE
    at afterWriteDispatched (node:internal/stream_base_commons:161:15)
    at writeGeneric (node:internal/stream_base_commons:152:3)
    at Socket._writeGeneric (node:net:958:11)
    at Socket._write (node:net:970:8)
    at writeOrBuffer (node:internal/streams/writable:572:12)
    at _write (node:internal/streams/writable:501:10)
    at Writable.write (node:internal/streams/writable:510:10)
    at Console.log (/home/sam/.nvm/versions/node/v20.20.0/lib/node_modules/firebase-tools/node_modules/winston/lib/winston/transports/console.js:87:23)
    at Console._write (/home/sam/.nvm/versions/node/v20.20.0/lib/node_modules/firebase-tools/node_modules/winston-transport/modern.js:103:17)
    at doWrite (/home/sam/.nvm/versions/node/v20.20.0/lib/node_modules/firebase-tools/node_modules/winston-transport/node_modules/readable-stream/lib/_stream_writable.js:390:139)
[error] 
[error] Error: An unexpected error has occurred.
[debug] [2026-03-02T19:06:57.990Z] Error: write EPIPE
    at afterWriteDispatched (node:internal/stream_base_commons:161:15)
    at writeGeneric (node:internal/stream_base_commons:152:3)
    at Socket._writeGeneric (node:net:958:11)
    at Socket._write (node:net:970:8)
    at writeOrBuffer (node:internal/streams/writable:572:12)
    at _write (node:internal/streams/writable:501:10)
    at Writable.write (node:internal/streams/writable:510:10)
    at Console.log (/home/sam/.nvm/versions/node/v20.20.0/lib/node_modules/firebase-tools/node_modules/winston/lib/winston/transports/console.js:87:23)
    at Console._write (/home/sam/.nvm/versions/node/v20.20.0/lib/node_modules/firebase-tools/node_modules/winston-transport/modern.js:103:17)
    at doWrite (/home/sam/.nvm/versions/node/v20.20.0/lib/node_modules/firebase-tools/node_modules/winston-transport/node_modules/readable-stream/lib/_stream_writable.js:390:139)
[error] 
[error] Error: An unexpected error has occurred.
[debug] [2026-03-02T19:06:57.990Z] Error: write EPIPE
    at afterWriteDispatched (node:internal/stream_base_commons:161:15)
    at writeGeneric (node:internal/stream_base_commons:152:3)
    at Socket._writeGeneric (node:net:958:11)
    at Socket._write (node:net:970:8)
    at writeOrBuffer (node:internal/streams/writable:572:12)
    at _write (node:internal/streams/writable:501:10)
    at Writable.write (node:internal/streams/writable:510:10)
    at Console.log (/home/sam/.nvm/versions/node/v20.20.0/lib/node_modules/firebase-tools/node_modules/winston/lib/winston/transports/console.js:87:23)
    at Console._write (/home/sam/.nvm/versions/node/v20.20.0/lib/node_modules/firebase-tools/node_modules/winston-transport/modern.js:103:17)
    at doWrite (/home/sam/.nvm/versions/node/v20.20.0/lib/node_modules/firebase-tools/node_modules/winston-transport/node_modules/readable-stream/lib/_stream_writable.js:390:139)
[error] 
[error] Error: An unexpected error has occurred.
[debug] [2026-03-02T19:06:57.990Z] Error: write EPIPE
    at afterWriteDispatched (node:internal/stream_base_commons:161:15)
    at writeGeneric (node:internal/stream_base_commons:152:3)
    at Socket._writeGeneric (node:net:958:11)
    at Socket._write (node:net:970:8)
    at writeOrBuffer (node:internal/streams/writable:572:12)
    at _write (node:internal/streams/writable:501:10)
    at Writable.write (node:internal/streams/writable:510:10)
    at Console.log (/home/sam/.nvm/versions/node/v20.20.0/lib/node_modules/firebase-tools/node_modules/winston/lib/winston/transports/console.js:87:23)
    at Console._write (/home/sam/.nvm/versions/node/v20.20.0/lib/node_modules/firebase-tools/node_modules/winston-transport/modern.js:103:17)
    at doWrite (/home/sam/.nvm/versions/node/v20.20.0/lib/node_modules/firebase-tools/node_modules/winston-transport/node_modules/readable-stream/lib/_stream_writable.js:390:139)
[error] 
[error] Error: An unexpected error has occurred.
[debug] [2026-03-02T19:06:57.991Z] Error: write EPIPE
    at afterWriteDispatched (node:internal/stream_base_commons:161:15)
    at writeGeneric (node:internal/stream_base_commons:152:3)
    at Socket._writeGeneric (node:net:958:11)
    at Socket._write (node:net:970:8)
    at writeOrBuffer (node:internal/streams/writable:572:12)
    at _write (node:internal/streams/writable:501:10)
    at Writable.write (node:internal/streams/writable:510:10)
    at Console.log (/home/sam/.nvm/versions/node/v20.20.0/lib/node_modules/firebase-tools/node_modules/winston/lib/winston/transports/console.js:87:23)
    at Console._write (/home/sam/.nvm/versions/node/v20.20.0/lib/node_modules/firebase-tools/node_modules/winston-transport/modern.js:103:17)
    at doWrite (/home/sam/.nvm/versions/node/v20.20.0/lib/node_modules/firebase-tools/node_modules/winston-transport/node_modules/readable-stream/lib/_stream_writable.js:390:139)
[error] 
[error] Error: An unexpected error has occurred.
[debug] [2026-03-02T19:06:57.991Z] Error: write EPIPE
    at afterWriteDispatched (node:internal/stream_base_commons:161:15)
    at writeGeneric (node:internal/stream_base_commons:152:3)
    at Socket._writeGeneric (node:net:958:11)
    at Socket._write (node:net:970:8)
    at writeOrBuffer (node:internal/streams/writable:572:12)
    at _write (node:internal/streams/writable:501:10)
    at Writable.write (node:internal/streams/writable:510:10)
    at Console.log (/home/sam/.nvm/versions/node/v20.20.0/lib/node_modules/firebase-tools/node_modules/winston/lib/winston/transports/console.js:87:23)
    at Console._write (/home/sam/.nvm/versions/node/v20.20.0/lib/node_modules/firebase-tools/node_modules/winston-transport/modern.js:103:17)
    at doWrite (/home/sam/.nvm/versions/node/v20.20.0/lib/node_modules/firebase-tools/node_modules/winston-transport/node_modules/readable-stream/lib/_stream_writable.js:390:139)
[error] 
[error] Error: An unexpected error has occurred.
[debug] [2026-03-02T19:06:57.993Z] Error: write EPIPE
    at afterWriteDispatched (node:internal/stream_base_commons:161:15)
    at writeGeneric (node:internal/stream_base_commons:152:3)
    at Socket._writeGeneric (node:net:958:11)
    at Socket._write (node:net:970:8)
    at writeOrBuffer (node:internal/streams/writable:572:12)
    at _write (node:internal/streams/writable:501:10)
    at Writable.write (node:internal/streams/writable:510:10)
    at Console.log (/home/sam/.nvm/versions/node/v20.20.0/lib/node_modules/firebase-tools/node_modules/winston/lib/winston/transports/console.js:87:23)
    at Console._write (/home/sam/.nvm/versions/node/v20.20.0/lib/node_modules/firebase-tools/node_modules/winston-transport/modern.js:103:17)
    at doWrite (/home/sam/.nvm/versions/node/v20.20.0/lib/node_modules/firebase-tools/node_modules/winston-transport/node_modules/readable-stream/lib/_stream_writable.js:390:139)
[error] 
[error] Error: An unexpected error has occurred.
[debug] [2026-03-02T19:06:57.993Z] Error: write EPIPE
    at afterWriteDispatched (node:internal/stream_base_commons:161:15)
    at writeGeneric (node:internal/stream_base_commons:152:3)
    at Socket._writeGeneric (node:net:958:11)
    at Socket._write (node:net:970:8)
    at writeOrBuffer (node:internal/streams/writable:572:12)
    at _write (node:internal/streams/writable:501:10)
    at Writable.write (node:internal/streams/writable:510:10)
    at Console.log (/home/sam/.nvm/versions/node/v20.20.0/lib/node_modules/firebase-tools/node_modules/winston/lib/winston/transports/console.js:87:23)
    at Console._write (/home/sam/.nvm/versions/node/v20.20.0/lib/node_modules/firebase-tools/node_modules/winston-transport/modern.js:103:17)
    at doWrite (/home/sam/.nvm/versions/node/v20.20.0/lib/node_modules/firebase-tools/node_modules/winston-transport/node_modules/readable-stream/lib/_stream_writable.js:390:139)
[error] 
[error] Error: An unexpected error has occurred.
[debug] [2026-03-02T19:06:57.993Z] Error: write EPIPE
    at afterWriteDispatched (node:internal/stream_base_commons:161:15)
    at writeGeneric (node:internal/stream_base_commons:152:3)
    at Socket._writeGeneric (node:net:958:11)
    at Socket._write (node:net:970:8)
    at writeOrBuffer (node:internal/streams/writable:572:12)
    at _write (node:internal/streams/writable:501:10)
    at Writable.write (node:internal/streams/writable:510:10)
    at Console.log (/home/sam/.nvm/versions/node/v20.20.0/lib/node_modules/firebase-tools/node_modules/winston/lib/winston/transports/console.js:87:23)
    at Console._write (/home/sam/.nvm/versions/node/v20.20.0/lib/node_modules/firebase-tools/node_modules/winston-transport/modern.js:103:17)
    at doWrite (/home/sam/.nvm/versions/node/v20.20.0/lib/node_modules/firebase-tools/node_modules/winston-transport/node_modules/readable-stream/lib/_stream_writable.js:390:139)
[error] 
[error] Error: An unexpected error has occurred.
[debug] [2026-03-02T19:06:57.993Z] Error: write EPIPE
    at afterWriteDispatched (node:internal/stream_base_commons:161:15)
    at writeGeneric (node:internal/stream_base_commons:152:3)
    at Socket._writeGeneric (node:net:958:11)
    at Socket._write (node:net:970:8)
    at writeOrBuffer (node:internal/streams/writable:572:12)
    at _write (node:internal/streams/writable:501:10)
    at Writable.write (node:internal/streams/writable:510:10)
    at Console.log (/home/sam/.nvm/versions/node/v20.20.0/lib/node_modules/firebase-tools/node_modules/winston/lib/winston/transports/console.js:87:23)
    at Console._write (/home/sam/.nvm/versions/node/v20.20.0/lib/node_modules/firebase-tools/node_modules/winston-transport/modern.js:103:17)
    at doWrite (/home/sam/.nvm/versions/node/v20.20.0/lib/node_modules/firebase-tools/node_modules/winston-transport/node_modules/readable-stream/lib/_stream_writable.js:390:139)
[error] 
[error] Error: An unexpected error has occurred.
[debug] [2026-03-02T19:06:57.994Z] Error: write EPIPE
    at afterWriteDispatched (node:internal/stream_base_commons:161:15)
    at writeGeneric (node:internal/stream_base_commons:152:3)
    at Socket._writeGeneric (node:net:958:11)
    at Socket._write (node:net:970:8)
    at writeOrBuffer (node:internal/streams/writable:572:12)
    at _write (node:internal/streams/writable:501:10)
    at Writable.write (node:internal/streams/writable:510:10)
    at Console.log (/home/sam/.nvm/versions/node/v20.20.0/lib/node_modules/firebase-tools/node_modules/winston/lib/winston/transports/console.js:87:23)
    at Console._write (/home/sam/.nvm/versions/node/v20.20.0/lib/node_modules/firebase-tools/node_modules/winston-transport/modern.js:103:17)
    at doWrite (/home/sam/.nvm/versions/node/v20.20.0/lib/node_modules/firebase-tools/node_modules/winston-transport/node_modules/readable-stream/lib/_stream_writable.js:390:139)
[error] 
[error] Error: An unexpected error has occurred.
[debug] [2026-03-02T19:06:57.996Z] Error: write EPIPE
    at afterWriteDispatched (node:internal/stream_base_commons:161:15)
    at writeGeneric (node:internal/stream_base_commons:152:3)
    at Socket._writeGeneric (node:net:958:11)
    at Socket._write (node:net:970:8)
    at writeOrBuffer (node:internal/streams/writable:572:12)
    at _write (node:internal/streams/writable:501:10)
    at Writable.write (node:internal/streams/writable:510:10)
    at Console.log (/home/sam/.nvm/versions/node/v20.20.0/lib/node_modules/firebase-tools/node_modules/winston/lib/winston/transports/console.js:87:23)
    at Console._write (/home/sam/.nvm/versions/node/v20.20.0/lib/node_modules/firebase-tools/node_modules/winston-transport/modern.js:103:17)
    at doWrite (/home/sam/.nvm/versions/node/v20.20.0/lib/node_modules/firebase-tools/node_modules/winston-transport/node_modules/readable-stream/lib/_stream_writable.js:390:139)
[error] 
[error] Error: An unexpected error has occurred.
[debug] [2026-03-02T19:06:57.996Z] Error: write EPIPE
    at afterWriteDispatched (node:internal/stream_base_commons:161:15)
    at writeGeneric (node:internal/stream_base_commons:152:3)
    at Socket._writeGeneric (node:net:958:11)
    at Socket._write (node:net:970:8)
    at writeOrBuffer (node:internal/streams/writable:572:12)
    at _write (node:internal/streams/writable:501:10)
    at Writable.write (node:internal/streams/writable:510:10)
    at Console.log (/home/sam/.nvm/versions/node/v20.20.0/lib/node_modules/firebase-tools/node_modules/winston/lib/winston/transports/console.js:87:23)
    at Console._write (/home/sam/.nvm/versions/node/v20.20.0/lib/node_modules/firebase-tools/node_modules/winston-transport/modern.js:103:17)
    at doWrite (/home/sam/.nvm/versions/node/v20.20.0/lib/node_modules/firebase-tools/node_modules/winston-transport/node_modules/readable-stream/lib/_stream_writable.js:390:139)
