Name,Ticker,Security Type,CUSIP,ISIN,SEDOL,Share Quantity,Market Value,Weight,Coupon,Maturity Date,Sector,Country,ETF Ticker,Date,Underlying_Ticker,Option_Strike,Option_Expiry,Option_Type,Underlying_Price,DTE,Moneyness,Price,NetAssets,SharesOutstanding,CreationUnits,date,id,holding_date,price,net_assets,shares_outstanding,creation_units,money_market_flag,source_file,ingested_at,MoneyMarketFlag
MATSON INC COMMON STOCK,MATX,COMMON STOCK,57686G105,US57686G1058,B8GNC91,1596241.0,327947713.45,1.0839848736186295,0,,INDUSTRIALS,UNITED STATES,AVUV,2026-07-28,,,,,,,,,,,,,,,,,,,,,,
VIASAT INC COMMON STOCK USD.0001,VSAT,COMMON STOCK,92552V100,US92552V1008,2946243,4325893.0,323879608.91,1.0705383283164267,0,,INFORMATION TECHNOLOGY,UNITED STATES,AVUV,2026-07-28,,,,,,,,,,,,,,,,,,,,,,
LANTHEUS HOLDINGS INC COMMON STOCK USD.01,LNTH,COMMON STOCK,516544103,US5165441032,BP8S8J5,2547581.0,275215175.43,0.9096849129332374,0,,HEALTH CARE,UNITED STATES,AVUV,2026-07-28,,,,,,,,,,,,,,,,,,,,,,
MACY S INC COMMON STOCK USD.01,M,COMMON STOCK,55616P104,US55616P1049,2345022,9922847.0,247674261.12,0.8186523083646482,0,,CONSUMER DISCRETIONARY,UNITED STATES,AVUV,2026-07-28,,,,,,,,,,,,,,,,,,,,,,
LEAR CORP COMMON STOCK USD.01,LEA,COMMON STOCK,521865204,US5218652049,B570P91,1679105.0,243470225.0,0.8047564604128948,0,,CONSUMER DISCRETIONARY,UNITED STATES,AVUV,2026-07-28,,,,,,,,,,,,,,,,,,,,,,
GATX CORP COMMON STOCK USD.625,GATX,COMMON STOCK,361448103,US3614481030,2362128,1321620.0,242649432.0,0.8020434450147628,0,,INDUSTRIALS,UNITED STATES,AVUV,2026-07-28,,,,,,,,,,,,,,,,,,,,,,
SKYWEST INC COMMON STOCK,SKYW,COMMON STOCK,830879102,US8308791024,2814210,2065686.0,227824508.94,0.7530417545301907,0,,INDUSTRIALS,UNITED STATES,AVUV,2026-07-28,,,,,,,,,,,,,,,,,,,,,,
AVNET INC COMMON STOCK USD1.0,AVT,COMMON STOCK,053807103,US0538071038,2066505,2551959.0,225542136.42,0.7454976943456698,0,,INFORMATION TECHNOLOGY,UNITED STATES,AVUV,2026-07-28,,,,,,,,,,,,,,,,,,,,,,
SM ENERGY CO COMMON STOCK USD.01,SM,COMMON STOCK,78454L100,US78454L1008,2764188,7308714.0,221454034.2,0.7319850495351049,0,,ENERGY,UNITED STATES,AVUV,2026-07-28,,,,,,,,,,,,,,,,,,,,,,
CABOT CORP COMMON STOCK USD1.0,CBT,COMMON STOCK,127055101,US1270551013,2162500,2466290.0,220412337.3,0.7285418674783788,0,,MATERIALS,UNITED STATES,AVUV,2026-07-28,,,,,,,,,,,,,,,,,,,,,,
ALASKA AIR GROUP INC COMMON STOCK USD.01,ALK,COMMON STOCK,011659109,US0116591092,2012605,4400141.0,209006697.5,0.6908421351427618,0,,INDUSTRIALS,UNITED STATES,AVUV,2026-07-28,,,,,,,,,,,,,,,,,,,,,,
CAL MAINE FOODS INC COMMON STOCK USD.01,CALM,COMMON STOCK,128030202,US1280302027,2158781,2312163.0,205135101.36,0.6780451206175786,0,,CONSUMER STAPLES,UNITED STATES,AVUV,2026-07-28,,,,,,,,,,,,,,,,,,,,,,
RUSH ENTERPRISES INC CL A COMMON STOCK USD.01,RUSHA,COMMON STOCK,781846209,US7818462092,2966876,2657392.0,204619184.0,0.6763398286111365,0,,INDUSTRIALS,UNITED STATES,AVUV,2026-07-28,,,,,,,,,,,,,,,,,,,,,,
STONEX GROUP INC COMMON STOCK USD.01,SNEX,COMMON STOCK,861896108,US8618961085,BMQ8XV3,2667238.0,198522524.34,0.656188180711178,0,,FINANCIALS,UNITED STATES,AVUV,2026-07-28,,,,,,,,,,,,,,,,,,,,,,
ARCHROCK INC COMMON STOCK USD.01,AROC,COMMON STOCK,03957W106,US03957W1062,BYRGSX7,5435387.0,193988962.03,0.6412031304543881,0,,ENERGY,UNITED STATES,AVUV,2026-07-28,,,,,,,,,,,,,,,,,,,,,,
OSCAR HEALTH INC   CLASS A COMMON STOCK USD.00001,OSCR,COMMON STOCK,687793109,US6877931096,BKY83Q6,6813211.0,193086399.74,0.6382198382107369,0,,FINANCIALS,UNITED STATES,AVUV,2026-07-28,,,,,,,,,,,,,,,,,,,,,,
IRIDIUM COMMUNICATIONS INC COMMON STOCK USD.001,IRDM,COMMON STOCK,46269C102,US46269C1027,B2QH310,4130564.0,189840721.44,0.6274917067509374,0,,COMMUNICATION SERVICES,UNITED STATES,AVUV,2026-07-28,,,,,,,,,,,,,,,,,,,,,,
OCEANEERING INTL INC COMMON STOCK USD.25,OII,COMMON STOCK,675232102,US6752321025,2655583,3438563.0,179389831.71,0.5929477659989203,0,,ENERGY,UNITED STATES,AVUV,2026-07-28,,,,,,,,,,,,,,,,,,,,,,
MGIC INVESTMENT CORP COMMON STOCK USD1.0,MTG,COMMON STOCK,552848103,US5528481030,2548616,5975072.0,179252160.0,0.5924927115952922,0,,FINANCIALS,UNITED STATES,AVUV,2026-07-28,,,,,,,,,,,,,,,,,,,,,,
PRICESMART INC COMMON STOCK USD.0001,PSMT,COMMON STOCK,741511109,US7415111092,2092942,945697.0,178140943.89,0.588819743603262,0,,CONSUMER STAPLES,UNITED STATES,AVUV,2026-07-28,,,,,,,,,,,,,,,,,,,,,,
AXOS FINANCIAL INC COMMON STOCK USD.01,AX,COMMON STOCK,05465C100,US05465C1009,BGK38H3,1827065.0,175178992.2,0.5790294304018905,0,,FINANCIALS,UNITED STATES,AVUV,2026-07-28,,,,,,,,,,,,,,,,,,,,,,
MURPHY OIL CORP COMMON STOCK USD1.0,MUR,COMMON STOCK,626717102,US6267171022,2611206,4654987.0,174562012.5,0.5769900910965663,0,,ENERGY,UNITED STATES,AVUV,2026-07-28,,,,,,,,,,,,,,,,,,,,,,
CNO FINANCIAL GROUP INC COMMON STOCK USD.01,CNO,COMMON STOCK,12621E103,US12621E1038,2657750,3281667.0,174354967.71,0.5763057337697214,0,,FINANCIALS,UNITED STATES,AVUV,2026-07-28,,,,,,,,,,,,,,,,,,,,,,
RADIAN GROUP INC COMMON STOCK USD.001,RDN,COMMON STOCK,750236101,US7502361014,2173911,4446217.0,173313538.66,0.5728634370533604,0,,FINANCIALS,UNITED STATES,AVUV,2026-07-28,,,,,,,,,,,,,,,,,,,,,,
INTERNATIONAL SEAWAYS INC COMMON STOCK,INSW,COMMON STOCK,Y41053102,MHY410531021,BYX60M4,1900953.0,172397427.57,0.5698353611638614,0,,ENERGY,UNITED STATES,AVUV,2026-07-28,,,,,,,,,,,,,,,,,,,,,,
ABERCROMBIE + FITCH CO CL A COMMON STOCK USD.01,ANF,COMMON STOCK,002896207,US0028962076,2004185,1730008.0,171876294.8,0.5681128303558731,0,,CONSUMER DISCRETIONARY,UNITED STATES,AVUV,2026-07-28,,,,,,,,,,,,,,,,,,,,,,
TUTOR PERINI CORP COMMON STOCK USD1.0,TPC,COMMON STOCK,901109108,US9011091082,2681760,1980296.0,169849987.92,0.5614151589980751,0,,INDUSTRIALS,UNITED STATES,AVUV,2026-07-28,,,,,,,,,,,,,,,,,,,,,,
HANOVER INSURANCE GROUP INC/ COMMON STOCK USD.01,THG,COMMON STOCK,410867105,US4108671052,2020415,773420.0,169781158.4,0.5611876527357094,0,,FINANCIALS,UNITED STATES,AVUV,2026-07-28,,,,,,,,,,,,,,,,,,,,,,
UNITED NATURAL FOODS INC COMMON STOCK USD.01,UNFI,COMMON STOCK,911163103,US9111631035,2895163,3421222.0,167810939.1,0.5546753709562632,0,,CONSUMER STAPLES,UNITED STATES,AVUV,2026-07-28,,,,,,,,,,,,,,,,,,,,,,
CROCS INC COMMON STOCK USD.001,CROX,COMMON STOCK,227046109,US2270461096,B0T7Z62,1242293.0,167138100.22,0.5524513970165463,0,,CONSUMER DISCRETIONARY,UNITED STATES,AVUV,2026-07-28,,,,,,,,,,,,,,,,,,,,,,
NOV INC COMMON STOCK USD.01,NOV,COMMON STOCK,62955J103,US62955J1034,BN2RYW9,8158793.0,167010492.71,0.552029608405353,0,,ENERGY,UNITED STATES,AVUV,2026-07-28,,,,,,,,,,,,,,,,,,,,,,
URBAN OUTFITTERS INC COMMON STOCK USD.0001,URBN,COMMON STOCK,917047102,US9170471026,2933438,2259065.0,164030709.65,0.5421803561275276,0,,CONSUMER DISCRETIONARY,UNITED STATES,AVUV,2026-07-28,,,,,,,,,,,,,,,,,,,,,,
ARCBEST CORP COMMON STOCK USD.01,ARCB,COMMON STOCK,03937C105,US03937C1053,BLTFST7,1098245.0,163495733.15,0.540412066824209,0,,INDUSTRIALS,UNITED STATES,AVUV,2026-07-28,,,,,,,,,,,,,,,,,,,,,,
BANK OZK COMMON STOCK,OZK,COMMON STOCK,06417N103,US06417N1037,BZ56Q65,3245168.0,163491563.84,0.5403982857585449,0,,FINANCIALS,UNITED STATES,AVUV,2026-07-28,,,,,,,,,,,,,,,,,,,,,,
ESSENT GROUP LTD COMMON STOCK USD.015,ESNT,COMMON STOCK,G3198U102,BMG3198U1027,BFWGXR8,2425796.0,161000080.52,0.5321630393427627,0,,FINANCIALS,UNITED STATES,AVUV,2026-07-28,,,,,,,,,,,,,,,,,,,,,,
BREAD FINANCIAL HOLDINGS INC COMMON STOCK USD.01,BFH,COMMON STOCK,018581108,US0185811082,2762030,1496267.0,158768891.37,0.5247881585627179,0,,FINANCIALS,UNITED STATES,AVUV,2026-07-28,,,,,,,,,,,,,,,,,,,,,,
CARMAX INC COMMON STOCK USD.5,KMX,COMMON STOCK,143130102,US1431301027,2983563,2709802.0,158252436.8,0.5230810908844535,0,,CONSUMER DISCRETIONARY,UNITED STATES,AVUV,2026-07-28,,,,,,,,,,,,,,,,,,,,,,
NOBLE CORP PLC COMMON STOCK USD.00001,NE,COMMON STOCK,G65431127,GB00BMXNWH07,BN2QTL0,3669074.0,158173780.14,0.5228211023980194,0,,ENERGY,UNITED STATES,AVUV,2026-07-28,,,,,,,,,,,,,,,,,,,,,,
MAGNOLIA OIL + GAS CORP   A COMMON STOCK USD.0001,MGY,COMMON STOCK,559663109,US5596631094,BF2GC59,6583324.0,158131442.48,0.5226811612392853,0,,ENERGY,UNITED STATES,AVUV,2026-07-28,,,,,,,,,,,,,,,,,,,,,,
SIGNET JEWELERS LTD COMMON STOCK USD.18,SIG,COMMON STOCK,G81276100,BMG812761002,B3CTNK6,1607029.0,153856956.46,0.5085524510878096,0,,CONSUMER DISCRETIONARY,UNITED STATES,AVUV,2026-07-28,,,,,,,,,,,,,,,,,,,,,,
SLM CORP COMMON STOCK USD.2,SLM,COMMON STOCK,78442P106,US78442P1066,2101967,5981736.0,152055729.12,0.5025987483771912,0,,FINANCIALS,UNITED STATES,AVUV,2026-07-28,,,,,,,,,,,,,,,,,,,,,,
RYDER SYSTEM INC COMMON STOCK USD.5,R,COMMON STOCK,783549108,US7835491082,2760669,565698.0,151991738.64,0.5023872368784652,0,,INDUSTRIALS,UNITED STATES,AVUV,2026-07-28,,,,,,,,,,,,,,,,,,,,,,
FIRST BANCORP PUERTO RICO COMMON STOCK USD.1,FBP,COMMON STOCK,318672706,PR3186727065,2296926,5233334.0,150615352.52,0.4978377868498523,0,,FINANCIALS,UNITED STATES,AVUV,2026-07-28,,,,,,,,,,,,,,,,,,,,,,
GENTEX CORP COMMON STOCK USD.06,GNTX,COMMON STOCK,371901109,US3719011096,2366799,6547980.0,150079701.6,0.496067268346425,0,,CONSUMER DISCRETIONARY,UNITED STATES,AVUV,2026-07-28,,,,,,,,,,,,,,,,,,,,,,
CHEESECAKE FACTORY INC/THE COMMON STOCK USD.01,CAKE,COMMON STOCK,163072101,US1630721017,2192392,1713673.0,149140961.19,0.492964394434027,0,,CONSUMER DISCRETIONARY,UNITED STATES,AVUV,2026-07-28,,,,,,,,,,,,,,,,,,,,,,
DANA INC COMMON STOCK USD.01,DAN,COMMON STOCK,235825205,US2358252052,B2PFJR3,5424570.0,147765286.8,0.4884172969284612,0,,CONSUMER DISCRETIONARY,UNITED STATES,AVUV,2026-07-28,,,,,,,,,,,,,,,,,,,,,,
CHORD ENERGY CORP COMMON STOCK,CHRD,COMMON STOCK,674215207,US6742152076,BLDDYB1,1103160.0,145396488.0,0.48058756687535786,0,,ENERGY,UNITED STATES,AVUV,2026-07-28,,,,,,,,,,,,,,,,,,,,,,
BRIGHTHOUSE FINANCIAL INC COMMON STOCK USD.01,BHF,COMMON STOCK,10922N103,US10922N1037,BF429K9,2289972.0,144634631.52,0.4780693578245903,0,,FINANCIALS,UNITED STATES,AVUV,2026-07-28,,,,,,,,,,,,,,,,,,,,,,
TELEPHONE AND DATA SYSTEMS COMMON STOCK USD.01,TDS,COMMON STOCK,879433829,US8794338298,B6YR5K3,4295029.0,144527725.85,0.4777159962232393,0,,COMMUNICATION SERVICES,UNITED STATES,AVUV,2026-07-28,,,,,,,,,,,,,,,,,,,,,,
WEATHERFORD INTERNATIONAL PL COMMON STOCK USD.001,WFRD,COMMON STOCK,G48833118,IE00BLNN3691,BLNN369,1677911.0,144166113.12,0.47652073638957776,0,,ENERGY,UNITED STATES,AVUV,2026-07-28,,,,,,,,,,,,,,,,,,,,,,
BRUNSWICK CORP COMMON STOCK USD.75,BC,COMMON STOCK,117043109,US1170431092,2149309,1782246.0,143738139.9,0.47510613132368645,0,,CONSUMER DISCRETIONARY,UNITED STATES,AVUV,2026-07-28,,,,,,,,,,,,,,,,,,,,,,
SELECTIVE INSURANCE GROUP COMMON STOCK USD2.0,SIGI,COMMON STOCK,816300107,US8163001071,2766173,1533618.0,142289078.04,0.47031646189543114,0,,FINANCIALS,UNITED STATES,AVUV,2026-07-28,,,,,,,,,,,,,,,,,,,,,,
CNX RESOURCES CORP COMMON STOCK USD.01,CNX,COMMON STOCK,12653C108,US12653C1080,BF3FTF4,4204447.0,141900086.25,0.4690307044437753,0,,ENERGY,UNITED STATES,AVUV,2026-07-28,,,,,,,,,,,,,,,,,,,,,,
TRINITY INDUSTRIES INC COMMON STOCK USD.01,TRN,COMMON STOCK,896522109,US8965221091,2904627,3799745.0,140970539.5,0.46595821887672784,0,,INDUSTRIALS,UNITED STATES,AVUV,2026-07-28,,,,,,,,,,,,,,,,,,,,,,
INTERNATIONAL BANCSHARES CRP COMMON STOCK USD1.0,IBOC,COMMON STOCK,459044103,US4590441030,2243911,1830230.0,140287129.5,0.46369930359207334,0,,FINANCIALS,UNITED STATES,AVUV,2026-07-28,,,,,,,,,,,,,,,,,,,,,,
PAR PACIFIC HOLDINGS INC COMMON STOCK USD.01,PARR,COMMON STOCK,69888T207,US69888T2078,BJH08C3,1782144.0,140147804.16,0.46323878334790697,0,,ENERGY,UNITED STATES,AVUV,2026-07-28,,,,,,,,,,,,,,,,,,,,,,
PVH CORP COMMON STOCK USD1.0,PVH,COMMON STOCK,693656100,US6936561009,B3V9F12,1634635.0,137194915.55,0.4534784268781286,0,,CONSUMER DISCRETIONARY,UNITED STATES,AVUV,2026-07-28,,,,,,,,,,,,,,,,,,,,,,
BENCHMARK ELECTRONICS INC COMMON STOCK USD.1,BHE,COMMON STOCK,08160H101,US08160H1014,2090816,1699193.0,135306738.59,0.4472373244724329,0,,INFORMATION TECHNOLOGY,UNITED STATES,AVUV,2026-07-28,,,,,,,,,,,,,,,,,,,,,,
KODIAK GAS SERVICES INC COMMON STOCK USD.01,KGS,COMMON STOCK,50012A108,US50012A1088,BQLSDK5,2315254.0,133682765.96,0.4418695121843955,0,,ENERGY,UNITED STATES,AVUV,2026-07-28,,,,,,,,,,,,,,,,,,,,,,
FULTON FINANCIAL CORP COMMON STOCK USD2.5,FULT,COMMON STOCK,360271100,US3602711000,2356585,5364719.0,130899143.6,0.43266864141032124,0,,FINANCIALS,UNITED STATES,AVUV,2026-07-28,,,,,,,,,,,,,,,,,,,,,,
PATTERSON UTI ENERGY INC COMMON STOCK USD.01,PTEN,COMMON STOCK,703481101,US7034811015,2672537,13895040.0,130752326.4,0.432183357880478,0,,ENERGY,UNITED STATES,AVUV,2026-07-28,,,,,,,,,,,,,,,,,,,,,,
LIVANOVA PLC COMMON STOCK GBP1.0,LIVN,COMMON STOCK,G5509L101,GB00BYMT0J19,BYMT0J1,1612675.0,129949351.5,0.42952923769668794,0,,HEALTH CARE,UNITED STATES,AVUV,2026-07-28,,,,,,,,,,,,,,,,,,,,,,
VISHAY INTERTECHNOLOGY INC COMMON STOCK USD.1,VSH,COMMON STOCK,928298108,US9282981086,2930149,3463007.0,128754600.26,0.425580156124285,0,,INFORMATION TECHNOLOGY,UNITED STATES,AVUV,2026-07-28,,,,,,,,,,,,,,,,,,,,,,
ALLEGIANT TRAVEL CO COMMON STOCK USD.001,ALGT,COMMON STOCK,01748X102,US01748X1028,B15M2C3,1289023.0,127793740.22,0.4224041688973352,0,,INDUSTRIALS,UNITED STATES,AVUV,2026-07-28,,,,,,,,,,,,,,,,,,,,,,
POLARIS INC COMMON STOCK USD.01,PII,COMMON STOCK,731068102,US7310681025,2692933,1705042.0,127366637.4,0.42099244081577786,0,,CONSUMER DISCRETIONARY,UNITED STATES,AVUV,2026-07-28,,,,,,,,,,,,,,,,,,,,,,
NEWMARKET CORP COMMON STOCK,NEU,COMMON STOCK,651587107,US6515871076,B01CGF1,162454.0,125908348.16,0.41617227158547215,0,,MATERIALS,UNITED STATES,AVUV,2026-07-28,,,,,,,,,,,,,,,,,,,,,,
PLEXUS CORP COMMON STOCK USD.01,PLXS,COMMON STOCK,729132100,US7291321005,2692160,490966.0,124400965.08,0.41118982959714656,0,,INFORMATION TECHNOLOGY,UNITED STATES,AVUV,2026-07-28,,,,,,,,,,,,,,,,,,,,,,
HANCOCK WHITNEY CORP COMMON STOCK USD3.33,HWC,COMMON STOCK,410120109,US4101201097,2415497,1643165.0,123993230.9,0.40984212182102675,0,,FINANCIALS,UNITED STATES,AVUV,2026-07-28,,,,,,,,,,,,,,,,,,,,,,
PHINIA INC COMMON STOCK USD.01,PHIN,COMMON STOCK,71880K101,US71880K1016,BPW7PC0,1566591.0,122993059.41,0.40653619614531705,0,,CONSUMER DISCRETIONARY,UNITED STATES,AVUV,2026-07-28,,,,,,,,,,,,,,,,,,,,,,
YETI HOLDINGS INC COMMON STOCK USD.01,YETI,COMMON STOCK,98585X104,US98585X1046,BGR7KH2,2364106.0,120380277.52,0.3979000144289395,0,,CONSUMER DISCRETIONARY,UNITED STATES,AVUV,2026-07-28,,,,,,,,,,,,,,,,,,,,,,
ATKORE INC COMMON STOCK USD.01,ATKR,COMMON STOCK,047649108,US0476491081,BDHF495,1589841.0,119699128.89,0.3956485737836045,0,,INDUSTRIALS,UNITED STATES,AVUV,2026-07-28,,,,,,,,,,,,,,,,,,,,,,
HARLEY DAVIDSON INC COMMON STOCK USD.01,HOG,COMMON STOCK,412822108,US4128221086,2411053,4778447.0,118457701.13,0.3915452095632119,0,,CONSUMER DISCRETIONARY,UNITED STATES,AVUV,2026-07-28,,,,,,,,,,,,,,,,,,,,,,
KIRBY CORP COMMON STOCK USD.1,KEX,COMMON STOCK,497266106,US4972661064,2493534,800950.0,116201826.0,0.38408873276095706,0,,INDUSTRIALS,UNITED STATES,AVUV,2026-07-28,,,,,,,,,,,,,,,,,,,,,,
LITHIA MOTORS INC COMMON STOCK,LAD,COMMON STOCK,536797103,US5367971034,2515030,332380.0,114830642.4,0.379556478927815,0,,CONSUMER DISCRETIONARY,UNITED STATES,AVUV,2026-07-28,,,,,,,,,,,,,,,,,,,,,,
VISTEON CORP COMMON STOCK,VC,COMMON STOCK,92839U206,US92839U2069,B4N0JJ6,1085209.0,114532957.86,0.37857252470207736,0,,CONSUMER DISCRETIONARY,UNITED STATES,AVUV,2026-07-28,,,,,,,,,,,,,,,,,,,,,,
JACKSON FINANCIAL INC A COMMON STOCK USD.01,JXN,COMMON STOCK,46817M107,US46817M1071,BMFX6P4,944990.0,114391039.5,0.3781034335963325,0,,FINANCIALS,UNITED STATES,AVUV,2026-07-28,,,,,,,,,,,,,,,,,,,,,,
VF CORP COMMON STOCK,VFC,COMMON STOCK,918204108,US9182041080,2928683,6679419.0,114351653.28,0.37797324800589227,0,,CONSUMER DISCRETIONARY,UNITED STATES,AVUV,2026-07-28,,,,,,,,,,,,,,,,,,,,,,
ASSOCIATED BANC CORP COMMON STOCK USD.01,ASB,COMMON STOCK,045487105,US0454871056,2055718,3672988.0,112540352.32,0.371986248366359,0,,FINANCIALS,UNITED STATES,AVUV,2026-07-28,,,,,,,,,,,,,,,,,,,,,,
INGREDION INC COMMON STOCK USD.01,INGR,COMMON STOCK,457187102,US4571871023,B7K24P7,1107305.0,112336092.25,0.3713110955383822,0,,CONSUMER STAPLES,UNITED STATES,AVUV,2026-07-28,,,,,,,,,,,,,,,,,,,,,,
TRANSOCEAN LTD COMMON STOCK CHF.1,RIG,COMMON STOCK,H8817H100,CH0048265513,B3KFWW1,21202036.0,111946750.08,0.3700241799550961,0,,ENERGY,UNITED STATES,AVUV,2026-07-28,,,,,,,,,,,,,,,,,,,,,,
NMI HOLDINGS INC COMMON STOCK USD.01,NMIH,COMMON STOCK,629209305,US6292093050,BGDW5G5,2598912.0,111883161.6,0.36981399721062364,0,,FINANCIALS,UNITED STATES,AVUV,2026-07-28,,,,,,,,,,,,,,,,,,,,,,
HELMERICH + PAYNE COMMON STOCK USD.1,HP,COMMON STOCK,423452101,US4234521015,2420101,3313627.0,111437276.01,0.3683401853342124,0,,ENERGY,UNITED STATES,AVUV,2026-07-28,,,,,,,,,,,,,,,,,,,,,,
WERNER ENTERPRISES INC COMMON STOCK USD.01,WERN,COMMON STOCK,950755108,US9507551086,2948852,2744068.0,110942669.24,0.36670533247480647,0,,INDUSTRIALS,UNITED STATES,AVUV,2026-07-28,,,,,,,,,,,,,,,,,,,,,,
CATHAY GENERAL BANCORP COMMON STOCK USD.01,CATY,COMMON STOCK,149150104,US1491501045,2264235,1760820.0,110156899.2,0.36410808052710364,0,,FINANCIALS,UNITED STATES,AVUV,2026-07-28,,,,,,,,,,,,,,,,,,,,,,
CALIFORNIA RESOURCES CORP COMMON STOCK USD.01,CRC,COMMON STOCK,13057Q305,US13057Q3056,BMBK002,2159047.0,109744359.01,0.3627444871633465,0,,ENERGY,UNITED STATES,AVUV,2026-07-28,,,,,,,,,,,,,,,,,,,,,,
ALKERMES PLC COMMON STOCK USD.01,ALKS,COMMON STOCK,G01767105,IE00B56GVS15,B3P6D26,2080808.0,109721005.84,0.36266729655645147,0,,HEALTH CARE,UNITED STATES,AVUV,2026-07-28,,,,,,,,,,,,,,,,,,,,,,
COLUMBIA BANKING SYSTEM INC COMMON STOCK,COLB,COMMON STOCK,197236102,US1972361026,2176608,3535051.0,109233075.9,0.36105451301610736,0,,FINANCIALS,UNITED STATES,AVUV,2026-07-28,,,,,,,,,,,,,,,,,,,,,,
MATADOR RESOURCES CO COMMON STOCK USD.01,MTDR,COMMON STOCK,576485205,US5764852050,B7MSLL8,2301307.0,108552651.19,0.3588054651861434,0,,ENERGY,UNITED STATES,AVUV,2026-07-28,,,,,,,,,,,,,,,,,,,,,,
MOHAWK INDUSTRIES INC COMMON STOCK USD.01,MHK,COMMON STOCK,608190104,US6081901042,2598699,930581.0,107584469.41,0.3556052769811625,0,,CONSUMER DISCRETIONARY,UNITED STATES,AVUV,2026-07-28,,,,,,,,,,,,,,,,,,,,,,
TIDEWATER INC COMMON STOCK,TDW,COMMON STOCK,88642R109,US88642R1095,BDFGDQ0,1369031.0,107523694.74,0.3554043948884468,0,,ENERGY,UNITED STATES,AVUV,2026-07-28,,,,,,,,,,,,,,,,,,,,,,
SIRIUSPOINT LTD COMMON STOCK USD.1,SPNT,COMMON STOCK,G8192H106,BMG8192H1060,BMCQX44,4162373.0,106723243.72,0.3527586170337252,0,,FINANCIALS,UNITED STATES,AVUV,2026-07-28,,,,,,,,,,,,,,,,,,,,,,
ACADEMY SPORTS + OUTDOORS IN COMMON STOCK USD.01,ASO,COMMON STOCK,00402L107,US00402L1070,BN7K304,2120077.0,105791842.3,0.3496800011167984,0,,CONSUMER DISCRETIONARY,UNITED STATES,AVUV,2026-07-28,,,,,,,,,,,,,,,,,,,,,,
BANKUNITED INC COMMON STOCK USD.01,BKU,COMMON STOCK,06652K103,US06652K1034,B3NNTZ4,2266369.0,104751575.18,0.3462415449960341,0,,FINANCIALS,UNITED STATES,AVUV,2026-07-28,,,,,,,,,,,,,,,,,,,,,,
VALARIS LTD COMMON STOCK USD.01,VAL,COMMON STOCK,G9460G101,BMG9460G1015,BMY0YX0,1330173.0,104378675.31,0.3450089771143984,0,,ENERGY,UNITED STATES,AVUV,2026-07-28,,,,,,,,,,,,,,,,,,,,,,
BOYD GAMING CORP COMMON STOCK USD.01,BYD,COMMON STOCK,103304101,US1033041013,2117232,1157010.0,103309422.9,0.34147471420911063,0,,CONSUMER DISCRETIONARY,UNITED STATES,AVUV,2026-07-28,,,,,,,,,,,,,,,,,,,,,,
ASSURED GUARANTY LTD COMMON STOCK USD.01,AGO,COMMON STOCK,G0585R106,BMG0585R1060,B00V7H8,1203924.0,102694717.2,0.339442891289788,0,,FINANCIALS,UNITED STATES,AVUV,2026-07-28,,,,,,,,,,,,,,,,,,,,,,
KOHLS CORP COMMON STOCK USD.01,KSS,COMMON STOCK,500255104,US5002551043,2496113,5543471.0,102498778.79,0.3387952445342534,0,,CONSUMER DISCRETIONARY,UNITED STATES,AVUV,2026-07-28,,,,,,,,,,,,,,,,,,,,,,
TREX COMPANY INC COMMON STOCK USD.01,TREX,COMMON STOCK,89531P105,US89531P1057,2483074,2269670.0,99865480.0,0.3300912471010972,0,,INDUSTRIALS,UNITED STATES,AVUV,2026-07-28,,,,,,,,,,,,,,,,,,,,,,
ONEMAIN HOLDINGS INC COMMON STOCK USD.01,OMF,COMMON STOCK,68268W103,US68268W1036,BYSZB89,1621185.0,99313793.1,0.32826772392942327,0,,FINANCIALS,UNITED STATES,AVUV,2026-07-28,,,,,,,,,,,,,,,,,,,,,,
AMERICAN EAGLE OUTFITTERS COMMON STOCK USD.01,AEO,COMMON STOCK,02553E106,US02553E1064,2048592,5560293.0,98806406.61,0.3265906295095462,0,,CONSUMER DISCRETIONARY,UNITED STATES,AVUV,2026-07-28,,,,,,,,,,,,,,,,,,,,,,
DXC TECHNOLOGY CO COMMON STOCK USD.01,DXC,COMMON STOCK,23355L106,US23355L1061,BYXD7B3,9517777.0,98604169.72,0.32592216401746676,0,,INFORMATION TECHNOLOGY,UNITED STATES,AVUV,2026-07-28,,,,,,,,,,,,,,,,,,,,,,
LIBERTY ENERGY INC COMMON STOCK,LBRT,COMMON STOCK,53115L104,US53115L1044,BDCWFT8,5848327.0,98602793.22,0.3259176141910239,0,,ENERGY,UNITED STATES,AVUV,2026-07-28,,,,,,,,,,,,,,,,,,,,,,
SPECTRUM BRANDS HOLDINGS INC COMMON STOCK USD.01,SPB,COMMON STOCK,84790A105,US84790A1051,BDRYFB1,1102604.0,97922261.24,0.32366821179521726,0,,CONSUMER STAPLES,UNITED STATES,AVUV,2026-07-28,,,,,,,,,,,,,,,,,,,,,,
GENWORTH FINANCIAL INC COMMON STOCK USD.001,GNW,COMMON STOCK,37247D106,US37247D1063,B011WL6,9742881.0,96454521.9,0.31881680659334033,0,,FINANCIALS,UNITED STATES,AVUV,2026-07-28,,,,,,,,,,,,,,,,,,,,,,
GOODYEAR TIRE + RUBBER CO COMMON STOCK,GT,COMMON STOCK,382550101,US3825501014,2378200,13527321.0,96179252.31,0.3179069418207271,0,,CONSUMER DISCRETIONARY,UNITED STATES,AVUV,2026-07-28,,,,,,,,,,,,,,,,,,,,,,
BLUE BIRD CORP COMMON STOCK USD.0001,BLBD,COMMON STOCK,095306106,US0953061068,BW0FQV1,1247911.0,94891152.44,0.3136493095289776,0,,INDUSTRIALS,UNITED STATES,AVUV,2026-07-28,,,,,,,,,,,,,,,,,,,,,,
MERCURY GENERAL CORP COMMON STOCK,MCY,COMMON STOCK,589400100,US5894001008,2578464,871180.0,94453335.6,0.31220216776670434,0,,FINANCIALS,UNITED STATES,AVUV,2026-07-28,,,,,,,,,,,,,,,,,,,,,,
BANCORP INC/THE COMMON STOCK USD1.0,TBBK,COMMON STOCK,05969A105,US05969A1051,B05BRL7,1398008.0,94225739.2,0.3114498799940755,0,,FINANCIALS,UNITED STATES,AVUV,2026-07-28,,,,,,,,,,,,,,,,,,,,,,
VICTORY CAPITAL HOLDING   A COMMON STOCK USD.01,VCTR,COMMON STOCK,92645B103,US92645B1035,BFYVKR0,944331.0,94121470.77,0.311105235417271,0,,FINANCIALS,UNITED STATES,AVUV,2026-07-28,,,,,,,,,,,,,,,,,,,,,,
LYFT INC A COMMON STOCK USD.00001,LYFT,COMMON STOCK,55087P104,US55087P1049,BJT1RW7,6197911.0,93526476.99,0.3091385674669683,0,,INDUSTRIALS,UNITED STATES,AVUV,2026-07-28,,,,,,,,,,,,,,,,,,,,,,
CRESCENT ENERGY INC A COMMON STOCK USD.0001,CRGY,COMMON STOCK,44952J104,US44952J1043,BNR4QY1,8812159.0,92351426.32,0.30525460334776233,0,,ENERGY,UNITED STATES,AVUV,2026-07-28,,,,,,,,,,,,,,,,,,,,,,
FIRST AMERICAN FINANCIAL COMMON STOCK USD.00001,FAF,COMMON STOCK,31847R102,US31847R1023,B4NFPK4,1199849.0,91524481.72,0.30252125470419183,0,,FINANCIALS,UNITED STATES,AVUV,2026-07-28,,,,,,,,,,,,,,,,,,,,,,
INTERFACE INC COMMON STOCK USD.1,TILE,COMMON STOCK,458665304,US4586653044,B86V808,2673141.0,90165045.93,0.2980278315986807,0,,INDUSTRIALS,UNITED STATES,AVUV,2026-07-28,,,,,,,,,,,,,,,,,,,,,,
PALOMAR HOLDINGS INC COMMON STOCK USD.0001,PLMR,COMMON STOCK,69753M105,US69753M1053,BJYLZK6,637998.0,89830118.4,0.29692077592672883,0,,FINANCIALS,UNITED STATES,AVUV,2026-07-28,,,,,,,,,,,,,,,,,,,,,,
CENTRAL GARDEN AND PET CO A COMMON STOCK USD.01,CENTA,COMMON STOCK,153527205,US1535272058,B1P36Y6,2335073.0,89363243.71,0.2953775875430948,0,,CONSUMER STAPLES,UNITED STATES,AVUV,2026-07-28,,,,,,,,,,,,,,,,,,,,,,
BANK OF N.T. BUTTERFIELD+SON COMMON STOCK BMD1.0,NTB,COMMON STOCK,G0772R208,BMG0772R2087,BD8FF02,1460713.0,88679886.23,0.29311884585588655,0,,FINANCIALS,UNITED STATES,AVUV,2026-07-28,,,,,,,,,,,,,,,,,,,,,,
PAYCOM SOFTWARE INC COMMON STOCK USD.01,PAYC,COMMON STOCK,70432V102,US70432V1026,BL95MY0,577583.0,87388307.9,0.2888497160056275,0,,INDUSTRIALS,UNITED STATES,AVUV,2026-07-28,,,,,,,,,,,,,,,,,,,,,,
HOWARD HUGHES HOLDINGS INC COMMON STOCK,HHH,COMMON STOCK,44267T102,US44267T1025,BR1W702,1308009.0,86263193.55,0.28513080934315665,0,,REAL ESTATE,UNITED STATES,AVUV,2026-07-28,,,,,,,,,,,,,,,,,,,,,,
ALBANY INTL CORP CL A COMMON STOCK USD.001,AIN,COMMON STOCK,012348108,US0123481089,2012757,1127039.0,85835290.24,0.28371643535490176,0,,INDUSTRIALS,UNITED STATES,AVUV,2026-07-28,,,,,,,,,,,,,,,,,,,,,,
PROVIDENT FINANCIAL SERVICES COMMON STOCK USD.01,PFS,COMMON STOCK,74386T105,US74386T1051,2171603,3572540.0,85240804.4,0.2817514463285682,0,,FINANCIALS,UNITED STATES,AVUV,2026-07-28,,,,,,,,,,,,,,,,,,,,,,
PHOTRONICS INC COMMON STOCK USD.01,PLAB,COMMON STOCK,719405102,US7194051022,2687315,2854987.0,85021512.86,0.28102660909835286,0,,INFORMATION TECHNOLOGY,UNITED STATES,AVUV,2026-07-28,,,,,,,,,,,,,,,,,,,,,,
BANK OF HAWAII CORP COMMON STOCK USD.01,BOH,COMMON STOCK,062540109,US0625401098,2074070,1054468.0,84378529.36,0.27890131790283235,0,,FINANCIALS,UNITED STATES,AVUV,2026-07-28,,,,,,,,,,,,,,,,,,,,,,
TEREX CORP COMMON STOCK USD.01,TEX,COMMON STOCK,880779103,US8807791038,2884224,1213898.0,83831795.88,0.2770941675617423,0,,INDUSTRIALS,UNITED STATES,AVUV,2026-07-28,,,,,,,,,,,,,,,,,,,,,,
HUNTSMAN CORP COMMON STOCK USD.01,HUN,COMMON STOCK,447011107,US4470111075,B0650B9,6973862.0,81873139.88,0.27062010663816743,0,,MATERIALS,UNITED STATES,AVUV,2026-07-28,,,,,,,,,,,,,,,,,,,,,,
HARMONY BIOSCIENCES HOLDINGS COMMON STOCK USD.00001,HRMY,COMMON STOCK,413197104,US4131971040,BKSGZN7,2265447.0,81578746.47,0.26964703077806795,0,,HEALTH CARE,UNITED STATES,AVUV,2026-07-28,,,,,,,,,,,,,,,,,,,,,,
BANC OF CALIFORNIA INC COMMON STOCK USD.01,BANC,COMMON STOCK,05990K106,US05990K1060,BCD47X4,3867624.0,80407902.96,0.2657769728323581,0,,FINANCIALS,UNITED STATES,AVUV,2026-07-28,,,,,,,,,,,,,,,,,,,,,,
VICTORIA S SECRET + CO COMMON STOCK,VSXY,COMMON STOCK,926400102,US9264001028,BNNTGH3,938600.0,80081352.0,0.2646976047301024,0,,CONSUMER DISCRETIONARY,UNITED STATES,AVUV,2026-07-28,,,,,,,,,,,,,,,,,,,,,,
CUSTOMERS BANCORP INC COMMON STOCK USD1.0,CUBI,COMMON STOCK,23204G100,US23204G1004,B6XHXY4,1010096.0,79454151.36,0.262624481550399,0,,FINANCIALS,UNITED STATES,AVUV,2026-07-28,,,,,,,,,,,,,,,,,,,,,,
GREENBRIER COMPANIES INC COMMON STOCK,GBX,COMMON STOCK,393657101,US3936571013,2387530,1573190.0,79099993.2,0.26145386174558327,0,,INDUSTRIALS,UNITED STATES,AVUV,2026-07-28,,,,,,,,,,,,,,,,,,,,,,
ARGAN INC COMMON STOCK USD.15,AGX,COMMON STOCK,04010E109,US04010E1091,2804501,144657.0,78479315.64,0.2594022996860201,0,,INDUSTRIALS,UNITED STATES,AVUV,2026-07-28,,,,,,,,,,,,,,,,,,,,,,
ACADIA HEALTHCARE CO INC COMMON STOCK USD.01,ACHC,COMMON STOCK,00404A109,US00404A1097,B65VZ37,2403994.0,78129805.0,0.2582470416025191,0,,HEALTH CARE,UNITED STATES,AVUV,2026-07-28,,,,,,,,,,,,,,,,,,,,,,
OFG BANCORP COMMON STOCK USD1.0,OFG,COMMON STOCK,67103X102,PR67103X1020,B87LKR8,1471995.0,77103098.1,0.25485340687480035,0,,FINANCIALS,UNITED STATES,AVUV,2026-07-28,,,,,,,,,,,,,,,,,,,,,,
VALLEY NATIONAL BANCORP COMMON STOCK,VLY,COMMON STOCK,919794107,US9197941076,2935326,5338639.0,76609469.65,0.2532217877140545,0,,FINANCIALS,UNITED STATES,AVUV,2026-07-28,,,,,,,,,,,,,,,,,,,,,,
SCORPIO TANKERS INC COMMON STOCK USD.01,STNG,COMMON STOCK,Y7542C130,MHY7542C1306,BHXD297,975848.0,76506483.2,0.2528813805411754,0,,ENERGY,UNITED STATES,AVUV,2026-07-28,,,,,,,,,,,,,,,,,,,,,,
DHT HOLDINGS INC COMMON STOCK USD.01,DHT,COMMON STOCK,Y2065G121,MHY2065G1219,B7JB336,4138681.0,75696475.49,0.2502040143966838,0,,ENERGY,UNITED STATES,AVUV,2026-07-28,,,,,,,,,,,,,,,,,,,,,,
WAFD INC COMMON STOCK USD1.0,WAFD,COMMON STOCK,938824109,US9388241096,2941981,2049778.0,74673412.54,0.24682242423130907,0,,FINANCIALS,UNITED STATES,AVUV,2026-07-28,,,,,,,,,,,,,,,,,,,,,,
FIVE BELOW COMMON STOCK USD.01,FIVE,COMMON STOCK,33829M101,US33829M1018,B85KFY9,360363.0,74645591.82,0.2467304667685296,0,,CONSUMER DISCRETIONARY,UNITED STATES,AVUV,2026-07-28,,,,,,,,,,,,,,,,,,,,,,
TALOS ENERGY INC COMMON STOCK,TALO,COMMON STOCK,87484T108,US87484T1088,BDT56V9,5270429.0,74471161.77,0.24615391286084892,0,,ENERGY,UNITED STATES,AVUV,2026-07-28,,,,,,,,,,,,,,,,,,,,,,
KENNAMETAL INC COMMON STOCK USD1.25,KMT,COMMON STOCK,489170100,US4891701009,2488121,2090668.0,73842393.76,0.24407560896086097,0,,INDUSTRIALS,UNITED STATES,AVUV,2026-07-28,,,,,,,,,,,,,,,,,,,,,,
PACS GROUP INC COMMON STOCK USD.001,PACS,COMMON STOCK,69380Q107,US69380Q1076,BPW6WD7,1554980.0,73208458.4,0.2419802251148725,0,,HEALTH CARE,UNITED STATES,AVUV,2026-07-28,,,,,,,,,,,,,,,,,,,,,,
AXIS CAPITAL HOLDINGS LTD COMMON STOCK USD.0125,AXS,COMMON STOCK,G0692U109,BMG0692U1099,2677606,622441.0,72856719.05,0.24081760034507185,0,,FINANCIALS,UNITED STATES,AVUV,2026-07-28,,,,,,,,,,,,,,,,,,,,,,
NORTHERN OIL AND GAS INC COMMON STOCK USD.001,NOG,COMMON STOCK,665531307,US6655313079,BN6RJM0,3583109.0,72629619.43,0.24006695460860733,0,,ENERGY,UNITED STATES,AVUV,2026-07-28,,,,,,,,,,,,,,,,,,,,,,
PEABODY ENERGY CORP COMMON STOCK,BTU,COMMON STOCK,704551100,US7045511000,BDVPZV0,3131015.0,72295136.35,0.23896136800339182,0,,ENERGY,UNITED STATES,AVUV,2026-07-28,,,,,,,,,,,,,,,,,,,,,,
SCHNEIDER NATIONAL INC CL B COMMON STOCK,SNDR,COMMON STOCK,80689H102,US80689H1023,BYVN953,1869631.0,68765028.18,0.2272930937585069,0,,INDUSTRIALS,UNITED STATES,AVUV,2026-07-28,,,,,,,,,,,,,,,,,,,,,,
ENTERPRISE FINANCIAL SERVICE COMMON STOCK USD.01,EFSC,COMMON STOCK,293712105,US2937121059,2768889,1047071.0,68750681.86,0.2272456740228774,0,,FINANCIALS,UNITED STATES,AVUV,2026-07-28,,,,,,,,,,,,,,,,,,,,,,
MYR GROUP INC/DELAWARE COMMON STOCK USD.01,MYRG,COMMON STOCK,55405W104,US55405W1045,B3CLS18,186008.0,68636952.0,0.22686975602478604,0,,INDUSTRIALS,UNITED STATES,AVUV,2026-07-28,,,,,,,,,,,,,,,,,,,,,,
TRUSTMARK CORP COMMON STOCK,TRMK,COMMON STOCK,898402102,US8984021027,2340210,1440999.0,66732663.69,0.22057539982594793,0,,FINANCIALS,UNITED STATES,AVUV,2026-07-28,,,,,,,,,,,,,,,,,,,,,,
FLUOR CORP COMMON STOCK USD.01,FLR,COMMON STOCK,343412102,US3434121022,2696838,1283725.0,66368582.5,0.21937198084620488,0,,INDUSTRIALS,UNITED STATES,AVUV,2026-07-28,,,,,,,,,,,,,,,,,,,,,,
SKYWARD SPECIALTY INSURANCE COMMON STOCK USD.01,SKWD,COMMON STOCK,830940102,US8309401029,BNNMQS3,1066629.0,65544352.05,0.2166476034423292,0,,FINANCIALS,UNITED STATES,AVUV,2026-07-28,,,,,,,,,,,,,,,,,,,,,,
PERDOCEO EDUCATION CORP COMMON STOCK USD.01,PRDO,COMMON STOCK,71363P106,US71363P1066,BKRQQR9,2052500.0,65105300.0,0.21519637886776355,0,,CONSUMER DISCRETIONARY,UNITED STATES,AVUV,2026-07-28,,,,,,,,,,,,,,,,,,,,,,
TEEKAY TANKERS LTD CLASS A COMMON STOCK USD.01,TNK,COMMON STOCK,G8726X106,BMG8726X1065,BL54JK6,855933.0,65025230.01,0.2149317188185206,0,,ENERGY,UNITED STATES,AVUV,2026-07-28,,,,,,,,,,,,,,,,,,,,,,
LA Z BOY INC COMMON STOCK USD1.0,LZB,COMMON STOCK,505336107,US5053361078,2508405,1602479.0,64708102.02,0.2138834970134508,0,,CONSUMER DISCRETIONARY,UNITED STATES,AVUV,2026-07-28,,,,,,,,,,,,,,,,,,,,,,
SELECT WATER SOLUTIONS INC COMMON STOCK USD.01,WTTR,COMMON STOCK,81617J301,US81617J3014,BDHSLL5,3435645.0,64624482.45,0.21360710432857755,0,,ENERGY,UNITED STATES,AVUV,2026-07-28,,,,,,,,,,,,,,,,,,,,,,
GREIF INC CL A COMMON STOCK,GEF,COMMON STOCK,397624107,US3976241071,2388016,802807.0,64489486.31,0.21316089364390015,0,,MATERIALS,UNITED STATES,AVUV,2026-07-28,,,,,,,,,,,,,,,,,,,,,,
SOLAREDGE TECHNOLOGIES INC COMMON STOCK USD.0001,SEDG,COMMON STOCK,83417M104,US83417M1045,BWC52Q6,1496109.0,64467336.81,0.21308768159827973,0,,INFORMATION TECHNOLOGY,UNITED STATES,AVUV,2026-07-28,,,,,,,,,,,,,,,,,,,,,,
VERSANT MEDIA GROUP INC COMMON STOCK USD.01,VSNT,COMMON STOCK,925283103,US9252831030,BVV5S84,1780582.0,63887282.16,0.21117039283338027,0,,COMMUNICATION SERVICES,UNITED STATES,AVUV,2026-07-28,,,,,,,,,,,,,,,,,,,,,,
KB HOME COMMON STOCK USD1.0,KBH,COMMON STOCK,48666K109,US48666K1097,2485070,1103364.0,63575833.68,0.21014094384689425,0,,CONSUMER DISCRETIONARY,UNITED STATES,AVUV,2026-07-28,,,,,,,,,,,,,,,,,,,,,,
HCI GROUP INC COMMON STOCK,HCI,COMMON STOCK,40416E103,US40416E1038,BBN23F5,358289.0,63037366.66,0.20836111712243835,0,,FINANCIALS,UNITED STATES,AVUV,2026-07-28,,,,,,,,,,,,,,,,,,,,,,
DORIAN LPG LTD COMMON STOCK USD.01,LPG,COMMON STOCK,Y2106R110,MHY2106R1100,BM4QJF5,1431722.0,62866913.02,0.20779770667670155,0,,ENERGY,UNITED STATES,AVUV,2026-07-28,,,,,,,,,,,,,,,,,,,,,,
BOSTON BEER COMPANY INC A COMMON STOCK USD.01,SAM,COMMON STOCK,100557107,US1005571070,2113393,340994.0,62606498.4,0.20693694291049167,0,,CONSUMER STAPLES,UNITED STATES,AVUV,2026-07-28,,,,,,,,,,,,,,,,,,,,,,
BOISE CASCADE CO COMMON STOCK USD.01,BCC,COMMON STOCK,09739D100,US09739D1000,B9BP4R1,798381.0,62449361.82,0.20641755012674495,0,,INDUSTRIALS,UNITED STATES,AVUV,2026-07-28,,,,,,,,,,,,,,,,,,,,,,
FEDERAL AGRIC MTG CORP CL C COMMON STOCK USD1.0,AGM,COMMON STOCK,313148306,US3131483063,2363381,297526.0,62179958.74,0.2055270762748186,0,,FINANCIALS,UNITED STATES,AVUV,2026-07-28,,,,,,,,,,,,,,,,,,,,,,
SUPER GROUP SGHC LTD COMMON STOCK,SGHC,COMMON STOCK,G8588X103,GG00BMG42V42,BMG42V4,4237621.0,62123523.86,0.20534053874534192,0,,CONSUMER DISCRETIONARY,UNITED STATES,AVUV,2026-07-28,,,,,,,,,,,,,,,,,,,,,,
SYLVAMO CORP COMMON STOCK USD1.0,SLVM,COMMON STOCK,871332102,US8713321029,BMW72C8,1646638.0,62094718.98,0.20524532828060676,0,,MATERIALS,UNITED STATES,AVUV,2026-07-28,,,,,,,,,,,,,,,,,,,,,,
CALLAWAY GOLF COMPANY COMMON STOCK,CALY,COMMON STOCK,131193104,US1311931042,2173933,3396701.0,62057727.27,0.20512305740496184,0,,CONSUMER DISCRETIONARY,UNITED STATES,AVUV,2026-07-28,,,,,,,,,,,,,,,,,,,,,,
BJ S RESTAURANTS INC COMMON STOCK,BJRI,COMMON STOCK,09180C106,US09180C1062,2200552,900849.0,62023453.65,0.20500977079212557,0,,CONSUMER DISCRETIONARY,UNITED STATES,AVUV,2026-07-28,,,,,,,,,,,,,,,,,,,,,,
MONARCH CASINO + RESORT INC COMMON STOCK USD.01,MCRI,COMMON STOCK,609027107,US6090271072,2599197,501823.0,61066840.87,0.20184782228356135,0,,CONSUMER DISCRETIONARY,UNITED STATES,AVUV,2026-07-28,,,,,,,,,,,,,,,,,,,,,,
CREDIT ACCEPTANCE CORP COMMON STOCK USD.01,CACC,COMMON STOCK,225310101,US2253101016,2232050,109424.0,60481927.52,0.19991447377166738,0,,FINANCIALS,UNITED STATES,AVUV,2026-07-28,,,,,,,,,,,,,,,,,,,,,,
LIFE TIME GROUP HOLDINGS INC COMMON STOCK USD.01,LTH,COMMON STOCK,53190C102,US53190C1027,BPH0546,1380334.0,60403415.84,0.19965496449615797,0,,CONSUMER DISCRETIONARY,UNITED STATES,AVUV,2026-07-28,,,,,,,,,,,,,,,,,,,,,,
INGLES MARKETS INC CLASS A COMMON STOCK USD.05,IMKTA,COMMON STOCK,457030104,US4570301048,2460550,680683.0,59818422.04,0.19772135006814526,0,,CONSUMER STAPLES,UNITED STATES,AVUV,2026-07-28,,,,,,,,,,,,,,,,,,,,,,
COMPASS MINERALS INTERNATION COMMON STOCK USD.01,CMP,COMMON STOCK,20451N101,US20451N1019,2202763,2000185.0,59545507.45,0.19681926941559963,0,,MATERIALS,UNITED STATES,AVUV,2026-07-28,,,,,,,,,,,,,,,,,,,,,,
M/I HOMES INC COMMON STOCK USD.01,MHO,COMMON STOCK,55305B101,US55305B1017,2549385,398057.0,59314473.57,0.1960556195380663,0,,CONSUMER DISCRETIONARY,UNITED STATES,AVUV,2026-07-28,,,,,,,,,,,,,,,,,,,,,,
CHEMOURS CO/THE COMMON STOCK USD.01,CC,COMMON STOCK,163851108,US1638511089,BZ0CTP8,3444076.0,58480410.48,0.19329874173064882,0,,MATERIALS,UNITED STATES,AVUV,2026-07-28,,,,,,,,,,,,,,,,,,,,,,
G III APPAREL GROUP LTD COMMON STOCK USD.01,GIII,COMMON STOCK,36237H101,US36237H1014,2369721,1625149.0,58391603.57,0.1930052030256519,0,,CONSUMER DISCRETIONARY,UNITED STATES,AVUV,2026-07-28,,,,,,,,,,,,,,,,,,,,,,
DIEBOLD NIXDORF INC COMMON STOCK,DBD,COMMON STOCK,253651202,US2536512021,BPLJQW4,642364.0,58288109.36,0.19266311752376836,0,,INFORMATION TECHNOLOGY,UNITED STATES,AVUV,2026-07-28,,,,,,,,,,,,,,,,,,,,,,
PATHWARD FINANCIAL INC COMMON STOCK USD.01,CASH,COMMON STOCK,59100U108,US59100U1088,2420316,672518.0,57937425.7,0.19150398218824122,0,,FINANCIALS,UNITED STATES,AVUV,2026-07-28,,,,,,,,,,,,,,,,,,,,,,
KAISER ALUMINUM CORP COMMON STOCK USD.01,KALU,COMMON STOCK,483007704,US4830077040,B15CJ33,348097.0,56353423.33,0.18626828595242087,0,,MATERIALS,UNITED STATES,AVUV,2026-07-28,,,,,,,,,,,,,,,,,,,,,,
FIRST BUSEY CORP COMMON STOCK USD.001,BUSE,COMMON STOCK,319383204,US3193832041,BZ1LBM5,1867909.0,55570292.75,0.1836797583671611,0,,FINANCIALS,UNITED STATES,AVUV,2026-07-28,,,,,,,,,,,,,,,,,,,,,,
WORLD KINECT CORP COMMON STOCK USD.01,WKC,COMMON STOCK,981475106,US9814751064,2469450,1387922.0,55225416.38,0.18253981820897033,0,,ENERGY,UNITED STATES,AVUV,2026-07-28,,,,,,,,,,,,,,,,,,,,,,
COLUMBIA SPORTSWEAR CO COMMON STOCK,COLM,COMMON STOCK,198516106,US1985161066,2229126,869251.0,55162668.46,0.18233241381692417,0,,CONSUMER DISCRETIONARY,UNITED STATES,AVUV,2026-07-28,,,,,,,,,,,,,,,,,,,,,,
HORACE MANN EDUCATORS COMMON STOCK USD.001,HMN,COMMON STOCK,440327104,US4403271046,2437112,1048711.0,54281281.36,0.17941911317472206,0,,FINANCIALS,UNITED STATES,AVUV,2026-07-28,,,,,,,,,,,,,,,,,,,,,,
LCI INDUSTRIES COMMON STOCK USD.01,LCII,COMMON STOCK,50189K103,US50189K1034,BYQ44Y5,522122.0,54050069.44,0.1786548748111009,0,,CONSUMER DISCRETIONARY,UNITED STATES,AVUV,2026-07-28,,,,,,,,,,,,,,,,,,,,,,
WHITE MOUNTAINS INSURANCE GP COMMON STOCK USD1.0,WTM,COMMON STOCK,G9618E107,BMG9618E1075,2339252,24508.0,53769081.52,0.1777261089058738,0,,FINANCIALS,UNITED STATES,AVUV,2026-07-28,,,,,,,,,,,,,,,,,,,,,,
ORMAT TECHNOLOGIES INC COMMON STOCK USD.001,ORA,COMMON STOCK,686688102,US6866881021,B03L311,524633.0,53575521.96,0.17708632510321504,0,,UTILITIES,UNITED STATES,AVUV,2026-07-28,,,,,,,,,,,,,,,,,,,,,,
BUCKLE INC/THE COMMON STOCK USD.01,BKE,COMMON STOCK,118440106,US1184401065,2149934,1214491.0,52963952.51,0.1750648686155535,0,,CONSUMER DISCRETIONARY,UNITED STATES,AVUV,2026-07-28,,,,,,,,,,,,,,,,,,,,,,
BANNER CORPORATION COMMON STOCK USD.01,BANR,COMMON STOCK,06652V208,US06652V2088,2346003,739990.0,51969497.7,0.1717778386186158,0,,FINANCIALS,UNITED STATES,AVUV,2026-07-28,,,,,,,,,,,,,,,,,,,,,,
EPLUS INC COMMON STOCK USD.01,PLUS,COMMON STOCK,294268107,US2942681071,2597748,581555.0,51816550.5,0.17127229323908505,0,,INFORMATION TECHNOLOGY,UNITED STATES,AVUV,2026-07-28,,,,,,,,,,,,,,,,,,,,,,
WEIS MARKETS INC COMMON STOCK,WMK,COMMON STOCK,948849104,US9488491047,2946845,693161.0,51799921.53,0.17121732852610008,0,,CONSUMER STAPLES,UNITED STATES,AVUV,2026-07-28,,,,,,,,,,,,,,,,,,,,,,
HAPPEN INC COMMON STOCK USD.01,HAPN,COMMON STOCK,52603A208,US52603A2087,BK95GR4,2742365.0,51419343.75,0.16995938239677522,0,,FINANCIALS,UNITED STATES,AVUV,2026-07-28,,,,,,,,,,,,,,,,,,,,,,
ENCORE CAPITAL GROUP INC COMMON STOCK USD.01,ECPG,COMMON STOCK,292554102,US2925541029,2443078,542195.0,51210317.75,0.16926847645994347,0,,FINANCIALS,UNITED STATES,AVUV,2026-07-28,,,,,,,,,,,,,,,,,,,,,,
GULFPORT ENERGY CORP COMMON STOCK USD.0001,GPOR,COMMON STOCK,402635502,US4026355028,BND7X43,331226.0,51051863.38,0.16874472790737138,0,,ENERGY,UNITED STATES,AVUV,2026-07-28,,,,,,,,,,,,,,,,,,,,,,
MUELLER WATER PRODUCTS INC A COMMON STOCK USD.01,MWA,COMMON STOCK,624758108,US6247581084,B15RZR4,2017566.0,50761960.56,0.16778649505862397,0,,INDUSTRIALS,UNITED STATES,AVUV,2026-07-28,,,,,,,,,,,,,,,,,,,,,,
NELNET INC CL A COMMON STOCK USD.01,NNI,COMMON STOCK,64031N108,US64031N1081,2196190,378393.0,50666822.7,0.16747203029208074,0,,FINANCIALS,UNITED STATES,AVUV,2026-07-28,,,,,,,,,,,,,,,,,,,,,,
QUIDELORTHO CORP COMMON STOCK USD.001,QDEL,COMMON STOCK,219798105,US2197981051,BM9VY27,3002282.0,50528406.06,0.1670145136274921,0,,HEALTH CARE,UNITED STATES,AVUV,2026-07-28,,,,,,,,,,,,,,,,,,,,,,
ADVANCE AUTO PARTS INC COMMON STOCK USD.0001,AAP,COMMON STOCK,00751Y106,US00751Y1064,2822019,865001.0,49936507.73,0.1650580772502098,0,,CONSUMER DISCRETIONARY,UNITED STATES,AVUV,2026-07-28,,,,,,,,,,,,,,,,,,,,,,
STEPAN CO COMMON STOCK USD1.0,SCL,COMMON STOCK,858586100,US8585861003,2845005,864064.0,49718242.56,0.16433663254114683,0,,MATERIALS,UNITED STATES,AVUV,2026-07-28,,,,,,,,,,,,,,,,,,,,,,
FMC CORP COMMON STOCK USD.1,FMC,COMMON STOCK,302491303,US3024913036,2328603,4428411.0,49243930.32,0.16276886038587443,0,,MATERIALS,UNITED STATES,AVUV,2026-07-28,,,,,,,,,,,,,,,,,,,,,,
SKYWATER TECHNOLOGY INC COMMON STOCK USD.01,SKYT,COMMON STOCK,83089J108,US83089J1088,BMDXB06,1557863.0,49212892.17,0.1626662681624033,0,,INFORMATION TECHNOLOGY,UNITED STATES,AVUV,2026-07-28,,,,,,,,,,,,,,,,,,,,,,
CRACKER BARREL OLD COUNTRY COMMON STOCK USD.01,CBRL,COMMON STOCK,22410J106,US22410J1060,2231091,935925.0,49070547.75,0.16219576877547118,0,,CONSUMER DISCRETIONARY,UNITED STATES,AVUV,2026-07-28,,,,,,,,,,,,,,,,,,,,,,
SEADRILL LIMITED COMMON STOCK USD.01,SDRL,COMMON STOCK,G7997W102,BMG7997W1029,BNTBRX6,1139900.0,48992902.0,0.1619391217093418,0,,ENERGY,UNITED STATES,AVUV,2026-07-28,,,,,,,,,,,,,,,,,,,,,,
HEALTHCARE SERVICES GROUP COMMON STOCK USD.01,HCSG,COMMON STOCK,421906108,US4219061086,2417619,2113713.0,48509713.35,0.1603420098338109,0,,INDUSTRIALS,UNITED STATES,AVUV,2026-07-28,,,,,,,,,,,,,,,,,,,,,,
VISTANCE NETWORKS INC COMMON STOCK,VISN,COMMON STOCK,20337X109,US20337X1090,BFRBX34,4057277.0,48078732.45,0.15891746330624448,0,,INFORMATION TECHNOLOGY,UNITED STATES,AVUV,2026-07-28,,,,,,,,,,,,,,,,,,,,,,
WESTAMERICA BANCORPORATION COMMON STOCK,WABC,COMMON STOCK,957090103,US9570901036,2950374,799537.0,47988210.74,0.15861825657190923,0,,FINANCIALS,UNITED STATES,AVUV,2026-07-28,,,,,,,,,,,,,,,,,,,,,,
CORE NATURAL RESOURCES INC COMMON STOCK USD.01,CNR,COMMON STOCK,218937100,US2189371006,BR1Z682,568696.0,46917420.0,0.15507890893395757,0,,ENERGY,UNITED STATES,AVUV,2026-07-28,,,,,,,,,,,,,,,,,,,,,,
WSFS FINANCIAL CORP COMMON STOCK USD.01,WSFS,COMMON STOCK,929328102,US9293281021,2940375,578797.0,46656826.17,0.15421755281439,0,,FINANCIALS,UNITED STATES,AVUV,2026-07-28,,,,,,,,,,,,,,,,,,,,,,
CARTER S INC COMMON STOCK USD.01,CRI,COMMON STOCK,146229109,US1462291097,2980939,1198010.0,46422887.5,0.15344430156355265,0,,CONSUMER DISCRETIONARY,UNITED STATES,AVUV,2026-07-28,,,,,,,,,,,,,,,,,,,,,,
NWPX INFRASTRUCTURE INC COMMON STOCK USD.01,NWPX,COMMON STOCK,667746101,US6677461013,2035925,361883.0,46415113.58,0.15341860596836135,0,,INDUSTRIALS,UNITED STATES,AVUV,2026-07-28,,,,,,,,,,,,,,,,,,,,,,
RYERSON HOLDING CORP COMMON STOCK USD.01,RYZ,COMMON STOCK,783754104,US7837541041,B3TPPZ6,1511596.0,46285069.52,0.15298876368508701,0,,MATERIALS,UNITED STATES,AVUV,2026-07-28,,,,,,,,,,,,,,,,,,,,,,
HELIX ENERGY SOLUTIONS GROUP COMMON STOCK,HLX,COMMON STOCK,42330P107,US42330P1075,2037062,4717453.0,45476246.92,0.15031531475440996,0,,ENERGY,UNITED STATES,AVUV,2026-07-28,,,,,,,,,,,,,,,,,,,,,,
OPENDOOR TECHNOLOGIES INC COMMON STOCK USD.0001,OPEN,COMMON STOCK,683712103,US6837121036,BL96T19,11746353.0,45223459.05,0.14947976013373088,0,,REAL ESTATE,UNITED STATES,AVUV,2026-07-28,,,,,,,,,,,,,,,,,,,,,,
ENERSYS COMMON STOCK USD.01,ENS,COMMON STOCK,29275Y102,US29275Y1029,B020GQ5,236637.0,45017822.88,0.1488000588014548,0,,INDUSTRIALS,UNITED STATES,AVUV,2026-07-28,,,,,,,,,,,,,,,,,,,,,,
STRIDE INC COMMON STOCK USD.0001,LRN,COMMON STOCK,86333M108,US86333M1080,BLD5321,495040.0,44593203.2,0.1473965383886468,0,,CONSUMER DISCRETIONARY,UNITED STATES,AVUV,2026-07-28,,,,,,,,,,,,,,,,,,,,,,
OIL DRI CORP OF AMERICA COMMON STOCK USD.1,ODC,COMMON STOCK,677864100,US6778641000,2657794,443621.0,43736594.39,0.1445651388863294,0,,CONSUMER STAPLES,UNITED STATES,AVUV,2026-07-28,,,,,,,,,,,,,,,,,,,,,,
NABORS INDUSTRIES LTD COMMON STOCK USD.001,NBR,COMMON STOCK,G6359F137,BMG6359F1370,BK953M8,552919.0,43487079.35,0.14374040214322178,0,,ENERGY,UNITED STATES,AVUV,2026-07-28,,,,,,,,,,,,,,,,,,,,,,
SALLY BEAUTY HOLDINGS INC COMMON STOCK USD.01,SBH,COMMON STOCK,79546E104,US79546E1047,B1GZ005,2886766.0,43301490.0,0.14312696274464098,0,,CONSUMER DISCRETIONARY,UNITED STATES,AVUV,2026-07-28,,,,,,,,,,,,,,,,,,,,,,
TRIMAS CORP COMMON STOCK USD.01,TRS,COMMON STOCK,896215209,US8962152091,B1XHRL4,1059372.0,42968128.32,0.14202508276882836,0,,MATERIALS,UNITED STATES,AVUV,2026-07-28,,,,,,,,,,,,,,,,,,,,,,
KIMBELL ROYALTY PARTNERS LP UNIT,KRP,COMMON STOCK,49435R102,US49435R1023,BYQFVW5,2924527.0,42902811.09,0.1418091858852617,0,,ENERGY,UNITED STATES,AVUV,2026-07-28,,,,,,,,,,,,,,,,,,,,,,
HOPE BANCORP INC COMMON STOCK USD.001,HOPE,COMMON STOCK,43940T109,US43940T1097,BYN87K7,3077219.0,42527166.58,0.14056754598354007,0,,FINANCIALS,UNITED STATES,AVUV,2026-07-28,,,,,,,,,,,,,,,,,,,,,,
TELADOC HEALTH INC COMMON STOCK USD.001,TDOC,COMMON STOCK,87918A105,US87918A1051,BYQRFY1,4752407.0,42343946.37,0.13996193744280083,0,,HEALTH CARE,UNITED STATES,AVUV,2026-07-28,,,,,,,,,,,,,,,,,,,,,,
SENECA FOODS CORP   CL A COMMON STOCK USD.25,SENEA,COMMON STOCK,817070501,US8170705011,2781626,253585.0,42163577.95,0.13936575509134713,0,,CONSUMER STAPLES,UNITED STATES,AVUV,2026-07-28,,,,,,,,,,,,,,,,,,,,,,
CENTURY COMMUNITIES INC COMMON STOCK USD.01,CCS,COMMON STOCK,156504300,US1565043007,BN7ZZ47,595242.0,41952656.16,0.13866858288828057,0,,CONSUMER DISCRETIONARY,UNITED STATES,AVUV,2026-07-28,,,,,,,,,,,,,,,,,,,,,,
ENACT HOLDINGS INC COMMON STOCK USD.01,ACT,COMMON STOCK,29249E109,US29249E1091,BNZFTG9,889221.0,41873416.89,0.13840666866673298,0,,FINANCIALS,UNITED STATES,AVUV,2026-07-28,,,,,,,,,,,,,,,,,,,,,,
LIBERTY GLOBAL LTD A COMMON STOCK USD.01,LBTYA,COMMON STOCK,G61188101,BMG611881019,BS71B31,4199988.0,41285882.04,0.13646465515664064,0,,COMMUNICATION SERVICES,UNITED STATES,AVUV,2026-07-28,,,,,,,,,,,,,,,,,,,,,,
UNIVERSAL INSURANCE HOLDINGS COMMON STOCK USD.01,UVE,COMMON STOCK,91359V107,US91359V1070,2912374,947900.0,41081986.0,0.13579070557844228,0,,FINANCIALS,UNITED STATES,AVUV,2026-07-28,,,,,,,,,,,,,,,,,,,,,,
ANI PHARMACEUTICALS INC COMMON STOCK USD.0001,ANIP,COMMON STOCK,00182C103,US00182C1036,BCDWBX6,521077.0,40836804.49,0.13498029270702736,0,,HEALTH CARE,UNITED STATES,AVUV,2026-07-28,,,,,,,,,,,,,,,,,,,,,,
YELP INC COMMON STOCK USD.000001,YELP,COMMON STOCK,985817105,US9858171054,B7KCD72,1533701.0,40505043.41,0.13388370328857357,0,,COMMUNICATION SERVICES,UNITED STATES,AVUV,2026-07-28,,,,,,,,,,,,,,,,,,,,,,
1ST SOURCE CORP COMMON STOCK,SRCE,COMMON STOCK,336901103,US3369011032,2341848,465417.0,40393541.43,0.13351514923333407,0,,FINANCIALS,UNITED STATES,AVUV,2026-07-28,,,,,,,,,,,,,,,,,,,,,,
SLIDE INSURANCE HOLDINGS INC COMMON STOCK USD.01,SLDE,COMMON STOCK,831349105,US8313491057,BT18HJ3,1931706.0,40276070.1,0.13312686433430465,0,,FINANCIALS,UNITED STATES,AVUV,2026-07-28,,,,,,,,,,,,,,,,,,,,,,
GRANITE CONSTRUCTION INC COMMON STOCK USD.01,GVA,COMMON STOCK,387328107,US3873281071,2381189,320002.0,40166651.04,0.13276519507709952,0,,INDUSTRIALS,UNITED STATES,AVUV,2026-07-28,,,,,,,,,,,,,,,,,,,,,,
PROPETRO HOLDING CORP COMMON STOCK,PUMP,COMMON STOCK,74347M108,US74347M1080,BYXR9C0,3718935.0,40127308.65,0.13263515436053724,0,,ENERGY,UNITED STATES,AVUV,2026-07-28,,,,,,,,,,,,,,,,,,,,,,
BRISTOW GROUP INC COMMON STOCK USD.01,VTOL,COMMON STOCK,11040G103,US11040G1031,BMBT0Z4,863791.0,39829403.01,0.13165046931996016,0,,ENERGY,UNITED STATES,AVUV,2026-07-28,,,,,,,,,,,,,,,,,,,,,,
PREFERRED BANK/LOS ANGELES COMMON STOCK,PFBC,COMMON STOCK,740367404,US7403674044,2763602,380934.0,39651420.06,0.13106217180285784,0,,FINANCIALS,UNITED STATES,AVUV,2026-07-28,,,,,,,,,,,,,,,,,,,,,,
MATERION CORP COMMON STOCK,MTRN,COMMON STOCK,576690101,US5766901012,2149622,163576.0,39555948.32,0.13074660344310518,0,,MATERIALS,UNITED STATES,AVUV,2026-07-28,,,,,,,,,,,,,,,,,,,,,,
SFL CORP LTD COMMON STOCK USD.01,SFL,COMMON STOCK,G7738W106,BMG7738W1064,BJXT857,3268298.0,39023478.12,0.12898659836064655,0,,ENERGY,UNITED STATES,AVUV,2026-07-28,,,,,,,,,,,,,,,,,,,,,,
AMERIS BANCORP COMMON STOCK USD1.0,ABCB,COMMON STOCK,03076K108,US03076K1088,2038849,446889.0,38450329.56,0.12709213670137653,0,,FINANCIALS,UNITED STATES,AVUV,2026-07-28,,,,,,,,,,,,,,,,,,,,,,
GENCO SHIPPING + TRADING LTD COMMON STOCK USD.01,GNK,COMMON STOCK,Y2685T131,MHY2685T1313,BD08758,1521309.0,38169642.81,0.12616436627107114,0,,INDUSTRIALS,UNITED STATES,AVUV,2026-07-28,,,,,,,,,,,,,,,,,,,,,,
TECNOGLASS INC COMMON STOCK USD.0001,TGLS,COMMON STOCK,87877F103,US87877F1030,BXD1FS3,834010.0,37847373.8,0.12509915155009912,0,,INDUSTRIALS,UNITED STATES,AVUV,2026-07-28,,,,,,,,,,,,,,,,,,,,,,
KOPPERS HOLDINGS INC COMMON STOCK USD.01,KOP,COMMON STOCK,50060P106,US50060P1066,B0X46B1,761638.0,37784861.18,0.12489252490898793,0,,MATERIALS,UNITED STATES,AVUV,2026-07-28,,,,,,,,,,,,,,,,,,,,,,
COMMUNITY TRUST BANCORP INC COMMON STOCK USD5.0,CTBI,COMMON STOCK,204149108,US2041491083,2706470,492411.0,37748227.26,0.12477143665768226,0,,FINANCIALS,UNITED STATES,AVUV,2026-07-28,,,,,,,,,,,,,,,,,,,,,,
OLD SECOND BANCORP INC COMMON STOCK USD1.0,OSBC,COMMON STOCK,680277100,US6802771005,2658429,1526774.0,37741853.28,0.12475036836654504,0,,FINANCIALS,UNITED STATES,AVUV,2026-07-28,,,,,,,,,,,,,,,,,,,,,,
MOSAIC CO/THE COMMON STOCK USD.01,MOS,COMMON STOCK,61945C103,US61945C1036,B3NPHP6,1686760.0,37682218.4,0.12455325368878126,0,,MATERIALS,UNITED STATES,AVUV,2026-07-28,,,,,,,,,,,,,,,,,,,,,,
EAGLE MATERIALS INC COMMON STOCK USD.01,EXP,COMMON STOCK,26969P108,US26969P1084,2191399,173320.0,37556710.8,0.12413840603366895,0,,MATERIALS,UNITED STATES,AVUV,2026-07-28,,,,,,,,,,,,,,,,,,,,,,
DEL MONTE CORP COMMON STOCK,DMC,COMMON STOCK,G36738105,KYG367381053,2118707,1314233.0,37547636.81,0.12410841324061092,0,,CONSUMER STAPLES,UNITED STATES,AVUV,2026-07-28,,,,,,,,,,,,,,,,,,,,,,
APOGEE ENTERPRISES INC COMMON STOCK USD.333,APOG,COMMON STOCK,037598109,US0375981091,2046176,915238.0,37515605.62,0.12400253866359758,0,,INDUSTRIALS,UNITED STATES,AVUV,2026-07-28,,,,,,,,,,,,,,,,,,,,,,
DIME COMMERCIAL BANCSHARES I COMMON STOCK USD.01,DCOM,COMMON STOCK,25432X102,US25432X1028,BMFZ702,930376.0,37401115.2,0.12362410674178709,0,,FINANCIALS,UNITED STATES,AVUV,2026-07-28,,,,,,,,,,,,,,,,,,,,,,
MARTEN TRANSPORT LTD COMMON STOCK USD.01,MRTN,COMMON STOCK,573075108,US5730751089,2568357,2384823.0,36940908.27,0.12210295769761019,0,,INDUSTRIALS,UNITED STATES,AVUV,2026-07-28,,,,,,,,,,,,,,,,,,,,,,
TENNANT CO COMMON STOCK USD.375,TNC,COMMON STOCK,880345103,US8803451033,2883641,423970.0,36766678.4,0.12152706545666203,0,,INDUSTRIALS,UNITED STATES,AVUV,2026-07-28,,,,,,,,,,,,,,,,,,,,,,
UNIVERSAL TECHNICAL INSTITUT COMMON STOCK USD.0001,UTI,COMMON STOCK,913915104,US9139151040,2002543,955043.0,36711852.92,0.12134584757170204,0,,CONSUMER DISCRETIONARY,UNITED STATES,AVUV,2026-07-28,,,,,,,,,,,,,,,,,,,,,,
SUNCOKE ENERGY INC COMMON STOCK USD.01,SXC,COMMON STOCK,86722A103,US86722A1034,B3R0638,4052341.0,36552115.82,0.12081785913618545,0,,MATERIALS,UNITED STATES,AVUV,2026-07-28,,,,,,,,,,,,,,,,,,,,,,
ALAMO GROUP INC COMMON STOCK USD.1,ALG,COMMON STOCK,011311107,US0113111076,2021634,222173.0,36531906.39,0.1207510597180892,0,,INDUSTRIALS,UNITED STATES,AVUV,2026-07-28,,,,,,,,,,,,,,,,,,,,,,
NPK INTERNATIONAL INC COMMON STOCK,NPKI,COMMON STOCK,651718504,US6517185046,2636878,2582813.0,36520975.82,0.1207149302619165,0,,INDUSTRIALS,UNITED STATES,AVUV,2026-07-28,,,,,,,,,,,,,,,,,,,,,,
EXPRO LTD COMMON STOCK USD.0001,XPRO,COMMON STOCK,G3314M109,KYG3314M1096,BTCL6X8,2315391.0,36282176.97,0.1199256143721535,0,,ENERGY,UNITED STATES,AVUV,2026-07-28,,,,,,,,,,,,,,,,,,,,,,
PEOPLES BANCORP INC COMMON STOCK,PEBO,COMMON STOCK,709789101,US7097891011,2679419,888877.0,36141738.82,0.11946141589161678,0,,FINANCIALS,UNITED STATES,AVUV,2026-07-28,,,,,,,,,,,,,,,,,,,,,,
TOMPKINS FINANCIAL CORP COMMON STOCK USD.1,TMP,COMMON STOCK,890110109,US8901101092,2888613,360050.0,35889784.0,0.11862861480011917,0,,FINANCIALS,UNITED STATES,AVUV,2026-07-28,,,,,,,,,,,,,,,,,,,,,,
LOUISIANA PACIFIC CORP COMMON STOCK USD1.0,LPX,COMMON STOCK,546347105,US5463471053,2535243,482739.0,35833715.97,0.11844328984153286,0,,INDUSTRIALS,UNITED STATES,AVUV,2026-07-28,,,,,,,,,,,,,,,,,,,,,,
LINDSAY CORP COMMON STOCK USD1.0,LNN,COMMON STOCK,535555106,US5355551061,2516613,311893.0,35742937.8,0.11814323541486954,0,,INDUSTRIALS,UNITED STATES,AVUV,2026-07-28,,,,,,,,,,,,,,,,,,,,,,
INGRAM MICRO HOLDING CORP COMMON STOCK USD.01,INGM,COMMON STOCK,457152106,US4571521065,BS5YN47,1225437.0,35721488.55,0.11807233794677666,0,,INFORMATION TECHNOLOGY,UNITED STATES,AVUV,2026-07-28,,,,,,,,,,,,,,,,,,,,,,
CONNECTONE BANCORP INC COMMON STOCK,CNOB,COMMON STOCK,20786W107,US20786W1071,BNQ4YF9,1088240.0,35716036.8,0.11805431795672218,0,,FINANCIALS,UNITED STATES,AVUV,2026-07-28,,,,,,,,,,,,,,,,,,,,,,
MERCHANTS BANCORP/IN COMMON STOCK,MBIN,COMMON STOCK,58844R108,US58844R1086,BYZ1PQ6,720855.0,34867756.35,0.11525044667275121,0,,FINANCIALS,UNITED STATES,AVUV,2026-07-28,,,,,,,,,,,,,,,,,,,,,,
COVENANT LOGISTICS GROUP INC COMMON STOCK USD.01,CVLG,COMMON STOCK,22284P105,US22284P1057,2200853,775415.0,34854904.25,0.1152079658704072,0,,INDUSTRIALS,UNITED STATES,AVUV,2026-07-28,,,,,,,,,,,,,,,,,,,,,,
SONIC AUTOMOTIVE INC CLASS A COMMON STOCK USD.01,SAH,COMMON STOCK,83545G102,US83545G1022,2125246,337987.0,34805901.26,0.11504599340423788,0,,CONSUMER DISCRETIONARY,UNITED STATES,AVUV,2026-07-28,,,,,,,,,,,,,,,,,,,,,,
LIBERTY GLOBAL LTD C COMMON STOCK USD.01,LBTYK,COMMON STOCK,G61188127,BMG611881274,BS71BR5,3628188.0,34794322.92,0.11500772283576959,0,,COMMUNICATION SERVICES,UNITED STATES,AVUV,2026-07-28,,,,,,,,,,,,,,,,,,,,,,
PENNYMAC FINANCIAL SERVICES COMMON STOCK USD.0001,PFSI,COMMON STOCK,70932M107,US70932M1071,BGYTGH3,410634.0,34686253.98,0.11465051620964117,0,,FINANCIALS,UNITED STATES,AVUV,2026-07-28,,,,,,,,,,,,,,,,,,,,,,
SCANSOURCE INC COMMON STOCK,SCSC,COMMON STOCK,806037107,US8060371072,2767756,622629.0,34630624.98,0.11446664240274626,0,,INFORMATION TECHNOLOGY,UNITED STATES,AVUV,2026-07-28,,,,,,,,,,,,,,,,,,,,,,
OPPENHEIMER HOLDINGS CL A COMMON STOCK USD.001,OPY,COMMON STOCK,683797104,US6837971042,B42G8D2,314650.0,34617793.0,0.11442422810422213,0,,FINANCIALS,UNITED STATES,AVUV,2026-07-28,,,,,,,,,,,,,,,,,,,,,,
GENTHERM INC COMMON STOCK,THRM,COMMON STOCK,37253A103,US37253A1034,B8JFD24,820622.0,34523567.54,0.11411277914708425,0,,CONSUMER DISCRETIONARY,UNITED STATES,AVUV,2026-07-28,,,,,,,,,,,,,,,,,,,,,,
KORN FERRY COMMON STOCK USD.01,KFY,COMMON STOCK,500643200,US5006432000,2386849,417911.0,33921835.87,0.11212384005250896,0,,INDUSTRIALS,UNITED STATES,AVUV,2026-07-28,,,,,,,,,,,,,,,,,,,,,,
FIRST MID BANCSHARES INC COMMON STOCK USD4.0,FMBH,COMMON STOCK,320866106,US3208661062,B016HX8,653160.0,33415665.6,0.11045076567615991,0,,FINANCIALS,UNITED STATES,AVUV,2026-07-28,,,,,,,,,,,,,,,,,,,,,,
UNIVEST FINANCIAL CORP COMMON STOCK USD5.0,UVSP,COMMON STOCK,915271100,US9152711001,2690636,755227.0,33384809.54,0.1103487753254799,0,,FINANCIALS,UNITED STATES,AVUV,2026-07-28,,,,,,,,,,,,,,,,,,,,,,
CENTRAL PACIFIC FINANCIAL CO COMMON STOCK,CPF,COMMON STOCK,154760409,US1547604090,2230946,853647.0,33343451.82,0.11021207322008716,0,,FINANCIALS,UNITED STATES,AVUV,2026-07-28,,,,,,,,,,,,,,,,,,,,,,
LIBERTY CAPITAL CORP CL C COMMON STOCK USD.01,GLIBK,COMMON STOCK,36164V800,US36164V8000,BRJW0G1,1474655.0,33253470.25,0.10991465184227557,0,,COMMUNICATION SERVICES,UNITED STATES,AVUV,2026-07-28,,,,,,,,,,,,,,,,,,,,,,
HARMONIC INC COMMON STOCK USD.001,HLIT,COMMON STOCK,413160102,US4131601027,2510659,2929433.0,33249064.55,0.10990008942283543,0,,INFORMATION TECHNOLOGY,UNITED STATES,AVUV,2026-07-28,,,,,,,,,,,,,,,,,,,,,,
BYLINE BANCORP INC COMMON STOCK USD.01,BY,COMMON STOCK,124411109,US1244111092,BD5G2C9,857202.0,33156573.36,0.10959437285037249,0,,FINANCIALS,UNITED STATES,AVUV,2026-07-28,,,,,,,,,,,,,,,,,,,,,,
THOR INDUSTRIES INC COMMON STOCK USD.1,THO,COMMON STOCK,885160101,US8851601018,2889876,433175.0,33155214.5,0.10958988133045955,0,,CONSUMER DISCRETIONARY,UNITED STATES,AVUV,2026-07-28,,,,,,,,,,,,,,,,,,,,,,
ECOVYST INC COMMON STOCK,ECVT,COMMON STOCK,27923Q109,US27923Q1094,BM8NHT2,2694010.0,32974682.4,0.10899315795787094,0,,MATERIALS,UNITED STATES,AVUV,2026-07-28,,,,,,,,,,,,,,,,,,,,,,
SPROUTS FARMERS MARKET INC COMMON STOCK USD.001,SFM,COMMON STOCK,85208M102,US85208M1027,BCGCR79,427349.0,32837497.16,0.10853971151215754,0,,CONSUMER STAPLES,UNITED STATES,AVUV,2026-07-28,,,,,,,,,,,,,,,,,,,,,,
ERMENEGILDO ZEGNA NV COMMON STOCK,ZGN,COMMON STOCK,N30577105,NL0015000PB5,BLCY7G1,2190303.0,32613611.67,0.1077996896287005,0,,CONSUMER DISCRETIONARY,UNITED STATES,AVUV,2026-07-28,,,,,,,,,,,,,,,,,,,,,,
LSB INDUSTRIES INC COMMON STOCK USD.1,LXU,COMMON STOCK,502160104,US5021601043,2536882,2845270.0,32606794.2,0.10777715544397146,0,,MATERIALS,UNITED STATES,AVUV,2026-07-28,,,,,,,,,,,,,,,,,,,,,,
PELAGOS INSURANCE CAPITAL LT COMMON STOCK USD.01,PLGO,COMMON STOCK,G3398L118,BMG3398L1182,BQLSDH2,1256287.0,32575521.91,0.10767378930378162,0,,FINANCIALS,UNITED STATES,AVUV,2026-07-28,,,,,,,,,,,,,,,,,,,,,,
NORTHEAST BANK COMMON STOCK USD1.0,NBN,COMMON STOCK,66405S100,US66405S1006,BJXSDM6,242496.0,32278642.56,0.10669249651992813,0,,FINANCIALS,UNITED STATES,AVUV,2026-07-28,,,,,,,,,,,,,,,,,,,,,,
UNITED FIRE GROUP INC COMMON STOCK USD.001,UFCS,COMMON STOCK,910340108,US9103401082,B4WXG84,621594.0,31981011.3,0.1057087184037095,0,,FINANCIALS,UNITED STATES,AVUV,2026-07-28,,,,,,,,,,,,,,,,,,,,,,
REPUBLIC BANCORP INC CLASS A COMMON STOCK,RBCAA,COMMON STOCK,760281204,US7602812049,2277114,328535.0,31877751.05,0.10536740622358008,0,,FINANCIALS,UNITED STATES,AVUV,2026-07-28,,,,,,,,,,,,,,,,,,,,,,
GOLD.COM INC COMMON STOCK USD.01,GOLD,COMMON STOCK,00181T107,US00181T1079,BK6MJ46,773355.0,31792624.05,0.10508603094163105,0,,CONSUMER DISCRETIONARY,UNITED STATES,AVUV,2026-07-28,,,,,,,,,,,,,,,,,,,,,,
NUTEX HEALTH INC COMMON STOCK,NUTX,COMMON STOCK,67079U306,US67079U3068,BSMNX92,209920.0,31215104.0,0.10317711993924675,0,,HEALTH CARE,UNITED STATES,AVUV,2026-07-28,,,,,,,,,,,,,,,,,,,,,,
AMALGAMATED FINANCIAL CORP COMMON STOCK USD.01,AMAL,COMMON STOCK,022671101,US0226711010,BLR7B41,635803.0,31160705.03,0.10299731182288549,0,,FINANCIALS,UNITED STATES,AVUV,2026-07-28,,,,,,,,,,,,,,,,,,,,,,
MERCANTILE BANK CORP COMMON STOCK,MBWM,COMMON STOCK,587376104,US5873761044,2620257,530354.0,31089351.48,0.10276146273564742,0,,FINANCIALS,UNITED STATES,AVUV,2026-07-28,,,,,,,,,,,,,,,,,,,,,,
ENOVIS CORP COMMON STOCK USD.001,ENOV,COMMON STOCK,194014502,US1940145022,BJLTMX5,1099547.0,31062202.75,0.1026717264409547,0,,HEALTH CARE,UNITED STATES,AVUV,2026-07-28,,,,,,,,,,,,,,,,,,,,,,
GIGACLOUD TECHNOLOGY INC   A COMMON STOCK USD.05,GCT,COMMON STOCK,G38644103,KYG386441037,BP0WTV4,789381.0,30920053.77,0.10220187305335421,0,,CONSUMER DISCRETIONARY,UNITED STATES,AVUV,2026-07-28,,,,,,,,,,,,,,,,,,,,,,
PROGYNY INC COMMON STOCK USD.0001,PGNY,COMMON STOCK,74340E103,US74340E1038,BKWD3M9,976379.0,30843812.61,0.10194986866119751,0,,HEALTH CARE,UNITED STATES,AVUV,2026-07-28,,,,,,,,,,,,,,,,,,,,,,
TRUSTCO BANK CORP NY COMMON STOCK USD1.0,TRST,COMMON STOCK,898349204,US8983492047,BN0ZBP7,532299.0,30559285.59,0.10100940476050072,0,,FINANCIALS,UNITED STATES,AVUV,2026-07-28,,,,,,,,,,,,,,,,,,,,,,
BURKE + HERBERT FINANCIAL SE COMMON STOCK,BHRB,COMMON STOCK,12135Y108,US12135Y1082,BQ1PC32,419728.0,30430280.0,0.10058299499322064,0,,FINANCIALS,UNITED STATES,AVUV,2026-07-28,,,,,,,,,,,,,,,,,,,,,,
QCR HOLDINGS INC COMMON STOCK USD1.0,QCRH,COMMON STOCK,74727A104,US74727A1043,2714257,302623.0,30310719.68,0.10018780523262864,0,,FINANCIALS,UNITED STATES,AVUV,2026-07-28,,,,,,,,,,,,,,,,,,,,,,
HANMI FINANCIAL CORPORATION COMMON STOCK USD.001,HAFC,COMMON STOCK,410495204,US4104952043,B6TPXR5,950934.0,30087551.76,0.09945015517551423,0,,FINANCIALS,UNITED STATES,AVUV,2026-07-28,,,,,,,,,,,,,,,,,,,,,,
COMSTOCK RESOURCES INC COMMON STOCK USD.5,CRK,COMMON STOCK,205768302,US2057683029,BD82PS1,2312484.0,30062292.0,0.09936666260450897,0,,ENERGY,UNITED STATES,AVUV,2026-07-28,,,,,,,,,,,,,,,,,,,,,,
METALLUS INC COMMON STOCK,MTUS,COMMON STOCK,887399103,US8873991033,BNBPMX1,1440267.0,30058372.29,0.09935370655641132,0,,MATERIALS,UNITED STATES,AVUV,2026-07-28,,,,,,,,,,,,,,,,,,,,,,
DAKTRONICS INC COMMON STOCK,DAKT,COMMON STOCK,234264109,US2342641097,2254010,1512997.0,29942210.63,0.09896975058669352,0,,INFORMATION TECHNOLOGY,UNITED STATES,AVUV,2026-07-28,,,,,,,,,,,,,,,,,,,,,,
SEABOARD CORP COMMON STOCK USD1.0,SEB,COMMON STOCK,811543107,US8115431079,2786687,6481.0,29880456.07,0.09876562960590438,0,,CONSUMER STAPLES,UNITED STATES,AVUV,2026-07-28,,,,,,,,,,,,,,,,,,,,,,
TETRA TECHNOLOGIES INC COMMON STOCK USD.01,TTI,COMMON STOCK,88162F105,US88162F1057,2884280,3874213.0,29792697.97,0.09847555759431215,0,,ENERGY,UNITED STATES,AVUV,2026-07-28,,,,,,,,,,,,,,,,,,,,,,
SCHOLASTIC CORP COMMON STOCK USD.01,SCHL,COMMON STOCK,807066105,US8070661058,2779234,720456.0,29365786.56,0.09706446219149038,0,,COMMUNICATION SERVICES,UNITED STATES,AVUV,2026-07-28,,,,,,,,,,,,,,,,,,,,,,
ZIFF DAVIS INC COMMON STOCK USD.01,ZD,COMMON STOCK,48123V102,US48123V1026,B75DGJ3,555411.0,29081319.96,0.09612419800057469,0,,COMMUNICATION SERVICES,UNITED STATES,AVUV,2026-07-28,,,,,,,,,,,,,,,,,,,,,,
COSTAMARE INC COMMON STOCK USD.0001,CMRE,COMMON STOCK,Y1771G102,MHY1771G1026,B566T98,1847526.0,28858356.12,0.09538722250109227,0,,INDUSTRIALS,UNITED STATES,AVUV,2026-07-28,,,,,,,,,,,,,,,,,,,,,,
KIMBALL ELECTRONICS INC COMMON STOCK,KE,COMMON STOCK,49428J109,US49428J1097,BRKFN59,1159001.0,28801174.85,0.09519821788483124,0,,INFORMATION TECHNOLOGY,UNITED STATES,AVUV,2026-07-28,,,,,,,,,,,,,,,,,,,,,,
FIRST COMMONWEALTH FINL CORP COMMON STOCK USD1.0,FCF,COMMON STOCK,319829107,US3198291078,2351546,1360635.0,28396452.45,0.09386046512235767,0,,FINANCIALS,UNITED STATES,AVUV,2026-07-28,,,,,,,,,,,,,,,,,,,,,,
AMERICAN PUBLIC EDUCATION COMMON STOCK USD.01,APEI,COMMON STOCK,02913V103,US02913V1035,B292GM4,573819.0,28369611.36,0.09377174568825838,0,,CONSUMER DISCRETIONARY,UNITED STATES,AVUV,2026-07-28,,,,,,,,,,,,,,,,,,,,,,
BUSINESS FIRST BANCSHARES COMMON STOCK USD1.0,BFST,COMMON STOCK,12326C105,US12326C1053,BF5HDJ0,892879.0,28098902.13,0.09287695454188351,0,,FINANCIALS,UNITED STATES,AVUV,2026-07-28,,,,,,,,,,,,,,,,,,,,,,
CLARIVATE PLC COMMON STOCK USD.01,CLVT,COMMON STOCK,G21810109,JE00BJJN4441,BJJN444,13163744.0,28038774.72,0.0926782118757304,0,,INDUSTRIALS,UNITED STATES,AVUV,2026-07-28,,,,,,,,,,,,,,,,,,,,,,
ORIGIN BANCORP INC COMMON STOCK,OBK,COMMON STOCK,68621T102,US68621T1025,BDFFBM9,519711.0,28007225.79,0.09257393134107113,0,,FINANCIALS,UNITED STATES,AVUV,2026-07-28,,,,,,,,,,,,,,,,,,,,,,
KFORCE INC COMMON STOCK USD.01,KFRC,COMMON STOCK,493732101,US4937321010,2746982,481073.0,27964773.49,0.0924336112559996,0,,INDUSTRIALS,UNITED STATES,AVUV,2026-07-28,,,,,,,,,,,,,,,,,,,,,,
PAGAYA TECHNOLOGIES LTD  A COMMON STOCK USD.0001,PGY,COMMON STOCK,M7S64L123,IL0011858912,BQ5J6B6,1648638.0,27960900.48,0.09242080956815976,0,,INFORMATION TECHNOLOGY,UNITED STATES,AVUV,2026-07-28,,,,,,,,,,,,,,,,,,,,,,
GREEN DOT CORP CLASS A COMMON STOCK USD.001,GDOT,COMMON STOCK,39304D102,US39304D1028,B3WNNP3,2120305.0,27903213.8,0.09223013439048755,0,,FINANCIALS,UNITED STATES,AVUV,2026-07-28,,,,,,,,,,,,,,,,,,,,,,
QUANEX BUILDING PRODUCTS COMMON STOCK USD.01,NX,COMMON STOCK,747619104,US7476191041,B2QXCJ9,1476540.0,27744186.6,0.09170449242921128,0,,INDUSTRIALS,UNITED STATES,AVUV,2026-07-28,,,,,,,,,,,,,,,,,,,,,,
METROPOLITAN BANK HOLDING CO COMMON STOCK USD.01,MCB,COMMON STOCK,591774104,US5917741044,BDBRDR8,304026.0,27736291.98,0.09167839787720804,0,,FINANCIALS,UNITED STATES,AVUV,2026-07-28,,,,,,,,,,,,,,,,,,,,,,
GRAPHIC PACKAGING HOLDING CO COMMON STOCK USD.01,GPK,COMMON STOCK,388689101,US3886891015,B2Q8249,2480218.0,27654430.7,0.09140781697172906,0,,MATERIALS,UNITED STATES,AVUV,2026-07-28,,,,,,,,,,,,,,,,,,,,,,
VIRTUS INVESTMENT PARTNERS COMMON STOCK USD.01,VRTS,COMMON STOCK,92828Q109,US92828Q1094,B3KKGQ8,160760.0,26940160.8,0.0890468986438166,0,,FINANCIALS,UNITED STATES,AVUV,2026-07-28,,,,,,,,,,,,,,,,,,,,,,
LINCOLN NATIONAL CORP COMMON STOCK,LNC,COMMON STOCK,534187109,US5341871094,2516378,651024.0,26822188.8,0.08865695885077689,0,,FINANCIALS,UNITED STATES,AVUV,2026-07-28,,,,,,,,,,,,,,,,,,,,,,
FIRST FINANCIAL CORP COMMON STOCK,THFF,COMMON STOCK,320218100,US3202181000,2362515,345211.0,26812538.37,0.08862506071666927,0,,FINANCIALS,UNITED STATES,AVUV,2026-07-28,,,,,,,,,,,,,,,,,,,,,,
OXFORD INDUSTRIES INC COMMON STOCK USD1.0,OXM,COMMON STOCK,691497309,US6914973093,2665300,661346.0,26645630.34,0.08807336978428816,0,,CONSUMER DISCRETIONARY,UNITED STATES,AVUV,2026-07-28,,,,,,,,,,,,,,,,,,,,,,
HERITAGE INSURANCE HOLDINGS COMMON STOCK USD.0001,HRTG,COMMON STOCK,42727J102,US42727J1025,BMN9870,931932.0,26597339.28,0.0879137505022376,0,,FINANCIALS,UNITED STATES,AVUV,2026-07-28,,,,,,,,,,,,,,,,,,,,,,
S + T BANCORP INC COMMON STOCK USD2.5,STBA,COMMON STOCK,783859101,US7838591011,2781109,509776.0,26574622.88,0.08783866464869093,0,,FINANCIALS,UNITED STATES,AVUV,2026-07-28,,,,,,,,,,,,,,,,,,,,,,
PURSUIT ATTRACTIONS AND HOSP COMMON STOCK USD1.5,PRSU,COMMON STOCK,92552R406,US92552R4065,B01KGF5,500262.0,26543901.72,0.08773712019091841,0,,CONSUMER DISCRETIONARY,UNITED STATES,AVUV,2026-07-28,,,,,,,,,,,,,,,,,,,,,,
MARCUS CORPORATION COMMON STOCK USD1.0,MCS,COMMON STOCK,566330106,US5663301068,2564827,1082732.0,26505279.36,0.08760945943188149,0,,COMMUNICATION SERVICES,UNITED STATES,AVUV,2026-07-28,,,,,,,,,,,,,,,,,,,,,,
RUSH ENTERPRISES INC   CL B COMMON STOCK USD.01,RUSHB,COMMON STOCK,781846308,US7818463082,2966865,344962.0,26389593.0,0.0872270744992202,0,,INDUSTRIALS,UNITED STATES,AVUV,2026-07-28,,,,,,,,,,,,,,,,,,,,,,
RIGEL PHARMACEUTICALS INC COMMON STOCK USD.001,RIGL,COMMON STOCK,766559702,US7665597024,BQD3J33,681761.0,25491043.79,0.08425704692502133,0,,HEALTH CARE,UNITED STATES,AVUV,2026-07-28,,,,,,,,,,,,,,,,,,,,,,
INDEPENDENT BANK CORP   MICH COMMON STOCK USD1.0,IBCP,COMMON STOCK,453838609,US4538386099,2492133,673432.0,25307574.56,0.08365061528382381,0,,FINANCIALS,UNITED STATES,AVUV,2026-07-28,,,,,,,,,,,,,,,,,,,,,,
LINCOLN EDUCATIONAL SERVICES COMMON STOCK,LINC,COMMON STOCK,533535100,US5335351004,B0BV2Y9,620516.0,25192949.6,0.08327173865903502,0,,CONSUMER DISCRETIONARY,UNITED STATES,AVUV,2026-07-28,,,,,,,,,,,,,,,,,,,,,,
ADVANSIX INC COMMON STOCK USD.01,ASIX,COMMON STOCK,00773T101,US00773T1016,BYMMZL7,1222386.0,24753316.5,0.08181859350571555,0,,MATERIALS,UNITED STATES,AVUV,2026-07-28,,,,,,,,,,,,,,,,,,,,,,
XPLR INFRASTRUCTURE LP COMMON STOCK,XIFR,COMMON STOCK,65341B106,US65341B1061,BNGY4Q0,1952441.0,24620281.01,0.0813788634728473,0,,UTILITIES,UNITED STATES,AVUV,2026-07-28,,,,,,,,,,,,,,,,,,,,,,
CNB FINANCIAL CORP/PA COMMON STOCK,CCNE,COMMON STOCK,126128107,US1261281075,2619705,713136.0,24610323.36,0.08134594986639693,0,,FINANCIALS,UNITED STATES,AVUV,2026-07-28,,,,,,,,,,,,,,,,,,,,,,
ARRAY DIGITAL INFRASTRUCTURE COMMON STOCK USD1.0,AD,COMMON STOCK,911684108,US9116841084,2918996,709781.0,24558422.6,0.08117439923054263,0,,COMMUNICATION SERVICES,UNITED STATES,AVUV,2026-07-28,,,,,,,,,,,,,,,,,,,,,,
ARDMORE SHIPPING CORP COMMON STOCK USD.01,ASC,COMMON STOCK,Y0207T100,MHY0207T1001,BCGCR57,1495786.0,24515932.54,0.08103395433512131,0,,ENERGY,UNITED STATES,AVUV,2026-07-28,,,,,,,,,,,,,,,,,,,,,,
FORESTAR GROUP INC COMMON STOCK USD1.0,FOR,COMMON STOCK,346232101,US3462321015,BF16ZX9,847546.0,24485603.94,0.08093370742901491,0,,REAL ESTATE,UNITED STATES,AVUV,2026-07-28,,,,,,,,,,,,,,,,,,,,,,
INNOVEX INTERNATIONAL INC COMMON STOCK USD.01,INVX,COMMON STOCK,457651107,US4576511079,BSPRSL8,917943.0,24362207.22,0.08052583698977019,0,,ENERGY,UNITED STATES,AVUV,2026-07-28,,,,,,,,,,,,,,,,,,,,,,
LIVE OAK BANCSHARES INC COMMON STOCK,LOB,COMMON STOCK,53803X105,US53803X1054,BYN5Z59,572117.0,24131895.06,0.07976457265581868,0,,FINANCIALS,UNITED STATES,AVUV,2026-07-28,,,,,,,,,,,,,,,,,,,,,,
HOMETRUST BANCSHARES INC COMMON STOCK,HTB,COMMON STOCK,437872104,US4378721041,B84T2F7,483488.0,23951995.52,0.07916994012101773,0,,FINANCIALS,UNITED STATES,AVUV,2026-07-28,,,,,,,,,,,,,,,,,,,,,,
ANDERSONS INC/THE COMMON STOCK,ANDE,COMMON STOCK,034164103,US0341641035,2274922,318759.0,23779421.4,0.07859952072796844,0,,CONSUMER STAPLES,UNITED STATES,AVUV,2026-07-28,,,,,,,,,,,,,,,,,,,,,,
MATIV HOLDINGS INC COMMON STOCK USD.1,MATV,COMMON STOCK,808541106,US8085411069,2782038,2874925.0,23718131.25,0.07839693478887805,0,,MATERIALS,UNITED STATES,AVUV,2026-07-28,,,,,,,,,,,,,,,,,,,,,,
F+G ANNUITIES + LIFE INC COMMON STOCK USD.001,FG,COMMON STOCK,30190A104,US30190A1043,BM9XCN0,795039.0,23557005.57,0.0778643565981838,0,,FINANCIALS,UNITED STATES,AVUV,2026-07-28,,,,,,,,,,,,,,,,,,,,,,
SOUTHERN MISSOURI BANCORP COMMON STOCK USD.01,SMBC,COMMON STOCK,843380106,US8433801060,2570501,301697.0,23396602.35,0.07733416639703693,0,,FINANCIALS,UNITED STATES,AVUV,2026-07-28,,,,,,,,,,,,,,,,,,,,,,
MONTE ROSA THERAPEUTICS INC COMMON STOCK USD.0001,GLUE,COMMON STOCK,61225M102,US61225M1027,BP7KZP7,1033192.0,23308811.52,0.07704398620104987,0,,HEALTH CARE,UNITED STATES,AVUV,2026-07-28,,,,,,,,,,,,,,,,,,,,,,
EMPLOYERS HOLDINGS INC COMMON STOCK USD.01,EIG,COMMON STOCK,292218104,US2922181043,B1Q1RR9,467434.0,23212772.44,0.07672654257901308,0,,FINANCIALS,UNITED STATES,AVUV,2026-07-28,,,,,,,,,,,,,,,,,,,,,,
VAALCO ENERGY INC COMMON STOCK USD.1,EGY,COMMON STOCK,91851C201,US91851C2017,2933353,4483427.0,23134483.32,0.07646776894416701,0,,ENERGY,UNITED STATES,AVUV,2026-07-28,,,,,,,,,,,,,,,,,,,,,,
UNITED COMMUNITY BANKS/GA COMMON STOCK USD1.0,UCB,COMMON STOCK,90984P303,US90984P3038,2862156,648064.0,22792410.88,0.07533709678078768,0,,FINANCIALS,UNITED STATES,AVUV,2026-07-28,,,,,,,,,,,,,,,,,,,,,,
GREAT SOUTHERN BANCORP INC COMMON STOCK USD.01,GSBC,COMMON STOCK,390905107,US3909051076,2387002,285938.0,22660586.5,0.07490136990106379,0,,FINANCIALS,UNITED STATES,AVUV,2026-07-28,,,,,,,,,,,,,,,,,,,,,,
ORRSTOWN FINL SERVICES INC COMMON STOCK,ORRF,COMMON STOCK,687380105,US6873801053,B019FW2,531349.0,22614213.44,0.07474809029726782,0,,FINANCIALS,UNITED STATES,AVUV,2026-07-28,,,,,,,,,,,,,,,,,,,,,,
ESQUIRE FINANCIAL HOLDINGS I COMMON STOCK USD.01,ESQ,COMMON STOCK,29667J101,US29667J1016,BD5G1Z5,187388.0,22578380.12,0.07462964831624924,0,,FINANCIALS,UNITED STATES,AVUV,2026-07-28,,,,,,,,,,,,,,,,,,,,,,
CARS.COM INC COMMON STOCK USD.01,CARS,COMMON STOCK,14575E105,US14575E1055,BYXHTC0,1912323.0,22565411.4,0.07458678204295735,0,,COMMUNICATION SERVICES,UNITED STATES,AVUV,2026-07-28,,,,,,,,,,,,,,,,,,,,,,
SHORE BANCSHARES INC COMMON STOCK USD.01,SHBI,COMMON STOCK,825107105,US8251071051,2748869,942407.0,22523527.3,0.07444834006277853,0,,FINANCIALS,UNITED STATES,AVUV,2026-07-28,,,,,,,,,,,,,,,,,,,,,,
JOHN B. SANFILIPPO + SON INC COMMON STOCK USD.01,JBSS,COMMON STOCK,800422107,US8004221078,2772998,267880.0,22405483.2,0.07405816195336648,0,,CONSUMER STAPLES,UNITED STATES,AVUV,2026-07-28,,,,,,,,,,,,,,,,,,,,,,
INNOVIVA INC COMMON STOCK USD.01,INVA,COMMON STOCK,45781M101,US45781M1018,BDDXF67,1048758.0,22338545.4,0.07383690850442493,0,,HEALTH CARE,UNITED STATES,AVUV,2026-07-28,,,,,,,,,,,,,,,,,,,,,,
METROCITY BANKSHARES INC COMMON STOCK,MCBS,COMMON STOCK,59165J105,US59165J1051,BD9MTK0,642597.0,22272412.02,0.07361831395224123,0,,FINANCIALS,UNITED STATES,AVUV,2026-07-28,,,,,,,,,,,,,,,,,,,,,,
AMERANT BANCORP INC COMMON STOCK USD.1,AMTB,COMMON STOCK,023576101,US0235761014,BKDSMB5,733473.0,21652122.96,0.07156803602458728,0,,FINANCIALS,UNITED STATES,AVUV,2026-07-28,,,,,,,,,,,,,,,,,,,,,,
SERVISFIRST BANCSHARES INC COMMON STOCK USD.001,SFBS,COMMON STOCK,81768T108,US81768T1088,BMH0MP5,243717.0,21490965.06,0.07103535133523121,0,,FINANCIALS,UNITED STATES,AVUV,2026-07-28,,,,,,,,,,,,,,,,,,,,,,
FORUM ENERGY TECHNOLOGIES IN COMMON STOCK USD.01,FET,COMMON STOCK,34984V209,US34984V2097,BMCKSV8,379467.0,21477832.2,0.07099194252033939,0,,ENERGY,UNITED STATES,AVUV,2026-07-28,,,,,,,,,,,,,,,,,,,,,,
FIVE STAR BANCORP COMMON STOCK,FSBC,COMMON STOCK,33830T103,US33830T1034,BP2C8W6,453847.0,21426116.87,0.07082100479717474,0,,FINANCIALS,UNITED STATES,AVUV,2026-07-28,,,,,,,,,,,,,,,,,,,,,,
CARTER BANKSHARES INC COMMON STOCK USD1.0,CARE,COMMON STOCK,146103106,US1461031064,BMWKK45,626164.0,21333407.48,0.07051456699541299,0,,FINANCIALS,UNITED STATES,AVUV,2026-07-28,,,,,,,,,,,,,,,,,,,,,,
REX AMERICAN RESOURCES CORP COMMON STOCK USD.01,REX,COMMON STOCK,761624105,US7616241052,2063670,485407.0,21241410.32,0.07021048336937764,0,,ENERGY,UNITED STATES,AVUV,2026-07-28,,,,,,,,,,,,,,,,,,,,,,
HALLADOR ENERGY CO COMMON STOCK USD.01,HNRG,COMMON STOCK,40609P105,US40609P1057,2404978,1395405.0,21224110.05,0.07015329976900357,0,,UTILITIES,UNITED STATES,AVUV,2026-07-28,,,,,,,,,,,,,,,,,,,,,,
CAPITAL CITY BANK GROUP INC COMMON STOCK USD.01,CCBG,COMMON STOCK,139674105,US1396741050,2186759,407146.0,21200092.22,0.07007391222230212,0,,FINANCIALS,UNITED STATES,AVUV,2026-07-28,,,,,,,,,,,,,,,,,,,,,,
WORTHINGTON ENTERPRISES INC COMMON STOCK,WOR,COMMON STOCK,981811102,US9818111026,2981932,368332.0,20858641.16,0.06894529394279862,0,,INDUSTRIALS,UNITED STATES,AVUV,2026-07-28,,,,,,,,,,,,,,,,,,,,,,
PROG HOLDINGS INC COMMON STOCK USD.5,PRG,COMMON STOCK,74319R101,US74319R1014,BLFGN66,480705.0,20809719.45,0.0687835901361958,0,,FINANCIALS,UNITED STATES,AVUV,2026-07-28,,,,,,,,,,,,,,,,,,,,,,
KOSMOS ENERGY LTD COMMON STOCK USD.01,KOS,COMMON STOCK,500688106,US5006881065,BHK15K6,8478751.0,20688152.44,0.0683817675450737,0,,ENERGY,UNITED STATES,AVUV,2026-07-28,,,,,,,,,,,,,,,,,,,,,,
SMARTFINANCIAL INC COMMON STOCK USD1.0,SMBK,COMMON STOCK,83190L208,US83190L2088,BYVYKX1,400529.0,20543132.41,0.06790242430697643,0,,FINANCIALS,UNITED STATES,AVUV,2026-07-28,,,,,,,,,,,,,,,,,,,,,,
CAPITOL FEDERAL FINANCIAL IN COMMON STOCK USD.01,CFFN,COMMON STOCK,14057J101,US14057J1016,B3KWJV0,2371326.0,20488256.64,0.06772104019552037,0,,FINANCIALS,UNITED STATES,AVUV,2026-07-28,,,,,,,,,,,,,,,,,,,,,,
AMPHASTAR PHARMACEUTICALS IN COMMON STOCK USD.0001,AMPH,COMMON STOCK,03209R103,US03209R1032,BNFWZS4,1059217.0,20315782.06,0.06715094981789,0,,HEALTH CARE,UNITED STATES,AVUV,2026-07-28,,,,,,,,,,,,,,,,,,,,,,
RILEY EXPLORATION PERMIAN IN COMMON STOCK USD.001,REPX,COMMON STOCK,76665T102,US76665T1025,BNW2543,593491.0,20249912.92,0.06693322867372611,0,,ENERGY,UNITED STATES,AVUV,2026-07-28,,,,,,,,,,,,,,,,,,,,,,
ATLANTICUS HOLDINGS CORP COMMON STOCK,ATLC,COMMON STOCK,04914Y102,US04914Y1029,B9B9F36,193600.0,20173120.0,0.06667940051677602,0,,FINANCIALS,UNITED STATES,AVUV,2026-07-28,,,,,,,,,,,,,,,,,,,,,,
ORION SA COMMON STOCK,OEC,COMMON STOCK,L72967109,LU1092234845,BP8FKJ0,2992270.0,20137977.1,0.06656324062160757,0,,MATERIALS,UNITED STATES,AVUV,2026-07-28,,,,,,,,,,,,,,,,,,,,,,
J + J SNACK FOODS CORP COMMON STOCK,JJSF,COMMON STOCK,466032109,US4660321096,2469171,258611.0,20096660.81,0.06642667545723152,0,,CONSUMER STAPLES,UNITED STATES,AVUV,2026-07-28,,,,,,,,,,,,,,,,,,,,,,
CIVEO CORP COMMON STOCK USD.01,CVEO,COMMON STOCK,17878Y207,CA17878Y2078,BN0TDP3,580868.0,20034137.32,0.06622001288686975,0,,INDUSTRIALS,UNITED STATES,AVUV,2026-07-28,,,,,,,,,,,,,,,,,,,,,,
EDGEWELL PERSONAL CARE CO COMMON STOCK USD.01,EPC,COMMON STOCK,28035Q102,US28035Q1022,BX8ZSB4,719127.0,19998921.87,0.06610361318791746,0,,CONSUMER STAPLES,UNITED STATES,AVUV,2026-07-28,,,,,,,,,,,,,,,,,,,,,,
HOVNANIAN ENTERPRISES A COMMON STOCK USD.01,HOV,COMMON STOCK,442487401,US4424874018,BJ5KPZ7,149713.0,19985188.37,0.06605821904229214,0,,CONSUMER DISCRETIONARY,UNITED STATES,AVUV,2026-07-28,,,,,,,,,,,,,,,,,,,,,,
TRONOX HOLDINGS PLC COMMON STOCK USD.01,TROX,COMMON STOCK,G9087Q102,GB00BJT16S69,BJT16S6,3272574.0,19962701.4,0.06598389153722406,0,,MATERIALS,UNITED STATES,AVUV,2026-07-28,,,,,,,,,,,,,,,,,,,,,,
N B T BANCORP INC COMMON STOCK USD.01,NBTB,COMMON STOCK,628778102,US6287781024,2626459,377414.0,19821783.28,0.06551810658360503,0,,FINANCIALS,UNITED STATES,AVUV,2026-07-28,,,,,,,,,,,,,,,,,,,,,,
NORTHRIM BANCORP INC COMMON STOCK USD1.0,NRIM,COMMON STOCK,666762109,US6667621097,2640277,738336.0,19743104.64,0.06525804544538372,0,,FINANCIALS,UNITED STATES,AVUV,2026-07-28,,,,,,,,,,,,,,,,,,,,,,
VILLAGE SUPER MARKET CLASS A COMMON STOCK,VLGEA,COMMON STOCK,927107409,US9271074091,2929211,459281.0,19721526.14,0.06518672075966077,0,,CONSUMER STAPLES,UNITED STATES,AVUV,2026-07-28,,,,,,,,,,,,,,,,,,,,,,
VOYA FINANCIAL INC COMMON STOCK USD.01,VOYA,COMMON STOCK,929089100,US9290891004,BKWQ2N2,198114.0,19615267.14,0.06483549663471075,0,,FINANCIALS,UNITED STATES,AVUV,2026-07-28,,,,,,,,,,,,,,,,,,,,,,
ACCEL ENTERTAINMENT INC COMMON STOCK USD.0001,ACEL,COMMON STOCK,00436Q106,US00436Q1067,BK7FYL6,1570044.0,19452845.16,0.06429863370735256,0,,CONSUMER DISCRETIONARY,UNITED STATES,AVUV,2026-07-28,,,,,,,,,,,,,,,,,,,,,,
PACIRA BIOSCIENCES INC COMMON STOCK USD.001,PCRX,COMMON STOCK,695127100,US6951271005,B3X26D8,731737.0,19369078.39,0.0640217544736581,0,,HEALTH CARE,UNITED STATES,AVUV,2026-07-28,,,,,,,,,,,,,,,,,,,,,,
RPC INC COMMON STOCK USD.1,RES,COMMON STOCK,749660106,US7496601060,2719456,3528390.0,19300293.3,0.06379439506838551,0,,ENERGY,UNITED STATES,AVUV,2026-07-28,,,,,,,,,,,,,,,,,,,,,,
ETHAN ALLEN INTERIORS INC COMMON STOCK USD.01,ETD,COMMON STOCK,297602104,US2976021046,2320825,819527.0,19070393.29,0.06303449303807979,0,,CONSUMER DISCRETIONARY,UNITED STATES,AVUV,2026-07-28,,,,,,,,,,,,,,,,,,,,,,
TRICO BANCSHARES COMMON STOCK,TCBK,COMMON STOCK,896095106,US8960951064,2904133,330602.0,19032757.14,0.06291009205698418,0,,FINANCIALS,UNITED STATES,AVUV,2026-07-28,,,,,,,,,,,,,,,,,,,,,,
LAKELAND FINANCIAL CORP COMMON STOCK,LKFN,COMMON STOCK,511656100,US5116561003,2537528,298203.0,18891160.05,0.06244206286387374,0,,FINANCIALS,UNITED STATES,AVUV,2026-07-28,,,,,,,,,,,,,,,,,,,,,,
NATURAL GROCERS BY VITAMIN C COMMON STOCK USD.001,NGVC,COMMON STOCK,63888U108,US63888U1088,B82C9Z7,594221.0,18807094.65,0.062164196550868966,0,,CONSUMER STAPLES,UNITED STATES,AVUV,2026-07-28,,,,,,,,,,,,,,,,,,,,,,
EMERGENT BIOSOLUTIONS INC COMMON STOCK USD.001,EBS,COMMON STOCK,29089Q105,US29089Q1058,B1HJLW5,2550348.0,18694050.84,0.06179054619420959,0,,HEALTH CARE,UNITED STATES,AVUV,2026-07-28,,,,,,,,,,,,,,,,,,,,,,
KELLY SERVICES INC  A COMMON STOCK USD1.0,KELYA,COMMON STOCK,488152208,US4881522084,2487117,1179262.0,18537998.64,0.0612747376754815,0,,INDUSTRIALS,UNITED STATES,AVUV,2026-07-28,,,,,,,,,,,,,,,,,,,,,,
METHODE ELECTRONICS INC COMMON STOCK USD.5,MEI,COMMON STOCK,591520200,US5915202007,2583297,1210493.0,18496333.04,0.06113701791620917,0,,INFORMATION TECHNOLOGY,UNITED STATES,AVUV,2026-07-28,,,,,,,,,,,,,,,,,,,,,,
ALARM.COM HOLDINGS INC COMMON STOCK,ALRM,COMMON STOCK,011642105,US0116421050,BYN7H26,344413.0,18467425.06,0.061041466668977654,0,,INFORMATION TECHNOLOGY,UNITED STATES,AVUV,2026-07-28,,,,,,,,,,,,,,,,,,,,,,
IDT CORP CLASS B COMMON STOCK USD.01,IDT,COMMON STOCK,448947507,US4489475073,2757304,278893.0,18334425.82,0.06060185645536733,0,,COMMUNICATION SERVICES,UNITED STATES,AVUV,2026-07-28,,,,,,,,,,,,,,,,,,,,,,
TARGET HOSPITALITY CORP COMMON STOCK USD.0001,TH,COMMON STOCK,87615L107,US87615L1070,BJMYWL7,1129833.0,18190311.3,0.06012550625275301,0,,CONSUMER DISCRETIONARY,UNITED STATES,AVUV,2026-07-28,,,,,,,,,,,,,,,,,,,,,,
QUALYS INC COMMON STOCK USD.001,QLYS,COMMON STOCK,74758T303,US74758T3032,B7XJTN8,134552.0,18136264.08,0.0599468607963636,0,,INFORMATION TECHNOLOGY,UNITED STATES,AVUV,2026-07-28,,,,,,,,,,,,,,,,,,,,,,
PAYONEER GLOBAL INC COMMON STOCK USD.01,PAYO,COMMON STOCK,70451X104,US70451X1046,BLSPX60,2539927.0,18084280.24,0.059775035551296894,0,,FINANCIALS,UNITED STATES,AVUV,2026-07-28,,,,,,,,,,,,,,,,,,,,,,
CAMDEN NATIONAL CORP COMMON STOCK,CAC,COMMON STOCK,133034108,US1330341082,2116659,329337.0,18050960.97,0.059664903407669306,0,,FINANCIALS,UNITED STATES,AVUV,2026-07-28,,,,,,,,,,,,,,,,,,,,,,
PEAPACK GLADSTONE FINL CORP COMMON STOCK,PGC,COMMON STOCK,704699107,US7046991078,2307732,383194.0,18025445.76,0.059580566482748454,0,,FINANCIALS,UNITED STATES,AVUV,2026-07-28,,,,,,,,,,,,,,,,,,,,,,
TITAN MACHINERY INC COMMON STOCK USD.00001,TITN,COMMON STOCK,88830R101,US88830R1014,B29H3T5,888843.0,17883521.16,0.059111454751564416,0,,INDUSTRIALS,UNITED STATES,AVUV,2026-07-28,,,,,,,,,,,,,,,,,,,,,,
BEACON FINANCIAL CORP COMMON STOCK USD.01,BBT,COMMON STOCK,084680107,US0846801076,2606570,595937.0,17663572.68,0.05838444609891296,0,,FINANCIALS,UNITED STATES,AVUV,2026-07-28,,,,,,,,,,,,,,,,,,,,,,
TEEKAY CORP LTD COMMON STOCK USD.001,TK,COMMON STOCK,G8726T105,BMG8726T1053,BL54JF1,1575776.0,17632933.44,0.0582831724161366,0,,ENERGY,UNITED STATES,AVUV,2026-07-28,,,,,,,,,,,,,,,,,,,,,,
BKV CORPORATION COMMON STOCK USD.01,BKV,COMMON STOCK,05603J108,US05603J1088,BSRK6R7,710337.0,17573737.38,0.05808750819593886,0,,ENERGY,UNITED STATES,AVUV,2026-07-28,,,,,,,,,,,,,,,,,,,,,,
BUILD A BEAR WORKSHOP INC COMMON STOCK USD.01,BBW,COMMON STOCK,120076104,US1200761047,B034L50,512699.0,17493289.88,0.05782160034068032,0,,CONSUMER DISCRETIONARY,UNITED STATES,AVUV,2026-07-28,,,,,,,,,,,,,,,,,,,,,,
SOUTH PLAINS FINANCIAL INC COMMON STOCK USD1.0,SPFI,COMMON STOCK,83946P107,US83946P1075,BGV1W52,385522.0,17155729.0,0.05670584050202792,0,,FINANCIALS,UNITED STATES,AVUV,2026-07-28,,,,,,,,,,,,,,,,,,,,,,
MALIBU BOATS INC   A COMMON STOCK USD.01,MBUU,COMMON STOCK,56117J100,US56117J1007,BJ38KJ2,602714.0,17080914.76,0.05645855259250683,0,,CONSUMER DISCRETIONARY,UNITED STATES,AVUV,2026-07-28,,,,,,,,,,,,,,,,,,,,,,
PUMA BIOTECHNOLOGY INC COMMON STOCK USD.0001,PBYI,COMMON STOCK,74587V107,US74587V1070,B7F2TY6,2129841.0,17017429.59,0.056248711324656066,0,,HEALTH CARE,UNITED STATES,AVUV,2026-07-28,,,,,,,,,,,,,,,,,,,,,,
SUNRUN INC COMMON STOCK USD.0001,RUN,COMMON STOCK,86771W105,US86771W1053,BYXB1Y8,1699895.0,16964952.1,0.05607525438919814,0,,INDUSTRIALS,UNITED STATES,AVUV,2026-07-28,,,,,,,,,,,,,,,,,,,,,,
MARINEMAX INC COMMON STOCK USD.001,HZO,COMMON STOCK,567908108,US5679081084,2250353,462647.0,16770953.75,0.055434020228134116,0,,CONSUMER DISCRETIONARY,UNITED STATES,AVUV,2026-07-28,,,,,,,,,,,,,,,,,,,,,,
MISSION PRODUCE INC COMMON STOCK USD.001,AVO,COMMON STOCK,60510V108,US60510V1089,BLNPMM4,1309164.0,16626382.8,0.054956161360584586,0,,CONSUMER STAPLES,UNITED STATES,AVUV,2026-07-28,,,,,,,,,,,,,,,,,,,,,,
INTREPID POTASH INC COMMON STOCK USD.001,IPI,COMMON STOCK,46121Y201,US46121Y2019,BMDNMT2,477039.0,16357667.31,0.05406796024034281,0,,MATERIALS,UNITED STATES,AVUV,2026-07-28,,,,,,,,,,,,,,,,,,,,,,
AMERESCO INC CL A COMMON STOCK USD.0001,AMRC,COMMON STOCK,02361E108,US02361E1082,B3SWPT2,774576.0,16335807.84,0.05399570684794666,0,,INDUSTRIALS,UNITED STATES,AVUV,2026-07-28,,,,,,,,,,,,,,,,,,,,,,
PRA GROUP INC COMMON STOCK USD.01,PRAA,COMMON STOCK,69354N106,US69354N1063,BSHZ3P9,903582.0,16183153.62,0.05349112987244878,0,,FINANCIALS,UNITED STATES,AVUV,2026-07-28,,,,,,,,,,,,,,,,,,,,,,
IBEX LTD COMMON STOCK USD.0001,IBEX,COMMON STOCK,G4690M101,BMG4690M1010,BLF81K2,462247.0,16123175.36,0.05329288020056662,0,,INDUSTRIALS,UNITED STATES,AVUV,2026-07-28,,,,,,,,,,,,,,,,,,,,,,
WEBULL CORP COMMON STOCK USD.0001,BULL,COMMON STOCK,G9572D103,KYG9572D1034,BQH7NB7,2129222.0,16054333.88,0.05306533440610907,0,,FINANCIALS,UNITED STATES,AVUV,2026-07-28,,,,,,,,,,,,,,,,,,,,,,
MIDLAND STATES BANCORP INC COMMON STOCK USD.01,MSBI,COMMON STOCK,597742105,US5977421057,B6VRG58,487045.0,15989687.35,0.052851654426716195,0,,FINANCIALS,UNITED STATES,AVUV,2026-07-28,,,,,,,,,,,,,,,,,,,,,,
HEARTLAND EXPRESS INC COMMON STOCK USD.01,HTLD,COMMON STOCK,422347104,US4223471040,2414018,1167904.0,15988605.76,0.052848079383648744,0,,INDUSTRIALS,UNITED STATES,AVUV,2026-07-28,,,,,,,,,,,,,,,,,,,,,,
OIL STATES INTERNATIONAL INC COMMON STOCK USD.01,OIS,COMMON STOCK,678026105,US6780261052,2724472,1868107.0,15878909.5,0.05248549388097328,0,,ENERGY,UNITED STATES,AVUV,2026-07-28,,,,,,,,,,,,,,,,,,,,,,
FIRST BUSINESS FINANCIAL SER COMMON STOCK USD.01,FBIZ,COMMON STOCK,319390100,US3193901002,B0M02F6,234751.0,15840997.48,0.05236018105053456,0,,FINANCIALS,UNITED STATES,AVUV,2026-07-28,,,,,,,,,,,,,,,,,,,,,,
THIRD COAST BANCSHARES INC COMMON STOCK USD1.0,TCBX,COMMON STOCK,88422P109,US88422P1093,BL55Q42,374553.0,15802391.07,0.05223257301197112,0,,FINANCIALS,UNITED STATES,AVUV,2026-07-28,,,,,,,,,,,,,,,,,,,,,,
CENTRAL GARDEN + PET CO COMMON STOCK USD.01,CENT,COMMON STOCK,153527106,US1535271068,2183868,364435.0,15761813.75,0.05209845040861689,0,,CONSUMER STAPLES,UNITED STATES,AVUV,2026-07-28,,,,,,,,,,,,,,,,,,,,,,
AMC GLOBAL MEDIA INC COMMON STOCK,AMCX,COMMON STOCK,00164V103,US00164V1035,B4MG4Z6,1553171.0,15733622.23,0.052005267318779684,0,,COMMUNICATION SERVICES,UNITED STATES,AVUV,2026-07-28,,,,,,,,,,,,,,,,,,,,,,
BIOVENTUS INC   A COMMON STOCK USD.001,BVS,COMMON STOCK,09075A108,US09075A1088,BD6P6L2,1250087.0,15563583.15,0.051443227142603465,0,,HEALTH CARE,UNITED STATES,AVUV,2026-07-28,,,,,,,,,,,,,,,,,,,,,,
PERRIGO CO PLC COMMON STOCK EUR.001,PRGO,COMMON STOCK,G97822103,IE00BGH1M568,BGH1M56,1518428.0,15396859.92,0.05089214704053593,0,,HEALTH CARE,UNITED STATES,AVUV,2026-07-28,,,,,,,,,,,,,,,,,,,,,,
BLOOMIN  BRANDS INC COMMON STOCK USD.01,BLMN,COMMON STOCK,094235108,US0942351083,B847RJ0,1802828.0,15396151.12,0.05088980420219034,0,,CONSUMER DISCRETIONARY,UNITED STATES,AVUV,2026-07-28,,,,,,,,,,,,,,,,,,,,,,
MILLER INDUSTRIES INC/TENN COMMON STOCK USD.01,MLR,COMMON STOCK,600551204,US6005512040,2801193,300320.0,15391400.0,0.050874100045699755,0,,INDUSTRIALS,UNITED STATES,AVUV,2026-07-28,,,,,,,,,,,,,,,,,,,,,,
ARROW FINANCIAL CORP COMMON STOCK USD1.0,AROW,COMMON STOCK,042744102,US0427441029,2051374,380510.0,15285086.7,0.05052269643976472,0,,FINANCIALS,UNITED STATES,AVUV,2026-07-28,,,,,,,,,,,,,,,,,,,,,,
MOVADO GROUP INC COMMON STOCK USD.01,MOV,COMMON STOCK,624580106,US6245801062,2643168,395976.0,14872858.56,0.0491601345132335,0,,CONSUMER DISCRETIONARY,UNITED STATES,AVUV,2026-07-28,,,,,,,,,,,,,,,,,,,,,,
SANDRIDGE ENERGY INC COMMON STOCK USD.001,SD,COMMON STOCK,80007P869,US80007P8692,BD1XH30,1106398.0,14858925.14,0.04911407956026893,0,,ENERGY,UNITED STATES,AVUV,2026-07-28,,,,,,,,,,,,,,,,,,,,,,
GREIF INC CL B COMMON STOCK,GEF.B,COMMON STOCK,397624206,US3976242061,2394080,147296.0,14789991.36,0.04888622868119047,0,,MATERIALS,UNITED STATES,AVUV,2026-07-28,,,,,,,,,,,,,,,,,,,,,,
UPBOUND GROUP INC COMMON STOCK USD.01,UPBD,COMMON STOCK,76009N100,US76009N1000,2733092,716523.0,14767539.03,0.0488120156737526,0,,CONSUMER DISCRETIONARY,UNITED STATES,AVUV,2026-07-28,,,,,,,,,,,,,,,,,,,,,,
ENNIS INC COMMON STOCK USD2.5,EBF,COMMON STOCK,293389102,US2933891028,2316103,678445.0,14742609.85,0.048729615788272576,0,,INDUSTRIALS,UNITED STATES,AVUV,2026-07-28,,,,,,,,,,,,,,,,,,,,,,
ACNB CORP COMMON STOCK USD2.5,ACNB,COMMON STOCK,000868109,US0008681092,2412012,230148.0,14729472.0,0.04868619047964014,0,,FINANCIALS,UNITED STATES,AVUV,2026-07-28,,,,,,,,,,,,,,,,,,,,,,
CALERES INC COMMON STOCK USD.01,CAL,COMMON STOCK,129500104,US1295001044,BWX4MD9,1175552.0,14706155.52,0.048609121146360935,0,,CONSUMER DISCRETIONARY,UNITED STATES,AVUV,2026-07-28,,,,,,,,,,,,,,,,,,,,,,
WORLD ACCEPTANCE CORP COMMON STOCK,WRLD,COMMON STOCK,981419104,US9814191048,2981181,74945.0,14676479.35,0.048511030755522336,0,,FINANCIALS,UNITED STATES,AVUV,2026-07-28,,,,,,,,,,,,,,,,,,,,,,
GROCERY OUTLET HOLDING CORP COMMON STOCK USD.001,GO,COMMON STOCK,39874R101,US39874R1014,BK1KWF7,1554956.0,14647685.52,0.04841585681500238,0,,CONSUMER STAPLES,UNITED STATES,AVUV,2026-07-28,,,,,,,,,,,,,,,,,,,,,,
NAVIENT CORP COMMON STOCK USD.01,NAVI,COMMON STOCK,63938C108,US63938C1080,BLP5GX1,1697699.0,14617188.39,0.04831505285677072,0,,FINANCIALS,UNITED STATES,AVUV,2026-07-28,,,,,,,,,,,,,,,,,,,,,,
DOLE PLC COMMON STOCK USD.01,DOLE,COMMON STOCK,G27907107,IE0003LFZ4U7,BMCLHR0,1033122.0,14515364.1,0.04797848703972079,0,,CONSUMER STAPLES,UNITED STATES,AVUV,2026-07-28,,,,,,,,,,,,,,,,,,,,,,
VITESSE ENERGY INC COMMON STOCK USD.01,VTS,COMMON STOCK,92852X103,US92852X1037,BMBX3P7,916187.0,13962689.88,0.04615170042115724,0,,ENERGY,UNITED STATES,AVUV,2026-07-28,,,,,,,,,,,,,,,,,,,,,,
LUXFER HOLDINGS PLC COMMON STOCK USD.5,LXFR,COMMON STOCK,G5698W116,GB00BNK03D49,BF5GRT5,812722.0,13913800.64,0.04599010393955594,0,,INDUSTRIALS,UNITED STATES,AVUV,2026-07-28,,,,,,,,,,,,,,,,,,,,,,
MATRIX SERVICE CO COMMON STOCK USD.01,MTRX,COMMON STOCK,576853105,US5768531056,2572068,1105442.0,13619045.44,0.045015832233681864,0,,INDUSTRIALS,UNITED STATES,AVUV,2026-07-28,,,,,,,,,,,,,,,,,,,,,,
SIERRA BANCORP COMMON STOCK,BSRR,COMMON STOCK,82620P102,US82620P1021,2586315,328877.0,13536577.32,0.04474324550424459,0,,FINANCIALS,UNITED STATES,AVUV,2026-07-28,,,,,,,,,,,,,,,,,,,,,,
COLLEGIUM PHARMACEUTICAL INC COMMON STOCK USD.001,COLL,COMMON STOCK,19459J104,US19459J1043,BX7RSN3,379927.0,13495007.04,0.04460584081177686,0,,HEALTH CARE,UNITED STATES,AVUV,2026-07-28,,,,,,,,,,,,,,,,,,,,,,
SHENANDOAH TELECOMMUNICATION COMMON STOCK,SHEN,COMMON STOCK,82312B106,US82312B1061,2676692,1169748.0,13475496.96,0.04454135299638519,0,,COMMUNICATION SERVICES,UNITED STATES,AVUV,2026-07-28,,,,,,,,,,,,,,,,,,,,,,
HOME BANCORP INC COMMON STOCK USD.01,HBCP,COMMON STOCK,43689E107,US43689E1073,B39XGV3,191538.0,13461290.64,0.04449439601099326,0,,FINANCIALS,UNITED STATES,AVUV,2026-07-28,,,,,,,,,,,,,,,,,,,,,,
UNITY BANCORP INC COMMON STOCK,UNTY,COMMON STOCK,913290102,US9132901029,2083968,231255.0,13438228.05,0.04441816587526987,0,,FINANCIALS,UNITED STATES,AVUV,2026-07-28,,,,,,,,,,,,,,,,,,,,,,
OCEANFIRST FINANCIAL CORP COMMON STOCK USD.01,OCFC,COMMON STOCK,675234108,US6752341080,2125901,677535.0,13279686.0,0.0438941275088347,0,,FINANCIALS,UNITED STATES,AVUV,2026-07-28,,,,,,,,,,,,,,,,,,,,,,
NATURES SUNSHINE PRODS INC COMMON STOCK,NATR,COMMON STOCK,639027101,US6390271012,2627816,640530.0,13194918.0,0.043613938850709126,0,,CONSUMER STAPLES,UNITED STATES,AVUV,2026-07-28,,,,,,,,,,,,,,,,,,,,,,
NATURAL GAS SERVICES GROUP COMMON STOCK USD.01,NGS,COMMON STOCK,63886Q109,US63886Q1094,2986153,362197.0,13183970.8,0.043577754426418924,0,,ENERGY,UNITED STATES,AVUV,2026-07-28,,,,,,,,,,,,,,,,,,,,,,
ASTEC INDUSTRIES INC COMMON STOCK USD.2,ASTE,COMMON STOCK,046224101,US0462241011,2060370,234703.0,13178573.45,0.04355991424788535,0,,INDUSTRIALS,UNITED STATES,AVUV,2026-07-28,,,,,,,,,,,,,,,,,,,,,,
PARK OHIO HOLDINGS CORP COMMON STOCK USD1.0,PKOH,COMMON STOCK,700666100,US7006661000,2671363,335640.0,13123524.0,0.043377956061706004,0,,INDUSTRIALS,UNITED STATES,AVUV,2026-07-28,,,,,,,,,,,,,,,,,,,,,,
ENTRAVISION COMMUNICATIONS A COMMON STOCK USD.0001,EVC,COMMON STOCK,29382R107,US29382R1077,2615112,1184099.0,13119816.92,0.04336570283205845,0,,COMMUNICATION SERVICES,UNITED STATES,AVUV,2026-07-28,,,,,,,,,,,,,,,,,,,,,,
BRIDGEWATER BANCSHARES INC COMMON STOCK USD.001,BWB,COMMON STOCK,108621103,US1086211034,BFMZC67,626804.0,12937234.56,0.04276220261445512,0,,FINANCIALS,UNITED STATES,AVUV,2026-07-28,,,,,,,,,,,,,,,,,,,,,,
HAVERTY FURNITURE COMMON STOCK USD1.0,HVT,COMMON STOCK,419596101,US4195961010,2414245,506817.0,12781924.74,0.04224884792802246,0,,CONSUMER DISCRETIONARY,UNITED STATES,AVUV,2026-07-28,,,,,,,,,,,,,,,,,,,,,,
PEOPLES FINANCIAL SERVICES COMMON STOCK USD2.0,PFIS,COMMON STOCK,711040105,US7110401053,2956907,180359.0,12670219.75,0.04187962285188488,0,,FINANCIALS,UNITED STATES,AVUV,2026-07-28,,,,,,,,,,,,,,,,,,,,,,
WARRIOR MET COAL INC COMMON STOCK USD.01,HCC,COMMON STOCK,93627C101,US93627C1018,BF2X272,156734.0,12642164.44,0.04178688998497523,0,,MATERIALS,UNITED STATES,AVUV,2026-07-28,,,,,,,,,,,,,,,,,,,,,,
STRATTEC SECURITY CORP COMMON STOCK USD.01,STRT,COMMON STOCK,863111100,US8631111007,2848714,143995.0,12605322.3,0.04166511349185195,0,,CONSUMER DISCRETIONARY,UNITED STATES,AVUV,2026-07-28,,,,,,,,,,,,,,,,,,,,,,
RBB BANCORP COMMON STOCK,RBB,COMMON STOCK,74930B105,US74930B1052,B8BBRW8,472534.0,12550503.04,0.04148391616622392,0,,FINANCIALS,UNITED STATES,AVUV,2026-07-28,,,,,,,,,,,,,,,,,,,,,,
GRANITE RIDGE RESOURCES INC COMMON STOCK USD.0001,GRNT,COMMON STOCK,387432107,US3874321074,BPJKCW1,2746245.0,12550339.65,0.0414833761036431,0,,ENERGY,UNITED STATES,AVUV,2026-07-28,,,,,,,,,,,,,,,,,,,,,,
SAFETY INSURANCE GROUP INC COMMON STOCK USD.01,SAFT,COMMON STOCK,78648T100,US78648T1007,2958538,121665.0,12531495.0,0.04142108777318413,0,,FINANCIALS,UNITED STATES,AVUV,2026-07-28,,,,,,,,,,,,,,,,,,,,,,
ATN INTERNATIONAL INC COMMON STOCK USD.01,ATNI,COMMON STOCK,00215F107,US00215F1075,BDC84D3,521905.0,12363929.45,0.04086722350125872,0,,COMMUNICATION SERVICES,UNITED STATES,AVUV,2026-07-28,,,,,,,,,,,,,,,,,,,,,,
HELEN OF TROY LTD COMMON STOCK USD.1,HELE,COMMON STOCK,G4388N106,BMG4388N1065,2419530,436692.0,12345282.84,0.04080558976406437,0,,CONSUMER DISCRETIONARY,UNITED STATES,AVUV,2026-07-28,,,,,,,,,,,,,,,,,,,,,,
FINANCIAL INSTITUTIONS INC COMMON STOCK USD.01,FISI,COMMON STOCK,317585404,US3175854047,2596949,299027.0,12334863.75,0.04077115093283101,0,,FINANCIALS,UNITED STATES,AVUV,2026-07-28,,,,,,,,,,,,,,,,,,,,,,
NAVIGATOR HOLDINGS LTD COMMON STOCK,NVGS,COMMON STOCK,Y62132108,MHY621321089,B7KN3P3,566020.0,12288294.2,0.040617221859076624,0,,ENERGY,UNITED STATES,AVUV,2026-07-28,,,,,,,,,,,,,,,,,,,,,,
PC CONNECTION INC COMMON STOCK USD.01,CNXN,COMMON STOCK,69318J100,US69318J1007,2157175,149536.0,12157276.8,0.04018416233782921,0,,INFORMATION TECHNOLOGY,UNITED STATES,AVUV,2026-07-28,,,,,,,,,,,,,,,,,,,,,,
SMITH + WESSON BRANDS INC COMMON STOCK USD.001,SWBI,COMMON STOCK,831754106,US8317541063,BMYGG87,813845.0,12118152.05,0.0400548409995648,0,,CONSUMER DISCRETIONARY,UNITED STATES,AVUV,2026-07-28,,,,,,,,,,,,,,,,,,,,,,
ASPEN AEROGELS INC COMMON STOCK USD.00001,ASPN,COMMON STOCK,04523Y105,US04523Y1055,BN65SM7,2518819.0,11712508.35,0.038714043009992184,0,,MATERIALS,UNITED STATES,AVUV,2026-07-28,,,,,,,,,,,,,,,,,,,,,,
GAP INC/THE COMMON STOCK USD.05,GAP,COMMON STOCK,364760108,US3647601083,2360326,593818.0,11662585.52,0.03854903014254774,0,,CONSUMER DISCRETIONARY,UNITED STATES,AVUV,2026-07-28,,,,,,,,,,,,,,,,,,,,,,
HILLTOP HOLDINGS INC COMMON STOCK USD.01,HTH,COMMON STOCK,432748101,US4327481010,2365428,302803.0,11660943.53,0.0385436027763865,0,,FINANCIALS,UNITED STATES,AVUV,2026-07-28,,,,,,,,,,,,,,,,,,,,,,
FLEXSTEEL INDS COMMON STOCK USD1.0,FLXS,COMMON STOCK,339382103,US3393821034,2342926,151731.0,11507279.04,0.0380356864960136,0,,CONSUMER DISCRETIONARY,UNITED STATES,AVUV,2026-07-28,,,,,,,,,,,,,,,,,,,,,,
HYSTER YALE INC COMMON STOCK USD.01,HY,COMMON STOCK,449172105,US4491721050,B7LG306,341966.0,11380628.48,0.03761706094796185,0,,INDUSTRIALS,UNITED STATES,AVUV,2026-07-28,,,,,,,,,,,,,,,,,,,,,,
ONESPAN INC COMMON STOCK USD.001,OSPN,COMMON STOCK,68287N100,US68287N1000,BFNSSD4,744789.0,11283553.35,0.03729619280889916,0,,INFORMATION TECHNOLOGY,UNITED STATES,AVUV,2026-07-28,,,,,,,,,,,,,,,,,,,,,,
CALIFORNIA BANCORP COMMON STOCK USD.01,BCAL,COMMON STOCK,84252A106,US84252A1060,BLBCWZ0,527151.0,11180872.71,0.03695679644780684,0,,FINANCIALS,UNITED STATES,AVUV,2026-07-28,,,,,,,,,,,,,,,,,,,,,,
NU SKIN ENTERPRISES INC   A COMMON STOCK USD.001,NUS,COMMON STOCK,67018T105,US67018T1051,2616870,2147319.0,11037219.66,0.03648197156913628,0,,CONSUMER STAPLES,UNITED STATES,AVUV,2026-07-28,,,,,,,,,,,,,,,,,,,,,,
ARROW ELECTRONICS INC COMMON STOCK USD1.0,ARW,COMMON STOCK,042735100,US0427351004,2051404,51137.0,10903942.51,0.0360414427632508,0,,INFORMATION TECHNOLOGY,UNITED STATES,AVUV,2026-07-28,,,,,,,,,,,,,,,,,,,,,,
NATIONAL HEALTHCARE CORP COMMON STOCK USD.01,NHC,COMMON STOCK,635906100,US6359061008,2139731,47852.0,10818858.68,0.03576021017364289,0,,HEALTH CARE,UNITED STATES,AVUV,2026-07-28,,,,,,,,,,,,,,,,,,,,,,
SAFE BULKERS INC COMMON STOCK USD.001,SB,COMMON STOCK,Y7388L103,MHY7388L1039,B39GTS0,1430494.0,10757314.88,0.0355567858302828,0,,INDUSTRIALS,UNITED STATES,AVUV,2026-07-28,,,,,,,,,,,,,,,,,,,,,,
REGIONAL MANAGEMENT CORP COMMON STOCK USD.1,RM,COMMON STOCK,75902K106,US75902K1060,B719DK5,256798.0,10757268.22,0.03555663160223933,0,,FINANCIALS,UNITED STATES,AVUV,2026-07-28,,,,,,,,,,,,,,,,,,,,,,
FIRST BANK/HAMILTON NJ COMMON STOCK USD.01,FRBA,COMMON STOCK,31931U102,US31931U1025,B1VQ1H7,576117.0,10733059.71,0.03547661378971434,0,,FINANCIALS,UNITED STATES,AVUV,2026-07-28,,,,,,,,,,,,,,,,,,,,,,
DAUCH CORPORATION COMMON STOCK,DCH,COMMON STOCK,024061103,US0240611030,2382416,1916757.0,10676336.49,0.03528912319306982,0,,CONSUMER DISCRETIONARY,UNITED STATES,AVUV,2026-07-28,,,,,,,,,,,,,,,,,,,,,,
NORTHWEST BANCSHARES INC COMMON STOCK USD.01,NWBI,COMMON STOCK,667340103,US6673401039,B523Z73,690477.0,10640250.57,0.03516984627840832,0,,FINANCIALS,UNITED STATES,AVUV,2026-07-28,,,,,,,,,,,,,,,,,,,,,,
BARRETT BUSINESS SVCS INC COMMON STOCK USD.01,BBSI,COMMON STOCK,068463108,US0684631080,2082675,262454.0,10629387.0,0.03513393828127788,0,,INDUSTRIALS,UNITED STATES,AVUV,2026-07-28,,,,,,,,,,,,,,,,,,,,,,
MID PENN BANCORP INC COMMON STOCK USD1.0,MPB,COMMON STOCK,59540G107,US59540G1076,2618348,279571.0,10553805.25,0.03488411347579371,0,,FINANCIALS,UNITED STATES,AVUV,2026-07-28,,,,,,,,,,,,,,,,,,,,,,
ACCO BRANDS CORP COMMON STOCK USD.01,ACCO,COMMON STOCK,00081T108,US00081T1088,B0G7SZ5,2553929.0,10547726.77,0.034864021918193634,0,,INDUSTRIALS,UNITED STATES,AVUV,2026-07-28,,,,,,,,,,,,,,,,,,,,,,
CITY HOLDING CO COMMON STOCK USD2.5,CHCO,COMMON STOCK,177835105,US1778351056,2161778,72223.0,10392889.7,0.03435222984015245,0,,FINANCIALS,UNITED STATES,AVUV,2026-07-28,,,,,,,,,,,,,,,,,,,,,,
PILGRIM S PRIDE CORP COMMON STOCK USD.01,PPC,COMMON STOCK,72147K108,US72147K1088,B5L3PZ2,355206.0,10368463.14,0.03427149129413245,0,,CONSUMER STAPLES,UNITED STATES,AVUV,2026-07-28,,,,,,,,,,,,,,,,,,,,,,
ORANGE COUNTY BANCORP INC COMMON STOCK USD.25,OBT,COMMON STOCK,68417L107,US68417L1070,B02VKG6,272684.0,10274733.12,0.03396167994397811,0,,FINANCIALS,UNITED STATES,AVUV,2026-07-28,,,,,,,,,,,,,,,,,,,,,,
RED RIVER BANCSHARES INC COMMON STOCK,RRBI,COMMON STOCK,75686R202,US75686R2022,BJRFD78,101601.0,10131651.72,0.03348874457368829,0,,FINANCIALS,UNITED STATES,AVUV,2026-07-28,,,,,,,,,,,,,,,,,,,,,,
SSC GOVERNMENT MM GVMXX,OTHER,SWEEP INVESTMENT VEHICLE,7839989D1,,,10021642.0,10021642.3,0.03312512396483858,3.6059323,12/31/2030,MISCELLANEOUS,UNITED STATES,AVUV,2026-07-28,,,,,,,,,,,,,,,,,,,,,,
GRAN TIERRA ENERGY INC COMMON STOCK USD.001,GTE,COMMON STOCK,38500T200,US38500T2006,BQ84Y47,1483261.0,9982346.53,0.032995237344105394,0,,ENERGY,UNITED STATES,AVUV,2026-07-28,,,,,,,,,,,,,,,,,,,,,,
NORTHPOINTE BANCSHARES INC COMMON STOCK NPV,NPB,COMMON STOCK,66661N886,US66661N8864,BSNQ293,576451.0,9880370.14,0.032658168781975944,0,,FINANCIALS,UNITED STATES,AVUV,2026-07-28,,,,,,,,,,,,,,,,,,,,,,
IMAX CORP COMMON STOCK,IMAX,COMMON STOCK,45245E109,CA45245E1097,2473859,218856.0,9872594.16,0.03263246637774544,0,,COMMUNICATION SERVICES,UNITED STATES,AVUV,2026-07-28,,,,,,,,,,,,,,,,,,,,,,
SHOE STATION GROUP INC COMMON STOCK USD.01,SHOE,COMMON STOCK,824889109,US8248891090,2805474,653372.0,9872450.92,0.03263199291814524,0,,CONSUMER DISCRETIONARY,UNITED STATES,AVUV,2026-07-28,,,,,,,,,,,,,,,,,,,,,,
WEST BANCORPORATION COMMON STOCK,WTBA,COMMON STOCK,95123P106,US95123P1066,2408840,352650.0,9771931.5,0.03229974016468449,0,,FINANCIALS,UNITED STATES,AVUV,2026-07-28,,,,,,,,,,,,,,,,,,,,,,
RANGER ENERGY SERVICES CL A COMMON STOCK,RNGR,COMMON STOCK,75282U104,US75282U1043,BF8G134,615434.0,9520763.98,0.0314695413822014,0,,ENERGY,UNITED STATES,AVUV,2026-07-28,,,,,,,,,,,,,,,,,,,,,,
BEAZER HOMES USA INC COMMON STOCK USD.001,BZH,COMMON STOCK,07556Q881,US07556Q8814,B8KHZT0,288005.0,9518565.25,0.031462273790559735,0,,CONSUMER DISCRETIONARY,UNITED STATES,AVUV,2026-07-28,,,,,,,,,,,,,,,,,,,,,,
CAPITAL BANCORP INC/MD COMMON STOCK USD.01,CBNK,COMMON STOCK,139737100,US1397371006,BGQT8S6,261922.0,9510387.82,0.03143524445002303,0,,FINANCIALS,UNITED STATES,AVUV,2026-07-28,,,,,,,,,,,,,,,,,,,,,,
DESIGNER BRANDS INC CLASS A COMMON STOCK,DBI,COMMON STOCK,250565108,US2505651081,BJ9J282,1615411.0,9466308.46,0.03128954634779773,0,,CONSUMER DISCRETIONARY,UNITED STATES,AVUV,2026-07-28,,,,,,,,,,,,,,,,,,,,,,
ARHAUS INC COMMON STOCK USD.001,ARHS,COMMON STOCK,04035M102,US04035M1027,BNV08M7,1198242.0,9442146.96,0.031209683920191786,0,,CONSUMER DISCRETIONARY,UNITED STATES,AVUV,2026-07-28,,,,,,,,,,,,,,,,,,,,,,
GREENLIGHT CAPITAL RE LTD A COMMON STOCK USD.01,GLRE,COMMON STOCK,G4095J109,KYG4095J1094,B1XRCZ3,548454.0,9427924.26,0.03116267279302206,0,,FINANCIALS,UNITED STATES,AVUV,2026-07-28,,,,,,,,,,,,,,,,,,,,,,
HBT FINANCIAL INC/DE COMMON STOCK USD.01,HBT,COMMON STOCK,404111106,US4041111067,BJBZRJ4,270173.0,9345284.07,0.030889517310489247,0,,FINANCIALS,UNITED STATES,AVUV,2026-07-28,,,,,,,,,,,,,,,,,,,,,,
NATIONAL BEVERAGE CORP COMMON STOCK USD.01,FIZZ,COMMON STOCK,635017106,US6350171061,2638625,297411.0,9294093.75,0.03072031493376904,0,,CONSUMER STAPLES,UNITED STATES,AVUV,2026-07-28,,,,,,,,,,,,,,,,,,,,,,
BANKWELL FINANCIAL GROUP INC COMMON STOCK,BWFG,COMMON STOCK,06654A103,US06654A1034,BCRXSS9,142867.0,9196348.79,0.030397232766194743,0,,FINANCIALS,UNITED STATES,AVUV,2026-07-28,,,,,,,,,,,,,,,,,,,,,,
RAYONIER ADVANCED MATERIALS COMMON STOCK USD.01,RYAM,COMMON STOCK,75508B104,US75508B1044,BN458W9,1069389.0,9089806.5,0.030045072266139006,0,,MATERIALS,UNITED STATES,AVUV,2026-07-28,,,,,,,,,,,,,,,,,,,,,,
KARAT PACKAGING INC COMMON STOCK USD.001,KRT,COMMON STOCK,48563L101,US48563L1017,BKDZ6W5,220605.0,9033774.75,0.029859867225971407,0,,INDUSTRIALS,UNITED STATES,AVUV,2026-07-28,,,,,,,,,,,,,,,,,,,,,,
MAGNERA CORP COMMON STOCK USD.01,MAGN,COMMON STOCK,55939A107,US55939A1079,BT9NC28,645705.0,8878443.75,0.02934644253203852,0,,MATERIALS,UNITED STATES,AVUV,2026-07-28,,,,,,,,,,,,,,,,,,,,,,
BLUELINX HOLDINGS INC COMMON STOCK USD.01,BXC,COMMON STOCK,09624H208,US09624H2085,BYQLZ65,151631.0,8824924.2,0.029169541214348067,0,,INDUSTRIALS,UNITED STATES,AVUV,2026-07-28,,,,,,,,,,,,,,,,,,,,,,
LAMB WESTON HOLDINGS INC COMMON STOCK USD1.0,LW,COMMON STOCK,513272104,US5132721045,BDQZFJ3,165775.0,8804310.25,0.029101404712493978,0,,CONSUMER STAPLES,UNITED STATES,AVUV,2026-07-28,,,,,,,,,,,,,,,,,,,,,,
COLONY BANKCORP COMMON STOCK USD1.0,CBAN,COMMON STOCK,19623P101,US19623P1012,2492917,399912.0,8694086.88,0.028737076922120512,0,,FINANCIALS,UNITED STATES,AVUV,2026-07-28,,,,,,,,,,,,,,,,,,,,,,
FOSTER (LB) CO A COMMON STOCK USD.01,FSTR,COMMON STOCK,350060109,US3500601097,2348225,205357.0,8688654.67,0.02871912151877778,0,,INDUSTRIALS,UNITED STATES,AVUV,2026-07-28,,,,,,,,,,,,,,,,,,,,,,
ROCKY BRANDS INC COMMON STOCK,RCKY,COMMON STOCK,774515100,US7745151008,2746915,208316.0,8653446.64,0.028602746345588084,0,,CONSUMER DISCRETIONARY,UNITED STATES,AVUV,2026-07-28,,,,,,,,,,,,,,,,,,,,,,
MOTORCAR PARTS OF AMERICA IN COMMON STOCK USD.01,MPAA,COMMON STOCK,620071100,US6200711009,2861993,612584.0,8533295.12,0.028205602456850023,0,,CONSUMER DISCRETIONARY,UNITED STATES,AVUV,2026-07-28,,,,,,,,,,,,,,,,,,,,,,
WASHINGTON TRUST BANCORP COMMON STOCK USD.0625,WASH,COMMON STOCK,940610108,US9406101082,2942025,220459.0,8507512.81,0.028120382670583068,0,,FINANCIALS,UNITED STATES,AVUV,2026-07-28,,,,,,,,,,,,,,,,,,,,,,
WABASH NATIONAL CORP COMMON STOCK USD.01,WNC,COMMON STOCK,929566107,US9295661071,2932048,640686.0,8469868.92,0.027995956106010036,0,,INDUSTRIALS,UNITED STATES,AVUV,2026-07-28,,,,,,,,,,,,,,,,,,,,,,
INTERPARFUMS INC COMMON STOCK USD.001,IPAR,COMMON STOCK,458334109,US4583341098,2473150,67808.0,8455657.6,0.027948982593823918,0,,CONSUMER STAPLES,UNITED STATES,AVUV,2026-07-28,,,,,,,,,,,,,,,,,,,,,,
CRICUT INC   CLASS A COMMON STOCK USD.001,CRCT,COMMON STOCK,22658D100,US22658D1000,BMXDS27,1873910.0,8395116.8,0.02774887352538007,0,,CONSUMER DISCRETIONARY,UNITED STATES,AVUV,2026-07-28,,,,,,,,,,,,,,,,,,,,,,
SOUTHERN FIRST BANCSHARES COMMON STOCK USD.01,SFST,COMMON STOCK,842873101,US8428731017,2508030,132877.0,8183894.43,0.027050707797553503,0,,FINANCIALS,UNITED STATES,AVUV,2026-07-28,,,,,,,,,,,,,,,,,,,,,,
PARKE BANCORP INC COMMON STOCK USD.1,PKBK,COMMON STOCK,700885106,US7008851062,2095145,240377.0,8038206.88,0.026569158166323534,0,,FINANCIALS,UNITED STATES,AVUV,2026-07-28,,,,,,,,,,,,,,,,,,,,,,
HINGHAM INSTITUTION FOR SVGS COMMON STOCK USD1.0,HIFS,COMMON STOCK,433323102,US4333231029,2428439,28719.0,8009154.72,0.02647313035245451,0,,FINANCIALS,UNITED STATES,AVUV,2026-07-28,,,,,,,,,,,,,,,,,,,,,,
JEFFERSON CAPITAL INC COMMON STOCK USD.0001,JCAP,COMMON STOCK,47248R103,US47248R1032,BV4K5N0,391710.0,8002635.3,0.02645158132992765,0,,FINANCIALS,UNITED STATES,AVUV,2026-07-28,,,,,,,,,,,,,,,,,,,,,,
AMERICAN COASTAL INSURANCE C COMMON STOCK USD.0001,ACIC,COMMON STOCK,910710102,US9107101027,B292PW7,765025.0,7963910.25,0.026323581143591467,0,,FINANCIALS,UNITED STATES,AVUV,2026-07-28,,,,,,,,,,,,,,,,,,,,,,
DONEGAL GROUP INC CL A COMMON STOCK USD.01,DGICA,COMMON STOCK,257701201,US2577012014,2752730,420172.0,7945452.52,0.02626257172257476,0,,FINANCIALS,UNITED STATES,AVUV,2026-07-28,,,,,,,,,,,,,,,,,,,,,,
BAR HARBOR BANKSHARES COMMON STOCK USD2.0,BHB,COMMON STOCK,066849100,US0668491006,2618111,199583.0,7847603.56,0.02593914579768114,0,,FINANCIALS,UNITED STATES,AVUV,2026-07-28,,,,,,,,,,,,,,,,,,,,,,
COMMUNITY WEST BANCSHARES COMMON STOCK,CWBC,COMMON STOCK,203937107,US2039371073,BNK9G76,307747.0,7776766.69,0.025705004523248393,0,,FINANCIALS,UNITED STATES,AVUV,2026-07-28,,,,,,,,,,,,,,,,,,,,,,
STANDARD MOTOR PRODS COMMON STOCK USD2.0,SMP,COMMON STOCK,853666105,US8536661056,2838306,199039.0,7750578.66,0.025618443686792988,0,,CONSUMER DISCRETIONARY,UNITED STATES,AVUV,2026-07-28,,,,,,,,,,,,,,,,,,,,,,
ONITY GROUP INC COMMON STOCK USD.01,ONIT,COMMON STOCK,675746606,US6757466064,BMDNMR0,193157.0,7697306.45,0.02544235991655795,0,,FINANCIALS,UNITED STATES,AVUV,2026-07-28,,,,,,,,,,,,,,,,,,,,,,
CALEDONIA MINING CORP PLC COMMON STOCK,CMCL,COMMON STOCK,G1757E113,JE00BF0XVB15,BF0XVC2,404674.0,7652385.34,0.025293879528529316,0,,MATERIALS,UNITED STATES,AVUV,2026-07-28,,,,,,,,,,,,,,,,,,,,,,
FIRST INTERSTATE BANCSYS A COMMON STOCK USD.00001,FIBK,COMMON STOCK,32055Y201,US32055Y2019,B4RGHN0,201089.0,7593120.64,0.02509798842850083,0,,FINANCIALS,UNITED STATES,AVUV,2026-07-28,,,,,,,,,,,,,,,,,,,,,,
SOUTHSIDE BANCSHARES INC COMMON STOCK USD1.25,SBSI,COMMON STOCK,84470P109,US84470P1093,2485876,229696.0,7455932.16,0.024644531273424787,0,,FINANCIALS,UNITED STATES,AVUV,2026-07-28,,,,,,,,,,,,,,,,,,,,,,
EXZEO GROUP INC COMMON STOCK,XZO,COMMON STOCK,30234F101,US30234F1012,BV3P7K7,461024.0,7330281.6,0.02422921108421274,0,,FINANCIALS,UNITED STATES,AVUV,2026-07-28,,,,,,,,,,,,,,,,,,,,,,
CABLE ONE INC COMMON STOCK USD.01,CABO,COMMON STOCK,12685J105,US12685J1051,BZ07DS4,184453.0,7293271.62,0.024106879819661805,0,,COMMUNICATION SERVICES,UNITED STATES,AVUV,2026-07-28,,,,,,,,,,,,,,,,,,,,,,
UPWORK INC COMMON STOCK USD.0001,UPWK,COMMON STOCK,91688F104,US91688F1049,BGRFWV4,776963.0,7194677.38,0.023780990476932117,0,,INDUSTRIALS,UNITED STATES,AVUV,2026-07-28,,,,,,,,,,,,,,,,,,,,,,
AERSALE CORP COMMON STOCK USD.0001,ASLE,COMMON STOCK,00810F106,US00810F1066,BN2RY85,1085874.0,7058181.0,0.023329820960709038,0,,INDUSTRIALS,UNITED STATES,AVUV,2026-07-28,,,,,,,,,,,,,,,,,,,,,,
FOSSIL GROUP INC COMMON STOCK USD.01,FOSL,COMMON STOCK,34988V106,US34988V1061,BBGT609,1667024.0,7018171.04,0.023197573685746112,0,,CONSUMER DISCRETIONARY,UNITED STATES,AVUV,2026-07-28,,,,,,,,,,,,,,,,,,,,,,
HONEST CO INC/THE COMMON STOCK USD.001,HNST,COMMON STOCK,438333106,US4383331067,BMF1LH5,1818019.0,6981192.96,0.023075347862142156,0,,CONSUMER STAPLES,UNITED STATES,AVUV,2026-07-28,,,,,,,,,,,,,,,,,,,,,,
STONERIDGE INC COMMON STOCK,SRI,COMMON STOCK,86183P102,US86183P1021,2111977,932874.0,6949911.3,0.022971950750739975,0,,CONSUMER DISCRETIONARY,UNITED STATES,AVUV,2026-07-28,,,,,,,,,,,,,,,,,,,,,,
PLUMAS BANCORP COMMON STOCK,PLBC,COMMON STOCK,729273102,US7292731020,2025056,112155.0,6891924.75,0.022780284395112482,0,,FINANCIALS,UNITED STATES,AVUV,2026-07-28,,,,,,,,,,,,,,,,,,,,,,
KINGSTONE COS INC COMMON STOCK USD.01,KINS,COMMON STOCK,496719105,US4967191051,B02NVQ9,347329.0,6831961.43,0.022582084105291392,0,,FINANCIALS,UNITED STATES,AVUV,2026-07-28,,,,,,,,,,,,,,,,,,,,,,
GENESCO INC COMMON STOCK USD1.0,GCO,COMMON STOCK,371532102,US3715321028,2367101,182012.0,6818169.52,0.02253649689365624,0,,CONSUMER DISCRETIONARY,UNITED STATES,AVUV,2026-07-28,,,,,,,,,,,,,,,,,,,,,,
STURM RUGER + CO INC COMMON STOCK USD1.0,RGR,COMMON STOCK,864159108,US8641591081,2856289,174035.0,6771701.85,0.02238290456986045,0,,CONSUMER DISCRETIONARY,UNITED STATES,AVUV,2026-07-28,,,,,,,,,,,,,,,,,,,,,,
TITAN AMERICA SA COMMON STOCK,TTAM,COMMON STOCK,B9151N105,BE6360403164,BNM4XQ7,380797.0,6652523.59,0.02198897765466674,0,,MATERIALS,UNITED STATES,AVUV,2026-07-28,,,,,,,,,,,,,,,,,,,,,,
ALERUS FINANCIAL CORP COMMON STOCK USD1.0,ALRS,COMMON STOCK,01446U103,US01446U1034,2679141,202236.0,6621206.64,0.021885463897151104,0,,FINANCIALS,UNITED STATES,AVUV,2026-07-28,,,,,,,,,,,,,,,,,,,,,,
MGP INGREDIENTS INC COMMON STOCK,MGPI,COMMON STOCK,55303J106,US55303J1060,B6ZJTH3,367590.0,6601916.4,0.021821702731846745,0,,CONSUMER STAPLES,UNITED STATES,AVUV,2026-07-28,,,,,,,,,,,,,,,,,,,,,,
WESBANCO INC COMMON STOCK USD2.0833,WSBC,COMMON STOCK,950810101,US9508101014,2953782,158222.0,6483937.56,0.021431740330152577,0,,FINANCIALS,UNITED STATES,AVUV,2026-07-28,,,,,,,,,,,,,,,,,,,,,,
WATERSTONE FINANCIAL INC COMMON STOCK USD.01,WSBF,COMMON STOCK,94188P101,US94188P1012,BJ7BVV6,320130.0,6441015.6,0.021289867850248372,0,,FINANCIALS,UNITED STATES,AVUV,2026-07-28,,,,,,,,,,,,,,,,,,,,,,
PUBMATIC INC CLASS A COMMON STOCK USD.0001,PUBM,COMMON STOCK,74467Q103,US74467Q1031,BNHP503,498757.0,6379102.03,0.021085221284350118,0,,COMMUNICATION SERVICES,UNITED STATES,AVUV,2026-07-28,,,,,,,,,,,,,,,,,,,,,,
RCI HOSPITALITY HOLDINGS INC COMMON STOCK USD.01,RICK,COMMON STOCK,74934Q108,US74934Q1085,BQ0QT80,242854.0,6377346.04,0.021079417107281152,0,,CONSUMER DISCRETIONARY,UNITED STATES,AVUV,2026-07-28,,,,,,,,,,,,,,,,,,,,,,
HUDSON TECHNOLOGIES INC COMMON STOCK USD.01,HDSN,COMMON STOCK,444144109,US4441441098,2730532,1006390.0,6279873.6,0.020757235716097864,0,,INDUSTRIALS,UNITED STATES,AVUV,2026-07-28,,,,,,,,,,,,,,,,,,,,,,
CHOICEONE FINANCIAL SVCS INC COMMON STOCK,COFS,COMMON STOCK,170386106,US1703861062,2713395,184737.0,6266279.04,0.02071230081702973,0,,FINANCIALS,UNITED STATES,AVUV,2026-07-28,,,,,,,,,,,,,,,,,,,,,,
COLUMBIA FINANCIAL INC COMMON STOCK USD.01,CLBK,COMMON STOCK,197914104,US1979141041,BVK35P5,568988.0,6173519.8,0.020405698243129818,0,,FINANCIALS,UNITED STATES,AVUV,2026-07-28,,,,,,,,,,,,,,,,,,,,,,
INFUSYSTEM HOLDINGS INC COMMON STOCK USD.0001,INFU,COMMON STOCK,45685K102,US45685K1025,B17FVR8,655755.0,6137866.8,0.020287852284417207,0,,HEALTH CARE,UNITED STATES,AVUV,2026-07-28,,,,,,,,,,,,,,,,,,,,,,
EQUIPMENTSHARE.COM INC A COMMON STOCK USD.0000013,EQPT,COMMON STOCK,29445S100,US29445S1006,BVMZK21,314495.0,6050883.8,0.02000034225646165,0,,INDUSTRIALS,UNITED STATES,AVUV,2026-07-28,,,,,,,,,,,,,,,,,,,,,,
BK TECHNOLOGIES CORP COMMON STOCK USD.6,BKTI,COMMON STOCK,05587G203,US05587G2030,BM8NGX9,74111.0,5973346.6,0.019744053987034348,0,,INFORMATION TECHNOLOGY,UNITED STATES,AVUV,2026-07-28,,,,,,,,,,,,,,,,,,,,,,
FARMERS + MERCHANTS BANCO/OH COMMON STOCK,FMAO,COMMON STOCK,30779N105,US30779N1054,2120865,190891.0,5955799.2,0.01968605353333021,0,,FINANCIALS,UNITED STATES,AVUV,2026-07-28,,,,,,,,,,,,,,,,,,,,,,
LANDS  END INC COMMON STOCK USD.01,LE,COMMON STOCK,51509F105,US51509F1057,BKWQKM7,485240.0,5919928.0,0.019567486345318765,0,,CONSUMER DISCRETIONARY,UNITED STATES,AVUV,2026-07-28,,,,,,,,,,,,,,,,,,,,,,
VELOCITY FINANCIAL INC COMMON STOCK,VEL,COMMON STOCK,92262D101,US92262D1019,BKFVZS0,335030.0,5909929.2,0.01953443672335215,0,,FINANCIALS,UNITED STATES,AVUV,2026-07-28,,,,,,,,,,,,,,,,,,,,,,
MASTERCRAFT BOAT HOLDINGS IN COMMON STOCK USD.01,MCFT,COMMON STOCK,57637H103,US57637H1032,BDTYR13,234295.0,5824573.7,0.019252306166908248,0,,CONSUMER DISCRETIONARY,UNITED STATES,AVUV,2026-07-28,,,,,,,,,,,,,,,,,,,,,,
HIGHPEAK ENERGY INC COMMON STOCK USD.0001,HPK,COMMON STOCK,43114Q105,US43114Q1058,BN0VNB5,854789.0,5786921.53,0.019127852233964026,0,,ENERGY,UNITED STATES,AVUV,2026-07-28,,,,,,,,,,,,,,,,,,,,,,
EAGLE BANCORP INC COMMON STOCK USD.01,EGBN,COMMON STOCK,268948106,US2689481065,2648055,201518.0,5672731.7,0.01875041386996715,0,,FINANCIALS,UNITED STATES,AVUV,2026-07-28,,,,,,,,,,,,,,,,,,,,,,
FIRST MERCHANTS CORP COMMON STOCK,FRME,COMMON STOCK,320817109,US3208171096,2342410,132615.0,5658682.05,0.018703974735144648,0,,FINANCIALS,UNITED STATES,AVUV,2026-07-28,,,,,,,,,,,,,,,,,,,,,,
EVERQUOTE INC   CLASS A COMMON STOCK USD.001,EVER,COMMON STOCK,30041R108,US30041R1086,BG88WS9,212642.0,5581852.5,0.018450025502900272,0,,COMMUNICATION SERVICES,UNITED STATES,AVUV,2026-07-28,,,,,,,,,,,,,,,,,,,,,,
FIRSTSUN CAPITAL BANCORP COMMON STOCK,FSUN,COMMON STOCK,33767U107,US33767U1079,BPQYJV4,158468.0,5516271.08,0.018233255376581742,0,,FINANCIALS,UNITED STATES,AVUV,2026-07-28,,,,,,,,,,,,,,,,,,,,,,
TIMBERLAND BANCORP INC COMMON STOCK USD.01,TSBK,COMMON STOCK,887098101,US8870981011,2147734,123518.0,5434792.0,0.017963937779251312,0,,FINANCIALS,UNITED STATES,AVUV,2026-07-28,,,,,,,,,,,,,,,,,,,,,,
WORTHINGTON STEEL INC COMMON STOCK USD.0001,WS,COMMON STOCK,982104101,US9821041012,BS70KN1,147043.0,5405300.68,0.017866458383994234,0,,MATERIALS,UNITED STATES,AVUV,2026-07-28,,,,,,,,,,,,,,,,,,,,,,
CORMEDIX INC COMMON STOCK USD.001,CRMD,COMMON STOCK,21900C308,US21900C3088,BJ0LT31,703798.0,5348864.8,0.01767991754915874,0,,HEALTH CARE,UNITED STATES,AVUV,2026-07-28,,,,,,,,,,,,,,,,,,,,,,
CORE MOLDING TECHNOLOGIES IN COMMON STOCK USD.01,CMT,COMMON STOCK,218683100,US2186831002,2761123,217112.0,5273650.48,0.01743130723167305,0,,MATERIALS,UNITED STATES,AVUV,2026-07-28,,,,,,,,,,,,,,,,,,,,,,
COSTAMARE BULKERS HOLDING COMMON STOCK USD.0001,CMDB,COMMON STOCK,Y2001C101,MHY2001C1012,BPK4SX5,284538.0,5226963.06,0.017276988555272224,0,,INDUSTRIALS,UNITED STATES,AVUV,2026-07-28,,,,,,,,,,,,,,,,,,,,,,
FRANKLIN FINANCIAL SERVICES COMMON STOCK USD1.0,FRAF,COMMON STOCK,353525108,US3535251082,B019C32,82292.0,5192625.2,0.017163489606184083,0,,FINANCIALS,UNITED STATES,AVUV,2026-07-28,,,,,,,,,,,,,,,,,,,,,,
BOWHEAD SPECIALTY HOLDINGS I COMMON STOCK USD.01,BOW,COMMON STOCK,10240L102,US10240L1026,BNRR231,166180.0,5186477.8,0.017143170243252775,0,,FINANCIALS,UNITED STATES,AVUV,2026-07-28,,,,,,,,,,,,,,,,,,,,,,
FIRST UNITED CORP COMMON STOCK USD.01,FUNC,COMMON STOCK,33741H107,US33741H1077,2420736,111749.0,5015295.12,0.016577350058707446,0,,FINANCIALS,UNITED STATES,AVUV,2026-07-28,,,,,,,,,,,,,,,,,,,,,,
AMERICAN INTEGRITY INSURANCE COMMON STOCK USD.001,AII,COMMON STOCK,026948109,US0269481091,BTRVNC1,262409.0,5014635.99,0.016575171397535417,0,,FINANCIALS,UNITED STATES,AVUV,2026-07-28,,,,,,,,,,,,,,,,,,,,,,
BAYCOM CORP COMMON STOCK,BCML,COMMON STOCK,07272M107,US07272M1071,BYSTY59,160986.0,4921342.02,0.01626680134910314,0,,FINANCIALS,UNITED STATES,AVUV,2026-07-28,,,,,,,,,,,,,,,,,,,,,,
MCGRATH RENTCORP COMMON STOCK,MGRC,COMMON STOCK,580589109,US5805891091,2551551,40348.0,4841760.0,0.016003754215813196,0,,INDUSTRIALS,UNITED STATES,AVUV,2026-07-28,,,,,,,,,,,,,,,,,,,,,,
MERIDIAN CORP COMMON STOCK,MRBK,COMMON STOCK,58958P104,US58958P1049,BF5R077,241662.0,4833240.0,0.015975592558498765,0,,FINANCIALS,UNITED STATES,AVUV,2026-07-28,,,,,,,,,,,,,,,,,,,,,,
ZUMIEZ INC COMMON STOCK,ZUMZ,COMMON STOCK,989817101,US9898171015,B081QB7,248315.0,4832209.9,0.015972187708357965,0,,CONSUMER DISCRETIONARY,UNITED STATES,AVUV,2026-07-28,,,,,,,,,,,,,,,,,,,,,,
INTERNATIONAL MONEY EXPRESS COMMON STOCK USD.0001,IMXI,COMMON STOCK,46005L101,US46005L1017,BG216W6,373528.0,4796099.52,0.01585282994461924,0,,FINANCIALS,UNITED STATES,AVUV,2026-07-28,,,,,,,,,,,,,,,,,,,,,,
TACTILE SYSTEMS TECHNOLOGY I COMMON STOCK USD.001,TCMD,COMMON STOCK,87357P100,US87357P1003,BZB1XF2,172486.0,4788211.36,0.015826756745234098,0,,HEALTH CARE,UNITED STATES,AVUV,2026-07-28,,,,,,,,,,,,,,,,,,,,,,
CIVISTA BANCSHARES INC COMMON STOCK,CIVB,COMMON STOCK,178867107,US1788671071,BWT3JH3,165468.0,4740658.2,0.015669576487471373,0,,FINANCIALS,UNITED STATES,AVUV,2026-07-28,,,,,,,,,,,,,,,,,,,,,,
PONCE FINANCIAL GROUP INC COMMON STOCK USD.01,PDLB,COMMON STOCK,732344106,US7323441060,BMF8HX4,236178.0,4730645.34,0.015636480392159473,0,,FINANCIALS,UNITED STATES,AVUV,2026-07-28,,,,,,,,,,,,,,,,,,,,,,
XPERI INC COMMON STOCK USD.001,XPER,COMMON STOCK,98423J101,US98423J1016,BQV3RS6,604612.0,4601097.32,0.015208277699083969,0,,INFORMATION TECHNOLOGY,UNITED STATES,AVUV,2026-07-28,,,,,,,,,,,,,,,,,,,,,,
DLOCAL LTD COMMON STOCK USD.002,DLO,COMMON STOCK,G29018101,KYG290181018,BKVF490,305852.0,4575545.92,0.015123821153226693,0,,FINANCIALS,UNITED STATES,AVUV,2026-07-28,,,,,,,,,,,,,,,,,,,,,,
GLOBALSTAR INC COMMON STOCK USD.0001,GSAT,COMMON STOCK,378973507,US3789735079,BRJMM32,56215.0,4442671.45,0.014684623349238795,0,,COMMUNICATION SERVICES,UNITED STATES,AVUV,2026-07-28,,,,,,,,,,,,,,,,,,,,,,
OPORTUN FINANCIAL CORP COMMON STOCK USD.0001,OPRT,COMMON STOCK,68376D104,US68376D1046,BKTC5L2,773842.0,4418637.82,0.014605183577867683,0,,FINANCIALS,UNITED STATES,AVUV,2026-07-28,,,,,,,,,,,,,,,,,,,,,,
CITI TRENDS INC COMMON STOCK USD.01,CTRN,COMMON STOCK,17306X102,US17306X1028,B06FLD8,67610.0,4410876.4,0.014579529299661888,0,,CONSUMER DISCRETIONARY,UNITED STATES,AVUV,2026-07-28,,,,,,,,,,,,,,,,,,,,,,
SIGA TECHNOLOGIES INC COMMON STOCK USD.0001,SIGA,COMMON STOCK,826917106,US8269171067,2107437,1417505.0,4394265.5,0.014524624314511146,0,,HEALTH CARE,UNITED STATES,AVUV,2026-07-28,,,,,,,,,,,,,,,,,,,,,,
JOHNSON OUTDOORS INC A COMMON STOCK USD.05,JOUT,COMMON STOCK,479167108,US4791671088,2476847,92433.0,4356367.29,0.014399357131077999,0,,CONSUMER DISCRETIONARY,UNITED STATES,AVUV,2026-07-28,,,,,,,,,,,,,,,,,,,,,,
FIRST COMMUNITY CORP COMMON STOCK USD1.0,FCCO,COMMON STOCK,319835104,US3198351047,2863074,128230.0,4350843.9,0.014381100345116268,0,,FINANCIALS,UNITED STATES,AVUV,2026-07-28,,,,,,,,,,,,,,,,,,,,,,
TREDEGAR CORP COMMON STOCK,TG,COMMON STOCK,894650100,US8946501009,2903345,579362.0,4310453.28,0.014247594852257408,0,,MATERIALS,UNITED STATES,AVUV,2026-07-28,,,,,,,,,,,,,,,,,,,,,,
BANK7 CORP COMMON STOCK USD.01,BSVN,COMMON STOCK,06652N107,US06652N1072,BFMN421,86885.0,4306020.6,0.014232943254235747,0,,FINANCIALS,UNITED STATES,AVUV,2026-07-28,,,,,,,,,,,,,,,,,,,,,,
AMPLIFY ENERGY CORP COMMON STOCK USD.01,AMPY,COMMON STOCK,03212B103,US03212B1035,BK598S5,1145650.0,4296187.5,0.014200441330228877,0,,ENERGY,UNITED STATES,AVUV,2026-07-28,,,,,,,,,,,,,,,,,,,,,,
COMMERCIAL BANCGROUP INC COMMON STOCK USD.01,CBK,COMMON STOCK,20112C106,US20112C1062,BTLP0D9,127356.0,4272793.8,0.014123116757140064,0,,FINANCIALS,UNITED STATES,AVUV,2026-07-28,,,,,,,,,,,,,,,,,,,,,,
ALPHA METALLURGICAL RESOURCE COMMON STOCK USD.01,AMR,COMMON STOCK,020764106,US0207641061,BMFND53,29087.0,4233321.98,0.013992648227983146,0,,MATERIALS,UNITED STATES,AVUV,2026-07-28,,,,,,,,,,,,,,,,,,,,,,
NORDIC AMERICAN TANKERS LTD COMMON STOCK USD.01,NAT,COMMON STOCK,G65773106,BMG657731060,2113876,655053.0,4231642.38,0.013987096547275946,0,,ENERGY,UNITED STATES,AVUV,2026-07-28,,,,,,,,,,,,,,,,,,,,,,
AMES NATIONAL CORP COMMON STOCK USD2.0,ATLO,COMMON STOCK,031001100,US0310011004,B00MZ00,139571.0,4219231.33,0.013946073573448212,0,,FINANCIALS,UNITED STATES,AVUV,2026-07-28,,,,,,,,,,,,,,,,,,,,,,
STOCK YARDS BANCORP INC COMMON STOCK,SYBT,COMMON STOCK,861025104,US8610251048,BLY2FB4,50961.0,4201734.45,0.013888240106472655,0,,FINANCIALS,UNITED STATES,AVUV,2026-07-28,,,,,,,,,,,,,,,,,,,,,,
INVESTORS TITLE CO COMMON STOCK,ITIC,COMMON STOCK,461804106,US4618041069,2469892,14597.0,4151970.68,0.013723752989405256,0,,FINANCIALS,UNITED STATES,AVUV,2026-07-28,,,,,,,,,,,,,,,,,,,,,,
Q32 BIO INC COMMON STOCK USD.0001,QTTB,COMMON STOCK,746964105,US7469641051,BS2FKQ4,269616.0,4100859.36,0.013554811736033387,0,,HEALTH CARE,UNITED STATES,AVUV,2026-07-28,,,,,,,,,,,,,,,,,,,,,,
PCB BANCORP COMMON STOCK,PCB,COMMON STOCK,69320M109,US69320M1099,BKLTT20,143822.0,4025577.78,0.013305979100112133,0,,FINANCIALS,UNITED STATES,AVUV,2026-07-28,,,,,,,,,,,,,,,,,,,,,,
REPUBLIC AIRWAYS HOLDINGS IN COMMON STOCK,RJET,COMMON STOCK,590479408,US5904794089,BTZ9W97,223596.0,4003486.38,0.013232959095840297,0,,INDUSTRIALS,UNITED STATES,AVUV,2026-07-28,,,,,,,,,,,,,,,,,,,,,,
COMMERCIAL VEHICLE GROUP INC COMMON STOCK USD.01,CVGI,COMMON STOCK,202608105,US2026081057,B02GMS7,876619.0,3979850.26,0.013154833237661562,0,,INDUSTRIALS,UNITED STATES,AVUV,2026-07-28,,,,,,,,,,,,,,,,,,,,,,
TITAN INTERNATIONAL INC COMMON STOCK,TWI,COMMON STOCK,88830M102,US88830M1027,2890265,492930.0,3973015.8,0.013132242894885836,0,,INDUSTRIALS,UNITED STATES,AVUV,2026-07-28,,,,,,,,,,,,,,,,,,,,,,
SUPERIOR GROUP OF COS INC COMMON STOCK,SGC,COMMON STOCK,868358102,US8683581024,2864301,314762.0,3934525.0,0.013005016988857856,0,,CONSUMER DISCRETIONARY,UNITED STATES,AVUV,2026-07-28,,,,,,,,,,,,,,,,,,,,,,
ARDENT HEALTH INC COMMON STOCK USD.01,ARDT,COMMON STOCK,03980N107,US03980N1072,BSF1W07,356855.0,3907562.25,0.012915895424802138,0,,HEALTH CARE,UNITED STATES,AVUV,2026-07-28,,,,,,,,,,,,,,,,,,,,,,
FVCBANKCORP INC COMMON STOCK USD.01,FVCB,COMMON STOCK,36120Q101,US36120Q1013,BY7RH33,212536.0,3874531.28,0.01280671621612804,0,,FINANCIALS,UNITED STATES,AVUV,2026-07-28,,,,,,,,,,,,,,,,,,,,,,
BARNES + NOBLE EDUCATION INC COMMON STOCK USD.01,BNED,COMMON STOCK,06777U200,US06777U2006,BNNRMX5,301358.0,3869436.72,0.012789876867197545,0,,CONSUMER DISCRETIONARY,UNITED STATES,AVUV,2026-07-28,,,,,,,,,,,,,,,,,,,,,,
SUMMIT MIDSTREAM CORP COMMON STOCK USD.01,SMC,COMMON STOCK,86614G101,US86614G1013,BNM9H26,129532.0,3867825.52,0.012784551273034985,0,,ENERGY,UNITED STATES,AVUV,2026-07-28,,,,,,,,,,,,,,,,,,,,,,
FS BANCORP INC COMMON STOCK USD.01,FSBW,COMMON STOCK,30263Y104,US30263Y1047,B4Z5FD5,87700.0,3813196.0,0.012603981106193207,0,,FINANCIALS,UNITED STATES,AVUV,2026-07-28,,,,,,,,,,,,,,,,,,,,,,
USCB FINANCIAL HOLDINGS INC COMMON STOCK,USCB,COMMON STOCK,90355N101,US90355N1019,BPCK3Z8,165852.0,3759035.58,0.012424961483183141,0,,FINANCIALS,UNITED STATES,AVUV,2026-07-28,,,,,,,,,,,,,,,,,,,,,,
TOWNE BANK COMMON STOCK USD1.667,TOWN,COMMON STOCK,89214P109,US89214P1093,B018PR4,99069.0,3742826.82,0.012371385715036204,0,,FINANCIALS,UNITED STATES,AVUV,2026-07-28,,,,,,,,,,,,,,,,,,,,,,
UNIVERSAL LOGISTICS HOLDINGS COMMON STOCK,ULH,COMMON STOCK,91388P105,US91388P1057,B066PX9,262715.0,3741061.6,0.01236555102950515,0,,INDUSTRIALS,UNITED STATES,AVUV,2026-07-28,,,,,,,,,,,,,,,,,,,,,,
MYERS INDUSTRIES INC COMMON STOCK,MYE,COMMON STOCK,628464109,US6284641098,2613086,110372.0,3608060.68,0.01192593526289197,0,,MATERIALS,UNITED STATES,AVUV,2026-07-28,,,,,,,,,,,,,,,,,,,,,,
USANA HEALTH SCIENCES INC COMMON STOCK USD.001,USNA,COMMON STOCK,90328M107,US90328M1071,2267698,159252.0,3557689.68,0.011759441032776326,0,,CONSUMER STAPLES,UNITED STATES,AVUV,2026-07-28,,,,,,,,,,,,,,,,,,,,,,
EAGLE BANCORP MONTANA INC COMMON STOCK USD.01,EBMT,COMMON STOCK,26942G100,US26942G1004,B57M9P1,151081.0,3554935.93,0.011750338900871442,0,,FINANCIALS,UNITED STATES,AVUV,2026-07-28,,,,,,,,,,,,,,,,,,,,,,
FIRST NATIONAL CORP/VA COMMON STOCK USD1.25,FXNC,COMMON STOCK,32106V107,US32106V1070,B018Y33,118202.0,3507053.34,0.01159206975874615,0,,FINANCIALS,UNITED STATES,AVUV,2026-07-28,,,,,,,,,,,,,,,,,,,,,,
LOVESAC CO/THE COMMON STOCK USD.00001,LOVE,COMMON STOCK,54738L109,US54738L1098,BG88WJ0,206137.0,3502267.63,0.011576251269893301,0,,CONSUMER DISCRETIONARY,UNITED STATES,AVUV,2026-07-28,,,,,,,,,,,,,,,,,,,,,,
EVOLUTION PETROLEUM CORP COMMON STOCK USD.001,EPM,COMMON STOCK,30049A107,US30049A1079,2367781,964933.0,3483408.13,0.011513913854855562,0,,ENERGY,UNITED STATES,AVUV,2026-07-28,,,,,,,,,,,,,,,,,,,,,,
ASTRONICS CORP CL B COMMON STOCK USD.01,ATROB,COMMON STOCK,046433207,US0464332073,2613848,49777.0,3479412.3,0.011500706202843035,0,,INDUSTRIALS,UNITED STATES,AVUV,2026-07-28,,,,,,,,,,,,,,,,,,,,,,
PROSPERITY BANCSHARES INC COMMON STOCK USD1.0,PB,COMMON STOCK,743606105,US7436061052,2310257,47902.0,3474811.08,0.01148549751964253,0,,FINANCIALS,UNITED STATES,AVUV,2026-07-28,,,,,,,,,,,,,,,,,,,,,,
NB BANCORP INC COMMON STOCK USD.01,NBBK,COMMON STOCK,63945M107,US63945M1071,BQT2053,154609.0,3467879.87,0.011462587383399059,0,,FINANCIALS,UNITED STATES,AVUV,2026-07-28,,,,,,,,,,,,,,,,,,,,,,
ESPEY MFG + ELECTRONICS CORP COMMON STOCK USD.333,ESP,COMMON STOCK,296650104,US2966501049,2321679,59409.0,3452256.99,0.011410948158889139,0,,INDUSTRIALS,UNITED STATES,AVUV,2026-07-28,,,,,,,,,,,,,,,,,,,,,,
HAMILTON BEACH BRAND A COMMON STOCK USD.01,HBB,COMMON STOCK,40701T104,US40701T1043,BF22688,154535.0,3419859.55,0.01130386299420077,0,,CONSUMER DISCRETIONARY,UNITED STATES,AVUV,2026-07-28,,,,,,,,,,,,,,,,,,,,,,
OAK VALLEY BANCORP COMMON STOCK,OVLY,COMMON STOCK,671807105,US6718071052,B019FQ6,102571.0,3400228.65,0.011238975825354068,0,,FINANCIALS,UNITED STATES,AVUV,2026-07-28,,,,,,,,,,,,,,,,,,,,,,
FINANCE OF AMERICA COS INC A COMMON STOCK USD.0001,FOA,COMMON STOCK,31738L206,US31738L2060,BT06V07,143918.0,3393586.44,0.011217020937815278,0,,FINANCIALS,UNITED STATES,AVUV,2026-07-28,,,,,,,,,,,,,,,,,,,,,,
908 DEVICES INC COMMON STOCK,MASS,COMMON STOCK,65443P102,US65443P1021,BM8GQP0,474749.0,3384960.37,0.011188508681088715,0,,INFORMATION TECHNOLOGY,UNITED STATES,AVUV,2026-07-28,,,,,,,,,,,,,,,,,,,,,,
CONDUENT INC COMMON STOCK USD.01,CNDT,COMMON STOCK,206787103,US2067871036,BYWLRV8,2205720.0,3330637.2,0.011008951110927485,0,,INDUSTRIALS,UNITED STATES,AVUV,2026-07-28,,,,,,,,,,,,,,,,,,,,,,
CITIZENS FINANCIAL SERVICES COMMON STOCK USD1.0,CZFS,COMMON STOCK,174615104,US1746151042,2651592,43057.0,3271040.29,0.010811961937638859,0,,FINANCIALS,UNITED STATES,AVUV,2026-07-28,,,,,,,,,,,,,,,,,,,,,,
LIBERTY CAPITAL CORP COMMON STOCK,GLIBA,COMMON STOCK,36164V602,US36164V6020,BRJW0F0,141404.0,3240979.68,0.01071260083464792,0,,COMMUNICATION SERVICES,UNITED STATES,AVUV,2026-07-28,,,,,,,,,,,,,,,,,,,,,,
PEOPLES BANCORP OF NC COMMON STOCK,PEBK,COMMON STOCK,710577107,US7105771072,2620503,74921.0,3217856.95,0.01063617191464391,0,,FINANCIALS,UNITED STATES,AVUV,2026-07-28,,,,,,,,,,,,,,,,,,,,,,
PROFRAC HOLDING CORP A COMMON STOCK USD.01,ACDC,COMMON STOCK,74319N100,US74319N1000,BPCJW03,765008.0,3067682.08,0.010139790080585282,0,,ENERGY,UNITED STATES,AVUV,2026-07-28,,,,,,,,,,,,,,,,,,,,,,
MEDIFAST INC COMMON STOCK USD.001,MED,COMMON STOCK,58470H101,US58470H1014,2934033,308839.0,3060594.49,0.010116363052326455,0,,CONSUMER STAPLES,UNITED STATES,AVUV,2026-07-28,,,,,,,,,,,,,,,,,,,,,,
PHOENIX EDUCATION PARTNERS I COMMON STOCK USD.01,PXED,COMMON STOCK,718968100,US7189681007,BSNRFP3,101558.0,3035568.62,0.010033643571700218,0,,CONSUMER DISCRETIONARY,UNITED STATES,AVUV,2026-07-28,,,,,,,,,,,,,,,,,,,,,,
AMPCO PITTSBURGH CORP COMMON STOCK USD1.0,AP,COMMON STOCK,032037103,US0320371034,2031688,348276.0,3026518.44,0.010003729479236141,0,,MATERIALS,UNITED STATES,AVUV,2026-07-28,,,,,,,,,,,,,,,,,,,,,,
MANITOWOC COMPANY INC COMMON STOCK USD.01,MTW,COMMON STOCK,563571405,US5635714059,BDFCGV4,206672.0,3009144.32,0.009946301778111748,0,,INDUSTRIALS,UNITED STATES,AVUV,2026-07-28,,,,,,,,,,,,,,,,,,,,,,
CLEARWATER PAPER CORP COMMON STOCK USD.0001,CLW,COMMON STOCK,18538R103,US18538R1032,B3K9Z35,173448.0,2986774.56,0.009872361694153283,0,,MATERIALS,UNITED STATES,AVUV,2026-07-28,,,,,,,,,,,,,,,,,,,,,,
LIFETIME BRANDS INC COMMON STOCK USD.01,LCUT,COMMON STOCK,53222Q103,US53222Q1031,2515773,337807.0,2982835.81,0.00985934271202333,0,,CONSUMER DISCRETIONARY,UNITED STATES,AVUV,2026-07-28,,,,,,,,,,,,,,,,,,,,,,
MCEWEN INC COMMON STOCK,MUX,COMMON STOCK,58039P305,US58039P3055,BQGD8H7,169775.0,2952387.25,0.009758699295070518,0,,MATERIALS,UNITED STATES,AVUV,2026-07-28,,,,,,,,,,,,,,,,,,,,,,
CLEAN ENERGY FUELS CORP COMMON STOCK USD.0001,CLNE,COMMON STOCK,184499101,US1844991018,B1Y1PC2,1496308.0,2932763.68,0.009693836354504111,0,,ENERGY,UNITED STATES,AVUV,2026-07-28,,,,,,,,,,,,,,,,,,,,,,
TIPTREE INC COMMON STOCK USD.001,TIPT,COMMON STOCK,88822Q103,US88822Q1031,BC30V41,162231.0,2928269.55,0.009678981642181748,0,,FINANCIALS,UNITED STATES,AVUV,2026-07-28,,,,,,,,,,,,,,,,,,,,,,
CF BANKSHARES INC COMMON STOCK USD.01,CFBK,COMMON STOCK,12520L109,US12520L1098,BN2XDN1,84536.0,2875069.36,0.00950313592389035,0,,FINANCIALS,UNITED STATES,AVUV,2026-07-28,,,,,,,,,,,,,,,,,,,,,,
IBOTTA INC CL A COMMON STOCK USD.00001,IBTA,COMMON STOCK,451051106,US4510511060,BNZD2W0,104859.0,2874185.19,0.009500213424765034,0,,COMMUNICATION SERVICES,UNITED STATES,AVUV,2026-07-28,,,,,,,,,,,,,,,,,,,,,,
IMMERSION CORPORATION COMMON STOCK USD.001,IMMR,COMMON STOCK,452521107,US4525211078,2517854,371523.0,2873730.41,0.009498710213671907,0,,INFORMATION TECHNOLOGY,UNITED STATES,AVUV,2026-07-28,,,,,,,,,,,,,,,,,,,,,,
ACACIA RESEARCH CORP COMMON STOCK USD.001,ACTG,COMMON STOCK,003881307,US0038813079,2169589,612777.0,2837157.51,0.009377823655362631,0,,FINANCIALS,UNITED STATES,AVUV,2026-07-28,,,,,,,,,,,,,,,,,,,,,,
ASTRONICS CORP COMMON STOCK USD.01,ATRO,COMMON STOCK,046433108,US0464331083,2060518,39774.0,2793725.76,0.009234266136575527,0,,INDUSTRIALS,UNITED STATES,AVUV,2026-07-28,,,,,,,,,,,,,,,,,,,,,,
BOB S DISCOUNT FURNITURE COMMON STOCK,BOBS,COMMON STOCK,09681N106,US09681N1063,BV9C5G4,172182.0,2746302.9,0.009077516567069621,0,,CONSUMER DISCRETIONARY,UNITED STATES,AVUV,2026-07-28,,,,,,,,,,,,,,,,,,,,,,
C + F FINANCIAL CORP COMMON STOCK USD1.0,CFFI,COMMON STOCK,12466Q104,US12466Q1040,2494515,34255.0,2719161.9,0.008987805822800721,0,,FINANCIALS,UNITED STATES,AVUV,2026-07-28,,,,,,,,,,,,,,,,,,,,,,
LEGGETT + PLATT INC COMMON STOCK USD.01,LEG,COMMON STOCK,524660107,US5246601075,2510682,241868.0,2653291.96,0.008770082034349752,0,,CONSUMER DISCRETIONARY,UNITED STATES,AVUV,2026-07-28,,,,,,,,,,,,,,,,,,,,,,
DNOW INC COMMON STOCK USD.01,DNOW,COMMON STOCK,67011P100,US67011P1003,BMH0MV1,185490.0,2632103.1,0.008700045248645118,0,,INDUSTRIALS,UNITED STATES,AVUV,2026-07-28,,,,,,,,,,,,,,,,,,,,,,
J. JILL INC COMMON STOCK USD.01,JILL,COMMON STOCK,46620W201,US46620W2017,BN941G6,146456.0,2560050.88,0.00846188680634651,0,,CONSUMER DISCRETIONARY,UNITED STATES,AVUV,2026-07-28,,,,,,,,,,,,,,,,,,,,,,
ASCENT INDUSTRIES CO COMMON STOCK USD1.0,ACNT,COMMON STOCK,871565107,US8715651076,2867805,166965.0,2544546.6,0.008410639597394983,0,,MATERIALS,UNITED STATES,AVUV,2026-07-28,,,,,,,,,,,,,,,,,,,,,,
EQUITY BANCSHARES INC   CL A COMMON STOCK USD.01,EQBK,COMMON STOCK,29460X109,US29460X1090,BYZG9Q9,48621.0,2451957.03,0.008104597843729409,0,,FINANCIALS,UNITED STATES,AVUV,2026-07-28,,,,,,,,,,,,,,,,,,,,,,
RESOURCES CONNECTION INC COMMON STOCK USD.01,RGP,COMMON STOCK,76122Q105,US76122Q1058,2697853,623159.0,2417856.92,0.007991884743705411,0,,INDUSTRIALS,UNITED STATES,AVUV,2026-07-28,,,,,,,,,,,,,,,,,,,,,,
MAINSTREET BANCSHARES INC COMMON STOCK USD4.0,MNSB,COMMON STOCK,56064Y100,US56064Y1001,BD0R8C9,103395.0,2417375.1,0.007990292155709258,0,,FINANCIALS,UNITED STATES,AVUV,2026-07-28,,,,,,,,,,,,,,,,,,,,,,
NERDWALLET INC CL A COMMON STOCK USD.0001,NRDS,COMMON STOCK,64082B102,US64082B1026,BMTW8S4,255431.0,2378062.61,0.007860350269376266,0,,FINANCIALS,UNITED STATES,AVUV,2026-07-28,,,,,,,,,,,,,,,,,,,,,,
FERROGLOBE PLC COMMON STOCK USD7.5,GSM,COMMON STOCK,G33856108,GB00BYW6GV68,BYW6GV6,719476.0,2374270.8,0.00784781697667422,0,,MATERIALS,UNITED STATES,AVUV,2026-07-28,,,,,,,,,,,,,,,,,,,,,,
SMART SAND INC COMMON STOCK USD.001,SND,COMMON STOCK,83191H107,US83191H1077,BYXM5L6,498353.0,2302390.86,0.007610227981596521,0,,ENERGY,UNITED STATES,AVUV,2026-07-28,,,,,,,,,,,,,,,,,,,,,,
ENERGY SERVICES OF AMERICA COMMON STOCK USD.0001,ESOA,COMMON STOCK,29271Q103,US29271Q1031,B1FL1D4,144515.0,2293453.05,0.007580685312305263,0,,ENERGY,UNITED STATES,AVUV,2026-07-28,,,,,,,,,,,,,,,,,,,,,,
FIRST BANCORP INC/ME COMMON STOCK USD.01,FNLC,COMMON STOCK,31866P102,US31866P1021,2353047,65493.0,2285050.77,0.007552912761833443,0,,FINANCIALS,UNITED STATES,AVUV,2026-07-28,,,,,,,,,,,,,,,,,,,,,,
SIMPLY GOOD FOODS CO/THE COMMON STOCK USD.0001,SMPL,COMMON STOCK,82900L102,US82900L1026,BF27XF9,210416.0,2243034.56,0.00741403411069832,0,,CONSUMER STAPLES,UNITED STATES,AVUV,2026-07-28,,,,,,,,,,,,,,,,,,,,,,
VIRCO MFG CORPORATION COMMON STOCK USD.01,VIRC,COMMON STOCK,927651109,US9276511097,2929705,360653.0,2178344.12,0.0072002089929988035,0,,INDUSTRIALS,UNITED STATES,AVUV,2026-07-28,,,,,,,,,,,,,,,,,,,,,,
KEARNY FINANCIAL CORP/MD COMMON STOCK USD.01,KRNY,COMMON STOCK,48716P108,US48716P1084,BY3H7G0,229331.0,2167177.95,0.007163300794283463,0,,FINANCIALS,UNITED STATES,AVUV,2026-07-28,,,,,,,,,,,,,,,,,,,,,,
VILLAGE FARMS INTERNATIONAL COMMON STOCK,VFF,COMMON STOCK,92707Y108,CA92707Y1088,B5NTJ67,1057466.0,2146655.98,0.007095468319335449,0,,CONSUMER STAPLES,UNITED STATES,AVUV,2026-07-28,,,,,,,,,,,,,,,,,,,,,,
ACME UNITED CORP COMMON STOCK USD2.5,ACU,COMMON STOCK,004816104,US0048161048,2006329,37346.0,2122373.18,0.007015204951702245,0,,HEALTH CARE,UNITED STATES,AVUV,2026-07-28,,,,,,,,,,,,,,,,,,,,,,
JAKKS PACIFIC INC COMMON STOCK USD.001,JAKK,COMMON STOCK,47012E403,US47012E4035,BN2R7Z3,81502.0,2112531.84,0.0069826757915385325,0,,CONSUMER DISCRETIONARY,UNITED STATES,AVUV,2026-07-28,,,,,,,,,,,,,,,,,,,,,,
FIRST FINANCIAL BANCORP COMMON STOCK,FFBC,COMMON STOCK,320209109,US3202091092,2352806,59817.0,2008654.86,0.00663932509745189,0,,FINANCIALS,UNITED STATES,AVUV,2026-07-28,,,,,,,,,,,,,,,,,,,,,,
PRIMEENERGY RESOURCES CORP COMMON STOCK USD.1,PNRG,COMMON STOCK,74158E104,US74158E1047,2480365,10845.0,1973464.65,0.006523008825756711,0,,ENERGY,UNITED STATES,AVUV,2026-07-28,,,,,,,,,,,,,,,,,,,,,,
VERA BRADLEY INC COMMON STOCK,VRA,COMMON STOCK,92335C106,US92335C1062,B4626P4,525492.0,1965340.08,0.006496154206488271,0,,CONSUMER DISCRETIONARY,UNITED STATES,AVUV,2026-07-28,,,,,,,,,,,,,,,,,,,,,,
CRAWFORD + COMPANY  CL A COMMON STOCK USD1.0,CRD.A,COMMON STOCK,224633206,US2246332066,2232094,173699.0,1943691.81,0.006424598905879078,0,,FINANCIALS,UNITED STATES,AVUV,2026-07-28,,,,,,,,,,,,,,,,,,,,,,
TRUPANION INC COMMON STOCK USD.00001,TRUP,COMMON STOCK,898202106,US8982021060,BP3YM85,74255.0,1846721.85,0.006104078391405573,0,,FINANCIALS,UNITED STATES,AVUV,2026-07-28,,,,,,,,,,,,,,,,,,,,,,
TRUEBLUE INC COMMON STOCK,TBI,COMMON STOCK,89785X101,US89785X1019,2519849,233353.0,1820153.4,0.0060162601303403555,0,,INDUSTRIALS,UNITED STATES,AVUV,2026-07-28,,,,,,,,,,,,,,,,,,,,,,
MEDALLION FINANCIAL CORP COMMON STOCK USD.01,MFIN,COMMON STOCK,583928106,US5839281061,2580447,181711.0,1778950.69,0.005880070388621347,0,,FINANCIALS,UNITED STATES,AVUV,2026-07-28,,,,,,,,,,,,,,,,,,,,,,
ARKO PETROLEUM CORP COMMON STOCK,APC,COMMON STOCK,04124A100,US04124A1007,BNNM865,84210.0,1770936.3,0.005853579953789867,0,,CONSUMER DISCRETIONARY,UNITED STATES,AVUV,2026-07-28,,,,,,,,,,,,,,,,,,,,,,
CIRRUS LOGIC INC COMMON STOCK USD.001,CRUS,COMMON STOCK,172755100,US1727551004,2197308,13008.0,1770648.96,0.005852630191980861,0,,INFORMATION TECHNOLOGY,UNITED STATES,AVUV,2026-07-28,,,,,,,,,,,,,,,,,,,,,,
SIFCO INDUSTRIES COMMON STOCK USD1.0,SIF,COMMON STOCK,826546103,US8265461033,2807500,65971.0,1725141.65,0.005702212202600383,0,,INDUSTRIALS,UNITED STATES,AVUV,2026-07-28,,,,,,,,,,,,,,,,,,,,,,
OP BANCORP COMMON STOCK,OPBK,COMMON STOCK,67109R109,US67109R1095,BD06KV9,109740.0,1706457.0,0.005640452729555769,0,,FINANCIALS,UNITED STATES,AVUV,2026-07-28,,,,,,,,,,,,,,,,,,,,,,
NACCO INDUSTRIES CL A COMMON STOCK USD1.0,NC,COMMON STOCK,629579103,US6295791031,2616977,35345.0,1654146.0,0.0054675461032910625,0,,ENERGY,UNITED STATES,AVUV,2026-07-28,,,,,,,,,,,,,,,,,,,,,,
MIMEDX GROUP INC COMMON STOCK USD.001,MDXG,COMMON STOCK,602496101,US6024961012,B1Z3TW5,380431.0,1620636.06,0.005356783726893503,0,,HEALTH CARE,UNITED STATES,AVUV,2026-07-28,,,,,,,,,,,,,,,,,,,,,,
INVESTAR HOLDING CORP COMMON STOCK USD1.0,ISTR,COMMON STOCK,46134L105,US46134L1052,BNGY4R1,53492.0,1613318.72,0.005332597292441251,0,,FINANCIALS,UNITED STATES,AVUV,2026-07-28,,,,,,,,,,,,,,,,,,,,,,
CHEMUNG FINANCIAL CORP COMMON STOCK USD.01,CHMG,COMMON STOCK,164024101,US1640241014,2190921,18720.0,1506960.0,0.004981043557107716,0,,FINANCIALS,UNITED STATES,AVUV,2026-07-28,,,,,,,,,,,,,,,,,,,,,,
EPSILON ENERGY LTD COMMON STOCK,EPSN,COMMON STOCK,294375209,CA2943752097,BGPYWG8,258455.0,1480947.15,0.004895061753413849,0,,ENERGY,UNITED STATES,AVUV,2026-07-28,,,,,,,,,,,,,,,,,,,,,,
MONTAUK RENEWABLES INC COMMON STOCK USD.01,MNTK,COMMON STOCK,61218C103,US61218C1036,BN6HHQ0,774101.0,1470791.9,0.0048614950080567605,0,,UTILITIES,UNITED STATES,AVUV,2026-07-28,,,,,,,,,,,,,,,,,,,,,,
NORWOOD FINANCIAL CORP COMMON STOCK USD.1,NWFL,COMMON STOCK,669549107,US6695491075,2549233,42552.0,1434427.92,0.0047412990053162804,0,,FINANCIALS,UNITED STATES,AVUV,2026-07-28,,,,,,,,,,,,,,,,,,,,,,
TECHTARGET INC COMMON STOCK USD.001,TTGT,COMMON STOCK,87874R308,US87874R3084,BPG4DP6,375027.0,1425102.6,0.004710475476421043,0,,COMMUNICATION SERVICES,UNITED STATES,AVUV,2026-07-28,,,,,,,,,,,,,,,,,,,,,,
CLARUS CORP COMMON STOCK USD.0001,CLAR,COMMON STOCK,18270P109,US18270P1093,BF5QHG2,433437.0,1417338.99,0.004684813959479387,0,,CONSUMER DISCRETIONARY,UNITED STATES,AVUV,2026-07-28,,,,,,,,,,,,,,,,,,,,,,
AMERISAFE INC COMMON STOCK USD.01,AMSF,COMMON STOCK,03071H100,US03071H1005,B0PPHS6,46683.0,1403290.98,0.004638380245445382,0,,FINANCIALS,UNITED STATES,AVUV,2026-07-28,,,,,,,,,,,,,,,,,,,,,,
KEWAUNEE SCIENTIFIC CP COMMON STOCK USD2.5,KEQU,COMMON STOCK,492854104,US4928541048,2490728,38810.0,1382412.2,0.004569368385409767,0,,HEALTH CARE,UNITED STATES,AVUV,2026-07-28,,,,,,,,,,,,,,,,,,,,,,
INSTEEL INDUSTRIES INC COMMON STOCK,IIIN,COMMON STOCK,45774W108,US45774W1080,2325875,42678.0,1375938.72,0.004547971211068003,0,,INDUSTRIALS,UNITED STATES,AVUV,2026-07-28,,,,,,,,,,,,,,,,,,,,,,
DMC GLOBAL INC COMMON STOCK,BOOM,COMMON STOCK,23291C103,US23291C1036,BYN8NH6,239915.0,1369914.65,0.004528059498042397,0,,ENERGY,UNITED STATES,AVUV,2026-07-28,,,,,,,,,,,,,,,,,,,,,,
BCB BANCORP INC COMMON STOCK,BCBP,COMMON STOCK,055298103,US0552981039,2848253,132489.0,1365961.59,0.004514993216227446,0,,FINANCIALS,UNITED STATES,AVUV,2026-07-28,,,,,,,,,,,,,,,,,,,,,,
PRIMIS FINANCIAL CORP COMMON STOCK USD.01,FRST,COMMON STOCK,74167B109,US74167B1098,BMTRDW8,84151.0,1329585.8,0.004394758177199069,0,,FINANCIALS,UNITED STATES,AVUV,2026-07-28,,,,,,,,,,,,,,,,,,,,,,
DOUGLAS DYNAMICS INC COMMON STOCK USD.01,PLOW,COMMON STOCK,25960R105,US25960R1059,B3N5WD9,29604.0,1326555.24,0.004384741088913759,0,,INDUSTRIALS,UNITED STATES,AVUV,2026-07-28,,,,,,,,,,,,,,,,,,,,,,
PERMA PIPE INTERNATIONAL HOL COMMON STOCK USD.01,PPIH,COMMON STOCK,714167103,US7141671039,BDD0V60,52039.0,1323872.16,0.004375872546718078,0,,INDUSTRIALS,UNITED STATES,AVUV,2026-07-28,,,,,,,,,,,,,,,,,,,,,,
HNI CORP COMMON STOCK USD1.0,HNI,COMMON STOCK,404251100,US4042511000,2435246,30578.0,1313325.1,0.004341010728713999,0,,INDUSTRIALS,UNITED STATES,AVUV,2026-07-28,,,,,,,,,,,,,,,,,,,,,,
BANCFIRST CORP COMMON STOCK USD1.0,BANF,COMMON STOCK,05945F103,US05945F1030,2078782,11199.0,1298636.04,0.004292458114395789,0,,FINANCIALS,UNITED STATES,AVUV,2026-07-28,,,,,,,,,,,,,,,,,,,,,,
GREENE COUNTY BANCORP INC COMMON STOCK USD.1,GCBC,COMMON STOCK,394357107,US3943571071,2647751,38196.0,1276510.32,0.004219324670208572,0,,FINANCIALS,UNITED STATES,AVUV,2026-07-28,,,,,,,,,,,,,,,,,,,,,,
LEGACY HOUSING CORP COMMON STOCK USD.001,LEGH,COMMON STOCK,52472M101,US52472M1018,BG5HXX1,48220.0,1273008.0,0.0042077482458370355,0,,CONSUMER DISCRETIONARY,UNITED STATES,AVUV,2026-07-28,,,,,,,,,,,,,,,,,,,,,,
ADVANTAGE SOLUTIONS INC COMMON STOCK USD.0001,ADV,COMMON STOCK,00791N201,US00791N2018,BTZS1P3,33333.0,1264320.69,0.004179033568935129,0,,COMMUNICATION SERVICES,UNITED STATES,AVUV,2026-07-28,,,,,,,,,,,,,,,,,,,,,,
DOUGLAS ELLIMAN INC COMMON STOCK,DOUG,COMMON STOCK,25961D105,US25961D1054,BNZHLY7,726608.0,1264297.92,0.0041789583059143485,0,,REAL ESTATE,UNITED STATES,AVUV,2026-07-28,,,,,,,,,,,,,,,,,,,,,,
JAMES RIVER GROUP HOLDINGS I COMMON STOCK USD.0002,JRVR,COMMON STOCK,46990A102,US46990A1025,BV96YL4,263947.0,1240550.9,0.004100465883440289,0,,FINANCIALS,UNITED STATES,AVUV,2026-07-28,,,,,,,,,,,,,,,,,,,,,,
NATIONAL ENERGY SERVICES REU COMMON STOCK,NESR,COMMON STOCK,G6375R107,VGG6375R1073,BYZLFM2,46099.0,1238680.13,0.004094282317283702,0,,ENERGY,UNITED STATES,AVUV,2026-07-28,,,,,,,,,,,,,,,,,,,,,,
FIRST INTERNET BANCORP COMMON STOCK,INBK,COMMON STOCK,320557101,US3205571017,B0406N0,45997.0,1217080.62,0.0040228881859715356,0,,FINANCIALS,UNITED STATES,AVUV,2026-07-28,,,,,,,,,,,,,,,,,,,,,,
VAREX IMAGING CORP COMMON STOCK USD.01,VREX,COMMON STOCK,92214X106,US92214X1063,BDQYWV1,108620.0,1192647.6,0.003942128287333427,0,,HEALTH CARE,UNITED STATES,AVUV,2026-07-28,,,,,,,,,,,,,,,,,,,,,,
KYNDRYL HOLDINGS INC COMMON STOCK USD.01,KD,COMMON STOCK,50155Q100,US50155Q1004,BP6JW21,93355.0,1191209.8,0.003937375842393674,0,,INFORMATION TECHNOLOGY,UNITED STATES,AVUV,2026-07-28,,,,,,,,,,,,,,,,,,,,,,
COMMUNITY BANCORP INC/VT COMMON STOCK USD2.5,CMTV,COMMON STOCK,20343A101,US20343A1016,2502098,29008.0,1178014.88,0.0038937618969322467,0,,FINANCIALS,UNITED STATES,AVUV,2026-07-28,,,,,,,,,,,,,,,,,,,,,,
LIFEVANTAGE CORP COMMON STOCK USD.0001,LFVN,COMMON STOCK,53222K205,US53222K2050,BYYMYP2,180623.0,1150568.51,0.0038030417952344617,0,,CONSUMER STAPLES,UNITED STATES,AVUV,2026-07-28,,,,,,,,,,,,,,,,,,,,,,
FIRST NORTHERN COMMUNITY BAN COMMON STOCK,FNRN,COMMON STOCK,335925103,US3359251036,B018Y55,59093.0,1093220.5,0.003613486043440487,0,,FINANCIALS,UNITED STATES,AVUV,2026-07-28,,,,,,,,,,,,,,,,,,,,,,
CARECLOUD INC COMMON STOCK USD.001,CCLD,COMMON STOCK,14167R100,US14167R1005,BKP32B8,473357.0,1055586.11,0.003489090879776436,0,,HEALTH CARE,UNITED STATES,AVUV,2026-07-28,,,,,,,,,,,,,,,,,,,,,,
BASSETT FURNITURE INDS COMMON STOCK USD5.0,BSET,COMMON STOCK,070203104,US0702031040,2083526,53658.0,1045794.42,0.003456725830679116,0,,CONSUMER DISCRETIONARY,UNITED STATES,AVUV,2026-07-28,,,,,,,,,,,,,,,,,,,,,,
EAGLE FINANCIAL SERVICES INC COMMON STOCK USD2.5,EFSI,COMMON STOCK,26951R104,US26951R1041,2600301,25190.0,1011126.6,0.003342136245388219,0,,FINANCIALS,UNITED STATES,AVUV,2026-07-28,,,,,,,,,,,,,,,,,,,,,,
1 800 FLOWERS.COM INC CL A COMMON STOCK USD.01,FLWS,COMMON STOCK,68243Q106,US68243Q1067,2444123,257270.0,985344.1,0.003256915831103082,0,,CONSUMER DISCRETIONARY,UNITED STATES,AVUV,2026-07-28,,,,,,,,,,,,,,,,,,,,,,
LATHAM GROUP INC COMMON STOCK USD.0001,SWIM,COMMON STOCK,51819L107,US51819L1070,BNC0LQ1,174997.0,985233.11,0.003256548969325461,0,,CONSUMER DISCRETIONARY,UNITED STATES,AVUV,2026-07-28,,,,,,,,,,,,,,,,,,,,,,
UNIVERSAL ELECTRONICS INC COMMON STOCK USD.01,UEIC,COMMON STOCK,913483103,US9134831034,2911683,210159.0,958325.04,0.0031676081422910988,0,,CONSUMER DISCRETIONARY,UNITED STATES,AVUV,2026-07-28,,,,,,,,,,,,,,,,,,,,,,
ANIKA THERAPEUTICS INC COMMON STOCK USD.01,ANIK,COMMON STOCK,035255108,US0352551081,2035754,61879.0,929422.58,0.0030720751406403827,0,,HEALTH CARE,UNITED STATES,AVUV,2026-07-28,,,,,,,,,,,,,,,,,,,,,,
FRANKLIN COVEY CO COMMON STOCK USD.05,FC,COMMON STOCK,353469109,US3534691098,2352839,42188.0,915479.6,0.0030259885884453127,0,,INDUSTRIALS,UNITED STATES,AVUV,2026-07-28,,,,,,,,,,,,,,,,,,,,,,
CENTRAL BANCOMPANY COMMON STOCK,CBC,COMMON STOCK,152413100,US1524131000,B3KKGR9,28504.0,913838.24,0.0030205633046601465,0,,FINANCIALS,UNITED STATES,AVUV,2026-07-28,,,,,,,,,,,,,,,,,,,,,,
MVB FINANCIAL CORP COMMON STOCK USD1.0,MVBF,COMMON STOCK,553810102,US5538101024,B00BYZ5,30950.0,901883.0,0.0029810469464451464,0,,FINANCIALS,UNITED STATES,AVUV,2026-07-28,,,,,,,,,,,,,,,,,,,,,,
KRONOS WORLDWIDE INC COMMON STOCK USD.01,KRO,COMMON STOCK,50105F105,US50105F1057,2166397,146818.0,899994.34,0.0029748042474189167,0,,MATERIALS,UNITED STATES,AVUV,2026-07-28,,,,,,,,,,,,,,,,,,,,,,
INNOVATIVE SOLUTIONS + SUPP COMMON STOCK USD.001,ISSC,COMMON STOCK,45769N105,US45769N1054,2616397,45161.0,870704.08,0.002877989427610156,0,,INDUSTRIALS,UNITED STATES,AVUV,2026-07-28,,,,,,,,,,,,,,,,,,,,,,
CASS INFORMATION SYSTEMS INC COMMON STOCK USD.5,CASS,COMMON STOCK,14808P109,US14808P1093,2086558,15657.0,857847.03,0.0028354922637399064,0,,FINANCIALS,UNITED STATES,AVUV,2026-07-28,,,,,,,,,,,,,,,,,,,,,,
PANGAEA LOGISTICS SOLUTIONS COMMON STOCK USD.0001,PANL,COMMON STOCK,G6891L105,BMG6891L1054,BRGCNJ8,112284.0,837638.64,0.002768696283216854,0,,INDUSTRIALS,UNITED STATES,AVUV,2026-07-28,,,,,,,,,,,,,,,,,,,,,,
AZENTA INC COMMON STOCK USD.01,AZTA,COMMON STOCK,114340102,US1143401024,2145460,28902.0,795383.04,0.0026290263622290896,0,,HEALTH CARE,UNITED STATES,AVUV,2026-07-28,,,,,,,,,,,,,,,,,,,,,,
TAYLOR DEVICES INC COMMON STOCK USD.025,TAYD,COMMON STOCK,877163105,US8771631053,2877127,14268.0,791160.6,0.002615069682849893,0,,INDUSTRIALS,UNITED STATES,AVUV,2026-07-28,,,,,,,,,,,,,,,,,,,,,,
HAWTHORN BANCSHARES INC COMMON STOCK USD1.0,HWBK,COMMON STOCK,420476103,US4204761039,2604217,19986.0,767262.54,0.0025360780189766824,0,,FINANCIALS,UNITED STATES,AVUV,2026-07-28,,,,,,,,,,,,,,,,,,,,,,
ESCALADE INC COMMON STOCK,ESCA,COMMON STOCK,296056104,US2960561049,2321561,39811.0,754418.45,0.0024936236925569948,0,,CONSUMER DISCRETIONARY,UNITED STATES,AVUV,2026-07-28,,,,,,,,,,,,,,,,,,,,,,
FUTUREFUEL CORP COMMON STOCK USD.0001,FF,COMMON STOCK,36116M106,US36116M1062,B3BBRD4,162284.0,749752.08,0.002478199665228081,0,,ENERGY,UNITED STATES,AVUV,2026-07-28,,,,,,,,,,,,,,,,,,,,,,
WINNEBAGO INDUSTRIES COMMON STOCK USD.5,WGO,COMMON STOCK,974637100,US9746371007,2972721,24096.0,749144.64,0.0024761918580544803,0,,CONSUMER DISCRETIONARY,UNITED STATES,AVUV,2026-07-28,,,,,,,,,,,,,,,,,,,,,,
TRAEGER INC COMMON STOCK,COOK,COMMON STOCK,89269P202,US89269P2020,BWTYM33,12220.0,747864.0,0.0024719588833099783,0,,CONSUMER DISCRETIONARY,UNITED STATES,AVUV,2026-07-28,,,,,,,,,,,,,,,,,,,,,,
AMERICAN OUTDOOR BRANDS INC COMMON STOCK,AOUT,COMMON STOCK,02875D109,US02875D1090,BMDMZV2,58677.0,739330.2,0.002443751612043557,0,,CONSUMER DISCRETIONARY,UNITED STATES,AVUV,2026-07-28,,,,,,,,,,,,,,,,,,,,,,
AMERICAN VANGUARD CORP COMMON STOCK USD.1,AVD,COMMON STOCK,030371108,US0303711081,2025711,280356.0,737336.28,0.0024371609909458586,0,,MATERIALS,UNITED STATES,AVUV,2026-07-28,,,,,,,,,,,,,,,,,,,,,,
WEYCO GROUP INC COMMON STOCK USD1.0,WEYS,COMMON STOCK,962149100,US9621491003,2947774,18987.0,733467.81,0.002424374309435159,0,,CONSUMER DISCRETIONARY,UNITED STATES,AVUV,2026-07-28,,,,,,,,,,,,,,,,,,,,,,
WIDEPOINT CORP COMMON STOCK USD.001,WYY,COMMON STOCK,967590209,US9675902095,BLNBRP0,68321.0,731034.7,0.002416332007788642,0,,INFORMATION TECHNOLOGY,UNITED STATES,AVUV,2026-07-28,,,,,,,,,,,,,,,,,,,,,,
HOOKER FURNISHINGS CORP COMMON STOCK,HOFT,COMMON STOCK,439038100,US4390381006,2748911,52129.0,723550.52,0.00239159410726757,0,,CONSUMER DISCRETIONARY,UNITED STATES,AVUV,2026-07-28,,,,,,,,,,,,,,,,,,,,,,
RAMACO RESOURCES INC B COMMON STOCK,METCB,COMMON STOCK,75134P501,US75134P5017,BRXYZ79,98526.0,696577.39,0.002302438233587095,0,,MATERIALS,UNITED STATES,AVUV,2026-07-28,,,,,,,,,,,,,,,,,,,,,,
CRAWFORD + CO   CL B COMMON STOCK USD1.0,CRD.B,COMMON STOCK,224633107,US2246331076,2232072,57949.0,589920.82,0.001949899997123149,0,,FINANCIALS,UNITED STATES,AVUV,2026-07-28,,,,,,,,,,,,,,,,,,,,,,
CONSUMER PORTFOLIO SERVICES COMMON STOCK,CPSS,COMMON STOCK,210502100,US2105021008,2223872,62332.0,577817.64,0.0019098946441214004,0,,FINANCIALS,UNITED STATES,AVUV,2026-07-28,,,,,,,,,,,,,,,,,,,,,,
AVIAT NETWORKS INC COMMON STOCK USD.01,AVNW,COMMON STOCK,05366Y201,US05366Y2019,BZ9NWS6,26967.0,551475.15,0.001822823261939608,0,,INFORMATION TECHNOLOGY,UNITED STATES,AVUV,2026-07-28,,,,,,,,,,,,,,,,,,,,,,
RESERVOIR MEDIA INC COMMON STOCK USD.0001,RSVR,COMMON STOCK,76119X105,US76119X1054,BP0B9H7,50561.0,543025.14,0.001794892946690367,0,,COMMUNICATION SERVICES,UNITED STATES,AVUV,2026-07-28,,,,,,,,,,,,,,,,,,,,,,
KEROS THERAPEUTICS INC COMMON STOCK USD.0001,KROS,COMMON STOCK,492327101,US4923271013,BM7V485,51479.0,525600.59,0.0017372985563196858,0,,HEALTH CARE,UNITED STATES,AVUV,2026-07-28,,,,,,,,,,,,,,,,,,,,,,
AMERICAN RESOURCES CORP COMMON STOCK USD.0001,AREC,COMMON STOCK,02927U208,US02927U2087,BF2WFR0,296630.0,522068.8,0.0017256247230231438,0,,ENERGY,UNITED STATES,AVUV,2026-07-28,,,,,,,,,,,,,,,,,,,,,,
NEWTEKONE INC COMMON STOCK USD.02,NEWT,COMMON STOCK,652526203,US6525262035,BRWZXQ8,34922.0,501829.14,0.0016587253839291727,0,,FINANCIALS,UNITED STATES,AVUV,2026-07-28,,,,,,,,,,,,,,,,,,,,,,
RIVERVIEW BANCORP INC COMMON STOCK USD.01,RVSB,COMMON STOCK,769397100,US7693971001,2117920,91764.0,488184.48,0.0016136248863831693,0,,FINANCIALS,UNITED STATES,AVUV,2026-07-28,,,,,,,,,,,,,,,,,,,,,,
VIRGINIA NATIONAL BANKSHARES COMMON STOCK USD2.5,VABK,COMMON STOCK,928031103,US9280311039,BHBFXS1,10619.0,487836.86,0.0016124758775433049,0,,FINANCIALS,UNITED STATES,AVUV,2026-07-28,,,,,,,,,,,,,,,,,,,,,,
ISABELLA BANK CORP COMMON STOCK,ISBA,COMMON STOCK,464214105,US4642141059,2521941,12310.0,482428.9,0.0015946006291524414,0,,FINANCIALS,UNITED STATES,AVUV,2026-07-28,,,,,,,,,,,,,,,,,,,,,,
RING ENERGY INC COMMON STOCK,REI,COMMON STOCK,76680V108,US76680V1089,B1TGYD6,406930.0,476108.1,0.001573708116998325,0,,ENERGY,UNITED STATES,AVUV,2026-07-28,,,,,,,,,,,,,,,,,,,,,,
CB FINANCIAL SERVICES INC COMMON STOCK,CBFV,COMMON STOCK,12479G101,US12479G1013,B032TT4,12914.0,469165.62,0.0015507607293607309,0,,FINANCIALS,UNITED STATES,AVUV,2026-07-28,,,,,,,,,,,,,,,,,,,,,,
SPRINKLR INC A COMMON STOCK USD.00003,CXM,COMMON STOCK,85208T107,US85208T1079,BNKCPP6,74478.0,452081.46,0.0014942914500855032,0,,INFORMATION TECHNOLOGY,UNITED STATES,AVUV,2026-07-28,,,,,,,,,,,,,,,,,,,,,,
DRILLING TOOLS INTERNATIONAL COMMON STOCK USD.0001,DTI,COMMON STOCK,26205E107,US26205E1073,BQLSC31,180670.0,404700.8,0.0013376813667226326,0,,ENERGY,UNITED STATES,AVUV,2026-07-28,,,,,,,,,,,,,,,,,,,,,,
SB FINANCIAL GROUP INC COMMON STOCK,SBFG,COMMON STOCK,78408D105,US78408D1054,B8DV0M7,14698.0,387733.24,0.0012815974922881163,0,,FINANCIALS,UNITED STATES,AVUV,2026-07-28,,,,,,,,,,,,,,,,,,,,,,
ROOT INC/OH  CLASS A COMMON STOCK USD.0001,ROOT,COMMON STOCK,77664L207,US77664L2079,BNV0HC0,6018.0,358973.7,0.001186536892522773,0,,FINANCIALS,UNITED STATES,AVUV,2026-07-28,,,,,,,,,,,,,,,,,,,,,,
TILLY S INC CLASS A SHRS COMMON STOCK USD.001,TLYS,COMMON STOCK,886885102,US8868851028,B7TN3D2,83358.0,319261.14,0.0010552726312787761,0,,CONSUMER DISCRETIONARY,UNITED STATES,AVUV,2026-07-28,,,,,,,,,,,,,,,,,,,,,,
ENVELA CORP COMMON STOCK USD.01,ELA,COMMON STOCK,29402E102,US29402E1029,BK8WN64,12134.0,260274.3,0.000860299958257499,0,,CONSUMER DISCRETIONARY,UNITED STATES,AVUV,2026-07-28,,,,,,,,,,,,,,,,,,,,,,
FOX FACTORY HOLDING CORP COMMON STOCK USD.001,FOXF,COMMON STOCK,35138V102,US35138V1026,BCRY5K3,13594.0,252440.58,0.0008344067026075908,0,,CONSUMER DISCRETIONARY,UNITED STATES,AVUV,2026-07-28,,,,,,,,,,,,,,,,,,,,,,
FULL HOUSE RESORTS INC COMMON STOCK USD.0001,FLL,COMMON STOCK,359678109,US3596781092,2357566,103565.0,241306.45,0.000797604407589475,0,,CONSUMER DISCRETIONARY,UNITED STATES,AVUV,2026-07-28,,,,,,,,,,,,,,,,,,,,,,
PEDEVCO CORP COMMON STOCK USD.001,PED,COMMON STOCK,70532Y402,US70532Y4026,BSHX2B2,19039.0,218948.5,0.0007237033599189087,0,,ENERGY,UNITED STATES,AVUV,2026-07-28,,,,,,,,,,,,,,,,,,,,,,
HANOVER BANCORP INC COMMON STOCK,HNVR,COMMON STOCK,410709109,US4107091096,BQB4DZ8,8199.0,207106.74,0.0006845620938250404,0,,FINANCIALS,UNITED STATES,AVUV,2026-07-28,,,,,,,,,,,,,,,,,,,,,,
FINWARD BANCORP COMMON STOCK,FNWD,COMMON STOCK,31812F109,US31812F1093,BN0TRH3,4543.0,200982.32,0.0006643186880398691,0,,FINANCIALS,UNITED STATES,AVUV,2026-07-28,,,,,,,,,,,,,,,,,,,,,,
VITAL FARMS INC COMMON STOCK USD.0001,VITL,COMMON STOCK,92847W103,US92847W1036,BL6JSP8,14987.0,199177.23,0.0006583522178518752,0,,CONSUMER STAPLES,UNITED STATES,AVUV,2026-07-28,,,,,,,,,,,,,,,,,,,,,,
AMTECH SYSTEMS INC COMMON STOCK USD.01,ASYS,COMMON STOCK,032332504,US0323325045,2400619,11848.0,182577.68,0.000603484748523965,0,,INFORMATION TECHNOLOGY,UNITED STATES,AVUV,2026-07-28,,,,,,,,,,,,,,,,,,,,,,
DULUTH HOLDINGS INC   CL B COMMON STOCK,DLTH,COMMON STOCK,26443V101,US26443V1017,BYP97Q4,41918.0,178989.86,0.0005916257159716329,0,,CONSUMER DISCRETIONARY,UNITED STATES,AVUV,2026-07-28,,,,,,,,,,,,,,,,,,,,,,
LAKELAND INDUSTRIES INC COMMON STOCK USD.01,LAKE,COMMON STOCK,511795106,US5117951062,2500951,15765.0,169789.05,0.0005612137373055289,0,,CONSUMER DISCRETIONARY,UNITED STATES,AVUV,2026-07-28,,,,,,,,,,,,,,,,,,,,,,
RICHARDSON ELEC LTD COMMON STOCK USD.05,RELL,COMMON STOCK,763165107,US7631651079,2736109,8900.0,164472.0,0.0005436389790867841,0,,INFORMATION TECHNOLOGY,UNITED STATES,AVUV,2026-07-28,,,,,,,,,,,,,,,,,,,,,,
ONE GROUP HOSPITALITY INC/TH COMMON STOCK USD.0001,STKS,COMMON STOCK,88338K103,US88338K1034,BNKH4B0,85936.0,158122.24,0.0005226507437406699,0,,CONSUMER DISCRETIONARY,UNITED STATES,AVUV,2026-07-28,,,,,,,,,,,,,,,,,,,,,,
FUNKO INC CLASS A COMMON STOCK USD.0001,FNKO,COMMON STOCK,361008105,US3610081057,BF329J9,25650.0,156978.0,0.0005188686199419062,0,,CONSUMER DISCRETIONARY,UNITED STATES,AVUV,2026-07-28,,,,,,,,,,,,,,,,,,,,,,
UNIFI INC COMMON STOCK USD.1,UFI,COMMON STOCK,904677200,US9046772003,2911865,23563.0,153630.76,0.0005078047906192346,0,,CONSUMER DISCRETIONARY,UNITED STATES,AVUV,2026-07-28,,,,,,,,,,,,,,,,,,,,,,
CHAIN BRIDGE BANCORP INC A COMMON STOCK USD.01,CBNA,COMMON STOCK,15746L100,US15746L1008,BSVLTH7,2844.0,126842.4,0.0004192596480915749,0,,FINANCIALS,UNITED STATES,AVUV,2026-07-28,,,,,,,,,,,,,,,,,,,,,,
PAYSIGN INC COMMON STOCK,PAYS,COMMON STOCK,70451A104,US70451A1043,BJRFDF6,12819.0,113960.91,0.00037668170125128227,0,,FINANCIALS,UNITED STATES,AVUV,2026-07-28,,,,,,,,,,,,,,,,,,,,,,
VALHI INC COMMON STOCK USD.01,VHI,COMMON STOCK,918905209,US9189052098,BMG4NS8,7411.0,100937.82,0.0003336357155992849,0,,MATERIALS,UNITED STATES,AVUV,2026-07-28,,,,,,,,,,,,,,,,,,,,,,
FIRST WESTERN FINANCIAL INC COMMON STOCK,MYFW,COMMON STOCK,33751L105,US33751L1052,BDD1B52,3274.0,100740.98,0.00033298508876527394,0,,FINANCIALS,UNITED STATES,AVUV,2026-07-28,,,,,,,,,,,,,,,,,,,,,,
AMREP CORP COMMON STOCK USD.1,AXR,COMMON STOCK,032159105,US0321591051,2031804,4124.0,95223.16,0.0003147467136522782,0,,REAL ESTATE,UNITED STATES,AVUV,2026-07-28,,,,,,,,,,,,,,,,,,,,,,
EASTERN CO/THE COMMON STOCK,EML,COMMON STOCK,276317104,US2763171046,2300087,3874.0,93479.62,0.000308983688300869,0,,INDUSTRIALS,UNITED STATES,AVUV,2026-07-28,,,,,,,,,,,,,,,,,,,,,,
NCS MULTISTAGE HOLDINGS INC COMMON STOCK USD.01,NCSM,COMMON STOCK,628877201,US6288772014,BLGZCF4,1868.0,85928.0,0.0002840228743796463,0,,ENERGY,UNITED STATES,AVUV,2026-07-28,,,,,,,,,,,,,,,,,,,,,,
VINCE HOLDING CORP COMMON STOCK USD.001,VNCE,COMMON STOCK,92719W207,US92719W2070,BF7JLM3,13649.0,82576.45,0.0002729447989603755,0,,CONSUMER DISCRETIONARY,UNITED STATES,AVUV,2026-07-28,,,,,,,,,,,,,,,,,,,,,,
SERES THERAPEUTICS INC COMMON STOCK USD.001,MCRB,COMMON STOCK,81750R201,US81750R2013,BPJMTC6,16405.0,79564.25,0.00026298839706336436,0,,HEALTH CARE,UNITED STATES,AVUV,2026-07-28,,,,,,,,,,,,,,,,,,,,,,
OMEGA FLEX INC COMMON STOCK USD.01,OFLX,COMMON STOCK,682095104,US6820951043,B0FPH75,2035.0,61436.65,0.00020307017416041685,0,,INDUSTRIALS,UNITED STATES,AVUV,2026-07-28,,,,,,,,,,,,,,,,,,,,,,
HF FOODS GROUP INC COMMON STOCK USD.0001,HFFG,COMMON STOCK,40417F109,US40417F1093,BYZLWZ4,38022.0,58363.77,0.00019291320308901136,0,,CONSUMER STAPLES,UNITED STATES,AVUV,2026-07-28,,,,,,,,,,,,,,,,,,,,,,
WESTERN NEW ENGLAND BANCORP COMMON STOCK USD.01,WNEB,COMMON STOCK,958892101,US9588921018,BZCNLM0,3560.0,51264.0,0.00016944591555951712,0,,FINANCIALS,UNITED STATES,AVUV,2026-07-28,,,,,,,,,,,,,,,,,,,,,,
FIDELITY D+D BANCORP INC COMMON STOCK,FDBC,COMMON STOCK,31609R100,US31609R1005,2610913,711.0,36659.16,0.00012117167856278926,0,,FINANCIALS,UNITED STATES,AVUV,2026-07-28,,,,,,,,,,,,,,,,,,,,,,
TILE SHOP HLDGS INC COMMON STOCK USD.0001,TTSH,COMMON STOCK,88677Q208,US88677Q2084,BVFDHJ8,12384.0,35418.24,0.00011706999267140121,0,,CONSUMER DISCRETIONARY,UNITED STATES,AVUV,2026-07-28,,,,,,,,,,,,,,,,,,,,,,
JOINT CORP/THE COMMON STOCK USD.001,JYNT,COMMON STOCK,47973J102,US47973J1025,BRK0127,4120.0,35308.4,0.00011670693205644613,0,,HEALTH CARE,UNITED STATES,AVUV,2026-07-28,,,,,,,,,,,,,,,,,,,,,,
GEN DIGITAL INC RIGHT,GENVR,RIGHTS,668771116,US6687711167,BN12P88,21590.0,30657.8,0.00010133503023643424,0,,INFORMATION TECHNOLOGY,UNITED STATES,AVUV,2026-07-28,,,,,,,,,,,,,,,,,,,,,,
TEAM INC COMMON STOCK USD.3,TISI,COMMON STOCK,878155308,US8781553081,BQZBQP6,1115.0,18955.0,6.265307680693365e-05,0,,INDUSTRIALS,UNITED STATES,AVUV,2026-07-28,,,,,,,,,,,,,,,,,,,,,,
SIEBERT FINANCIAL CORP COMMON STOCK USD.01,SIEB,COMMON STOCK,826176109,US8261761097,2799384,8384.0,13917.44,4.600213333030287e-05,0,,FINANCIALS,UNITED STATES,AVUV,2026-07-28,,,,,,,,,,,,,,,,,,,,,,
ATEGRITY SPECIALTY HOLDINGS COMMON STOCK,ASIC,COMMON STOCK,04681Y103,US04681Y1038,BRQQ033,463.0,11584.26,3.829013619263991e-05,0,,FINANCIALS,UNITED STATES,AVUV,2026-07-28,,,,,,,,,,,,,,,,,,,,,,
XBIOTECH INC COMMON STOCK,XBIT,COMMON STOCK,98400H102,CA98400H1029,BWD1LM2,2971.0,6714.46,2.2193699714960898e-05,0,,HEALTH CARE,UNITED STATES,AVUV,2026-07-28,,,,,,,,,,,,,,,,,,,,,,
UNITED STATES LIME + MINERAL COMMON STOCK USD.1,USLM,COMMON STOCK,911922102,US9119221029,2724115,52.0,5952.96,1.9676668958512468e-05,0,,MATERIALS,UNITED STATES,AVUV,2026-07-28,,,,,,,,,,,,,,,,,,,,,,
PAMT CORP COMMON STOCK USD.01,PAMT,COMMON STOCK,693149106,US6931491061,2669090,247.0,4201.47,1.3887366004327494e-05,0,,INDUSTRIALS,UNITED STATES,AVUV,2026-07-28,,,,,,,,,,,,,,,,,,,,,,
CANTERBURY PARK HOLDING CORP COMMON STOCK USD.01,CPHC,COMMON STOCK,13811E101,US13811E1010,2586865,118.0,1829.0,6.045501317851843e-06,0,,CONSUMER DISCRETIONARY,UNITED STATES,AVUV,2026-07-28,,,,,,,,,,,,,,,,,,,,,,
RADIANT LOGISTICS INC COMMON STOCK USD.001,RLGT,COMMON STOCK,75025X100,US75025X1000,B065G33,205.0,1816.3,6.003523260587371e-06,0,,INDUSTRIALS,UNITED STATES,AVUV,2026-07-28,,,,,,,,,,,,,,,,,,,,,,
FIGS INC CLASS A COMMON STOCK USD.0001,FIGS,COMMON STOCK,30260D103,US30260D1037,BMXXBD9,172.0,1707.96,5.6454206838918714e-06,0,,CONSUMER DISCRETIONARY,UNITED STATES,AVUV,2026-07-28,,,,,,,,,,,,,,,,,,,,,,
CONTRA CARGO THERAPEUT COMMON STOCK,OTHER,RIGHTS,141CVR019,US141CVR0196,,54092.0,540.92,1.7879347035825141e-06,0,,HEALTH CARE,UNITED STATES,AVUV,2026-07-28,,,,,,,,,,,,,,,,,,,,,,
OMNIAB INC   12.5 EARNOUT COMMON STOCK,2200963D,COMMON STOCK,68218J202,US68218J2024,BP0VHM8,21075.0,198.11,6.548246397373585e-07,0,,HEALTH CARE,UNITED STATES,AVUV,2026-07-28,,,,,,,,,,,,,,,,,,,,,,
OMNIAB INC   15.00 EARNOUT COMMON STOCK,2200964D,COMMON STOCK,68218J301,US68218J3014,BP0VHL7,21075.0,99.05,3.273957930744806e-07,0,,HEALTH CARE,UNITED STATES,AVUV,2026-07-28,,,,,,,,,,,,,,,,,,,,,,
PENGUIN SOLUTIONS INC COMMON STOCK USD.01,PENG,COMMON STOCK,706915105,US7069151055,BRJHSZ1,1.0,52.49,1.7349828549701652e-07,0,,INFORMATION TECHNOLOGY,UNITED STATES,AVUV,2026-07-28,,,,,,,,,,,,,,,,,,,,,,
CVB FINANCIAL CORP COMMON STOCK,CVBF,COMMON STOCK,126600105,US1266001056,2160645,1.0,22.5,7.437057389374874e-08,0,,FINANCIALS,UNITED STATES,AVUV,2026-07-28,,,,,,,,,,,,,,,,,,,,,,
APPLE INC COMMON STOCK USD.00001,AAPL,COMMON STOCK,037833100,US0378331005,2046251,1706754.0,575022490.14,3.243208067085282,0,,INFORMATION TECHNOLOGY,UNITED STATES,AVLV,2026-07-28,,,,,,,,,,,,,,,,,,,,,,
MICRON TECHNOLOGY INC COMMON STOCK USD.1,MU,COMMON STOCK,595112103,US5951121038,2588184,552434.0,497301086.8,2.804848373995527,0,,INFORMATION TECHNOLOGY,UNITED STATES,AVLV,2026-07-28,,,,,,,,,,,,,,,,,,,,,,
AMAZON.COM INC COMMON STOCK USD.01,AMZN,COMMON STOCK,023135106,US0231351067,2000019,2000871.0,462981540.69,2.6112812862533454,0,,CONSUMER DISCRETIONARY,UNITED STATES,AVLV,2026-07-28,,,,,,,,,,,,,,,,,,,,,,
JPMORGAN CHASE + CO COMMON STOCK USD1.0,JPM,COMMON STOCK,46625H100,US46625H1005,2190385,1220177.0,434627047.4,2.4513579389876505,0,,FINANCIALS,UNITED STATES,AVLV,2026-07-28,,,,,,,,,,,,,,,,,,,,,,
EXXONMOBIL HOLDINGS CORP COMMON STOCK,XOM,COMMON STOCK,30233Q108,US30233Q1085,BVSRPD7,2800348.0,433409859.96,2.4444928298966975,0,,ENERGY,UNITED STATES,AVLV,2026-07-28,,,,,,,,,,,,,,,,,,,,,,
META PLATFORMS INC CLASS A COMMON STOCK USD.000006,META,COMMON STOCK,30303M102,US30303M1027,B7TL820,725751.0,431001746.37,2.4309107290998324,0,,COMMUNICATION SERVICES,UNITED STATES,AVLV,2026-07-28,,,,,,,,,,,,,,,,,,,,,,
COSTCO WHOLESALE CORP COMMON STOCK USD.005,COST,COMMON STOCK,22160K105,US22160K1051,2701271,429977.0,409157513.66,2.307706171088351,0,,CONSUMER STAPLES,UNITED STATES,AVLV,2026-07-28,,,,,,,,,,,,,,,,,,,,,,
MICROSOFT CORP COMMON STOCK USD.00000625,MSFT,COMMON STOCK,594918104,US5949181045,2588173,924560.0,359746296.0,2.0290199240853815,0,,INFORMATION TECHNOLOGY,UNITED STATES,AVLV,2026-07-28,,,,,,,,,,,,,,,,,,,,,,
UNION PACIFIC CORP COMMON STOCK USD2.5,UNP,COMMON STOCK,907818108,US9078181081,2914734,1058531.0,316818328.3,1.7869001226245382,0,,INDUSTRIALS,UNITED STATES,AVLV,2026-07-28,,,,,,,,,,,,,,,,,,,,,,
VERIZON COMMUNICATIONS INC COMMON STOCK USD.1,VZ,COMMON STOCK,92343V104,US92343V1044,2090571,6436221.0,304561977.72,1.717772574127429,0,,COMMUNICATION SERVICES,UNITED STATES,AVLV,2026-07-28,,,,,,,,,,,,,,,,,,,,,,
QUALCOMM INC COMMON STOCK USD.0001,QCOM,COMMON STOCK,747525103,US7475251036,2714923,1736399.0,295257285.96,1.665292798300875,0,,INFORMATION TECHNOLOGY,UNITED STATES,AVLV,2026-07-28,,,,,,,,,,,,,,,,,,,,,,
MORGAN STANLEY COMMON STOCK USD.01,MS,COMMON STOCK,617446448,US6174464486,2262314,1305499.0,280107865.44,1.579847926692168,0,,FINANCIALS,UNITED STATES,AVLV,2026-07-28,,,,,,,,,,,,,,,,,,,,,,
TJX COMPANIES INC COMMON STOCK USD1.0,TJX,COMMON STOCK,872540109,US8725401090,2989301,1698725.0,265646615.5,1.4982844343596757,0,,CONSUMER DISCRETIONARY,UNITED STATES,AVLV,2026-07-28,,,,,,,,,,,,,,,,,,,,,,
NETFLIX INC COMMON STOCK USD.001,NFLX,COMMON STOCK,64110L106,US64110L1061,2857817,3662842.0,257864076.8,1.4543898167976772,0,,COMMUNICATION SERVICES,UNITED STATES,AVLV,2026-07-28,,,,,,,,,,,,,,,,,,,,,,
GOLDMAN SACHS GROUP INC COMMON STOCK USD.01,GS,COMMON STOCK,38141G104,US38141G1040,2407966,238699.0,250211452.77,1.4112279363250995,0,,FINANCIALS,UNITED STATES,AVLV,2026-07-28,,,,,,,,,,,,,,,,,,,,,,
CONOCOPHILLIPS COMMON STOCK USD.01,COP,COMMON STOCK,20825C104,US20825C1045,2685717,1992629.0,230308059.82,1.2989699887062294,0,,ENERGY,UNITED STATES,AVLV,2026-07-28,,,,,,,,,,,,,,,,,,,,,,
MERCK + CO. INC. COMMON STOCK USD.5,MRK,COMMON STOCK,58933Y105,US58933Y1055,2778844,1761004.0,230268883.04,1.2987490261332568,0,,HEALTH CARE,UNITED STATES,AVLV,2026-07-28,,,,,,,,,,,,,,,,,,,,,,
DEERE + CO COMMON STOCK USD1.0,DE,COMMON STOCK,244199105,US2441991054,2261203,357603.0,223509027.06,1.26062248356736,0,,INDUSTRIALS,UNITED STATES,AVLV,2026-07-28,,,,,,,,,,,,,,,,,,,,,,
TRAVELERS COS INC/THE COMMON STOCK,TRV,COMMON STOCK,89417E109,US89417E1091,2769503,535375.0,208983631.25,1.1786971994673778,0,,FINANCIALS,UNITED STATES,AVLV,2026-07-28,,,,,,,,,,,,,,,,,,,,,,
PROGRESSIVE CORP COMMON STOCK USD1.0,PGR,COMMON STOCK,743315103,US7433151039,2705024,953799.0,205791672.24,1.1606940997824993,0,,FINANCIALS,UNITED STATES,AVLV,2026-07-28,,,,,,,,,,,,,,,,,,,,,,
WELLS FARGO + CO COMMON STOCK USD1.666,WFC,COMMON STOCK,949746101,US9497461015,2649100,2342474.0,204427705.98,1.153001137414041,0,,FINANCIALS,UNITED STATES,AVLV,2026-07-28,,,,,,,,,,,,,,,,,,,,,,
CSX CORP COMMON STOCK USD1.0,CSX,COMMON STOCK,126408103,US1264081035,2160753,3903943.0,202224247.4,1.1405733197813699,0,,INDUSTRIALS,UNITED STATES,AVLV,2026-07-28,,,,,,,,,,,,,,,,,,,,,,
CHUBB LTD COMMON STOCK,CB,COMMON STOCK,H1467J104,CH0044328745,B3BQMF6,560467.0,201157210.97,1.1345550835958473,0,,FINANCIALS,UNITED STATES,AVLV,2026-07-28,,,,,,,,,,,,,,,,,,,,,,
GENERAL MOTORS CO COMMON STOCK USD.01,GM,COMMON STOCK,37045V100,US37045V1008,B665KZ5,2221501.0,193359447.04,1.0905745935860645,0,,CONSUMER DISCRETIONARY,UNITED STATES,AVLV,2026-07-28,,,,,,,,,,,,,,,,,,,,,,
AMERICAN EXPRESS CO COMMON STOCK USD.2,AXP,COMMON STOCK,025816109,US0258161092,2026082,565758.0,189749575.62,1.0702144088780994,0,,FINANCIALS,UNITED STATES,AVLV,2026-07-28,,,,,,,,,,,,,,,,,,,,,,
EOG RESOURCES INC COMMON STOCK USD.01,EOG,COMMON STOCK,26875P101,US26875P1012,2318024,1279002.0,179456770.62,1.012161534805629,0,,ENERGY,UNITED STATES,AVLV,2026-07-28,,,,,,,,,,,,,,,,,,,,,,
UNITED PARCEL SERVICE CL B COMMON STOCK USD.01,UPS,COMMON STOCK,911312106,US9113121068,2517382,1555138.0,175652837.1,0.9907068124421323,0,,INDUSTRIALS,UNITED STATES,AVLV,2026-07-28,,,,,,,,,,,,,,,,,,,,,,
ROSS STORES INC COMMON STOCK USD.01,ROST,COMMON STOCK,778296103,US7782961038,2746711,718706.0,174897105.1,0.9864443772139767,0,,CONSUMER DISCRETIONARY,UNITED STATES,AVLV,2026-07-28,,,,,,,,,,,,,,,,,,,,,,
ALLSTATE CORP COMMON STOCK USD.01,ALL,COMMON STOCK,020002101,US0200021014,2019952,661582.0,172851529.14,0.974907039859237,0,,FINANCIALS,UNITED STATES,AVLV,2026-07-28,,,,,,,,,,,,,,,,,,,,,,
TARGET CORP COMMON STOCK USD.0833,TGT,COMMON STOCK,87612E106,US87612E1064,2259101,1228241.0,172371341.94,0.9721987162241529,0,,CONSUMER STAPLES,UNITED STATES,AVLV,2026-07-28,,,,,,,,,,,,,,,,,,,,,,
SCHWAB (CHARLES) CORP COMMON STOCK USD.01,SCHW,COMMON STOCK,808513105,US8085131055,2779397,1631390.0,169958210.2,0.9585883123524674,0,,FINANCIALS,UNITED STATES,AVLV,2026-07-28,,,,,,,,,,,,,,,,,,,,,,
WILLIAMS COS INC COMMON STOCK USD1.0,WMB,COMMON STOCK,969457100,US9694571004,2967181,2297966.0,162673013.14,0.9174987718902408,0,,ENERGY,UNITED STATES,AVLV,2026-07-28,,,,,,,,,,,,,,,,,,,,,,
TARGA RESOURCES CORP COMMON STOCK USD.001,TRGP,COMMON STOCK,87612G101,US87612G1013,B55PZY3,569722.0,152480396.08,0.860010971951051,0,,ENERGY,UNITED STATES,AVLV,2026-07-28,,,,,,,,,,,,,,,,,,,,,,
ROYAL CARIBBEAN CRUISES LTD COMMON STOCK USD.01,RCL,COMMON STOCK,V7780T103,LR0008862868,2754907,496473.0,151444123.92,0.8541662505938226,0,,CONSUMER DISCRETIONARY,UNITED STATES,AVLV,2026-07-28,,,,,,,,,,,,,,,,,,,,,,
DELTA AIR LINES INC COMMON STOCK USD.0001,DAL,COMMON STOCK,247361702,US2473617023,B1W9D46,1703760.0,147664879.2,0.8328507765496521,0,,INDUSTRIALS,UNITED STATES,AVLV,2026-07-28,,,,,,,,,,,,,,,,,,,,,,
MARATHON PETROLEUM CORP COMMON STOCK USD.01,MPC,COMMON STOCK,56585A102,US56585A1025,B3K3L40,460303.0,143775642.05,0.8109149296637039,0,,ENERGY,UNITED STATES,AVLV,2026-07-28,,,,,,,,,,,,,,,,,,,,,,
WW GRAINGER INC COMMON STOCK USD.5,GWW,COMMON STOCK,384802104,US3848021040,2380863,102698.0,143669367.1,0.810315523934225,0,,INDUSTRIALS,UNITED STATES,AVLV,2026-07-28,,,,,,,,,,,,,,,,,,,,,,
AMERIPRISE FINANCIAL INC COMMON STOCK USD.01,AMP,COMMON STOCK,03076C106,US03076C1062,B0J7D57,260175.0,139976751.75,0.7894886517733688,0,,FINANCIALS,UNITED STATES,AVLV,2026-07-28,,,,,,,,,,,,,,,,,,,,,,
GILEAD SCIENCES INC COMMON STOCK USD.001,GILD,COMMON STOCK,375558103,US3755581036,2369174,1060015.0,138353157.8,0.7803313525605523,0,,HEALTH CARE,UNITED STATES,AVLV,2026-07-28,,,,,,,,,,,,,,,,,,,,,,
ELI LILLY + CO COMMON STOCK,LLY,COMMON STOCK,532457108,US5324571083,2516152,104983.0,125720291.99,0.7090802049829632,0,,HEALTH CARE,UNITED STATES,AVLV,2026-07-28,,,,,,,,,,,,,,,,,,,,,,
FLEX LTD COMMON STOCK,FLEX,COMMON STOCK,Y2573F102,SG9999000020,2353058,1079506.0,125298261.42,0.7066998929557808,0,,INFORMATION TECHNOLOGY,UNITED STATES,AVLV,2026-07-28,,,,,,,,,,,,,,,,,,,,,,
CHENIERE ENERGY INC COMMON STOCK USD.003,LNG,COMMON STOCK,16411R208,US16411R2085,2654364,481285.0,123151205.8,0.6945901959845033,0,,ENERGY,UNITED STATES,AVLV,2026-07-28,,,,,,,,,,,,,,,,,,,,,,
METLIFE INC COMMON STOCK USD.01,MET,COMMON STOCK,59156R108,US59156R1086,2573209,1228780.0,116967568.2,0.6597136064734234,0,,FINANCIALS,UNITED STATES,AVLV,2026-07-28,,,,,,,,,,,,,,,,,,,,,,
UNITED AIRLINES HOLDINGS INC COMMON STOCK USD.01,UAL,COMMON STOCK,910047109,US9100471096,B4QG225,968092.0,116722852.44,0.658333375020595,0,,INDUSTRIALS,UNITED STATES,AVLV,2026-07-28,,,,,,,,,,,,,,,,,,,,,,
HARTFORD INSURANCE GROUP INC COMMON STOCK USD.01,HIG,COMMON STOCK,416515104,US4165151048,2476193,824766.0,115582707.24,0.6519027950455608,0,,FINANCIALS,UNITED STATES,AVLV,2026-07-28,,,,,,,,,,,,,,,,,,,,,,
T MOBILE US INC COMMON STOCK USD.0001,TMUS,COMMON STOCK,872590104,US8725901040,B94Q9V0,615697.0,109107665.37,0.6153826442904379,0,,COMMUNICATION SERVICES,UNITED STATES,AVLV,2026-07-28,,,,,,,,,,,,,,,,,,,,,,
OCCIDENTAL PETROLEUM CORP COMMON STOCK USD.2,OXY,COMMON STOCK,674599105,US6745991058,2655408,1977543.0,108626436.99,0.6126684482530856,0,,ENERGY,UNITED STATES,AVLV,2026-07-28,,,,,,,,,,,,,,,,,,,,,,
CENTENE CORP COMMON STOCK USD.001,CNC,COMMON STOCK,15135B101,US15135B1017,2807061,1682180.0,107794094.4,0.6079739184759818,0,,HEALTH CARE,UNITED STATES,AVLV,2026-07-28,,,,,,,,,,,,,,,,,,,,,,
AMERICAN INTERNATIONAL GROUP COMMON STOCK USD2.5,AIG,COMMON STOCK,026874784,US0268747849,2027342,1324581.0,104853831.96,0.5913904229983802,0,,FINANCIALS,UNITED STATES,AVLV,2026-07-28,,,,,,,,,,,,,,,,,,,,,,
DEVON ENERGY CORP COMMON STOCK USD.1,DVN,COMMON STOCK,25179M103,US25179M1036,2480677,2353061.0,101558112.76,0.5728021011856361,0,,ENERGY,UNITED STATES,AVLV,2026-07-28,,,,,,,,,,,,,,,,,,,,,,
TECHNIPFMC PLC COMMON STOCK USD1.0,FTI,COMMON STOCK,G87110105,GB00BDSFG982,BDSFG98,1350223.0,101320733.92,0.5714632509979575,0,,ENERGY,UNITED STATES,AVLV,2026-07-28,,,,,,,,,,,,,,,,,,,,,,
ARCH CAPITAL GROUP LTD COMMON STOCK USD.01,ACGL,COMMON STOCK,G0450A105,BMG0450A1053,2740542,942165.0,97872100.2,0.5520124696930329,0,,FINANCIALS,UNITED STATES,AVLV,2026-07-28,,,,,,,,,,,,,,,,,,,,,,
NORFOLK SOUTHERN CORP COMMON STOCK USD1.0,NSC,COMMON STOCK,655844108,US6558441084,2641894,282664.0,97052684.4,0.5473908488374554,0,,INDUSTRIALS,UNITED STATES,AVLV,2026-07-28,,,,,,,,,,,,,,,,,,,,,,
KROGER CO COMMON STOCK USD1.0,KR,COMMON STOCK,501044101,US5010441013,2497406,1662896.0,96414710.08,0.5437925835579295,0,,CONSUMER STAPLES,UNITED STATES,AVLV,2026-07-28,,,,,,,,,,,,,,,,,,,,,,
CARNIVAL CORP LTD COMMON STOCK USD.01,CCL,COMMON STOCK,G2004J103,BMG2004J1036,BVV7RC7,3524420.0,95582270.4,0.5390975061795116,0,,CONSUMER DISCRETIONARY,UNITED STATES,AVLV,2026-07-28,,,,,,,,,,,,,,,,,,,,,,
COMCAST CORP CLASS A COMMON STOCK USD.01,CMCSA,COMMON STOCK,20030N101,US20030N1019,2044545,4142908.0,94458302.4,0.5327581678975285,0,,COMMUNICATION SERVICES,UNITED STATES,AVLV,2026-07-28,,,,,,,,,,,,,,,,,,,,,,
PRUDENTIAL FINANCIAL INC COMMON STOCK USD.01,PRU,COMMON STOCK,744320102,US7443201022,2819118,767262.0,93521565.18,0.5274748376613436,0,,FINANCIALS,UNITED STATES,AVLV,2026-07-28,,,,,,,,,,,,,,,,,,,,,,
ON SEMICONDUCTOR COMMON STOCK USD.01,ON,COMMON STOCK,682189105,US6821891057,2583576,1045252.0,93069238.08,0.5249236489255358,0,,INFORMATION TECHNOLOGY,UNITED STATES,AVLV,2026-07-28,,,,,,,,,,,,,,,,,,,,,,
NORTHERN TRUST CORP COMMON STOCK USD1.666666,NTRS,COMMON STOCK,665859104,US6658591044,2648668,492539.0,89898218.28,0.5070386493427486,0,,FINANCIALS,UNITED STATES,AVLV,2026-07-28,,,,,,,,,,,,,,,,,,,,,,
DIAMONDBACK ENERGY INC COMMON STOCK USD.01,FANG,COMMON STOCK,25278X109,US25278X1090,B7Y8YR3,458073.0,89690693.4,0.5058681797063819,0,,ENERGY,UNITED STATES,AVLV,2026-07-28,,,,,,,,,,,,,,,,,,,,,,
CHIPOTLE MEXICAN GRILL INC COMMON STOCK USD.01,CMG,COMMON STOCK,169656105,US1696561059,B0X7DZ3,2652075.0,88048890.0,0.496608176623456,0,,CONSUMER DISCRETIONARY,UNITED STATES,AVLV,2026-07-28,,,,,,,,,,,,,,,,,,,,,,
WILLIAMS SONOMA INC COMMON STOCK USD.01,WSM,COMMON STOCK,969904101,US9699041011,2967589,369998.0,86723831.22,0.4891346579379314,0,,CONSUMER DISCRETIONARY,UNITED STATES,AVLV,2026-07-28,,,,,,,,,,,,,,,,,,,,,,
CATERPILLAR INC COMMON STOCK USD1.0,CAT,COMMON STOCK,149123101,US1491231015,2180201,98361.0,85896694.08,0.48446948763410425,0,,INDUSTRIALS,UNITED STATES,AVLV,2026-07-28,,,,,,,,,,,,,,,,,,,,,,
FREEPORT MCMORAN INC COMMON STOCK USD.1,FCX,COMMON STOCK,35671D857,US35671D8570,2352118,1339059.0,83985780.48,0.4736916650110029,0,,MATERIALS,UNITED STATES,AVLV,2026-07-28,,,,,,,,,,,,,,,,,,,,,,
KLA CORP COMMON STOCK USD.001,KLAC,COMMON STOCK,482480100,US4824801009,2480138,404228.0,82203806.08,0.46364107768873597,0,,INFORMATION TECHNOLOGY,UNITED STATES,AVLV,2026-07-28,,,,,,,,,,,,,,,,,,,,,,
SYNCHRONY FINANCIAL COMMON STOCK USD.001,SYF,COMMON STOCK,87165B103,US87165B1035,BP96PS6,1087133.0,81871986.23,0.46176956686473847,0,,FINANCIALS,UNITED STATES,AVLV,2026-07-28,,,,,,,,,,,,,,,,,,,,,,
DOLLAR GENERAL CORP COMMON STOCK USD.875,DG,COMMON STOCK,256677105,US2566771059,B5B1S13,646047.0,79605911.34,0.44898858439902994,0,,CONSUMER STAPLES,UNITED STATES,AVLV,2026-07-28,,,,,,,,,,,,,,,,,,,,,,
DOLLAR TREE INC COMMON STOCK USD.01,DLTR,COMMON STOCK,256746108,US2567461080,2272476,612056.0,76837510.24,0.43337441115467246,0,,CONSUMER STAPLES,UNITED STATES,AVLV,2026-07-28,,,,,,,,,,,,,,,,,,,,,,
HUNT (JB) TRANSPRT SVCS INC COMMON STOCK USD.01,JBHT,COMMON STOCK,445658107,US4456581077,2445416,271418.0,76257601.28,0.4301036427073564,0,,INDUSTRIALS,UNITED STATES,AVLV,2026-07-28,,,,,,,,,,,,,,,,,,,,,,
ATI INC COMMON STOCK USD.1,ATI,COMMON STOCK,01741R102,US01741R1023,2526117,389007.0,74938308.48,0.4226626449634842,0,,INDUSTRIALS,UNITED STATES,AVLV,2026-07-28,,,,,,,,,,,,,,,,,,,,,,
EQT CORP COMMON STOCK,EQT,COMMON STOCK,26884L109,US26884L1098,2319414,1429731.0,74346012.0,0.41932200915361434,0,,ENERGY,UNITED STATES,AVLV,2026-07-28,,,,,,,,,,,,,,,,,,,,,,
HALLIBURTON CO COMMON STOCK USD2.5,HAL,COMMON STOCK,406216101,US4062161017,2405302,2302883.0,73991630.79,0.41732324907239454,0,,ENERGY,UNITED STATES,AVLV,2026-07-28,,,,,,,,,,,,,,,,,,,,,,
FEDEX CORP COMMON STOCK USD.1,FDX,COMMON STOCK,31428X106,US31428X1063,2142784,236339.0,73451797.81,0.41427851481306416,0,,INDUSTRIALS,UNITED STATES,AVLV,2026-07-28,,,,,,,,,,,,,,,,,,,,,,
BURLINGTON STORES INC COMMON STOCK USD.0001,BURL,COMMON STOCK,122017106,US1220171060,BF311Y5,202872.0,72630204.72,0.4096446137343415,0,,CONSUMER DISCRETIONARY,UNITED STATES,AVLV,2026-07-28,,,,,,,,,,,,,,,,,,,,,,
T ROWE PRICE GROUP INC COMMON STOCK USD.2,TROW,COMMON STOCK,74144T108,US74144T1088,2702337,598316.0,71325250.36,0.40228448681739315,0,,FINANCIALS,UNITED STATES,AVLV,2026-07-28,,,,,,,,,,,,,,,,,,,,,,
PRINCIPAL FINANCIAL GROUP COMMON STOCK USD.01,PFG,COMMON STOCK,74251V102,US74251V1026,2803014,635724.0,70749723.96,0.3990384366275195,0,,FINANCIALS,UNITED STATES,AVLV,2026-07-28,,,,,,,,,,,,,,,,,,,,,,
DEXCOM INC COMMON STOCK USD.001,DXCM,COMMON STOCK,252131107,US2521311074,B0796X4,959979.0,70433659.23,0.39725578690575375,0,,HEALTH CARE,UNITED STATES,AVLV,2026-07-28,,,,,,,,,,,,,,,,,,,,,,
OLD DOMINION FREIGHT LINE COMMON STOCK USD.1,ODFL,COMMON STOCK,679580100,US6795801009,2656423,308401.0,69936094.77,0.3944494530697084,0,,INDUSTRIALS,UNITED STATES,AVLV,2026-07-28,,,,,,,,,,,,,,,,,,,,,,
COREWEAVE INC CL A COMMON STOCK USD.0001,CRWV,COMMON STOCK,21873S108,US21873S1087,BTTRKN7,984185.0,69670456.15,0.39295121373109815,0,,INFORMATION TECHNOLOGY,UNITED STATES,AVLV,2026-07-28,,,,,,,,,,,,,,,,,,,,,,
PACKAGING CORP OF AMERICA COMMON STOCK USD.01,PKG,COMMON STOCK,695156109,US6951561090,2504566,273072.0,68915180.64,0.3886913531710223,0,,MATERIALS,UNITED STATES,AVLV,2026-07-28,,,,,,,,,,,,,,,,,,,,,,
ULTA BEAUTY INC COMMON STOCK,ULTA,COMMON STOCK,90384S303,US90384S3031,B28TS42,142072.0,68267016.72,0.3850356171082019,0,,CONSUMER DISCRETIONARY,UNITED STATES,AVLV,2026-07-28,,,,,,,,,,,,,,,,,,,,,,
CF INDUSTRIES HOLDINGS INC COMMON STOCK USD.01,CF,COMMON STOCK,125269100,US1252691001,B0G4K50,562670.0,67396612.6,0.3801264149256559,0,,MATERIALS,UNITED STATES,AVLV,2026-07-28,,,,,,,,,,,,,,,,,,,,,,
BEST BUY CO INC COMMON STOCK USD.1,BBY,COMMON STOCK,086516101,US0865161014,2094670,742342.0,65660149.9,0.3703325200199775,0,,CONSUMER DISCRETIONARY,UNITED STATES,AVLV,2026-07-28,,,,,,,,,,,,,,,,,,,,,,
SMURFIT WESTROCK PLC COMMON STOCK,SW,COMMON STOCK,G8267P108,IE00028FXN24,BRK49M5,1309721.0,65603924.89,0.37001540302171965,0,,MATERIALS,UNITED STATES,AVLV,2026-07-28,,,,,,,,,,,,,,,,,,,,,,
EXPEDITORS INTL WASH INC COMMON STOCK USD.01,EXPD,COMMON STOCK,302130109,US3021301094,2325507,380964.0,65274371.76,0.36815667681869935,0,,INDUSTRIALS,UNITED STATES,AVLV,2026-07-28,,,,,,,,,,,,,,,,,,,,,,
LYONDELLBASELL INDU CL A COMMON STOCK EUR.04,LYB,COMMON STOCK,N53745100,NL0009434992,B3SPXZ3,1010244.0,59220503.28,0.334012003474481,0,,MATERIALS,UNITED STATES,AVLV,2026-07-28,,,,,,,,,,,,,,,,,,,,,,
LPL FINANCIAL HOLDINGS INC COMMON STOCK,LPLA,COMMON STOCK,50212V100,US50212V1008,B75JX34,178128.0,59088620.16,0.33326816404901394,0,,FINANCIALS,UNITED STATES,AVLV,2026-07-28,,,,,,,,,,,,,,,,,,,,,,
PERMIAN RESOURCES CORP CL A COMMON STOCK USD.0001,PR,COMMON STOCK,71424F105,US71424F1057,BQPCHB2,2903542.0,58796725.5,0.33162183693610287,0,,ENERGY,UNITED STATES,AVLV,2026-07-28,,,,,,,,,,,,,,,,,,,,,,
EAST WEST BANCORP INC COMMON STOCK USD.001,EWBC,COMMON STOCK,27579R104,US27579R1041,2487407,437959.0,56886494.51,0.3208478643298211,0,,FINANCIALS,UNITED STATES,AVLV,2026-07-28,,,,,,,,,,,,,,,,,,,,,,
BORGWARNER INC COMMON STOCK USD.01,BWA,COMMON STOCK,099724106,US0997241064,2111955,831657.0,52959917.76,0.2987014168256043,0,,CONSUMER DISCRETIONARY,UNITED STATES,AVLV,2026-07-28,,,,,,,,,,,,,,,,,,,,,,
CUMMINS INC COMMON STOCK USD2.5,CMI,COMMON STOCK,231021106,US2310211063,2240202,80008.0,52952494.72,0.29865954983149,0,,INDUSTRIALS,UNITED STATES,AVLV,2026-07-28,,,,,,,,,,,,,,,,,,,,,,
RENAISSANCERE HOLDINGS LTD COMMON STOCK USD1.0,RNR,COMMON STOCK,G7496G103,BMG7496G1033,2728429,160956.0,52933599.72,0.298552979362546,0,,FINANCIALS,UNITED STATES,AVLV,2026-07-28,,,,,,,,,,,,,,,,,,,,,,
DECKERS OUTDOOR CORP COMMON STOCK USD.01,DECK,COMMON STOCK,243537107,US2435371073,2267278,535414.0,52326010.22,0.29512608875971663,0,,CONSUMER DISCRETIONARY,UNITED STATES,AVLV,2026-07-28,,,,,,,,,,,,,,,,,,,,,,
EXELIXIS INC COMMON STOCK USD.001,EXEL,COMMON STOCK,30161Q104,US30161Q1040,2576941,925231.0,51637142.11,0.2912407753157749,0,,HEALTH CARE,UNITED STATES,AVLV,2026-07-28,,,,,,,,,,,,,,,,,,,,,,
WALMART INC COMMON STOCK USD.1,WMT,COMMON STOCK,931142103,US9311421039,2936921,460433.0,51448783.42,0.2901784056982581,0,,CONSUMER STAPLES,UNITED STATES,AVLV,2026-07-28,,,,,,,,,,,,,,,,,,,,,,
APA CORP COMMON STOCK USD.625,APA,COMMON STOCK,03743Q108,US03743Q1085,BNNF1C1,1454489.0,50528947.86,0.2849904032118551,0,,ENERGY,UNITED STATES,AVLV,2026-07-28,,,,,,,,,,,,,,,,,,,,,,
TALEN ENERGY CORP COMMON STOCK USD.001,TLN,COMMON STOCK,87422Q109,US87422Q1094,BRRF114,139769.0,48509626.83,0.27360114737085933,0,,UTILITIES,UNITED STATES,AVLV,2026-07-28,,,,,,,,,,,,,,,,,,,,,,
TEXAS ROADHOUSE INC COMMON STOCK USD.001,TXRH,COMMON STOCK,882681109,US8826811098,B033TJ7,233035.0,46849356.4,0.26423698763024084,0,,CONSUMER DISCRETIONARY,UNITED STATES,AVLV,2026-07-28,,,,,,,,,,,,,,,,,,,,,,
TRACTOR SUPPLY COMPANY COMMON STOCK USD.008,TSCO,COMMON STOCK,892356106,US8923561067,2900335,1452467.0,46188450.6,0.26050938556441283,0,,CONSUMER DISCRETIONARY,UNITED STATES,AVLV,2026-07-28,,,,,,,,,,,,,,,,,,,,,,
SOUTHWEST AIRLINES CO COMMON STOCK USD1.0,LUV,COMMON STOCK,844741108,US8447411088,2831543,1014307.0,46029251.66,0.25961148105574966,0,,INDUSTRIALS,UNITED STATES,AVLV,2026-07-28,,,,,,,,,,,,,,,,,,,,,,
VIKING HOLDINGS LTD COMMON STOCK USD.01,VIK,COMMON STOCK,G93A5A101,BMG93A5A1010,BRDXKH1,446140.0,46014879.6,0.25953042060727693,0,,CONSUMER DISCRETIONARY,UNITED STATES,AVLV,2026-07-28,,,,,,,,,,,,,,,,,,,,,,
LULULEMON ATHLETICA INC COMMON STOCK USD.005,LULU,COMMON STOCK,550021109,US5500211090,B23FN39,378611.0,44611734.13,0.251616481960303,0,,CONSUMER DISCRETIONARY,UNITED STATES,AVLV,2026-07-28,,,,,,,,,,,,,,,,,,,,,,
OWENS CORNING COMMON STOCK USD.001,OC,COMMON STOCK,690742101,US6907421019,B1FW7Q2,308372.0,44235963.4,0.24949708196498485,0,,INDUSTRIALS,UNITED STATES,AVLV,2026-07-28,,,,,,,,,,,,,,,,,,,,,,
GLOBE LIFE INC COMMON STOCK USD1.0,GL,COMMON STOCK,37959E102,US37959E1029,BK6YKG1,253679.0,44234007.23,0.2494860488898732,0,,FINANCIALS,UNITED STATES,AVLV,2026-07-28,,,,,,,,,,,,,,,,,,,,,,
VIATRIS INC COMMON STOCK,VTRS,COMMON STOCK,92556V106,US92556V1061,BMWS3X9,2491949.0,43945520.62,0.24785894366035377,0,,HEALTH CARE,UNITED STATES,AVLV,2026-07-28,,,,,,,,,,,,,,,,,,,,,,
ASSURANT INC COMMON STOCK USD.01,AIZ,COMMON STOCK,04621X108,US04621X1081,2331430,154779.0,42853661.73,0.2417007052942255,0,,FINANCIALS,UNITED STATES,AVLV,2026-07-28,,,,,,,,,,,,,,,,,,,,,,
RYDER SYSTEM INC COMMON STOCK USD.5,R,COMMON STOCK,783549108,US7835491082,2760669,158838.0,42676593.84,0.24070201738354927,0,,INDUSTRIALS,UNITED STATES,AVLV,2026-07-28,,,,,,,,,,,,,,,,,,,,,,
BJ S WHOLESALE CLUB HOLDINGS COMMON STOCK USD.01,BJ,COMMON STOCK,05550J101,US05550J1016,BFZNZF8,449602.0,42586301.44,0.240192755493627,0,,CONSUMER STAPLES,UNITED STATES,AVLV,2026-07-28,,,,,,,,,,,,,,,,,,,,,,
RALPH LAUREN CORP COMMON STOCK USD.01,RL,COMMON STOCK,751212101,US7512121010,B4V9661,112041.0,42568857.54,0.24009436943365278,0,,CONSUMER DISCRETIONARY,UNITED STATES,AVLV,2026-07-28,,,,,,,,,,,,,,,,,,,,,,
MURPHY USA INC COMMON STOCK USD.01,MUSA,COMMON STOCK,626755102,US6267551025,BCZWJ63,66471.0,40576557.24,0.22885751432657123,0,,CONSUMER DISCRETIONARY,UNITED STATES,AVLV,2026-07-28,,,,,,,,,,,,,,,,,,,,,,
PRIMERICA INC COMMON STOCK,PRI,COMMON STOCK,74164M108,US74164M1080,B50K3X8,128337.0,40388937.27,0.22779931119419958,0,,FINANCIALS,UNITED STATES,AVLV,2026-07-28,,,,,,,,,,,,,,,,,,,,,,
ALLY FINANCIAL INC COMMON STOCK USD.01,ALLY,COMMON STOCK,02005N100,US02005N1000,B72XK05,915088.0,39971043.84,0.22544233322099377,0,,FINANCIALS,UNITED STATES,AVLV,2026-07-28,,,,,,,,,,,,,,,,,,,,,,
EVERCORE INC   A COMMON STOCK USD.01,EVR,COMMON STOCK,29977A105,US29977A1051,B1BHXZ2,116538.0,39635739.18,0.22355116757636212,0,,FINANCIALS,UNITED STATES,AVLV,2026-07-28,,,,,,,,,,,,,,,,,,,,,,
JAZZ PHARMACEUTICALS PLC COMMON STOCK USD.0001,JAZZ,COMMON STOCK,G50871105,IE00B4Q5ZN47,B4Q5ZN4,151452.0,38685384.36,0.21819103215267294,0,,HEALTH CARE,UNITED STATES,AVLV,2026-07-28,,,,,,,,,,,,,,,,,,,,,,
VIASAT INC COMMON STOCK USD.0001,VSAT,COMMON STOCK,92552V100,US92552V1008,2946243,514148.0,38494260.76,0.21711306805220887,0,,INFORMATION TECHNOLOGY,UNITED STATES,AVLV,2026-07-28,,,,,,,,,,,,,,,,,,,,,,
FIRST SOLAR INC COMMON STOCK USD.001,FSLR,COMMON STOCK,336433107,US3364331070,B1HMF22,185047.0,38088224.01,0.21482296342897494,0,,INFORMATION TECHNOLOGY,UNITED STATES,AVLV,2026-07-28,,,,,,,,,,,,,,,,,,,,,,
EXPAND ENERGY CORP COMMON STOCK USD.01,EXE,COMMON STOCK,165167735,US1651677353,BMZ5LZ5,416380.0,37686553.8,0.2125574867081206,0,,ENERGY,UNITED STATES,AVLV,2026-07-28,,,,,,,,,,,,,,,,,,,,,,
LAS VEGAS SANDS CORP COMMON STOCK USD.001,LVS,COMMON STOCK,517834107,US5178341070,B02T2J7,778078.0,37161005.28,0.2095933188208894,0,,CONSUMER DISCRETIONARY,UNITED STATES,AVLV,2026-07-28,,,,,,,,,,,,,,,,,,,,,,
NORWEGIAN CRUISE LINE HOLDIN COMMON STOCK USD.001,NCLH,COMMON STOCK,G66721104,BMG667211046,B9CGTC3,1822243.0,36499527.29,0.20586248952263875,0,,CONSUMER DISCRETIONARY,UNITED STATES,AVLV,2026-07-28,,,,,,,,,,,,,,,,,,,,,,
EVEREST GROUP LTD COMMON STOCK USD.01,EG,COMMON STOCK,G3223R108,BMG3223R1088,2556868,93153.0,36268189.02,0.2045577090029988,0,,FINANCIALS,UNITED STATES,AVLV,2026-07-28,,,,,,,,,,,,,,,,,,,,,,
OVINTIV INC COMMON STOCK,OVV,COMMON STOCK,69047Q102,US69047Q1022,BJ01KB6,598987.0,35987138.96,0.20297254696590195,0,,ENERGY,UNITED STATES,AVLV,2026-07-28,,,,,,,,,,,,,,,,,,,,,,
FIVE BELOW COMMON STOCK USD.01,FIVE,COMMON STOCK,33829M101,US33829M1018,B85KFY9,171424.0,35508767.36,0.20027446357127376,0,,CONSUMER DISCRETIONARY,UNITED STATES,AVLV,2026-07-28,,,,,,,,,,,,,,,,,,,,,,
EMCOR GROUP INC COMMON STOCK USD.01,EME,COMMON STOCK,29084Q100,US29084Q1004,2474164,47781.0,35489337.75,0.20016487782641537,0,,INDUSTRIALS,UNITED STATES,AVLV,2026-07-28,,,,,,,,,,,,,,,,,,,,,,
OSCAR HEALTH INC   CLASS A COMMON STOCK USD.00001,OSCR,COMMON STOCK,687793109,US6877931096,BKY83Q6,1239886.0,35138369.24,0.198185365855244,0,,FINANCIALS,UNITED STATES,AVLV,2026-07-28,,,,,,,,,,,,,,,,,,,,,,
JACKSON FINANCIAL INC A COMMON STOCK USD.01,JXN,COMMON STOCK,46817M107,US46817M1071,BMFX6P4,286304.0,34657099.2,0.1954709348496073,0,,FINANCIALS,UNITED STATES,AVLV,2026-07-28,,,,,,,,,,,,,,,,,,,,,,
SOLSTICE ADV MATERIALS INC COMMON STOCK,SOLS,COMMON STOCK,83443Q103,US83443Q1031,BW2K5V7,565667.0,34273763.53,0.19330886752413126,0,,MATERIALS,UNITED STATES,AVLV,2026-07-28,,,,,,,,,,,,,,,,,,,,,,
AXIS CAPITAL HOLDINGS LTD COMMON STOCK USD.0125,AXS,COMMON STOCK,G0692U109,BMG0692U1099,2677606,284204.0,33266078.2,0.18762537992603084,0,,FINANCIALS,UNITED STATES,AVLV,2026-07-28,,,,,,,,,,,,,,,,,,,,,,
TORO CO COMMON STOCK USD1.0,TTC,COMMON STOCK,891092108,US8910921084,2897040,340375.0,32196071.25,0.1815903895881183,0,,INDUSTRIALS,UNITED STATES,AVLV,2026-07-28,,,,,,,,,,,,,,,,,,,,,,
AUTOLIV INC COMMON STOCK USD1.0,ALV,COMMON STOCK,052800109,US0528001094,2064253,267879.0,32043685.98,0.18073091514069514,0,,CONSUMER DISCRETIONARY,UNITED STATES,AVLV,2026-07-28,,,,,,,,,,,,,,,,,,,,,,
ANTERO RESOURCES CORP COMMON STOCK USD.01,AR,COMMON STOCK,03674X106,US03674X1063,BFD2WR8,932775.0,31574433.75,0.17808426628099014,0,,ENERGY,UNITED STATES,AVLV,2026-07-28,,,,,,,,,,,,,,,,,,,,,,
AUTOMATIC DATA PROCESSING COMMON STOCK USD.1,ADP,COMMON STOCK,053015103,US0530151036,2065308,121802.0,31057073.96,0.17516628398762799,0,,INDUSTRIALS,UNITED STATES,AVLV,2026-07-28,,,,,,,,,,,,,,,,,,,,,,
ARGAN INC COMMON STOCK USD.15,AGX,COMMON STOCK,04010E109,US04010E1091,2804501,56944.0,30893258.88,0.17424234379732886,0,,INDUSTRIALS,UNITED STATES,AVLV,2026-07-28,,,,,,,,,,,,,,,,,,,,,,
AMERICAN FINANCIAL GROUP INC COMMON STOCK,AFG,COMMON STOCK,025932104,US0259321042,2134532,213154.0,30668597.52,0.17297522199321133,0,,FINANCIALS,UNITED STATES,AVLV,2026-07-28,,,,,,,,,,,,,,,,,,,,,,
ARCHER DANIELS MIDLAND CO COMMON STOCK,ADM,COMMON STOCK,039483102,US0394831020,2047317,364921.0,30357777.99,0.17122215594033707,0,,CONSUMER STAPLES,UNITED STATES,AVLV,2026-07-28,,,,,,,,,,,,,,,,,,,,,,
VALMONT INDUSTRIES COMMON STOCK USD1.0,VMI,COMMON STOCK,920253101,US9202531011,2926825,60992.0,30179451.52,0.17021636946068472,0,,INDUSTRIALS,UNITED STATES,AVLV,2026-07-28,,,,,,,,,,,,,,,,,,,,,,
RANGE RESOURCES CORP COMMON STOCK USD.01,RRC,COMMON STOCK,75281A109,US75281A1097,2523334,774461.0,29336582.68,0.16546247014673393,0,,ENERGY,UNITED STATES,AVLV,2026-07-28,,,,,,,,,,,,,,,,,,,,,,
SKYWORKS SOLUTIONS INC COMMON STOCK USD.25,SWKS,COMMON STOCK,83088M102,US83088M1027,2961053,454905.0,28859173.2,0.16276981324480647,0,,INFORMATION TECHNOLOGY,UNITED STATES,AVLV,2026-07-28,,,,,,,,,,,,,,,,,,,,,,
LAM RESEARCH CORP COMMON STOCK USD.001,LRCX,COMMON STOCK,512807306,US5128073062,BSML4N7,98381.0,28688883.41,0.16180935477554592,0,,INFORMATION TECHNOLOGY,UNITED STATES,AVLV,2026-07-28,,,,,,,,,,,,,,,,,,,,,,
ONEOK INC COMMON STOCK USD.01,OKE,COMMON STOCK,682680103,US6826801036,2130109,318393.0,28483437.78,0.16065061240287595,0,,ENERGY,UNITED STATES,AVLV,2026-07-28,,,,,,,,,,,,,,,,,,,,,,
FIRST CITIZENS BCSHS   CL A COMMON STOCK USD1.0,FCNCA,COMMON STOCK,31946M103,US31946M1036,2355582,13259.0,28339256.24,0.1598374081514406,0,,FINANCIALS,UNITED STATES,AVLV,2026-07-28,,,,,,,,,,,,,,,,,,,,,,
APPLIED MATERIALS INC COMMON STOCK USD.01,AMAT,COMMON STOCK,038222105,US0382221051,2046552,54130.0,27979255.7,0.1578069542552829,0,,INFORMATION TECHNOLOGY,UNITED STATES,AVLV,2026-07-28,,,,,,,,,,,,,,,,,,,,,,
COREBRIDGE FINANCIAL INC COMMON STOCK USD.01,CRBG,COMMON STOCK,21871X109,US21871X1090,BMTX0G9,879515.0,27907010.95,0.15739948366061537,0,,FINANCIALS,UNITED STATES,AVLV,2026-07-28,,,,,,,,,,,,,,,,,,,,,,
ZIONS BANCORP NA COMMON STOCK USD.001,ZION,COMMON STOCK,989701107,US9897011071,2989828,402388.0,27571625.76,0.1555078638154088,0,,FINANCIALS,UNITED STATES,AVLV,2026-07-28,,,,,,,,,,,,,,,,,,,,,,
SPROUTS FARMERS MARKET INC COMMON STOCK USD.001,SFM,COMMON STOCK,85208M102,US85208M1027,BCGCR79,356105.0,27363108.2,0.1543317953236246,0,,CONSUMER STAPLES,UNITED STATES,AVLV,2026-07-28,,,,,,,,,,,,,,,,,,,,,,
HF SINCLAIR CORP COMMON STOCK,DINO,COMMON STOCK,403949100,US4039491000,BMZQ9C1,289106.0,26245042.68,0.14802574786257477,0,,ENERGY,UNITED STATES,AVLV,2026-07-28,,,,,,,,,,,,,,,,,,,,,,
STONEX GROUP INC COMMON STOCK USD.01,SNEX,COMMON STOCK,861896108,US8618961085,BMQ8XV3,352398.0,26228983.14,0.14793516978854326,0,,FINANCIALS,UNITED STATES,AVLV,2026-07-28,,,,,,,,,,,,,,,,,,,,,,
LEAR CORP COMMON STOCK USD.01,LEA,COMMON STOCK,521865204,US5218652049,B570P91,174677.0,25328165.0,0.14285442823717637,0,,CONSUMER DISCRETIONARY,UNITED STATES,AVLV,2026-07-28,,,,,,,,,,,,,,,,,,,,,,
CHORD ENERGY CORP COMMON STOCK,CHRD,COMMON STOCK,674215207,US6742152076,BLDDYB1,191708.0,25267114.4,0.14251009422969746,0,,ENERGY,UNITED STATES,AVLV,2026-07-28,,,,,,,,,,,,,,,,,,,,,,
ENCOMPASS HEALTH CORP COMMON STOCK USD.01,EHC,COMMON STOCK,29261A100,US29261A1007,BYX2YJ7,218711.0,24906808.68,0.14047791907523272,0,,HEALTH CARE,UNITED STATES,AVLV,2026-07-28,,,,,,,,,,,,,,,,,,,,,,
NVR INC COMMON STOCK USD.01,NVR,COMMON STOCK,62944T105,US62944T1051,2637785,3910.0,24678121.4,0.1391880905136486,0,,CONSUMER DISCRETIONARY,UNITED STATES,AVLV,2026-07-28,,,,,,,,,,,,,,,,,,,,,,
PAYPAL HOLDINGS INC COMMON STOCK,PYPL,COMMON STOCK,70450Y103,US70450Y1038,BYW36M8,432288.0,24238388.16,0.13670793292714042,0,,FINANCIALS,UNITED STATES,AVLV,2026-07-28,,,,,,,,,,,,,,,,,,,,,,
AMKOR TECHNOLOGY INC COMMON STOCK USD.001,AMKR,COMMON STOCK,031652100,US0316521006,2242929,399069.0,24227478.99,0.13664640366740557,0,,INFORMATION TECHNOLOGY,UNITED STATES,AVLV,2026-07-28,,,,,,,,,,,,,,,,,,,,,,
UMB FINANCIAL CORP COMMON STOCK USD1.0,UMBF,COMMON STOCK,902788108,US9027881088,2918510,170456.0,24029182.32,0.13552798243893577,0,,FINANCIALS,UNITED STATES,AVLV,2026-07-28,,,,,,,,,,,,,,,,,,,,,,
ANTERO MIDSTREAM CORP COMMON STOCK,AM,COMMON STOCK,03676B102,US03676B1026,BJBT0Q4,1093002.0,24013253.94,0.1354381441258308,0,,ENERGY,UNITED STATES,AVLV,2026-07-28,,,,,,,,,,,,,,,,,,,,,,
FORD MOTOR CO COMMON STOCK USD.01,F,COMMON STOCK,345370860,US3453708600,2615468,1598639.0,23468020.52,0.1323629506220811,0,,CONSUMER DISCRETIONARY,UNITED STATES,AVLV,2026-07-28,,,,,,,,,,,,,,,,,,,,,,
UNIVERSAL HEALTH SERVICES B COMMON STOCK USD.01,UHS,COMMON STOCK,913903100,US9139031002,2923785,146523.0,23342579.13,0.13165544346371702,0,,HEALTH CARE,UNITED STATES,AVLV,2026-07-28,,,,,,,,,,,,,,,,,,,,,,
ENERSYS COMMON STOCK USD.01,ENS,COMMON STOCK,29275Y102,US29275Y1029,B020GQ5,121436.0,23101984.64,0.13029845655582356,0,,INDUSTRIALS,UNITED STATES,AVLV,2026-07-28,,,,,,,,,,,,,,,,,,,,,,
INTERDIGITAL INC COMMON STOCK USD.01,IDCC,COMMON STOCK,45867G101,US45867G1013,2465737,88660.0,22985991.6,0.12964423942605155,0,,INFORMATION TECHNOLOGY,UNITED STATES,AVLV,2026-07-28,,,,,,,,,,,,,,,,,,,,,,
HANOVER INSURANCE GROUP INC/ COMMON STOCK USD.01,THG,COMMON STOCK,410867105,US4108671052,2020415,102633.0,22529996.16,0.12707236073448588,0,,FINANCIALS,UNITED STATES,AVLV,2026-07-28,,,,,,,,,,,,,,,,,,,,,,
DYCOM INDUSTRIES INC COMMON STOCK USD.3333333,DY,COMMON STOCK,267475101,US2674751019,2289841,51481.0,21838755.01,0.1231736630097491,0,,INDUSTRIALS,UNITED STATES,AVLV,2026-07-28,,,,,,,,,,,,,,,,,,,,,,
VF CORP COMMON STOCK,VFC,COMMON STOCK,918204108,US9182041080,2928683,1252853.0,21448843.36,0.12097450622820709,0,,CONSUMER DISCRETIONARY,UNITED STATES,AVLV,2026-07-28,,,,,,,,,,,,,,,,,,,,,,
MUELLER INDUSTRIES INC COMMON STOCK USD.01,MLI,COMMON STOCK,624756102,US6247561029,2609717,325899.0,20912938.83,0.11795192898177559,0,,INDUSTRIALS,UNITED STATES,AVLV,2026-07-28,,,,,,,,,,,,,,,,,,,,,,
NOV INC COMMON STOCK USD.01,NOV,COMMON STOCK,62955J103,US62955J1034,BN2RYW9,998721.0,20443818.87,0.11530602614355392,0,,ENERGY,UNITED STATES,AVLV,2026-07-28,,,,,,,,,,,,,,,,,,,,,,
FLUOR CORP COMMON STOCK USD.01,FLR,COMMON STOCK,343412102,US3434121022,2696838,390495.0,20188591.5,0.1138665077255466,0,,INDUSTRIALS,UNITED STATES,AVLV,2026-07-28,,,,,,,,,,,,,,,,,,,,,,
BRINKER INTERNATIONAL INC COMMON STOCK USD.1,EAT,COMMON STOCK,109641100,US1096411004,2193544,102003.0,19935466.32,0.11243884595607642,0,,CONSUMER DISCRETIONARY,UNITED STATES,AVLV,2026-07-28,,,,,,,,,,,,,,,,,,,,,,
AGCO CORP COMMON STOCK USD.01,AGCO,COMMON STOCK,001084102,US0010841023,2010278,164926.0,19830702.24,0.11184796174681003,0,,INDUSTRIALS,UNITED STATES,AVLV,2026-07-28,,,,,,,,,,,,,,,,,,,,,,
GAP INC/THE COMMON STOCK USD.05,GAP,COMMON STOCK,364760108,US3647601083,2360326,1006637.0,19770350.68,0.11150757042367149,0,,CONSUMER DISCRETIONARY,UNITED STATES,AVLV,2026-07-28,,,,,,,,,,,,,,,,,,,,,,
ONEMAIN HOLDINGS INC COMMON STOCK USD.01,OMF,COMMON STOCK,68268W103,US68268W1036,BYSZB89,313371.0,19197107.46,0.10827439769150009,0,,FINANCIALS,UNITED STATES,AVLV,2026-07-28,,,,,,,,,,,,,,,,,,,,,,
LANDSTAR SYSTEM INC COMMON STOCK USD.01,LSTR,COMMON STOCK,515098101,US5150981018,2503994,100005.0,19163958.15,0.10808743090071572,0,,INDUSTRIALS,UNITED STATES,AVLV,2026-07-28,,,,,,,,,,,,,,,,,,,,,,
HESS MIDSTREAM LP   CLASS A COMMON STOCK,HESM,COMMON STOCK,428103105,US4281031058,BKPK695,474575.0,18892830.75,0.1065582340676079,0,,ENERGY,UNITED STATES,AVLV,2026-07-28,,,,,,,,,,,,,,,,,,,,,,
NEWMARKET CORP COMMON STOCK,NEU,COMMON STOCK,651587107,US6515871076,B01CGF1,24281.0,18818746.24,0.10614038696667177,0,,MATERIALS,UNITED STATES,AVLV,2026-07-28,,,,,,,,,,,,,,,,,,,,,,
CIRRUS LOGIC INC COMMON STOCK USD.001,CRUS,COMMON STOCK,172755100,US1727551004,2197308,137096.0,18661507.52,0.10525353837569232,0,,INFORMATION TECHNOLOGY,UNITED STATES,AVLV,2026-07-28,,,,,,,,,,,,,,,,,,,,,,
VISA INC CLASS A SHARES COMMON STOCK USD.0001,V,COMMON STOCK,92826C839,US92826C8394,B2PZN04,50841.0,18431387.73,0.10395563025536426,0,,FINANCIALS,UNITED STATES,AVLV,2026-07-28,,,,,,,,,,,,,,,,,,,,,,
VIRTU FINANCIAL INC CLASS A COMMON STOCK USD.00001,VIRT,COMMON STOCK,928254101,US9282541013,BWTVWD4,313068.0,18424051.8,0.10391425457395434,0,,FINANCIALS,UNITED STATES,AVLV,2026-07-28,,,,,,,,,,,,,,,,,,,,,,
ARMSTRONG WORLD INDUSTRIES COMMON STOCK USD.01,AWI,COMMON STOCK,04247X102,US04247X1028,B1FT462,111287.0,18386838.14,0.10370436427507511,0,,INDUSTRIALS,UNITED STATES,AVLV,2026-07-28,,,,,,,,,,,,,,,,,,,,,,
SM ENERGY CO COMMON STOCK USD.01,SM,COMMON STOCK,78454L100,US78454L1008,2764188,605742.0,18353982.6,0.10351905438858615,0,,ENERGY,UNITED STATES,AVLV,2026-07-28,,,,,,,,,,,,,,,,,,,,,,
SIMPSON MANUFACTURING CO INC COMMON STOCK USD.01,SSD,COMMON STOCK,829073105,US8290731053,2809250,94758.0,18311035.92,0.10327682904711016,0,,INDUSTRIALS,UNITED STATES,AVLV,2026-07-28,,,,,,,,,,,,,,,,,,,,,,
FEDEX FREIGHT HOLDING CO COMMON STOCK,FDXF,COMMON STOCK,314352105,US3143521058,BVSVT37,118999.0,17885549.7,0.1008770266658126,0,,INDUSTRIALS,UNITED STATES,AVLV,2026-07-28,,,,,,,,,,,,,,,,,,,,,,
ESTEE LAUDER COMPANIES CL A COMMON STOCK USD.01,EL,COMMON STOCK,518439104,US5184391044,2320524,214577.0,17852806.4,0.10069234982877767,0,,CONSUMER STAPLES,UNITED STATES,AVLV,2026-07-28,,,,,,,,,,,,,,,,,,,,,,
FOX CORP   CLASS A COMMON STOCK USD.01,FOXA,COMMON STOCK,35137L105,US35137L1052,BJJMGL2,309156.0,17510595.84,0.09876223393267847,0,,COMMUNICATION SERVICES,UNITED STATES,AVLV,2026-07-28,,,,,,,,,,,,,,,,,,,,,,
ORMAT TECHNOLOGIES INC COMMON STOCK USD.001,ORA,COMMON STOCK,686688102,US6866881021,B03L311,169886.0,17348758.32,0.09784944746011234,0,,UTILITIES,UNITED STATES,AVLV,2026-07-28,,,,,,,,,,,,,,,,,,,,,,
EAGLE MATERIALS INC COMMON STOCK USD.01,EXP,COMMON STOCK,26969P108,US26969P1084,2191399,79631.0,17255241.39,0.09732199876552093,0,,MATERIALS,UNITED STATES,AVLV,2026-07-28,,,,,,,,,,,,,,,,,,,,,,
GALAXY DIGITAL INC A COMMON STOCK USD.001,GLXY,COMMON STOCK,36317J209,US36317J2096,BV97X10,749865.0,17021935.5,0.09600612059115199,0,,FINANCIALS,UNITED STATES,AVLV,2026-07-28,,,,,,,,,,,,,,,,,,,,,,
GLOBALSTAR INC COMMON STOCK USD.0001,GSAT,COMMON STOCK,378973507,US3789735079,BRJMM32,215373.0,17020928.19,0.09600043922046811,0,,COMMUNICATION SERVICES,UNITED STATES,AVLV,2026-07-28,,,,,,,,,,,,,,,,,,,,,,
INGREDION INC COMMON STOCK USD.01,INGR,COMMON STOCK,457187102,US4571871023,B7K24P7,166385.0,16879758.25,0.0952042208184253,0,,CONSUMER STAPLES,UNITED STATES,AVLV,2026-07-28,,,,,,,,,,,,,,,,,,,,,,
LITHIA MOTORS INC COMMON STOCK,LAD,COMMON STOCK,536797103,US5367971034,2515030,48143.0,16632443.64,0.09380933148450592,0,,CONSUMER DISCRETIONARY,UNITED STATES,AVLV,2026-07-28,,,,,,,,,,,,,,,,,,,,,,
AUTONATION INC COMMON STOCK USD.01,AN,COMMON STOCK,05329W102,US05329W1027,2732635,77440.0,16432768.0,0.09268313267045475,0,,CONSUMER DISCRETIONARY,UNITED STATES,AVLV,2026-07-28,,,,,,,,,,,,,,,,,,,,,,
LINCOLN NATIONAL CORP COMMON STOCK,LNC,COMMON STOCK,534187109,US5341871094,2516378,387640.0,15970768.0,0.09007738741233694,0,,FINANCIALS,UNITED STATES,AVLV,2026-07-28,,,,,,,,,,,,,,,,,,,,,,
MOLSON COORS BEVERAGE CO   B COMMON STOCK USD.01,TAP,COMMON STOCK,60871R209,US60871R2094,B067BM3,387676.0,15945113.88,0.08993269455185818,0,,CONSUMER STAPLES,UNITED STATES,AVLV,2026-07-28,,,,,,,,,,,,,,,,,,,,,,
COCA COLA CONSOLIDATED INC COMMON STOCK USD1.0,COKE,COMMON STOCK,191098102,US1910981026,2206721,83825.0,15614921.0,0.08807036006847233,0,,CONSUMER STAPLES,UNITED STATES,AVLV,2026-07-28,,,,,,,,,,,,,,,,,,,,,,
ADVANCED DRAINAGE SYSTEMS IN COMMON STOCK USD.01,WMS,COMMON STOCK,00790R104,US00790R1041,BP7RS59,107327.0,15368153.13,0.08667855442538071,0,,INDUSTRIALS,UNITED STATES,AVLV,2026-07-28,,,,,,,,,,,,,,,,,,,,,,
SANMINA CORP COMMON STOCK USD.01,SANM,COMMON STOCK,801056102,US8010561020,B92RRW2,73440.0,15341616.0,0.0865288812637756,0,,INFORMATION TECHNOLOGY,UNITED STATES,AVLV,2026-07-28,,,,,,,,,,,,,,,,,,,,,,
NEXTPOWER INC CL A COMMON STOCK USD.0001,NXT,COMMON STOCK,65290E101,US65290E1010,BR1GTS6,145039.0,15044895.47,0.08485533556240395,0,,INDUSTRIALS,UNITED STATES,AVLV,2026-07-28,,,,,,,,,,,,,,,,,,,,,,
LAMB WESTON HOLDINGS INC COMMON STOCK USD1.0,LW,COMMON STOCK,513272104,US5132721045,BDQZFJ3,281808.0,14966822.88,0.08441499512694621,0,,CONSUMER STAPLES,UNITED STATES,AVLV,2026-07-28,,,,,,,,,,,,,,,,,,,,,,
WEATHERFORD INTERNATIONAL PL COMMON STOCK USD.001,WFRD,COMMON STOCK,G48833118,IE00BLNN3691,BLNN369,173377.0,14896551.84,0.08401865653546783,0,,ENERGY,UNITED STATES,AVLV,2026-07-28,,,,,,,,,,,,,,,,,,,,,,
LANTHEUS HOLDINGS INC COMMON STOCK USD.01,LNTH,COMMON STOCK,516544103,US5165441032,BP8S8J5,135587.0,14647463.61,0.08261376373422225,0,,HEALTH CARE,UNITED STATES,AVLV,2026-07-28,,,,,,,,,,,,,,,,,,,,,,
VALERO ENERGY CORP COMMON STOCK USD.01,VLO,COMMON STOCK,91913Y100,US91913Y1001,2041364,45987.0,14022815.91,0.07909066247389933,0,,ENERGY,UNITED STATES,AVLV,2026-07-28,,,,,,,,,,,,,,,,,,,,,,
MATADOR RESOURCES CO COMMON STOCK USD.01,MTDR,COMMON STOCK,576485205,US5764852050,B7MSLL8,295637.0,13945197.29,0.07865288249336545,0,,ENERGY,UNITED STATES,AVLV,2026-07-28,,,,,,,,,,,,,,,,,,,,,,
MYR GROUP INC/DELAWARE COMMON STOCK USD.01,MYRG,COMMON STOCK,55405W104,US55405W1045,B3CLS18,37433.0,13812777.0,0.0779060133532224,0,,INDUSTRIALS,UNITED STATES,AVLV,2026-07-28,,,,,,,,,,,,,,,,,,,,,,
U HAUL HOLDING CO NON VOTING COMMON STOCK USD.001,UHAL.B,COMMON STOCK,023586506,US0235865062,BP0VMC3,209893.0,13466734.88,0.07595428691751022,0,,INDUSTRIALS,UNITED STATES,AVLV,2026-07-28,,,,,,,,,,,,,,,,,,,,,,
CROCS INC COMMON STOCK USD.001,CROX,COMMON STOCK,227046109,US2270461096,B0T7Z62,96295.0,12955529.3,0.07307101523783843,0,,CONSUMER DISCRETIONARY,UNITED STATES,AVLV,2026-07-28,,,,,,,,,,,,,,,,,,,,,,
BOYD GAMING CORP COMMON STOCK USD.01,BYD,COMMON STOCK,103304101,US1033041013,2117232,139195.0,12428721.55,0.07009974511553926,0,,CONSUMER DISCRETIONARY,UNITED STATES,AVLV,2026-07-28,,,,,,,,,,,,,,,,,,,,,,
INTERNATIONAL PAPER CO COMMON STOCK USD1.0,IP,COMMON STOCK,460146103,US4601461035,2465254,290015.0,12299536.15,0.06937112121192876,0,,MATERIALS,UNITED STATES,AVLV,2026-07-28,,,,,,,,,,,,,,,,,,,,,,
KODIAK GAS SERVICES INC COMMON STOCK USD.01,KGS,COMMON STOCK,50012A108,US50012A1088,BQLSDK5,205907.0,11889070.18,0.06705603516226159,0,,ENERGY,UNITED STATES,AVLV,2026-07-28,,,,,,,,,,,,,,,,,,,,,,
IES HOLDINGS INC COMMON STOCK USD.01,IESC,COMMON STOCK,44951W106,US44951W1062,BD978B9,19146.0,11549441.58,0.06514048188526768,0,,INDUSTRIALS,UNITED STATES,AVLV,2026-07-28,,,,,,,,,,,,,,,,,,,,,,
MGIC INVESTMENT CORP COMMON STOCK USD1.0,MTG,COMMON STOCK,552848103,US5528481030,2548616,383337.0,11500110.0,0.06486224480591604,0,,FINANCIALS,UNITED STATES,AVLV,2026-07-28,,,,,,,,,,,,,,,,,,,,,,
FOX CORP   CLASS B COMMON STOCK USD.01,FOX,COMMON STOCK,35137L204,US35137L2043,BJJMGY5,219095.0,11132216.95,0.06278727603853076,0,,COMMUNICATION SERVICES,UNITED STATES,AVLV,2026-07-28,,,,,,,,,,,,,,,,,,,,,,
APTIV PLC COMMON STOCK USD.01,APTV,COMMON STOCK,G3265R107,JE00BTDN8H13,BTDN8H1,191918.0,11025689.1,0.06218644391732949,0,,CONSUMER DISCRETIONARY,UNITED STATES,AVLV,2026-07-28,,,,,,,,,,,,,,,,,,,,,,
SLM CORP COMMON STOCK USD.2,SLM,COMMON STOCK,78442P106,US78442P1066,2101967,411316.0,10455652.72,0.05897135821572855,0,,FINANCIALS,UNITED STATES,AVLV,2026-07-28,,,,,,,,,,,,,,,,,,,,,,
WINTRUST FINANCIAL CORP COMMON STOCK,WTFC,COMMON STOCK,97650W108,US97650W1080,2425258,63035.0,10014685.63,0.0564842415409374,0,,FINANCIALS,UNITED STATES,AVLV,2026-07-28,,,,,,,,,,,,,,,,,,,,,,
URBAN OUTFITTERS INC COMMON STOCK USD.0001,URBN,COMMON STOCK,917047102,US9170471026,2933438,136293.0,9896234.73,0.05581616173358937,0,,CONSUMER DISCRETIONARY,UNITED STATES,AVLV,2026-07-28,,,,,,,,,,,,,,,,,,,,,,
UNITED THERAPEUTICS CORP COMMON STOCK USD.01,UTHR,COMMON STOCK,91307C102,US91307C1027,2430412,18467.0,9749467.98,0.054988376532589665,0,,HEALTH CARE,UNITED STATES,AVLV,2026-07-28,,,,,,,,,,,,,,,,,,,,,,
JACK HENRY + ASSOCIATES INC COMMON STOCK USD.01,JKHY,COMMON STOCK,426281101,US4262811015,2469193,62868.0,9617546.64,0.05424432154092398,0,,FINANCIALS,UNITED STATES,AVLV,2026-07-28,,,,,,,,,,,,,,,,,,,,,,
NOBLE CORP PLC COMMON STOCK USD.00001,NE,COMMON STOCK,G65431127,GB00BMXNWH07,BN2QTL0,220158.0,9491011.38,0.053530644801249305,0,,ENERGY,UNITED STATES,AVLV,2026-07-28,,,,,,,,,,,,,,,,,,,,,,
LEVI STRAUSS + CO  CLASS A COMMON STOCK USD.001,LEVI,COMMON STOCK,52736R102,US52736R1023,BHRWS81,359208.0,9170580.24,0.051723367910322275,0,,CONSUMER DISCRETIONARY,UNITED STATES,AVLV,2026-07-28,,,,,,,,,,,,,,,,,,,,,,
ALASKA AIR GROUP INC COMMON STOCK USD.01,ALK,COMMON STOCK,011659109,US0116591092,2012605,188146.0,8936935.0,0.05040557575401968,0,,INDUSTRIALS,UNITED STATES,AVLV,2026-07-28,,,,,,,,,,,,,,,,,,,,,,
FIRST AMERICAN FINANCIAL COMMON STOCK USD.00001,FAF,COMMON STOCK,31847R102,US31847R1023,B4NFPK4,116464.0,8883873.92,0.050106303767871174,0,,FINANCIALS,UNITED STATES,AVLV,2026-07-28,,,,,,,,,,,,,,,,,,,,,,
PARAMOUNT SKYDANCE CL B COMMON STOCK USD.001,PSKY,COMMON STOCK,69932A204,US69932A2042,BSNMNQ5,1101449.0,8844635.47,0.04988499336738765,0,,COMMUNICATION SERVICES,UNITED STATES,AVLV,2026-07-28,,,,,,,,,,,,,,,,,,,,,,
KINSALE CAPITAL GROUP INC COMMON STOCK USD.01,KNSL,COMMON STOCK,49714P108,US49714P1084,BD1MGQ3,23415.0,8465693.25,0.04774770572049232,0,,FINANCIALS,UNITED STATES,AVLV,2026-07-28,,,,,,,,,,,,,,,,,,,,,,
AXALTA COATING SYSTEMS LTD COMMON STOCK USD1.0,AXTA,COMMON STOCK,G0750C108,BMG0750C1082,BSFWCF5,238755.0,8055593.7,0.045434686331382486,0,,MATERIALS,UNITED STATES,AVLV,2026-07-28,,,,,,,,,,,,,,,,,,,,,,
SUPER GROUP SGHC LTD COMMON STOCK,SGHC,COMMON STOCK,G8588X103,GG00BMG42V42,BMG42V4,462279.0,6777010.14,0.03822329445134484,0,,CONSUMER DISCRETIONARY,UNITED STATES,AVLV,2026-07-28,,,,,,,,,,,,,,,,,,,,,,
PULTEGROUP INC COMMON STOCK USD.01,PHM,COMMON STOCK,745867101,US7458671010,2708841,51041.0,6665444.19,0.03759404673450521,0,,CONSUMER DISCRETIONARY,UNITED STATES,AVLV,2026-07-28,,,,,,,,,,,,,,,,,,,,,,
ERIE INDEMNITY COMPANY CL A COMMON STOCK,ERIE,COMMON STOCK,29530P102,US29530P1021,2311711,27522.0,6282171.72,0.03543233586595629,0,,FINANCIALS,UNITED STATES,AVLV,2026-07-28,,,,,,,,,,,,,,,,,,,,,,
ABERCROMBIE + FITCH CO CL A COMMON STOCK USD.01,ANF,COMMON STOCK,002896207,US0028962076,2004185,62958.0,6254877.3,0.03527839148178297,0,,CONSUMER DISCRETIONARY,UNITED STATES,AVLV,2026-07-28,,,,,,,,,,,,,,,,,,,,,,
SSC GOVERNMENT MM GVMXX,OTHER,SWEEP INVESTMENT VEHICLE,7839989D1,,,6111853.0,6111852.74,0.034471712760972606,3.6059323,12/31/2030,MISCELLANEOUS,UNITED STATES,AVLV,2026-07-28,,,,,,,,,,,,,,,,,,,,,,
DILLARDS INC CL A COMMON STOCK,DDS,COMMON STOCK,254067101,US2540671011,2269768,10358.0,5944974.1,0.03353049365954155,0,,CONSUMER DISCRETIONARY,UNITED STATES,AVLV,2026-07-28,,,,,,,,,,,,,,,,,,,,,,
MACY S INC COMMON STOCK USD.01,M,COMMON STOCK,55616P104,US55616P1049,2345022,217570.0,5430547.2,0.03062905328005401,0,,CONSUMER DISCRETIONARY,UNITED STATES,AVLV,2026-07-28,,,,,,,,,,,,,,,,,,,,,,
ALBERTSONS COS INC   CLASS A COMMON STOCK USD.01,ACI,COMMON STOCK,013091103,US0130911037,BYNQ369,451429.0,5132747.73,0.02894942220468064,0,,CONSUMER STAPLES,UNITED STATES,AVLV,2026-07-28,,,,,,,,,,,,,,,,,,,,,,
OPENDOOR TECHNOLOGIES INC COMMON STOCK USD.0001,OPEN,COMMON STOCK,683712103,US6837121036,BL96T19,1327129.0,5109446.65,0.028818000822171928,0,,REAL ESTATE,UNITED STATES,AVLV,2026-07-28,,,,,,,,,,,,,,,,,,,,,,
MOHAWK INDUSTRIES INC COMMON STOCK USD.01,MHK,COMMON STOCK,608190104,US6081901042,2598699,43401.0,5017589.61,0.028299914141642197,0,,CONSUMER DISCRETIONARY,UNITED STATES,AVLV,2026-07-28,,,,,,,,,,,,,,,,,,,,,,
GRAND CANYON EDUCATION INC COMMON STOCK USD.01,LOPE,COMMON STOCK,38526M106,US38526M1062,B3F1XM1,31574.0,4573809.64,0.025796932426327985,0,,CONSUMER DISCRETIONARY,UNITED STATES,AVLV,2026-07-28,,,,,,,,,,,,,,,,,,,,,,
CLEAR SECURE INC  CLASS A COMMON STOCK USD.00001,YOU,COMMON STOCK,18467V109,US18467V1098,BLD30T1,83073.0,4421975.79,0.02494056806559363,0,,INFORMATION TECHNOLOGY,UNITED STATES,AVLV,2026-07-28,,,,,,,,,,,,,,,,,,,,,,
RAYMOND JAMES FINANCIAL INC COMMON STOCK USD.01,RJF,COMMON STOCK,754730109,US7547301090,2718992,25222.0,4378539.2,0.024695579562517212,0,,FINANCIALS,UNITED STATES,AVLV,2026-07-28,,,,,,,,,,,,,,,,,,,,,,
SMITH (A.O.) CORP COMMON STOCK USD1.0,AOS,COMMON STOCK,831865209,US8318652091,2816023,67466.0,4212577.04,0.023759529537740173,0,,INDUSTRIALS,UNITED STATES,AVLV,2026-07-28,,,,,,,,,,,,,,,,,,,,,,
CABOT CORP COMMON STOCK USD1.0,CBT,COMMON STOCK,127055101,US1270551013,2162500,46264.0,4134613.68,0.023319805174911317,0,,MATERIALS,UNITED STATES,AVLV,2026-07-28,,,,,,,,,,,,,,,,,,,,,,
PEGASYSTEMS INC COMMON STOCK USD.01,PEGA,COMMON STOCK,705573103,US7055731035,2675860,143685.0,4109391.0,0.023177545696974042,0,,INFORMATION TECHNOLOGY,UNITED STATES,AVLV,2026-07-28,,,,,,,,,,,,,,,,,,,,,,
FACTSET RESEARCH SYSTEMS INC COMMON STOCK USD.01,FDS,COMMON STOCK,303075105,US3030751057,2329770,14872.0,3954464.8,0.02230374004544111,0,,FINANCIALS,UNITED STATES,AVLV,2026-07-28,,,,,,,,,,,,,,,,,,,,,,
MURPHY OIL CORP COMMON STOCK USD1.0,MUR,COMMON STOCK,626717102,US6267171022,2611206,104492.0,3918450.0,0.022100611486302456,0,,ENERGY,UNITED STATES,AVLV,2026-07-28,,,,,,,,,,,,,,,,,,,,,,
PILGRIM S PRIDE CORP COMMON STOCK USD.01,PPC,COMMON STOCK,72147K108,US72147K1088,B5L3PZ2,129336.0,3775317.84,0.021293325886293447,0,,CONSUMER STAPLES,UNITED STATES,AVLV,2026-07-28,,,,,,,,,,,,,,,,,,,,,,
GATX CORP COMMON STOCK USD.625,GATX,COMMON STOCK,361448103,US3614481030,2362128,20390.0,3743604.0,0.02111445534907114,0,,INDUSTRIALS,UNITED STATES,AVLV,2026-07-28,,,,,,,,,,,,,,,,,,,,,,
CAL MAINE FOODS INC COMMON STOCK USD.01,CALM,COMMON STOCK,128030202,US1280302027,2158781,37764.0,3350422.08,0.018896853782799157,0,,CONSUMER STAPLES,UNITED STATES,AVLV,2026-07-28,,,,,,,,,,,,,,,,,,,,,,
OSHKOSH CORP COMMON STOCK USD.01,OSK,COMMON STOCK,688239201,US6882392011,2663520,20443.0,3167642.85,0.0178659531077885,0,,INDUSTRIALS,UNITED STATES,AVLV,2026-07-28,,,,,,,,,,,,,,,,,,,,,,
ARCHROCK INC COMMON STOCK USD.01,AROC,COMMON STOCK,03957W106,US03957W1062,BYRGSX7,86452.0,3085471.88,0.0174024972302291,0,,ENERGY,UNITED STATES,AVLV,2026-07-28,,,,,,,,,,,,,,,,,,,,,,
FIDELITY NATIONAL FINANCIAL COMMON STOCK USD.0001,FNF,COMMON STOCK,31620R303,US31620R3030,BNBRDD4,56701.0,2949586.02,0.01663608178576966,0,,FINANCIALS,UNITED STATES,AVLV,2026-07-28,,,,,,,,,,,,,,,,,,,,,,
DOCUSIGN INC COMMON STOCK USD.0001,DOCU,COMMON STOCK,256163106,US2561631068,BFYT7B7,55066.0,2913542.06,0.016432788760112112,0,,INFORMATION TECHNOLOGY,UNITED STATES,AVLV,2026-07-28,,,,,,,,,,,,,,,,,,,,,,
MARKEL GROUP INC COMMON STOCK,MKL,COMMON STOCK,570535104,US5705351048,2566436,1257.0,2532792.15,0.014285305486278165,0,,FINANCIALS,UNITED STATES,AVLV,2026-07-28,,,,,,,,,,,,,,,,,,,,,,
VERSIGENT PLC COMMON STOCK USD.01,VGNT,COMMON STOCK,G9600F104,JE00BWK75100,BWK7510,58992.0,2461146.24,0.013881212433797571,0,,CONSUMER DISCRETIONARY,UNITED STATES,AVLV,2026-07-28,,,,,,,,,,,,,,,,,,,,,,
MAGNOLIA OIL + GAS CORP   A COMMON STOCK USD.0001,MGY,COMMON STOCK,559663109,US5596631094,BF2GC59,100234.0,2407620.68,0.013579320714840647,0,,ENERGY,UNITED STATES,AVLV,2026-07-28,,,,,,,,,,,,,,,,,,,,,,
BANK OZK COMMON STOCK,OZK,COMMON STOCK,06417N103,US06417N1037,BZ56Q65,46575.0,2346448.5,0.013234300978988417,0,,FINANCIALS,UNITED STATES,AVLV,2026-07-28,,,,,,,,,,,,,,,,,,,,,,
JEFFERIES FINANCIAL GROUP IN COMMON STOCK USD1.0,JEF,COMMON STOCK,47233W109,US47233W1099,BG0Q4Z2,32710.0,1839610.4,0.010375662503429021,0,,FINANCIALS,UNITED STATES,AVLV,2026-07-28,,,,,,,,,,,,,,,,,,,,,,
COMMERCIAL METALS CO COMMON STOCK USD.01,CMC,COMMON STOCK,201723103,US2017231034,2213260,20383.0,1386859.32,0.00782208246053353,0,,MATERIALS,UNITED STATES,AVLV,2026-07-28,,,,,,,,,,,,,,,,,,,,,,
U HAUL HOLDING CO COMMON STOCK USD.25,UHAL,COMMON STOCK,023586100,US0235861004,2028174,14360.0,1047705.6,0.005909207573817046,0,,INDUSTRIALS,UNITED STATES,AVLV,2026-07-28,,,,,,,,,,,,,,,,,,,,,,
TEREX CORP COMMON STOCK USD.01,TEX,COMMON STOCK,880779103,US8807791038,2884224,12992.0,897227.52,0.005060489947387019,0,,INDUSTRIALS,UNITED STATES,AVLV,2026-07-28,,,,,,,,,,,,,,,,,,,,,,
PACS GROUP INC COMMON STOCK USD.001,PACS,COMMON STOCK,69380Q107,US69380Q1076,BPW6WD7,19006.0,894802.48,0.0050468123792468764,0,,HEALTH CARE,UNITED STATES,AVLV,2026-07-28,,,,,,,,,,,,,,,,,,,,,,
WR BERKLEY CORP COMMON STOCK USD.2,WRB,COMMON STOCK,084423102,US0844231029,2093644,10394.0,786825.8,0.0044378086521964346,0,,FINANCIALS,UNITED STATES,AVLV,2026-07-28,,,,,,,,,,,,,,,,,,,,,,
CHEWY INC   CLASS A COMMON STOCK USD.01,CHWY,COMMON STOCK,16679L109,US16679L1098,BJLFHW7,35857.0,781682.6,0.004408800277712556,0,,CONSUMER DISCRETIONARY,UNITED STATES,AVLV,2026-07-28,,,,,,,,,,,,,,,,,,,,,,
POPULAR INC COMMON STOCK USD.01,BPOP,COMMON STOCK,733174700,PR7331747001,B86QM90,3472.0,595135.52,0.0033566483964880462,0,,FINANCIALS,UNITED STATES,AVLV,2026-07-28,,,,,,,,,,,,,,,,,,,,,,
ENACT HOLDINGS INC COMMON STOCK USD.01,ACT,COMMON STOCK,29249E109,US29249E1091,BNZFTG9,8630.0,406386.7,0.0022920783906648164,0,,FINANCIALS,UNITED STATES,AVLV,2026-07-28,,,,,,,,,,,,,,,,,,,,,,
JABIL INC COMMON STOCK USD.001,JBL,COMMON STOCK,466313103,US4663131039,2471789,1077.0,335474.73,0.0018921248634542268,0,,INFORMATION TECHNOLOGY,UNITED STATES,AVLV,2026-07-28,,,,,,,,,,,,,,,,,,,,,,
COMSTOCK RESOURCES INC COMMON STOCK USD.5,CRK,COMMON STOCK,205768302,US2057683029,BD82PS1,15456.0,200928.0,0.0011332623013486913,0,,ENERGY,UNITED STATES,AVLV,2026-07-28,,,,,,,,,,,,,,,,,,,,,,
SMITHFIELD FOODS INC COMMON STOCK NPV,SFD,COMMON STOCK,832248207,US8322482071,BS893N8,4947.0,131491.26,0.0007416292797163119,0,,CONSUMER STAPLES,UNITED STATES,AVLV,2026-07-28,,,,,,,,,,,,,,,,,,,,,,
COUPANG INC COMMON STOCK USD.0001,CPNG,COMMON STOCK,22266T109,US22266T1097,BNYHDF3,6487.0,103337.91,0.0005828404090179762,0,,CONSUMER DISCRETIONARY,UNITED STATES,AVLV,2026-07-28,,,,,,,,,,,,,,,,,,,,,,
PAYCOM SOFTWARE INC COMMON STOCK USD.01,PAYC,COMMON STOCK,70432V102,US70432V1026,BL95MY0,534.0,80794.2,0.0004556907002887922,0,,INDUSTRIALS,UNITED STATES,AVLV,2026-07-28,,,,,,,,,,,,,,,,,,,,,,
CREDIT ACCEPTANCE CORP COMMON STOCK USD.01,CACC,COMMON STOCK,225310101,US2253101016,2232050,90.0,49745.7,0.00028057277464664754,0,,FINANCIALS,UNITED STATES,AVLV,2026-07-28,,,,,,,,,,,,,,,,,,,,,,
UNUM GROUP COMMON STOCK USD.1,UNM,COMMON STOCK,91529Y106,US91529Y1064,2433842,554.0,47876.68,0.0002700312378450732,0,,FINANCIALS,UNITED STATES,AVLV,2026-07-28,,,,,,,,,,,,,,,,,,,,,,
EDWARDS LIFESCIENCES CORP COMMON STOCK USD1.0,EW,COMMON STOCK,28176E108,US28176E1082,2567116,253.0,21009.12,0.00011849440436629448,0,,HEALTH CARE,UNITED STATES,AVLV,2026-07-28,,,,,,,,,,,,,,,,,,,,,,
RADIAN GROUP INC COMMON STOCK USD.001,RDN,COMMON STOCK,750236101,US7502361014,2173911,465.0,18125.7,0.00010223150827936362,0,,FINANCIALS,UNITED STATES,AVLV,2026-07-28,,,,,,,,,,,,,,,,,,,,,,
SCHNEIDER NATIONAL INC CL B COMMON STOCK,SNDR,COMMON STOCK,80689H102,US80689H1023,BYVN953,483.0,17764.74,0.00010019564289328094,0,,INDUSTRIALS,UNITED STATES,AVLV,2026-07-28,,,,,,,,,,,,,,,,,,,,,,
CNA FINANCIAL CORP COMMON STOCK USD2.5,CNA,COMMON STOCK,126117100,US1261171003,2204866,230.0,12461.4,7.028405618941402e-05,0,,FINANCIALS,UNITED STATES,AVLV,2026-07-28,,,,,,,,,,,,,,,,,,,,,,
FASTENAL CO COMMON STOCK USD.01,FAST,COMMON STOCK,311900104,US3119001044,2332262,200.0,9476.0,5.34459784976718e-05,0,,INDUSTRIALS,UNITED STATES,AVLV,2026-07-28,,,,,,,,,,,,,,,,,,,,,,
CONSTELLATION BRANDS INC A COMMON STOCK USD.01,STZ,COMMON STOCK,21036P108,US21036P1084,2170473,50.0,6485.5,3.657913608554775e-05,0,,CONSUMER STAPLES,UNITED STATES,AVLV,2026-07-28,,,,,,,,,,,,,,,,,,,,,,
CIPHER DIGITAL INC COMMON STOCK USD1.0,CIFR,COMMON STOCK,17253J106,US17253J1060,BMZ8604,205.0,4438.25,2.503235690874756e-05,0,,INFORMATION TECHNOLOGY,UNITED STATES,AVLV,2026-07-28,,,,,,,,,,,,,,,,,,,,,,
DEVON ENERGY CORP COMMON STOCK USD.1,DVN,COMMON STOCK,25179M103,US25179M1036,2480677,249580.0,10771872.8,1.4818439432289845,0,,ENERGY,UNITED STATES,AVMV,2026-07-28,,,,,,,,,,,,,,,,,,,,,,
DELTA AIR LINES INC COMMON STOCK USD.0001,DAL,COMMON STOCK,247361702,US2473617023,B1W9D46,122375.0,10606241.25,1.459058665893076,0,,INDUSTRIALS,UNITED STATES,AVMV,2026-07-28,,,,,,,,,,,,,,,,,,,,,,
OLD DOMINION FREIGHT LINE COMMON STOCK USD.1,ODFL,COMMON STOCK,679580100,US6795801009,2656423,40405.0,9162641.85,1.2604684052153785,0,,INDUSTRIALS,UNITED STATES,AVMV,2026-07-28,,,,,,,,,,,,,,,,,,,,,,
AMERIPRISE FINANCIAL INC COMMON STOCK USD.01,AMP,COMMON STOCK,03076C106,US03076C1062,B0J7D57,16489.0,8871246.89,1.2203823529029665,0,,FINANCIALS,UNITED STATES,AVMV,2026-07-28,,,,,,,,,,,,,,,,,,,,,,
FLEX LTD COMMON STOCK,FLEX,COMMON STOCK,Y2573F102,SG9999000020,2353058,74664.0,8666250.48,1.1921818074470096,0,,INFORMATION TECHNOLOGY,UNITED STATES,AVMV,2026-07-28,,,,,,,,,,,,,,,,,,,,,,
NUCOR CORP COMMON STOCK USD.4,NUE,COMMON STOCK,670346105,US6703461052,2651086,34864.0,8641391.04,1.1887619925940096,0,,MATERIALS,UNITED STATES,AVMV,2026-07-28,,,,,,,,,,,,,,,,,,,,,,
UNITED AIRLINES HOLDINGS INC COMMON STOCK USD.01,UAL,COMMON STOCK,910047109,US9100471096,B4QG225,71537.0,8625216.09,1.1865368686870943,0,,INDUSTRIALS,UNITED STATES,AVMV,2026-07-28,,,,,,,,,,,,,,,,,,,,,,
FASTENAL CO COMMON STOCK USD.01,FAST,COMMON STOCK,311900104,US3119001044,2332262,178092.0,8437998.96,1.160782148471756,0,,INDUSTRIALS,UNITED STATES,AVMV,2026-07-28,,,,,,,,,,,,,,,,,,,,,,
STATE STREET CORP COMMON STOCK USD1.0,STT,COMMON STOCK,857477103,US8574771031,2842040,45691.0,8437300.06,1.1606860035625883,0,,FINANCIALS,UNITED STATES,AVMV,2026-07-28,,,,,,,,,,,,,,,,,,,,,,
FERGUSON ENTERPRISES INC COMMON STOCK,FERG,COMMON STOCK,31488V107,US31488V1070,BS6VHW3,35997.0,8426897.7,1.1592549920339998,0,,INDUSTRIALS,UNITED STATES,AVMV,2026-07-28,,,,,,,,,,,,,,,,,,,,,,
CHIPOTLE MEXICAN GRILL INC COMMON STOCK USD.01,CMG,COMMON STOCK,169656105,US1696561059,B0X7DZ3,244830.0,8128356.0,1.1181857909618997,0,,CONSUMER DISCRETIONARY,UNITED STATES,AVMV,2026-07-28,,,,,,,,,,,,,,,,,,,,,,
PRUDENTIAL FINANCIAL INC COMMON STOCK USD.01,PRU,COMMON STOCK,744320102,US7443201022,2819118,65676.0,8005247.64,1.1012502607143784,0,,FINANCIALS,UNITED STATES,AVMV,2026-07-28,,,,,,,,,,,,,,,,,,,,,,
TARGA RESOURCES CORP COMMON STOCK USD.001,TRGP,COMMON STOCK,87612G101,US87612G1013,B55PZY3,29710.0,7951584.4,1.0938680210013323,0,,ENERGY,UNITED STATES,AVMV,2026-07-28,,,,,,,,,,,,,,,,,,,,,,
CENTENE CORP COMMON STOCK USD.001,CNC,COMMON STOCK,15135B101,US15135B1017,2807061,121430.0,7781234.4,1.0704336451582515,0,,HEALTH CARE,UNITED STATES,AVMV,2026-07-28,,,,,,,,,,,,,,,,,,,,,,
ON SEMICONDUCTOR COMMON STOCK USD.01,ON,COMMON STOCK,682189105,US6821891057,2583576,86714.0,7721014.56,1.0621494399115816,0,,INFORMATION TECHNOLOGY,UNITED STATES,AVMV,2026-07-28,,,,,,,,,,,,,,,,,,,,,,
AMERICAN INTERNATIONAL GROUP COMMON STOCK USD2.5,AIG,COMMON STOCK,026874784,US0268747849,2027342,97462.0,7715091.92,1.0613346857481343,0,,FINANCIALS,UNITED STATES,AVMV,2026-07-28,,,,,,,,,,,,,,,,,,,,,,
CHENIERE ENERGY INC COMMON STOCK USD.003,LNG,COMMON STOCK,16411R208,US16411R2085,2654364,29806.0,7626759.28,1.0491831137788268,0,,ENERGY,UNITED STATES,AVMV,2026-07-28,,,,,,,,,,,,,,,,,,,,,,
CARNIVAL CORP LTD COMMON STOCK USD.01,CCL,COMMON STOCK,G2004J103,BMG2004J1036,BVV7RC7,277658.0,7530084.96,1.035884009879477,0,,CONSUMER DISCRETIONARY,UNITED STATES,AVMV,2026-07-28,,,,,,,,,,,,,,,,,,,,,,
DR HORTON INC COMMON STOCK USD.01,DHI,COMMON STOCK,23331A109,US23331A1097,2250687,50134.0,7402285.1,1.0183030885297084,0,,CONSUMER DISCRETIONARY,UNITED STATES,AVMV,2026-07-28,,,,,,,,,,,,,,,,,,,,,,
IDEXX LABORATORIES INC COMMON STOCK USD.1,IDXX,COMMON STOCK,45168D104,US45168D1046,2459202,13290.0,7391898.0,1.0168741762589737,0,,HEALTH CARE,UNITED STATES,AVMV,2026-07-28,,,,,,,,,,,,,,,,,,,,,,
TECHNIPFMC PLC COMMON STOCK USD1.0,FTI,COMMON STOCK,G87110105,GB00BDSFG982,BDSFG98,96578.0,7247213.12,0.996970449480394,0,,ENERGY,UNITED STATES,AVMV,2026-07-28,,,,,,,,,,,,,,,,,,,,,,
TARGET CORP COMMON STOCK USD.0833,TGT,COMMON STOCK,87612E106,US87612E1064,2259101,51514.0,7229474.76,0.9945302534423556,0,,CONSUMER STAPLES,UNITED STATES,AVMV,2026-07-28,,,,,,,,,,,,,,,,,,,,,,
HARTFORD INSURANCE GROUP INC COMMON STOCK USD.01,HIG,COMMON STOCK,416515104,US4165151048,2476193,50662.0,7099772.68,0.9766876512096034,0,,FINANCIALS,UNITED STATES,AVMV,2026-07-28,,,,,,,,,,,,,,,,,,,,,,
OCCIDENTAL PETROLEUM CORP COMMON STOCK USD.2,OXY,COMMON STOCK,674599105,US6745991058,2655408,125709.0,6905195.37,0.9499204201378357,0,,ENERGY,UNITED STATES,AVMV,2026-07-28,,,,,,,,,,,,,,,,,,,,,,
KROGER CO COMMON STOCK USD1.0,KR,COMMON STOCK,501044101,US5010441013,2497406,115243.0,6681789.14,0.9191873085469598,0,,CONSUMER STAPLES,UNITED STATES,AVMV,2026-07-28,,,,,,,,,,,,,,,,,,,,,,
CASEY S GENERAL STORES INC COMMON STOCK,CASY,COMMON STOCK,147528103,US1475281036,2179414,7822.0,6675138.36,0.9182723870431756,0,,CONSUMER STAPLES,UNITED STATES,AVMV,2026-07-28,,,,,,,,,,,,,,,,,,,,,,
ARCH CAPITAL GROUP LTD COMMON STOCK USD.01,ACGL,COMMON STOCK,G0450A105,BMG0450A1053,2740542,62320.0,6473801.6,0.8905752851654642,0,,FINANCIALS,UNITED STATES,AVMV,2026-07-28,,,,,,,,,,,,,,,,,,,,,,
EQT CORP COMMON STOCK,EQT,COMMON STOCK,26884L109,US26884L1098,2319414,122182.0,6353464.0,0.8740209174140449,0,,ENERGY,UNITED STATES,AVMV,2026-07-28,,,,,,,,,,,,,,,,,,,,,,
JABIL INC COMMON STOCK USD.001,JBL,COMMON STOCK,466313103,US4663131039,2471789,20066.0,6250358.34,0.8598370795039251,0,,INFORMATION TECHNOLOGY,UNITED STATES,AVMV,2026-07-28,,,,,,,,,,,,,,,,,,,,,,
COMFORT SYSTEMS USA INC COMMON STOCK USD.01,FIX,COMMON STOCK,199908104,US1999081045,2036047,3519.0,6089347.98,0.8376875210016081,0,,INDUSTRIALS,UNITED STATES,AVMV,2026-07-28,,,,,,,,,,,,,,,,,,,,,,
NORTHERN TRUST CORP COMMON STOCK USD1.666666,NTRS,COMMON STOCK,665859104,US6658591044,2648668,32591.0,5948509.32,0.8183129034983744,0,,FINANCIALS,UNITED STATES,AVMV,2026-07-28,,,,,,,,,,,,,,,,,,,,,,
EMCOR GROUP INC COMMON STOCK USD.01,EME,COMMON STOCK,29084Q100,US29084Q1004,2474164,7964.0,5915261.0,0.8137390635979869,0,,INDUSTRIALS,UNITED STATES,AVMV,2026-07-28,,,,,,,,,,,,,,,,,,,,,,
DOLLAR GENERAL CORP COMMON STOCK USD.875,DG,COMMON STOCK,256677105,US2566771059,B5B1S13,47487.0,5851348.14,0.8049468241941348,0,,CONSUMER STAPLES,UNITED STATES,AVMV,2026-07-28,,,,,,,,,,,,,,,,,,,,,,
M + T BANK CORP COMMON STOCK USD.5,MTB,COMMON STOCK,55261F104,US55261F1049,2340168,23510.0,5837062.8,0.8029816464623698,0,,FINANCIALS,UNITED STATES,AVMV,2026-07-28,,,,,,,,,,,,,,,,,,,,,,
ATI INC COMMON STOCK USD.1,ATI,COMMON STOCK,01741R102,US01741R1023,2526117,29754.0,5731810.56,0.7885025120303994,0,,INDUSTRIALS,UNITED STATES,AVMV,2026-07-28,,,,,,,,,,,,,,,,,,,,,,
WILLIAMS SONOMA INC COMMON STOCK USD.01,WSM,COMMON STOCK,969904101,US9699041011,2967589,24280.0,5690989.2,0.7828868789651474,0,,CONSUMER DISCRETIONARY,UNITED STATES,AVMV,2026-07-28,,,,,,,,,,,,,,,,,,,,,,
HALLIBURTON CO COMMON STOCK USD2.5,HAL,COMMON STOCK,406216101,US4062161017,2405302,174603.0,5609994.39,0.7717447432511532,0,,ENERGY,UNITED STATES,AVMV,2026-07-28,,,,,,,,,,,,,,,,,,,,,,
ONEOK INC COMMON STOCK USD.01,OKE,COMMON STOCK,682680103,US6826801036,2130109,62488.0,5590176.48,0.769018471743291,0,,ENERGY,UNITED STATES,AVMV,2026-07-28,,,,,,,,,,,,,,,,,,,,,,
RAYMOND JAMES FINANCIAL INC COMMON STOCK USD.01,RJF,COMMON STOCK,754730109,US7547301090,2718992,30960.0,5374656.0,0.7393701715953535,0,,FINANCIALS,UNITED STATES,AVMV,2026-07-28,,,,,,,,,,,,,,,,,,,,,,
PAYPAL HOLDINGS INC COMMON STOCK,PYPL,COMMON STOCK,70450Y103,US70450Y1038,BYW36M8,95595.0,5360011.65,0.7373556062776099,0,,FINANCIALS,UNITED STATES,AVMV,2026-07-28,,,,,,,,,,,,,,,,,,,,,,
BIOGEN INC COMMON STOCK USD.0005,BIIB,COMMON STOCK,09062X103,US09062X1037,2455965,26601.0,5323924.14,0.7323911902366299,0,,HEALTH CARE,UNITED STATES,AVMV,2026-07-28,,,,,,,,,,,,,,,,,,,,,,
DOLLAR TREE INC COMMON STOCK USD.01,DLTR,COMMON STOCK,256746108,US2567461080,2272476,41561.0,5217567.94,0.7177601883931204,0,,CONSUMER STAPLES,UNITED STATES,AVMV,2026-07-28,,,,,,,,,,,,,,,,,,,,,,
CARPENTER TECHNOLOGY COMMON STOCK USD5.0,CRS,COMMON STOCK,144285103,US1442851036,2177504,8977.0,5208904.25,0.7165683588207814,0,,INDUSTRIALS,UNITED STATES,AVMV,2026-07-28,,,,,,,,,,,,,,,,,,,,,,
HUNT (JB) TRANSPRT SVCS INC COMMON STOCK USD.01,JBHT,COMMON STOCK,445658107,US4456581077,2445416,18267.0,5132296.32,0.7060297088402683,0,,INDUSTRIALS,UNITED STATES,AVMV,2026-07-28,,,,,,,,,,,,,,,,,,,,,,
DEXCOM INC COMMON STOCK USD.001,DXCM,COMMON STOCK,252131107,US2521311074,B0796X4,69539.0,5102076.43,0.7018724780789148,0,,HEALTH CARE,UNITED STATES,AVMV,2026-07-28,,,,,,,,,,,,,,,,,,,,,,
PULTEGROUP INC COMMON STOCK USD.01,PHM,COMMON STOCK,745867101,US7458671010,2708841,39022.0,5095882.98,0.7010204696546981,0,,CONSUMER DISCRETIONARY,UNITED STATES,AVMV,2026-07-28,,,,,,,,,,,,,,,,,,,,,,
SMURFIT WESTROCK PLC COMMON STOCK,SW,COMMON STOCK,G8267P108,IE00028FXN24,BRK49M5,98741.0,4945936.69,0.6803929515089067,0,,MATERIALS,UNITED STATES,AVMV,2026-07-28,,,,,,,,,,,,,,,,,,,,,,
EXPEDITORS INTL WASH INC COMMON STOCK USD.01,EXPD,COMMON STOCK,302130109,US3021301094,2325507,28596.0,4899638.64,0.6740239118581773,0,,INDUSTRIALS,UNITED STATES,AVMV,2026-07-28,,,,,,,,,,,,,,,,,,,,,,
VIATRIS INC COMMON STOCK,VTRS,COMMON STOCK,92556V106,US92556V1061,BMWS3X9,277492.0,4893571.42,0.6731892683958782,0,,HEALTH CARE,UNITED STATES,AVMV,2026-07-28,,,,,,,,,,,,,,,,,,,,,,
DIAMONDBACK ENERGY INC COMMON STOCK USD.01,FANG,COMMON STOCK,25278X109,US25278X1090,B7Y8YR3,24931.0,4881489.8,0.6715272477098009,0,,ENERGY,UNITED STATES,AVMV,2026-07-28,,,,,,,,,,,,,,,,,,,,,,
EXPAND ENERGY CORP COMMON STOCK USD.01,EXE,COMMON STOCK,165167735,US1651677353,BMZ5LZ5,53540.0,4845905.4,0.6666320425219493,0,,ENERGY,UNITED STATES,AVMV,2026-07-28,,,,,,,,,,,,,,,,,,,,,,
UNITED THERAPEUTICS CORP COMMON STOCK USD.01,UTHR,COMMON STOCK,91307C102,US91307C1027,2430412,9070.0,4788415.8,0.6587234255952198,0,,HEALTH CARE,UNITED STATES,AVMV,2026-07-28,,,,,,,,,,,,,,,,,,,,,,
BURLINGTON STORES INC COMMON STOCK USD.0001,BURL,COMMON STOCK,122017106,US1220171060,BF311Y5,13210.0,4729312.1,0.6505927633145231,0,,CONSUMER DISCRETIONARY,UNITED STATES,AVMV,2026-07-28,,,,,,,,,,,,,,,,,,,,,,
LPL FINANCIAL HOLDINGS INC COMMON STOCK,LPLA,COMMON STOCK,50212V100,US50212V1008,B75JX34,14197.0,4709428.84,0.6478575018655903,0,,FINANCIALS,UNITED STATES,AVMV,2026-07-28,,,,,,,,,,,,,,,,,,,,,,
PACKAGING CORP OF AMERICA COMMON STOCK USD.01,PKG,COMMON STOCK,695156109,US6951561090,2504566,18134.0,4576477.58,0.6295679227892702,0,,MATERIALS,UNITED STATES,AVMV,2026-07-28,,,,,,,,,,,,,,,,,,,,,,
T ROWE PRICE GROUP INC COMMON STOCK USD.2,TROW,COMMON STOCK,74144T108,US74144T1088,2702337,38369.0,4573968.49,0.6292227572002822,0,,FINANCIALS,UNITED STATES,AVMV,2026-07-28,,,,,,,,,,,,,,,,,,,,,,
ULTA BEAUTY INC COMMON STOCK,ULTA,COMMON STOCK,90384S303,US90384S3031,B28TS42,9365.0,4499976.15,0.619043923592598,0,,CONSUMER DISCRETIONARY,UNITED STATES,AVMV,2026-07-28,,,,,,,,,,,,,,,,,,,,,,
PRINCIPAL FINANCIAL GROUP COMMON STOCK USD.01,PFG,COMMON STOCK,74251V102,US74251V1026,2803014,40369.0,4492666.01,0.6180382965410831,0,,FINANCIALS,UNITED STATES,AVMV,2026-07-28,,,,,,,,,,,,,,,,,,,,,,
HERSHEY CO/THE COMMON STOCK USD1.0,HSY,COMMON STOCK,427866108,US4278661081,2422806,23922.0,4310505.18,0.5929791515213736,0,,CONSUMER STAPLES,UNITED STATES,AVMV,2026-07-28,,,,,,,,,,,,,,,,,,,,,,
CF INDUSTRIES HOLDINGS INC COMMON STOCK USD.01,CF,COMMON STOCK,125269100,US1252691001,B0G4K50,34921.0,4182837.38,0.5754163971435676,0,,MATERIALS,UNITED STATES,AVMV,2026-07-28,,,,,,,,,,,,,,,,,,,,,,
SYNCHRONY FINANCIAL COMMON STOCK USD.001,SYF,COMMON STOCK,87165B103,US87165B1035,BP96PS6,55144.0,4152894.64,0.5712972928117118,0,,FINANCIALS,UNITED STATES,AVMV,2026-07-28,,,,,,,,,,,,,,,,,,,,,,
DARDEN RESTAURANTS INC COMMON STOCK,DRI,COMMON STOCK,237194105,US2371941053,2289874,20067.0,4095674.7,0.5634257719447995,0,,CONSUMER DISCRETIONARY,UNITED STATES,AVMV,2026-07-28,,,,,,,,,,,,,,,,,,,,,,
METLIFE INC COMMON STOCK USD.01,MET,COMMON STOCK,59156R108,US59156R1086,2573209,41735.0,3972754.65,0.5465161467592974,0,,FINANCIALS,UNITED STATES,AVMV,2026-07-28,,,,,,,,,,,,,,,,,,,,,,
ESTEE LAUDER COMPANIES CL A COMMON STOCK USD.01,EL,COMMON STOCK,518439104,US5184391044,2320524,47458.0,3948505.6,0.5431803008447823,0,,CONSUMER STAPLES,UNITED STATES,AVMV,2026-07-28,,,,,,,,,,,,,,,,,,,,,,
INTERNATIONAL PAPER CO COMMON STOCK USD1.0,IP,COMMON STOCK,460146103,US4601461035,2465254,92695.0,3931194.95,0.5407989431800448,0,,MATERIALS,UNITED STATES,AVMV,2026-07-28,,,,,,,,,,,,,,,,,,,,,,
PERMIAN RESOURCES CORP CL A COMMON STOCK USD.0001,PR,COMMON STOCK,71424F105,US71424F1057,BQPCHB2,193619.0,3920784.75,0.5393668531336601,0,,ENERGY,UNITED STATES,AVMV,2026-07-28,,,,,,,,,,,,,,,,,,,,,,
BEST BUY CO INC COMMON STOCK USD.1,BBY,COMMON STOCK,086516101,US0865161014,2094670,43746.0,3869333.7,0.5322889356507066,0,,CONSUMER DISCRETIONARY,UNITED STATES,AVMV,2026-07-28,,,,,,,,,,,,,,,,,,,,,,
FIRST SOLAR INC COMMON STOCK USD.001,FSLR,COMMON STOCK,336433107,US3364331070,B1HMF22,18690.0,3846962.7,0.5292114456478562,0,,INFORMATION TECHNOLOGY,UNITED STATES,AVMV,2026-07-28,,,,,,,,,,,,,,,,,,,,,,
VIKING HOLDINGS LTD COMMON STOCK USD.01,VIK,COMMON STOCK,G93A5A101,BMG93A5A1010,BRDXKH1,36566.0,3771417.24,0.5188189554636565,0,,CONSUMER DISCRETIONARY,UNITED STATES,AVMV,2026-07-28,,,,,,,,,,,,,,,,,,,,,,
WR BERKLEY CORP COMMON STOCK USD.2,WRB,COMMON STOCK,084423102,US0844231029,2093644,49568.0,3752297.6,0.5161887421983533,0,,FINANCIALS,UNITED STATES,AVMV,2026-07-28,,,,,,,,,,,,,,,,,,,,,,
CONSTELLATION BRANDS INC A COMMON STOCK USD.01,STZ,COMMON STOCK,21036P108,US21036P1084,2170473,28523.0,3699718.33,0.5089556199515978,0,,CONSUMER STAPLES,UNITED STATES,AVMV,2026-07-28,,,,,,,,,,,,,,,,,,,,,,
LYONDELLBASELL INDU CL A COMMON STOCK EUR.04,LYB,COMMON STOCK,N53745100,NL0009434992,B3SPXZ3,62279.0,3650794.98,0.5022254281617382,0,,MATERIALS,UNITED STATES,AVMV,2026-07-28,,,,,,,,,,,,,,,,,,,,,,
JAZZ PHARMACEUTICALS PLC COMMON STOCK USD.0001,JAZZ,COMMON STOCK,G50871105,IE00B4Q5ZN47,B4Q5ZN4,14170.0,3619443.1,0.4979124740125913,0,,HEALTH CARE,UNITED STATES,AVMV,2026-07-28,,,,,,,,,,,,,,,,,,,,,,
TRACTOR SUPPLY COMPANY COMMON STOCK USD.008,TSCO,COMMON STOCK,892356106,US8923561067,2900335,108002.0,3434463.6,0.4724655757075421,0,,CONSUMER DISCRETIONARY,UNITED STATES,AVMV,2026-07-28,,,,,,,,,,,,,,,,,,,,,,
NEUROCRINE BIOSCIENCES INC COMMON STOCK USD.001,NBIX,COMMON STOCK,64125C109,US64125C1099,2623911,19459.0,3432762.19,0.47223151946214625,0,,HEALTH CARE,UNITED STATES,AVMV,2026-07-28,,,,,,,,,,,,,,,,,,,,,,
APA CORP COMMON STOCK USD.625,APA,COMMON STOCK,03743Q108,US03743Q1085,BNNF1C1,97931.0,3402122.94,0.46801659900397125,0,,ENERGY,UNITED STATES,AVMV,2026-07-28,,,,,,,,,,,,,,,,,,,,,,
LOEWS CORP COMMON STOCK USD.01,L,COMMON STOCK,540424108,US5404241086,2523022,28180.0,3340457.2,0.4595334870121798,0,,FINANCIALS,UNITED STATES,AVMV,2026-07-28,,,,,,,,,,,,,,,,,,,,,,
TALEN ENERGY CORP COMMON STOCK USD.001,TLN,COMMON STOCK,87422Q109,US87422Q1094,BRRF114,9563.0,3319030.41,0.4565858882451075,0,,UTILITIES,UNITED STATES,AVMV,2026-07-28,,,,,,,,,,,,,,,,,,,,,,
BORGWARNER INC COMMON STOCK USD.01,BWA,COMMON STOCK,099724106,US0997241064,2111955,51443.0,3275890.24,0.4506512656579963,0,,CONSUMER DISCRETIONARY,UNITED STATES,AVMV,2026-07-28,,,,,,,,,,,,,,,,,,,,,,
EAST WEST BANCORP INC COMMON STOCK USD.001,EWBC,COMMON STOCK,27579R104,US27579R1041,2487407,25200.0,3273228.0,0.450285031829147,0,,FINANCIALS,UNITED STATES,AVMV,2026-07-28,,,,,,,,,,,,,,,,,,,,,,
TYSON FOODS INC CL A COMMON STOCK USD.1,TSN,COMMON STOCK,902494103,US9024941034,2909730,53324.0,3237300.04,0.4453425644507192,0,,CONSUMER STAPLES,UNITED STATES,AVMV,2026-07-28,,,,,,,,,,,,,,,,,,,,,,
LENNAR CORP A COMMON STOCK USD.1,LEN,COMMON STOCK,526057104,US5260571048,2511920,37753.0,3210515.12,0.4416578689285187,0,,CONSUMER DISCRETIONARY,UNITED STATES,AVMV,2026-07-28,,,,,,,,,,,,,,,,,,,,,,
DECKERS OUTDOOR CORP COMMON STOCK USD.01,DECK,COMMON STOCK,243537107,US2435371073,2267278,31461.0,3074683.53,0.42297205424449613,0,,CONSUMER DISCRETIONARY,UNITED STATES,AVMV,2026-07-28,,,,,,,,,,,,,,,,,,,,,,
EXELIXIS INC COMMON STOCK USD.001,EXEL,COMMON STOCK,30161Q104,US30161Q1040,2576941,53590.0,2990857.9,0.4114404938177101,0,,HEALTH CARE,UNITED STATES,AVMV,2026-07-28,,,,,,,,,,,,,,,,,,,,,,
MUELLER INDUSTRIES INC COMMON STOCK USD.01,MLI,COMMON STOCK,624756102,US6247561029,2609717,46578.0,2988910.26,0.4111725646849421,0,,INDUSTRIALS,UNITED STATES,AVMV,2026-07-28,,,,,,,,,,,,,,,,,,,,,,
RALPH LAUREN CORP COMMON STOCK USD.01,RL,COMMON STOCK,751212101,US7512121010,B4V9661,7772.0,2952893.68,0.4062179062035663,0,,CONSUMER DISCRETIONARY,UNITED STATES,AVMV,2026-07-28,,,,,,,,,,,,,,,,,,,,,,
WW GRAINGER INC COMMON STOCK USD.5,GWW,COMMON STOCK,384802104,US3848021040,2380863,2098.0,2934997.1,0.403755944465816,0,,INDUSTRIALS,UNITED STATES,AVMV,2026-07-28,,,,,,,,,,,,,,,,,,,,,,
COPART INC COMMON STOCK,CPRT,COMMON STOCK,217204106,US2172041061,2208073,98076.0,2921684.04,0.40192451944872476,0,,INDUSTRIALS,UNITED STATES,AVMV,2026-07-28,,,,,,,,,,,,,,,,,,,,,,
SOUTHWEST AIRLINES CO COMMON STOCK USD1.0,LUV,COMMON STOCK,844741108,US8447411088,2831543,63892.0,2899418.96,0.39886160044140895,0,,INDUSTRIALS,UNITED STATES,AVMV,2026-07-28,,,,,,,,,,,,,,,,,,,,,,
RENAISSANCERE HOLDINGS LTD COMMON STOCK USD1.0,RNR,COMMON STOCK,G7496G103,BMG7496G1033,2728429,8718.0,2867088.66,0.39441404892206905,0,,FINANCIALS,UNITED STATES,AVMV,2026-07-28,,,,,,,,,,,,,,,,,,,,,,
LAS VEGAS SANDS CORP COMMON STOCK USD.001,LVS,COMMON STOCK,517834107,US5178341070,B02T2J7,59639.0,2848358.64,0.3918374341393956,0,,CONSUMER DISCRETIONARY,UNITED STATES,AVMV,2026-07-28,,,,,,,,,,,,,,,,,,,,,,
FIRST CITIZENS BCSHS   CL A COMMON STOCK USD1.0,FCNCA,COMMON STOCK,31946M103,US31946M1036,2355582,1324.0,2829864.64,0.3892932876947703,0,,FINANCIALS,UNITED STATES,AVMV,2026-07-28,,,,,,,,,,,,,,,,,,,,,,
MARKEL GROUP INC COMMON STOCK,MKL,COMMON STOCK,570535104,US5705351048,2566436,1398.0,2816900.1,0.38750980719584066,0,,FINANCIALS,UNITED STATES,AVMV,2026-07-28,,,,,,,,,,,,,,,,,,,,,,
TEXAS ROADHOUSE INC COMMON STOCK USD.001,TXRH,COMMON STOCK,882681109,US8826811098,B033TJ7,13825.0,2779378.0,0.382348040281713,0,,CONSUMER DISCRETIONARY,UNITED STATES,AVMV,2026-07-28,,,,,,,,,,,,,,,,,,,,,,
LULULEMON ATHLETICA INC COMMON STOCK USD.005,LULU,COMMON STOCK,550021109,US5500211090,B23FN39,23538.0,2773482.54,0.381537025163381,0,,CONSUMER DISCRETIONARY,UNITED STATES,AVMV,2026-07-28,,,,,,,,,,,,,,,,,,,,,,
ROBLOX CORP  CLASS A COMMON STOCK USD.0001,RBLX,COMMON STOCK,771049103,US7710491033,BMWBC20,56972.0,2758584.24,0.37948752494839444,0,,COMMUNICATION SERVICES,UNITED STATES,AVMV,2026-07-28,,,,,,,,,,,,,,,,,,,,,,
TOLL BROTHERS INC COMMON STOCK USD.01,TOL,COMMON STOCK,889478103,US8894781033,2896092,18180.0,2745361.8,0.3776685661663422,0,,CONSUMER DISCRETIONARY,UNITED STATES,AVMV,2026-07-28,,,,,,,,,,,,,,,,,,,,,,
REINSURANCE GROUP OF AMERICA COMMON STOCK USD.01,RGA,COMMON STOCK,759351604,US7593516047,2731193,11472.0,2741808.0,0.37717968395400797,0,,FINANCIALS,UNITED STATES,AVMV,2026-07-28,,,,,,,,,,,,,,,,,,,,,,
EVEREST GROUP LTD COMMON STOCK USD.01,EG,COMMON STOCK,G3223R108,BMG3223R1088,2556868,6957.0,2708638.38,0.3726166705013977,0,,FINANCIALS,UNITED STATES,AVMV,2026-07-28,,,,,,,,,,,,,,,,,,,,,,
LENNOX INTERNATIONAL INC COMMON STOCK USD.01,LII,COMMON STOCK,526107107,US5261071071,2442053,4894.0,2678730.9,0.36850241674830453,0,,INDUSTRIALS,UNITED STATES,AVMV,2026-07-28,,,,,,,,,,,,,,,,,,,,,,
FIVE BELOW COMMON STOCK USD.01,FIVE,COMMON STOCK,33829M101,US33829M1018,B85KFY9,12720.0,2634820.8,0.36246187793581697,0,,CONSUMER DISCRETIONARY,UNITED STATES,AVMV,2026-07-28,,,,,,,,,,,,,,,,,,,,,,
NVR INC COMMON STOCK USD.01,NVR,COMMON STOCK,62944T105,US62944T1051,2637785,415.0,2619289.1,0.3603252433876399,0,,CONSUMER DISCRETIONARY,UNITED STATES,AVMV,2026-07-28,,,,,,,,,,,,,,,,,,,,,,
GLOBE LIFE INC COMMON STOCK USD1.0,GL,COMMON STOCK,37959E102,US37959E1029,BK6YKG1,15002.0,2615898.74,0.3598588449697746,0,,FINANCIALS,UNITED STATES,AVMV,2026-07-28,,,,,,,,,,,,,,,,,,,,,,
OVINTIV INC COMMON STOCK,OVV,COMMON STOCK,69047Q102,US69047Q1022,BJ01KB6,43301.0,2601524.08,0.3578813798388295,0,,ENERGY,UNITED STATES,AVMV,2026-07-28,,,,,,,,,,,,,,,,,,,,,,
MOOG INC CLASS A COMMON STOCK USD1.0,MOG.A,COMMON STOCK,615394202,US6153942023,2601218,6013.0,2509946.46,0.3452834088033448,0,,INDUSTRIALS,UNITED STATES,AVMV,2026-07-28,,,,,,,,,,,,,,,,,,,,,,
RYDER SYSTEM INC COMMON STOCK USD.5,R,COMMON STOCK,783549108,US7835491082,2760669,9181.0,2466751.08,0.3393411911948641,0,,INDUSTRIALS,UNITED STATES,AVMV,2026-07-28,,,,,,,,,,,,,,,,,,,,,,
ASSURANT INC COMMON STOCK USD.01,AIZ,COMMON STOCK,04621X108,US04621X1081,2331430,8823.0,2442824.01,0.3360496387956642,0,,FINANCIALS,UNITED STATES,AVMV,2026-07-28,,,,,,,,,,,,,,,,,,,,,,
BJ S WHOLESALE CLUB HOLDINGS COMMON STOCK USD.01,BJ,COMMON STOCK,05550J101,US05550J1016,BFZNZF8,25480.0,2413465.6,0.3320109184311485,0,,CONSUMER STAPLES,UNITED STATES,AVMV,2026-07-28,,,,,,,,,,,,,,,,,,,,,,
GRACO INC COMMON STOCK USD1.0,GGG,COMMON STOCK,384109104,US3841091040,2380443,29233.0,2351502.52,0.3234869025514016,0,,INDUSTRIALS,UNITED STATES,AVMV,2026-07-28,,,,,,,,,,,,,,,,,,,,,,
OWENS CORNING COMMON STOCK USD.001,OC,COMMON STOCK,690742101,US6907421019,B1FW7Q2,16276.0,2334792.2,0.32118812991073153,0,,INDUSTRIALS,UNITED STATES,AVMV,2026-07-28,,,,,,,,,,,,,,,,,,,,,,
KEYCORP COMMON STOCK USD1.0,KEY,COMMON STOCK,493267108,US4932671088,2490911,101897.0,2293701.47,0.3155354406798155,0,,FINANCIALS,UNITED STATES,AVMV,2026-07-28,,,,,,,,,,,,,,,,,,,,,,
CINCINNATI FINANCIAL CORP COMMON STOCK USD2.0,CINF,COMMON STOCK,172062101,US1720621010,2196888,12371.0,2279109.33,0.31352805768530506,0,,FINANCIALS,UNITED STATES,AVMV,2026-07-28,,,,,,,,,,,,,,,,,,,,,,
ALLY FINANCIAL INC COMMON STOCK USD.01,ALLY,COMMON STOCK,02005N100,US02005N1000,B72XK05,51994.0,2271097.92,0.31242595969309483,0,,FINANCIALS,UNITED STATES,AVMV,2026-07-28,,,,,,,,,,,,,,,,,,,,,,
ADVANCED DRAINAGE SYSTEMS IN COMMON STOCK USD.01,WMS,COMMON STOCK,00790R104,US00790R1041,BP7RS59,15766.0,2257533.54,0.31055996157746013,0,,INDUSTRIALS,UNITED STATES,AVMV,2026-07-28,,,,,,,,,,,,,,,,,,,,,,
COGNIZANT TECH SOLUTIONS A COMMON STOCK USD.01,CTSH,COMMON STOCK,192446102,US1924461023,2257019,47510.0,2235345.5,0.30750764065828606,0,,INFORMATION TECHNOLOGY,UNITED STATES,AVMV,2026-07-28,,,,,,,,,,,,,,,,,,,,,,
MURPHY USA INC COMMON STOCK USD.01,MUSA,COMMON STOCK,626755102,US6267551025,BCZWJ63,3658.0,2232989.52,0.3071835378065174,0,,CONSUMER DISCRETIONARY,UNITED STATES,AVMV,2026-07-28,,,,,,,,,,,,,,,,,,,,,,
KIMBERLY CLARK CORP COMMON STOCK USD1.25,KMB,COMMON STOCK,494368103,US4943681035,2491839,19457.0,2168288.08,0.29828281657054134,0,,CONSUMER STAPLES,UNITED STATES,AVMV,2026-07-28,,,,,,,,,,,,,,,,,,,,,,
FIDELITY NATIONAL FINANCIAL COMMON STOCK USD.0001,FNF,COMMON STOCK,31620R303,US31620R3030,BNBRDD4,41612.0,2164656.24,0.29778319870401987,0,,FINANCIALS,UNITED STATES,AVMV,2026-07-28,,,,,,,,,,,,,,,,,,,,,,
FOX CORP   CLASS A COMMON STOCK USD.01,FOXA,COMMON STOCK,35137L105,US35137L1052,BJJMGL2,38153.0,2160985.92,0.2972782872960693,0,,COMMUNICATION SERVICES,UNITED STATES,AVMV,2026-07-28,,,,,,,,,,,,,,,,,,,,,,
REGIONS FINANCIAL CORP COMMON STOCK USD.01,RF,COMMON STOCK,7591EP100,US7591EP1005,B01R311,70208.0,2158193.92,0.29689420289716184,0,,FINANCIALS,UNITED STATES,AVMV,2026-07-28,,,,,,,,,,,,,,,,,,,,,,
NORWEGIAN CRUISE LINE HOLDIN COMMON STOCK USD.001,NCLH,COMMON STOCK,G66721104,BMG667211046,B9CGTC3,107338.0,2149980.14,0.2957642656643331,0,,CONSUMER DISCRETIONARY,UNITED STATES,AVMV,2026-07-28,,,,,,,,,,,,,,,,,,,,,,
STIFEL FINANCIAL CORP COMMON STOCK USD.15,SF,COMMON STOCK,860630102,US8606301021,2849234,25547.0,2104306.39,0.2894811084957807,0,,FINANCIALS,UNITED STATES,AVMV,2026-07-28,,,,,,,,,,,,,,,,,,,,,,
SAIA INC COMMON STOCK USD.001,SAIA,COMMON STOCK,78709Y105,US78709Y1055,2982399,4978.0,2090361.76,0.2875628008913622,0,,INDUSTRIALS,UNITED STATES,AVMV,2026-07-28,,,,,,,,,,,,,,,,,,,,,,
EVERCORE INC   A COMMON STOCK USD.01,EVR,COMMON STOCK,29977A105,US29977A1051,B1BHXZ2,6126.0,2083513.86,0.28662076236869805,0,,FINANCIALS,UNITED STATES,AVMV,2026-07-28,,,,,,,,,,,,,,,,,,,,,,
AMKOR TECHNOLOGY INC COMMON STOCK USD.001,AMKR,COMMON STOCK,031652100,US0316521006,2242929,34207.0,2076706.97,0.285684365429558,0,,INFORMATION TECHNOLOGY,UNITED STATES,AVMV,2026-07-28,,,,,,,,,,,,,,,,,,,,,,
NEXTPOWER INC CL A COMMON STOCK USD.0001,NXT,COMMON STOCK,65290E101,US65290E1010,BR1GTS6,19911.0,2065368.03,0.2841245122941184,0,,INDUSTRIALS,UNITED STATES,AVMV,2026-07-28,,,,,,,,,,,,,,,,,,,,,,
POPULAR INC COMMON STOCK USD.01,BPOP,COMMON STOCK,733174700,PR7331747001,B86QM90,11872.0,2034979.52,0.2799440851461805,0,,FINANCIALS,UNITED STATES,AVMV,2026-07-28,,,,,,,,,,,,,,,,,,,,,,
SKYWORKS SOLUTIONS INC COMMON STOCK USD.25,SWKS,COMMON STOCK,83088M102,US83088M1027,2961053,31896.0,2023482.24,0.2783624498031037,0,,INFORMATION TECHNOLOGY,UNITED STATES,AVMV,2026-07-28,,,,,,,,,,,,,,,,,,,,,,
TORO CO COMMON STOCK USD1.0,TTC,COMMON STOCK,891092108,US8910921084,2897040,21371.0,2021482.89,0.2780874071301253,0,,INDUSTRIALS,UNITED STATES,AVMV,2026-07-28,,,,,,,,,,,,,,,,,,,,,,
ENCOMPASS HEALTH CORP COMMON STOCK USD.01,EHC,COMMON STOCK,29261A100,US29261A1007,BYX2YJ7,17518.0,1994949.84,0.2744373603677934,0,,HEALTH CARE,UNITED STATES,AVMV,2026-07-28,,,,,,,,,,,,,,,,,,,,,,
PRIMERICA INC COMMON STOCK,PRI,COMMON STOCK,74164M108,US74164M1080,B50K3X8,6317.0,1988023.07,0.27348447201112436,0,,FINANCIALS,UNITED STATES,AVMV,2026-07-28,,,,,,,,,,,,,,,,,,,,,,
SOLSTICE ADV MATERIALS INC COMMON STOCK,SOLS,COMMON STOCK,83443Q103,US83443Q1031,BW2K5V7,32705.0,1981595.95,0.2726003185290663,0,,MATERIALS,UNITED STATES,AVMV,2026-07-28,,,,,,,,,,,,,,,,,,,,,,
VALMONT INDUSTRIES COMMON STOCK USD1.0,VMI,COMMON STOCK,920253101,US9202531011,2926825,3999.0,1978745.19,0.27220815074932797,0,,INDUSTRIALS,UNITED STATES,AVMV,2026-07-28,,,,,,,,,,,,,,,,,,,,,,
RANGE RESOURCES CORP COMMON STOCK USD.01,RRC,COMMON STOCK,75281A109,US75281A1097,2523334,51371.0,1945933.48,0.26769437356004616,0,,ENERGY,UNITED STATES,AVMV,2026-07-28,,,,,,,,,,,,,,,,,,,,,,
APPLIED INDUSTRIAL TECH INC COMMON STOCK,AIT,COMMON STOCK,03820C105,US03820C1053,2086309,5564.0,1943560.84,0.26736797885796026,0,,INDUSTRIALS,UNITED STATES,AVMV,2026-07-28,,,,,,,,,,,,,,,,,,,,,,
ACUITY INC COMMON STOCK USD.01,AYI,COMMON STOCK,00508Y102,US00508Y1029,2818461,5739.0,1928131.83,0.2652454709669908,0,,INDUSTRIALS,UNITED STATES,AVMV,2026-07-28,,,,,,,,,,,,,,,,,,,,,,
JACK HENRY + ASSOCIATES INC COMMON STOCK USD.01,JKHY,COMMON STOCK,426281101,US4262811015,2469193,12529.0,1916686.42,0.2636709711746917,0,,FINANCIALS,UNITED STATES,AVMV,2026-07-28,,,,,,,,,,,,,,,,,,,,,,
WINTRUST FINANCIAL CORP COMMON STOCK,WTFC,COMMON STOCK,97650W108,US97650W1080,2425258,11968.0,1901416.0,0.26157027988287074,0,,FINANCIALS,UNITED STATES,AVMV,2026-07-28,,,,,,,,,,,,,,,,,,,,,,
AMERICAN FINANCIAL GROUP INC COMMON STOCK,AFG,COMMON STOCK,025932104,US0259321042,2134532,12917.0,1858497.96,0.25566621484143626,0,,FINANCIALS,UNITED STATES,AVMV,2026-07-28,,,,,,,,,,,,,,,,,,,,,,
ZIONS BANCORP NA COMMON STOCK USD.001,ZION,COMMON STOCK,989701107,US9897011071,2989828,26918.0,1844421.36,0.2537297526459992,0,,FINANCIALS,UNITED STATES,AVMV,2026-07-28,,,,,,,,,,,,,,,,,,,,,,
ANTERO RESOURCES CORP COMMON STOCK USD.01,AR,COMMON STOCK,03674X106,US03674X1063,BFD2WR8,54186.0,1834196.1,0.25232310406406067,0,,ENERGY,UNITED STATES,AVMV,2026-07-28,,,,,,,,,,,,,,,,,,,,,,
AUTOLIV INC COMMON STOCK USD1.0,ALV,COMMON STOCK,052800109,US0528001094,2064253,15045.0,1799682.9,0.24757525962409932,0,,CONSUMER DISCRETIONARY,UNITED STATES,AVMV,2026-07-28,,,,,,,,,,,,,,,,,,,,,,
UNIVERSAL HEALTH SERVICES B COMMON STOCK USD.01,UHS,COMMON STOCK,913903100,US9139031002,2923785,11101.0,1768500.31,0.24328559403078742,0,,HEALTH CARE,UNITED STATES,AVMV,2026-07-28,,,,,,,,,,,,,,,,,,,,,,
OLD REPUBLIC INTL CORP COMMON STOCK USD1.0,ORI,COMMON STOCK,680223104,US6802231042,2659109,40718.0,1753724.26,0.24125291126485754,0,,FINANCIALS,UNITED STATES,AVMV,2026-07-28,,,,,,,,,,,,,,,,,,,,,,
CULLEN/FROST BANKERS INC COMMON STOCK USD.01,CFR,COMMON STOCK,229899109,US2298991090,2239556,10543.0,1727786.84,0.23768480296617933,0,,FINANCIALS,UNITED STATES,AVMV,2026-07-28,,,,,,,,,,,,,,,,,,,,,,
AXIS CAPITAL HOLDINGS LTD COMMON STOCK USD.0125,AXS,COMMON STOCK,G0692U109,BMG0692U1099,2677606,14747.0,1726136.35,0.23745775158381804,0,,FINANCIALS,UNITED STATES,AVMV,2026-07-28,,,,,,,,,,,,,,,,,,,,,,
VIASAT INC COMMON STOCK USD.0001,VSAT,COMMON STOCK,92552V100,US92552V1008,2946243,22734.0,1702094.58,0.23415042035920458,0,,INFORMATION TECHNOLOGY,UNITED STATES,AVMV,2026-07-28,,,,,,,,,,,,,,,,,,,,,,
JACKSON FINANCIAL INC A COMMON STOCK USD.01,JXN,COMMON STOCK,46817M107,US46817M1071,BMFX6P4,13768.0,1666616.4,0.2292698274367011,0,,FINANCIALS,UNITED STATES,AVMV,2026-07-28,,,,,,,,,,,,,,,,,,,,,,
MANHATTAN ASSOCIATES INC COMMON STOCK USD.01,MANH,COMMON STOCK,562750109,US5627501092,2239471,10226.0,1628899.54,0.22408126815956075,0,,INFORMATION TECHNOLOGY,UNITED STATES,AVMV,2026-07-28,,,,,,,,,,,,,,,,,,,,,,
SIMPSON MANUFACTURING CO INC COMMON STOCK USD.01,SSD,COMMON STOCK,829073105,US8290731053,2809250,8323.0,1608336.52,0.22125249481557027,0,,INDUSTRIALS,UNITED STATES,AVMV,2026-07-28,,,,,,,,,,,,,,,,,,,,,,
ANTERO MIDSTREAM CORP COMMON STOCK,AM,COMMON STOCK,03676B102,US03676B1026,BJBT0Q4,72507.0,1592978.79,0.21913979263232078,0,,ENERGY,UNITED STATES,AVMV,2026-07-28,,,,,,,,,,,,,,,,,,,,,,
WESTERN ALLIANCE BANCORP COMMON STOCK USD.0001,WAL,COMMON STOCK,957638109,US9576381092,B0CCGJ4,18656.0,1543970.56,0.21239792423652307,0,,FINANCIALS,UNITED STATES,AVMV,2026-07-28,,,,,,,,,,,,,,,,,,,,,,
AGCO CORP COMMON STOCK USD.01,AGCO,COMMON STOCK,001084102,US0010841023,2010278,12789.0,1537749.36,0.21154209835454493,0,,INDUSTRIALS,UNITED STATES,AVMV,2026-07-28,,,,,,,,,,,,,,,,,,,,,,
COMMERCE BANCSHARES INC COMMON STOCK USD5.0,CBSH,COMMON STOCK,200525103,US2005251036,2213204,25414.0,1499426.0,0.20627010527083678,0,,FINANCIALS,UNITED STATES,AVMV,2026-07-28,,,,,,,,,,,,,,,,,,,,,,
BROWN FORMAN CORP CLASS B COMMON STOCK USD.15,BF.B,COMMON STOCK,115637209,US1156372096,2146838,54277.0,1487189.8,0.20458681962545314,0,,CONSUMER STAPLES,UNITED STATES,AVMV,2026-07-28,,,,,,,,,,,,,,,,,,,,,,
KIRBY CORP COMMON STOCK USD.1,KEX,COMMON STOCK,497266106,US4972661064,2493534,10187.0,1477929.96,0.20331298005511678,0,,INDUSTRIALS,UNITED STATES,AVMV,2026-07-28,,,,,,,,,,,,,,,,,,,,,,
OSHKOSH CORP COMMON STOCK USD.01,OSK,COMMON STOCK,688239201,US6882392011,2663520,9341.0,1447387.95,0.19911143651920177,0,,INDUSTRIALS,UNITED STATES,AVMV,2026-07-28,,,,,,,,,,,,,,,,,,,,,,
VOYA FINANCIAL INC COMMON STOCK USD.01,VOYA,COMMON STOCK,929089100,US9290891004,BKWQ2N2,14563.0,1441882.63,0.1983540914178432,0,,FINANCIALS,UNITED STATES,AVMV,2026-07-28,,,,,,,,,,,,,,,,,,,,,,
MAPLEBEAR INC COMMON STOCK USD.0001,CART,COMMON STOCK,565394103,US5653941030,BN4L6W3,32385.0,1426883.1,0.1962906653920753,0,,CONSUMER STAPLES,UNITED STATES,AVMV,2026-07-28,,,,,,,,,,,,,,,,,,,,,,
LITHIA MOTORS INC COMMON STOCK,LAD,COMMON STOCK,536797103,US5367971034,2515030,4122.0,1424068.56,0.19590348025450335,0,,CONSUMER DISCRETIONARY,UNITED STATES,AVMV,2026-07-28,,,,,,,,,,,,,,,,,,,,,,
COLUMBIA BANKING SYSTEM INC COMMON STOCK,COLB,COMMON STOCK,197236102,US1972361026,2176608,45528.0,1406815.2,0.19353000374850993,0,,FINANCIALS,UNITED STATES,AVMV,2026-07-28,,,,,,,,,,,,,,,,,,,,,,
VF CORP COMMON STOCK,VFC,COMMON STOCK,918204108,US9182041080,2928683,81692.0,1398567.04,0.19239533699503847,0,,CONSUMER DISCRETIONARY,UNITED STATES,AVMV,2026-07-28,,,,,,,,,,,,,,,,,,,,,,
FOX CORP   CLASS B COMMON STOCK USD.01,FOX,COMMON STOCK,35137L204,US35137L2043,BJJMGY5,27111.0,1377509.91,0.1894985908923287,0,,COMMUNICATION SERVICES,UNITED STATES,AVMV,2026-07-28,,,,,,,,,,,,,,,,,,,,,,
COREBRIDGE FINANCIAL INC COMMON STOCK USD.01,CRBG,COMMON STOCK,21871X109,US21871X1090,BMTX0G9,42873.0,1360360.29,0.18713938548789072,0,,FINANCIALS,UNITED STATES,AVMV,2026-07-28,,,,,,,,,,,,,,,,,,,,,,
U HAUL HOLDING CO NON VOTING COMMON STOCK USD.001,UHAL.B,COMMON STOCK,023586506,US0235865062,BP0VMC3,21155.0,1357304.8,0.18671905381166665,0,,INDUSTRIALS,UNITED STATES,AVMV,2026-07-28,,,,,,,,,,,,,,,,,,,,,,
TAPESTRY INC COMMON STOCK USD.01,TPR,COMMON STOCK,876030107,US8760301072,BF09HX3,9204.0,1356945.72,0.186669656596065,0,,CONSUMER DISCRETIONARY,UNITED STATES,AVMV,2026-07-28,,,,,,,,,,,,,,,,,,,,,,
LINCOLN NATIONAL CORP COMMON STOCK,LNC,COMMON STOCK,534187109,US5341871094,2516378,32921.0,1356345.2,0.18658704543444898,0,,FINANCIALS,UNITED STATES,AVMV,2026-07-28,,,,,,,,,,,,,,,,,,,,,,
INTERDIGITAL INC COMMON STOCK USD.01,IDCC,COMMON STOCK,45867G101,US45867G1013,2465737,5218.0,1352818.68,0.18610191602383475,0,,INFORMATION TECHNOLOGY,UNITED STATES,AVMV,2026-07-28,,,,,,,,,,,,,,,,,,,,,,
SMITH (A.O.) CORP COMMON STOCK USD1.0,AOS,COMMON STOCK,831865209,US8318652091,2816023,21580.0,1347455.2,0.18536408329036339,0,,INDUSTRIALS,UNITED STATES,AVMV,2026-07-28,,,,,,,,,,,,,,,,,,,,,,
KINSALE CAPITAL GROUP INC COMMON STOCK USD.01,KNSL,COMMON STOCK,49714P108,US49714P1084,BD1MGQ3,3708.0,1340627.4,0.18442480984521287,0,,FINANCIALS,UNITED STATES,AVMV,2026-07-28,,,,,,,,,,,,,,,,,,,,,,
CIRRUS LOGIC INC COMMON STOCK USD.001,CRUS,COMMON STOCK,172755100,US1727551004,2197308,9837.0,1339012.44,0.18420264618444657,0,,INFORMATION TECHNOLOGY,UNITED STATES,AVMV,2026-07-28,,,,,,,,,,,,,,,,,,,,,,
MOLSON COORS BEVERAGE CO   B COMMON STOCK USD.01,TAP,COMMON STOCK,60871R209,US60871R2094,B067BM3,32445.0,1334462.85,0.18357677707970974,0,,CONSUMER STAPLES,UNITED STATES,AVMV,2026-07-28,,,,,,,,,,,,,,,,,,,,,,
PARAMOUNT SKYDANCE CL B COMMON STOCK USD.001,PSKY,COMMON STOCK,69932A204,US69932A2042,BSNMNQ5,166160.0,1334264.8,0.18354953212440758,0,,COMMUNICATION SERVICES,UNITED STATES,AVMV,2026-07-28,,,,,,,,,,,,,,,,,,,,,,
LEAR CORP COMMON STOCK USD.01,LEA,COMMON STOCK,521865204,US5218652049,B570P91,9090.0,1318050.0,0.18131892621058085,0,,CONSUMER DISCRETIONARY,UNITED STATES,AVMV,2026-07-28,,,,,,,,,,,,,,,,,,,,,,
ARMSTRONG WORLD INDUSTRIES COMMON STOCK USD.01,AWI,COMMON STOCK,04247X102,US04247X1028,B1FT462,7842.0,1295655.24,0.1782381676384905,0,,INDUSTRIALS,UNITED STATES,AVMV,2026-07-28,,,,,,,,,,,,,,,,,,,,,,
CHORD ENERGY CORP COMMON STOCK,CHRD,COMMON STOCK,674215207,US6742152076,BLDDYB1,9754.0,1285577.2,0.17685177152976375,0,,ENERGY,UNITED STATES,AVMV,2026-07-28,,,,,,,,,,,,,,,,,,,,,,
ONEMAIN HOLDINGS INC COMMON STOCK USD.01,OMF,COMMON STOCK,68268W103,US68268W1036,BYSZB89,20719.0,1269245.94,0.17460514467428345,0,,FINANCIALS,UNITED STATES,AVMV,2026-07-28,,,,,,,,,,,,,,,,,,,,,,
INGREDION INC COMMON STOCK USD.01,INGR,COMMON STOCK,457187102,US4571871023,B7K24P7,12445.0,1262545.25,0.17368335724917064,0,,CONSUMER STAPLES,UNITED STATES,AVMV,2026-07-28,,,,,,,,,,,,,,,,,,,,,,
SPROUTS FARMERS MARKET INC COMMON STOCK USD.001,SFM,COMMON STOCK,85208M102,US85208M1027,BCGCR79,16371.0,1257947.64,0.17305088222293105,0,,CONSUMER STAPLES,UNITED STATES,AVMV,2026-07-28,,,,,,,,,,,,,,,,,,,,,,
COREWEAVE INC CL A COMMON STOCK USD.0001,CRWV,COMMON STOCK,21873S108,US21873S1087,BTTRKN7,17747.0,1256310.13,0.17282561644783978,0,,INFORMATION TECHNOLOGY,UNITED STATES,AVMV,2026-07-28,,,,,,,,,,,,,,,,,,,,,,
COMMERCIAL METALS CO COMMON STOCK USD.01,CMC,COMMON STOCK,201723103,US2017231034,2213260,18033.0,1226965.32,0.16878876698154222,0,,MATERIALS,UNITED STATES,AVMV,2026-07-28,,,,,,,,,,,,,,,,,,,,,,
UMB FINANCIAL CORP COMMON STOCK USD1.0,UMBF,COMMON STOCK,902788108,US9027881088,2918510,8629.0,1216430.13,0.16733948255513617,0,,FINANCIALS,UNITED STATES,AVMV,2026-07-28,,,,,,,,,,,,,,,,,,,,,,
PAYCOM SOFTWARE INC COMMON STOCK USD.01,PAYC,COMMON STOCK,70432V102,US70432V1026,BL95MY0,8038.0,1216149.4,0.1673008636391959,0,,INDUSTRIALS,UNITED STATES,AVMV,2026-07-28,,,,,,,,,,,,,,,,,,,,,,
ARGAN INC COMMON STOCK USD.15,AGX,COMMON STOCK,04010E109,US04010E1091,2804501,2222.0,1205479.44,0.16583303943684408,0,,INDUSTRIALS,UNITED STATES,AVMV,2026-07-28,,,,,,,,,,,,,,,,,,,,,,
BRINKER INTERNATIONAL INC COMMON STOCK USD.1,EAT,COMMON STOCK,109641100,US1096411004,2193544,6112.0,1194529.28,0.16432666922855602,0,,CONSUMER DISCRETIONARY,UNITED STATES,AVMV,2026-07-28,,,,,,,,,,,,,,,,,,,,,,
NOV INC COMMON STOCK USD.01,NOV,COMMON STOCK,62955J103,US62955J1034,BN2RYW9,58141.0,1190146.27,0.1637237158756709,0,,ENERGY,UNITED STATES,AVMV,2026-07-28,,,,,,,,,,,,,,,,,,,,,,
SM ENERGY CO COMMON STOCK USD.01,SM,COMMON STOCK,78454L100,US78454L1008,2764188,39277.0,1190093.1,0.16371640148903413,0,,ENERGY,UNITED STATES,AVMV,2026-07-28,,,,,,,,,,,,,,,,,,,,,,
DONALDSON CO INC COMMON STOCK USD5.0,DCI,COMMON STOCK,257651109,US2576511099,2276467,12768.0,1189849.92,0.1636829481781006,0,,INDUSTRIALS,UNITED STATES,AVMV,2026-07-28,,,,,,,,,,,,,,,,,,,,,,
ENERSYS COMMON STOCK USD.01,ENS,COMMON STOCK,29275Y102,US29275Y1029,B020GQ5,6158.0,1171497.92,0.1611583361119297,0,,INDUSTRIALS,UNITED STATES,AVMV,2026-07-28,,,,,,,,,,,,,,,,,,,,,,
FIRST HORIZON CORP COMMON STOCK USD.625,FHN,COMMON STOCK,320517105,US3205171057,2341484,45946.0,1170704.08,0.16104913068240653,0,,FINANCIALS,UNITED STATES,AVMV,2026-07-28,,,,,,,,,,,,,,,,,,,,,,
SOUTHSTATE BANK CORP COMMON STOCK USD2.5,SSB,COMMON STOCK,84472E102,US84472E1029,BVDCQB2,10931.0,1149503.96,0.1581327140108573,0,,FINANCIALS,UNITED STATES,AVMV,2026-07-28,,,,,,,,,,,,,,,,,,,,,,
IES HOLDINGS INC COMMON STOCK USD.01,IESC,COMMON STOCK,44951W106,US44951W1062,BD978B9,1899.0,1145533.77,0.15758655067285648,0,,INDUSTRIALS,UNITED STATES,AVMV,2026-07-28,,,,,,,,,,,,,,,,,,,,,,
CLEAR SECURE INC  CLASS A COMMON STOCK USD.00001,YOU,COMMON STOCK,18467V109,US18467V1098,BLD30T1,21400.0,1139122.0,0.15670450882959622,0,,INFORMATION TECHNOLOGY,UNITED STATES,AVMV,2026-07-28,,,,,,,,,,,,,,,,,,,,,,
AUTONATION INC COMMON STOCK USD.01,AN,COMMON STOCK,05329W102,US05329W1027,2732635,5322.0,1129328.4,0.15535724200683837,0,,CONSUMER DISCRETIONARY,UNITED STATES,AVMV,2026-07-28,,,,,,,,,,,,,,,,,,,,,,
ENSIGN GROUP INC/THE COMMON STOCK USD.001,ENSG,COMMON STOCK,29358P101,US29358P1012,B1YWPP8,6304.0,1122553.28,0.15442521554096242,0,,HEALTH CARE,UNITED STATES,AVMV,2026-07-28,,,,,,,,,,,,,,,,,,,,,,
GAP INC/THE COMMON STOCK USD.05,GAP,COMMON STOCK,364760108,US3647601083,2360326,57064.0,1120736.96,0.15417535158128348,0,,CONSUMER DISCRETIONARY,UNITED STATES,AVMV,2026-07-28,,,,,,,,,,,,,,,,,,,,,,
APTIV PLC COMMON STOCK USD.01,APTV,COMMON STOCK,G3265R107,JE00BTDN8H13,BTDN8H1,19468.0,1118436.6,0.15385890015296305,0,,CONSUMER DISCRETIONARY,UNITED STATES,AVMV,2026-07-28,,,,,,,,,,,,,,,,,,,,,,
MOSAIC CO/THE COMMON STOCK USD.01,MOS,COMMON STOCK,61945C103,US61945C1036,B3NPHP6,50000.0,1117000.0,0.1536612727720639,0,,MATERIALS,UNITED STATES,AVMV,2026-07-28,,,,,,,,,,,,,,,,,,,,,,
HESS MIDSTREAM LP   CLASS A COMMON STOCK,HESM,COMMON STOCK,428103105,US4281031058,BKPK695,26969.0,1073635.89,0.1476958436447337,0,,ENERGY,UNITED STATES,AVMV,2026-07-28,,,,,,,,,,,,,,,,,,,,,,
STONEX GROUP INC COMMON STOCK USD.01,SNEX,COMMON STOCK,861896108,US8618961085,BMQ8XV3,14326.0,1066284.18,0.14668449797270944,0,,FINANCIALS,UNITED STATES,AVMV,2026-07-28,,,,,,,,,,,,,,,,,,,,,,
GLOBALFOUNDRIES INC COMMON STOCK USD.02,GFS,COMMON STOCK,G39387108,KYG393871085,BMW7F63,19785.0,1052166.3,0.14474235705091604,0,,INFORMATION TECHNOLOGY,UNITED STATES,AVMV,2026-07-28,,,,,,,,,,,,,,,,,,,,,,
WEBSTER FINANCIAL CORP COMMON STOCK USD.01,WBS,COMMON STOCK,947890109,US9478901096,2945143,13609.0,1047212.55,0.1440608892532485,0,,FINANCIALS,UNITED STATES,AVMV,2026-07-28,,,,,,,,,,,,,,,,,,,,,,
LANDSTAR SYSTEM INC COMMON STOCK USD.01,LSTR,COMMON STOCK,515098101,US5150981018,2503994,5339.0,1023112.57,0.1407455503091292,0,,INDUSTRIALS,UNITED STATES,AVMV,2026-07-28,,,,,,,,,,,,,,,,,,,,,,
EAGLE MATERIALS INC COMMON STOCK USD.01,EXP,COMMON STOCK,26969P108,US26969P1084,2191399,4707.0,1019959.83,0.1403118403349847,0,,MATERIALS,UNITED STATES,AVMV,2026-07-28,,,,,,,,,,,,,,,,,,,,,,
NEWMARKET CORP COMMON STOCK,NEU,COMMON STOCK,651587107,US6515871076,B01CGF1,1274.0,987400.96,0.13583284534463538,0,,MATERIALS,UNITED STATES,AVMV,2026-07-28,,,,,,,,,,,,,,,,,,,,,,
MOHAWK INDUSTRIES INC COMMON STOCK USD.01,MHK,COMMON STOCK,608190104,US6081901042,2598699,8330.0,963031.3,0.13248040758937807,0,,CONSUMER DISCRETIONARY,UNITED STATES,AVMV,2026-07-28,,,,,,,,,,,,,,,,,,,,,,
EASTMAN CHEMICAL CO COMMON STOCK USD.01,EMN,COMMON STOCK,277432100,US2774321002,2298386,14145.0,957333.6,0.13169659753219506,0,,MATERIALS,UNITED STATES,AVMV,2026-07-28,,,,,,,,,,,,,,,,,,,,,,
GLOBALSTAR INC COMMON STOCK USD.0001,GSAT,COMMON STOCK,378973507,US3789735079,BRJMM32,11253.0,889324.59,0.12234086697125682,0,,COMMUNICATION SERVICES,UNITED STATES,AVMV,2026-07-28,,,,,,,,,,,,,,,,,,,,,,
FIRST AMERICAN FINANCIAL COMMON STOCK USD.00001,FAF,COMMON STOCK,31847R102,US31847R1023,B4NFPK4,11601.0,884924.28,0.12173553372578537,0,,FINANCIALS,UNITED STATES,AVMV,2026-07-28,,,,,,,,,,,,,,,,,,,,,,
APTARGROUP INC COMMON STOCK USD.01,ATR,COMMON STOCK,038336103,US0383361039,2045247,6589.0,878774.93,0.12088959196417311,0,,MATERIALS,UNITED STATES,AVMV,2026-07-28,,,,,,,,,,,,,,,,,,,,,,
HECLA MINING CO COMMON STOCK USD.25,HL,COMMON STOCK,422704106,US4227041062,2418601,57027.0,866240.13,0.1191652290976169,0,,MATERIALS,UNITED STATES,AVMV,2026-07-28,,,,,,,,,,,,,,,,,,,,,,
NOBLE CORP PLC COMMON STOCK USD.00001,NE,COMMON STOCK,G65431127,GB00BMXNWH07,BN2QTL0,20092.0,866166.12,0.11915504783459287,0,,ENERGY,UNITED STATES,AVMV,2026-07-28,,,,,,,,,,,,,,,,,,,,,,
FLUOR CORP COMMON STOCK USD.01,FLR,COMMON STOCK,343412102,US3434121022,2696838,16304.0,842916.8,0.11595673082269939,0,,INDUSTRIALS,UNITED STATES,AVMV,2026-07-28,,,,,,,,,,,,,,,,,,,,,,
FACTSET RESEARCH SYSTEMS INC COMMON STOCK USD.01,FDS,COMMON STOCK,303075105,US3030751057,2329770,3138.0,834394.2,0.11478431044371354,0,,FINANCIALS,UNITED STATES,AVMV,2026-07-28,,,,,,,,,,,,,,,,,,,,,,
OLD NATIONAL BANCORP COMMON STOCK,ONB,COMMON STOCK,680033107,US6800331075,2658441,31371.0,828508.11,0.11397458431922748,0,,FINANCIALS,UNITED STATES,AVMV,2026-07-28,,,,,,,,,,,,,,,,,,,,,,
BOYD GAMING CORP COMMON STOCK USD.01,BYD,COMMON STOCK,103304101,US1033041013,2117232,8833.0,788698.57,0.10849814333008657,0,,CONSUMER DISCRETIONARY,UNITED STATES,AVMV,2026-07-28,,,,,,,,,,,,,,,,,,,,,,
LAMB WESTON HOLDINGS INC COMMON STOCK USD1.0,LW,COMMON STOCK,513272104,US5132721045,BDQZFJ3,14447.0,767280.17,0.10555169874213567,0,,CONSUMER STAPLES,UNITED STATES,AVMV,2026-07-28,,,,,,,,,,,,,,,,,,,,,,
FLOWSERVE CORP COMMON STOCK USD1.25,FLS,COMMON STOCK,34354P105,US34354P1057,2288406,10197.0,741117.96,0.10195266697209984,0,,INDUSTRIALS,UNITED STATES,AVMV,2026-07-28,,,,,,,,,,,,,,,,,,,,,,
MATADOR RESOURCES CO COMMON STOCK USD.01,MTDR,COMMON STOCK,576485205,US5764852050,B7MSLL8,15705.0,740804.85,0.10190959366760777,0,,ENERGY,UNITED STATES,AVMV,2026-07-28,,,,,,,,,,,,,,,,,,,,,,
GALAXY DIGITAL INC A COMMON STOCK USD.001,GLXY,COMMON STOCK,36317J209,US36317J2096,BV97X10,31748.0,720679.6,0.09914104261133563,0,,FINANCIALS,UNITED STATES,AVMV,2026-07-28,,,,,,,,,,,,,,,,,,,,,,
STERLING INFRASTRUCTURE INC COMMON STOCK USD.01,STRL,COMMON STOCK,859241101,US8592411016,2632876,1116.0,708247.08,0.09743074999990846,0,,INDUSTRIALS,UNITED STATES,AVMV,2026-07-28,,,,,,,,,,,,,,,,,,,,,,
OSCAR HEALTH INC   CLASS A COMMON STOCK USD.00001,OSCR,COMMON STOCK,687793109,US6877931096,BKY83Q6,24925.0,706374.5,0.0971731465745123,0,,FINANCIALS,UNITED STATES,AVMV,2026-07-28,,,,,,,,,,,,,,,,,,,,,,
LIFE TIME GROUP HOLDINGS INC COMMON STOCK USD.01,LTH,COMMON STOCK,53190C102,US53190C1027,BPH0546,15671.0,685762.96,0.09433769852599636,0,,CONSUMER DISCRETIONARY,UNITED STATES,AVMV,2026-07-28,,,,,,,,,,,,,,,,,,,,,,
ESSENT GROUP LTD COMMON STOCK USD.015,ESNT,COMMON STOCK,G3198U102,BMG3198U1027,BFWGXR8,10010.0,664363.7,0.09139388695215543,0,,FINANCIALS,UNITED STATES,AVMV,2026-07-28,,,,,,,,,,,,,,,,,,,,,,
VIRTU FINANCIAL INC CLASS A COMMON STOCK USD.00001,VIRT,COMMON STOCK,928254101,US9282541013,BWTVWD4,11046.0,650057.1,0.08942578456626393,0,,FINANCIALS,UNITED STATES,AVMV,2026-07-28,,,,,,,,,,,,,,,,,,,,,,
SSC GOVERNMENT MM GVMXX,OTHER,SWEEP INVESTMENT VEHICLE,7839989D1,,,648886.0,648885.67,0.08926463557363781,3.5792995,12/31/2030,MISCELLANEOUS,UNITED STATES,AVMV,2026-07-28,,,,,,,,,,,,,,,,,,,,,,
DOCUSIGN INC COMMON STOCK USD.0001,DOCU,COMMON STOCK,256163106,US2561631068,BFYT7B7,12164.0,643597.24,0.08853712717187776,0,,INFORMATION TECHNOLOGY,UNITED STATES,AVMV,2026-07-28,,,,,,,,,,,,,,,,,,,,,,
URBAN OUTFITTERS INC COMMON STOCK USD.0001,URBN,COMMON STOCK,917047102,US9170471026,2933438,8621.0,625970.81,0.08611232890130688,0,,CONSUMER DISCRETIONARY,UNITED STATES,AVMV,2026-07-28,,,,,,,,,,,,,,,,,,,,,,
HANOVER INSURANCE GROUP INC/ COMMON STOCK USD.01,THG,COMMON STOCK,410867105,US4108671052,2020415,2758.0,605436.16,0.08328745830602588,0,,FINANCIALS,UNITED STATES,AVMV,2026-07-28,,,,,,,,,,,,,,,,,,,,,,
KODIAK GAS SERVICES INC COMMON STOCK USD.01,KGS,COMMON STOCK,50012A108,US50012A1088,BQLSDK5,10376.0,599110.24,0.08241722650776782,0,,ENERGY,UNITED STATES,AVMV,2026-07-28,,,,,,,,,,,,,,,,,,,,,,
AXALTA COATING SYSTEMS LTD COMMON STOCK USD1.0,AXTA,COMMON STOCK,G0750C108,BMG0750C1082,BSFWCF5,17756.0,599087.44,0.08241409000193146,0,,MATERIALS,UNITED STATES,AVMV,2026-07-28,,,,,,,,,,,,,,,,,,,,,,
HEXCEL CORP COMMON STOCK USD.01,HXL,COMMON STOCK,428291108,US4282911084,2416779,5439.0,596767.08,0.08209488725270193,0,,INDUSTRIALS,UNITED STATES,AVMV,2026-07-28,,,,,,,,,,,,,,,,,,,,,,
INSULET CORP COMMON STOCK USD.001,PODD,COMMON STOCK,45784P101,US45784P1012,B1XGNW4,3517.0,580305.0,0.07983026400715536,0,,HEALTH CARE,UNITED STATES,AVMV,2026-07-28,,,,,,,,,,,,,,,,,,,,,,
KRAFT HEINZ CO/THE COMMON STOCK USD.01,KHC,COMMON STOCK,500754106,US5007541064,BYRY499,21442.0,562209.24,0.07734090186447155,0,,CONSUMER STAPLES,UNITED STATES,AVMV,2026-07-28,,,,,,,,,,,,,,,,,,,,,,
MGIC INVESTMENT CORP COMMON STOCK USD1.0,MTG,COMMON STOCK,552848103,US5528481030,2548616,18689.0,560670.0,0.07712915470466701,0,,FINANCIALS,UNITED STATES,AVMV,2026-07-28,,,,,,,,,,,,,,,,,,,,,,
ERIE INDEMNITY COMPANY CL A COMMON STOCK,ERIE,COMMON STOCK,29530P102,US29530P1021,2311711,2384.0,544171.84,0.07485956807620045,0,,FINANCIALS,UNITED STATES,AVMV,2026-07-28,,,,,,,,,,,,,,,,,,,,,,
LEVI STRAUSS + CO  CLASS A COMMON STOCK USD.001,LEVI,COMMON STOCK,52736R102,US52736R1023,BHRWS81,19945.0,509195.85,0.0700480594460635,0,,CONSUMER DISCRETIONARY,UNITED STATES,AVMV,2026-07-28,,,,,,,,,,,,,,,,,,,,,,
RESMED INC COMMON STOCK USD.004,RMD,COMMON STOCK,761152107,US7611521078,2732903,2482.0,504044.56,0.06933941685177701,0,,HEALTH CARE,UNITED STATES,AVMV,2026-07-28,,,,,,,,,,,,,,,,,,,,,,
UL SOLUTIONS INC   CLASS A COMMON STOCK USD.001,ULS,COMMON STOCK,903731107,US9037311076,BPW6WJ3,5189.0,467321.34,0.06428754870004155,0,,INDUSTRIALS,UNITED STATES,AVMV,2026-07-28,,,,,,,,,,,,,,,,,,,,,,
ORMAT TECHNOLOGIES INC COMMON STOCK USD.001,ORA,COMMON STOCK,686688102,US6866881021,B03L311,4425.0,451881.0,0.06216348218577708,0,,UTILITIES,UNITED STATES,AVMV,2026-07-28,,,,,,,,,,,,,,,,,,,,,,
BOK FINANCIAL CORPORATION COMMON STOCK USD.00006,BOKF,COMMON STOCK,05561Q201,US05561Q2012,2109091,3184.0,449357.92,0.061816392047813126,0,,FINANCIALS,UNITED STATES,AVMV,2026-07-28,,,,,,,,,,,,,,,,,,,,,,
SEI INVESTMENTS COMPANY COMMON STOCK USD.01,SEIC,COMMON STOCK,784117103,US7841171033,2793610,4418.0,448515.36,0.06170048440055544,0,,FINANCIALS,UNITED STATES,AVMV,2026-07-28,,,,,,,,,,,,,,,,,,,,,,
MYR GROUP INC/DELAWARE COMMON STOCK USD.01,MYRG,COMMON STOCK,55405W104,US55405W1045,B3CLS18,1174.0,433206.0,0.05959443628692453,0,,INDUSTRIALS,UNITED STATES,AVMV,2026-07-28,,,,,,,,,,,,,,,,,,,,,,
TEXAS PACIFIC LAND CORP COMMON STOCK USD.01,TPL,COMMON STOCK,88262P102,US88262P1021,BM99VY2,1052.0,417244.24,0.05739864008523946,0,,ENERGY,UNITED STATES,AVMV,2026-07-28,,,,,,,,,,,,,,,,,,,,,,
DARLING INGREDIENTS INC COMMON STOCK USD.01,DAR,COMMON STOCK,237266101,US2372661015,2250289,6681.0,404400.93,0.055631836718000274,0,,CONSUMER STAPLES,UNITED STATES,AVMV,2026-07-28,,,,,,,,,,,,,,,,,,,,,,
CENTRAL BANCOMPANY COMMON STOCK,CBC,COMMON STOCK,152413100,US1524131000,B3KKGR9,12567.0,402898.02,0.055425087332627083,0,,FINANCIALS,UNITED STATES,AVMV,2026-07-28,,,,,,,,,,,,,,,,,,,,,,
DILLARDS INC CL A COMMON STOCK,DDS,COMMON STOCK,254067101,US2540671011,2269768,680.0,390286.0,0.05369010161604094,0,,CONSUMER DISCRETIONARY,UNITED STATES,AVMV,2026-07-28,,,,,,,,,,,,,,,,,,,,,,
CHEWY INC   CLASS A COMMON STOCK USD.01,CHWY,COMMON STOCK,16679L109,US16679L1098,BJLFHW7,17238.0,375788.4,0.05169572411546774,0,,CONSUMER DISCRETIONARY,UNITED STATES,AVMV,2026-07-28,,,,,,,,,,,,,,,,,,,,,,
RPM INTERNATIONAL INC COMMON STOCK USD.01,RPM,COMMON STOCK,749685103,US7496851038,2756174,3097.0,333763.69,0.04591455094941859,0,,MATERIALS,UNITED STATES,AVMV,2026-07-28,,,,,,,,,,,,,,,,,,,,,,
PAYLOCITY HOLDING CORP COMMON STOCK USD.001,PCTY,COMMON STOCK,70438V106,US70438V1061,BKM4N88,2523.0,328393.68,0.04517581990967042,0,,INDUSTRIALS,UNITED STATES,AVMV,2026-07-28,,,,,,,,,,,,,,,,,,,,,,
HUNTINGTON BANCSHARES INC COMMON STOCK USD.01,HBAN,COMMON STOCK,446150104,US4461501045,2445966,18499.0,317442.84,0.043669356156471474,0,,FINANCIALS,UNITED STATES,AVMV,2026-07-28,,,,,,,,,,,,,,,,,,,,,,
UBIQUITI INC COMMON STOCK USD.001,UI,COMMON STOCK,90353W103,US90353W1036,BK9Z6V8,581.0,313513.41,0.043128800010483345,0,,INFORMATION TECHNOLOGY,UNITED STATES,AVMV,2026-07-28,,,,,,,,,,,,,,,,,,,,,,
ARCHROCK INC COMMON STOCK USD.01,AROC,COMMON STOCK,03957W106,US03957W1062,BYRGSX7,7692.0,274527.48,0.03776565979203877,0,,ENERGY,UNITED STATES,AVMV,2026-07-28,,,,,,,,,,,,,,,,,,,,,,
UNUM GROUP COMMON STOCK USD.1,UNM,COMMON STOCK,91529Y106,US91529Y1064,2433842,3136.0,271013.12,0.037282203184537226,0,,FINANCIALS,UNITED STATES,AVMV,2026-07-28,,,,,,,,,,,,,,,,,,,,,,
TRADE DESK INC/THE  CLASS A COMMON STOCK USD.000001,TTD,COMMON STOCK,88339J105,US88339J1051,BD8FDD1,14905.0,266501.4,0.036661543705941727,0,,COMMUNICATION SERVICES,UNITED STATES,AVMV,2026-07-28,,,,,,,,,,,,,,,,,,,,,,
VALLEY NATIONAL BANCORP COMMON STOCK,VLY,COMMON STOCK,919794107,US9197941076,2935326,18519.0,265747.65,0.03655785329918081,0,,FINANCIALS,UNITED STATES,AVMV,2026-07-28,,,,,,,,,,,,,,,,,,,,,,
PILGRIM S PRIDE CORP COMMON STOCK USD.01,PPC,COMMON STOCK,72147K108,US72147K1088,B5L3PZ2,8639.0,252172.41,0.03469036121629251,0,,CONSUMER STAPLES,UNITED STATES,AVMV,2026-07-28,,,,,,,,,,,,,,,,,,,,,,
SMITHFIELD FOODS INC COMMON STOCK NPV,SFD,COMMON STOCK,832248207,US8322482071,BS893N8,8755.0,232707.9,0.032012705548893614,0,,CONSUMER STAPLES,UNITED STATES,AVMV,2026-07-28,,,,,,,,,,,,,,,,,,,,,,
SUPER GROUP SGHC LTD COMMON STOCK,SGHC,COMMON STOCK,G8588X103,GG00BMG42V42,BMG42V4,15846.0,232302.36,0.031956917014820216,0,,CONSUMER DISCRETIONARY,UNITED STATES,AVMV,2026-07-28,,,,,,,,,,,,,,,,,,,,,,
BROWN FORMAN CORP CLASS A COMMON STOCK USD.15,BF.A,COMMON STOCK,115637100,US1156371007,2146816,8170.0,228188.1,0.031390934536650844,0,,CONSUMER STAPLES,UNITED STATES,AVMV,2026-07-28,,,,,,,,,,,,,,,,,,,,,,
RED ROCK RESORTS INC CLASS A COMMON STOCK USD.01,RRR,COMMON STOCK,75700L108,US75700L1089,BYY9947,3222.0,209655.54,0.02884148354531276,0,,CONSUMER DISCRETIONARY,UNITED STATES,AVMV,2026-07-28,,,,,,,,,,,,,,,,,,,,,,
COUPANG INC COMMON STOCK USD.0001,CPNG,COMMON STOCK,22266T109,US22266T1097,BNYHDF3,12518.0,199411.74,0.027432284488891567,0,,CONSUMER DISCRETIONARY,UNITED STATES,AVMV,2026-07-28,,,,,,,,,,,,,,,,,,,,,,
CNA FINANCIAL CORP COMMON STOCK USD2.5,CNA,COMMON STOCK,126117100,US1261171003,2204866,3657.0,198136.26,0.027256821749235962,0,,FINANCIALS,UNITED STATES,AVMV,2026-07-28,,,,,,,,,,,,,,,,,,,,,,
PENSKE AUTOMOTIVE GROUP INC COMMON STOCK USD.0001,PAG,COMMON STOCK,70959W103,US70959W1036,2943523,759.0,163716.3,0.022521803967352767,0,,CONSUMER DISCRETIONARY,UNITED STATES,AVMV,2026-07-28,,,,,,,,,,,,,,,,,,,,,,
TIMKEN CO COMMON STOCK,TKR,COMMON STOCK,887389104,US8873891043,2892807,1143.0,161277.3,0.022186280382490577,0,,INDUSTRIALS,UNITED STATES,AVMV,2026-07-28,,,,,,,,,,,,,,,,,,,,,,
LENNAR CORP   B SHS COMMON STOCK USD.1,LEN.B,COMMON STOCK,526057302,US5260573028,2578293,1885.0,157020.5,0.021600689240202198,0,,CONSUMER DISCRETIONARY,UNITED STATES,AVMV,2026-07-28,,,,,,,,,,,,,,,,,,,,,,
VISHAY INTERTECHNOLOGY INC COMMON STOCK USD.1,VSH,COMMON STOCK,928298108,US9282981086,2930149,3895.0,144816.1,0.019921778195063994,0,,INFORMATION TECHNOLOGY,UNITED STATES,AVMV,2026-07-28,,,,,,,,,,,,,,,,,,,,,,
LANTHEUS HOLDINGS INC COMMON STOCK USD.01,LNTH,COMMON STOCK,516544103,US5165441032,BP8S8J5,1275.0,137738.25,0.01894810636024774,0,,HEALTH CARE,UNITED STATES,AVMV,2026-07-28,,,,,,,,,,,,,,,,,,,,,,
ENACT HOLDINGS INC COMMON STOCK USD.01,ACT,COMMON STOCK,29249E109,US29249E1091,BNZFTG9,2726.0,128367.34,0.017658987329242853,0,,FINANCIALS,UNITED STATES,AVMV,2026-07-28,,,,,,,,,,,,,,,,,,,,,,
U HAUL HOLDING CO COMMON STOCK USD.25,UHAL,COMMON STOCK,023586100,US0235861004,2028174,1569.0,114474.24,0.01574776850314656,0,,INDUSTRIALS,UNITED STATES,AVMV,2026-07-28,,,,,,,,,,,,,,,,,,,,,,
ALBERTSONS COS INC   CLASS A COMMON STOCK USD.01,ACI,COMMON STOCK,013091103,US0130911037,BYNQ369,8707.0,98998.59,0.013618844531817113,0,,CONSUMER STAPLES,UNITED STATES,AVMV,2026-07-28,,,,,,,,,,,,,,,,,,,,,,
CARMAX INC COMMON STOCK USD.5,KMX,COMMON STOCK,143130102,US1431301027,2983563,1381.0,80650.4,0.011094756592279372,0,,CONSUMER DISCRETIONARY,UNITED STATES,AVMV,2026-07-28,,,,,,,,,,,,,,,,,,,,,,
PACS GROUP INC COMMON STOCK USD.001,PACS,COMMON STOCK,69380Q107,US69380Q1076,BPW6WD7,1665.0,78388.2,0.010783554684253445,0,,HEALTH CARE,UNITED STATES,AVMV,2026-07-28,,,,,,,,,,,,,,,,,,,,,,
CARLYLE GROUP INC/THE COMMON STOCK USD1.0,CG,COMMON STOCK,14316J108,US14316J1088,BKRTG56,888.0,41096.64,0.005653502246244683,0,,FINANCIALS,UNITED STATES,AVMV,2026-07-28,,,,,,,,,,,,,,,,,,,,,,
INGRAM MICRO HOLDING CORP COMMON STOCK USD.01,INGM,COMMON STOCK,457152106,US4571521065,BS5YN47,828.0,24136.2,0.0033203215862856656,0,,INFORMATION TECHNOLOGY,UNITED STATES,AVMV,2026-07-28,,,,,,,,,,,,,,,,,,,,,,
TRANSOCEAN LTD COMMON STOCK CHF.1,RIG,COMMON STOCK,H8817H100,CH0048265513,B3KFWW1,3900.0,20592.0,0.0028327600079877703,0,,ENERGY,UNITED STATES,AVMV,2026-07-28,,,,,,,,,,,,,,,,,,,,,,
ALIGN TECHNOLOGY INC COMMON STOCK USD.0001,ALGN,COMMON STOCK,016255101,US0162551016,2679204,86.0,14452.3,0.001988145758714144,0,,HEALTH CARE,UNITED STATES,AVMV,2026-07-28,,,,,,,,,,,,,,,,,,,,,,
WEATHERFORD INTERNATIONAL PL COMMON STOCK USD.001,WFRD,COMMON STOCK,G48833118,IE00BLNN3691,BLNN369,3.0,257.76,3.545902387621055e-05,0,,ENERGY,UNITED STATES,AVMV,2026-07-28,,,,,,,,,,,,,,,,,,,,,,
C.H. ROBINSON WORLDWIDE INC COMMON STOCK USD.1,CHRW,COMMON STOCK,12541W209,US12541W2098,2116228,1.0,174.46,2.3999772289896386e-05,0,,INDUSTRIALS,UNITED STATES,AVMV,2026-07-28,,,,,,,,,,,,,,,,,,,,,,
NATIONAL BEVERAGE CORP COMMON STOCK USD.01,FIZZ,COMMON STOCK,635017106,US6350171061,2638625,5.0,156.25,2.149469460217993e-05,0,,CONSUMER STAPLES,UNITED STATES,AVMV,2026-07-28,,,,,,,,,,,,,,,,,,,,,,
OLIN CORP COMMON STOCK USD1.0,OLN,COMMON STOCK,680665205,US6806652052,2658526,6.0,131.28,1.805967044719476e-05,0,,MATERIALS,UNITED STATES,AVMV,2026-07-28,,,,,,,,,,,,,,,,,,,,,,
PINNACLE FINANCIAL PARTNERS COMMON STOCK USD1.0,PNFP,COMMON STOCK,72348N109,US72348N1090,BV6GRD0,1.0,103.06,1.4177556644484246e-05,0,,FINANCIALS,UNITED STATES,AVMV,2026-07-28,,,,,,,,,,,,,,,,,,,,,,
CLARIVATE PLC COMMON STOCK USD.01,CLVT,COMMON STOCK,G21810109,JE00BJJN4441,BJJN444,40.0,85.2,1.1720627072676672e-05,0,,INDUSTRIALS,UNITED STATES,AVMV,2026-07-28,,,,,,,,,,,,,,,,,,,,,,
BRUNSWICK CORP COMMON STOCK USD.75,BC,COMMON STOCK,117043109,US1170431092,2149309,1.0,80.65,1.1094701565861194e-05,0,,CONSUMER DISCRETIONARY,UNITED STATES,AVMV,2026-07-28,,,,,,,,,,,,,,,,,,,,,,
MERITAGE HOMES CORP COMMON STOCK USD.01,MTH,COMMON STOCK,59001A102,US59001A1025,2601326,1.0,73.35,1.0090469434047346e-05,0,,CONSUMER DISCRETIONARY,UNITED STATES,AVMV,2026-07-28,,,,,,,,,,,,,,,,,,,,,,
PATTERSON UTI ENERGY INC COMMON STOCK USD.01,PTEN,COMMON STOCK,703481101,US7034811015,2672537,4.0,37.64,5.177985950886737e-06,0,,ENERGY,UNITED STATES,AVMV,2026-07-28,,,,,,,,,,,,,,,,,,,,,,
MU 09/18/2026 950 C,2MU   260918C00950000,,2MU   260918C00950000,,,23.0,242047.86,0.5297680171458286,,,,,KYLD,2026-07-28,MU,950.0,2026-09-18,Call,801.0,52.0,-0.1568421052631579,,,,,,,,,,,,,,,
MU 09/18/2026 950 P,2MU   260918P00950000,,2MU   260918P00950000,,,-23.0,-340024.18,-0.7442079249130162,,,,,KYLD,2026-07-28,MU,950.0,2026-09-18,Put,801.0,52.0,0.1568421052631579,,,,,,,,,,,,,,,
United States Treasury Bill 09/03/2026,912797RS8,,912797RS8,,,4800000.0,4781844.1,10.465980022122396,,,,,KYLD,2026-07-28,,,,,,,,,,,,,,,,,,,,,,
United States Treasury Bill 12/24/2026,912797TC1,,912797TC1,,,5000000.0,4919265.8,10.766753685321936,,,,,KYLD,2026-07-28,,,,,,,,,,,,,,,,,,,,,,
United States Treasury Bill 03/18/2027,912797UD7,,912797UD7,,,4800000.0,4680880.03,10.24500085227197,,,,,KYLD,2026-07-28,,,,,,,,,,,,,,,,,,,,,,
AMAT US 07/31/26 C640,AMAT  260731C00640000,,AMAT  260731C00640000,,,-34.0,-3060.0,-0.006697395021241812,,,,,KYLD,2026-07-28,AMAT,640.0,2026-07-31,Call,471.2099914550781,3.0,-0.2637343883514404,,,,,,,,,,,,,,,
AMAT US 09/18/26 C600,AMAT  260918C00600000,,AMAT  260918C00600000,,,34.0,131240.0,0.2872438309110377,,,,,KYLD,2026-07-28,AMAT,600.0,2026-09-18,Call,471.2099914550781,52.0,-0.21465001424153646,,,,,,,,,,,,,,,
AMAT US 09/18/26 P600,AMAT  260918P00600000,,AMAT  260918P00600000,,,-34.0,-406215.0,-0.8890791890698506,,,,,KYLD,2026-07-28,AMAT,600.0,2026-09-18,Put,471.2099914550781,52.0,0.21465001424153646,,,,,,,,,,,,,,,
Advanced Micro Devices Inc,AMD,,007903107,,,5475.0,2709851.25,5.9310275392339555,,,,,KYLD,2026-07-28,,,,,,,,,,,,,,,,,,,,,,
AMD US 07/31/26 C590,AMD   260731C00590000,,AMD   260731C00590000,,,-53.0,-3816.0,-0.008352045555901555,,,,,KYLD,2026-07-28,AMD,590.0,2026-07-31,Call,447.2099914550781,3.0,-0.2420169636354608,,,,,,,,,,,,,,,
AppLovin Corp,APP,,03831W108,,,3942.0,1626981.66,3.560960414815601,,,,,KYLD,2026-07-28,,,,,,,,,,,,,,,,,,,,,,
APP US 07/31/26 C480,APP   260731C00480000,,APP   260731C00480000,,,-39.0,-2827.5,-0.00618852432109844,,,,,KYLD,2026-07-28,APP,480.0,2026-07-31,Call,402.0299987792969,3.0,-0.16243750254313152,,,,,,,,,,,,,,,
Broadcom Inc,AVGO,,11135F101,,,4818.0,1846353.96,4.041098633710492,,,,,KYLD,2026-07-28,,,,,,,,,,,,,,,,,,,,,,
AVGO US 07/31/26 C410,AVGO  260731C00410000,,AVGO  260731C00410000,,,-48.0,-9072.0,-0.019855806415916902,,,,,KYLD,2026-07-28,AVGO,410.0,2026-07-31,Call,375.2300109863281,3.0,-0.08480485125285823,,,,,,,,,,,,,,,
BE US 07/31/26 C310,BE    260731C00310000,,BE    260731C00310000,,,-24.0,-2460.0,-0.005384180311194398,,,,,KYLD,2026-07-28,BE,310.0,2026-07-31,Call,161.49000549316406,3.0,-0.47906449840914817,,,,,,,,,,,,,,,
BE US 09/18/26 C290,BE    260918C00290000,,BE    260918C00290000,,,24.0,35700.0,0.07813627524782114,,,,,KYLD,2026-07-28,BE,290.0,2026-09-18,Call,161.49000549316406,52.0,-0.4431379120925377,,,,,,,,,,,,,,,
BE US 09/18/26 P290,BE    260918P00290000,,BE    260918P00290000,,,-24.0,-276600.0,-0.605391981331858,,,,,KYLD,2026-07-28,BE,290.0,2026-09-18,Put,161.49000549316406,52.0,0.4431379120925377,,,,,,,,,,,,,,,
BWX Technologies Inc,BWXT,,05605H100,,,12483.0,2203623.99,4.823052398468961,,,,,KYLD,2026-07-28,,,,,,,,,,,,,,,,,,,,,,
BWXT US 08/21/26 C200,BWXT  260821C00200000,,BWXT  260821C00200000,,,-122.0,-29890.0,-0.06541997947219536,,,,,KYLD,2026-07-28,BWXT,200.0,2026-08-21,Call,,24.0,,,,,,,,,,,,,,,,
FIDELITY INV MMKT GOVT-I  12/31/2031,FIGXX,,316175108,,,232067.52,232067.52,0.5079241349803708,,,,,KYLD,2026-07-28,,,,,,,,,,,,,,,,,,,,,,
VanEck Gold Miners ETF/USA,GDX,,92189F106,,,32412.0,2454560.76,5.372275494561934,,,,,KYLD,2026-07-28,,,,,,,,,,,,,,,,,,,,,,
GDX US 07/31/26 C78,GDX   260731C00078000,,GDX   260731C00078000,,,-328.0,-24108.0,-0.052764967049705104,,,,,KYLD,2026-07-28,GDX,78.0,2026-07-31,Call,73.66500091552734,3.0,-0.05557691133939303,,,,,,,,,,,,,,,
Hims & Hers Health Inc,HIMS,,433000106,,,55407.0,1675507.68,3.6671688869556927,,,,,KYLD,2026-07-28,,,,,,,,,,,,,,,,,,,,,,
HIMS US 07/31/26 C40,HIMS  260731C00040000,,HIMS  260731C00040000,,,-547.0,-3008.5,-0.006584677425296076,,,,,KYLD,2026-07-28,HIMS,40.0,2026-07-31,Call,27.80500030517578,3.0,-0.30487499237060545,,,,,,,,,,,,,,,
Robinhood Markets Inc,HOOD,,770700102,,,18396.0,1759577.4,3.851171541911638,,,,,KYLD,2026-07-28,,,,,,,,,,,,,,,,,,,,,,
HOOD US 07/31/26 C120,HOOD  260731C00120000,,HOOD  260731C00120000,,,-182.0,-4732.0,-0.010356886679907274,,,,,KYLD,2026-07-28,HOOD,120.0,2026-07-31,Call,89.91999816894531,3.0,-0.2506666819254557,,,,,,,,,,,,,,,
Howmet Aerospace Inc,HWM,,443201108,,,10512.0,3026825.28,6.624785804065639,,,,,KYLD,2026-07-28,,,,,,,,,,,,,,,,,,,,,,
HWM US 07/31/26 C290,HWM   260731C00290000,,HWM   260731C00290000,,,-104.0,-41080.0,-0.08991143381457962,,,,,KYLD,2026-07-28,HWM,290.0,2026-07-31,Call,282.989990234375,3.0,-0.024172447467672414,,,,,,,,,,,,,,,
Intel Corp,INTC,,458140100,,,20148.0,1846967.16,4.04244073914416,,,,,KYLD,2026-07-28,,,,,,,,,,,,,,,,,,,,,,
INTC US 07/31/26 C120,INTC  260731C00120000,,INTC  260731C00120000,,,-102.0,-561.0,-0.0012278557538943323,,,,,KYLD,2026-07-28,INTC,120.0,2026-07-31,Call,83.96869659423828,3.0,-0.30026086171468097,,,,,,,,,,,,,,,
Kurv Enhanced Short Maturity ETF,LQID,,500948104,,,29822.0,744655.34,1.6298205773389312,,,,,KYLD,2026-07-28,,,,,,,,,,,,,,,,,,,,,,
MRVL US 09/18/26 C270,MRVL  260918C00270000,,MRVL  260918C00270000,,,27.0,19575.0,0.04284362991529689,,,,,KYLD,2026-07-28,MRVL,270.0,2026-09-18,Call,168.5850067138672,52.0,-0.37561108624493633,,,,,,,,,,,,,,,
MRVL US 09/18/26 P270,MRVL  260918P00270000,,MRVL  260918P00270000,,,-27.0,-234630.0,-0.5135326123640414,,,,,KYLD,2026-07-28,MRVL,270.0,2026-09-18,Put,168.5850067138672,52.0,0.37561108624493633,,,,,,,,,,,,,,,
MU US 07/31/26 C1050,MU    260731C01050000,,MU    260731C01050000,,,-11.0,-5142.5,-0.011255344410698045,,,,,KYLD,2026-07-28,MU,1050.0,2026-07-31,Call,801.0,3.0,-0.23714285714285716,,,,,,,,,,,,,,,
NFLX US 09/18/26 C65,NFLX  260918C00065000,,NFLX  260918C00065000,,,5.0,3587.5,0.00785192962049183,,,,,KYLD,2026-07-28,NFLX,65.0,2026-09-18,Call,73.5199966430664,52.0,0.13107687143179086,,,,,,,,,,,,,,,
QQQ US 09/18/26 P620,QQQ   260918P00620000,,QQQ   260918P00620000,,,-100.0,-81850.0,-0.17914437336230143,,,,,KYLD,2026-07-28,QQQ,620.0,2026-09-18,Put,670.0800170898438,52.0,-0.08077422111265121,,,,,,,,,,,,,,,
QQQ US 09/18/26 P690,QQQ   260918P00690000,,QQQ   260918P00690000,,,100.0,276600.0,0.605391981331858,,,,,KYLD,2026-07-28,QQQ,690.0,2026-09-18,Put,670.0800170898438,52.0,0.02886954044950181,,,,,,,,,,,,,,,
Reddit Inc,RDDT,,75734B100,,,10731.0,1923317.13,4.209547245336958,,,,,KYLD,2026-07-28,,,,,,,,,,,,,,,,,,,,,,
RDDT US 07/31/26 C225,RDDT  260731C00225000,,RDDT  260731C00225000,,,-106.0,-9275.0,-0.020300110726149612,,,,,KYLD,2026-07-28,RDDT,225.0,2026-07-31,Call,175.08999633789062,3.0,-0.22182223849826388,,,,,,,,,,,,,,,
Shopify Inc,SHOP,,82509L107,,,13140.0,1667203.2,3.6489929447968685,,,,,KYLD,2026-07-28,,,,,,,,,,,,,,,,,,,,,,
SHOP US 07/31/26 C135,SHOP  260731C00135000,,SHOP  260731C00135000,,,-133.0,-12834.5,-0.028090756993505894,,,,,KYLD,2026-07-28,SHOP,135.0,2026-07-31,Call,131.04989624023438,3.0,-0.02926002785011574,,,,,,,,,,,,,,,
Global X Silver Miners ETF,SIL,,37954Y848,,,34383.0,2605543.74,5.7027306117332595,,,,,KYLD,2026-07-28,,,,,,,,,,,,,,,,,,,,,,
SIL US 08/21/26 C84,SIL   260821C00084000,,SIL   260821C00084000,,,-348.0,-36540.0,-0.07997477584188753,,,,,KYLD,2026-07-28,SIL,84.0,2026-08-21,Call,73.06999969482422,24.0,-0.13011905125209264,,,,,,,,,,,,,,,
Teradyne Inc,TER,,880770102,,,7008.0,2346068.16,5.134818697476452,,,,,KYLD,2026-07-28,,,,,,,,,,,,,,,,,,,,,,
TER US 07/31/26 C400,TER   260731C00400000,,TER   260731C00400000,,,-69.0,-44160.0,-0.09665260265948969,,,,,KYLD,2026-07-28,TER,400.0,2026-07-31,Call,305.4049987792969,3.0,-0.2364875030517578,,,,,,,,,,,,,,,
Vanguard FTSE Europe ETF,VGK,,922042874,,,15330.0,1361917.2,2.9808161681776437,,,,,KYLD,2026-07-28,,,,,,,,,,,,,,,,,,,,,,
Vistra Corp,VST,,92840M102,,,13359.0,2098431.72,4.592819004556828,,,,,KYLD,2026-07-28,,,,,,,,,,,,,,,,,,,,,,
VST US 07/31/26 C170,VST   260731C00170000,,VST   260731C00170000,,,-131.0,-6288.0,-0.0137624901612969,,,,,KYLD,2026-07-28,VST,170.0,2026-07-31,Call,148.14999389648438,3.0,-0.12852944766773897,,,,,,,,,,,,,,,
Cash & Other,Cash&Other,,Cash&Other,,,47386.7,47386.7,0.10371485250100633,,,,,KYLD,2026-07-28,,,,,,,,,,,,,,,,,,,,,,
AAPL 09/18/2026 290 C,2AAPL 260918C00290000,,2AAPL 260918C00290000,,,238.0,1205251.04,0.9871145429411692,,,,,KQQQ,2026-07-28,AAPL,290.0,2026-09-18,Call,337.7200012207031,52.0,0.16455172834725215,,,,,,,,,,,,,,,
AAPL 09/18/2026 290 P,2AAPL 260918P00290000,,2AAPL 260918P00290000,,,-238.0,-51736.44,-0.042372742797221086,,,,,KQQQ,2026-07-28,AAPL,290.0,2026-09-18,Put,337.7200012207031,52.0,-0.16455172834725215,,,,,,,,,,,,,,,
MSFT 09/18/2026 410 C,2MSFT 260918C00410000,,2MSFT 260918C00410000,,,179.0,274407.0,0.22474250707542007,,,,,KQQQ,2026-07-28,MSFT,410.0,2026-09-18,Call,395.8550109863281,52.0,-0.034499973204077744,,,,,,,,,,,,,,,
MSFT 09/18/2026 410 P,2MSFT 260918P00410000,,2MSFT 260918P00410000,,,-179.0,-613628.11,-0.5025685199479301,,,,,KQQQ,2026-07-28,MSFT,410.0,2026-09-18,Put,395.8550109863281,52.0,0.034499973204077744,,,,,,,,,,,,,,,
MU 09/18/2026 950 C,2MU   260918C00950000,,2MU   260918C00950000,,,75.0,789286.5,0.6464347732047052,,,,,KQQQ,2026-07-28,MU,950.0,2026-09-18,Call,801.1699829101562,52.0,-0.15666317588404605,,,,,,,,,,,,,,,
MU 09/18/2026 950 P,2MU   260918P00950000,,2MU   260918P00950000,,,-75.0,-1108774.5,-0.9080991407336376,,,,,KQQQ,2026-07-28,MU,950.0,2026-09-18,Put,801.1699829101562,52.0,0.15666317588404605,,,,,,,,,,,,,,,
NVDA 09/18/2026 210 C,2NVDA 260918C00210000,,2NVDA 260918C00210000,,,307.0,240970.44,0.19735757767355455,,,,,KQQQ,2026-07-28,NVDA,210.0,2026-09-18,Call,193.72000122070312,52.0,-0.0775238037109375,,,,,,,,,,,,,,,
NVDA 09/18/2026 210 P,2NVDA 260918P00210000,,2NVDA 260918P00210000,,,-307.0,-617819.08,-0.5060009728550274,,,,,KQQQ,2026-07-28,NVDA,210.0,2026-09-18,Put,193.72000122070312,52.0,0.0775238037109375,,,,,,,,,,,,,,,
United States Treasury Bill 09/03/2026,912797RS8,,912797RS8,,,10100000.0,10061796.95,8.240728087209199,,,,,KQQQ,2026-07-28,,,,,,,,,,,,,,,,,,,,,,
United States Treasury Bill 12/24/2026,912797TC1,,912797TC1,,,12800000.0,12593320.45,10.314075115930558,,,,,KQQQ,2026-07-28,,,,,,,,,,,,,,,,,,,,,,
United States Treasury Bill 03/18/2027,912797UD7,,912797UD7,,,8000000.0,7801466.72,6.389491483519932,,,,,KQQQ,2026-07-28,,,,,,,,,,,,,,,,,,,,,,
Apple Inc,AAPL,,037833100,,,18276.0,6157367.16,5.042954926522498,,,,,KQQQ,2026-07-28,,,,,,,,,,,,,,,,,,,,,,
AAPL US 08/07/26 C360,AAPL  260807C00360000,,AAPL  260807C00360000,,,-210.0,-29820.0,-0.024422924928988787,,,,,KQQQ,2026-07-28,AAPL,360.0,2026-08-07,Call,337.7200012207031,10.0,-0.06188888549804687,,,,,,,,,,,,,,,
AAPL US 09/18/26 P280,AAPL  260918P00280000,,AAPL  260918P00280000,,,40.0,5880.0,0.004815788014166803,,,,,KQQQ,2026-07-28,AAPL,280.0,2026-09-18,Put,337.7200012207031,52.0,-0.20614286150251115,,,,,,,,,,,,,,,
Applied Materials Inc,AMAT,,038222105,,,7758.0,4010032.62,3.2842630999683506,,,,,KQQQ,2026-07-28,,,,,,,,,,,,,,,,,,,,,,
Advanced Micro Devices Inc,AMD,,007903107,,,12499.0,6186380.05,5.066716819025617,,,,,KQQQ,2026-07-28,,,,,,,,,,,,,,,,,,,,,,
AMD US 08/07/26 C615,AMD   260807C00615000,,AMD   260807C00615000,,,-62.0,-23405.0,-0.019168965726458168,,,,,KQQQ,2026-07-28,AMD,615.0,2026-08-07,Call,446.9649963378906,10.0,-0.27322764823107215,,,,,,,,,,,,,,,
Amazon.com Inc,AMZN,,023135106,,,50858.0,11768032.62,9.638154837027203,,,,,KQQQ,2026-07-28,,,,,,,,,,,,,,,,,,,,,,
AMZN US 08/07/26 C255,AMZN  260807C00255000,,AMZN  260807C00255000,,,-254.0,-52705.0,-0.043166004640588666,,,,,KQQQ,2026-07-28,AMZN,255.0,2026-08-07,Call,229.83999633789062,10.0,-0.0986666810278799,,,,,,,,,,,,,,,
AMZN US 09/18/26 P225,AMZN  260918P00225000,,AMZN  260918P00225000,,,73.0,70992.5,0.058143678672744344,,,,,KQQQ,2026-07-28,AMZN,225.0,2026-09-18,Put,229.83999633789062,52.0,-0.021511094835069446,,,,,,,,,,,,,,,
Broadcom Inc,AVGO,,11135F101,,,21299.0,8162202.78,6.684938489306626,,,,,KQQQ,2026-07-28,,,,,,,,,,,,,,,,,,,,,,
AVGO US 08/07/26 C420,AVGO  260807C00420000,,AVGO  260807C00420000,,,-107.0,-34775.0,-0.028481127243648055,,,,,KQQQ,2026-07-28,AVGO,420.0,2026-08-07,Call,375.19000244140625,10.0,-0.10669047037760417,,,,,,,,,,,,,,,
AVGO US 09/18/26 P330,AVGO  260918P00330000,,AVGO  260918P00330000,,,30.0,32175.0,0.026351697169356616,,,,,KQQQ,2026-07-28,AVGO,330.0,2026-09-18,Put,375.19000244140625,52.0,-0.1369394013375947,,,,,,,,,,,,,,,
Cisco Systems Inc,CSCO,,17275R102,,,19826.0,2271464.82,1.8603559616934617,,,,,KQQQ,2026-07-28,,,,,,,,,,,,,,,,,,,,,,
FIDELITY INV MMKT GOVT-I  12/31/2031,FIGXX,,316175108,,,378897.04,378897.04,0.31032105847538766,,,,,KQQQ,2026-07-28,,,,,,,,,,,,,,,,,,,,,,
Alphabet Inc,GOOGL,,02079K305,,,42238.0,13793241.28,11.296824155227002,,,,,KQQQ,2026-07-28,,,,,,,,,,,,,,,,,,,,,,
GOOGL US 08/07/26 C340,GOOGL 260807C00340000,,GOOGL 260807C00340000,,,-200.0,-57300.0,-0.04692936279111527,,,,,KQQQ,2026-07-28,GOOGL,340.0,2026-08-07,Call,327.7799987792969,10.0,-0.035941180060891545,,,,,,,,,,,,,,,
GOOGL US 09/18/26 P340,GOOGL 260918P00340000,,GOOGL 260918P00340000,,,60.0,132900.0,0.10884663725897417,,,,,KQQQ,2026-07-28,GOOGL,340.0,2026-09-18,Put,327.7799987792969,52.0,0.035941180060891545,,,,,,,,,,,,,,,
Kurv Yield Premium Strategy Google Googl Etf/DE,GOOP,,500948609,,,16910.0,613494.8,0.5024593375159286,,,,,KQQQ,2026-07-28,,,,,,,,,,,,,,,,,,,,,,
International Business Machines Corp,IBM,,459200101,,,9913.0,2143983.64,1.7559474006941693,,,,,KQQQ,2026-07-28,,,,,,,,,,,,,,,,,,,,,,
Intel Corp,INTC,,458140100,,,75425.0,6914209.75,5.662817762157355,,,,,KQQQ,2026-07-28,,,,,,,,,,,,,,,,,,,,,,
INTC US 08/07/26 C126,INTC  260807C00126000,,INTC  260807C00126000,,,-370.0,-6845.0,-0.005606134176355743,,,,,KQQQ,2026-07-28,INTC,126.0,2026-08-07,Call,83.87000274658203,10.0,-0.3343650575668093,,,,,,,,,,,,,,,
INTC US 09/18/26 P110,INTC  260918P00110000,,INTC  260918P00110000,,,180.0,419400.0,0.34349345121455055,,,,,KQQQ,2026-07-28,INTC,110.0,2026-09-18,Put,83.87000274658203,52.0,0.237545429576527,,,,,,,,,,,,,,,
Kurv Enhanced Short Maturity ETF,LQID,,500948104,,,51538.0,1286903.86,1.0539891470022098,,,,,KQQQ,2026-07-28,,,,,,,,,,,,,,,,,,,,,,
Meta Platforms Inc,META,,30303M102,,,9606.0,5704715.22,4.672227751821588,,,,,KQQQ,2026-07-28,,,,,,,,,,,,,,,,,,,,,,
META US 08/07/26 C670,META  260807C00670000,,META  260807C00670000,,,-48.0,-29280.0,-0.023980658682789795,,,,,KQQQ,2026-07-28,META,670.0,2026-08-07,Call,594.0800170898438,10.0,-0.11331340732859142,,,,,,,,,,,,,,,
META US 09/18/26 P540,META  260918P00540000,,META  260918P00540000,,,13.0,22327.5,0.01828648076297777,,,,,KQQQ,2026-07-28,META,540.0,2026-09-18,Put,594.0800170898438,52.0,-0.10014817979600694,,,,,,,,,,,,,,,
MRVL US 09/18/26 C270,MRVL  260918C00270000,,MRVL  260918C00270000,,,67.0,48575.0,0.03978348686873341,,,,,KQQQ,2026-07-28,MRVL,270.0,2026-09-18,Call,168.57000732421875,52.0,-0.37566663953993057,,,,,,,,,,,,,,,
MRVL US 09/18/26 P270,MRVL  260918P00270000,,MRVL  260918P00270000,,,-67.0,-582230.0,-0.47685310467488734,,,,,KQQQ,2026-07-28,MRVL,270.0,2026-09-18,Put,168.57000732421875,52.0,0.37566663953993057,,,,,,,,,,,,,,,
Microsoft Corp,MSFT,,594918104,,,4741.0,1844723.1,1.5108495568769778,,,,,KQQQ,2026-07-28,,,,,,,,,,,,,,,,,,,,,,
MSFT US 08/07/26 C420,MSFT  260807C00420000,,MSFT  260807C00420000,,,-113.0,-62997.5,-0.051595681194298165,,,,,KQQQ,2026-07-28,MSFT,420.0,2026-08-07,Call,395.8550109863281,10.0,-0.05748806908017113,,,,,,,,,,,,,,,
MSFT US 09/18/26 P325,MSFT  260918P00325000,,MSFT  260918P00325000,,,23.0,6463.0,0.005293271757748307,,,,,KQQQ,2026-07-28,MSFT,325.0,2026-09-18,Put,395.8550109863281,52.0,-0.21801541841947114,,,,,,,,,,,,,,,
MU US 08/07/26 C1090,MU    260807C01090000,,MU    260807C01090000,,,-37.0,-44585.0,-0.03651563071626308,,,,,KQQQ,2026-07-28,MU,1090.0,2026-08-07,Call,801.1699829101562,10.0,-0.2649816670549025,,,,,,,,,,,,,,,
MU US 09/18/26 P900,MU    260918P00900000,,MU    260918P00900000,,,12.0,143940.0,0.11788852495904245,,,,,KQQQ,2026-07-28,MU,900.0,2026-09-18,Put,801.1699829101562,52.0,0.10981113009982639,,,,,,,,,,,,,,,
Netflix Inc,NFLX,,64110L106,,,49996.0,3519718.4,2.882690082306523,,,,,KQQQ,2026-07-28,,,,,,,,,,,,,,,,,,,,,,
NVIDIA Corp,NVDA,,67066G104,,,18104.0,3557617.04,2.913729506841425,,,,,KQQQ,2026-07-28,,,,,,,,,,,,,,,,,,,,,,
NVDA US 08/07/26 C225,NVDA  260807C00225000,,NVDA  260807C00225000,,,-240.0,-6120.0,-0.0050123507902552445,,,,,KQQQ,2026-07-28,NVDA,225.0,2026-08-07,Call,193.72000122070312,10.0,-0.139022216796875,,,,,,,,,,,,,,,
NVDA US 09/18/26 P180,NVDA  260918P00180000,,NVDA  260918P00180000,,,47.0,29845.0,0.024443400218164664,,,,,KQQQ,2026-07-28,NVDA,180.0,2026-09-18,Put,193.72000122070312,52.0,-0.07622222900390625,,,,,,,,,,,,,,,
QQQ US 09/18/26 P620,QQQ   260918P00620000,,QQQ   260918P00620000,,,-300.0,-245550.0,-0.2011082902854861,,,,,KQQQ,2026-07-28,QQQ,620.0,2026-09-18,Put,669.989990234375,52.0,-0.08062901650705645,,,,,,,,,,,,,,,
QQQ US 09/18/26 P690,QQQ   260918P00690000,,QQQ   260918P00690000,,,300.0,829800.0,0.6796157983257846,,,,,KQQQ,2026-07-28,QQQ,690.0,2026-09-18,Put,669.989990234375,52.0,0.02900001415307971,,,,,,,,,,,,,,,
RTX Corp,RTX,,75513E101,,,14223.0,3106587.66,2.5443312275487235,,,,,KQQQ,2026-07-28,,,,,,,,,,,,,,,,,,,,,,
Spotify Technology SA,SPOT,,L8681T102,,,4741.0,2345467.52,1.9209650289852953,,,,,KQQQ,2026-07-28,,,,,,,,,,,,,,,,,,,,,,
SPOT US 08/07/26 C555,SPOT  260807C00555000,,SPOT  260807C00555000,,,-47.0,-32900.0,-0.02694548055545711,,,,,KQQQ,2026-07-28,SPOT,555.0,2026-08-07,Call,504.0,10.0,-0.0918918918918919,,,,,,,,,,,,,,,
Tesla Inc,TSLA,,88160R101,,,9585.0,2963873.7,2.4274468435313294,,,,,KQQQ,2026-07-28,,,,,,,,,,,,,,,,,,,,,,
TSLA US 08/07/26 C340,TSLA  260807C00340000,,TSLA  260807C00340000,,,-95.0,-22087.5,-0.018089917986889328,,,,,KQQQ,2026-07-28,TSLA,340.0,2026-08-07,Call,302.21099853515625,10.0,-0.1111441219554228,,,,,,,,,,,,,,,
Kurv Yield Premium Strategy Tesla Tsla Etf/DE,TSLP,,500948880,,,49190.0,655437.07,0.5368105417936407,,,,,KQQQ,2026-07-28,,,,,,,,,,,,,,,,,,,,,,
Uber Technologies Inc,UBER,,90353T100,,,41376.0,2821015.68,2.3104444727075872,,,,,KQQQ,2026-07-28,,,,,,,,,,,,,,,,,,,,,,
Cash & Other,Cash&Other,,Cash&Other,,,806792.88,806792.88,0.6607727009216183,,,,,KQQQ,2026-07-28,,,,,,,,,,,,,,,,,,,,,,
HUT 8 CORP,HUT,,44812J104,,,247392.0,25874729.28,8.933861362139977,,,,,BLOX,2026-07-28,,,,,,,,104.59,289640595.0,21225000.0,849.0,,,,,,,,,,,
Taiwan Semiconductor Manufacturing Co Ltd,TSM,,874039100,,,59849.0,23885137.41,8.246907781235851,,,,,BLOX,2026-07-28,,,,,,,,399.09,289640595.0,21225000.0,849.0,,,,,,,,,,,
Nicholas Bitcoin and Treasuries AfterDark ETF,NGHT,,88636X237,,,1112635.0,23725161.16,8.191672202796786,,,,,BLOX,2026-07-28,,,,,,,,21.3234,289640595.0,21225000.0,849.0,,,,,,,,,,,
Riot Platforms Inc,RIOT,,767292105,,,1051436.0,23100048.92,7.975837438788126,,,,,BLOX,2026-07-28,,,,,,,,21.97,289640595.0,21225000.0,849.0,,,,,,,,,,,
Cipher Digital Inc,CIFR,,17253J106,,,1060071.0,22950537.15,7.924214969206554,,,,,BLOX,2026-07-28,,,,,,,,21.65,289640595.0,21225000.0,849.0,,,,,,,,,,,
VanEck Bitcoin ETF/US,HODL,,92189K105,,,1139602.0,20923092.72,7.224191898006217,,,,,BLOX,2026-07-28,,,,,,,,18.36,289640595.0,21225000.0,849.0,,,,,,,,,,,
Nicholas Bitcoin Tail ETF,BHDG,,88636X245,,,841025.0,20007984.75,6.90822925944487,,,,,BLOX,2026-07-28,,,,,,,,23.79,289640595.0,21225000.0,849.0,,,,,,,,,,,
iShares Ethereum Trust ETF,ETHA,,46438R105,,,1306802.0,19223057.42,6.637214561293227,,,,,BLOX,2026-07-28,,,,,,,,14.71,289640595.0,21225000.0,849.0,,,,,,,,,,,
Fidelity Wise Origin Bitcoin Fund,FBTC,,315948109,,,326270.0,18437517.7,6.365988421031392,,,,,BLOX,2026-07-28,,,,,,,,56.51,289640595.0,21225000.0,849.0,,,,,,,,,,,
NVIDIA Corp,NVDA,,67066G104,,,87253.0,17146087.03,5.920091482758362,,,,,BLOX,2026-07-28,,,,,,,,196.51,289640595.0,21225000.0,849.0,,,,,,,,,,,
Galaxy Digital Inc,GLXY,,36317J209,,,739788.0,16793187.6,5.798244620196783,,,,,BLOX,2026-07-28,,,,,,,,22.7,289640595.0,21225000.0,849.0,,,,,,,,,,,
IREN Ltd,IREN,,Q4982L109,,,425651.0,15446874.79,5.333398326948411,,,,,BLOX,2026-07-28,,,,,,,,36.29,289640595.0,21225000.0,849.0,,,,,,,,,,,
Terawulf Inc,WULF,,88080T104,,,520186.0,9352944.28,3.2293248992532106,,,,,BLOX,2026-07-28,,,,,,,,17.98,289640595.0,21225000.0,849.0,,,,,,,,,,,
Coinbase Global Inc,COIN,,19260Q107,,,49551.0,8299296.99,2.865528288606914,,,,,BLOX,2026-07-28,,,,,,,,167.49,289640595.0,21225000.0,849.0,,,,,,,,,,,
Robinhood Markets Inc,HOOD,,770700102,,,77114.0,7375954.1,2.5467223494331357,,,,,BLOX,2026-07-28,,,,,,,,95.65,289640595.0,21225000.0,849.0,,,,,,,,,,,
MARA Holdings Inc,MARA,,565788106,,,417163.0,4910008.51,1.6952963967500678,,,,,BLOX,2026-07-28,,,,,,,,11.77,289640595.0,21225000.0,849.0,,,,,,,,,,,
Bullish,BLSH,,G16910120,,,160610.0,3661908.0,1.264360219536615,,,,,BLOX,2026-07-28,,,,,,,,22.8,289640595.0,21225000.0,849.0,,,,,,,,,,,
HOOD US 08/21/26 C30,HOOD  260821C00030000,,HOOD  260821C00030000,,,520.0,3403400.0,1.1751042274057446,,,,,BLOX,2026-07-28,HOOD,30.0,2026-08-21,Call,89.94000244140625,24.0,1.9980000813802083,65.45,289640595.0,21225000.0,849.0,,,,,,,,,,,
Circle Internet Group Inc,CRCL,,172573107,,,45089.0,2960994.63,1.022353325215581,,,,,BLOX,2026-07-28,,,,,,,,65.67,289640595.0,21225000.0,849.0,,,,,,,,,,,
HUT US 07/31/26 P113,HUT   260731P00113000,,HUT   260731P00113000,,,2473.0,2782125.0,0.9605943611304011,,,,,BLOX,2026-07-28,HUT,113.0,2026-07-31,Put,93.6449966430664,3.0,0.1712832155480849,11.25,289640595.0,21225000.0,849.0,,,,,,,,,,,
Cash & Other,Cash&Other,,Cash&Other,,,2639700.0,2639700.44,0.9114189181785285,,,,,BLOX,2026-07-28,,,,,,,,1.0,289640595.0,21225000.0,849.0,,,,,,,,,,,
BitMine Immersion Technologies Inc,BMNR,,09175A206,,,135823.0,2433948.16,0.84037808429877,,,,,BLOX,2026-07-28,,,,,,,,17.92,289640595.0,21225000.0,849.0,,,,,,,,,,,
CIFR US 07/31/26 P23,CIFR  260731P00023000,,CIFR  260731P00023000,,,10600.0,2268400.0,0.7832186723415381,,,,,BLOX,2026-07-28,CIFR,23.0,2026-07-31,Put,19.360000610351562,3.0,0.15826084302819293,2.14,289640595.0,21225000.0,849.0,,,,,,,,,,,
CoreWeave Inc,CRWV,,21873S108,,,30419.0,2153361.01,0.7434987441916036,,,,,BLOX,2026-07-28,,,,,,,,70.79,289640595.0,21225000.0,849.0,,,,,,,,,,,
IREN US 07/31/26 P40,IREN  260731P00040000,,IREN  260731P00040000,,,4256.0,1989680.0,0.6869840098679737,,,,,BLOX,2026-07-28,IREN,40.0,2026-07-31,Put,32.849998474121094,3.0,0.17875003814697266,4.675,289640595.0,21225000.0,849.0,,,,,,,,,,,
Strategy Inc,MSTR,,594972408,,,13187.0,1300897.55,0.44916560217041085,,,,,BLOX,2026-07-28,,,,,,,,98.65,289640595.0,21225000.0,849.0,,,,,,,,,,,
RIOT US 07/31/26 P22,RIOT  260731P00022000,,RIOT  260731P00022000,,,10514.0,1261680.0,0.435624816840007,,,,,BLOX,2026-07-28,RIOT,22.0,2026-07-31,Put,20.450000762939453,3.0,0.0704545107754794,1.2,289640595.0,21225000.0,849.0,,,,,,,,,,,
GLXY US 08/07/26 P22,GLXY  260807P00022000,,GLXY  260807P00022000,,,7397.0,1165027.5,0.4022532585925681,,,,,BLOX,2026-07-28,GLXY,22.0,2026-08-07,Put,20.479999542236328,10.0,0.06909092989834872,1.575,289640595.0,21225000.0,849.0,,,,,,,,,,,
First American Government Obligations Fund 12/01/2031,FGXXX,,31846V336,,,913471.0,913471.19,0.3153975016108468,,,,,BLOX,2026-07-28,,,,,,,,100.0,289640595.0,21225000.0,849.0,,,,,,,,,,,
NVDA US 07/31/26 P202.5,NVDA  260731P00202500,,NVDA  260731P00202500,,,872.0,667080.0,0.23032512429271437,,,,,BLOX,2026-07-28,NVDA,202.5,2026-07-31,Put,193.7449951171875,3.0,0.04323459201388889,7.65,289640595.0,21225000.0,849.0,,,,,,,,,,,
WULF US 07/31/26 P18.5,WULF  260731P00018500,,WULF  260731P00018500,,,5201.0,611117.5,0.2110027495127314,,,,,BLOX,2026-07-28,WULF,18.5,2026-07-31,Put,16.174999237060547,3.0,0.1256757169156461,1.175,289640595.0,21225000.0,849.0,,,,,,,,,,,
IBIT US 07/31/26 P36,IBIT  260731P00036000,,IBIT  260731P00036000,,,20500.0,584250.0,0.2017261106134472,,,,,BLOX,2026-07-28,IBIT,36.0,2026-07-31,Put,35.72999954223633,3.0,0.007500012715657552,0.285,289640595.0,21225000.0,849.0,,,,,,,,,,,
HOOD US 07/31/26 P93,HOOD  260731P00093000,,HOOD  260731P00093000,,,1291.0,500262.5,0.17272744272273793,,,,,BLOX,2026-07-28,HOOD,93.0,2026-07-31,Put,89.94000244140625,3.0,0.03290319955477151,3.875,289640595.0,21225000.0,849.0,,,,,,,,,,,
TSM US 07/31/26 P395,TSM   260731P00395000,,TSM   260731P00395000,,,598.0,499330.0,0.17240547507507506,,,,,BLOX,2026-07-28,TSM,395.0,2026-07-31,Put,382.55999755859375,3.0,0.031493677066851265,8.35,289640595.0,21225000.0,849.0,,,,,,,,,,,
MARA US 08/07/26 P11.5,MARA  260807P00011500,,MARA  260807P00011500,,,4153.0,286557.0,0.09894057180839981,,,,,BLOX,2026-07-28,MARA,11.5,2026-08-07,Put,10.869999885559082,10.0,0.054782618647036346,0.69,289640595.0,21225000.0,849.0,,,,,,,,,,,
FBTC US 07/31/26 C58.5,FBTC  260731C00058500,,FBTC  260731C00058500,,,11329.0,283225.06,0.09779014083365037,,,,,BLOX,2026-07-28,FBTC,58.5,2026-07-31,Call,54.88999938964844,3.0,-0.06170941214276175,0.25,289640595.0,21225000.0,849.0,,,,,,,,,,,
ETHA US 07/31/26 C15,ETHA  260731C00015000,,ETHA  260731C00015000,,,9948.0,203934.0,0.07041302976780958,,,,,BLOX,2026-07-28,ETHA,15.0,2026-07-31,Call,14.145000457763672,3.0,-0.05699996948242188,0.205,289640595.0,21225000.0,849.0,,,,,,,,,,,
CRWV US 08/07/26 P70,CRWV  260807P00070000,,CRWV  260807P00070000,,,297.0,144787.5,0.04999130379194607,,,,,BLOX,2026-07-28,CRWV,70.0,2026-08-07,Put,65.33000183105469,10.0,0.06671425955636161,4.875,289640595.0,21225000.0,849.0,,,,,,,,,,,
COIN US 07/31/26 P152.5,COIN  260731P00152500,,COIN  260731P00152500,,,495.0,130185.0,0.04494944580267287,,,,,BLOX,2026-07-28,COIN,152.5,2026-07-31,Put,163.19500732421875,3.0,-0.07013119556864754,2.63,289640595.0,21225000.0,849.0,,,,,,,,,,,
BMNR US 08/07/26 P16.5,BMNR  260807P00016500,,BMNR  260807P00016500,,,1358.0,63147.0,0.02180299307985854,,,,,BLOX,2026-07-28,BMNR,16.5,2026-08-07,Put,16.920000076293945,10.0,-0.02545455007842093,0.465,289640595.0,21225000.0,849.0,,,,,,,,,,,
BLSH US 07/31/26 P21.5,BLSH  260731P00021500,,BLSH  260731P00021500,,,1599.0,60762.0,0.02097951550379851,,,,,BLOX,2026-07-28,BLSH,21.5,2026-07-31,Put,22.3799991607666,3.0,-0.04093019352402798,0.38,289640595.0,21225000.0,849.0,,,,,,,,,,,
ETHA US 08/07/26 C15.5,ETHA  260807C00015500,,ETHA  260807C00015500,,,3120.0,71760.0,0.02477683474132815,,,,,BLOX,2026-07-28,ETHA,15.5,2026-08-07,Call,14.145000457763672,10.0,-0.08741932530556956,0.23,289640595.0,21225000.0,849.0,,,,,,,,,,,
CRCL US 07/31/26 P58,CRCL  260731P00058000,,CRCL  260731P00058000,,,450.0,23400.0,0.008079402633041789,,,,,BLOX,2026-07-28,CRCL,58.0,2026-07-31,Put,62.50680160522461,3.0,-0.07770347595214844,0.52,289640595.0,21225000.0,849.0,,,,,,,,,,,
MARA US 07/31/26 P13.5,MARA  260731P00013500,,MARA  260731P00013500,,,-18.0,-3330.0,-0.00114976114393287,,,,,BLOX,2026-07-28,MARA,13.5,2026-07-31,Put,10.869999885559082,3.0,0.19481482329191985,1.85,289640595.0,21225000.0,849.0,,,,,,,,,,,
BLSH US 07/31/26 P24,BLSH  260731P00024000,,BLSH  260731P00024000,,,-7.0,-1228.5,-0.00042416863823469393,,,,,BLOX,2026-07-28,BLSH,24.0,2026-07-31,Put,22.3799991607666,3.0,0.06750003496805827,1.755,289640595.0,21225000.0,849.0,,,,,,,,,,,
MSTR US 07/31/26 P90,MSTR  260731P00090000,,MSTR  260731P00090000,,,131.0,14082.5,0.004862315708538931,,,,,BLOX,2026-07-28,MSTR,90.0,2026-07-31,Put,95.08999633789062,3.0,-0.05655551486545139,1.075,289640595.0,21225000.0,849.0,,,,,,,,,,,
MARA US 07/31/26 P12,MARA  260731P00012000,,MARA  260731P00012000,,,18.0,1134.0,0.0003915402814474098,,,,,BLOX,2026-07-28,MARA,12.0,2026-07-31,Put,10.869999885559082,3.0,0.09416667620340984,0.63,289640595.0,21225000.0,849.0,,,,,,,,,,,
BLSH US 07/31/26 P22.5,BLSH  260731P00022500,,BLSH  260731P00022500,,,7.0,479.5,0.00016555869925399735,,,,,BLOX,2026-07-28,BLSH,22.5,2026-07-31,Put,22.3799991607666,3.0,0.005333370632595486,0.685,289640595.0,21225000.0,849.0,,,,,,,,,,,
CRWV US 07/31/26 P82,CRWV  260731P00082000,,CRWV  260731P00082000,,,-7.0,-8137.5,-0.0028096640566828016,,,,,BLOX,2026-07-28,CRWV,82.0,2026-07-31,Put,65.33000183105469,3.0,0.20329266059689405,11.625,289640595.0,21225000.0,849.0,,,,,,,,,,,
CRWV US 07/31/26 P79,CRWV  260731P00079000,,CRWV  260731P00079000,,,7.0,6370.0,0.0021993929389947093,,,,,BLOX,2026-07-28,CRWV,79.0,2026-07-31,Put,65.33000183105469,3.0,0.17303795150563686,9.1,289640595.0,21225000.0,849.0,,,,,,,,,,,
MSTR US 07/31/26 P94,MSTR  260731P00094000,,MSTR  260731P00094000,,,-131.0,-27510.0,-0.009498477198076052,,,,,BLOX,2026-07-28,MSTR,94.0,2026-07-31,Put,95.08999633789062,3.0,-0.011595705722240692,2.1,289640595.0,21225000.0,849.0,,,,,,,,,,,
CRCL US 07/31/26 P62,CRCL  260731P00062000,,CRCL  260731P00062000,,,-450.0,-61875.0,-0.021363805039293193,,,,,BLOX,2026-07-28,CRCL,62.0,2026-07-31,Put,62.50680160522461,3.0,-0.008174219439106603,1.375,289640595.0,21225000.0,849.0,,,,,,,,,,,
IBIT US 07/31/26 P33.5,IBIT  260731P00033500,,IBIT  260731P00033500,,,-20500.0,-82000.0,-0.028312436577325927,,,,,BLOX,2026-07-28,IBIT,33.5,2026-07-31,Put,35.72999954223633,3.0,-0.06656715051451725,0.04,289640595.0,21225000.0,849.0,,,,,,,,,,,
BMNR US 08/07/26 P18,BMNR  260807P00018000,,BMNR  260807P00018000,,,-1358.0,-150059.0,-0.051811413662889653,,,,,BLOX,2026-07-28,BMNR,18.0,2026-08-07,Put,16.920000076293945,10.0,0.05999999576144748,1.105,289640595.0,21225000.0,849.0,,,,,,,,,,,
BLSH US 07/31/26 P23,BLSH  260731P00023000,,BLSH  260731P00023000,,,-1599.0,-154303.5,-0.05327692752938306,,,,,BLOX,2026-07-28,BLSH,23.0,2026-07-31,Put,22.3799991607666,3.0,0.026956558227539062,0.965,289640595.0,21225000.0,849.0,,,,,,,,,,,
ETHA US 08/07/26 C14.5,ETHA  260807C00014500,,ETHA  260807C00014500,,,-3120.0,-199680.0,-0.0689442358019566,,,,,BLOX,2026-07-28,ETHA,14.5,2026-08-07,Call,14.145000457763672,10.0,-0.02448272705078125,0.64,289640595.0,21225000.0,849.0,,,,,,,,,,,
CRWV US 08/07/26 P75,CRWV  260807P00075000,,CRWV  260807P00075000,,,-297.0,-228690.0,-0.07896062342522762,,,,,BLOX,2026-07-28,CRWV,75.0,2026-08-07,Put,65.33000183105469,10.0,0.12893330891927082,7.7,289640595.0,21225000.0,849.0,,,,,,,,,,,
COIN US 07/31/26 P160,COIN  260731P00160000,,COIN  260731P00160000,,,-495.0,-241312.5,-0.08331883965324345,,,,,BLOX,2026-07-28,COIN,160.0,2026-07-31,Put,163.19500732421875,3.0,-0.019968795776367187,4.875,289640595.0,21225000.0,849.0,,,,,,,,,,,
MARA US 08/07/26 P13,MARA  260807P00013000,,MARA  260807P00013000,,,-4153.0,-668633.0,-0.23086133421959962,,,,,BLOX,2026-07-28,MARA,13.0,2026-08-07,Put,10.869999885559082,10.0,0.16384616264930138,1.61,289640595.0,21225000.0,849.0,,,,,,,,,,,
HOOD US 07/31/26 P97,HOOD  260731P00097000,,HOOD  260731P00097000,,,-1291.0,-761690.0,-0.26299146117784616,,,,,BLOX,2026-07-28,HOOD,97.0,2026-07-31,Put,89.94000244140625,3.0,0.07278347998550258,5.9,289640595.0,21225000.0,849.0,,,,,,,,,,,
ETHA US 07/31/26 C14,ETHA  260731C00014000,,ETHA  260731C00014000,,,-9948.0,-810762.0,-0.2799347281012918,,,,,BLOX,2026-07-28,ETHA,14.0,2026-07-31,Call,14.145000457763672,3.0,0.01035717555454799,0.815,289640595.0,21225000.0,849.0,,,,,,,,,,,
TSM US 07/31/26 P407.5,TSM   260731P00407500,,TSM   260731P00407500,,,-598.0,-883545.0,-0.3050647777526029,,,,,BLOX,2026-07-28,TSM,407.5,2026-07-31,Put,382.55999755859375,3.0,0.06120245997891104,14.775,289640595.0,21225000.0,849.0,,,,,,,,,,,
WULF US 07/31/26 P19.5,WULF  260731P00019500,,WULF  260731P00019500,,,-5201.0,-969986.5,-0.33491074709893115,,,,,BLOX,2026-07-28,WULF,19.5,2026-07-31,Put,16.174999237060547,3.0,0.17051285963792068,1.865,289640595.0,21225000.0,849.0,,,,,,,,,,,
NVDA US 07/31/26 P210,NVDA  260731P00210000,,NVDA  260731P00210000,,,-872.0,-1205540.0,-0.4162411559930426,,,,,BLOX,2026-07-28,NVDA,210.0,2026-07-31,Put,193.7449951171875,3.0,0.07740478515625,13.825,289640595.0,21225000.0,849.0,,,,,,,,,,,
FBTC US 07/31/26 C56.5,FBTC  260731C00056500,,FBTC  260731C00056500,,,-11329.0,-1302835.0,-0.44983455253927346,,,,,BLOX,2026-07-28,FBTC,56.5,2026-07-31,Call,54.88999938964844,3.0,-0.028495586023921462,1.15,289640595.0,21225000.0,849.0,,,,,,,,,,,
GLXY US 08/07/26 P23.5,GLXY  260807P00023500,,GLXY  260807P00023500,,,-7397.0,-1745692.0,-0.6027413906529909,,,,,BLOX,2026-07-28,GLXY,23.5,2026-08-07,Put,20.479999542236328,10.0,0.12851065777717752,2.36,289640595.0,21225000.0,849.0,,,,,,,,,,,
RIOT US 07/31/26 P23.5,RIOT  260731P00023500,,RIOT  260731P00023500,,,-10514.0,-2134342.0,-0.7369319818210118,,,,,BLOX,2026-07-28,RIOT,23.5,2026-07-31,Put,20.450000762939453,3.0,0.12978720157704454,2.03,289640595.0,21225000.0,849.0,,,,,,,,,,,
IREN US 07/31/26 P42,IREN  260731P00042000,,IREN  260731P00042000,,,-4256.0,-2734480.0,-0.9441437996581243,,,,,BLOX,2026-07-28,IREN,42.0,2026-07-31,Put,32.849998474121094,3.0,0.217857179187593,6.425,289640595.0,21225000.0,849.0,,,,,,,,,,,
CIFR US 07/31/26 P24,CIFR  260731P00024000,,CIFR  260731P00024000,,,-10600.0,-2994500.0,-1.0339218454975914,,,,,BLOX,2026-07-28,CIFR,24.0,2026-07-31,Put,19.360000610351562,3.0,0.19333330790201822,2.825,289640595.0,21225000.0,849.0,,,,,,,,,,,
HUT US 07/31/26 P117,HUT   260731P00117000,,HUT   260731P00117000,,,-2473.0,-3542572.5,-1.2231568198393776,,,,,BLOX,2026-07-28,HUT,117.0,2026-07-31,Put,93.6449966430664,3.0,0.19961541330712473,14.325,289640595.0,21225000.0,849.0,,,,,,,,,,,
Seagate Technology Holdings PLC,STX,,G7997R103,,,10702.0,8743426.98,11.48385488793563,,,,,EGGQ,2026-07-28,,,,,,,,816.99,76166690.0,1550000.0,62.0,,,,,,,,,,,
Lumentum Holdings Inc,LITE,,55024U109,,,8549.0,6086546.04,7.994235172545496,,,,,EGGQ,2026-07-28,,,,,,,,711.96,76166690.0,1550000.0,62.0,,,,,,,,,,,
Western Digital Corp,WDC,,958102105,,,11206.0,5579691.52,7.328518655407695,,,,,EGGQ,2026-07-28,,,,,,,,497.92,76166690.0,1550000.0,62.0,,,,,,,,,,,
Bloom Energy Corp,BE,,093712107,,,28905.0,5439342.9,7.144180959274501,,,,,EGGQ,2026-07-28,,,,,,,,188.18,76166690.0,1550000.0,62.0,,,,,,,,,,,
Kroger Co/The,KR,,501044101,,,75932.0,4402537.36,5.782412353486049,,,,,EGGQ,2026-07-28,,,,,,,,57.98,76166690.0,1550000.0,62.0,,,,,,,,,,,
Vertiv Holdings Co,VRT,,92537N108,,,13569.0,3902444.4,5.125576653221735,,,,,EGGQ,2026-07-28,,,,,,,,287.6,76166690.0,1550000.0,62.0,,,,,,,,,,,
Credo Technology Group Holding Ltd,CRDO,,G25457105,,,17487.0,3639744.18,4.780539036688823,,,,,EGGQ,2026-07-28,,,,,,,,208.14,76166690.0,1550000.0,62.0,,,,,,,,,,,
SK hynix Inc,SKHY,,78392B206,,,25409.0,3633995.18,4.772988143669213,,,,,EGGQ,2026-07-28,,,,,,,,143.02,76166690.0,1550000.0,62.0,,,,,,,,,,,
Eli Lilly & Co,LLY,,532457108,,,2776.0,3324343.28,4.3662829131563194,,,,,EGGQ,2026-07-28,,,,,,,,1197.53,76166690.0,1550000.0,62.0,,,,,,,,,,,
Advanced Micro Devices Inc,AMD,,007903107,,,6603.0,3268154.85,4.2924835004115325,,,,,EGGQ,2026-07-28,,,,,,,,494.95,76166690.0,1550000.0,62.0,,,,,,,,,,,
Vistra Corp,VST,,92840M102,,,19878.0,3122436.24,4.101092713304887,,,,,EGGQ,2026-07-28,,,,,,,,157.08,76166690.0,1550000.0,62.0,,,,,,,,,,,
Alphabet Inc,GOOGL,,02079K305,,,9425.0,3077828.0,4.042503037181554,,,,,EGGQ,2026-07-28,,,,,,,,326.56,76166690.0,1550000.0,62.0,,,,,,,,,,,
Micron Technology Inc,MU,,595112103,,,3182.0,2864436.4,3.76222870375258,,,,,EGGQ,2026-07-28,,,,,,,,900.2,76166690.0,1550000.0,62.0,,,,,,,,,,,
Coherent Corp,COHR,,19247G107,,,9584.0,2600235.04,3.4152194491004364,,,,,EGGQ,2026-07-28,,,,,,,,271.31,76166690.0,1550000.0,62.0,,,,,,,,,,,
Astera Labs Inc,ALAB,,04626A103,,,8537.0,2411873.24,3.1678199360058183,,,,,EGGQ,2026-07-28,,,,,,,,282.52,76166690.0,1550000.0,62.0,,,,,,,,,,,
Sandisk Corp,SNDK,,80004C200,,,1869.0,2389011.87,3.1377931906324146,,,,,EGGQ,2026-07-28,,,,,,,,1278.23,76166690.0,1550000.0,62.0,,,,,,,,,,,
GE Vernova Inc,GEV,,36828A101,,,2267.0,2259224.19,2.9673265204387755,,,,,EGGQ,2026-07-28,,,,,,,,996.57,76166690.0,1550000.0,62.0,,,,,,,,,,,
Celestica Inc,CLS,,15101Q207,,,6709.0,2135072.16,2.8042618662907026,,,,,EGGQ,2026-07-28,,,,,,,,318.24,76166690.0,1550000.0,62.0,,,,,,,,,,,
Teradyne Inc,TER,,880770102,,,6110.0,2045444.7,2.6865427217300355,,,,,EGGQ,2026-07-28,,,,,,,,334.77,76166690.0,1550000.0,62.0,,,,,,,,,,,
Ciena Corp,CIEN,,171779309,,,5253.0,1981799.31,2.602949134831221,,,,,EGGQ,2026-07-28,,,,,,,,377.27,76166690.0,1550000.0,62.0,,,,,,,,,,,
CoreWeave Inc,CRWV,,21873S108,,,18055.0,1278113.45,1.6787089803223552,,,,,EGGQ,2026-07-28,,,,,,,,70.79,76166690.0,1550000.0,62.0,,,,,,,,,,,
First American Government Obligations Fund 12/01/2031,FGXXX,,31846V336,,,1166180.0,1166180.22,1.5316928305451287,,,,,EGGQ,2026-07-28,,,,,,,,100.0,76166690.0,1550000.0,62.0,,,,,,,,,,,
GOOGL US 08/21/26 C335,GOOGL 260821C00335000,,GOOGL 260821C00335000,,,800.0,600000.0,0.7880563248852543,,,,,EGGQ,2026-07-28,GOOGL,335.0,2026-08-21,Call,327.7799987792969,24.0,-0.021552242449860076,7.5,76166690.0,1550000.0,62.0,,,,,,,,,,,
Cash & Other,Cash&Other,,Cash&Other,,,571166.0,571165.85,0.7501847677516039,,,,,EGGQ,2026-07-28,,,,,,,,1.0,76166690.0,1550000.0,62.0,,,,,,,,,,,
STX US 07/31/26 C890,STX   260731C00890000,,STX   260731C00890000,,,175.0,501375.0,0.6585195664822405,,,,,EGGQ,2026-07-28,STX,890.0,2026-07-31,Call,712.9199829101562,3.0,-0.1989663113369031,28.65,76166690.0,1550000.0,62.0,,,,,,,,,,,
LITE US 07/31/26 C770,LITE  260731C00770000,,LITE  260731C00770000,,,225.0,349875.0,0.4595353444487139,,,,,EGGQ,2026-07-28,LITE,770.0,2026-07-31,Call,606.72998046875,3.0,-0.21203898640422078,15.55,76166690.0,1550000.0,62.0,,,,,,,,,,,
WDC US 08/07/26 C645,WDC   260807C00645000,,WDC   260807C00645000,,,175.0,106312.5,0.13963373006560598,,,,,EGGQ,2026-07-28,WDC,645.0,2026-08-07,Call,426.5950012207031,10.0,-0.33861240120821223,6.075,76166690.0,1550000.0,62.0,,,,,,,,,,,
BE US 07/31/26 C295,BE    260731C00295000,,BE    260731C00295000,,,475.0,78375.0,0.10293985743813634,,,,,EGGQ,2026-07-28,BE,295.0,2026-07-31,Call,161.41000366210938,3.0,-0.45284744521318854,1.65,76166690.0,1550000.0,62.0,,,,,,,,,,,
GOOGL US 07/31/26 P322.5,GOOGL 260731P00322500,,GOOGL 260731P00322500,,,225.0,76500.0,0.10047718142286992,,,,,EGGQ,2026-07-28,GOOGL,322.5,2026-07-31,Put,327.7799987792969,3.0,-0.016372089238129845,3.4,76166690.0,1550000.0,62.0,,,,,,,,,,,
CLS US 07/31/26 P292.5,CLS   260731P00292500,,CLS   260731P00292500,,,67.0,64655.0,0.08491963614242685,,,,,EGGQ,2026-07-28,CLS,292.5,2026-07-31,Put,320.7348937988281,3.0,-0.09652955144898505,9.65,76166690.0,1550000.0,62.0,,,,,,,,,,,
COHR US 08/07/26 C370,COHR  260807C00370000,,COHR  260807C00370000,,,450.0,56250.0,0.07388028045799258,,,,,EGGQ,2026-07-28,COHR,370.0,2026-08-07,Call,230.21800231933594,10.0,-0.3777891829207137,1.25,76166690.0,1550000.0,62.0,,,,,,,,,,,
CIEN US 08/07/26 C510,CIEN  260807C00510000,,CIEN  260807C00510000,,,400.0,45600.0,0.05989228069127932,,,,,EGGQ,2026-07-28,CIEN,510.0,2026-08-07,Call,329.7749938964844,10.0,-0.35338236490885416,1.14,76166690.0,1550000.0,62.0,,,,,,,,,,,
INTC US 07/31/26 P86,INTC  260731P00086000,,INTC  260731P00086000,,,252.0,42840.0,0.05626722159680715,,,,,EGGQ,2026-07-28,INTC,86.0,2026-07-31,Put,83.91999816894531,3.0,0.024186067802961484,1.7,76166690.0,1550000.0,62.0,,,,,,,,,,,
INTC US 08/07/26 C127,INTC  260807C00127000,,INTC  260807C00127000,,,1800.0,29700.0,0.03900878808182008,,,,,EGGQ,2026-07-28,INTC,127.0,2026-08-07,Call,83.91999816894531,10.0,-0.3392126128429503,0.165,76166690.0,1550000.0,62.0,,,,,,,,,,,
INTC US 08/07/26 C132,INTC  260807C00132000,,INTC  260807C00132000,,,-1800.0,-18000.0,-0.023641689746557625,,,,,EGGQ,2026-07-28,INTC,132.0,2026-08-07,Call,83.91999816894531,10.0,-0.36424243811405066,0.1,76166690.0,1550000.0,62.0,,,,,,,,,,,
CIEN US 08/07/26 C525,CIEN  260807C00525000,,CIEN  260807C00525000,,,-400.0,-16000.0,-0.021014835330273447,,,,,EGGQ,2026-07-28,CIEN,525.0,2026-08-07,Call,329.7749938964844,10.0,-0.3718571544828869,0.4,76166690.0,1550000.0,62.0,,,,,,,,,,,
CLS US 07/31/26 P277.5,CLS   260731P00277500,,CLS   260731P00277500,,,-67.0,-37520.0,-0.04927978884949123,,,,,EGGQ,2026-07-28,CLS,277.5,2026-07-31,Put,320.7348937988281,3.0,-0.15580141909487613,5.6,76166690.0,1550000.0,62.0,,,,,,,,,,,
COHR US 08/07/26 C385,COHR  260807C00385000,,COHR  260807C00385000,,,-450.0,-37125.0,-0.048760985102275105,,,,,EGGQ,2026-07-28,COHR,385.0,2026-08-07,Call,230.21800231933594,10.0,-0.40203116280691964,0.825,76166690.0,1550000.0,62.0,,,,,,,,,,,
BE US 07/31/26 C310,BE    260731C00310000,,BE    260731C00310000,,,-475.0,-48687.5,-0.06394748719641802,,,,,EGGQ,2026-07-28,BE,310.0,2026-07-31,Call,161.41000366210938,3.0,-0.4793225688319052,1.025,76166690.0,1550000.0,62.0,,,,,,,,,,,
WDC US 08/07/26 C680,WDC   260807C00680000,,WDC   260807C00680000,,,-175.0,-62037.5,-0.08148174042511493,,,,,EGGQ,2026-07-28,WDC,680.0,2026-08-07,Call,426.5950012207031,10.0,-0.37265440996955423,3.545,76166690.0,1550000.0,62.0,,,,,,,,,,,
LITE US 07/31/26 C800,LITE  260731C00800000,,LITE  260731C00800000,,,-225.0,-195750.0,-0.25710337599381416,,,,,EGGQ,2026-07-28,LITE,800.0,2026-07-31,Call,606.72998046875,3.0,-0.2415875244140625,8.7,76166690.0,1550000.0,62.0,,,,,,,,,,,
STX US 07/31/26 C930,STX   260731C00930000,,STX   260731C00930000,,,-175.0,-315875.0,-0.4148788193718828,,,,,EGGQ,2026-07-28,STX,930.0,2026-07-31,Call,712.9199829101562,3.0,-0.23341937321488576,18.05,76166690.0,1550000.0,62.0,,,,,,,,,,,
INTC US 07/31/26 P104,INTC  260731P00104000,,INTC  260731P00104000,,,-252.0,-326970.0,-0.4294512942462193,,,,,EGGQ,2026-07-28,INTC,104.0,2026-07-31,Put,83.91999816894531,3.0,0.19307694068321815,12.975,76166690.0,1550000.0,62.0,,,,,,,,,,,
GOOGL US 07/31/26 P340,GOOGL 260731P00340000,,GOOGL 260731P00340000,,,-225.0,-331875.0,-0.43589365470215624,,,,,EGGQ,2026-07-28,GOOGL,340.0,2026-07-31,Put,327.7799987792969,3.0,0.035941180060891545,14.75,76166690.0,1550000.0,62.0,,,,,,,,,,,
GOOGL US 08/21/26 C345,GOOGL 260821C00345000,,GOOGL 260821C00345000,,,-800.0,-348000.0,-0.4570726684334474,,,,,EGGQ,2026-07-28,GOOGL,345.0,2026-08-21,Call,327.7799987792969,24.0,-0.0499130470165308,4.35,76166690.0,1550000.0,62.0,,,,,,,,,,,
Seagate Technology Holdings PLC,STX,,G7997R103,,,22233.0,18164138.67,12.918184420727025,,,,,EGGY,2026-07-28,,,,,,,,816.99,140665882.5,4275000.0,171.0,,,,,,,,,,,
Bloom Energy Corp,BE,,093712107,,,60098.0,11309241.64,8.043038638841516,,,,,EGGY,2026-07-28,,,,,,,,188.18,140665882.5,4275000.0,171.0,,,,,,,,,,,
Lumentum Holdings Inc,LITE,,55024U109,,,12737.0,9068234.52,6.449253004946531,,,,,EGGY,2026-07-28,,,,,,,,711.96,140665882.5,4275000.0,171.0,,,,,,,,,,,
Vertiv Holdings Co,VRT,,92537N108,,,28161.0,8099103.6,5.760015151182181,,,,,EGGY,2026-07-28,,,,,,,,287.6,140665882.5,4275000.0,171.0,,,,,,,,,,,
Advanced Micro Devices Inc,AMD,,007903107,,,14946.0,7397522.7,5.261056647455913,,,,,EGGY,2026-07-28,,,,,,,,494.95,140665882.5,4275000.0,171.0,,,,,,,,,,,
Coherent Corp,COHR,,19247G107,,,25526.0,6925459.06,4.925328911028117,,,,,EGGY,2026-07-28,,,,,,,,271.31,140665882.5,4275000.0,171.0,,,,,,,,,,,
Eli Lilly & Co,LLY,,532457108,,,5751.0,6886995.03,4.897973612649723,,,,,EGGY,2026-07-28,,,,,,,,1197.53,140665882.5,4275000.0,171.0,,,,,,,,,,,
SK hynix Inc,SKHY,,78392B206,,,46910.0,6709068.2,4.7714335302877915,,,,,EGGY,2026-07-28,,,,,,,,143.02,140665882.5,4275000.0,171.0,,,,,,,,,,,
Credo Technology Group Holding Ltd,CRDO,,G25457105,,,32242.0,6710849.88,4.772700646292402,,,,,EGGY,2026-07-28,,,,,,,,208.14,140665882.5,4275000.0,171.0,,,,,,,,,,,
Vistra Corp,VST,,92840M102,,,41326.0,6491488.08,4.616692357721973,,,,,EGGY,2026-07-28,,,,,,,,157.08,140665882.5,4275000.0,171.0,,,,,,,,,,,
Alphabet Inc,GOOGL,,02079K305,,,19559.0,6387187.04,4.5425143251451265,,,,,EGGY,2026-07-28,,,,,,,,326.56,140665882.5,4275000.0,171.0,,,,,,,,,,,
Western Digital Corp,WDC,,958102105,,,12737.0,6342007.04,4.51038268473366,,,,,EGGY,2026-07-28,,,,,,,,497.92,140665882.5,4275000.0,171.0,,,,,,,,,,,
Sandisk Corp,SNDK,,80004C200,,,4574.0,5846624.02,4.158070399107584,,,,,EGGY,2026-07-28,,,,,,,,1278.23,140665882.5,4275000.0,171.0,,,,,,,,,,,
Micron Technology Inc,MU,,595112103,,,6230.0,5608246.0,3.98853793295802,,,,,EGGY,2026-07-28,,,,,,,,900.2,140665882.5,4275000.0,171.0,,,,,,,,,,,
Kroger Co/The,KR,,501044101,,,93464.0,5419042.72,3.853978133099013,,,,,EGGY,2026-07-28,,,,,,,,57.98,140665882.5,4275000.0,171.0,,,,,,,,,,,
Astera Labs Inc,ALAB,,04626A103,,,16196.0,4575693.92,3.254195477431871,,,,,EGGY,2026-07-28,,,,,,,,282.52,140665882.5,4275000.0,171.0,,,,,,,,,,,
First American Government Obligations Fund 12/01/2031,FGXXX,,31846V336,,,4193003.0,4193002.8,2.982028734260086,,,,,EGGY,2026-07-28,,,,,,,,100.0,140665882.5,4275000.0,171.0,,,,,,,,,,,
Celestica Inc,CLS,,15101Q207,,,13096.0,4167671.04,2.9640129971350406,,,,,EGGY,2026-07-28,,,,,,,,318.24,140665882.5,4275000.0,171.0,,,,,,,,,,,
Ciena Corp,CIEN,,171779309,,,10240.0,3863244.8,2.747507585990846,,,,,EGGY,2026-07-28,,,,,,,,377.27,140665882.5,4275000.0,171.0,,,,,,,,,,,
CoreWeave Inc,CRWV,,21873S108,,,37464.0,2652076.56,1.886134802337276,,,,,EGGY,2026-07-28,,,,,,,,70.79,140665882.5,4275000.0,171.0,,,,,,,,,,,
Teradyne Inc,TER,,880770102,,,7385.0,2472276.45,1.758262458812219,,,,,EGGY,2026-07-28,,,,,,,,334.77,140665882.5,4275000.0,171.0,,,,,,,,,,,
GOOGL US 08/21/26 C335,GOOGL 260821C00335000,,GOOGL 260821C00335000,,,1400.0,1050000.0,0.746751271182812,,,,,EGGY,2026-07-28,GOOGL,335.0,2026-08-21,Call,327.7698974609375,24.0,-0.021582395638992537,7.5,140665882.5,4275000.0,171.0,,,,,,,,,,,
Cash & Other,Cash&Other,,Cash&Other,,,1051416.0,1051416.37,0.7477585817523028,,,,,EGGY,2026-07-28,,,,,,,,1.0,140665882.5,4275000.0,171.0,,,,,,,,,,,
STX US 07/31/26 C890,STX   260731C00890000,,STX   260731C00890000,,,275.0,787875.0,0.5603301502696744,,,,,EGGY,2026-07-28,STX,890.0,2026-07-31,Call,714.5598754882812,3.0,-0.19712373540642555,28.65,140665882.5,4275000.0,171.0,,,,,,,,,,,
LITE US 07/31/26 C770,LITE  260731C00770000,,LITE  260731C00770000,,,350.0,544250.0,0.38706607556309097,,,,,EGGY,2026-07-28,LITE,770.0,2026-07-31,Call,606.72998046875,3.0,-0.21203898640422078,15.55,140665882.5,4275000.0,171.0,,,,,,,,,,,
WDC US 08/07/26 C645,WDC   260807C00645000,,WDC   260807C00645000,,,300.0,182250.0,0.12961468492673098,,,,,EGGY,2026-07-28,WDC,645.0,2026-08-07,Call,426.2699890136719,10.0,-0.3391162961028343,6.075,140665882.5,4275000.0,171.0,,,,,,,,,,,
GOOGL US 07/31/26 P322.5,GOOGL 260731P00322500,,GOOGL 260731P00322500,,,406.0,138040.0,0.09817290045150036,,,,,EGGY,2026-07-28,GOOGL,322.5,2026-07-31,Put,327.7698974609375,3.0,-0.016340767320736433,3.4,140665882.5,4275000.0,171.0,,,,,,,,,,,
CLS US 07/31/26 P292.5,CLS   260731P00292500,,CLS   260731P00292500,,,127.0,122555.0,0.08716009718077099,,,,,EGGY,2026-07-28,CLS,292.5,2026-07-31,Put,320.9700012207031,3.0,-0.09733333750667734,9.65,140665882.5,4275000.0,171.0,,,,,,,,,,,
BE US 07/31/26 C295,BE    260731C00295000,,BE    260731C00295000,,,750.0,123750.0,0.08800997124654572,,,,,EGGY,2026-07-28,BE,295.0,2026-07-31,Call,161.25999450683594,3.0,-0.453355950824285,1.65,140665882.5,4275000.0,171.0,,,,,,,,,,,
COHR US 08/07/26 C370,COHR  260807C00370000,,COHR  260807C00370000,,,725.0,90625.0,0.0644517466199451,,,,,EGGY,2026-07-28,COHR,370.0,2026-08-07,Call,230.11000061035156,10.0,-0.3780810794314823,1.25,140665882.5,4275000.0,171.0,,,,,,,,,,,
CIEN US 08/07/26 C510,CIEN  260807C00510000,,CIEN  260807C00510000,,,600.0,68400.0,0.048645511379908905,,,,,EGGY,2026-07-28,CIEN,510.0,2026-08-07,Call,329.4849853515625,10.0,-0.3539510091145833,1.14,140665882.5,4275000.0,171.0,,,,,,,,,,,
INTC US 07/31/26 P86,INTC  260731P00086000,,INTC  260731P00086000,,,454.0,77180.0,0.05488977439037089,,,,,EGGY,2026-07-28,INTC,86.0,2026-07-31,Put,83.84500122070312,3.0,0.025058125340661336,1.7,140665882.5,4275000.0,171.0,,,,,,,,,,,
INTC US 08/07/26 C127,INTC  260807C00127000,,INTC  260807C00127000,,,3000.0,49500.0,0.035203988498618284,,,,,EGGY,2026-07-28,INTC,127.0,2026-08-07,Call,83.84500122070312,10.0,-0.3398031399944636,0.165,140665882.5,4275000.0,171.0,,,,,,,,,,,
CIEN US 08/07/26 C525,CIEN  260807C00525000,,CIEN  260807C00525000,,,-600.0,-24000.0,-0.017068600484178565,,,,,EGGY,2026-07-28,CIEN,525.0,2026-08-07,Call,329.4849853515625,10.0,-0.3724095517113095,0.4,140665882.5,4275000.0,171.0,,,,,,,,,,,
INTC US 08/07/26 C132,INTC  260807C00132000,,INTC  260807C00132000,,,-3000.0,-30000.0,-0.021335750605223202,,,,,EGGY,2026-07-28,INTC,132.0,2026-08-07,Call,83.84500122070312,10.0,-0.3648105968128551,0.1,140665882.5,4275000.0,171.0,,,,,,,,,,,
COHR US 08/07/26 C385,COHR  260807C00385000,,COHR  260807C00385000,,,-725.0,-59812.5,-0.04253815276916376,,,,,EGGY,2026-07-28,COHR,385.0,2026-08-07,Call,230.11000061035156,10.0,-0.4023116867263596,0.825,140665882.5,4275000.0,171.0,,,,,,,,,,,
CLS US 07/31/26 P277.5,CLS   260731P00277500,,CLS   260731P00277500,,,-127.0,-71120.0,-0.050579952768115805,,,,,EGGY,2026-07-28,CLS,277.5,2026-07-31,Put,320.9700012207031,3.0,-0.15664865304757883,5.6,140665882.5,4275000.0,171.0,,,,,,,,,,,
BE US 07/31/26 C310,BE    260731C00310000,,BE    260731C00310000,,,-750.0,-76875.0,-0.054672860925884456,,,,,EGGY,2026-07-28,BE,310.0,2026-07-31,Call,161.25999450683594,3.0,-0.4798064693327873,1.025,140665882.5,4275000.0,171.0,,,,,,,,,,,
WDC US 08/07/26 C680,WDC   260807C00680000,,WDC   260807C00680000,,,-300.0,-106350.0,-0.07563523589551625,,,,,EGGY,2026-07-28,WDC,680.0,2026-08-07,Call,426.2699890136719,10.0,-0.3731323690975414,3.545,140665882.5,4275000.0,171.0,,,,,,,,,,,
LITE US 07/31/26 C800,LITE  260731C00800000,,LITE  260731C00800000,,,-350.0,-304500.0,-0.2165578686430155,,,,,EGGY,2026-07-28,LITE,800.0,2026-07-31,Call,606.72998046875,3.0,-0.2415875244140625,8.7,140665882.5,4275000.0,171.0,,,,,,,,,,,
STX US 07/31/26 C930,STX   260731C00930000,,STX   260731C00930000,,,-275.0,-496375.0,-0.3530177735555889,,,,,EGGY,2026-07-28,STX,930.0,2026-07-31,Call,714.5598754882812,3.0,-0.23165604786206317,18.05,140665882.5,4275000.0,171.0,,,,,,,,,,,
INTC US 07/31/26 P104,INTC  260731P00104000,,INTC  260731P00104000,,,-454.0,-589065.0,-0.41893813100886024,,,,,EGGY,2026-07-28,INTC,104.0,2026-07-31,Put,83.84500122070312,3.0,0.19379806518554688,12.975,140665882.5,4275000.0,171.0,,,,,,,,,,,
GOOGL US 08/21/26 C345,GOOGL 260821C00345000,,GOOGL 260821C00345000,,,-1400.0,-609000.0,-0.433115737286031,,,,,EGGY,2026-07-28,GOOGL,345.0,2026-08-21,Call,327.7698974609375,24.0,-0.04994232620018116,4.35,140665882.5,4275000.0,171.0,,,,,,,,,,,
GOOGL US 07/31/26 P340,GOOGL 260731P00340000,,GOOGL 260731P00340000,,,-406.0,-598850.0,-0.42589714166459713,,,,,EGGY,2026-07-28,GOOGL,340.0,2026-07-31,Put,327.7698974609375,3.0,0.03597088982077206,14.75,140665882.5,4275000.0,171.0,,,,,,,,,,,
Seagate Technology Holdings PLC,STX,,G7997R103,,,5426.0,4432987.74,8.306431792162517,,,,,EGGS,2026-07-28,,,,,,,,816.99,53390100.0,1500000.0,60.0,,,,,,,,,,,
Credo Technology Group Holding Ltd,CRDO,,G25457105,,,20559.0,4279150.26,8.018174614465433,,,,,EGGS,2026-07-28,,,,,,,,208.14,53390100.0,1500000.0,60.0,,,,,,,,,,,
Western Digital Corp,WDC,,958102105,,,8130.0,4048089.6,7.585218395159027,,,,,EGGS,2026-07-28,,,,,,,,497.92,53390100.0,1500000.0,60.0,,,,,,,,,,,
Coherent Corp,COHR,,19247G107,,,12695.0,3444280.45,6.453814517205007,,,,,EGGS,2026-07-28,,,,,,,,271.31,53390100.0,1500000.0,60.0,,,,,,,,,,,
Lumentum Holdings Inc,LITE,,55024U109,,,4743.0,3376826.28,6.32742042476343,,,,,EGGS,2026-07-28,,,,,,,,711.96,53390100.0,1500000.0,60.0,,,,,,,,,,,
Cardinal Health Inc,CAH,,14149Y108,,,12455.0,2856554.25,5.352546505855429,,,,,EGGS,2026-07-28,,,,,,,,229.35,53390100.0,1500000.0,60.0,,,,,,,,,,,
McKesson Corp,MCK,,58155Q103,,,3185.0,2707441.1,5.073141670463419,,,,,EGGS,2026-07-28,,,,,,,,850.06,53390100.0,1500000.0,60.0,,,,,,,,,,,
Amgen Inc,AMGN,,031162100,,,7157.0,2692892.82,5.045881433665813,,,,,EGGS,2026-07-28,,,,,,,,376.26,53390100.0,1500000.0,60.0,,,,,,,,,,,
Lockheed Martin Corp,LMT,,539830109,,,4629.0,2684820.0,5.0307547668141686,,,,,EGGS,2026-07-28,,,,,,,,580.0,53390100.0,1500000.0,60.0,,,,,,,,,,,
Bloom Energy Corp,BE,,093712107,,,13744.0,2586345.92,4.8462362712101275,,,,,EGGS,2026-07-28,,,,,,,,188.18,53390100.0,1500000.0,60.0,,,,,,,,,,,
SK hynix Inc,SKHY,,78392B206,,,16983.0,2428908.66,4.5512339074691095,,,,,EGGS,2026-07-28,,,,,,,,143.02,53390100.0,1500000.0,60.0,,,,,,,,,,,
Intel Corp,INTC,,458140100,,,25325.0,2321542.75,4.350054102668102,,,,,EGGS,2026-07-28,,,,,,,,91.67,53390100.0,1500000.0,60.0,,,,,,,,,,,
Caterpillar Inc,CAT,,149123101,,,2593.0,2264415.04,4.2430094965493765,,,,,EGGS,2026-07-28,,,,,,,,873.28,53390100.0,1500000.0,60.0,,,,,,,,,,,
Costco Wholesale Corp,COST,,22160K105,,,2351.0,2237164.58,4.191948203225102,,,,,EGGS,2026-07-28,,,,,,,,951.58,53390100.0,1500000.0,60.0,,,,,,,,,,,
Boeing Co/The,BA,,097023105,,,9986.0,2112039.0,3.9574907319475527,,,,,EGGS,2026-07-28,,,,,,,,211.5,53390100.0,1500000.0,60.0,,,,,,,,,,,
Walmart Inc,WMT,,931142103,,,18133.0,2026181.42,3.796612747631238,,,,,EGGS,2026-07-28,,,,,,,,111.74,53390100.0,1500000.0,60.0,,,,,,,,,,,
Amazon.com Inc,AMZN,,023135106,,,7932.0,1835385.48,3.43910364659512,,,,,EGGS,2026-07-28,,,,,,,,231.39,53390100.0,1500000.0,60.0,,,,,,,,,,,
Alphabet Inc,GOOGL,,02079K305,,,5144.0,1679824.64,3.1476172760527312,,,,,EGGS,2026-07-28,,,,,,,,326.56,53390100.0,1500000.0,60.0,,,,,,,,,,,
Celestica Inc,CLS,,15101Q207,,,4569.0,1454038.56,2.7245444450099483,,,,,EGGS,2026-07-28,,,,,,,,318.24,53390100.0,1500000.0,60.0,,,,,,,,,,,
Ciena Corp,CIEN,,171779309,,,3574.0,1348362.98,2.5265319421900747,,,,,EGGS,2026-07-28,,,,,,,,377.27,53390100.0,1500000.0,60.0,,,,,,,,,,,
GOOGL US 08/21/26 C335,GOOGL 260821C00335000,,GOOGL 260821C00335000,,,500.0,375000.0,0.7026664869731725,,,,,EGGS,2026-07-28,GOOGL,335.0,2026-08-21,Call,327.7799987792969,24.0,-0.021552242449860076,7.5,53390100.0,1500000.0,60.0,,,,,,,,,,,
STX US 07/31/26 C890,STX   260731C00890000,,STX   260731C00890000,,,120.0,343800.0,0.6442046352570046,,,,,EGGS,2026-07-28,STX,890.0,2026-07-31,Call,713.3200073242188,3.0,-0.198516845703125,28.65,53390100.0,1500000.0,60.0,,,,,,,,,,,
Cash & Other,Cash&Other,,Cash&Other,,,328413.0,328412.86,0.6153725616346996,,,,,EGGS,2026-07-28,,,,,,,,1.0,53390100.0,1500000.0,60.0,,,,,,,,,,,
LITE US 07/31/26 C770,LITE  260731C00770000,,LITE  260731C00770000,,,150.0,233250.0,0.4370585548973133,,,,,EGGS,2026-07-28,LITE,770.0,2026-07-31,Call,607.52001953125,3.0,-0.21101296164772726,15.55,53390100.0,1500000.0,60.0,,,,,,,,,,,
First American Government Obligations Fund 12/01/2031,FGXXX,,31846V336,,,114211.0,114210.7,0.21400541691665845,,,,,EGGS,2026-07-28,,,,,,,,100.0,53390100.0,1500000.0,60.0,,,,,,,,,,,
WDC US 08/07/26 C645,WDC   260807C00645000,,WDC   260807C00645000,,,110.0,66825.0,0.12521516797861934,,,,,EGGS,2026-07-28,WDC,645.0,2026-08-07,Call,426.30499267578125,10.0,-0.33906202685925385,6.075,53390100.0,1500000.0,60.0,,,,,,,,,,,
GOOGL US 07/31/26 P322.5,GOOGL 260731P00322500,,GOOGL 260731P00322500,,,158.0,53720.0,0.10065931648053021,,,,,EGGS,2026-07-28,GOOGL,322.5,2026-07-31,Put,327.7799987792969,3.0,-0.016372089238129845,3.4,53390100.0,1500000.0,60.0,,,,,,,,,,,
BE US 07/31/26 C295,BE    260731C00295000,,BE    260731C00295000,,,300.0,49500.0,0.09275197628045878,,,,,EGGS,2026-07-28,BE,295.0,2026-07-31,Call,161.47000122070312,3.0,-0.45264406365863347,1.65,53390100.0,1500000.0,60.0,,,,,,,,,,,
CLS US 07/31/26 P292.5,CLS   260731P00292500,,CLS   260731P00292500,,,45.0,43425.0,0.08136877919149338,,,,,EGGS,2026-07-28,CLS,292.5,2026-07-31,Put,321.3699951171875,3.0,-0.09870083800747863,9.65,53390100.0,1500000.0,60.0,,,,,,,,,,,
COHR US 08/07/26 C370,COHR  260807C00370000,,COHR  260807C00370000,,,250.0,31250.0,0.058555540581097715,,,,,EGGS,2026-07-28,COHR,370.0,2026-08-07,Call,230.11000061035156,10.0,-0.3780810794314823,1.25,53390100.0,1500000.0,60.0,,,,,,,,,,,
INTC US 07/31/26 P86,INTC  260731P00086000,,INTC  260731P00086000,,,176.0,29920.0,0.056063416773966195,,,,,EGGS,2026-07-28,INTC,86.0,2026-07-31,Put,83.8499984741211,3.0,0.02500001774277798,1.7,53390100.0,1500000.0,60.0,,,,,,,,,,,
CIEN US 08/07/26 C510,CIEN  260807C00510000,,CIEN  260807C00510000,,,225.0,25650.0,0.048062387708965,,,,,EGGS,2026-07-28,CIEN,510.0,2026-08-07,Call,329.4849853515625,10.0,-0.3539510091145833,1.14,53390100.0,1500000.0,60.0,,,,,,,,,,,
INTC US 08/07/26 C127,INTC  260807C00127000,,INTC  260807C00127000,,,1000.0,16500.0,0.03091732542681959,,,,,EGGS,2026-07-28,INTC,127.0,2026-08-07,Call,83.8499984741211,10.0,-0.3397637915423536,0.165,53390100.0,1500000.0,60.0,,,,,,,,,,,
INTC US 08/07/26 C132,INTC  260807C00132000,,INTC  260807C00132000,,,-1000.0,-10000.0,-0.01873777298595127,,,,,EGGS,2026-07-28,INTC,132.0,2026-08-07,Call,83.8499984741211,10.0,-0.36477273883241595,0.1,53390100.0,1500000.0,60.0,,,,,,,,,,,
CIEN US 08/07/26 C525,CIEN  260807C00525000,,CIEN  260807C00525000,,,-225.0,-9000.0,-0.01686399568735614,,,,,EGGS,2026-07-28,CIEN,525.0,2026-08-07,Call,329.4849853515625,10.0,-0.3724095517113095,0.4,53390100.0,1500000.0,60.0,,,,,,,,,,,
COHR US 08/07/26 C385,COHR  260807C00385000,,COHR  260807C00385000,,,-250.0,-20625.0,-0.03864665678352449,,,,,EGGS,2026-07-28,COHR,385.0,2026-08-07,Call,230.11000061035156,10.0,-0.4023116867263596,0.825,53390100.0,1500000.0,60.0,,,,,,,,,,,
CLS US 07/31/26 P277.5,CLS   260731P00277500,,CLS   260731P00277500,,,-45.0,-25200.0,-0.04721918792459719,,,,,EGGS,2026-07-28,CLS,277.5,2026-07-31,Put,321.3699951171875,3.0,-0.15809007249436938,5.6,53390100.0,1500000.0,60.0,,,,,,,,,,,
BE US 07/31/26 C310,BE    260731C00310000,,BE    260731C00310000,,,-300.0,-30750.0,-0.05761865193180015,,,,,EGGS,2026-07-28,BE,310.0,2026-07-31,Call,161.47000122070312,3.0,-0.4791290283203125,1.025,53390100.0,1500000.0,60.0,,,,,,,,,,,
WDC US 08/07/26 C680,WDC   260807C00680000,,WDC   260807C00680000,,,-110.0,-38995.0,-0.07306794575871697,,,,,EGGS,2026-07-28,WDC,680.0,2026-08-07,Call,426.30499267578125,10.0,-0.3730808931238511,3.545,53390100.0,1500000.0,60.0,,,,,,,,,,,
LITE US 07/31/26 C800,LITE  260731C00800000,,LITE  260731C00800000,,,-150.0,-130500.0,-0.24452793746666404,,,,,EGGS,2026-07-28,LITE,800.0,2026-07-31,Call,607.52001953125,3.0,-0.2405999755859375,8.7,53390100.0,1500000.0,60.0,,,,,,,,,,,
STX US 07/31/26 C930,STX   260731C00930000,,STX   260731C00930000,,,-120.0,-216600.0,-0.4058601628757045,,,,,EGGS,2026-07-28,STX,930.0,2026-07-31,Call,713.3200073242188,3.0,-0.23298923943632394,18.05,53390100.0,1500000.0,60.0,,,,,,,,,,,
GOOGL US 08/21/26 C345,GOOGL 260821C00345000,,GOOGL 260821C00345000,,,-500.0,-217500.0,-0.4075465624444401,,,,,EGGS,2026-07-28,GOOGL,345.0,2026-08-21,Call,327.7799987792969,24.0,-0.0499130470165308,4.35,53390100.0,1500000.0,60.0,,,,,,,,,,,
INTC US 07/31/26 P104,INTC  260731P00104000,,INTC  260731P00104000,,,-176.0,-228360.0,-0.4278957839071832,,,,,EGGS,2026-07-28,INTC,104.0,2026-07-31,Put,83.8499984741211,3.0,0.19375001467191255,12.975,53390100.0,1500000.0,60.0,,,,,,,,,,,
GOOGL US 07/31/26 P340,GOOGL 260731P00340000,,GOOGL 260731P00340000,,,-158.0,-233050.0,-0.4366837994375943,,,,,EGGS,2026-07-28,GOOGL,340.0,2026-07-31,Put,327.7799987792969,3.0,0.035941180060891545,14.75,53390100.0,1500000.0,60.0,,,,,,,,,,,
GOOGL US 07/31/26 C337.5,GOOGL 260731C00337500,,GOOGL 260731C00337500,,,-900.0,-147600.0,-0.019144866972203727,,,,,ULTY,2026-07-28,GOOGL,337.5,2026-07-31,Call,327.80499267578125,3.0,-0.028725947627314816,1.64,771161093.22,28902464.0,1156.1,,,,,,,,,,,
RDDT US 07/31/26 P152.5,RDDT  260731P00152500,,RDDT  260731P00152500,,,1537.0,335834.5,0.04356034435756472,,,,,ULTY,2026-07-28,RDDT,152.5,2026-07-31,Put,175.35000610351562,3.0,-0.14983610559682378,2.185,771161093.22,28902464.0,1156.1,,,,,,,,,,,
MSTR US 07/31/26 P82,MSTR  260731P00082000,,MSTR  260731P00082000,,,2170.0,56420.0,0.007318112429347794,,,,,ULTY,2026-07-28,MSTR,82.0,2026-07-31,Put,95.08999633789062,3.0,-0.15963410168159298,0.26,771161093.22,28902464.0,1156.1,,,,,,,,,,,
ALAB US 07/31/26 P242.5,ALAB  260731P00242500,,ALAB  260731P00242500,,,961.0,320493.5,0.04157049744550119,,,,,ULTY,2026-07-28,ALAB,242.5,2026-07-31,Put,252.64999389648438,3.0,-0.04185564493395619,3.335,771161093.22,28902464.0,1156.1,,,,,,,,,,,
SILJ US 07/31/26 P23.5,SILJ  260731P00023500,,SILJ  260731P00023500,,,-8905.0,-151385.0,-0.019635810884736187,,,,,ULTY,2026-07-28,SILJ,23.5,2026-07-31,Put,23.760000228881836,3.0,-0.011063839526886636,0.17,771161093.22,28902464.0,1156.1,,,,,,,,,,,
TMDX US 08/21/26 P65,TMDX  260821P00065000,,TMDX  260821P00065000,,,5000.0,1700000.0,0.22050321038446027,,,,,ULTY,2026-07-28,TMDX,65.0,2026-08-21,Put,74.75,24.0,-0.15,3.4,771161093.22,28902464.0,1156.1,,,,,,,,,,,
BABA US 07/31/26 C121,BABA  260731C00121000,,BABA  260731C00121000,,,-2574.0,-160875.0,-0.020866737629764733,,,,,ULTY,2026-07-28,BABA,121.0,2026-07-31,Call,115.78209686279297,3.0,-0.043123166423198606,0.625,771161093.22,28902464.0,1156.1,,,,,,,,,,,
NVDA US 07/31/26 P202.5,NVDA  260731P00202500,,NVDA  260731P00202500,,,-1442.0,-1103130.0,-0.14308453321847625,,,,,ULTY,2026-07-28,NVDA,202.5,2026-07-31,Put,193.73080444335938,3.0,0.043304669415509256,7.65,771161093.22,28902464.0,1156.1,,,,,,,,,,,
Dell Technologies Inc,DELL,,24703L202,,,40000.0,17076400.0,2.214941777534822,,,,,ULTY,2026-07-28,,,,,,,,426.91,771161093.22,28902464.0,1156.1,,,,,,,,,,,
MercadoLibre Inc,MELI,,58733R102,,,20000.0,36394800.0,4.720688377235502,,,,,ULTY,2026-07-28,,,,,,,,1819.74,771161093.22,28902464.0,1156.1,,,,,,,,,,,
NVDA US 07/31/26 C202.5,NVDA  260731C00202500,,NVDA  260731C00202500,,,-1442.0,-261723.0,-0.03394750690085417,,,,,ULTY,2026-07-28,NVDA,202.5,2026-07-31,Call,193.73080444335938,3.0,-0.043304669415509256,1.815,771161093.22,28902464.0,1156.1,,,,,,,,,,,
ALAB US 07/31/26 C292.5,ALAB  260731C00292500,,ALAB  260731C00292500,,,-961.0,-1145992.5,-0.148644132545008,,,,,ULTY,2026-07-28,ALAB,292.5,2026-07-31,Call,252.64999389648438,3.0,-0.13623933710603633,11.925,771161093.22,28902464.0,1156.1,,,,,,,,,,,
Quanta Services Inc,PWR,,74762E102,,,52000.0,32254560.0,4.183667076198939,,,,,ULTY,2026-07-28,,,,,,,,620.28,771161093.22,28902464.0,1156.1,,,,,,,,,,,
SCCO US 07/31/26 C187.5,SCCO  260731C00187500,,SCCO  260731C00187500,,,-941.0,-192905.0,-0.025021277528949594,,,,,ULTY,2026-07-28,SCCO,187.5,2026-07-31,Call,,3.0,,2.05,771161093.22,28902464.0,1156.1,,,,,,,,,,,
Alibaba Group Holding Ltd,BABA,,01609W102,,,257400.0,29601000.0,3.8394797238767113,,,,,ULTY,2026-07-28,,,,,,,,115.0,771161093.22,28902464.0,1156.1,,,,,,,,,,,
SCCO US 07/31/26 P165,SCCO  260731P00165000,,SCCO  260731P00165000,,,1882.0,254070.0,0.03295485333081166,,,,,ULTY,2026-07-28,SCCO,165.0,2026-07-31,Put,,3.0,,1.35,771161093.22,28902464.0,1156.1,,,,,,,,,,,
COHR US 07/31/26 C272.5,COHR  260731C00272500,,COHR  260731C00272500,,,-970.0,-1212500.0,-0.15727067211244594,,,,,ULTY,2026-07-28,COHR,272.5,2026-07-31,Call,230.11000061035156,3.0,-0.1555596307877007,12.5,771161093.22,28902464.0,1156.1,,,,,,,,,,,
CAT US 07/31/26 P790,CAT   260731P00790000,,CAT   260731P00790000,,,390.0,107250.0,0.013911158419843155,,,,,ULTY,2026-07-28,CAT,790.0,2026-07-31,Put,826.7650146484375,3.0,-0.04653799322587025,2.75,771161093.22,28902464.0,1156.1,,,,,,,,,,,
BABA US 07/31/26 P111,BABA  260731P00111000,,BABA  260731P00111000,,,-2574.0,-234234.0,-0.03038196998893745,,,,,ULTY,2026-07-28,BABA,111.0,2026-07-31,Put,115.78209686279297,3.0,-0.04308195371885557,0.91,771161093.22,28902464.0,1156.1,,,,,,,,,,,
SHOP US 07/31/26 C119,SHOP  260731C00119000,,SHOP  260731C00119000,,,-2600.0,-2223000.0,-0.2883403745203854,,,,,ULTY,2026-07-28,SHOP,119.0,2026-07-31,Call,130.86000061035156,3.0,0.09966387067522321,8.55,771161093.22,28902464.0,1156.1,,,,,,,,,,,
Lumentum Holdings Inc,LITE,,55024U109,,,36600.0,26057736.0,3.379890849029838,,,,,ULTY,2026-07-28,,,,,,,,711.96,771161093.22,28902464.0,1156.1,,,,,,,,,,,
ALAB US 07/31/26 P290,ALAB  260731P00290000,,ALAB  260731P00290000,,,-961.0,-1986867.5,-0.2577121543285568,,,,,ULTY,2026-07-28,ALAB,290.0,2026-07-31,Put,252.64999389648438,3.0,0.12879312449488148,20.675,771161093.22,28902464.0,1156.1,,,,,,,,,,,
PLTR US 07/31/26 P112,PLTR  260731P00112000,,PLTR  260731P00112000,,,5398.0,67475.0,0.008752031835700856,,,,,ULTY,2026-07-28,PLTR,112.0,2026-07-31,Put,118.9749984741211,3.0,-0.06227677209036691,0.125,771161093.22,28902464.0,1156.1,,,,,,,,,,,
GDX US 07/31/26 C78.5,GDX   260731C00078500,,GDX   260731C00078500,,,-3053.0,-174021.0,-0.02257187598489068,,,,,ULTY,2026-07-28,GDX,78.5,2026-07-31,Call,73.68000030517578,3.0,-0.06140126999776075,0.57,771161093.22,28902464.0,1156.1,,,,,,,,,,,
HOOD US 07/31/26 C101,HOOD  260731C00101000,,HOOD  260731C00101000,,,-3691.0,-1083308.5,-0.14051353063927885,,,,,ULTY,2026-07-28,HOOD,101.0,2026-07-31,Call,89.8499984741211,3.0,-0.11039605471167234,2.935,771161093.22,28902464.0,1156.1,,,,,,,,,,,
FIX US 08/21/26 P1600,FIX   260821P01600000,,FIX   260821P01600000,,,-200.0,-1404000.0,-0.1821097102234013,,,,,ULTY,2026-07-28,FIX,1600.0,2026-08-21,Put,1539.4000244140625,24.0,0.03787498474121094,70.2,771161093.22,28902464.0,1156.1,,,,,,,,,,,
COHR US 07/31/26 P232.5,COHR  260731P00232500,,COHR  260731P00232500,,,970.0,339500.0,0.04403578819148486,,,,,ULTY,2026-07-28,COHR,232.5,2026-07-31,Put,230.11000061035156,3.0,0.010279567267305107,3.5,771161093.22,28902464.0,1156.1,,,,,,,,,,,
AMD US 07/31/26 C507.5,AMD   260731C00507500,,AMD   260731C00507500,,,-669.0,-939945.0,-0.1219181706381303,,,,,ULTY,2026-07-28,AMD,507.5,2026-07-31,Call,446.95001220703125,3.0,-0.11931032077432266,14.05,771161093.22,28902464.0,1156.1,,,,,,,,,,,
CIEN US 07/31/26 C410,CIEN  260731C00410000,,CIEN  260731C00410000,,,-630.0,-349650.0,-0.0453523220652509,,,,,ULTY,2026-07-28,CIEN,410.0,2026-07-31,Call,329.4849853515625,3.0,-0.19637808450838415,5.55,771161093.22,28902464.0,1156.1,,,,,,,,,,,
PLTR US 07/31/26 P119,PLTR  260731P00119000,,PLTR  260731P00119000,,,-2699.0,-99863.0,-0.012953007116837266,,,,,ULTY,2026-07-28,PLTR,119.0,2026-07-31,Put,118.9749984741211,3.0,0.00021009685612526262,0.37,771161093.22,28902464.0,1156.1,,,,,,,,,,,
PWR US 08/21/26 C670,PWR   260821C00670000,,PWR   260821C00670000,,,-520.0,-1092000.0,-0.14164088572931213,,,,,ULTY,2026-07-28,PWR,670.0,2026-08-21,Call,,24.0,,21.0,771161093.22,28902464.0,1156.1,,,,,,,,,,,
CAT US 07/31/26 P870,CAT   260731P00870000,,CAT   260731P00870000,,,-390.0,-884325.0,-0.11470382442543403,,,,,ULTY,2026-07-28,CAT,870.0,2026-07-31,Put,826.7650146484375,3.0,0.04969538546156609,22.675,771161093.22,28902464.0,1156.1,,,,,,,,,,,
AMZN US 07/31/26 C245,AMZN  260731C00245000,,AMZN  260731C00245000,,,-1500.0,-480000.0,-0.062259729990906426,,,,,ULTY,2026-07-28,AMZN,245.0,2026-07-31,Call,229.77000427246094,3.0,-0.06216324786750638,3.2,771161093.22,28902464.0,1156.1,,,,,,,,,,,
MELI US 07/31/26 P1745,MELI  260731P01745000,,MELI  260731P01745000,,,400.0,342000.0,0.04436005761852083,,,,,ULTY,2026-07-28,MELI,1745.0,2026-07-31,Put,1876.050048828125,3.0,-0.07510031451468481,8.55,771161093.22,28902464.0,1156.1,,,,,,,,,,,
MSTR US 07/31/26 C95,MSTR  260731C00095000,,MSTR  260731C00095000,,,-2170.0,-1329125.0,-0.172397840883674,,,,,ULTY,2026-07-28,MSTR,95.0,2026-07-31,Call,95.08999633789062,3.0,0.0009473298725328947,6.125,771161093.22,28902464.0,1156.1,,,,,,,,,,,
Analog Devices Inc,ADI,,032654105,,,78300.0,29118987.0,3.776958892143155,,,,,ULTY,2026-07-28,,,,,,,,371.89,771161093.22,28902464.0,1156.1,,,,,,,,,,,
LRCX US 07/31/26 P277.5,LRCX  260731P00277500,,LRCX  260731P00277500,,,1080.0,1196100.0,0.15514346467108997,,,,,ULTY,2026-07-28,LRCX,277.5,2026-07-31,Put,261.2099914550781,3.0,0.05870273349521397,11.075,771161093.22,28902464.0,1156.1,,,,,,,,,,,
NVDA US 07/31/26 P187.5,NVDA  260731P00187500,,NVDA  260731P00187500,,,1442.0,171598.0,0.02225759405620742,,,,,ULTY,2026-07-28,NVDA,187.5,2026-07-31,Put,193.73080444335938,3.0,-0.03323095703125,1.19,771161093.22,28902464.0,1156.1,,,,,,,,,,,
LITE US 07/31/26 P662.5,LITE  260731P00662500,,LITE  260731P00662500,,,366.0,644160.0,0.08355255764779643,,,,,ULTY,2026-07-28,LITE,662.5,2026-07-31,Put,607.2800903320312,3.0,0.08335080704599057,17.6,771161093.22,28902464.0,1156.1,,,,,,,,,,,
HOOD US 07/31/26 P86,HOOD  260731P00086000,,HOOD  260731P00086000,,,3691.0,577641.5,0.07492459129487952,,,,,ULTY,2026-07-28,HOOD,86.0,2026-07-31,Put,89.8499984741211,3.0,-0.04476742411768714,1.565,771161093.22,28902464.0,1156.1,,,,,,,,,,,
Lam Research Corp,LRCX,,512807306,,,108000.0,31493880.0,4.085000969095851,,,,,ULTY,2026-07-28,,,,,,,,291.61,771161093.22,28902464.0,1156.1,,,,,,,,,,,
VanEck Gold Miners ETF/USA,GDX,,92189F106,,,305300.0,23120369.0,2.99889152339609,,,,,ULTY,2026-07-28,,,,,,,,75.73,771161093.22,28902464.0,1156.1,,,,,,,,,,,
LITE US 07/31/26 C732.5,LITE  260731C00732500,,LITE  260731C00732500,,,-366.0,-1068720.0,-0.13862128882475316,,,,,ULTY,2026-07-28,LITE,732.5,2026-07-31,Call,607.2800903320312,3.0,-0.17094868214057168,29.2,771161093.22,28902464.0,1156.1,,,,,,,,,,,
SPCX US 07/31/26 P106,SPCX  260731P00106000,,SPCX  260731P00106000,,,1930.0,414950.0,0.05382223949943046,,,,,ULTY,2026-07-28,SPCX,106.0,2026-07-31,Put,110.1500015258789,3.0,-0.039150957791310434,2.15,771161093.22,28902464.0,1156.1,,,,,,,,,,,
DELL US 07/31/26 P397.5,DELL  260731P00397500,,DELL  260731P00397500,,,400.0,250000.0,0.0324269427035971,,,,,ULTY,2026-07-28,DELL,397.5,2026-07-31,Put,365.6650085449219,3.0,0.0800880288178066,6.25,771161093.22,28902464.0,1156.1,,,,,,,,,,,
Astera Labs Inc,ALAB,,04626A103,,,96100.0,27150172.0,3.521588287347225,,,,,ULTY,2026-07-28,,,,,,,,282.52,771161093.22,28902464.0,1156.1,,,,,,,,,,,
Reddit Inc,RDDT,,75734B100,,,153700.0,27547651.0,3.5731444023827574,,,,,ULTY,2026-07-28,,,,,,,,179.23,771161093.22,28902464.0,1156.1,,,,,,,,,,,
ADI US 07/31/26 C385,ADI   260731C00385000,,ADI   260731C00385000,,,-783.0,-328860.0,-0.04265569751001977,,,,,ULTY,2026-07-28,ADI,385.0,2026-07-31,Call,366.92999267578125,3.0,-0.04693508395900974,4.2,771161093.22,28902464.0,1156.1,,,,,,,,,,,
Palantir Technologies Inc,PLTR,,69608A108,,,269900.0,35499947.0,4.604618989398935,,,,,ULTY,2026-07-28,,,,,,,,131.53,771161093.22,28902464.0,1156.1,,,,,,,,,,,
SHOP US 07/31/26 P104,SHOP  260731P00104000,,SHOP  260731P00104000,,,2600.0,31200.0,0.004046882449408918,,,,,ULTY,2026-07-28,SHOP,104.0,2026-07-31,Put,130.86000061035156,3.0,-0.2582692366379958,0.12,771161093.22,28902464.0,1156.1,,,,,,,,,,,
SILJ US 07/31/26 P22.5,SILJ  260731P00022500,,SILJ  260731P00022500,,,17810.0,187005.0,0.024256001681144702,,,,,ULTY,2026-07-28,SILJ,22.5,2026-07-31,Put,23.760000228881836,3.0,-0.056000010172526045,0.105,771161093.22,28902464.0,1156.1,,,,,,,,,,,
FIX US 08/21/26 C1740,FIX   260821C01740000,,FIX   260821C01740000,,,-200.0,-2435000.0,-0.31583842193303574,,,,,ULTY,2026-07-28,FIX,1740.0,2026-08-21,Call,1539.4000244140625,24.0,-0.11528734229076867,121.75,771161093.22,28902464.0,1156.1,,,,,,,,,,,
CIEN US 07/31/26 P350,CIEN  260731P00350000,,CIEN  260731P00350000,,,630.0,513450.0,0.06659845492464772,,,,,ULTY,2026-07-28,CIEN,350.0,2026-07-31,Put,329.4849853515625,3.0,0.05861432756696429,8.15,771161093.22,28902464.0,1156.1,,,,,,,,,,,
GOOGL US 07/31/26 P300,GOOGL 260731P00300000,,GOOGL 260731P00300000,,,1800.0,37800.0,0.004902953736783881,,,,,ULTY,2026-07-28,GOOGL,300.0,2026-07-31,Put,327.80499267578125,3.0,-0.09268330891927083,0.21,771161093.22,28902464.0,1156.1,,,,,,,,,,,
Space Exploration Technologies Corp,SPCX,,84615Q103,,,193000.0,21905500.0,2.8413135735745847,,,,,ULTY,2026-07-28,,,,,,,,113.5,771161093.22,28902464.0,1156.1,,,,,,,,,,,
FIGR US 07/31/26 C30,FIGR  260731C00030000,,FIGR  260731C00030000,,,-8120.0,-588700.0,-0.07635896467843045,,,,,ULTY,2026-07-28,FIGR,30.0,2026-07-31,Call,26.920000076293945,3.0,-0.10266666412353516,0.725,771161093.22,28902464.0,1156.1,,,,,,,,,,,
MELI US 07/31/26 C1850,MELI  260731C01850000,,MELI  260731C01850000,,,-200.0,-477000.0,-0.061870606678463266,,,,,ULTY,2026-07-28,MELI,1850.0,2026-07-31,Call,1876.050048828125,3.0,0.014081107474662163,23.85,771161093.22,28902464.0,1156.1,,,,,,,,,,,
Ciena Corp,CIEN,,171779309,,,63000.0,23768010.0,3.0828955937940914,,,,,ULTY,2026-07-28,,,,,,,,377.27,771161093.22,28902464.0,1156.1,,,,,,,,,,,
FIGR US 07/31/26 P26,FIGR  260731P00026000,,FIGR  260731P00026000,,,8120.0,182700.0,0.023697609727788758,,,,,ULTY,2026-07-28,FIGR,26.0,2026-07-31,Put,26.920000076293945,3.0,-0.0353846183189979,0.225,771161093.22,28902464.0,1156.1,,,,,,,,,,,
Coherent Corp,COHR,,19247G107,,,97000.0,26317070.0,3.413528484066217,,,,,ULTY,2026-07-28,,,,,,,,271.31,771161093.22,28902464.0,1156.1,,,,,,,,,,,
SILJ US 07/31/26 C25.5,SILJ  260731C00025500,,SILJ  260731C00025500,,,-8905.0,-342842.5,-0.04446933641543195,,,,,ULTY,2026-07-28,SILJ,25.5,2026-07-31,Call,23.760000228881836,3.0,-0.06823528514188879,0.385,771161093.22,28902464.0,1156.1,,,,,,,,,,,
SPCX US 07/31/26 C121,SPCX  260731C00121000,,SPCX  260731C00121000,,,-1930.0,-540400.0,-0.07009407934809549,,,,,ULTY,2026-07-28,SPCX,121.0,2026-07-31,Call,110.1500015258789,3.0,-0.08966940887703383,2.8,771161093.22,28902464.0,1156.1,,,,,,,,,,,
Strategy Inc,MSTR,,594972408,,,217000.0,21407050.0,2.776660735212153,,,,,ULTY,2026-07-28,,,,,,,,98.65,771161093.22,28902464.0,1156.1,,,,,,,,,,,
Amplify Junior Silver Miners ETF,SILJ,,032108649,,,890500.0,22191260.0,2.878378866162505,,,,,ULTY,2026-07-28,,,,,,,,24.92,771161093.22,28902464.0,1156.1,,,,,,,,,,,
AMD US 07/31/26 P505,AMD   260731P00505000,,AMD   260731P00505000,,,-669.0,-1644067.5,-0.21324833049338449,,,,,ULTY,2026-07-28,AMD,505.0,2026-07-31,Put,446.95001220703125,3.0,0.11495047087716584,24.575,771161093.22,28902464.0,1156.1,,,,,,,,,,,
AMZN US 07/31/26 P220,AMZN  260731P00220000,,AMZN  260731P00220000,,,3000.0,1012500.0,0.13132911794956825,,,,,ULTY,2026-07-28,AMZN,220.0,2026-07-31,Put,229.77000427246094,3.0,-0.044409110329367896,3.375,771161093.22,28902464.0,1156.1,,,,,,,,,,,
Figure Technology Solutions Inc,FIGR,,349381103,,,812000.0,23409960.0,3.036453726454,,,,,ULTY,2026-07-28,,,,,,,,28.83,771161093.22,28902464.0,1156.1,,,,,,,,,,,
BABA US 07/31/26 P106,BABA  260731P00106000,,BABA  260731P00106000,,,5148.0,108108.0,0.0140224476872019,,,,,ULTY,2026-07-28,BABA,106.0,2026-07-31,Put,115.78209686279297,3.0,-0.0922839326678582,0.21,771161093.22,28902464.0,1156.1,,,,,,,,,,,
PLTR US 07/31/26 C129,PLTR  260731C00129000,,PLTR  260731C00129000,,,-2699.0,-1336005.0,-0.17329023034687696,,,,,ULTY,2026-07-28,PLTR,129.0,2026-07-31,Call,118.9749984741211,3.0,-0.0777131901230923,4.95,771161093.22,28902464.0,1156.1,,,,,,,,,,,
Shopify Inc,SHOP,,82509L107,,,260000.0,32988800.0,4.278903709841695,,,,,ULTY,2026-07-28,,,,,,,,126.88,771161093.22,28902464.0,1156.1,,,,,,,,,,,
Amazon.com Inc,AMZN,,023135106,,,150000.0,34708500.0,4.5019621633112,,,,,ULTY,2026-07-28,,,,,,,,231.39,771161093.22,28902464.0,1156.1,,,,,,,,,,,
Caterpillar Inc,CAT,,149123101,,,39000.0,34057920.0,4.4175768817747745,,,,,ULTY,2026-07-28,,,,,,,,873.28,771161093.22,28902464.0,1156.1,,,,,,,,,,,
CAT US 07/31/26 P835,CAT   260731P00835000,,CAT   260731P00835000,,,390.0,371475.0,0.04818319416327493,,,,,ULTY,2026-07-28,CAT,835.0,2026-07-31,Put,826.7650146484375,3.0,0.009862257906062875,9.525,771161093.22,28902464.0,1156.1,,,,,,,,,,,
Southern Copper Corp,SCCO,,84265V105,,,94132.0,16879823.76,2.189444311649348,,,,,ULTY,2026-07-28,,,,,,,,179.32,771161093.22,28902464.0,1156.1,,,,,,,,,,,
TMDX US 08/21/26 C80,TMDX  260821C00080000,,TMDX  260821C00080000,,,-2500.0,-1187500.0,-0.15402797784208622,,,,,ULTY,2026-07-28,TMDX,80.0,2026-08-21,Call,74.75,24.0,-0.065625,4.75,771161093.22,28902464.0,1156.1,,,,,,,,,,,
NVIDIA Corp,NVDA,,67066G104,,,144200.0,28336742.0,3.6754956369624536,,,,,ULTY,2026-07-28,,,,,,,,196.51,771161093.22,28902464.0,1156.1,,,,,,,,,,,
CAT US 07/31/26 C880,CAT   260731C00880000,,CAT   260731C00880000,,,-390.0,-798525.0,-0.10357489768955949,,,,,ULTY,2026-07-28,CAT,880.0,2026-07-31,Call,826.7650146484375,3.0,-0.060494301535866477,20.475,771161093.22,28902464.0,1156.1,,,,,,,,,,,
GDX US 07/31/26 P69.5,GDX   260731P00069500,,GDX   260731P00069500,,,6106.0,82431.0,0.010691941256000849,,,,,ULTY,2026-07-28,GDX,69.5,2026-07-31,Put,73.68000030517578,3.0,-0.06014388928310477,0.135,771161093.22,28902464.0,1156.1,,,,,,,,,,,
AMZN US 07/31/26 P225,AMZN  260731P00225000,,AMZN  260731P00225000,,,-1500.0,-753750.0,-0.09776723225134526,,,,,ULTY,2026-07-28,AMZN,225.0,2026-07-31,Put,229.77000427246094,3.0,-0.021200018988715277,5.025,771161093.22,28902464.0,1156.1,,,,,,,,,,,
Comfort Systems USA Inc,FIX,,199908104,,,20000.0,34608400.0,4.48897841545268,,,,,ULTY,2026-07-28,,,,,,,,1730.42,771161093.22,28902464.0,1156.1,,,,,,,,,,,
TransMedics Group Inc,TMDX,,89377M109,,,250000.0,18570000.0,2.4086733040231922,,,,,ULTY,2026-07-28,,,,,,,,74.28,771161093.22,28902464.0,1156.1,,,,,,,,,,,
SCCO US 07/31/26 P175,SCCO  260731P00175000,,SCCO  260731P00175000,,,-941.0,-348170.0,-0.04516035456444561,,,,,ULTY,2026-07-28,SCCO,175.0,2026-07-31,Put,,3.0,,3.7,771161093.22,28902464.0,1156.1,,,,,,,,,,,
GDX US 07/31/26 P73.5,GDX   260731P00073500,,GDX   260731P00073500,,,-3053.0,-204551.0,-0.026531854227853962,,,,,ULTY,2026-07-28,GDX,73.5,2026-07-31,Put,73.68000030517578,3.0,-0.0024489837438881803,0.67,771161093.22,28902464.0,1156.1,,,,,,,,,,,
GOOGL US 07/31/26 P315,GOOGL 260731P00315000,,GOOGL 260731P00315000,,,-900.0,-128700.0,-0.016693390103811788,,,,,ULTY,2026-07-28,GOOGL,315.0,2026-07-31,Put,327.80499267578125,3.0,-0.04065077039930556,1.43,771161093.22,28902464.0,1156.1,,,,,,,,,,,
ADI US 07/31/26 P360,ADI   260731P00360000,,ADI   260731P00360000,,,-783.0,-368010.0,-0.04773375673740307,,,,,ULTY,2026-07-28,ADI,360.0,2026-07-31,Put,366.92999267578125,3.0,-0.019249979654947916,4.7,771161093.22,28902464.0,1156.1,,,,,,,,,,,
AMD US 07/31/26 P442.5,AMD   260731P00442500,,AMD   260731P00442500,,,669.0,255892.5,0.03319124574312088,,,,,ULTY,2026-07-28,AMD,442.5,2026-07-31,Put,446.95001220703125,3.0,-0.010056524761652542,3.825,771161093.22,28902464.0,1156.1,,,,,,,,,,,
DELL US 07/31/26 C457.5,DELL  260731C00457500,,DELL  260731C00457500,,,-400.0,-263000.0,-0.03411314372418415,,,,,ULTY,2026-07-28,DELL,457.5,2026-07-31,Call,365.6650085449219,3.0,-0.2007322217597336,6.575,771161093.22,28902464.0,1156.1,,,,,,,,,,,
FIX US 08/21/26 P1480,FIX   260821P01480000,,FIX   260821P01480000,,,400.0,1464000.0,0.1898921764722646,,,,,ULTY,2026-07-28,FIX,1480.0,2026-08-21,Put,1539.4000244140625,24.0,-0.040135151631123314,36.6,771161093.22,28902464.0,1156.1,,,,,,,,,,,
MELI US 07/31/26 P1790,MELI  260731P01790000,,MELI  260731P01790000,,,-200.0,-388000.0,-0.0503266150759827,,,,,ULTY,2026-07-28,MELI,1790.0,2026-07-31,Put,1876.050048828125,3.0,-0.048072652976606144,19.4,771161093.22,28902464.0,1156.1,,,,,,,,,,,
First American Government Obligations Fund 12/01/2031,FGXXX,,31846V336,,,26488391.0,26488391.36,3.435750195764706,,,,,ULTY,2026-07-28,,,,,,,,100.0,771161093.22,28902464.0,1156.1,,,,,,,,,,,
ADI US 07/31/26 P340,ADI   260731P00340000,,ADI   260731P00340000,,,1566.0,242730.0,0.031483967209776496,,,,,ULTY,2026-07-28,ADI,340.0,2026-07-31,Put,366.92999267578125,3.0,-0.07920586081112133,1.55,771161093.22,28902464.0,1156.1,,,,,,,,,,,
AMD US 07/31/26 P490,AMD   260731P00490000,,AMD   260731P00490000,,,669.0,1137300.0,0.1475166477472039,,,,,ULTY,2026-07-28,AMD,490.0,2026-07-31,Put,446.95001220703125,3.0,0.08785711794483418,17.0,771161093.22,28902464.0,1156.1,,,,,,,,,,,
LRCX US 07/31/26 C322.5,LRCX  260731C00322500,,LRCX  260731C00322500,,,-1080.0,-642600.0,-0.08335021352532598,,,,,ULTY,2026-07-28,LRCX,322.5,2026-07-31,Call,261.2099914550781,3.0,-0.19004653812378877,5.95,771161093.22,28902464.0,1156.1,,,,,,,,,,,
RDDT US 07/31/26 C177.5,RDDT  260731C00177500,,RDDT  260731C00177500,,,-1537.0,-1844400.0,-0.23923301249005796,,,,,ULTY,2026-07-28,RDDT,177.5,2026-07-31,Call,175.35000610351562,3.0,-0.012112641670334507,12.0,771161093.22,28902464.0,1156.1,,,,,,,,,,,
Alphabet Inc,GOOGL,,02079K305,,,90000.0,29390400.0,3.812163267343201,,,,,ULTY,2026-07-28,,,,,,,,326.56,771161093.22,28902464.0,1156.1,,,,,,,,,,,
ALAB US 07/31/26 P275,ALAB  260731P00275000,,ALAB  260731P00275000,,,961.0,1258910.0,0.1632904097559417,,,,,ULTY,2026-07-28,ALAB,275.0,2026-07-31,Put,252.64999389648438,3.0,0.08127274946732954,13.1,771161093.22,28902464.0,1156.1,,,,,,,,,,,
NVDA US 07/31/26 P192.5,NVDA  260731P00192500,,NVDA  260731P00192500,,,1442.0,354732.0,0.046011496956529625,,,,,ULTY,2026-07-28,NVDA,192.5,2026-07-31,Put,193.73080444335938,3.0,-0.006393789316152598,2.46,771161093.22,28902464.0,1156.1,,,,,,,,,,,
Cash & Other,Cash&Other,,Cash&Other,,,12246957.0,12246957.17,1.5885255137799907,,,,,ULTY,2026-07-28,,,,,,,,1.0,771161093.22,28902464.0,1156.1,,,,,,,,,,,
TMDX US 08/21/26 P70,TMDX  260821P00070000,,TMDX  260821P00070000,,,-2500.0,-1312500.0,-0.17024144919388476,,,,,ULTY,2026-07-28,TMDX,70.0,2026-08-21,Put,74.75,24.0,-0.06785714285714285,5.25,771161093.22,28902464.0,1156.1,,,,,,,,,,,
PWR US 08/21/26 P540,PWR   260821P00540000,,PWR   260821P00540000,,,1040.0,1154400.0,0.14973465062812996,,,,,ULTY,2026-07-28,PWR,540.0,2026-08-21,Put,,24.0,,11.1,771161093.22,28902464.0,1156.1,,,,,,,,,,,
Robinhood Markets Inc,HOOD,,770700102,,,369100.0,35304415.0,4.579256969556056,,,,,ULTY,2026-07-28,,,,,,,,95.65,771161093.22,28902464.0,1156.1,,,,,,,,,,,
Advanced Micro Devices Inc,AMD,,007903107,,,66900.0,33112155.0,4.294903811910505,,,,,ULTY,2026-07-28,,,,,,,,494.95,771161093.22,28902464.0,1156.1,,,,,,,,,,,
PWR US 08/21/26 P600,PWR   260821P00600000,,PWR   260821P00600000,,,-520.0,-1557400.0,-0.2020068822663285,,,,,ULTY,2026-07-28,PWR,600.0,2026-08-21,Put,,24.0,,29.95,771161093.22,28902464.0,1156.1,,,,,,,,,,,
GameStop Corp,GME,,36467W109,,,-20000.0,-430400.0,-2.3445446356445045,,,,,SLTY,2026-07-28,,,,,,,,21.52,18352867.5,825000.0,33.0,,,,,,,,,,,
ETSY US 07/31/26 P78,ETSY  260731P00078000,,ETSY  260731P00078000,,,-107.0,-4975.5,-0.027103349987567922,,,,,SLTY,2026-07-28,ETSY,78.0,2026-07-31,Put,,3.0,,0.465,18352867.5,825000.0,33.0,,,,,,,,,,,
Pegasystems Inc,PEGA,,705573103,,,-15500.0,-443300.0,-2.41481560636898,,,,,SLTY,2026-07-28,,,,,,,,28.6,18352867.5,825000.0,33.0,,,,,,,,,,,
Invesco QQQ Trust Series 1,QQQ,,46090E103,,,-1100.0,-750332.0,-4.087330077956349,,,,,SLTY,2026-07-28,,,,,,,,682.12,18352867.5,825000.0,33.0,,,,,,,,,,,
PEGA US 08/21/26 C30,PEGA  260821C00030000,,PEGA  260821C00030000,,,155.0,20925.0,0.11398605134958471,,,,,SLTY,2026-07-28,PEGA,30.0,2026-08-21,Call,29.200000762939453,24.0,-0.026666641235351562,1.35,18352867.5,825000.0,33.0,,,,,,,,,,,
CNC US 07/31/26 P61,CNC   260731P00061000,,CNC   260731P00061000,,,-135.0,-29025.0,-0.15810968413006912,,,,,SLTY,2026-07-28,CNC,61.0,2026-07-31,Put,58.69990158081055,3.0,0.03770653146212218,2.15,18352867.5,825000.0,33.0,,,,,,,,,,,
QQQ US 07/31/26 C702,QQQ   260731C00702000,,QQQ   260731C00702000,,,-11.0,-1980.0,-0.010785776901896188,,,,,SLTY,2026-07-28,QQQ,702.0,2026-07-31,Call,669.9199829101562,3.0,-0.045698030042512466,1.8,18352867.5,825000.0,33.0,,,,,,,,,,,
TSLA US 07/31/26 P317.5,TSLA  260731P00317500,,TSLA  260731P00317500,,,-14.0,-17045.0,-0.09285028651152552,,,,,SLTY,2026-07-28,TSLA,317.5,2026-07-31,Put,302.20001220703125,3.0,0.048188937930610236,12.175,18352867.5,825000.0,33.0,,,,,,,,,,,
QQQ US 07/31/26 C710,QQQ   260731C00710000,,QQQ   260731C00710000,,,22.0,1342.0,0.0073103599001740835,,,,,SLTY,2026-07-28,QQQ,710.0,2026-07-31,Call,669.9199829101562,3.0,-0.05645072829555458,0.61,18352867.5,825000.0,33.0,,,,,,,,,,,
CRM US 07/31/26 C175,CRM   260731C00175000,,CRM   260731C00175000,,,100.0,33000.0,0.17976294836493648,,,,,SLTY,2026-07-28,CRM,175.0,2026-07-31,Call,181.11000061035156,3.0,0.03491428920200893,3.3,18352867.5,825000.0,33.0,,,,,,,,,,,
KKR US 07/31/26 C101,KKR   260731C00101000,,KKR   260731C00101000,,,184.0,59340.0,0.3232464653325857,,,,,SLTY,2026-07-28,KKR,101.0,2026-07-31,Call,102.52999877929688,3.0,0.015148502765315593,3.225,18352867.5,825000.0,33.0,,,,,,,,,,,
ETN US 07/31/26 P395,ETN   260731P00395000,,ETN   260731P00395000,,,-15.0,-17100.0,-0.09314989142546708,,,,,SLTY,2026-07-28,ETN,395.0,2026-07-31,Put,376.54998779296875,3.0,0.04670889166337025,11.4,18352867.5,825000.0,33.0,,,,,,,,,,,
KKR & Co Inc,KKR,,48251W104,,,-9200.0,-934996.0,-5.0932617475582465,,,,,SLTY,2026-07-28,,,,,,,,101.63,18352867.5,825000.0,33.0,,,,,,,,,,,
CNC US 07/31/26 C71,CNC   260731C00071000,,CNC   260731C00071000,,,135.0,10462.5,0.05699302567479236,,,,,SLTY,2026-07-28,CNC,71.0,2026-07-31,Call,58.69990158081055,3.0,-0.17324082280548525,0.775,18352867.5,825000.0,33.0,,,,,,,,,,,
RIVN US 07/31/26 P15,RIVN  260731P00015000,,RIVN  260731P00015000,,,-366.0,-9516.0,-0.05183709747396168,,,,,SLTY,2026-07-28,RIVN,15.0,2026-07-31,Put,16.0049991607666,3.0,-0.06699994405110678,0.26,18352867.5,825000.0,33.0,,,,,,,,,,,
GME US 07/31/26 C21.5,GME   260731C00021500,,GME   260731C00021500,,,-200.0,-6300.0,-0.03431838105148787,,,,,SLTY,2026-07-28,GME,21.5,2026-07-31,Call,21.844999313354492,3.0,0.016046479690906612,0.315,18352867.5,825000.0,33.0,,,,,,,,,,,
RKLB US 07/31/26 C79,RKLB  260731C00079000,,RKLB  260731C00079000,,,53.0,1325.0,0.007217754744955783,,,,,SLTY,2026-07-28,RKLB,79.0,2026-07-31,Call,60.67499923706055,3.0,-0.23196203497391713,0.25,18352867.5,825000.0,33.0,,,,,,,,,,,
TGT US 07/31/26 P130,TGT   260731P00130000,,TGT   260731P00130000,,,-69.0,-517.5,-0.0028190098720865036,,,,,SLTY,2026-07-28,TGT,130.0,2026-07-31,Put,145.76499938964844,3.0,-0.12126922607421875,0.075,18352867.5,825000.0,33.0,,,,,,,,,,,
First American Government Obligations Fund 12/01/2031,FGXXX,,31846V336,,,1623518.0,1623518.19,8.84389141086379,,,,,SLTY,2026-07-28,,,,,,,,100.0,18352867.5,825000.0,33.0,,,,,,,,,,,
Etsy Inc,ETSY,,29786A106,,,-10700.0,-897088.0,-4.88676314614558,,,,,SLTY,2026-07-28,,,,,,,,83.84,18352867.5,825000.0,33.0,,,,,,,,,,,
SBUX US 07/31/26 C112,SBUX  260731C00112000,,SBUX  260731C00112000,,,164.0,11972.0,0.06521581872197028,,,,,SLTY,2026-07-28,SBUX,112.0,2026-07-31,Call,105.40499877929688,3.0,-0.05888393947056362,0.73,18352867.5,825000.0,33.0,,,,,,,,,,,
ETN US 07/31/26 C440,ETN   260731C00440000,,ETN   260731C00440000,,,15.0,1950.0,0.010622356039746246,,,,,SLTY,2026-07-28,ETN,440.0,2026-07-31,Call,376.54998779296875,3.0,-0.1442045731977983,1.3,18352867.5,825000.0,33.0,,,,,,,,,,,
NIKE Inc,NKE,,654106103,,,-18200.0,-766948.0,-4.17784344613913,,,,,SLTY,2026-07-28,,,,,,,,42.14,18352867.5,825000.0,33.0,,,,,,,,,,,
SBUX US 07/31/26 C107,SBUX  260731C00107000,,SBUX  260731C00107000,,,-82.0,-16933.0,-0.09224018195949907,,,,,SLTY,2026-07-28,SBUX,107.0,2026-07-31,Call,105.40499877929688,3.0,-0.014906553464515186,2.065,18352867.5,825000.0,33.0,,,,,,,,,,,
LEN US 07/31/26 P81,LEN   260731P00081000,,LEN   260731P00081000,,,-85.0,-3187.5,-0.01736346660343136,,,,,SLTY,2026-07-28,LEN,81.0,2026-07-31,Put,,3.0,,0.375,18352867.5,825000.0,33.0,,,,,,,,,,,
OKLO US 07/31/26 C50,OKLO  260731C00050000,,OKLO  260731C00050000,,,100.0,1450.0,0.007898675003913875,,,,,SLTY,2026-07-28,OKLO,50.0,2026-07-31,Call,38.060001373291016,3.0,-0.2387999725341797,0.145,18352867.5,825000.0,33.0,,,,,,,,,,,
Target Corp,TGT,,87612E106,,,-6900.0,-968346.0,-5.274931272648266,,,,,SLTY,2026-07-28,,,,,,,,140.34,18352867.5,825000.0,33.0,,,,,,,,,,,
LYFT US 07/31/26 C16,LYFT  260731C00016000,,LYFT  260731C00016000,,,1020.0,11730.0,0.06389755710062742,,,,,SLTY,2026-07-28,LYFT,16.0,2026-07-31,Call,15.234999656677246,3.0,-0.04781252145767212,0.115,18352867.5,825000.0,33.0,,,,,,,,,,,
VFC US 07/31/26 P16,VFC   260731P00016000,,VFC   260731P00016000,,,-229.0,-9847.0,-0.0536401743196827,,,,,SLTY,2026-07-28,VFC,16.0,2026-07-31,Put,17.764999389648438,3.0,-0.11031246185302734,0.43,18352867.5,825000.0,33.0,,,,,,,,,,,
KKR US 07/31/26 P92,KKR   260731P00092000,,KKR   260731P00092000,,,-92.0,-2990.0,-0.01628761259427758,,,,,SLTY,2026-07-28,KKR,92.0,2026-07-31,Put,102.52999877929688,3.0,-0.11445650847061821,0.325,18352867.5,825000.0,33.0,,,,,,,,,,,
SPG US 08/21/26 C250,SPG   260821C00250000,,SPG   260821C00250000,,,17.0,1402.5,0.007639925305509799,,,,,SLTY,2026-07-28,SPG,250.0,2026-08-21,Call,236.72000122070312,24.0,-0.0531199951171875,0.825,18352867.5,825000.0,33.0,,,,,,,,,,,
LYV US 07/31/26 C195,LYV   260731C00195000,,LYV   260731C00195000,,,42.0,2310.0,0.012583406385545552,,,,,SLTY,2026-07-28,LYV,195.0,2026-07-31,Call,181.82000732421875,3.0,-0.06758970602964744,0.55,18352867.5,825000.0,33.0,,,,,,,,,,,
Starbucks Corp,SBUX,,855244109,,,-8200.0,-849930.0,-4.629876445570014,,,,,SLTY,2026-07-28,,,,,,,,103.65,18352867.5,825000.0,33.0,,,,,,,,,,,
Align Technology Inc,ALGN,,016255101,,,-3000.0,-504150.0,-2.7462875884297793,,,,,SLTY,2026-07-28,,,,,,,,168.05,18352867.5,825000.0,33.0,,,,,,,,,,,
VFC US 07/31/26 C17.5,VFC   260731C00017500,,VFC   260731C00017500,,,-229.0,-17060.5,-0.09293472062363632,,,,,SLTY,2026-07-28,VFC,17.5,2026-07-31,Call,17.764999389648438,3.0,0.015142822265625,0.745,18352867.5,825000.0,33.0,,,,,,,,,,,
United States Treasury Bill 12/10/2026,912797VG9,,912797VG9,,,1500000.0,1478317.31,8.052929644379446,,,,,SLTY,2026-07-28,,,,,,,,98.554487,18352867.5,825000.0,33.0,,,,,,,,,,,
Eaton Corp PLC,ETN,,G29183103,,,-1500.0,-597960.0,-3.2573046243726487,,,,,SLTY,2026-07-28,,,,,,,,398.64,18352867.5,825000.0,33.0,,,,,,,,,,,
CRM US 07/31/26 P162.5,CRM   260731P00162500,,CRM   260731P00162500,,,-50.0,-3625.0,-0.019746687509784686,,,,,SLTY,2026-07-28,CRM,162.5,2026-07-31,Put,181.11000061035156,3.0,-0.11452308067908654,0.725,18352867.5,825000.0,33.0,,,,,,,,,,,
Marathon Petroleum Corp,MPC,,56585A102,,,-2700.0,-843345.0,-4.594005566328101,,,,,SLTY,2026-07-28,,,,,,,,312.35,18352867.5,825000.0,33.0,,,,,,,,,,,
CAVA US 07/31/26 C68,CAVA  260731C00068000,,CAVA  260731C00068000,,,92.0,6486.0,0.03533159039681751,,,,,SLTY,2026-07-28,CAVA,68.0,2026-07-31,Call,64.2300033569336,3.0,-0.05544112710391774,0.705,18352867.5,825000.0,33.0,,,,,,,,,,,
VF Corp,VFC,,918204108,,,-22900.0,-392048.0,-2.1356274054720186,,,,,SLTY,2026-07-28,,,,,,,,17.12,18352867.5,825000.0,33.0,,,,,,,,,,,
Rivian Automotive Inc,RIVN,,76954A103,,,-36600.0,-603168.0,-3.2856744860418785,,,,,SLTY,2026-07-28,,,,,,,,16.48,18352867.5,825000.0,33.0,,,,,,,,,,,
VFC US 07/31/26 C18.5,VFC   260731C00018500,,VFC   260731C00018500,,,458.0,19465.0,0.10603290272495419,,,,,SLTY,2026-07-28,VFC,18.5,2026-07-31,Call,17.764999389648438,3.0,-0.03972976272170608,0.425,18352867.5,825000.0,33.0,,,,,,,,,,,
TMUS US 07/31/26 C185,TMUS  260731C00185000,,TMUS  260731C00185000,,,-25.0,-1437.5,-0.007830582978018067,,,,,SLTY,2026-07-28,TMUS,185.0,2026-07-31,Call,185.3699951171875,3.0,0.001999973606418919,0.575,18352867.5,825000.0,33.0,,,,,,,,,,,
Live Nation Entertainment Inc,LYV,,538034109,,,-4200.0,-753480.0,-4.104478373757949,,,,,SLTY,2026-07-28,,,,,,,,179.4,18352867.5,825000.0,33.0,,,,,,,,,,,
RIVN US 07/31/26 C16.5,RIVN  260731C00016500,,RIVN  260731C00016500,,,-366.0,-31293.0,-0.17046430130860474,,,,,SLTY,2026-07-28,RIVN,16.5,2026-07-31,Call,16.0049991607666,3.0,-0.030000050862630207,0.855,18352867.5,825000.0,33.0,,,,,,,,,,,
LYFT US 07/31/26 P13.5,LYFT  260731P00013500,,LYFT  260731P00013500,,,-510.0,-1785.0,-0.009723541297921563,,,,,SLTY,2026-07-28,LYFT,13.5,2026-07-31,Put,15.234999656677246,3.0,-0.12851849308720342,0.035,18352867.5,825000.0,33.0,,,,,,,,,,,
Lyft Inc,LYFT,,55087P104,,,-51000.0,-769590.0,-4.1922353767324685,,,,,SLTY,2026-07-28,,,,,,,,15.09,18352867.5,825000.0,33.0,,,,,,,,,,,
GME US 07/31/26 C23.5,GME   260731C00023500,,GME   260731C00023500,,,400.0,1000.0,0.005447362071664741,,,,,SLTY,2026-07-28,GME,23.5,2026-07-31,Call,21.844999313354492,3.0,-0.0704255611338514,0.025,18352867.5,825000.0,33.0,,,,,,,,,,,
CARR US 07/31/26 P67.5,CARR  260731P00067500,,CARR  260731P00067500,,,-110.0,-15950.0,-0.08688542504305262,,,,,SLTY,2026-07-28,CARR,67.5,2026-07-31,Put,65.76750183105469,3.0,0.025666639539930557,1.45,18352867.5,825000.0,33.0,,,,,,,,,,,
TGT US 07/31/26 C145,TGT   260731C00145000,,TGT   260731C00145000,,,138.0,7383.0,0.04021787417510078,,,,,SLTY,2026-07-28,TGT,145.0,2026-07-31,Call,145.76499938964844,3.0,0.005275857859644397,0.535,18352867.5,825000.0,33.0,,,,,,,,,,,
KKR US 07/31/26 C97,KKR   260731C00097000,,KKR   260731C00097000,,,-92.0,-57960.0,-0.31572910567368845,,,,,SLTY,2026-07-28,KKR,97.0,2026-07-31,Call,102.52999877929688,3.0,0.057010296693782214,6.3,18352867.5,825000.0,33.0,,,,,,,,,,,
ALGN US 07/31/26 C187.5,ALGN  260731C00187500,,ALGN  260731C00187500,,,60.0,19200.0,0.10458935177596303,,,,,SLTY,2026-07-28,ALGN,187.5,2026-07-31,Call,,3.0,,3.2,18352867.5,825000.0,33.0,,,,,,,,,,,
PEGA US 08/21/26 P25,PEGA  260821P00025000,,PEGA  260821P00025000,,,-155.0,-6200.0,-0.033773644844321396,,,,,SLTY,2026-07-28,PEGA,25.0,2026-08-21,Put,29.200000762939453,24.0,-0.16800003051757811,0.4,18352867.5,825000.0,33.0,,,,,,,,,,,
CAVA US 07/31/26 C64,CAVA  260731C00064000,,CAVA  260731C00064000,,,-46.0,-9982.0,-0.05437556819935745,,,,,SLTY,2026-07-28,CAVA,64.0,2026-07-31,Call,64.2300033569336,3.0,0.0035938024520874023,2.17,18352867.5,825000.0,33.0,,,,,,,,,,,
United States Treasury Bill 02/18/2027,912797TV9,,912797TV9,,,5467000.0,5348116.48,29.133126867997145,,,,,SLTY,2026-07-28,,,,,,,,97.825434,18352867.5,825000.0,33.0,,,,,,,,,,,
LEN US 07/31/26 C85,LEN   260731C00085000,,LEN   260731C00085000,,,-85.0,-14450.0,-0.07871438193555551,,,,,SLTY,2026-07-28,LEN,85.0,2026-07-31,Call,,3.0,,1.7,18352867.5,825000.0,33.0,,,,,,,,,,,
CRM US 07/31/26 C165,CRM   260731C00165000,,CRM   260731C00165000,,,-50.0,-47625.0,-0.2594306186630333,,,,,SLTY,2026-07-28,CRM,165.0,2026-07-31,Call,181.11000061035156,3.0,0.09763636733546402,9.525,18352867.5,825000.0,33.0,,,,,,,,,,,
Rocket Lab Corp,RKLB,,773121108,,,-5300.0,-354782.0,-1.9326260105093602,,,,,SLTY,2026-07-28,,,,,,,,66.94,18352867.5,825000.0,33.0,,,,,,,,,,,
NKE US 07/31/26 P39.5,NKE   260731P00039500,,NKE   260731P00039500,,,-182.0,-1365.0,-0.007435649227822372,,,,,SLTY,2026-07-28,NKE,39.5,2026-07-31,Put,43.079898834228516,3.0,-0.0906303502336333,0.075,18352867.5,825000.0,33.0,,,,,,,,,,,
United States Treasury Bill 08/06/2026,912797RG4,,912797RG4,,,5485000.0,5480038.82,29.851755619318403,,,,,SLTY,2026-07-28,,,,,,,,99.90955,18352867.5,825000.0,33.0,,,,,,,,,,,
GME US 07/31/26 P21,GME   260731P00021000,,GME   260731P00021000,,,-200.0,-2200.0,-0.011984196557662431,,,,,SLTY,2026-07-28,GME,21.0,2026-07-31,Put,21.844999313354492,3.0,-0.0402380625406901,0.11,18352867.5,825000.0,33.0,,,,,,,,,,,
TSLA US 07/31/26 C337.5,TSLA  260731C00337500,,TSLA  260731C00337500,,,-14.0,-1036.0,-0.005643467106244672,,,,,SLTY,2026-07-28,TSLA,337.5,2026-07-31,Call,302.20001220703125,3.0,-0.10459255642361111,0.74,18352867.5,825000.0,33.0,,,,,,,,,,,
MPC US 08/21/26 P280,MPC   260821P00280000,,MPC   260821P00280000,,,-27.0,-10260.0,-0.055889934855280245,,,,,SLTY,2026-07-28,MPC,280.0,2026-08-21,Put,311.04998779296875,24.0,-0.11089281354631697,3.8,18352867.5,825000.0,33.0,,,,,,,,,,,
LYFT US 07/31/26 C14.5,LYFT  260731C00014500,,LYFT  260731C00014500,,,-510.0,-40035.0,-0.21808514053909792,,,,,SLTY,2026-07-28,LYFT,14.5,2026-07-31,Call,15.234999656677246,3.0,0.05068963149498249,0.785,18352867.5,825000.0,33.0,,,,,,,,,,,
TMUS US 07/31/26 C195,TMUS  260731C00195000,,TMUS  260731C00195000,,,50.0,500.0,0.0027236810358323704,,,,,SLTY,2026-07-28,TMUS,195.0,2026-07-31,Call,185.3699951171875,3.0,-0.049384640424679487,0.1,18352867.5,825000.0,33.0,,,,,,,,,,,
United States Treasury Bill 09/03/2026,912797RS8,,912797RS8,,,4096000.0,4080488.04,22.2278957829776,,,,,SLTY,2026-07-28,,,,,,,,99.62129,18352867.5,825000.0,33.0,,,,,,,,,,,
Cash & Other,Cash&Other,,Cash&Other,,,17304264.0,17304263.98,94.26259128272638,,,,,SLTY,2026-07-28,,,,,,,,1.0,18352867.5,825000.0,33.0,,,,,,,,,,,
Salesforce Inc,CRM,,79466L302,,,-5000.0,-868000.0,-4.7283102782049955,,,,,SLTY,2026-07-28,,,,,,,,173.6,18352867.5,825000.0,33.0,,,,,,,,,,,
Centene Corp,CNC,,15135B101,,,-13500.0,-865080.0,-4.7124039809557345,,,,,SLTY,2026-07-28,,,,,,,,64.08,18352867.5,825000.0,33.0,,,,,,,,,,,
ALGN US 07/31/26 C175,ALGN  260731C00175000,,ALGN  260731C00175000,,,-30.0,-20550.0,-0.11194329057271042,,,,,SLTY,2026-07-28,ALGN,175.0,2026-07-31,Call,,3.0,,6.85,18352867.5,825000.0,33.0,,,,,,,,,,,
NKE US 07/31/26 C44,NKE   260731C00044000,,NKE   260731C00044000,,,364.0,6006.0,0.03271685660241844,,,,,SLTY,2026-07-28,NKE,44.0,2026-07-31,Call,43.079898834228516,3.0,-0.0209113901311701,0.165,18352867.5,825000.0,33.0,,,,,,,,,,,
RKLB US 07/31/26 P69,RKLB  260731P00069000,,RKLB  260731P00069000,,,-53.0,-21730.0,-0.11837117781727483,,,,,SLTY,2026-07-28,RKLB,69.0,2026-07-31,Put,60.67499923706055,3.0,0.12065218497013701,4.1,18352867.5,825000.0,33.0,,,,,,,,,,,
QQQ US 07/31/26 P674,QQQ   260731P00674000,,QQQ   260731P00674000,,,-11.0,-6649.5,-0.0362222340955347,,,,,SLTY,2026-07-28,QQQ,674.0,2026-07-31,Put,669.9199829101562,3.0,0.006053437818759273,6.045,18352867.5,825000.0,33.0,,,,,,,,,,,
SPG US 08/21/26 P220,SPG   260821P00220000,,SPG   260821P00220000,,,-17.0,-3910.0,-0.02129918570020914,,,,,SLTY,2026-07-28,SPG,220.0,2026-08-21,Put,236.72000122070312,24.0,-0.07600000554865056,2.3,18352867.5,825000.0,33.0,,,,,,,,,,,
Carrier Global Corp,CARR,,14448C104,,,-11000.0,-762630.0,-4.1543217367136815,,,,,SLTY,2026-07-28,,,,,,,,69.33,18352867.5,825000.0,33.0,,,,,,,,,,,
LYV US 07/31/26 P172.5,LYV   260731P00172500,,LYV   260731P00172500,,,-42.0,-13125.0,-0.07149662719059974,,,,,SLTY,2026-07-28,LYV,172.5,2026-07-31,Put,181.82000732421875,3.0,-0.05402902796648551,3.125,18352867.5,825000.0,33.0,,,,,,,,,,,
CARR US 07/31/26 C75,CARR  260731C00075000,,CARR  260731C00075000,,,220.0,11550.0,0.06291703192772777,,,,,SLTY,2026-07-28,CARR,75.0,2026-07-31,Call,65.76750183105469,3.0,-0.1230999755859375,0.525,18352867.5,825000.0,33.0,,,,,,,,,,,
SBUX US 07/31/26 P100,SBUX  260731P00100000,,SBUX  260731P00100000,,,-82.0,-14555.0,-0.07928635495308031,,,,,SLTY,2026-07-28,SBUX,100.0,2026-07-31,Put,105.40499877929688,3.0,-0.05404998779296875,1.775,18352867.5,825000.0,33.0,,,,,,,,,,,
Tesla Inc,TSLA,,88160R101,,,-1400.0,-432908.0,-2.35820661972024,,,,,SLTY,2026-07-28,,,,,,,,309.22,18352867.5,825000.0,33.0,,,,,,,,,,,
ETSY US 07/31/26 C89,ETSY  260731C00089000,,ETSY  260731C00089000,,,214.0,11877.0,0.06469831932516214,,,,,SLTY,2026-07-28,ETSY,89.0,2026-07-31,Call,,3.0,,0.555,18352867.5,825000.0,33.0,,,,,,,,,,,
CAG US 07/31/26 C16,CAG   260731C00016000,,CAG   260731C00016000,,,360.0,900.0,0.004902625864498267,,,,,SLTY,2026-07-28,CAG,16.0,2026-07-31,Call,15.585000038146973,3.0,-0.02593749761581421,0.025,18352867.5,825000.0,33.0,,,,,,,,,,,
ALGN US 07/31/26 P162.5,ALGN  260731P00162500,,ALGN  260731P00162500,,,-30.0,-20850.0,-0.11357749919420985,,,,,SLTY,2026-07-28,ALGN,162.5,2026-07-31,Put,,3.0,,6.95,18352867.5,825000.0,33.0,,,,,,,,,,,
TGT US 07/31/26 C137,TGT   260731C00137000,,TGT   260731C00137000,,,-69.0,-29497.5,-0.16068356270893072,,,,,SLTY,2026-07-28,TGT,137.0,2026-07-31,Call,145.76499938964844,3.0,0.06397809773466012,4.275,18352867.5,825000.0,33.0,,,,,,,,,,,
MPC US 08/21/26 C310,MPC   260821C00310000,,MPC   260821C00310000,,,-27.0,-42930.0,-0.23385525373656735,,,,,SLTY,2026-07-28,MPC,310.0,2026-08-21,Call,311.04998779296875,24.0,0.003387057396673387,15.9,18352867.5,825000.0,33.0,,,,,,,,,,,
CARR US 07/31/26 C71,CARR  260731C00071000,,CARR  260731C00071000,,,-110.0,-16225.0,-0.08838344961276043,,,,,SLTY,2026-07-28,CARR,71.0,2026-07-31,Call,65.76750183105469,3.0,-0.0736971573090889,1.475,18352867.5,825000.0,33.0,,,,,,,,,,,
Simon Property Group Inc,SPG,,828806109,,,-1700.0,-393839.0,-2.14538363094237,,,,,SLTY,2026-07-28,,,,,,,,231.67,18352867.5,825000.0,33.0,,,,,,,,,,,
CAG US 07/31/26 P14.5,CAG   260731P00014500,,CAG   260731P00014500,,,-360.0,-2700.0,-0.014707877593494803,,,,,SLTY,2026-07-28,CAG,14.5,2026-07-31,Put,15.585000038146973,3.0,-0.07482758883772225,0.075,18352867.5,825000.0,33.0,,,,,,,,,,,
TSLA US 07/31/26 C352.5,TSLA  260731C00352500,,TSLA  260731C00352500,,,28.0,686.0,0.0037368903811620126,,,,,SLTY,2026-07-28,TSLA,352.5,2026-07-31,Call,302.20001220703125,3.0,-0.14269500083111702,0.245,18352867.5,825000.0,33.0,,,,,,,,,,,
Cava Group Inc,CAVA,,148929102,,,-4600.0,-296884.0,-1.617234641284115,,,,,SLTY,2026-07-28,,,,,,,,64.54,18352867.5,825000.0,33.0,,,,,,,,,,,
CAVA US 07/31/26 P60,CAVA  260731P00060000,,CAVA  260731P00060000,,,-46.0,-2093.0,-0.011401328815994304,,,,,SLTY,2026-07-28,CAVA,60.0,2026-07-31,Put,64.2300033569336,3.0,-0.07050005594889323,0.455,18352867.5,825000.0,33.0,,,,,,,,,,,
Lennar Corp,LEN,,526057104,,,-8500.0,-722840.0,-3.9375711998821417,,,,,SLTY,2026-07-28,,,,,,,,85.04,18352867.5,825000.0,33.0,,,,,,,,,,,
T-Mobile US Inc,TMUS,,872590104,,,-2500.0,-443025.0,-2.413317581799272,,,,,SLTY,2026-07-28,,,,,,,,177.21,18352867.5,825000.0,33.0,,,,,,,,,,,
TMUS US 07/31/26 P172.5,TMUS  260731P00172500,,TMUS  260731P00172500,,,-25.0,-2437.5,-0.013277945049682808,,,,,SLTY,2026-07-28,TMUS,172.5,2026-07-31,Put,185.3699951171875,3.0,-0.0746086673460145,0.975,18352867.5,825000.0,33.0,,,,,,,,,,,
RIVN US 07/31/26 C17.5,RIVN  260731C00017500,,RIVN  260731C00017500,,,732.0,34770.0,0.18940477923178306,,,,,SLTY,2026-07-28,RIVN,17.5,2026-07-31,Call,16.0049991607666,3.0,-0.08542861938476562,0.475,18352867.5,825000.0,33.0,,,,,,,,,,,
Oklo Inc,OKLO,,02156V109,,,-10000.0,-418100.0,-2.2775420821630283,,,,,SLTY,2026-07-28,,,,,,,,41.81,18352867.5,825000.0,33.0,,,,,,,,,,,
LEN US 07/31/26 C90,LEN   260731C00090000,,LEN   260731C00090000,,,170.0,4250.0,0.023151288804575152,,,,,SLTY,2026-07-28,LEN,90.0,2026-07-31,Call,,3.0,,0.25,18352867.5,825000.0,33.0,,,,,,,,,,,
OKLO US 07/31/26 P44.5,OKLO  260731P00044500,,OKLO  260731P00044500,,,-100.0,-35000.0,-0.19065767250826596,,,,,SLTY,2026-07-28,OKLO,44.5,2026-07-31,Put,38.060001373291016,3.0,0.14471907026312325,3.5,18352867.5,825000.0,33.0,,,,,,,,,,,
MPC US 08/21/26 C340,MPC   260821C00340000,,MPC   260821C00340000,,,54.0,29430.0,0.16031586576909335,,,,,SLTY,2026-07-28,MPC,340.0,2026-08-21,Call,311.04998779296875,24.0,-0.0851470947265625,5.45,18352867.5,825000.0,33.0,,,,,,,,,,,
CONAGRA BRANDS INC,CAG,,205887102,,,-36000.0,-548640.0,-2.9886407269981436,,,,,SLTY,2026-07-28,,,,,,,,15.24,18352867.5,825000.0,33.0,,,,,,,,,,,
ETSY US 07/31/26 C83,ETSY  260731C00083000,,ETSY  260731C00083000,,,-107.0,-27552.5,-0.15008844347954278,,,,,SLTY,2026-07-28,ETSY,83.0,2026-07-31,Call,,3.0,,2.575,18352867.5,825000.0,33.0,,,,,,,,,,,
NKE US 07/31/26 C42,NKE   260731C00042000,,NKE   260731C00042000,,,-182.0,-14651.0,-0.07980930171196013,,,,,SLTY,2026-07-28,NKE,42.0,2026-07-31,Call,43.079898834228516,3.0,0.025711877005440847,0.805,18352867.5,825000.0,33.0,,,,,,,,,,,
TESLA INC,TSLA,,88160R101,,,1739550.0,537903651.0,9.325011534408178,,,,,ARKK,2026-07-28,,,,,,,,,,,,07/28/2026,,,,,,,,,,
SHOPIFY INC - CLASS A,SHOP,,82509L107,,,2203582.0,279590484.16,4.846935849674624,,,,,ARKK,2026-07-28,,,,,,,,,,,,07/28/2026,,,,,,,,,,
SPACE EXPLORATION TECHN-CL A,SPCX,,84615Q103,,,2388032.0,271041632.0,4.698734317950961,,,,,ARKK,2026-07-28,,,,,,,,,,,,07/28/2026,,,,,,,,,,
COINBASE GLOBAL INC -CLASS A,COIN,,19260Q107,,,1610236.0,269698427.64,4.675448742315283,,,,,ARKK,2026-07-28,,,,,,,,,,,,07/28/2026,,,,,,,,,,
TEMPUS AI INC-CL A,TEM,,88023B103,,,6296279.0,270173331.89,4.6836816063249564,,,,,ARKK,2026-07-28,,,,,,,,,,,,07/28/2026,,,,,,,,,,
CRISPR THERAPEUTICS AG,CRSP,,H17182108,,,5721590.0,267369900.7,4.635081772257889,,,,,ARKK,2026-07-28,,,,,,,,,,,,07/28/2026,,,,,,,,,,
ADVANCED MICRO DEVICES,AMD,,007903107,,,472797.0,234010875.15,4.056775048642869,,,,,ARKK,2026-07-28,,,,,,,,,,,,07/28/2026,,,,,,,,,,
ROBINHOOD MARKETS INC - A,HOOD,,770700102,,,2430597.0,232486603.05,4.030350511669283,,,,,ARKK,2026-07-28,,,,,,,,,,,,07/28/2026,,,,,,,,,,
CIRCLE INTERNET GROUP INC,CRCL,,172573107,,,3444540.0,226202941.8,3.9214179667318563,,,,,ARKK,2026-07-28,,,,,,,,,,,,07/28/2026,,,,,,,,,,
ROBLOX CORP -CLASS A,RBLX,,771049103,,,3890769.0,188391034.98,3.2659168066654276,,,,,ARKK,2026-07-28,,,,,,,,,,,,07/28/2026,,,,,,,,,,
PALANTIR TECHNOLOGIES INC-A,PLTR,,69608A108,,,1430317.0,188129595.01,3.2613845252219513,,,,,ARKK,2026-07-28,,,,,,,,,,,,07/28/2026,,,,,,,,,,
10X GENOMICS INC-CLASS A,TXG,,88025U109,,,4077755.0,187250509.6,3.2461448413626948,,,,,ARKK,2026-07-28,,,,,,,,,,,,07/28/2026,,,,,,,,,,
TWIST BIOSCIENCE CORP,TWST,,90184D100,,,2096917.0,181467197.18,3.1458862635982054,,,,,ARKK,2026-07-28,,,,,,,,,,,,07/28/2026,,,,,,,,,,
OPENAI GROUP PBC SERIES C,OTHER,,PPOPENAIC,,,254476.0,174999811.56,3.033768702410718,,,,,ARKK,2026-07-28,,,,,,,,,,,,07/28/2026,,,,,,,,,,
BEAM THERAPEUTICS INC,BEAM,,07373V105,,,6176295.0,154839715.65,2.684276508881202,,,,,ARKK,2026-07-28,,,,,,,,,,,,07/28/2026,,,,,,,,,,
AMAZON.COM INC,AMZN,,023135106,,,628850.0,145509601.5,2.522531144438426,,,,,ARKK,2026-07-28,,,,,,,,,,,,07/28/2026,,,,,,,,,,
BLOCK INC,XYZ,,852234103,,,1525890.0,123963303.6,2.149007975246747,,,,,ARKK,2026-07-28,,,,,,,,,,,,07/28/2026,,,,,,,,,,
COREWEAVE INC-CL A,CRWV,,21873S108,,,1660621.0,117555360.59,2.037920901624932,,,,,ARKK,2026-07-28,,,,,,,,,,,,07/28/2026,,,,,,,,,,
INTELLIA THERAPEUTICS INC,NTLA,,45826J105,,,10410090.0,111075660.3,1.92558985529084,,,,,ARKK,2026-07-28,,,,,,,,,,,,07/28/2026,,,,,,,,,,
ALPHABET INC-CL C,GOOG,,02079K107,,,337638.0,110262441.66,1.9114920272060187,,,,,ARKK,2026-07-28,,,,,,,,,,,,07/28/2026,,,,,,,,,,
BITMINE IMMERSION TECHNOLOGI,BMNR,,09175A206,,,5595183.0,100265679.36,1.7381897572159664,,,,,ARKK,2026-07-28,,,,,,,,,,,,07/28/2026,,,,,,,,,,
BULLISH,BLSH,,G16910120,,,4341935.0,98996118.0,1.7161808448324383,,,,,ARKK,2026-07-28,,,,,,,,,,,,07/28/2026,,,,,,,,,,
NVIDIA CORP,NVDA,,67066G104,,,503431.0,98929225.81,1.7150212125411308,,,,,ARKK,2026-07-28,,,,,,,,,,,,07/28/2026,,,,,,,,,,
CEREBRAS SYSTEMS INC - A,CBRS,,15675D103,,,508719.0,95949490.59,1.6633650000496818,,,,,ARKK,2026-07-28,,,,,,,,,,,,07/28/2026,,,,,,,,,,
META PLATFORMS INC-CLASS A,META,,30303M102,,,142051.0,84359827.37,1.4624484548552223,,,,,ARKK,2026-07-28,,,,,,,,,,,,07/28/2026,,,,,,,,,,
ILLUMINA INC,ILMN,,452327109,,,403569.0,76464218.43,1.325571442959506,,,,,ARKK,2026-07-28,,,,,,,,,,,,07/28/2026,,,,,,,,,,
ARCHER AVIATION INC-A,ACHR,,03945R102,,,14279147.0,70681777.65,1.2253279758064408,,,,,ARKK,2026-07-28,,,,,,,,,,,,07/28/2026,,,,,,,,,,
NATERA INC,NTRA,,632307104,,,272698.0,70364264.94,1.2198236263238393,,,,,ARKK,2026-07-28,,,,,,,,,,,,07/28/2026,,,,,,,,,,
BROADCOM INC,AVGO,,11135F101,,,180489.0,69166994.58,1.1990679391370183,,,,,ARKK,2026-07-28,,,,,,,,,,,,07/28/2026,,,,,,,,,,
X-ENERGY INC,XE,,98386P102,,,4508267.0,68525658.4,1.1879498378472888,,,,,ARKK,2026-07-28,,,,,,,,,,,,07/28/2026,,,,,,,,,,
KRATOS DEFENSE & SECURITY,KTOS,,50077B207,,,1283597.0,63473871.65,1.1003728719249655,,,,,ARKK,2026-07-28,,,,,,,,,,,,07/28/2026,,,,,,,,,,
RECURSION PHARMACEUTICALS-A,RXRX,,75629V104,,,20579541.0,61944418.41,1.0738585155382339,,,,,ARKK,2026-07-28,,,,,,,,,,,,07/28/2026,,,,,,,,,,
DEERE & CO,DE,,244199105,,,95245.0,59530029.9,1.032003063056294,,,,,ARKK,2026-07-28,,,,,,,,,,,,07/28/2026,,,,,,,,,,
VERACYTE INC,VCYT,,92337F107,,,1063409.0,59136174.49,1.0251752487547714,,,,,ARKK,2026-07-28,,,,,,,,,,,,07/28/2026,,,,,,,,,,
TAIWAN SEMICONDUCTOR-SP ADR,TSM,,874039100,,,135864.0,54221963.76,0.9399832786787725,,,,,ARKK,2026-07-28,,,,,,,,,,,,07/28/2026,,,,,,,,,,
GENEDX HOLDINGS CORP,WGS,,81663L200,,,890607.0,53917347.78,0.9347025048417029,,,,,ARKK,2026-07-28,,,,,,,,,,,,07/28/2026,,,,,,,,,,
TERADYNE INC,TER,,880770102,,,148281.0,49640030.37,0.8605516153461138,,,,,ARKK,2026-07-28,,,,,,,,,,,,07/28/2026,,,,,,,,,,
BWX TECHNOLOGIES INC,BWXT,,05605H100,,,260063.0,45908921.39,0.7958697077034496,,,,,ARKK,2026-07-28,,,,,,,,,,,,07/28/2026,,,,,,,,,,
SNOWFLAKE INC,SNOW,,833445109,,,143178.0,39076139.76,0.6774176998143223,,,,,ARKK,2026-07-28,,,,,,,,,,,,07/28/2026,,,,,,,,,,
SOFI TECHNOLOGIES INC,SOFI,,83406F102,,,2266657.0,38261170.16,0.6632895173674029,,,,,ARKK,2026-07-28,,,,,,,,,,,,07/28/2026,,,,,,,,,,
ELI LILLY & CO,LLY,,532457108,,,28866.0,34567900.98,0.5992635944365058,,,,,ARKK,2026-07-28,,,,,,,,,,,,07/28/2026,,,,,,,,,,
ALPHABET INC-CL A,GOOGL,,02079K305,,,87348.0,28524362.88,0.4944937859654804,,,,,ARKK,2026-07-28,,,,,,,,,,,,07/28/2026,,,,,,,,,,
GOLDMAN FS TRSY OBLIG INST 468,OTHER,,X9USDGSFT,,,27896058.0,27896058.0,0.4836015932052477,,,,,ARKK,2026-07-28,,,,,,,,,,,,07/28/2026,,,,,,,,,,
CERUS CORP,CERS,,157085101,,,8417070.0,25840404.9,0.4479651203302162,,,,,ARKK,2026-07-28,,,,,,,,,,,,07/28/2026,,,,,,,,,,
PACIFIC BIOSCIENCES OF CALIF,PACB,,69404D108,,,13015278.0,17700778.08,0.30685785355266054,,,,,ARKK,2026-07-28,,,,,,,,,,,,07/28/2026,,,,,,,,,,
BRERA HOLDINGS PLC-CL B,OTHER,,G13311132,,,334764.0,1355794.2,0.023503831085325184,,,,,ARKK,2026-07-28,,,,,,,,,,,,07/28/2026,,,,,,,,,,
FIGMA INC-CL A,FIG,,316841105,,,40538.0,929941.72,0.01612132070344951,,,,,ARKK,2026-07-28,,,,,,,,,,,,07/28/2026,,,,,,,,,,
BRERA HOLDINGS PLC WTS,OTHER,,BREADUMMY,,,431626.0,845986.37,0.014665884203492987,,,,,ARKK,2026-07-28,,,,,,,,,,,,07/28/2026,,,,,,,,,,
TESLA INC,TSLA,,88160R101,,,584942.0,180875765.24,9.588605071493236,,,,,ARKQ,2026-07-28,,,,,,,,,,,,07/28/2026,,,,,,,,,,
ADVANCED MICRO DEVICES,AMD,,007903107,,,243860.0,120698507.0,6.398481934858581,,,,,ARKQ,2026-07-28,,,,,,,,,,,,07/28/2026,,,,,,,,,,
TERADYNE INC,TER,,880770102,,,340535.0,114000901.95,6.043427792231593,,,,,ARKQ,2026-07-28,,,,,,,,,,,,07/28/2026,,,,,,,,,,
KRATOS DEFENSE & SECURITY,KTOS,,50077B207,,,2290315.0,113256076.75,6.003943040470517,,,,,ARKQ,2026-07-28,,,,,,,,,,,,07/28/2026,,,,,,,,,,
SPACE EXPLORATION TECHN-CL A,SPCX,,84615Q103,,,985186.0,111818611.0,5.927739955097199,,,,,ARKQ,2026-07-28,,,,,,,,,,,,07/28/2026,,,,,,,,,,
ALPHABET INC-CL C,GOOG,,02079K107,,,272347.0,88940359.79,4.714915698138151,,,,,ARKQ,2026-07-28,,,,,,,,,,,,07/28/2026,,,,,,,,,,
PALANTIR TECHNOLOGIES INC-A,PLTR,,69608A108,,,579014.0,76157711.42,4.037280599676706,,,,,ARKQ,2026-07-28,,,,,,,,,,,,07/28/2026,,,,,,,,,,
DEERE & CO,DE,,244199105,,,110264.0,68917205.28,3.653446127424098,,,,,ARKQ,2026-07-28,,,,,,,,,,,,07/28/2026,,,,,,,,,,
TAIWAN SEMICONDUCTOR-SP ADR,TSM,,874039100,,,161394.0,64410731.46,3.414548463783709,,,,,ARKQ,2026-07-28,,,,,,,,,,,,07/28/2026,,,,,,,,,,
L3HARRIS TECHNOLOGIES INC,LHX,,502431109,,,205749.0,62440706.52,3.3101132946741956,,,,,ARKQ,2026-07-28,,,,,,,,,,,,07/28/2026,,,,,,,,,,
ROCKET LAB,RKLB,,773121108,,,931580.0,62359965.2,3.3058330273348764,,,,,ARKQ,2026-07-28,,,,,,,,,,,,07/28/2026,,,,,,,,,,
AMAZON.COM INC,AMZN,,023135106,,,263426.0,60954142.14,3.231307387568532,,,,,ARKQ,2026-07-28,,,,,,,,,,,,07/28/2026,,,,,,,,,,
NVIDIA CORP,NVDA,,67066G104,,,292067.0,57394086.17,3.042581326432329,,,,,ARKQ,2026-07-28,,,,,,,,,,,,07/28/2026,,,,,,,,,,
AEROVIRONMENT INC,AVAV,,008073108,,,344493.0,53134600.32,2.81677701500857,,,,,ARKQ,2026-07-28,,,,,,,,,,,,07/28/2026,,,,,,,,,,
ARCHER AVIATION INC-A,ACHR,,03945R102,,,9356166.0,46313021.7,2.455150772462856,,,,,ARKQ,2026-07-28,,,,,,,,,,,,07/28/2026,,,,,,,,,,
TRIMBLE INC,TRMB,,896239100,,,748357.0,41735869.89,2.212506319790461,,,,,ARKQ,2026-07-28,,,,,,,,,,,,07/28/2026,,,,,,,,,,
CATERPILLAR INC,CAT,,149123101,,,46018.0,40186599.04,2.1303762107085977,,,,,ARKQ,2026-07-28,,,,,,,,,,,,07/28/2026,,,,,,,,,,
KOMATSU LTD -SPONS ADR,KMTUY,,500458401,,,911407.0,38233523.65,2.0268395729245707,,,,,ARKQ,2026-07-28,,,,,,,,,,,,07/28/2026,,,,,,,,,,
AURORA INNOVATION INC,AUR,,051774107,,,5316687.0,33016626.27,1.7502808608773617,,,,,ARKQ,2026-07-28,,,,,,,,,,,,07/28/2026,,,,,,,,,,
ELBIT SYSTEMS LTD,ESLT,,M3760D101,,,40291.0,32750942.26,1.7361963922238612,,,,,ARKQ,2026-07-28,,,,,,,,,,,,07/28/2026,,,,,,,,,,
BROADCOM INC,AVGO,,11135F101,,,83470.0,31987373.4,1.695717999589472,,,,,ARKQ,2026-07-28,,,,,,,,,,,,07/28/2026,,,,,,,,,,
BWX TECHNOLOGIES INC,BWXT,,05605H100,,,174751.0,30848794.03,1.6353595103966632,,,,,ARKQ,2026-07-28,,,,,,,,,,,,07/28/2026,,,,,,,,,,
CAMECO CORP,CCJ,,13321L108,,,333361.0,29785805.35,1.5790082428044374,,,,,ARKQ,2026-07-28,,,,,,,,,,,,07/28/2026,,,,,,,,,,
SYMBOTIC INC,SYM,,87151X101,,,673872.0,27958949.28,1.4821627568740958,,,,,ARKQ,2026-07-28,,,,,,,,,,,,07/28/2026,,,,,,,,,,
DOORDASH INC - A,DASH,,25809K105,,,146058.0,26928713.46,1.4275477873375277,,,,,ARKQ,2026-07-28,,,,,,,,,,,,07/28/2026,,,,,,,,,,
JOBY AVIATION INC,JOBY,,G65163100,,,3402150.0,25073845.5,1.329217332151301,,,,,ARKQ,2026-07-28,,,,,,,,,,,,07/28/2026,,,,,,,,,,
INTUITIVE SURGICAL INC,ISRG,,46120E602,,,69066.0,24644820.78,1.306473828617096,,,,,ARKQ,2026-07-28,,,,,,,,,,,,07/28/2026,,,,,,,,,,
INTUITIVE MACHINES INC,LUNR,,46125A100,,,1751497.0,23312425.07,1.2358407272439527,,,,,ARKQ,2026-07-28,,,,,,,,,,,,07/28/2026,,,,,,,,,,
TELEDYNE TECHNOLOGIES INC,TDY,,879360105,,,34811.0,22684588.15,1.2025577704741786,,,,,ARKQ,2026-07-28,,,,,,,,,,,,07/28/2026,,,,,,,,,,
X-ENERGY INC,XE,,98386P102,,,1444694.0,21959348.8,1.1641113058511854,,,,,ARKQ,2026-07-28,,,,,,,,,,,,07/28/2026,,,,,,,,,,
PONY AI INC,PONY,,732908108,,,2854640.0,21067243.2,1.1168189100505799,,,,,ARKQ,2026-07-28,,,,,,,,,,,,07/28/2026,,,,,,,,,,
WERIDE INC-ADR,WRD,,950915108,,,3748692.0,21105135.96,1.1188276850250867,,,,,ARKQ,2026-07-28,,,,,,,,,,,,07/28/2026,,,,,,,,,,
BAIDU INC - SPON ADR,BIDU,,056752108,,,193834.0,20408781.86,1.0819124883100626,,,,,ARKQ,2026-07-28,,,,,,,,,,,,07/28/2026,,,,,,,,,,
OKLO INC,OKLO,,02156V109,,,465512.0,19463056.72,1.0317776078211796,,,,,ARKQ,2026-07-28,,,,,,,,,,,,07/28/2026,,,,,,,,,,
BYD CO LTD-UNSPONSORED ADR,BYDDY,,05606L100,,,1690418.0,19051010.86,1.009934189397261,,,,,ARKQ,2026-07-28,,,,,,,,,,,,07/28/2026,,,,,,,,,,
SYNOPSYS INC,SNPS,,871607107,,,44885.0,17459816.15,0.925581608244144,,,,,ARKQ,2026-07-28,,,,,,,,,,,,07/28/2026,,,,,,,,,,
KODIAK AI INC,KDK,,500081104,,,3909641.0,16615974.25,0.8808477727789985,,,,,ARKQ,2026-07-28,,,,,,,,,,,,07/28/2026,,,,,,,,,,
GOLDMAN FS TRSY OBLIG INST 468,OTHER,,X9USDGSFT,,,6463543.0,6463542.54,0.34264599625395487,,,,,ARKQ,2026-07-28,,,,,,,,,,,,07/28/2026,,,,,,,,,,
ALPHABET INC-CL A,GOOGL,,02079K305,,,16072.0,5248472.32,0.27823256608406355,,,,,ARKQ,2026-07-28,,,,,,,,,,,,07/28/2026,,,,,,,,,,
IRIDIUM COMMUNICATIONS INC,IRDM,,46269C102,,,111891.0,5142510.36,0.2726152995271358,,,,,ARKQ,2026-07-28,,,,,,,,,,,,07/28/2026,,,,,,,,,,
STRATA CRITICAL MEDICAL INC,SRTA,,092667104,,,302617.0,1555451.38,0.08245775198761032,,,,,ARKQ,2026-07-28,,,,,,,,,,,,07/28/2026,,,,,,,,,,
ADVANCED MICRO DEVICES,AMD,,007903107,,,253148.0,125295602.6,7.623487849237474,,,,,ARKW,2026-07-28,,,,,,,,,,,,07/28/2026,,,,,,,,,,
TESLA INC,TSLA,,88160R101,,,383840.0,118691004.8,7.221637584482847,,,,,ARKW,2026-07-28,,,,,,,,,,,,07/28/2026,,,,,,,,,,
ROBINHOOD MARKETS INC - A,HOOD,,770700102,,,853812.0,81667117.8,4.968955552399773,,,,,ARKW,2026-07-28,,,,,,,,,,,,07/28/2026,,,,,,,,,,
ARK BITCOIN ETF HOLDCO (ARKW),OTHER,,MM0051EWE,,,3775474.0,81247822.93,4.943443967951777,,,,,ARKW,2026-07-28,,,,,,,,,,,,07/28/2026,,,,,,,,,,
SHOPIFY INC - CLASS A,SHOP,,82509L107,,,631421.0,80114696.48,4.874500002290011,,,,,ARKW,2026-07-28,,,,,,,,,,,,07/28/2026,,,,,,,,,,
COINBASE GLOBAL INC -CLASS A,COIN,,19260Q107,,,379592.0,63577864.08,3.8683326807700085,,,,,ARKW,2026-07-28,,,,,,,,,,,,07/28/2026,,,,,,,,,,
AMAZON.COM INC,AMZN,,023135106,,,264773.0,61265824.47,3.7276589020575965,,,,,ARKW,2026-07-28,,,,,,,,,,,,07/28/2026,,,,,,,,,,
ALPHABET INC-CL C,GOOG,,02079K107,,,184714.0,60322050.98,3.6702359312258377,,,,,ARKW,2026-07-28,,,,,,,,,,,,07/28/2026,,,,,,,,,,
CIRCLE INTERNET GROUP INC,CRCL,,172573107,,,909396.0,59720035.32,3.6336068798160106,,,,,ARKW,2026-07-28,,,,,,,,,,,,07/28/2026,,,,,,,,,,
BLOCK INC,XYZ,,852234103,,,719237.0,58430813.88,3.5551654678361104,,,,,ARKW,2026-07-28,,,,,,,,,,,,07/28/2026,,,,,,,,,,
SPACE EXPLORATION TECHN-CL A,SPCX,,84615Q103,,,481043.0,54598380.5,3.3219848238296774,,,,,ARKW,2026-07-28,,,,,,,,,,,,07/28/2026,,,,,,,,,,
ROBLOX CORP -CLASS A,RBLX,,771049103,,,1044055.0,50553143.1,3.0758563282859637,,,,,ARKW,2026-07-28,,,,,,,,,,,,07/28/2026,,,,,,,,,,
PALANTIR TECHNOLOGIES INC-A,PLTR,,69608A108,,,365861.0,48121697.33,2.9279173990734964,,,,,ARKW,2026-07-28,,,,,,,,,,,,07/28/2026,,,,,,,,,,
DATADOG INC - CLASS A,DDOG,,23804L103,,,180836.0,45545354.96,2.7711623785810957,,,,,ARKW,2026-07-28,,,,,,,,,,,,07/28/2026,,,,,,,,,,
COREWEAVE INC-CL A,CRWV,,21873S108,,,632408.0,44768162.32,2.723874855917816,,,,,ARKW,2026-07-28,,,,,,,,,,,,07/28/2026,,,,,,,,,,
CROWDSTRIKE HOLDINGS INC - A,CRWD,,22788C105,,,248388.0,44737162.68,2.721988713276201,,,,,ARKW,2026-07-28,,,,,,,,,,,,07/28/2026,,,,,,,,,,
META PLATFORMS INC-CLASS A,META,,30303M102,,,74521.0,44255786.27,2.692699838516086,,,,,ARKW,2026-07-28,,,,,,,,,,,,07/28/2026,,,,,,,,,,
OPENAI GROUP PBC SERIES C,OTHER,,PPOPENAIC,,,62528.0,42999686.48,2.6162736807915787,,,,,ARKW,2026-07-28,,,,,,,,,,,,07/28/2026,,,,,,,,,,
CLOUDFLARE INC - CLASS A,NET,,18915M107,,,139082.0,36941570.02,2.2476735363035427,,,,,ARKW,2026-07-28,,,,,,,,,,,,07/28/2026,,,,,,,,,,
BROADCOM INC,AVGO,,11135F101,,,94640.0,36267940.8,2.206687228188996,,,,,ARKW,2026-07-28,,,,,,,,,,,,07/28/2026,,,,,,,,,,
TAIWAN SEMICONDUCTOR-SP ADR,TSM,,874039100,,,87892.0,35076818.28,2.13421454862368,,,,,ARKW,2026-07-28,,,,,,,,,,,,07/28/2026,,,,,,,,,,
CEREBRAS SYSTEMS INC - A,CBRS,,15675D103,,,145207.0,27387492.27,1.66636506157344,,,,,ARKW,2026-07-28,,,,,,,,,,,,07/28/2026,,,,,,,,,,
BITMINE IMMERSION TECHNOLOGI,BMNR,,09175A206,,,1526737.0,27359127.04,1.6646392070202183,,,,,ARKW,2026-07-28,,,,,,,,,,,,07/28/2026,,,,,,,,,,
NVIDIA CORP,NVDA,,67066G104,,,129009.0,25351558.59,1.5424906769241788,,,,,ARKW,2026-07-28,,,,,,,,,,,,07/28/2026,,,,,,,,,,
RUBRIK INC-A,RBRK,,781154109,,,334226.0,25006789.32,1.5215135293938995,,,,,ARKW,2026-07-28,,,,,,,,,,,,07/28/2026,,,,,,,,,,
EVERPURE INC-A,P,,74624M102,,,331959.0,24634677.39,1.4988727445774712,,,,,ARKW,2026-07-28,,,,,,,,,,,,07/28/2026,,,,,,,,,,
GENIUS SPORTS LTD,GENI,,G3934V109,,,3145396.0,22867028.92,1.391321909966072,,,,,ARKW,2026-07-28,,,,,,,,,,,,07/28/2026,,,,,,,,,,
BULLISH,BLSH,,G16910120,,,996632.0,22723209.6,1.3825713647294142,,,,,ARKW,2026-07-28,,,,,,,,,,,,07/28/2026,,,,,,,,,,
TOAST INC-CLASS A,TOST,,888787108,,,720752.0,22227991.68,1.3524403168913102,,,,,ARKW,2026-07-28,,,,,,,,,,,,07/28/2026,,,,,,,,,,
GITLAB INC-CL A,GTLB,,37637K108,,,634217.0,20853054.96,1.268783642906884,,,,,ARKW,2026-07-28,,,,,,,,,,,,07/28/2026,,,,,,,,,,
SNOWFLAKE INC,SNOW,,833445109,,,71217.0,19436543.64,1.1825974032285307,,,,,ARKW,2026-07-28,,,,,,,,,,,,07/28/2026,,,,,,,,,,
NETFLIX INC,NFLX,,64110L106,,,268617.0,18910636.8,1.1505991182019586,,,,,ARKW,2026-07-28,,,,,,,,,,,,07/28/2026,,,,,,,,,,
SPOTIFY TECHNOLOGY SA,SPOT,,L8681T102,,,38069.0,18833495.68,1.1459055425393394,,,,,ARKW,2026-07-28,,,,,,,,,,,,07/28/2026,,,,,,,,,,
FIGMA INC-CL A,FIG,,316841105,,,804717.0,18460207.98,1.1231932191523428,,,,,ARKW,2026-07-28,,,,,,,,,,,,07/28/2026,,,,,,,,,,
DOORDASH INC - A,DASH,,25809K105,,,94674.0,17455045.38,1.06203508823157,,,,,ARKW,2026-07-28,,,,,,,,,,,,07/28/2026,,,,,,,,,,
DRAFTKINGS INC-CL A,DKNG,,26142V105,,,663459.0,15995996.49,0.973260691895665,,,,,ARKW,2026-07-28,,,,,,,,,,,,07/28/2026,,,,,,,,,,
MERCADOLIBRE INC,MELI,,58733R102,,,8760.0,15940922.4,0.969909762994647,,,,,ARKW,2026-07-28,,,,,,,,,,,,07/28/2026,,,,,,,,,,
AIRBNB INC-CLASS A,ABNB,,009066101,,,64384.0,9455434.24,0.5753066072719776,,,,,ARKW,2026-07-28,,,,,,,,,,,,07/28/2026,,,,,,,,,,
3IQ ETHER STAKING ETF,ETHQ/U,,BQ84B35,,,805379.0,6000073.55,0.36506858065069997,,,,,ARKW,2026-07-28,,,,,,,,,,,,07/28/2026,,,,,,,,,,
ALPHABET INC-CL A,GOOGL,,02079K305,,,12353.0,4033995.68,0.2454445041342294,,,,,ARKW,2026-07-28,,,,,,,,,,,,07/28/2026,,,,,,,,,,
3IQ SOLANA STAKING ETF,SOLQ/U,,BTRDQ40,,,449983.0,2798894.26,0.17029597160347995,,,,,ARKW,2026-07-28,,,,,,,,,,,,07/28/2026,,,,,,,,,,
GOLDMAN FS TRSY OBLIG INST 468,OTHER,,X9USDGSFT,,,2805863.0,2805862.59,0.17071995279661145,,,,,ARKW,2026-07-28,,,,,,,,,,,,07/28/2026,,,,,,,,,,
BRERA HOLDINGS PLC-CL B,OTHER,,G13311132,,,132550.0,536827.5,0.032662741855766696,,,,,ARKW,2026-07-28,,,,,,,,,,,,07/28/2026,,,,,,,,,,
BRERA HOLDINGS PLC WTS,OTHER,,BREADUMMY,,,139569.0,273555.44,0.01664421200471413,,,,,ARKW,2026-07-28,,,,,,,,,,,,07/28/2026,,,,,,,,,,
10X GENOMICS INC-CLASS A,TXG,,88025U109,,,3087261.0,141767025.12,9.351685440362951,,,,,ARKG,2026-07-28,,,,,,,,,,,,07/28/2026,,,,,,,,,,
TWIST BIOSCIENCE CORP,TWST,,90184D100,,,1311478.0,113495306.12,7.486736784478137,,,,,ARKG,2026-07-28,,,,,,,,,,,,07/28/2026,,,,,,,,,,
TEMPUS AI INC-CL A,TEM,,88023B103,,,2323352.0,99695034.32,6.576399555098661,,,,,ARKG,2026-07-28,,,,,,,,,,,,07/28/2026,,,,,,,,,,
CRISPR THERAPEUTICS AG,CRSP,,H17182108,,,2034486.0,95071530.78,6.2714093734828325,,,,,ARKG,2026-07-28,,,,,,,,,,,,07/28/2026,,,,,,,,,,
PERSONALIS INC,PSNL,,71535D106,,,6717124.0,80471145.52,5.308292526359478,,,,,ARKG,2026-07-28,,,,,,,,,,,,07/28/2026,,,,,,,,,,
ABSCI CORP,ABSI,,00091E109,,,10262397.0,77583721.32,5.117823107759239,,,,,ARKG,2026-07-28,,,,,,,,,,,,07/28/2026,,,,,,,,,,
ELI LILLY & CO,LLY,,532457108,,,63346.0,75858735.38,5.004034122723587,,,,,ARKG,2026-07-28,,,,,,,,,,,,07/28/2026,,,,,,,,,,
ILLUMINA INC,ILMN,,452327109,,,358911.0,68002867.17,4.485820466912713,,,,,ARKG,2026-07-28,,,,,,,,,,,,07/28/2026,,,,,,,,,,
GUARDANT HEALTH INC,GH,,40131M109,,,454757.0,66153500.79,4.363826705421961,,,,,ARKG,2026-07-28,,,,,,,,,,,,07/28/2026,,,,,,,,,,
NATERA INC,NTRA,,632307104,,,239551.0,61811344.53,4.0773956440235075,,,,,ARKG,2026-07-28,,,,,,,,,,,,07/28/2026,,,,,,,,,,
BEAM THERAPEUTICS INC,BEAM,,07373V105,,,2299088.0,57638136.16,3.8021092583474627,,,,,ARKG,2026-07-28,,,,,,,,,,,,07/28/2026,,,,,,,,,,
CAREDX INC,CDNA,,14167L103,,,1527785.0,55550262.6,3.664382330975999,,,,,ARKG,2026-07-28,,,,,,,,,,,,07/28/2026,,,,,,,,,,
COMPASS PATHWAYS PLC,CMPS,,20451W101,,,4452813.0,50183202.51,3.3103433176107866,,,,,ARKG,2026-07-28,,,,,,,,,,,,07/28/2026,,,,,,,,,,
VERACYTE INC,VCYT,,92337F107,,,854000.0,47490940.0,3.1327477724190143,,,,,ARKG,2026-07-28,,,,,,,,,,,,07/28/2026,,,,,,,,,,
RECURSION PHARMACEUTICALS-A,RXRX,,75629V104,,,13605107.0,40951372.07,2.7013640839662205,,,,,ARKG,2026-07-28,,,,,,,,,,,,07/28/2026,,,,,,,,,,
ADAPTIVE BIOTECHNOLOGIES,ADPT,,00650F109,,,1770358.0,39903869.32,2.6322653904750983,,,,,ARKG,2026-07-28,,,,,,,,,,,,07/28/2026,,,,,,,,,,
NURIX THERAPEUTICS INC,NRIX,,67080M103,,,1677886.0,39312868.98,2.5932799545449208,,,,,ARKG,2026-07-28,,,,,,,,,,,,07/28/2026,,,,,,,,,,
BUTTERFLY NETWORK INC,BFLY,,124155102,,,4758987.0,33646038.09,2.2194665103948843,,,,,ARKG,2026-07-28,,,,,,,,,,,,07/28/2026,,,,,,,,,,
SCHRODINGER INC,SDGR,,80810D103,,,2037517.0,31133259.76,2.0537106690514557,,,,,ARKG,2026-07-28,,,,,,,,,,,,07/28/2026,,,,,,,,,,
IONIS PHARMACEUTICALS INC,IONS,,462222100,,,530317.0,29676539.32,1.9576178624351361,,,,,ARKG,2026-07-28,,,,,,,,,,,,07/28/2026,,,,,,,,,,
INTELLIA THERAPEUTICS INC,NTLA,,45826J105,,,2730004.0,29129142.68,1.9215087518428913,,,,,ARKG,2026-07-28,,,,,,,,,,,,07/28/2026,,,,,,,,,,
GENEDX HOLDINGS CORP,WGS,,81663L200,,,445859.0,26992303.86,1.7805518229344834,,,,,ARKG,2026-07-28,,,,,,,,,,,,07/28/2026,,,,,,,,,,
ALAMAR BIOSCIENCES INC,ALMR,,010911105,,,954806.0,23297266.4,1.536808061033375,,,,,ARKG,2026-07-28,,,,,,,,,,,,07/28/2026,,,,,,,,,,
PRIME MEDICINE INC,PRME,,74168J101,,,7494865.0,22559543.65,1.4881440568733115,,,,,ARKG,2026-07-28,,,,,,,,,,,,07/28/2026,,,,,,,,,,
CERUS CORP,CERS,,157085101,,,7205226.0,22120043.82,1.4591523773358877,,,,,ARKG,2026-07-28,,,,,,,,,,,,07/28/2026,,,,,,,,,,
GENERATE BIOMEDICINES INC,GENB,,370920100,,,1234825.0,16892406.0,1.1143103772487468,,,,,ARKG,2026-07-28,,,,,,,,,,,,07/28/2026,,,,,,,,,,
ARCTURUS THERAPEUTICS HOLDIN,ARCT,,03969T109,,,2734331.0,15749746.56,1.0389346568420006,,,,,ARKG,2026-07-28,,,,,,,,,,,,07/28/2026,,,,,,,,,,
PACIFIC BIOSCIENCES OF CALIF,PACB,,69404D108,,,10603919.0,14421329.84,0.9513054264998728,,,,,ARKG,2026-07-28,,,,,,,,,,,,07/28/2026,,,,,,,,,,
908 DEVICES INC,MASS,,65443P102,,,1900610.0,13551349.3,0.893917015179042,,,,,ARKG,2026-07-28,,,,,,,,,,,,07/28/2026,,,,,,,,,,
ATAIBECKLEY INC,ATAI,,04650F101,,,1640251.0,11760599.67,0.7757899173716987,,,,,ARKG,2026-07-28,,,,,,,,,,,,07/28/2026,,,,,,,,,,
SCRIBE THERAPEUTICS INC,SCTX,,811033109,,,351225.0,6662738.25,0.4395086391404016,,,,,ARKG,2026-07-28,,,,,,,,,,,,07/28/2026,,,,,,,,,,
QUANTUM-SI INC,QSI,,74765K105,,,6744049.0,5283287.99,0.34851297282640925,,,,,ARKG,2026-07-28,,,,,,,,,,,,07/28/2026,,,,,,,,,,
GOLDMAN FS TRSY OBLIG INST 468,OTHER,,X9USDGSFT,,,2135143.0,2135142.76,0.14084504802782566,,,,,ARKG,2026-07-28,,,,,,,,,,,,07/28/2026,,,,,,,,,,
SHOPIFY INC - CLASS A,SHOP,,82509L107,,,662061.0,106571959.17,9.650069919529974,,,,,ARKF,2026-07-28,,,,,,,,,,,,01/02/2026,,,,,,,,,,
COINBASE GLOBAL INC -CLASS A,COIN,,19260Q107,,,276957.0,62631055.98,5.671229787348535,,,,,ARKF,2026-07-28,,,,,,,,,,,,01/02/2026,,,,,,,,,,
ARK BITCOIN ETF HOLDCO (ARKF),OTHER,,MM005473T,,,2082290.0,60461580.67,5.4747842251833685,,,,,ARKF,2026-07-28,,,,,,,,,,,,01/02/2026,,,,,,,,,,
ROBINHOOD MARKETS INC - A,HOOD,,770700102,,,492638.0,55717357.8,5.045195778410956,,,,,ARKF,2026-07-28,,,,,,,,,,,,01/02/2026,,,,,,,,,,
PALANTIR TECHNOLOGIES INC-A,PLTR,,69608A108,,,281162.0,49976545.5,4.525366354973909,,,,,ARKF,2026-07-28,,,,,,,,,,,,01/02/2026,,,,,,,,,,
TOAST INC-CLASS A,TOST,,888787108,,,1351034.0,47975217.34,4.34414648413418,,,,,ARKF,2026-07-28,,,,,,,,,,,,01/02/2026,,,,,,,,,,
BLOCK INC,XYZ,,852234103,,,652416.0,42465757.44,3.845265974965375,,,,,ARKF,2026-07-28,,,,,,,,,,,,01/02/2026,,,,,,,,,,
SOFI TECHNOLOGIES INC,SOFI,,83406F102,,,1488338.0,38964688.84,3.5282449025726152,,,,,ARKF,2026-07-28,,,,,,,,,,,,01/02/2026,,,,,,,,,,
ROKU INC,ROKU,,77543R102,,,350640.0,38040933.6,3.444599047471909,,,,,ARKF,2026-07-28,,,,,,,,,,,,01/02/2026,,,,,,,,,,
CIRCLE INTERNET GROUP INC,CRCL,,172573107,,,467606.0,37081155.8,3.3576913566558058,,,,,ARKF,2026-07-28,,,,,,,,,,,,01/02/2026,,,,,,,,,,
ROBLOX CORP -CLASS A,RBLX,,771049103,,,389598.0,31569125.94,2.8585781381150097,,,,,ARKF,2026-07-28,,,,,,,,,,,,01/02/2026,,,,,,,,,,
MERCADOLIBRE INC,MELI,,58733R102,,,15628.0,31478855.28,2.8504041476257056,,,,,ARKF,2026-07-28,,,,,,,,,,,,01/02/2026,,,,,,,,,,
ADYEN NV,ADYEN,,BZ1HM42,,,17603.0,28444654.02,2.5756578209468546,,,,,ARKF,2026-07-28,,,,,,,,,,,,01/02/2026,,,,,,,,,,
META PLATFORMS INC-CLASS A,META,,30303M102,,,41109.0,27135639.81,2.45712684196759,,,,,ARKF,2026-07-28,,,,,,,,,,,,01/02/2026,,,,,,,,,,
ADVANCED MICRO DEVICES,AMD,,007903107,,,121685.0,26060059.6,2.3597332657267165,,,,,ARKF,2026-07-28,,,,,,,,,,,,01/02/2026,,,,,,,,,,
DRAFTKINGS INC-CL A,DKNG,,26142V105,,,756511.0,26069369.06,2.3605762354967452,,,,,ARKF,2026-07-28,,,,,,,,,,,,01/02/2026,,,,,,,,,,
AMAZON.COM INC,AMZN,,023135106,,,110561.0,25519690.02,2.3108029066529103,,,,,ARKF,2026-07-28,,,,,,,,,,,,01/02/2026,,,,,,,,,,
BITMINE IMMERSION TECHNOLOGI,BMNR,,09175A206,,,938829.0,25489207.35,2.308042706886247,,,,,ARKF,2026-07-28,,,,,,,,,,,,01/02/2026,,,,,,,,,,
PINTEREST INC- CLASS A,PINS,,72352L106,,,876967.0,22704675.63,2.0559039078961154,,,,,ARKF,2026-07-28,,,,,,,,,,,,01/02/2026,,,,,,,,,,
NU HOLDINGS LTD/CAYMAN ISL-A,NU,,G6683N103,,,1327232.0,22217863.68,2.0118231816736674,,,,,ARKF,2026-07-28,,,,,,,,,,,,01/02/2026,,,,,,,,,,
KLARNA GROUP PLC,KLAR,,G5279N105,,,736657.0,21296753.87,1.9284168697385935,,,,,ARKF,2026-07-28,,,,,,,,,,,,01/02/2026,,,,,,,,,,
BULLISH,BLSH,,G16910120,,,508905.0,19272232.35,1.7450968447174837,,,,,ARKF,2026-07-28,,,,,,,,,,,,01/02/2026,,,,,,,,,,
SEA LTD-ADR,SE,,81141R100,,,148096.0,18892606.72,1.7107218186667579,,,,,ARKF,2026-07-28,,,,,,,,,,,,01/02/2026,,,,,,,,,,
AIRBNB INC-CLASS A,ABNB,,009066101,,,136311.0,18500128.92,1.6751830311530398,,,,,ARKF,2026-07-28,,,,,,,,,,,,01/02/2026,,,,,,,,,,
FUTU HOLDINGS LTD-ADR,FUTU,,36118L106,,,106024.0,17410201.04,1.5764902762186264,,,,,ARKF,2026-07-28,,,,,,,,,,,,01/02/2026,,,,,,,,,,
DOORDASH INC - A,DASH,,25809K105,,,76196.0,17256870.08,1.5626061879804778,,,,,ARKF,2026-07-28,,,,,,,,,,,,01/02/2026,,,,,,,,,,
SPOTIFY TECHNOLOGY SA,SPOT,,L8681T102,,,29020.0,16852204.2,1.5259637722225117,,,,,ARKF,2026-07-28,,,,,,,,,,,,01/02/2026,,,,,,,,,,
ZILLOW GROUP INC - C,Z,,98954M200,,,246266.0,16800266.52,1.521260825524697,,,,,ARKF,2026-07-28,,,,,,,,,,,,01/02/2026,,,,,,,,,,
NVIDIA CORP,NVDA,,67066G104,,,89295.0,16653517.5,1.507972730657608,,,,,ARKF,2026-07-28,,,,,,,,,,,,01/02/2026,,,,,,,,,,
DISCOVERY LTD,DSY,,6177878,,,1125052.0,15461312.45,1.400018798117393,,,,,ARKF,2026-07-28,,,,,,,,,,,,01/02/2026,,,,,,,,,,
GLOBAL-E ONLINE LTD,GLBE,,M5216V106,,,364781.0,14339541.11,1.2984426241497466,,,,,ARKF,2026-07-28,,,,,,,,,,,,01/02/2026,,,,,,,,,,
CROWDSTRIKE HOLDINGS INC - A,CRWD,,22788C105,,,28997.0,13592633.72,1.2308103070463694,,,,,ARKF,2026-07-28,,,,,,,,,,,,01/02/2026,,,,,,,,,,
LY CORP,4689,,6084848,,,5074096.0,13514510.03,1.2237362222989068,,,,,ARKF,2026-07-28,,,,,,,,,,,,01/02/2026,,,,,,,,,,
ALIBABA GROUP HOLDING-SP ADR,BABA,,01609W102,,,85622.0,12550472.76,1.1364428373129656,,,,,ARKF,2026-07-28,,,,,,,,,,,,01/02/2026,,,,,,,,,,
ETORO GROUP LTD-A,ETOR,,G32089107,,,333445.0,11713922.85,1.0606934076736072,,,,,ARKF,2026-07-28,,,,,,,,,,,,01/02/2026,,,,,,,,,,
JSC KASPI.KZ ADR,KSPI,,BJY21K1,,,133688.0,10445043.44,0.9457966269320663,,,,,ARKF,2026-07-28,,,,,,,,,,,,01/02/2026,,,,,,,,,,
INTUIT INC,INTU,,461202103,,,14562.0,9646160.04,0.8734578923569211,,,,,ARKF,2026-07-28,,,,,,,,,,,,01/02/2026,,,,,,,,,,
PAYPAL HOLDINGS INC,PYPL,,70450Y103,,,151471.0,8842876.98,0.8007207694350401,,,,,ARKF,2026-07-28,,,,,,,,,,,,01/02/2026,,,,,,,,,,
INTERCONTINENTAL EXCHANGE IN,ICE,,45866F104,,,53595.0,8680246.2,0.7859945843269643,,,,,ARKF,2026-07-28,,,,,,,,,,,,01/02/2026,,,,,,,,,,
3IQ ETHER STAKING ETF,ETHQ/U,,BQ84B35,,,650997.0,7538545.26,0.6826137890033243,,,,,ARKF,2026-07-28,,,,,,,,,,,,01/02/2026,,,,,,,,,,
3IQ SOLANA STAKING ETF,SOLQ/U,,BTRDQ40,,,452253.0,4499917.35,0.40746663003855177,,,,,ARKF,2026-07-28,,,,,,,,,,,,01/02/2026,,,,,,,,,,
BRERA HOLDINGS PLC-CL B,SLMT,,G13311116,,,1018952.0,1905440.24,0.1725372385634259,,,,,ARKF,2026-07-28,,,,,,,,,,,,01/02/2026,,,,,,,,,,
BRERA HOLDINGS PLC WTS,OTHER,,BREADUMMY,,,788053.0,1134796.32,0.10275558334211406,,,,,ARKF,2026-07-28,,,,,,,,,,,,01/02/2026,,,,,,,,,,
GOLDMAN FS TRSY OBLIG INST 468,OTHER,,X9USDGSFT,,,989040.0,989039.68,0.08955734828863195,,,,,ARKF,2026-07-28,,,,,,,,,,,,01/02/2026,,,,,,,,,,
ROCKET LAB,RKLB,,773121108,,,659546.0,46009928.96,8.903606957804989,,,,,ARKX,2026-07-28,,,,,,,,,,,,01/02/2026,,,,,,,,,,
L3HARRIS TECHNOLOGIES INC,LHX,,502431109,,,146728.0,43074938.96,8.335642651496093,,,,,ARKX,2026-07-28,,,,,,,,,,,,01/02/2026,,,,,,,,,,
KRATOS DEFENSE & SECURITY,KTOS,,50077B207,,,527748.0,40061350.68,7.752468406626152,,,,,ARKX,2026-07-28,,,,,,,,,,,,01/02/2026,,,,,,,,,,
TERADYNE INC,TER,,880770102,,,192651.0,37289527.56,7.216079323337363,,,,,ARKX,2026-07-28,,,,,,,,,,,,01/02/2026,,,,,,,,,,
AEROVIRONMENT INC,AVAV,,008073108,,,140659.0,34024005.51,6.584152139304483,,,,,ARKX,2026-07-28,,,,,,,,,,,,01/02/2026,,,,,,,,,,
DEERE & CO,DE,,244199105,,,58643.0,27302421.51,5.283425460897748,,,,,ARKX,2026-07-28,,,,,,,,,,,,01/02/2026,,,,,,,,,,
ARCHER AVIATION INC-A,ACHR,,03945R102,,,3494036.0,26275150.72,5.08463325321263,,,,,ARKX,2026-07-28,,,,,,,,,,,,01/02/2026,,,,,,,,,,
PALANTIR TECHNOLOGIES INC-A,PLTR,,69608A108,,,126096.0,22413564.0,4.337358672148826,,,,,ARKX,2026-07-28,,,,,,,,,,,,01/02/2026,,,,,,,,,,
ADVANCED MICRO DEVICES,AMD,,007903107,,,100401.0,21501878.16,4.160933874896624,,,,,ARKX,2026-07-28,,,,,,,,,,,,01/02/2026,,,,,,,,,,
TRIMBLE INC,TRMB,,896239100,,,272441.0,21345752.35,4.130721203857347,,,,,ARKX,2026-07-28,,,,,,,,,,,,01/02/2026,,,,,,,,,,
IRIDIUM COMMUNICATIONS INC,IRDM,,46269C102,,,1077332.0,18724030.16,3.6233788875366804,,,,,ARKX,2026-07-28,,,,,,,,,,,,01/02/2026,,,,,,,,,,
AMAZON.COM INC,AMZN,,023135106,,,75711.0,17475613.02,3.381791565295637,,,,,ARKX,2026-07-28,,,,,,,,,,,,01/02/2026,,,,,,,,,,
ALPHABET INC-CL C,GOOG,,02079K107,,,45846.0,14386474.8,2.783997281085264,,,,,ARKX,2026-07-28,,,,,,,,,,,,01/02/2026,,,,,,,,,,
NVIDIA CORP,NVDA,,67066G104,,,70102.0,13074023.0,2.530018297800529,,,,,ARKX,2026-07-28,,,,,,,,,,,,01/02/2026,,,,,,,,,,
JOBY AVIATION INC,JOBY,,G65163100,,,955434.0,12611728.8,2.4405574803484673,,,,,ARKX,2026-07-28,,,,,,,,,,,,01/02/2026,,,,,,,,,,
THALES SA,HO,,4162791,,,40981.0,11067355.1,2.1416981529905526,,,,,ARKX,2026-07-28,,,,,,,,,,,,01/02/2026,,,,,,,,,,
KOMATSU LTD,6301,,6496584,,,327675.0,10459493.11,2.024067798719534,,,,,ARKX,2026-07-28,,,,,,,,,,,,01/02/2026,,,,,,,,,,
STRATA CRITICAL MEDICAL INC,SRTA,,092667104,,,1916557.0,9218639.17,1.7839440683958323,,,,,ARKX,2026-07-28,,,,,,,,,,,,01/02/2026,,,,,,,,,,
INTUITIVE MACHINES INC,LUNR,,46125A100,,,561934.0,9120188.82,1.7648924584265928,,,,,ARKX,2026-07-28,,,,,,,,,,,,01/02/2026,,,,,,,,,,
BWX TECHNOLOGIES INC,BWXT,,05605H100,,,49355.0,8530518.2,1.650782405363707,,,,,ARKX,2026-07-28,,,,,,,,,,,,01/02/2026,,,,,,,,,,
GARMIN LTD,GRMN,,B3Z5T14,,,37855.0,7678886.75,1.4859790275906686,,,,,ARKX,2026-07-28,,,,,,,,,,,,01/02/2026,,,,,,,,,,
ELBIT SYSTEMS LTD,ESLT,,M3760D101,,,13283.0,7673721.93,1.4849795579473273,,,,,ARKX,2026-07-28,,,,,,,,,,,,01/02/2026,,,,,,,,,,
TELEDYNE TECHNOLOGIES INC,TDY,,879360105,,,12009.0,6133356.57,1.1868959041172784,,,,,ARKX,2026-07-28,,,,,,,,,,,,01/02/2026,,,,,,,,,,
SYNOPSYS INC,SNPS,,871607107,,,12975.0,6094617.0,1.1793992199712489,,,,,ARKX,2026-07-28,,,,,,,,,,,,01/02/2026,,,,,,,,,,
HEICO CORP,HEI,,422806109,,,18577.0,6011331.43,1.1632822209386826,,,,,ARKX,2026-07-28,,,,,,,,,,,,01/02/2026,,,,,,,,,,
DOORDASH INC - A,DASH,,25809K105,,,26120.0,5915657.6,1.1447679089690115,,,,,ARKX,2026-07-28,,,,,,,,,,,,01/02/2026,,,,,,,,,,
TAIWAN SEMICONDUCTOR-SP ADR,TSM,,874039100,,,17725.0,5386450.25,1.0423583997589903,,,,,ARKX,2026-07-28,,,,,,,,,,,,01/02/2026,,,,,,,,,,
HONEYWELL INTERNATIONAL INC,HON,,438516106,,,27407.0,5346831.63,1.0346916063371334,,,,,ARKX,2026-07-28,,,,,,,,,,,,01/02/2026,,,,,,,,,,
AIRBUS SE,AIR,,4012250,,,22634.0,5277329.95,1.0212419954462946,,,,,ARKX,2026-07-28,,,,,,,,,,,,01/02/2026,,,,,,,,,,
DASSAULT SYSTEMES SE,DSY,,BM8H5Y5,,,188577.0,5283311.8,1.022399572571155,,,,,ARKX,2026-07-28,,,,,,,,,,,,01/02/2026,,,,,,,,,,
JD LOGISTICS INC,2618,,BNMBPD9,,,3251025.0,4770414.57,0.9231463146572592,,,,,ARKX,2026-07-28,,,,,,,,,,,,01/02/2026,,,,,,,,,,
THE 3D PRINTING ETF,PRNT,,00214Q500,,,135556.0,3028321.04,0.5860252534980493,,,,,ARKX,2026-07-28,,,,,,,,,,,,01/02/2026,,,,,,,,,,
LOCKHEED MARTIN CORP,LMT,,539830109,,,6123.0,2961511.41,0.5730965944028893,,,,,ARKX,2026-07-28,,,,,,,,,,,,01/02/2026,,,,,,,,,,
GOLDMAN FS TRSY OBLIG INST 468,OTHER,,X9USDGSFT,,,1227741.0,1227740.5,0.2375860842489546,,,,,ARKX,2026-07-28,,,,,,,,,,,,01/02/2026,,,,,,,,,,
Applied Optoelectronics Inc,AAOI,,03823U102,,,60936.0,5960759.52,1.3680024032146552,,,,,EUV,2026-07-28,,,,,,,,,,,,,113417.0,2026-07-28T00:00:00.000Z,97.8200,435730788.00,18540000.00,3708.0,,Corgi_Adv.40C8.C8_ETF_Holdings.csv,2026-07-27T23:38:01.086Z,
Photronics Inc,PLAB,,719405102,,,140915.0,4196448.7,0.96309067448623,,,,,EUV,2026-07-28,,,,,,,,,,,,,113449.0,2026-07-28T00:00:00.000Z,29.7800,435730788.00,18540000.00,3708.0,,Corgi_Adv.40C8.C8_ETF_Holdings.csv,2026-07-27T23:38:01.086Z,
Lightwave Logic Inc,LWLG,,532275104,,,76170.0,466922.1,0.10715925592549884,,,,,EUV,2026-07-28,,,,,,,,,,,,,113440.0,2026-07-28T00:00:00.000Z,6.1300,435730788.00,18540000.00,3708.0,,Corgi_Adv.40C8.C8_ETF_Holdings.csv,2026-07-27T23:38:01.086Z,
MARVELL TECHNOLOGY INC,MRVL,,573874104,,,68553.0,12968171.01,2.9762128546629616,,,,,EUV,2026-07-28,,,,,,,,,,,,,113441.0,2026-07-28T00:00:00.000Z,189.1700,435730788.00,18540000.00,3708.0,,Corgi_Adv.40C8.C8_ETF_Holdings.csv,2026-07-27T23:38:01.086Z,
Materion Corp,MTRN,,576690101,,,3808.0,920850.56,0.21133645382854857,,,,,EUV,2026-07-28,,,,,,,,,,,,,113442.0,2026-07-28T00:00:00.000Z,241.8200,435730788.00,18540000.00,3708.0,,Corgi_Adv.40C8.C8_ETF_Holdings.csv,2026-07-27T23:38:01.086Z,
MACOM Technology Solutions Holdings Inc,MTSI,,55405Y100,,,45702.0,12023282.16,2.759359580640806,,,,,EUV,2026-07-28,,,,,,,,,,,,,113443.0,2026-07-28T00:00:00.000Z,263.0800,435730788.00,18540000.00,3708.0,,Corgi_Adv.40C8.C8_ETF_Holdings.csv,2026-07-27T23:38:01.086Z,
Novanta Inc,NOVT,,67000B104,,,64745.0,9116096.0,2.0921564096139726,,,,,EUV,2026-07-28,,,,,,,,,,,,,113444.0,2026-07-28T00:00:00.000Z,140.8000,435730788.00,18540000.00,3708.0,,Corgi_Adv.40C8.C8_ETF_Holdings.csv,2026-07-27T23:38:01.086Z,
Nova Ltd,NVMI,,M7516K103,,,22851.0,9800336.88,2.2491906206196384,,,,,EUV,2026-07-28,,,,,,,,,,,,,113445.0,2026-07-28T00:00:00.000Z,428.8800,435730788.00,18540000.00,3708.0,,Corgi_Adv.40C8.C8_ETF_Holdings.csv,2026-07-27T23:38:01.086Z,
Onto Innovation Inc,ONTO,,683344105,,,38085.0,9990838.05,2.2929108977925052,,,,,EUV,2026-07-28,,,,,,,,,,,,,113446.0,2026-07-28T00:00:00.000Z,262.3300,435730788.00,18540000.00,3708.0,,Corgi_Adv.40C8.C8_ETF_Holdings.csv,2026-07-27T23:38:01.086Z,
PDF Solutions Inc,PDFS,,693282105,,,133298.0,6360980.56,1.4598536753050733,,,,,EUV,2026-07-28,,,,,,,,,,,,,113448.0,2026-07-28T00:00:00.000Z,47.7200,435730788.00,18540000.00,3708.0,,Corgi_Adv.40C8.C8_ETF_Holdings.csv,2026-07-27T23:38:01.086Z,
POET Technologies Inc,POET,,73044W302,,,392115.0,2780095.35,0.6380356575710151,,,,,EUV,2026-07-28,,,,,,,,,,,,,113450.0,2026-07-28T00:00:00.000Z,7.0900,435730788.00,18540000.00,3708.0,,Corgi_Adv.40C8.C8_ETF_Holdings.csv,2026-07-27T23:38:01.086Z,
Lumentum Holdings Inc,LITE,,55024U109,,,22851.0,16268997.96,3.7337571214707093,,,,,EUV,2026-07-28,,,,,,,,,,,,,113438.0,2026-07-28T00:00:00.000Z,711.9600,435730788.00,18540000.00,3708.0,,Corgi_Adv.40C8.C8_ETF_Holdings.csv,2026-07-27T23:38:01.086Z,
Teledyne Technologies Inc,TDY,,879360105,,,7617.0,4963618.05,1.13915708195516,,,,,EUV,2026-07-28,,,,,,,,,,,,,113451.0,2026-07-28T00:00:00.000Z,651.6500,435730788.00,18540000.00,3708.0,,Corgi_Adv.40C8.C8_ETF_Holdings.csv,2026-07-27T23:38:01.086Z,
Tower Semiconductor Ltd,TSEM,,M87915274,,,15234.0,3415615.14,0.783888312269367,,,,,EUV,2026-07-28,,,,,,,,,,,,,113452.0,2026-07-28T00:00:00.000Z,224.2100,435730788.00,18540000.00,3708.0,,Corgi_Adv.40C8.C8_ETF_Holdings.csv,2026-07-27T23:38:01.086Z,
Taiwan Semiconductor Manufacturing Co Ltd,TSM,,874039100,,,118656.0,47354423.04,10.867904384366682,,,,,EUV,2026-07-28,,,,,,,,,,,,,113453.0,2026-07-28T00:00:00.000Z,399.0900,435730788.00,18540000.00,3708.0,,Corgi_Adv.40C8.C8_ETF_Holdings.csv,2026-07-27T23:38:01.086Z,
Ultra Clean Holdings Inc,UCTT,,90385V107,,,91404.0,7949405.88,1.8243994429704342,,,,,EUV,2026-07-28,,,,,,,,,,,,,113454.0,2026-07-28T00:00:00.000Z,86.9700,435730788.00,18540000.00,3708.0,,Corgi_Adv.40C8.C8_ETF_Holdings.csv,2026-07-27T23:38:01.086Z,
Veeco Instruments Inc,VECO,,922417100,,,137107.0,6648318.43,1.5257981066104616,,,,,EUV,2026-07-28,,,,,,,,,,,,,113455.0,2026-07-28T00:00:00.000Z,48.4900,435730788.00,18540000.00,3708.0,,Corgi_Adv.40C8.C8_ETF_Holdings.csv,2026-07-27T23:38:01.086Z,
Viavi Solutions Inc,VIAV,,925550105,,,213196.0,8135559.36,1.867121919385113,,,,,EUV,2026-07-28,,,,,,,,,,,,,113456.0,2026-07-28T00:00:00.000Z,38.1600,435730788.00,18540000.00,3708.0,,Corgi_Adv.40C8.C8_ETF_Holdings.csv,2026-07-27T23:38:01.086Z,
Cash & Other,Cash&Other,,Cash&Other,,,-41928.25,-41928.25,-0.00962259030416058,,,,,EUV,2026-07-28,,,,,,,,,,,,,113457.0,2026-07-28T00:00:00.000Z,1.0000,435730788.00,18540000.00,3708.0,Y,Corgi_Adv.40C8.C8_ETF_Holdings.csv,2026-07-27T23:38:01.086Z,
ADTRAN Holdings Inc,ADTN,,00486H105,,,357838.0,3399461.0,0.7801809152056676,,,,,EUV,2026-07-28,,,,,,,,,,,,,113418.0,2026-07-28T00:00:00.000Z,9.5000,435730788.00,18540000.00,3708.0,,Corgi_Adv.40C8.C8_ETF_Holdings.csv,2026-07-27T23:38:01.086Z,
Lam Research Corp,LRCX,,512807306,,,87596.0,25543869.56,5.862352746866339,,,,,EUV,2026-07-28,,,,,,,,,,,,,113439.0,2026-07-28T00:00:00.000Z,291.6100,435730788.00,18540000.00,3708.0,,Corgi_Adv.40C8.C8_ETF_Holdings.csv,2026-07-27T23:38:01.086Z,
Ouster Inc,OUST,,68989M202,,,220813.0,7759368.82,1.7807856796727246,,,,,EUV,2026-07-28,,,,,,,,,,,,,113447.0,2026-07-28T00:00:00.000Z,35.1400,435730788.00,18540000.00,3708.0,,Corgi_Adv.40C8.C8_ETF_Holdings.csv,2026-07-27T23:38:01.086Z,
nLight Inc,LASR,,65487K100,,,106639.0,7227991.42,1.6588338448813835,,,,,EUV,2026-07-28,,,,,,,,,,,,,113437.0,2026-07-28T00:00:00.000Z,67.7800,435730788.00,18540000.00,3708.0,,Corgi_Adv.40C8.C8_ETF_Holdings.csv,2026-07-27T23:38:01.086Z,
Credo Technology Group Holding Ltd,CRDO,,G25457105,,,64745.0,13476024.3,3.0927658742688373,,,,,EUV,2026-07-28,,,,,,,,,,,,,113427.0,2026-07-28T00:00:00.000Z,208.1400,435730788.00,18540000.00,3708.0,,Corgi_Adv.40C8.C8_ETF_Holdings.csv,2026-07-27T23:38:01.086Z,
KLA CORP,KLAC,,482480100,,,114256.0,23235100.16,5.332487034775264,,,,,EUV,2026-07-28,,,,,,,,,,,,,113436.0,2026-07-28T00:00:00.000Z,203.3600,435730788.00,18540000.00,3708.0,,Corgi_Adv.40C8.C8_ETF_Holdings.csv,2026-07-27T23:38:01.086Z,
Aeva Technologies Inc,AEVA,,00835Q202,,,281846.0,4377068.38,1.0045431362872492,,,,,EUV,2026-07-28,,,,,,,,,,,,,113420.0,2026-07-28T00:00:00.000Z,15.5300,435730788.00,18540000.00,3708.0,,Corgi_Adv.40C8.C8_ETF_Holdings.csv,2026-07-27T23:38:01.086Z,
Applied Materials Inc,AMAT,,38222105,,,57128.0,29528891.92,6.7769207892530146,,,,,EUV,2026-07-28,,,,,,,,,,,,,113421.0,2026-07-28T00:00:00.000Z,516.8900,435730788.00,18540000.00,3708.0,,Corgi_Adv.40C8.C8_ETF_Holdings.csv,2026-07-27T23:38:01.086Z,
ASML Holding NV,ASML,,N07059210,,,25956.0,42916478.08,9.849389990312691,,,,,EUV,2026-07-28,,,,,,,,,,,,,113422.0,2026-07-28T00:00:00.000Z,1653.4319,435730788.00,18540000.00,3708.0,,Corgi_Adv.40C8.C8_ETF_Holdings.csv,2026-07-27T23:38:01.086Z,
AXT Inc,AXTI,,00246W103,,,106639.0,5105875.32,1.17180531857363,,,,,EUV,2026-07-28,,,,,,,,,,,,,113423.0,2026-07-28T00:00:00.000Z,47.8800,435730788.00,18540000.00,3708.0,,Corgi_Adv.40C8.C8_ETF_Holdings.csv,2026-07-27T23:38:01.086Z,
Camtek Ltd/Israel,CAMT,,M20791105,,,41893.0,6345113.78,1.4562122277515444,,,,,EUV,2026-07-28,,,,,,,,,,,,,113424.0,2026-07-28T00:00:00.000Z,151.4600,435730788.00,18540000.00,3708.0,,Corgi_Adv.40C8.C8_ETF_Holdings.csv,2026-07-27T23:38:01.086Z,
Ciena Corp,CIEN,,171779309,,,38085.0,14368327.95,3.2975507734920835,,,,,EUV,2026-07-28,,,,,,,,,,,,,113425.0,2026-07-28T00:00:00.000Z,377.2700,435730788.00,18540000.00,3708.0,,Corgi_Adv.40C8.C8_ETF_Holdings.csv,2026-07-27T23:38:01.086Z,
Coherent Corp,COHR,,19247G107,,,53319.0,14465977.89,3.319961567308803,,,,,EUV,2026-07-28,,,,,,,,,,,,,113426.0,2026-07-28T00:00:00.000Z,271.3100,435730788.00,18540000.00,3708.0,,Corgi_Adv.40C8.C8_ETF_Holdings.csv,2026-07-27T23:38:01.086Z,
Aehr Test Systems,AEHR,,00760J108,,,64745.0,5016442.6,1.1512803879040525,,,,,EUV,2026-07-28,,,,,,,,,,,,,113419.0,2026-07-28T00:00:00.000Z,77.4800,435730788.00,18540000.00,3708.0,,Corgi_Adv.40C8.C8_ETF_Holdings.csv,2026-07-27T23:38:01.086Z,
Entegris Inc,ENTG,,29362U104,,,83787.0,10588163.19,2.4299978284560875,,,,,EUV,2026-07-28,,,,,,,,,,,,,113428.0,2026-07-28T00:00:00.000Z,126.3700,435730788.00,18540000.00,3708.0,,Corgi_Adv.40C8.C8_ETF_Holdings.csv,2026-07-27T23:38:01.086Z,
GLOBALFOUNDRIES Inc,GFS,,G39387108,,,15234.0,810144.12,0.18592917553403027,,,,,EUV,2026-07-28,,,,,,,,,,,,,113432.0,2026-07-28T00:00:00.000Z,53.1800,435730788.00,18540000.00,3708.0,,Corgi_Adv.40C8.C8_ETF_Holdings.csv,2026-07-27T23:38:01.086Z,
First American Government Obligations Fund 12/01/2031,FGXXX,,31846V336,,,6825019.38,6825019.38,1.5663512145557243,,,,,EUV,2026-07-28,,,,,,,,,,,,,113429.0,2026-07-28T00:00:00.000Z,100.0000,435730788.00,18540000.00,3708.0,Y,Corgi_Adv.40C8.C8_ETF_Holdings.csv,2026-07-27T23:38:01.086Z,
Hesai Group,HSAI,,428050108,,,357838.0,5521440.34,1.2671780549077316,,,,,EUV,2026-07-28,,,,,,,,,,,,,113434.0,2026-07-28T00:00:00.000Z,15.4300,435730788.00,18540000.00,3708.0,,Corgi_Adv.40C8.C8_ETF_Holdings.csv,2026-07-27T23:38:01.086Z,
Corning Inc,GLW,,219350105,,,133298.0,19109601.28,4.385679440312978,,,,,EUV,2026-07-28,,,,,,,,,,,,,113433.0,2026-07-28T00:00:00.000Z,143.3600,435730788.00,18540000.00,3708.0,,Corgi_Adv.40C8.C8_ETF_Holdings.csv,2026-07-27T23:38:01.086Z,
IPG Photonics Corp,IPGP,,44980X109,,,60936.0,5465959.2,1.2544450579467858,,,,,EUV,2026-07-28,,,,,,,,,,,,,113435.0,2026-07-28T00:00:00.000Z,89.7000,435730788.00,18540000.00,3708.0,,Corgi_Adv.40C8.C8_ETF_Holdings.csv,2026-07-27T23:38:01.086Z,
FormFactor Inc,FORM,,346375108,,,64745.0,6396806.0,1.4680756624279863,,,,,EUV,2026-07-28,,,,,,,,,,,,,113431.0,2026-07-28T00:00:00.000Z,98.8000,435730788.00,18540000.00,3708.0,,Corgi_Adv.40C8.C8_ETF_Holdings.csv,2026-07-27T23:38:01.086Z,
Fabrinet,FN,,G3323L100,,,19042.0,8965354.44,2.0575610169207397,,,,,EUV,2026-07-28,,,,,,,,,,,,,113430.0,2026-07-28T00:00:00.000Z,470.8200,435730788.00,18540000.00,3708.0,,Corgi_Adv.40C8.C8_ETF_Holdings.csv,2026-07-27T23:38:01.086Z,
ALPHABET INC.-SWAP-CANT-L,02079K305-TRS-05/31/27-L-CANT,,02079K305-TRS-05/31/27-L-CANT,,,2225.0,726596.0,8.511189194680105,,,,,CMAG,2026-07-28,,,,,,,,,,,,,113135.0,2026-07-28T00:00:00.000Z,326.5600,8099730.50,335000.00,67.0,,Corgi_Adv.40C8.C8_ETF_Holdings.csv,2026-07-27T23:38:01.086Z,
NVIDIA CORPORATION-SWAP-CANT-L,67066G104-TRS-05/31/27-L-CANT,,67066G104-TRS-05/31/27-L-CANT,,,4398.0,864250.98,10.123650009727127,,,,,CMAG,2026-07-28,,,,,,,,,,,,,113140.0,2026-07-28T00:00:00.000Z,196.5100,8099730.50,335000.00,67.0,,Corgi_Adv.40C8.C8_ETF_Holdings.csv,2026-07-27T23:38:01.086Z,
NVIDIA Corp,NVDA,,67066G104,,,4366.0,857962.66,10.049989982371223,,,,,CMAG,2026-07-28,,,,,,,,,,,,,113148.0,2026-07-28T00:00:00.000Z,196.5100,8099730.50,335000.00,67.0,,Corgi_Adv.40C8.C8_ETF_Holdings.csv,2026-07-27T23:38:01.086Z,
Tesla Inc,TSLA,,88160R101,,,670.0,207177.4,2.42683148305512,,,,,CMAG,2026-07-28,,,,,,,,,,,,,113149.0,2026-07-28T00:00:00.000Z,309.2200,8099730.50,335000.00,67.0,,Corgi_Adv.40C8.C8_ETF_Holdings.csv,2026-07-27T23:38:01.086Z,
"AMAZON.COM, INC.-SWAP-CANT-L",023135106-TRS-05/31/27-L-CANT,,023135106-TRS-05/31/27-L-CANT,,,1866.0,431773.74,5.057704681053318,,,,,CMAG,2026-07-28,,,,,,,,,,,,,113136.0,2026-07-28T00:00:00.000Z,231.3900,8099730.50,335000.00,67.0,,Corgi_Adv.40C8.C8_ETF_Holdings.csv,2026-07-27T23:38:01.086Z,
APPLE INC.-SWAP-CANT-L,037833100-TRS-05/31/27-L-CANT,,037833100-TRS-05/31/27-L-CANT,,,2739.0,922796.49,10.809439516012649,,,,,CMAG,2026-07-28,,,,,,,,,,,,,113137.0,2026-07-28T00:00:00.000Z,336.9100,8099730.50,335000.00,67.0,,Corgi_Adv.40C8.C8_ETF_Holdings.csv,2026-07-27T23:38:01.086Z,
"META PLATFORMS, INC.-SWAP-CANT-L",30303M102-TRS-05/31/27-L-CANT,,30303M102-TRS-05/31/27-L-CANT,,,451.0,267835.37,3.137365891220359,,,,,CMAG,2026-07-28,,,,,,,,,,,,,113138.0,2026-07-28T00:00:00.000Z,593.8700,8099730.50,335000.00,67.0,,Corgi_Adv.40C8.C8_ETF_Holdings.csv,2026-07-27T23:38:01.086Z,
MICROSOFT CORPORATION-SWAP-CANT-L,594918104-TRS-05/31/27-L-CANT,,594918104-TRS-05/31/27-L-CANT,,,1409.0,548241.9,6.421987645611717,,,,,CMAG,2026-07-28,,,,,,,,,,,,,113139.0,2026-07-28T00:00:00.000Z,389.1000,8099730.50,335000.00,67.0,,Corgi_Adv.40C8.C8_ETF_Holdings.csv,2026-07-27T23:38:01.086Z,
Microsoft Corp,MSFT,,594918104,,,1407.0,547463.7,6.412871978265213,,,,,CMAG,2026-07-28,,,,,,,,,,,,,113147.0,2026-07-28T00:00:00.000Z,389.1000,8099730.50,335000.00,67.0,,Corgi_Adv.40C8.C8_ETF_Holdings.csv,2026-07-27T23:38:01.086Z,
"TESLA, INC.-SWAP-CANT-L",88160R101-TRS-05/31/27-L-CANT,,88160R101-TRS-05/31/27-L-CANT,,,634.0,196045.48,2.2964345675476805,,,,,CMAG,2026-07-28,,,,,,,,,,,,,113141.0,2026-07-28T00:00:00.000Z,309.2200,8099730.50,335000.00,67.0,,Corgi_Adv.40C8.C8_ETF_Holdings.csv,2026-07-27T23:38:01.086Z,
Cash & Other,Cash&Other,,Cash&Other,,,-2961250.93,-2961250.93,-34.68745619044478,,,,,CMAG,2026-07-28,,,,,,,,,,,,,113150.0,2026-07-28T00:00:00.000Z,1.0000,8099730.50,335000.00,67.0,Y,Corgi_Adv.40C8.C8_ETF_Holdings.csv,2026-07-27T23:38:01.086Z,
Amazon.com Inc,AMZN,,23135106,,,1876.0,434087.64,5.084809207747066,,,,,CMAG,2026-07-28,,,,,,,,,,,,,113143.0,2026-07-28T00:00:00.000Z,231.3900,8099730.50,335000.00,67.0,,Corgi_Adv.40C8.C8_ETF_Holdings.csv,2026-07-27T23:38:01.086Z,
First American Government Obligations Fund 12/01/2031,FGXXX,,31846V336,,,3126858.89,3126858.89,36.62735219827445,,,,,CMAG,2026-07-28,,,,,,,,,,,,,113144.0,2026-07-28T00:00:00.000Z,100.0000,8099730.50,335000.00,67.0,Y,Corgi_Adv.40C8.C8_ETF_Holdings.csv,2026-07-27T23:38:01.086Z,
Alphabet Inc,GOOGL,,02079K305,,,2222.0,725616.32,8.499713433968175,,,,,CMAG,2026-07-28,,,,,,,,,,,,,113145.0,2026-07-28T00:00:00.000Z,326.5600,8099730.50,335000.00,67.0,,Corgi_Adv.40C8.C8_ETF_Holdings.csv,2026-07-27T23:38:01.086Z,
Meta Platforms Inc,META,,30303M102,,,469.0,278525.03,3.2625822682535444,,,,,CMAG,2026-07-28,,,,,,,,,,,,,113146.0,2026-07-28T00:00:00.000Z,593.8700,8099730.50,335000.00,67.0,,Corgi_Adv.40C8.C8_ETF_Holdings.csv,2026-07-27T23:38:01.086Z,
Apple Inc,AAPL,,37833100,,,2747.0,925491.77,10.841011445960843,,,,,CMAG,2026-07-28,,,,,,,,,,,,,113142.0,2026-07-28T00:00:00.000Z,336.9100,8099730.50,335000.00,67.0,,Corgi_Adv.40C8.C8_ETF_Holdings.csv,2026-07-27T23:38:01.086Z,
023135106 SWP,023135106 SWP,,023135106 SWP,,,197.0,48308.34,0.5658734997452954,,,,,CMAG,2026-07-28,,,,,,,,,,,,,35120.0,2026-06-09T00:00:00.000Z,245.2200,4525002.00,180000.00,36.0,,Corgi_Adv.40C8.C8_ETF_Holdings.csv,2026-06-08T23:38:00.437Z,
88160R101 SWP,88160R101 SWP,,88160R101 SWP,,,66.0,26990.7,0.3161632519265896,,,,,CMAG,2026-07-28,,,,,,,,,,,,,35130.0,2026-06-09T00:00:00.000Z,408.9500,4525002.00,180000.00,36.0,,Corgi_Adv.40C8.C8_ETF_Holdings.csv,2026-06-08T23:38:00.437Z,
037833100 SWP,037833100 SWP,,037833100 SWP,,,289.0,87145.06,1.0207984809189004,,,,,CMAG,2026-07-28,,,,,,,,,,,,,35122.0,2026-06-09T00:00:00.000Z,301.5400,4525002.00,180000.00,36.0,,Corgi_Adv.40C8.C8_ETF_Holdings.csv,2026-06-08T23:38:00.437Z,
30303M102 SWP,30303M102 SWP,,30303M102 SWP,,,50.0,29269.5,0.3428566247731743,,,,,CMAG,2026-07-28,,,,,,,,,,,,,35124.0,2026-06-09T00:00:00.000Z,585.3900,4525002.00,180000.00,36.0,,Corgi_Adv.40C8.C8_ETF_Holdings.csv,2026-06-08T23:38:00.437Z,
594918104 SWP,594918104 SWP,,594918104 SWP,,,150.0,61761.0,0.7234550642346474,,,,,CMAG,2026-07-28,,,,,,,,,,,,,35126.0,2026-06-09T00:00:00.000Z,411.7400,4525002.00,180000.00,36.0,,Corgi_Adv.40C8.C8_ETF_Holdings.csv,2026-06-08T23:38:00.437Z,
67066G104 SWP,67066G104 SWP,,67066G104 SWP,,,464.0,96808.96,1.1339993260356767,,,,,CMAG,2026-07-28,,,,,,,,,,,,,35128.0,2026-06-09T00:00:00.000Z,208.6400,4525002.00,180000.00,36.0,,Corgi_Adv.40C8.C8_ETF_Holdings.csv,2026-06-08T23:38:00.437Z,
02079K305 SWP,02079K305 SWP,,02079K305 SWP,,,240.0,87194.4,1.0213764390618925,,,,,CMAG,2026-07-28,,,,,,,,,,,,,35118.0,2026-06-09T00:00:00.000Z,363.3100,4525002.00,180000.00,36.0,,Corgi_Adv.40C8.C8_ETF_Holdings.csv,2026-06-08T23:38:00.437Z,
Cash & Other,Cash&Other,,Cash&Other,,,-2307.6,-2307.6,-0.01723167164401814,,,,,CQTM,2026-07-28,,,,,,,,,,,,,113183.0,2026-07-28T00:00:00.000Z,1.0000,13194106.00,565000.00,113.0,Y,Corgi_Adv.40C8.C8_ETF_Holdings.csv,2026-07-27T23:38:01.086Z,
Infleqtion Inc,INFQ,,45676K103,,,57561.0,561795.36,4.195126180730179,,,,,CQTM,2026-07-28,,,,,,,,,,,,,113172.0,2026-07-28T00:00:00.000Z,9.7600,13194106.00,565000.00,113.0,,Corgi_Adv.40C8.C8_ETF_Holdings.csv,2026-07-27T23:38:01.086Z,
Xanadu Quantum Technologies Ltd,XNDU,,98390R102,,,56327.0,574535.4,4.290260600045337,,,,,CQTM,2026-07-28,,,,,,,,,,,,,113182.0,2026-07-28T00:00:00.000Z,10.2000,13194106.00,565000.00,113.0,,Corgi_Adv.40C8.C8_ETF_Holdings.csv,2026-07-27T23:38:01.086Z,
Arqit Quantum Inc,ARQQ,,G0567U127,,,28885.0,525129.3,3.9213276426820487,,,,,CQTM,2026-07-28,,,,,,,,,,,,,113164.0,2026-07-28T00:00:00.000Z,18.1800,13194106.00,565000.00,113.0,,Corgi_Adv.40C8.C8_ETF_Holdings.csv,2026-07-27T23:38:01.086Z,
BTQ Technologies Corp,BTQ,,55869101,,,162183.0,566018.67,4.226663141716009,,,,,CQTM,2026-07-28,,,,,,,,,,,,,113165.0,2026-07-28T00:00:00.000Z,3.4900,13194106.00,565000.00,113.0,,Corgi_Adv.40C8.C8_ETF_Holdings.csv,2026-07-27T23:38:01.086Z,
First American Government Obligations Fund 12/01/2031,FGXXX,,31846V336,,,303982.46,303982.46,2.269945370194522,,,,,CQTM,2026-07-28,,,,,,,,,,,,,113166.0,2026-07-28T00:00:00.000Z,100.0000,13194106.00,565000.00,113.0,Y,Corgi_Adv.40C8.C8_ETF_Holdings.csv,2026-07-27T23:38:01.086Z,
FormFactor Inc,FORM,,346375108,,,4946.0,488664.8,3.649034224991244,,,,,CQTM,2026-07-28,,,,,,,,,,,,,113167.0,2026-07-28T00:00:00.000Z,98.8000,13194106.00,565000.00,113.0,,Corgi_Adv.40C8.C8_ETF_Holdings.csv,2026-07-27T23:38:01.086Z,
Alphabet Inc,GOOGL,,02079K305,,,1604.0,523802.24,3.9114180126890203,,,,,CQTM,2026-07-28,,,,,,,,,,,,,113168.0,2026-07-28T00:00:00.000Z,326.5600,13194106.00,565000.00,113.0,,Corgi_Adv.40C8.C8_ETF_Holdings.csv,2026-07-27T23:38:01.086Z,
Horizon Quantum Holdings LTD,HQ,,Y4000A102,,,32489.0,403513.38,3.0131782233176967,,,,,CQTM,2026-07-28,,,,,,,,,,,,,113170.0,2026-07-28T00:00:00.000Z,12.4200,13194106.00,565000.00,113.0,,Corgi_Adv.40C8.C8_ETF_Holdings.csv,2026-07-27T23:38:01.086Z,
International Business Machines Corp,IBM,,459200101,,,2325.0,502851.0,3.754967636447463,,,,,CQTM,2026-07-28,,,,,,,,,,,,,113171.0,2026-07-28T00:00:00.000Z,216.2800,13194106.00,565000.00,113.0,,Corgi_Adv.40C8.C8_ETF_Holdings.csv,2026-07-27T23:38:01.086Z,
Honeywell International Inc,HON,,438516205,,,2303.0,565962.25,4.226241833467545,,,,,CQTM,2026-07-28,,,,,,,,,,,,,113169.0,2026-07-28T00:00:00.000Z,245.7500,13194106.00,565000.00,113.0,,Corgi_Adv.40C8.C8_ETF_Holdings.csv,2026-07-27T23:38:01.086Z,
IonQ Inc,IONQ,,46222L108,,,60630.0,2177829.6,16.262629816182773,,,,,CQTM,2026-07-28,,,,,,,,,,,,,113173.0,2026-07-28T00:00:00.000Z,35.9200,13194106.00,565000.00,113.0,,Corgi_Adv.40C8.C8_ETF_Holdings.csv,2026-07-27T23:38:01.086Z,
Quantinuum Inc,QNT,,74768A104,,,20404.0,1077943.32,8.0493869566228,,,,,CQTM,2026-07-28,,,,,,,,,,,,,113178.0,2026-07-28T00:00:00.000Z,52.8300,13194106.00,565000.00,113.0,,Corgi_Adv.40C8.C8_ETF_Holdings.csv,2026-07-27T23:38:01.086Z,
IQM Quantum Computers Oyj,IQMX,,462921107,,,45488.0,491270.4,3.668491168844449,,,,,CQTM,2026-07-28,,,,,,,,,,,,,113174.0,2026-07-28T00:00:00.000Z,10.8000,13194106.00,565000.00,113.0,,Corgi_Adv.40C8.C8_ETF_Holdings.csv,2026-07-27T23:38:01.086Z,
Rigetti Computing Inc,RGTI,,76655K103,,,63973.0,1000537.72,7.471371753551119,,,,,CQTM,2026-07-28,,,,,,,,,,,,,113180.0,2026-07-28T00:00:00.000Z,15.6400,13194106.00,565000.00,113.0,,Corgi_Adv.40C8.C8_ETF_Holdings.csv,2026-07-27T23:38:01.086Z,
Quantum Computing Inc,QUBT,,74766W108,,,77744.0,618842.24,4.621115565578379,,,,,CQTM,2026-07-28,,,,,,,,,,,,,113179.0,2026-07-28T00:00:00.000Z,7.9600,13194106.00,565000.00,113.0,,Corgi_Adv.40C8.C8_ETF_Holdings.csv,2026-07-27T23:38:01.086Z,
SkyWater Technology Inc,SKYT,,83089J108,,,12684.0,400687.56,2.9920768182366166,,,,,CQTM,2026-07-28,,,,,,,,,,,,,113181.0,2026-07-28T00:00:00.000Z,31.5900,13194106.00,565000.00,113.0,,Corgi_Adv.40C8.C8_ETF_Holdings.csv,2026-07-27T23:38:01.086Z,
Quantum Emotion Corp,QNC,,74767K103,,,258544.0,579138.56,4.324634036362237,,,,,CQTM,2026-07-28,,,,,,,,,,,,,113177.0,2026-07-28T00:00:00.000Z,2.2400,13194106.00,565000.00,113.0,,Corgi_Adv.40C8.C8_ETF_Holdings.csv,2026-07-27T23:38:01.086Z,
D-Wave Quantum Inc,QBTS,,26740W109,,,77890.0,1519633.9,11.347647938948993,,,,,CQTM,2026-07-28,,,,,,,,,,,,,113176.0,2026-07-28T00:00:00.000Z,19.5100,13194106.00,565000.00,113.0,,Corgi_Adv.40C8.C8_ETF_Holdings.csv,2026-07-27T23:38:01.086Z,
SEALSQ Corp,LAES,,G79483106,,,126685.0,314178.8,2.3460850750180473,,,,,CQTM,2026-07-28,,,,,,,,,,,,,113175.0,2026-07-28T00:00:00.000Z,2.4800,13194106.00,565000.00,113.0,,Corgi_Adv.40C8.C8_ETF_Holdings.csv,2026-07-27T23:38:01.086Z,
Honeywell Aerospace Inc,HONA,,43849R105,,,976.0,197610.72,1.475629676017511,,,,,CQTM,2026-07-28,,,,,,,,,,,,,100384.0,2026-07-21T00:00:00.000Z,202.4700,13037262.00,565000.00,113.0,,Corgi_Adv.40C8.C8_ETF_Holdings.csv,2026-07-20T23:38:00.951Z,
Honeywell Aerospace Inc,HONAV,,43849R105,,,1479.0,0.0,0.0,,,,,CQTM,2026-07-28,,,,,,,,,,,,,61001.0,2026-06-29T00:00:00.000Z,0.0000,15108750.00,510000.00,102.0,,Corgi_Adv.40C8.C8_ETF_Holdings.csv,2026-06-26T23:53:00.381Z,
Akamai Technologies Inc,AKAM,,00971T101,,,1008.0,113752.8,3.965281318507699,,,,,XA,2026-07-28,,,,,,,,,,,,,114546.0,2026-07-28T00:00:00.000Z,112.8500,2868744.00,80000.00,16.0,,Corgi_Adv.40C8.C8_ETF_Holdings.csv,2026-07-27T23:38:01.086Z,
Cloudflare Inc,NET,,18915M107,,,480.0,127492.8,4.444240652399223,,,,,XA,2026-07-28,,,,,,,,,,,,,114558.0,2026-07-28T00:00:00.000Z,265.6100,2868744.00,80000.00,16.0,,Corgi_Adv.40C8.C8_ETF_Holdings.csv,2026-07-27T23:38:01.086Z,
Cash & Other,Cash&Other,,Cash&Other,,,-720.7,-720.7,-0.02512270683665368,,,,,XA,2026-07-28,,,,,,,,,,,,,114572.0,2026-07-28T00:00:00.000Z,1.0000,2868744.00,80000.00,16.0,Y,Corgi_Adv.40C8.C8_ETF_Holdings.csv,2026-07-27T23:38:01.086Z,
Tenable Holdings Inc,TENB,,88025T102,,,2640.0,85641.6,2.9853598027222974,,,,,XA,2026-07-28,,,,,,,,,,,,,114568.0,2026-07-28T00:00:00.000Z,32.4400,2868744.00,80000.00,16.0,,Corgi_Adv.40C8.C8_ETF_Holdings.csv,2026-07-27T23:38:01.086Z,
SailPoint Inc,SAIL,,78781J109,,,3520.0,53996.8,1.8822613799325953,,,,,XA,2026-07-28,,,,,,,,,,,,,114567.0,2026-07-28T00:00:00.000Z,15.3400,2868744.00,80000.00,16.0,,Corgi_Adv.40C8.C8_ETF_Holdings.csv,2026-07-27T23:38:01.086Z,
Telos Corp,TLS,,87969B101,,,6656.0,30817.28,1.0742521034314843,,,,,XA,2026-07-28,,,,,,,,,,,,,114569.0,2026-07-28T00:00:00.000Z,4.6300,2868744.00,80000.00,16.0,,Corgi_Adv.40C8.C8_ETF_Holdings.csv,2026-07-27T23:38:01.086Z,
Rapid7 Inc,RPD,,753422104,,,5120.0,49254.4,1.7169472063483764,,,,,XA,2026-07-28,,,,,,,,,,,,,114566.0,2026-07-28T00:00:00.000Z,9.6200,2868744.00,80000.00,16.0,,Corgi_Adv.40C8.C8_ETF_Holdings.csv,2026-07-27T23:38:01.086Z,
Radware Ltd,RDWR,,M81873107,,,1568.0,45942.4,1.6014950001002886,,,,,XA,2026-07-28,,,,,,,,,,,,,114565.0,2026-07-28T00:00:00.000Z,29.3000,2868744.00,80000.00,16.0,,Corgi_Adv.40C8.C8_ETF_Holdings.csv,2026-07-27T23:38:01.086Z,
Rubrik Inc,RBRK,,781154109,,,1504.0,112529.28,3.922630931011123,,,,,XA,2026-07-28,,,,,,,,,,,,,114564.0,2026-07-28T00:00:00.000Z,74.8200,2868744.00,80000.00,16.0,,Corgi_Adv.40C8.C8_ETF_Holdings.csv,2026-07-27T23:38:01.086Z,
Qualys Inc,QLYS,,74758T303,,,720.0,97048.8,3.3830006261260386,,,,,XA,2026-07-28,,,,,,,,,,,,,114563.0,2026-07-28T00:00:00.000Z,134.7900,2868744.00,80000.00,16.0,,Corgi_Adv.40C8.C8_ETF_Holdings.csv,2026-07-27T23:38:01.086Z,
Palo Alto Networks Inc,PANW,,697435105,,,1184.0,375706.88,13.096675180732376,,,,,XA,2026-07-28,,,,,,,,,,,,,114562.0,2026-07-28T00:00:00.000Z,317.3200,2868744.00,80000.00,16.0,,Corgi_Adv.40C8.C8_ETF_Holdings.csv,2026-07-27T23:38:01.086Z,
OneSpan Inc,OSPN,,68287N100,,,2896.0,43874.4,1.529407088711084,,,,,XA,2026-07-28,,,,,,,,,,,,,114561.0,2026-07-28T00:00:00.000Z,15.1500,2868744.00,80000.00,16.0,,Corgi_Adv.40C8.C8_ETF_Holdings.csv,2026-07-27T23:38:01.086Z,
Okta Inc,OKTA,,679295105,,,1264.0,173711.52,6.055367824489388,,,,,XA,2026-07-28,,,,,,,,,,,,,114560.0,2026-07-28T00:00:00.000Z,137.4300,2868744.00,80000.00,16.0,,Corgi_Adv.40C8.C8_ETF_Holdings.csv,2026-07-27T23:38:01.086Z,
Netskope Inc,NTSK,,64119N608,,,2272.0,27127.68,0.9456372301908607,,,,,XA,2026-07-28,,,,,,,,,,,,,114559.0,2026-07-28T00:00:00.000Z,11.9400,2868744.00,80000.00,16.0,,Corgi_Adv.40C8.C8_ETF_Holdings.csv,2026-07-27T23:38:01.086Z,
Arqit Quantum Inc,ARQQ,,G0567U127,,,1712.0,31124.16,1.0849495590635534,,,,,XA,2026-07-28,,,,,,,,,,,,,114547.0,2026-07-28T00:00:00.000Z,18.1800,2868744.00,80000.00,16.0,,Corgi_Adv.40C8.C8_ETF_Holdings.csv,2026-07-27T23:38:01.086Z,
GEN DIGITAL INC,GEN,,668771108,,,4544.0,121506.56,4.235567761357389,,,,,XA,2026-07-28,,,,,,,,,,,,,114557.0,2026-07-28T00:00:00.000Z,26.7400,2868744.00,80000.00,16.0,,Corgi_Adv.40C8.C8_ETF_Holdings.csv,2026-07-27T23:38:01.086Z,
Datadog Inc,DDOG,,23804L103,,,768.0,193428.48,6.742676560149202,,,,,XA,2026-07-28,,,,,,,,,,,,,114552.0,2026-07-28T00:00:00.000Z,251.8600,2868744.00,80000.00,16.0,,Corgi_Adv.40C8.C8_ETF_Holdings.csv,2026-07-27T23:38:01.086Z,
A10 Networks Inc,ATEN,,2121101,,,1824.0,61049.28,2.128102073024538,,,,,XA,2026-07-28,,,,,,,,,,,,,114548.0,2026-07-28T00:00:00.000Z,33.4700,2868744.00,80000.00,16.0,,Corgi_Adv.40C8.C8_ETF_Holdings.csv,2026-07-27T23:38:01.086Z,
CACI International Inc,CACI,,127190304,,,192.0,95210.88,3.3189330177602514,,,,,XA,2026-07-28,,,,,,,,,,,,,114549.0,2026-07-28T00:00:00.000Z,495.8900,2868744.00,80000.00,16.0,,Corgi_Adv.40C8.C8_ETF_Holdings.csv,2026-07-27T23:38:01.086Z,
Check Point Software Technologies Ltd,CHKP,,M22465104,,,672.0,89208.0,3.109680076986543,,,,,XA,2026-07-28,,,,,,,,,,,,,114550.0,2026-07-28T00:00:00.000Z,132.7500,2868744.00,80000.00,16.0,,Corgi_Adv.40C8.C8_ETF_Holdings.csv,2026-07-27T23:38:01.086Z,
Crowdstrike Holdings Inc,CRWD,,22788C105,,,1664.0,299703.04,10.447275720790746,,,,,XA,2026-07-28,,,,,,,,,,,,,114551.0,2026-07-28T00:00:00.000Z,180.1100,2868744.00,80000.00,16.0,,Corgi_Adv.40C8.C8_ETF_Holdings.csv,2026-07-27T23:38:01.086Z,
Varonis Systems Inc,VRNS,,922280102,,,2320.0,108274.4,3.7743110990905713,,,,,XA,2026-07-28,,,,,,,,,,,,,114570.0,2026-07-28T00:00:00.000Z,46.6700,2868744.00,80000.00,16.0,,Corgi_Adv.40C8.C8_ETF_Holdings.csv,2026-07-27T23:38:01.086Z,
Elastic NV,ESTC,,N14506104,,,1504.0,92104.96,3.210664504345378,,,,,XA,2026-07-28,,,,,,,,,,,,,114553.0,2026-07-28T00:00:00.000Z,61.2400,2868744.00,80000.00,16.0,,Corgi_Adv.40C8.C8_ETF_Holdings.csv,2026-07-27T23:38:01.086Z,
First American Government Obligations Fund 12/01/2031,FGXXX,,31846V336,,,31145.68,31145.68,1.0856997195341027,,,,,XA,2026-07-28,,,,,,,,,,,,,114555.0,2026-07-28T00:00:00.000Z,100.0000,2868744.00,80000.00,16.0,Y,Corgi_Adv.40C8.C8_ETF_Holdings.csv,2026-07-27T23:38:01.086Z,
Zscaler Inc,ZS,,98980G102,,,704.0,103699.2,3.6148253098314376,,,,,XA,2026-07-28,,,,,,,,,,,,,114571.0,2026-07-28T00:00:00.000Z,147.3000,2868744.00,80000.00,16.0,,Corgi_Adv.40C8.C8_ETF_Holdings.csv,2026-07-27T23:38:01.086Z,
Fortinet Inc,FTNT,,34959E109,,,1152.0,175541.76,6.119167717594311,,,,,XA,2026-07-28,,,,,,,,,,,,,114556.0,2026-07-28T00:00:00.000Z,152.3800,2868744.00,80000.00,16.0,,Corgi_Adv.40C8.C8_ETF_Holdings.csv,2026-07-27T23:38:01.086Z,
F5 Inc,FFIV,,315616102,,,320.0,130547.2,4.550713242605793,,,,,XA,2026-07-28,,,,,,,,,,,,,114554.0,2026-07-28T00:00:00.000Z,407.9600,2868744.00,80000.00,16.0,,Corgi_Adv.40C8.C8_ETF_Holdings.csv,2026-07-27T23:38:01.086Z,
ADT Inc,ADT,,00090Q103,,,8750.0,62562.5,1.9017918373388998,,,,,EYES,2026-07-28,,,,,,,,,,,,,113461.0,2026-07-28T00:00:00.000Z,7.1500,3289687.50,125000.00,25.0,,Corgi_Adv.40C8.C8_ETF_Holdings.csv,2026-07-27T23:38:01.086Z,
Motorola Solutions Inc,MSI,,620076307,,,525.0,222495.0,6.763463334245251,,,,,EYES,2026-07-28,,,,,,,,,,,,,113480.0,2026-07-28T00:00:00.000Z,423.8000,3289687.50,125000.00,25.0,,Corgi_Adv.40C8.C8_ETF_Holdings.csv,2026-07-27T23:38:01.086Z,
OSI Systems Inc,OSIS,,671044105,,,250.0,54325.0,1.6513860789360357,,,,,EYES,2026-07-28,,,,,,,,,,,,,113482.0,2026-07-28T00:00:00.000Z,217.3000,3289687.50,125000.00,25.0,,Corgi_Adv.40C8.C8_ETF_Holdings.csv,2026-07-27T23:38:01.086Z,
Impinj Inc,PI,,453204109,,,475.0,61887.75,1.8812806038964316,,,,,EYES,2026-07-28,,,,,,,,,,,,,113483.0,2026-07-28T00:00:00.000Z,130.2900,3289687.50,125000.00,25.0,,Corgi_Adv.40C8.C8_ETF_Holdings.csv,2026-07-27T23:38:01.086Z,
Planet Labs PBC,PL,,72703X106,,,2500.0,52500.0,1.5959092341305454,,,,,EYES,2026-07-28,,,,,,,,,,,,,113484.0,2026-07-28T00:00:00.000Z,21.0000,3289687.50,125000.00,25.0,,Corgi_Adv.40C8.C8_ETF_Holdings.csv,2026-07-27T23:38:01.086Z,
Palantir Technologies Inc,PLTR,,69608A108,,,3075.0,404454.75,12.294725148818308,,,,,EYES,2026-07-28,,,,,,,,,,,,,113485.0,2026-07-28T00:00:00.000Z,131.5300,3289687.50,125000.00,25.0,,Corgi_Adv.40C8.C8_ETF_Holdings.csv,2026-07-27T23:38:01.086Z,
Riskified Ltd,RSKD,,M8216R109,,,5000.0,26250.0,0.7979546170652727,,,,,EYES,2026-07-28,,,,,,,,,,,,,113486.0,2026-07-28T00:00:00.000Z,5.2500,3289687.50,125000.00,25.0,,Corgi_Adv.40C8.C8_ETF_Holdings.csv,2026-07-27T23:38:01.086Z,
Satellogic Inc,SATL,,80401C100,,,4600.0,16284.0,0.49500544702060567,,,,,EYES,2026-07-28,,,,,,,,,,,,,113488.0,2026-07-28T00:00:00.000Z,3.5400,3289687.50,125000.00,25.0,,Corgi_Adv.40C8.C8_ETF_Holdings.csv,2026-07-27T23:38:01.086Z,
Spire Global Inc,SPIR,,848560306,,,1550.0,17313.5,0.5263004671451276,,,,,EYES,2026-07-28,,,,,,,,,,,,,113489.0,2026-07-28T00:00:00.000Z,11.1700,3289687.50,125000.00,25.0,,Corgi_Adv.40C8.C8_ETF_Holdings.csv,2026-07-27T23:38:01.086Z,
Teledyne Technologies Inc,TDY,,879360105,,,250.0,162912.5,4.952258344862714,,,,,EYES,2026-07-28,,,,,,,,,,,,,113490.0,2026-07-28T00:00:00.000Z,651.6500,3289687.50,125000.00,25.0,,Corgi_Adv.40C8.C8_ETF_Holdings.csv,2026-07-27T23:38:01.086Z,
Trimble Inc,TRMB,,896239100,,,1775.0,98991.75,3.009178055766522,,,,,EYES,2026-07-28,,,,,,,,,,,,,113491.0,2026-07-28T00:00:00.000Z,55.7700,3289687.50,125000.00,25.0,,Corgi_Adv.40C8.C8_ETF_Holdings.csv,2026-07-27T23:38:01.086Z,
Tyler Technologies Inc,TYL,,902252105,,,350.0,110558.0,3.360772059181044,,,,,EYES,2026-07-28,,,,,,,,,,,,,113492.0,2026-07-28T00:00:00.000Z,315.8800,3289687.50,125000.00,25.0,,Corgi_Adv.40C8.C8_ETF_Holdings.csv,2026-07-27T23:38:01.086Z,
Varonis Systems Inc,VRNS,,922280102,,,2250.0,105007.5,3.192046455294538,,,,,EYES,2026-07-28,,,,,,,,,,,,,113493.0,2026-07-28T00:00:00.000Z,46.6700,3289687.50,125000.00,25.0,,Corgi_Adv.40C8.C8_ETF_Holdings.csv,2026-07-27T23:38:01.086Z,
Clear Secure Inc,YOU,,18467V109,,,1300.0,69199.0,2.103529963668564,,,,,EYES,2026-07-28,,,,,,,,,,,,,113494.0,2026-07-28T00:00:00.000Z,53.2300,3289687.50,125000.00,25.0,,Corgi_Adv.40C8.C8_ETF_Holdings.csv,2026-07-27T23:38:01.086Z,
Zebra Technologies Corp,ZBRA,,989207105,,,450.0,119065.5,3.6193853507880083,,,,,EYES,2026-07-28,,,,,,,,,,,,,113495.0,2026-07-28T00:00:00.000Z,264.5900,3289687.50,125000.00,25.0,,Corgi_Adv.40C8.C8_ETF_Holdings.csv,2026-07-27T23:38:01.086Z,
Cash & Other,Cash&Other,,Cash&Other,,,-757.97,-757.97,-0.023040977565598655,,,,,EYES,2026-07-28,,,,,,,,,,,,,113496.0,2026-07-28T00:00:00.000Z,1.0000,3289687.50,125000.00,25.0,Y,Corgi_Adv.40C8.C8_ETF_Holdings.csv,2026-07-27T23:38:01.086Z,
Powerfleet Inc NJ,AIOT,,73931J109,,,7650.0,29376.0,0.8929796126060742,,,,,EYES,2026-07-28,,,,,,,,,,,,,113462.0,2026-07-28T00:00:00.000Z,3.8400,3289687.50,125000.00,25.0,,Corgi_Adv.40C8.C8_ETF_Holdings.csv,2026-07-27T23:38:01.086Z,
NIQ Global Intelligence Plc,NIQ,,G63755105,,,3400.0,37638.0,1.1441301286515326,,,,,EYES,2026-07-28,,,,,,,,,,,,,113481.0,2026-07-28T00:00:00.000Z,11.0700,3289687.50,125000.00,25.0,,Corgi_Adv.40C8.C8_ETF_Holdings.csv,2026-07-27T23:38:01.086Z,
SailPoint Inc,SAIL,,78781J109,,,3075.0,47170.5,1.4339016481629503,,,,,EYES,2026-07-28,,,,,,,,,,,,,113487.0,2026-07-28T00:00:00.000Z,15.3400,3289687.50,125000.00,25.0,,Corgi_Adv.40C8.C8_ETF_Holdings.csv,2026-07-27T23:38:01.086Z,
Mitek Systems Inc,MITK,,606710200,,,2150.0,36571.5,1.1117103724953379,,,,,EYES,2026-07-28,,,,,,,,,,,,,113479.0,2026-07-28T00:00:00.000Z,17.0100,3289687.50,125000.00,25.0,,Corgi_Adv.40C8.C8_ETF_Holdings.csv,2026-07-27T23:38:01.086Z,
Datadog Inc,DDOG,,23804L103,,,1200.0,302232.0,9.187330279042722,,,,,EYES,2026-07-28,,,,,,,,,,,,,113470.0,2026-07-28T00:00:00.000Z,251.8600,3289687.50,125000.00,25.0,,Corgi_Adv.40C8.C8_ETF_Holdings.csv,2026-07-27T23:38:01.086Z,
L3Harris Technologies Inc,LHX,,502431109,,,500.0,151740.0,4.61263366070417,,,,,EYES,2026-07-28,,,,,,,,,,,,,113478.0,2026-07-28T00:00:00.000Z,303.4800,3289687.50,125000.00,25.0,,Corgi_Adv.40C8.C8_ETF_Holdings.csv,2026-07-27T23:38:01.086Z,
Booz Allen Hamilton Holding Corp,BAH,,99502106,,,1225.0,87759.0,2.6677218757726195,,,,,EYES,2026-07-28,,,,,,,,,,,,,113464.0,2026-07-28T00:00:00.000Z,71.6400,3289687.50,125000.00,25.0,,Corgi_Adv.40C8.C8_ETF_Holdings.csv,2026-07-27T23:38:01.086Z,
BIGBEAR.AI HOLDINGS INC,BBAI,,08975B109,,,12800.0,36224.0,1.10114697327895,,,,,EYES,2026-07-28,,,,,,,,,,,,,113465.0,2026-07-28T00:00:00.000Z,2.8300,3289687.50,125000.00,25.0,,Corgi_Adv.40C8.C8_ETF_Holdings.csv,2026-07-27T23:38:01.086Z,
BlackSky Technology Inc,BKSY,,09263B207,,,1050.0,23173.5,0.7044343359452228,,,,,EYES,2026-07-28,,,,,,,,,,,,,113466.0,2026-07-28T00:00:00.000Z,22.0700,3289687.50,125000.00,25.0,,Corgi_Adv.40C8.C8_ETF_Holdings.csv,2026-07-27T23:38:01.086Z,
CACI International Inc,CACI,,127190304,,,200.0,99178.0,3.0148397337637944,,,,,EYES,2026-07-28,,,,,,,,,,,,,113467.0,2026-07-28T00:00:00.000Z,495.8900,3289687.50,125000.00,25.0,,Corgi_Adv.40C8.C8_ETF_Holdings.csv,2026-07-27T23:38:01.086Z,
Cognyte Software Ltd,CGNT,,M25133105,,,3125.0,27218.75,0.827402942218872,,,,,EYES,2026-07-28,,,,,,,,,,,,,113468.0,2026-07-28T00:00:00.000Z,8.7100,3289687.50,125000.00,25.0,,Corgi_Adv.40C8.C8_ETF_Holdings.csv,2026-07-27T23:38:01.086Z,
Cellebrite DI Ltd,CLBT,,M2197Q107,,,3800.0,55632.0,1.6911166192981046,,,,,EYES,2026-07-28,,,,,,,,,,,,,113469.0,2026-07-28T00:00:00.000Z,14.6400,3289687.50,125000.00,25.0,,Corgi_Adv.40C8.C8_ETF_Holdings.csv,2026-07-27T23:38:01.086Z,
Axon Enterprise Inc,AXON,,05464C101,,,400.0,210192.0,6.38947340457843,,,,,EYES,2026-07-28,,,,,,,,,,,,,113463.0,2026-07-28T00:00:00.000Z,525.4800,3289687.50,125000.00,25.0,,Corgi_Adv.40C8.C8_ETF_Holdings.csv,2026-07-27T23:38:01.086Z,
Digi International Inc,DGII,,253798102,,,850.0,57536.5,1.7490101266581355,,,,,EYES,2026-07-28,,,,,,,,,,,,,113471.0,2026-07-28T00:00:00.000Z,67.6900,3289687.50,125000.00,25.0,,Corgi_Adv.40C8.C8_ETF_Holdings.csv,2026-07-27T23:38:01.086Z,
Elastic NV,ESTC,,N14506104,,,1550.0,94922.0,2.8854646918502787,,,,,EYES,2026-07-28,,,,,,,,,,,,,113473.0,2026-07-28T00:00:00.000Z,61.2400,3289687.50,125000.00,25.0,,Corgi_Adv.40C8.C8_ETF_Holdings.csv,2026-07-27T23:38:01.086Z,
First American Government Obligations Fund 12/01/2031,FGXXX,,31846V336,,,48452.49,48452.49,1.4728719277641504,,,,,EYES,2026-07-28,,,,,,,,,,,,,113474.0,2026-07-28T00:00:00.000Z,100.0000,3289687.50,125000.00,25.0,Y,Corgi_Adv.40C8.C8_ETF_Holdings.csv,2026-07-27T23:38:01.086Z,
Identiv Inc,INVE,,45170X205,,,3325.0,9010.75,0.27391122155127257,,,,,EYES,2026-07-28,,,,,,,,,,,,,113475.0,2026-07-28T00:00:00.000Z,2.7100,3289687.50,125000.00,25.0,,Corgi_Adv.40C8.C8_ETF_Holdings.csv,2026-07-27T23:38:01.086Z,
Samsara Inc,IOT,,79589L106,,,3400.0,120156.0,3.652534665451234,,,,,EYES,2026-07-28,,,,,,,,,,,,,113476.0,2026-07-28T00:00:00.000Z,35.3400,3289687.50,125000.00,25.0,,Corgi_Adv.40C8.C8_ETF_Holdings.csv,2026-07-27T23:38:01.086Z,
Leidos Holdings Inc,LDOS,,525327102,,,900.0,103455.0,3.144853139370963,,,,,EYES,2026-07-28,,,,,,,,,,,,,113477.0,2026-07-28T00:00:00.000Z,114.9500,3289687.50,125000.00,25.0,,Corgi_Adv.40C8.C8_ETF_Holdings.csv,2026-07-27T23:38:01.086Z,
Dynatrace Inc,DT,,268150109,,,2950.0,128974.0,3.9205866202429136,,,,,EYES,2026-07-28,,,,,,,,,,,,,113472.0,2026-07-28T00:00:00.000Z,43.7200,3289687.50,125000.00,25.0,,Corgi_Adv.40C8.C8_ETF_Holdings.csv,2026-07-27T23:38:01.086Z,
Oportun Financial Corp,OPRT,,68376D104,,,204.0,1164.84,0.2997876748465468,,,,,KYC,2026-07-28,,,,,,,,,,,,,113855.0,2026-07-28T00:00:00.000Z,5.7100,388558.50,15000.00,3.0,,Corgi_Adv.40C8.C8_ETF_Holdings.csv,2026-07-27T23:38:01.086Z,
Inter & Co Inc,INTR,,G4R20B107,,,438.0,2435.28,0.6267529693351006,,,,,KYC,2026-07-28,,,,,,,,,,,,,113843.0,2026-07-28T00:00:00.000Z,5.5600,388558.50,15000.00,3.0,,Corgi_Adv.40C8.C8_ETF_Holdings.csv,2026-07-27T23:38:01.086Z,
Dlocal Ltd/Uruguay,DLO,,G29018101,,,192.0,2872.32,0.7392312542625883,,,,,KYC,2026-07-28,,,,,,,,,,,,,113830.0,2026-07-28T00:00:00.000Z,14.9600,388558.50,15000.00,3.0,,Corgi_Adv.40C8.C8_ETF_Holdings.csv,2026-07-27T23:38:01.086Z,
Equifax Inc,EFX,,294429105,,,51.0,9042.81,2.3272921465429603,,,,,KYC,2026-07-28,,,,,,,,,,,,,113831.0,2026-07-28T00:00:00.000Z,177.3100,388558.50,15000.00,3.0,,Corgi_Adv.40C8.C8_ETF_Holdings.csv,2026-07-27T23:38:01.086Z,
Etoro Group Ltd,ETOR,,G32089107,,,81.0,3062.61,0.788205016020898,,,,,KYC,2026-07-28,,,,,,,,,,,,,113832.0,2026-07-28T00:00:00.000Z,37.8100,388558.50,15000.00,3.0,,Corgi_Adv.40C8.C8_ETF_Holdings.csv,2026-07-27T23:38:01.086Z,
First American Government Obligations Fund 12/01/2031,FGXXX,,31846V336,,,2242.45,2242.45,0.5771255034679775,,,,,KYC,2026-07-28,,,,,,,,,,,,,113833.0,2026-07-28T00:00:00.000Z,100.0000,388558.50,15000.00,3.0,Y,Corgi_Adv.40C8.C8_ETF_Holdings.csv,2026-07-27T23:38:01.086Z,
Fair Isaac Corp,FICO,,303250104,,,9.0,11525.13,2.9661515100822275,,,,,KYC,2026-07-28,,,,,,,,,,,,,113834.0,2026-07-28T00:00:00.000Z,1280.5700,388558.50,15000.00,3.0,,Corgi_Adv.40C8.C8_ETF_Holdings.csv,2026-07-27T23:38:01.086Z,
Fidelity National Information Services Inc,FIS,,31620M106,,,198.0,8545.68,2.1993488695294103,,,,,KYC,2026-07-28,,,,,,,,,,,,,113835.0,2026-07-28T00:00:00.000Z,43.1600,388558.50,15000.00,3.0,,Corgi_Adv.40C8.C8_ETF_Holdings.csv,2026-07-27T23:38:01.086Z,
Fiserv Inc,FISV,,337738108,,,156.0,8160.36,2.1001814414947693,,,,,KYC,2026-07-28,,,,,,,,,,,,,113836.0,2026-07-28T00:00:00.000Z,52.3100,388558.50,15000.00,3.0,,Corgi_Adv.40C8.C8_ETF_Holdings.csv,2026-07-27T23:38:01.086Z,
Flywire Corp,FLYW,,302492103,,,198.0,3195.72,0.8224627144162345,,,,,KYC,2026-07-28,,,,,,,,,,,,,113837.0,2026-07-28T00:00:00.000Z,16.1400,388558.50,15000.00,3.0,,Corgi_Adv.40C8.C8_ETF_Holdings.csv,2026-07-27T23:38:01.086Z,
Shift4 Payments Inc,FOUR,,82452J109,,,78.0,3897.66,1.0031166758888703,,,,,KYC,2026-07-28,,,,,,,,,,,,,113838.0,2026-07-28T00:00:00.000Z,49.9700,388558.50,15000.00,3.0,,Corgi_Adv.40C8.C8_ETF_Holdings.csv,2026-07-27T23:38:01.086Z,
Green Dot Corp,GDOT,,39304D102,,,162.0,2131.92,0.5486790801816989,,,,,KYC,2026-07-28,,,,,,,,,,,,,113839.0,2026-07-28T00:00:00.000Z,13.1600,388558.50,15000.00,3.0,,Corgi_Adv.40C8.C8_ETF_Holdings.csv,2026-07-27T23:38:01.086Z,
Global-e Online Ltd,GLBE,,M5216V106,,,132.0,4984.32,1.2827836471027265,,,,,KYC,2026-07-28,,,,,,,,,,,,,113840.0,2026-07-28T00:00:00.000Z,37.7600,388558.50,15000.00,3.0,,Corgi_Adv.40C8.C8_ETF_Holdings.csv,2026-07-27T23:38:01.086Z,
Robinhood Markets Inc,HOOD,,770700102,,,150.0,14347.5,3.69252744141756,,,,,KYC,2026-07-28,,,,,,,,,,,,,113842.0,2026-07-28T00:00:00.000Z,95.6500,388558.50,15000.00,3.0,,Corgi_Adv.40C8.C8_ETF_Holdings.csv,2026-07-27T23:38:01.086Z,
Intuit Inc,INTU,,461202103,,,42.0,12764.22,3.2850484487395604,,,,,KYC,2026-07-28,,,,,,,,,,,,,113844.0,2026-07-28T00:00:00.000Z,303.9100,388558.50,15000.00,3.0,,Corgi_Adv.40C8.C8_ETF_Holdings.csv,2026-07-27T23:38:01.086Z,
Circle Internet Group Inc,CRCL,,172573107,,,84.0,5516.28,1.4196909060493366,,,,,KYC,2026-07-28,,,,,,,,,,,,,113828.0,2026-07-28T00:00:00.000Z,65.6700,388558.50,15000.00,3.0,,Corgi_Adv.40C8.C8_ETF_Holdings.csv,2026-07-27T23:38:01.086Z,
Jack Henry & Associates Inc,JKHY,,426281101,,,45.0,6884.1,1.7717182895600365,,,,,KYC,2026-07-28,,,,,,,,,,,,,113845.0,2026-07-28T00:00:00.000Z,152.9800,388558.50,15000.00,3.0,,Corgi_Adv.40C8.C8_ETF_Holdings.csv,2026-07-27T23:38:01.086Z,
Kaspi.KZ JSC,KSPI,,48581R205,,,84.0,7264.32,1.8695731621006035,,,,,KYC,2026-07-28,,,,,,,,,,,,,113846.0,2026-07-28T00:00:00.000Z,86.4800,388558.50,15000.00,3.0,,Corgi_Adv.40C8.C8_ETF_Holdings.csv,2026-07-27T23:38:01.086Z,
Open Lending Corp,LPRO,,68373J104,,,582.0,1827.48,0.47032723810014027,,,,,KYC,2026-07-28,,,,,,,,,,,,,113847.0,2026-07-28T00:00:00.000Z,3.1400,388558.50,15000.00,3.0,,Corgi_Adv.40C8.C8_ETF_Holdings.csv,2026-07-27T23:38:01.086Z,
Mastercard Inc,MA,,57636Q104,,,57.0,31447.47,8.093441082986965,,,,,KYC,2026-07-28,,,,,,,,,,,,,113848.0,2026-07-28T00:00:00.000Z,551.7100,388558.50,15000.00,3.0,,Corgi_Adv.40C8.C8_ETF_Holdings.csv,2026-07-27T23:38:01.086Z,
MercadoLibre Inc,MELI,,58733R102,,,9.0,16377.66,4.215017179035143,,,,,KYC,2026-07-28,,,,,,,,,,,,,113849.0,2026-07-28T00:00:00.000Z,1819.7400,388558.50,15000.00,3.0,,Corgi_Adv.40C8.C8_ETF_Holdings.csv,2026-07-27T23:38:01.086Z,
Miami International Holdings Inc,MIAX,,59356Q108,,,84.0,3647.28,0.9386779220444983,,,,,KYC,2026-07-28,,,,,,,,,,,,,113850.0,2026-07-28T00:00:00.000Z,43.4200,388558.50,15000.00,3.0,,Corgi_Adv.40C8.C8_ETF_Holdings.csv,2026-07-27T23:38:01.086Z,
MARQETA INC,MQ,,57142B203,,,171.0,3009.6,0.7745621597971972,,,,,KYC,2026-07-28,,,,,,,,,,,,,113851.0,2026-07-28T00:00:00.000Z,17.6000,388558.50,15000.00,3.0,,Corgi_Adv.40C8.C8_ETF_Holdings.csv,2026-07-27T23:38:01.086Z,
nCino Inc,NCNO,,63947X101,,,165.0,2912.25,0.7495077916897221,,,,,KYC,2026-07-28,,,,,,,,,,,,,113852.0,2026-07-28T00:00:00.000Z,17.6500,388558.50,15000.00,3.0,,Corgi_Adv.40C8.C8_ETF_Holdings.csv,2026-07-27T23:38:01.086Z,
NerdWallet Inc,NRDS,,64082B102,,,141.0,1312.71,0.3378440632600275,,,,,KYC,2026-07-28,,,,,,,,,,,,,113853.0,2026-07-28T00:00:00.000Z,9.3100,388558.50,15000.00,3.0,,Corgi_Adv.40C8.C8_ETF_Holdings.csv,2026-07-27T23:38:01.086Z,
NU Holdings Ltd/Cayman Islands,NU,,G6683N103,,,849.0,12335.97,3.174832391810683,,,,,KYC,2026-07-28,,,,,,,,,,,,,113854.0,2026-07-28T00:00:00.000Z,14.5300,388558.50,15000.00,3.0,,Corgi_Adv.40C8.C8_ETF_Holdings.csv,2026-07-27T23:38:01.086Z,
Sea Ltd,SE,,81141R100,,,141.0,14718.99,3.7881355277888584,,,,,KYC,2026-07-28,,,,,,,,,,,,,113867.0,2026-07-28T00:00:00.000Z,104.3900,388558.50,15000.00,3.0,,Corgi_Adv.40C8.C8_ETF_Holdings.csv,2026-07-27T23:38:01.086Z,
OneSpan Inc,OSPN,,68287N100,,,141.0,2136.15,0.5497677291503134,,,,,KYC,2026-07-28,,,,,,,,,,,,,113856.0,2026-07-28T00:00:00.000Z,15.1500,388558.50,15000.00,3.0,,Corgi_Adv.40C8.C8_ETF_Holdings.csv,2026-07-27T23:38:01.086Z,
Dave Inc,DAVE,,23834J201,,,12.0,4867.8,1.2527956145204668,,,,,KYC,2026-07-28,,,,,,,,,,,,,113829.0,2026-07-28T00:00:00.000Z,405.6500,388558.50,15000.00,3.0,,Corgi_Adv.40C8.C8_ETF_Holdings.csv,2026-07-27T23:38:01.086Z,
Global Payments Inc,GPN,,37940X102,,,111.0,9330.66,2.4013743228114426,,,,,KYC,2026-07-28,,,,,,,,,,,,,113841.0,2026-07-28T00:00:00.000Z,84.0600,388558.50,15000.00,3.0,,Corgi_Adv.40C8.C8_ETF_Holdings.csv,2026-07-27T23:38:01.086Z,
Corpay Inc,CPAY,,219948106,,,27.0,10252.17,2.6385376587613076,,,,,KYC,2026-07-28,,,,,,,,,,,,,113827.0,2026-07-28T00:00:00.000Z,379.7100,388558.50,15000.00,3.0,,Corgi_Adv.40C8.C8_ETF_Holdings.csv,2026-07-27T23:38:01.086Z,
LendingTree Inc,TREE,,52603B107,,,33.0,1333.2,0.3431174479803374,,,,,KYC,2026-07-28,,,,,,,,,,,,,113871.0,2026-07-28T00:00:00.000Z,40.4000,388558.50,15000.00,3.0,,Corgi_Adv.40C8.C8_ETF_Holdings.csv,2026-07-27T23:38:01.086Z,
Coinbase Global Inc,COIN,,19260Q107,,,54.0,9044.46,2.3277167968498667,,,,,KYC,2026-07-28,,,,,,,,,,,,,113826.0,2026-07-28T00:00:00.000Z,167.4900,388558.50,15000.00,3.0,,Corgi_Adv.40C8.C8_ETF_Holdings.csv,2026-07-27T23:38:01.086Z,
Payoneer Global Inc,PAYO,,70451X104,,,537.0,3823.44,0.9840151329927552,,,,,KYC,2026-07-28,,,,,,,,,,,,,113858.0,2026-07-28T00:00:00.000Z,7.1200,388558.50,15000.00,3.0,,Corgi_Adv.40C8.C8_ETF_Holdings.csv,2026-07-27T23:38:01.086Z,
Pagaya Technologies Ltd,PGY,,M7S64L123,,,162.0,2747.52,0.7071122492311256,,,,,KYC,2026-07-28,,,,,,,,,,,,,113859.0,2026-07-28T00:00:00.000Z,16.9600,388558.50,15000.00,3.0,,Corgi_Adv.40C8.C8_ETF_Holdings.csv,2026-07-27T23:38:01.086Z,
Paysafe Ltd,PSFE,,G6964L206,,,138.0,1184.04,0.3047290602360026,,,,,KYC,2026-07-28,,,,,,,,,,,,,113860.0,2026-07-28T00:00:00.000Z,8.5800,388558.50,15000.00,3.0,,Corgi_Adv.40C8.C8_ETF_Holdings.csv,2026-07-27T23:38:01.086Z,
PayPal Holdings Inc,PYPL,,70450Y103,,,225.0,12615.75,3.2468376420326592,,,,,KYC,2026-07-28,,,,,,,,,,,,,113861.0,2026-07-28T00:00:00.000Z,56.0700,388558.50,15000.00,3.0,,Corgi_Adv.40C8.C8_ETF_Holdings.csv,2026-07-27T23:38:01.086Z,
Q2 Holdings Inc,QTWO,,74736L109,,,75.0,4361.25,1.122427970300215,,,,,KYC,2026-07-28,,,,,,,,,,,,,113862.0,2026-07-28T00:00:00.000Z,58.1500,388558.50,15000.00,3.0,,Corgi_Adv.40C8.C8_ETF_Holdings.csv,2026-07-27T23:38:01.086Z,
Remitly Global Inc,RELY,,75960P104,,,177.0,4010.82,1.0322399660279755,,,,,KYC,2026-07-28,,,,,,,,,,,,,113863.0,2026-07-28T00:00:00.000Z,22.6600,388558.50,15000.00,3.0,,Corgi_Adv.40C8.C8_ETF_Holdings.csv,2026-07-27T23:38:01.086Z,
Rocket Cos Inc,RKT,,77311W101,,,456.0,6151.44,1.5831581114642712,,,,,KYC,2026-07-28,,,,,,,,,,,,,113864.0,2026-07-28T00:00:00.000Z,13.4900,388558.50,15000.00,3.0,,Corgi_Adv.40C8.C8_ETF_Holdings.csv,2026-07-27T23:38:01.086Z,
Repay Holdings Corp,RPAY,,76029L100,,,324.0,1308.96,0.33687894892614945,,,,,KYC,2026-07-28,,,,,,,,,,,,,113865.0,2026-07-28T00:00:00.000Z,4.0400,388558.50,15000.00,3.0,,Corgi_Adv.40C8.C8_ETF_Holdings.csv,2026-07-27T23:38:01.086Z,
Riskified Ltd,RSKD,,M8216R109,,,306.0,1606.5,0.4134549806333723,,,,,KYC,2026-07-28,,,,,,,,,,,,,113866.0,2026-07-28T00:00:00.000Z,5.2500,388558.50,15000.00,3.0,,Corgi_Adv.40C8.C8_ETF_Holdings.csv,2026-07-27T23:38:01.086Z,
SoFi Technologies Inc,SOFI,,83406F102,,,453.0,7646.64,1.9679684986681423,,,,,KYC,2026-07-28,,,,,,,,,,,,,113868.0,2026-07-28T00:00:00.000Z,16.8800,388558.50,15000.00,3.0,,Corgi_Adv.40C8.C8_ETF_Holdings.csv,2026-07-27T23:38:01.086Z,
StoneCo Ltd,STNE,,G85158106,,,330.0,3593.7,0.924888368442048,,,,,KYC,2026-07-28,,,,,,,,,,,,,113869.0,2026-07-28T00:00:00.000Z,10.8900,388558.50,15000.00,3.0,,Corgi_Adv.40C8.C8_ETF_Holdings.csv,2026-07-27T23:38:01.086Z,
Toast Inc,TOST,,888787108,,,243.0,7494.12,1.9287153684806526,,,,,KYC,2026-07-28,,,,,,,,,,,,,113870.0,2026-07-28T00:00:00.000Z,30.8400,388558.50,15000.00,3.0,,Corgi_Adv.40C8.C8_ETF_Holdings.csv,2026-07-27T23:38:01.086Z,
Pagseguro Digital Ltd,PAGS,,G68707101,,,306.0,2870.28,0.7387062320649587,,,,,KYC,2026-07-28,,,,,,,,,,,,,113857.0,2026-07-28T00:00:00.000Z,9.3800,388558.50,15000.00,3.0,,Corgi_Adv.40C8.C8_ETF_Holdings.csv,2026-07-27T23:38:01.086Z,
Upstart Holdings Inc,UPST,,91680M107,,,102.0,2803.98,0.7216430106419941,,,,,KYC,2026-07-28,,,,,,,,,,,,,113872.0,2026-07-28T00:00:00.000Z,27.4900,388558.50,15000.00,3.0,,Corgi_Adv.40C8.C8_ETF_Holdings.csv,2026-07-27T23:38:01.086Z,
Cash & Other,Cash&Other,,Cash&Other,,,-119.22,-119.22,-0.030682914902652132,,,,,KYC,2026-07-28,,,,,,,,,,,,,113878.0,2026-07-28T00:00:00.000Z,1.0000,388558.50,15000.00,3.0,Y,Corgi_Adv.40C8.C8_ETF_Holdings.csv,2026-07-27T23:38:01.086Z,
Chime Financial Inc,CHYM,,16935C109,,,213.0,4656.18,1.1983322824310587,,,,,KYC,2026-07-28,,,,,,,,,,,,,113825.0,2026-07-28T00:00:00.000Z,21.8600,388558.50,15000.00,3.0,,Corgi_Adv.40C8.C8_ETF_Holdings.csv,2026-07-27T23:38:01.086Z,
Broadridge Financial Solutions Inc,BR,,11133T103,,,54.0,8250.12,2.1232824181904753,,,,,KYC,2026-07-28,,,,,,,,,,,,,113824.0,2026-07-28T00:00:00.000Z,152.7800,388558.50,15000.00,3.0,,Corgi_Adv.40C8.C8_ETF_Holdings.csv,2026-07-27T23:38:01.086Z,
BILL Holdings Inc,BILL,,90043100,,,108.0,4849.2,1.2480086474244316,,,,,KYC,2026-07-28,,,,,,,,,,,,,113823.0,2026-07-28T00:00:00.000Z,44.9000,388558.50,15000.00,3.0,,Corgi_Adv.40C8.C8_ETF_Holdings.csv,2026-07-27T23:38:01.086Z,
Affirm Holdings Inc,AFRM,,00827B106,,,108.0,7889.4,2.030446140186074,,,,,KYC,2026-07-28,,,,,,,,,,,,,113821.0,2026-07-28T00:00:00.000Z,73.0500,388558.50,15000.00,3.0,,Corgi_Adv.40C8.C8_ETF_Holdings.csv,2026-07-27T23:38:01.086Z,
Ally Financial Inc,ALLY,,02005N100,,,147.0,6420.96,1.6525228088687574,,,,,KYC,2026-07-28,,,,,,,,,,,,,113822.0,2026-07-28T00:00:00.000Z,43.6800,388558.50,15000.00,3.0,,Corgi_Adv.40C8.C8_ETF_Holdings.csv,2026-07-27T23:38:01.086Z,
Block Inc,XYZ,,852234103,,,141.0,11454.84,2.948061407008017,,,,,KYC,2026-07-28,,,,,,,,,,,,,113877.0,2026-07-28T00:00:00.000Z,81.2400,388558.50,15000.00,3.0,,Corgi_Adv.40C8.C8_ETF_Holdings.csv,2026-07-27T23:38:01.086Z,
Western Union Co/The,WU,,959802109,,,411.0,3357.87,0.864194258213123,,,,,KYC,2026-07-28,,,,,,,,,,,,,113876.0,2026-07-28T00:00:00.000Z,8.1700,388558.50,15000.00,3.0,,Corgi_Adv.40C8.C8_ETF_Holdings.csv,2026-07-27T23:38:01.086Z,
Wealthfront Corp,WLTH,,947002101,,,231.0,2134.44,0.549327637014065,,,,,KYC,2026-07-28,,,,,,,,,,,,,113875.0,2026-07-28T00:00:00.000Z,9.2400,388558.50,15000.00,3.0,,Corgi_Adv.40C8.C8_ETF_Holdings.csv,2026-07-27T23:38:01.086Z,
WEX Inc,WEX,,96208T104,,,33.0,5873.34,1.5115852324638726,,,,,KYC,2026-07-28,,,,,,,,,,,,,113874.0,2026-07-28T00:00:00.000Z,177.9800,388558.50,15000.00,3.0,,Corgi_Adv.40C8.C8_ETF_Holdings.csv,2026-07-27T23:38:01.086Z,
Visa Inc,V,,92826C839,,,102.0,36978.06,9.516814865334378,,,,,KYC,2026-07-28,,,,,,,,,,,,,113873.0,2026-07-28T00:00:00.000Z,362.5300,388558.50,15000.00,3.0,,Corgi_Adv.40C8.C8_ETF_Holdings.csv,2026-07-27T23:38:01.086Z,
Fulgent Genetics Inc,FLGT,,359664109,,,517.0,10122.86,0.6072335612379252,,,,,GNMX,2026-07-28,,,,,,,,,,,,,113632.0,2026-07-28T00:00:00.000Z,19.5800,1634330.50,55000.00,11.0,,Corgi_Adv.40C8.C8_ETF_Holdings.csv,2026-07-27T23:38:01.086Z,
Sarepta Therapeutics Inc,SRPT,,803607100,,,924.0,14682.36,0.8807413863450905,,,,,GNMX,2026-07-28,,,,,,,,,,,,,113662.0,2026-07-28T00:00:00.000Z,15.8900,1634330.50,55000.00,11.0,,Corgi_Adv.40C8.C8_ETF_Holdings.csv,2026-07-27T23:38:01.086Z,
Tempus AI Inc,TEM,,88023B103,,,517.0,22184.47,1.3307656850214182,,,,,GNMX,2026-07-28,,,,,,,,,,,,,113664.0,2026-07-28T00:00:00.000Z,42.9100,1634330.50,55000.00,11.0,,Corgi_Adv.40C8.C8_ETF_Holdings.csv,2026-07-27T23:38:01.086Z,
Thermo Fisher Scientific Inc,TMO,,883556102,,,264.0,147715.92,8.860940895471877,,,,,GNMX,2026-07-28,,,,,,,,,,,,,113665.0,2026-07-28T00:00:00.000Z,559.5300,1634330.50,55000.00,11.0,,Corgi_Adv.40C8.C8_ETF_Holdings.csv,2026-07-27T23:38:01.086Z,
Twist Bioscience Corp,TWST,,90184D100,,,341.0,29510.14,1.7702059896935987,,,,,GNMX,2026-07-28,,,,,,,,,,,,,113666.0,2026-07-28T00:00:00.000Z,86.5400,1634330.50,55000.00,11.0,,Corgi_Adv.40C8.C8_ETF_Holdings.csv,2026-07-27T23:38:01.086Z,
10X Genomics Inc,TXG,,88025U109,,,891.0,40914.72,2.4543252729616496,,,,,GNMX,2026-07-28,,,,,,,,,,,,,113667.0,2026-07-28T00:00:00.000Z,45.9200,1634330.50,55000.00,11.0,,Corgi_Adv.40C8.C8_ETF_Holdings.csv,2026-07-27T23:38:01.086Z,
Veracyte Inc,VCYT,,92337F107,,,583.0,32420.63,1.9447957012620063,,,,,GNMX,2026-07-28,,,,,,,,,,,,,113668.0,2026-07-28T00:00:00.000Z,55.6100,1634330.50,55000.00,11.0,,Corgi_Adv.40C8.C8_ETF_Holdings.csv,2026-07-27T23:38:01.086Z,
Vertex Pharmaceuticals Inc,VRTX,,92532F100,,,231.0,110649.0,6.637431152600666,,,,,GNMX,2026-07-28,,,,,,,,,,,,,113669.0,2026-07-28T00:00:00.000Z,479.0000,1634330.50,55000.00,11.0,,Corgi_Adv.40C8.C8_ETF_Holdings.csv,2026-07-27T23:38:01.086Z,
GeneDx Holdings Corp,WGS,,81663L200,,,220.0,13318.8,0.7989463803130417,,,,,GNMX,2026-07-28,,,,,,,,,,,,,113670.0,2026-07-28T00:00:00.000Z,60.5400,1634330.50,55000.00,11.0,,Corgi_Adv.40C8.C8_ETF_Holdings.csv,2026-07-27T23:38:01.086Z,
Cash & Other,Cash&Other,,Cash&Other,,,-356.87,-356.87,-0.021407333599296873,,,,,GNMX,2026-07-28,,,,,,,,,,,,,113671.0,2026-07-28T00:00:00.000Z,1.0000,1634330.50,55000.00,11.0,Y,Corgi_Adv.40C8.C8_ETF_Holdings.csv,2026-07-27T23:38:01.086Z,
Absci Corp,ABSI,,00091E109,,,2387.0,18045.72,1.0824971224241422,,,,,GNMX,2026-07-28,,,,,,,,,,,,,113613.0,2026-07-28T00:00:00.000Z,7.5600,1634330.50,55000.00,11.0,,Corgi_Adv.40C8.C8_ETF_Holdings.csv,2026-07-27T23:38:01.086Z,
Adaptive Biotechnologies Corp,ADPT,,00650F109,,,1298.0,29256.92,1.7550162426876472,,,,,GNMX,2026-07-28,,,,,,,,,,,,,113614.0,2026-07-28T00:00:00.000Z,22.5400,1634330.50,55000.00,11.0,,Corgi_Adv.40C8.C8_ETF_Holdings.csv,2026-07-27T23:38:01.086Z,
Alnylam Pharmaceuticals Inc,ALNY,,02043Q107,,,220.0,61248.0,3.6740448014395577,,,,,GNMX,2026-07-28,,,,,,,,,,,,,113615.0,2026-07-28T00:00:00.000Z,278.4000,1634330.50,55000.00,11.0,,Corgi_Adv.40C8.C8_ETF_Holdings.csv,2026-07-27T23:38:01.086Z,
Arcturus Therapeutics Holdings Inc,ARCT,,03969T109,,,792.0,4561.92,0.2736529921072222,,,,,GNMX,2026-07-28,,,,,,,,,,,,,113616.0,2026-07-28T00:00:00.000Z,5.7600,1634330.50,55000.00,11.0,,Corgi_Adv.40C8.C8_ETF_Holdings.csv,2026-07-27T23:38:01.086Z,
Arrowhead Pharmaceuticals Inc,ARWR,,04280A100,,,451.0,38574.03,2.313915791406634,,,,,GNMX,2026-07-28,,,,,,,,,,,,,113617.0,2026-07-28T00:00:00.000Z,85.5300,1634330.50,55000.00,11.0,,Corgi_Adv.40C8.C8_ETF_Holdings.csv,2026-07-27T23:38:01.086Z,
Azenta Inc,AZTA,,114340102,,,495.0,13622.4,0.8171582403201774,,,,,GNMX,2026-07-28,,,,,,,,,,,,,113618.0,2026-07-28T00:00:00.000Z,27.5200,1634330.50,55000.00,11.0,,Corgi_Adv.40C8.C8_ETF_Holdings.csv,2026-07-27T23:38:01.086Z,
Biodesix Inc,BDSX,,09075X207,,,462.0,10265.64,0.615798414241281,,,,,GNMX,2026-07-28,,,,,,,,,,,,,113619.0,2026-07-28T00:00:00.000Z,22.2200,1634330.50,55000.00,11.0,,Corgi_Adv.40C8.C8_ETF_Holdings.csv,2026-07-27T23:38:01.086Z,
Beam Therapeutics Inc,BEAM,,07373V105,,,704.0,17649.28,1.058716128414824,,,,,GNMX,2026-07-28,,,,,,,,,,,,,113620.0,2026-07-28T00:00:00.000Z,25.0700,1634330.50,55000.00,11.0,,Corgi_Adv.40C8.C8_ETF_Holdings.csv,2026-07-27T23:38:01.086Z,
BioMarin Pharmaceutical Inc,BMRN,,09061G101,,,693.0,41767.11,2.5054570494816835,,,,,GNMX,2026-07-28,,,,,,,,,,,,,113621.0,2026-07-28T00:00:00.000Z,60.2700,1634330.50,55000.00,11.0,,Corgi_Adv.40C8.C8_ETF_Holdings.csv,2026-07-27T23:38:01.086Z,
Caris Life Sciences Inc,CAI,,142152107,,,880.0,13754.4,0.8250764403232799,,,,,GNMX,2026-07-28,,,,,,,,,,,,,113622.0,2026-07-28T00:00:00.000Z,15.6300,1634330.50,55000.00,11.0,,Corgi_Adv.40C8.C8_ETF_Holdings.csv,2026-07-27T23:38:01.086Z,
CareDx Inc,CDNA,,14167L103,,,594.0,21597.84,1.2955758845076302,,,,,GNMX,2026-07-28,,,,,,,,,,,,,113623.0,2026-07-28T00:00:00.000Z,36.3600,1634330.50,55000.00,11.0,,Corgi_Adv.40C8.C8_ETF_Holdings.csv,2026-07-27T23:38:01.086Z,
Certara Inc,CERT,,15687V109,,,1815.0,14066.25,0.8437831878306096,,,,,GNMX,2026-07-28,,,,,,,,,,,,,113624.0,2026-07-28T00:00:00.000Z,7.7500,1634330.50,55000.00,11.0,,Corgi_Adv.40C8.C8_ETF_Holdings.csv,2026-07-27T23:38:01.086Z,
Caribou Biosciences Inc,CRBU,,142038108,,,3058.0,4862.22,0.2916668971142804,,,,,GNMX,2026-07-28,,,,,,,,,,,,,113625.0,2026-07-28T00:00:00.000Z,1.5900,1634330.50,55000.00,11.0,,Corgi_Adv.40C8.C8_ETF_Holdings.csv,2026-07-27T23:38:01.086Z,
CRISPR Therapeutics AG,CRSP,,H17182108,,,517.0,24159.41,1.4492351540678368,,,,,GNMX,2026-07-28,,,,,,,,,,,,,113626.0,2026-07-28T00:00:00.000Z,46.7300,1634330.50,55000.00,11.0,,Corgi_Adv.40C8.C8_ETF_Holdings.csv,2026-07-27T23:38:01.086Z,
Castle Biosciences Inc,CSTL,,14843C105,,,462.0,11291.28,0.6773228282653875,,,,,GNMX,2026-07-28,,,,,,,,,,,,,113627.0,2026-07-28T00:00:00.000Z,24.4400,1634330.50,55000.00,11.0,,Corgi_Adv.40C8.C8_ETF_Holdings.csv,2026-07-27T23:38:01.086Z,
Precision BioSciences Inc,DTIL,,74019P207,,,825.0,5981.25,0.35879343764058175,,,,,GNMX,2026-07-28,,,,,,,,,,,,,113628.0,2026-07-28T00:00:00.000Z,7.2500,1634330.50,55000.00,11.0,,Corgi_Adv.40C8.C8_ETF_Holdings.csv,2026-07-27T23:38:01.086Z,
Editas Medicine Inc,EDIT,,28106W103,,,2574.0,6898.32,0.4138051321621363,,,,,GNMX,2026-07-28,,,,,,,,,,,,,113629.0,2026-07-28T00:00:00.000Z,2.6800,1634330.50,55000.00,11.0,,Corgi_Adv.40C8.C8_ETF_Holdings.csv,2026-07-27T23:38:01.086Z,
4D Molecular Therapeutics Inc,FDMT,,35104E100,,,1045.0,10847.1,0.6506780852549475,,,,,GNMX,2026-07-28,,,,,,,,,,,,,113630.0,2026-07-28T00:00:00.000Z,10.3800,1634330.50,55000.00,11.0,,Corgi_Adv.40C8.C8_ETF_Holdings.csv,2026-07-27T23:38:01.086Z,
First American Government Obligations Fund 12/01/2031,FGXXX,,31846V336,,,53055.23,53055.23,3.182590320837906,,,,,GNMX,2026-07-28,,,,,,,,,,,,,113631.0,2026-07-28T00:00:00.000Z,100.0000,1634330.50,55000.00,11.0,Y,Corgi_Adv.40C8.C8_ETF_Holdings.csv,2026-07-27T23:38:01.086Z,
Bio-Techne Corp,TECH,,09073M104,,,605.0,43330.1,2.5992151360184197,,,,,GNMX,2026-07-28,,,,,,,,,,,,,113663.0,2026-07-28T00:00:00.000Z,71.6200,1634330.50,55000.00,11.0,,Corgi_Adv.40C8.C8_ETF_Holdings.csv,2026-07-27T23:38:01.086Z,
Generate Biomedicines Inc,GENB,,370920100,,,924.0,12640.32,0.7582468322970949,,,,,GNMX,2026-07-28,,,,,,,,,,,,,113633.0,2026-07-28T00:00:00.000Z,13.6800,1634330.50,55000.00,11.0,,Corgi_Adv.40C8.C8_ETF_Holdings.csv,2026-07-27T23:38:01.086Z,
Sophia Genetics SA,SOPH,,H82027105,,,1551.0,8763.15,0.5256695027059668,,,,,GNMX,2026-07-28,,,,,,,,,,,,,113661.0,2026-07-28T00:00:00.000Z,5.6500,1634330.50,55000.00,11.0,,Corgi_Adv.40C8.C8_ETF_Holdings.csv,2026-07-27T23:38:01.086Z,
NeoGenomics Inc,NEO,,64049M209,,,1606.0,21102.84,1.2658826344959957,,,,,GNMX,2026-07-28,,,,,,,,,,,,,113646.0,2026-07-28T00:00:00.000Z,13.1400,1634330.50,55000.00,11.0,,Corgi_Adv.40C8.C8_ETF_Holdings.csv,2026-07-27T23:38:01.086Z,
Guardant Health Inc,GH,,40131M109,,,429.0,62406.63,3.7435468019667892,,,,,GNMX,2026-07-28,,,,,,,,,,,,,113634.0,2026-07-28T00:00:00.000Z,145.4700,1634330.50,55000.00,11.0,,Corgi_Adv.40C8.C8_ETF_Holdings.csv,2026-07-27T23:38:01.086Z,
Genmab A/S,GMAB,,372303206,,,1672.0,48153.6,2.88855936113179,,,,,GNMX,2026-07-28,,,,,,,,,,,,,113635.0,2026-07-28T00:00:00.000Z,28.8000,1634330.50,55000.00,11.0,,Corgi_Adv.40C8.C8_ETF_Holdings.csv,2026-07-27T23:38:01.086Z,
GRAIL Inc,GRAL,,384747101,,,330.0,22034.1,1.321745535517884,,,,,GNMX,2026-07-28,,,,,,,,,,,,,113636.0,2026-07-28T00:00:00.000Z,66.7700,1634330.50,55000.00,11.0,,Corgi_Adv.40C8.C8_ETF_Holdings.csv,2026-07-27T23:38:01.086Z,
Ideaya Biosciences Inc,IDYA,,45166A102,,,682.0,25077.14,1.5042864395894067,,,,,GNMX,2026-07-28,,,,,,,,,,,,,113637.0,2026-07-28T00:00:00.000Z,36.7700,1634330.50,55000.00,11.0,,Corgi_Adv.40C8.C8_ETF_Holdings.csv,2026-07-27T23:38:01.086Z,
Illumina Inc,ILMN,,452327109,,,363.0,68777.61,4.125718725116532,,,,,GNMX,2026-07-28,,,,,,,,,,,,,113638.0,2026-07-28T00:00:00.000Z,189.4700,1634330.50,55000.00,11.0,,Corgi_Adv.40C8.C8_ETF_Holdings.csv,2026-07-27T23:38:01.086Z,
Incyte Corp,INCY,,45337C102,,,462.0,54917.94,3.2943275202907776,,,,,GNMX,2026-07-28,,,,,,,,,,,,,113639.0,2026-07-28T00:00:00.000Z,118.8700,1634330.50,55000.00,11.0,,Corgi_Adv.40C8.C8_ETF_Holdings.csv,2026-07-27T23:38:01.086Z,
Ionis Pharmaceuticals Inc,IONS,,462222100,,,528.0,29546.88,1.7724098886944626,,,,,GNMX,2026-07-28,,,,,,,,,,,,,113640.0,2026-07-28T00:00:00.000Z,55.9600,1634330.50,55000.00,11.0,,Corgi_Adv.40C8.C8_ETF_Holdings.csv,2026-07-27T23:38:01.086Z,
Iovance Biotherapeutics Inc,IOVA,,462260100,,,4477.0,21937.3,1.3159388555156086,,,,,GNMX,2026-07-28,,,,,,,,,,,,,113641.0,2026-07-28T00:00:00.000Z,4.9000,1634330.50,55000.00,11.0,,Corgi_Adv.40C8.C8_ETF_Holdings.csv,2026-07-27T23:38:01.086Z,
Krystal Biotech Inc,KRYS,,501147102,,,110.0,38700.2,2.3214842709095995,,,,,GNMX,2026-07-28,,,,,,,,,,,,,113642.0,2026-07-28T00:00:00.000Z,351.8200,1634330.50,55000.00,11.0,,Corgi_Adv.40C8.C8_ETF_Holdings.csv,2026-07-27T23:38:01.086Z,
STANDARD BIOTOOLS INC,LAB,,34385P108,,,8547.0,6620.51,0.39714032047378867,,,,,GNMX,2026-07-28,,,,,,,,,,,,,113643.0,2026-07-28T00:00:00.000Z,0.7746,1634330.50,55000.00,11.0,,Corgi_Adv.40C8.C8_ETF_Holdings.csv,2026-07-27T23:38:01.086Z,
Moderna Inc,MRNA,,60770K107,,,913.0,50790.19,3.0467188076937597,,,,,GNMX,2026-07-28,,,,,,,,,,,,,113644.0,2026-07-28T00:00:00.000Z,55.6300,1634330.50,55000.00,11.0,,Corgi_Adv.40C8.C8_ETF_Holdings.csv,2026-07-27T23:38:01.086Z,
Myriad Genetics Inc,MYGN,,62855J104,,,1925.0,10491.25,0.6293319377465837,,,,,GNMX,2026-07-28,,,,,,,,,,,,,113645.0,2026-07-28T00:00:00.000Z,5.4500,1634330.50,55000.00,11.0,,Corgi_Adv.40C8.C8_ETF_Holdings.csv,2026-07-27T23:38:01.086Z,
Solid Biosciences Inc,SLDB,,83422E204,,,1397.0,11022.33,0.661189495759066,,,,,GNMX,2026-07-28,,,,,,,,,,,,,113660.0,2026-07-28T00:00:00.000Z,7.8900,1634330.50,55000.00,11.0,,Corgi_Adv.40C8.C8_ETF_Holdings.csv,2026-07-27T23:38:01.086Z,
Nurix Therapeutics Inc,NRIX,,67080M103,,,990.0,23195.7,1.391425695545186,,,,,GNMX,2026-07-28,,,,,,,,,,,,,113647.0,2026-07-28T00:00:00.000Z,23.4300,1634330.50,55000.00,11.0,,Corgi_Adv.40C8.C8_ETF_Holdings.csv,2026-07-27T23:38:01.086Z,
Ultragenyx Pharmaceutical Inc,RARE,,90400D108,,,748.0,20113.72,1.206548922472748,,,,,GNMX,2026-07-28,,,,,,,,,,,,,113654.0,2026-07-28T00:00:00.000Z,26.8900,1634330.50,55000.00,11.0,,Corgi_Adv.40C8.C8_ETF_Holdings.csv,2026-07-27T23:38:01.086Z,
Schrodinger Inc/United States,SDGR,,80810D103,,,1001.0,15295.28,0.9175082283594964,,,,,GNMX,2026-07-28,,,,,,,,,,,,,113659.0,2026-07-28T00:00:00.000Z,15.2800,1634330.50,55000.00,11.0,,Corgi_Adv.40C8.C8_ETF_Holdings.csv,2026-07-27T23:38:01.086Z,
Recursion Pharmaceuticals Inc,RXRX,,75629V104,,,4664.0,14038.64,0.8421269643299607,,,,,GNMX,2026-07-28,,,,,,,,,,,,,113658.0,2026-07-28T00:00:00.000Z,3.0100,1634330.50,55000.00,11.0,,Corgi_Adv.40C8.C8_ETF_Holdings.csv,2026-07-27T23:38:01.086Z,
Revolution Medicines Inc,RVMD,,76155X100,,,341.0,64131.87,3.8470376760073393,,,,,GNMX,2026-07-28,,,,,,,,,,,,,113657.0,2026-07-28T00:00:00.000Z,188.0700,1634330.50,55000.00,11.0,,Corgi_Adv.40C8.C8_ETF_Holdings.csv,2026-07-27T23:38:01.086Z,
Relay Therapeutics Inc,RLAY,,75943R102,,,1111.0,20709.04,1.24226000448674,,,,,GNMX,2026-07-28,,,,,,,,,,,,,113656.0,2026-07-28T00:00:00.000Z,18.6400,1634330.50,55000.00,11.0,,Corgi_Adv.40C8.C8_ETF_Holdings.csv,2026-07-27T23:38:01.086Z,
Rocket Pharmaceuticals Inc,RCKT,,77313F106,,,2343.0,7614.75,0.45678116267897517,,,,,GNMX,2026-07-28,,,,,,,,,,,,,113655.0,2026-07-28T00:00:00.000Z,3.2500,1634330.50,55000.00,11.0,,Corgi_Adv.40C8.C8_ETF_Holdings.csv,2026-07-27T23:38:01.086Z,
Intellia Therapeutics Inc,NTLA,,45826J105,,,1177.0,12558.59,0.7533441467951739,,,,,GNMX,2026-07-28,,,,,,,,,,,,,113648.0,2026-07-28T00:00:00.000Z,10.6700,1634330.50,55000.00,11.0,,Corgi_Adv.40C8.C8_ETF_Holdings.csv,2026-07-27T23:38:01.086Z,
uniQure NV,QURE,,N90064101,,,748.0,28581.08,1.7144750586717625,,,,,GNMX,2026-07-28,,,,,,,,,,,,,113653.0,2026-07-28T00:00:00.000Z,38.2100,1634330.50,55000.00,11.0,,Corgi_Adv.40C8.C8_ETF_Holdings.csv,2026-07-27T23:38:01.086Z,
Personalis Inc,PSNL,,71535D106,,,1562.0,18712.76,1.12251042643982,,,,,GNMX,2026-07-28,,,,,,,,,,,,,113651.0,2026-07-28T00:00:00.000Z,11.9800,1634330.50,55000.00,11.0,,Corgi_Adv.40C8.C8_ETF_Holdings.csv,2026-07-27T23:38:01.086Z,
Prime Medicine Inc,PRME,,74168J101,,,2387.0,7184.87,0.43099422466887133,,,,,GNMX,2026-07-28,,,,,,,,,,,,,113650.0,2026-07-28T00:00:00.000Z,3.0100,1634330.50,55000.00,11.0,,Corgi_Adv.40C8.C8_ETF_Holdings.csv,2026-07-27T23:38:01.086Z,
Pacific Biosciences of California Inc,PACB,,69404D108,,,5852.0,7958.72,0.4774146721870598,,,,,GNMX,2026-07-28,,,,,,,,,,,,,113649.0,2026-07-28T00:00:00.000Z,1.3600,1634330.50,55000.00,11.0,,Corgi_Adv.40C8.C8_ETF_Holdings.csv,2026-07-27T23:38:01.086Z,
QIAGEN NV,QGEN,,N72482156,,,858.0,35246.64,2.114317764828428,,,,,GNMX,2026-07-28,,,,,,,,,,,,,113652.0,2026-07-28T00:00:00.000Z,41.0800,1634330.50,55000.00,11.0,,Corgi_Adv.40C8.C8_ETF_Holdings.csv,2026-07-27T23:38:01.086Z,
Nuvalent Inc,NUVL,,670703107,,,264.0,32725.44,1.9630801447691704,,,,,GNMX,2026-07-28,,,,,,,,,,,,,90806.0,2026-07-15T00:00:00.000Z,123.9600,1678660.50,55000.00,11.0,,Corgi_Adv.40C8.C8_ETF_Holdings.csv,2026-07-15T14:08:01.312Z,
American Airlines Group Inc,AAL,,02376R102,,,738.0,11033.1,1.2727319540749227,,,,,AV,2026-07-28,,,,,,,,,,,,,112169.0,2026-07-28T00:00:00.000Z,14.9500,866889.00,30000.00,6.0,,Corgi_Adv.40C8.C8_ETF_Holdings.csv,2026-07-27T23:38:01.086Z,
Ryanair Holdings PLC,RYAAY,,783513203,,,354.0,20344.38,2.3468420037743494,,,,,AV,2026-07-28,,,,,,,,,,,,,112201.0,2026-07-28T00:00:00.000Z,57.4700,866889.00,30000.00,6.0,,Corgi_Adv.40C8.C8_ETF_Holdings.csv,2026-07-27T23:38:01.086Z,
JetBlue Airways Corp,JBLU,,477143101,,,732.0,3974.76,0.45851157533049086,,,,,AV,2026-07-28,,,,,,,,,,,,,112192.0,2026-07-28T00:00:00.000Z,5.4300,866889.00,30000.00,6.0,,Corgi_Adv.40C8.C8_ETF_Holdings.csv,2026-07-27T23:38:01.086Z,
Joby Aviation Inc,JOBY,,G65163100,,,882.0,6500.34,0.7498518485603667,,,,,AV,2026-07-28,,,,,,,,,,,,,112193.0,2026-07-28T00:00:00.000Z,7.3700,866889.00,30000.00,6.0,,Corgi_Adv.40C8.C8_ETF_Holdings.csv,2026-07-27T23:38:01.086Z,
Lockheed Martin Corp,LMT,,539830109,,,72.0,41760.0,4.817257742807439,,,,,AV,2026-07-28,,,,,,,,,,,,,112194.0,2026-07-28T00:00:00.000Z,580.0000,866889.00,30000.00,6.0,,Corgi_Adv.40C8.C8_ETF_Holdings.csv,2026-07-27T23:38:01.086Z,
Loar Holdings Inc,LOAR,,53947R105,,,96.0,6886.08,0.7943491905553509,,,,,AV,2026-07-28,,,,,,,,,,,,,112195.0,2026-07-28T00:00:00.000Z,71.7300,866889.00,30000.00,6.0,,Corgi_Adv.40C8.C8_ETF_Holdings.csv,2026-07-27T23:38:01.086Z,
Southwest Airlines Co,LUV,,844741108,,,384.0,17425.92,2.010180748217026,,,,,AV,2026-07-28,,,,,,,,,,,,,112196.0,2026-07-28T00:00:00.000Z,45.3800,866889.00,30000.00,6.0,,Corgi_Adv.40C8.C8_ETF_Holdings.csv,2026-07-27T23:38:01.086Z,
Moog Inc,MOG/A,,615394202,,,30.0,12522.6,1.4445544015823863,,,,,AV,2026-07-28,,,,,,,,,,,,,112197.0,2026-07-28T00:00:00.000Z,417.4200,866889.00,30000.00,6.0,,Corgi_Adv.40C8.C8_ETF_Holdings.csv,2026-07-27T23:38:01.086Z,
Northrop Grumman Corp,NOC,,666807102,,,66.0,36140.28,4.168990509033258,,,,,AV,2026-07-28,,,,,,,,,,,,,112198.0,2026-07-28T00:00:00.000Z,547.5800,866889.00,30000.00,6.0,,Corgi_Adv.40C8.C8_ETF_Holdings.csv,2026-07-27T23:38:01.086Z,
RTX Corp,RTX,,75513E101,,,396.0,86494.32,9.977620515537941,,,,,AV,2026-07-28,,,,,,,,,,,,,112200.0,2026-07-28T00:00:00.000Z,218.4200,866889.00,30000.00,6.0,,Corgi_Adv.40C8.C8_ETF_Holdings.csv,2026-07-27T23:38:01.086Z,
SkyWest Inc,SKYW,,830879102,,,72.0,7940.88,0.9160264766452285,,,,,AV,2026-07-28,,,,,,,,,,,,,112202.0,2026-07-28T00:00:00.000Z,110.2900,866889.00,30000.00,6.0,,Corgi_Adv.40C8.C8_ETF_Holdings.csv,2026-07-27T23:38:01.086Z,
Howmet Aerospace Inc,HWM,,443201108,,,156.0,44918.64,5.181625151733237,,,,,AV,2026-07-28,,,,,,,,,,,,,112190.0,2026-07-28T00:00:00.000Z,287.9400,866889.00,30000.00,6.0,,Corgi_Adv.40C8.C8_ETF_Holdings.csv,2026-07-27T23:38:01.086Z,
TransDigm Group Inc,TDG,,893641100,,,24.0,30870.48,3.561088572897084,,,,,AV,2026-07-28,,,,,,,,,,,,,112203.0,2026-07-28T00:00:00.000Z,1286.2700,866889.00,30000.00,6.0,,Corgi_Adv.40C8.C8_ETF_Holdings.csv,2026-07-27T23:38:01.086Z,
Textron Inc,TXT,,883203101,,,156.0,14996.28,1.7299077093704107,,,,,AV,2026-07-28,,,,,,,,,,,,,112204.0,2026-07-28T00:00:00.000Z,96.1300,866889.00,30000.00,6.0,,Corgi_Adv.40C8.C8_ETF_Holdings.csv,2026-07-27T23:38:01.086Z,
United Airlines Holdings Inc,UAL,,910047109,,,216.0,26043.12,3.004224651984274,,,,,AV,2026-07-28,,,,,,,,,,,,,112205.0,2026-07-28T00:00:00.000Z,120.5700,866889.00,30000.00,6.0,,Corgi_Adv.40C8.C8_ETF_Holdings.csv,2026-07-27T23:38:01.086Z,
Frontier Group Holdings Inc,ULCC,,35909R108,,,486.0,2964.6,0.3419837716553385,,,,,AV,2026-07-28,,,,,,,,,,,,,112206.0,2026-07-28T00:00:00.000Z,6.1000,866889.00,30000.00,6.0,,Corgi_Adv.40C8.C8_ETF_Holdings.csv,2026-07-27T23:38:01.086Z,
United Parcel Service Inc,UPS,,911312106,,,312.0,35240.4,4.0651841417536225,,,,,AV,2026-07-28,,,,,,,,,,,,,112207.0,2026-07-28T00:00:00.000Z,112.9500,866889.00,30000.00,6.0,,Corgi_Adv.40C8.C8_ETF_Holdings.csv,2026-07-27T23:38:01.086Z,
Woodward Inc,WWD,,980745103,,,48.0,20148.48,2.3242438047366103,,,,,AV,2026-07-28,,,,,,,,,,,,,112208.0,2026-07-28T00:00:00.000Z,419.7600,866889.00,30000.00,6.0,,Corgi_Adv.40C8.C8_ETF_Holdings.csv,2026-07-27T23:38:01.086Z,
Cash & Other,Cash&Other,,Cash&Other,,,264.93,264.93,0.030561209142767602,,,,,AV,2026-07-28,,,,,,,,,,,,,112209.0,2026-07-28T00:00:00.000Z,1.0000,866889.00,30000.00,6.0,Y,Corgi_Adv.40C8.C8_ETF_Holdings.csv,2026-07-27T23:38:01.086Z,
AerCap Holdings NV,AER,,N00985106,,,120.0,18168.0,2.0957839720145013,,,,,AV,2026-07-28,,,,,,,,,,,,,112170.0,2026-07-28T00:00:00.000Z,151.4000,866889.00,30000.00,6.0,,Corgi_Adv.40C8.C8_ETF_Holdings.csv,2026-07-27T23:38:01.086Z,
Hexcel Corp,HXL,,428291108,,,96.0,10533.12,1.215056366760534,,,,,AV,2026-07-28,,,,,,,,,,,,,112191.0,2026-07-28T00:00:00.000Z,109.7200,866889.00,30000.00,6.0,,Corgi_Adv.40C8.C8_ETF_Holdings.csv,2026-07-27T23:38:01.086Z,
Grupo Aeroportuario del Pacifico SAB de CV,PAC,,400506101,,,48.0,10380.96,1.197503829927546,,,,,AV,2026-07-28,,,,,,,,,,,,,112199.0,2026-07-28T00:00:00.000Z,216.2700,866889.00,30000.00,6.0,,Corgi_Adv.40C8.C8_ETF_Holdings.csv,2026-07-27T23:38:01.086Z,
HEICO Corp,HEI,,422806109,,,42.0,15000.3,1.7303714396416294,,,,,AV,2026-07-28,,,,,,,,,,,,,112189.0,2026-07-28T00:00:00.000Z,357.1500,866889.00,30000.00,6.0,,Corgi_Adv.40C8.C8_ETF_Holdings.csv,2026-07-27T23:38:01.086Z,
Carpenter Technology Corp,CRS,,144285103,,,36.0,20889.0,2.4096670735034627,,,,,AV,2026-07-28,,,,,,,,,,,,,112179.0,2026-07-28T00:00:00.000Z,580.2500,866889.00,30000.00,6.0,,Corgi_Adv.40C8.C8_ETF_Holdings.csv,2026-07-27T23:38:01.086Z,
GE AEROSPACE,GE,,369604301,,,264.0,95465.04,11.012444997783092,,,,,AV,2026-07-28,,,,,,,,,,,,,112188.0,2026-07-28T00:00:00.000Z,361.6100,866889.00,30000.00,6.0,,Corgi_Adv.40C8.C8_ETF_Holdings.csv,2026-07-27T23:38:01.086Z,
Allegiant Travel Co,ALGT,,01748X102,,,48.0,4758.72,0.5489458995654363,,,,,AV,2026-07-28,,,,,,,,,,,,,112172.0,2026-07-28T00:00:00.000Z,99.1400,866889.00,30000.00,6.0,,Corgi_Adv.40C8.C8_ETF_Holdings.csv,2026-07-27T23:38:01.086Z,
Alaska Air Group Inc,ALK,,11659109,,,162.0,7695.0,0.8876627952802502,,,,,AV,2026-07-28,,,,,,,,,,,,,112173.0,2026-07-28T00:00:00.000Z,47.5000,866889.00,30000.00,6.0,,Corgi_Adv.40C8.C8_ETF_Holdings.csv,2026-07-27T23:38:01.086Z,
Grupo Aeroportuario del Sureste SAB de CV,ASR,,40051E202,,,36.0,9668.52,1.1153197517118916,,,,,AV,2026-07-28,,,,,,,,,,,,,112174.0,2026-07-28T00:00:00.000Z,268.5700,866889.00,30000.00,6.0,,Corgi_Adv.40C8.C8_ETF_Holdings.csv,2026-07-27T23:38:01.086Z,
ATI Inc,ATI,,01741R102,,,102.0,19649.28,2.266658194937533,,,,,AV,2026-07-28,,,,,,,,,,,,,112175.0,2026-07-28T00:00:00.000Z,192.6400,866889.00,30000.00,6.0,,Corgi_Adv.40C8.C8_ETF_Holdings.csv,2026-07-27T23:38:01.086Z,
Boeing Co/The,BA,,97023105,,,156.0,32994.0,3.8060488976577744,,,,,AV,2026-07-28,,,,,,,,,,,,,112176.0,2026-07-28T00:00:00.000Z,211.5000,866889.00,30000.00,6.0,,Corgi_Adv.40C8.C8_ETF_Holdings.csv,2026-07-27T23:38:01.086Z,
CAE Inc,CAE,,124765108,,,276.0,7120.8,0.8214255013166478,,,,,AV,2026-07-28,,,,,,,,,,,,,112177.0,2026-07-28T00:00:00.000Z,25.8000,866889.00,30000.00,6.0,,Corgi_Adv.40C8.C8_ETF_Holdings.csv,2026-07-27T23:38:01.086Z,
Copa Holdings SA,CPA,,P31076105,,,48.0,6644.64,0.7664976888929125,,,,,AV,2026-07-28,,,,,,,,,,,,,112178.0,2026-07-28T00:00:00.000Z,138.4300,866889.00,30000.00,6.0,,Corgi_Adv.40C8.C8_ETF_Holdings.csv,2026-07-27T23:38:01.086Z,
AAR Corp,AIR,,361105,,,60.0,8215.2,0.9476708766453947,,,,,AV,2026-07-28,,,,,,,,,,,,,112171.0,2026-07-28T00:00:00.000Z,136.9200,866889.00,30000.00,6.0,,Corgi_Adv.40C8.C8_ETF_Holdings.csv,2026-07-27T23:38:01.086Z,
Delta Air Lines Inc,DAL,,247361702,,,360.0,31201.2,3.5992390393889724,,,,,AV,2026-07-28,,,,,,,,,,,,,112180.0,2026-07-28T00:00:00.000Z,86.6700,866889.00,30000.00,6.0,,Corgi_Adv.40C8.C8_ETF_Holdings.csv,2026-07-27T23:38:01.086Z,
Fedex Freight Holding Co Inc,FDXF,,314352105,,,47.0,7064.1,0.8148848280882671,,,,,AV,2026-07-28,,,,,,,,,,,,,112184.0,2026-07-28T00:00:00.000Z,150.3000,866889.00,30000.00,6.0,,Corgi_Adv.40C8.C8_ETF_Holdings.csv,2026-07-27T23:38:01.086Z,
Ducommun Inc,DCO,,264147109,,,30.0,5508.3,0.6354142917793636,,,,,AV,2026-07-28,,,,,,,,,,,,,112181.0,2026-07-28T00:00:00.000Z,183.6100,866889.00,30000.00,6.0,,Corgi_Adv.40C8.C8_ETF_Holdings.csv,2026-07-27T23:38:01.086Z,
FTAI Aviation Ltd,FTAI,,G3730V105,,,78.0,16703.7,1.926868490386318,,,,,AV,2026-07-28,,,,,,,,,,,,,112186.0,2026-07-28T00:00:00.000Z,214.1500,866889.00,30000.00,6.0,,Corgi_Adv.40C8.C8_ETF_Holdings.csv,2026-07-27T23:38:01.086Z,
First American Government Obligations Fund 12/01/2031,FGXXX,,31846V336,,,26255.61,26255.61,3.028736603559206,,,,,AV,2026-07-28,,,,,,,,,,,,,112185.0,2026-07-28T00:00:00.000Z,100.0000,866889.00,30000.00,6.0,Y,Corgi_Adv.40C8.C8_ETF_Holdings.csv,2026-07-27T23:38:01.086Z,
General Dynamics Corp,GD,,369550108,,,120.0,46696.8,5.386746201253125,,,,,AV,2026-07-28,,,,,,,,,,,,,112187.0,2026-07-28T00:00:00.000Z,389.1400,866889.00,30000.00,6.0,,Corgi_Adv.40C8.C8_ETF_Holdings.csv,2026-07-27T23:38:01.086Z,
FedEx Corp,FDX,,31428X106,,,90.0,27971.1,3.226628305791216,,,,,AV,2026-07-28,,,,,,,,,,,,,112183.0,2026-07-28T00:00:00.000Z,310.7900,866889.00,30000.00,6.0,,Corgi_Adv.40C8.C8_ETF_Holdings.csv,2026-07-27T23:38:01.086Z,
Embraer SA,EMBJ,,29082A107,,,174.0,11830.26,1.3646889747228244,,,,,AV,2026-07-28,,,,,,,,,,,,,112182.0,2026-07-28T00:00:00.000Z,67.9900,866889.00,30000.00,6.0,,Corgi_Adv.40C8.C8_ETF_Holdings.csv,2026-07-27T23:38:01.086Z,
Allison Transmission Holdings Inc,ALSN,,01973R101,,,108.0,13166.28,1.5707300594714955,,,,,DOCK,2026-07-28,,,,,,,,,,,,,113343.0,2026-07-28T00:00:00.000Z,121.9100,838233.00,30000.00,6.0,,Corgi_Adv.40C8.C8_ETF_Holdings.csv,2026-07-27T23:38:01.086Z,
Manhattan Associates Inc,MANH,,562750109,,,90.0,14336.1,1.7102889506822962,,,,,DOCK,2026-07-28,,,,,,,,,,,,,113367.0,2026-07-28T00:00:00.000Z,159.2900,838233.00,30000.00,6.0,,Corgi_Adv.40C8.C8_ETF_Holdings.csv,2026-07-27T23:38:01.086Z,
Marten Transport Ltd,MRTN,,573075108,,,276.0,4275.24,0.5100338120908043,,,,,DOCK,2026-07-28,,,,,,,,,,,,,113369.0,2026-07-28T00:00:00.000Z,15.4900,838233.00,30000.00,6.0,,Corgi_Adv.40C8.C8_ETF_Holdings.csv,2026-07-27T23:38:01.086Z,
Norfolk Southern Corp,NSC,,655844108,,,114.0,39141.9,4.66960743010382,,,,,DOCK,2026-07-28,,,,,,,,,,,,,113370.0,2026-07-28T00:00:00.000Z,343.3500,838233.00,30000.00,6.0,,Corgi_Adv.40C8.C8_ETF_Holdings.csv,2026-07-27T23:38:01.086Z,
Old Dominion Freight Line Inc,ODFL,,679580100,,,132.0,29933.64,3.571067008858867,,,,,DOCK,2026-07-28,,,,,,,,,,,,,113371.0,2026-07-28T00:00:00.000Z,226.7700,838233.00,30000.00,6.0,,Corgi_Adv.40C8.C8_ETF_Holdings.csv,2026-07-27T23:38:01.086Z,
PACCAR Inc,PCAR,,693718108,,,329.0,43901.76,5.237456145221225,,,,,DOCK,2026-07-28,,,,,,,,,,,,,113372.0,2026-07-28T00:00:00.000Z,133.4400,838233.00,30000.00,6.0,,Corgi_Adv.40C8.C8_ETF_Holdings.csv,2026-07-27T23:38:01.086Z,
Ryder System Inc,R,,783549108,,,48.0,12896.64,1.538562153788501,,,,,DOCK,2026-07-28,,,,,,,,,,,,,113373.0,2026-07-28T00:00:00.000Z,268.6800,838233.00,30000.00,6.0,,Corgi_Adv.40C8.C8_ETF_Holdings.csv,2026-07-27T23:38:01.086Z,
FreightCar America Inc,RAIL,,357023100,,,210.0,1789.2,0.21345058911145742,,,,,DOCK,2026-07-28,,,,,,,,,,,,,113374.0,2026-07-28T00:00:00.000Z,8.5200,838233.00,30000.00,6.0,,Corgi_Adv.40C8.C8_ETF_Holdings.csv,2026-07-27T23:38:01.086Z,
Radiant Logistics Inc,RLGT,,75025X100,,,300.0,2658.0,0.3170979576672556,,,,,DOCK,2026-07-28,,,,,,,,,,,,,113375.0,2026-07-28T00:00:00.000Z,8.8600,838233.00,30000.00,6.0,,Corgi_Adv.40C8.C8_ETF_Holdings.csv,2026-07-27T23:38:01.086Z,
RXO Inc,RXO,,74982T103,,,360.0,8679.6,1.0354715701161445,,,,,DOCK,2026-07-28,,,,,,,,,,,,,113376.0,2026-07-28T00:00:00.000Z,24.1100,838233.00,30000.00,6.0,,Corgi_Adv.40C8.C8_ETF_Holdings.csv,2026-07-27T23:38:01.086Z,
Saia Inc,SAIA,,78709Y105,,,38.0,15956.96,1.903656669141494,,,,,DOCK,2026-07-28,,,,,,,,,,,,,113377.0,2026-07-28T00:00:00.000Z,419.9200,838233.00,30000.00,6.0,,Corgi_Adv.40C8.C8_ETF_Holdings.csv,2026-07-27T23:38:01.086Z,
Terex Corp,TEX,,880779103,,,192.0,13259.52,1.5818535408758951,,,,,DOCK,2026-07-28,,,,,,,,,,,,,113379.0,2026-07-28T00:00:00.000Z,69.0600,838233.00,30000.00,6.0,,Corgi_Adv.40C8.C8_ETF_Holdings.csv,2026-07-27T23:38:01.086Z,
TFI International Inc,TFII,,87241L109,,,96.0,14003.52,1.6706123371529598,,,,,DOCK,2026-07-28,,,,,,,,,,,,,113380.0,2026-07-28T00:00:00.000Z,145.8700,838233.00,30000.00,6.0,,Corgi_Adv.40C8.C8_ETF_Holdings.csv,2026-07-27T23:38:01.086Z,
Trinity Industries Inc,TRN,,896522109,,,228.0,8458.8,1.009130249930693,,,,,DOCK,2026-07-28,,,,,,,,,,,,,113381.0,2026-07-28T00:00:00.000Z,37.1000,838233.00,30000.00,6.0,,Corgi_Adv.40C8.C8_ETF_Holdings.csv,2026-07-27T23:38:01.086Z,
Union Pacific Corp,UNP,,907818108,,,228.0,68240.4,8.141042690141681,,,,,DOCK,2026-07-28,,,,,,,,,,,,,113382.0,2026-07-28T00:00:00.000Z,299.3000,838233.00,30000.00,6.0,,Corgi_Adv.40C8.C8_ETF_Holdings.csv,2026-07-27T23:38:01.086Z,
United Parcel Service Inc,UPS,,911312106,,,348.0,39306.6,4.689256050731283,,,,,DOCK,2026-07-28,,,,,,,,,,,,,113383.0,2026-07-28T00:00:00.000Z,112.9500,838233.00,30000.00,6.0,,Corgi_Adv.40C8.C8_ETF_Holdings.csv,2026-07-27T23:38:01.086Z,
Westinghouse Air Brake Technologies Corp,WAB,,929740108,,,120.0,36108.0,4.307664806414321,,,,,DOCK,2026-07-28,,,,,,,,,,,,,113384.0,2026-07-28T00:00:00.000Z,300.9000,838233.00,30000.00,6.0,,Corgi_Adv.40C8.C8_ETF_Holdings.csv,2026-07-27T23:38:01.086Z,
Werner Enterprises Inc,WERN,,950755108,,,275.0,11118.25,1.326401191811123,,,,,DOCK,2026-07-28,,,,,,,,,,,,,113385.0,2026-07-28T00:00:00.000Z,40.4300,838233.00,30000.00,6.0,,Corgi_Adv.40C8.C8_ETF_Holdings.csv,2026-07-27T23:38:01.086Z,
Wabash National Corp,WNC,,929566107,,,312.0,4124.64,0.49206731381214047,,,,,DOCK,2026-07-28,,,,,,,,,,,,,113386.0,2026-07-28T00:00:00.000Z,13.2200,838233.00,30000.00,6.0,,Corgi_Adv.40C8.C8_ETF_Holdings.csv,2026-07-27T23:38:01.086Z,
XPO Inc,XPO,,983793100,,,115.0,23943.0,2.8563869076098953,,,,,DOCK,2026-07-28,,,,,,,,,,,,,113387.0,2026-07-28T00:00:00.000Z,208.2000,838233.00,30000.00,6.0,,Corgi_Adv.40C8.C8_ETF_Holdings.csv,2026-07-27T23:38:01.086Z,
ZIM Integrated Shipping Services Ltd,ZIM,,M9T951109,,,312.0,7662.72,0.9141583379142337,,,,,DOCK,2026-07-28,,,,,,,,,,,,,113388.0,2026-07-28T00:00:00.000Z,24.5600,838233.00,30000.00,6.0,,Corgi_Adv.40C8.C8_ETF_Holdings.csv,2026-07-27T23:38:01.086Z,
Cash & Other,Cash&Other,,Cash&Other,,,-54.77,-54.77,-0.006534031279697363,,,,,DOCK,2026-07-28,,,,,,,,,,,,,113389.0,2026-07-28T00:00:00.000Z,1.0000,838233.00,30000.00,6.0,Y,Corgi_Adv.40C8.C8_ETF_Holdings.csv,2026-07-27T23:38:01.086Z,
ArcBest Corp,ARCB,,03937C105,,,54.0,8038.98,0.9590459517411266,,,,,DOCK,2026-07-28,,,,,,,,,,,,,113344.0,2026-07-28T00:00:00.000Z,148.8700,838233.00,30000.00,6.0,,Corgi_Adv.40C8.C8_ETF_Holdings.csv,2026-07-27T23:38:01.086Z,
Matson Inc,MATX,,57686G105,,,60.0,12327.0,1.4706044108970129,,,,,DOCK,2026-07-28,,,,,,,,,,,,,113368.0,2026-07-28T00:00:00.000Z,205.4500,838233.00,30000.00,6.0,,Corgi_Adv.40C8.C8_ETF_Holdings.csv,2026-07-27T23:38:01.086Z,
Schneider National Inc,SNDR,,80689H102,,,348.0,12799.44,1.526966246532949,,,,,DOCK,2026-07-28,,,,,,,,,,,,,113378.0,2026-07-28T00:00:00.000Z,36.7800,838233.00,30000.00,6.0,,Corgi_Adv.40C8.C8_ETF_Holdings.csv,2026-07-27T23:38:01.086Z,
Landstar System Inc,LSTR,,515098101,,,60.0,11497.8,1.3716813008527358,,,,,DOCK,2026-07-28,,,,,,,,,,,,,113366.0,2026-07-28T00:00:00.000Z,191.6300,838233.00,30000.00,6.0,,Corgi_Adv.40C8.C8_ETF_Holdings.csv,2026-07-27T23:38:01.086Z,
Fedex Freight Holding Co Inc,FDXF,,314352105,,,60.0,9018.0,1.0758425064873254,,,,,DOCK,2026-07-28,,,,,,,,,,,,,113355.0,2026-07-28T00:00:00.000Z,150.3000,838233.00,30000.00,6.0,,Corgi_Adv.40C8.C8_ETF_Holdings.csv,2026-07-27T23:38:01.086Z,
Knight-Swift Transportation Holdings Inc,KNX,,499049104,,,276.0,19521.48,2.3289019708962293,,,,,DOCK,2026-07-28,,,,,,,,,,,,,113365.0,2026-07-28T00:00:00.000Z,70.7300,838233.00,30000.00,6.0,,Corgi_Adv.40C8.C8_ETF_Holdings.csv,2026-07-27T23:38:01.086Z,
Cummins Inc,CMI,,231021106,,,54.0,35739.36,4.263686254452524,,,,,DOCK,2026-07-28,,,,,,,,,,,,,113346.0,2026-07-28T00:00:00.000Z,661.8400,838233.00,30000.00,6.0,,Corgi_Adv.40C8.C8_ETF_Holdings.csv,2026-07-27T23:38:01.086Z,
Costamare Inc,CMRE,,Y1771G102,,,234.0,3655.08,0.43604906061340576,,,,,DOCK,2026-07-28,,,,,,,,,,,,,113347.0,2026-07-28T00:00:00.000Z,15.6200,838233.00,30000.00,6.0,,Corgi_Adv.40C8.C8_ETF_Holdings.csv,2026-07-27T23:38:01.086Z,
Canadian National Railway Co,CNI,,136375102,,,324.0,41757.12,4.981601756985144,,,,,DOCK,2026-07-28,,,,,,,,,,,,,113348.0,2026-07-28T00:00:00.000Z,128.8800,838233.00,30000.00,6.0,,Corgi_Adv.40C8.C8_ETF_Holdings.csv,2026-07-27T23:38:01.086Z,
Canadian Pacific Kansas City Ltd,CP,,13646K108,,,426.0,38936.4,4.645091391616002,,,,,DOCK,2026-07-28,,,,,,,,,,,,,113349.0,2026-07-28T00:00:00.000Z,91.4000,838233.00,30000.00,6.0,,Corgi_Adv.40C8.C8_ETF_Holdings.csv,2026-07-27T23:38:01.086Z,
CSX Corp,CSX,,126408103,,,816.0,42268.8,5.042644903327951,,,,,DOCK,2026-07-28,,,,,,,,,,,,,113350.0,2026-07-28T00:00:00.000Z,51.8000,838233.00,30000.00,6.0,,Corgi_Adv.40C8.C8_ETF_Holdings.csv,2026-07-27T23:38:01.086Z,
COVENANT TRANS INC - CL A,CVLG,,22284P105,,,90.0,4045.5,0.4826259547565397,,,,,DOCK,2026-07-28,,,,,,,,,,,,,113351.0,2026-07-28T00:00:00.000Z,44.9500,838233.00,30000.00,6.0,,Corgi_Adv.40C8.C8_ETF_Holdings.csv,2026-07-27T23:38:01.086Z,
Danaos Corp,DAC,,Y1968P121,,,36.0,5051.16,0.6026006470468528,,,,,DOCK,2026-07-28,,,,,,,,,,,,,113352.0,2026-07-28T00:00:00.000Z,140.3100,838233.00,30000.00,6.0,,Corgi_Adv.40C8.C8_ETF_Holdings.csv,2026-07-27T23:38:01.086Z,
Expeditors International of Washington Inc,EXPD,,302130109,,,138.0,23644.92,2.8208261253595355,,,,,DOCK,2026-07-28,,,,,,,,,,,,,113353.0,2026-07-28T00:00:00.000Z,171.3400,838233.00,30000.00,6.0,,Corgi_Adv.40C8.C8_ETF_Holdings.csv,2026-07-27T23:38:01.086Z,
FedEx Corp,FDX,,31428X106,,,114.0,35430.06,4.226786932290567,,,,,DOCK,2026-07-28,,,,,,,,,,,,,113354.0,2026-07-28T00:00:00.000Z,310.7900,838233.00,30000.00,6.0,,Corgi_Adv.40C8.C8_ETF_Holdings.csv,2026-07-27T23:38:01.086Z,
CH Robinson Worldwide Inc,CHRW,,12541W209,,,135.0,23552.1,2.8097527497272274,,,,,DOCK,2026-07-28,,,,,,,,,,,,,113345.0,2026-07-28T00:00:00.000Z,174.4600,838233.00,30000.00,6.0,,Corgi_Adv.40C8.C8_ETF_Holdings.csv,2026-07-27T23:38:01.086Z,
First American Government Obligations Fund 12/01/2031,FGXXX,,31846V336,,,18502.18,18502.18,2.2073000340075035,,,,,DOCK,2026-07-28,,,,,,,,,,,,,113356.0,2026-07-28T00:00:00.000Z,100.0000,838233.00,30000.00,6.0,Y,Corgi_Adv.40C8.C8_ETF_Holdings.csv,2026-07-27T23:38:01.086Z,
Forward Air Corp,FWRD,,34986A104,,,138.0,2031.36,0.24234014570615361,,,,,DOCK,2026-07-28,,,,,,,,,,,,,113357.0,2026-07-28T00:00:00.000Z,14.7200,838233.00,30000.00,6.0,,Corgi_Adv.40C8.C8_ETF_Holdings.csv,2026-07-27T23:38:01.086Z,
GATX Corp,GATX,,361448103,,,60.0,11016.0,1.3142028222958946,,,,,DOCK,2026-07-28,,,,,,,,,,,,,113358.0,2026-07-28T00:00:00.000Z,183.6000,838233.00,30000.00,6.0,,Corgi_Adv.40C8.C8_ETF_Holdings.csv,2026-07-27T23:38:01.086Z,
Global Ship Lease Inc,GSL,,Y27183600,,,132.0,5694.48,0.679348373956747,,,,,DOCK,2026-07-28,,,,,,,,,,,,,113359.0,2026-07-28T00:00:00.000Z,43.1400,838233.00,30000.00,6.0,,Corgi_Adv.40C8.C8_ETF_Holdings.csv,2026-07-27T23:38:01.086Z,
GXO Logistics Inc,GXO,,36262G101,,,198.0,10551.42,1.258778680394821,,,,,DOCK,2026-07-28,,,,,,,,,,,,,113360.0,2026-07-28T00:00:00.000Z,53.2900,838233.00,30000.00,6.0,,Corgi_Adv.40C8.C8_ETF_Holdings.csv,2026-07-27T23:38:01.086Z,
Heartland Express Inc,HTLD,,422347104,,,408.0,5585.52,0.6663495050826221,,,,,DOCK,2026-07-28,,,,,,,,,,,,,113361.0,2026-07-28T00:00:00.000Z,13.6900,838233.00,30000.00,6.0,,Corgi_Adv.40C8.C8_ETF_Holdings.csv,2026-07-27T23:38:01.086Z,
Hub Group Inc,HUBG,,443320106,,,150.0,7183.5,0.8569876519573855,,,,,DOCK,2026-07-28,,,,,,,,,,,,,113362.0,2026-07-28T00:00:00.000Z,47.8900,838233.00,30000.00,6.0,,Corgi_Adv.40C8.C8_ETF_Holdings.csv,2026-07-27T23:38:01.086Z,
JB Hunt Transport Services Inc,JBHT,,445658107,,,90.0,25286.4,3.0166537986295308,,,,,DOCK,2026-07-28,,,,,,,,,,,,,113363.0,2026-07-28T00:00:00.000Z,280.9600,838233.00,30000.00,6.0,,Corgi_Adv.40C8.C8_ETF_Holdings.csv,2026-07-27T23:38:01.086Z,
Kirby Corp,KEX,,497266106,,,84.0,12186.72,1.453869083018321,,,,,DOCK,2026-07-28,,,,,,,,,,,,,113364.0,2026-07-28T00:00:00.000Z,145.0800,838233.00,30000.00,6.0,,Corgi_Adv.40C8.C8_ETF_Holdings.csv,2026-07-27T23:38:01.086Z,
American Battery Technology Co,ABAT,,02451V309,,,6130.0,13915.1,2.797913067424857,,,,,WATS,2026-07-28,,,,,,,,,,,,,114395.0,2026-07-28T00:00:00.000Z,2.2700,497335.00,25000.00,5.0,,Corgi_Adv.40C8.C8_ETF_Holdings.csv,2026-07-27T23:38:01.086Z,
AES Corp/The,AES,,00130H105,,,1390.0,20613.7,4.1448024518670925,,,,,WATS,2026-07-28,,,,,,,,,,,,,114396.0,2026-07-28T00:00:00.000Z,14.8300,497335.00,25000.00,5.0,,Corgi_Adv.40C8.C8_ETF_Holdings.csv,2026-07-27T23:38:01.086Z,
Fluence Energy Inc,FLNC,,34379V103,,,1497.0,20224.47,4.066539866385582,,,,,WATS,2026-07-28,,,,,,,,,,,,,114407.0,2026-07-28T00:00:00.000Z,13.5100,497335.00,25000.00,5.0,,Corgi_Adv.40C8.C8_ETF_Holdings.csv,2026-07-27T23:38:01.086Z,
First American Government Obligations Fund 12/01/2031,FGXXX,,31846V336,,,29901.3,29901.3,6.01226279387075,,,,,WATS,2026-07-28,,,,,,,,,,,,,114406.0,2026-07-28T00:00:00.000Z,100.0000,497335.00,25000.00,5.0,Y,Corgi_Adv.40C8.C8_ETF_Holdings.csv,2026-07-27T23:38:01.086Z,
Eos Energy Enterprises Inc,EOSE,,29415C101,,,3790.0,13681.9,2.7510234778909353,,,,,WATS,2026-07-28,,,,,,,,,,,,,114405.0,2026-07-28T00:00:00.000Z,3.6100,497335.00,25000.00,5.0,,Corgi_Adv.40C8.C8_ETF_Holdings.csv,2026-07-27T23:38:01.086Z,
Enovix Corp,ENVX,,293594107,,,3710.0,15693.3,3.155456241135063,,,,,WATS,2026-07-28,,,,,,,,,,,,,114404.0,2026-07-28T00:00:00.000Z,4.2300,497335.00,25000.00,5.0,,Corgi_Adv.40C8.C8_ETF_Holdings.csv,2026-07-27T23:38:01.086Z,
EnerSys,ENS,,29275Y102,,,155.0,29487.2,5.928999590500266,,,,,WATS,2026-07-28,,,,,,,,,,,,,114403.0,2026-07-28T00:00:00.000Z,190.2400,497335.00,25000.00,5.0,,Corgi_Adv.40C8.C8_ETF_Holdings.csv,2026-07-27T23:38:01.086Z,
Enphase Energy Inc,ENPH,,29355A107,,,915.0,34779.15,6.99305346414537,,,,,WATS,2026-07-28,,,,,,,,,,,,,114402.0,2026-07-28T00:00:00.000Z,38.0100,497335.00,25000.00,5.0,,Corgi_Adv.40C8.C8_ETF_Holdings.csv,2026-07-27T23:38:01.086Z,
Generac Holdings Inc,GNRC,,368736104,,,95.0,18766.3,3.773345214710286,,,,,WATS,2026-07-28,,,,,,,,,,,,,114408.0,2026-07-28T00:00:00.000Z,197.5400,497335.00,25000.00,5.0,,Corgi_Adv.40C8.C8_ETF_Holdings.csv,2026-07-27T23:38:01.086Z,
Atkore Inc,ATKR,,47649108,,,130.0,9787.7,1.9680155895418845,,,,,WATS,2026-07-28,,,,,,,,,,,,,114400.0,2026-07-28T00:00:00.000Z,75.2900,497335.00,25000.00,5.0,,Corgi_Adv.40C8.C8_ETF_Holdings.csv,2026-07-27T23:38:01.086Z,
American Superconductor Corp,AMSC,,30111207,,,333.0,10166.49,2.044179001289544,,,,,WATS,2026-07-28,,,,,,,,,,,,,114399.0,2026-07-28T00:00:00.000Z,30.5300,497335.00,25000.00,5.0,,Corgi_Adv.40C8.C8_ETF_Holdings.csv,2026-07-27T23:38:01.086Z,
Amprius Technologies Inc,AMPX,,03214Q108,,,1315.0,12768.65,2.5673960437491936,,,,,WATS,2026-07-28,,,,,,,,,,,,,114398.0,2026-07-28T00:00:00.000Z,9.7100,497335.00,25000.00,5.0,,Corgi_Adv.40C8.C8_ETF_Holdings.csv,2026-07-27T23:38:01.086Z,
Albemarle Corp,ALB,,12653101,,,155.0,18007.9,3.62085351358453,,,,,WATS,2026-07-28,,,,,,,,,,,,,114397.0,2026-07-28T00:00:00.000Z,116.1800,497335.00,25000.00,5.0,,Corgi_Adv.40C8.C8_ETF_Holdings.csv,2026-07-27T23:38:01.086Z,
Bloom Energy Corp,BE,,93712107,,,220.0,41399.6,8.324229206125871,,,,,WATS,2026-07-28,,,,,,,,,,,,,114401.0,2026-07-28T00:00:00.000Z,188.1800,497335.00,25000.00,5.0,,Corgi_Adv.40C8.C8_ETF_Holdings.csv,2026-07-27T23:38:01.086Z,
Microvast Holdings Inc,MVST,,59516C106,,,10595.0,8503.55,1.7098111881697322,,,,,WATS,2026-07-28,,,,,,,,,,,,,114409.0,2026-07-28T00:00:00.000Z,0.8026,497335.00,25000.00,5.0,,Corgi_Adv.40C8.C8_ETF_Holdings.csv,2026-07-27T23:38:01.086Z,
Sociedad Quimica y Minera de Chile SA,SQM,,833635105,,,305.0,20980.95,4.218645512571779,,,,,WATS,2026-07-28,,,,,,,,,,,,,114415.0,2026-07-28T00:00:00.000Z,68.7900,497335.00,25000.00,5.0,,Corgi_Adv.40C8.C8_ETF_Holdings.csv,2026-07-27T23:38:01.086Z,
Energy Vault Holdings Inc,NRGV,,29280W109,,,5215.0,15279.95,3.0723438404753436,,,,,WATS,2026-07-28,,,,,,,,,,,,,114410.0,2026-07-28T00:00:00.000Z,2.9300,497335.00,25000.00,5.0,,Corgi_Adv.40C8.C8_ETF_Holdings.csv,2026-07-27T23:38:01.086Z,
Tesla Inc,TSLA,,88160R101,,,237.0,73285.14,14.73546369440824,,,,,WATS,2026-07-28,,,,,,,,,,,,,114418.0,2026-07-28T00:00:00.000Z,309.2200,497335.00,25000.00,5.0,,Corgi_Adv.40C8.C8_ETF_Holdings.csv,2026-07-27T23:38:01.086Z,
T1 Energy Inc,TE,,35834F104,,,2017.0,9883.3,1.9872379084074199,,,,,WATS,2026-07-28,,,,,,,,,,,,,114417.0,2026-07-28T00:00:00.000Z,4.9000,497335.00,25000.00,5.0,,Corgi_Adv.40C8.C8_ETF_Holdings.csv,2026-07-27T23:38:01.086Z,
Stem Inc,STEM,,85859N300,,,1712.0,9552.96,1.920816351775191,,,,,WATS,2026-07-28,,,,,,,,,,,,,114416.0,2026-07-28T00:00:00.000Z,5.5800,497335.00,25000.00,5.0,,Corgi_Adv.40C8.C8_ETF_Holdings.csv,2026-07-27T23:38:01.086Z,
Cash & Other,Cash&Other,,Cash&Other,,,-3115.91,-3115.91,-0.6265168993338018,,,,,WATS,2026-07-28,,,,,,,,,,,,,114419.0,2026-07-28T00:00:00.000Z,1.0000,497335.00,25000.00,5.0,Y,Corgi_Adv.40C8.C8_ETF_Holdings.csv,2026-07-27T23:38:01.086Z,
Solid Power Inc,SLDP,,83422N105,,,6220.0,13310.8,2.6764062966043207,,,,,WATS,2026-07-28,,,,,,,,,,,,,114414.0,2026-07-28T00:00:00.000Z,2.1400,497335.00,25000.00,5.0,,Corgi_Adv.40C8.C8_ETF_Holdings.csv,2026-07-27T23:38:01.086Z,
SES AI Corp,SES,,78397Q109,,,15915.0,8839.19,1.7772984172913688,,,,,WATS,2026-07-28,,,,,,,,,,,,,114413.0,2026-07-28T00:00:00.000Z,0.5554,497335.00,25000.00,5.0,,Corgi_Adv.40C8.C8_ETF_Holdings.csv,2026-07-27T23:38:01.086Z,
SolarEdge Technologies Inc,SEDG,,83417M104,,,735.0,31671.15,6.368127030734437,,,,,WATS,2026-07-28,,,,,,,,,,,,,114412.0,2026-07-28T00:00:00.000Z,43.0900,497335.00,25000.00,5.0,,Corgi_Adv.40C8.C8_ETF_Holdings.csv,2026-07-27T23:38:01.086Z,
Sunrun Inc,RUN,,86771W105,,,1997.0,19930.06,4.00734276495041,,,,,WATS,2026-07-28,,,,,,,,,,,,,114411.0,2026-07-28T00:00:00.000Z,9.9800,497335.00,25000.00,5.0,,Corgi_Adv.40C8.C8_ETF_Holdings.csv,2026-07-27T23:38:01.086Z,
Eos Energy Enterprises Inc,EOSER,,29415C127,,,3790.0,24.64,0.004954371724338919,,,,,WATS,2026-07-28,,,,,,,,,,,,,101618.0,2026-07-21T00:00:00.000Z,0.0065,534270.00,25000.00,5.0,,Corgi_Adv.40C8.C8_ETF_Holdings.csv,2026-07-20T23:38:00.951Z,
AbbVie Inc,ABBV,,00287Y109,,,553.0,142071.23,14.015529174476695,,,,,GLAM,2026-07-28,,,,,,,,,,,,,113581.0,2026-07-28T00:00:00.000Z,256.9100,988036.00,35000.00,7.0,,Corgi_Adv.40C8.C8_ETF_Holdings.csv,2026-07-27T23:38:01.086Z,
Establishment Labs Holdings Inc,ESTA,,G31249108,,,406.0,37392.6,3.6888332437857914,,,,,GLAM,2026-07-28,,,,,,,,,,,,,113592.0,2026-07-28T00:00:00.000Z,92.1000,988036.00,35000.00,7.0,,Corgi_Adv.40C8.C8_ETF_Holdings.csv,2026-07-27T23:38:01.086Z,
USANA Health Sciences Inc,USNA,,90328M107,,,840.0,18765.6,1.851253165588556,,,,,GLAM,2026-07-28,,,,,,,,,,,,,113605.0,2026-07-28T00:00:00.000Z,22.3400,988036.00,35000.00,7.0,,Corgi_Adv.40C8.C8_ETF_Holdings.csv,2026-07-27T23:38:01.086Z,
Cash & Other,Cash&Other,,Cash&Other,,,1745.0,1745.0,0.17214673519376042,,,,,GLAM,2026-07-28,,,,,,,,,,,,,113606.0,2026-07-28T00:00:00.000Z,1.0000,988036.00,35000.00,7.0,Y,Corgi_Adv.40C8.C8_ETF_Holdings.csv,2026-07-27T23:38:01.086Z,
AirSculpt Technologies Inc,AIRS,,9496100,,,4270.0,20026.3,1.9756230160520367,,,,,GLAM,2026-07-28,,,,,,,,,,,,,113582.0,2026-07-28T00:00:00.000Z,4.6900,988036.00,35000.00,7.0,,Corgi_Adv.40C8.C8_ETF_Holdings.csv,2026-07-27T23:38:01.086Z,
Align Technology Inc,ALGN,,16255101,,,238.0,39995.9,3.945652496353079,,,,,GLAM,2026-07-28,,,,,,,,,,,,,113583.0,2026-07-28T00:00:00.000Z,168.0500,988036.00,35000.00,7.0,,Corgi_Adv.40C8.C8_ETF_Holdings.csv,2026-07-27T23:38:01.086Z,
AptarGroup Inc,ATR,,38336103,,,329.0,43878.73,4.328699205701153,,,,,GLAM,2026-07-28,,,,,,,,,,,,,113584.0,2026-07-28T00:00:00.000Z,133.3700,988036.00,35000.00,7.0,,Corgi_Adv.40C8.C8_ETF_Holdings.csv,2026-07-27T23:38:01.086Z,
Bath & Body Works Inc,BBWI,,70830104,,,1680.0,34423.2,3.395897704826277,,,,,GLAM,2026-07-28,,,,,,,,,,,,,113585.0,2026-07-28T00:00:00.000Z,20.4900,988036.00,35000.00,7.0,,Corgi_Adv.40C8.C8_ETF_Holdings.csv,2026-07-27T23:38:01.086Z,
Colgate-Palmolive Co,CL,,194162103,,,833.0,76619.34,7.558607010716731,,,,,GLAM,2026-07-28,,,,,,,,,,,,,113586.0,2026-07-28T00:00:00.000Z,91.9800,988036.00,35000.00,7.0,,Corgi_Adv.40C8.C8_ETF_Holdings.csv,2026-07-27T23:38:01.086Z,
Estee Lauder Cos Inc/The,EL,,518439104,,,581.0,48339.2,4.768730923712449,,,,,GLAM,2026-07-28,,,,,,,,,,,,,113588.0,2026-07-28T00:00:00.000Z,83.2000,988036.00,35000.00,7.0,,Corgi_Adv.40C8.C8_ETF_Holdings.csv,2026-07-27T23:38:01.086Z,
elf Beauty Inc,ELF,,26856L103,,,504.0,42341.04,4.1770038972541075,,,,,GLAM,2026-07-28,,,,,,,,,,,,,113589.0,2026-07-28T00:00:00.000Z,84.0100,988036.00,35000.00,7.0,,Corgi_Adv.40C8.C8_ETF_Holdings.csv,2026-07-27T23:38:01.086Z,
Evolus Inc,EOLS,,30052C107,,,4605.0,28458.9,2.807511015590664,,,,,GLAM,2026-07-28,,,,,,,,,,,,,113590.0,2026-07-28T00:00:00.000Z,6.1800,988036.00,35000.00,7.0,,Corgi_Adv.40C8.C8_ETF_Holdings.csv,2026-07-27T23:38:01.086Z,
Edgewell Personal Care Co,EPC,,28035Q102,,,1036.0,28811.16,2.8422619662722424,,,,,GLAM,2026-07-28,,,,,,,,,,,,,113591.0,2026-07-28T00:00:00.000Z,27.8100,988036.00,35000.00,7.0,,Corgi_Adv.40C8.C8_ETF_Holdings.csv,2026-07-27T23:38:01.086Z,
Coty Inc,COTY,,222070203,,,9380.0,25513.6,2.516952975953883,,,,,GLAM,2026-07-28,,,,,,,,,,,,,113587.0,2026-07-28T00:00:00.000Z,2.7200,988036.00,35000.00,7.0,,Corgi_Adv.40C8.C8_ETF_Holdings.csv,2026-07-27T23:38:01.086Z,
First American Government Obligations Fund 12/01/2031,FGXXX,,31846V336,,,46183.05,46183.05,4.556023655467162,,,,,GLAM,2026-07-28,,,,,,,,,,,,,113593.0,2026-07-28T00:00:00.000Z,100.0000,988036.00,35000.00,7.0,Y,Corgi_Adv.40C8.C8_ETF_Holdings.csv,2026-07-27T23:38:01.086Z,
Interparfums Inc,IPAR,,458334109,,,301.0,37534.7,3.7028516111617416,,,,,GLAM,2026-07-28,,,,,,,,,,,,,113599.0,2026-07-28T00:00:00.000Z,124.7000,988036.00,35000.00,7.0,,Corgi_Adv.40C8.C8_ETF_Holdings.csv,2026-07-27T23:38:01.086Z,
Helen of Troy Ltd,HELE,,G4388N106,,,784.0,22163.68,2.186478597065469,,,,,GLAM,2026-07-28,,,,,,,,,,,,,113594.0,2026-07-28T00:00:00.000Z,28.2700,988036.00,35000.00,7.0,,Corgi_Adv.40C8.C8_ETF_Holdings.csv,2026-07-27T23:38:01.086Z,
Sally Beauty Holdings Inc,SBH,,79546E104,,,1764.0,26460.0,2.610316683797651,,,,,GLAM,2026-07-28,,,,,,,,,,,,,113603.0,2026-07-28T00:00:00.000Z,15.0000,988036.00,35000.00,7.0,,Corgi_Adv.40C8.C8_ETF_Holdings.csv,2026-07-27T23:38:01.086Z,
Oddity Tech Ltd,ODD,,M7518J104,,,1323.0,21736.89,2.14437515573977,,,,,GLAM,2026-07-28,,,,,,,,,,,,,113602.0,2026-07-28T00:00:00.000Z,16.4300,988036.00,35000.00,7.0,,Corgi_Adv.40C8.C8_ETF_Holdings.csv,2026-07-27T23:38:01.086Z,
Nu Skin Enterprises Inc,NUS,,67018T105,,,2464.0,12664.96,1.2494163411802681,,,,,GLAM,2026-07-28,,,,,,,,,,,,,113601.0,2026-07-28T00:00:00.000Z,5.1400,988036.00,35000.00,7.0,,Corgi_Adv.40C8.C8_ETF_Holdings.csv,2026-07-27T23:38:01.086Z,
Kenvue Inc,KVUE,,49177J102,,,2590.0,50453.2,4.977280034428558,,,,,GLAM,2026-07-28,,,,,,,,,,,,,113600.0,2026-07-28T00:00:00.000Z,19.4800,988036.00,35000.00,7.0,,Corgi_Adv.40C8.C8_ETF_Holdings.csv,2026-07-27T23:38:01.086Z,
ULTA BEAUTY INC,ULTA,,90384S303,,,95.0,45648.45,4.503284604100637,,,,,GLAM,2026-07-28,,,,,,,,,,,,,113604.0,2026-07-28T00:00:00.000Z,480.5100,988036.00,35000.00,7.0,,Corgi_Adv.40C8.C8_ETF_Holdings.csv,2026-07-27T23:38:01.086Z,
Inmode Ltd,INMD,,M5425M103,,,1582.0,24331.16,2.400303585946714,,,,,GLAM,2026-07-28,,,,,,,,,,,,,113598.0,2026-07-28T00:00:00.000Z,15.3800,988036.00,35000.00,7.0,,Corgi_Adv.40C8.C8_ETF_Holdings.csv,2026-07-27T23:38:01.086Z,
International Flavors & Fragrances Inc,IFF,,459506101,,,637.0,48666.8,4.8010491302737535,,,,,GLAM,2026-07-28,,,,,,,,,,,,,113597.0,2026-07-28T00:00:00.000Z,76.4000,988036.00,35000.00,7.0,,Corgi_Adv.40C8.C8_ETF_Holdings.csv,2026-07-27T23:38:01.086Z,
Honest Co Inc/The,HNST,,438333106,,,4977.0,19111.68,1.8853944504687032,,,,,GLAM,2026-07-28,,,,,,,,,,,,,113596.0,2026-07-28T00:00:00.000Z,3.8400,988036.00,35000.00,7.0,,Corgi_Adv.40C8.C8_ETF_Holdings.csv,2026-07-27T23:38:01.086Z,
Hims & Hers Health Inc,HIMS,,433000106,,,1478.0,44694.72,4.409197781317633,,,,,GLAM,2026-07-28,,,,,,,,,,,,,113595.0,2026-07-28T00:00:00.000Z,30.2400,988036.00,35000.00,7.0,,Corgi_Adv.40C8.C8_ETF_Holdings.csv,2026-07-27T23:38:01.086Z,
Olaplex Holdings Inc,OLPX,,679369108,,,12386.0,25639.02,2.5293258375745142,,,,,GLAM,2026-07-28,,,,,,,,,,,,,72533.0,2026-07-07T00:00:00.000Z,2.0700,1562709.50,55000.00,11.0,,Corgi_Adv.40C8.C8_ETF_Holdings.csv,2026-07-06T23:38:01.855Z,
American International Group Inc,AIG,,26874784,,,135.0,10686.6,1.5722567205419535,,,,,NYNY,2026-07-28,,,,,,,,,,,,,113966.0,2026-07-28T00:00:00.000Z,79.1600,679700.00,25000.00,5.0,,Corgi_Adv.40C8.C8_ETF_Holdings.csv,2026-07-27T23:38:01.086Z,
MongoDB Inc,MDB,,60937P106,,,25.0,7742.75,1.139145352401719,,,,,NYNY,2026-07-28,,,,,,,,,,,,,113997.0,2026-07-28T00:00:00.000Z,309.7100,679700.00,25000.00,5.0,,Corgi_Adv.40C8.C8_ETF_Holdings.csv,2026-07-27T23:38:01.086Z,
MarketAxess Holdings Inc,MKTX,,57060D108,,,20.0,2359.4,0.34712467075091097,,,,,NYNY,2026-07-28,,,,,,,,,,,,,113999.0,2026-07-28T00:00:00.000Z,117.9700,679700.00,25000.00,5.0,,Corgi_Adv.40C8.C8_ETF_Holdings.csv,2026-07-27T23:38:01.086Z,
Marsh & McLennan Cos Inc,MRSH,,571748102,,,90.0,16497.9,2.427239173341296,,,,,NYNY,2026-07-28,,,,,,,,,,,,,114000.0,2026-07-28T00:00:00.000Z,183.3100,679700.00,25000.00,5.0,,Corgi_Adv.40C8.C8_ETF_Holdings.csv,2026-07-27T23:38:01.086Z,
Morgan Stanley,MS,,617446448,,,140.0,30038.4,4.41937344658988,,,,,NYNY,2026-07-28,,,,,,,,,,,,,114001.0,2026-07-28T00:00:00.000Z,214.5600,679700.00,25000.00,5.0,,Corgi_Adv.40C8.C8_ETF_Holdings.csv,2026-07-27T23:38:01.086Z,
MSCI Inc,MSCI,,55354G100,,,20.0,11420.6,1.6802458314731938,,,,,NYNY,2026-07-28,,,,,,,,,,,,,114002.0,2026-07-28T00:00:00.000Z,571.0300,679700.00,25000.00,5.0,,Corgi_Adv.40C8.C8_ETF_Holdings.csv,2026-07-27T23:38:01.086Z,
Madison Square Garden Sports Corp,MSGS,,55825T103,,,10.0,3972.9,0.5845094534315055,,,,,NYNY,2026-07-28,,,,,,,,,,,,,114003.0,2026-07-28T00:00:00.000Z,397.2900,679700.00,25000.00,5.0,,Corgi_Adv.40C8.C8_ETF_Holdings.csv,2026-07-27T23:38:01.086Z,
Nasdaq Inc,NDAQ,,631103108,,,125.0,11742.5,1.7276050887058456,,,,,NYNY,2026-07-28,,,,,,,,,,,,,114004.0,2026-07-28T00:00:00.000Z,93.9400,679700.00,25000.00,5.0,,Corgi_Adv.40C8.C8_ETF_Holdings.csv,2026-07-27T23:38:01.086Z,
Annaly Capital Management Inc,NLY,,35710839,,,265.0,5981.05,0.8799567737538085,,,,,NYNY,2026-07-28,,,,,,,,,,,,,114005.0,2026-07-28T00:00:00.000Z,22.5700,679700.00,25000.00,5.0,,Corgi_Adv.40C8.C8_ETF_Holdings.csv,2026-07-27T23:38:01.086Z,
News Corp,NWSA,,65249B109,,,170.0,4639.3,0.6825529732197598,,,,,NYNY,2026-07-28,,,,,,,,,,,,,114006.0,2026-07-28T00:00:00.000Z,27.2900,679700.00,25000.00,5.0,,Corgi_Adv.40C8.C8_ETF_Holdings.csv,2026-07-27T23:38:01.086Z,
New York Times Co/The,NYT,,650111107,,,65.0,4704.05,0.6920792605941437,,,,,NYNY,2026-07-28,,,,,,,,,,,,,114007.0,2026-07-28T00:00:00.000Z,72.3700,679700.00,25000.00,5.0,,Corgi_Adv.40C8.C8_ETF_Holdings.csv,2026-07-27T23:38:01.086Z,
Omnicom Group Inc,OMC,,681919106,,,95.0,7828.95,1.1518274523503196,,,,,NYNY,2026-07-28,,,,,,,,,,,,,114008.0,2026-07-28T00:00:00.000Z,82.4100,679700.00,25000.00,5.0,,Corgi_Adv.40C8.C8_ETF_Holdings.csv,2026-07-27T23:38:01.086Z,
Blue Owl Capital Inc,OWL,,09581B103,,,355.0,3436.4,0.5055773580437528,,,,,NYNY,2026-07-28,,,,,,,,,,,,,114009.0,2026-07-28T00:00:00.000Z,9.6800,679700.00,25000.00,5.0,,Corgi_Adv.40C8.C8_ETF_Holdings.csv,2026-07-27T23:38:01.086Z,
Pfizer Inc,PFE,,717081103,,,860.0,21216.2,3.121414952778451,,,,,NYNY,2026-07-28,,,,,,,,,,,,,114010.0,2026-07-28T00:00:00.000Z,24.6700,679700.00,25000.00,5.0,,Corgi_Adv.40C8.C8_ETF_Holdings.csv,2026-07-27T23:38:01.086Z,
Paramount Skydance Corp,PSKY,,69932A204,,,360.0,2890.8,0.4253064330790597,,,,,NYNY,2026-07-28,,,,,,,,,,,,,114012.0,2026-07-28T00:00:00.000Z,8.0300,679700.00,25000.00,5.0,,Corgi_Adv.40C8.C8_ETF_Holdings.csv,2026-07-27T23:38:01.086Z,
Rithm Capital Corp,RITM,,64828T201,,,320.0,2953.6,0.434545828401242,,,,,NYNY,2026-07-28,,,,,,,,,,,,,114013.0,2026-07-28T00:00:00.000Z,9.2300,679700.00,25000.00,5.0,,Corgi_Adv.40C8.C8_ETF_Holdings.csv,2026-07-27T23:38:01.086Z,
Ralph Lauren Corp,RL,,751212101,,,15.0,5699.1,0.8384751254880548,,,,,NYNY,2026-07-28,,,,,,,,,,,,,114014.0,2026-07-28T00:00:00.000Z,379.9400,679700.00,25000.00,5.0,,Corgi_Adv.40C8.C8_ETF_Holdings.csv,2026-07-27T23:38:01.086Z,
StoneX Group Inc,SNEX,,861896108,,,45.0,3349.35,0.4927702025852181,,,,,NYNY,2026-07-28,,,,,,,,,,,,,114015.0,2026-07-28T00:00:00.000Z,74.4300,679700.00,25000.00,5.0,,Corgi_Adv.40C8.C8_ETF_Holdings.csv,2026-07-27T23:38:01.086Z,
S&P Global Inc,SPGI,,78409V104,,,45.0,19792.35,2.911932261226071,,,,,NYNY,2026-07-28,,,,,,,,,,,,,114016.0,2026-07-28T00:00:00.000Z,439.8300,679700.00,25000.00,5.0,,Corgi_Adv.40C8.C8_ETF_Holdings.csv,2026-07-27T23:38:01.086Z,
Tapestry Inc,TPR,,876030107,,,60.0,8845.8,1.3014306232637143,,,,,NYNY,2026-07-28,,,,,,,,,,,,,114017.0,2026-07-28T00:00:00.000Z,147.4300,679700.00,25000.00,5.0,,Corgi_Adv.40C8.C8_ETF_Holdings.csv,2026-07-27T23:38:01.086Z,
Travelers Cos Inc/The,TRV,,89417E109,,,45.0,17565.75,2.5843456748507307,,,,,NYNY,2026-07-28,,,,,,,,,,,,,114018.0,2026-07-28T00:00:00.000Z,390.3500,679700.00,25000.00,5.0,,Corgi_Adv.40C8.C8_ETF_Holdings.csv,2026-07-27T23:38:01.086Z,
Tradeweb Markets Inc,TW,,892672106,,,50.0,5100.75,0.7504434027009871,,,,,NYNY,2026-07-28,,,,,,,,,,,,,114019.0,2026-07-28T00:00:00.000Z,102.0150,679700.00,25000.00,5.0,,Corgi_Adv.40C8.C8_ETF_Holdings.csv,2026-07-27T23:38:01.086Z,
VICI Properties Inc,VICI,,925652109,,,310.0,8292.5,1.2200268425031489,,,,,NYNY,2026-07-28,,,,,,,,,,,,,114020.0,2026-07-28T00:00:00.000Z,26.7500,679700.00,25000.00,5.0,,Corgi_Adv.40C8.C8_ETF_Holdings.csv,2026-07-27T23:38:01.086Z,
Virtu Financial Inc,VIRT,,928254101,,,55.0,3236.75,0.47620402562219677,,,,,NYNY,2026-07-28,,,,,,,,,,,,,114021.0,2026-07-28T00:00:00.000Z,58.8500,679700.00,25000.00,5.0,,Corgi_Adv.40C8.C8_ETF_Holdings.csv,2026-07-27T23:38:01.086Z,
Verizon Communications Inc,VZ,,92343V104,,,565.0,26735.8,3.933481297051032,,,,,NYNY,2026-07-28,,,,,,,,,,,,,114022.0,2026-07-28T00:00:00.000Z,47.3200,679700.00,25000.00,5.0,,Corgi_Adv.40C8.C8_ETF_Holdings.csv,2026-07-27T23:38:01.086Z,
Warner Bros Discovery Inc,WBD,,934423104,,,510.0,12892.8,1.8968419746788776,,,,,NYNY,2026-07-28,,,,,,,,,,,,,114023.0,2026-07-28T00:00:00.000Z,25.2800,679700.00,25000.00,5.0,,Corgi_Adv.40C8.C8_ETF_Holdings.csv,2026-07-27T23:38:01.086Z,
WP Carey Inc,WPC,,92936U109,,,80.0,6096.8,0.8969863917242323,,,,,NYNY,2026-07-28,,,,,,,,,,,,,114024.0,2026-07-28T00:00:00.000Z,76.2100,679700.00,25000.00,5.0,,Corgi_Adv.40C8.C8_ETF_Holdings.csv,2026-07-27T23:38:01.086Z,
Cash & Other,Cash&Other,,Cash&Other,,,2779.85,2779.85,0.40898301092943956,,,,,NYNY,2026-07-28,,,,,,,,,,,,,114025.0,2026-07-28T00:00:00.000Z,1.0000,679700.00,25000.00,5.0,Y,Corgi_Adv.40C8.C8_ETF_Holdings.csv,2026-07-27T23:38:01.086Z,
Assurant Inc,AIZ,,04621X108,,,20.0,5537.4,0.8146851537747284,,,,,NYNY,2026-07-28,,,,,,,,,,,,,113967.0,2026-07-28T00:00:00.000Z,276.8700,679700.00,25000.00,5.0,,Corgi_Adv.40C8.C8_ETF_Holdings.csv,2026-07-27T23:38:01.086Z,
MetLife Inc,MET,,59156R108,,,130.0,12374.7,1.820616963270873,,,,,NYNY,2026-07-28,,,,,,,,,,,,,113998.0,2026-07-28T00:00:00.000Z,95.1900,679700.00,25000.00,5.0,,Corgi_Adv.40C8.C8_ETF_Holdings.csv,2026-07-27T23:38:01.086Z,
PJT Partners Inc,PJT,,69343T107,,,15.0,2532.3,0.3725624327127795,,,,,NYNY,2026-07-28,,,,,,,,,,,,,114011.0,2026-07-28T00:00:00.000Z,168.8200,679700.00,25000.00,5.0,,Corgi_Adv.40C8.C8_ETF_Holdings.csv,2026-07-27T23:38:01.086Z,
Moody's Corp,MCO,,615369105,,,30.0,14578.8,2.1448932567361956,,,,,NYNY,2026-07-28,,,,,,,,,,,,,113996.0,2026-07-28T00:00:00.000Z,485.9600,679700.00,25000.00,5.0,,Corgi_Adv.40C8.C8_ETF_Holdings.csv,2026-07-27T23:38:01.086Z,
DigitalOcean Holdings Inc,DOCN,,25402D102,,,40.0,4808.0,0.707372813838425,,,,,NYNY,2026-07-28,,,,,,,,,,,,,113981.0,2026-07-28T00:00:00.000Z,120.2000,679700.00,25000.00,5.0,,Corgi_Adv.40C8.C8_ETF_Holdings.csv,2026-07-27T23:38:01.086Z,
Moelis & Co,MC,,60786M105,,,40.0,2711.2,0.39888293945065256,,,,,NYNY,2026-07-28,,,,,,,,,,,,,113995.0,2026-07-28T00:00:00.000Z,67.7800,679700.00,25000.00,5.0,,Corgi_Adv.40C8.C8_ETF_Holdings.csv,2026-07-27T23:38:01.086Z,
American Express Co,AXP,,25816109,,,70.0,23477.3,3.454077321615818,,,,,NYNY,2026-07-28,,,,,,,,,,,,,113969.0,2026-07-28T00:00:00.000Z,335.3900,679700.00,25000.00,5.0,,Corgi_Adv.40C8.C8_ETF_Holdings.csv,2026-07-27T23:38:01.086Z,
Axsome Therapeutics Inc,AXSM,,05464T104,,,20.0,4767.4,0.7013995741874599,,,,,NYNY,2026-07-28,,,,,,,,,,,,,113970.0,2026-07-28T00:00:00.000Z,238.3700,679700.00,25000.00,5.0,,Corgi_Adv.40C8.C8_ETF_Holdings.csv,2026-07-27T23:38:01.086Z,
BGC Group Inc,BGC,,88929104,,,225.0,2652.75,0.3902835340910736,,,,,NYNY,2026-07-28,,,,,,,,,,,,,113971.0,2026-07-28T00:00:00.000Z,11.7900,679700.00,25000.00,5.0,,Corgi_Adv.40C8.C8_ETF_Holdings.csv,2026-07-27T23:38:01.086Z,
Blackrock Inc,BLK,,09290D101,,,20.0,21242.8,3.125328454618738,,,,,NYNY,2026-07-28,,,,,,,,,,,,,113972.0,2026-07-28T00:00:00.000Z,1062.1400,679700.00,25000.00,5.0,,Corgi_Adv.40C8.C8_ETF_Holdings.csv,2026-07-27T23:38:01.086Z,
Bristol-Myers Squibb Co,BMY,,110122108,,,340.0,21270.4,3.12938908058836,,,,,NYNY,2026-07-28,,,,,,,,,,,,,113973.0,2026-07-28T00:00:00.000Z,62.5600,679700.00,25000.00,5.0,,Corgi_Adv.40C8.C8_ETF_Holdings.csv,2026-07-27T23:38:01.086Z,
Bank of New York Mellon Corp/The,BNY,,64058100,,,115.0,18143.55,2.669353996779982,,,,,NYNY,2026-07-28,,,,,,,,,,,,,113974.0,2026-07-28T00:00:00.000Z,157.7700,679700.00,25000.00,5.0,,Corgi_Adv.40C8.C8_ETF_Holdings.csv,2026-07-27T23:38:01.086Z,
Brixmor Property Group Inc,BRX,,11120U105,,,140.0,4529.0,0.6663251817542069,,,,,NYNY,2026-07-28,,,,,,,,,,,,,113975.0,2026-07-28T00:00:00.000Z,32.3500,679700.00,25000.00,5.0,,Corgi_Adv.40C8.C8_ETF_Holdings.csv,2026-07-27T23:38:01.086Z,
Blackstone Inc,BX,,09260D107,,,125.0,16575.0,2.4385824437129564,,,,,NYNY,2026-07-28,,,,,,,,,,,,,113976.0,2026-07-28T00:00:00.000Z,132.6000,679700.00,25000.00,5.0,,Corgi_Adv.40C8.C8_ETF_Holdings.csv,2026-07-27T23:38:01.086Z,
Citigroup Inc,C,,172967424,,,200.0,26620.0,3.9164443228741415,,,,,NYNY,2026-07-28,,,,,,,,,,,,,113977.0,2026-07-28T00:00:00.000Z,133.1000,679700.00,25000.00,5.0,,Corgi_Adv.40C8.C8_ETF_Holdings.csv,2026-07-27T23:38:01.086Z,
Colgate-Palmolive Co,CL,,194162103,,,170.0,15636.6,2.3005211607458227,,,,,NYNY,2026-07-28,,,,,,,,,,,,,113978.0,2026-07-28T00:00:00.000Z,91.9800,679700.00,25000.00,5.0,,Corgi_Adv.40C8.C8_ETF_Holdings.csv,2026-07-27T23:38:01.086Z,
Compass Inc,COMP,,20464U100,,,420.0,4956.0,0.729147184979874,,,,,NYNY,2026-07-28,,,,,,,,,,,,,113979.0,2026-07-28T00:00:00.000Z,11.8000,679700.00,25000.00,5.0,,Corgi_Adv.40C8.C8_ETF_Holdings.csv,2026-07-27T23:38:01.086Z,
Datadog Inc,DDOG,,23804L103,,,80.0,20148.8,2.9643746571272165,,,,,NYNY,2026-07-28,,,,,,,,,,,,,113980.0,2026-07-28T00:00:00.000Z,251.8600,679700.00,25000.00,5.0,,Corgi_Adv.40C8.C8_ETF_Holdings.csv,2026-07-27T23:38:01.086Z,
Apollo Global Management Inc,APO,,03769M106,,,90.0,11181.6,1.6450831645623405,,,,,NYNY,2026-07-28,,,,,,,,,,,,,113968.0,2026-07-28T00:00:00.000Z,124.2400,679700.00,25000.00,5.0,,Corgi_Adv.40C8.C8_ETF_Holdings.csv,2026-07-27T23:38:01.086Z,
Consolidated Edison Inc,ED,,209115104,,,100.0,11150.0,1.6404340420753825,,,,,NYNY,2026-07-28,,,,,,,,,,,,,113982.0,2026-07-28T00:00:00.000Z,111.5000,679700.00,25000.00,5.0,,Corgi_Adv.40C8.C8_ETF_Holdings.csv,2026-07-27T23:38:01.086Z,
Goldman Sachs Group Inc/The,GS,,38141G104,,,30.0,31446.9,4.626597782756981,,,,,NYNY,2026-07-28,,,,,,,,,,,,,113988.0,2026-07-28T00:00:00.000Z,1048.2300,679700.00,25000.00,5.0,,Corgi_Adv.40C8.C8_ETF_Holdings.csv,2026-07-27T23:38:01.086Z,
Lazard Inc,LAZ,,52110M109,,,60.0,2579.4,0.3794919792044163,,,,,NYNY,2026-07-28,,,,,,,,,,,,,113993.0,2026-07-28T00:00:00.000Z,42.9900,679700.00,25000.00,5.0,,Corgi_Adv.40C8.C8_ETF_Holdings.csv,2026-07-27T23:38:01.086Z,
Loews Corp,L,,540424108,,,60.0,7112.4,1.0464056574759595,,,,,NYNY,2026-07-28,,,,,,,,,,,,,113992.0,2026-07-28T00:00:00.000Z,118.5400,679700.00,25000.00,5.0,,Corgi_Adv.40C8.C8_ETF_Holdings.csv,2026-07-27T23:38:01.086Z,
KKR & Co Inc,KKR,,48251W104,,,130.0,13211.9,1.943789284349394,,,,,NYNY,2026-07-28,,,,,,,,,,,,,113991.0,2026-07-28T00:00:00.000Z,101.6300,679700.00,25000.00,5.0,,Corgi_Adv.40C8.C8_ETF_Holdings.csv,2026-07-27T23:38:01.086Z,
JPMORGAN CHASE & CO.,JPM,,46625H100,,,190.0,67678.0,9.957066825074236,,,,,NYNY,2026-07-28,,,,,,,,,,,,,113990.0,2026-07-28T00:00:00.000Z,356.2000,679700.00,25000.00,5.0,,Corgi_Adv.40C8.C8_ETF_Holdings.csv,2026-07-27T23:38:01.086Z,
Jefferies Financial Group Inc,JEF,,47233W109,,,75.0,4218.0,0.620569577531297,,,,,NYNY,2026-07-28,,,,,,,,,,,,,113989.0,2026-07-28T00:00:00.000Z,56.2400,679700.00,25000.00,5.0,,Corgi_Adv.40C8.C8_ETF_Holdings.csv,2026-07-27T23:38:01.086Z,
Mobility Global Inc,MBGL,,60744M106,,,45.0,927.9,0.1365164796091253,,,,,NYNY,2026-07-28,,,,,,,,,,,,,113994.0,2026-07-28T00:00:00.000Z,20.6200,679700.00,25000.00,5.0,,Corgi_Adv.40C8.C8_ETF_Holdings.csv,2026-07-27T23:38:01.086Z,
Fox Corp,FOXA,,35137L105,,,75.0,4248.0,0.6249833014113205,,,,,NYNY,2026-07-28,,,,,,,,,,,,,113987.0,2026-07-28T00:00:00.000Z,56.6400,679700.00,25000.00,5.0,,Corgi_Adv.40C8.C8_ETF_Holdings.csv,2026-07-27T23:38:01.086Z,
Evercore Inc,EVR,,29977A105,,,15.0,5101.65,0.7505758144173879,,,,,NYNY,2026-07-28,,,,,,,,,,,,,113985.0,2026-07-28T00:00:00.000Z,340.1100,679700.00,25000.00,5.0,,Corgi_Adv.40C8.C8_ETF_Holdings.csv,2026-07-27T23:38:01.086Z,
Etsy Inc,ETSY,,29786A106,,,45.0,3772.8,0.5550699151517491,,,,,NYNY,2026-07-28,,,,,,,,,,,,,113984.0,2026-07-28T00:00:00.000Z,83.8400,679700.00,25000.00,5.0,,Corgi_Adv.40C8.C8_ETF_Holdings.csv,2026-07-27T23:38:01.086Z,
Estee Lauder Cos Inc/The,EL,,518439104,,,85.0,7072.0,1.0404618426508614,,,,,NYNY,2026-07-28,,,,,,,,,,,,,113983.0,2026-07-28T00:00:00.000Z,83.2000,679700.00,25000.00,5.0,,Corgi_Adv.40C8.C8_ETF_Holdings.csv,2026-07-27T23:38:01.086Z,
First American Government Obligations Fund 12/01/2031,FGXXX,,31846V336,,,18936.61,18936.61,2.7860322587896955,,,,,NYNY,2026-07-28,,,,,,,,,,,,,113986.0,2026-07-28T00:00:00.000Z,100.0000,679700.00,25000.00,5.0,Y,Corgi_Adv.40C8.C8_ETF_Holdings.csv,2026-07-27T23:38:01.086Z,
American Eagle Outfitters Inc,AEO,,02553E106,,,466.0,8280.82,2.074564645738904,,,,,STYL,2026-07-28,,,,,,,,,,,,,114301.0,2026-07-28T00:00:00.000Z,17.7700,399162.00,15000.00,3.0,,Corgi_Adv.40C8.C8_ETF_Holdings.csv,2026-07-27T23:38:01.086Z,
Under Armour Inc,UAA,,904311107,,,696.0,4927.68,1.2345143009405692,,,,,STYL,2026-07-28,,,,,,,,,,,,,114340.0,2026-07-28T00:00:00.000Z,7.0800,399162.00,15000.00,3.0,,Corgi_Adv.40C8.C8_ETF_Holdings.csv,2026-07-27T23:38:01.086Z,
PVH Corp,PVH,,693656100,,,81.0,6798.33,1.7031616516318633,,,,,STYL,2026-07-28,,,,,,,,,,,,,114329.0,2026-07-28T00:00:00.000Z,83.9300,399162.00,15000.00,3.0,,Corgi_Adv.40C8.C8_ETF_Holdings.csv,2026-07-27T23:38:01.086Z,
FERRARI NV,RACE,,N3167Y103,,,78.0,29640.78,7.4258001333352,,,,,STYL,2026-07-28,,,,,,,,,,,,,114330.0,2026-07-28T00:00:00.000Z,380.0100,399162.00,15000.00,3.0,,Corgi_Adv.40C8.C8_ETF_Holdings.csv,2026-07-27T23:38:01.086Z,
Rocky Brands Inc,RCKY,,774515100,,,48.0,1993.92,0.49952974927986793,,,,,STYL,2026-07-28,,,,,,,,,,,,,114331.0,2026-07-28T00:00:00.000Z,41.5400,399162.00,15000.00,3.0,,Corgi_Adv.40C8.C8_ETF_Holdings.csv,2026-07-27T23:38:01.086Z,
RealReal Inc/The,REAL,,88339P101,,,327.0,3812.82,0.9552123548834789,,,,,STYL,2026-07-28,,,,,,,,,,,,,114332.0,2026-07-28T00:00:00.000Z,11.6600,399162.00,15000.00,3.0,,Corgi_Adv.40C8.C8_ETF_Holdings.csv,2026-07-27T23:38:01.086Z,
RH,RH,,74967X103,,,45.0,8080.65,2.0244167612132706,,,,,STYL,2026-07-28,,,,,,,,,,,,,114333.0,2026-07-28T00:00:00.000Z,179.5700,399162.00,15000.00,3.0,,Corgi_Adv.40C8.C8_ETF_Holdings.csv,2026-07-27T23:38:01.086Z,
Ralph Lauren Corp,RL,,751212101,,,42.0,15957.48,3.9977712162667043,,,,,STYL,2026-07-28,,,,,,,,,,,,,114334.0,2026-07-28T00:00:00.000Z,379.9400,399162.00,15000.00,3.0,,Corgi_Adv.40C8.C8_ETF_Holdings.csv,2026-07-27T23:38:01.086Z,
Revolve Group Inc,RVLV,,76156B107,,,147.0,3783.78,0.9479370660458688,,,,,STYL,2026-07-28,,,,,,,,,,,,,114335.0,2026-07-28T00:00:00.000Z,25.7400,399162.00,15000.00,3.0,,Corgi_Adv.40C8.C8_ETF_Holdings.csv,2026-07-27T23:38:01.086Z,
Stitch Fix Inc,SFIX,,860897107,,,469.0,1885.38,0.47233760566987515,,,,,STYL,2026-07-28,,,,,,,,,,,,,114336.0,2026-07-28T00:00:00.000Z,4.0200,399162.00,15000.00,3.0,,Corgi_Adv.40C8.C8_ETF_Holdings.csv,2026-07-27T23:38:01.086Z,
Steven Madden Ltd,SHOO,,556269108,,,168.0,7312.2,1.8318996914039931,,,,,STYL,2026-07-28,,,,,,,,,,,,,114337.0,2026-07-28T00:00:00.000Z,43.5250,399162.00,15000.00,3.0,,Corgi_Adv.40C8.C8_ETF_Holdings.csv,2026-07-27T23:38:01.086Z,
Tapestry Inc,TPR,,876030107,,,126.0,18576.18,4.65382489667474,,,,,STYL,2026-07-28,,,,,,,,,,,,,114339.0,2026-07-28T00:00:00.000Z,147.4300,399162.00,15000.00,3.0,,Corgi_Adv.40C8.C8_ETF_Holdings.csv,2026-07-27T23:38:01.086Z,
Urban Outfitters Inc,URBN,,917047102,,,117.0,8495.37,2.1283151009768257,,,,,STYL,2026-07-28,,,,,,,,,,,,,114341.0,2026-07-28T00:00:00.000Z,72.6100,399162.00,15000.00,3.0,,Corgi_Adv.40C8.C8_ETF_Holdings.csv,2026-07-27T23:38:01.086Z,
On Holding AG,ONON,,H5919C104,,,398.0,14749.88,3.695235444906585,,,,,STYL,2026-07-28,,,,,,,,,,,,,114327.0,2026-07-28T00:00:00.000Z,37.0600,399162.00,15000.00,3.0,,Corgi_Adv.40C8.C8_ETF_Holdings.csv,2026-07-27T23:38:01.086Z,
VF Corp,VFC,,918204108,,,561.0,9604.32,2.406136435565931,,,,,STYL,2026-07-28,,,,,,,,,,,,,114342.0,2026-07-28T00:00:00.000Z,17.1200,399162.00,15000.00,3.0,,Corgi_Adv.40C8.C8_ETF_Holdings.csv,2026-07-27T23:38:01.086Z,
Victoria's Secret & Co,VSXY,,926400102,,,156.0,13309.92,3.334487341786581,,,,,STYL,2026-07-28,,,,,,,,,,,,,114343.0,2026-07-28T00:00:00.000Z,85.3200,399162.00,15000.00,3.0,,Corgi_Adv.40C8.C8_ETF_Holdings.csv,2026-07-27T23:38:01.086Z,
Warby Parker Inc,WRBY,,93403J106,,,267.0,6637.62,1.662899541814635,,,,,STYL,2026-07-28,,,,,,,,,,,,,114344.0,2026-07-28T00:00:00.000Z,24.8600,399162.00,15000.00,3.0,,Corgi_Adv.40C8.C8_ETF_Holdings.csv,2026-07-27T23:38:01.086Z,
Wolverine World Wide Inc,WWW,,978097103,,,264.0,5034.48,1.2612705284838455,,,,,STYL,2026-07-28,,,,,,,,,,,,,114345.0,2026-07-28T00:00:00.000Z,19.0700,399162.00,15000.00,3.0,,Corgi_Adv.40C8.C8_ETF_Holdings.csv,2026-07-27T23:38:01.086Z,
YETI Holdings Inc,YETI,,98585X104,,,267.0,13595.64,3.4060677662590995,,,,,STYL,2026-07-28,,,,,,,,,,,,,114346.0,2026-07-28T00:00:00.000Z,50.9200,399162.00,15000.00,3.0,,Corgi_Adv.40C8.C8_ETF_Holdings.csv,2026-07-27T23:38:01.086Z,
Ermenegildo Zegna NV,ZGN,,N30577105,,,294.0,4377.66,1.096719729092695,,,,,STYL,2026-07-28,,,,,,,,,,,,,114347.0,2026-07-28T00:00:00.000Z,14.8900,399162.00,15000.00,3.0,,Corgi_Adv.40C8.C8_ETF_Holdings.csv,2026-07-27T23:38:01.086Z,
Zumiez Inc,ZUMZ,,989817101,,,87.0,1693.02,0.4241463329149625,,,,,STYL,2026-07-28,,,,,,,,,,,,,114348.0,2026-07-28T00:00:00.000Z,19.4600,399162.00,15000.00,3.0,,Corgi_Adv.40C8.C8_ETF_Holdings.csv,2026-07-27T23:38:01.086Z,
Cash & Other,Cash&Other,,Cash&Other,,,661.28,661.28,0.16566814747020495,,,,,STYL,2026-07-28,,,,,,,,,,,,,114349.0,2026-07-28T00:00:00.000Z,1.0000,399162.00,15000.00,3.0,Y,Corgi_Adv.40C8.C8_ETF_Holdings.csv,2026-07-27T23:38:01.086Z,
Abercrombie & Fitch Co,ANF,,2896207,,,130.0,12915.5,3.23567468946805,,,,,STYL,2026-07-28,,,,,,,,,,,,,114302.0,2026-07-28T00:00:00.000Z,99.3500,399162.00,15000.00,3.0,,Corgi_Adv.40C8.C8_ETF_Holdings.csv,2026-07-27T23:38:01.086Z,
Amer Sports Inc,AS,,G0260P102,,,300.0,10554.0,2.6440564184619877,,,,,STYL,2026-07-28,,,,,,,,,,,,,114303.0,2026-07-28T00:00:00.000Z,35.1800,399162.00,15000.00,3.0,,Corgi_Adv.40C8.C8_ETF_Holdings.csv,2026-07-27T23:38:01.086Z,
Oxford Industries Inc,OXM,,691497309,,,66.0,2659.14,0.6661849710620626,,,,,STYL,2026-07-28,,,,,,,,,,,,,114328.0,2026-07-28T00:00:00.000Z,40.2900,399162.00,15000.00,3.0,,Corgi_Adv.40C8.C8_ETF_Holdings.csv,2026-07-27T23:38:01.086Z,
ThredUp Inc,TDUP,,88556E102,,,540.0,3164.4,0.7927659778833726,,,,,STYL,2026-07-28,,,,,,,,,,,,,114338.0,2026-07-28T00:00:00.000Z,5.8600,399162.00,15000.00,3.0,,Corgi_Adv.40C8.C8_ETF_Holdings.csv,2026-07-27T23:38:01.086Z,
NIKE Inc,NKE,,654106103,,,834.0,35144.76,8.804692841889912,,,,,STYL,2026-07-28,,,,,,,,,,,,,114326.0,2026-07-28T00:00:00.000Z,42.1400,399162.00,15000.00,3.0,,Corgi_Adv.40C8.C8_ETF_Holdings.csv,2026-07-27T23:38:01.086Z,
First American Government Obligations Fund 12/01/2031,FGXXX,,31846V336,,,12659.28,12659.28,3.171484796011699,,,,,STYL,2026-07-28,,,,,,,,,,,,,114314.0,2026-07-28T00:00:00.000Z,100.0000,399162.00,15000.00,3.0,Y,Corgi_Adv.40C8.C8_ETF_Holdings.csv,2026-07-27T23:38:01.086Z,
Lululemon Athletica Inc,LULU,,550021109,,,126.0,14846.58,3.719461355051106,,,,,STYL,2026-07-28,,,,,,,,,,,,,114325.0,2026-07-28T00:00:00.000Z,117.8300,399162.00,15000.00,3.0,,Corgi_Adv.40C8.C8_ETF_Holdings.csv,2026-07-27T23:38:01.086Z,
Buckle Inc/The,BKE,,118440106,,,93.0,4055.73,1.0160677409559256,,,,,STYL,2026-07-28,,,,,,,,,,,,,114305.0,2026-07-28T00:00:00.000Z,43.6100,399162.00,15000.00,3.0,,Corgi_Adv.40C8.C8_ETF_Holdings.csv,2026-07-27T23:38:01.086Z,
Boot Barn Holdings Inc,BOOT,,99406100,,,54.0,8376.48,2.0985300083492957,,,,,STYL,2026-07-28,,,,,,,,,,,,,114306.0,2026-07-28T00:00:00.000Z,155.1200,399162.00,15000.00,3.0,,Corgi_Adv.40C8.C8_ETF_Holdings.csv,2026-07-27T23:38:01.086Z,
CALERES INC COM,CAL,,129500104,,,174.0,2176.74,0.5453309994620945,,,,,STYL,2026-07-28,,,,,,,,,,,,,114307.0,2026-07-28T00:00:00.000Z,12.5100,399162.00,15000.00,3.0,,Corgi_Adv.40C8.C8_ETF_Holdings.csv,2026-07-27T23:38:01.086Z,
Columbia Sportswear Co,COLM,,198516106,,,75.0,4759.5,1.1923807583541624,,,,,STYL,2026-07-28,,,,,,,,,,,,,114308.0,2026-07-28T00:00:00.000Z,63.4600,399162.00,15000.00,3.0,,Corgi_Adv.40C8.C8_ETF_Holdings.csv,2026-07-27T23:38:01.086Z,
CAPRI HOLDINGS LTD,CPRI,,G1890L107,,,288.0,4573.44,1.1457678023925328,,,,,STYL,2026-07-28,,,,,,,,,,,,,114309.0,2026-07-28T00:00:00.000Z,15.8800,399162.00,15000.00,3.0,,Corgi_Adv.40C8.C8_ETF_Holdings.csv,2026-07-27T23:38:01.086Z,
Carter's Inc,CRI,,146229109,,,123.0,4766.25,1.1940718120612515,,,,,STYL,2026-07-28,,,,,,,,,,,,,114310.0,2026-07-28T00:00:00.000Z,38.7500,399162.00,15000.00,3.0,,Corgi_Adv.40C8.C8_ETF_Holdings.csv,2026-07-27T23:38:01.086Z,
Crocs Inc,CROX,,227046109,,,84.0,11301.36,2.8312898849108934,,,,,STYL,2026-07-28,,,,,,,,,,,,,114311.0,2026-07-28T00:00:00.000Z,134.5400,399162.00,15000.00,3.0,,Corgi_Adv.40C8.C8_ETF_Holdings.csv,2026-07-27T23:38:01.086Z,
Designer Brands Inc,DBI,,250565108,,,543.0,3181.98,0.797170233316058,,,,,STYL,2026-07-28,,,,,,,,,,,,,114312.0,2026-07-28T00:00:00.000Z,5.8600,399162.00,15000.00,3.0,,Corgi_Adv.40C8.C8_ETF_Holdings.csv,2026-07-27T23:38:01.086Z,
Deckers Outdoor Corp,DECK,,243537107,,,156.0,15245.88,3.819496576568244,,,,,STYL,2026-07-28,,,,,,,,,,,,,114313.0,2026-07-28T00:00:00.000Z,97.7300,399162.00,15000.00,3.0,,Corgi_Adv.40C8.C8_ETF_Holdings.csv,2026-07-27T23:38:01.086Z,
Birkenstock Holding Plc,BIRK,,M2029K104,,,150.0,6232.5,1.561406256212274,,,,,STYL,2026-07-28,,,,,,,,,,,,,114304.0,2026-07-28T00:00:00.000Z,41.5500,399162.00,15000.00,3.0,,Corgi_Adv.40C8.C8_ETF_Holdings.csv,2026-07-27T23:38:01.086Z,
Figs Inc,FIGS,,30260D103,,,285.0,2830.05,0.7090024509255588,,,,,STYL,2026-07-28,,,,,,,,,,,,,114315.0,2026-07-28T00:00:00.000Z,9.9300,399162.00,15000.00,3.0,,Corgi_Adv.40C8.C8_ETF_Holdings.csv,2026-07-27T23:38:01.086Z,
Gildan Activewear Inc,GIL,,375916103,,,237.0,12011.16,3.0091135769541295,,,,,STYL,2026-07-28,,,,,,,,,,,,,114320.0,2026-07-28T00:00:00.000Z,50.6800,399162.00,15000.00,3.0,,Corgi_Adv.40C8.C8_ETF_Holdings.csv,2026-07-27T23:38:01.086Z,
Fossil Group Inc,FOSL,,34988V106,,,396.0,1667.16,0.4176677182682478,,,,,STYL,2026-07-28,,,,,,,,,,,,,114316.0,2026-07-28T00:00:00.000Z,4.2100,399162.00,15000.00,3.0,,Corgi_Adv.40C8.C8_ETF_Holdings.csv,2026-07-27T23:38:01.086Z,
Kontoor Brands Inc,KTB,,50050N103,,,114.0,9778.92,2.449878358122636,,,,,STYL,2026-07-28,,,,,,,,,,,,,114323.0,2026-07-28T00:00:00.000Z,85.7800,399162.00,15000.00,3.0,,Corgi_Adv.40C8.C8_ETF_Holdings.csv,2026-07-27T23:38:01.086Z,
Johnson Outdoors Inc,JOUT,,479167108,,,36.0,1696.68,0.4250632598139175,,,,,STYL,2026-07-28,,,,,,,,,,,,,114322.0,2026-07-28T00:00:00.000Z,47.1300,399162.00,15000.00,3.0,,Corgi_Adv.40C8.C8_ETF_Holdings.csv,2026-07-27T23:38:01.086Z,
Canada Goose Holdings Inc,GOOS,,135086106,,,234.0,2134.08,0.5346435400332914,,,,,STYL,2026-07-28,,,,,,,,,,,,,114321.0,2026-07-28T00:00:00.000Z,9.1200,399162.00,15000.00,3.0,,Corgi_Adv.40C8.C8_ETF_Holdings.csv,2026-07-27T23:38:01.086Z,
Levi Strauss & Co,LEVI,,52736R102,,,246.0,6280.38,1.573401463841226,,,,,STYL,2026-07-28,,,,,,,,,,,,,114324.0,2026-07-28T00:00:00.000Z,25.5300,399162.00,15000.00,3.0,,Corgi_Adv.40C8.C8_ETF_Holdings.csv,2026-07-27T23:38:01.086Z,
G-III Apparel Group Ltd,GIII,,36237H101,,,129.0,4634.97,1.161182696406932,,,,,STYL,2026-07-28,,,,,,,,,,,,,114319.0,2026-07-28T00:00:00.000Z,35.9300,399162.00,15000.00,3.0,,Corgi_Adv.40C8.C8_ETF_Holdings.csv,2026-07-27T23:38:01.086Z,
Genesco Inc,GCO,,371532102,,,60.0,2247.6,0.5630833054894033,,,,,STYL,2026-07-28,,,,,,,,,,,,,114318.0,2026-07-28T00:00:00.000Z,37.4600,399162.00,15000.00,3.0,,Corgi_Adv.40C8.C8_ETF_Holdings.csv,2026-07-27T23:38:01.086Z,
Gap Inc/The,GAP,,364760108,,,512.0,10055.68,2.5192140653780406,,,,,STYL,2026-07-28,,,,,,,,,,,,,114317.0,2026-07-28T00:00:00.000Z,19.6400,399162.00,15000.00,3.0,,Corgi_Adv.40C8.C8_ETF_Holdings.csv,2026-07-27T23:38:01.086Z,
American Airlines Group Inc,AAL,,02376R102,,,1441.0,21542.95,1.4222400449551162,,,,,WNDR,2026-07-28,,,,,,,,,,,,,114426.0,2026-07-28T00:00:00.000Z,14.9500,1514727.50,55000.00,11.0,,Corgi_Adv.40C8.C8_ETF_Holdings.csv,2026-07-27T23:38:01.086Z,
Southwest Airlines Co,LUV,,844741108,,,726.0,32945.88,2.1750479786791437,,,,,WNDR,2026-07-28,,,,,,,,,,,,,114456.0,2026-07-28T00:00:00.000Z,45.3800,1514727.50,55000.00,11.0,,Corgi_Adv.40C8.C8_ETF_Holdings.csv,2026-07-27T23:38:01.086Z,
Lyft Inc,LYFT,,55087P104,,,1045.0,15769.05,1.0410540051803248,,,,,WNDR,2026-07-28,,,,,,,,,,,,,114458.0,2026-07-28T00:00:00.000Z,15.0900,1514727.50,55000.00,11.0,,Corgi_Adv.40C8.C8_ETF_Holdings.csv,2026-07-27T23:38:01.086Z,
Live Nation Entertainment Inc,LYV,,538034109,,,209.0,37494.6,2.47534908587608,,,,,WNDR,2026-07-28,,,,,,,,,,,,,114459.0,2026-07-28T00:00:00.000Z,179.4000,1514727.50,55000.00,11.0,,Corgi_Adv.40C8.C8_ETF_Holdings.csv,2026-07-27T23:38:01.086Z,
Marriott International Inc/MD,MAR,,571903202,,,154.0,58991.24,3.894531799477697,,,,,WNDR,2026-07-28,,,,,,,,,,,,,114460.0,2026-07-28T00:00:00.000Z,383.0600,1514727.50,55000.00,11.0,,Corgi_Adv.40C8.C8_ETF_Holdings.csv,2026-07-27T23:38:01.086Z,
MGM Resorts International,MGM,,552953101,,,429.0,19862.7,1.3113119299320655,,,,,WNDR,2026-07-28,,,,,,,,,,,,,114461.0,2026-07-28T00:00:00.000Z,46.3000,1514727.50,55000.00,11.0,,Corgi_Adv.40C8.C8_ETF_Holdings.csv,2026-07-27T23:38:01.086Z,
MakeMyTrip Ltd,MMYT,,V5633W109,,,242.0,12666.28,0.8362128044958601,,,,,WNDR,2026-07-28,,,,,,,,,,,,,114462.0,2026-07-28T00:00:00.000Z,52.3400,1514727.50,55000.00,11.0,,Corgi_Adv.40C8.C8_ETF_Holdings.csv,2026-07-27T23:38:01.086Z,
Vail Resorts Inc,MTN,,91879Q109,,,121.0,17941.88,1.1845016684242085,,,,,WNDR,2026-07-28,,,,,,,,,,,,,114463.0,2026-07-28T00:00:00.000Z,148.2800,1514727.50,55000.00,11.0,,Corgi_Adv.40C8.C8_ETF_Holdings.csv,2026-07-27T23:38:01.086Z,
Navan Inc,NAVN,,639193101,,,308.0,7940.24,0.5242052409050019,,,,,WNDR,2026-07-28,,,,,,,,,,,,,114464.0,2026-07-28T00:00:00.000Z,25.7800,1514727.50,55000.00,11.0,,Corgi_Adv.40C8.C8_ETF_Holdings.csv,2026-07-27T23:38:01.086Z,
Norwegian Cruise Line Holdings Ltd,NCLH,,G66721104,,,1045.0,20931.35,1.381862937293698,,,,,WNDR,2026-07-28,,,,,,,,,,,,,114465.0,2026-07-28T00:00:00.000Z,20.0300,1514727.50,55000.00,11.0,,Corgi_Adv.40C8.C8_ETF_Holdings.csv,2026-07-27T23:38:01.086Z,
Grupo Aeroportuario del Pacifico SAB de CV,PAC,,400506101,,,88.0,19031.76,1.2564542552424334,,,,,WNDR,2026-07-28,,,,,,,,,,,,,114466.0,2026-07-28T00:00:00.000Z,216.2700,1514727.50,55000.00,11.0,,Corgi_Adv.40C8.C8_ETF_Holdings.csv,2026-07-27T23:38:01.086Z,
Pebblebrook Hotel Trust,PEB,,70509V100,,,561.0,10832.91,0.715175888418008,,,,,WNDR,2026-07-28,,,,,,,,,,,,,114467.0,2026-07-28T00:00:00.000Z,19.3100,1514727.50,55000.00,11.0,,Corgi_Adv.40C8.C8_ETF_Holdings.csv,2026-07-27T23:38:01.086Z,
Park Hotels & Resorts Inc,PK,,700517105,,,825.0,12399.75,0.8186168095563608,,,,,WNDR,2026-07-28,,,,,,,,,,,,,114468.0,2026-07-28T00:00:00.000Z,15.0300,1514727.50,55000.00,11.0,,Corgi_Adv.40C8.C8_ETF_Holdings.csv,2026-07-27T23:38:01.086Z,
United Parks & Resorts Inc,PRKS,,81282V100,,,154.0,6939.24,0.4581204064231844,,,,,WNDR,2026-07-28,,,,,,,,,,,,,114469.0,2026-07-28T00:00:00.000Z,45.0600,1514727.50,55000.00,11.0,,Corgi_Adv.40C8.C8_ETF_Holdings.csv,2026-07-27T23:38:01.086Z,
Royal Caribbean Cruises Ltd,RCL,,V7780T103,,,209.0,63753.36,4.2089213219377895,,,,,WNDR,2026-07-28,,,,,,,,,,,,,114470.0,2026-07-28T00:00:00.000Z,305.0400,1514727.50,55000.00,11.0,,Corgi_Adv.40C8.C8_ETF_Holdings.csv,2026-07-27T23:38:01.086Z,
Ryman Hospitality Properties Inc,RHP,,78377T107,,,154.0,20780.76,1.3719211638425322,,,,,WNDR,2026-07-28,,,,,,,,,,,,,114471.0,2026-07-28T00:00:00.000Z,134.9400,1514727.50,55000.00,11.0,,Corgi_Adv.40C8.C8_ETF_Holdings.csv,2026-07-27T23:38:01.086Z,
RLJ Lodging Trust,RLJ,,74965L101,,,836.0,10433.28,0.6887927891133441,,,,,WNDR,2026-07-28,,,,,,,,,,,,,114472.0,2026-07-28T00:00:00.000Z,12.4800,1514727.50,55000.00,11.0,,Corgi_Adv.40C8.C8_ETF_Holdings.csv,2026-07-27T23:38:01.086Z,
Ryanair Holdings PLC,RYAAY,,783513203,,,660.0,37930.2,2.5041068819802557,,,,,WNDR,2026-07-28,,,,,,,,,,,,,114473.0,2026-07-28T00:00:00.000Z,57.4700,1514727.50,55000.00,11.0,,Corgi_Adv.40C8.C8_ETF_Holdings.csv,2026-07-27T23:38:01.086Z,
SkyWest Inc,SKYW,,830879102,,,143.0,15771.47,1.0412137707142368,,,,,WNDR,2026-07-28,,,,,,,,,,,,,114474.0,2026-07-28T00:00:00.000Z,110.2900,1514727.50,55000.00,11.0,,Corgi_Adv.40C8.C8_ETF_Holdings.csv,2026-07-27T23:38:01.086Z,
TRIP.COM GROUP,TCOM,,89677Q107,,,726.0,32503.02,2.1458108859732326,,,,,WNDR,2026-07-28,,,,,,,,,,,,,114475.0,2026-07-28T00:00:00.000Z,44.7700,1514727.50,55000.00,11.0,,Corgi_Adv.40C8.C8_ETF_Holdings.csv,2026-07-27T23:38:01.086Z,
Travel + Leisure Co,TNL,,894164102,,,198.0,15109.38,0.9975033730498345,,,,,WNDR,2026-07-28,,,,,,,,,,,,,114476.0,2026-07-28T00:00:00.000Z,76.3100,1514727.50,55000.00,11.0,,Corgi_Adv.40C8.C8_ETF_Holdings.csv,2026-07-27T23:38:01.086Z,
TripAdvisor Inc,TRIP,,896945201,,,649.0,9267.72,0.6118438983255046,,,,,WNDR,2026-07-28,,,,,,,,,,,,,114477.0,2026-07-28T00:00:00.000Z,14.2800,1514727.50,55000.00,11.0,,Corgi_Adv.40C8.C8_ETF_Holdings.csv,2026-07-27T23:38:01.086Z,
United Airlines Holdings Inc,UAL,,910047109,,,396.0,47745.72,3.1521158875276782,,,,,WNDR,2026-07-28,,,,,,,,,,,,,114478.0,2026-07-28T00:00:00.000Z,120.5700,1514727.50,55000.00,11.0,,Corgi_Adv.40C8.C8_ETF_Holdings.csv,2026-07-27T23:38:01.086Z,
Uber Technologies Inc,UBER,,90353T100,,,902.0,61498.36,4.060048892610618,,,,,WNDR,2026-07-28,,,,,,,,,,,,,114479.0,2026-07-28T00:00:00.000Z,68.1800,1514727.50,55000.00,11.0,,Corgi_Adv.40C8.C8_ETF_Holdings.csv,2026-07-27T23:38:01.086Z,
Marriott Vacations Worldwide Corp,VAC,,57164Y107,,,132.0,13050.84,0.8616010002484353,,,,,WNDR,2026-07-28,,,,,,,,,,,,,114480.0,2026-07-28T00:00:00.000Z,98.8700,1514727.50,55000.00,11.0,,Corgi_Adv.40C8.C8_ETF_Holdings.csv,2026-07-27T23:38:01.086Z,
Viking Holdings Ltd,VIK,,G93A5A101,,,297.0,30632.58,2.022326652398636,,,,,WNDR,2026-07-28,,,,,,,,,,,,,114481.0,2026-07-28T00:00:00.000Z,103.1400,1514727.50,55000.00,11.0,,Corgi_Adv.40C8.C8_ETF_Holdings.csv,2026-07-27T23:38:01.086Z,
Controladora Vuela Cia de Aviacion SAB de CV,VLRS,,21240E105,,,814.0,6357.34,0.4197040575870509,,,,,WNDR,2026-07-28,,,,,,,,,,,,,114482.0,2026-07-28T00:00:00.000Z,7.8100,1514727.50,55000.00,11.0,,Corgi_Adv.40C8.C8_ETF_Holdings.csv,2026-07-27T23:38:01.086Z,
Wyndham Hotels & Resorts Inc,WH,,98311A105,,,187.0,14058.66,0.928136083053096,,,,,WNDR,2026-07-28,,,,,,,,,,,,,114483.0,2026-07-28T00:00:00.000Z,75.1800,1514727.50,55000.00,11.0,,Corgi_Adv.40C8.C8_ETF_Holdings.csv,2026-07-27T23:38:01.086Z,
Cash & Other,Cash&Other,,Cash&Other,,,165.7,165.7,0.010939317755881285,,,,,WNDR,2026-07-28,,,,,,,,,,,,,114484.0,2026-07-28T00:00:00.000Z,1.0000,1514727.50,55000.00,11.0,Y,Corgi_Adv.40C8.C8_ETF_Holdings.csv,2026-07-27T23:38:01.086Z,
Las Vegas Sands Corp,LVS,,517834107,,,506.0,24166.56,1.595447669924988,,,,,WNDR,2026-07-28,,,,,,,,,,,,,114457.0,2026-07-28T00:00:00.000Z,47.7600,1514727.50,55000.00,11.0,,Corgi_Adv.40C8.C8_ETF_Holdings.csv,2026-07-27T23:38:01.086Z,
Airbnb Inc,ABNB,,9066101,,,330.0,48463.8,3.1995226786812285,,,,,WNDR,2026-07-28,,,,,,,,,,,,,114427.0,2026-07-28T00:00:00.000Z,146.8600,1514727.50,55000.00,11.0,,Corgi_Adv.40C8.C8_ETF_Holdings.csv,2026-07-27T23:38:01.086Z,
Lindblad Expeditions Holdings Inc,LIND,,535219109,,,330.0,9269.7,0.6119746155805237,,,,,WNDR,2026-07-28,,,,,,,,,,,,,114455.0,2026-07-28T00:00:00.000Z,28.0900,1514727.50,55000.00,11.0,,Corgi_Adv.40C8.C8_ETF_Holdings.csv,2026-07-27T23:38:01.086Z,
DiamondRock Hospitality Co,DRH,,252784301,,,891.0,11502.81,0.759401893032763,,,,,WNDR,2026-07-28,,,,,,,,,,,,,114440.0,2026-07-28T00:00:00.000Z,12.9100,1514727.50,55000.00,11.0,,Corgi_Adv.40C8.C8_ETF_Holdings.csv,2026-07-27T23:38:01.086Z,
Allegiant Travel Co,ALGT,,01748X102,,,99.0,9814.86,0.6479654331290827,,,,,WNDR,2026-07-28,,,,,,,,,,,,,114428.0,2026-07-28T00:00:00.000Z,99.1400,1514727.50,55000.00,11.0,,Corgi_Adv.40C8.C8_ETF_Holdings.csv,2026-07-27T23:38:01.086Z,
Alaska Air Group Inc,ALK,,11659109,,,319.0,15152.5,1.0003501043813592,,,,,WNDR,2026-07-28,,,,,,,,,,,,,114429.0,2026-07-28T00:00:00.000Z,47.5000,1514727.50,55000.00,11.0,,Corgi_Adv.40C8.C8_ETF_Holdings.csv,2026-07-27T23:38:01.086Z,
Grupo Aeroportuario del Sureste SAB de CV,ASR,,40051E202,,,66.0,17725.62,1.1702244393482464,,,,,WNDR,2026-07-28,,,,,,,,,,,,,114430.0,2026-07-28T00:00:00.000Z,268.5700,1514727.50,55000.00,11.0,,Corgi_Adv.40C8.C8_ETF_Holdings.csv,2026-07-27T23:38:01.086Z,
American Express Co,AXP,,25816109,,,264.0,88542.96,5.845501354775417,,,,,WNDR,2026-07-28,,,,,,,,,,,,,114431.0,2026-07-28T00:00:00.000Z,335.3900,1514727.50,55000.00,11.0,,Corgi_Adv.40C8.C8_ETF_Holdings.csv,2026-07-27T23:38:01.086Z,
Booking Holdings Inc,BKNG,,09857L108,,,374.0,69859.46,4.612038812276877,,,,,WNDR,2026-07-28,,,,,,,,,,,,,114432.0,2026-07-28T00:00:00.000Z,186.7900,1514727.50,55000.00,11.0,,Corgi_Adv.40C8.C8_ETF_Holdings.csv,2026-07-27T23:38:01.086Z,
Avis Budget Group Inc,CAR,,53774105,,,44.0,7201.92,0.4754622289223691,,,,,WNDR,2026-07-28,,,,,,,,,,,,,114433.0,2026-07-28T00:00:00.000Z,163.6800,1514727.50,55000.00,11.0,,Corgi_Adv.40C8.C8_ETF_Holdings.csv,2026-07-27T23:38:01.086Z,
Carnival Corp Ltd,CCL,,G2004J103,,,1342.0,36395.04,2.402757436922207,,,,,WNDR,2026-07-28,,,,,,,,,,,,,114434.0,2026-07-28T00:00:00.000Z,27.1200,1514727.50,55000.00,11.0,,Corgi_Adv.40C8.C8_ETF_Holdings.csv,2026-07-27T23:38:01.086Z,
Choice Hotels International Inc,CHH,,169905106,,,88.0,9954.56,0.657188261677644,,,,,WNDR,2026-07-28,,,,,,,,,,,,,114435.0,2026-07-28T00:00:00.000Z,113.1200,1514727.50,55000.00,11.0,,Corgi_Adv.40C8.C8_ETF_Holdings.csv,2026-07-27T23:38:01.086Z,
Copa Holdings SA,CPA,,P31076105,,,99.0,13704.57,0.9047594806138685,,,,,WNDR,2026-07-28,,,,,,,,,,,,,114436.0,2026-07-28T00:00:00.000Z,138.4300,1514727.50,55000.00,11.0,,Corgi_Adv.40C8.C8_ETF_Holdings.csv,2026-07-27T23:38:01.086Z,
Caesars Entertainment Inc,CZR,,12769G100,,,528.0,15824.16,1.0446923021116863,,,,,WNDR,2026-07-28,,,,,,,,,,,,,114437.0,2026-07-28T00:00:00.000Z,29.9700,1514727.50,55000.00,11.0,,Corgi_Adv.40C8.C8_ETF_Holdings.csv,2026-07-27T23:38:01.086Z,
Delta Air Lines Inc,DAL,,247361702,,,649.0,56248.83,3.713481139206687,,,,,WNDR,2026-07-28,,,,,,,,,,,,,114438.0,2026-07-28T00:00:00.000Z,86.6700,1514727.50,55000.00,11.0,,Corgi_Adv.40C8.C8_ETF_Holdings.csv,2026-07-27T23:38:01.086Z,
Walt Disney Co/The,DIS,,254687106,,,880.0,85052.0,5.615032310037509,,,,,WNDR,2026-07-28,,,,,,,,,,,,,114439.0,2026-07-28T00:00:00.000Z,96.6500,1514727.50,55000.00,11.0,,Corgi_Adv.40C8.C8_ETF_Holdings.csv,2026-07-27T23:38:01.086Z,
JetBlue Airways Corp,JBLU,,477143101,,,1452.0,7884.36,0.5205161094855774,,,,,WNDR,2026-07-28,,,,,,,,,,,,,114454.0,2026-07-28T00:00:00.000Z,5.4300,1514727.50,55000.00,11.0,,Corgi_Adv.40C8.C8_ETF_Holdings.csv,2026-07-27T23:38:01.086Z,
Expedia Group Inc,EXPE,,30212P303,,,132.0,36744.84,2.4258508186422265,,,,,WNDR,2026-07-28,,,,,,,,,,,,,114441.0,2026-07-28T00:00:00.000Z,278.3700,1514727.50,55000.00,11.0,,Corgi_Adv.40C8.C8_ETF_Holdings.csv,2026-07-27T23:38:01.086Z,
Hilton Grand Vacations Inc,HGV,,43283X105,,,220.0,11138.6,0.735357180178994,,,,,WNDR,2026-07-28,,,,,,,,,,,,,114448.0,2026-07-28T00:00:00.000Z,50.6300,1514727.50,55000.00,11.0,,Corgi_Adv.40C8.C8_ETF_Holdings.csv,2026-07-27T23:38:01.086Z,
InterContinental Hotels Group PLC,IHG,,45857P806,,,209.0,33337.59,2.2009082089637317,,,,,WNDR,2026-07-28,,,,,,,,,,,,,114453.0,2026-07-28T00:00:00.000Z,159.5100,1514727.50,55000.00,11.0,,Corgi_Adv.40C8.C8_ETF_Holdings.csv,2026-07-27T23:38:01.086Z,
Hertz Global Holdings Inc,HTZ,,42806J700,,,869.0,1738.0,0.11474070162777111,,,,,WNDR,2026-07-28,,,,,,,,,,,,,114452.0,2026-07-28T00:00:00.000Z,2.0000,1514727.50,55000.00,11.0,,Corgi_Adv.40C8.C8_ETF_Holdings.csv,2026-07-27T23:38:01.086Z,
H World Group Ltd,HTHT,,44332N106,,,506.0,21165.98,1.397352932013447,,,,,WNDR,2026-07-28,,,,,,,,,,,,,114451.0,2026-07-28T00:00:00.000Z,41.8300,1514727.50,55000.00,11.0,,Corgi_Adv.40C8.C8_ETF_Holdings.csv,2026-07-27T23:38:01.086Z,
Host Hotels & Resorts Inc,HST,,44107P104,,,1144.0,28565.68,1.8858723622982676,,,,,WNDR,2026-07-28,,,,,,,,,,,,,114450.0,2026-07-28T00:00:00.000Z,24.9700,1514727.50,55000.00,11.0,,Corgi_Adv.40C8.C8_ETF_Holdings.csv,2026-07-27T23:38:01.086Z,
Hilton Worldwide Holdings Inc,HLT,,43300A203,,,165.0,54590.25,3.6039836519191217,,,,,WNDR,2026-07-28,,,,,,,,,,,,,114449.0,2026-07-28T00:00:00.000Z,330.8500,1514727.50,55000.00,11.0,,Corgi_Adv.40C8.C8_ETF_Holdings.csv,2026-07-27T23:38:01.086Z,
First American Government Obligations Fund 12/01/2031,FGXXX,,31846V336,,,68191.82,68191.82,4.501943194519377,,,,,WNDR,2026-07-28,,,,,,,,,,,,,114442.0,2026-07-28T00:00:00.000Z,100.0000,1514727.50,55000.00,11.0,Y,Corgi_Adv.40C8.C8_ETF_Holdings.csv,2026-07-27T23:38:01.086Z,
Hyatt Hotels Corp,H,,448579102,,,99.0,18926.82,1.2495262407264276,,,,,WNDR,2026-07-28,,,,,,,,,,,,,114447.0,2026-07-28T00:00:00.000Z,191.1800,1514727.50,55000.00,11.0,,Corgi_Adv.40C8.C8_ETF_Holdings.csv,2026-07-27T23:38:01.086Z,
Six Flags Entertainment Corp,FUN,,83001C108,,,462.0,8126.58,0.5365071870162326,,,,,WNDR,2026-07-28,,,,,,,,,,,,,114445.0,2026-07-28T00:00:00.000Z,17.5900,1514727.50,55000.00,11.0,,Corgi_Adv.40C8.C8_ETF_Holdings.csv,2026-07-27T23:38:01.086Z,
Shift4 Payments Inc,FOUR,,82452J109,,,231.0,11543.07,0.7620598105514822,,,,,WNDR,2026-07-28,,,,,,,,,,,,,114444.0,2026-07-28T00:00:00.000Z,49.9700,1514727.50,55000.00,11.0,,Corgi_Adv.40C8.C8_ETF_Holdings.csv,2026-07-27T23:38:01.086Z,
Flywire Corp,FLYW,,302492103,,,550.0,8877.0,0.586049026668426,,,,,WNDR,2026-07-28,,,,,,,,,,,,,114443.0,2026-07-28T00:00:00.000Z,16.1400,1514727.50,55000.00,11.0,,Corgi_Adv.40C8.C8_ETF_Holdings.csv,2026-07-27T23:38:01.086Z,
Global Business Travel Group I,GBTG,,37890B100,,,1133.0,10661.53,0.7038615837891431,,,,,WNDR,2026-07-28,,,,,,,,,,,,,114446.0,2026-07-28T00:00:00.000Z,9.4100,1514727.50,55000.00,11.0,,Corgi_Adv.40C8.C8_ETF_Holdings.csv,2026-07-27T23:38:01.086Z,
Airbnb Inc,ABNB,,9066101,,,7032.0,1032719.52,1.1976608620398799,,,,,FDRS,2026-07-28,,,,,,,,,,,,,113500.0,2026-07-28T00:00:00.000Z,146.8600,86229120.00,3880000.00,388.0,,Corgi_Adv.40C8.C8_ETF_Holdings.csv,2026-07-27T23:38:01.086Z,
Monolithic Power Systems Inc,MPWR,,609839105,,,834.0,1116792.72,1.2951618574567683,,,,,FDRS,2026-07-28,,,,,,,,,,,,,113527.0,2026-07-28T00:00:00.000Z,1339.0800,86229120.00,3880000.00,388.0,,Corgi_Adv.40C8.C8_ETF_Holdings.csv,2026-07-27T23:38:01.086Z,
Nebius Group NV,NBIS,,N97284108,,,3624.0,680877.12,0.7896237678188079,,,,,FDRS,2026-07-28,,,,,,,,,,,,,113529.0,2026-07-28T00:00:00.000Z,187.8800,86229120.00,3880000.00,388.0,,Corgi_Adv.40C8.C8_ETF_Holdings.csv,2026-07-27T23:38:01.086Z,
Cloudflare Inc,NET,,18915M107,,,5565.0,1478119.65,1.7141983083820138,,,,,FDRS,2026-07-28,,,,,,,,,,,,,113530.0,2026-07-28T00:00:00.000Z,265.6100,86229120.00,3880000.00,388.0,,Corgi_Adv.40C8.C8_ETF_Holdings.csv,2026-07-27T23:38:01.086Z,
NU Holdings Ltd/Cayman Islands,NU,,G6683N103,,,65544.0,952354.32,1.1044600917958862,,,,,FDRS,2026-07-28,,,,,,,,,,,,,113531.0,2026-07-28T00:00:00.000Z,14.5300,86229120.00,3880000.00,388.0,,Corgi_Adv.40C8.C8_ETF_Holdings.csv,2026-07-27T23:38:01.086Z,
NVIDIA Corp,NVDA,,67066G104,,,42963.0,8442659.13,9.79108287944888,,,,,FDRS,2026-07-28,,,,,,,,,,,,,113532.0,2026-07-28T00:00:00.000Z,196.5100,86229120.00,3880000.00,388.0,,Corgi_Adv.40C8.C8_ETF_Holdings.csv,2026-07-27T23:38:01.086Z,
Oracle Corp,ORCL,,68389X105,,,30306.0,3633689.4,4.214046016278624,,,,,FDRS,2026-07-28,,,,,,,,,,,,,113533.0,2026-07-28T00:00:00.000Z,119.9000,86229120.00,3880000.00,388.0,,Corgi_Adv.40C8.C8_ETF_Holdings.csv,2026-07-27T23:38:01.086Z,
Everpure Inc,P,,74624M102,,,5541.0,411197.61,0.47687225284687007,,,,,FDRS,2026-07-28,,,,,,,,,,,,,113534.0,2026-07-28T00:00:00.000Z,74.2100,86229120.00,3880000.00,388.0,,Corgi_Adv.40C8.C8_ETF_Holdings.csv,2026-07-27T23:38:01.086Z,
Palantir Technologies Inc,PLTR,,69608A108,,,38751.0,5096919.03,5.9109761372742025,,,,,FDRS,2026-07-28,,,,,,,,,,,,,113535.0,2026-07-28T00:00:00.000Z,131.5300,86229120.00,3880000.00,388.0,,Corgi_Adv.40C8.C8_ETF_Holdings.csv,2026-07-27T23:38:01.086Z,
ROBLOX Corp,RBLX,,771049103,,,11095.0,537219.9,0.6230222592664638,,,,,FDRS,2026-07-28,,,,,,,,,,,,,113536.0,2026-07-28T00:00:00.000Z,48.4200,86229120.00,3880000.00,388.0,,Corgi_Adv.40C8.C8_ETF_Holdings.csv,2026-07-27T23:38:01.086Z,
Reddit Inc,RDDT,,75734B100,,,2334.0,418322.82,0.48513546951465925,,,,,FDRS,2026-07-28,,,,,,,,,,,,,113537.0,2026-07-28T00:00:00.000Z,179.2300,86229120.00,3880000.00,388.0,,Corgi_Adv.40C8.C8_ETF_Holdings.csv,2026-07-27T23:38:01.086Z,
Regeneron Pharmaceuticals Inc,REGN,,75886F107,,,1745.0,1164211.65,1.3501543268358778,,,,,FDRS,2026-07-28,,,,,,,,,,,,,113538.0,2026-07-28T00:00:00.000Z,667.1700,86229120.00,3880000.00,388.0,,Corgi_Adv.40C8.C8_ETF_Holdings.csv,2026-07-27T23:38:01.086Z,
Shopify Inc,SHOP,,82509L107,,,21270.0,2698737.6,3.1297678971299354,,,,,FDRS,2026-07-28,,,,,,,,,,,,,113540.0,2026-07-28T00:00:00.000Z,126.8800,86229120.00,3880000.00,388.0,,Corgi_Adv.40C8.C8_ETF_Holdings.csv,2026-07-27T23:38:01.086Z,
Snowflake Inc,SNOW,,833445109,,,5812.0,1586211.04,1.8395535716644287,,,,,FDRS,2026-07-28,,,,,,,,,,,,,113541.0,2026-07-28T00:00:00.000Z,272.9200,86229120.00,3880000.00,388.0,,Corgi_Adv.40C8.C8_ETF_Holdings.csv,2026-07-27T23:38:01.086Z,
Space Exploration Technologies Corp,SPCX,,84615Q103,,,12185.0,1382997.5,1.6038836740967177,,,,,FDRS,2026-07-28,,,,,,,,,,,,,113542.0,2026-07-28T00:00:00.000Z,113.5000,86229120.00,3880000.00,388.0,,Corgi_Adv.40C8.C8_ETF_Holdings.csv,2026-07-27T23:38:01.086Z,
Steel Dynamics Inc,STLD,,858119100,,,2367.0,592389.09,0.687002825503308,,,,,FDRS,2026-07-28,,,,,,,,,,,,,113543.0,2026-07-28T00:00:00.000Z,250.2700,86229120.00,3880000.00,388.0,,Corgi_Adv.40C8.C8_ETF_Holdings.csv,2026-07-27T23:38:01.086Z,
Tesla Inc,TSLA,,88160R101,,,22582.0,6982806.04,8.098068584317724,,,,,FDRS,2026-07-28,,,,,,,,,,,,,113544.0,2026-07-28T00:00:00.000Z,309.2200,86229120.00,3880000.00,388.0,,Corgi_Adv.40C8.C8_ETF_Holdings.csv,2026-07-27T23:38:01.086Z,
United Therapeutics Corp,UTHR,,91307C102,,,763.0,402818.22,0.46715454415984115,,,,,FDRS,2026-07-28,,,,,,,,,,,,,113545.0,2026-07-28T00:00:00.000Z,527.9400,86229120.00,3880000.00,388.0,,Corgi_Adv.40C8.C8_ETF_Holdings.csv,2026-07-27T23:38:01.086Z,
Veeva Systems Inc,VEEV,,922475108,,,2605.0,506568.3,0.5874751228291651,,,,,FDRS,2026-07-28,,,,,,,,,,,,,113546.0,2026-07-28T00:00:00.000Z,194.4600,86229120.00,3880000.00,388.0,,Corgi_Adv.40C8.C8_ETF_Holdings.csv,2026-07-27T23:38:01.086Z,
Waste Connections Inc,WCN,,94106B101,,,4407.0,746325.45,0.8655252123144737,,,,,FDRS,2026-07-28,,,,,,,,,,,,,113547.0,2026-07-28T00:00:00.000Z,169.3500,86229120.00,3880000.00,388.0,,Corgi_Adv.40C8.C8_ETF_Holdings.csv,2026-07-27T23:38:01.086Z,
Workday Inc,WDAY,,98138H101,,,3506.0,517275.24,0.5998921273902964,,,,,FDRS,2026-07-28,,,,,,,,,,,,,113548.0,2026-07-28T00:00:00.000Z,147.5400,86229120.00,3880000.00,388.0,,Corgi_Adv.40C8.C8_ETF_Holdings.csv,2026-07-27T23:38:01.086Z,
Block Inc,XYZ,,852234103,,,9220.0,749032.8,0.8686649681456055,,,,,FDRS,2026-07-28,,,,,,,,,,,,,113549.0,2026-07-28T00:00:00.000Z,81.2400,86229120.00,3880000.00,388.0,,Corgi_Adv.40C8.C8_ETF_Holdings.csv,2026-07-27T23:38:01.086Z,
Zoom Communications Inc,ZM,,98980L101,,,4456.0,406476.32,0.4713968995279551,,,,,FDRS,2026-07-28,,,,,,,,,,,,,113550.0,2026-07-28T00:00:00.000Z,91.2200,86229120.00,3880000.00,388.0,,Corgi_Adv.40C8.C8_ETF_Holdings.csv,2026-07-27T23:38:01.086Z,
Cash & Other,Cash&Other,,Cash&Other,,,-28750.03,-28750.03,-0.03334185618324752,,,,,FDRS,2026-07-28,,,,,,,,,,,,,113551.0,2026-07-28T00:00:00.000Z,1.0000,86229120.00,3880000.00,388.0,Y,Corgi_Adv.40C8.C8_ETF_Holdings.csv,2026-07-27T23:38:01.086Z,
Astera Labs Inc,ALAB,,04626A103,,,2596.0,733421.92,0.8505607882246129,,,,,FDRS,2026-07-28,,,,,,,,,,,,,113501.0,2026-07-28T00:00:00.000Z,282.5200,86229120.00,3880000.00,388.0,,Corgi_Adv.40C8.C8_ETF_Holdings.csv,2026-07-27T23:38:01.086Z,
Strategy Inc,MSTR,,594972408,,,5622.0,554610.3,0.6431901761614776,,,,,FDRS,2026-07-28,,,,,,,,,,,,,113528.0,2026-07-28T00:00:00.000Z,98.6500,86229120.00,3880000.00,388.0,,Corgi_Adv.40C8.C8_ETF_Holdings.csv,2026-07-27T23:38:01.086Z,
Rocket Lab Corp,RKLB,,773121108,,,9605.0,642958.7,0.7456491873979882,,,,,FDRS,2026-07-28,,,,,,,,,,,,,113539.0,2026-07-28T00:00:00.000Z,66.9400,86229120.00,3880000.00,388.0,,Corgi_Adv.40C8.C8_ETF_Holdings.csv,2026-07-27T23:38:01.086Z,
Meta Platforms Inc,META,,30303M102,,,15753.0,9355234.11,10.849410253006052,,,,,FDRS,2026-07-28,,,,,,,,,,,,,113526.0,2026-07-28T00:00:00.000Z,593.8700,86229120.00,3880000.00,388.0,,Corgi_Adv.40C8.C8_ETF_Holdings.csv,2026-07-27T23:38:01.086Z,
Coupang Inc,CPNG,,22266T109,,,27163.0,432706.59,0.501816550915719,,,,,FDRS,2026-07-28,,,,,,,,,,,,,113513.0,2026-07-28T00:00:00.000Z,15.9300,86229120.00,3880000.00,388.0,,Corgi_Adv.40C8.C8_ETF_Holdings.csv,2026-07-27T23:38:01.086Z,
Intercontinental Exchange Inc,ICE,,45866F104,,,9830.0,1462015.9,1.6955225394693911,,,,,FDRS,2026-07-28,,,,,,,,,,,,,113525.0,2026-07-28T00:00:00.000Z,148.7300,86229120.00,3880000.00,388.0,,Corgi_Adv.40C8.C8_ETF_Holdings.csv,2026-07-27T23:38:01.086Z,
Apollo Global Management Inc,APO,,03769M106,,,7053.0,876264.72,1.0162178012577259,,,,,FDRS,2026-07-28,,,,,,,,,,,,,113503.0,2026-07-28T00:00:00.000Z,124.2400,86229120.00,3880000.00,388.0,,Corgi_Adv.40C8.C8_ETF_Holdings.csv,2026-07-27T23:38:01.086Z,
AppLovin Corp,APP,,03831W108,,,4881.0,2014535.13,2.336287669284513,,,,,FDRS,2026-07-28,,,,,,,,,,,,,113504.0,2026-07-28T00:00:00.000Z,412.7300,86229120.00,3880000.00,388.0,,Corgi_Adv.40C8.C8_ETF_Holdings.csv,2026-07-27T23:38:01.086Z,
Ares Management Corp,ARES,,03990B101,,,3593.0,459041.68,0.5323577636849884,,,,,FDRS,2026-07-28,,,,,,,,,,,,,113505.0,2026-07-28T00:00:00.000Z,127.7600,86229120.00,3880000.00,388.0,,Corgi_Adv.40C8.C8_ETF_Holdings.csv,2026-07-27T23:38:01.086Z,
AST SpaceMobile Inc,ASTS,,00217D100,,,5400.0,314766.0,0.3650390174680196,,,,,FDRS,2026-07-28,,,,,,,,,,,,,113506.0,2026-07-28T00:00:00.000Z,58.2900,86229120.00,3880000.00,388.0,,Corgi_Adv.40C8.C8_ETF_Holdings.csv,2026-07-27T23:38:01.086Z,
Axon Enterprise Inc,AXON,,05464C101,,,1344.0,706245.12,0.8190434312993895,,,,,FDRS,2026-07-28,,,,,,,,,,,,,113507.0,2026-07-28T00:00:00.000Z,525.4800,86229120.00,3880000.00,388.0,,Corgi_Adv.40C8.C8_ETF_Holdings.csv,2026-07-27T23:38:01.086Z,
Bloom Energy Corp,BE,,93712107,,,4401.0,828180.18,0.9604534136269092,,,,,FDRS,2026-07-28,,,,,,,,,,,,,113508.0,2026-07-28T00:00:00.000Z,188.1800,86229120.00,3880000.00,388.0,,Corgi_Adv.40C8.C8_ETF_Holdings.csv,2026-07-27T23:38:01.086Z,
Blackrock Inc,BLK,,09290D101,,,2460.0,2612864.4,3.03017941376504,,,,,FDRS,2026-07-28,,,,,,,,,,,,,113509.0,2026-07-28T00:00:00.000Z,1062.1400,86229120.00,3880000.00,388.0,,Corgi_Adv.40C8.C8_ETF_Holdings.csv,2026-07-27T23:38:01.086Z,
Blackstone Inc,BX,,09260D107,,,12844.0,1703114.4,1.9751282133763994,,,,,FDRS,2026-07-28,,,,,,,,,,,,,113510.0,2026-07-28T00:00:00.000Z,132.6000,86229120.00,3880000.00,388.0,,Corgi_Adv.40C8.C8_ETF_Holdings.csv,2026-07-27T23:38:01.086Z,
Capital One Financial Corp,COF,,14040H105,,,10779.0,2231791.95,2.588243776713608,,,,,FDRS,2026-07-28,,,,,,,,,,,,,113511.0,2026-07-28T00:00:00.000Z,207.0500,86229120.00,3880000.00,388.0,,Corgi_Adv.40C8.C8_ETF_Holdings.csv,2026-07-27T23:38:01.086Z,
Coinbase Global Inc,COIN,,19260Q107,,,3768.0,631102.32,0.7318991594218807,,,,,FDRS,2026-07-28,,,,,,,,,,,,,113512.0,2026-07-28T00:00:00.000Z,167.4900,86229120.00,3880000.00,388.0,,Corgi_Adv.40C8.C8_ETF_Holdings.csv,2026-07-27T23:38:01.086Z,
Arista Networks Inc,ANET,,40413205,,,18178.0,3104075.28,3.599844298170602,,,,,FDRS,2026-07-28,,,,,,,,,,,,,113502.0,2026-07-28T00:00:00.000Z,170.7600,86229120.00,3880000.00,388.0,,Corgi_Adv.40C8.C8_ETF_Holdings.csv,2026-07-27T23:38:01.086Z,
Credo Technology Group Holding Ltd,CRDO,,G25457105,,,2571.0,535127.94,0.6205961807732898,,,,,FDRS,2026-07-28,,,,,,,,,,,,,113514.0,2026-07-28T00:00:00.000Z,208.1400,86229120.00,3880000.00,388.0,,Corgi_Adv.40C8.C8_ETF_Holdings.csv,2026-07-27T23:38:01.086Z,
DoorDash Inc,DASH,,25809K105,,,6583.0,1213707.71,1.407555676126901,,,,,FDRS,2026-07-28,,,,,,,,,,,,,113519.0,2026-07-28T00:00:00.000Z,184.3700,86229120.00,3880000.00,388.0,,Corgi_Adv.40C8.C8_ETF_Holdings.csv,2026-07-27T23:38:01.086Z,
Fortinet Inc,FTNT,,34959E109,,,10966.0,1670999.08,1.9378835781284025,,,,,FDRS,2026-07-28,,,,,,,,,,,,,113523.0,2026-07-28T00:00:00.000Z,152.3800,86229120.00,3880000.00,388.0,,Corgi_Adv.40C8.C8_ETF_Holdings.csv,2026-07-27T23:38:01.086Z,
First American Government Obligations Fund 12/01/2031,FGXXX,,31846V336,,,802480.92,802480.92,0.9306495827809627,,,,,FDRS,2026-07-28,,,,,,,,,,,,,113522.0,2026-07-28T00:00:00.000Z,100.0000,86229120.00,3880000.00,388.0,Y,Corgi_Adv.40C8.C8_ETF_Holdings.csv,2026-07-27T23:38:01.086Z,
Dell Technologies Inc,DELL,,24703L202,,,5547.0,2368069.77,2.746287280508439,,,,,FDRS,2026-07-28,,,,,,,,,,,,,113521.0,2026-07-28T00:00:00.000Z,426.9100,86229120.00,3880000.00,388.0,,Corgi_Adv.40C8.C8_ETF_Holdings.csv,2026-07-27T23:38:01.086Z,
Datadog Inc,DDOG,,23804L103,,,5668.0,1427542.48,1.6555431790379522,,,,,FDRS,2026-07-28,,,,,,,,,,,,,113520.0,2026-07-28T00:00:00.000Z,251.8600,86229120.00,3880000.00,388.0,,Corgi_Adv.40C8.C8_ETF_Holdings.csv,2026-07-27T23:38:01.086Z,
Robinhood Markets Inc,HOOD,,770700102,,,13395.0,1281231.75,1.4858643537384322,,,,,FDRS,2026-07-28,,,,,,,,,,,,,113524.0,2026-07-28T00:00:00.000Z,95.6500,86229120.00,3880000.00,388.0,,Corgi_Adv.40C8.C8_ETF_Holdings.csv,2026-07-27T23:38:01.086Z,
Carvana Co,CVNA,,146869102,,,12026.0,770145.04,0.8931491606764032,,,,,FDRS,2026-07-28,,,,,,,,,,,,,113518.0,2026-07-28T00:00:00.000Z,64.0400,86229120.00,3880000.00,388.0,,Corgi_Adv.40C8.C8_ETF_Holdings.csv,2026-07-27T23:38:01.086Z,
CoreWeave Inc,CRWV,,21873S108,,,6373.0,451144.67,0.523199478573715,,,,,FDRS,2026-07-28,,,,,,,,,,,,,113517.0,2026-07-28T00:00:00.000Z,70.7900,86229120.00,3880000.00,388.0,,Corgi_Adv.40C8.C8_ETF_Holdings.csv,2026-07-27T23:38:01.086Z,
Crowdstrike Holdings Inc,CRWD,,22788C105,,,17184.0,3095010.24,3.589331430532712,,,,,FDRS,2026-07-28,,,,,,,,,,,,,113516.0,2026-07-28T00:00:00.000Z,180.1100,86229120.00,3880000.00,388.0,,Corgi_Adv.40C8.C8_ETF_Holdings.csv,2026-07-27T23:38:01.086Z,
Salesforce Inc,CRM,,79466L302,,,14065.0,2441684.0,2.8316588460233443,,,,,FDRS,2026-07-28,,,,,,,,,,,,,113515.0,2026-07-28T00:00:00.000Z,173.6000,86229120.00,3880000.00,388.0,,Corgi_Adv.40C8.C8_ETF_Holdings.csv,2026-07-27T23:38:01.086Z,
First American Government Obligations Fund 12/01/2031,FGXXX,,31846V336,,,1096511.2,1096511.2,8.980099274642736,,,,,FDRX,2026-07-28,,,,,,,,,,,,,113553.0,2026-07-28T00:00:00.000Z,100.0000,11214012.00,590000.00,59.0,Y,Corgi_Adv.40C8.C8_ETF_Holdings.csv,2026-07-27T23:38:01.086Z,
Cash & Other,Cash&Other,,Cash&Other,,,-12196103.5,-12196103.5,-99.88244551794614,,,,,FDRX,2026-07-28,,,,,,,,,,,,,113554.0,2026-07-28T00:00:00.000Z,1.0000,11214012.00,590000.00,59.0,Y,Corgi_Adv.40C8.C8_ETF_Holdings.csv,2026-07-27T23:38:01.086Z,
CORGI ETF TR SWAP CS,218946101-TRS-01/19/28-L,,218946101-TRS-01/19/28-L,,,1002753.0,22311254.25,182.72250945252057,,,,,FDRX,2026-07-28,,,,,,,,,,,,,113552.0,2026-07-28T00:00:00.000Z,22.2500,11214012.00,590000.00,59.0,,Corgi_Adv.40C8.C8_ETF_Holdings.csv,2026-07-27T23:38:01.086Z,
CORGI ETF TR SWAP CS,218946101 SWP,,218946101 SWP,,,41461.0,998795.49,8.179836790782836,,,,,FDRX,2026-07-28,,,,,,,,,,,,,779.0,2026-01-16T00:00:00.000Z,24.0900,499244.00,20000.00,2.0,,,2026-01-16T02:17:45.753Z,
DPM Metals Inc.,DPM,,,,BPCR7W4,211215.0,7635268.2,5.316622304045654,,,,,GBUG,2026-07-28,,,,,,,,,,,,,,,,,,,,,,
G Mining Ventures Corp.,GMIN,,,,BSWW128,231197.0,7131384.59,4.965755933749842,,,,,GBUG,2026-07-28,,,,,,,,,,,,,,,,,,,,,,
Discovery Mining Ltd.,DSV,,,,BSBFLD9,899112.0,5602737.29,3.901321768857092,,,,,GBUG,2026-07-28,,,,,,,,,,,,,,,,,,,,,,
Montage Gold Corp.,MAU,,,,BMYMV13,457611.0,5375843.71,3.7433302698717954,,,,,GBUG,2026-07-28,,,,,,,,,,,,,,,,,,,,,,
Eldorado Gold Corp.,EGO,,,,BHZJ5X8,159839.0,5201161.06,3.6216945068844777,,,,,GBUG,2026-07-28,,,,,,,,,,,,,,,,,,,,,,
IAMGOLD Corp.,IAG,,,,2149525,352964.0,5192100.44,3.615385377575768,,,,,GBUG,2026-07-28,,,,,,,,,,,,,,,,,,,,,,
Coeur Mining Inc.,CDE,,,,2208136,334360.0,5135769.6,3.5761608483903187,,,,,GBUG,2026-07-28,,,,,,,,,,,,,,,,,,,,,,
Wesdome Gold Mines Ltd.,WDO,,,,B0Y90N5,258761.0,4868488.72,3.390046693545968,,,,,GBUG,2026-07-28,,,,,,,,,,,,,,,,,,,,,,
OceanaGold Corp.,OGC,,,,BQXQY26,188222.0,4547609.86,3.1666109661706363,,,,,GBUG,2026-07-28,,,,,,,,,,,,,,,,,,,,,,
Newmont Corp.,NEM,,,,2636607,46572.0,4353084.84,3.031158480031783,,,,,GBUG,2026-07-28,,,,,,,,,,,,,,,,,,,,,,
Wheaton Precious Metals Corp.,WPM,,,,BDG1S92,37871.0,4241930.71,2.9537591652644526,,,,,GBUG,2026-07-28,,,,,,,,,,,,,,,,,,,,,,
Emerald Resources NL,EMR,,,,6107381,1090769.0,4202599.25,2.9263717163878455,,,,,GBUG,2026-07-28,,,,,,,,,,,,,,,,,,,,,,
Equinox Gold Corp.,EQX,,,,BKLNP13,435797.0,4141336.74,2.8837131458522594,,,,,GBUG,2026-07-28,,,,,,,,,,,,,,,,,,,,,,
Genesis Minerals Ltd.,GMD,,,,B23G0X1,942535.0,4053276.17,2.822394436632723,,,,,GBUG,2026-07-28,,,,,,,,,,,,,,,,,,,,,,
Agnico Eagle Mines Ltd.,AEM,,,,2009823,27426.0,4004172.7,2.7882025003484108,,,,,GBUG,2026-07-28,,,,,,,,,,,,,,,,,,,,,,
Northern Star Resources Ltd.,NST,,,,6717456,267367.0,3806441.59,2.65051753603639,,,,,GBUG,2026-07-28,,,,,,,,,,,,,,,,,,,,,,
Ramelius Resources Ltd.,RMS,,,,6586872,1734329.0,3771598.62,2.6262555315345453,,,,,GBUG,2026-07-28,,,,,,,,,,,,,,,,,,,,,,
Anglogold Ashanti PLC,AU,,,,BRXH266,44886.0,3612425.28,2.515419277000167,,,,,GBUG,2026-07-28,,,,,,,,,,,,,,,,,,,,,,
Kinross Gold Corp.,KGC,,,,B04NVW3,150504.0,3600055.68,2.5068060247175397,,,,,GBUG,2026-07-28,,,,,,,,,,,,,,,,,,,,,,
i-80 Gold Corp.,IAU,,,,BN96CD6,2504560.0,3369681.35,2.3463907951441274,,,,,GBUG,2026-07-28,,,,,,,,,,,,,,,,,,,,,,
Evolution Mining Ltd.,EVN,,,,B3X0F91,407115.0,3276619.57,2.2815896221870084,,,,,GBUG,2026-07-28,,,,,,,,,,,,,,,,,,,,,,
K92 Mining Inc.,KNT,,,,BYZ2CB3,179196.0,2917232.71,2.031339841091312,,,,,GBUG,2026-07-28,,,,,,,,,,,,,,,,,,,,,,
Alamos Gold Inc.,AGI,,,,BYNBW45,94048.0,2795106.56,1.9463004428685717,,,,,GBUG,2026-07-28,,,,,,,,,,,,,,,,,,,,,,
Ora Banda Mining Ltd.,OBM,,,,BKDX544,3494681.0,2736901.42,1.9057707931656183,,,,,GBUG,2026-07-28,,,,,,,,,,,,,,,,,,,,,,
Skeena Resources Ltd.,SKE,,,,BMDM761,96206.0,2612590.36,1.8192099891541025,,,,,GBUG,2026-07-28,,,,,,,,,,,,,,,,,,,,,,
Westgold Resources Ltd.,WGX,,,,BYVQ673,740055.0,2535675.48,1.7656522940202244,,,,,GBUG,2026-07-28,,,,,,,,,,,,,,,,,,,,,,
Valterra Platinum Ltd.,VALT,,,,BV1D8Q6,36359.0,2491434.87,1.7348464850152983,,,,,GBUG,2026-07-28,,,,,,,,,,,,,,,,,,,,,,
Metalla Royalty & Streaming Ltd.,MTA,,,,BL0N0S3,293589.0,2248891.74,1.5659578250660586,,,,,GBUG,2026-07-28,,,,,,,,,,,,,,,,,,,,,,
SSR Mining Inc.,SSRM,,,,BF7MQ72,84766.0,2228498.14,1.551757267105333,,,,,GBUG,2026-07-28,,,,,,,,,,,,,,,,,,,,,,
Lundin Gold Inc.,LUG,,,,BTKSSY6,37316.0,2147480.05,1.495342407398744,,,,,GBUG,2026-07-28,,,,,,,,,,,,,,,,,,,,,,
Endeavour Silver Corp.,EDR,,,,2980003,268497.0,2129419.63,1.4827664992214213,,,,,GBUG,2026-07-28,,,,,,,,,,,,,,,,,,,,,,
Benz Mining Corp.,BNZ,,,,BLD3YS8,882037.0,2115507.24,1.473078964869114,,,,,GBUG,2026-07-28,,,,,,,,,,,,,,,,,,,,,,
Vizsla Silver Corp.,VZLA,,,,BS84LB7,639044.0,2113252.71,1.471509080986955,,,,,GBUG,2026-07-28,,,,,,,,,,,,,,,,,,,,,,
Torex Gold Resources Inc.,TXG,,,,BD2NKY1,48664.0,1902865.09,1.3250110820054548,,,,,GBUG,2026-07-28,,,,,,,,,,,,,,,,,,,,,,
Cia de Minas Buenaventura SAA,BVN,,,,2210476,58592.0,1858538.24,1.2941452219983254,,,,,GBUG,2026-07-28,,,,,,,,,,,,,,,,,,,,,,
Barrick Mining Corp.,ABX,,,,BNM23Q1,46170.0,1725244.94,1.2013298665717997,,,,,GBUG,2026-07-28,,,,,,,,,,,,,,,,,,,,,,
Aris Mining Corp.,ARIS,,,,BQKRCQ2,96600.0,1435798.05,0.9997809817257314,,,,,GBUG,2026-07-28,,,,,,,,,,,,,,,,,,,,,,
OR Royalties Inc.,OR,,,,BPJJWP1,42845.0,1266357.67,0.8817955383965799,,,,,GBUG,2026-07-28,,,,,,,,,,,,,,,,,,,,,,
Pan American Silver Corp.,PAAS,,,,2703396,26974.0,1190362.62,0.8288783431856686,,,,,GBUG,2026-07-28,,,,,,,,,,,,,,,,,,,,,,
West African Resources Ltd.,WAF,,,,B4KBBN0,518276.0,1065471.95,0.7419139426831156,,,,,GBUG,2026-07-28,,,,,,,,,,,,,,,,,,,,,,
AbraSilver Resource Corp.,ABRA,,,,BR4XSQ5,96072.0,1042900.27,0.7261967348281537,,,,,GBUG,2026-07-28,,,,,,,,,,,,,,,,,,,,,,
Artemis Gold Inc.,ARTG,,,,BKLTQ63,30129.0,725169.74,0.5049532659380568,,,,,GBUG,2026-07-28,,,,,,,,,,,,,,,,,,,,,,
Perpetua Resources Corp.,PPTA,,,,BNNNK51,39467.0,719878.08,0.5012685548258228,,,,,GBUG,2026-07-28,,,,,,,,,,,,,,,,,,,,,,
New Found Gold Corp.,NFGC,,,,BL98380,407594.0,591011.3,0.41153549256108873,,,,,GBUG,2026-07-28,,,,,,,,,,,,,,,,,,,,,,
Gold Fields Ltd.,GFI,,,,2416326,17622.0,579940.02,0.40382629196190944,,,,,GBUG,2026-07-28,,,,,,,,,,,,,,,,,,,,,,
LunR Royalties Corp.,LUNR,,,,BRCDGF2,7789.0,102864.22,0.07162684951135824,,,,,GBUG,2026-07-28,,,,,,,,,,,,,,,,,,,,,,
Cash Equivalent,CASH,,,,,3209279.42,3209279.42,2.2346990436153504,,,,,GBUG,2026-07-28,,,,,,,,,,,,,,,,,,,,,,
First American Government Obligations Fund 12/01/2031,FGXXX,,31846V336,,,6487095.89,6487095.89,17.43077643115199,,,,,MSTW,2026-07-28,,,,,,,,100.0,37216706.0,10870000.0,1087.0,,,,,,,,,,,Y
MSTR US 07/31/26 C30,MSTR  260731C00030000,,MSTR  260731C00030000,,,4470.0,30764775.0,82.66471223376567,,,,,MSTW,2026-07-28,MSTR,30.0,2026-07-31,Call,,3.0,,68.825,37216706.0,10870000.0,1087.0,,,,,,,,,,,
Cash & Other,Cash&Other,,Cash&Other,,,-35537.38,-35537.38,-0.0954886649176527,,,,,MSTW,2026-07-28,,,,,,,,1.0,37216706.0,10870000.0,1087.0,,,,,,,,,,,Y
NVIDIA CORP WEEKLYPAY SWAP NM,67066G104 TRS 042027 NM,,67066G104 TRS 042027 NM,,,554960.0,109055189.6,105.39495226944655,,,,,NVDW,2026-07-28,,,,,,,,196.51,103492620.0,3080000.0,308.0,,,,,,,,,,,
United States Treasury Bill 10/08/2026,912797UJ4,,912797UJ4,,,74000000.0,73456012.58,70.9905963042126,,,,,NVDW,2026-07-28,,,,,,,,99.264882,103492620.0,3080000.0,308.0,,,,,,,,,,,
First American Government Obligations Fund 12/01/2031,FGXXX,,31846V336,,,23198679.85,23198679.85,22.420058728731252,,,,,NVDW,2026-07-28,,,,,,,,100.0,103492620.0,3080000.0,308.0,,,,,,,,,,,Y
NVIDIA Corp,NVDA,,67066G104,,,83273.0,16363977.23,15.814750360987498,,,,,NVDW,2026-07-28,,,,,,,,196.51,103492620.0,3080000.0,308.0,,,,,,,,,,,
Cash & Other,Cash&Other,,Cash&Other,,,-118600982.0,-118600982.0,-114.6203576633779,,,,,NVDW,2026-07-28,,,,,,,,1.0,103492620.0,3080000.0,308.0,,,,,,,,,,,Y
COINBASE GLOBAL INC WEEKLYPAY SWAP NM,19260Q107 TRS 042027 NM,,19260Q107 TRS 042027 NM,,,241664.0,40476303.36,112.62909682684862,,,,,COIW,2026-07-28,,,,,,,,167.49,35931966.0,4020000.0,402.0,,,,,,,,,,,
United States Treasury Bill 10/08/2026,912797UJ4,,912797UJ4,,,50400000.0,50029500.46,139.2117605551074,,,,,COIW,2026-07-28,,,,,,,,99.264882,35931966.0,4020000.0,402.0,,,,,,,,,,,
Coinbase Global Inc,COIN,,19260Q107,,,12720.0,2130472.8,5.928239670110213,,,,,COIW,2026-07-28,,,,,,,,167.49,35931966.0,4020000.0,402.0,,,,,,,,,,,
First American Government Obligations Fund 12/01/2031,FGXXX,,31846V336,,,575081.03,575081.03,1.6002167103817717,,,,,COIW,2026-07-28,,,,,,,,100.0,35931966.0,4020000.0,402.0,,,,,,,,,,,Y
Cash & Other,Cash&Other,,Cash&Other,,,-57273660.82,-57273660.82,-159.36931376244797,,,,,COIW,2026-07-28,,,,,,,,1.0,35931966.0,4020000.0,402.0,,,,,,,,,,,Y
TESLA INC WEEKLYPAY SWAP NM,88160R101 TRS 042027 NM,,88160R101 TRS 042027 NM,,,215811.0,66733077.42,100.05217395544857,,,,,TSLW,2026-07-28,,,,,,,,309.22,66712584.0,4240000.0,424.0,,,,,,,,,,,
United States Treasury Bill 10/08/2026,912797UJ4,,912797UJ4,,,62000000.0,61542835.44,92.27050085523277,,,,,TSLW,2026-07-28,,,,,,,,99.262638,66712584.0,4240000.0,424.0,,,,,,,,,,,
First American Government Obligations Fund 12/01/2031,FGXXX,,31846V336,,,6998006.14,6998006.14,10.492034156523648,,,,,TSLW,2026-07-28,,,,,,,,100.0,66712584.0,4240000.0,424.0,,,,,,,,,,,Y
Tesla Inc,TSLA,,88160R101,,,43163.0,13346862.86,20.01080567922407,,,,,TSLW,2026-07-28,,,,,,,,309.22,66712584.0,4240000.0,424.0,,,,,,,,,,,
Cash & Other,Cash&Other,,Cash&Other,,,-81922503.57,-81922503.57,-122.82551464642906,,,,,TSLW,2026-07-28,,,,,,,,1.0,66712584.0,4240000.0,424.0,,,,,,,,,,,Y
770700102 SWP,770700102 SWP,,770700102 SWP,,,26971.0,2579776.15,2.2121812792212094,,,,,HOOW,2026-07-28,,,,,,,,95.65,116643142.0,4610000.0,461.0,,,,,,,,,,,
ROBINHOOD MKTS INC SWAP NM,770700102 TRS 081727 NM,,770700102 TRS 081727 NM,,,1382181.0,132205612.7,113.36750338703216,,,,,HOOW,2026-07-28,,,,,,,,95.65,116643142.0,4610000.0,461.0,,,,,,,,,,,
United States Treasury Bill 10/08/2026,912797UJ4,,912797UJ4,,,111000000.0,110181528.0,94.48165243235835,,,,,HOOW,2026-07-28,,,,,,,,99.262638,116643142.0,4610000.0,461.0,,,,,,,,,,,
First American Government Obligations Fund 12/01/2031,FGXXX,,31846V336,,,7929445.47,7929445.47,6.799570894296168,,,,,HOOW,2026-07-28,,,,,,,,100.0,116643142.0,4610000.0,461.0,,,,,,,,,,,Y
Robinhood Markets Inc,HOOD,,770700102,,,52149.0,4988051.85,4.277299378225014,,,,,HOOW,2026-07-28,,,,,,,,95.65,116643142.0,4610000.0,461.0,,,,,,,,,,,
Cash & Other,Cash&Other,,Cash&Other,,,-141267563.0,-141267563.0,-121.13820737113289,,,,,HOOW,2026-07-28,,,,,,,,1.0,116643142.0,4610000.0,461.0,,,,,,,,,,,Y
PALANTIR TECHNOLOGIES INC WEEKLYPAY SWAP NM,69608A108 TRS 042027 NM,,69608A108 TRS 042027 NM,,,824169.0,108402948.6,98.84171671676435,,,,,PLTW,2026-07-28,,,,,,,,131.53,109692226.0,6020000.0,602.0,,,,,,,,,,,
United States Treasury Bill 10/08/2026,912797UJ4,,912797UJ4,,,98000000.0,97279584.23,88.69944250562828,,,,,PLTW,2026-07-28,,,,,,,,99.264882,109692226.0,6020000.0,602.0,,,,,,,,,,,
First American Government Obligations Fund 12/01/2031,FGXXX,,31846V336,,,1999530.67,1999530.67,1.8231703713142544,,,,,PLTW,2026-07-28,,,,,,,,100.0,109692226.0,6020000.0,602.0,,,,,,,,,,,Y
Palantir Technologies Inc,PLTR,,69608A108,,,164834.0,21680616.02,19.768367323670596,,,,,PLTW,2026-07-28,,,,,,,,131.53,109692226.0,6020000.0,602.0,,,,,,,,,,,
Cash & Other,Cash&Other,,Cash&Other,,,-119689403.7,-119689403.7,-109.13269691737746,,,,,PLTW,2026-07-28,,,,,,,,1.0,109692226.0,6020000.0,602.0,,,,,,,,,,,Y
4NDX US 09/18/26 C2250 FLX,4NDX  260918C02250000,,4NDX  260918C02250000,,,71.0,182972577.8,20.08131090731766,,,,,QDTE,2026-07-28,,,,,,,,25770.7856,907638467.0,31910000.0,3191.0,,,,,,,,,,,
4NDX US 12/18/26 C2450.1 FLX,4NDX  261218C02450100,,4NDX  261218C02450100,,,89.0,227535051.3,24.972059542507978,,,,,QDTE,2026-07-28,,,,,,,,25565.7361,907638467.0,31910000.0,3191.0,,,,,,,,,,,
NDX 03/19/2027 2510.15 C,4NDX  270319C02510150,,4NDX  270319C02510150,,,92.0,234826739.5,25.772325131723605,,,,,QDTE,2026-07-28,NDX,2510.15,2027-03-19,Call,,234.0,,25524.6456,907638467.0,31910000.0,3191.0,,,,,,,,,,,
NDX 06/11/2027 3059.42 C,4NDX  270611C03059420,,4NDX  270611C03059420,,,73.0,182759953.0,20.057975253599793,,,,,QDTE,2026-07-28,NDX,3059.42,2027-06-11,Call,,318.0,,25035.61,907638467.0,31910000.0,3191.0,,,,,,,,,,,
First American Government Obligations Fund 12/01/2031,FGXXX,,31846V336,,,35415818.25,35415818.25,3.886899697574818,,,,,QDTE,2026-07-28,,,,,,,,100.0,907638467.0,31910000.0,3191.0,,,,,,,,,,,Y
Roundhill Weekly T-Bill ETF,WEEK,,77926X676,,,479558.0,47966899.37,5.264385686044533,,,,,QDTE,2026-07-28,,,,,,,,100.023145,907638467.0,31910000.0,3191.0,,,,,,,,,,,
Cash & Other,Cash&Other,,Cash&Other,,,-318506.57,-318506.57,-0.034956218768391514,,,,,QDTE,2026-07-28,,,,,,,,1.0,907638467.0,31910000.0,3191.0,,,,,,,,,,,Y
SPX 03/19/2027 678.8 C,4SPX  270319C00678800,,4SPX  270319C00678800,,,337.0,225951086.0,68.24602342219347,,,,,XDTE,2026-07-28,SPX,678.8,2027-03-19,Call,,234.0,,6704.78,329782330.5,8655000.0,865.5,,,,,,,,,,,
SPX 06/11/2027 678.8 C,4SPX  270611C00678800,,4SPX  270611C00678800,,,110.0,73727877.3,22.268688901474924,,,,,XDTE,2026-07-28,SPX,678.8,2027-06-11,Call,,318.0,,6702.5343,329782330.5,8655000.0,865.5,,,,,,,,,,,
First American Government Obligations Fund 12/01/2031,FGXXX,,31846V336,,,6000614.21,6000614.21,1.8124190734060333,,,,,XDTE,2026-07-28,,,,,,,,100.0,329782330.5,8655000.0,865.5,,,,,,,,,,,Y
Roundhill Weekly T-Bill ETF,WEEK,,77926X676,,,242576.0,24263214.42,7.328435233123962,,,,,XDTE,2026-07-28,,,,,,,,100.023145,329782330.5,8655000.0,865.5,,,,,,,,,,,
Cash & Other,Cash&Other,,Cash&Other,,,1140360.86,1140360.86,0.34443336980160694,,,,,XDTE,2026-07-28,,,,,,,,1.0,329782330.5,8655000.0,865.5,,,,,,,,,,,Y
4RUT US 12/18/26 C246.2 FLX,4RUT  261218C00246200,,4RUT  261218C00246200,,,301.0,80849202.0,46.87610609188511,,,,,RDTE,2026-07-28,,,,,,,,2686.02,171273080.0,6050000.0,605.0,,,,,,,,,,,
RUT 03/19/2027 252.3 C,4RUT  270319C00252300,,4RUT  270319C00252300,,,288.0,77053878.72,44.675589917015735,,,,,RDTE,2026-07-28,RUT,252.3,2027-03-19,Call,,234.0,,2675.4819,171273080.0,6050000.0,605.0,,,,,,,,,,,
First American Government Obligations Fund 12/01/2031,FGXXX,,31846V336,,,2638904.0,2638904.0,1.5300280127724697,,,,,RDTE,2026-07-28,,,,,,,,100.0,171273080.0,6050000.0,605.0,,,,,,,,,,,Y
Roundhill Weekly T-Bill ETF,WEEK,,77926X676,,,104679.0,10470322.8,6.070659329316368,,,,,RDTE,2026-07-28,,,,,,,,100.023145,171273080.0,6050000.0,605.0,,,,,,,,,,,
Cash & Other,Cash&Other,,Cash&Other,,,1461920.27,1461920.27,0.8476166490103059,,,,,RDTE,2026-07-28,,,,,,,,1.0,171273080.0,6050000.0,605.0,,,,,,,,,,,Y
IBIT 07/31/2026 37.93 C,4IBIT 260731C00037930,,4IBIT 260731C00037930,,,-35465.0,-620637.5,-0.4782124643313458,,,,,YBTC,2026-07-28,IBIT,37.93,2026-07-31,Call,,3.0,,0.175,129785276.0,7220000.0,722.0,,,,,,,,,,,
IBIT 08/21/2026 36.44 C,4IBIT 260821C00036440,,4IBIT 260821C00036440,,,35465.0,5665533.75,4.365396638681856,,,,,YBTC,2026-07-28,IBIT,36.44,2026-08-21,Call,,24.0,,1.5975,129785276.0,7220000.0,722.0,,,,,,,,,,,
IBIT 08/21/2026 36.44 P,4IBIT 260821P00036440,,4IBIT 260821P00036440,,,-35465.0,-4103655.15,-3.161940814158858,,,,,YBTC,2026-07-28,IBIT,36.44,2026-08-21,Put,,24.0,,1.1571,129785276.0,7220000.0,722.0,,,,,,,,,,,
United States Treasury Bill 10/08/2026,912797UJ4,,912797UJ4,,,120000000.0,119117858.3,91.78247296290516,,,,,YBTC,2026-07-28,,,,,,,,99.264882,129785276.0,7220000.0,722.0,,,,,,,,,,,
First American Government Obligations Fund 12/01/2031,FGXXX,,31846V336,,,9118991.03,9118991.03,7.026348186617369,,,,,YBTC,2026-07-28,,,,,,,,100.0,129785276.0,7220000.0,722.0,,,,,,,,,,,Y
Cash & Other,Cash&Other,,Cash&Other,,,604704.1,604704.1,0.46593549028582476,,,,,YBTC,2026-07-28,,,,,,,,1.0,129785276.0,7220000.0,722.0,,,,,,,,,,,Y
United States Treasury Bill 10/15/2026,912797UK1,,912797UK1,,,150141000.0,148892286.31,19.2169076199438,,,,,MSTY,2026-07-28,,,,,,,,99.168306,774864505.96,59544959.0,2381.8,,,,,,,,,,,
MSTR US 07/31/26 C96.5,MSTR  260731C00096500,,MSTR  260731C00096500,,,-14000.0,-7245000.0,-0.9350819922035278,,,,,MSTY,2026-07-28,MSTR,96.5,2026-07-31,Call,,3.0,,5.175,774864505.96,59544959.0,2381.8,,,,,,,,,,,
MSTR US 07/31/26 C99,MSTR  260731C00099000,,MSTR  260731C00099000,,,3500.0,1365000.0,0.17617486809631683,,,,,MSTY,2026-07-28,MSTR,99.0,2026-07-31,Call,,3.0,,3.9,774864505.96,59544959.0,2381.8,,,,,,,,,,,
MSTR 08/21/2026 110.01 P,2MSTR 260821P00110010,,2MSTR 260821P00110010,,,-2400.0,-3655056.0,-0.4717428635052391,,,,,MSTY,2026-07-28,MSTR,110.01,2026-08-21,Put,,24.0,,15.2294,774864505.96,59544959.0,2381.8,,,,,,,,,,,
United States Treasury Bill 02/18/2027,912797TV9,,912797TV9,,,7588000.0,7422993.93,0.958054927837004,,,,,MSTY,2026-07-28,,,,,,,,97.825434,774864505.96,59544959.0,2381.8,,,,,,,,,,,
MSTR US 07/31/26 C102,MSTR  260731C00102000,,MSTR  260731C00102000,,,24200.0,6364600.0,0.8214524289273393,,,,,MSTY,2026-07-28,MSTR,102.0,2026-07-31,Call,,3.0,,2.63,774864505.96,59544959.0,2381.8,,,,,,,,,,,
MSTR US 07/31/26 C101,MSTR  260731C00101000,,MSTR  260731C00101000,,,7545.0,2229547.5,0.28775841518459555,,,,,MSTY,2026-07-28,MSTR,101.0,2026-07-31,Call,,3.0,,2.955,774864505.96,59544959.0,2381.8,,,,,,,,,,,
United States Treasury Bill 08/06/2026,912797RG4,,912797RG4,,,214904000.0,214709619.33,27.711676823789855,,,,,MSTY,2026-07-28,,,,,,,,99.90955,774864505.96,59544959.0,2381.8,,,,,,,,,,,
MSTR US 08/21/26 C110,MSTR  260821C00110000,,MSTR  260821C00110000,,,2400.0,1020000.0,0.13164715418186312,,,,,MSTY,2026-07-28,MSTR,110.0,2026-08-21,Call,,24.0,,4.25,774864505.96,59544959.0,2381.8,,,,,,,,,,,
MSTR 09/18/2026 100.01 P,2MSTR 260918P00100010,,2MSTR 260918P00100010,,,-31250.0,-39041250.0,-5.038891625688886,,,,,MSTY,2026-07-28,MSTR,100.01,2026-09-18,Put,,52.0,,12.4932,774864505.96,59544959.0,2381.8,,,,,,,,,,,
First American Government Obligations Fund 12/01/2031,FGXXX,,31846V336,,,11454627.0,11454627.48,1.4784010881915355,,,,,MSTY,2026-07-28,,,,,,,,100.0,774864505.96,59544959.0,2381.8,,,,,,,,,,,
MSTR US 07/31/26 C95,MSTR  260731C00095000,,MSTR  260731C00095000,,,-16715.0,-10237937.5,-1.3213679770262532,,,,,MSTY,2026-07-28,MSTR,95.0,2026-07-31,Call,,3.0,,6.125,774864505.96,59544959.0,2381.8,,,,,,,,,,,
MSTR US 07/31/26 C105,MSTR  260731C00105000,,MSTR  260731C00105000,,,3000.0,520500.0,0.06717876838398015,,,,,MSTY,2026-07-28,MSTR,105.0,2026-07-31,Call,,3.0,,1.735,774864505.96,59544959.0,2381.8,,,,,,,,,,,
MSTR US 07/31/26 C97.5,MSTR  260731C00097500,,MSTR  260731C00097500,,,-18000.0,-8280000.0,-1.068665133946889,,,,,MSTY,2026-07-28,MSTR,97.5,2026-07-31,Call,,3.0,,4.6,774864505.96,59544959.0,2381.8,,,,,,,,,,,
MSTR US 07/31/26 C96,MSTR  260731C00096000,,MSTR  260731C00096000,,,-11200.0,-6104000.0,-0.7878178716922476,,,,,MSTY,2026-07-28,MSTR,96.0,2026-07-31,Call,,3.0,,5.45,774864505.96,59544959.0,2381.8,,,,,,,,,,,
MSTR US 07/31/26 C100,MSTR  260731C00100000,,MSTR  260731C00100000,,,13170.0,4510725.0,0.5821804995558671,,,,,MSTY,2026-07-28,MSTR,100.0,2026-07-31,Call,,3.0,,3.425,774864505.96,59544959.0,2381.8,,,,,,,,,,,
United States Treasury Bill 12/10/2026,912797VG9,,912797VG9,,,74621000.0,73542343.74,9.491804181603289,,,,,MSTY,2026-07-28,,,,,,,,98.554487,774864505.96,59544959.0,2381.8,,,,,,,,,,,
MSTR US 07/31/26 C94,MSTR  260731C00094000,,MSTR  260731C00094000,,,-9500.0,-6388750.0,-0.8245693689013509,,,,,MSTY,2026-07-28,MSTR,94.0,2026-07-31,Call,,3.0,,6.725,774864505.96,59544959.0,2381.8,,,,,,,,,,,
MSTR US 07/31/26 C97,MSTR  260731C00097000,,MSTR  260731C00097000,,,-2253.0,-1109602.5,-0.14321177588047135,,,,,MSTY,2026-07-28,MSTR,97.0,2026-07-31,Call,,3.0,,4.925,774864505.96,59544959.0,2381.8,,,,,,,,,,,
MSTR US 07/31/26 C103,MSTR  260731C00103000,,MSTR  260731C00103000,,,20253.0,4658190.0,0.6012131932729539,,,,,MSTY,2026-07-28,MSTR,103.0,2026-07-31,Call,,3.0,,2.3,774864505.96,59544959.0,2381.8,,,,,,,,,,,
Cash & Other,Cash&Other,,Cash&Other,,,253588601.0,253588601.3,32.72962519029815,,,,,MSTY,2026-07-28,,,,,,,,1.0,774864505.96,59544959.0,2381.8,,,,,,,,,,,
MSTR US 09/18/26 C100,MSTR  260918C00100000,,MSTR  260918C00100000,,,31250.0,36718750.0,4.739136218250281,,,,,MSTY,2026-07-28,MSTR,100.0,2026-09-18,Call,,52.0,,11.75,774864505.96,59544959.0,2381.8,,,,,,,,,,,
MSTR US 08/21/26 C125,MSTR  260821C00125000,,MSTR  260821C00125000,,,44215.0,7008077.5,0.9045033913342606,,,,,MSTY,2026-07-28,MSTR,125.0,2026-08-21,Call,,24.0,,1.585,774864505.96,59544959.0,2381.8,,,,,,,,,,,
United States Treasury Bill 09/03/2026,912797RS8,,912797RS8,,,205539000.0,204760603.25,26.427598731788287,,,,,MSTY,2026-07-28,,,,,,,,99.62129,774864505.96,59544959.0,2381.8,,,,,,,,,,,
MSTR 08/21/2026 125.01 P,2MSTR 260821P00125010,,2MSTR 260821P00125010,,,-44215.0,-121906502.95,-15.73396489179451,,,,,MSTY,2026-07-28,MSTR,125.01,2026-08-21,Put,,24.0,,27.5713,774864505.96,59544959.0,2381.8,,,,,,,,,,,
NVDA US 07/31/26 C202.5,NVDA  260731C00202500,,NVDA  260731C00202500,,,-5000.0,-907500.0,-0.06715828493419809,,,,,NVDY,2026-07-28,NVDA,202.5,2026-07-31,Call,,3.0,,1.815,1351395937.5,112875000.0,4515.0,,,,,,,,,,,
NVDA US 07/31/26 C205,NVDA  260731C00205000,,NVDA  260731C00205000,,,1200.0,142200.0,0.01052331473018509,,,,,NVDY,2026-07-28,NVDA,205.0,2026-07-31,Call,,3.0,,1.185,1351395937.5,112875000.0,4515.0,,,,,,,,,,,
United States Treasury Bill 02/18/2027,912797TV9,,912797TV9,,,249246000.0,243825981.23,18.044005203090663,,,,,NVDY,2026-07-28,,,,,,,,97.825434,1351395937.5,112875000.0,4515.0,,,,,,,,,,,
NVDA US 07/31/26 C212.5,NVDA  260731C00212500,,NVDA  260731C00212500,,,-31900.0,-972950.0,-0.0720018218476342,,,,,NVDY,2026-07-28,NVDA,212.5,2026-07-31,Call,,3.0,,0.305,1351395937.5,112875000.0,4515.0,,,,,,,,,,,
NVDA US 07/31/26 C220,NVDA  260731C00220000,,NVDA  260731C00220000,,,31900.0,303050.0,0.022426796968935243,,,,,NVDY,2026-07-28,NVDA,220.0,2026-07-31,Call,,3.0,,0.095,1351395937.5,112875000.0,4515.0,,,,,,,,,,,
Cash & Other,Cash&Other,,Cash&Other,,,26612953.0,26612952.67,1.9694548301401524,,,,,NVDY,2026-07-28,,,,,,,,1.0,1351395937.5,112875000.0,4515.0,,,,,,,,,,,
NVDA US 09/18/26 C195,NVDA  260918C00195000,,NVDA  260918C00195000,,,68100.0,98574750.0,7.294888317154098,,,,,NVDY,2026-07-28,NVDA,195.0,2026-09-18,Call,,52.0,,14.475,1351395937.5,112875000.0,4515.0,,,,,,,,,,,
First American Government Obligations Fund 12/01/2031,FGXXX,,31846V336,,,34966898.0,34966898.08,2.587677029775983,,,,,NVDY,2026-07-28,,,,,,,,100.0,1351395937.5,112875000.0,4515.0,,,,,,,,,,,
NVDA US 07/31/26 C200,NVDA  260731C00200000,,NVDA  260731C00200000,,,-1200.0,-319200.0,-0.023621955428094803,,,,,NVDY,2026-07-28,NVDA,200.0,2026-07-31,Call,,3.0,,2.66,1351395937.5,112875000.0,4515.0,,,,,,,,,,,
United States Treasury Bill 08/06/2026,912797RG4,,912797RG4,,,233956000.0,233744386.8,17.297930722296215,,,,,NVDY,2026-07-28,,,,,,,,99.90955,1351395937.5,112875000.0,4515.0,,,,,,,,,,,
United States Treasury Bill 12/10/2026,912797VG9,,912797VG9,,,243361000.0,239843185.11,17.749263873435815,,,,,NVDY,2026-07-28,,,,,,,,98.554487,1351395937.5,112875000.0,4515.0,,,,,,,,,,,
NVDA 09/18/2026 195.01 P,2NVDA 260918P00195010,,2NVDA 260918P00195010,,,-68100.0,-80772048.0,-5.97742392760631,,,,,NVDY,2026-07-28,NVDA,195.01,2026-09-18,Put,,52.0,,11.8608,1351395937.5,112875000.0,4515.0,,,,,,,,,,,
United States Treasury Bill 10/15/2026,912797UK1,,912797UK1,,,302468000.0,299952391.79,22.19756274879013,,,,,NVDY,2026-07-28,,,,,,,,99.168306,1351395937.5,112875000.0,4515.0,,,,,,,,,,,
United States Treasury Bill 09/03/2026,912797RS8,,912797RS8,,,256884000.0,255911154.6,18.93835177792443,,,,,NVDY,2026-07-28,,,,,,,,99.62129,1351395937.5,112875000.0,4515.0,,,,,,,,,,,
NVDA US 07/31/26 C207.5,NVDA  260731C00207500,,NVDA  260731C00207500,,,5000.0,380000.0,0.02812137550963667,,,,,NVDY,2026-07-28,NVDA,207.5,2026-07-31,Call,,3.0,,0.76,1351395937.5,112875000.0,4515.0,,,,,,,,,,,
COIN US 07/31/26 C175,COIN  260731C00175000,,COIN  260731C00175000,,,6625.0,3428437.5,0.9325981096676206,,,,,CONY,2026-07-28,COIN,175.0,2026-07-31,Call,,3.0,,5.175,367629504.1,18032457.0,721.3,,,,,,,,,,,
COIN US 09/18/26 C170,COIN  260918C00170000,,COIN  260918C00170000,,,12180.0,23263800.0,6.3281818331778235,,,,,CONY,2026-07-28,COIN,170.0,2026-09-18,Call,,52.0,,19.1,367629504.1,18032457.0,721.3,,,,,,,,,,,
COIN US 07/31/26 C157.5,COIN  260731C00157500,,COIN  260731C00157500,,,-3130.0,-4405475.0,-1.1983702946861248,,,,,CONY,2026-07-28,COIN,157.5,2026-07-31,Call,,3.0,,14.075,367629504.1,18032457.0,721.3,,,,,,,,,,,
United States Treasury Bill 10/15/2026,912797UK1,,912797UK1,,,66942000.0,66385247.4,18.058009292879724,,,,,CONY,2026-07-28,,,,,,,,99.168306,367629504.1,18032457.0,721.3,,,,,,,,,,,
COIN US 07/31/26 C170,COIN  260731C00170000,,COIN  260731C00170000,,,1910.0,1365650.0,0.3714819384829346,,,,,CONY,2026-07-28,COIN,170.0,2026-07-31,Call,,3.0,,7.15,367629504.1,18032457.0,721.3,,,,,,,,,,,
COIN 08/21/2026 160.01 P,2COIN 260821P00160010,,2COIN 260821P00160010,,,-9425.0,-9788239.5,-2.6625813230294955,,,,,CONY,2026-07-28,COIN,160.01,2026-08-21,Put,,24.0,,10.3854,367629504.1,18032457.0,721.3,,,,,,,,,,,
COIN US 07/31/26 C185,COIN  260731C00185000,,COIN  260731C00185000,,,-425.0,-107950.0,-0.02936438711180228,,,,,CONY,2026-07-28,COIN,185.0,2026-07-31,Call,,3.0,,2.54,367629504.1,18032457.0,721.3,,,,,,,,,,,
COIN US 08/21/26 C160,COIN  260821C00160000,,COIN  260821C00160000,,,9425.0,17389125.0,4.730162093890865,,,,,CONY,2026-07-28,COIN,160.0,2026-08-21,Call,,24.0,,18.45,367629504.1,18032457.0,721.3,,,,,,,,,,,
COIN US 07/31/26 C172.5,COIN  260731C00172500,,COIN  260731C00172500,,,6015.0,3699225.0,1.0062572942441574,,,,,CONY,2026-07-28,COIN,172.5,2026-07-31,Call,,3.0,,6.15,367629504.1,18032457.0,721.3,,,,,,,,,,,
COIN 09/18/2026 170.01 P,2COIN 260918P00170010,,2COIN 260918P00170010,,,-12180.0,-24465478.8,-6.655060586927207,,,,,CONY,2026-07-28,COIN,170.01,2026-09-18,Put,,52.0,,20.0866,367629504.1,18032457.0,721.3,,,,,,,,,,,
United States Treasury Bill 09/03/2026,912797RS8,,912797RS8,,,50704000.0,50511978.88,13.740188064988432,,,,,CONY,2026-07-28,,,,,,,,99.62129,367629504.1,18032457.0,721.3,,,,,,,,,,,
Cash & Other,Cash&Other,,Cash&Other,,,10929426.0,10929425.78,2.9730049978103903,,,,,CONY,2026-07-28,,,,,,,,1.0,367629504.1,18032457.0,721.3,,,,,,,,,,,
COIN US 07/31/26 C195,COIN  260731C00195000,,COIN  260731C00195000,,,425.0,49512.5,0.013468311411515615,,,,,CONY,2026-07-28,COIN,195.0,2026-07-31,Call,,3.0,,1.165,367629504.1,18032457.0,721.3,,,,,,,,,,,
United States Treasury Bill 08/06/2026,912797RG4,,912797RG4,,,93467000.0,93382459.1,25.401747832000403,,,,,CONY,2026-07-28,,,,,,,,99.90955,367629504.1,18032457.0,721.3,,,,,,,,,,,
COIN US 07/31/26 C165,COIN  260731C00165000,,COIN  260731C00165000,,,-3995.0,-3815225.0,-1.0378114295379886,,,,,CONY,2026-07-28,COIN,165.0,2026-07-31,Call,,3.0,,9.55,367629504.1,18032457.0,721.3,,,,,,,,,,,
United States Treasury Bill 12/10/2026,912797VG9,,912797VG9,,,68067000.0,67083082.67,18.247833331865817,,,,,CONY,2026-07-28,,,,,,,,98.554487,367629504.1,18032457.0,721.3,,,,,,,,,,,
COIN US 07/31/26 C182.5,COIN  260731C00182500,,COIN  260731C00182500,,,500.0,152000.0,0.04134679797122693,,,,,CONY,2026-07-28,COIN,182.5,2026-07-31,Call,,3.0,,3.04,367629504.1,18032457.0,721.3,,,,,,,,,,,
First American Government Obligations Fund 12/01/2031,FGXXX,,31846V336,,,6089751.0,6089751.36,1.65652446826924,,,,,CONY,2026-07-28,,,,,,,,100.0,367629504.1,18032457.0,721.3,,,,,,,,,,,
COIN US 07/31/26 C160,COIN  260731C00160000,,COIN  260731C00160000,,,-2500.0,-3106250.0,-0.8449571789350241,,,,,CONY,2026-07-28,COIN,160.0,2026-07-31,Call,,3.0,,12.425,367629504.1,18032457.0,721.3,,,,,,,,,,,
COIN US 07/31/26 C162.5,COIN  260731C00162500,,COIN  260731C00162500,,,-7925.0,-8658062.5,-2.3551523750641836,,,,,CONY,2026-07-28,COIN,162.5,2026-07-31,Call,,3.0,,10.925,367629504.1,18032457.0,721.3,,,,,,,,,,,
COIN US 07/31/26 C167.5,COIN  260731C00167500,,COIN  260731C00167500,,,2500.0,2062500.0,0.5610379658924707,,,,,CONY,2026-07-28,COIN,167.5,2026-07-31,Call,,3.0,,8.25,367629504.1,18032457.0,721.3,,,,,,,,,,,
United States Treasury Bill 02/18/2027,912797TV9,,912797TV9,,,77870000.0,76176665.46,20.72145524273921,,,,,CONY,2026-07-28,,,,,,,,97.825434,367629504.1,18032457.0,721.3,,,,,,,,,,,
First American Government Obligations Fund 12/01/2031,FGXXX,,31846V336,,,29485909.0,29485908.96,4.581717563131731,,,,,TSLY,2026-07-28,,,,,,,,100.0,643534728.93,30454965.0,1218.2,,,,,,,,,,,
TSLA 09/18/2026 410.01 C,2TSLA 260918C00410010,,2TSLA 260918C00410010,,,10121.0,2082294.54,0.32356083980567607,,,,,TSLY,2026-07-28,TSLA,410.01,2026-09-18,Call,,52.0,,2.0574,643534728.93,30454965.0,1218.2,,,,,,,,,,,
TSLA 09/18/2026 415.01 C,2TSLA 260918C00415010,,2TSLA 260918C00415010,,,10488.0,1953809.52,0.30359597884337963,,,,,TSLY,2026-07-28,TSLA,415.01,2026-09-18,Call,,52.0,,1.8629,643534728.93,30454965.0,1218.2,,,,,,,,,,,
United States Treasury Bill 10/15/2026,912797UK1,,912797UK1,,,155297000.0,154005404.17,23.9303887853722,,,,,TSLY,2026-07-28,,,,,,,,99.168306,643534728.93,30454965.0,1218.2,,,,,,,,,,,
TSLA US 07/31/26 C327.5,TSLA  260731C00327500,,TSLA  260731C00327500,,,-1681.0,-296696.5,-0.046102684737100046,,,,,TSLY,2026-07-28,TSLA,327.5,2026-07-31,Call,,3.0,,1.765,643534728.93,30454965.0,1218.2,,,,,,,,,,,
TSLA US 07/31/26 C347.5,TSLA  260731C00347500,,TSLA  260731C00347500,,,2000.0,68000.0,0.010566294385416758,,,,,TSLY,2026-07-28,TSLA,347.5,2026-07-31,Call,,3.0,,0.34,643534728.93,30454965.0,1218.2,,,,,,,,,,,
United States Treasury Bill 12/10/2026,912797VG9,,912797VG9,,,184409000.0,181743343.93,28.240495214035676,,,,,TSLY,2026-07-28,,,,,,,,98.554487,643534728.93,30454965.0,1218.2,,,,,,,,,,,
TSLA 09/18/2026 410.01 P,2TSLA 260918P00410010,,2TSLA 260918P00410010,,,-10121.0,-101217590.75,-15.72786560069318,,,,,TSLY,2026-07-28,TSLA,410.01,2026-09-18,Put,,52.0,,100.0075,643534728.93,30454965.0,1218.2,,,,,,,,,,,
TSLA US 07/31/26 C332.5,TSLA  260731C00332500,,TSLA  260731C00332500,,,-2000.0,-227000.0,-0.03527277684543535,,,,,TSLY,2026-07-28,TSLA,332.5,2026-07-31,Call,,3.0,,1.135,643534728.93,30454965.0,1218.2,,,,,,,,,,,
TSLA US 07/31/26 C350,TSLA  260731C00350000,,TSLA  260731C00350000,,,4000.0,114000.0,0.01771408176378692,,,,,TSLY,2026-07-28,TSLA,350.0,2026-07-31,Call,,3.0,,0.285,643534728.93,30454965.0,1218.2,,,,,,,,,,,
TSLA US 07/31/26 C340,TSLA  260731C00340000,,TSLA  260731C00340000,,,3758.0,229238.0,0.03562053224006128,,,,,TSLY,2026-07-28,TSLA,340.0,2026-07-31,Call,,3.0,,0.61,643534728.93,30454965.0,1218.2,,,,,,,,,,,
TSLA US 07/31/26 C325,TSLA  260731C00325000,,TSLA  260731C00325000,,,-3758.0,-823002.0,-0.12788355017333475,,,,,TSLY,2026-07-28,TSLA,325.0,2026-07-31,Call,,3.0,,2.19,643534728.93,30454965.0,1218.2,,,,,,,,,,,
United States Treasury Bill 08/06/2026,912797RG4,,912797RG4,,,200601000.0,200419556.4,31.142529904662315,,,,,TSLY,2026-07-28,,,,,,,,99.90955,643534728.93,30454965.0,1218.2,,,,,,,,,,,
United States Treasury Bill 02/18/2027,912797TV9,,912797TV9,,,78674000.0,76963181.95,11.959053490030785,,,,,TSLY,2026-07-28,,,,,,,,97.825434,643534728.93,30454965.0,1218.2,,,,,,,,,,,
Cash & Other,Cash&Other,,Cash&Other,,,28229417.0,28229417.01,4.38647544788752,,,,,TSLY,2026-07-28,,,,,,,,1.0,643534728.93,30454965.0,1218.2,,,,,,,,,,,
TSLA US 07/31/26 C345,TSLA  260731C00345000,,TSLA  260731C00345000,,,6730.0,275930.0,0.042875847202471264,,,,,TSLY,2026-07-28,TSLA,345.0,2026-07-31,Call,,3.0,,0.41,643534728.93,30454965.0,1218.2,,,,,,,,,,,
TSLA US 07/31/26 C330,TSLA  260731C00330000,,TSLA  260731C00330000,,,-4290.0,-607035.0,-0.09432515459193326,,,,,TSLY,2026-07-28,TSLA,330.0,2026-07-31,Call,,3.0,,1.415,643534728.93,30454965.0,1218.2,,,,,,,,,,,
TSLA US 07/31/26 C342.5,TSLA  260731C00342500,,TSLA  260731C00342500,,,1681.0,84050.0,0.01306025063373939,,,,,TSLY,2026-07-28,TSLA,342.5,2026-07-31,Call,,3.0,,0.5,643534728.93,30454965.0,1218.2,,,,,,,,,,,
TSLA US 07/31/26 C335,TSLA  260731C00335000,,TSLA  260731C00335000,,,-4000.0,-368000.0,-0.05718229902696128,,,,,TSLY,2026-07-28,TSLA,335.0,2026-07-31,Call,,3.0,,0.92,643534728.93,30454965.0,1218.2,,,,,,,,,,,
TSLA 09/18/2026 415.01 P,2TSLA 260918P00415010,,2TSLA 260918P00415010,,,-10488.0,-109892529.84,-17.0758356036417,,,,,TSLY,2026-07-28,TSLA,415.01,2026-09-18,Put,,52.0,,104.7793,643534728.93,30454965.0,1218.2,,,,,,,,,,,
TSLA US 07/31/26 C315,TSLA  260731C00315000,,TSLA  260731C00315000,,,-2440.0,-1195600.0,-0.18578031716476878,,,,,TSLY,2026-07-28,TSLA,315.0,2026-07-31,Call,,3.0,,4.9,643534728.93,30454965.0,1218.2,,,,,,,,,,,
United States Treasury Bill 09/03/2026,912797RS8,,912797RS8,,,183223000.0,182529116.18,28.36259375687967,,,,,TSLY,2026-07-28,,,,,,,,99.62129,643534728.93,30454965.0,1218.2,,,,,,,,,,,
First American Government Obligations Fund 12/01/2031,FGXXX,,31846V336,,,1072971.0,1072970.68,0.8016714810124089,,,,,HOOY,2026-07-28,,,,,,,,100.0,133844755.0,4925000.0,197.0,,,,,,,,,,,
HOOD US 07/31/26 C102,HOOD  260731C00102000,,HOOD  260731C00102000,,,-3920.0,-1021160.0,-0.7629610620400471,,,,,HOOY,2026-07-28,HOOD,102.0,2026-07-31,Call,,3.0,,2.605,133844755.0,4925000.0,197.0,,,,,,,,,,,
HOOD 08/21/2026 90.01 C,2HOOD 260821C00090010,,2HOOD 260821C00090010,,,13800.0,15502230.0,11.582511912716008,,,,,HOOY,2026-07-28,HOOD,90.01,2026-08-21,Call,,24.0,,11.2335,133844755.0,4925000.0,197.0,,,,,,,,,,,
HOOD 08/21/2026 90.01 P,2HOOD 260821P00090010,,2HOOD 260821P00090010,,,-13800.0,-7324902.0,-5.472810342413789,,,,,HOOY,2026-07-28,HOOD,90.01,2026-08-21,Put,,24.0,,5.3079,133844755.0,4925000.0,197.0,,,,,,,,,,,
HOOD US 07/31/26 C101,HOOD  260731C00101000,,HOOD  260731C00101000,,,4880.0,1432280.0,1.0701299208142883,,,,,HOOY,2026-07-28,HOOD,101.0,2026-07-31,Call,,3.0,,2.935,133844755.0,4925000.0,197.0,,,,,,,,,,,
HOOD US 07/31/26 C97,HOOD  260731C00097000,,HOOD  260731C00097000,,,-4880.0,-2147200.0,-1.604283356587008,,,,,HOOY,2026-07-28,HOOD,97.0,2026-07-31,Call,,3.0,,4.4,133844755.0,4925000.0,197.0,,,,,,,,,,,
HOOD US 07/31/26 C99,HOOD  260731C00099000,,HOOD  260731C00099000,,,-2000.0,-720000.0,-0.5379489645783558,,,,,HOOY,2026-07-28,HOOD,99.0,2026-07-31,Call,,3.0,,3.6,133844755.0,4925000.0,197.0,,,,,,,,,,,
HOOD US 07/31/26 C103,HOOD  260731C00103000,,HOOD  260731C00103000,,,2000.0,474000.0,0.35414973501408425,,,,,HOOY,2026-07-28,HOOD,103.0,2026-07-31,Call,,3.0,,2.37,133844755.0,4925000.0,197.0,,,,,,,,,,,
United States Treasury Bill 02/18/2027,912797TV9,,912797TV9,,,30088000.0,29433716.58,21.991440774866366,,,,,HOOY,2026-07-28,,,,,,,,97.825434,133844755.0,4925000.0,197.0,,,,,,,,,,,
United States Treasury Bill 12/10/2026,912797VG9,,912797VG9,,,32124000.0,31659643.4,23.65454498048608,,,,,HOOY,2026-07-28,,,,,,,,98.554487,133844755.0,4925000.0,197.0,,,,,,,,,,,
United States Treasury Bill 09/03/2026,912797RS8,,912797RS8,,,24662000.0,24568602.54,18.35646430212523,,,,,HOOY,2026-07-28,,,,,,,,99.62129,133844755.0,4925000.0,197.0,,,,,,,,,,,
Cash & Other,Cash&Other,,Cash&Other,,,14879574.0,14879574.49,11.117294014252803,,,,,HOOY,2026-07-28,,,,,,,,1.0,133844755.0,4925000.0,197.0,,,,,,,,,,,
HOOD US 07/31/26 C106,HOOD  260731C00106000,,HOOD  260731C00106000,,,3920.0,642880.0,0.4803286532612965,,,,,HOOY,2026-07-28,HOOD,106.0,2026-07-31,Call,,3.0,,1.64,133844755.0,4925000.0,197.0,,,,,,,,,,,
United States Treasury Bill 10/15/2026,912797UK1,,912797UK1,,,25844000.0,25629057.0,19.148784272596757,,,,,HOOY,2026-07-28,,,,,,,,99.168306,133844755.0,4925000.0,197.0,,,,,,,,,,,
HOOD US 07/31/26 C104,HOOD  260731C00104000,,HOOD  260731C00104000,,,-3000.0,-627000.0,-0.4684638899869849,,,,,HOOY,2026-07-28,HOOD,104.0,2026-07-31,Call,,3.0,,2.09,133844755.0,4925000.0,197.0,,,,,,,,,,,
HOOD US 07/31/26 C108,HOOD  260731C00108000,,HOOD  260731C00108000,,,3000.0,387000.0,0.2891475684608663,,,,,HOOY,2026-07-28,HOOD,108.0,2026-07-31,Call,,3.0,,1.29,133844755.0,4925000.0,197.0,,,,,,,,,,,
United States Treasury Bill 02/18/2027,912797TV9,,912797TV9,,,66997000.0,65540106.02,20.144078507641343,,,,,PLTY,2026-07-28,,,,,,,,97.825434,325305870.0,10775000.0,431.0,,,,,,,,,,,
PLTR US 07/31/26 C123,PLTR  260731C00123000,,PLTR  260731C00123000,,,-4340.0,-4166400.0,-1.2805638225337264,,,,,PLTY,2026-07-28,PLTR,123.0,2026-07-31,Call,,3.0,,9.6,325305870.0,10775000.0,431.0,,,,,,,,,,,
First American Government Obligations Fund 12/01/2031,FGXXX,,31846V336,,,7787822.0,7787822.26,2.393626018260091,,,,,PLTY,2026-07-28,,,,,,,,100.0,325305870.0,10775000.0,431.0,,,,,,,,,,,
PLTR US 07/31/26 C133,PLTR  260731C00133000,,PLTR  260731C00133000,,,3250.0,916500.0,0.28169084661870203,,,,,PLTY,2026-07-28,PLTR,133.0,2026-07-31,Call,,3.0,,2.82,325305870.0,10775000.0,431.0,,,,,,,,,,,
PLTR US 07/31/26 C132,PLTR  260731C00132000,,PLTR  260731C00132000,,,3000.0,982500.0,0.3019762758351061,,,,,PLTY,2026-07-28,PLTR,132.0,2026-07-31,Call,,3.0,,3.275,325305870.0,10775000.0,431.0,,,,,,,,,,,
PLTR US 07/31/26 C127,PLTR  260731C00127000,,PLTR  260731C00127000,,,-5575.0,-3498312.5,-1.0752237969032057,,,,,PLTY,2026-07-28,PLTR,127.0,2026-07-31,Call,,3.0,,6.275,325305870.0,10775000.0,431.0,,,,,,,,,,,
PLTR US 07/31/26 C128,PLTR  260731C00128000,,PLTR  260731C00128000,,,-3000.0,-1672500.0,-0.5140512176429669,,,,,PLTY,2026-07-28,PLTR,128.0,2026-07-31,Call,,3.0,,5.575,325305870.0,10775000.0,431.0,,,,,,,,,,,
PLTR US 07/31/26 C129,PLTR  260731C00129000,,PLTR  260731C00129000,,,-3250.0,-1608750.0,-0.49445733714984935,,,,,PLTY,2026-07-28,PLTR,129.0,2026-07-31,Call,,3.0,,4.95,325305870.0,10775000.0,431.0,,,,,,,,,,,
PLTR US 07/31/26 C130,PLTR  260731C00130000,,PLTR  260731C00130000,,,-4666.0,-2029710.0,-0.623841492951932,,,,,PLTY,2026-07-28,PLTR,130.0,2026-07-31,Call,,3.0,,4.35,325305870.0,10775000.0,431.0,,,,,,,,,,,
PLTR 09/18/2026 135.01 P,2PLTR 260918P00135010,,2PLTR 260918P00135010,,,-13941.0,-18997540.11,-5.83898871495761,,,,,PLTY,2026-07-28,PLTR,135.01,2026-09-18,Put,,52.0,,13.6271,325305870.0,10775000.0,431.0,,,,,,,,,,,
PLTR US 07/31/26 C131,PLTR  260731C00131000,,PLTR  260731C00131000,,,5575.0,2104562.5,0.6468477822007334,,,,,PLTY,2026-07-28,PLTR,131.0,2026-07-31,Call,,3.0,,3.775,325305870.0,10775000.0,431.0,,,,,,,,,,,
PLTR US 08/21/26 C140,PLTR  260821C00140000,,PLTR  260821C00140000,,,10890.0,6806250.0,2.09193488794167,,,,,PLTY,2026-07-28,PLTR,140.0,2026-08-21,Call,,24.0,,6.25,325305870.0,10775000.0,431.0,,,,,,,,,,,
United States Treasury Bill 09/03/2026,912797RS8,,912797RS8,,,44859000.0,44689114.48,13.73542225042149,,,,,PLTY,2026-07-28,,,,,,,,99.62129,325305870.0,10775000.0,431.0,,,,,,,,,,,
PLTR US 09/18/26 C135,PLTR  260918C00135000,,PLTR  260918C00135000,,,13941.0,15439657.5,4.745455747602611,,,,,PLTY,2026-07-28,PLTR,135.0,2026-09-18,Call,,52.0,,11.075,325305870.0,10775000.0,431.0,,,,,,,,,,,
Cash & Other,Cash&Other,,Cash&Other,,,1709460.0,1709459.79,0.5254109934596056,,,,,PLTY,2026-07-28,,,,,,,,1.0,325305870.0,10775000.0,431.0,,,,,,,,,,,
United States Treasury Bill 08/06/2026,912797RG4,,912797RG4,,,119970000.0,119861487.14,36.84002595683935,,,,,PLTY,2026-07-28,,,,,,,,99.90955,325305870.0,10775000.0,431.0,,,,,,,,,,,
PLTR US 07/31/26 C134,PLTR  260731C00134000,,PLTR  260731C00134000,,,6666.0,1599840.0,0.49171880420563474,,,,,PLTY,2026-07-28,PLTR,134.0,2026-07-31,Call,,3.0,,2.4,325305870.0,10775000.0,431.0,,,,,,,,,,,
United States Treasury Bill 12/10/2026,912797VG9,,912797VG9,,,55977000.0,55167845.19,16.956112403383074,,,,,PLTY,2026-07-28,,,,,,,,98.554487,325305870.0,10775000.0,431.0,,,,,,,,,,,
PLTR US 07/31/26 C126,PLTR  260731C00126000,,PLTR  260731C00126000,,,2340.0,1638000.0,0.5034474705525738,,,,,PLTY,2026-07-28,PLTR,126.0,2026-07-31,Call,,3.0,,7.0,325305870.0,10775000.0,431.0,,,,,,,,,,,
United States Treasury Bill 10/15/2026,912797UK1,,912797UK1,,,49076000.0,48667837.85,14.958302724569789,,,,,PLTY,2026-07-28,,,,,,,,99.168306,325305870.0,10775000.0,431.0,,,,,,,,,,,
PLTR 08/21/2026 140.01 P,2PLTR 260821P00140010,,2PLTR 260821P00140010,,,-10890.0,-15581085.3,-4.788924287392486,,,,,PLTY,2026-07-28,PLTR,140.01,2026-08-21,Put,,24.0,,14.3077,325305870.0,10775000.0,431.0,,,,,,,,,,,
