Name,Ticker,Security Type,CUSIP,ISIN,SEDOL,Share Quantity,Market Value,Weight,Coupon,Maturity Date,Sector,Country,ETF Ticker,Date,Underlying_Ticker,Option_Strike,Option_Expiry,Option_Type,Underlying_Price,DTE,Moneyness,Price,NetAssets,SharesOutstanding,CreationUnits,date,id,holding_date,price,net_assets,shares_outstanding,creation_units,money_market_flag,source_file,ingested_at,holding_type,MoneyMarketFlag
MATSON INC COMMON STOCK,MATX,COMMON STOCK,57686G105,US57686G1058,B8GNC91,1484036.0,321694483.72,1.0370008804793327,0,,INDUSTRIALS,UNITED STATES,AVUV,2026-08-21,,,,,,,,,,,,,,,,,,,,,,,
LANTHEUS HOLDINGS INC COMMON STOCK USD.01,LNTH,COMMON STOCK,516544103,US5165441032,BP8S8J5,2940488.0,294754517.12,0.9501583311100382,0,,HEALTH CARE,UNITED STATES,AVUV,2026-08-21,,,,,,,,,,,,,,,,,,,,,,,
SM ENERGY CO COMMON STOCK USD.01,SM,COMMON STOCK,78454L100,US78454L1008,2764188,7647960.0,287869214.4,0.9279631572903297,0,,ENERGY,UNITED STATES,AVUV,2026-08-21,,,,,,,,,,,,,,,,,,,,,,,
GATX CORP COMMON STOCK USD.625,GATX,COMMON STOCK,361448103,US3614481030,2362128,1426690.0,252096123.0,0.8126465163262394,0,,INDUSTRIALS,UNITED STATES,AVUV,2026-08-21,,,,,,,,,,,,,,,,,,,,,,,
VIASAT INC COMMON STOCK USD.0001,VSAT,COMMON STOCK,92552V100,US92552V1008,2946243,3372226.0,249645890.78,0.8047480502408515,0,,INFORMATION TECHNOLOGY,UNITED STATES,AVUV,2026-08-21,,,,,,,,,,,,,,,,,,,,,,,
MACY S INC COMMON STOCK USD.01,M,COMMON STOCK,55616P104,US55616P1049,2345022,10515055.0,237429941.9,0.7653692284532929,0,,CONSUMER DISCRETIONARY,UNITED STATES,AVUV,2026-08-21,,,,,,,,,,,,,,,,,,,,,,,
CABOT CORP COMMON STOCK USD1.0,CBT,COMMON STOCK,127055101,US1270551013,2162500,2615954.0,222172973.22,0.716187502451499,0,,MATERIALS,UNITED STATES,AVUV,2026-08-21,,,,,,,,,,,,,,,,,,,,,,,
SKYWEST INC COMMON STOCK,SKYW,COMMON STOCK,830879102,US8308791024,2814210,2183895.0,220103857.58,0.7095175878303919,0,,INDUSTRIALS,UNITED STATES,AVUV,2026-08-21,,,,,,,,,,,,,,,,,,,,,,,
RUSH ENTERPRISES INC CL A COMMON STOCK USD.01,RUSHA,COMMON STOCK,781846209,US7818462092,2966876,2843147.0,219235065.17,0.7067169849611554,0,,INDUSTRIALS,UNITED STATES,AVUV,2026-08-21,,,,,,,,,,,,,,,,,,,,,,,
LEAR CORP COMMON STOCK USD.01,LEA,COMMON STOCK,521865204,US5218652049,B570P91,1717682.0,215448853.26,0.6945119106342709,0,,CONSUMER DISCRETIONARY,UNITED STATES,AVUV,2026-08-21,,,,,,,,,,,,,,,,,,,,,,,
OSCAR HEALTH INC   CLASS A COMMON STOCK USD.00001,OSCR,COMMON STOCK,687793109,US6877931096,BKY83Q6,6697525.0,211440864.25,0.6815919249252866,0,,FINANCIALS,UNITED STATES,AVUV,2026-08-21,,,,,,,,,,,,,,,,,,,,,,,
INTERNATIONAL SEAWAYS INC COMMON STOCK,INSW,COMMON STOCK,Y41053102,MHY410531021,BYX60M4,2001425.0,198861588.0,0.6410418962266385,0,,ENERGY,UNITED STATES,AVUV,2026-08-21,,,,,,,,,,,,,,,,,,,,,,,
MAGNOLIA OIL + GAS CORP   A COMMON STOCK USD.0001,MGY,COMMON STOCK,559663109,US5596631094,BF2GC59,6889241.0,194414381.02,0.6267060658430879,0,,ENERGY,UNITED STATES,AVUV,2026-08-21,,,,,,,,,,,,,,,,,,,,,,,
AVNET INC COMMON STOCK USD1.0,AVT,COMMON STOCK,053807103,US0538071038,2066505,2230270.0,193788160.3,0.6246874069263884,0,,INFORMATION TECHNOLOGY,UNITED STATES,AVUV,2026-08-21,,,,,,,,,,,,,,,,,,,,,,,
MURPHY OIL CORP COMMON STOCK USD1.0,MUR,COMMON STOCK,626717102,US6267171022,2611206,4996213.0,191255033.64,0.6165217257918867,0,,ENERGY,UNITED STATES,AVUV,2026-08-21,,,,,,,,,,,,,,,,,,,,,,,
CHEESECAKE FACTORY INC/THE COMMON STOCK USD.01,CAKE,COMMON STOCK,163072101,US1630721017,2192392,1794850.0,191205370.5,0.6163616337713093,0,,CONSUMER DISCRETIONARY,UNITED STATES,AVUV,2026-08-21,,,,,,,,,,,,,,,,,,,,,,,
ABERCROMBIE + FITCH CO CL A COMMON STOCK USD.01,ANF,COMMON STOCK,002896207,US0028962076,2004185,1816254.0,190742995.08,0.6148711397096538,0,,CONSUMER DISCRETIONARY,UNITED STATES,AVUV,2026-08-21,,,,,,,,,,,,,,,,,,,,,,,
CAL MAINE FOODS INC COMMON STOCK USD.01,CALM,COMMON STOCK,128030202,US1280302027,2158781,2295476.0,189216086.68,0.6099490616656003,0,,CONSUMER STAPLES,UNITED STATES,AVUV,2026-08-21,,,,,,,,,,,,,,,,,,,,,,,
TUTOR PERINI CORP COMMON STOCK USD1.0,TPC,COMMON STOCK,901109108,US9011091082,2681760,2088324.0,188700956.64,0.6082885100177632,0,,INDUSTRIALS,UNITED STATES,AVUV,2026-08-21,,,,,,,,,,,,,,,,,,,,,,,
OCEANEERING INTL INC COMMON STOCK USD.25,OII,COMMON STOCK,675232102,US6752321025,2655583,3591118.0,188497783.82,0.6076335706144104,0,,ENERGY,UNITED STATES,AVUV,2026-08-21,,,,,,,,,,,,,,,,,,,,,,,
IRIDIUM COMMUNICATIONS INC COMMON STOCK USD.001,IRDM,COMMON STOCK,46269C102,US46269C1027,B2QH310,3856958.0,186869615.1,0.6023850740387635,0,,COMMUNICATION SERVICES,UNITED STATES,AVUV,2026-08-21,,,,,,,,,,,,,,,,,,,,,,,
NOBLE CORP PLC COMMON STOCK USD.00001,NE,COMMON STOCK,G65431127,GB00BMXNWH07,BN2QTL0,3952303.0,185679194.94,0.5985476854090759,0,,ENERGY,UNITED STATES,AVUV,2026-08-21,,,,,,,,,,,,,,,,,,,,,,,
ARCHROCK INC COMMON STOCK USD.01,AROC,COMMON STOCK,03957W106,US03957W1062,BYRGSX7,5717416.0,184558188.48,0.5949340558789693,0,,ENERGY,UNITED STATES,AVUV,2026-08-21,,,,,,,,,,,,,,,,,,,,,,,
ALASKA AIR GROUP INC COMMON STOCK USD.01,ALK,COMMON STOCK,011659109,US0116591092,2012605,4569129.0,183587603.22,0.5918053178367083,0,,INDUSTRIALS,UNITED STATES,AVUV,2026-08-21,,,,,,,,,,,,,,,,,,,,,,,
NOV INC COMMON STOCK USD.01,NOV,COMMON STOCK,62955J103,US62955J1034,BN2RYW9,8772362.0,177815777.74,0.5731995026684797,0,,ENERGY,UNITED STATES,AVUV,2026-08-21,,,,,,,,,,,,,,,,,,,,,,,
CROCS INC COMMON STOCK USD.001,CROX,COMMON STOCK,227046109,US2270461096,B0T7Z62,1434175.0,176532600.75,0.5690631070018415,0,,CONSUMER DISCRETIONARY,UNITED STATES,AVUV,2026-08-21,,,,,,,,,,,,,,,,,,,,,,,
PATTERSON UTI ENERGY INC COMMON STOCK USD.01,PTEN,COMMON STOCK,703481101,US7034811015,2672537,14491965.0,176512133.7,0.5689971302756465,0,,ENERGY,UNITED STATES,AVUV,2026-08-21,,,,,,,,,,,,,,,,,,,,,,,
STONEX GROUP INC COMMON STOCK USD.01,SNEX,COMMON STOCK,861896108,US8618961085,BMQ8XV3,2632057.0,174215852.83,0.5615949353219698,0,,FINANCIALS,UNITED STATES,AVUV,2026-08-21,,,,,,,,,,,,,,,,,,,,,,,
URBAN OUTFITTERS INC COMMON STOCK USD.0001,URBN,COMMON STOCK,917047102,US9170471026,2933438,2371110.0,172261141.5,0.555293809648776,0,,CONSUMER DISCRETIONARY,UNITED STATES,AVUV,2026-08-21,,,,,,,,,,,,,,,,,,,,,,,
ESSENT GROUP LTD COMMON STOCK USD.015,ESNT,COMMON STOCK,G3198U102,BMG3198U1027,BFWGXR8,2485785.0,170350846.05,0.5491358611483289,0,,FINANCIALS,UNITED STATES,AVUV,2026-08-21,,,,,,,,,,,,,,,,,,,,,,,
MATADOR RESOURCES CO COMMON STOCK USD.01,MTDR,COMMON STOCK,576485205,US5764852050,B7MSLL8,2892000.0,168950640.0,0.5446222154994768,0,,ENERGY,UNITED STATES,AVUV,2026-08-21,,,,,,,,,,,,,,,,,,,,,,,
GENTEX CORP COMMON STOCK USD.06,GNTX,COMMON STOCK,371901109,US3719011096,2366799,7137149.0,168365344.91,0.5427354827316295,0,,CONSUMER DISCRETIONARY,UNITED STATES,AVUV,2026-08-21,,,,,,,,,,,,,,,,,,,,,,,
UNITED NATURAL FOODS INC COMMON STOCK USD.01,UNFI,COMMON STOCK,911163103,US9111631035,2895163,3557719.0,166358940.44,0.536267721214778,0,,CONSUMER STAPLES,UNITED STATES,AVUV,2026-08-21,,,,,,,,,,,,,,,,,,,,,,,
CARMAX INC COMMON STOCK USD.5,KMX,COMMON STOCK,143130102,US1431301027,2983563,2708007.0,165323827.35,0.5329309739590805,0,,CONSUMER DISCRETIONARY,UNITED STATES,AVUV,2026-08-21,,,,,,,,,,,,,,,,,,,,,,,
MGIC INVESTMENT CORP COMMON STOCK USD1.0,MTG,COMMON STOCK,552848103,US5528481030,2548616,5373376.0,165016376.96,0.531939889743253,0,,FINANCIALS,UNITED STATES,AVUV,2026-08-21,,,,,,,,,,,,,,,,,,,,,,,
CHORD ENERGY CORP COMMON STOCK,CHRD,COMMON STOCK,674215207,US6742152076,BLDDYB1,1102285.0,164031030.85,0.5287635692424132,0,,ENERGY,UNITED STATES,AVUV,2026-08-21,,,,,,,,,,,,,,,,,,,,,,,
HANOVER INSURANCE GROUP INC/ COMMON STOCK USD.01,THG,COMMON STOCK,410867105,US4108671052,2020415,733863.0,163732173.93,0.5278001865769925,0,,FINANCIALS,UNITED STATES,AVUV,2026-08-21,,,,,,,,,,,,,,,,,,,,,,,
CNO FINANCIAL GROUP INC COMMON STOCK USD.01,CNO,COMMON STOCK,12621E103,US12621E1038,2657750,3078583.0,163503543.13,0.527063181894279,0,,FINANCIALS,UNITED STATES,AVUV,2026-08-21,,,,,,,,,,,,,,,,,,,,,,,
AXOS FINANCIAL INC COMMON STOCK USD.01,AX,COMMON STOCK,05465C100,US05465C1009,BGK38H3,1697243.0,162867438.28,0.5250126609095881,0,,FINANCIALS,UNITED STATES,AVUV,2026-08-21,,,,,,,,,,,,,,,,,,,,,,,
CNX RESOURCES CORP COMMON STOCK USD.01,CNX,COMMON STOCK,12653C108,US12653C1080,BF3FTF4,4456984.0,162501636.64,0.5238334780452312,0,,ENERGY,UNITED STATES,AVUV,2026-08-21,,,,,,,,,,,,,,,,,,,,,,,
WEATHERFORD INTERNATIONAL PL COMMON STOCK USD.001,WFRD,COMMON STOCK,G48833118,IE00BLNN3691,BLNN369,1779142.0,162328916.08,0.5232767032733244,0,,ENERGY,UNITED STATES,AVUV,2026-08-21,,,,,,,,,,,,,,,,,,,,,,,
BANK OZK COMMON STOCK,OZK,COMMON STOCK,06417N103,US06417N1037,BZ56Q65,3274446.0,161364698.88,0.5201684930428884,0,,FINANCIALS,UNITED STATES,AVUV,2026-08-21,,,,,,,,,,,,,,,,,,,,,,,
PRICESMART INC COMMON STOCK USD.0001,PSMT,COMMON STOCK,741511109,US7415111092,2092942,945037.0,160145970.02,0.5162398496721007,0,,CONSUMER STAPLES,UNITED STATES,AVUV,2026-08-21,,,,,,,,,,,,,,,,,,,,,,,
ATKORE INC COMMON STOCK USD.01,ATKR,COMMON STOCK,047649108,US0476491081,BDHF495,1703549.0,159264796.01,0.5133993339950558,0,,INDUSTRIALS,UNITED STATES,AVUV,2026-08-21,,,,,,,,,,,,,,,,,,,,,,,
TELEPHONE AND DATA SYSTEMS COMMON STOCK USD.01,TDS,COMMON STOCK,879433829,US8794338298,B6YR5K3,4560073.0,158280133.83,0.5102252181823537,0,,COMMUNICATION SERVICES,UNITED STATES,AVUV,2026-08-21,,,,,,,,,,,,,,,,,,,,,,,
RADIAN GROUP INC COMMON STOCK USD.001,RDN,COMMON STOCK,750236101,US7502361014,2173911,4186593.0,153480499.38,0.4947533173493848,0,,FINANCIALS,UNITED STATES,AVUV,2026-08-21,,,,,,,,,,,,,,,,,,,,,,,
BRUNSWICK CORP COMMON STOCK USD.75,BC,COMMON STOCK,117043109,US1170431092,2149309,1880733.0,152452216.98,0.4914385892202276,0,,CONSUMER DISCRETIONARY,UNITED STATES,AVUV,2026-08-21,,,,,,,,,,,,,,,,,,,,,,,
HELMERICH + PAYNE COMMON STOCK USD.1,HP,COMMON STOCK,423452101,US4234521015,2420101,3434853.0,151477017.3,0.48829497632668684,0,,ENERGY,UNITED STATES,AVUV,2026-08-21,,,,,,,,,,,,,,,,,,,,,,,
TREX COMPANY INC COMMON STOCK USD.01,TREX,COMMON STOCK,89531P105,US89531P1057,2483074,3197133.0,151224390.9,0.48748062043160606,0,,INDUSTRIALS,UNITED STATES,AVUV,2026-08-21,,,,,,,,,,,,,,,,,,,,,,,
NEWMARKET CORP COMMON STOCK,NEU,COMMON STOCK,651587107,US6515871076,B01CGF1,162359.0,150605831.99,0.4854866598051111,0,,MATERIALS,UNITED STATES,AVUV,2026-08-21,,,,,,,,,,,,,,,,,,,,,,,
SELECTIVE INSURANCE GROUP COMMON STOCK USD2.0,SIGI,COMMON STOCK,816300107,US8163001071,2766173,1639034.0,148840677.54,0.4797965817606729,0,,FINANCIALS,UNITED STATES,AVUV,2026-08-21,,,,,,,,,,,,,,,,,,,,,,,
TRANSOCEAN LTD COMMON STOCK CHF.1,RIG,COMMON STOCK,H8817H100,CH0048265513,B3KFWW1,24744264.0,148713026.64,0.47938509165937165,0,,ENERGY,UNITED STATES,AVUV,2026-08-21,,,,,,,,,,,,,,,,,,,,,,,
DANA INC COMMON STOCK USD.01,DAN,COMMON STOCK,235825205,US2358252052,B2PFJR3,4802000.0,147661500.0,0.47599543437051195,0,,CONSUMER DISCRETIONARY,UNITED STATES,AVUV,2026-08-21,,,,,,,,,,,,,,,,,,,,,,,
LYFT INC A COMMON STOCK USD.00001,LYFT,COMMON STOCK,55087P104,US55087P1049,BJT1RW7,8406058.0,146265409.2,0.47149505446940926,0,,INDUSTRIALS,UNITED STATES,AVUV,2026-08-21,,,,,,,,,,,,,,,,,,,,,,,
SLM CORP COMMON STOCK USD.2,SLM,COMMON STOCK,78442P106,US78442P1066,2101967,5635691.0,145682612.35,0.46961637492351876,0,,FINANCIALS,UNITED STATES,AVUV,2026-08-21,,,,,,,,,,,,,,,,,,,,,,,
ARCBEST CORP COMMON STOCK USD.01,ARCB,COMMON STOCK,03937C105,US03937C1053,BLTFST7,1060082.0,144054542.98,0.46436819860837575,0,,INDUSTRIALS,UNITED STATES,AVUV,2026-08-21,,,,,,,,,,,,,,,,,,,,,,,
RYDER SYSTEM INC COMMON STOCK USD.5,R,COMMON STOCK,783549108,US7835491082,2760669,565338.0,140119023.3,0.45168182200001616,0,,INDUSTRIALS,UNITED STATES,AVUV,2026-08-21,,,,,,,,,,,,,,,,,,,,,,,
TIDEWATER INC COMMON STOCK,TDW,COMMON STOCK,88642R109,US88642R1095,BDFGDQ0,1442976.0,139232754.24,0.4488248821329293,0,,ENERGY,UNITED STATES,AVUV,2026-08-21,,,,,,,,,,,,,,,,,,,,,,,
KODIAK GAS SERVICES INC COMMON STOCK USD.01,KGS,COMMON STOCK,50012A108,US50012A1088,BQLSDK5,2295441.0,139103724.6,0.44840894758304006,0,,ENERGY,UNITED STATES,AVUV,2026-08-21,,,,,,,,,,,,,,,,,,,,,,,
KIRBY CORP COMMON STOCK USD.1,KEX,COMMON STOCK,497266106,US4972661064,2493534,994344.0,138432571.68,0.4462454471060408,0,,INDUSTRIALS,UNITED STATES,AVUV,2026-08-21,,,,,,,,,,,,,,,,,,,,,,,
PAR PACIFIC HOLDINGS INC COMMON STOCK USD.01,PARR,COMMON STOCK,69888T207,US69888T2078,BJH08C3,1899304.0,137604574.8,0.44357635100073894,0,,ENERGY,UNITED STATES,AVUV,2026-08-21,,,,,,,,,,,,,,,,,,,,,,,
HARLEY DAVIDSON INC COMMON STOCK USD.01,HOG,COMMON STOCK,412822108,US4128221086,2411053,4960329.0,137053890.27,0.4418011873862661,0,,CONSUMER DISCRETIONARY,UNITED STATES,AVUV,2026-08-21,,,,,,,,,,,,,,,,,,,,,,,
SIGNET JEWELERS LTD COMMON STOCK USD.18,SIG,COMMON STOCK,G81276100,BMG812761002,B3CTNK6,1683443.0,136392551.86,0.4396693245531387,0,,CONSUMER DISCRETIONARY,UNITED STATES,AVUV,2026-08-21,,,,,,,,,,,,,,,,,,,,,,,
FIRST BANCORP PUERTO RICO COMMON STOCK USD.1,FBP,COMMON STOCK,318672706,PR3186727065,2296926,4782538.0,134963222.36,0.43506179776916937,0,,FINANCIALS,UNITED STATES,AVUV,2026-08-21,,,,,,,,,,,,,,,,,,,,,,,
INGREDION INC COMMON STOCK USD.01,INGR,COMMON STOCK,457187102,US4571871023,B7K24P7,1260245.0,134871419.9,0.43476586719942717,0,,CONSUMER STAPLES,UNITED STATES,AVUV,2026-08-21,,,,,,,,,,,,,,,,,,,,,,,
CRESCENT ENERGY INC A COMMON STOCK USD.0001,CRGY,COMMON STOCK,44952J104,US44952J1043,BNR4QY1,9718754.0,134215992.74,0.4326530596245181,0,,ENERGY,UNITED STATES,AVUV,2026-08-21,,,,,,,,,,,,,,,,,,,,,,,
PAYCOM SOFTWARE INC COMMON STOCK USD.01,PAYC,COMMON STOCK,70432V102,US70432V1026,BL95MY0,585432.0,132729143.04,0.42786011313003475,0,,INDUSTRIALS,UNITED STATES,AVUV,2026-08-21,,,,,,,,,,,,,,,,,,,,,,,
PVH CORP COMMON STOCK USD1.0,PVH,COMMON STOCK,693656100,US6936561009,B3V9F12,1723705.0,131156713.45,0.4227912948821562,0,,CONSUMER DISCRETIONARY,UNITED STATES,AVUV,2026-08-21,,,,,,,,,,,,,,,,,,,,,,,
BREAD FINANCIAL HOLDINGS INC COMMON STOCK USD.01,BFH,COMMON STOCK,018581108,US0185811082,2762030,1245417.0,128502126.06,0.414234078019416,0,,FINANCIALS,UNITED STATES,AVUV,2026-08-21,,,,,,,,,,,,,,,,,,,,,,,
MOHAWK INDUSTRIES INC COMMON STOCK USD.01,MHK,COMMON STOCK,608190104,US6081901042,2598699,962451.0,128458334.97,0.4140929148935767,0,,CONSUMER DISCRETIONARY,UNITED STATES,AVUV,2026-08-21,,,,,,,,,,,,,,,,,,,,,,,
FULTON FINANCIAL CORP COMMON STOCK USD2.5,FULT,COMMON STOCK,360271100,US3602711000,2356585,5436534.0,128410933.08,0.41394011214390575,0,,FINANCIALS,UNITED STATES,AVUV,2026-08-21,,,,,,,,,,,,,,,,,,,,,,,
LIVANOVA PLC COMMON STOCK GBP1.0,LIVN,COMMON STOCK,G5509L101,GB00BYMT0J19,BYMT0J1,1611695.0,126050665.95,0.40633165375918945,0,,HEALTH CARE,UNITED STATES,AVUV,2026-08-21,,,,,,,,,,,,,,,,,,,,,,,
HANCOCK WHITNEY CORP COMMON STOCK USD3.33,HWC,COMMON STOCK,410120109,US4101201097,2415497,1641295.0,124180379.7,0.40030267724218305,0,,FINANCIALS,UNITED STATES,AVUV,2026-08-21,,,,,,,,,,,,,,,,,,,,,,,
INTERNATIONAL BANCSHARES CRP COMMON STOCK USD1.0,IBOC,COMMON STOCK,459044103,US4590441030,2243911,1727368.0,123852285.6,0.3992450468263745,0,,FINANCIALS,UNITED STATES,AVUV,2026-08-21,,,,,,,,,,,,,,,,,,,,,,,
LITHIA MOTORS INC COMMON STOCK,LAD,COMMON STOCK,536797103,US5367971034,2515030,332160.0,123121747.2,0.39689011380028216,0,,CONSUMER DISCRETIONARY,UNITED STATES,AVUV,2026-08-21,,,,,,,,,,,,,,,,,,,,,,,
BENCHMARK ELECTRONICS INC COMMON STOCK USD.1,BHE,COMMON STOCK,08160H101,US08160H1014,2090816,1676372.0,122978649.92,0.3964288313945716,0,,INFORMATION TECHNOLOGY,UNITED STATES,AVUV,2026-08-21,,,,,,,,,,,,,,,,,,,,,,,
ASSOCIATED BANC CORP COMMON STOCK USD.01,ASB,COMMON STOCK,045487105,US0454871056,2055718,3954508.0,121640666.08,0.3921157626589734,0,,FINANCIALS,UNITED STATES,AVUV,2026-08-21,,,,,,,,,,,,,,,,,,,,,,,
VISTEON CORP COMMON STOCK,VC,COMMON STOCK,92839U206,US92839U2069,B4N0JJ6,1131102.0,119150284.68,0.3840878733564725,0,,CONSUMER DISCRETIONARY,UNITED STATES,AVUV,2026-08-21,,,,,,,,,,,,,,,,,,,,,,,
TRINITY INDUSTRIES INC COMMON STOCK USD.01,TRN,COMMON STOCK,896522109,US8965221091,2904627,4001564.0,119006513.36,0.38362441814361453,0,,INDUSTRIALS,UNITED STATES,AVUV,2026-08-21,,,,,,,,,,,,,,,,,,,,,,,
BRIGHTHOUSE FINANCIAL INC COMMON STOCK USD.01,BHF,COMMON STOCK,10922N103,US10922N1037,BF429K9,2211907.0,117717690.54,0.37946982281556674,0,,FINANCIALS,UNITED STATES,AVUV,2026-08-21,,,,,,,,,,,,,,,,,,,,,,,
CATHAY GENERAL BANCORP COMMON STOCK USD.01,CATY,COMMON STOCK,149150104,US1491501045,2264235,1803492.0,112573970.64,0.36288874251988545,0,,FINANCIALS,UNITED STATES,AVUV,2026-08-21,,,,,,,,,,,,,,,,,,,,,,,
TEXAS CAPITAL BANCSHARES INC COMMON STOCK USD.01,TCBI,COMMON STOCK,88224Q107,US88224Q1076,2977209,1140820.0,111845992.8,0.36054206360789476,0,,FINANCIALS,UNITED STATES,AVUV,2026-08-21,,,,,,,,,,,,,,,,,,,,,,,
PHINIA INC COMMON STOCK USD.01,PHIN,COMMON STOCK,71880K101,US71880K1016,BPW7PC0,1550638.0,111072199.94,0.35804769731398267,0,,CONSUMER DISCRETIONARY,UNITED STATES,AVUV,2026-08-21,,,,,,,,,,,,,,,,,,,,,,,
YETI HOLDINGS INC COMMON STOCK USD.01,YETI,COMMON STOCK,98585X104,US98585X1046,BGR7KH2,2522337.0,110982828.0,0.3577596016668381,0,,CONSUMER DISCRETIONARY,UNITED STATES,AVUV,2026-08-21,,,,,,,,,,,,,,,,,,,,,,,
NMI HOLDINGS INC COMMON STOCK USD.01,NMIH,COMMON STOCK,629209305,US6292093050,BGDW5G5,2433827.0,110471407.53,0.35611100803367296,0,,FINANCIALS,UNITED STATES,AVUV,2026-08-21,,,,,,,,,,,,,,,,,,,,,,,
WERNER ENTERPRISES INC COMMON STOCK USD.01,WERN,COMMON STOCK,950755108,US9507551086,2948852,2900033.0,110331755.49,0.3556608315595038,0,,INDUSTRIALS,UNITED STATES,AVUV,2026-08-21,,,,,,,,,,,,,,,,,,,,,,,
VICTORY CAPITAL HOLDING   A COMMON STOCK USD.01,VCTR,COMMON STOCK,92645B103,US92645B1035,BFYVKR0,975112.0,110265664.96,0.3554477848917188,0,,FINANCIALS,UNITED STATES,AVUV,2026-08-21,,,,,,,,,,,,,,,,,,,,,,,
INTERFACE INC COMMON STOCK USD.1,TILE,COMMON STOCK,458665304,US4586653044,B86V808,2810411.0,109830861.88,0.35404617187187115,0,,INDUSTRIALS,UNITED STATES,AVUV,2026-08-21,,,,,,,,,,,,,,,,,,,,,,,
POLARIS INC COMMON STOCK USD.01,PII,COMMON STOCK,731068102,US7310681025,2692933,1696647.0,109314966.21,0.35238315217119415,0,,CONSUMER DISCRETIONARY,UNITED STATES,AVUV,2026-08-21,,,,,,,,,,,,,,,,,,,,,,,
BOYD GAMING CORP COMMON STOCK USD.01,BYD,COMMON STOCK,103304101,US1033041013,2117232,1327423.0,107454891.85,0.3463870942756042,0,,CONSUMER DISCRETIONARY,UNITED STATES,AVUV,2026-08-21,,,,,,,,,,,,,,,,,,,,,,,
DXC TECHNOLOGY CO COMMON STOCK USD.01,DXC,COMMON STOCK,23355L106,US23355L1061,BYXD7B3,9968149.0,106659194.3,0.34382211693933307,0,,INFORMATION TECHNOLOGY,UNITED STATES,AVUV,2026-08-21,,,,,,,,,,,,,,,,,,,,,,,
ALLEGIANT TRAVEL CO COMMON STOCK USD.001,ALGT,COMMON STOCK,01748X102,US01748X1028,B15M2C3,1391476.0,106322681.16,0.34273734725836896,0,,INDUSTRIALS,UNITED STATES,AVUV,2026-08-21,,,,,,,,,,,,,,,,,,,,,,,
LIBERTY ENERGY INC COMMON STOCK,LBRT,COMMON STOCK,53115L104,US53115L1044,BDCWFT8,5354966.0,103029545.84,0.33212173400044953,0,,ENERGY,UNITED STATES,AVUV,2026-08-21,,,,,,,,,,,,,,,,,,,,,,,
ACADEMY SPORTS + OUTDOORS IN COMMON STOCK USD.01,ASO,COMMON STOCK,00402L107,US00402L1070,BN7K304,2231632.0,101874000.8,0.3283967673486852,0,,CONSUMER DISCRETIONARY,UNITED STATES,AVUV,2026-08-21,,,,,,,,,,,,,,,,,,,,,,,
NORTHERN OIL AND GAS INC COMMON STOCK USD.001,NOG,COMMON STOCK,665531307,US6655313079,BN6RJM0,3779331.0,101701797.21,0.3278416590596443,0,,ENERGY,UNITED STATES,AVUV,2026-08-21,,,,,,,,,,,,,,,,,,,,,,,
SPECTRUM BRANDS HOLDINGS INC COMMON STOCK USD.01,SPB,COMMON STOCK,84790A105,US84790A1051,BDRYFB1,1168689.0,100694244.24,0.32459375345387403,0,,CONSUMER STAPLES,UNITED STATES,AVUV,2026-08-21,,,,,,,,,,,,,,,,,,,,,,,
KOHLS CORP COMMON STOCK USD.01,KSS,COMMON STOCK,500255104,US5002551043,2496113,5735483.0,99395920.39,0.3204085310029688,0,,CONSUMER DISCRETIONARY,UNITED STATES,AVUV,2026-08-21,,,,,,,,,,,,,,,,,,,,,,,
SIRIUSPOINT LTD COMMON STOCK USD.1,SPNT,COMMON STOCK,G8192H106,BMG8192H1060,BMCQX44,4205686.0,99254189.6,0.3199516535572587,0,,FINANCIALS,UNITED STATES,AVUV,2026-08-21,,,,,,,,,,,,,,,,,,,,,,,
VF CORP COMMON STOCK,VFC,COMMON STOCK,918204108,US9182041080,2928683,7108230.0,99159808.5,0.3196474105914831,0,,CONSUMER DISCRETIONARY,UNITED STATES,AVUV,2026-08-21,,,,,,,,,,,,,,,,,,,,,,,
TALOS ENERGY INC COMMON STOCK,TALO,COMMON STOCK,87484T108,US87484T1088,BDT56V9,5489122.0,97431915.5,0.3140774469985305,0,,ENERGY,UNITED STATES,AVUV,2026-08-21,,,,,,,,,,,,,,,,,,,,,,,
HOWARD HUGHES HOLDINGS INC COMMON STOCK,HHH,COMMON STOCK,44267T102,US44267T1025,BR1W702,1406989.0,95576762.77,0.3080972542635252,0,,REAL ESTATE,UNITED STATES,AVUV,2026-08-21,,,,,,,,,,,,,,,,,,,,,,,
BANCORP INC/THE COMMON STOCK USD1.0,TBBK,COMMON STOCK,05969A105,US05969A1051,B05BRL7,1427041.0,95483313.31,0.307796014493481,0,,FINANCIALS,UNITED STATES,AVUV,2026-08-21,,,,,,,,,,,,,,,,,,,,,,,
CENTRAL GARDEN AND PET CO A COMMON STOCK USD.01,CENTA,COMMON STOCK,153527205,US1535272058,B1P36Y6,2491927.0,94842741.62,0.3057310943902245,0,,CONSUMER STAPLES,UNITED STATES,AVUV,2026-08-21,,,,,,,,,,,,,,,,,,,,,,,
GENWORTH FINANCIAL INC COMMON STOCK USD.001,GNW,COMMON STOCK,37247D106,US37247D1063,B011WL6,9618712.0,94840500.32,0.30572386942930335,0,,FINANCIALS,UNITED STATES,AVUV,2026-08-21,,,,,,,,,,,,,,,,,,,,,,,
JACKSON FINANCIAL INC A COMMON STOCK USD.01,JXN,COMMON STOCK,46817M107,US46817M1071,BMFX6P4,729721.0,94236169.94,0.30377577529690325,0,,FINANCIALS,UNITED STATES,AVUV,2026-08-21,,,,,,,,,,,,,,,,,,,,,,,
COLUMBIA BANKING SYSTEM INC COMMON STOCK,COLB,COMMON STOCK,197236102,US1972361026,2176608,3047496.0,93984776.64,0.3029653943713991,0,,FINANCIALS,UNITED STATES,AVUV,2026-08-21,,,,,,,,,,,,,,,,,,,,,,,
AMERICAN EAGLE OUTFITTERS COMMON STOCK USD.01,AEO,COMMON STOCK,02553E106,US02553E1064,2048592,5865369.0,93845904.0,0.3025177303384658,0,,CONSUMER DISCRETIONARY,UNITED STATES,AVUV,2026-08-21,,,,,,,,,,,,,,,,,,,,,,,
QUALYS INC COMMON STOCK USD.001,QLYS,COMMON STOCK,74758T303,US74758T3032,B7XJTN8,508275.0,92612787.75,0.29854270837913255,0,,INFORMATION TECHNOLOGY,UNITED STATES,AVUV,2026-08-21,,,,,,,,,,,,,,,,,,,,,,,
DHT HOLDINGS INC COMMON STOCK USD.01,DHT,COMMON STOCK,Y2065G121,MHY2065G1219,B7JB336,4653421.0,92137735.8,0.2970113507856582,0,,ENERGY,UNITED STATES,AVUV,2026-08-21,,,,,,,,,,,,,,,,,,,,,,,
HARMONY BIOSCIENCES HOLDINGS COMMON STOCK USD.00001,HRMY,COMMON STOCK,413197104,US4131971040,BKSGZN7,2413818.0,91894051.26,0.2962258194964144,0,,HEALTH CARE,UNITED STATES,AVUV,2026-08-21,,,,,,,,,,,,,,,,,,,,,,,
BANKUNITED INC COMMON STOCK USD.01,BKU,COMMON STOCK,06652K103,US06652K1034,B3NNTZ4,1985812.0,91764372.52,0.2958077925349185,0,,FINANCIALS,UNITED STATES,AVUV,2026-08-21,,,,,,,,,,,,,,,,,,,,,,,
ONEMAIN HOLDINGS INC COMMON STOCK USD.01,OMF,COMMON STOCK,68268W103,US68268W1036,BYSZB89,1482917.0,91495978.9,0.2949426100890259,0,,FINANCIALS,UNITED STATES,AVUV,2026-08-21,,,,,,,,,,,,,,,,,,,,,,,
FLUOR CORP COMMON STOCK USD.01,FLR,COMMON STOCK,343412102,US3434121022,2696838,1745676.0,91054460.16,0.29351934874853414,0,,INDUSTRIALS,UNITED STATES,AVUV,2026-08-21,,,,,,,,,,,,,,,,,,,,,,,
PROVIDENT FINANCIAL SERVICES COMMON STOCK USD.01,PFS,COMMON STOCK,74386T105,US74386T1051,2171603,3734861.0,88478857.09,0.28521674243564504,0,,FINANCIALS,UNITED STATES,AVUV,2026-08-21,,,,,,,,,,,,,,,,,,,,,,,
VALARIS LTD COMMON STOCK USD.01,VAL,COMMON STOCK,G9460G101,BMG9460G1015,BMY0YX0,991246.0,88220894.0,0.28438518340992675,0,,ENERGY,UNITED STATES,AVUV,2026-08-21,,,,,,,,,,,,,,,,,,,,,,,
BANK OF N.T. BUTTERFIELD+SON COMMON STOCK BMD1.0,NTB,COMMON STOCK,G0772R208,BMG0772R2087,BD8FF02,1485182.0,87120776.12,0.28083888943248936,0,,FINANCIALS,UNITED STATES,AVUV,2026-08-21,,,,,,,,,,,,,,,,,,,,,,,
CALIFORNIA RESOURCES CORP COMMON STOCK USD.01,CRC,COMMON STOCK,13057Q305,US13057Q3056,BMBK002,1622872.0,86677593.52,0.2794102645425048,0,,ENERGY,UNITED STATES,AVUV,2026-08-21,,,,,,,,,,,,,,,,,,,,,,,
MERCURY GENERAL CORP COMMON STOCK,MCY,COMMON STOCK,589400100,US5894001008,2578464,833754.0,86602027.98,0.2791666746288459,0,,FINANCIALS,UNITED STATES,AVUV,2026-08-21,,,,,,,,,,,,,,,,,,,,,,,
FIRST AMERICAN FINANCIAL COMMON STOCK USD.00001,FAF,COMMON STOCK,31847R102,US31847R1023,B4NFPK4,1198604.0,86287501.96,0.27815278170814056,0,,FINANCIALS,UNITED STATES,AVUV,2026-08-21,,,,,,,,,,,,,,,,,,,,,,,
BANK OF HAWAII CORP COMMON STOCK USD.01,BOH,COMMON STOCK,062540109,US0625401098,2074070,1108251.0,85989195.09,0.2771911721608899,0,,FINANCIALS,UNITED STATES,AVUV,2026-08-21,,,,,,,,,,,,,,,,,,,,,,,
ASSURED GUARANTY LTD COMMON STOCK USD.01,AGO,COMMON STOCK,G0585R106,BMG0585R1060,B00V7H8,1144543.0,85016654.04,0.2740561295158003,0,,FINANCIALS,UNITED STATES,AVUV,2026-08-21,,,,,,,,,,,,,,,,,,,,,,,
EAGLE MATERIALS INC COMMON STOCK USD.01,EXP,COMMON STOCK,26969P108,US26969P1084,2191399,417975.0,84815487.0,0.2734076558609489,0,,MATERIALS,UNITED STATES,AVUV,2026-08-21,,,,,,,,,,,,,,,,,,,,,,,
PEABODY ENERGY CORP COMMON STOCK,BTU,COMMON STOCK,704551100,US7045511000,BDVPZV0,3127145.0,83995114.7,0.2707631380327809,0,,ENERGY,UNITED STATES,AVUV,2026-08-21,,,,,,,,,,,,,,,,,,,,,,,
CUSTOMERS BANCORP INC COMMON STOCK USD1.0,CUBI,COMMON STOCK,23204G100,US23204G1004,B6XHXY4,1047664.0,83362624.48,0.2687242690181495,0,,FINANCIALS,UNITED STATES,AVUV,2026-08-21,,,,,,,,,,,,,,,,,,,,,,,
ORMAT TECHNOLOGIES INC COMMON STOCK USD.001,ORA,COMMON STOCK,686688102,US6866881021,B03L311,763735.0,82712500.5,0.26662855655244383,0,,UTILITIES,UNITED STATES,AVUV,2026-08-21,,,,,,,,,,,,,,,,,,,,,,,
GOODYEAR TIRE + RUBBER CO COMMON STOCK,GT,COMMON STOCK,382550101,US3825501014,2378200,14138700.0,82570008.0,0.2661692236902419,0,,CONSUMER DISCRETIONARY,UNITED STATES,AVUV,2026-08-21,,,,,,,,,,,,,,,,,,,,,,,
PHOTRONICS INC COMMON STOCK USD.01,PLAB,COMMON STOCK,719405102,US7194051022,2687315,2671684.0,81539795.68,0.26284827435170577,0,,INFORMATION TECHNOLOGY,UNITED STATES,AVUV,2026-08-21,,,,,,,,,,,,,,,,,,,,,,,
VICTORIA S SECRET + CO COMMON STOCK,VSXY,COMMON STOCK,926400102,US9264001028,BNNTGH3,937955.0,81414494.0,0.26244435709772307,0,,CONSUMER DISCRETIONARY,UNITED STATES,AVUV,2026-08-21,,,,,,,,,,,,,,,,,,,,,,,
TEEKAY TANKERS LTD CLASS A COMMON STOCK USD.01,TNK,COMMON STOCK,G8726X106,BMG8726X1065,BL54JK6,891881.0,81268196.72,0.26197275930587605,0,,ENERGY,UNITED STATES,AVUV,2026-08-21,,,,,,,,,,,,,,,,,,,,,,,
PALOMAR HOLDINGS INC COMMON STOCK USD.0001,PLMR,COMMON STOCK,69753M105,US69753M1053,BJYLZK6,617115.0,79527610.05,0.25636187692931767,0,,FINANCIALS,UNITED STATES,AVUV,2026-08-21,,,,,,,,,,,,,,,,,,,,,,,
OFG BANCORP COMMON STOCK USD1.0,OFG,COMMON STOCK,67103X102,PR67103X1020,B87LKR8,1508134.0,78091178.52,0.251731456338535,0,,FINANCIALS,UNITED STATES,AVUV,2026-08-21,,,,,,,,,,,,,,,,,,,,,,,
WAFD INC COMMON STOCK USD1.0,WAFD,COMMON STOCK,938824109,US9388241096,2941981,2131208.0,77533347.04,0.2499332541150161,0,,FINANCIALS,UNITED STATES,AVUV,2026-08-21,,,,,,,,,,,,,,,,,,,,,,,
SCORPIO TANKERS INC COMMON STOCK USD.01,STNG,COMMON STOCK,Y7542C130,MHY7542C1306,BHXD297,962429.0,75454433.6,0.24323175571569403,0,,ENERGY,UNITED STATES,AVUV,2026-08-21,,,,,,,,,,,,,,,,,,,,,,,
GREENBRIER COMPANIES INC COMMON STOCK,GBX,COMMON STOCK,393657101,US3936571013,2387530,1647002.0,75449161.62,0.24321476118150542,0,,INDUSTRIALS,UNITED STATES,AVUV,2026-08-21,,,,,,,,,,,,,,,,,,,,,,,
VALLEY NATIONAL BANCORP COMMON STOCK,VLY,COMMON STOCK,919794107,US9197941076,2935326,5332569.0,75295874.28,0.24272063052465306,0,,FINANCIALS,UNITED STATES,AVUV,2026-08-21,,,,,,,,,,,,,,,,,,,,,,,
PLEXUS CORP COMMON STOCK USD.01,PLXS,COMMON STOCK,729132100,US7291321005,2692160,310768.0,75177886.88,0.24234029127770482,0,,INFORMATION TECHNOLOGY,UNITED STATES,AVUV,2026-08-21,,,,,,,,,,,,,,,,,,,,,,,
ARGAN INC COMMON STOCK USD.15,AGX,COMMON STOCK,04010E109,US04010E1091,2804501,144557.0,74675255.06,0.24072002836902964,0,,INDUSTRIALS,UNITED STATES,AVUV,2026-08-21,,,,,,,,,,,,,,,,,,,,,,,
ALBANY INTL CORP CL A COMMON STOCK USD.001,AIN,COMMON STOCK,012348108,US0123481089,2012757,1265274.0,74511985.86,0.2401937206058461,0,,INDUSTRIALS,UNITED STATES,AVUV,2026-08-21,,,,,,,,,,,,,,,,,,,,,,,
DORIAN LPG LTD COMMON STOCK USD.01,LPG,COMMON STOCK,Y2106R110,MHY2106R1100,BM4QJF5,1492853.0,74120151.45,0.23893061959312945,0,,ENERGY,UNITED STATES,AVUV,2026-08-21,,,,,,,,,,,,,,,,,,,,,,,
VISHAY INTERTECHNOLOGY INC COMMON STOCK USD.1,VSH,COMMON STOCK,928298108,US9282981086,2930149,2265011.0,72095300.13,0.23240339358229314,0,,INFORMATION TECHNOLOGY,UNITED STATES,AVUV,2026-08-21,,,,,,,,,,,,,,,,,,,,,,,
HUNTSMAN CORP COMMON STOCK USD.01,HUN,COMMON STOCK,447011107,US4470111075,B0650B9,7021523.0,71338673.68,0.22996436420954555,0,,MATERIALS,UNITED STATES,AVUV,2026-08-21,,,,,,,,,,,,,,,,,,,,,,,
PERDOCEO EDUCATION CORP COMMON STOCK USD.01,PRDO,COMMON STOCK,71363P106,US71363P1066,BKRQQR9,2187027.0,71034636.96,0.22898428415752797,0,,CONSUMER DISCRETIONARY,UNITED STATES,AVUV,2026-08-21,,,,,,,,,,,,,,,,,,,,,,,
TRUSTMARK CORP COMMON STOCK,TRMK,COMMON STOCK,898402102,US8984021027,2340210,1519996.0,70801413.68,0.22823247534840096,0,,FINANCIALS,UNITED STATES,AVUV,2026-08-21,,,,,,,,,,,,,,,,,,,,,,,
ENTERPRISE FINANCIAL SERVICE COMMON STOCK USD.01,EFSC,COMMON STOCK,293712105,US2937121059,2768889,1084018.0,69387992.18,0.22367622892776243,0,,FINANCIALS,UNITED STATES,AVUV,2026-08-21,,,,,,,,,,,,,,,,,,,,,,,
SCHNEIDER NATIONAL INC CL B COMMON STOCK,SNDR,COMMON STOCK,80689H102,US80689H1023,BYVN953,1968936.0,69188411.04,0.22303286751380913,0,,INDUSTRIALS,UNITED STATES,AVUV,2026-08-21,,,,,,,,,,,,,,,,,,,,,,,
KB HOME COMMON STOCK USD1.0,KBH,COMMON STOCK,48666K109,US48666K1097,2485070,1269838.0,69155377.48,0.222926381911665,0,,CONSUMER DISCRETIONARY,UNITED STATES,AVUV,2026-08-21,,,,,,,,,,,,,,,,,,,,,,,
BOSTON BEER COMPANY INC A COMMON STOCK USD.01,SAM,COMMON STOCK,100557107,US1005571070,2113393,360501.0,68790800.82,0.2217511478415922,0,,CONSUMER STAPLES,UNITED STATES,AVUV,2026-08-21,,,,,,,,,,,,,,,,,,,,,,,
BLUE BIRD CORP COMMON STOCK USD.0001,BLBD,COMMON STOCK,095306106,US0953061068,BW0FQV1,1121105.0,68757369.65,0.2216433805204851,0,,INDUSTRIALS,UNITED STATES,AVUV,2026-08-21,,,,,,,,,,,,,,,,,,,,,,,
VISTANCE NETWORKS INC COMMON STOCK,VISN,COMMON STOCK,20337X109,US20337X1090,BFRBX34,6073721.0,68693784.51,0.22143841012309773,0,,INFORMATION TECHNOLOGY,UNITED STATES,AVUV,2026-08-21,,,,,,,,,,,,,,,,,,,,,,,
SELECT WATER SOLUTIONS INC COMMON STOCK USD.01,WTTR,COMMON STOCK,81617J301,US81617J3014,BDHSLL5,3431530.0,68493338.8,0.22079226171745947,0,,ENERGY,UNITED STATES,AVUV,2026-08-21,,,,,,,,,,,,,,,,,,,,,,,
HCI GROUP INC COMMON STOCK,HCI,COMMON STOCK,40416E103,US40416E1038,BBN23F5,374568.0,68032785.84,0.21930764246162215,0,,FINANCIALS,UNITED STATES,AVUV,2026-08-21,,,,,,,,,,,,,,,,,,,,,,,
CREDIT ACCEPTANCE CORP COMMON STOCK USD.01,CACC,COMMON STOCK,225310101,US2253101016,2232050,114682.0,67189890.16,0.21659051920789227,0,,FINANCIALS,UNITED STATES,AVUV,2026-08-21,,,,,,,,,,,,,,,,,,,,,,,
FEDERAL AGRIC MTG CORP CL C COMMON STOCK USD1.0,AGM,COMMON STOCK,313148306,US3131483063,2363381,304016.0,67141933.6,0.2164359284472125,0,,FINANCIALS,UNITED STATES,AVUV,2026-08-21,,,,,,,,,,,,,,,,,,,,,,,
MONARCH CASINO + RESORT INC COMMON STOCK USD.01,MCRI,COMMON STOCK,609027107,US6090271072,2599197,523366.0,65760937.9,0.21198420847900612,0,,CONSUMER DISCRETIONARY,UNITED STATES,AVUV,2026-08-21,,,,,,,,,,,,,,,,,,,,,,,
GREIF INC CL A COMMON STOCK,GEF,COMMON STOCK,397624107,US3976241071,2388016,756547.0,65388357.21,0.21078317295265284,0,,MATERIALS,UNITED STATES,AVUV,2026-08-21,,,,,,,,,,,,,,,,,,,,,,,
BOISE CASCADE CO COMMON STOCK USD.01,BCC,COMMON STOCK,09739D100,US09739D1000,B9BP4R1,797891.0,65243547.07,0.21031636904309922,0,,INDUSTRIALS,UNITED STATES,AVUV,2026-08-21,,,,,,,,,,,,,,,,,,,,,,,
WHITE MOUNTAINS INSURANCE GP COMMON STOCK USD1.0,WTM,COMMON STOCK,G9618E107,BMG9618E1075,2339252,30677.0,64964682.9,0.20941743417023442,0,,FINANCIALS,UNITED STATES,AVUV,2026-08-21,,,,,,,,,,,,,,,,,,,,,,,
ACADIA HEALTHCARE CO INC COMMON STOCK USD.01,ACHC,COMMON STOCK,00404A109,US00404A1097,B65VZ37,2400504.0,64741592.88,0.20869829051414515,0,,HEALTH CARE,UNITED STATES,AVUV,2026-08-21,,,,,,,,,,,,,,,,,,,,,,,
SKYWARD SPECIALTY INSURANCE COMMON STOCK USD.01,SKWD,COMMON STOCK,830940102,US8309401029,BNNMQS3,1156122.0,64580974.92,0.20818052917731797,0,,FINANCIALS,UNITED STATES,AVUV,2026-08-21,,,,,,,,,,,,,,,,,,,,,,,
SYLVAMO CORP COMMON STOCK USD1.0,SLVM,COMMON STOCK,871332102,US8713321029,BMW72C8,1745091.0,64079741.52,0.2065647741568556,0,,MATERIALS,UNITED STATES,AVUV,2026-08-21,,,,,,,,,,,,,,,,,,,,,,,
CORE NATURAL RESOURCES INC COMMON STOCK USD.01,CNR,COMMON STOCK,218937100,US2189371006,BR1Z682,679817.0,63746440.09,0.20549035760989406,0,,ENERGY,UNITED STATES,AVUV,2026-08-21,,,,,,,,,,,,,,,,,,,,,,,
LIFE TIME GROUP HOLDINGS INC COMMON STOCK USD.01,LTH,COMMON STOCK,53190C102,US53190C1027,BPH0546,1379444.0,61688735.68,0.19885722775245612,0,,CONSUMER DISCRETIONARY,UNITED STATES,AVUV,2026-08-21,,,,,,,,,,,,,,,,,,,,,,,
GULFPORT ENERGY CORP COMMON STOCK USD.0001,GPOR,COMMON STOCK,402635502,US4026355028,BND7X43,350670.0,61139314.5,0.19708613662019442,0,,ENERGY,UNITED STATES,AVUV,2026-08-21,,,,,,,,,,,,,,,,,,,,,,,
FIRST BUSEY CORP COMMON STOCK USD.001,BUSE,COMMON STOCK,319383204,US3193832041,BZ1LBM5,2020901.0,61051419.21,0.19680280104021813,0,,FINANCIALS,UNITED STATES,AVUV,2026-08-21,,,,,,,,,,,,,,,,,,,,,,,
BJ S RESTAURANTS INC COMMON STOCK,BJRI,COMMON STOCK,09180C106,US09180C1062,2200552,948803.0,60941616.69,0.196448846230045,0,,CONSUMER DISCRETIONARY,UNITED STATES,AVUV,2026-08-21,,,,,,,,,,,,,,,,,,,,,,,
INGLES MARKETS INC CLASS A COMMON STOCK USD.05,IMKTA,COMMON STOCK,457030104,US4570301048,2460550,718262.0,60922982.84,0.19638877893068302,0,,CONSUMER STAPLES,UNITED STATES,AVUV,2026-08-21,,,,,,,,,,,,,,,,,,,,,,,
AXIS CAPITAL HOLDINGS LTD COMMON STOCK USD.0125,AXS,COMMON STOCK,G0692U109,BMG0692U1099,2677606,616952.0,60831467.2,0.19609377294189448,0,,FINANCIALS,UNITED STATES,AVUV,2026-08-21,,,,,,,,,,,,,,,,,,,,,,,
M/I HOMES INC COMMON STOCK USD.01,MHO,COMMON STOCK,55305B101,US55305B1017,2549385,397797.0,59649660.15,0.19228414917329614,0,,CONSUMER DISCRETIONARY,UNITED STATES,AVUV,2026-08-21,,,,,,,,,,,,,,,,,,,,,,,
STEPAN CO COMMON STOCK USD1.0,SCL,COMMON STOCK,858586100,US8585861003,2845005,922331.0,58724814.77,0.18930285629479593,0,,MATERIALS,UNITED STATES,AVUV,2026-08-21,,,,,,,,,,,,,,,,,,,,,,,
PATHWARD FINANCIAL INC COMMON STOCK USD.01,CASH,COMMON STOCK,59100U108,US59100U1088,2420316,694887.0,58349661.39,0.18809352755258033,0,,FINANCIALS,UNITED STATES,AVUV,2026-08-21,,,,,,,,,,,,,,,,,,,,,,,
ENCORE CAPITAL GROUP INC COMMON STOCK USD.01,ECPG,COMMON STOCK,292554102,US2925541029,2443078,591914.0,58090439.96,0.18725791219467733,0,,FINANCIALS,UNITED STATES,AVUV,2026-08-21,,,,,,,,,,,,,,,,,,,,,,,
BANNER CORPORATION COMMON STOCK USD.01,BANR,COMMON STOCK,06652V208,US06652V2088,2346003,799249.0,57274183.34,0.18462666150038867,0,,FINANCIALS,UNITED STATES,AVUV,2026-08-21,,,,,,,,,,,,,,,,,,,,,,,
BANC OF CALIFORNIA INC COMMON STOCK USD.01,BANC,COMMON STOCK,05990K106,US05990K1060,BCD47X4,3030765.0,56523767.25,0.18220765158434304,0,,FINANCIALS,UNITED STATES,AVUV,2026-08-21,,,,,,,,,,,,,,,,,,,,,,,
SUPER GROUP SGHC LTD COMMON STOCK,SGHC,COMMON STOCK,G8588X103,GG00BMG42V42,BMG42V4,4234801.0,55984069.22,0.180467903591679,0,,CONSUMER DISCRETIONARY,UNITED STATES,AVUV,2026-08-21,,,,,,,,,,,,,,,,,,,,,,,
LA Z BOY INC COMMON STOCK USD1.0,LZB,COMMON STOCK,505336107,US5053361078,2508405,1662307.0,55936630.55,0.18031498227953868,0,,CONSUMER DISCRETIONARY,UNITED STATES,AVUV,2026-08-21,,,,,,,,,,,,,,,,,,,,,,,
CRACKER BARREL OLD COUNTRY COMMON STOCK USD.01,CBRL,COMMON STOCK,22410J106,US22410J1060,2231091,1009034.0,55628044.42,0.1793202369397577,0,,CONSUMER DISCRETIONARY,UNITED STATES,AVUV,2026-08-21,,,,,,,,,,,,,,,,,,,,,,,
OPENDOOR TECHNOLOGIES INC COMMON STOCK USD.0001,OPEN,COMMON STOCK,683712103,US6837121036,BL96T19,15893327.0,55149844.69,0.17777873229435445,0,,REAL ESTATE,UNITED STATES,AVUV,2026-08-21,,,,,,,,,,,,,,,,,,,,,,,
SEADRILL LIMITED COMMON STOCK USD.01,SDRL,COMMON STOCK,G7997W102,BMG7997W1029,BNTBRX6,1138720.0,54533300.8,0.17579126720203836,0,,ENERGY,UNITED STATES,AVUV,2026-08-21,,,,,,,,,,,,,,,,,,,,,,,
G III APPAREL GROUP LTD COMMON STOCK USD.01,GIII,COMMON STOCK,36237H101,US36237H1014,2369721,1643088.0,54517659.84,0.1757408476576807,0,,CONSUMER DISCRETIONARY,UNITED STATES,AVUV,2026-08-21,,,,,,,,,,,,,,,,,,,,,,,
PACS GROUP INC COMMON STOCK USD.001,PACS,COMMON STOCK,69380Q107,US69380Q1076,BPW6WD7,1250609.0,54501540.22,0.17568888512497047,0,,HEALTH CARE,UNITED STATES,AVUV,2026-08-21,,,,,,,,,,,,,,,,,,,,,,,
LCI INDUSTRIES COMMON STOCK USD.01,LCII,COMMON STOCK,50189K103,US50189K1034,BYQ44Y5,517022.0,53920224.38,0.1738149797009618,0,,CONSUMER DISCRETIONARY,UNITED STATES,AVUV,2026-08-21,,,,,,,,,,,,,,,,,,,,,,,
HAPPEN INC COMMON STOCK USD.01,HAPN,COMMON STOCK,52603A208,US52603A2087,BK95GR4,2982153.0,53589289.41,0.17274819157546162,0,,FINANCIALS,UNITED STATES,AVUV,2026-08-21,,,,,,,,,,,,,,,,,,,,,,,
BUCKLE INC/THE COMMON STOCK USD.01,BKE,COMMON STOCK,118440106,US1184401065,2149934,1255858.0,53549785.12,0.1726208471987754,0,,CONSUMER DISCRETIONARY,UNITED STATES,AVUV,2026-08-21,,,,,,,,,,,,,,,,,,,,,,,
NABORS INDUSTRIES LTD COMMON STOCK USD.001,NBR,COMMON STOCK,G6359F137,BMG6359F1370,BK953M8,580104.0,53265149.28,0.17170330701194125,0,,ENERGY,UNITED STATES,AVUV,2026-08-21,,,,,,,,,,,,,,,,,,,,,,,
HORACE MANN EDUCATORS COMMON STOCK USD.001,HMN,COMMON STOCK,440327104,US4403271046,2437112,1049576.0,52909126.16,0.17055564577559768,0,,FINANCIALS,UNITED STATES,AVUV,2026-08-21,,,,,,,,,,,,,,,,,,,,,,,
COMPASS MINERALS INTERNATION COMMON STOCK USD.01,CMP,COMMON STOCK,20451N101,US20451N1019,2202763,2147647.0,52875069.14,0.17044586099061132,0,,MATERIALS,UNITED STATES,AVUV,2026-08-21,,,,,,,,,,,,,,,,,,,,,,,
SENECA FOODS CORP   CL A COMMON STOCK USD.25,SENEA,COMMON STOCK,817070501,US8170705011,2781626,272253.0,52441372.86,0.16904781580494357,0,,CONSUMER STAPLES,UNITED STATES,AVUV,2026-08-21,,,,,,,,,,,,,,,,,,,,,,,
COLUMBIA SPORTSWEAR CO COMMON STOCK,COLM,COMMON STOCK,198516106,US1985161066,2229126,878335.0,52208232.4,0.16829627397090396,0,,CONSUMER DISCRETIONARY,UNITED STATES,AVUV,2026-08-21,,,,,,,,,,,,,,,,,,,,,,,
SOLAREDGE TECHNOLOGIES INC COMMON STOCK USD.0001,SEDG,COMMON STOCK,83417M104,US83417M1045,BWC52Q6,1685059.0,52068323.1,0.16784526820416062,0,,INFORMATION TECHNOLOGY,UNITED STATES,AVUV,2026-08-21,,,,,,,,,,,,,,,,,,,,,,,
WEIS MARKETS INC COMMON STOCK,WMK,COMMON STOCK,948849104,US9488491047,2946845,741516.0,52039592.88,0.1677526546688216,0,,CONSUMER STAPLES,UNITED STATES,AVUV,2026-08-21,,,,,,,,,,,,,,,,,,,,,,,
HELIX ENERGY SOLUTIONS GROUP COMMON STOCK,HLX,COMMON STOCK,42330P107,US42330P1075,2037062,4920870.0,51472300.2,0.165923953716767,0,,ENERGY,UNITED STATES,AVUV,2026-08-21,,,,,,,,,,,,,,,,,,,,,,,
TRIMAS CORP COMMON STOCK USD.01,TRS,COMMON STOCK,896215209,US8962152091,B1XHRL4,1333421.0,51430047.97,0.16578775119564962,0,,MATERIALS,UNITED STATES,AVUV,2026-08-21,,,,,,,,,,,,,,,,,,,,,,,
MOSAIC CO/THE COMMON STOCK USD.01,MOS,COMMON STOCK,61945C103,US61945C1036,B3NPHP6,2199749.0,51364139.15,0.16557529028061932,0,,MATERIALS,UNITED STATES,AVUV,2026-08-21,,,,,,,,,,,,,,,,,,,,,,,
FMC CORP COMMON STOCK USD.1,FMC,COMMON STOCK,302491303,US3024913036,2328603,4708352.0,51226869.76,0.16513279441731826,0,,MATERIALS,UNITED STATES,AVUV,2026-08-21,,,,,,,,,,,,,,,,,,,,,,,
NELNET INC CL A COMMON STOCK USD.01,NNI,COMMON STOCK,64031N108,US64031N1081,2196190,394471.0,49940028.6,0.160984587085549,0,,FINANCIALS,UNITED STATES,AVUV,2026-08-21,,,,,,,,,,,,,,,,,,,,,,,
SALLY BEAUTY HOLDINGS INC COMMON STOCK USD.01,SBH,COMMON STOCK,79546E104,US79546E1047,B1GZ005,3057668.0,49625951.64,0.15997214173587443,0,,CONSUMER DISCRETIONARY,UNITED STATES,AVUV,2026-08-21,,,,,,,,,,,,,,,,,,,,,,,
WORLD KINECT CORP COMMON STOCK USD.01,WKC,COMMON STOCK,981475106,US9814751064,2469450,1367670.0,49126706.4,0.1583627956648186,0,,ENERGY,UNITED STATES,AVUV,2026-08-21,,,,,,,,,,,,,,,,,,,,,,,
HEALTHCARE SERVICES GROUP COMMON STOCK USD.01,HCSG,COMMON STOCK,421906108,US4219061086,2417619,2112358.0,48584234.0,0.156614104329081,0,,INDUSTRIALS,UNITED STATES,AVUV,2026-08-21,,,,,,,,,,,,,,,,,,,,,,,
ANI PHARMACEUTICALS INC COMMON STOCK USD.0001,ANIP,COMMON STOCK,00182C103,US00182C1036,BCDWBX6,622291.0,48115540.12,0.1551032423440856,0,,HEALTH CARE,UNITED STATES,AVUV,2026-08-21,,,,,,,,,,,,,,,,,,,,,,,
QUIDELORTHO CORP COMMON STOCK USD.001,QDEL,COMMON STOCK,219798105,US2197981051,BM9VY27,3214133.0,47729875.05,0.15386002855771486,0,,HEALTH CARE,UNITED STATES,AVUV,2026-08-21,,,,,,,,,,,,,,,,,,,,,,,
ALKERMES PLC COMMON STOCK USD.01,ALKS,COMMON STOCK,G01767105,IE00B56GVS15,B3P6D26,991255.0,47600065.1,0.15344157863315183,0,,HEALTH CARE,UNITED STATES,AVUV,2026-08-21,,,,,,,,,,,,,,,,,,,,,,,
NWPX INFRASTRUCTURE INC COMMON STOCK USD.01,NWPX,COMMON STOCK,667746101,US6677461013,2035925,433227.0,47576989.14,0.15336719193381776,0,,INDUSTRIALS,UNITED STATES,AVUV,2026-08-21,,,,,,,,,,,,,,,,,,,,,,,
WESTAMERICA BANCORPORATION COMMON STOCK,WABC,COMMON STOCK,957090103,US9570901036,2950374,811309.0,47339880.15,0.15260285731248313,0,,FINANCIALS,UNITED STATES,AVUV,2026-08-21,,,,,,,,,,,,,,,,,,,,,,,
SFL CORP LTD COMMON STOCK USD.01,SFL,COMMON STOCK,G7738W106,BMG7738W1064,BJXT857,3761257.0,47090937.64,0.1518003766511006,0,,ENERGY,UNITED STATES,AVUV,2026-08-21,,,,,,,,,,,,,,,,,,,,,,,
KIMBELL ROYALTY PARTNERS LP UNIT,KRP,COMMON STOCK,49435R102,US49435R1023,BYQFVW5,3103629.0,47082051.93,0.15177173304805486,0,,ENERGY,UNITED STATES,AVUV,2026-08-21,,,,,,,,,,,,,,,,,,,,,,,
SLIDE INSURANCE HOLDINGS INC COMMON STOCK USD.01,SLDE,COMMON STOCK,831349105,US8313491057,BT18HJ3,2073481.0,46694792.12,0.15052337852453185,0,,FINANCIALS,UNITED STATES,AVUV,2026-08-21,,,,,,,,,,,,,,,,,,,,,,,
CARTER S INC COMMON STOCK USD.01,CRI,COMMON STOCK,146229109,US1462291097,2980939,1286850.0,46635444.0,0.15033206640757196,0,,CONSUMER DISCRETIONARY,UNITED STATES,AVUV,2026-08-21,,,,,,,,,,,,,,,,,,,,,,,
STRIDE INC COMMON STOCK USD.0001,LRN,COMMON STOCK,86333M108,US86333M1080,BLD5321,554084.0,46581841.88,0.15015927685584332,0,,CONSUMER DISCRETIONARY,UNITED STATES,AVUV,2026-08-21,,,,,,,,,,,,,,,,,,,,,,,
ZIFF DAVIS INC COMMON STOCK USD.01,ZD,COMMON STOCK,48123V102,US48123V1026,B75DGJ3,838539.0,46455060.6,0.14975059002519586,0,,COMMUNICATION SERVICES,UNITED STATES,AVUV,2026-08-21,,,,,,,,,,,,,,,,,,,,,,,
KAISER ALUMINUM CORP COMMON STOCK USD.01,KALU,COMMON STOCK,483007704,US4830077040,B15CJ33,307151.0,46425873.65,0.14965650419413493,0,,MATERIALS,UNITED STATES,AVUV,2026-08-21,,,,,,,,,,,,,,,,,,,,,,,
ENOVIS CORP COMMON STOCK USD.001,ENOV,COMMON STOCK,194014502,US1940145022,BJLTMX5,1766835.0,46255740.3,0.149108069444155,0,,HEALTH CARE,UNITED STATES,AVUV,2026-08-21,,,,,,,,,,,,,,,,,,,,,,,
WSFS FINANCIAL CORP COMMON STOCK USD.01,WSFS,COMMON STOCK,929328102,US9293281021,2940375,578237.0,46201136.3,0.14893205027396936,0,,FINANCIALS,UNITED STATES,AVUV,2026-08-21,,,,,,,,,,,,,,,,,,,,,,,
ADVANCE AUTO PARTS INC COMMON STOCK USD.0001,AAP,COMMON STOCK,00751Y106,US00751Y1064,2822019,1081821.0,45858392.19,0.14782719469876943,0,,CONSUMER DISCRETIONARY,UNITED STATES,AVUV,2026-08-21,,,,,,,,,,,,,,,,,,,,,,,
VERSANT MEDIA GROUP INC COMMON STOCK USD.01,VSNT,COMMON STOCK,925283103,US9252831030,BVV5S84,1186105.0,45819236.15,0.14770097292621512,0,,COMMUNICATION SERVICES,UNITED STATES,AVUV,2026-08-21,,,,,,,,,,,,,,,,,,,,,,,
CENTURY COMMUNITIES INC COMMON STOCK USD.01,CCS,COMMON STOCK,156504300,US1565043007,BN7ZZ47,653261.0,45375509.06,0.1462705928410439,0,,CONSUMER DISCRETIONARY,UNITED STATES,AVUV,2026-08-21,,,,,,,,,,,,,,,,,,,,,,,
NUTEX HEALTH INC COMMON STOCK,NUTX,COMMON STOCK,67079U306,US67079U3068,BSMNX92,239612.0,45176446.48,0.14562890303541398,0,,HEALTH CARE,UNITED STATES,AVUV,2026-08-21,,,,,,,,,,,,,,,,,,,,,,,
LIBERTY GLOBAL LTD A COMMON STOCK USD.01,LBTYA,COMMON STOCK,G61188101,BMG611881019,BS71B31,4197178.0,44657973.92,0.1439575765799304,0,,COMMUNICATION SERVICES,UNITED STATES,AVUV,2026-08-21,,,,,,,,,,,,,,,,,,,,,,,
TELADOC HEALTH INC COMMON STOCK USD.001,TDOC,COMMON STOCK,87918A105,US87918A1051,BYQRFY1,6775267.0,43971482.83,0.14174463261975098,0,,HEALTH CARE,UNITED STATES,AVUV,2026-08-21,,,,,,,,,,,,,,,,,,,,,,,
PAGAYA TECHNOLOGIES LTD  A COMMON STOCK USD.0001,PGY,COMMON STOCK,M7S64L123,IL0011858912,BQ5J6B6,2172001.0,43961300.24,0.1417118084485888,0,,INFORMATION TECHNOLOGY,UNITED STATES,AVUV,2026-08-21,,,,,,,,,,,,,,,,,,,,,,,
HOPE BANCORP INC COMMON STOCK USD.001,HOPE,COMMON STOCK,43940T109,US43940T1097,BYN87K7,3136580.0,43818022.6,0.14124994464192706,0,,FINANCIALS,UNITED STATES,AVUV,2026-08-21,,,,,,,,,,,,,,,,,,,,,,,
DIEBOLD NIXDORF INC COMMON STOCK,DBD,COMMON STOCK,253651202,US2536512021,BPLJQW4,641979.0,43532595.99,0.14032985536200066,0,,INFORMATION TECHNOLOGY,UNITED STATES,AVUV,2026-08-21,,,,,,,,,,,,,,,,,,,,,,,
PROGYNY INC COMMON STOCK USD.0001,PGNY,COMMON STOCK,74340E103,US74340E1038,BKWD3M9,1635483.0,42457138.68,0.13686305616640537,0,,HEALTH CARE,UNITED STATES,AVUV,2026-08-21,,,,,,,,,,,,,,,,,,,,,,,
GIGACLOUD TECHNOLOGY INC   A COMMON STOCK USD.05,GCT,COMMON STOCK,G38644103,KYG386441037,BP0WTV4,850794.0,42420588.84,0.13674523563114754,0,,CONSUMER DISCRETIONARY,UNITED STATES,AVUV,2026-08-21,,,,,,,,,,,,,,,,,,,,,,,
ENACT HOLDINGS INC COMMON STOCK USD.01,ACT,COMMON STOCK,29249E109,US29249E1091,BNZFTG9,863438.0,42412074.56,0.136717789354312,0,,FINANCIALS,UNITED STATES,AVUV,2026-08-21,,,,,,,,,,,,,,,,,,,,,,,
1ST SOURCE CORP COMMON STOCK,SRCE,COMMON STOCK,336901103,US3369011032,2341848,488534.0,42087204.1,0.13567055052955507,0,,FINANCIALS,UNITED STATES,AVUV,2026-08-21,,,,,,,,,,,,,,,,,,,,,,,
UNIVERSAL INSURANCE HOLDINGS COMMON STOCK USD.01,UVE,COMMON STOCK,91359V107,US91359V1070,2912374,990922.0,41945728.26,0.13521449492999976,0,,FINANCIALS,UNITED STATES,AVUV,2026-08-21,,,,,,,,,,,,,,,,,,,,,,,
BRISTOW GROUP INC COMMON STOCK USD.01,VTOL,COMMON STOCK,11040G103,US11040G1031,BMBT0Z4,906091.0,41625820.54,0.13418325378630366,0,,ENERGY,UNITED STATES,AVUV,2026-08-21,,,,,,,,,,,,,,,,,,,,,,,
DEL MONTE CORP COMMON STOCK,DMC,COMMON STOCK,G36738105,KYG367381053,2118707,1313048.0,41321620.56,0.1332026474561797,0,,CONSUMER STAPLES,UNITED STATES,AVUV,2026-08-21,,,,,,,,,,,,,,,,,,,,,,,
SCANSOURCE INC COMMON STOCK,SCSC,COMMON STOCK,806037107,US8060371072,2767756,729926.0,41160527.14,0.13268335344638613,0,,INFORMATION TECHNOLOGY,UNITED STATES,AVUV,2026-08-21,,,,,,,,,,,,,,,,,,,,,,,
HARMONIC INC COMMON STOCK USD.001,HLIT,COMMON STOCK,413160102,US4131601027,2510659,3318809.0,41053667.33,0.1323388846330685,0,,INFORMATION TECHNOLOGY,UNITED STATES,AVUV,2026-08-21,,,,,,,,,,,,,,,,,,,,,,,
EPLUS INC COMMON STOCK USD.01,PLUS,COMMON STOCK,294268107,US2942681071,2597748,471470.0,40947169.5,0.13199558268333642,0,,INFORMATION TECHNOLOGY,UNITED STATES,AVUV,2026-08-21,,,,,,,,,,,,,,,,,,,,,,,
TEREX CORP COMMON STOCK USD.01,TEX,COMMON STOCK,880779103,US8807791038,2884224,637491.0,40926922.2,0.13193031433404884,0,,INDUSTRIALS,UNITED STATES,AVUV,2026-08-21,,,,,,,,,,,,,,,,,,,,,,,
OIL DRI CORP OF AMERICA COMMON STOCK USD.1,ODC,COMMON STOCK,677864100,US6778641000,2657794,443221.0,40882705.04,0.1317877777467811,0,,CONSUMER STAPLES,UNITED STATES,AVUV,2026-08-21,,,,,,,,,,,,,,,,,,,,,,,
PREFERRED BANK/LOS ANGELES COMMON STOCK,PFBC,COMMON STOCK,740367404,US7403674044,2763602,394335.0,40845219.3,0.1316669402834342,0,,FINANCIALS,UNITED STATES,AVUV,2026-08-21,,,,,,,,,,,,,,,,,,,,,,,
KOSMOS ENERGY LTD COMMON STOCK USD.01,KOS,COMMON STOCK,500688106,US5006881065,BHK15K6,13484886.0,40724355.72,0.13127732950295537,0,,ENERGY,UNITED STATES,AVUV,2026-08-21,,,,,,,,,,,,,,,,,,,,,,,
DIME COMMERCIAL BANCSHARES I COMMON STOCK USD.01,DCOM,COMMON STOCK,25432X102,US25432X1028,BMFZ702,1010088.0,40706546.4,0.1312199201240093,0,,FINANCIALS,UNITED STATES,AVUV,2026-08-21,,,,,,,,,,,,,,,,,,,,,,,
MUELLER WATER PRODUCTS INC A COMMON STOCK USD.01,MWA,COMMON STOCK,624758108,US6247581084,B15RZR4,1615641.0,40601058.33,0.13087987319437255,0,,INDUSTRIALS,UNITED STATES,AVUV,2026-08-21,,,,,,,,,,,,,,,,,,,,,,,
APOGEE ENTERPRISES INC COMMON STOCK USD.333,APOG,COMMON STOCK,037598109,US0375981091,2046176,973428.0,40163639.28,0.1294698274430651,0,,INDUSTRIALS,UNITED STATES,AVUV,2026-08-21,,,,,,,,,,,,,,,,,,,,,,,
INGRAM MICRO HOLDING CORP COMMON STOCK USD.01,INGM,COMMON STOCK,457152106,US4571521065,BS5YN47,1464582.0,39953796.96,0.1287933885185132,0,,INFORMATION TECHNOLOGY,UNITED STATES,AVUV,2026-08-21,,,,,,,,,,,,,,,,,,,,,,,
LIBERTY CAPITAL CORP CL C COMMON STOCK USD.01,GLIBK,COMMON STOCK,36164V800,US36164V8000,BRJW0G1,1565012.0,39923456.12,0.12869558305591824,0,,COMMUNICATION SERVICES,UNITED STATES,AVUV,2026-08-21,,,,,,,,,,,,,,,,,,,,,,,
MERCHANTS BANCORP/IN COMMON STOCK,MBIN,COMMON STOCK,58844R108,US58844R1086,BYZ1PQ6,734602.0,39764006.26,0.1281815871573867,0,,FINANCIALS,UNITED STATES,AVUV,2026-08-21,,,,,,,,,,,,,,,,,,,,,,,
GENCO SHIPPING + TRADING LTD COMMON STOCK USD.01,GNK,COMMON STOCK,Y2685T131,MHY2685T1313,BD08758,1521309.0,39690951.81,0.127946091888407,0,,INDUSTRIALS,UNITED STATES,AVUV,2026-08-21,,,,,,,,,,,,,,,,,,,,,,,
OLD SECOND BANCORP INC COMMON STOCK USD1.0,OSBC,COMMON STOCK,680277100,US6802771005,2658429,1573209.0,39644866.8,0.12779753417801584,0,,FINANCIALS,UNITED STATES,AVUV,2026-08-21,,,,,,,,,,,,,,,,,,,,,,,
EXPRO LTD COMMON STOCK USD.0001,XPRO,COMMON STOCK,G3314M109,KYG3314M1096,BTCL6X8,2127491.0,39167109.31,0.12625745511897668,0,,ENERGY,UNITED STATES,AVUV,2026-08-21,,,,,,,,,,,,,,,,,,,,,,,
GRAPHIC PACKAGING HOLDING CO COMMON STOCK USD.01,GPK,COMMON STOCK,388689101,US3886891015,B2Q8249,3366016.0,39146766.08,0.12619187753375405,0,,MATERIALS,UNITED STATES,AVUV,2026-08-21,,,,,,,,,,,,,,,,,,,,,,,
LINDSAY CORP COMMON STOCK USD1.0,LNN,COMMON STOCK,535555106,US5355551061,2516613,336828.0,39119203.92,0.12610302930776834,0,,INDUSTRIALS,UNITED STATES,AVUV,2026-08-21,,,,,,,,,,,,,,,,,,,,,,,
KENNAMETAL INC COMMON STOCK USD1.25,KMT,COMMON STOCK,489170100,US4891701009,2488121,1301228.0,38750569.84,0.12491471590831504,0,,INDUSTRIALS,UNITED STATES,AVUV,2026-08-21,,,,,,,,,,,,,,,,,,,,,,,
COMMUNITY TRUST BANCORP INC COMMON STOCK USD5.0,CTBI,COMMON STOCK,204149108,US2041491083,2706470,507650.0,38693083.0,0.12472940373570139,0,,FINANCIALS,UNITED STATES,AVUV,2026-08-21,,,,,,,,,,,,,,,,,,,,,,,
AMERIS BANCORP COMMON STOCK USD1.0,ABCB,COMMON STOCK,03076K108,US03076K1088,2038849,446369.0,38441298.28,0.12391776104505924,0,,FINANCIALS,UNITED STATES,AVUV,2026-08-21,,,,,,,,,,,,,,,,,,,,,,,
CONNECTONE BANCORP INC COMMON STOCK,CNOB,COMMON STOCK,20786W107,US20786W1071,BNQ4YF9,1188718.0,38336155.5,0.12357882717782219,0,,FINANCIALS,UNITED STATES,AVUV,2026-08-21,,,,,,,,,,,,,,,,,,,,,,,
YELP INC COMMON STOCK USD.000001,YELP,COMMON STOCK,985817105,US9858171054,B7KCD72,1623950.0,38325220.0,0.12354357595748,0,,COMMUNICATION SERVICES,UNITED STATES,AVUV,2026-08-21,,,,,,,,,,,,,,,,,,,,,,,
SUNCOKE ENERGY INC COMMON STOCK USD.01,SXC,COMMON STOCK,86722A103,US86722A1034,B3R0638,4048452.0,38055448.8,0.12267395280232678,0,,MATERIALS,UNITED STATES,AVUV,2026-08-21,,,,,,,,,,,,,,,,,,,,,,,
KOPPERS HOLDINGS INC COMMON STOCK USD.01,KOP,COMMON STOCK,50060P106,US50060P1066,B0X46B1,826979.0,37941796.52,0.12230758806686226,0,,MATERIALS,UNITED STATES,AVUV,2026-08-21,,,,,,,,,,,,,,,,,,,,,,,
PROPETRO HOLDING CORP COMMON STOCK,PUMP,COMMON STOCK,74347M108,US74347M1080,BYXR9C0,3321471.0,37632266.43,0.12130979981711336,0,,ENERGY,UNITED STATES,AVUV,2026-08-21,,,,,,,,,,,,,,,,,,,,,,,
GENTHERM INC COMMON STOCK,THRM,COMMON STOCK,37253A103,US37253A1034,B8JFD24,922547.0,37519986.49,0.12094785889946459,0,,CONSUMER DISCRETIONARY,UNITED STATES,AVUV,2026-08-21,,,,,,,,,,,,,,,,,,,,,,,
TOMPKINS FINANCIAL CORP COMMON STOCK USD.1,TMP,COMMON STOCK,890110109,US8901101092,2888613,385785.0,37467439.2,0.12077846965359793,0,,FINANCIALS,UNITED STATES,AVUV,2026-08-21,,,,,,,,,,,,,,,,,,,,,,,
LIBERTY GLOBAL LTD C COMMON STOCK USD.01,LBTYK,COMMON STOCK,G61188127,BMG611881274,BS71BR5,3625798.0,37345719.4,0.12038609879814477,0,,COMMUNICATION SERVICES,UNITED STATES,AVUV,2026-08-21,,,,,,,,,,,,,,,,,,,,,,,
GOLD.COM INC COMMON STOCK USD.01,GOLD,COMMON STOCK,00181T107,US00181T1079,BK6MJ46,815158.0,37220114.28,0.11998120338767178,0,,CONSUMER DISCRETIONARY,UNITED STATES,AVUV,2026-08-21,,,,,,,,,,,,,,,,,,,,,,,
PEOPLES BANCORP INC COMMON STOCK,PEBO,COMMON STOCK,709789101,US7097891011,2679419,927308.0,37064500.76,0.11947957415428105,0,,FINANCIALS,UNITED STATES,AVUV,2026-08-21,,,,,,,,,,,,,,,,,,,,,,,
KORN FERRY COMMON STOCK USD.01,KFY,COMMON STOCK,500643200,US5006432000,2386849,437744.0,37028764.96,0.11936437772431402,0,,INDUSTRIALS,UNITED STATES,AVUV,2026-08-21,,,,,,,,,,,,,,,,,,,,,,,
SPROUTS FARMERS MARKET INC COMMON STOCK USD.001,SFM,COMMON STOCK,85208M102,US85208M1027,BCGCR79,470512.0,36878730.56,0.11888073310876751,0,,CONSUMER STAPLES,UNITED STATES,AVUV,2026-08-21,,,,,,,,,,,,,,,,,,,,,,,
MATIV HOLDINGS INC COMMON STOCK USD.1,MATV,COMMON STOCK,808541106,US8085411069,2782038,3034019.0,36408228.0,0.11736404073858546,0,,MATERIALS,UNITED STATES,AVUV,2026-08-21,,,,,,,,,,,,,,,,,,,,,,,
UNITED FIRE GROUP INC COMMON STOCK USD.001,UFCS,COMMON STOCK,910340108,US9103401082,B4WXG84,668066.0,35587875.82,0.11471958776840775,0,,FINANCIALS,UNITED STATES,AVUV,2026-08-21,,,,,,,,,,,,,,,,,,,,,,,
TECNOGLASS HOLDINGS INC COMMON STOCK USD.0001,TGLS,COMMON STOCK,87877F103,US87877F1030,BXD1FS3,875972.0,35546943.76,0.11458764089207654,0,,INDUSTRIALS,UNITED STATES,AVUV,2026-08-21,,,,,,,,,,,,,,,,,,,,,,,
OPPENHEIMER HOLDINGS CL A COMMON STOCK USD.001,OPY,COMMON STOCK,683797104,US6837971042,B42G8D2,314650.0,35162137.5,0.11334719552969574,0,,FINANCIALS,UNITED STATES,AVUV,2026-08-21,,,,,,,,,,,,,,,,,,,,,,,
MARTEN TRANSPORT LTD COMMON STOCK USD.01,MRTN,COMMON STOCK,573075108,US5730751089,2568357,2356852.0,34716429.96,0.11191043134875141,0,,INDUSTRIALS,UNITED STATES,AVUV,2026-08-21,,,,,,,,,,,,,,,,,,,,,,,
RIGEL PHARMACEUTICALS INC COMMON STOCK USD.001,RIGL,COMMON STOCK,766559702,US7665597024,BQD3J33,765178.0,34624304.5,0.11161345956972109,0,,HEALTH CARE,UNITED STATES,AVUV,2026-08-21,,,,,,,,,,,,,,,,,,,,,,,
MARCUS CORPORATION COMMON STOCK USD1.0,MCS,COMMON STOCK,566330106,US5663301068,2564827,1157406.0,34270791.66,0.11047389036697458,0,,COMMUNICATION SERVICES,UNITED STATES,AVUV,2026-08-21,,,,,,,,,,,,,,,,,,,,,,,
BYLINE BANCORP INC COMMON STOCK USD.01,BY,COMMON STOCK,124411109,US1244111092,BD5G2C9,888160.0,34043172.8,0.1097401477317134,0,,FINANCIALS,UNITED STATES,AVUV,2026-08-21,,,,,,,,,,,,,,,,,,,,,,,
CALLAWAY GOLF COMPANY COMMON STOCK,CALY,COMMON STOCK,131193104,US1311931042,2173933,2148769.0,33929062.51,0.10937230657437247,0,,CONSUMER DISCRETIONARY,UNITED STATES,AVUV,2026-08-21,,,,,,,,,,,,,,,,,,,,,,,
ERMENEGILDO ZEGNA NV COMMON STOCK,ZGN,COMMON STOCK,N30577105,NL0015000PB5,BLCY7G1,2478174.0,33777511.62,0.10888377346510035,0,,CONSUMER DISCRETIONARY,UNITED STATES,AVUV,2026-08-21,,,,,,,,,,,,,,,,,,,,,,,
COMSTOCK RESOURCES INC COMMON STOCK USD.5,CRK,COMMON STOCK,205768302,US2057683029,BD82PS1,2443427.0,33768161.14,0.10885363164892503,0,,ENERGY,UNITED STATES,AVUV,2026-08-21,,,,,,,,,,,,,,,,,,,,,,,
FIRST MID BANCSHARES INC COMMON STOCK USD4.0,FMBH,COMMON STOCK,320866106,US3208661062,B016HX8,667980.0,33572674.8,0.10822347006095659,0,,FINANCIALS,UNITED STATES,AVUV,2026-08-21,,,,,,,,,,,,,,,,,,,,,,,
CHEMOURS CO/THE COMMON STOCK USD.01,CC,COMMON STOCK,163851108,US1638511089,BZ0CTP8,2128409.0,33394737.21,0.10764987788938246,0,,MATERIALS,UNITED STATES,AVUV,2026-08-21,,,,,,,,,,,,,,,,,,,,,,,
UNIVEST FINANCIAL CORP COMMON STOCK USD5.0,UVSP,COMMON STOCK,915271100,US9152711001,2690636,790168.0,32997415.68,0.10636908882617298,0,,FINANCIALS,UNITED STATES,AVUV,2026-08-21,,,,,,,,,,,,,,,,,,,,,,,
CENTRAL PACIFIC FINANCIAL CO COMMON STOCK,CPF,COMMON STOCK,154760409,US1547604090,2230946,877149.0,32893087.5,0.10603278086941931,0,,FINANCIALS,UNITED STATES,AVUV,2026-08-21,,,,,,,,,,,,,,,,,,,,,,,
MERCANTILE BANK CORP COMMON STOCK,MBWM,COMMON STOCK,587376104,US5873761044,2620257,547321.0,32729795.8,0.10550640057617698,0,,FINANCIALS,UNITED STATES,AVUV,2026-08-21,,,,,,,,,,,,,,,,,,,,,,,
LSB INDUSTRIES INC COMMON STOCK USD.1,LXU,COMMON STOCK,502160104,US5021601043,2536882,3025433.0,32341878.77,0.10425592746575504,0,,MATERIALS,UNITED STATES,AVUV,2026-08-21,,,,,,,,,,,,,,,,,,,,,,,
HERITAGE INSURANCE HOLDINGS COMMON STOCK USD.0001,HRTG,COMMON STOCK,42727J102,US42727J1025,BMN9870,960474.0,32300740.62,0.10412331624632108,0,,FINANCIALS,UNITED STATES,AVUV,2026-08-21,,,,,,,,,,,,,,,,,,,,,,,
QUANEX BUILDING PRODUCTS COMMON STOCK USD.01,NX,COMMON STOCK,747619104,US7476191041,B2QXCJ9,1634358.0,32229539.76,0.1038937961325253,0,,INDUSTRIALS,UNITED STATES,AVUV,2026-08-21,,,,,,,,,,,,,,,,,,,,,,,
BURKE + HERBERT FINANCIAL SE COMMON STOCK,BHRB,COMMON STOCK,12135Y108,US12135Y1082,BQ1PC32,452044.0,32095124.0,0.10346049911151818,0,,FINANCIALS,UNITED STATES,AVUV,2026-08-21,,,,,,,,,,,,,,,,,,,,,,,
NORTHEAST BANK COMMON STOCK USD1.0,NBN,COMMON STOCK,66405S100,US66405S1006,BJXSDM6,249269.0,32046022.64,0.10330221802144811,0,,FINANCIALS,UNITED STATES,AVUV,2026-08-21,,,,,,,,,,,,,,,,,,,,,,,
PELAGOS INSURANCE CAPITAL LT COMMON STOCK USD.01,PLGO,COMMON STOCK,G3398L118,BMG3398L1182,BQLSDH2,1339466.0,31999842.74,0.10315335442762247,0,,FINANCIALS,UNITED STATES,AVUV,2026-08-21,,,,,,,,,,,,,,,,,,,,,,,
ASHLAND INC COMMON STOCK,ASH,COMMON STOCK,044186104,US0441861046,BYND5N1,436567.0,31790808.94,0.1024795218143203,0,,MATERIALS,UNITED STATES,AVUV,2026-08-21,,,,,,,,,,,,,,,,,,,,,,,
AMALGAMATED FINANCIAL CORP COMMON STOCK USD.01,AMAL,COMMON STOCK,022671101,US0226711010,BLR7B41,646335.0,31592854.8,0.10184140512950576,0,,FINANCIALS,UNITED STATES,AVUV,2026-08-21,,,,,,,,,,,,,,,,,,,,,,,
REPUBLIC BANCORP INC CLASS A COMMON STOCK,RBCAA,COMMON STOCK,760281204,US7602812049,2277114,330506.0,31179936.04,0.10051033748813727,0,,FINANCIALS,UNITED STATES,AVUV,2026-08-21,,,,,,,,,,,,,,,,,,,,,,,
TRUSTCO BANK CORP NY COMMON STOCK USD1.0,TRST,COMMON STOCK,898349204,US8983492047,BN0ZBP7,544279.0,31132758.8,0.1003582589108087,0,,FINANCIALS,UNITED STATES,AVUV,2026-08-21,,,,,,,,,,,,,,,,,,,,,,,
INNOVEX INTERNATIONAL INC COMMON STOCK USD.01,INVX,COMMON STOCK,457651107,US4576511079,BSPRSL8,1066567.0,31090428.05,0.100221803275904,0,,ENERGY,UNITED STATES,AVUV,2026-08-21,,,,,,,,,,,,,,,,,,,,,,,
NPK INTERNATIONAL INC COMMON STOCK,NPKI,COMMON STOCK,651718504,US6517185046,2636878,2242453.0,30945851.4,0.09975575203494692,0,,INDUSTRIALS,UNITED STATES,AVUV,2026-08-21,,,,,,,,,,,,,,,,,,,,,,,
QCR HOLDINGS INC COMMON STOCK USD1.0,QCRH,COMMON STOCK,74727A104,US74727A1043,2714257,304923.0,30821616.84,0.09935527470435615,0,,FINANCIALS,UNITED STATES,AVUV,2026-08-21,,,,,,,,,,,,,,,,,,,,,,,
EDGEWELL PERSONAL CARE CO COMMON STOCK USD.01,EPC,COMMON STOCK,28035Q102,US28035Q1022,BX8ZSB4,1112382.0,30657247.92,0.09882542192978451,0,,CONSUMER STAPLES,UNITED STATES,AVUV,2026-08-21,,,,,,,,,,,,,,,,,,,,,,,
FORUM ENERGY TECHNOLOGIES IN COMMON STOCK USD.01,FET,COMMON STOCK,34984V209,US34984V2097,BMCKSV8,389649.0,30626411.4,0.098726018613877,0,,ENERGY,UNITED STATES,AVUV,2026-08-21,,,,,,,,,,,,,,,,,,,,,,,
CLARIVATE PLC COMMON STOCK USD.01,CLVT,COMMON STOCK,G21810109,JE00BJJN4441,BJJN444,14645338.0,30315849.66,0.0977249047803445,0,,INDUSTRIALS,UNITED STATES,AVUV,2026-08-21,,,,,,,,,,,,,,,,,,,,,,,
GROCERY OUTLET HOLDING CORP COMMON STOCK USD.001,GO,COMMON STOCK,39874R101,US39874R1014,BK1KWF7,2709114.0,30098256.54,0.0970234807011469,0,,CONSUMER STAPLES,UNITED STATES,AVUV,2026-08-21,,,,,,,,,,,,,,,,,,,,,,,
HANMI FINANCIAL CORPORATION COMMON STOCK USD.001,HAFC,COMMON STOCK,410495204,US4104952043,B6TPXR5,960856.0,29930664.4,0.09648323768941816,0,,FINANCIALS,UNITED STATES,AVUV,2026-08-21,,,,,,,,,,,,,,,,,,,,,,,
COSTAMARE INC COMMON STOCK USD.0001,CMRE,COMMON STOCK,Y1771G102,MHY1771G1026,B566T98,1967567.0,29867667.06,0.09628016209952175,0,,INDUSTRIALS,UNITED STATES,AVUV,2026-08-21,,,,,,,,,,,,,,,,,,,,,,,
GREEN DOT CORP CLASS A COMMON STOCK USD.001,GDOT,COMMON STOCK,39304D102,US39304D1028,B3WNNP3,2214007.0,29534853.38,0.09520731784305647,0,,FINANCIALS,UNITED STATES,AVUV,2026-08-21,,,,,,,,,,,,,,,,,,,,,,,
UNITED COMMUNITY BANKS/GA COMMON STOCK USD1.0,UCB,COMMON STOCK,90984P303,US90984P3038,2862156,830234.0,29498214.02,0.09508920873487148,0,,FINANCIALS,UNITED STATES,AVUV,2026-08-21,,,,,,,,,,,,,,,,,,,,,,,
ALAMO GROUP INC COMMON STOCK USD.1,ALG,COMMON STOCK,011311107,US0113111076,2021634,179092.0,29095286.32,0.09379034785656935,0,,INDUSTRIALS,UNITED STATES,AVUV,2026-08-21,,,,,,,,,,,,,,,,,,,,,,,
KFORCE INC COMMON STOCK USD.01,KFRC,COMMON STOCK,493732101,US4937321010,2746982,500083.0,29069824.79,0.09370827113357731,0,,INDUSTRIALS,UNITED STATES,AVUV,2026-08-21,,,,,,,,,,,,,,,,,,,,,,,
COVENANT LOGISTICS GROUP INC COMMON STOCK USD.01,CVLG,COMMON STOCK,22284P105,US22284P1057,2200853,835684.0,29023305.32,0.09355831291610468,0,,INDUSTRIALS,UNITED STATES,AVUV,2026-08-21,,,,,,,,,,,,,,,,,,,,,,,
DAKTRONICS INC COMMON STOCK,DAKT,COMMON STOCK,234264109,US2342641097,2254010,1511607.0,29007738.33,0.09350813181834465,0,,INFORMATION TECHNOLOGY,UNITED STATES,AVUV,2026-08-21,,,,,,,,,,,,,,,,,,,,,,,
BUSINESS FIRST BANCSHARES COMMON STOCK USD1.0,BFST,COMMON STOCK,12326C105,US12326C1053,BF5HDJ0,926525.0,28926110.5,0.09324499976024168,0,,FINANCIALS,UNITED STATES,AVUV,2026-08-21,,,,,,,,,,,,,,,,,,,,,,,
KIMBALL ELECTRONICS INC COMMON STOCK,KE,COMMON STOCK,49428J109,US49428J1097,BRKFN59,1226349.0,28905045.93,0.09317709689357041,0,,INFORMATION TECHNOLOGY,UNITED STATES,AVUV,2026-08-21,,,,,,,,,,,,,,,,,,,,,,,
J + J SNACK FOODS CORP COMMON STOCK,JJSF,COMMON STOCK,466032109,US4660321096,2469171,326622.0,28886449.68,0.09311715079999551,0,,CONSUMER STAPLES,UNITED STATES,AVUV,2026-08-21,,,,,,,,,,,,,,,,,,,,,,,
FIRST COMMONWEALTH FINL CORP COMMON STOCK USD1.0,FCF,COMMON STOCK,319829107,US3198291078,2351546,1359110.0,28881087.5,0.09309986550086016,0,,FINANCIALS,UNITED STATES,AVUV,2026-08-21,,,,,,,,,,,,,,,,,,,,,,,
RUSH ENTERPRISES INC   CL B COMMON STOCK USD.01,RUSHB,COMMON STOCK,781846308,US7818463082,2966865,371706.0,28833234.42,0.09294560831397959,0,,INDUSTRIALS,UNITED STATES,AVUV,2026-08-21,,,,,,,,,,,,,,,,,,,,,,,
TETRA TECHNOLOGIES INC COMMON STOCK USD.01,TTI,COMMON STOCK,88162F105,US88162F1057,2884280,3982005.0,28789896.15,0.09280590487974984,0,,ENERGY,UNITED STATES,AVUV,2026-08-21,,,,,,,,,,,,,,,,,,,,,,,
SCHOLASTIC CORP COMMON STOCK USD.01,SCHL,COMMON STOCK,807066105,US8070661058,2779234,719231.0,28754855.38,0.09269294891941605,0,,COMMUNICATION SERVICES,UNITED STATES,AVUV,2026-08-21,,,,,,,,,,,,,,,,,,,,,,,
WEBULL CORP COMMON STOCK USD.0001,BULL,COMMON STOCK,G9572D103,KYG9572D1034,BQH7NB7,3230068.0,28586101.8,0.09214896193828909,0,,FINANCIALS,UNITED STATES,AVUV,2026-08-21,,,,,,,,,,,,,,,,,,,,,,,
SERVISFIRST BANCSHARES INC COMMON STOCK USD.001,SFBS,COMMON STOCK,81768T108,US81768T1088,BMH0MP5,651902.0,28449003.28,0.09170701688437216,0,,FINANCIALS,UNITED STATES,AVUV,2026-08-21,,,,,,,,,,,,,,,,,,,,,,,
SEABOARD CORP COMMON STOCK USD1.0,SEB,COMMON STOCK,811543107,US8115431079,2786687,6481.0,28233504.35,0.09101234354845365,0,,CONSUMER STAPLES,UNITED STATES,AVUV,2026-08-21,,,,,,,,,,,,,,,,,,,,,,,
METROPOLITAN BANK HOLDING CO COMMON STOCK USD.01,MCB,COMMON STOCK,591774104,US5917741044,BDBRDR8,307778.0,28201698.14,0.09090981438042658,0,,FINANCIALS,UNITED STATES,AVUV,2026-08-21,,,,,,,,,,,,,,,,,,,,,,,
METALLUS INC COMMON STOCK,MTUS,COMMON STOCK,887399103,US8873991033,BNBPMX1,1438597.0,28167729.26,0.09080031371985711,0,,MATERIALS,UNITED STATES,AVUV,2026-08-21,,,,,,,,,,,,,,,,,,,,,,,
FIRST FINANCIAL CORP COMMON STOCK,THFF,COMMON STOCK,320218100,US3202181000,2362515,355856.0,28137533.92,0.09070297728497553,0,,FINANCIALS,UNITED STATES,AVUV,2026-08-21,,,,,,,,,,,,,,,,,,,,,,,
INTERPARFUMS INC COMMON STOCK USD.001,IPAR,COMMON STOCK,458334109,US4583341098,2473150,243515.0,27943346.25,0.09007700203529266,0,,CONSUMER STAPLES,UNITED STATES,AVUV,2026-08-21,,,,,,,,,,,,,,,,,,,,,,,
ARDMORE SHIPPING CORP COMMON STOCK USD.01,ASC,COMMON STOCK,Y0207T100,MHY0207T1001,BCGCR57,1534087.0,27905042.53,0.08995352776583578,0,,ENERGY,UNITED STATES,AVUV,2026-08-21,,,,,,,,,,,,,,,,,,,,,,,
VAALCO ENERGY INC COMMON STOCK USD.1,EGY,COMMON STOCK,91851C201,US91851C2017,2933353,4627130.0,27612398.27,0.08901017197130073,0,,ENERGY,UNITED STATES,AVUV,2026-08-21,,,,,,,,,,,,,,,,,,,,,,,
MARINEMAX INC COMMON STOCK USD.001,HZO,COMMON STOCK,567908108,US5679081084,2250353,527713.0,27573004.25,0.08888318305637367,0,,CONSUMER DISCRETIONARY,UNITED STATES,AVUV,2026-08-21,,,,,,,,,,,,,,,,,,,,,,,
LIVE OAK BANCSHARES INC COMMON STOCK,LOB,COMMON STOCK,53803X105,US53803X1054,BYN5Z59,673524.0,27432632.52,0.08843068661962686,0,,FINANCIALS,UNITED STATES,AVUV,2026-08-21,,,,,,,,,,,,,,,,,,,,,,,
ORIGIN BANCORP INC COMMON STOCK,OBK,COMMON STOCK,68621T102,US68621T1025,BDFFBM9,519161.0,27390934.36,0.08829627017538344,0,,FINANCIALS,UNITED STATES,AVUV,2026-08-21,,,,,,,,,,,,,,,,,,,,,,,
LINCOLN NATIONAL CORP COMMON STOCK,LNC,COMMON STOCK,534187109,US5341871094,2516378,650284.0,27298922.32,0.08799966401232051,0,,FINANCIALS,UNITED STATES,AVUV,2026-08-21,,,,,,,,,,,,,,,,,,,,,,,
RYERSON HOLDING CORP COMMON STOCK USD.01,RYZ,COMMON STOCK,783754104,US7837541041,B3TPPZ6,1129008.0,27288123.36,0.08796485293661052,0,,MATERIALS,UNITED STATES,AVUV,2026-08-21,,,,,,,,,,,,,,,,,,,,,,,
VIRTUS INVESTMENT PARTNERS COMMON STOCK USD.01,VRTS,COMMON STOCK,92828Q109,US92828Q1094,B3KKGQ8,160575.0,26989446.0,0.0870020490932943,0,,FINANCIALS,UNITED STATES,AVUV,2026-08-21,,,,,,,,,,,,,,,,,,,,,,,
PENNYMAC FINANCIAL SERVICES COMMON STOCK USD.0001,PFSI,COMMON STOCK,70932M107,US70932M1071,BGYTGH3,353484.0,26772878.16,0.08630393006381483,0,,FINANCIALS,UNITED STATES,AVUV,2026-08-21,,,,,,,,,,,,,,,,,,,,,,,
TENNANT CO COMMON STOCK USD.375,TNC,COMMON STOCK,880345103,US8803451033,2883641,392265.0,26681865.3,0.08601054481560184,0,,INDUSTRIALS,UNITED STATES,AVUV,2026-08-21,,,,,,,,,,,,,,,,,,,,,,,
ARRAY DIGITAL INFRASTRUCTURE COMMON STOCK USD1.0,AD,COMMON STOCK,911684108,US9116841084,2918996,739295.0,26274544.3,0.08469752187920182,0,,COMMUNICATION SERVICES,UNITED STATES,AVUV,2026-08-21,,,,,,,,,,,,,,,,,,,,,,,
CARS.COM INC COMMON STOCK USD.01,CARS,COMMON STOCK,14575E105,US14575E1055,BYXHTC0,2123303.0,26052927.81,0.0839831282327793,0,,COMMUNICATION SERVICES,UNITED STATES,AVUV,2026-08-21,,,,,,,,,,,,,,,,,,,,,,,
INDEPENDENT BANK CORP   MICH COMMON STOCK USD1.0,IBCP,COMMON STOCK,453838609,US4538386099,2492133,697354.0,25983410.04,0.0837590336574999,0,,FINANCIALS,UNITED STATES,AVUV,2026-08-21,,,,,,,,,,,,,,,,,,,,,,,
FORESTAR GROUP INC COMMON STOCK USD1.0,FOR,COMMON STOCK,346232101,US3462321015,BF16ZX9,895936.0,25874631.68,0.08340838028665976,0,,REAL ESTATE,UNITED STATES,AVUV,2026-08-21,,,,,,,,,,,,,,,,,,,,,,,
CNB FINANCIAL CORP/PA COMMON STOCK,CCNE,COMMON STOCK,126128107,US1261281075,2619705,765526.0,25859468.28,0.08335950018474061,0,,FINANCIALS,UNITED STATES,AVUV,2026-08-21,,,,,,,,,,,,,,,,,,,,,,,
S + T BANCORP INC COMMON STOCK USD2.5,STBA,COMMON STOCK,783859101,US7838591011,2781109,509236.0,25563647.2,0.08240590372614745,0,,FINANCIALS,UNITED STATES,AVUV,2026-08-21,,,,,,,,,,,,,,,,,,,,,,,
AMERICAN PUBLIC EDUCATION COMMON STOCK USD.01,APEI,COMMON STOCK,02913V103,US02913V1035,B292GM4,573134.0,25438552.59,0.0820026539743546,0,,CONSUMER DISCRETIONARY,UNITED STATES,AVUV,2026-08-21,,,,,,,,,,,,,,,,,,,,,,,
N B T BANCORP INC COMMON STOCK USD.01,NBTB,COMMON STOCK,628778102,US6287781024,2626459,483824.0,25100789.12,0.08091385378190673,0,,FINANCIALS,UNITED STATES,AVUV,2026-08-21,,,,,,,,,,,,,,,,,,,,,,,
PERRIGO CO PLC COMMON STOCK EUR.001,PRGO,COMMON STOCK,G97822103,IE00BGH1M568,BGH1M56,1804276.0,24718581.2,0.07968178431965522,0,,HEALTH CARE,UNITED STATES,AVUV,2026-08-21,,,,,,,,,,,,,,,,,,,,,,,
RLI CORP COMMON STOCK USD1.0,RLI,COMMON STOCK,749607107,US7496071074,2719070,378481.0,24639113.1,0.07942561427683366,0,,FINANCIALS,UNITED STATES,AVUV,2026-08-21,,,,,,,,,,,,,,,,,,,,,,,
AMPHASTAR PHARMACEUTICALS IN COMMON STOCK USD.0001,AMPH,COMMON STOCK,03209R103,US03209R1032,BNFWZS4,1124293.0,24374672.24,0.07857317378272373,0,,HEALTH CARE,UNITED STATES,AVUV,2026-08-21,,,,,,,,,,,,,,,,,,,,,,,
RILEY EXPLORATION PERMIAN IN COMMON STOCK USD.001,REPX,COMMON STOCK,76665T102,US76665T1025,BNW2543,634857.0,24105520.29,0.07770554681596584,0,,ENERGY,UNITED STATES,AVUV,2026-08-21,,,,,,,,,,,,,,,,,,,,,,,
METROCITY BANKSHARES INC COMMON STOCK,MCBS,COMMON STOCK,59165J105,US59165J1051,BD9MTK0,678383.0,24082596.5,0.07763165064547814,0,,FINANCIALS,UNITED STATES,AVUV,2026-08-21,,,,,,,,,,,,,,,,,,,,,,,
OXFORD INDUSTRIES INC COMMON STOCK USD1.0,OXM,COMMON STOCK,691497309,US6914973093,2665300,694339.0,23857488.04,0.07690600043064098,0,,CONSUMER DISCRETIONARY,UNITED STATES,AVUV,2026-08-21,,,,,,,,,,,,,,,,,,,,,,,
PURSUIT ATTRACTIONS AND HOSP COMMON STOCK USD1.5,PRSU,COMMON STOCK,92552R406,US92552R4065,B01KGF5,496078.0,23821665.56,0.07679052458265198,0,,CONSUMER DISCRETIONARY,UNITED STATES,AVUV,2026-08-21,,,,,,,,,,,,,,,,,,,,,,,
ORRSTOWN FINL SERVICES INC COMMON STOCK,ORRF,COMMON STOCK,687380105,US6873801053,B019FW2,562870.0,23696827.0,0.07638810022292795,0,,FINANCIALS,UNITED STATES,AVUV,2026-08-21,,,,,,,,,,,,,,,,,,,,,,,
BLOOMIN  BRANDS INC COMMON STOCK USD.01,BLMN,COMMON STOCK,094235108,US0942351083,B847RJ0,2239807.0,23473177.36,0.07566715259921691,0,,CONSUMER DISCRETIONARY,UNITED STATES,AVUV,2026-08-21,,,,,,,,,,,,,,,,,,,,,,,
SSC GOVERNMENT MM GVMXX,OTHER,SWEEP INVESTMENT VEHICLE,7839989D1,,,23331289.0,23331288.59,0.07520976589578746,3.5926707,12/31/2030,MISCELLANEOUS,UNITED STATES,AVUV,2026-08-21,,,,,,,,,,,,,,,,,,,,,,,
JOHN B. SANFILIPPO + SON INC COMMON STOCK USD.01,JBSS,COMMON STOCK,800422107,US8004221078,2772998,307433.0,23291124.08,0.07508029326152782,0,,CONSUMER STAPLES,UNITED STATES,AVUV,2026-08-21,,,,,,,,,,,,,,,,,,,,,,,
HOMETRUST BANCSHARES INC COMMON STOCK,HTB,COMMON STOCK,437872104,US4378721041,B84T2F7,498096.0,23266064.16,0.0749995111517315,0,,FINANCIALS,UNITED STATES,AVUV,2026-08-21,,,,,,,,,,,,,,,,,,,,,,,
THOR INDUSTRIES INC COMMON STOCK USD.1,THO,COMMON STOCK,885160101,US8851601018,2889876,295166.0,23241370.84,0.07491991079835943,0,,CONSUMER DISCRETIONARY,UNITED STATES,AVUV,2026-08-21,,,,,,,,,,,,,,,,,,,,,,,
ECOVYST INC COMMON STOCK,ECVT,COMMON STOCK,27923Q109,US27923Q1094,BM8NHT2,2249280.0,23212569.6,0.07482706832591936,0,,MATERIALS,UNITED STATES,AVUV,2026-08-21,,,,,,,,,,,,,,,,,,,,,,,
AMERANT BANCORP INC COMMON STOCK USD.1,AMTB,COMMON STOCK,023576101,US0235761014,BKDSMB5,815585.0,23195237.4,0.07477119697104624,0,,FINANCIALS,UNITED STATES,AVUV,2026-08-21,,,,,,,,,,,,,,,,,,,,,,,
KELLY SERVICES INC  A COMMON STOCK USD1.0,KELYA,COMMON STOCK,488152208,US4881522084,2487117,1387902.0,23191842.42,0.07476025305553828,0,,INDUSTRIALS,UNITED STATES,AVUV,2026-08-21,,,,,,,,,,,,,,,,,,,,,,,
GREAT SOUTHERN BANCORP INC COMMON STOCK USD.01,GSBC,COMMON STOCK,390905107,US3909051076,2387002,293657.0,23134298.46,0.07457475675328211,0,,FINANCIALS,UNITED STATES,AVUV,2026-08-21,,,,,,,,,,,,,,,,,,,,,,,
MYR GROUP INC/DELAWARE COMMON STOCK USD.01,MYRG,COMMON STOCK,55405W104,US55405W1045,B3CLS18,72587.0,23082666.0,0.07440831651513392,0,,INDUSTRIALS,UNITED STATES,AVUV,2026-08-21,,,,,,,,,,,,,,,,,,,,,,,
SOUTHERN MISSOURI BANCORP COMMON STOCK USD.01,SMBC,COMMON STOCK,843380106,US8433801060,2570501,309949.0,22954822.94,0.07399620697489524,0,,FINANCIALS,UNITED STATES,AVUV,2026-08-21,,,,,,,,,,,,,,,,,,,,,,,
SHORE BANCSHARES INC COMMON STOCK USD.01,SHBI,COMMON STOCK,825107105,US8251071051,2748869,979783.0,22672178.62,0.07308508656862307,0,,FINANCIALS,UNITED STATES,AVUV,2026-08-21,,,,,,,,,,,,,,,,,,,,,,,
LAKELAND FINANCIAL CORP COMMON STOCK,LKFN,COMMON STOCK,511656100,US5116561003,2537528,373559.0,22577905.96,0.07278119316549522,0,,FINANCIALS,UNITED STATES,AVUV,2026-08-21,,,,,,,,,,,,,,,,,,,,,,,
HALLADOR ENERGY CO COMMON STOCK USD.01,HNRG,COMMON STOCK,40609P105,US40609P1057,2404978,1453354.0,22570587.62,0.07275760207081468,0,,UTILITIES,UNITED STATES,AVUV,2026-08-21,,,,,,,,,,,,,,,,,,,,,,,
EMPLOYERS HOLDINGS INC COMMON STOCK USD.01,EIG,COMMON STOCK,292218104,US2922181043,B1Q1RR9,466784.0,22466313.92,0.07242146973350995,0,,FINANCIALS,UNITED STATES,AVUV,2026-08-21,,,,,,,,,,,,,,,,,,,,,,,
WESBANCO INC COMMON STOCK USD2.0833,WSBC,COMMON STOCK,950810101,US9508101014,2953782,542764.0,22188192.32,0.07152492857823371,0,,FINANCIALS,UNITED STATES,AVUV,2026-08-21,,,,,,,,,,,,,,,,,,,,,,,
XPLR INFRASTRUCTURE LP COMMON STOCK,XIFR,COMMON STOCK,65341B106,US65341B1061,BNGY4Q0,1951191.0,22126505.94,0.07132607894415276,0,,UTILITIES,UNITED STATES,AVUV,2026-08-21,,,,,,,,,,,,,,,,,,,,,,,
ADVANSIX INC COMMON STOCK USD.01,ASIX,COMMON STOCK,00773T101,US00773T1016,BYMMZL7,1273861.0,22076011.13,0.07116330598695399,0,,MATERIALS,UNITED STATES,AVUV,2026-08-21,,,,,,,,,,,,,,,,,,,,,,,
BKV CORPORATION COMMON STOCK USD.01,BKV,COMMON STOCK,05603J108,US05603J1088,BSRK6R7,840389.0,21934152.9,0.07070601773099097,0,,ENERGY,UNITED STATES,AVUV,2026-08-21,,,,,,,,,,,,,,,,,,,,,,,
CAPITOL FEDERAL FINANCIAL IN COMMON STOCK USD.01,CFFN,COMMON STOCK,14057J101,US14057J1016,B3KWJV0,2583368.0,21932794.32,0.07070163826933559,0,,FINANCIALS,UNITED STATES,AVUV,2026-08-21,,,,,,,,,,,,,,,,,,,,,,,
FIVE STAR BANCORP COMMON STOCK,FSBC,COMMON STOCK,33830T103,US33830T1034,BP2C8W6,485813.0,21881017.52,0.07053473274280149,0,,FINANCIALS,UNITED STATES,AVUV,2026-08-21,,,,,,,,,,,,,,,,,,,,,,,
BEACON FINANCIAL CORP COMMON STOCK USD.01,BBT,COMMON STOCK,084680107,US0846801076,2606570,690067.0,21792315.86,0.07024879778222554,0,,FINANCIALS,UNITED STATES,AVUV,2026-08-21,,,,,,,,,,,,,,,,,,,,,,,
CAPITAL CITY BANK GROUP INC COMMON STOCK USD.01,CCBG,COMMON STOCK,139674105,US1396741050,2186759,422171.0,21674259.14,0.06986823507822512,0,,FINANCIALS,UNITED STATES,AVUV,2026-08-21,,,,,,,,,,,,,,,,,,,,,,,
TEEKAY CORP LTD COMMON STOCK USD.001,TK,COMMON STOCK,G8726T105,BMG8726T1053,BL54JF1,1635048.0,21549932.64,0.06946746137369642,0,,ENERGY,UNITED STATES,AVUV,2026-08-21,,,,,,,,,,,,,,,,,,,,,,,
REX AMERICAN RESOURCES CORP COMMON STOCK USD.01,REX,COMMON STOCK,761624105,US7616241052,2063670,484962.0,21527463.18,0.06939502976239102,0,,ENERGY,UNITED STATES,AVUV,2026-08-21,,,,,,,,,,,,,,,,,,,,,,,
CARTER BANKSHARES INC COMMON STOCK USD1.0,CARE,COMMON STOCK,146103106,US1461031064,BMWKK45,689191.0,21468299.65,0.0692043126820333,0,,FINANCIALS,UNITED STATES,AVUV,2026-08-21,,,,,,,,,,,,,,,,,,,,,,,
MCGRATH RENTCORP COMMON STOCK,MGRC,COMMON STOCK,580589109,US5805891091,2551551,184253.0,21454419.32,0.0691595686308923,0,,INDUSTRIALS,UNITED STATES,AVUV,2026-08-21,,,,,,,,,,,,,,,,,,,,,,,
SMARTFINANCIAL INC COMMON STOCK USD1.0,SMBK,COMMON STOCK,83190L208,US83190L2088,BYVYKX1,420809.0,21440218.55,0.06911379162277208,0,,FINANCIALS,UNITED STATES,AVUV,2026-08-21,,,,,,,,,,,,,,,,,,,,,,,
CLEANSPARK INC COMMON STOCK,CLSK,COMMON STOCK,18452B209,US18452B2097,BJDRX78,1689773.0,21291139.8,0.06863322760058849,0,,INFORMATION TECHNOLOGY,UNITED STATES,AVUV,2026-08-21,,,,,,,,,,,,,,,,,,,,,,,
BIOVENTUS INC   A COMMON STOCK USD.001,BVS,COMMON STOCK,09075A108,US09075A1088,BD6P6L2,1471388.0,21084990.04,0.0679686918579841,0,,HEALTH CARE,UNITED STATES,AVUV,2026-08-21,,,,,,,,,,,,,,,,,,,,,,,
MILLER INDUSTRIES INC/TENN COMMON STOCK USD.01,MLR,COMMON STOCK,600551204,US6005512040,2801193,371901.0,20967778.38,0.06759085325404882,0,,INDUSTRIALS,UNITED STATES,AVUV,2026-08-21,,,,,,,,,,,,,,,,,,,,,,,
VILLAGE SUPER MARKET CLASS A COMMON STOCK,VLGEA,COMMON STOCK,927107409,US9271074091,2929211,482582.0,20818587.48,0.06710992770981672,0,,CONSUMER STAPLES,UNITED STATES,AVUV,2026-08-21,,,,,,,,,,,,,,,,,,,,,,,
ACCEL ENTERTAINMENT INC COMMON STOCK USD.0001,ACEL,COMMON STOCK,00436Q106,US00436Q1067,BK7FYL6,1717832.0,20785767.2,0.06700412962815859,0,,CONSUMER DISCRETIONARY,UNITED STATES,AVUV,2026-08-21,,,,,,,,,,,,,,,,,,,,,,,
CAMDEN NATIONAL CORP COMMON STOCK,CAC,COMMON STOCK,133034108,US1330341082,2116659,367008.0,20735952.0,0.06684354743332613,0,,FINANCIALS,UNITED STATES,AVUV,2026-08-21,,,,,,,,,,,,,,,,,,,,,,,
CIVEO CORP COMMON STOCK USD.01,CVEO,COMMON STOCK,17878Y207,CA17878Y2078,BN0TDP3,598622.0,20718307.42,0.06678666910335261,0,,INDUSTRIALS,UNITED STATES,AVUV,2026-08-21,,,,,,,,,,,,,,,,,,,,,,,
PUMA BIOTECHNOLOGY INC COMMON STOCK USD.0001,PBYI,COMMON STOCK,74587V107,US74587V1070,B7F2TY6,2231992.0,20333447.12,0.06554604953988843,0,,HEALTH CARE,UNITED STATES,AVUV,2026-08-21,,,,,,,,,,,,,,,,,,,,,,,
RPC INC COMMON STOCK USD.1,RES,COMMON STOCK,749660106,US7496601060,2719456,3174272.0,20188369.92,0.06507838474689055,0,,ENERGY,UNITED STATES,AVUV,2026-08-21,,,,,,,,,,,,,,,,,,,,,,,
INTREPID POTASH INC COMMON STOCK USD.001,IPI,COMMON STOCK,46121Y201,US46121Y2019,BMDNMT2,524685.0,20084941.8,0.06474497818590122,0,,MATERIALS,UNITED STATES,AVUV,2026-08-21,,,,,,,,,,,,,,,,,,,,,,,
BUILD A BEAR WORKSHOP INC COMMON STOCK USD.01,BBW,COMMON STOCK,120076104,US1200761047,B034L50,529826.0,20016826.28,0.06452540384506239,0,,CONSUMER DISCRETIONARY,UNITED STATES,AVUV,2026-08-21,,,,,,,,,,,,,,,,,,,,,,,
AMC GLOBAL MEDIA INC COMMON STOCK,AMCX,COMMON STOCK,00164V103,US00164V1035,B4MG4Z6,1615821.0,19696857.99,0.06349396745044808,0,,COMMUNICATION SERVICES,UNITED STATES,AVUV,2026-08-21,,,,,,,,,,,,,,,,,,,,,,,
ETHAN ALLEN INTERIORS INC COMMON STOCK USD.01,ETD,COMMON STOCK,297602104,US2976021046,2320825,858407.0,19683272.51,0.06345017386543282,0,,CONSUMER DISCRETIONARY,UNITED STATES,AVUV,2026-08-21,,,,,,,,,,,,,,,,,,,,,,,
HOVNANIAN ENTERPRISES A COMMON STOCK USD.01,HOV,COMMON STOCK,442487401,US4424874018,BJ5KPZ7,166359.0,19651988.67,0.06334932858748576,0,,CONSUMER DISCRETIONARY,UNITED STATES,AVUV,2026-08-21,,,,,,,,,,,,,,,,,,,,,,,
NORTHRIM BANCORP INC COMMON STOCK USD1.0,NRIM,COMMON STOCK,666762109,US6667621097,2640277,763254.0,19646157.96,0.06333053295464215,0,,FINANCIALS,UNITED STATES,AVUV,2026-08-21,,,,,,,,,,,,,,,,,,,,,,,
F+G ANNUITIES + LIFE INC COMMON STOCK USD.001,FG,COMMON STOCK,30190A104,US30190A1043,BM9XCN0,866127.0,19609115.28,0.063211123720977,0,,FINANCIALS,UNITED STATES,AVUV,2026-08-21,,,,,,,,,,,,,,,,,,,,,,,
PRA GROUP INC COMMON STOCK USD.01,PRAA,COMMON STOCK,69354N106,US69354N1063,BSHZ3P9,1051909.0,19597064.67,0.06317227787868648,0,,FINANCIALS,UNITED STATES,AVUV,2026-08-21,,,,,,,,,,,,,,,,,,,,,,,
ATLANTICUS HOLDINGS CORP COMMON STOCK,ATLC,COMMON STOCK,04914Y102,US04914Y1029,B9B9F36,208792.0,19555458.72,0.06303815867874168,0,,FINANCIALS,UNITED STATES,AVUV,2026-08-21,,,,,,,,,,,,,,,,,,,,,,,
AMERESCO INC CL A COMMON STOCK USD.0001,AMRC,COMMON STOCK,02361E108,US02361E1082,B3SWPT2,877725.0,19476717.75,0.06278433258177053,0,,INDUSTRIALS,UNITED STATES,AVUV,2026-08-21,,,,,,,,,,,,,,,,,,,,,,,
ORION SA COMMON STOCK,OEC,COMMON STOCK,L72967109,LU1092234845,BP8FKJ0,3186414.0,19405261.26,0.06255398842980038,0,,MATERIALS,UNITED STATES,AVUV,2026-08-21,,,,,,,,,,,,,,,,,,,,,,,
VOYA FINANCIAL INC COMMON STOCK USD.01,VOYA,COMMON STOCK,929089100,US9290891004,BKWQ2N2,197909.0,19294148.41,0.06219580969465347,0,,FINANCIALS,UNITED STATES,AVUV,2026-08-21,,,,,,,,,,,,,,,,,,,,,,,
TARGET HOSPITALITY CORP COMMON STOCK USD.0001,TH,COMMON STOCK,87615L107,US87615L1070,BJMYWL7,1081659.0,19069648.17,0.06147212011236503,0,,CONSUMER DISCRETIONARY,UNITED STATES,AVUV,2026-08-21,,,,,,,,,,,,,,,,,,,,,,,
METHODE ELECTRONICS INC COMMON STOCK USD.5,MEI,COMMON STOCK,591520200,US5915202007,2583297,1307445.0,18918729.15,0.06098562387279227,0,,INFORMATION TECHNOLOGY,UNITED STATES,AVUV,2026-08-21,,,,,,,,,,,,,,,,,,,,,,,
UPBOUND GROUP INC COMMON STOCK USD.01,UPBD,COMMON STOCK,76009N100,US76009N1000,2733092,1014465.0,18808181.1,0.06062926580329844,0,,CONSUMER DISCRETIONARY,UNITED STATES,AVUV,2026-08-21,,,,,,,,,,,,,,,,,,,,,,,
MALIBU BOATS INC   A COMMON STOCK USD.01,MBUU,COMMON STOCK,56117J100,US56117J1007,BJ38KJ2,632923.0,18690216.19,0.0602489990541734,0,,CONSUMER DISCRETIONARY,UNITED STATES,AVUV,2026-08-21,,,,,,,,,,,,,,,,,,,,,,,
TRICO BANCSHARES COMMON STOCK,TCBK,COMMON STOCK,896095106,US8960951064,2904133,330217.0,18386482.56,0.05926989603040089,0,,FINANCIALS,UNITED STATES,AVUV,2026-08-21,,,,,,,,,,,,,,,,,,,,,,,
IBEX LTD COMMON STOCK USD.0001,IBEX,COMMON STOCK,G4690M101,BMG4690M1010,BLF81K2,501993.0,18137007.09,0.05846569734145736,0,,INDUSTRIALS,UNITED STATES,AVUV,2026-08-21,,,,,,,,,,,,,,,,,,,,,,,
TITAN MACHINERY INC COMMON STOCK USD.00001,TITN,COMMON STOCK,88830R101,US88830R1014,B29H3T5,1000963.0,18107420.67,0.05837032379561523,0,,INDUSTRIALS,UNITED STATES,AVUV,2026-08-21,,,,,,,,,,,,,,,,,,,,,,,
SOUTH PLAINS FINANCIAL INC COMMON STOCK USD1.0,SPFI,COMMON STOCK,83946P107,US83946P1075,BGV1W52,406773.0,17999705.25,0.05802309687369378,0,,FINANCIALS,UNITED STATES,AVUV,2026-08-21,,,,,,,,,,,,,,,,,,,,,,,
MISSION PRODUCE INC COMMON STOCK USD.001,AVO,COMMON STOCK,60510V108,US60510V1089,BLNPMM4,1355602.0,17948170.48,0.057856971544943,0,,CONSUMER STAPLES,UNITED STATES,AVUV,2026-08-21,,,,,,,,,,,,,,,,,,,,,,,
INNOVIVA INC COMMON STOCK USD.01,INVA,COMMON STOCK,45781M101,US45781M1018,BDDXF67,847272.0,17792712.0,0.05735584209201058,0,,HEALTH CARE,UNITED STATES,AVUV,2026-08-21,,,,,,,,,,,,,,,,,,,,,,,
THIRD COAST BANCSHARES INC COMMON STOCK USD1.0,TCBX,COMMON STOCK,88422P109,US88422P1093,BL55Q42,391286.0,17721342.94,0.05712577977573102,0,,FINANCIALS,UNITED STATES,AVUV,2026-08-21,,,,,,,,,,,,,,,,,,,,,,,
ENNIS INC COMMON STOCK USD2.5,EBF,COMMON STOCK,293389102,US2933891028,2316103,797105.0,17655875.75,0.05691474248069429,0,,INDUSTRIALS,UNITED STATES,AVUV,2026-08-21,,,,,,,,,,,,,,,,,,,,,,,
SONOCO PRODUCTS CO COMMON STOCK,SON,COMMON STOCK,835495102,US8354951027,2821395,300562.0,17531781.46,0.05651471731860768,0,,MATERIALS,UNITED STATES,AVUV,2026-08-21,,,,,,,,,,,,,,,,,,,,,,,
NATURAL GROCERS BY VITAMIN C COMMON STOCK USD.001,NGVC,COMMON STOCK,63888U108,US63888U1088,B82C9Z7,639999.0,17491172.67,0.056383812521925335,0,,CONSUMER STAPLES,UNITED STATES,AVUV,2026-08-21,,,,,,,,,,,,,,,,,,,,,,,
SUNRUN INC COMMON STOCK USD.0001,RUN,COMMON STOCK,86771W105,US86771W1053,BYXB1Y8,1867056.0,17475644.16,0.0563337554666836,0,,INDUSTRIALS,UNITED STATES,AVUV,2026-08-21,,,,,,,,,,,,,,,,,,,,,,,
PARK OHIO HOLDINGS CORP COMMON STOCK USD1.0,PKOH,COMMON STOCK,700666100,US7006661000,2671363,383427.0,17365408.83,0.05597840546829995,0,,INDUSTRIALS,UNITED STATES,AVUV,2026-08-21,,,,,,,,,,,,,,,,,,,,,,,
PEAPACK GLADSTONE FINL CORP COMMON STOCK,PGC,COMMON STOCK,704699107,US7046991078,2307732,382874.0,17294418.58,0.05574956426808987,0,,FINANCIALS,UNITED STATES,AVUV,2026-08-21,,,,,,,,,,,,,,,,,,,,,,,
CENTRAL GARDEN + PET CO COMMON STOCK USD.01,CENT,COMMON STOCK,153527106,US1535271068,2183868,392051.0,17238482.47,0.055569250963833534,0,,CONSUMER STAPLES,UNITED STATES,AVUV,2026-08-21,,,,,,,,,,,,,,,,,,,,,,,
OIL STATES INTERNATIONAL INC COMMON STOCK USD.01,OIS,COMMON STOCK,678026105,US6780261052,2724472,1954266.0,17002114.2,0.05480730409650483,0,,ENERGY,UNITED STATES,AVUV,2026-08-21,,,,,,,,,,,,,,,,,,,,,,,
MIDLAND STATES BANCORP INC COMMON STOCK USD.01,MSBI,COMMON STOCK,597742105,US5977421057,B6VRG58,522344.0,16991850.32,0.05477421788229919,0,,FINANCIALS,UNITED STATES,AVUV,2026-08-21,,,,,,,,,,,,,,,,,,,,,,,
ATN INTERNATIONAL INC COMMON STOCK USD.01,ATNI,COMMON STOCK,00215F107,US00215F1075,BDC84D3,540836.0,16841633.04,0.054289983742435,0,,COMMUNICATION SERVICES,UNITED STATES,AVUV,2026-08-21,,,,,,,,,,,,,,,,,,,,,,,
FIRST BUSINESS FINANCIAL SER COMMON STOCK USD.01,FBIZ,COMMON STOCK,319390100,US3193901002,B0M02F6,243911.0,16783515.91,0.05410263979334389,0,,FINANCIALS,UNITED STATES,AVUV,2026-08-21,,,,,,,,,,,,,,,,,,,,,,,
VITESSE ENERGY INC COMMON STOCK USD.01,VTS,COMMON STOCK,92852X103,US92852X1037,BMBX3P7,968846.0,16625397.36,0.05359293545003648,0,,ENERGY,UNITED STATES,AVUV,2026-08-21,,,,,,,,,,,,,,,,,,,,,,,
SANDRIDGE ENERGY INC COMMON STOCK USD.001,SD,COMMON STOCK,80007P869,US80007P8692,BD1XH30,1158913.0,16618812.42,0.05357170851291609,0,,ENERGY,UNITED STATES,AVUV,2026-08-21,,,,,,,,,,,,,,,,,,,,,,,
NAVIGATOR HOLDINGS LTD COMMON STOCK,NVGS,COMMON STOCK,Y62132108,MHY621321089,B7KN3P3,740232.0,16299908.64,0.05254370362820682,0,,ENERGY,UNITED STATES,AVUV,2026-08-21,,,,,,,,,,,,,,,,,,,,,,,
ACNB CORP COMMON STOCK USD2.5,ACNB,COMMON STOCK,000868109,US0008681092,2412012,249237.0,15863935.05,0.05113831740128835,0,,FINANCIALS,UNITED STATES,AVUV,2026-08-21,,,,,,,,,,,,,,,,,,,,,,,
ESQUIRE FINANCIAL HOLDINGS I COMMON STOCK USD.01,ESQ,COMMON STOCK,29667J101,US29667J1016,BD5G1Z5,139445.0,15818640.8,0.05099230875175386,0,,FINANCIALS,UNITED STATES,AVUV,2026-08-21,,,,,,,,,,,,,,,,,,,,,,,
TRONOX HOLDINGS PLC COMMON STOCK USD.01,TROX,COMMON STOCK,G9087Q102,GB00BJT16S69,BJT16S6,2796104.0,15686143.44,0.05056519580473554,0,,MATERIALS,UNITED STATES,AVUV,2026-08-21,,,,,,,,,,,,,,,,,,,,,,,
ARROW FINANCIAL CORP COMMON STOCK USD1.0,AROW,COMMON STOCK,042744102,US0427441029,2051374,405321.0,15535953.93,0.05008105118308166,0,,FINANCIALS,UNITED STATES,AVUV,2026-08-21,,,,,,,,,,,,,,,,,,,,,,,
WORTHINGTON ENTERPRISES INC COMMON STOCK,WOR,COMMON STOCK,981811102,US9818111026,2981932,275500.0,15535445.0,0.05007941061762341,0,,INDUSTRIALS,UNITED STATES,AVUV,2026-08-21,,,,,,,,,,,,,,,,,,,,,,,
NAVIENT CORP COMMON STOCK USD.01,NAVI,COMMON STOCK,63938C108,US63938C1080,BLP5GX1,1695129.0,15425673.9,0.049725557091647915,0,,FINANCIALS,UNITED STATES,AVUV,2026-08-21,,,,,,,,,,,,,,,,,,,,,,,
CALERES INC COMMON STOCK USD.01,CAL,COMMON STOCK,129500104,US1295001044,BWX4MD9,1193473.0,15383866.97,0.0495907900209826,0,,CONSUMER DISCRETIONARY,UNITED STATES,AVUV,2026-08-21,,,,,,,,,,,,,,,,,,,,,,,
HELEN OF TROY LTD COMMON STOCK USD.1,HELE,COMMON STOCK,G4388N106,BMG4388N1065,2419530,553090.0,15226567.7,0.04908372667441077,0,,CONSUMER DISCRETIONARY,UNITED STATES,AVUV,2026-08-21,,,,,,,,,,,,,,,,,,,,,,,
LINCOLN EDUCATIONAL SERVICES COMMON STOCK,LINC,COMMON STOCK,533535100,US5335351004,B0BV2Y9,580756.0,15192576.96,0.04897415554685976,0,,CONSUMER DISCRETIONARY,UNITED STATES,AVUV,2026-08-21,,,,,,,,,,,,,,,,,,,,,,,
BARRETT BUSINESS SVCS INC COMMON STOCK USD.01,BBSI,COMMON STOCK,068463108,US0684631080,2082675,455413.0,15096940.95,0.048665867305704054,0,,INDUSTRIALS,UNITED STATES,AVUV,2026-08-21,,,,,,,,,,,,,,,,,,,,,,,
GRANITE RIDGE RESOURCES INC COMMON STOCK USD.0001,GRNT,COMMON STOCK,387432107,US3874321074,BPJKCW1,2899190.0,15017804.2,0.04841076538888132,0,,ENERGY,UNITED STATES,AVUV,2026-08-21,,,,,,,,,,,,,,,,,,,,,,,
GRAN TIERRA ENERGY INC COMMON STOCK USD.001,GTE,COMMON STOCK,38500T200,US38500T2006,BQ84Y47,1517405.0,14809872.8,0.04774048642610315,0,,ENERGY,UNITED STATES,AVUV,2026-08-21,,,,,,,,,,,,,,,,,,,,,,,
PACIRA BIOSCIENCES INC COMMON STOCK USD.001,PCRX,COMMON STOCK,695127100,US6951271005,B3X26D8,620828.0,14794331.24,0.04769038730342733,0,,HEALTH CARE,UNITED STATES,AVUV,2026-08-21,,,,,,,,,,,,,,,,,,,,,,,
SMITH + WESSON BRANDS INC COMMON STOCK USD.001,SWBI,COMMON STOCK,831754106,US8317541063,BMYGG87,1058627.0,14725501.57,0.047468510858523084,0,,CONSUMER DISCRETIONARY,UNITED STATES,AVUV,2026-08-21,,,,,,,,,,,,,,,,,,,,,,,
IDT CORP CLASS B COMMON STOCK USD.01,IDT,COMMON STOCK,448947507,US4489475073,2757304,217181.0,14592391.39,0.047039422450588474,0,,COMMUNICATION SERVICES,UNITED STATES,AVUV,2026-08-21,,,,,,,,,,,,,,,,,,,,,,,
HAVERTY FURNITURE COMMON STOCK USD1.0,HVT,COMMON STOCK,419596101,US4195961010,2414245,530681.0,14572500.26,0.04697530223601344,0,,CONSUMER DISCRETIONARY,UNITED STATES,AVUV,2026-08-21,,,,,,,,,,,,,,,,,,,,,,,
GREIF INC CL B COMMON STOCK,GEF.B,COMMON STOCK,397624206,US3976242061,2394080,131830.0,14501300.0,0.04674578405635257,0,,MATERIALS,UNITED STATES,AVUV,2026-08-21,,,,,,,,,,,,,,,,,,,,,,,
FINANCIAL INSTITUTIONS INC COMMON STOCK USD.01,FISI,COMMON STOCK,317585404,US3175854047,2596949,354004.0,14439823.16,0.04654760988665006,0,,FINANCIALS,UNITED STATES,AVUV,2026-08-21,,,,,,,,,,,,,,,,,,,,,,,
SHENANDOAH TELECOMMUNICATION COMMON STOCK,SHEN,COMMON STOCK,82312B106,US82312B1061,2676692,1169003.0,14402116.96,0.04642606175766952,0,,COMMUNICATION SERVICES,UNITED STATES,AVUV,2026-08-21,,,,,,,,,,,,,,,,,,,,,,,
UNITY BANCORP INC COMMON STOCK,UNTY,COMMON STOCK,913290102,US9132901029,2083968,240407.0,14210457.77,0.04580823721034235,0,,FINANCIALS,UNITED STATES,AVUV,2026-08-21,,,,,,,,,,,,,,,,,,,,,,,
PEOPLES FINANCIAL SERVICES COMMON STOCK USD2.0,PFIS,COMMON STOCK,711040105,US7110401053,2956907,202010.0,14185142.2,0.04572663099790047,0,,FINANCIALS,UNITED STATES,AVUV,2026-08-21,,,,,,,,,,,,,,,,,,,,,,,
BRIDGEWATER BANCSHARES INC COMMON STOCK USD.001,BWB,COMMON STOCK,108621103,US1086211034,BFMZC67,658243.0,14185136.65,0.04572661310715263,0,,FINANCIALS,UNITED STATES,AVUV,2026-08-21,,,,,,,,,,,,,,,,,,,,,,,
ENTRAVISION COMMUNICATIONS A COMMON STOCK USD.0001,EVC,COMMON STOCK,29382R107,US29382R1077,2615112,1754154.0,14085856.62,0.0454065781555629,0,,COMMUNICATION SERVICES,UNITED STATES,AVUV,2026-08-21,,,,,,,,,,,,,,,,,,,,,,,
SONIC AUTOMOTIVE INC CLASS A COMMON STOCK USD.01,SAH,COMMON STOCK,83545G102,US83545G1022,2125246,180443.0,14034856.54,0.04524217643112877,0,,CONSUMER DISCRETIONARY,UNITED STATES,AVUV,2026-08-21,,,,,,,,,,,,,,,,,,,,,,,
MOVADO GROUP INC COMMON STOCK USD.01,MOV,COMMON STOCK,624580106,US6245801062,2643168,395711.0,13984426.74,0.045079613037446474,0,,CONSUMER DISCRETIONARY,UNITED STATES,AVUV,2026-08-21,,,,,,,,,,,,,,,,,,,,,,,
EPAM SYSTEMS INC COMMON STOCK USD.001,EPAM,COMMON STOCK,29414B104,US29414B1044,B44Z3T8,130088.0,13888194.88,0.04476940403915659,0,,INFORMATION TECHNOLOGY,UNITED STATES,AVUV,2026-08-21,,,,,,,,,,,,,,,,,,,,,,,
HOME BANCORP INC COMMON STOCK USD.01,HBCP,COMMON STOCK,43689E107,US43689E1073,B39XGV3,199888.0,13878223.84,0.04473726181172475,0,,FINANCIALS,UNITED STATES,AVUV,2026-08-21,,,,,,,,,,,,,,,,,,,,,,,
LUXFER HOLDINGS PLC COMMON STOCK USD.5,LXFR,COMMON STOCK,G5698W116,GB00BNK03D49,BF5GRT5,810297.0,13872284.64,0.04471811645505552,0,,INDUSTRIALS,UNITED STATES,AVUV,2026-08-21,,,,,,,,,,,,,,,,,,,,,,,
NATURAL GAS SERVICES GROUP COMMON STOCK USD.01,NGS,COMMON STOCK,63886Q109,US63886Q1094,2986153,388879.0,13812982.08,0.04452695120340575,0,,ENERGY,UNITED STATES,AVUV,2026-08-21,,,,,,,,,,,,,,,,,,,,,,,
ONESPAN INC COMMON STOCK USD.001,OSPN,COMMON STOCK,68287N100,US68287N1000,BFNSSD4,884583.0,13790648.97,0.04445495912425652,0,,INFORMATION TECHNOLOGY,UNITED STATES,AVUV,2026-08-21,,,,,,,,,,,,,,,,,,,,,,,
WORLD ACCEPTANCE CORP COMMON STOCK,WRLD,COMMON STOCK,981419104,US9814191048,2981181,74845.0,13766989.3,0.04437869080178442,0,,FINANCIALS,UNITED STATES,AVUV,2026-08-21,,,,,,,,,,,,,,,,,,,,,,,
SIERRA BANCORP COMMON STOCK,BSRR,COMMON STOCK,82620P102,US82620P1021,2586315,345502.0,13706064.34,0.04418229564936347,0,,FINANCIALS,UNITED STATES,AVUV,2026-08-21,,,,,,,,,,,,,,,,,,,,,,,
PILGRIM S PRIDE CORP COMMON STOCK USD.01,PPC,COMMON STOCK,72147K108,US72147K1088,B5L3PZ2,436363.0,13631980.12,0.04394348085688946,0,,CONSUMER STAPLES,UNITED STATES,AVUV,2026-08-21,,,,,,,,,,,,,,,,,,,,,,,
MANPOWERGROUP INC COMMON STOCK USD.01,MAN,COMMON STOCK,56418H100,US56418H1005,2562490,222687.0,13526008.38,0.04360187478887378,0,,INDUSTRIALS,UNITED STATES,AVUV,2026-08-21,,,,,,,,,,,,,,,,,,,,,,,
MATRIX SERVICE CO COMMON STOCK USD.01,MTRX,COMMON STOCK,576853105,US5768531056,2572068,1197117.0,13383768.06,0.04314335484357049,0,,INDUSTRIALS,UNITED STATES,AVUV,2026-08-21,,,,,,,,,,,,,,,,,,,,,,,
SAFE BULKERS INC COMMON STOCK USD.001,SB,COMMON STOCK,Y7388L103,MHY7388L1039,B39GTS0,1604010.0,13281202.8,0.042812729761981694,0,,INDUSTRIALS,UNITED STATES,AVUV,2026-08-21,,,,,,,,,,,,,,,,,,,,,,,
EMERGENT BIOSOLUTIONS INC COMMON STOCK USD.001,EBS,COMMON STOCK,29089Q105,US29089Q1058,B1HJLW5,2748201.0,13246328.82,0.04270031145891469,0,,HEALTH CARE,UNITED STATES,AVUV,2026-08-21,,,,,,,,,,,,,,,,,,,,,,,
RBB BANCORP COMMON STOCK,RBB,COMMON STOCK,74930B105,US74930B1052,B8BBRW8,491447.0,13067575.73,0.042124090475654866,0,,FINANCIALS,UNITED STATES,AVUV,2026-08-21,,,,,,,,,,,,,,,,,,,,,,,
ASPEN AEROGELS INC COMMON STOCK USD.00001,ASPN,COMMON STOCK,04523Y105,US04523Y1055,BN65SM7,2554816.0,13055109.76,0.04208390569624384,0,,MATERIALS,UNITED STATES,AVUV,2026-08-21,,,,,,,,,,,,,,,,,,,,,,,
CITY HOLDING CO COMMON STOCK USD2.5,CHCO,COMMON STOCK,177835105,US1778351056,2161778,89520.0,12890880.0,0.041554501512026804,0,,FINANCIALS,UNITED STATES,AVUV,2026-08-21,,,,,,,,,,,,,,,,,,,,,,,
SAFETY INSURANCE GROUP INC COMMON STOCK USD.01,SAFT,COMMON STOCK,78648T100,US78648T1007,2958538,121575.0,12587875.5,0.04057774888122107,0,,FINANCIALS,UNITED STATES,AVUV,2026-08-21,,,,,,,,,,,,,,,,,,,,,,,
BLUELINX HOLDINGS INC COMMON STOCK USD.01,BXC,COMMON STOCK,09624H208,US09624H2085,BYQLZ65,151541.0,12567295.13,0.040511406861414585,0,,INDUSTRIALS,UNITED STATES,AVUV,2026-08-21,,,,,,,,,,,,,,,,,,,,,,,
NATIONAL BEVERAGE CORP COMMON STOCK USD.01,FIZZ,COMMON STOCK,635017106,US6350171061,2638625,388321.0,12507819.41,0.0403196834184325,0,,CONSUMER STAPLES,UNITED STATES,AVUV,2026-08-21,,,,,,,,,,,,,,,,,,,,,,,
HONEST CO INC/THE COMMON STOCK USD.001,HNST,COMMON STOCK,438333106,US4383331067,BMF1LH5,2516051.0,12479612.96,0.040228758286154964,0,,CONSUMER STAPLES,UNITED STATES,AVUV,2026-08-21,,,,,,,,,,,,,,,,,,,,,,,
CALIFORNIA BANCORP COMMON STOCK USD.01,BCAL,COMMON STOCK,84252A106,US84252A1060,BLBCWZ0,587114.0,12446816.8,0.040123037956719836,0,,FINANCIALS,UNITED STATES,AVUV,2026-08-21,,,,,,,,,,,,,,,,,,,,,,,
EVERQUOTE INC   CLASS A COMMON STOCK USD.001,EVER,COMMON STOCK,30041R108,US30041R1086,BG88WS9,497255.0,12386622.05,0.03992899667870848,0,,COMMUNICATION SERVICES,UNITED STATES,AVUV,2026-08-21,,,,,,,,,,,,,,,,,,,,,,,
FLEXSTEEL INDS COMMON STOCK USD1.0,FLXS,COMMON STOCK,339382103,US3393821034,2342926,153515.0,12285805.45,0.03960400850434509,0,,CONSUMER DISCRETIONARY,UNITED STATES,AVUV,2026-08-21,,,,,,,,,,,,,,,,,,,,,,,
DAUCH CORPORATION COMMON STOCK,DCH,COMMON STOCK,024061103,US0240611030,2382416,1916757.0,12190574.52,0.03929702606213194,0,,CONSUMER DISCRETIONARY,UNITED STATES,AVUV,2026-08-21,,,,,,,,,,,,,,,,,,,,,,,
EXZEO GROUP INC COMMON STOCK,XZO,COMMON STOCK,30234F101,US30234F1012,BV3P7K7,752266.0,12171663.88,0.0392360665141047,0,,FINANCIALS,UNITED STATES,AVUV,2026-08-21,,,,,,,,,,,,,,,,,,,,,,,
STRATTEC SECURITY CORP COMMON STOCK USD.01,STRT,COMMON STOCK,863111100,US8631111007,2848714,152059.0,12075005.19,0.038924481604482114,0,,CONSUMER DISCRETIONARY,UNITED STATES,AVUV,2026-08-21,,,,,,,,,,,,,,,,,,,,,,,
LOUISIANA PACIFIC CORP COMMON STOCK USD1.0,LPX,COMMON STOCK,546347105,US5463471053,2535243,163448.0,12054290.0,0.03885770498456347,0,,INDUSTRIALS,UNITED STATES,AVUV,2026-08-21,,,,,,,,,,,,,,,,,,,,,,,
ARHAUS INC COMMON STOCK USD.001,ARHS,COMMON STOCK,04035M102,US04035M1027,BNV08M7,1245379.0,12017907.35,0.03874042339599569,0,,CONSUMER DISCRETIONARY,UNITED STATES,AVUV,2026-08-21,,,,,,,,,,,,,,,,,,,,,,,
HILLTOP HOLDINGS INC COMMON STOCK USD.01,HTH,COMMON STOCK,432748101,US4327481010,2365428,302468.0,11684338.84,0.03766514590111873,0,,FINANCIALS,UNITED STATES,AVUV,2026-08-21,,,,,,,,,,,,,,,,,,,,,,,
GAP INC/THE COMMON STOCK USD.05,GAP,COMMON STOCK,364760108,US3647601083,2360326,593423.0,11660761.95,0.037589144424791755,0,,CONSUMER DISCRETIONARY,UNITED STATES,AVUV,2026-08-21,,,,,,,,,,,,,,,,,,,,,,,
ANDERSONS INC/THE COMMON STOCK,ANDE,COMMON STOCK,034164103,US0341641035,2274922,171580.0,11550765.6,0.03723456479233901,0,,CONSUMER STAPLES,UNITED STATES,AVUV,2026-08-21,,,,,,,,,,,,,,,,,,,,,,,
HYSTER YALE INC COMMON STOCK USD.01,HY,COMMON STOCK,449172105,US4491721050,B7LG306,348170.0,11465238.1,0.03695886192115645,0,,INDUSTRIALS,UNITED STATES,AVUV,2026-08-21,,,,,,,,,,,,,,,,,,,,,,,
COLLEGIUM PHARMACEUTICAL INC COMMON STOCK USD.001,COLL,COMMON STOCK,19459J104,US19459J1043,BX7RSN3,415258.0,11436205.32,0.036865273066058246,0,,HEALTH CARE,UNITED STATES,AVUV,2026-08-21,,,,,,,,,,,,,,,,,,,,,,,
AZENTA INC COMMON STOCK USD.01,AZTA,COMMON STOCK,114340102,US1143401024,2145460,313090.0,11430915.9,0.03684822231301518,0,,HEALTH CARE,UNITED STATES,AVUV,2026-08-21,,,,,,,,,,,,,,,,,,,,,,,
KARAT PACKAGING INC COMMON STOCK USD.001,KRT,COMMON STOCK,48563L101,US48563L1017,BKDZ6W5,241479.0,11373660.9,0.036663657490127136,0,,INDUSTRIALS,UNITED STATES,AVUV,2026-08-21,,,,,,,,,,,,,,,,,,,,,,,
RANGER ENERGY SERVICES CL A COMMON STOCK,RNGR,COMMON STOCK,75282U104,US75282U1043,BF8G134,651411.0,11334551.4,0.03653758574196994,0,,ENERGY,UNITED STATES,AVUV,2026-08-21,,,,,,,,,,,,,,,,,,,,,,,
CORMEDIX INC COMMON STOCK USD.001,CRMD,COMMON STOCK,21900C308,US21900C3088,BJ0LT31,1373102.0,11300629.46,0.03642823639522085,0,,HEALTH CARE,UNITED STATES,AVUV,2026-08-21,,,,,,,,,,,,,,,,,,,,,,,
MID PENN BANCORP INC COMMON STOCK USD1.0,MPB,COMMON STOCK,59540G107,US59540G1076,2618348,301621.0,11226333.62,0.03618873943336741,0,,FINANCIALS,UNITED STATES,AVUV,2026-08-21,,,,,,,,,,,,,,,,,,,,,,,
RED RIVER BANCSHARES INC COMMON STOCK,RRBI,COMMON STOCK,75686R202,US75686R2022,BJRFD78,111214.0,11211483.34,0.036140868691981715,0,,FINANCIALS,UNITED STATES,AVUV,2026-08-21,,,,,,,,,,,,,,,,,,,,,,,
FIRST BANK/HAMILTON NJ COMMON STOCK USD.01,FRBA,COMMON STOCK,31931U102,US31931U1025,B1VQ1H7,615937.0,11197734.66,0.03609654902227349,0,,FINANCIALS,UNITED STATES,AVUV,2026-08-21,,,,,,,,,,,,,,,,,,,,,,,
ORANGE COUNTY BANCORP INC COMMON STOCK USD.25,OBT,COMMON STOCK,68417L107,US68417L1070,B02VKG6,291155.0,11104651.7,0.03579649068629767,0,,FINANCIALS,UNITED STATES,AVUV,2026-08-21,,,,,,,,,,,,,,,,,,,,,,,
NORTHPOINTE BANCSHARES INC COMMON STOCK NPV,NPB,COMMON STOCK,66661N886,US66661N8864,BSNQ293,627839.0,10874171.48,0.03505352429063793,0,,FINANCIALS,UNITED STATES,AVUV,2026-08-21,,,,,,,,,,,,,,,,,,,,,,,
FIRST INTERSTATE BANCSYS A COMMON STOCK USD.00001,FIBK,COMMON STOCK,32055Y201,US32055Y2019,B4RGHN0,287539.0,10871849.59,0.03504603954316408,0,,FINANCIALS,UNITED STATES,AVUV,2026-08-21,,,,,,,,,,,,,,,,,,,,,,,
WASHINGTON TRUST BANCORP COMMON STOCK USD.0625,WASH,COMMON STOCK,940610108,US9406101082,2942025,276059.0,10868442.83,0.0350350576541409,0,,FINANCIALS,UNITED STATES,AVUV,2026-08-21,,,,,,,,,,,,,,,,,,,,,,,
WEST BANCORPORATION COMMON STOCK,WTBA,COMMON STOCK,95123P106,US95123P1066,2408840,381639.0,10861445.94,0.03501250277223334,0,,FINANCIALS,UNITED STATES,AVUV,2026-08-21,,,,,,,,,,,,,,,,,,,,,,,
DOLE PLC COMMON STOCK USD.01,DOLE,COMMON STOCK,G27907107,IE0003LFZ4U7,BMCLHR0,794105.0,10617183.85,0.034225109716969786,0,,CONSUMER STAPLES,UNITED STATES,AVUV,2026-08-21,,,,,,,,,,,,,,,,,,,,,,,
CALEDONIA MINING CORP PLC COMMON STOCK,CMCL,COMMON STOCK,G1757E113,JE00BF0XVB15,BF0XVC2,428009.0,10601782.93,0.03417546395551467,0,,MATERIALS,UNITED STATES,AVUV,2026-08-21,,,,,,,,,,,,,,,,,,,,,,,
NU SKIN ENTERPRISES INC   A COMMON STOCK USD.001,NUS,COMMON STOCK,67018T105,US67018T1051,2616870,2276823.0,10587226.95,0.03412854190729771,0,,CONSUMER STAPLES,UNITED STATES,AVUV,2026-08-21,,,,,,,,,,,,,,,,,,,,,,,
ARROW ELECTRONICS INC COMMON STOCK USD1.0,ARW,COMMON STOCK,042735100,US0427351004,2051404,51107.0,10560750.48,0.03404319346617902,0,,INFORMATION TECHNOLOGY,UNITED STATES,AVUV,2026-08-21,,,,,,,,,,,,,,,,,,,,,,,
NORTHWEST BANCSHARES INC COMMON STOCK USD.01,NWBI,COMMON STOCK,667340103,US6673401039,B523Z73,689707.0,10559414.17,0.03403888579316402,0,,FINANCIALS,UNITED STATES,AVUV,2026-08-21,,,,,,,,,,,,,,,,,,,,,,,
CRICUT INC   CLASS A COMMON STOCK USD.001,CRCT,COMMON STOCK,22658D100,US22658D1000,BMXDS27,1952822.0,10545238.8,0.03399319066342125,0,,CONSUMER DISCRETIONARY,UNITED STATES,AVUV,2026-08-21,,,,,,,,,,,,,,,,,,,,,,,
CAPITAL BANCORP INC/MD COMMON STOCK USD.01,CBNK,COMMON STOCK,139737100,US1397371006,BGQT8S6,285499.0,10466393.34,0.03373902773685716,0,,FINANCIALS,UNITED STATES,AVUV,2026-08-21,,,,,,,,,,,,,,,,,,,,,,,
DLOCAL LTD COMMON STOCK USD.002,DLO,COMMON STOCK,G29018101,KYG290181018,BKVF490,729017.0,10454103.78,0.03369941162534249,0,,FINANCIALS,UNITED STATES,AVUV,2026-08-21,,,,,,,,,,,,,,,,,,,,,,,
SHOE STATION GROUP INC COMMON STOCK,SHOE,COMMON STOCK,824889109,US8248891090,2805474,680426.0,10403713.54,0.03353697575562131,0,,CONSUMER DISCRETIONARY,UNITED STATES,AVUV,2026-08-21,,,,,,,,,,,,,,,,,,,,,,,
FOSTER (LB) CO A COMMON STOCK USD.01,FSTR,COMMON STOCK,350060109,US3500601097,2348225,271565.0,10305891.75,0.03322164152549396,0,,INDUSTRIALS,UNITED STATES,AVUV,2026-08-21,,,,,,,,,,,,,,,,,,,,,,,
FOSSIL GROUP INC COMMON STOCK USD.01,FOSL,COMMON STOCK,34988V106,US34988V1061,BBGT609,1844197.0,10290619.26,0.0331724097656143,0,,CONSUMER DISCRETIONARY,UNITED STATES,AVUV,2026-08-21,,,,,,,,,,,,,,,,,,,,,,,
BANKWELL FINANCIAL GROUP INC COMMON STOCK,BWFG,COMMON STOCK,06654A103,US06654A1034,BCRXSS9,155359.0,10263015.54,0.033083427568551135,0,,FINANCIALS,UNITED STATES,AVUV,2026-08-21,,,,,,,,,,,,,,,,,,,,,,,
PUBMATIC INC CLASS A COMMON STOCK USD.0001,PUBM,COMMON STOCK,74467Q103,US74467Q1031,BNHP503,605735.0,9927996.65,0.032003474689379,0,,COMMUNICATION SERVICES,UNITED STATES,AVUV,2026-08-21,,,,,,,,,,,,,,,,,,,,,,,
MAGNERA CORP COMMON STOCK USD.01,MAGN,COMMON STOCK,55939A107,US55939A1079,BT9NC28,810317.0,9731907.17,0.03137136884453734,0,,MATERIALS,UNITED STATES,AVUV,2026-08-21,,,,,,,,,,,,,,,,,,,,,,,
NATURES SUNSHINE PRODS INC COMMON STOCK,NATR,COMMON STOCK,639027101,US6390271012,2627816,675761.0,9676897.52,0.031194042037980988,0,,CONSUMER STAPLES,UNITED STATES,AVUV,2026-08-21,,,,,,,,,,,,,,,,,,,,,,,
MERITAGE HOMES CORP COMMON STOCK USD.01,MTH,COMMON STOCK,59001A102,US59001A1025,2601326,135827.0,9650508.35,0.03110897501349033,0,,CONSUMER DISCRETIONARY,UNITED STATES,AVUV,2026-08-21,,,,,,,,,,,,,,,,,,,,,,,
UNIVERSAL TECHNICAL INSTITUT COMMON STOCK USD.0001,UTI,COMMON STOCK,913915104,US9139151040,2002543,420356.0,9634559.52,0.03105756303227958,0,,CONSUMER DISCRETIONARY,UNITED STATES,AVUV,2026-08-21,,,,,,,,,,,,,,,,,,,,,,,
DESIGNER BRANDS INC CLASS A COMMON STOCK,DBI,COMMON STOCK,250565108,US2505651081,BJ9J282,1671018.0,9591643.32,0.03091922016524564,0,,CONSUMER DISCRETIONARY,UNITED STATES,AVUV,2026-08-21,,,,,,,,,,,,,,,,,,,,,,,
HINGHAM INSTITUTION FOR SVGS COMMON STOCK USD1.0,HIFS,COMMON STOCK,433323102,US4333231029,2428439,31791.0,9502329.9,0.03063131316072506,0,,FINANCIALS,UNITED STATES,AVUV,2026-08-21,,,,,,,,,,,,,,,,,,,,,,,
JEFFERSON CAPITAL INC COMMON STOCK USD.0001,JCAP,COMMON STOCK,47248R103,US47248R1032,BV4K5N0,425297.0,9501134.98,0.030627461266599387,0,,FINANCIALS,UNITED STATES,AVUV,2026-08-21,,,,,,,,,,,,,,,,,,,,,,,
UFP INDUSTRIES INC COMMON STOCK,UFPI,COMMON STOCK,90278Q108,US90278Q1085,BMQ60Q1,107750.0,9494930.0,0.030607459152640362,0,,INDUSTRIALS,UNITED STATES,AVUV,2026-08-21,,,,,,,,,,,,,,,,,,,,,,,
SOUTHERN FIRST BANCSHARES COMMON STOCK USD.01,SFST,COMMON STOCK,842873101,US8428731017,2508030,150019.0,9424193.58,0.030379436188199972,0,,FINANCIALS,UNITED STATES,AVUV,2026-08-21,,,,,,,,,,,,,,,,,,,,,,,
COLONY BANKCORP COMMON STOCK USD1.0,CBAN,COMMON STOCK,19623P101,US19623P1012,2492917,439184.0,9389753.92,0.030268417940916337,0,,FINANCIALS,UNITED STATES,AVUV,2026-08-21,,,,,,,,,,,,,,,,,,,,,,,
ACCO BRANDS CORP COMMON STOCK USD.01,ACCO,COMMON STOCK,00081T108,US00081T1088,B0G7SZ5,2214738.0,9202236.39,0.029663944275509748,0,,INDUSTRIALS,UNITED STATES,AVUV,2026-08-21,,,,,,,,,,,,,,,,,,,,,,,
GREENLIGHT CAPITAL RE LTD A COMMON STOCK USD.01,GLRE,COMMON STOCK,G4095J109,KYG4095J1094,B1XRCZ3,590050.0,9074969.0,0.029253690441001415,0,,FINANCIALS,UNITED STATES,AVUV,2026-08-21,,,,,,,,,,,,,,,,,,,,,,,
STEVEN MADDEN LTD COMMON STOCK USD.0001,SHOO,COMMON STOCK,556269108,US5562691080,2553911,198387.0,9068269.77,0.029232095083418036,0,,CONSUMER DISCRETIONARY,UNITED STATES,AVUV,2026-08-21,,,,,,,,,,,,,,,,,,,,,,,
ROCKY BRANDS INC COMMON STOCK,RCKY,COMMON STOCK,774515100,US7745151008,2746915,193855.0,8990994.9,0.02898299504507646,0,,CONSUMER DISCRETIONARY,UNITED STATES,AVUV,2026-08-21,,,,,,,,,,,,,,,,,,,,,,,
PARKE BANCORP INC COMMON STOCK USD.1,PKBK,COMMON STOCK,700885106,US7008851062,2095145,261946.0,8945455.9,0.02883619742968045,0,,FINANCIALS,UNITED STATES,AVUV,2026-08-21,,,,,,,,,,,,,,,,,,,,,,,
LAMB WESTON HOLDINGS INC COMMON STOCK USD1.0,LW,COMMON STOCK,513272104,US5132721045,BDQZFJ3,165690.0,8859444.3,0.02855893403398893,0,,CONSUMER STAPLES,UNITED STATES,AVUV,2026-08-21,,,,,,,,,,,,,,,,,,,,,,,
INFUSYSTEM HOLDINGS INC COMMON STOCK USD.0001,INFU,COMMON STOCK,45685K102,US45685K1025,B17FVR8,724906.0,8843853.2,0.028508675216241487,0,,HEALTH CARE,UNITED STATES,AVUV,2026-08-21,,,,,,,,,,,,,,,,,,,,,,,
REGIONAL MANAGEMENT CORP COMMON STOCK USD.1,RM,COMMON STOCK,75902K106,US75902K1060,B719DK5,264971.0,8831483.43,0.028468800543126196,0,,FINANCIALS,UNITED STATES,AVUV,2026-08-21,,,,,,,,,,,,,,,,,,,,,,,
COMMUNITY WEST BANCSHARES COMMON STOCK,CWBC,COMMON STOCK,203937107,US2039371073,BNK9G76,331618.0,8628700.36,0.027815117521569212,0,,FINANCIALS,UNITED STATES,AVUV,2026-08-21,,,,,,,,,,,,,,,,,,,,,,,
KYNDRYL HOLDINGS INC COMMON STOCK USD.01,KD,COMMON STOCK,50155Q100,US50155Q1004,BP6JW21,696612.0,8575293.72,0.027642958110991177,0,,INFORMATION TECHNOLOGY,UNITED STATES,AVUV,2026-08-21,,,,,,,,,,,,,,,,,,,,,,,
STANDARD MOTOR PRODS COMMON STOCK USD2.0,SMP,COMMON STOCK,853666105,US8536661056,2838306,222800.0,8515416.0,0.0274499387976257,0,,CONSUMER DISCRETIONARY,UNITED STATES,AVUV,2026-08-21,,,,,,,,,,,,,,,,,,,,,,,
MARZETTI COMPANY/THE COMMON STOCK,MZTI,COMMON STOCK,513847103,US5138471033,2503206,75343.0,8505471.27,0.027417881382009256,0,,CONSUMER STAPLES,UNITED STATES,AVUV,2026-08-21,,,,,,,,,,,,,,,,,,,,,,,
BAR HARBOR BANKSHARES COMMON STOCK USD2.0,BHB,COMMON STOCK,066849100,US0668491006,2618111,214492.0,8446694.96,0.027228412527845202,0,,FINANCIALS,UNITED STATES,AVUV,2026-08-21,,,,,,,,,,,,,,,,,,,,,,,
HEARTLAND EXPRESS INC COMMON STOCK USD.01,HTLD,COMMON STOCK,422347104,US4223471040,2414018,675436.0,8348388.96,0.02691151741861749,0,,INDUSTRIALS,UNITED STATES,AVUV,2026-08-21,,,,,,,,,,,,,,,,,,,,,,,
DONEGAL GROUP INC CL A COMMON STOCK USD.01,DGICA,COMMON STOCK,257701201,US2577012014,2752730,446628.0,8338544.76,0.02687978406730364,0,,FINANCIALS,UNITED STATES,AVUV,2026-08-21,,,,,,,,,,,,,,,,,,,,,,,
OCEANFIRST FINANCIAL CORP COMMON STOCK USD.01,OCFC,COMMON STOCK,675234108,US6752341080,2125901,433977.0,8280281.16,0.026691967963647714,0,,FINANCIALS,UNITED STATES,AVUV,2026-08-21,,,,,,,,,,,,,,,,,,,,,,,
PLUMAS BANCORP COMMON STOCK,PLBC,COMMON STOCK,729273102,US7292731020,2025056,129861.0,8003333.43,0.025799210846597722,0,,FINANCIALS,UNITED STATES,AVUV,2026-08-21,,,,,,,,,,,,,,,,,,,,,,,
BOWHEAD SPECIALTY HOLDINGS I COMMON STOCK USD.01,BOW,COMMON STOCK,10240L102,US10240L1026,BNRR231,238752.0,7995804.48,0.025774940838331494,0,,FINANCIALS,UNITED STATES,AVUV,2026-08-21,,,,,,,,,,,,,,,,,,,,,,,
TITAN AMERICA SA COMMON STOCK,TTAM,COMMON STOCK,B9151N105,BE6360403164,BNM4XQ7,528691.0,7903930.45,0.025478779558531277,0,,MATERIALS,UNITED STATES,AVUV,2026-08-21,,,,,,,,,,,,,,,,,,,,,,,
RCI HOSPITALITY HOLDINGS INC COMMON STOCK USD.01,RICK,COMMON STOCK,74934Q108,US74934Q1085,BQ0QT80,256157.0,7887074.03,0.02542444190816316,0,,CONSUMER DISCRETIONARY,UNITED STATES,AVUV,2026-08-21,,,,,,,,,,,,,,,,,,,,,,,
MONTE ROSA THERAPEUTICS INC COMMON STOCK USD.0001,GLUE,COMMON STOCK,61225M102,US61225M1027,BP7KZP7,523853.0,7742547.34,0.024958551716172134,0,,HEALTH CARE,UNITED STATES,AVUV,2026-08-21,,,,,,,,,,,,,,,,,,,,,,,
FARMERS + MERCHANTS BANCO/OH COMMON STOCK,FMAO,COMMON STOCK,30779N105,US30779N1054,2120865,227771.0,7684993.54,0.024773023694103596,0,,FINANCIALS,UNITED STATES,AVUV,2026-08-21,,,,,,,,,,,,,,,,,,,,,,,
GENESCO INC COMMON STOCK USD1.0,GCO,COMMON STOCK,371532102,US3715321028,2367101,224581.0,7669441.15,0.024722889660292825,0,,CONSUMER DISCRETIONARY,UNITED STATES,AVUV,2026-08-21,,,,,,,,,,,,,,,,,,,,,,,
REPUBLIC AIRWAYS HOLDINGS IN COMMON STOCK,RJET,COMMON STOCK,590479408,US5904794089,BTZ9W97,410564.0,7620067.84,0.02456373192357906,0,,INDUSTRIALS,UNITED STATES,AVUV,2026-08-21,,,,,,,,,,,,,,,,,,,,,,,
AMERICAN INTEGRITY INSURANCE COMMON STOCK USD.001,AII,COMMON STOCK,026948109,US0269481091,BTRVNC1,294737.0,7533477.72,0.0242846036350164,0,,FINANCIALS,UNITED STATES,AVUV,2026-08-21,,,,,,,,,,,,,,,,,,,,,,,
HIGHPEAK ENERGY INC COMMON STOCK USD.0001,HPK,COMMON STOCK,43114Q105,US43114Q1058,BN0VNB5,903119.0,7504918.89,0.024192542585311744,0,,ENERGY,UNITED STATES,AVUV,2026-08-21,,,,,,,,,,,,,,,,,,,,,,,
MOTORCAR PARTS OF AMERICA IN COMMON STOCK USD.01,MPAA,COMMON STOCK,620071100,US6200711009,2861993,636165.0,7487662.05,0.024136914157782144,0,,CONSUMER DISCRETIONARY,UNITED STATES,AVUV,2026-08-21,,,,,,,,,,,,,,,,,,,,,,,
CHOICEONE FINANCIAL SVCS INC COMMON STOCK,COFS,COMMON STOCK,170386106,US1703861062,2713395,224984.0,7478468.16,0.02410727711858029,0,,FINANCIALS,UNITED STATES,AVUV,2026-08-21,,,,,,,,,,,,,,,,,,,,,,,
RAYONIER ADVANCED MATERIALS COMMON STOCK USD.01,RYAM,COMMON STOCK,75508B104,US75508B1044,BN458W9,870220.0,7466487.6,0.024068657086539425,0,,MATERIALS,UNITED STATES,AVUV,2026-08-21,,,,,,,,,,,,,,,,,,,,,,,
AMERICAN COASTAL INSURANCE C COMMON STOCK USD.0001,ACIC,COMMON STOCK,910710102,US9107101027,B292PW7,809266.0,7453339.86,0.02402627458187646,0,,FINANCIALS,UNITED STATES,AVUV,2026-08-21,,,,,,,,,,,,,,,,,,,,,,,
Q32 BIO INC COMMON STOCK USD.0001,QTTB,COMMON STOCK,746964105,US7469641051,BS2FKQ4,462988.0,7342989.68,0.02367055435783726,0,,HEALTH CARE,UNITED STATES,AVUV,2026-08-21,,,,,,,,,,,,,,,,,,,,,,,
SOUTHSIDE BANCSHARES INC COMMON STOCK USD1.25,SBSI,COMMON STOCK,84470P109,US84470P1093,2485876,228966.0,7320043.02,0.02359658446457427,0,,FINANCIALS,UNITED STATES,AVUV,2026-08-21,,,,,,,,,,,,,,,,,,,,,,,
EASTERN BANKSHARES INC COMMON STOCK USD.01,EBC,COMMON STOCK,27627N105,US27627N1054,BMXL9H3,321291.0,7306157.34,0.023551823167397082,0,,FINANCIALS,UNITED STATES,AVUV,2026-08-21,,,,,,,,,,,,,,,,,,,,,,,
UPWORK INC COMMON STOCK USD.0001,UPWK,COMMON STOCK,91688F104,US91688F1049,BGRFWV4,840640.0,7279942.4,0.023467317783445973,0,,INDUSTRIALS,UNITED STATES,AVUV,2026-08-21,,,,,,,,,,,,,,,,,,,,,,,
WATERSTONE FINANCIAL INC COMMON STOCK USD.01,WSBF,COMMON STOCK,94188P101,US94188P1012,BJ7BVV6,345556.0,7270498.24,0.023436873984341505,0,,FINANCIALS,UNITED STATES,AVUV,2026-08-21,,,,,,,,,,,,,,,,,,,,,,,
KINGSTONE COS INC COMMON STOCK USD.01,KINS,COMMON STOCK,496719105,US4967191051,B02NVQ9,367552.0,7211370.24,0.023246271437005472,0,,FINANCIALS,UNITED STATES,AVUV,2026-08-21,,,,,,,,,,,,,,,,,,,,,,,
FLOOR + DECOR HOLDINGS INC A COMMON STOCK USD.001,FND,COMMON STOCK,339750101,US3397501012,BYQHP96,130585.0,7142999.5,0.023025874379651094,0,,CONSUMER DISCRETIONARY,UNITED STATES,AVUV,2026-08-21,,,,,,,,,,,,,,,,,,,,,,,
ONITY GROUP INC COMMON STOCK USD.01,ONIT,COMMON STOCK,675746606,US6757466064,BMDNMR0,197528.0,7093230.48,0.02286544104873481,0,,FINANCIALS,UNITED STATES,AVUV,2026-08-21,,,,,,,,,,,,,,,,,,,,,,,
908 DEVICES INC COMMON STOCK,MASS,COMMON STOCK,65443P102,US65443P1021,BM8GQP0,681434.0,7052841.9,0.022735246111796555,0,,INFORMATION TECHNOLOGY,UNITED STATES,AVUV,2026-08-21,,,,,,,,,,,,,,,,,,,,,,,
STONERIDGE INC COMMON STOCK,SRI,COMMON STOCK,86183P102,US86183P1021,2111977,980838.0,6944333.04,0.022385461489882588,0,,CONSUMER DISCRETIONARY,UNITED STATES,AVUV,2026-08-21,,,,,,,,,,,,,,,,,,,,,,,
MGP INGREDIENTS INC COMMON STOCK,MGPI,COMMON STOCK,55303J106,US55303J1060,B6ZJTH3,390364.0,6936768.28,0.022361076045998376,0,,CONSUMER STAPLES,UNITED STATES,AVUV,2026-08-21,,,,,,,,,,,,,,,,,,,,,,,
EQUIPMENTSHARE.COM INC A COMMON STOCK USD.0000013,EQPT,COMMON STOCK,29445S100,US29445S1006,BVMZK21,369593.0,6752464.11,0.02176696083346534,0,,INDUSTRIALS,UNITED STATES,AVUV,2026-08-21,,,,,,,,,,,,,,,,,,,,,,,
CITI TRENDS INC COMMON STOCK USD.01,CTRN,COMMON STOCK,17306X102,US17306X1028,B06FLD8,95451.0,6695887.65,0.02158458332373636,0,,CONSUMER DISCRETIONARY,UNITED STATES,AVUV,2026-08-21,,,,,,,,,,,,,,,,,,,,,,,
HBT FINANCIAL INC/DE COMMON STOCK USD.01,HBT,COMMON STOCK,404111106,US4041111067,BJBZRJ4,186803.0,6624034.38,0.02135296012835644,0,,FINANCIALS,UNITED STATES,AVUV,2026-08-21,,,,,,,,,,,,,,,,,,,,,,,
TIMBERLAND BANCORP INC COMMON STOCK USD.01,TSBK,COMMON STOCK,887098101,US8870981011,2147734,141486.0,6555046.38,0.02113057329748751,0,,FINANCIALS,UNITED STATES,AVUV,2026-08-21,,,,,,,,,,,,,,,,,,,,,,,
VELOCITY FINANCIAL INC COMMON STOCK,VEL,COMMON STOCK,92262D101,US92262D1019,BKFVZS0,352415.0,6456242.8,0.020812074210186746,0,,FINANCIALS,UNITED STATES,AVUV,2026-08-21,,,,,,,,,,,,,,,,,,,,,,,
PROG HOLDINGS INC COMMON STOCK USD.5,PRG,COMMON STOCK,74319R101,US74319R1014,BLFGN66,168724.0,6445256.8,0.020776660200157088,0,,FINANCIALS,UNITED STATES,AVUV,2026-08-21,,,,,,,,,,,,,,,,,,,,,,,
AERSALE CORP COMMON STOCK USD.0001,ASLE,COMMON STOCK,00810F106,US00810F1066,BN2RY85,1159090.0,6427154.05,0.020718304932537897,0,,INDUSTRIALS,UNITED STATES,AVUV,2026-08-21,,,,,,,,,,,,,,,,,,,,,,,
WORTHINGTON STEEL INC COMMON STOCK USD.0001,WS,COMMON STOCK,982104101,US9821041012,BS70KN1,187908.0,6379476.6,0.0205646138991783,0,,MATERIALS,UNITED STATES,AVUV,2026-08-21,,,,,,,,,,,,,,,,,,,,,,,
FIRSTSUN CAPITAL BANCORP COMMON STOCK,FSUN,COMMON STOCK,33767U107,US33767U1079,BPQYJV4,157998.0,6307280.16,0.020331884475341996,0,,FINANCIALS,UNITED STATES,AVUV,2026-08-21,,,,,,,,,,,,,,,,,,,,,,,
PC CONNECTION INC COMMON STOCK USD.01,CNXN,COMMON STOCK,69318J100,US69318J1007,2157175,80918.0,6301893.84,0.02031452135951249,0,,INFORMATION TECHNOLOGY,UNITED STATES,AVUV,2026-08-21,,,,,,,,,,,,,,,,,,,,,,,
OPORTUN FINANCIAL CORP COMMON STOCK USD.0001,OPRT,COMMON STOCK,68376D104,US68376D1046,BKTC5L2,851647.0,6242572.51,0.02012329560167591,0,,FINANCIALS,UNITED STATES,AVUV,2026-08-21,,,,,,,,,,,,,,,,,,,,,,,
LANDS  END INC COMMON STOCK USD.01,LE,COMMON STOCK,51509F105,US51509F1057,BKWQKM7,509771.0,6142740.55,0.01980148147162671,0,,CONSUMER DISCRETIONARY,UNITED STATES,AVUV,2026-08-21,,,,,,,,,,,,,,,,,,,,,,,
NB BANCORP INC COMMON STOCK USD.01,NBBK,COMMON STOCK,63945M107,US63945M1071,BQT2053,275933.0,6065007.34,0.01955090394763458,0,,FINANCIALS,UNITED STATES,AVUV,2026-08-21,,,,,,,,,,,,,,,,,,,,,,,
PONCE FINANCIAL GROUP INC COMMON STOCK USD.01,PDLB,COMMON STOCK,732344106,US7323441060,BMF8HX4,294273.0,5976684.63,0.019266190554426254,0,,FINANCIALS,UNITED STATES,AVUV,2026-08-21,,,,,,,,,,,,,,,,,,,,,,,
ASBURY AUTOMOTIVE GROUP COMMON STOCK USD.01,ABG,COMMON STOCK,043436104,US0434361046,2855855,27486.0,5919659.82,0.01908236776239282,0,,CONSUMER DISCRETIONARY,UNITED STATES,AVUV,2026-08-21,,,,,,,,,,,,,,,,,,,,,,,
BK TECHNOLOGIES CORP COMMON STOCK USD.6,BKTI,COMMON STOCK,05587G203,US05587G2030,BM8NGX9,74071.0,5779760.13,0.018631392974043447,0,,INFORMATION TECHNOLOGY,UNITED STATES,AVUV,2026-08-21,,,,,,,,,,,,,,,,,,,,,,,
FRANKLIN FINANCIAL SERVICES COMMON STOCK USD1.0,FRAF,COMMON STOCK,353525108,US3535251082,B019C32,92863.0,5766792.3,0.01858959041973042,0,,FINANCIALS,UNITED STATES,AVUV,2026-08-21,,,,,,,,,,,,,,,,,,,,,,,
COSTAMARE BULKERS HOLDING COMMON STOCK USD.0001,CMDB,COMMON STOCK,Y2001C101,MHY2001C1012,BPK4SX5,284218.0,5636042.94,0.018168112252389127,0,,INDUSTRIALS,UNITED STATES,AVUV,2026-08-21,,,,,,,,,,,,,,,,,,,,,,,
XPERI INC COMMON STOCK USD.001,XPER,COMMON STOCK,98423J101,US98423J1016,BQV3RS6,913824.0,5620017.6,0.01811645363674297,0,,INFORMATION TECHNOLOGY,UNITED STATES,AVUV,2026-08-21,,,,,,,,,,,,,,,,,,,,,,,
AMPLIFY ENERGY CORP COMMON STOCK USD.01,AMPY,COMMON STOCK,03212B103,US03212B1035,BK598S5,1143875.0,5616426.25,0.01810487671111763,0,,ENERGY,UNITED STATES,AVUV,2026-08-21,,,,,,,,,,,,,,,,,,,,,,,
FIRST MERCHANTS CORP COMMON STOCK,FRME,COMMON STOCK,320817109,US3208171096,2342410,132465.0,5555582.1,0.017908742054432204,0,,FINANCIALS,UNITED STATES,AVUV,2026-08-21,,,,,,,,,,,,,,,,,,,,,,,
FIRST UNITED CORP COMMON STOCK USD.01,FUNC,COMMON STOCK,33741H107,US33741H1077,2420736,128123.0,5554132.05,0.017904067733911223,0,,FINANCIALS,UNITED STATES,AVUV,2026-08-21,,,,,,,,,,,,,,,,,,,,,,,
CORE MOLDING TECHNOLOGIES IN COMMON STOCK USD.01,CMT,COMMON STOCK,218683100,US2186831002,2761123,209442.0,5483191.56,0.01767538693795556,0,,MATERIALS,UNITED STATES,AVUV,2026-08-21,,,,,,,,,,,,,,,,,,,,,,,
BANK7 CORP COMMON STOCK USD.01,BSVN,COMMON STOCK,06652N107,US06652N1072,BFMN421,105287.0,5449655.12,0.017567280272880098,0,,FINANCIALS,UNITED STATES,AVUV,2026-08-21,,,,,,,,,,,,,,,,,,,,,,,
INVESTORS TITLE CO COMMON STOCK,ITIC,COMMON STOCK,461804106,US4618041069,2469892,18868.0,5437002.88,0.017526495041289194,0,,FINANCIALS,UNITED STATES,AVUV,2026-08-21,,,,,,,,,,,,,,,,,,,,,,,
BEAZER HOMES USA INC COMMON STOCK USD.001,BZH,COMMON STOCK,07556Q881,US07556Q8814,B8KHZT0,163511.0,5417119.43,0.017462399583640893,0,,CONSUMER DISCRETIONARY,UNITED STATES,AVUV,2026-08-21,,,,,,,,,,,,,,,,,,,,,,,
BAYCOM CORP COMMON STOCK,BCML,COMMON STOCK,07272M107,US07272M1071,BYSTY59,178610.0,5370802.7,0.017313094910351164,0,,FINANCIALS,UNITED STATES,AVUV,2026-08-21,,,,,,,,,,,,,,,,,,,,,,,
SIMPLY GOOD FOODS CO/THE COMMON STOCK USD.0001,SMPL,COMMON STOCK,82900L102,US82900L1026,BF27XF9,488669.0,5370472.31,0.01731202987896816,0,,CONSUMER STAPLES,UNITED STATES,AVUV,2026-08-21,,,,,,,,,,,,,,,,,,,,,,,
ALERUS FINANCIAL CORP COMMON STOCK USD1.0,ALRS,COMMON STOCK,01446U103,US01446U1034,2679141,161595.0,5266381.05,0.016976485647615544,0,,FINANCIALS,UNITED STATES,AVUV,2026-08-21,,,,,,,,,,,,,,,,,,,,,,,
MANITOWOC COMPANY INC COMMON STOCK USD.01,MTW,COMMON STOCK,563571405,US5635714059,BDFCGV4,271709.0,5186924.81,0.01672035383619383,0,,INDUSTRIALS,UNITED STATES,AVUV,2026-08-21,,,,,,,,,,,,,,,,,,,,,,,
HAMILTON BEACH BRAND A COMMON STOCK USD.01,HBB,COMMON STOCK,40701T104,US40701T1043,BF22688,154116.0,5186003.4,0.016717383617462587,0,,CONSUMER DISCRETIONARY,UNITED STATES,AVUV,2026-08-21,,,,,,,,,,,,,,,,,,,,,,,
CIVISTA BANCSHARES INC COMMON STOCK,CIVB,COMMON STOCK,178867107,US1788671071,BWT3JH3,187828.0,5172783.12,0.016674767275890144,0,,FINANCIALS,UNITED STATES,AVUV,2026-08-21,,,,,,,,,,,,,,,,,,,,,,,
AMES NATIONAL CORP COMMON STOCK USD2.0,ATLO,COMMON STOCK,031001100,US0310011004,B00MZ00,161507.0,5124617.11,0.01651950134095216,0,,FINANCIALS,UNITED STATES,AVUV,2026-08-21,,,,,,,,,,,,,,,,,,,,,,,
MERIDIAN CORP COMMON STOCK,MRBK,COMMON STOCK,58958P104,US58958P1049,BF5R077,259223.0,5078178.57,0.01636980400604203,0,,FINANCIALS,UNITED STATES,AVUV,2026-08-21,,,,,,,,,,,,,,,,,,,,,,,
BARNES + NOBLE EDUCATION INC COMMON STOCK USD.01,BNED,COMMON STOCK,06777U200,US06777U2006,BNNRMX5,421193.0,5066951.79,0.016333613827676768,0,,CONSUMER DISCRETIONARY,UNITED STATES,AVUV,2026-08-21,,,,,,,,,,,,,,,,,,,,,,,
TREDEGAR CORP COMMON STOCK,TG,COMMON STOCK,894650100,US8946501009,2903345,643302.0,5056353.72,0.016299450332567078,0,,MATERIALS,UNITED STATES,AVUV,2026-08-21,,,,,,,,,,,,,,,,,,,,,,,
ARDENT HEALTH INC COMMON STOCK USD.01,ARDT,COMMON STOCK,03980N107,US03980N1072,BSF1W07,480484.0,5035472.32,0.016232137925045388,0,,HEALTH CARE,UNITED STATES,AVUV,2026-08-21,,,,,,,,,,,,,,,,,,,,,,,
UNIVERSAL LOGISTICS HOLDINGS COMMON STOCK,ULH,COMMON STOCK,91388P105,US91388P1057,B066PX9,258730.0,5021949.3,0.01618854568347327,0,,INDUSTRIALS,UNITED STATES,AVUV,2026-08-21,,,,,,,,,,,,,,,,,,,,,,,
PCB BANCORP COMMON STOCK,PCB,COMMON STOCK,69320M109,US69320M1099,BKLTT20,180700.0,4985513.0,0.016071091151009805,0,,FINANCIALS,UNITED STATES,AVUV,2026-08-21,,,,,,,,,,,,,,,,,,,,,,,
COMMERCIAL BANCGROUP INC COMMON STOCK USD.01,CBK,COMMON STOCK,20112C106,US20112C1062,BTLP0D9,146783.0,4980347.19,0.016054438861991847,0,,FINANCIALS,UNITED STATES,AVUV,2026-08-21,,,,,,,,,,,,,,,,,,,,,,,
HUDSON TECHNOLOGIES INC COMMON STOCK USD.01,HDSN,COMMON STOCK,444144109,US4441441098,2730532,877537.0,4887881.09,0.015756369010107314,0,,INDUSTRIALS,UNITED STATES,AVUV,2026-08-21,,,,,,,,,,,,,,,,,,,,,,,
CABLE ONE INC COMMON STOCK USD.01,CABO,COMMON STOCK,12685J105,US12685J1051,BZ07DS4,184449.0,4836252.78,0.01558994214972553,0,,COMMUNICATION SERVICES,UNITED STATES,AVUV,2026-08-21,,,,,,,,,,,,,,,,,,,,,,,
BANCFIRST CORP COMMON STOCK USD1.0,BANF,COMMON STOCK,05945F103,US05945F1030,2078782,42367.0,4776455.58,0.015397182397263712,0,,FINANCIALS,UNITED STATES,AVUV,2026-08-21,,,,,,,,,,,,,,,,,,,,,,,
TRUPANION INC COMMON STOCK USD.00001,TRUP,COMMON STOCK,898202106,US8982021060,BP3YM85,154957.0,4754080.76,0.015325055863503308,0,,FINANCIALS,UNITED STATES,AVUV,2026-08-21,,,,,,,,,,,,,,,,,,,,,,,
FVCBANKCORP INC COMMON STOCK USD.01,FVCB,COMMON STOCK,36120Q101,US36120Q1013,BY7RH33,253660.0,4700319.8,0.015151754281795307,0,,FINANCIALS,UNITED STATES,AVUV,2026-08-21,,,,,,,,,,,,,,,,,,,,,,,
FS BANCORP INC COMMON STOCK USD.01,FSBW,COMMON STOCK,30263Y104,US30263Y1047,B4Z5FD5,109793.0,4677181.8,0.015077167592912527,0,,FINANCIALS,UNITED STATES,AVUV,2026-08-21,,,,,,,,,,,,,,,,,,,,,,,
CITIZENS FINANCIAL SERVICES COMMON STOCK USD1.0,CZFS,COMMON STOCK,174615104,US1746151042,2651592,57752.0,4644993.36,0.014973406284247037,0,,FINANCIALS,UNITED STATES,AVUV,2026-08-21,,,,,,,,,,,,,,,,,,,,,,,
LOVESAC CO/THE COMMON STOCK USD.00001,LOVE,COMMON STOCK,54738L109,US54738L1098,BG88WJ0,284102.0,4622339.54,0.014900380377757861,0,,CONSUMER DISCRETIONARY,UNITED STATES,AVUV,2026-08-21,,,,,,,,,,,,,,,,,,,,,,,
ZUMIEZ INC COMMON STOCK,ZUMZ,COMMON STOCK,989817101,US9898171015,B081QB7,262870.0,4592338.9,0.014803671569651528,0,,CONSUMER DISCRETIONARY,UNITED STATES,AVUV,2026-08-21,,,,,,,,,,,,,,,,,,,,,,,
BOB S DISCOUNT FURNITURE COMMON STOCK,BOBS,COMMON STOCK,09681N106,US09681N1063,BV9C5G4,252361.0,4555116.05,0.014683681547511304,0,,CONSUMER DISCRETIONARY,UNITED STATES,AVUV,2026-08-21,,,,,,,,,,,,,,,,,,,,,,,
USCB FINANCIAL HOLDINGS INC COMMON STOCK,USCB,COMMON STOCK,90355N101,US90355N1019,BPCK3Z8,200645.0,4514512.5,0.014552793642273753,0,,FINANCIALS,UNITED STATES,AVUV,2026-08-21,,,,,,,,,,,,,,,,,,,,,,,
SUMMIT MIDSTREAM CORP COMMON STOCK USD.01,SMC,COMMON STOCK,86614G101,US86614G1013,BNM9H26,129407.0,4489128.83,0.014470967905520654,0,,ENERGY,UNITED STATES,AVUV,2026-08-21,,,,,,,,,,,,,,,,,,,,,,,
STURM RUGER + CO INC COMMON STOCK USD1.0,RGR,COMMON STOCK,864159108,US8641591081,2856289,117260.0,4452362.2,0.014352448535087672,0,,CONSUMER DISCRETIONARY,UNITED STATES,AVUV,2026-08-21,,,,,,,,,,,,,,,,,,,,,,,
ALARM.COM HOLDINGS INC COMMON STOCK,ALRM,COMMON STOCK,011642105,US0116421050,BYN7H26,76989.0,4392992.34,0.014161066337973214,0,,INFORMATION TECHNOLOGY,UNITED STATES,AVUV,2026-08-21,,,,,,,,,,,,,,,,,,,,,,,
PAYONEER GLOBAL INC COMMON STOCK USD.01,PAYO,COMMON STOCK,70451X104,US70451X1046,BLSPX60,616653.0,4372069.77,0.014093621216561757,0,,FINANCIALS,UNITED STATES,AVUV,2026-08-21,,,,,,,,,,,,,,,,,,,,,,,
JOHNSON OUTDOORS INC A COMMON STOCK USD.05,JOUT,COMMON STOCK,479167108,US4791671088,2476847,92373.0,4352615.76,0.014030910083732969,0,,CONSUMER DISCRETIONARY,UNITED STATES,AVUV,2026-08-21,,,,,,,,,,,,,,,,,,,,,,,
FIRST COMMUNITY CORP COMMON STOCK USD1.0,FCCO,COMMON STOCK,319835104,US3198351047,2863074,128095.0,4350106.2,0.014022820371097797,0,,FINANCIALS,UNITED STATES,AVUV,2026-08-21,,,,,,,,,,,,,,,,,,,,,,,
FIRST NATIONAL CORP/VA COMMON STOCK USD1.25,FXNC,COMMON STOCK,32106V107,US32106V1070,B018Y33,140012.0,4341772.12,0.013995954979444057,0,,FINANCIALS,UNITED STATES,AVUV,2026-08-21,,,,,,,,,,,,,,,,,,,,,,,
SIGA TECHNOLOGIES INC COMMON STOCK USD.0001,SIGA,COMMON STOCK,826917106,US8269171067,2107437,1415508.0,4204058.76,0.013552027953023339,0,,HEALTH CARE,UNITED STATES,AVUV,2026-08-21,,,,,,,,,,,,,,,,,,,,,,,
STOCK YARDS BANCORP INC COMMON STOCK,SYBT,COMMON STOCK,861025104,US8610251048,BLY2FB4,50906.0,4176837.3,0.01346427799330534,0,,FINANCIALS,UNITED STATES,AVUV,2026-08-21,,,,,,,,,,,,,,,,,,,,,,,
OAK VALLEY BANCORP COMMON STOCK,OVLY,COMMON STOCK,671807105,US6718071052,B019FQ6,121959.0,4160021.49,0.01341007125163441,0,,FINANCIALS,UNITED STATES,AVUV,2026-08-21,,,,,,,,,,,,,,,,,,,,,,,
ASTEC INDUSTRIES INC COMMON STOCK USD.2,ASTE,COMMON STOCK,046224101,US0462241011,2060370,99077.0,4148353.99,0.013372460386713508,0,,INDUSTRIALS,UNITED STATES,AVUV,2026-08-21,,,,,,,,,,,,,,,,,,,,,,,
COURSERA INC COMMON STOCK USD.00001,COUR,COMMON STOCK,22266M104,US22266M1045,BNSNZL7,694505.0,4062854.25,0.013096847001505676,0,,CONSUMER DISCRETIONARY,UNITED STATES,AVUV,2026-08-21,,,,,,,,,,,,,,,,,,,,,,,
MEDIFAST INC COMMON STOCK USD.001,MED,COMMON STOCK,58470H101,US58470H1014,2934033,349077.0,4056274.74,0.013075637568306129,0,,CONSUMER STAPLES,UNITED STATES,AVUV,2026-08-21,,,,,,,,,,,,,,,,,,,,,,,
MASTERCRAFT BOAT HOLDINGS IN COMMON STOCK USD.01,MCFT,COMMON STOCK,57637H103,US57637H1032,BDTYR13,158554.0,4014587.28,0.012941255616135095,0,,CONSUMER DISCRETIONARY,UNITED STATES,AVUV,2026-08-21,,,,,,,,,,,,,,,,,,,,,,,
SUPERIOR GROUP OF COS INC COMMON STOCK,SGC,COMMON STOCK,868358102,US8683581024,2864301,314762.0,3966001.2,0.012784635561117636,0,,CONSUMER DISCRETIONARY,UNITED STATES,AVUV,2026-08-21,,,,,,,,,,,,,,,,,,,,,,,
LIBERTY CAPITAL CORP COMMON STOCK,GLIBA,COMMON STOCK,36164V602,US36164V6020,BRJW0F0,150335.0,3926750.2,0.01265810767947972,0,,COMMUNICATION SERVICES,UNITED STATES,AVUV,2026-08-21,,,,,,,,,,,,,,,,,,,,,,,
CVR ENERGY INC COMMON STOCK USD.01,CVI,COMMON STOCK,12662P108,US12662P1084,B23PS12,109549.0,3925140.67,0.012652919265902163,0,,ENERGY,UNITED STATES,AVUV,2026-08-21,,,,,,,,,,,,,,,,,,,,,,,
EAGLE BANCORP MONTANA INC COMMON STOCK USD.01,EBMT,COMMON STOCK,26942G100,US26942G1004,B57M9P1,167906.0,3838331.16,0.01237308376091311,0,,FINANCIALS,UNITED STATES,AVUV,2026-08-21,,,,,,,,,,,,,,,,,,,,,,,
PEOPLES BANCORP OF NC COMMON STOCK,PEBK,COMMON STOCK,710577107,US7105771072,2620503,86200.0,3789352.0,0.012215196589651115,0,,FINANCIALS,UNITED STATES,AVUV,2026-08-21,,,,,,,,,,,,,,,,,,,,,,,
INTERNATIONAL MONEY EXPRESS COMMON STOCK USD.0001,IMXI,COMMON STOCK,46005L101,US46005L1017,BG216W6,268787.0,3776457.35,0.012173629935324797,0,,FINANCIALS,UNITED STATES,AVUV,2026-08-21,,,,,,,,,,,,,,,,,,,,,,,
CLEARWATER PAPER CORP COMMON STOCK USD.0001,CLW,COMMON STOCK,18538R103,US18538R1032,B3K9Z35,173348.0,3763385.08,0.012131490712596742,0,,MATERIALS,UNITED STATES,AVUV,2026-08-21,,,,,,,,,,,,,,,,,,,,,,,
LIFETIME BRANDS INC COMMON STOCK USD.01,LCUT,COMMON STOCK,53222Q103,US53222Q1031,2515773,401104.0,3730267.2,0.012024733300027925,0,,CONSUMER DISCRETIONARY,UNITED STATES,AVUV,2026-08-21,,,,,,,,,,,,,,,,,,,,,,,
TOWNE BANK COMMON STOCK USD1.667,TOWN,COMMON STOCK,89214P109,US89214P1093,B018PR4,98814.0,3704536.86,0.01194179005236485,0,,FINANCIALS,UNITED STATES,AVUV,2026-08-21,,,,,,,,,,,,,,,,,,,,,,,
MYERS INDUSTRIES INC COMMON STOCK,MYE,COMMON STOCK,628464109,US6284641098,2613086,110312.0,3696555.12,0.011916060449195898,0,,MATERIALS,UNITED STATES,AVUV,2026-08-21,,,,,,,,,,,,,,,,,,,,,,,
FIRST BANCORP INC/ME COMMON STOCK USD.01,FNLC,COMMON STOCK,31866P102,US31866P1021,2353047,104603.0,3665289.12,0.011815272679526563,0,,FINANCIALS,UNITED STATES,AVUV,2026-08-21,,,,,,,,,,,,,,,,,,,,,,,
EVOLUTION PETROLEUM CORP COMMON STOCK USD.001,EPM,COMMON STOCK,30049A107,US30049A1079,2367781,1030999.0,3660046.45,0.011798372627827838,0,,ENERGY,UNITED STATES,AVUV,2026-08-21,,,,,,,,,,,,,,,,,,,,,,,
PHOENIX EDUCATION PARTNERS I COMMON STOCK USD.01,PXED,COMMON STOCK,718968100,US7189681007,BSNRFP3,125925.0,3542270.25,0.011418714196364605,0,,CONSUMER DISCRETIONARY,UNITED STATES,AVUV,2026-08-21,,,,,,,,,,,,,,,,,,,,,,,
J. JILL INC COMMON STOCK USD.01,JILL,COMMON STOCK,46620W201,US46620W2017,BN941G6,169792.0,3450173.44,0.011121834772275803,0,,CONSUMER DISCRETIONARY,UNITED STATES,AVUV,2026-08-21,,,,,,,,,,,,,,,,,,,,,,,
UNDER ARMOUR INC CLASS A COMMON STOCK USD.000333,UAA,COMMON STOCK,904311107,US9043111072,B0PZN11,635900.0,3370270.0,0.01086426138564152,0,,CONSUMER DISCRETIONARY,UNITED STATES,AVUV,2026-08-21,,,,,,,,,,,,,,,,,,,,,,,
TITAN INTERNATIONAL INC COMMON STOCK,TWI,COMMON STOCK,88830M102,US88830M1027,2890265,502849.0,3354002.83,0.010811823216923684,0,,INDUSTRIALS,UNITED STATES,AVUV,2026-08-21,,,,,,,,,,,,,,,,,,,,,,,
CF BANKSHARES INC COMMON STOCK USD.01,CFBK,COMMON STOCK,12520L109,US12520L1098,BN2XDN1,96324.0,3325104.48,0.010718667704749954,0,,FINANCIALS,UNITED STATES,AVUV,2026-08-21,,,,,,,,,,,,,,,,,,,,,,,
SPRINKLR INC A COMMON STOCK USD.00003,CXM,COMMON STOCK,85208T107,US85208T1079,BNKCPP6,448732.0,3230870.4,0.010414898666496208,0,,INFORMATION TECHNOLOGY,UNITED STATES,AVUV,2026-08-21,,,,,,,,,,,,,,,,,,,,,,,
NERDWALLET INC CL A COMMON STOCK USD.0001,NRDS,COMMON STOCK,64082B102,US64082B1026,BMTW8S4,321348.0,3216693.48,0.010369198540238274,0,,FINANCIALS,UNITED STATES,AVUV,2026-08-21,,,,,,,,,,,,,,,,,,,,,,,
MIMEDX GROUP INC COMMON STOCK USD.001,MDXG,COMMON STOCK,602496101,US6024961012,B1Z3TW5,737457.0,3171065.1,0.010222112803213234,0,,HEALTH CARE,UNITED STATES,AVUV,2026-08-21,,,,,,,,,,,,,,,,,,,,,,,
CONDUENT INC COMMON STOCK USD.01,CNDT,COMMON STOCK,206787103,US2067871036,BYWLRV8,2020714.0,3132106.7,0.01009652813469517,0,,INDUSTRIALS,UNITED STATES,AVUV,2026-08-21,,,,,,,,,,,,,,,,,,,,,,,
TACTILE SYSTEMS TECHNOLOGY I COMMON STOCK USD.001,TCMD,COMMON STOCK,87357P100,US87357P1003,BZB1XF2,133582.0,3129826.26,0.010089177003707364,0,,HEALTH CARE,UNITED STATES,AVUV,2026-08-21,,,,,,,,,,,,,,,,,,,,,,,
LATHAM GROUP INC COMMON STOCK USD.0001,SWIM,COMMON STOCK,51819L107,US51819L1070,BNC0LQ1,435584.0,3088290.56,0.00995528425872385,0,,CONSUMER DISCRETIONARY,UNITED STATES,AVUV,2026-08-21,,,,,,,,,,,,,,,,,,,,,,,
C + F FINANCIAL CORP COMMON STOCK USD1.0,CFFI,COMMON STOCK,12466Q104,US12466Q1040,2494515,34255.0,3043214.2,0.00980997799027851,0,,FINANCIALS,UNITED STATES,AVUV,2026-08-21,,,,,,,,,,,,,,,,,,,,,,,
MAINSTREET BANCSHARES INC COMMON STOCK USD4.0,MNSB,COMMON STOCK,56064Y100,US56064Y1001,BD0R8C9,117587.0,2970247.62,0.00957476597535498,0,,FINANCIALS,UNITED STATES,AVUV,2026-08-21,,,,,,,,,,,,,,,,,,,,,,,
IMMERSION CORPORATION COMMON STOCK USD.001,IMMR,COMMON STOCK,452521107,US4525211078,2517854,382503.0,2952923.16,0.009518919570822081,0,,INFORMATION TECHNOLOGY,UNITED STATES,AVUV,2026-08-21,,,,,,,,,,,,,,,,,,,,,,,
CLEAN ENERGY FUELS CORP COMMON STOCK USD.0001,CLNE,COMMON STOCK,184499101,US1844991018,B1Y1PC2,1826248.0,2940259.28,0.009478096817014108,0,,ENERGY,UNITED STATES,AVUV,2026-08-21,,,,,,,,,,,,,,,,,,,,,,,
AMPCO PITTSBURGH CORP COMMON STOCK USD1.0,AP,COMMON STOCK,032037103,US0320371034,2031688,348071.0,2937719.24,0.009469908850325986,0,,MATERIALS,UNITED STATES,AVUV,2026-08-21,,,,,,,,,,,,,,,,,,,,,,,
JAKKS PACIFIC INC COMMON STOCK USD.001,JAKK,COMMON STOCK,47012E403,US47012E4035,BN2R7Z3,116488.0,2923848.8,0.009425196680175265,0,,CONSUMER DISCRETIONARY,UNITED STATES,AVUV,2026-08-21,,,,,,,,,,,,,,,,,,,,,,,
VILLAGE FARMS INTERNATIONAL COMMON STOCK,VFF,COMMON STOCK,92707Y108,CA92707Y1088,B5NTJ67,1117490.0,2871949.3,0.009257895623053996,0,,CONSUMER STAPLES,UNITED STATES,AVUV,2026-08-21,,,,,,,,,,,,,,,,,,,,,,,
COMMERCIAL VEHICLE GROUP INC COMMON STOCK USD.01,CVGI,COMMON STOCK,202608105,US2026081057,B02GMS7,916661.0,2859982.32,0.00921931936693305,0,,INDUSTRIALS,UNITED STATES,AVUV,2026-08-21,,,,,,,,,,,,,,,,,,,,,,,
ACME UNITED CORP COMMON STOCK USD2.5,ACU,COMMON STOCK,004816104,US0048161048,2006329,45857.0,2847719.7,0.009179790098075423,0,,HEALTH CARE,UNITED STATES,AVUV,2026-08-21,,,,,,,,,,,,,,,,,,,,,,,
SMART SAND INC COMMON STOCK USD.001,SND,COMMON STOCK,83191H107,US83191H1077,BYXM5L6,584088.0,2832826.8,0.009131781968640623,0,,ENERGY,UNITED STATES,AVUV,2026-08-21,,,,,,,,,,,,,,,,,,,,,,,
HIPPO HOLDINGS INC COMMON STOCK USD.0001,HIPO,COMMON STOCK,433539202,US4335392027,BMHG0X7,84839.0,2773386.91,0.008940174025747687,0,,FINANCIALS,UNITED STATES,AVUV,2026-08-21,,,,,,,,,,,,,,,,,,,,,,,
ACACIA RESEARCH CORP COMMON STOCK USD.001,ACTG,COMMON STOCK,003881307,US0038813079,2169589,612127.0,2760692.77,0.00889925372706956,0,,FINANCIALS,UNITED STATES,AVUV,2026-08-21,,,,,,,,,,,,,,,,,,,,,,,
FINANCE OF AMERICA COS INC A COMMON STOCK USD.0001,FOA,COMMON STOCK,31738L206,US31738L2060,BT06V07,134482.0,2727294.96,0.008791593943862877,0,,FINANCIALS,UNITED STATES,AVUV,2026-08-21,,,,,,,,,,,,,,,,,,,,,,,
NORWOOD FINANCIAL CORP COMMON STOCK USD.1,NWFL,COMMON STOCK,669549107,US6695491075,2549233,80382.0,2715303.96,0.008752940257874741,0,,FINANCIALS,UNITED STATES,AVUV,2026-08-21,,,,,,,,,,,,,,,,,,,,,,,
NATIONAL HEALTHCARE CORP COMMON STOCK USD.01,NHC,COMMON STOCK,635906100,US6359061008,2139731,11307.0,2676932.25,0.008629246818698049,0,,HEALTH CARE,UNITED STATES,AVUV,2026-08-21,,,,,,,,,,,,,,,,,,,,,,,
ARKO PETROLEUM CORP COMMON STOCK,APC,COMMON STOCK,04124A100,US04124A1007,BNNM865,138408.0,2596534.08,0.008370078641131491,0,,CONSUMER DISCRETIONARY,UNITED STATES,AVUV,2026-08-21,,,,,,,,,,,,,,,,,,,,,,,
AMERISAFE INC COMMON STOCK USD.01,AMSF,COMMON STOCK,03071H100,US03071H1005,B0PPHS6,96634.0,2483493.8,0.00800568672326553,0,,FINANCIALS,UNITED STATES,AVUV,2026-08-21,,,,,,,,,,,,,,,,,,,,,,,
GLOBAL INDUSTRIAL CO COMMON STOCK USD.01,GIC,COMMON STOCK,37892E102,US37892E1029,BNBY595,64039.0,2480230.47,0.007995167189190338,0,,INDUSTRIALS,UNITED STATES,AVUV,2026-08-21,,,,,,,,,,,,,,,,,,,,,,,
PRIMEENERGY RESOURCES CORP COMMON STOCK USD.1,PNRG,COMMON STOCK,74158E104,US74158E1047,2480365,11492.0,2458943.24,0.007926546565057473,0,,ENERGY,UNITED STATES,AVUV,2026-08-21,,,,,,,,,,,,,,,,,,,,,,,
NEWTEKONE INC COMMON STOCK USD.02,NEWT,COMMON STOCK,652526203,US6525262035,BRWZXQ8,195027.0,2437837.5,0.007858510984496452,0,,FINANCIALS,UNITED STATES,AVUV,2026-08-21,,,,,,,,,,,,,,,,,,,,,,,
ARTISAN PARTNERS ASSET MA  A COMMON STOCK USD.01,APAM,COMMON STOCK,04316A108,US04316A1088,B8FW545,56985.0,2396219.25,0.0077243521347862,0,,FINANCIALS,UNITED STATES,AVUV,2026-08-21,,,,,,,,,,,,,,,,,,,,,,,
GREENE COUNTY BANCORP INC COMMON STOCK USD.1,GCBC,COMMON STOCK,394357107,US3943571071,2647751,67995.0,2356706.7,0.00759698113150954,0,,FINANCIALS,UNITED STATES,AVUV,2026-08-21,,,,,,,,,,,,,,,,,,,,,,,
WEYCO GROUP INC COMMON STOCK USD1.0,WEYS,COMMON STOCK,962149100,US9621491003,2947774,52014.0,2335428.6,0.007528389938462746,0,,CONSUMER DISCRETIONARY,UNITED STATES,AVUV,2026-08-21,,,,,,,,,,,,,,,,,,,,,,,
TRUEBLUE INC COMMON STOCK,TBI,COMMON STOCK,89785X101,US89785X1019,2519849,220183.0,2318526.99,0.007473906615501034,0,,INDUSTRIALS,UNITED STATES,AVUV,2026-08-21,,,,,,,,,,,,,,,,,,,,,,,
ASTRONICS CORP CL B COMMON STOCK USD.01,ATROB,COMMON STOCK,046433207,US0464332073,2613848,30083.0,2278787.25,0.007345803252044266,0,,INDUSTRIALS,UNITED STATES,AVUV,2026-08-21,,,,,,,,,,,,,,,,,,,,,,,
CRAWFORD + COMPANY  CL A COMMON STOCK USD1.0,CRD.A,COMMON STOCK,224633206,US2246332066,2232094,173699.0,2254613.02,0.007267876215481434,0,,FINANCIALS,UNITED STATES,AVUV,2026-08-21,,,,,,,,,,,,,,,,,,,,,,,
KEARNY FINANCIAL CORP/MD COMMON STOCK USD.01,KRNY,COMMON STOCK,48716P108,US48716P1084,BY3H7G0,229076.0,2215164.92,0.007140712970528679,0,,FINANCIALS,UNITED STATES,AVUV,2026-08-21,,,,,,,,,,,,,,,,,,,,,,,
VIRCO MFG CORPORATION COMMON STOCK USD.01,VIRC,COMMON STOCK,927651109,US9276511097,2929705,360433.0,2122950.37,0.00684345400470122,0,,INDUSTRIALS,UNITED STATES,AVUV,2026-08-21,,,,,,,,,,,,,,,,,,,,,,,
FIRST NORTHERN COMMUNITY BAN COMMON STOCK,FNRN,COMMON STOCK,335925103,US3359251036,B018Y55,121704.0,2122517.76,0.006842059461202317,0,,FINANCIALS,UNITED STATES,AVUV,2026-08-21,,,,,,,,,,,,,,,,,,,,,,,
EAGLE BANCORP INC COMMON STOCK USD.01,EGBN,COMMON STOCK,268948106,US2689481065,2648055,75984.0,2114634.72,0.006816648023224511,0,,FINANCIALS,UNITED STATES,AVUV,2026-08-21,,,,,,,,,,,,,,,,,,,,,,,
USANA HEALTH SCIENCES INC COMMON STOCK USD.001,USNA,COMMON STOCK,90328M107,US90328M1071,2267698,159157.0,2097689.26,0.006762023347237145,0,,CONSUMER STAPLES,UNITED STATES,AVUV,2026-08-21,,,,,,,,,,,,,,,,,,,,,,,
MEDALLION FINANCIAL CORP COMMON STOCK USD.01,MFIN,COMMON STOCK,583928106,US5839281061,2580447,181711.0,2080590.95,0.006706905950383858,0,,FINANCIALS,UNITED STATES,AVUV,2026-08-21,,,,,,,,,,,,,,,,,,,,,,,
INVESTAR HOLDING CORP COMMON STOCK USD1.0,ISTR,COMMON STOCK,46134L105,US46134L1052,BNGY4R1,68817.0,2070703.53,0.006675033276886003,0,,FINANCIALS,UNITED STATES,AVUV,2026-08-21,,,,,,,,,,,,,,,,,,,,,,,
WILLIS LEASE FINANCE CORP COMMON STOCK USD.01,WLFC,COMMON STOCK,970646105,US9706461053,2036779,37773.0,2046541.14,0.006597144407251875,0,,INDUSTRIALS,UNITED STATES,AVUV,2026-08-21,,,,,,,,,,,,,,,,,,,,,,,
IBOTTA INC CL A COMMON STOCK USD.00001,IBTA,COMMON STOCK,451051106,US4510511060,BNZD2W0,55789.0,2035182.72,0.0065605298796894244,0,,COMMUNICATION SERVICES,UNITED STATES,AVUV,2026-08-21,,,,,,,,,,,,,,,,,,,,,,,
ASCENT INDUSTRIES CO COMMON STOCK USD1.0,ACNT,COMMON STOCK,871565107,US8715651076,2867805,135426.0,2032744.26,0.006552669362039969,0,,MATERIALS,UNITED STATES,AVUV,2026-08-21,,,,,,,,,,,,,,,,,,,,,,,
CHEMUNG FINANCIAL CORP COMMON STOCK USD.01,CHMG,COMMON STOCK,164024101,US1640241014,2190921,24319.0,2011181.3,0.006483159906213542,0,,FINANCIALS,UNITED STATES,AVUV,2026-08-21,,,,,,,,,,,,,,,,,,,,,,,
COMMUNITY BANCORP INC/VT COMMON STOCK USD2.5,CMTV,COMMON STOCK,20343A101,US20343A1016,2502098,48521.0,1999550.41,0.006445667055757155,0,,FINANCIALS,UNITED STATES,AVUV,2026-08-21,,,,,,,,,,,,,,,,,,,,,,,
FIRST FINANCIAL BANCORP COMMON STOCK,FFBC,COMMON STOCK,320209109,US3202091092,2352806,59752.0,1968828.4,0.0063466328694954345,0,,FINANCIALS,UNITED STATES,AVUV,2026-08-21,,,,,,,,,,,,,,,,,,,,,,,
OP BANCORP COMMON STOCK,OPBK,COMMON STOCK,67109R109,US67109R1095,BD06KV9,125832.0,1940329.44,0.006254764814218278,0,,FINANCIALS,UNITED STATES,AVUV,2026-08-21,,,,,,,,,,,,,,,,,,,,,,,
ENERGY SERVICES OF AMERICA COMMON STOCK USD.0001,ESOA,COMMON STOCK,29271Q103,US29271Q1031,B1FL1D4,163935.0,1931154.3,0.006225188216732066,0,,ENERGY,UNITED STATES,AVUV,2026-08-21,,,,,,,,,,,,,,,,,,,,,,,
LGI HOMES INC COMMON STOCK USD.01,LGIH,COMMON STOCK,50187T106,US50187T1060,BG3G1B4,33985.0,1928648.75,0.006217111430565143,0,,CONSUMER DISCRETIONARY,UNITED STATES,AVUV,2026-08-21,,,,,,,,,,,,,,,,,,,,,,,
EPSILON ENERGY LTD COMMON STOCK,EPSN,COMMON STOCK,294375209,CA2943752097,BGPYWG8,340755.0,1923561.98,0.006200713931584753,0,,ENERGY,UNITED STATES,AVUV,2026-08-21,,,,,,,,,,,,,,,,,,,,,,,
FERROGLOBE PLC COMMON STOCK USD7.5,GSM,COMMON STOCK,G33856108,GB00BYW6GV68,BYW6GV6,488653.0,1881314.05,0.006064525271767503,0,,MATERIALS,UNITED STATES,AVUV,2026-08-21,,,,,,,,,,,,,,,,,,,,,,,
EAGLE FINANCIAL SERVICES INC COMMON STOCK USD2.5,EFSI,COMMON STOCK,26951R104,US26951R1041,2600301,42640.0,1811773.6,0.00584035758618886,0,,FINANCIALS,UNITED STATES,AVUV,2026-08-21,,,,,,,,,,,,,,,,,,,,,,,
MCEWEN INC COMMON STOCK,MUX,COMMON STOCK,58039P305,US58039P3055,BQGD8H7,88638.0,1796692.26,0.0057917420094529505,0,,MATERIALS,UNITED STATES,AVUV,2026-08-21,,,,,,,,,,,,,,,,,,,,,,,
TIPTREE INC COMMON STOCK USD.001,TIPT,COMMON STOCK,88822Q103,US88822Q1031,BC30V41,97738.0,1790560.16,0.005771974828413184,0,,FINANCIALS,UNITED STATES,AVUV,2026-08-21,,,,,,,,,,,,,,,,,,,,,,,
RESOURCES CONNECTION INC COMMON STOCK USD.01,RGP,COMMON STOCK,76122Q105,US76122Q1058,2697853,410173.0,1788354.28,0.005764864045922358,0,,INDUSTRIALS,UNITED STATES,AVUV,2026-08-21,,,,,,,,,,,,,,,,,,,,,,,
DMC GLOBAL INC COMMON STOCK,BOOM,COMMON STOCK,23291C103,US23291C1036,BYN8NH6,254402.0,1780814.0,0.005740557514742089,0,,ENERGY,UNITED STATES,AVUV,2026-08-21,,,,,,,,,,,,,,,,,,,,,,,
KRONOS WORLDWIDE INC COMMON STOCK USD.01,KRO,COMMON STOCK,50105F105,US50105F1057,2166397,211501.0,1719503.13,0.005542918358988665,0,,MATERIALS,UNITED STATES,AVUV,2026-08-21,,,,,,,,,,,,,,,,,,,,,,,
UNDER ARMOUR INC CLASS C COMMON STOCK USD.000333,UA,COMMON STOCK,904311206,US9043112062,BDF9YM2,326159.0,1679718.85,0.005414671418251114,0,,CONSUMER DISCRETIONARY,UNITED STATES,AVUV,2026-08-21,,,,,,,,,,,,,,,,,,,,,,,
HOOKER FURNISHINGS CORP COMMON STOCK,HOFT,COMMON STOCK,439038100,US4390381006,2748911,113721.0,1628484.72,0.005249515220027844,0,,CONSUMER DISCRETIONARY,UNITED STATES,AVUV,2026-08-21,,,,,,,,,,,,,,,,,,,,,,,
VERA BRADLEY INC COMMON STOCK,VRA,COMMON STOCK,92335C106,US92335C1062,B4626P4,524982.0,1595945.28,0.005144622442445514,0,,CONSUMER DISCRETIONARY,UNITED STATES,AVUV,2026-08-21,,,,,,,,,,,,,,,,,,,,,,,
CLARUS CORP COMMON STOCK USD.0001,CLAR,COMMON STOCK,18270P109,US18270P1093,BF5QHG2,432087.0,1559834.07,0.005028215856506764,0,,CONSUMER DISCRETIONARY,UNITED STATES,AVUV,2026-08-21,,,,,,,,,,,,,,,,,,,,,,,
TECHTARGET INC COMMON STOCK USD.001,TTGT,COMMON STOCK,87874R308,US87874R3084,BPG4DP6,399412.0,1549718.56,0.004995607921626451,0,,COMMUNICATION SERVICES,UNITED STATES,AVUV,2026-08-21,,,,,,,,,,,,,,,,,,,,,,,
NATIONAL ENERGY SERVICES REU COMMON STOCK,NESR,COMMON STOCK,G6375R107,VGG6375R1073,BYZLFM2,46059.0,1507050.48,0.004858064883845068,0,,ENERGY,UNITED STATES,AVUV,2026-08-21,,,,,,,,,,,,,,,,,,,,,,,
LIFEVANTAGE CORP COMMON STOCK USD.0001,LFVN,COMMON STOCK,53222K205,US53222K2050,BYYMYP2,225354.0,1498604.1,0.004830837486609104,0,,CONSUMER STAPLES,UNITED STATES,AVUV,2026-08-21,,,,,,,,,,,,,,,,,,,,,,,
MONTAUK RENEWABLES INC COMMON STOCK USD.01,MNTK,COMMON STOCK,61218C103,US61218C1036,BN6HHQ0,774101.0,1463050.89,0.004716229646127894,0,,UTILITIES,UNITED STATES,AVUV,2026-08-21,,,,,,,,,,,,,,,,,,,,,,,
NACCO INDUSTRIES CL A COMMON STOCK USD1.0,NC,COMMON STOCK,629579103,US6295791031,2616977,35345.0,1454093.3,0.004687354333721053,0,,ENERGY,UNITED STATES,AVUV,2026-08-21,,,,,,,,,,,,,,,,,,,,,,,
1 800 FLOWERS.COM INC CL A COMMON STOCK USD.01,FLWS,COMMON STOCK,68243Q106,US68243Q1067,2444123,359235.0,1444124.7,0.0046552199717711466,0,,CONSUMER DISCRETIONARY,UNITED STATES,AVUV,2026-08-21,,,,,,,,,,,,,,,,,,,,,,,
KEWAUNEE SCIENTIFIC CP COMMON STOCK USD2.5,KEQU,COMMON STOCK,492854104,US4928541048,2490728,38810.0,1415400.7,0.004562626486963946,0,,HEALTH CARE,UNITED STATES,AVUV,2026-08-21,,,,,,,,,,,,,,,,,,,,,,,
ESPEY MFG + ELECTRONICS CORP COMMON STOCK USD.333,ESP,COMMON STOCK,296650104,US2966501049,2321679,22693.0,1414000.83,0.004558113924591816,0,,INDUSTRIALS,UNITED STATES,AVUV,2026-08-21,,,,,,,,,,,,,,,,,,,,,,,
WINNEBAGO INDUSTRIES COMMON STOCK USD.5,WGO,COMMON STOCK,974637100,US9746371007,2972721,43219.0,1381711.43,0.004454027165493721,0,,CONSUMER DISCRETIONARY,UNITED STATES,AVUV,2026-08-21,,,,,,,,,,,,,,,,,,,,,,,
LEGACY HOUSING CORP COMMON STOCK USD.001,LEGH,COMMON STOCK,52472M101,US52472M1018,BG5HXX1,48195.0,1376449.2,0.004437064060997238,0,,CONSUMER DISCRETIONARY,UNITED STATES,AVUV,2026-08-21,,,,,,,,,,,,,,,,,,,,,,,
PRIMIS FINANCIAL CORP COMMON STOCK USD.01,FRST,COMMON STOCK,74167B109,US74167B1098,BMTRDW8,84061.0,1359266.37,0.004381674209007622,0,,FINANCIALS,UNITED STATES,AVUV,2026-08-21,,,,,,,,,,,,,,,,,,,,,,,
MYRIAD GENETICS INC COMMON STOCK USD.01,MYGN,COMMON STOCK,62855J104,US62855J1043,2614153,419586.0,1351066.92,0.004355242804989992,0,,HEALTH CARE,UNITED STATES,AVUV,2026-08-21,,,,,,,,,,,,,,,,,,,,,,,
TRAEGER INC COMMON STOCK,COOK,COMMON STOCK,89269P202,US89269P2020,BWTYM33,24344.0,1313115.36,0.004232903743777432,0,,CONSUMER DISCRETIONARY,UNITED STATES,AVUV,2026-08-21,,,,,,,,,,,,,,,,,,,,,,,
DOUGLAS ELLIMAN INC COMMON STOCK,DOUG,COMMON STOCK,25961D105,US25961D1054,BNZHLY7,658862.0,1271603.66,0.004099088364189939,0,,REAL ESTATE,UNITED STATES,AVUV,2026-08-21,,,,,,,,,,,,,,,,,,,,,,,
PROFRAC HOLDING CORP A COMMON STOCK USD.01,ACDC,COMMON STOCK,74319N100,US74319N1000,BPCJW03,285490.0,1267575.6,0.004086103678477209,0,,ENERGY,UNITED STATES,AVUV,2026-08-21,,,,,,,,,,,,,,,,,,,,,,,
CARECLOUD INC COMMON STOCK USD.001,CCLD,COMMON STOCK,14167R100,US14167R1005,BKP32B8,473357.0,1244928.91,0.004013100755957768,0,,HEALTH CARE,UNITED STATES,AVUV,2026-08-21,,,,,,,,,,,,,,,,,,,,,,,
CLIMB GLOBAL SOLUTIONS INC COMMON STOCK USD.01,CLMB,COMMON STOCK,946760105,US9467601053,2690476,43842.0,1239851.76,0.0039967342676069505,0,,INFORMATION TECHNOLOGY,UNITED STATES,AVUV,2026-08-21,,,,,,,,,,,,,,,,,,,,,,,
BCB BANCORP INC COMMON STOCK,BCBP,COMMON STOCK,055298103,US0552981039,2848253,132374.0,1150330.06,0.003708155860391213,0,,FINANCIALS,UNITED STATES,AVUV,2026-08-21,,,,,,,,,,,,,,,,,,,,,,,
FIRST INTERNET BANCORP COMMON STOCK,INBK,COMMON STOCK,320557101,US3205571017,B0406N0,37876.0,1082874.84,0.0034907100350104713,0,,FINANCIALS,UNITED STATES,AVUV,2026-08-21,,,,,,,,,,,,,,,,,,,,,,,
JAMES RIVER GROUP HOLDINGS I COMMON STOCK USD.0002,JRVR,COMMON STOCK,46990A102,US46990A1025,BV96YL4,263662.0,1062557.86,0.003425217068189756,0,,FINANCIALS,UNITED STATES,AVUV,2026-08-21,,,,,,,,,,,,,,,,,,,,,,,
UNIVERSAL ELECTRONICS INC COMMON STOCK USD.01,UEIC,COMMON STOCK,913483103,US9134831034,2911683,210159.0,1004560.02,0.00323825765735246,0,,CONSUMER DISCRETIONARY,UNITED STATES,AVUV,2026-08-21,,,,,,,,,,,,,,,,,,,,,,,
BASSETT FURNITURE INDS COMMON STOCK USD5.0,BSET,COMMON STOCK,070203104,US0702031040,2083526,53623.0,998460.26,0.003218594726183835,0,,CONSUMER DISCRETIONARY,UNITED STATES,AVUV,2026-08-21,,,,,,,,,,,,,,,,,,,,,,,
MVB FINANCIAL CORP COMMON STOCK USD1.0,MVBF,COMMON STOCK,553810102,US5538101024,B00BYZ5,30925.0,928987.0,0.002994643631478475,0,,FINANCIALS,UNITED STATES,AVUV,2026-08-21,,,,,,,,,,,,,,,,,,,,,,,
CENTRAL BANCOMPANY COMMON STOCK,CBC,COMMON STOCK,152413100,US1524131000,B3KKGR9,28479.0,910473.63,0.0029349647064044913,0,,FINANCIALS,UNITED STATES,AVUV,2026-08-21,,,,,,,,,,,,,,,,,,,,,,,
CASS INFORMATION SYSTEMS INC COMMON STOCK USD.5,CASS,COMMON STOCK,14808P109,US14808P1093,2086558,15652.0,890442.28,0.0028703924845031987,0,,FINANCIALS,UNITED STATES,AVUV,2026-08-21,,,,,,,,,,,,,,,,,,,,,,,
SB FINANCIAL GROUP INC COMMON STOCK,SBFG,COMMON STOCK,78408D105,US78408D1054,B8DV0M7,31467.0,837966.21,0.002701232820449214,0,,FINANCIALS,UNITED STATES,AVUV,2026-08-21,,,,,,,,,,,,,,,,,,,,,,,
AMERICAN RESOURCES CORP COMMON STOCK USD.0001,AREC,COMMON STOCK,02927U208,US02927U2087,BF2WFR0,323574.0,831585.18,0.0026806631990747786,0,,ENERGY,UNITED STATES,AVUV,2026-08-21,,,,,,,,,,,,,,,,,,,,,,,
ESCALADE INC COMMON STOCK,ESCA,COMMON STOCK,296056104,US2960561049,2321561,39811.0,823291.48,0.002653927974699848,0,,CONSUMER DISCRETIONARY,UNITED STATES,AVUV,2026-08-21,,,,,,,,,,,,,,,,,,,,,,,
ALIGHT INC   CLASS A COMMON STOCK USD.0001,ALIT,COMMON STOCK,01626W200,US01626W2008,BRSCTV0,60382.0,809722.62,0.0026101879652213273,0,,INDUSTRIALS,UNITED STATES,AVUV,2026-08-21,,,,,,,,,,,,,,,,,,,,,,,
HAWTHORN BANCSHARES INC COMMON STOCK USD1.0,HWBK,COMMON STOCK,420476103,US4204761039,2604217,19986.0,788247.84,0.002540962762754122,0,,FINANCIALS,UNITED STATES,AVUV,2026-08-21,,,,,,,,,,,,,,,,,,,,,,,
GLOBANT SA COMMON STOCK USD1.2,GLOB,COMMON STOCK,L44385109,LU0974299876,BP40HF4,19002.0,753049.26,0.002427498092705902,0,,INFORMATION TECHNOLOGY,UNITED STATES,AVUV,2026-08-21,,,,,,,,,,,,,,,,,,,,,,,
CRAWFORD + CO   CL B COMMON STOCK USD1.0,CRD.B,COMMON STOCK,224633107,US2246331076,2232072,57949.0,696546.98,0.002245359706521797,0,,FINANCIALS,UNITED STATES,AVUV,2026-08-21,,,,,,,,,,,,,,,,,,,,,,,
CHAIN BRIDGE BANCORP INC A COMMON STOCK USD.01,CBNA,COMMON STOCK,15746L100,US15746L1008,BSVLTH7,14916.0,689865.0,0.0022238199553168106,0,,FINANCIALS,UNITED STATES,AVUV,2026-08-21,,,,,,,,,,,,,,,,,,,,,,,
WIDEPOINT CORP COMMON STOCK USD.001,WYY,COMMON STOCK,967590209,US9675902095,BLNBRP0,73970.0,678304.9,0.002186555300543112,0,,INFORMATION TECHNOLOGY,UNITED STATES,AVUV,2026-08-21,,,,,,,,,,,,,,,,,,,,,,,
FIRST CAPITAL INC COMMON STOCK USD.01,FCAP,COMMON STOCK,31942S104,US31942S1042,2647160,10719.0,671009.4,0.002163037831931117,0,,FINANCIALS,UNITED STATES,AVUV,2026-08-21,,,,,,,,,,,,,,,,,,,,,,,
AMERICAN OUTDOOR BRANDS INC COMMON STOCK,AOUT,COMMON STOCK,02875D109,US02875D1090,BMDMZV2,58637.0,654975.29,0.002111350945679829,0,,CONSUMER DISCRETIONARY,UNITED STATES,AVUV,2026-08-21,,,,,,,,,,,,,,,,,,,,,,,
PERMA PIPE INTERNATIONAL HOL COMMON STOCK USD.01,PPIH,COMMON STOCK,714167103,US7141671039,BDD0V60,22776.0,612446.64,0.001974257368613759,0,,INDUSTRIALS,UNITED STATES,AVUV,2026-08-21,,,,,,,,,,,,,,,,,,,,,,,
RING ENERGY INC COMMON STOCK,REI,COMMON STOCK,76680V108,US76680V1089,B1TGYD6,406930.0,606325.7,0.0019545261624831435,0,,ENERGY,UNITED STATES,AVUV,2026-08-21,,,,,,,,,,,,,,,,,,,,,,,
CONSUMER PORTFOLIO SERVICES COMMON STOCK,CPSS,COMMON STOCK,210502100,US2105021008,2223872,62332.0,577194.32,0.0018606194645496104,0,,FINANCIALS,UNITED STATES,AVUV,2026-08-21,,,,,,,,,,,,,,,,,,,,,,,
ADVANTAGE SOLUTIONS INC COMMON STOCK USD.0001,ADV,COMMON STOCK,00791N201,US00791N2018,BTZS1P3,16657.0,574333.36,0.0018513969935743278,0,,COMMUNICATION SERVICES,UNITED STATES,AVUV,2026-08-21,,,,,,,,,,,,,,,,,,,,,,,
RAMACO RESOURCES INC B COMMON STOCK,METCB,COMMON STOCK,75134P501,US75134P5017,BRXYZ79,82981.0,523608.84,0.001687883552828868,0,,MATERIALS,UNITED STATES,AVUV,2026-08-21,,,,,,,,,,,,,,,,,,,,,,,
ANIKA THERAPEUTICS INC COMMON STOCK USD.01,ANIK,COMMON STOCK,035255108,US0352551081,2035754,23506.0,501618.04,0.001616994929875999,0,,HEALTH CARE,UNITED STATES,AVUV,2026-08-21,,,,,,,,,,,,,,,,,,,,,,,
AMERICAN VANGUARD CORP COMMON STOCK USD.1,AVD,COMMON STOCK,030371108,US0303711081,2025711,223966.0,499444.18,0.0016099873657177,0,,MATERIALS,UNITED STATES,AVUV,2026-08-21,,,,,,,,,,,,,,,,,,,,,,,
RESERVOIR MEDIA INC COMMON STOCK USD.0001,RSVR,COMMON STOCK,76119X105,US76119X1054,BP0B9H7,50561.0,493980.97,0.0015923763905006845,0,,COMMUNICATION SERVICES,UNITED STATES,AVUV,2026-08-21,,,,,,,,,,,,,,,,,,,,,,,
VIRGINIA NATIONAL BANKSHARES COMMON STOCK USD2.5,VABK,COMMON STOCK,928031103,US9280311039,BHBFXS1,10619.0,493571.12,0.0015910552151856786,0,,FINANCIALS,UNITED STATES,AVUV,2026-08-21,,,,,,,,,,,,,,,,,,,,,,,
ISABELLA BANK CORP COMMON STOCK,ISBA,COMMON STOCK,464214105,US4642141059,2521941,12310.0,483906.1,0.001559899461024305,0,,FINANCIALS,UNITED STATES,AVUV,2026-08-21,,,,,,,,,,,,,,,,,,,,,,,
DRILLING TOOLS INTERNATIONAL COMMON STOCK USD.0001,DTI,COMMON STOCK,26205E107,US26205E1073,BQLSC31,180670.0,476968.8,0.0015375366709479577,0,,ENERGY,UNITED STATES,AVUV,2026-08-21,,,,,,,,,,,,,,,,,,,,,,,
CB FINANCIAL SERVICES INC COMMON STOCK,CBFV,COMMON STOCK,12479G101,US12479G1013,B032TT4,12202.0,459039.24,0.0014797396913678222,0,,FINANCIALS,UNITED STATES,AVUV,2026-08-21,,,,,,,,,,,,,,,,,,,,,,,
OPPFI INC COMMON STOCK,OPFI,COMMON STOCK,68386H103,US68386H1032,BP6GZG7,61211.0,438270.76,0.0014127912880344193,0,,FINANCIALS,UNITED STATES,AVUV,2026-08-21,,,,,,,,,,,,,,,,,,,,,,,
RIVERVIEW BANCORP INC COMMON STOCK USD.01,RVSB,COMMON STOCK,769397100,US7693971001,2117920,85401.0,437253.12,0.0014095108663007053,0,,FINANCIALS,UNITED STATES,AVUV,2026-08-21,,,,,,,,,,,,,,,,,,,,,,,
TAYLOR DEVICES INC COMMON STOCK USD.025,TAYD,COMMON STOCK,877163105,US8771631053,2877127,6279.0,350305.41,0.0011292298655728832,0,,INDUSTRIALS,UNITED STATES,AVUV,2026-08-21,,,,,,,,,,,,,,,,,,,,,,,
ROOT INC/OH  CLASS A COMMON STOCK USD.0001,ROOT,COMMON STOCK,77664L207,US77664L2079,BNV0HC0,6018.0,345493.38,0.0011137180069634694,0,,FINANCIALS,UNITED STATES,AVUV,2026-08-21,,,,,,,,,,,,,,,,,,,,,,,
TILLY S INC CLASS A SHRS COMMON STOCK USD.001,TLYS,COMMON STOCK,886885102,US8868851028,B7TN3D2,83358.0,319261.14,0.001029156855456059,0,,CONSUMER DISCRETIONARY,UNITED STATES,AVUV,2026-08-21,,,,,,,,,,,,,,,,,,,,,,,
SIFCO INDUSTRIES COMMON STOCK USD1.0,SIF,COMMON STOCK,826546103,US8265461033,2807500,13975.0,293335.25,0.0009455832409933037,0,,INDUSTRIALS,UNITED STATES,AVUV,2026-08-21,,,,,,,,,,,,,,,,,,,,,,,
PRINCETON BANCORP INC COMMON STOCK,BPRN,COMMON STOCK,74179A107,US74179A1079,BQD00T7,6889.0,292438.05,0.0009426910646052998,0,,FINANCIALS,UNITED STATES,AVUV,2026-08-21,,,,,,,,,,,,,,,,,,,,,,,
FOX FACTORY HOLDING CORP COMMON STOCK USD.001,FOXF,COMMON STOCK,35138V102,US35138V1026,BCRY5K3,13594.0,289960.02,0.0009347029907591509,0,,CONSUMER DISCRETIONARY,UNITED STATES,AVUV,2026-08-21,,,,,,,,,,,,,,,,,,,,,,,
PANGAEA LOGISTICS SOLUTIONS COMMON STOCK USD.0001,PANL,COMMON STOCK,G6891L105,BMG6891L1054,BRGCNJ8,35920.0,283768.0,0.0009147426541139799,0,,INDUSTRIALS,UNITED STATES,AVUV,2026-08-21,,,,,,,,,,,,,,,,,,,,,,,
PEDEVCO CORP COMMON STOCK USD.001,PED,COMMON STOCK,70532Y402,US70532Y4026,BSHX2B2,19039.0,248078.17,0.0007996944111159085,0,,ENERGY,UNITED STATES,AVUV,2026-08-21,,,,,,,,,,,,,,,,,,,,,,,
FRANKLIN COVEY CO COMMON STOCK USD.05,FC,COMMON STOCK,353469109,US3534691098,2352839,11580.0,231715.8,0.0007469493596605118,0,,INDUSTRIALS,UNITED STATES,AVUV,2026-08-21,,,,,,,,,,,,,,,,,,,,,,,
HANOVER BANCORP INC COMMON STOCK,HNVR,COMMON STOCK,410709109,US4107091096,BQB4DZ8,8199.0,222028.92,0.0007157231385175937,0,,FINANCIALS,UNITED STATES,AVUV,2026-08-21,,,,,,,,,,,,,,,,,,,,,,,
FINWARD BANCORP COMMON STOCK,FNWD,COMMON STOCK,31812F109,US31812F1093,BN0TRH3,4543.0,196984.48,0.0006349909294017021,0,,FINANCIALS,UNITED STATES,AVUV,2026-08-21,,,,,,,,,,,,,,,,,,,,,,,
INFINITY NATURAL RESOUR CL A COMMON STOCK USD.01,INR,COMMON STOCK,456941103,US4569411030,BS893G1,12435.0,182421.45,0.0005880461550996613,0,,ENERGY,UNITED STATES,AVUV,2026-08-21,,,,,,,,,,,,,,,,,,,,,,,
UNIFI INC COMMON STOCK USD.1,UFI,COMMON STOCK,904677200,US9046772003,2911865,23563.0,178607.54,0.0005757517943685294,0,,CONSUMER DISCRETIONARY,UNITED STATES,AVUV,2026-08-21,,,,,,,,,,,,,,,,,,,,,,,
LAKELAND INDUSTRIES INC COMMON STOCK USD.01,LAKE,COMMON STOCK,511795106,US5117951062,2500951,15765.0,177356.25,0.000571718188268947,0,,CONSUMER DISCRETIONARY,UNITED STATES,AVUV,2026-08-21,,,,,,,,,,,,,,,,,,,,,,,
PAYSIGN INC COMMON STOCK,PAYS,COMMON STOCK,70451A104,US70451A1043,BJRFDF6,12819.0,177158.58,0.0005710809875259501,0,,FINANCIALS,UNITED STATES,AVUV,2026-08-21,,,,,,,,,,,,,,,,,,,,,,,
ENVELA CORP COMMON STOCK USD.01,ELA,COMMON STOCK,29402E102,US29402E1029,BK8WN64,12134.0,171089.4,0.0005515166327660919,0,,CONSUMER DISCRETIONARY,UNITED STATES,AVUV,2026-08-21,,,,,,,,,,,,,,,,,,,,,,,
DULUTH HOLDINGS INC   CL B COMMON STOCK,DLTH,COMMON STOCK,26443V101,US26443V1017,BYP97Q4,41918.0,160965.12,0.0005188804272806492,0,,CONSUMER DISCRETIONARY,UNITED STATES,AVUV,2026-08-21,,,,,,,,,,,,,,,,,,,,,,,
WABASH NATIONAL CORP COMMON STOCK USD.01,WNC,COMMON STOCK,929566107,US9295661071,2932048,13179.0,153798.93,0.0004957797969753115,0,,INDUSTRIALS,UNITED STATES,AVUV,2026-08-21,,,,,,,,,,,,,,,,,,,,,,,
VALHI INC COMMON STOCK USD.01,VHI,COMMON STOCK,918905209,US9189052098,BMG4NS8,7411.0,123615.48,0.0003984816902003524,0,,MATERIALS,UNITED STATES,AVUV,2026-08-21,,,,,,,,,,,,,,,,,,,,,,,
ONE GROUP HOSPITALITY INC/TH COMMON STOCK USD.0001,STKS,COMMON STOCK,88338K103,US88338K1034,BNKH4B0,70659.0,115880.76,0.0003735483703699681,0,,CONSUMER DISCRETIONARY,UNITED STATES,AVUV,2026-08-21,,,,,,,,,,,,,,,,,,,,,,,
FUTUREFUEL CORP COMMON STOCK USD.0001,FF,COMMON STOCK,36116M106,US36116M1062,B3BBRD4,20155.0,112464.9,0.00036253714696746404,0,,ENERGY,UNITED STATES,AVUV,2026-08-21,,,,,,,,,,,,,,,,,,,,,,,
INSTEEL INDUSTRIES INC COMMON STOCK,IIIN,COMMON STOCK,45774W108,US45774W1080,2325875,3659.0,111087.24,0.0003580961798222374,0,,INDUSTRIALS,UNITED STATES,AVUV,2026-08-21,,,,,,,,,,,,,,,,,,,,,,,
FIRST WESTERN FINANCIAL INC COMMON STOCK,MYFW,COMMON STOCK,33751L105,US33751L1052,BDD1B52,3274.0,101461.26,0.00032706627337172824,0,,FINANCIALS,UNITED STATES,AVUV,2026-08-21,,,,,,,,,,,,,,,,,,,,,,,
AMREP CORP COMMON STOCK USD.1,AXR,COMMON STOCK,032159105,US0321591051,2031804,4124.0,95883.0,0.00030908442778752616,0,,REAL ESTATE,UNITED STATES,AVUV,2026-08-21,,,,,,,,,,,,,,,,,,,,,,,
NCS MULTISTAGE HOLDINGS INC COMMON STOCK USD.01,NCSM,COMMON STOCK,628877201,US6288772014,BLGZCF4,1768.0,88576.8,0.0002855324671031377,0,,ENERGY,UNITED STATES,AVUV,2026-08-21,,,,,,,,,,,,,,,,,,,,,,,
FUNKO INC CLASS A COMMON STOCK USD.0001,FNKO,COMMON STOCK,361008105,US3610081057,BF329J9,13559.0,84336.98,0.00027186516071282747,0,,CONSUMER DISCRETIONARY,UNITED STATES,AVUV,2026-08-21,,,,,,,,,,,,,,,,,,,,,,,
VINCE HOLDING CORP COMMON STOCK USD.001,VNCE,COMMON STOCK,92719W207,US92719W2070,BF7JLM3,13649.0,79300.69,0.0002556303869487396,0,,CONSUMER DISCRETIONARY,UNITED STATES,AVUV,2026-08-21,,,,,,,,,,,,,,,,,,,,,,,
HF FOODS GROUP INC COMMON STOCK USD.0001,HFFG,COMMON STOCK,40417F109,US40417F1093,BYZLWZ4,38022.0,69960.48,0.00022552167671579601,0,,CONSUMER STAPLES,UNITED STATES,AVUV,2026-08-21,,,,,,,,,,,,,,,,,,,,,,,
GEN DIGITAL INC RIGHT,GENVR,RIGHTS,668771116,US6687711167,BN12P88,21590.0,64770.0,0.0002087898625178402,0,,INFORMATION TECHNOLOGY,UNITED STATES,AVUV,2026-08-21,,,,,,,,,,,,,,,,,,,,,,,
WESTERN NEW ENGLAND BANCORP COMMON STOCK USD.01,WNEB,COMMON STOCK,958892101,US9588921018,BZCNLM0,3560.0,49092.4,0.00015825220698889638,0,,FINANCIALS,UNITED STATES,AVUV,2026-08-21,,,,,,,,,,,,,,,,,,,,,,,
FIDELITY D+D BANCORP INC COMMON STOCK,FDBC,COMMON STOCK,31609R100,US31609R1005,2610913,711.0,38628.63,0.0001245216357411227,0,,FINANCIALS,UNITED STATES,AVUV,2026-08-21,,,,,,,,,,,,,,,,,,,,,,,
JOINT CORP/THE COMMON STOCK USD.001,JYNT,COMMON STOCK,47973J102,US47973J1025,BRK0127,4120.0,33990.0,0.00010956874211797728,0,,HEALTH CARE,UNITED STATES,AVUV,2026-08-21,,,,,,,,,,,,,,,,,,,,,,,
FULL HOUSE RESORTS INC COMMON STOCK USD.0001,FLL,COMMON STOCK,359678109,US3596781092,2357566,14687.0,28933.39,9.326846565192299e-05,0,,CONSUMER DISCRETIONARY,UNITED STATES,AVUV,2026-08-21,,,,,,,,,,,,,,,,,,,,,,,
WW INTERNATIONAL INC NEW COMMON STOCK,WW,COMMON STOCK,98262P200,US98262P2002,BNC29P2,1749.0,26235.0,8.457004852795333e-05,0,,CONSUMER DISCRETIONARY,UNITED STATES,AVUV,2026-08-21,,,,,,,,,,,,,,,,,,,,,,,
TEAM INC COMMON STOCK USD.3,TISI,COMMON STOCK,878155308,US8781553081,BQZBQP6,1115.0,25422.0,8.194929573766457e-05,0,,INDUSTRIALS,UNITED STATES,AVUV,2026-08-21,,,,,,,,,,,,,,,,,,,,,,,
TILE SHOP HLDGS INC COMMON STOCK USD.0001,TTSH,COMMON STOCK,88677Q208,US88677Q2084,BVFDHJ8,9344.0,25228.8,8.132650429967712e-05,0,,CONSUMER DISCRETIONARY,UNITED STATES,AVUV,2026-08-21,,,,,,,,,,,,,,,,,,,,,,,
KEROS THERAPEUTICS INC COMMON STOCK USD.0001,KROS,COMMON STOCK,492327101,US4923271013,BM7V485,1416.0,15505.2,4.9981914100843225e-05,0,,HEALTH CARE,UNITED STATES,AVUV,2026-08-21,,,,,,,,,,,,,,,,,,,,,,,
ATEGRITY SPECIALTY HOLDINGS COMMON STOCK,ASIC,COMMON STOCK,04681Y103,US04681Y1038,BRQQ033,463.0,11709.27,3.7745512945565396e-05,0,,FINANCIALS,UNITED STATES,AVUV,2026-08-21,,,,,,,,,,,,,,,,,,,,,,,
UNITED STATES LIME + MINERAL COMMON STOCK USD.1,USLM,COMMON STOCK,911922102,US9119221029,2724115,52.0,6247.28,2.0138470469514474e-05,0,,MATERIALS,UNITED STATES,AVUV,2026-08-21,,,,,,,,,,,,,,,,,,,,,,,
OMNIAB INC   12.5 EARNOUT COMMON STOCK,2200963D,COMMON STOCK,68218J202,US68218J2024,BP0VHM8,21075.0,5060.11,1.631155891964101e-05,0,,HEALTH CARE,UNITED STATES,AVUV,2026-08-21,,,,,,,,,,,,,,,,,,,,,,,
OMNIAB INC   15.00 EARNOUT COMMON STOCK,2200964D,COMMON STOCK,68218J301,US68218J3014,BP0VHL7,21075.0,3300.35,1.063887019856035e-05,0,,HEALTH CARE,UNITED STATES,AVUV,2026-08-21,,,,,,,,,,,,,,,,,,,,,,,
PAMT CORP COMMON STOCK USD.01,PAMT,COMMON STOCK,693149106,US6931491061,2669090,247.0,2976.35,9.594437352246004e-06,0,,INDUSTRIALS,UNITED STATES,AVUV,2026-08-21,,,,,,,,,,,,,,,,,,,,,,,
IONQ INC COMMON STOCK USD.0001,IONQ,COMMON STOCK,46222L108,US46222L1089,BP484B3,64.0,2657.92,8.567959724925395e-06,0,,INFORMATION TECHNOLOGY,UNITED STATES,AVUV,2026-08-21,,,,,,,,,,,,,,,,,,,,,,,
FIGS INC CLASS A COMMON STOCK USD.0001,FIGS,COMMON STOCK,30260D103,US30260D1037,BMXXBD9,172.0,2478.52,7.98965338965134e-06,0,,CONSUMER DISCRETIONARY,UNITED STATES,AVUV,2026-08-21,,,,,,,,,,,,,,,,,,,,,,,
CANTERBURY PARK HOLDING CORP COMMON STOCK USD.01,CPHC,COMMON STOCK,13811E101,US13811E1010,2586865,118.0,1867.94,6.021413243655619e-06,0,,CONSUMER DISCRETIONARY,UNITED STATES,AVUV,2026-08-21,,,,,,,,,,,,,,,,,,,,,,,
RADIANT LOGISTICS INC COMMON STOCK USD.001,RLGT,COMMON STOCK,75025X100,US75025X1000,B065G33,205.0,1773.25,5.7161745207620835e-06,0,,INDUSTRIALS,UNITED STATES,AVUV,2026-08-21,,,,,,,,,,,,,,,,,,,,,,,
CONTRA CARGO THERAPEUT COMMON STOCK,OTHER,RIGHTS,141CVR019,US141CVR0196,,54092.0,540.92,1.7436870840381367e-06,0,,HEALTH CARE,UNITED STATES,AVUV,2026-08-21,,,,,,,,,,,,,,,,,,,,,,,
PENGUIN SOLUTIONS INC COMMON STOCK USD.01,PENG,COMMON STOCK,706915105,US7069151055,BRJHSZ1,1.0,51.14,1.6485276469294963e-07,0,,INFORMATION TECHNOLOGY,UNITED STATES,AVUV,2026-08-21,,,,,,,,,,,,,,,,,,,,,,,
CVB FINANCIAL CORP COMMON STOCK,CVBF,COMMON STOCK,126600105,US1266001056,2160645,1.0,22.52,7.259452993518235e-08,0,,FINANCIALS,UNITED STATES,AVUV,2026-08-21,,,,,,,,,,,,,,,,,,,,,,,
MICROSOFT CORP COMMON STOCK USD.00000625,MSFT,COMMON STOCK,594918104,US5949181045,2588173,1365985.0,657243682.75,3.1265663910172097,0,,INFORMATION TECHNOLOGY,UNITED STATES,AVLV,2026-08-21,,,,,,,,,,,,,,,,,,,,,,,
MICRON TECHNOLOGY INC COMMON STOCK USD.1,MU,COMMON STOCK,595112103,US5951121038,2588184,655043.0,638228046.19,3.036107324262043,0,,INFORMATION TECHNOLOGY,UNITED STATES,AVLV,2026-08-21,,,,,,,,,,,,,,,,,,,,,,,
AMAZON.COM INC COMMON STOCK USD.01,AMZN,COMMON STOCK,023135106,US0231351067,2000019,2357179.0,613125829.69,2.9166938578281765,0,,CONSUMER DISCRETIONARY,UNITED STATES,AVLV,2026-08-21,,,,,,,,,,,,,,,,,,,,,,,
APPLE INC COMMON STOCK USD.00001,AAPL,COMMON STOCK,037833100,US0378331005,2046251,1756474.0,546790356.2,2.6011301371116122,0,,INFORMATION TECHNOLOGY,UNITED STATES,AVLV,2026-08-21,,,,,,,,,,,,,,,,,,,,,,,
JPMORGAN CHASE + CO COMMON STOCK USD1.0,JPM,COMMON STOCK,46625H100,US46625H1005,2190385,1517941.0,533632158.55,2.5385354258673503,0,,FINANCIALS,UNITED STATES,AVLV,2026-08-21,,,,,,,,,,,,,,,,,,,,,,,
META PLATFORMS INC CLASS A COMMON STOCK USD.000006,META,COMMON STOCK,30303M102,US30303M1027,B7TL820,967964.0,528343790.12,2.5133781890151496,0,,COMMUNICATION SERVICES,UNITED STATES,AVLV,2026-08-21,,,,,,,,,,,,,,,,,,,,,,,
EXXONMOBIL HOLDINGS CORP COMMON STOCK,XOM,COMMON STOCK,30233Q108,US30233Q1085,BVSRPD7,3116603.0,517823588.45,2.4633326582151884,0,,ENERGY,UNITED STATES,AVLV,2026-08-21,,,,,,,,,,,,,,,,,,,,,,,
COSTCO WHOLESALE CORP COMMON STOCK USD.005,COST,COMMON STOCK,22160K105,US22160K1051,2701271,519781.0,485220761.31,2.3082381228648323,0,,CONSUMER STAPLES,UNITED STATES,AVLV,2026-08-21,,,,,,,,,,,,,,,,,,,,,,,
ELI LILLY + CO COMMON STOCK,LLY,COMMON STOCK,532457108,US5324571083,2516152,350211.0,435802568.4,2.0731514037187124,0,,HEALTH CARE,UNITED STATES,AVLV,2026-08-21,,,,,,,,,,,,,,,,,,,,,,,
VERIZON COMMUNICATIONS INC COMMON STOCK USD.1,VZ,COMMON STOCK,92343V104,US92343V1044,2090571,7174662.0,352921623.78,1.678879411905261,0,,COMMUNICATION SERVICES,UNITED STATES,AVLV,2026-08-21,,,,,,,,,,,,,,,,,,,,,,,
UNION PACIFIC CORP COMMON STOCK USD2.5,UNP,COMMON STOCK,907818108,US9078181081,2914734,1157983.0,351992092.51,1.6744575493534273,0,,INDUSTRIALS,UNITED STATES,AVLV,2026-08-21,,,,,,,,,,,,,,,,,,,,,,,
MORGAN STANLEY COMMON STOCK USD.01,MS,COMMON STOCK,617446448,US6174464486,2262314,1509155.0,313074204.75,1.4893217114999961,0,,FINANCIALS,UNITED STATES,AVLV,2026-08-21,,,,,,,,,,,,,,,,,,,,,,,
TJX COMPANIES INC COMMON STOCK USD1.0,TJX,COMMON STOCK,872540109,US8725401090,2989301,1933586.0,272036214.34,1.2941003576272072,0,,CONSUMER DISCRETIONARY,UNITED STATES,AVLV,2026-08-21,,,,,,,,,,,,,,,,,,,,,,,
WELLS FARGO + CO COMMON STOCK USD1.666,WFC,COMMON STOCK,949746101,US9497461015,2649100,3227885.0,270173974.5,1.2852415178261225,0,,FINANCIALS,UNITED STATES,AVLV,2026-08-21,,,,,,,,,,,,,,,,,,,,,,,
GOLDMAN SACHS GROUP INC COMMON STOCK USD.01,GS,COMMON STOCK,38141G104,US38141G1040,2407966,262946.0,263458744.7,1.2532965751029173,0,,FINANCIALS,UNITED STATES,AVLV,2026-08-21,,,,,,,,,,,,,,,,,,,,,,,
CATERPILLAR INC COMMON STOCK USD1.0,CAT,COMMON STOCK,149123101,US1491231015,2180201,318599.0,259782438.61,1.2358080615336542,0,,INDUSTRIALS,UNITED STATES,AVLV,2026-08-21,,,,,,,,,,,,,,,,,,,,,,,
CONOCOPHILLIPS COMMON STOCK USD.01,COP,COMMON STOCK,20825C104,US20825C1045,2685717,1920408.0,259043835.12,1.2322944593359737,0,,ENERGY,UNITED STATES,AVLV,2026-08-21,,,,,,,,,,,,,,,,,,,,,,,
PROGRESSIVE CORP COMMON STOCK USD1.0,PGR,COMMON STOCK,743315103,US7433151039,2705024,1114097.0,245480132.98,1.1677707273295252,0,,FINANCIALS,UNITED STATES,AVLV,2026-08-21,,,,,,,,,,,,,,,,,,,,,,,
AMERICAN EXPRESS CO COMMON STOCK USD.2,AXP,COMMON STOCK,025816109,US0258161092,2026082,737386.0,244185373.9,1.1616114437483516,0,,FINANCIALS,UNITED STATES,AVLV,2026-08-21,,,,,,,,,,,,,,,,,,,,,,,
DEERE + CO COMMON STOCK USD1.0,DE,COMMON STOCK,244199105,US2441991054,2261203,370524.0,230073172.56,1.0944784524835343,0,,INDUSTRIALS,UNITED STATES,AVLV,2026-08-21,,,,,,,,,,,,,,,,,,,,,,,
SCHWAB (CHARLES) CORP COMMON STOCK USD.01,SCHW,COMMON STOCK,808513105,US8085131055,2779397,2092838.0,229772684.02,1.0930490018935812,0,,FINANCIALS,UNITED STATES,AVLV,2026-08-21,,,,,,,,,,,,,,,,,,,,,,,
CSX CORP COMMON STOCK USD1.0,CSX,COMMON STOCK,126408103,US1264081035,2160753,4481315.0,228412625.55,1.0865790833325875,0,,INDUSTRIALS,UNITED STATES,AVLV,2026-08-21,,,,,,,,,,,,,,,,,,,,,,,
TARGET CORP COMMON STOCK USD.0833,TGT,COMMON STOCK,87612E106,US87612E1064,2259101,1356369.0,214645394.25,1.0210871450916028,0,,CONSUMER STAPLES,UNITED STATES,AVLV,2026-08-21,,,,,,,,,,,,,,,,,,,,,,,
TRAVELERS COS INC/THE COMMON STOCK,TRV,COMMON STOCK,89417E109,US89417E1091,2769503,574875.0,209536188.75,0.9967822021604487,0,,FINANCIALS,UNITED STATES,AVLV,2026-08-21,,,,,,,,,,,,,,,,,,,,,,,
GENERAL MOTORS CO COMMON STOCK USD.01,GM,COMMON STOCK,37045V100,US37045V1008,B665KZ5,2426728.0,209062617.2,0.9945293803672034,0,,CONSUMER DISCRETIONARY,UNITED STATES,AVLV,2026-08-21,,,,,,,,,,,,,,,,,,,,,,,
QUALCOMM INC COMMON STOCK USD.0001,QCOM,COMMON STOCK,747525103,US7475251036,2714923,1244805.0,200089955.7,0.9518456351747145,0,,INFORMATION TECHNOLOGY,UNITED STATES,AVLV,2026-08-21,,,,,,,,,,,,,,,,,,,,,,,
EOG RESOURCES INC COMMON STOCK USD.01,EOG,COMMON STOCK,26875P101,US26875P1012,2318024,1307414.0,198975336.66,0.9465432937133703,0,,ENERGY,UNITED STATES,AVLV,2026-08-21,,,,,,,,,,,,,,,,,,,,,,,
CHUBB LTD COMMON STOCK,CB,COMMON STOCK,H1467J104,CH0044328745,B3BQMF6,558501.0,191493237.87,0.9109502873063651,0,,FINANCIALS,UNITED STATES,AVLV,2026-08-21,,,,,,,,,,,,,,,,,,,,,,,
MARATHON PETROLEUM CORP COMMON STOCK USD.01,MPC,COMMON STOCK,56585A102,US56585A1025,B3K3L40,524067.0,187736521.41,0.8930792544874997,0,,ENERGY,UNITED STATES,AVLV,2026-08-21,,,,,,,,,,,,,,,,,,,,,,,
ALLSTATE CORP COMMON STOCK USD.01,ALL,COMMON STOCK,020002101,US0200021014,2019952,732085.0,186344915.9,0.8864592638640595,0,,FINANCIALS,UNITED STATES,AVLV,2026-08-21,,,,,,,,,,,,,,,,,,,,,,,
ROSS STORES INC COMMON STOCK USD.01,ROST,COMMON STOCK,778296103,US7782961038,2746711,792931.0,181573269.69,0.8637601203628423,0,,CONSUMER DISCRETIONARY,UNITED STATES,AVLV,2026-08-21,,,,,,,,,,,,,,,,,,,,,,,
TARGA RESOURCES CORP COMMON STOCK USD.001,TRGP,COMMON STOCK,87612G101,US87612G1013,B55PZY3,584132.0,176553897.0,0.8398825200626308,0,,ENERGY,UNITED STATES,AVLV,2026-08-21,,,,,,,,,,,,,,,,,,,,,,,
WILLIAMS COS INC COMMON STOCK USD1.0,WMB,COMMON STOCK,969457100,US9694571004,2967181,2373568.0,170137354.24,0.8093584580343741,0,,ENERGY,UNITED STATES,AVLV,2026-08-21,,,,,,,,,,,,,,,,,,,,,,,
ROYAL CARIBBEAN CRUISES LTD COMMON STOCK USD.01,RCL,COMMON STOCK,V7780T103,LR0008862868,2754907,564253.0,162290447.86,0.7720300296217748,0,,CONSUMER DISCRETIONARY,UNITED STATES,AVLV,2026-08-21,,,,,,,,,,,,,,,,,,,,,,,
NETFLIX INC COMMON STOCK USD.001,NFLX,COMMON STOCK,64110L106,US64110L1061,2857817,2009835.0,161068176.9,0.7662155784455191,0,,COMMUNICATION SERVICES,UNITED STATES,AVLV,2026-08-21,,,,,,,,,,,,,,,,,,,,,,,
DELTA AIR LINES INC COMMON STOCK USD.0001,DAL,COMMON STOCK,247361702,US2473617023,B1W9D46,1942749.0,157479233.94,0.7491426590207735,0,,INDUSTRIALS,UNITED STATES,AVLV,2026-08-21,,,,,,,,,,,,,,,,,,,,,,,
WW GRAINGER INC COMMON STOCK USD.5,GWW,COMMON STOCK,384802104,US3848021040,2380863,116631.0,151659954.54,0.721459831677571,0,,INDUSTRIALS,UNITED STATES,AVLV,2026-08-21,,,,,,,,,,,,,,,,,,,,,,,
AMERIPRISE FINANCIAL INC COMMON STOCK USD.01,AMP,COMMON STOCK,03076C106,US03076C1062,B0J7D57,277126.0,151612863.34,0.7212358146697291,0,,FINANCIALS,UNITED STATES,AVLV,2026-08-21,,,,,,,,,,,,,,,,,,,,,,,
CHEVRON CORP COMMON STOCK USD.75,CVX,COMMON STOCK,166764100,US1667641005,2838555,700606.0,144163696.62,0.6857994690355103,0,,ENERGY,UNITED STATES,AVLV,2026-08-21,,,,,,,,,,,,,,,,,,,,,,,
UNITED PARCEL SERVICE CL B COMMON STOCK USD.01,UPS,COMMON STOCK,911312106,US9113121068,2517382,1386418.0,142218758.44,0.676547225908957,0,,INDUSTRIALS,UNITED STATES,AVLV,2026-08-21,,,,,,,,,,,,,,,,,,,,,,,
CHENIERE ENERGY INC COMMON STOCK USD.003,LNG,COMMON STOCK,16411R208,US16411R2085,2654364,466757.0,130304551.69,0.6198702895186081,0,,ENERGY,UNITED STATES,AVLV,2026-08-21,,,,,,,,,,,,,,,,,,,,,,,
FEDEX CORP COMMON STOCK USD.1,FDX,COMMON STOCK,31428X106,US31428X1063,2142784,394090.0,128489103.6,0.611234042215202,0,,INDUSTRIALS,UNITED STATES,AVLV,2026-08-21,,,,,,,,,,,,,,,,,,,,,,,
T MOBILE US INC COMMON STOCK USD.0001,TMUS,COMMON STOCK,872590104,US8725901040,B94Q9V0,704379.0,127647562.38,0.6072307561218331,0,,COMMUNICATION SERVICES,UNITED STATES,AVLV,2026-08-21,,,,,,,,,,,,,,,,,,,,,,,
CENTENE CORP COMMON STOCK USD.001,CNC,COMMON STOCK,15135B101,US15135B1017,2807061,1989999.0,127638535.86,0.6071878161669876,0,,HEALTH CARE,UNITED STATES,AVLV,2026-08-21,,,,,,,,,,,,,,,,,,,,,,,
COMCAST CORP CLASS A COMMON STOCK USD.01,CMCSA,COMMON STOCK,20030N101,US20030N1019,2044545,4743307.0,125318170.94,0.5961496347980737,0,,COMMUNICATION SERVICES,UNITED STATES,AVLV,2026-08-21,,,,,,,,,,,,,,,,,,,,,,,
HARTFORD INSURANCE GROUP INC COMMON STOCK USD.01,HIG,COMMON STOCK,416515104,US4165151048,2476193,891401.0,122228905.12,0.5814537237695852,0,,FINANCIALS,UNITED STATES,AVLV,2026-08-21,,,,,,,,,,,,,,,,,,,,,,,
UNITED AIRLINES HOLDINGS INC COMMON STOCK USD.01,UAL,COMMON STOCK,910047109,US9100471096,B4QG225,1093956.0,122205824.76,0.5813439284535364,0,,INDUSTRIALS,UNITED STATES,AVLV,2026-08-21,,,,,,,,,,,,,,,,,,,,,,,
CAPITAL ONE FINANCIAL CORP COMMON STOCK USD.01,COF,COMMON STOCK,14040H105,US14040H1059,2654461,572702.0,121687720.96,0.5788792628041679,0,,FINANCIALS,UNITED STATES,AVLV,2026-08-21,,,,,,,,,,,,,,,,,,,,,,,
MERCK + CO. INC. COMMON STOCK USD.5,MRK,COMMON STOCK,58933Y105,US58933Y1055,2778844,782526.0,116588548.74,0.5546220490743177,0,,HEALTH CARE,UNITED STATES,AVLV,2026-08-21,,,,,,,,,,,,,,,,,,,,,,,
FLEX LTD COMMON STOCK,FLEX,COMMON STOCK,Y2573F102,SG9999000020,2353058,1045357.0,115323784.24,0.5486054523659157,0,,INFORMATION TECHNOLOGY,UNITED STATES,AVLV,2026-08-21,,,,,,,,,,,,,,,,,,,,,,,
CHIPOTLE MEXICAN GRILL INC COMMON STOCK USD.01,CMG,COMMON STOCK,169656105,US1696561059,B0X7DZ3,3175779.0,112073240.91,0.5331423299428906,0,,CONSUMER DISCRETIONARY,UNITED STATES,AVLV,2026-08-21,,,,,,,,,,,,,,,,,,,,,,,
PRUDENTIAL FINANCIAL INC COMMON STOCK USD.01,PRU,COMMON STOCK,744320102,US7443201022,2819118,926504.0,111727117.36,0.5314957895698563,0,,FINANCIALS,UNITED STATES,AVLV,2026-08-21,,,,,,,,,,,,,,,,,,,,,,,
AMERICAN INTERNATIONAL GROUP COMMON STOCK USD2.5,AIG,COMMON STOCK,026874784,US0268747849,2027342,1467876.0,111191607.0,0.5289483193733959,0,,FINANCIALS,UNITED STATES,AVLV,2026-08-21,,,,,,,,,,,,,,,,,,,,,,,
DEVON ENERGY CORP COMMON STOCK USD.1,DVN,COMMON STOCK,25179M103,US25179M1036,2480677,2216113.0,109254370.9,0.5197327157233428,0,,ENERGY,UNITED STATES,AVLV,2026-08-21,,,,,,,,,,,,,,,,,,,,,,,
NORTHERN TRUST CORP COMMON STOCK USD1.666666,NTRS,COMMON STOCK,665859104,US6658591044,2648668,583273.0,106453155.23,0.5064070847622855,0,,FINANCIALS,UNITED STATES,AVLV,2026-08-21,,,,,,,,,,,,,,,,,,,,,,,
DEXCOM INC COMMON STOCK USD.001,DXCM,COMMON STOCK,252131107,US2521311074,B0796X4,1164345.0,105047205.9,0.49971885931710724,0,,HEALTH CARE,UNITED STATES,AVLV,2026-08-21,,,,,,,,,,,,,,,,,,,,,,,
KROGER CO COMMON STOCK USD1.0,KR,COMMON STOCK,501044101,US5010441013,2497406,1854119.0,104423982.08,0.49675412842530114,0,,CONSUMER STAPLES,UNITED STATES,AVLV,2026-08-21,,,,,,,,,,,,,,,,,,,,,,,
CARNIVAL CORP LTD COMMON STOCK USD.01,CCL,COMMON STOCK,G2004J103,BMG2004J1036,BVV7RC7,4070654.0,103272491.98,0.4912763880669834,0,,CONSUMER DISCRETIONARY,UNITED STATES,AVLV,2026-08-21,,,,,,,,,,,,,,,,,,,,,,,
FREEPORT MCMORAN INC COMMON STOCK USD.1,FCX,COMMON STOCK,35671D857,US35671D8570,2352118,1414325.0,100728226.5,0.47917309191005547,0,,MATERIALS,UNITED STATES,AVLV,2026-08-21,,,,,,,,,,,,,,,,,,,,,,,
COREWEAVE INC CL A COMMON STOCK USD.0001,CRWV,COMMON STOCK,21873S108,US21873S1087,BTTRKN7,1110669.0,99693649.44,0.47425151723446624,0,,INFORMATION TECHNOLOGY,UNITED STATES,AVLV,2026-08-21,,,,,,,,,,,,,,,,,,,,,,,
OCCIDENTAL PETROLEUM CORP COMMON STOCK USD.2,OXY,COMMON STOCK,674599105,US6745991058,2655408,1607067.0,98866761.84,0.4703179397088648,0,,ENERGY,UNITED STATES,AVLV,2026-08-21,,,,,,,,,,,,,,,,,,,,,,,
METLIFE INC COMMON STOCK USD.01,MET,COMMON STOCK,59156R108,US59156R1086,2573209,1056652.0,98754695.92,0.469784832205139,0,,FINANCIALS,UNITED STATES,AVLV,2026-08-21,,,,,,,,,,,,,,,,,,,,,,,
DIAMONDBACK ENERGY INC COMMON STOCK USD.01,FANG,COMMON STOCK,25278X109,US25278X1090,B7Y8YR3,467133.0,98574405.66,0.46892717547546875,0,,ENERGY,UNITED STATES,AVLV,2026-08-21,,,,,,,,,,,,,,,,,,,,,,,
ARCH CAPITAL GROUP LTD COMMON STOCK USD.01,ACGL,COMMON STOCK,G0450A105,BMG0450A1053,2740542,986507.0,97970010.17,0.46605201261652784,0,,FINANCIALS,UNITED STATES,AVLV,2026-08-21,,,,,,,,,,,,,,,,,,,,,,,
CUMMINS INC COMMON STOCK USD2.5,CMI,COMMON STOCK,231021106,US2310211063,2240202,164219.0,97059997.76,0.46172300300990865,0,,INDUSTRIALS,UNITED STATES,AVLV,2026-08-21,,,,,,,,,,,,,,,,,,,,,,,
WILLIAMS SONOMA INC COMMON STOCK USD.01,WSM,COMMON STOCK,969904101,US9699041011,2967589,409138.0,96433826.6,0.4587442513607657,0,,CONSUMER DISCRETIONARY,UNITED STATES,AVLV,2026-08-21,,,,,,,,,,,,,,,,,,,,,,,
OLD DOMINION FREIGHT LINE COMMON STOCK USD.1,ODFL,COMMON STOCK,679580100,US6795801009,2656423,470647.0,96256724.44,0.45790176070506905,0,,INDUSTRIALS,UNITED STATES,AVLV,2026-08-21,,,,,,,,,,,,,,,,,,,,,,,
TECHNIPFMC PLC COMMON STOCK USD1.0,FTI,COMMON STOCK,G87110105,GB00BDSFG982,BDSFG98,1231972.0,95625666.64,0.4548997628767845,0,,ENERGY,UNITED STATES,AVLV,2026-08-21,,,,,,,,,,,,,,,,,,,,,,,
ATI INC COMMON STOCK USD.1,ATI,COMMON STOCK,01741R102,US01741R1023,2526117,454451.0,95080238.22,0.4523051115907617,0,,INDUSTRIALS,UNITED STATES,AVLV,2026-08-21,,,,,,,,,,,,,,,,,,,,,,,
PAYPAL HOLDINGS INC COMMON STOCK,PYPL,COMMON STOCK,70450Y103,US70450Y1038,BYW36M8,1516565.0,94481999.5,0.44945923703182944,0,,FINANCIALS,UNITED STATES,AVLV,2026-08-21,,,,,,,,,,,,,,,,,,,,,,,
VALERO ENERGY CORP COMMON STOCK USD.01,VLO,COMMON STOCK,91913Y100,US91913Y1001,2041364,271760.0,92808757.6,0.4414994771651504,0,,ENERGY,UNITED STATES,AVLV,2026-08-21,,,,,,,,,,,,,,,,,,,,,,,
SYNCHRONY FINANCIAL COMMON STOCK USD.001,SYF,COMMON STOCK,87165B103,US87165B1035,BP96PS6,1151143.0,88304179.53,0.42007080045205325,0,,FINANCIALS,UNITED STATES,AVLV,2026-08-21,,,,,,,,,,,,,,,,,,,,,,,
DOLLAR GENERAL CORP COMMON STOCK USD.875,DG,COMMON STOCK,256677105,US2566771059,B5B1S13,727298.0,87697592.84,0.4171852138607041,0,,CONSUMER STAPLES,UNITED STATES,AVLV,2026-08-21,,,,,,,,,,,,,,,,,,,,,,,
DOLLAR TREE INC COMMON STOCK USD.01,DLTR,COMMON STOCK,256746108,US2567461080,2272476,680135.0,87363340.75,0.41559514707398565,0,,CONSUMER STAPLES,UNITED STATES,AVLV,2026-08-21,,,,,,,,,,,,,,,,,,,,,,,
FASTENAL CO COMMON STOCK USD.01,FAST,COMMON STOCK,311900104,US3119001044,2332262,1674325.0,84821304.5,0.4035024555615431,0,,INDUSTRIALS,UNITED STATES,AVLV,2026-08-21,,,,,,,,,,,,,,,,,,,,,,,
EXPEDITORS INTL WASH INC COMMON STOCK USD.01,EXPD,COMMON STOCK,302130109,US3021301094,2325507,448575.0,83614380.0,0.3977610088542788,0,,INDUSTRIALS,UNITED STATES,AVLV,2026-08-21,,,,,,,,,,,,,,,,,,,,,,,
ULTA BEAUTY INC COMMON STOCK,ULTA,COMMON STOCK,90384S303,US90384S3031,B28TS42,158959.0,81886139.26,0.38953961463613757,0,,CONSUMER DISCRETIONARY,UNITED STATES,AVLV,2026-08-21,,,,,,,,,,,,,,,,,,,,,,,
BEST BUY CO INC COMMON STOCK USD.1,BBY,COMMON STOCK,086516101,US0865161014,2094670,934034.0,80074734.82,0.38092260333380507,0,,CONSUMER DISCRETIONARY,UNITED STATES,AVLV,2026-08-21,,,,,,,,,,,,,,,,,,,,,,,
CF INDUSTRIES HOLDINGS INC COMMON STOCK USD.01,CF,COMMON STOCK,125269100,US1252691001,B0G4K50,628269.0,78973413.3,0.37568351935245964,0,,MATERIALS,UNITED STATES,AVLV,2026-08-21,,,,,,,,,,,,,,,,,,,,,,,
BURLINGTON STORES INC COMMON STOCK USD.0001,BURL,COMMON STOCK,122017106,US1220171060,BF311Y5,228634.0,76187707.82,0.36243167173850027,0,,CONSUMER DISCRETIONARY,UNITED STATES,AVLV,2026-08-21,,,,,,,,,,,,,,,,,,,,,,,
PACKAGING CORP OF AMERICA COMMON STOCK USD.01,PKG,COMMON STOCK,695156109,US6951561090,2504566,303513.0,75744704.28,0.3603242646753083,0,,MATERIALS,UNITED STATES,AVLV,2026-08-21,,,,,,,,,,,,,,,,,,,,,,,
T ROWE PRICE GROUP INC COMMON STOCK USD.2,TROW,COMMON STOCK,74144T108,US74144T1088,2702337,673932.0,75608431.08,0.35967600099731656,0,,FINANCIALS,UNITED STATES,AVLV,2026-08-21,,,,,,,,,,,,,,,,,,,,,,,
EQT CORP COMMON STOCK,EQT,COMMON STOCK,26884L109,US26884L1098,2319414,1398111.0,75344201.79,0.3584190388699977,0,,ENERGY,UNITED STATES,AVLV,2026-08-21,,,,,,,,,,,,,,,,,,,,,,,
PRINCIPAL FINANCIAL GROUP COMMON STOCK USD.01,PFG,COMMON STOCK,74251V102,US74251V1026,2803014,681472.0,75329914.88,0.35835107477416855,0,,FINANCIALS,UNITED STATES,AVLV,2026-08-21,,,,,,,,,,,,,,,,,,,,,,,
APA CORP COMMON STOCK USD.625,APA,COMMON STOCK,03743Q108,US03743Q1085,BNNF1C1,1673121.0,74269841.19,0.3533082103722047,0,,ENERGY,UNITED STATES,AVLV,2026-08-21,,,,,,,,,,,,,,,,,,,,,,,
HALLIBURTON CO COMMON STOCK USD2.5,HAL,COMMON STOCK,406216101,US4062161017,2405302,2073471.0,74002179.99,0.3520349223451555,0,,ENERGY,UNITED STATES,AVLV,2026-08-21,,,,,,,,,,,,,,,,,,,,,,,
HUNT (JB) TRANSPRT SVCS INC COMMON STOCK USD.01,JBHT,COMMON STOCK,445658107,US4456581077,2445416,265722.0,72932717.34,0.3469473938291757,0,,INDUSTRIALS,UNITED STATES,AVLV,2026-08-21,,,,,,,,,,,,,,,,,,,,,,,
DOORDASH INC   A COMMON STOCK USD.00001,DASH,COMMON STOCK,25809K105,US25809K1051,BN13P03,327495.0,72821788.2,0.3464196940885601,0,,CONSUMER DISCRETIONARY,UNITED STATES,AVLV,2026-08-21,,,,,,,,,,,,,,,,,,,,,,,
SSC GOVERNMENT MM GVMXX,OTHER,SWEEP INVESTMENT VEHICLE,7839989D1,,,71096758.0,71096757.97,0.3382135725507465,3.595396,12/31/2030,MISCELLANEOUS,UNITED STATES,AVLV,2026-08-21,,,,,,,,,,,,,,,,,,,,,,,
LPL FINANCIAL HOLDINGS INC COMMON STOCK,LPLA,COMMON STOCK,50212V100,US50212V1008,B75JX34,200565.0,71004021.3,0.33777241600067714,0,,FINANCIALS,UNITED STATES,AVLV,2026-08-21,,,,,,,,,,,,,,,,,,,,,,,
PERMIAN RESOURCES CORP CL A COMMON STOCK USD.0001,PR,COMMON STOCK,71424F105,US71424F1057,BQPCHB2,2973087.0,70967586.69,0.33759909333499677,0,,ENERGY,UNITED STATES,AVLV,2026-08-21,,,,,,,,,,,,,,,,,,,,,,,
LYONDELLBASELL INDU CL A COMMON STOCK EUR.04,LYB,COMMON STOCK,N53745100,NL0009434992,B3SPXZ3,1033450.0,70377945.0,0.3347941156089532,0,,MATERIALS,UNITED STATES,AVLV,2026-08-21,,,,,,,,,,,,,,,,,,,,,,,
GILEAD SCIENCES INC COMMON STOCK USD.001,GILD,COMMON STOCK,375558103,US3755581036,2369174,460667.0,66078074.48,0.3143392508359564,0,,HEALTH CARE,UNITED STATES,AVLV,2026-08-21,,,,,,,,,,,,,,,,,,,,,,,
ON SEMICONDUCTOR COMMON STOCK USD.01,ON,COMMON STOCK,682189105,US6821891057,2583576,847103.0,63287065.13,0.3010621722428038,0,,INFORMATION TECHNOLOGY,UNITED STATES,AVLV,2026-08-21,,,,,,,,,,,,,,,,,,,,,,,
SMURFIT WESTROCK PLC COMMON STOCK,SW,COMMON STOCK,G8267P108,IE00028FXN24,BRK49M5,1299308.0,62613652.52,0.297858688833266,0,,MATERIALS,UNITED STATES,AVLV,2026-08-21,,,,,,,,,,,,,,,,,,,,,,,
TALEN ENERGY CORP COMMON STOCK USD.001,TLN,COMMON STOCK,87422Q109,US87422Q1094,BRRF114,195590.0,62000074.1,0.2949398419632609,0,,UTILITIES,UNITED STATES,AVLV,2026-08-21,,,,,,,,,,,,,,,,,,,,,,,
BORGWARNER INC COMMON STOCK USD.01,BWA,COMMON STOCK,099724106,US0997241064,2111955,936490.0,60684552.0,0.2886817868575948,0,,CONSUMER DISCRETIONARY,UNITED STATES,AVLV,2026-08-21,,,,,,,,,,,,,,,,,,,,,,,
PHILLIPS 66 COMMON STOCK,PSX,COMMON STOCK,718546104,US7185461040,B78C4Y8,243965.0,58551600.0,0.27853514534260965,0,,ENERGY,UNITED STATES,AVLV,2026-08-21,,,,,,,,,,,,,,,,,,,,,,,
TRACTOR SUPPLY COMPANY COMMON STOCK USD.008,TSCO,COMMON STOCK,892356106,US8923561067,2900335,1661737.0,58243881.85,0.277071302857779,0,,CONSUMER DISCRETIONARY,UNITED STATES,AVLV,2026-08-21,,,,,,,,,,,,,,,,,,,,,,,
EAST WEST BANCORP INC COMMON STOCK USD.001,EWBC,COMMON STOCK,27579R104,US27579R1041,2487407,447767.0,58160455.63,0.2766744369427043,0,,FINANCIALS,UNITED STATES,AVLV,2026-08-21,,,,,,,,,,,,,,,,,,,,,,,
EXELIXIS INC COMMON STOCK USD.001,EXEL,COMMON STOCK,30161Q104,US30161Q1040,2576941,1076312.0,57787191.28,0.27489878538103113,0,,HEALTH CARE,UNITED STATES,AVLV,2026-08-21,,,,,,,,,,,,,,,,,,,,,,,
RENAISSANCERE HOLDINGS LTD COMMON STOCK USD1.0,RNR,COMMON STOCK,G7496G103,BMG7496G1033,2728429,175280.0,56466452.0,0.26861591168817744,0,,FINANCIALS,UNITED STATES,AVLV,2026-08-21,,,,,,,,,,,,,,,,,,,,,,,
TEXAS ROADHOUSE INC COMMON STOCK USD.001,TXRH,COMMON STOCK,882681109,US8826811098,B033TJ7,276335.0,55595838.65,0.26447432689836015,0,,CONSUMER DISCRETIONARY,UNITED STATES,AVLV,2026-08-21,,,,,,,,,,,,,,,,,,,,,,,
DECKERS OUTDOOR CORP COMMON STOCK USD.01,DECK,COMMON STOCK,243537107,US2435371073,2267278,616521.0,54784056.06,0.26061260524272223,0,,CONSUMER DISCRETIONARY,UNITED STATES,AVLV,2026-08-21,,,,,,,,,,,,,,,,,,,,,,,
JAZZ PHARMACEUTICALS PLC COMMON STOCK USD.0001,JAZZ,COMMON STOCK,G50871105,IE00B4Q5ZN47,B4Q5ZN4,212611.0,52876355.7,0.25153750572293543,0,,HEALTH CARE,UNITED STATES,AVLV,2026-08-21,,,,,,,,,,,,,,,,,,,,,,,
AUTOMATIC DATA PROCESSING COMMON STOCK USD.1,ADP,COMMON STOCK,053015103,US0530151036,2065308,184573.0,51534627.33,0.24515478507058341,0,,INDUSTRIALS,UNITED STATES,AVLV,2026-08-21,,,,,,,,,,,,,,,,,,,,,,,
NORFOLK SOUTHERN CORP COMMON STOCK USD1.0,NSC,COMMON STOCK,655844108,US6558441084,2641894,148305.0,51405479.1,0.24454041550572453,0,,INDUSTRIALS,UNITED STATES,AVLV,2026-08-21,,,,,,,,,,,,,,,,,,,,,,,
OWENS CORNING COMMON STOCK USD.001,OC,COMMON STOCK,690742101,US6907421019,B1FW7Q2,347963.0,51206235.08,0.2435925940615736,0,,INDUSTRIALS,UNITED STATES,AVLV,2026-08-21,,,,,,,,,,,,,,,,,,,,,,,
VIKING HOLDINGS LTD COMMON STOCK USD.01,VIK,COMMON STOCK,G93A5A101,BMG93A5A1010,BRDXKH1,554818.0,50227673.54,0.23893749017422317,0,,CONSUMER DISCRETIONARY,UNITED STATES,AVLV,2026-08-21,,,,,,,,,,,,,,,,,,,,,,,
LULULEMON ATHLETICA INC COMMON STOCK USD.005,LULU,COMMON STOCK,550021109,US5500211090,B23FN39,423523.0,48997375.87,0.2330848552278148,0,,CONSUMER DISCRETIONARY,UNITED STATES,AVLV,2026-08-21,,,,,,,,,,,,,,,,,,,,,,,
SOUTHWEST AIRLINES CO COMMON STOCK USD1.0,LUV,COMMON STOCK,844741108,US8447411088,2831543,1196746.0,47738197.94,0.2270948343275362,0,,INDUSTRIALS,UNITED STATES,AVLV,2026-08-21,,,,,,,,,,,,,,,,,,,,,,,
RALPH LAUREN CORP COMMON STOCK USD.01,RL,COMMON STOCK,751212101,US7512121010,B4V9661,127734.0,47583469.68,0.22635877829511844,0,,CONSUMER DISCRETIONARY,UNITED STATES,AVLV,2026-08-21,,,,,,,,,,,,,,,,,,,,,,,
GLOBE LIFE INC COMMON STOCK USD1.0,GL,COMMON STOCK,37959E102,US37959E1029,BK6YKG1,277187.0,47257611.63,0.22480864269988607,0,,FINANCIALS,UNITED STATES,AVLV,2026-08-21,,,,,,,,,,,,,,,,,,,,,,,
HF SINCLAIR CORP COMMON STOCK,DINO,COMMON STOCK,403949100,US4039491000,BMZQ9C1,489671.0,45402295.12,0.21598273779260097,0,,ENERGY,UNITED STATES,AVLV,2026-08-21,,,,,,,,,,,,,,,,,,,,,,,
FIVE BELOW COMMON STOCK USD.01,FIVE,COMMON STOCK,33829M101,US33829M1018,B85KFY9,191098.0,45158368.38,0.2148223566932143,0,,CONSUMER DISCRETIONARY,UNITED STATES,AVLV,2026-08-21,,,,,,,,,,,,,,,,,,,,,,,
RYDER SYSTEM INC COMMON STOCK USD.5,R,COMMON STOCK,783549108,US7835491082,2760669,181066.0,44877208.1,0.2134848523474002,0,,INDUSTRIALS,UNITED STATES,AVLV,2026-08-21,,,,,,,,,,,,,,,,,,,,,,,
BJ S WHOLESALE CLUB HOLDINGS COMMON STOCK USD.01,BJ,COMMON STOCK,05550J101,US05550J1016,BFZNZF8,490314.0,44765668.2,0.21295424716738803,0,,CONSUMER STAPLES,UNITED STATES,AVLV,2026-08-21,,,,,,,,,,,,,,,,,,,,,,,
PRIMERICA INC COMMON STOCK,PRI,COMMON STOCK,74164M108,US74164M1080,B50K3X8,150622.0,44683522.52,0.21256347289447206,0,,FINANCIALS,UNITED STATES,AVLV,2026-08-21,,,,,,,,,,,,,,,,,,,,,,,
MURPHY USA INC COMMON STOCK USD.01,MUSA,COMMON STOCK,626755102,US6267551025,BCZWJ63,78283.0,44636966.6,0.21234200226098368,0,,CONSUMER DISCRETIONARY,UNITED STATES,AVLV,2026-08-21,,,,,,,,,,,,,,,,,,,,,,,
FIRST SOLAR INC COMMON STOCK USD.001,FSLR,COMMON STOCK,336433107,US3364331070,B1HMF22,205650.0,44021439.0,0.20941388296913874,0,,INFORMATION TECHNOLOGY,UNITED STATES,AVLV,2026-08-21,,,,,,,,,,,,,,,,,,,,,,,
VIASAT INC COMMON STOCK USD.0001,VSAT,COMMON STOCK,92552V100,US92552V1008,2946243,587107.0,43463531.21,0.20675986621510595,0,,INFORMATION TECHNOLOGY,UNITED STATES,AVLV,2026-08-21,,,,,,,,,,,,,,,,,,,,,,,
ALLY FINANCIAL INC COMMON STOCK USD.01,ALLY,COMMON STOCK,02005N100,US02005N1000,B72XK05,1026431.0,43407766.99,0.20649459088321723,0,,FINANCIALS,UNITED STATES,AVLV,2026-08-21,,,,,,,,,,,,,,,,,,,,,,,
EVERCORE INC   A COMMON STOCK USD.01,EVR,COMMON STOCK,29977A105,US29977A1051,B1BHXZ2,151105.0,43380734.45,0.20636599469698358,0,,FINANCIALS,UNITED STATES,AVLV,2026-08-21,,,,,,,,,,,,,,,,,,,,,,,
OSCAR HEALTH INC   CLASS A COMMON STOCK USD.00001,OSCR,COMMON STOCK,687793109,US6877931096,BKY83Q6,1366123.0,43128503.11,0.20516610788010986,0,,FINANCIALS,UNITED STATES,AVLV,2026-08-21,,,,,,,,,,,,,,,,,,,,,,,
ANTERO RESOURCES CORP COMMON STOCK USD.01,AR,COMMON STOCK,03674X106,US03674X1063,BFD2WR8,1138051.0,42859000.66,0.2038840608637868,0,,ENERGY,UNITED STATES,AVLV,2026-08-21,,,,,,,,,,,,,,,,,,,,,,,
BRINKER INTERNATIONAL INC COMMON STOCK USD.1,EAT,COMMON STOCK,109641100,US1096411004,2193544,179193.0,41769888.3,0.19870305693755708,0,,CONSUMER DISCRETIONARY,UNITED STATES,AVLV,2026-08-21,,,,,,,,,,,,,,,,,,,,,,,
EXPAND ENERGY CORP COMMON STOCK USD.01,EXE,COMMON STOCK,165167735,US1651677353,BMZ5LZ5,432537.0,41553829.59,0.19767524652430818,0,,ENERGY,UNITED STATES,AVLV,2026-08-21,,,,,,,,,,,,,,,,,,,,,,,
OVINTIV INC COMMON STOCK,OVV,COMMON STOCK,69047Q102,US69047Q1022,BJ01KB6,598987.0,39952432.9,0.19005726068275433,0,,ENERGY,UNITED STATES,AVLV,2026-08-21,,,,,,,,,,,,,,,,,,,,,,,
ASSURANT INC COMMON STOCK USD.01,AIZ,COMMON STOCK,04621X108,US04621X1081,2331430,139291.0,39280062.0,0.1868587327799192,0,,FINANCIALS,UNITED STATES,AVLV,2026-08-21,,,,,,,,,,,,,,,,,,,,,,,
JACKSON FINANCIAL INC A COMMON STOCK USD.01,JXN,COMMON STOCK,46817M107,US46817M1071,BMFX6P4,302618.0,39080088.52,0.1859074412299621,0,,FINANCIALS,UNITED STATES,AVLV,2026-08-21,,,,,,,,,,,,,,,,,,,,,,,
BAKER HUGHES CO COMMON STOCK USD.0001,BKR,COMMON STOCK,05722G100,US05722G1004,BDHLTQ5,619692.0,38904263.76,0.18507102727916605,0,,ENERGY,UNITED STATES,AVLV,2026-08-21,,,,,,,,,,,,,,,,,,,,,,,
VIATRIS INC COMMON STOCK,VTRS,COMMON STOCK,92556V106,US92556V1061,BMWS3X9,2424803.0,38796848.0,0.18456004099828413,0,,HEALTH CARE,UNITED STATES,AVLV,2026-08-21,,,,,,,,,,,,,,,,,,,,,,,
TORO CO COMMON STOCK USD1.0,TTC,COMMON STOCK,891092108,US8910921084,2897040,379936.0,37153941.44,0.17674458902986778,0,,INDUSTRIALS,UNITED STATES,AVLV,2026-08-21,,,,,,,,,,,,,,,,,,,,,,,
SPROUTS FARMERS MARKET INC COMMON STOCK USD.001,SFM,COMMON STOCK,85208M102,US85208M1027,BCGCR79,471606.0,36964478.28,0.17584329600273155,0,,CONSUMER STAPLES,UNITED STATES,AVLV,2026-08-21,,,,,,,,,,,,,,,,,,,,,,,
ENCOMPASS HEALTH CORP COMMON STOCK USD.01,EHC,COMMON STOCK,29261A100,US29261A1007,BYX2YJ7,305643.0,36955295.13,0.17579961094510796,0,,HEALTH CARE,UNITED STATES,AVLV,2026-08-21,,,,,,,,,,,,,,,,,,,,,,,
AUTOLIV INC COMMON STOCK USD1.0,ALV,COMMON STOCK,052800109,US0528001094,2064253,300717.0,36594251.73,0.17408209552462428,0,,CONSUMER DISCRETIONARY,UNITED STATES,AVLV,2026-08-21,,,,,,,,,,,,,,,,,,,,,,,
RANGE RESOURCES CORP COMMON STOCK USD.01,RRC,COMMON STOCK,75281A109,US75281A1097,2523334,890821.0,36229690.07,0.1723478434298149,0,,ENERGY,UNITED STATES,AVLV,2026-08-21,,,,,,,,,,,,,,,,,,,,,,,
CHORD ENERGY CORP COMMON STOCK,CHRD,COMMON STOCK,674215207,US6742152076,BLDDYB1,241887.0,35995204.47,0.17123237466932417,0,,ENERGY,UNITED STATES,AVLV,2026-08-21,,,,,,,,,,,,,,,,,,,,,,,
FACTSET RESEARCH SYSTEMS INC COMMON STOCK USD.01,FDS,COMMON STOCK,303075105,US3030751057,2329770,118376.0,35519902.56,0.1689713214003534,0,,FINANCIALS,UNITED STATES,AVLV,2026-08-21,,,,,,,,,,,,,,,,,,,,,,,
LAS VEGAS SANDS CORP COMMON STOCK USD.001,LVS,COMMON STOCK,517834107,US5178341070,B02T2J7,767681.0,35290295.57,0.16787906061958346,0,,CONSUMER DISCRETIONARY,UNITED STATES,AVLV,2026-08-21,,,,,,,,,,,,,,,,,,,,,,,
SOLSTICE ADV MATERIALS INC COMMON STOCK,SOLS,COMMON STOCK,83443Q103,US83443Q1031,BW2K5V7,612228.0,34664349.36,0.16490137907750765,0,,MATERIALS,UNITED STATES,AVLV,2026-08-21,,,,,,,,,,,,,,,,,,,,,,,
NORWEGIAN CRUISE LINE HOLDIN COMMON STOCK USD.001,NCLH,COMMON STOCK,G66721104,BMG667211046,B9CGTC3,2048800.0,34317400.0,0.16325091025318644,0,,CONSUMER DISCRETIONARY,UNITED STATES,AVLV,2026-08-21,,,,,,,,,,,,,,,,,,,,,,,
AIR PRODUCTS + CHEMICALS INC COMMON STOCK USD1.0,APD,COMMON STOCK,009158106,US0091581068,2011602,113832.0,34187164.56,0.1626313687340963,0,,MATERIALS,UNITED STATES,AVLV,2026-08-21,,,,,,,,,,,,,,,,,,,,,,,
EVEREST GROUP LTD COMMON STOCK USD.01,EG,COMMON STOCK,G3223R108,BMG3223R1088,2556868,91926.0,33861861.36,0.16108387260944015,0,,FINANCIALS,UNITED STATES,AVLV,2026-08-21,,,,,,,,,,,,,,,,,,,,,,,
NVR INC COMMON STOCK USD.01,NVR,COMMON STOCK,62944T105,US62944T1051,2637785,5366.0,33805800.0,0.16081718375626272,0,,CONSUMER DISCRETIONARY,UNITED STATES,AVLV,2026-08-21,,,,,,,,,,,,,,,,,,,,,,,
FIRST CITIZENS BCSHS   CL A COMMON STOCK USD1.0,FCNCA,COMMON STOCK,31946M103,US31946M1036,2355582,15706.0,33787218.38,0.1607287893447112,0,,FINANCIALS,UNITED STATES,AVLV,2026-08-21,,,,,,,,,,,,,,,,,,,,,,,
ACCENTURE PLC CL A COMMON STOCK USD.0000225,ACN,COMMON STOCK,G1151C101,IE00B4BNMY34,B4BNMY3,184935.0,33537962.25,0.15954305586523176,0,,INFORMATION TECHNOLOGY,UNITED STATES,AVLV,2026-08-21,,,,,,,,,,,,,,,,,,,,,,,
INTERDIGITAL INC COMMON STOCK USD.01,IDCC,COMMON STOCK,45867G101,US45867G1013,2465737,97861.0,33461611.73,0.15917984968153764,0,,INFORMATION TECHNOLOGY,UNITED STATES,AVLV,2026-08-21,,,,,,,,,,,,,,,,,,,,,,,
ARGAN INC COMMON STOCK USD.15,AGX,COMMON STOCK,04010E109,US04010E1091,2804501,64739.0,33442872.62,0.159090706076112,0,,INDUSTRIALS,UNITED STATES,AVLV,2026-08-21,,,,,,,,,,,,,,,,,,,,,,,
RAYMOND JAMES FINANCIAL INC COMMON STOCK USD.01,RJF,COMMON STOCK,754730109,US7547301090,2718992,193113.0,33283025.55,0.15833029941130625,0,,FINANCIALS,UNITED STATES,AVLV,2026-08-21,,,,,,,,,,,,,,,,,,,,,,,
AMERICAN FINANCIAL GROUP INC COMMON STOCK,AFG,COMMON STOCK,025932104,US0259321042,2134532,230929.0,33172950.85,0.1578066643174225,0,,FINANCIALS,UNITED STATES,AVLV,2026-08-21,,,,,,,,,,,,,,,,,,,,,,,
FORTINET INC COMMON STOCK USD.001,FTNT,COMMON STOCK,34959E109,US34959E1091,B5B2106,215299.0,32464936.21,0.15443857598752042,0,,INFORMATION TECHNOLOGY,UNITED STATES,AVLV,2026-08-21,,,,,,,,,,,,,,,,,,,,,,,
ZIONS BANCORP NA COMMON STOCK USD.001,ZION,COMMON STOCK,989701107,US9897011071,2989828,477982.0,32450197.98,0.15436846492249157,0,,FINANCIALS,UNITED STATES,AVLV,2026-08-21,,,,,,,,,,,,,,,,,,,,,,,
AXIS CAPITAL HOLDINGS LTD COMMON STOCK USD.0125,AXS,COMMON STOCK,G0692U109,BMG0692U1099,2677606,319533.0,31505953.8,0.14987661175511077,0,,FINANCIALS,UNITED STATES,AVLV,2026-08-21,,,,,,,,,,,,,,,,,,,,,,,
COREBRIDGE FINANCIAL INC COMMON STOCK USD.01,CRBG,COMMON STOCK,21871X109,US21871X1090,BMTX0G9,990252.0,31499916.12,0.14984788997677623,0,,FINANCIALS,UNITED STATES,AVLV,2026-08-21,,,,,,,,,,,,,,,,,,,,,,,
COMFORT SYSTEMS USA INC COMMON STOCK USD.01,FIX,COMMON STOCK,199908104,US1999081045,2036047,18600.0,31116684.0,0.1480248208506694,0,,INDUSTRIALS,UNITED STATES,AVLV,2026-08-21,,,,,,,,,,,,,,,,,,,,,,,
HANOVER INSURANCE GROUP INC/ COMMON STOCK USD.01,THG,COMMON STOCK,410867105,US4108671052,2020415,133340.0,29749487.4,0.1415209455732573,0,,FINANCIALS,UNITED STATES,AVLV,2026-08-21,,,,,,,,,,,,,,,,,,,,,,,
ONEOK INC COMMON STOCK USD.01,OKE,COMMON STOCK,682680103,US6826801036,2130109,312768.0,29587852.8,0.14075203546997417,0,,ENERGY,UNITED STATES,AVLV,2026-08-21,,,,,,,,,,,,,,,,,,,,,,,
NEWMARKET CORP COMMON STOCK,NEU,COMMON STOCK,651587107,US6515871076,B01CGF1,31734.0,29436775.74,0.1400333485192327,0,,MATERIALS,UNITED STATES,AVLV,2026-08-21,,,,,,,,,,,,,,,,,,,,,,,
SM ENERGY CO COMMON STOCK USD.01,SM,COMMON STOCK,78454L100,US78454L1008,2764188,779640.0,29345649.6,0.13959985340296924,0,,ENERGY,UNITED STATES,AVLV,2026-08-21,,,,,,,,,,,,,,,,,,,,,,,
UNIVERSAL HEALTH SERVICES B COMMON STOCK USD.01,UHS,COMMON STOCK,913903100,US9139031002,2923785,165905.0,28679997.35,0.13643328671305155,0,,HEALTH CARE,UNITED STATES,AVLV,2026-08-21,,,,,,,,,,,,,,,,,,,,,,,
ONEMAIN HOLDINGS INC COMMON STOCK USD.01,OMF,COMMON STOCK,68268W103,US68268W1036,BYSZB89,441272.0,27226482.4,0.12951878740208642,0,,FINANCIALS,UNITED STATES,AVLV,2026-08-21,,,,,,,,,,,,,,,,,,,,,,,
ANTERO MIDSTREAM CORP COMMON STOCK,AM,COMMON STOCK,03676B102,US03676B1026,BJBT0Q4,1216846.0,27086991.96,0.1288552190285611,0,,ENERGY,UNITED STATES,AVLV,2026-08-21,,,,,,,,,,,,,,,,,,,,,,,
UMB FINANCIAL CORP COMMON STOCK USD1.0,UMBF,COMMON STOCK,902788108,US9027881088,2918510,168352.0,24555822.72,0.1168142228448506,0,,FINANCIALS,UNITED STATES,AVLV,2026-08-21,,,,,,,,,,,,,,,,,,,,,,,
ENERSYS COMMON STOCK USD.01,ENS,COMMON STOCK,29275Y102,US29275Y1029,B020GQ5,129052.0,24516008.44,0.11662482278974519,0,,INDUSTRIALS,UNITED STATES,AVLV,2026-08-21,,,,,,,,,,,,,,,,,,,,,,,
LINCOLN NATIONAL CORP COMMON STOCK,LNC,COMMON STOCK,534187109,US5341871094,2516378,579958.0,24346636.84,0.11581910709243017,0,,FINANCIALS,UNITED STATES,AVLV,2026-08-21,,,,,,,,,,,,,,,,,,,,,,,
LITHIA MOTORS INC COMMON STOCK,LAD,COMMON STOCK,536797103,US5367971034,2515030,65639.0,24330408.13,0.11574190568207463,0,,CONSUMER DISCRETIONARY,UNITED STATES,AVLV,2026-08-21,,,,,,,,,,,,,,,,,,,,,,,
VIRTU FINANCIAL INC CLASS A COMMON STOCK USD.00001,VIRT,COMMON STOCK,928254101,US9282541013,BWTVWD4,391075.0,23929879.25,0.1138365543371974,0,,FINANCIALS,UNITED STATES,AVLV,2026-08-21,,,,,,,,,,,,,,,,,,,,,,,
ESTEE LAUDER COMPANIES CL A COMMON STOCK USD.01,EL,COMMON STOCK,518439104,US5184391044,2320524,242502.0,23316567.3,0.11091897508857552,0,,CONSUMER STAPLES,UNITED STATES,AVLV,2026-08-21,,,,,,,,,,,,,,,,,,,,,,,
GALAXY DIGITAL INC A COMMON STOCK USD.001,GLXY,COMMON STOCK,36317J209,US36317J2096,BV97X10,992040.0,23283178.8,0.11076014303786688,0,,FINANCIALS,UNITED STATES,AVLV,2026-08-21,,,,,,,,,,,,,,,,,,,,,,,
GAP INC/THE COMMON STOCK USD.05,GAP,COMMON STOCK,364760108,US3647601083,2360326,1150331.0,22604004.15,0.10752924909387959,0,,CONSUMER DISCRETIONARY,UNITED STATES,AVLV,2026-08-21,,,,,,,,,,,,,,,,,,,,,,,
ARMSTRONG WORLD INDUSTRIES COMMON STOCK USD.01,AWI,COMMON STOCK,04247X102,US04247X1028,B1FT462,126116.0,22462520.76,0.10685620008074904,0,,INDUSTRIALS,UNITED STATES,AVLV,2026-08-21,,,,,,,,,,,,,,,,,,,,,,,
SHARKNINJA INC COMMON STOCK USD.2,SN,COMMON STOCK,G8068L108,KYG8068L1086,BRS7681,124070.0,22330118.6,0.1062263512827781,0,,CONSUMER DISCRETIONARY,UNITED STATES,AVLV,2026-08-21,,,,,,,,,,,,,,,,,,,,,,,
LEAR CORP COMMON STOCK USD.01,LEA,COMMON STOCK,521865204,US5218652049,B570P91,177754.0,22295684.22,0.10606254388830752,0,,CONSUMER DISCRETIONARY,UNITED STATES,AVLV,2026-08-21,,,,,,,,,,,,,,,,,,,,,,,
WR BERKLEY CORP COMMON STOCK USD.2,WRB,COMMON STOCK,084423102,US0844231029,2093644,320859.0,22197025.62,0.10559321619290216,0,,FINANCIALS,UNITED STATES,AVLV,2026-08-21,,,,,,,,,,,,,,,,,,,,,,,
STONEX GROUP INC COMMON STOCK USD.01,SNEX,COMMON STOCK,861896108,US8618961085,BMQ8XV3,333190.0,22053846.1,0.1049120985391867,0,,FINANCIALS,UNITED STATES,AVLV,2026-08-21,,,,,,,,,,,,,,,,,,,,,,,
HESS MIDSTREAM LP   CLASS A COMMON STOCK,HESM,COMMON STOCK,428103105,US4281031058,BKPK695,555881.0,21734947.1,0.10339506776095668,0,,ENERGY,UNITED STATES,AVLV,2026-08-21,,,,,,,,,,,,,,,,,,,,,,,
FOX CORP   CLASS A COMMON STOCK USD.01,FOXA,COMMON STOCK,35137L105,US35137L1052,BJJMGL2,307782.0,20916864.72,0.09950337744650706,0,,COMMUNICATION SERVICES,UNITED STATES,AVLV,2026-08-21,,,,,,,,,,,,,,,,,,,,,,,
DOCUSIGN INC COMMON STOCK USD.0001,DOCU,COMMON STOCK,256163106,US2561631068,BFYT7B7,333861.0,20792863.08,0.09891349066595587,0,,INFORMATION TECHNOLOGY,UNITED STATES,AVLV,2026-08-21,,,,,,,,,,,,,,,,,,,,,,,
LAMB WESTON HOLDINGS INC COMMON STOCK USD1.0,LW,COMMON STOCK,513272104,US5132721045,BDQZFJ3,384755.0,20572849.85,0.09786686825093481,0,,CONSUMER STAPLES,UNITED STATES,AVLV,2026-08-21,,,,,,,,,,,,,,,,,,,,,,,
FLUOR CORP COMMON STOCK USD.01,FLR,COMMON STOCK,343412102,US3434121022,2696838,393491.0,20524490.56,0.09763681882668653,0,,INDUSTRIALS,UNITED STATES,AVLV,2026-08-21,,,,,,,,,,,,,,,,,,,,,,,
U HAUL HOLDING CO NON VOTING COMMON STOCK USD.001,UHAL.B,COMMON STOCK,023586506,US0235865062,BP0VMC3,320685.0,20292946.8,0.09653534465954551,0,,INDUSTRIALS,UNITED STATES,AVLV,2026-08-21,,,,,,,,,,,,,,,,,,,,,,,
NOV INC COMMON STOCK USD.01,NOV,COMMON STOCK,62955J103,US62955J1034,BN2RYW9,998014.0,20229743.78,0.09623468229742746,0,,ENERGY,UNITED STATES,AVLV,2026-08-21,,,,,,,,,,,,,,,,,,,,,,,
MUELLER INDUSTRIES INC COMMON STOCK USD.01,MLI,COMMON STOCK,624756102,US6247561029,2609717,322216.0,19964503.36,0.09497291013517338,0,,INDUSTRIALS,UNITED STATES,AVLV,2026-08-21,,,,,,,,,,,,,,,,,,,,,,,
SIMPSON MANUFACTURING CO INC COMMON STOCK USD.01,SSD,COMMON STOCK,829073105,US8290731053,2809250,104872.0,19703351.36,0.09373058694884691,0,,INDUSTRIALS,UNITED STATES,AVLV,2026-08-21,,,,,,,,,,,,,,,,,,,,,,,
VALMONT INDUSTRIES COMMON STOCK USD1.0,VMI,COMMON STOCK,920253101,US9202531011,2926825,40862.0,19681999.54,0.09362901445062262,0,,INDUSTRIALS,UNITED STATES,AVLV,2026-08-21,,,,,,,,,,,,,,,,,,,,,,,
GLOBALSTAR INC COMMON STOCK USD.0001,GSAT,COMMON STOCK,378973507,US3789735079,BRJMM32,238902.0,19589964.0,0.09319119323804115,0,,COMMUNICATION SERVICES,UNITED STATES,AVLV,2026-08-21,,,,,,,,,,,,,,,,,,,,,,,
FORD MOTOR CO COMMON STOCK USD.01,F,COMMON STOCK,345370860,US3453708600,2615468,1393153.0,19490210.47,0.09271665686368095,0,,CONSUMER DISCRETIONARY,UNITED STATES,AVLV,2026-08-21,,,,,,,,,,,,,,,,,,,,,,,
PARAMOUNT SKYDANCE CL B COMMON STOCK USD.001,PSKY,COMMON STOCK,69932A204,US69932A2042,BSNMNQ5,1882795.0,19373960.55,0.09216364570150491,0,,COMMUNICATION SERVICES,UNITED STATES,AVLV,2026-08-21,,,,,,,,,,,,,,,,,,,,,,,
PBF ENERGY INC CLASS A COMMON STOCK USD.001,PBF,COMMON STOCK,69318G106,US69318G1067,B7F4TJ7,275036.0,19131504.16,0.09101025918725263,0,,ENERGY,UNITED STATES,AVLV,2026-08-21,,,,,,,,,,,,,,,,,,,,,,,
MOLSON COORS BEVERAGE CO   B COMMON STOCK USD.01,TAP,COMMON STOCK,60871R209,US60871R2094,B067BM3,442193.0,18841843.73,0.08963231887528757,0,,CONSUMER STAPLES,UNITED STATES,AVLV,2026-08-21,,,,,,,,,,,,,,,,,,,,,,,
PAYCOM SOFTWARE INC COMMON STOCK USD.01,PAYC,COMMON STOCK,70432V102,US70432V1026,BL95MY0,81680.0,18518489.6,0.08809409464919156,0,,INDUSTRIALS,UNITED STATES,AVLV,2026-08-21,,,,,,,,,,,,,,,,,,,,,,,
INTERNATIONAL PAPER CO COMMON STOCK USD1.0,IP,COMMON STOCK,460146103,US4601461035,2465254,455448.0,18381881.28,0.08744423677568837,0,,MATERIALS,UNITED STATES,AVLV,2026-08-21,,,,,,,,,,,,,,,,,,,,,,,
ORMAT TECHNOLOGIES INC COMMON STOCK USD.001,ORA,COMMON STOCK,686688102,US6866881021,B03L311,169032.0,18306165.6,0.08708405058208282,0,,UTILITIES,UNITED STATES,AVLV,2026-08-21,,,,,,,,,,,,,,,,,,,,,,,
VISA INC CLASS A SHARES COMMON STOCK USD.0001,V,COMMON STOCK,92826C839,US92826C8394,B2PZN04,49967.0,18274430.91,0.08693308585197207,0,,FINANCIALS,UNITED STATES,AVLV,2026-08-21,,,,,,,,,,,,,,,,,,,,,,,
JACK HENRY + ASSOCIATES INC COMMON STOCK USD.01,JKHY,COMMON STOCK,426281101,US4262811015,2469193,107798.0,17795293.84,0.08465378838731727,0,,FINANCIALS,UNITED STATES,AVLV,2026-08-21,,,,,,,,,,,,,,,,,,,,,,,
INGREDION INC COMMON STOCK USD.01,INGR,COMMON STOCK,457187102,US4571871023,B7K24P7,165721.0,17735461.42,0.08436916026783121,0,,CONSUMER STAPLES,UNITED STATES,AVLV,2026-08-21,,,,,,,,,,,,,,,,,,,,,,,
MAPLEBEAR INC COMMON STOCK USD.0001,CART,COMMON STOCK,565394103,US5653941030,BN4L6W3,342514.0,17492189.98,0.08321189648856461,0,,CONSUMER STAPLES,UNITED STATES,AVLV,2026-08-21,,,,,,,,,,,,,,,,,,,,,,,
VF CORP COMMON STOCK,VFC,COMMON STOCK,918204108,US9182041080,2928683,1246071.0,17382690.45,0.08269099752929623,0,,CONSUMER DISCRETIONARY,UNITED STATES,AVLV,2026-08-21,,,,,,,,,,,,,,,,,,,,,,,
MATADOR RESOURCES CO COMMON STOCK USD.01,MTDR,COMMON STOCK,576485205,US5764852050,B7MSLL8,294338.0,17195225.96,0.08179921235231172,0,,ENERGY,UNITED STATES,AVLV,2026-08-21,,,,,,,,,,,,,,,,,,,,,,,
EAGLE MATERIALS INC COMMON STOCK USD.01,EXP,COMMON STOCK,26969P108,US26969P1084,2191399,79335.0,16098658.2,0.0765827424281829,0,,MATERIALS,UNITED STATES,AVLV,2026-08-21,,,,,,,,,,,,,,,,,,,,,,,
WEATHERFORD INTERNATIONAL PL COMMON STOCK USD.001,WFRD,COMMON STOCK,G48833118,IE00BLNN3691,BLNN369,172651.0,15752677.24,0.07493688036840357,0,,ENERGY,UNITED STATES,AVLV,2026-08-21,,,,,,,,,,,,,,,,,,,,,,,
AUTONATION INC COMMON STOCK USD.01,AN,COMMON STOCK,05329W102,US05329W1027,2732635,77984.0,15603818.56,0.07422874644773686,0,,CONSUMER DISCRETIONARY,UNITED STATES,AVLV,2026-08-21,,,,,,,,,,,,,,,,,,,,,,,
IES HOLDINGS INC COMMON STOCK USD.01,IESC,COMMON STOCK,44951W106,US44951W1062,BD978B9,22756.0,15548492.12,0.07396555367406903,0,,INDUSTRIALS,UNITED STATES,AVLV,2026-08-21,,,,,,,,,,,,,,,,,,,,,,,
COCA COLA CONSOLIDATED INC COMMON STOCK USD1.0,COKE,COMMON STOCK,191098102,US1910981026,2206721,82351.0,15449047.6,0.07349248728763849,0,,CONSUMER STAPLES,UNITED STATES,AVLV,2026-08-21,,,,,,,,,,,,,,,,,,,,,,,
LANDSTAR SYSTEM INC COMMON STOCK USD.01,LSTR,COMMON STOCK,515098101,US5150981018,2503994,77609.0,14157433.78,0.06734816598676502,0,,INDUSTRIALS,UNITED STATES,AVLV,2026-08-21,,,,,,,,,,,,,,,,,,,,,,,
LENNOX INTERNATIONAL INC COMMON STOCK USD.01,LII,COMMON STOCK,526107107,US5261071071,2442053,34490.0,14004664.5,0.06662142899565486,0,,INDUSTRIALS,UNITED STATES,AVLV,2026-08-21,,,,,,,,,,,,,,,,,,,,,,,
LANTHEUS HOLDINGS INC COMMON STOCK USD.01,LNTH,COMMON STOCK,516544103,US5165441032,BP8S8J5,135075.0,13539918.0,0.06441058874662718,0,,HEALTH CARE,UNITED STATES,AVLV,2026-08-21,,,,,,,,,,,,,,,,,,,,,,,
AGCO CORP COMMON STOCK USD.01,AGCO,COMMON STOCK,001084102,US0010841023,2010278,127044.0,13215116.88,0.06286548106098508,0,,INDUSTRIALS,UNITED STATES,AVLV,2026-08-21,,,,,,,,,,,,,,,,,,,,,,,
FOX CORP   CLASS B COMMON STOCK USD.01,FOX,COMMON STOCK,35137L204,US35137L2043,BJJMGY5,218072.0,13182452.4,0.06271009323752097,0,,COMMUNICATION SERVICES,UNITED STATES,AVLV,2026-08-21,,,,,,,,,,,,,,,,,,,,,,,
JEFFERIES FINANCIAL GROUP IN COMMON STOCK USD1.0,JEF,COMMON STOCK,47233W109,US47233W1099,BG0Q4Z2,254405.0,13173090.9,0.06266555975315634,0,,FINANCIALS,UNITED STATES,AVLV,2026-08-21,,,,,,,,,,,,,,,,,,,,,,,
AXALTA COATING SYSTEMS LTD COMMON STOCK USD1.0,AXTA,COMMON STOCK,G0750C108,BMG0750C1082,BSFWCF5,369504.0,13117392.0,0.062400595154291,0,,MATERIALS,UNITED STATES,AVLV,2026-08-21,,,,,,,,,,,,,,,,,,,,,,,
SKYWORKS SOLUTIONS INC COMMON STOCK USD.25,SWKS,COMMON STOCK,83088M102,US83088M1027,2961053,191899.0,13037618.06,0.06202110345854822,0,,INFORMATION TECHNOLOGY,UNITED STATES,AVLV,2026-08-21,,,,,,,,,,,,,,,,,,,,,,,
ADVANCED DRAINAGE SYSTEMS IN COMMON STOCK USD.01,WMS,COMMON STOCK,00790R104,US00790R1041,BP7RS59,90635.0,12910049.4,0.06141424804803405,0,,INDUSTRIALS,UNITED STATES,AVLV,2026-08-21,,,,,,,,,,,,,,,,,,,,,,,
ARCHER DANIELS MIDLAND CO COMMON STOCK,ADM,COMMON STOCK,039483102,US0394831020,2047317,154926.0,12657454.2,0.06021263031692429,0,,CONSUMER STAPLES,UNITED STATES,AVLV,2026-08-21,,,,,,,,,,,,,,,,,,,,,,,
CIRRUS LOGIC INC COMMON STOCK USD.001,CRUS,COMMON STOCK,172755100,US1727551004,2197308,106936.0,12500818.4,0.059467499947833506,0,,INFORMATION TECHNOLOGY,UNITED STATES,AVLV,2026-08-21,,,,,,,,,,,,,,,,,,,,,,,
KODIAK GAS SERVICES INC COMMON STOCK USD.01,KGS,COMMON STOCK,50012A108,US50012A1088,BQLSDK5,205062.0,12426757.2,0.05911518426207517,0,,ENERGY,UNITED STATES,AVLV,2026-08-21,,,,,,,,,,,,,,,,,,,,,,,
CROCS INC COMMON STOCK USD.001,CROX,COMMON STOCK,227046109,US2270461096,B0T7Z62,95935.0,11808639.15,0.05617474197022251,0,,CONSUMER DISCRETIONARY,UNITED STATES,AVLV,2026-08-21,,,,,,,,,,,,,,,,,,,,,,,
PAYLOCITY HOLDING CORP COMMON STOCK USD.001,PCTY,COMMON STOCK,70438V106,US70438V1061,BKM4N88,77252.0,11770114.72,0.05599147784577004,0,,INDUSTRIALS,UNITED STATES,AVLV,2026-08-21,,,,,,,,,,,,,,,,,,,,,,,
MGIC INVESTMENT CORP COMMON STOCK USD1.0,MTG,COMMON STOCK,552848103,US5528481030,2548616,381841.0,11726337.11,0.05578322387894245,0,,FINANCIALS,UNITED STATES,AVLV,2026-08-21,,,,,,,,,,,,,,,,,,,,,,,
MOOG INC CLASS A COMMON STOCK USD1.0,MOG.A,COMMON STOCK,615394202,US6153942023,2601218,29674.0,11321224.48,0.053856067229471276,0,,INDUSTRIALS,UNITED STATES,AVLV,2026-08-21,,,,,,,,,,,,,,,,,,,,,,,
BOYD GAMING CORP COMMON STOCK USD.01,BYD,COMMON STOCK,103304101,US1033041013,2117232,138642.0,11223069.9,0.05338913720183167,0,,CONSUMER DISCRETIONARY,UNITED STATES,AVLV,2026-08-21,,,,,,,,,,,,,,,,,,,,,,,
KINSALE CAPITAL GROUP INC COMMON STOCK USD.01,KNSL,COMMON STOCK,49714P108,US49714P1084,BD1MGQ3,28220.0,10756053.0,0.05116749645898339,0,,FINANCIALS,UNITED STATES,AVLV,2026-08-21,,,,,,,,,,,,,,,,,,,,,,,
NOBLE CORP PLC COMMON STOCK USD.00001,NE,COMMON STOCK,G65431127,GB00BMXNWH07,BN2QTL0,227377.0,10682171.46,0.05081603543175211,0,,ENERGY,UNITED STATES,AVLV,2026-08-21,,,,,,,,,,,,,,,,,,,,,,,
SLM CORP COMMON STOCK USD.2,SLM,COMMON STOCK,78442P106,US78442P1066,2101967,409779.0,10592787.15,0.0503908263550198,0,,FINANCIALS,UNITED STATES,AVLV,2026-08-21,,,,,,,,,,,,,,,,,,,,,,,
LEVI STRAUSS + CO  CLASS A COMMON STOCK USD.001,LEVI,COMMON STOCK,52736R102,US52736R1023,BHRWS81,469043.0,9957782.89,0.047370054867096736,0,,CONSUMER DISCRETIONARY,UNITED STATES,AVLV,2026-08-21,,,,,,,,,,,,,,,,,,,,,,,
URBAN OUTFITTERS INC COMMON STOCK USD.0001,URBN,COMMON STOCK,917047102,US9170471026,2933438,135790.0,9865143.5,0.04692936108660054,0,,CONSUMER DISCRETIONARY,UNITED STATES,AVLV,2026-08-21,,,,,,,,,,,,,,,,,,,,,,,
UNITED THERAPEUTICS CORP COMMON STOCK USD.01,UTHR,COMMON STOCK,91307C102,US91307C1027,2430412,18171.0,9467091.0,0.04503579010064134,0,,HEALTH CARE,UNITED STATES,AVLV,2026-08-21,,,,,,,,,,,,,,,,,,,,,,,
WINTRUST FINANCIAL CORP COMMON STOCK,WTFC,COMMON STOCK,97650W108,US97650W1080,2425258,61947.0,9453731.67,0.04497223858499992,0,,FINANCIALS,UNITED STATES,AVLV,2026-08-21,,,,,,,,,,,,,,,,,,,,,,,
CIRCLE INTERNET GROUP INC COMMON STOCK,CRCL,COMMON STOCK,172573107,US1725731079,BL6K237,110856.0,9274212.96,0.044118252186992564,0,,INFORMATION TECHNOLOGY,UNITED STATES,AVLV,2026-08-21,,,,,,,,,,,,,,,,,,,,,,,
ERIE INDEMNITY COMPANY CL A COMMON STOCK,ERIE,COMMON STOCK,29530P102,US29530P1021,2311711,35038.0,9190117.02,0.04371820035458109,0,,FINANCIALS,UNITED STATES,AVLV,2026-08-21,,,,,,,,,,,,,,,,,,,,,,,
CONSTELLATION BRANDS INC A COMMON STOCK USD.01,STZ,COMMON STOCK,21036P108,US21036P1084,2170473,67270.0,9023597.8,0.042926053681475014,0,,CONSUMER STAPLES,UNITED STATES,AVLV,2026-08-21,,,,,,,,,,,,,,,,,,,,,,,
SANMINA CORP COMMON STOCK USD.01,SANM,COMMON STOCK,801056102,US8010561020,B92RRW2,46088.0,8789903.36,0.04181434853915337,0,,INFORMATION TECHNOLOGY,UNITED STATES,AVLV,2026-08-21,,,,,,,,,,,,,,,,,,,,,,,
FIRST AMERICAN FINANCIAL COMMON STOCK USD.00001,FAF,COMMON STOCK,31847R102,US31847R1023,B4NFPK4,120819.0,8697759.81,0.041376013513438725,0,,FINANCIALS,UNITED STATES,AVLV,2026-08-21,,,,,,,,,,,,,,,,,,,,,,,
FEDEX FREIGHT HOLDING CO COMMON STOCK,FDXF,COMMON STOCK,314352105,US3143521058,BVSVT37,63380.0,8645032.0,0.04112518265276288,0,,INDUSTRIALS,UNITED STATES,AVLV,2026-08-21,,,,,,,,,,,,,,,,,,,,,,,
FERGUSON ENTERPRISES INC COMMON STOCK,FERG,COMMON STOCK,31488V107,US31488V1070,BS6VHW3,33480.0,8016451.2,0.0381349681327912,0,,INDUSTRIALS,UNITED STATES,AVLV,2026-08-21,,,,,,,,,,,,,,,,,,,,,,,
ALASKA AIR GROUP INC COMMON STOCK USD.01,ALK,COMMON STOCK,011659109,US0116591092,2012605,187455.0,7531941.9,0.03583011449437063,0,,INDUSTRIALS,UNITED STATES,AVLV,2026-08-21,,,,,,,,,,,,,,,,,,,,,,,
MOHAWK INDUSTRIES INC COMMON STOCK USD.01,MHK,COMMON STOCK,608190104,US6081901042,2598699,54072.0,7216989.84,0.03433185965918159,0,,CONSUMER DISCRETIONARY,UNITED STATES,AVLV,2026-08-21,,,,,,,,,,,,,,,,,,,,,,,
DILLARDS INC CL A COMMON STOCK,DDS,COMMON STOCK,254067101,US2540671011,2269768,11233.0,6716660.02,0.03195174640637651,0,,CONSUMER DISCRETIONARY,UNITED STATES,AVLV,2026-08-21,,,,,,,,,,,,,,,,,,,,,,,
ABERCROMBIE + FITCH CO CL A COMMON STOCK USD.01,ANF,COMMON STOCK,002896207,US0028962076,2004185,62735.0,6588429.7,0.031341743420659145,0,,CONSUMER DISCRETIONARY,UNITED STATES,AVLV,2026-08-21,,,,,,,,,,,,,,,,,,,,,,,
SUPER GROUP SGHC LTD COMMON STOCK,SGHC,COMMON STOCK,G8588X103,GG00BMG42V42,BMG42V4,489206.0,6467303.32,0.030765534506502667,0,,CONSUMER DISCRETIONARY,UNITED STATES,AVLV,2026-08-21,,,,,,,,,,,,,,,,,,,,,,,
EMCOR GROUP INC COMMON STOCK USD.01,EME,COMMON STOCK,29084Q100,US29084Q1004,2474164,8167.0,6430614.13,0.030591000781221844,0,,INDUSTRIALS,UNITED STATES,AVLV,2026-08-21,,,,,,,,,,,,,,,,,,,,,,,
PULTEGROUP INC COMMON STOCK USD.01,PHM,COMMON STOCK,745867101,US7458671010,2708841,50145.0,6402012.15,0.03045493862995038,0,,CONSUMER DISCRETIONARY,UNITED STATES,AVLV,2026-08-21,,,,,,,,,,,,,,,,,,,,,,,
HINGE HEALTH INC A COMMON STOCK USD.00001,HNGE,COMMON STOCK,433313103,US4333131039,BV99FG5,65870.0,5639789.4,0.026828977521207092,0,,HEALTH CARE,UNITED STATES,AVLV,2026-08-21,,,,,,,,,,,,,,,,,,,,,,,
ALBERTSONS COS INC   CLASS A COMMON STOCK USD.01,ACI,COMMON STOCK,013091103,US0130911037,BYNQ369,452324.0,5418841.52,0.025777908893382377,0,,CONSUMER STAPLES,UNITED STATES,AVLV,2026-08-21,,,,,,,,,,,,,,,,,,,,,,,
FIDELITY NATIONAL FINANCIAL COMMON STOCK USD.0001,FNF,COMMON STOCK,31620R303,US31620R3030,BNBRDD4,110937.0,5262851.28,0.0250358495103693,0,,FINANCIALS,UNITED STATES,AVLV,2026-08-21,,,,,,,,,,,,,,,,,,,,,,,
SMITH (A.O.) CORP COMMON STOCK USD1.0,AOS,COMMON STOCK,831865209,US8318652091,2816023,81866.0,5110894.38,0.024312977082847038,0,,INDUSTRIALS,UNITED STATES,AVLV,2026-08-21,,,,,,,,,,,,,,,,,,,,,,,
AMKOR TECHNOLOGY INC COMMON STOCK USD.001,AMKR,COMMON STOCK,031652100,US0316521006,2242929,97189.0,4943032.54,0.023514443447525752,0,,INFORMATION TECHNOLOGY,UNITED STATES,AVLV,2026-08-21,,,,,,,,,,,,,,,,,,,,,,,
MACY S INC COMMON STOCK USD.01,M,COMMON STOCK,55616P104,US55616P1049,2345022,216745.0,4894102.1,0.023281677012158008,0,,CONSUMER DISCRETIONARY,UNITED STATES,AVLV,2026-08-21,,,,,,,,,,,,,,,,,,,,,,,
VICTORY CAPITAL HOLDING   A COMMON STOCK USD.01,VCTR,COMMON STOCK,92645B103,US92645B1035,BFYVKR0,43152.0,4879628.16,0.02321282319805933,0,,FINANCIALS,UNITED STATES,AVLV,2026-08-21,,,,,,,,,,,,,,,,,,,,,,,
PEGASYSTEMS INC COMMON STOCK USD.01,PEGA,COMMON STOCK,705573103,US7055731035,2675860,143150.0,4811271.5,0.022887644514159398,0,,INFORMATION TECHNOLOGY,UNITED STATES,AVLV,2026-08-21,,,,,,,,,,,,,,,,,,,,,,,
NEXTPOWER INC CL A COMMON STOCK USD.0001,NXT,COMMON STOCK,65290E101,US65290E1010,BR1GTS6,53365.0,4688648.9,0.022304317948988017,0,,INDUSTRIALS,UNITED STATES,AVLV,2026-08-21,,,,,,,,,,,,,,,,,,,,,,,
GRAND CANYON EDUCATION INC COMMON STOCK USD.01,LOPE,COMMON STOCK,38526M106,US38526M1062,B3F1XM1,31462.0,4601946.74,0.02189186809728254,0,,CONSUMER DISCRETIONARY,UNITED STATES,AVLV,2026-08-21,,,,,,,,,,,,,,,,,,,,,,,
INCYTE CORP COMMON STOCK USD.001,INCY,COMMON STOCK,45337C102,US45337C1027,2471950,33659.0,4282097.98,0.020370319226641034,0,,HEALTH CARE,UNITED STATES,AVLV,2026-08-21,,,,,,,,,,,,,,,,,,,,,,,
PILGRIM S PRIDE CORP COMMON STOCK USD.01,PPC,COMMON STOCK,72147K108,US72147K1088,B5L3PZ2,129070.0,4032146.8,0.019181279332772087,0,,CONSUMER STAPLES,UNITED STATES,AVLV,2026-08-21,,,,,,,,,,,,,,,,,,,,,,,
MURPHY OIL CORP COMMON STOCK USD1.0,MUR,COMMON STOCK,626717102,US6267171022,2611206,104014.0,3981655.92,0.018941089746163417,0,,ENERGY,UNITED STATES,AVLV,2026-08-21,,,,,,,,,,,,,,,,,,,,,,,
MYR GROUP INC/DELAWARE COMMON STOCK USD.01,MYRG,COMMON STOCK,55405W104,US55405W1045,B3CLS18,12497.0,3974046.0,0.018904888682943186,0,,INDUSTRIALS,UNITED STATES,AVLV,2026-08-21,,,,,,,,,,,,,,,,,,,,,,,
CABOT CORP COMMON STOCK USD1.0,CBT,COMMON STOCK,127055101,US1270551013,2162500,46088.0,3914253.84,0.018620452083841735,0,,MATERIALS,UNITED STATES,AVLV,2026-08-21,,,,,,,,,,,,,,,,,,,,,,,
GATX CORP COMMON STOCK USD.625,GATX,COMMON STOCK,361448103,US3614481030,2362128,20326.0,3591604.2,0.01708557917905108,0,,INDUSTRIALS,UNITED STATES,AVLV,2026-08-21,,,,,,,,,,,,,,,,,,,,,,,
CLEAR SECURE INC  CLASS A COMMON STOCK USD.00001,YOU,COMMON STOCK,18467V109,US18467V1098,BLD30T1,82752.0,3550060.8,0.016887953547009834,0,,INFORMATION TECHNOLOGY,UNITED STATES,AVLV,2026-08-21,,,,,,,,,,,,,,,,,,,,,,,
BROWN FORMAN CORP CLASS B COMMON STOCK USD.15,BF.B,COMMON STOCK,115637209,US1156372096,2146838,123041.0,3495594.81,0.016628854010176015,0,,CONSUMER STAPLES,UNITED STATES,AVLV,2026-08-21,,,,,,,,,,,,,,,,,,,,,,,
VICTORIA S SECRET + CO COMMON STOCK,VSXY,COMMON STOCK,926400102,US9264001028,BNNTGH3,37091.0,3219498.8,0.01531544084514099,0,,CONSUMER DISCRETIONARY,UNITED STATES,AVLV,2026-08-21,,,,,,,,,,,,,,,,,,,,,,,
CAL MAINE FOODS INC COMMON STOCK USD.01,CALM,COMMON STOCK,128030202,US1280302027,2158781,37612.0,3100357.16,0.014748673514892853,0,,CONSUMER STAPLES,UNITED STATES,AVLV,2026-08-21,,,,,,,,,,,,,,,,,,,,,,,
HERSHEY CO/THE COMMON STOCK USD1.0,HSY,COMMON STOCK,427866108,US4278661081,2422806,15300.0,2881143.0,0.013705852346611232,0,,CONSUMER STAPLES,UNITED STATES,AVLV,2026-08-21,,,,,,,,,,,,,,,,,,,,,,,
APTIV PLC COMMON STOCK USD.01,APTV,COMMON STOCK,G3265R107,JE00BTDN8H13,BTDN8H1,61114.0,2874191.42,0.013672783065060246,0,,CONSUMER DISCRETIONARY,UNITED STATES,AVLV,2026-08-21,,,,,,,,,,,,,,,,,,,,,,,
WESTERN ALLIANCE BANCORP COMMON STOCK USD.0001,WAL,COMMON STOCK,957638109,US9576381092,B0CCGJ4,35924.0,2843384.6,0.01352623229469285,0,,FINANCIALS,UNITED STATES,AVLV,2026-08-21,,,,,,,,,,,,,,,,,,,,,,,
MAGNOLIA OIL + GAS CORP   A COMMON STOCK USD.0001,MGY,COMMON STOCK,559663109,US5596631094,BF2GC59,99795.0,2816214.9,0.013396983626195062,0,,ENERGY,UNITED STATES,AVLV,2026-08-21,,,,,,,,,,,,,,,,,,,,,,,
ARCHROCK INC COMMON STOCK USD.01,AROC,COMMON STOCK,03957W106,US03957W1062,BYRGSX7,86084.0,2778791.52,0.013218957294079257,0,,ENERGY,UNITED STATES,AVLV,2026-08-21,,,,,,,,,,,,,,,,,,,,,,,
DYCOM INDUSTRIES INC COMMON STOCK USD.3333333,DY,COMMON STOCK,267475101,US2674751019,2289841,6729.0,2693147.67,0.012811541916746261,0,,INDUSTRIALS,UNITED STATES,AVLV,2026-08-21,,,,,,,,,,,,,,,,,,,,,,,
CHEWY INC  CLASS A COMMON STOCK USD.01,CHWY,COMMON STOCK,16679L109,US16679L1098,BJLFHW7,99963.0,2387116.44,0.011355724259715068,0,,CONSUMER DISCRETIONARY,UNITED STATES,AVLV,2026-08-21,,,,,,,,,,,,,,,,,,,,,,,
BANK OZK COMMON STOCK,OZK,COMMON STOCK,06417N103,US06417N1037,BZ56Q65,45767.0,2255397.76,0.010729126836619257,0,,FINANCIALS,UNITED STATES,AVLV,2026-08-21,,,,,,,,,,,,,,,,,,,,,,,
MARKEL GROUP INC COMMON STOCK,MKL,COMMON STOCK,570535104,US5705351048,2566436,1241.0,2219267.89,0.010557253846100475,0,,FINANCIALS,UNITED STATES,AVLV,2026-08-21,,,,,,,,,,,,,,,,,,,,,,,
U HAUL HOLDING CO COMMON STOCK USD.25,UHAL,COMMON STOCK,023586100,US0235861004,2028174,29947.0,2142707.85,0.010193050957215526,0,,INDUSTRIALS,UNITED STATES,AVLV,2026-08-21,,,,,,,,,,,,,,,,,,,,,,,
GRACO INC COMMON STOCK USD1.0,GGG,COMMON STOCK,384109104,US3841091040,2380443,23775.0,1942655.25,0.009241383026413174,0,,INDUSTRIALS,UNITED STATES,AVLV,2026-08-21,,,,,,,,,,,,,,,,,,,,,,,
PACS GROUP INC COMMON STOCK USD.001,PACS,COMMON STOCK,69380Q107,US69380Q1076,BPW6WD7,42848.0,1867315.84,0.00888298678251247,0,,HEALTH CARE,UNITED STATES,AVLV,2026-08-21,,,,,,,,,,,,,,,,,,,,,,,
OPENDOOR TECHNOLOGIES INC COMMON STOCK USD.0001,OPEN,COMMON STOCK,683712103,US6837121036,BL96T19,384126.0,1332917.22,0.006340805231665184,0,,REAL ESTATE,UNITED STATES,AVLV,2026-08-21,,,,,,,,,,,,,,,,,,,,,,,
COMMERCIAL METALS CO COMMON STOCK USD.01,CMC,COMMON STOCK,201723103,US2017231034,2213260,20047.0,1308668.16,0.006225450306240059,0,,MATERIALS,UNITED STATES,AVLV,2026-08-21,,,,,,,,,,,,,,,,,,,,,,,
APPLIED MATERIALS INC COMMON STOCK USD.01,AMAT,COMMON STOCK,038222105,US0382221051,2046552,1984.0,984480.64,0.004683261570125928,0,,INFORMATION TECHNOLOGY,UNITED STATES,AVLV,2026-08-21,,,,,,,,,,,,,,,,,,,,,,,
TEREX CORP COMMON STOCK USD.01,TEX,COMMON STOCK,880779103,US8807791038,2884224,12768.0,819705.6,0.0038994121157090674,0,,INDUSTRIALS,UNITED STATES,AVLV,2026-08-21,,,,,,,,,,,,,,,,,,,,,,,
POPULAR INC COMMON STOCK USD.01,BPOP,COMMON STOCK,733174700,PR7331747001,B86QM90,3472.0,584059.84,0.0027784243713780887,0,,FINANCIALS,UNITED STATES,AVLV,2026-08-21,,,,,,,,,,,,,,,,,,,,,,,
LAM RESEARCH CORP COMMON STOCK USD.001,LRCX,COMMON STOCK,512807306,US5128073062,BSML4N7,1662.0,516100.86,0.0024551374864486336,0,,INFORMATION TECHNOLOGY,UNITED STATES,AVLV,2026-08-21,,,,,,,,,,,,,,,,,,,,,,,
INGRAM MICRO HOLDING CORP COMMON STOCK USD.01,INGM,COMMON STOCK,457152106,US4571521065,BS5YN47,15933.0,434652.24,0.0020676791896701513,0,,INFORMATION TECHNOLOGY,UNITED STATES,AVLV,2026-08-21,,,,,,,,,,,,,,,,,,,,,,,
COMSTOCK RESOURCES INC COMMON STOCK USD.5,CRK,COMMON STOCK,205768302,US2057683029,BD82PS1,15456.0,213601.92,0.001016123245695429,0,,ENERGY,UNITED STATES,AVLV,2026-08-21,,,,,,,,,,,,,,,,,,,,,,,
SMITHFIELD FOODS INC COMMON STOCK NPV,SFD,COMMON STOCK,832248207,US8322482071,BS893N8,4947.0,110219.16,0.0005243223028942052,0,,CONSUMER STAPLES,UNITED STATES,AVLV,2026-08-21,,,,,,,,,,,,,,,,,,,,,,,
COUPANG INC COMMON STOCK USD.0001,CPNG,COMMON STOCK,22266T109,US22266T1097,BNYHDF3,3326.0,54080.76,0.0002572669636156619,0,,CONSUMER DISCRETIONARY,UNITED STATES,AVLV,2026-08-21,,,,,,,,,,,,,,,,,,,,,,,
CREDIT ACCEPTANCE CORP COMMON STOCK USD.01,CACC,COMMON STOCK,225310101,US2253101016,2232050,90.0,52729.2,0.00025083747302891005,0,,FINANCIALS,UNITED STATES,AVLV,2026-08-21,,,,,,,,,,,,,,,,,,,,,,,
UNUM GROUP COMMON STOCK USD.1,UNM,COMMON STOCK,91529Y106,US91529Y1064,2433842,554.0,48170.3,0.0002291503820851541,0,,FINANCIALS,UNITED STATES,AVLV,2026-08-21,,,,,,,,,,,,,,,,,,,,,,,
JABIL INC COMMON STOCK USD.001,JBL,COMMON STOCK,466313103,US4663131039,2471789,77.0,24382.05,0.00011598757063002163,0,,INFORMATION TECHNOLOGY,UNITED STATES,AVLV,2026-08-21,,,,,,,,,,,,,,,,,,,,,,,
EDWARDS LIFESCIENCES CORP COMMON STOCK USD1.0,EW,COMMON STOCK,28176E108,US28176E1082,2567116,253.0,22726.99,0.00010811430367146305,0,,HEALTH CARE,UNITED STATES,AVLV,2026-08-21,,,,,,,,,,,,,,,,,,,,,,,
RADIAN GROUP INC COMMON STOCK USD.001,RDN,COMMON STOCK,750236101,US7502361014,2173911,465.0,17046.9,8.109361262785188e-05,0,,FINANCIALS,UNITED STATES,AVLV,2026-08-21,,,,,,,,,,,,,,,,,,,,,,,
SCHNEIDER NATIONAL INC CL B COMMON STOCK,SNDR,COMMON STOCK,80689H102,US80689H1023,BYVN953,483.0,16972.62,8.074025609112104e-05,0,,INDUSTRIALS,UNITED STATES,AVLV,2026-08-21,,,,,,,,,,,,,,,,,,,,,,,
CNA FINANCIAL CORP COMMON STOCK USD2.5,CNA,COMMON STOCK,126117100,US1261171003,2204866,230.0,11380.4,5.413757041749558e-05,0,,FINANCIALS,UNITED STATES,AVLV,2026-08-21,,,,,,,,,,,,,,,,,,,,,,,
ENACT HOLDINGS INC COMMON STOCK USD.01,ACT,COMMON STOCK,29249E109,US29249E1091,BNZFTG9,76.0,3733.12,1.7758782369421207e-05,0,,FINANCIALS,UNITED STATES,AVLV,2026-08-21,,,,,,,,,,,,,,,,,,,,,,,
CIPHER DIGITAL INC COMMON STOCK USD1.0,CIFR,COMMON STOCK,17253J106,US17253J1060,BMZ8604,205.0,3528.05,1.6783246222579636e-05,0,,INFORMATION TECHNOLOGY,UNITED STATES,AVLV,2026-08-21,,,,,,,,,,,,,,,,,,,,,,,
VERSIGENT PLC COMMON STOCK USD.01,VGNT,COMMON STOCK,G9600F104,JE00BWK75100,BWK7510,1.0,46.65,2.2191818037820893e-07,0,,CONSUMER DISCRETIONARY,UNITED STATES,AVLV,2026-08-21,,,,,,,,,,,,,,,,,,,,,,,
DEVON ENERGY CORP COMMON STOCK USD.1,DVN,COMMON STOCK,25179M103,US25179M1036,2480677,263169.0,12974231.7,1.6612649937395394,0,,ENERGY,UNITED STATES,AVMV,2026-08-21,,,,,,,,,,,,,,,,,,,,,,,
DELTA AIR LINES INC COMMON STOCK USD.0001,DAL,COMMON STOCK,247361702,US2473617023,B1W9D46,122375.0,9919717.5,1.270154550310328,0,,INDUSTRIALS,UNITED STATES,AVMV,2026-08-21,,,,,,,,,,,,,,,,,,,,,,,
AMERIPRISE FINANCIAL INC COMMON STOCK USD.01,AMP,COMMON STOCK,03076C106,US03076C1062,B0J7D57,17378.0,9507330.02,1.2173510471648996,0,,FINANCIALS,UNITED STATES,AVMV,2026-08-21,,,,,,,,,,,,,,,,,,,,,,,
CHIPOTLE MEXICAN GRILL INC COMMON STOCK USD.01,CMG,COMMON STOCK,169656105,US1696561059,B0X7DZ3,265125.0,9356261.25,1.1980076852571353,0,,CONSUMER DISCRETIONARY,UNITED STATES,AVMV,2026-08-21,,,,,,,,,,,,,,,,,,,,,,,
FERGUSON ENTERPRISES INC COMMON STOCK,FERG,COMMON STOCK,31488V107,US31488V1070,BS6VHW3,39086.0,9323965.3,1.1938724013794346,0,,INDUSTRIALS,UNITED STATES,AVMV,2026-08-21,,,,,,,,,,,,,,,,,,,,,,,
FASTENAL CO COMMON STOCK USD.01,FAST,COMMON STOCK,311900104,US3119001044,2332262,182384.0,9239573.44,1.1830665790374018,0,,INDUSTRIALS,UNITED STATES,AVMV,2026-08-21,,,,,,,,,,,,,,,,,,,,,,,
FLEX LTD COMMON STOCK,FLEX,COMMON STOCK,Y2573F102,SG9999000020,2353058,81956.0,9041385.92,1.1576899712516744,0,,INFORMATION TECHNOLOGY,UNITED STATES,AVMV,2026-08-21,,,,,,,,,,,,,,,,,,,,,,,
TARGA RESOURCES CORP COMMON STOCK USD.001,TRGP,COMMON STOCK,87612G101,US87612G1013,B55PZY3,29710.0,8979847.5,1.1498103815171978,0,,ENERGY,UNITED STATES,AVMV,2026-08-21,,,,,,,,,,,,,,,,,,,,,,,
STATE STREET CORP COMMON STOCK USD1.0,STT,COMMON STOCK,857477103,US8574771031,2842040,48905.0,8953038.35,1.146377646274238,0,,FINANCIALS,UNITED STATES,AVMV,2026-08-21,,,,,,,,,,,,,,,,,,,,,,,
OLD DOMINION FREIGHT LINE COMMON STOCK USD.1,ODFL,COMMON STOCK,679580100,US6795801009,2656423,43433.0,8882917.16,1.1373990893191963,0,,INDUSTRIALS,UNITED STATES,AVMV,2026-08-21,,,,,,,,,,,,,,,,,,,,,,,
UNITED AIRLINES HOLDINGS INC COMMON STOCK USD.01,UAL,COMMON STOCK,910047109,US9100471096,B4QG225,78806.0,8803418.26,1.127219778307601,0,,INDUSTRIALS,UNITED STATES,AVMV,2026-08-21,,,,,,,,,,,,,,,,,,,,,,,
CENTENE CORP COMMON STOCK USD.001,CNC,COMMON STOCK,15135B101,US15135B1017,2807061,132861.0,8521704.54,1.091148190246464,0,,HEALTH CARE,UNITED STATES,AVMV,2026-08-21,,,,,,,,,,,,,,,,,,,,,,,
NUCOR CORP COMMON STOCK USD.4,NUE,COMMON STOCK,670346105,US6703461052,2651086,34864.0,8384094.72,1.073528158321121,0,,MATERIALS,UNITED STATES,AVMV,2026-08-21,,,,,,,,,,,,,,,,,,,,,,,
PRUDENTIAL FINANCIAL INC COMMON STOCK USD.01,PRU,COMMON STOCK,744320102,US7443201022,2819118,69478.0,8378352.02,1.0727928433753005,0,,FINANCIALS,UNITED STATES,AVMV,2026-08-21,,,,,,,,,,,,,,,,,,,,,,,
CHENIERE ENERGY INC COMMON STOCK USD.003,LNG,COMMON STOCK,16411R208,US16411R2085,2654364,29806.0,8320941.02,1.0654417426118092,0,,ENERGY,UNITED STATES,AVMV,2026-08-21,,,,,,,,,,,,,,,,,,,,,,,
TARGET CORP COMMON STOCK USD.0833,TGT,COMMON STOCK,87612E106,US87612E1064,2259101,51514.0,8152090.5,1.0438215446273138,0,,CONSUMER STAPLES,UNITED STATES,AVMV,2026-08-21,,,,,,,,,,,,,,,,,,,,,,,
DR HORTON INC COMMON STOCK USD.01,DHI,COMMON STOCK,23331A109,US23331A1097,2250687,54037.0,7961271.21,1.0193883902072927,0,,CONSUMER DISCRETIONARY,UNITED STATES,AVMV,2026-08-21,,,,,,,,,,,,,,,,,,,,,,,
TECHNIPFMC PLC COMMON STOCK USD1.0,FTI,COMMON STOCK,G87110105,GB00BDSFG982,BDSFG98,101159.0,7851961.58,1.0053920113852912,0,,ENERGY,UNITED STATES,AVMV,2026-08-21,,,,,,,,,,,,,,,,,,,,,,,
AMERICAN INTERNATIONAL GROUP COMMON STOCK USD2.5,AIG,COMMON STOCK,026874784,US0268747849,2027342,103593.0,7847169.75,1.0047784490858795,0,,FINANCIALS,UNITED STATES,AVMV,2026-08-21,,,,,,,,,,,,,,,,,,,,,,,
IDEXX LABORATORIES INC COMMON STOCK USD.1,IDXX,COMMON STOCK,45168D104,US45168D1046,2459202,14375.0,7846737.5,1.0047231023177512,0,,HEALTH CARE,UNITED STATES,AVMV,2026-08-21,,,,,,,,,,,,,,,,,,,,,,,
OCCIDENTAL PETROLEUM CORP COMMON STOCK USD.2,OXY,COMMON STOCK,674599105,US6745991058,2655408,125709.0,7733617.68,0.9902388537387684,0,,ENERGY,UNITED STATES,AVMV,2026-08-21,,,,,,,,,,,,,,,,,,,,,,,
CARNIVAL CORP LTD COMMON STOCK USD.01,CCL,COMMON STOCK,G2004J103,BMG2004J1036,BVV7RC7,303348.0,7695938.76,0.9854143159745853,0,,CONSUMER DISCRETIONARY,UNITED STATES,AVMV,2026-08-21,,,,,,,,,,,,,,,,,,,,,,,
HARTFORD INSURANCE GROUP INC COMMON STOCK USD.01,HIG,COMMON STOCK,416515104,US4165151048,2476193,54127.0,7421894.24,0.9503247185071564,0,,FINANCIALS,UNITED STATES,AVMV,2026-08-21,,,,,,,,,,,,,,,,,,,,,,,
EQT CORP COMMON STOCK,EQT,COMMON STOCK,26884L109,US26884L1098,2319414,133016.0,7168232.24,0.9178449686008896,0,,ENERGY,UNITED STATES,AVMV,2026-08-21,,,,,,,,,,,,,,,,,,,,,,,
PAYPAL HOLDINGS INC COMMON STOCK,PYPL,COMMON STOCK,70450Y103,US70450Y1038,BYW36M8,114371.0,7125313.3,0.9123494807570578,0,,FINANCIALS,UNITED STATES,AVMV,2026-08-21,,,,,,,,,,,,,,,,,,,,,,,
JABIL INC COMMON STOCK USD.001,JBL,COMMON STOCK,466313103,US4663131039,2471789,22227.0,7038179.55,0.901192577443218,0,,INFORMATION TECHNOLOGY,UNITED STATES,AVMV,2026-08-21,,,,,,,,,,,,,,,,,,,,,,,
KROGER CO COMMON STOCK USD1.0,KR,COMMON STOCK,501044101,US5010441013,2497406,124737.0,7025187.84,0.8995290744681775,0,,CONSUMER STAPLES,UNITED STATES,AVMV,2026-08-21,,,,,,,,,,,,,,,,,,,,,,,
ON SEMICONDUCTOR COMMON STOCK USD.01,ON,COMMON STOCK,682189105,US6821891057,2583576,93736.0,7003016.56,0.8966901879597456,0,,INFORMATION TECHNOLOGY,UNITED STATES,AVMV,2026-08-21,,,,,,,,,,,,,,,,,,,,,,,
DEXCOM INC COMMON STOCK USD.001,DXCM,COMMON STOCK,252131107,US2521311074,B0796X4,77449.0,6987448.78,0.8946968361727388,0,,HEALTH CARE,UNITED STATES,AVMV,2026-08-21,,,,,,,,,,,,,,,,,,,,,,,
CASEY S GENERAL STORES INC COMMON STOCK,CASY,COMMON STOCK,147528103,US1475281036,2179414,8160.0,6759580.8,0.865519840792878,0,,CONSUMER STAPLES,UNITED STATES,AVMV,2026-08-21,,,,,,,,,,,,,,,,,,,,,,,
ATI INC COMMON STOCK USD.1,ATI,COMMON STOCK,01741R102,US01741R1023,2526117,32302.0,6758224.44,0.8653461678202498,0,,INDUSTRIALS,UNITED STATES,AVMV,2026-08-21,,,,,,,,,,,,,,,,,,,,,,,
HALLIBURTON CO COMMON STOCK USD2.5,HAL,COMMON STOCK,406216101,US4062161017,2405302,184691.0,6591621.79,0.8440137947974031,0,,ENERGY,UNITED STATES,AVMV,2026-08-21,,,,,,,,,,,,,,,,,,,,,,,
ARCH CAPITAL GROUP LTD COMMON STOCK USD.01,ACGL,COMMON STOCK,G0450A105,BMG0450A1053,2740542,65423.0,6497158.13,0.8319183447416967,0,,FINANCIALS,UNITED STATES,AVMV,2026-08-21,,,,,,,,,,,,,,,,,,,,,,,
NORTHERN TRUST CORP COMMON STOCK USD1.666666,NTRS,COMMON STOCK,665859104,US6658591044,2648668,34949.0,6378541.99,0.8167303285546181,0,,FINANCIALS,UNITED STATES,AVMV,2026-08-21,,,,,,,,,,,,,,,,,,,,,,,
EMCOR GROUP INC COMMON STOCK USD.01,EME,COMMON STOCK,29084Q100,US29084Q1004,2474164,8000.0,6299120.0,0.8065608653624252,0,,INDUSTRIALS,UNITED STATES,AVMV,2026-08-21,,,,,,,,,,,,,,,,,,,,,,,
WILLIAMS SONOMA INC COMMON STOCK USD.01,WSM,COMMON STOCK,969904101,US9699041011,2967589,26239.0,6184532.3,0.7918886644086586,0,,CONSUMER DISCRETIONARY,UNITED STATES,AVMV,2026-08-21,,,,,,,,,,,,,,,,,,,,,,,
DOLLAR GENERAL CORP COMMON STOCK USD.875,DG,COMMON STOCK,256677105,US2566771059,B5B1S13,51024.0,6152473.92,0.7877837998061558,0,,CONSUMER STAPLES,UNITED STATES,AVMV,2026-08-21,,,,,,,,,,,,,,,,,,,,,,,
M + T BANK CORP COMMON STOCK USD.5,MTB,COMMON STOCK,55261F104,US55261F1049,2340168,25055.0,5969353.75,0.7643364670389575,0,,FINANCIALS,UNITED STATES,AVMV,2026-08-21,,,,,,,,,,,,,,,,,,,,,,,
ONEOK INC COMMON STOCK USD.01,OKE,COMMON STOCK,682680103,US6826801036,2130109,62488.0,5911364.8,0.7569113635811001,0,,ENERGY,UNITED STATES,AVMV,2026-08-21,,,,,,,,,,,,,,,,,,,,,,,
COMFORT SYSTEMS USA INC COMMON STOCK USD.01,FIX,COMMON STOCK,199908104,US1999081045,2036047,3519.0,5887075.86,0.7538013246446875,0,,INDUSTRIALS,UNITED STATES,AVMV,2026-08-21,,,,,,,,,,,,,,,,,,,,,,,
DIAMONDBACK ENERGY INC COMMON STOCK USD.01,FANG,COMMON STOCK,25278X109,US25278X1090,B7Y8YR3,27649.0,5834491.98,0.7470683048328861,0,,ENERGY,UNITED STATES,AVMV,2026-08-21,,,,,,,,,,,,,,,,,,,,,,,
DOLLAR TREE INC COMMON STOCK USD.01,DLTR,COMMON STOCK,256746108,US2567461080,2272476,44554.0,5722961.3,0.7327875351737496,0,,CONSUMER STAPLES,UNITED STATES,AVMV,2026-08-21,,,,,,,,,,,,,,,,,,,,,,,
EXPEDITORS INTL WASH INC COMMON STOCK USD.01,EXPD,COMMON STOCK,302130109,US3021301094,2325507,30521.0,5689114.4,0.7284536623543979,0,,INDUSTRIALS,UNITED STATES,AVMV,2026-08-21,,,,,,,,,,,,,,,,,,,,,,,
RAYMOND JAMES FINANCIAL INC COMMON STOCK USD.01,RJF,COMMON STOCK,754730109,US7547301090,2718992,32512.0,5603443.2,0.7174840289439155,0,,FINANCIALS,UNITED STATES,AVMV,2026-08-21,,,,,,,,,,,,,,,,,,,,,,,
EXPAND ENERGY CORP COMMON STOCK USD.01,EXE,COMMON STOCK,165167735,US1651677353,BMZ5LZ5,57682.0,5541509.74,0.7095538569369544,0,,ENERGY,UNITED STATES,AVMV,2026-08-21,,,,,,,,,,,,,,,,,,,,,,,
HUNT (JB) TRANSPRT SVCS INC COMMON STOCK USD.01,JBHT,COMMON STOCK,445658107,US4456581077,2445416,19470.0,5343930.9,0.6842551866198776,0,,INDUSTRIALS,UNITED STATES,AVMV,2026-08-21,,,,,,,,,,,,,,,,,,,,,,,
PULTEGROUP INC COMMON STOCK USD.01,PHM,COMMON STOCK,745867101,US7458671010,2708841,41848.0,5342734.16,0.6841019519378881,0,,CONSUMER DISCRETIONARY,UNITED STATES,AVMV,2026-08-21,,,,,,,,,,,,,,,,,,,,,,,
LPL FINANCIAL HOLDINGS INC COMMON STOCK,LPLA,COMMON STOCK,50212V100,US50212V1008,B75JX34,14924.0,5283394.48,0.6765038963918548,0,,FINANCIALS,UNITED STATES,AVMV,2026-08-21,,,,,,,,,,,,,,,,,,,,,,,
SMURFIT WESTROCK PLC COMMON STOCK,SW,COMMON STOCK,G8267P108,IE00028FXN24,BRK49M5,108652.0,5235939.88,0.670427647131414,0,,MATERIALS,UNITED STATES,AVMV,2026-08-21,,,,,,,,,,,,,,,,,,,,,,,
ULTA BEAUTY INC COMMON STOCK,ULTA,COMMON STOCK,90384S303,US90384S3031,B28TS42,10050.0,5177157.0,0.6629008861614221,0,,CONSUMER DISCRETIONARY,UNITED STATES,AVMV,2026-08-21,,,,,,,,,,,,,,,,,,,,,,,
COREWEAVE INC CL A COMMON STOCK USD.0001,CRWV,COMMON STOCK,21873S108,US21873S1087,BTTRKN7,56063.0,5032214.88,0.6443420014704392,0,,INFORMATION TECHNOLOGY,UNITED STATES,AVMV,2026-08-21,,,,,,,,,,,,,,,,,,,,,,,
UNITED THERAPEUTICS CORP COMMON STOCK USD.01,UTHR,COMMON STOCK,91307C102,US91307C1027,2430412,9605.0,5004205.0,0.6407555206522458,0,,HEALTH CARE,UNITED STATES,AVMV,2026-08-21,,,,,,,,,,,,,,,,,,,,,,,
PERMIAN RESOURCES CORP CL A COMMON STOCK USD.0001,PR,COMMON STOCK,71424F105,US71424F1057,BQPCHB2,207135.0,4944312.45,0.6330866737408103,0,,ENERGY,UNITED STATES,AVMV,2026-08-21,,,,,,,,,,,,,,,,,,,,,,,
ESTEE LAUDER COMPANIES CL A COMMON STOCK USD.01,EL,COMMON STOCK,518439104,US5184391044,2320524,51244.0,4927110.6,0.6308840900431135,0,,CONSUMER STAPLES,UNITED STATES,AVMV,2026-08-21,,,,,,,,,,,,,,,,,,,,,,,
PACKAGING CORP OF AMERICA COMMON STOCK USD.01,PKG,COMMON STOCK,695156109,US6951561090,2504566,19611.0,4894121.16,0.6266600093343445,0,,MATERIALS,UNITED STATES,AVMV,2026-08-21,,,,,,,,,,,,,,,,,,,,,,,
HERSHEY CO/THE COMMON STOCK USD1.0,HSY,COMMON STOCK,427866108,US4278661081,2422806,25667.0,4833352.77,0.6188790168742736,0,,CONSUMER STAPLES,UNITED STATES,AVMV,2026-08-21,,,,,,,,,,,,,,,,,,,,,,,
BURLINGTON STORES INC COMMON STOCK USD.0001,BURL,COMMON STOCK,122017106,US1220171060,BF311Y5,14274.0,4756525.02,0.6090417290429816,0,,CONSUMER DISCRETIONARY,UNITED STATES,AVMV,2026-08-21,,,,,,,,,,,,,,,,,,,,,,,
DARDEN RESTAURANTS INC COMMON STOCK,DRI,COMMON STOCK,237194105,US2371941053,2289874,21748.0,4739976.6,0.6069228127569637,0,,CONSUMER DISCRETIONARY,UNITED STATES,AVMV,2026-08-21,,,,,,,,,,,,,,,,,,,,,,,
PRINCIPAL FINANCIAL GROUP COMMON STOCK USD.01,PFG,COMMON STOCK,74251V102,US74251V1026,2803014,42527.0,4700934.58,0.6019237390075041,0,,FINANCIALS,UNITED STATES,AVMV,2026-08-21,,,,,,,,,,,,,,,,,,,,,,,
CF INDUSTRIES HOLDINGS INC COMMON STOCK USD.01,CF,COMMON STOCK,125269100,US1252691001,B0G4K50,37394.0,4700425.8,0.6018585930764725,0,,MATERIALS,UNITED STATES,AVMV,2026-08-21,,,,,,,,,,,,,,,,,,,,,,,
VIATRIS INC COMMON STOCK,VTRS,COMMON STOCK,92556V106,US92556V1061,BMWS3X9,290525.0,4648400.0,0.5951970317362897,0,,HEALTH CARE,UNITED STATES,AVMV,2026-08-21,,,,,,,,,,,,,,,,,,,,,,,
SYNCHRONY FINANCIAL COMMON STOCK USD.001,SYF,COMMON STOCK,87165B103,US87165B1035,BP96PS6,60196.0,4617635.16,0.5912577964187952,0,,FINANCIALS,UNITED STATES,AVMV,2026-08-21,,,,,,,,,,,,,,,,,,,,,,,
T ROWE PRICE GROUP INC COMMON STOCK USD.2,TROW,COMMON STOCK,74144T108,US74144T1088,2702337,41136.0,4615047.84,0.5909265071183579,0,,FINANCIALS,UNITED STATES,AVMV,2026-08-21,,,,,,,,,,,,,,,,,,,,,,,
APA CORP COMMON STOCK USD.625,APA,COMMON STOCK,03743Q108,US03743Q1085,BNNF1C1,103626.0,4599958.14,0.5889943703294002,0,,ENERGY,UNITED STATES,AVMV,2026-08-21,,,,,,,,,,,,,,,,,,,,,,,
LYONDELLBASELL INDU CL A COMMON STOCK EUR.04,LYB,COMMON STOCK,N53745100,NL0009434992,B3SPXZ3,65420.0,4455102.0,0.5704464948116358,0,,MATERIALS,UNITED STATES,AVMV,2026-08-21,,,,,,,,,,,,,,,,,,,,,,,
FIRST SOLAR INC COMMON STOCK USD.001,FSLR,COMMON STOCK,336433107,US3364331070,B1HMF22,20698.0,4430613.88,0.5673109521869042,0,,INFORMATION TECHNOLOGY,UNITED STATES,AVMV,2026-08-21,,,,,,,,,,,,,,,,,,,,,,,
CARPENTER TECHNOLOGY COMMON STOCK USD5.0,CRS,COMMON STOCK,144285103,US1442851036,2177504,9043.0,4422750.44,0.5663040904393705,0,,INDUSTRIALS,UNITED STATES,AVMV,2026-08-21,,,,,,,,,,,,,,,,,,,,,,,
CONSTELLATION BRANDS INC A COMMON STOCK USD.01,STZ,COMMON STOCK,21036P108,US21036P1084,2170473,30841.0,4137011.74,0.5297171301751534,0,,CONSUMER STAPLES,UNITED STATES,AVMV,2026-08-21,,,,,,,,,,,,,,,,,,,,,,,
BEST BUY CO INC COMMON STOCK USD.1,BBY,COMMON STOCK,086516101,US0865161014,2094670,48168.0,4129442.64,0.5287479567277489,0,,CONSUMER DISCRETIONARY,UNITED STATES,AVMV,2026-08-21,,,,,,,,,,,,,,,,,,,,,,,
TRACTOR SUPPLY COMPANY COMMON STOCK USD.008,TSCO,COMMON STOCK,892356106,US8923561067,2900335,116724.0,4091176.2,0.5238481908936738,0,,CONSUMER DISCRETIONARY,UNITED STATES,AVMV,2026-08-21,,,,,,,,,,,,,,,,,,,,,,,
INTERNATIONAL PAPER CO COMMON STOCK USD1.0,IP,COMMON STOCK,460146103,US4601461035,2465254,101211.0,4084875.96,0.5230414866196814,0,,MATERIALS,UNITED STATES,AVMV,2026-08-21,,,,,,,,,,,,,,,,,,,,,,,
METLIFE INC COMMON STOCK USD.01,MET,COMMON STOCK,59156R108,US59156R1086,2573209,41735.0,3900553.1,0.49944015731214686,0,,FINANCIALS,UNITED STATES,AVMV,2026-08-21,,,,,,,,,,,,,,,,,,,,,,,
JAZZ PHARMACEUTICALS PLC COMMON STOCK USD.0001,JAZZ,COMMON STOCK,G50871105,IE00B4Q5ZN47,B4Q5ZN4,15613.0,3882953.1,0.4971865931269307,0,,HEALTH CARE,UNITED STATES,AVMV,2026-08-21,,,,,,,,,,,,,,,,,,,,,,,
VIKING HOLDINGS LTD COMMON STOCK USD.01,VIK,COMMON STOCK,G93A5A101,BMG93A5A1010,BRDXKH1,41042.0,3715532.26,0.47574945625858966,0,,CONSUMER DISCRETIONARY,UNITED STATES,AVMV,2026-08-21,,,,,,,,,,,,,,,,,,,,,,,
KIMBERLY CLARK CORP COMMON STOCK USD1.25,KMB,COMMON STOCK,494368103,US4943681035,2491839,34118.0,3708285.42,0.4748215460835902,0,,CONSUMER STAPLES,UNITED STATES,AVMV,2026-08-21,,,,,,,,,,,,,,,,,,,,,,,
COPART INC COMMON STOCK,CPRT,COMMON STOCK,217204106,US2172041061,2208073,106235.0,3647047.55,0.46698043979887865,0,,INDUSTRIALS,UNITED STATES,AVMV,2026-08-21,,,,,,,,,,,,,,,,,,,,,,,
WR BERKLEY CORP COMMON STOCK USD.2,WRB,COMMON STOCK,084423102,US0844231029,2093644,51742.0,3579511.56,0.4583329006922244,0,,FINANCIALS,UNITED STATES,AVMV,2026-08-21,,,,,,,,,,,,,,,,,,,,,,,
BORGWARNER INC COMMON STOCK USD.01,BWA,COMMON STOCK,099724106,US0997241064,2111955,54542.0,3534321.6,0.4525466236815795,0,,CONSUMER DISCRETIONARY,UNITED STATES,AVMV,2026-08-21,,,,,,,,,,,,,,,,,,,,,,,
EAST WEST BANCORP INC COMMON STOCK USD.001,EWBC,COMMON STOCK,27579R104,US27579R1041,2487407,26431.0,3433122.59,0.4395887563795721,0,,FINANCIALS,UNITED STATES,AVMV,2026-08-21,,,,,,,,,,,,,,,,,,,,,,,
TALEN ENERGY CORP COMMON STOCK USD.001,TLN,COMMON STOCK,87422Q109,US87422Q1094,BRRF114,10391.0,3293843.09,0.42175493291736693,0,,UTILITIES,UNITED STATES,AVMV,2026-08-21,,,,,,,,,,,,,,,,,,,,,,,
LENNAR CORP A COMMON STOCK USD.1,LEN,COMMON STOCK,526057104,US5260571048,2511920,37753.0,3224861.26,0.4129222635128971,0,,CONSUMER DISCRETIONARY,UNITED STATES,AVMV,2026-08-21,,,,,,,,,,,,,,,,,,,,,,,
SOUTHWEST AIRLINES CO COMMON STOCK USD1.0,LUV,COMMON STOCK,844741108,US8447411088,2831543,79910.0,3187609.9,0.4081524719932044,0,,INDUSTRIALS,UNITED STATES,AVMV,2026-08-21,,,,,,,,,,,,,,,,,,,,,,,
LOEWS CORP COMMON STOCK USD.01,L,COMMON STOCK,540424108,US5404241086,2523022,28782.0,3186167.4,0.4079677693604104,0,,FINANCIALS,UNITED STATES,AVMV,2026-08-21,,,,,,,,,,,,,,,,,,,,,,,
EXELIXIS INC COMMON STOCK USD.001,EXEL,COMMON STOCK,30161Q104,US30161Q1040,2576941,58814.0,3157723.66,0.40432573562418317,0,,HEALTH CARE,UNITED STATES,AVMV,2026-08-21,,,,,,,,,,,,,,,,,,,,,,,
FIVE BELOW COMMON STOCK USD.01,FIVE,COMMON STOCK,33829M101,US33829M1018,B85KFY9,13312.0,3145758.72,0.4027937037911002,0,,CONSUMER DISCRETIONARY,UNITED STATES,AVMV,2026-08-21,,,,,,,,,,,,,,,,,,,,,,,
TYSON FOODS INC CL A COMMON STOCK USD.1,TSN,COMMON STOCK,902494103,US9024941034,2909730,53546.0,3127086.4,0.40040283608616295,0,,CONSUMER STAPLES,UNITED STATES,AVMV,2026-08-21,,,,,,,,,,,,,,,,,,,,,,,
COGNIZANT TECH SOLUTIONS A COMMON STOCK USD.01,CTSH,COMMON STOCK,192446102,US1924461023,2257019,51248.0,3122028.16,0.3997551617393319,0,,INFORMATION TECHNOLOGY,UNITED STATES,AVMV,2026-08-21,,,,,,,,,,,,,,,,,,,,,,,
RALPH LAUREN CORP COMMON STOCK USD.01,RL,COMMON STOCK,751212101,US7512121010,B4V9661,8328.0,3102346.56,0.3972350623718461,0,,CONSUMER DISCRETIONARY,UNITED STATES,AVMV,2026-08-21,,,,,,,,,,,,,,,,,,,,,,,
MUELLER INDUSTRIES INC COMMON STOCK USD.01,MLI,COMMON STOCK,624756102,US6247561029,2609717,49521.0,3068321.16,0.3928783338020931,0,,INDUSTRIALS,UNITED STATES,AVMV,2026-08-21,,,,,,,,,,,,,,,,,,,,,,,
NEUROCRINE BIOSCIENCES INC COMMON STOCK USD.001,NBIX,COMMON STOCK,64125C109,US64125C1099,2623911,19737.0,3018379.41,0.38648362135055797,0,,HEALTH CARE,UNITED STATES,AVMV,2026-08-21,,,,,,,,,,,,,,,,,,,,,,,
TEXAS ROADHOUSE INC COMMON STOCK USD.001,TXRH,COMMON STOCK,882681109,US8826811098,B033TJ7,14893.0,2996322.67,0.3836594009354088,0,,CONSUMER DISCRETIONARY,UNITED STATES,AVMV,2026-08-21,,,,,,,,,,,,,,,,,,,,,,,
DECKERS OUTDOOR CORP COMMON STOCK USD.01,DECK,COMMON STOCK,243537107,US2435371073,2267278,33581.0,2984007.66,0.3820825449424214,0,,CONSUMER DISCRETIONARY,UNITED STATES,AVMV,2026-08-21,,,,,,,,,,,,,,,,,,,,,,,
FIRST CITIZENS BCSHS   CL A COMMON STOCK USD1.0,FCNCA,COMMON STOCK,31946M103,US31946M1036,2355582,1377.0,2962243.71,0.3792958143601012,0,,FINANCIALS,UNITED STATES,AVMV,2026-08-21,,,,,,,,,,,,,,,,,,,,,,,
REINSURANCE GROUP OF AMERICA COMMON STOCK USD.01,RGA,COMMON STOCK,759351604,US7593516047,2731193,12126.0,2941161.3,0.3765963504899852,0,,FINANCIALS,UNITED STATES,AVMV,2026-08-21,,,,,,,,,,,,,,,,,,,,,,,
LULULEMON ATHLETICA INC COMMON STOCK USD.005,LULU,COMMON STOCK,550021109,US5500211090,B23FN39,25403.0,2938873.07,0.37630335769592055,0,,CONSUMER DISCRETIONARY,UNITED STATES,AVMV,2026-08-21,,,,,,,,,,,,,,,,,,,,,,,
RENAISSANCERE HOLDINGS LTD COMMON STOCK USD1.0,RNR,COMMON STOCK,G7496G103,BMG7496G1033,2728429,9075.0,2923511.25,0.3743363777316173,0,,FINANCIALS,UNITED STATES,AVMV,2026-08-21,,,,,,,,,,,,,,,,,,,,,,,
OVINTIV INC COMMON STOCK,OVV,COMMON STOCK,69047Q102,US69047Q1022,BJ01KB6,43301.0,2888176.7,0.36981202111907596,0,,ENERGY,UNITED STATES,AVMV,2026-08-21,,,,,,,,,,,,,,,,,,,,,,,
LAS VEGAS SANDS CORP COMMON STOCK USD.001,LVS,COMMON STOCK,517834107,US5178341070,B02T2J7,62483.0,2872343.51,0.36778468532806896,0,,CONSUMER DISCRETIONARY,UNITED STATES,AVMV,2026-08-21,,,,,,,,,,,,,,,,,,,,,,,
MARKEL GROUP INC COMMON STOCK,MKL,COMMON STOCK,570535104,US5705351048,2566436,1587.0,2838016.23,0.3633893030108027,0,,FINANCIALS,UNITED STATES,AVMV,2026-08-21,,,,,,,,,,,,,,,,,,,,,,,
REGIONS FINANCIAL CORP COMMON STOCK USD.01,RF,COMMON STOCK,7591EP100,US7591EP1005,B01R311,92232.0,2787251.04,0.3568891544858202,0,,FINANCIALS,UNITED STATES,AVMV,2026-08-21,,,,,,,,,,,,,,,,,,,,,,,
KEYCORP COMMON STOCK USD1.0,KEY,COMMON STOCK,493267108,US4932671088,2490911,126612.0,2766472.2,0.35422856075659653,0,,FINANCIALS,UNITED STATES,AVMV,2026-08-21,,,,,,,,,,,,,,,,,,,,,,,
NVR INC COMMON STOCK USD.01,NVR,COMMON STOCK,62944T105,US62944T1051,2637785,436.0,2746800.0,0.3517096649972551,0,,CONSUMER DISCRETIONARY,UNITED STATES,AVMV,2026-08-21,,,,,,,,,,,,,,,,,,,,,,,
ROBLOX CORP  CLASS A COMMON STOCK USD.0001,RBLX,COMMON STOCK,771049103,US7710491033,BMWBC20,70728.0,2732222.64,0.3498431299739027,0,,COMMUNICATION SERVICES,UNITED STATES,AVMV,2026-08-21,,,,,,,,,,,,,,,,,,,,,,,
TOLL BROTHERS INC COMMON STOCK USD.01,TOL,COMMON STOCK,889478103,US8894781033,2896092,18821.0,2731303.52,0.34972544270606654,0,,CONSUMER DISCRETIONARY,UNITED STATES,AVMV,2026-08-21,,,,,,,,,,,,,,,,,,,,,,,
WW GRAINGER INC COMMON STOCK USD.5,GWW,COMMON STOCK,384802104,US3848021040,2380863,2098.0,2728113.32,0.3493169585888122,0,,INDUSTRIALS,UNITED STATES,AVMV,2026-08-21,,,,,,,,,,,,,,,,,,,,,,,
GLOBE LIFE INC COMMON STOCK USD1.0,GL,COMMON STOCK,37959E102,US37959E1029,BK6YKG1,15852.0,2702607.48,0.3460511036150706,0,,FINANCIALS,UNITED STATES,AVMV,2026-08-21,,,,,,,,,,,,,,,,,,,,,,,
EVEREST GROUP LTD COMMON STOCK USD.01,EG,COMMON STOCK,G3223R108,BMG3223R1088,2556868,7303.0,2690133.08,0.34445383878143077,0,,FINANCIALS,UNITED STATES,AVMV,2026-08-21,,,,,,,,,,,,,,,,,,,,,,,
ASSURANT INC COMMON STOCK USD.01,AIZ,COMMON STOCK,04621X108,US04621X1081,2331430,9411.0,2653902.0,0.33981468740190235,0,,FINANCIALS,UNITED STATES,AVMV,2026-08-21,,,,,,,,,,,,,,,,,,,,,,,
OWENS CORNING COMMON STOCK USD.001,OC,COMMON STOCK,690742101,US6907421019,B1FW7Q2,17952.0,2641816.32,0.33826719560633506,0,,INDUSTRIALS,UNITED STATES,AVMV,2026-08-21,,,,,,,,,,,,,,,,,,,,,,,
GRACO INC COMMON STOCK USD1.0,GGG,COMMON STOCK,384109104,US3841091040,2380443,31596.0,2581709.16,0.330570869296616,0,,INDUSTRIALS,UNITED STATES,AVMV,2026-08-21,,,,,,,,,,,,,,,,,,,,,,,
BJ S WHOLESALE CLUB HOLDINGS COMMON STOCK USD.01,BJ,COMMON STOCK,05550J101,US05550J1016,BFZNZF8,27560.0,2516228.0,0.3221864376498883,0,,CONSUMER STAPLES,UNITED STATES,AVMV,2026-08-21,,,,,,,,,,,,,,,,,,,,,,,
MOOG INC CLASS A COMMON STOCK USD1.0,MOG.A,COMMON STOCK,615394202,US6153942023,2601218,6515.0,2485602.8,0.31826508231550865,0,,INDUSTRIALS,UNITED STATES,AVMV,2026-08-21,,,,,,,,,,,,,,,,,,,,,,,
RYDER SYSTEM INC COMMON STOCK USD.5,R,COMMON STOCK,783549108,US7835491082,2760669,9965.0,2469825.25,0.31624487086036907,0,,INDUSTRIALS,UNITED STATES,AVMV,2026-08-21,,,,,,,,,,,,,,,,,,,,,,,
ADVANCED DRAINAGE SYSTEMS IN COMMON STOCK USD.01,WMS,COMMON STOCK,00790R104,US00790R1041,BP7RS59,16781.0,2390285.64,0.3060603472011612,0,,INDUSTRIALS,UNITED STATES,AVMV,2026-08-21,,,,,,,,,,,,,,,,,,,,,,,
MANHATTAN ASSOCIATES INC COMMON STOCK USD.01,MANH,COMMON STOCK,562750109,US5627501092,2239471,11232.0,2372310.72,0.30375877697706316,0,,INFORMATION TECHNOLOGY,UNITED STATES,AVMV,2026-08-21,,,,,,,,,,,,,,,,,,,,,,,
RESMED INC COMMON STOCK USD.004,RMD,COMMON STOCK,761152107,US7611521078,2732903,10366.0,2368009.04,0.3032079751597756,0,,HEALTH CARE,UNITED STATES,AVMV,2026-08-21,,,,,,,,,,,,,,,,,,,,,,,
ENCOMPASS HEALTH CORP COMMON STOCK USD.01,EHC,COMMON STOCK,29261A100,US29261A1007,BYX2YJ7,19468.0,2353875.88,0.30139831702341596,0,,HEALTH CARE,UNITED STATES,AVMV,2026-08-21,,,,,,,,,,,,,,,,,,,,,,,
ALLY FINANCIAL INC COMMON STOCK USD.01,ALLY,COMMON STOCK,02005N100,US02005N1000,B72XK05,54985.0,2325315.65,0.2977413675092378,0,,FINANCIALS,UNITED STATES,AVMV,2026-08-21,,,,,,,,,,,,,,,,,,,,,,,
ANTERO RESOURCES CORP COMMON STOCK USD.01,AR,COMMON STOCK,03674X106,US03674X1063,BFD2WR8,60720.0,2286715.2,0.29279883389257727,0,,ENERGY,UNITED STATES,AVMV,2026-08-21,,,,,,,,,,,,,,,,,,,,,,,
MURPHY USA INC COMMON STOCK USD.01,MUSA,COMMON STOCK,626755102,US6267551025,BCZWJ63,4006.0,2284221.2,0.29247949360405856,0,,CONSUMER DISCRETIONARY,UNITED STATES,AVMV,2026-08-21,,,,,,,,,,,,,,,,,,,,,,,
RANGE RESOURCES CORP COMMON STOCK USD.01,RRC,COMMON STOCK,75281A109,US75281A1097,2523334,55243.0,2246732.81,0.28767935195261457,0,,ENERGY,UNITED STATES,AVMV,2026-08-21,,,,,,,,,,,,,,,,,,,,,,,
LENNOX INTERNATIONAL INC COMMON STOCK USD.01,LII,COMMON STOCK,526107107,US5261071071,2442053,5463.0,2218251.15,0.28403246280991545,0,,INDUSTRIALS,UNITED STATES,AVMV,2026-08-21,,,,,,,,,,,,,,,,,,,,,,,
TORO CO COMMON STOCK USD1.0,TTC,COMMON STOCK,891092108,US8910921084,2897040,22666.0,2216508.14,0.2838092818490931,0,,INDUSTRIALS,UNITED STATES,AVMV,2026-08-21,,,,,,,,,,,,,,,,,,,,,,,
CINCINNATI FINANCIAL CORP COMMON STOCK USD2.0,CINF,COMMON STOCK,172062101,US1720621010,2196888,13059.0,2196393.21,0.28123369742658577,0,,FINANCIALS,UNITED STATES,AVMV,2026-08-21,,,,,,,,,,,,,,,,,,,,,,,
JACK HENRY + ASSOCIATES INC COMMON STOCK USD.01,JKHY,COMMON STOCK,426281101,US4262811015,2469193,13210.0,2180706.8,0.2792251558487098,0,,FINANCIALS,UNITED STATES,AVMV,2026-08-21,,,,,,,,,,,,,,,,,,,,,,,
STIFEL FINANCIAL CORP COMMON STOCK USD.15,SF,COMMON STOCK,860630102,US8606301021,2849234,26889.0,2147893.32,0.27502360566005607,0,,FINANCIALS,UNITED STATES,AVMV,2026-08-21,,,,,,,,,,,,,,,,,,,,,,,
ACUITY INC COMMON STOCK USD.01,AYI,COMMON STOCK,00508Y102,US00508Y1029,2818461,6253.0,2136337.45,0.27354395254863484,0,,INDUSTRIALS,UNITED STATES,AVMV,2026-08-21,,,,,,,,,,,,,,,,,,,,,,,
FIDELITY NATIONAL FINANCIAL COMMON STOCK USD.0001,FNF,COMMON STOCK,31620R303,US31620R3030,BNBRDD4,44332.0,2103110.08,0.2692894064690368,0,,FINANCIALS,UNITED STATES,AVMV,2026-08-21,,,,,,,,,,,,,,,,,,,,,,,
POPULAR INC COMMON STOCK USD.01,BPOP,COMMON STOCK,733174700,PR7331747001,B86QM90,12465.0,2096862.3,0.26848941935283743,0,,FINANCIALS,UNITED STATES,AVMV,2026-08-21,,,,,,,,,,,,,,,,,,,,,,,
VALMONT INDUSTRIES COMMON STOCK USD1.0,VMI,COMMON STOCK,920253101,US9202531011,2926825,4309.0,2075516.03,0.26575616994602186,0,,INDUSTRIALS,UNITED STATES,AVMV,2026-08-21,,,,,,,,,,,,,,,,,,,,,,,
UNIVERSAL HEALTH SERVICES B COMMON STOCK USD.01,UHS,COMMON STOCK,913903100,US9139031002,2923785,11806.0,2040903.22,0.2613242273911531,0,,HEALTH CARE,UNITED STATES,AVMV,2026-08-21,,,,,,,,,,,,,,,,,,,,,,,
VIASAT INC COMMON STOCK USD.0001,VSAT,COMMON STOCK,92552V100,US92552V1008,2946243,27556.0,2039970.68,0.2612048217806257,0,,INFORMATION TECHNOLOGY,UNITED STATES,AVMV,2026-08-21,,,,,,,,,,,,,,,,,,,,,,,
SOLSTICE ADV MATERIALS INC COMMON STOCK,SOLS,COMMON STOCK,83443Q103,US83443Q1031,BW2K5V7,35651.0,2018559.62,0.2584632764406533,0,,MATERIALS,UNITED STATES,AVMV,2026-08-21,,,,,,,,,,,,,,,,,,,,,,,
PRIMERICA INC COMMON STOCK,PRI,COMMON STOCK,74164M108,US74164M1080,B50K3X8,6645.0,1971305.7,0.2524127229336608,0,,FINANCIALS,UNITED STATES,AVMV,2026-08-21,,,,,,,,,,,,,,,,,,,,,,,
PAYCOM SOFTWARE INC COMMON STOCK USD.01,PAYC,COMMON STOCK,70432V102,US70432V1026,BL95MY0,8662.0,1963848.64,0.2514578954709899,0,,INDUSTRIALS,UNITED STATES,AVMV,2026-08-21,,,,,,,,,,,,,,,,,,,,,,,
AUTOLIV INC COMMON STOCK USD1.0,ALV,COMMON STOCK,052800109,US0528001094,2064253,16077.0,1956410.13,0.2505054432137528,0,,CONSUMER DISCRETIONARY,UNITED STATES,AVMV,2026-08-21,,,,,,,,,,,,,,,,,,,,,,,
NORWEGIAN CRUISE LINE HOLDIN COMMON STOCK USD.001,NCLH,COMMON STOCK,G66721104,BMG667211046,B9CGTC3,116414.0,1949934.5,0.24967628140439424,0,,CONSUMER DISCRETIONARY,UNITED STATES,AVMV,2026-08-21,,,,,,,,,,,,,,,,,,,,,,,
AMERICAN FINANCIAL GROUP INC COMMON STOCK,AFG,COMMON STOCK,025932104,US0259321042,2134532,13501.0,1939418.65,0.24832979601024052,0,,FINANCIALS,UNITED STATES,AVMV,2026-08-21,,,,,,,,,,,,,,,,,,,,,,,
ZIONS BANCORP NA COMMON STOCK USD.001,ZION,COMMON STOCK,989701107,US9897011071,2989828,28429.0,1930044.81,0.24712953748172087,0,,FINANCIALS,UNITED STATES,AVMV,2026-08-21,,,,,,,,,,,,,,,,,,,,,,,
WINTRUST FINANCIAL CORP COMMON STOCK,WTFC,COMMON STOCK,97650W108,US97650W1080,2425258,12607.0,1923954.27,0.24634968391282164,0,,FINANCIALS,UNITED STATES,AVMV,2026-08-21,,,,,,,,,,,,,,,,,,,,,,,
APPLIED INDUSTRIAL TECH INC COMMON STOCK,AIT,COMMON STOCK,03820C105,US03820C1053,2086309,5564.0,1893651.76,0.24246964690951742,0,,INDUSTRIALS,UNITED STATES,AVMV,2026-08-21,,,,,,,,,,,,,,,,,,,,,,,
PARAMOUNT SKYDANCE CL B COMMON STOCK USD.001,PSKY,COMMON STOCK,69932A204,US69932A2042,BSNMNQ5,183998.0,1893339.42,0.24242965382783502,0,,COMMUNICATION SERVICES,UNITED STATES,AVMV,2026-08-21,,,,,,,,,,,,,,,,,,,,,,,
EVERCORE INC   A COMMON STOCK USD.01,EVR,COMMON STOCK,29977A105,US29977A1051,B1BHXZ2,6586.0,1890774.74,0.24210126343041796,0,,FINANCIALS,UNITED STATES,AVMV,2026-08-21,,,,,,,,,,,,,,,,,,,,,,,
INTERDIGITAL INC COMMON STOCK USD.01,IDCC,COMMON STOCK,45867G101,US45867G1013,2465737,5522.0,1888137.46,0.2417635770807369,0,,INFORMATION TECHNOLOGY,UNITED STATES,AVMV,2026-08-21,,,,,,,,,,,,,,,,,,,,,,,
AMKOR TECHNOLOGY INC COMMON STOCK USD.001,AMKR,COMMON STOCK,031652100,US0316521006,2242929,36979.0,1880751.94,0.24081790984430523,0,,INFORMATION TECHNOLOGY,UNITED STATES,AVMV,2026-08-21,,,,,,,,,,,,,,,,,,,,,,,
MAPLEBEAR INC COMMON STOCK USD.0001,CART,COMMON STOCK,565394103,US5653941030,BN4L6W3,36819.0,1880346.33,0.24076597415287537,0,,CONSUMER STAPLES,UNITED STATES,AVMV,2026-08-21,,,,,,,,,,,,,,,,,,,,,,,
JACKSON FINANCIAL INC A COMMON STOCK USD.01,JXN,COMMON STOCK,46817M107,US46817M1071,BMFX6P4,14524.0,1875629.36,0.2401619971838561,0,,FINANCIALS,UNITED STATES,AVMV,2026-08-21,,,,,,,,,,,,,,,,,,,,,,,
CULLEN/FROST BANKERS INC COMMON STOCK USD.01,CFR,COMMON STOCK,229899109,US2298991090,2239556,11118.0,1832357.58,0.2346213304998475,0,,FINANCIALS,UNITED STATES,AVMV,2026-08-21,,,,,,,,,,,,,,,,,,,,,,,
SAIA INC COMMON STOCK USD.001,SAIA,COMMON STOCK,78709Y105,US78709Y1055,2982399,4978.0,1790238.14,0.2292282133699975,0,,INDUSTRIALS,UNITED STATES,AVMV,2026-08-21,,,,,,,,,,,,,,,,,,,,,,,
OLD REPUBLIC INTL CORP COMMON STOCK USD1.0,ORI,COMMON STOCK,680223104,US6802231042,2659109,42485.0,1775873.0,0.22738885172115564,0,,FINANCIALS,UNITED STATES,AVMV,2026-08-21,,,,,,,,,,,,,,,,,,,,,,,
ANTERO MIDSTREAM CORP COMMON STOCK,AM,COMMON STOCK,03676B102,US03676B1026,BJBT0Q4,78075.0,1737949.5,0.22253299709740315,0,,ENERGY,UNITED STATES,AVMV,2026-08-21,,,,,,,,,,,,,,,,,,,,,,,
SM ENERGY CO COMMON STOCK USD.01,SM,COMMON STOCK,78454L100,US78454L1008,2764188,45371.0,1707764.44,0.2186679987937327,0,,ENERGY,UNITED STATES,AVMV,2026-08-21,,,,,,,,,,,,,,,,,,,,,,,
SIMPSON MANUFACTURING CO INC COMMON STOCK USD.01,SSD,COMMON STOCK,829073105,US8290731053,2809250,9006.0,1692047.28,0.2166555198807036,0,,INDUSTRIALS,UNITED STATES,AVMV,2026-08-21,,,,,,,,,,,,,,,,,,,,,,,
BRINKER INTERNATIONAL INC COMMON STOCK USD.1,EAT,COMMON STOCK,109641100,US1096411004,2193544,7247.0,1689275.7,0.21630063729976828,0,,CONSUMER DISCRETIONARY,UNITED STATES,AVMV,2026-08-21,,,,,,,,,,,,,,,,,,,,,,,
CHORD ENERGY CORP COMMON STOCK,CHRD,COMMON STOCK,674215207,US6742152076,BLDDYB1,11327.0,1685570.87,0.21582625819747775,0,,ENERGY,UNITED STATES,AVMV,2026-08-21,,,,,,,,,,,,,,,,,,,,,,,
BROWN FORMAN CORP CLASS B COMMON STOCK USD.15,BF.B,COMMON STOCK,115637209,US1156372096,2146838,59127.0,1679798.07,0.21508708914472685,0,,CONSUMER STAPLES,UNITED STATES,AVMV,2026-08-21,,,,,,,,,,,,,,,,,,,,,,,
LITHIA MOTORS INC COMMON STOCK,LAD,COMMON STOCK,536797103,US5367971034,2515030,4477.0,1659489.59,0.21248672191835305,0,,CONSUMER DISCRETIONARY,UNITED STATES,AVMV,2026-08-21,,,,,,,,,,,,,,,,,,,,,,,
SNAP ON INC COMMON STOCK USD1.0,SNA,COMMON STOCK,833034101,US8330341012,2818740,4205.0,1645290.35,0.21066860267282533,0,,INDUSTRIALS,UNITED STATES,AVMV,2026-08-21,,,,,,,,,,,,,,,,,,,,,,,
OSHKOSH CORP COMMON STOCK USD.01,OSK,COMMON STOCK,688239201,US6882392011,2663520,10354.0,1581366.42,0.20248356408042395,0,,INDUSTRIALS,UNITED STATES,AVMV,2026-08-21,,,,,,,,,,,,,,,,,,,,,,,
COMMERCE BANCSHARES INC COMMON STOCK USD5.0,CBSH,COMMON STOCK,200525103,US2005251036,2213204,26744.0,1572547.2,0.20135432099329093,0,,FINANCIALS,UNITED STATES,AVMV,2026-08-21,,,,,,,,,,,,,,,,,,,,,,,
WESTERN ALLIANCE BANCORP COMMON STOCK USD.0001,WAL,COMMON STOCK,957638109,US9576381092,B0CCGJ4,19676.0,1557355.4,0.19940911097119052,0,,FINANCIALS,UNITED STATES,AVMV,2026-08-21,,,,,,,,,,,,,,,,,,,,,,,
KINSALE CAPITAL GROUP INC COMMON STOCK USD.01,KNSL,COMMON STOCK,49714P108,US49714P1084,BD1MGQ3,3968.0,1512403.2,0.19365327756399323,0,,FINANCIALS,UNITED STATES,AVMV,2026-08-21,,,,,,,,,,,,,,,,,,,,,,,
AXIS CAPITAL HOLDINGS LTD COMMON STOCK USD.0125,AXS,COMMON STOCK,G0692U109,BMG0692U1099,2677606,15320.0,1510552.0,0.19341624358560275,0,,FINANCIALS,UNITED STATES,AVMV,2026-08-21,,,,,,,,,,,,,,,,,,,,,,,
VOYA FINANCIAL INC COMMON STOCK USD.01,VOYA,COMMON STOCK,929089100,US9290891004,BKWQ2N2,15494.0,1510510.06,0.19341087344458413,0,,FINANCIALS,UNITED STATES,AVMV,2026-08-21,,,,,,,,,,,,,,,,,,,,,,,
COLUMBIA BANKING SYSTEM INC COMMON STOCK,COLB,COMMON STOCK,197236102,US1972361026,2176608,48962.0,1509988.08,0.19334403734041372,0,,FINANCIALS,UNITED STATES,AVMV,2026-08-21,,,,,,,,,,,,,,,,,,,,,,,
COREBRIDGE FINANCIAL INC COMMON STOCK USD.01,CRBG,COMMON STOCK,21871X109,US21871X1090,BMTX0G9,47043.0,1496437.83,0.19160901699378163,0,,FINANCIALS,UNITED STATES,AVMV,2026-08-21,,,,,,,,,,,,,,,,,,,,,,,
LINCOLN NATIONAL CORP COMMON STOCK,LNC,COMMON STOCK,534187109,US5341871094,2516378,35547.0,1492263.06,0.1910744651668774,0,,FINANCIALS,UNITED STATES,AVMV,2026-08-21,,,,,,,,,,,,,,,,,,,,,,,
ARMSTRONG WORLD INDUSTRIES COMMON STOCK USD.01,AWI,COMMON STOCK,04247X102,US04247X1028,B1FT462,8364.0,1489712.04,0.19074782384257224,0,,INDUSTRIALS,UNITED STATES,AVMV,2026-08-21,,,,,,,,,,,,,,,,,,,,,,,
MOLSON COORS BEVERAGE CO   B COMMON STOCK USD.01,TAP,COMMON STOCK,60871R209,US60871R2094,B067BM3,34788.0,1482316.68,0.18980089665889158,0,,CONSUMER STAPLES,UNITED STATES,AVMV,2026-08-21,,,,,,,,,,,,,,,,,,,,,,,
U HAUL HOLDING CO NON VOTING COMMON STOCK USD.001,UHAL.B,COMMON STOCK,023586506,US0235865062,BP0VMC3,23399.0,1480688.72,0.18959244709349585,0,,INDUSTRIALS,UNITED STATES,AVMV,2026-08-21,,,,,,,,,,,,,,,,,,,,,,,
SPROUTS FARMERS MARKET INC COMMON STOCK USD.001,SFM,COMMON STOCK,85208M102,US85208M1027,BCGCR79,18721.0,1467351.98,0.18788476529738568,0,,CONSUMER STAPLES,UNITED STATES,AVMV,2026-08-21,,,,,,,,,,,,,,,,,,,,,,,
SMITH (A.O.) CORP COMMON STOCK USD1.0,AOS,COMMON STOCK,831865209,US8318652091,2816023,23316.0,1455617.88,0.1863822910072865,0,,INDUSTRIALS,UNITED STATES,AVMV,2026-08-21,,,,,,,,,,,,,,,,,,,,,,,
KIRBY CORP COMMON STOCK USD.1,KEX,COMMON STOCK,497266106,US4972661064,2493534,10424.0,1451229.28,0.1858203596559661,0,,INDUSTRIALS,UNITED STATES,AVMV,2026-08-21,,,,,,,,,,,,,,,,,,,,,,,
IES HOLDINGS INC COMMON STOCK USD.01,IESC,COMMON STOCK,44951W106,US44951W1062,BD978B9,2120.0,1448532.4,0.185475041918476,0,,INDUSTRIALS,UNITED STATES,AVMV,2026-08-21,,,,,,,,,,,,,,,,,,,,,,,
UMB FINANCIAL CORP COMMON STOCK USD1.0,UMBF,COMMON STOCK,902788108,US9027881088,2918510,9925.0,1447660.5,0.18536340086091407,0,,FINANCIALS,UNITED STATES,AVMV,2026-08-21,,,,,,,,,,,,,,,,,,,,,,,
INCYTE CORP COMMON STOCK USD.001,INCY,COMMON STOCK,45337C102,US45337C1027,2471950,11312.0,1439112.64,0.1842689036361276,0,,HEALTH CARE,UNITED STATES,AVMV,2026-08-21,,,,,,,,,,,,,,,,,,,,,,,
FIRST HORIZON CORP COMMON STOCK USD.625,FHN,COMMON STOCK,320517105,US3205171057,2341484,57135.0,1410091.8,0.18055297604244083,0,,FINANCIALS,UNITED STATES,AVMV,2026-08-21,,,,,,,,,,,,,,,,,,,,,,,
ARGAN INC COMMON STOCK USD.15,AGX,COMMON STOCK,04010E109,US04010E1091,2804501,2707.0,1398382.06,0.1790536208900435,0,,INDUSTRIALS,UNITED STATES,AVMV,2026-08-21,,,,,,,,,,,,,,,,,,,,,,,
AGCO CORP COMMON STOCK USD.01,AGCO,COMMON STOCK,001084102,US0010841023,2010278,13286.0,1382009.72,0.17695725048935135,0,,INDUSTRIALS,UNITED STATES,AVMV,2026-08-21,,,,,,,,,,,,,,,,,,,,,,,
HECLA MINING CO COMMON STOCK USD.25,HL,COMMON STOCK,422704106,US4227041062,2418601,65772.0,1369373.04,0.17533920676957654,0,,MATERIALS,UNITED STATES,AVMV,2026-08-21,,,,,,,,,,,,,,,,,,,,,,,
SOUTHSTATE BANK CORP COMMON STOCK USD2.5,SSB,COMMON STOCK,84472E102,US84472E1029,BVDCQB2,12908.0,1365408.24,0.17483154021948874,0,,FINANCIALS,UNITED STATES,AVMV,2026-08-21,,,,,,,,,,,,,,,,,,,,,,,
NEWMARKET CORP COMMON STOCK,NEU,COMMON STOCK,651587107,US6515871076,B01CGF1,1465.0,1358948.65,0.17400443222658077,0,,MATERIALS,UNITED STATES,AVMV,2026-08-21,,,,,,,,,,,,,,,,,,,,,,,
ONEMAIN HOLDINGS INC COMMON STOCK USD.01,OMF,COMMON STOCK,68268W103,US68268W1036,BYSZB89,22012.0,1358140.4,0.1739009411326773,0,,FINANCIALS,UNITED STATES,AVMV,2026-08-21,,,,,,,,,,,,,,,,,,,,,,,
DONALDSON CO INC COMMON STOCK USD5.0,DCI,COMMON STOCK,257651109,US2576511099,2276467,14520.0,1342228.8,0.17186356545713838,0,,INDUSTRIALS,UNITED STATES,AVMV,2026-08-21,,,,,,,,,,,,,,,,,,,,,,,
INGREDION INC COMMON STOCK USD.01,INGR,COMMON STOCK,457187102,US4571871023,B7K24P7,12445.0,1331863.9,0.1705364082171755,0,,CONSUMER STAPLES,UNITED STATES,AVMV,2026-08-21,,,,,,,,,,,,,,,,,,,,,,,
HUNTINGTON BANCSHARES INC COMMON STOCK USD.01,HBAN,COMMON STOCK,446150104,US4461501045,2445966,77797.0,1323326.97,0.16944331050696543,0,,FINANCIALS,UNITED STATES,AVMV,2026-08-21,,,,,,,,,,,,,,,,,,,,,,,
ENSIGN GROUP INC/THE COMMON STOCK USD.001,ENSG,COMMON STOCK,29358P101,US29358P1012,B1YWPP8,7167.0,1288984.95,0.16504604082969404,0,,HEALTH CARE,UNITED STATES,AVMV,2026-08-21,,,,,,,,,,,,,,,,,,,,,,,
NOV INC COMMON STOCK USD.01,NOV,COMMON STOCK,62955J103,US62955J1034,BN2RYW9,63071.0,1278449.17,0.16369700353018743,0,,ENERGY,UNITED STATES,AVMV,2026-08-21,,,,,,,,,,,,,,,,,,,,,,,
MOHAWK INDUSTRIES INC COMMON STOCK USD.01,MHK,COMMON STOCK,608190104,US6081901042,2598699,9109.0,1215778.23,0.15567240206212893,0,,CONSUMER DISCRETIONARY,UNITED STATES,AVMV,2026-08-21,,,,,,,,,,,,,,,,,,,,,,,
COMMERCIAL METALS CO COMMON STOCK USD.01,CMC,COMMON STOCK,201723103,US2017231034,2213260,18508.0,1208202.24,0.15470234639556327,0,,MATERIALS,UNITED STATES,AVMV,2026-08-21,,,,,,,,,,,,,,,,,,,,,,,
ENERSYS COMMON STOCK USD.01,ENS,COMMON STOCK,29275Y102,US29275Y1029,B020GQ5,6359.0,1208019.23,0.1546789131693396,0,,INDUSTRIALS,UNITED STATES,AVMV,2026-08-21,,,,,,,,,,,,,,,,,,,,,,,
FACTSET RESEARCH SYSTEMS INC COMMON STOCK USD.01,FDS,COMMON STOCK,303075105,US3030751057,2329770,4017.0,1205341.02,0.1543359860024937,0,,FINANCIALS,UNITED STATES,AVMV,2026-08-21,,,,,,,,,,,,,,,,,,,,,,,
GAP INC/THE COMMON STOCK USD.05,GAP,COMMON STOCK,364760108,US3647601083,2360326,61158.0,1201754.7,0.15387678132586163,0,,CONSUMER DISCRETIONARY,UNITED STATES,AVMV,2026-08-21,,,,,,,,,,,,,,,,,,,,,,,
DOCUSIGN INC COMMON STOCK USD.0001,DOCU,COMMON STOCK,256163106,US2561631068,BFYT7B7,19271.0,1200197.88,0.15367744076933731,0,,INFORMATION TECHNOLOGY,UNITED STATES,AVMV,2026-08-21,,,,,,,,,,,,,,,,,,,,,,,
TAPESTRY INC COMMON STOCK USD.01,TPR,COMMON STOCK,876030107,US8760301072,BF09HX3,9204.0,1194863.28,0.15299438034306154,0,,CONSUMER DISCRETIONARY,UNITED STATES,AVMV,2026-08-21,,,,,,,,,,,,,,,,,,,,,,,
KRAFT HEINZ CO/THE COMMON STOCK USD.01,KHC,COMMON STOCK,500754106,US5007541064,BYRY499,46492.0,1188800.44,0.1522180735768856,0,,CONSUMER STAPLES,UNITED STATES,AVMV,2026-08-21,,,,,,,,,,,,,,,,,,,,,,,
CIRRUS LOGIC INC COMMON STOCK USD.001,CRUS,COMMON STOCK,172755100,US1727551004,2197308,10046.0,1174377.4,0.15037129821404813,0,,INFORMATION TECHNOLOGY,UNITED STATES,AVMV,2026-08-21,,,,,,,,,,,,,,,,,,,,,,,
MOSAIC CO/THE COMMON STOCK USD.01,MOS,COMMON STOCK,61945C103,US61945C1036,B3NPHP6,50000.0,1167500.0,0.149490692399991,0,,MATERIALS,UNITED STATES,AVMV,2026-08-21,,,,,,,,,,,,,,,,,,,,,,,
STONEX GROUP INC COMMON STOCK USD.01,SNEX,COMMON STOCK,861896108,US8618961085,BMQ8XV3,17379.0,1150316.01,0.14729039555776874,0,,FINANCIALS,UNITED STATES,AVMV,2026-08-21,,,,,,,,,,,,,,,,,,,,,,,
HESS MIDSTREAM LP   CLASS A COMMON STOCK,HESM,COMMON STOCK,428103105,US4281031058,BKPK695,29104.0,1137966.4,0.14570910926246264,0,,ENERGY,UNITED STATES,AVMV,2026-08-21,,,,,,,,,,,,,,,,,,,,,,,
OSCAR HEALTH INC   CLASS A COMMON STOCK USD.00001,OSCR,COMMON STOCK,687793109,US6877931096,BKY83Q6,35784.0,1129700.88,0.14465076381677014,0,,FINANCIALS,UNITED STATES,AVMV,2026-08-21,,,,,,,,,,,,,,,,,,,,,,,
APTARGROUP INC COMMON STOCK USD.01,ATR,COMMON STOCK,038336103,US0383361039,2045247,8448.0,1123246.08,0.14382426915184215,0,,MATERIALS,UNITED STATES,AVMV,2026-08-21,,,,,,,,,,,,,,,,,,,,,,,
SKYWORKS SOLUTIONS INC COMMON STOCK USD.25,SWKS,COMMON STOCK,83088M102,US83088M1027,2961053,16303.0,1107625.82,0.1418241976461737,0,,INFORMATION TECHNOLOGY,UNITED STATES,AVMV,2026-08-21,,,,,,,,,,,,,,,,,,,,,,,
EASTMAN CHEMICAL CO COMMON STOCK USD.01,EMN,COMMON STOCK,277432100,US2774321002,2298386,14917.0,1100725.43,0.14094064811389964,0,,MATERIALS,UNITED STATES,AVMV,2026-08-21,,,,,,,,,,,,,,,,,,,,,,,
AUTONATION INC COMMON STOCK USD.01,AN,COMMON STOCK,05329W102,US05329W1027,2732635,5358.0,1072082.22,0.13727307355676188,0,,CONSUMER DISCRETIONARY,UNITED STATES,AVMV,2026-08-21,,,,,,,,,,,,,,,,,,,,,,,
OLD NATIONAL BANCORP COMMON STOCK,ONB,COMMON STOCK,680033107,US6800331075,2658441,39910.0,1030875.3,0.13199679860817853,0,,FINANCIALS,UNITED STATES,AVMV,2026-08-21,,,,,,,,,,,,,,,,,,,,,,,
GLOBALSTAR INC COMMON STOCK USD.0001,GSAT,COMMON STOCK,378973507,US3789735079,BRJMM32,12344.0,1012208.0,0.12960657368120782,0,,COMMUNICATION SERVICES,UNITED STATES,AVMV,2026-08-21,,,,,,,,,,,,,,,,,,,,,,,
LIFE TIME GROUP HOLDINGS INC COMMON STOCK USD.01,LTH,COMMON STOCK,53190C102,US53190C1027,BPH0546,22470.0,1004858.4,0.1286655057644087,0,,CONSUMER DISCRETIONARY,UNITED STATES,AVMV,2026-08-21,,,,,,,,,,,,,,,,,,,,,,,
GLOBALFOUNDRIES INC COMMON STOCK USD.02,GFS,COMMON STOCK,G39387108,KYG393871085,BMW7F63,20905.0,989433.65,0.1266904680277091,0,,INFORMATION TECHNOLOGY,UNITED STATES,AVMV,2026-08-21,,,,,,,,,,,,,,,,,,,,,,,
FIRST AMERICAN FINANCIAL COMMON STOCK USD.00001,FAF,COMMON STOCK,31847R102,US31847R1023,B4NFPK4,13704.0,986550.96,0.1263213585424204,0,,FINANCIALS,UNITED STATES,AVMV,2026-08-21,,,,,,,,,,,,,,,,,,,,,,,
LAMB WESTON HOLDINGS INC COMMON STOCK USD1.0,LW,COMMON STOCK,513272104,US5132721045,BDQZFJ3,18162.0,971122.14,0.12434579966900301,0,,CONSUMER STAPLES,UNITED STATES,AVMV,2026-08-21,,,,,,,,,,,,,,,,,,,,,,,
CLEAR SECURE INC  CLASS A COMMON STOCK USD.00001,YOU,COMMON STOCK,18467V109,US18467V1098,BLD30T1,22588.0,969025.2,0.12407730030067647,0,,INFORMATION TECHNOLOGY,UNITED STATES,AVMV,2026-08-21,,,,,,,,,,,,,,,,,,,,,,,
EAGLE MATERIALS INC COMMON STOCK USD.01,EXP,COMMON STOCK,26969P108,US26969P1084,2191399,4707.0,955144.44,0.12229996032342755,0,,MATERIALS,UNITED STATES,AVMV,2026-08-21,,,,,,,,,,,,,,,,,,,,,,,
RPM INTERNATIONAL INC COMMON STOCK USD.01,RPM,COMMON STOCK,749685103,US7496851038,2756174,8627.0,951644.37,0.12185179939173726,0,,MATERIALS,UNITED STATES,AVMV,2026-08-21,,,,,,,,,,,,,,,,,,,,,,,
NOBLE CORP PLC COMMON STOCK USD.00001,NE,COMMON STOCK,G65431127,GB00BMXNWH07,BN2QTL0,20092.0,943922.16,0.12086302121635555,0,,ENERGY,UNITED STATES,AVMV,2026-08-21,,,,,,,,,,,,,,,,,,,,,,,
AXALTA COATING SYSTEMS LTD COMMON STOCK USD1.0,AXTA,COMMON STOCK,G0750C108,BMG0750C1082,BSFWCF5,26203.0,930206.5,0.119106821207685,0,,MATERIALS,UNITED STATES,AVMV,2026-08-21,,,,,,,,,,,,,,,,,,,,,,,
MATADOR RESOURCES CO COMMON STOCK USD.01,MTDR,COMMON STOCK,576485205,US5764852050,B7MSLL8,15705.0,917486.1,0.11747805769282003,0,,ENERGY,UNITED STATES,AVMV,2026-08-21,,,,,,,,,,,,,,,,,,,,,,,
APTIV PLC COMMON STOCK USD.01,APTV,COMMON STOCK,G3265R107,JE00BTDN8H13,BTDN8H1,19468.0,915580.04,0.11723399925242953,0,,CONSUMER DISCRETIONARY,UNITED STATES,AVMV,2026-08-21,,,,,,,,,,,,,,,,,,,,,,,
HANOVER INSURANCE GROUP INC/ COMMON STOCK USD.01,THG,COMMON STOCK,410867105,US4108671052,2020415,3790.0,845586.9,0.10827183825726934,0,,FINANCIALS,UNITED STATES,AVMV,2026-08-21,,,,,,,,,,,,,,,,,,,,,,,
FLOWSERVE CORP COMMON STOCK USD1.25,FLS,COMMON STOCK,34354P105,US34354P1057,2288406,10822.0,845198.2,0.10822206778006516,0,,INDUSTRIALS,UNITED STATES,AVMV,2026-08-21,,,,,,,,,,,,,,,,,,,,,,,
GALAXY DIGITAL INC A COMMON STOCK USD.001,GLXY,COMMON STOCK,36317J209,US36317J2096,BV97X10,35580.0,835062.6,0.1069242708962199,0,,FINANCIALS,UNITED STATES,AVMV,2026-08-21,,,,,,,,,,,,,,,,,,,,,,,
VIRTU FINANCIAL INC CLASS A COMMON STOCK USD.00001,VIRT,COMMON STOCK,928254101,US9282541013,BWTVWD4,13330.0,815662.7,0.10444024136003953,0,,FINANCIALS,UNITED STATES,AVMV,2026-08-21,,,,,,,,,,,,,,,,,,,,,,,
HEXCEL CORP COMMON STOCK USD.01,HXL,COMMON STOCK,428291108,US4282911084,2416779,8552.0,804828.72,0.10305302151280384,0,,INDUSTRIALS,UNITED STATES,AVMV,2026-08-21,,,,,,,,,,,,,,,,,,,,,,,
ERIE INDEMNITY COMPANY CL A COMMON STOCK,ERIE,COMMON STOCK,29530P102,US29530P1021,2311711,2796.0,733362.84,0.09390228585184053,0,,FINANCIALS,UNITED STATES,AVMV,2026-08-21,,,,,,,,,,,,,,,,,,,,,,,
BOYD GAMING CORP COMMON STOCK USD.01,BYD,COMMON STOCK,103304101,US1033041013,2117232,8833.0,715031.35,0.09155505918561055,0,,CONSUMER DISCRETIONARY,UNITED STATES,AVMV,2026-08-21,,,,,,,,,,,,,,,,,,,,,,,
INSULET CORP COMMON STOCK USD.001,PODD,COMMON STOCK,45784P101,US45784P1012,B1XGNW4,4767.0,700129.29,0.0896469484639093,0,,HEALTH CARE,UNITED STATES,AVMV,2026-08-21,,,,,,,,,,,,,,,,,,,,,,,
ESSENT GROUP LTD COMMON STOCK USD.015,ESNT,COMMON STOCK,G3198U102,BMG3198U1027,BFWGXR8,10010.0,685985.3,0.08783590361731526,0,,FINANCIALS,UNITED STATES,AVMV,2026-08-21,,,,,,,,,,,,,,,,,,,,,,,
DARLING INGREDIENTS INC COMMON STOCK USD.01,DAR,COMMON STOCK,237266101,US2372661015,2250289,9486.0,643530.24,0.08239981255497421,0,,CONSUMER STAPLES,UNITED STATES,AVMV,2026-08-21,,,,,,,,,,,,,,,,,,,,,,,
URBAN OUTFITTERS INC COMMON STOCK USD.0001,URBN,COMMON STOCK,917047102,US9170471026,2933438,8621.0,626315.65,0.08019559758411172,0,,CONSUMER DISCRETIONARY,UNITED STATES,AVMV,2026-08-21,,,,,,,,,,,,,,,,,,,,,,,
HF SINCLAIR CORP COMMON STOCK,DINO,COMMON STOCK,403949100,US4039491000,BMZQ9C1,6591.0,611117.52,0.07824957704716519,0,,ENERGY,UNITED STATES,AVMV,2026-08-21,,,,,,,,,,,,,,,,,,,,,,,
PAYLOCITY HOLDING CORP COMMON STOCK USD.001,PCTY,COMMON STOCK,70438V106,US70438V1061,BKM4N88,3872.0,589937.92,0.0755376686370968,0,,INDUSTRIALS,UNITED STATES,AVMV,2026-08-21,,,,,,,,,,,,,,,,,,,,,,,
STERLING INFRASTRUCTURE INC COMMON STOCK USD.01,STRL,COMMON STOCK,859241101,US8592411016,2632876,1116.0,580911.48,0.0743818923925512,0,,INDUSTRIALS,UNITED STATES,AVMV,2026-08-21,,,,,,,,,,,,,,,,,,,,,,,
MGIC INVESTMENT CORP COMMON STOCK USD1.0,MTG,COMMON STOCK,552848103,US5528481030,2548616,18689.0,573939.19,0.07348913653840684,0,,FINANCIALS,UNITED STATES,AVMV,2026-08-21,,,,,,,,,,,,,,,,,,,,,,,
CHEWY INC  CLASS A COMMON STOCK USD.01,CHWY,COMMON STOCK,16679L109,US16679L1098,BJLFHW7,21394.0,510888.72,0.06541593875130204,0,,CONSUMER DISCRETIONARY,UNITED STATES,AVMV,2026-08-21,,,,,,,,,,,,,,,,,,,,,,,
LEAR CORP COMMON STOCK USD.01,LEA,COMMON STOCK,521865204,US5218652049,B570P91,4054.0,508493.22,0.06510921073961537,0,,CONSUMER DISCRETIONARY,UNITED STATES,AVMV,2026-08-21,,,,,,,,,,,,,,,,,,,,,,,
ORMAT TECHNOLOGIES INC COMMON STOCK USD.001,ORA,COMMON STOCK,686688102,US6866881021,B03L311,4425.0,479227.5,0.061361927873333354,0,,UTILITIES,UNITED STATES,AVMV,2026-08-21,,,,,,,,,,,,,,,,,,,,,,,
SEI INVESTMENTS COMPANY COMMON STOCK USD.01,SEIC,COMMON STOCK,784117103,US7841171033,2793610,4418.0,475376.8,0.06086887107742359,0,,FINANCIALS,UNITED STATES,AVMV,2026-08-21,,,,,,,,,,,,,,,,,,,,,,,
LEVI STRAUSS + CO  CLASS A COMMON STOCK USD.001,LEVI,COMMON STOCK,52736R102,US52736R1023,BHRWS81,22027.0,467633.21,0.059877355333730536,0,,CONSUMER DISCRETIONARY,UNITED STATES,AVMV,2026-08-21,,,,,,,,,,,,,,,,,,,,,,,
BOK FINANCIAL CORPORATION COMMON STOCK USD.00006,BOKF,COMMON STOCK,05561Q201,US05561Q2012,2109091,3344.0,467624.96,0.059876298975518716,0,,FINANCIALS,UNITED STATES,AVMV,2026-08-21,,,,,,,,,,,,,,,,,,,,,,,
SSC GOVERNMENT MM GVMXX,OTHER,SWEEP INVESTMENT VEHICLE,7839989D1,,,463376.0,463375.98,0.05933224504644487,3.610361,12/31/2030,MISCELLANEOUS,UNITED STATES,AVMV,2026-08-21,,,,,,,,,,,,,,,,,,,,,,,
LANDSTAR SYSTEM INC COMMON STOCK USD.01,LSTR,COMMON STOCK,515098101,US5150981018,2503994,2448.0,446564.16,0.057179602123700525,0,,INDUSTRIALS,UNITED STATES,AVMV,2026-08-21,,,,,,,,,,,,,,,,,,,,,,,
FOX CORP   CLASS A COMMON STOCK USD.01,FOXA,COMMON STOCK,35137L105,US35137L1052,BJJMGL2,6570.0,446497.2,0.05717102833632314,0,,COMMUNICATION SERVICES,UNITED STATES,AVMV,2026-08-21,,,,,,,,,,,,,,,,,,,,,,,
CENTRAL BANCOMPANY COMMON STOCK,CBC,COMMON STOCK,152413100,US1524131000,B3KKGR9,13560.0,433513.2,0.05550851257604779,0,,FINANCIALS,UNITED STATES,AVMV,2026-08-21,,,,,,,,,,,,,,,,,,,,,,,
PBF ENERGY INC CLASS A COMMON STOCK USD.001,PBF,COMMON STOCK,69318G106,US69318G1067,B7F4TJ7,6154.0,428072.24,0.054811833451661775,0,,ENERGY,UNITED STATES,AVMV,2026-08-21,,,,,,,,,,,,,,,,,,,,,,,
DILLARDS INC CL A COMMON STOCK,DDS,COMMON STOCK,254067101,US2540671011,2269768,711.0,425135.34,0.054435782732595805,0,,CONSUMER DISCRETIONARY,UNITED STATES,AVMV,2026-08-21,,,,,,,,,,,,,,,,,,,,,,,
BANCO SANTANDER SA SPON ADR ADR,SAN,FOREIGN ADR COMMON (DTC ELIGIBLE),05964H105,US05964H1059,2018186,27963.0,397354.23,0.050878594407507735,0,,FINANCIALS,SPAIN,AVMV,2026-08-21,,,,,,,,,,,,,,,,,,,,,,,
UL SOLUTIONS INC   CLASS A COMMON STOCK USD.001,ULS,COMMON STOCK,903731107,US9037311076,BPW6WJ3,5189.0,390524.14,0.05000404632763257,0,,INDUSTRIALS,UNITED STATES,AVMV,2026-08-21,,,,,,,,,,,,,,,,,,,,,,,
SHARKNINJA INC COMMON STOCK USD.2,SN,COMMON STOCK,G8068L108,KYG8068L1086,BRS7681,1898.0,341602.04,0.04373989334890743,0,,CONSUMER DISCRETIONARY,UNITED STATES,AVMV,2026-08-21,,,,,,,,,,,,,,,,,,,,,,,
UBIQUITI INC COMMON STOCK USD.001,UI,COMMON STOCK,90353W103,US90353W1036,BK9Z6V8,582.0,333992.34,0.04276552133866657,0,,INFORMATION TECHNOLOGY,UNITED STATES,AVMV,2026-08-21,,,,,,,,,,,,,,,,,,,,,,,
FOX CORP   CLASS B COMMON STOCK USD.01,FOX,COMMON STOCK,35137L204,US35137L2043,BJJMGY5,4894.0,295842.3,0.03788065975863457,0,,COMMUNICATION SERVICES,UNITED STATES,AVMV,2026-08-21,,,,,,,,,,,,,,,,,,,,,,,
TRADE DESK INC/THE  CLASS A COMMON STOCK USD.000001,TTD,COMMON STOCK,88339J105,US88339J1051,BD8FDD1,22015.0,293239.8,0.0375474267590877,0,,COMMUNICATION SERVICES,UNITED STATES,AVMV,2026-08-21,,,,,,,,,,,,,,,,,,,,,,,
ZOETIS INC COMMON STOCK USD.01,ZTS,COMMON STOCK,98978V103,US98978V1035,B95WG16,3825.0,286951.5,0.0367422513235255,0,,HEALTH CARE,UNITED STATES,AVMV,2026-08-21,,,,,,,,,,,,,,,,,,,,,,,
UNUM GROUP COMMON STOCK USD.1,UNM,COMMON STOCK,91529Y106,US91529Y1064,2433842,3136.0,272675.2,0.034914265052082255,0,,FINANCIALS,UNITED STATES,AVMV,2026-08-21,,,,,,,,,,,,,,,,,,,,,,,
PILGRIM S PRIDE CORP COMMON STOCK USD.01,PPC,COMMON STOCK,72147K108,US72147K1088,B5L3PZ2,8676.0,271038.24,0.03470466309591001,0,,CONSUMER STAPLES,UNITED STATES,AVMV,2026-08-21,,,,,,,,,,,,,,,,,,,,,,,
TOAST INC CLASS A COMMON STOCK USD.000001,TOST,COMMON STOCK,888787108,US8887871080,BP6D7B7,7664.0,270692.48,0.034660390803144085,0,,FINANCIALS,UNITED STATES,AVMV,2026-08-21,,,,,,,,,,,,,,,,,,,,,,,
VALLEY NATIONAL BANCORP COMMON STOCK,VLY,COMMON STOCK,919794107,US9197941076,2935326,18519.0,261488.28,0.03348185356032781,0,,FINANCIALS,UNITED STATES,AVMV,2026-08-21,,,,,,,,,,,,,,,,,,,,,,,
BROWN FORMAN CORP CLASS A COMMON STOCK USD.15,BF.A,COMMON STOCK,115637100,US1156371007,2146816,8797.0,254761.12,0.032620484989633575,0,,CONSUMER STAPLES,UNITED STATES,AVMV,2026-08-21,,,,,,,,,,,,,,,,,,,,,,,
NEXTPOWER INC CL A COMMON STOCK USD.0001,NXT,COMMON STOCK,65290E101,US65290E1010,BR1GTS6,2785.0,244690.1,0.03133095714982702,0,,INDUSTRIALS,UNITED STATES,AVMV,2026-08-21,,,,,,,,,,,,,,,,,,,,,,,
ALIGN TECHNOLOGY INC COMMON STOCK USD.0001,ALGN,COMMON STOCK,016255101,US0162551016,2679204,1506.0,239363.64,0.030648938996986886,0,,HEALTH CARE,UNITED STATES,AVMV,2026-08-21,,,,,,,,,,,,,,,,,,,,,,,
ARROW ELECTRONICS INC COMMON STOCK USD1.0,ARW,COMMON STOCK,042735100,US0427351004,2051404,1158.0,239289.12,0.030639397201357204,0,,INFORMATION TECHNOLOGY,UNITED STATES,AVMV,2026-08-21,,,,,,,,,,,,,,,,,,,,,,,
SUPER GROUP SGHC LTD COMMON STOCK,SGHC,COMMON STOCK,G8588X103,GG00BMG42V42,BMG42V4,17929.0,237021.38,0.030349028016960496,0,,CONSUMER DISCRETIONARY,UNITED STATES,AVMV,2026-08-21,,,,,,,,,,,,,,,,,,,,,,,
MSA SAFETY INC COMMON STOCK,MSA,COMMON STOCK,553498106,US5534981064,BKM4S16,1222.0,230273.68,0.029485029434427375,0,,INDUSTRIALS,UNITED STATES,AVMV,2026-08-21,,,,,,,,,,,,,,,,,,,,,,,
SMITHFIELD FOODS INC COMMON STOCK NPV,SFD,COMMON STOCK,832248207,US8322482071,BS893N8,9619.0,214311.32,0.027441154274908813,0,,CONSUMER STAPLES,UNITED STATES,AVMV,2026-08-21,,,,,,,,,,,,,,,,,,,,,,,
VICTORIA S SECRET + CO COMMON STOCK,VSXY,COMMON STOCK,926400102,US9264001028,BNNTGH3,2430.0,210924.0,0.02700743023878005,0,,CONSUMER DISCRETIONARY,UNITED STATES,AVMV,2026-08-21,,,,,,,,,,,,,,,,,,,,,,,
RED ROCK RESORTS INC CLASS A COMMON STOCK USD.01,RRR,COMMON STOCK,75700L108,US75700L1089,BYY9947,3222.0,196831.98,0.02520303980870337,0,,CONSUMER DISCRETIONARY,UNITED STATES,AVMV,2026-08-21,,,,,,,,,,,,,,,,,,,,,,,
ALBEMARLE CORP COMMON STOCK USD.01,ALB,COMMON STOCK,012653101,US0126531013,2046853,1442.0,193501.98,0.02477665522138691,0,,MATERIALS,UNITED STATES,AVMV,2026-08-21,,,,,,,,,,,,,,,,,,,,,,,
PENSKE AUTOMOTIVE GROUP INC COMMON STOCK USD.0001,PAG,COMMON STOCK,70959W103,US70959W1036,2943523,885.0,191646.75,0.024539105228015397,0,,CONSUMER DISCRETIONARY,UNITED STATES,AVMV,2026-08-21,,,,,,,,,,,,,,,,,,,,,,,
CNA FINANCIAL CORP COMMON STOCK USD2.5,CNA,COMMON STOCK,126117100,US1261171003,2204866,3719.0,184016.12,0.023562053269002,0,,FINANCIALS,UNITED STATES,AVMV,2026-08-21,,,,,,,,,,,,,,,,,,,,,,,
NEW YORK TIMES CO A COMMON STOCK USD.1,NYT,COMMON STOCK,650111107,US6501111073,2632003,2779.0,181468.7,0.023235872901007495,0,,COMMUNICATION SERVICES,UNITED STATES,AVMV,2026-08-21,,,,,,,,,,,,,,,,,,,,,,,
BIOGEN INC COMMON STOCK USD.0005,BIIB,COMMON STOCK,09062X103,US09062X1037,2455965,770.0,165049.5,0.021133502385672222,0,,HEALTH CARE,UNITED STATES,AVMV,2026-08-21,,,,,,,,,,,,,,,,,,,,,,,
LENNAR CORP   B SHS COMMON STOCK USD.1,LEN.B,COMMON STOCK,526057302,US5260573028,2578293,1885.0,158038.4,0.020235777166412623,0,,CONSUMER DISCRETIONARY,UNITED STATES,AVMV,2026-08-21,,,,,,,,,,,,,,,,,,,,,,,
PACS GROUP INC COMMON STOCK USD.001,PACS,COMMON STOCK,69380Q107,US69380Q1076,BPW6WD7,3177.0,138453.66,0.017728080084550697,0,,HEALTH CARE,UNITED STATES,AVMV,2026-08-21,,,,,,,,,,,,,,,,,,,,,,,
ENACT HOLDINGS INC COMMON STOCK USD.01,ACT,COMMON STOCK,29249E109,US29249E1091,BNZFTG9,2726.0,133901.12,0.01714515729501866,0,,FINANCIALS,UNITED STATES,AVMV,2026-08-21,,,,,,,,,,,,,,,,,,,,,,,
LANTHEUS HOLDINGS INC COMMON STOCK USD.01,LNTH,COMMON STOCK,516544103,US5165441032,BP8S8J5,1275.0,127806.0,0.016364717287257604,0,,HEALTH CARE,UNITED STATES,AVMV,2026-08-21,,,,,,,,,,,,,,,,,,,,,,,
U HAUL HOLDING CO COMMON STOCK USD.25,UHAL,COMMON STOCK,023586100,US0235861004,2028174,1766.0,126357.3,0.016179220785262,0,,INDUSTRIALS,UNITED STATES,AVMV,2026-08-21,,,,,,,,,,,,,,,,,,,,,,,
HINGE HEALTH INC A COMMON STOCK USD.00001,HNGE,COMMON STOCK,433313103,US4333131039,BV99FG5,1394.0,119354.28,0.01528253015683289,0,,HEALTH CARE,UNITED STATES,AVMV,2026-08-21,,,,,,,,,,,,,,,,,,,,,,,
CARMAX INC COMMON STOCK USD.5,KMX,COMMON STOCK,143130102,US1431301027,2983563,1381.0,84310.05,0.010795347109873973,0,,CONSUMER DISCRETIONARY,UNITED STATES,AVMV,2026-08-21,,,,,,,,,,,,,,,,,,,,,,,
CARLISLE COS INC COMMON STOCK USD1.0,CSL,COMMON STOCK,142339100,US1423391002,2176318,194.0,69364.7,0.008881693388537606,0,,INDUSTRIALS,UNITED STATES,AVMV,2026-08-21,,,,,,,,,,,,,,,,,,,,,,,
ALBERTSONS COS INC   CLASS A COMMON STOCK USD.01,ACI,COMMON STOCK,013091103,US0130911037,BYNQ369,5164.0,61864.72,0.00792137030229685,0,,CONSUMER STAPLES,UNITED STATES,AVMV,2026-08-21,,,,,,,,,,,,,,,,,,,,,,,
CARLYLE GROUP INC/THE COMMON STOCK USD1.0,CG,COMMON STOCK,14316J108,US14316J1088,BKRTG56,888.0,42615.12,0.005456585692084544,0,,FINANCIALS,UNITED STATES,AVMV,2026-08-21,,,,,,,,,,,,,,,,,,,,,,,
INGRAM MICRO HOLDING CORP COMMON STOCK USD.01,INGM,COMMON STOCK,457152106,US4571521065,BS5YN47,1015.0,27689.2,0.00354541985439129,0,,INFORMATION TECHNOLOGY,UNITED STATES,AVMV,2026-08-21,,,,,,,,,,,,,,,,,,,,,,,
VF CORP COMMON STOCK,VFC,COMMON STOCK,918204108,US9182041080,2928683,1753.0,24454.35,0.0031312185984511518,0,,CONSUMER DISCRETIONARY,UNITED STATES,AVMV,2026-08-21,,,,,,,,,,,,,,,,,,,,,,,
COUPANG INC COMMON STOCK USD.0001,CPNG,COMMON STOCK,22266T109,US22266T1097,BNYHDF3,941.0,15300.66,0.0019591488287596117,0,,CONSUMER DISCRETIONARY,UNITED STATES,AVMV,2026-08-21,,,,,,,,,,,,,,,,,,,,,,,
WEATHERFORD INTERNATIONAL PL COMMON STOCK USD.001,WFRD,COMMON STOCK,G48833118,IE00BLNN3691,BLNN369,3.0,273.72,3.504804481689554e-05,0,,ENERGY,UNITED STATES,AVMV,2026-08-21,,,,,,,,,,,,,,,,,,,,,,,
NATIONAL BEVERAGE CORP COMMON STOCK USD.01,FIZZ,COMMON STOCK,635017106,US6350171061,2638625,5.0,161.05,2.0621392728923815e-05,0,,CONSUMER STAPLES,UNITED STATES,AVMV,2026-08-21,,,,,,,,,,,,,,,,,,,,,,,
C.H. ROBINSON WORLDWIDE INC COMMON STOCK USD.1,CHRW,COMMON STOCK,12541W209,US12541W2098,2116228,1.0,143.83,1.8416485043161205e-05,0,,INDUSTRIALS,UNITED STATES,AVMV,2026-08-21,,,,,,,,,,,,,,,,,,,,,,,
OLIN CORP COMMON STOCK USD1.0,OLN,COMMON STOCK,680665205,US6806652052,2658526,6.0,111.78,1.4312693444514771e-05,0,,MATERIALS,UNITED STATES,AVMV,2026-08-21,,,,,,,,,,,,,,,,,,,,,,,
PINNACLE FINANCIAL PARTNERS COMMON STOCK USD1.0,PNFP,COMMON STOCK,72348N109,US72348N1090,BV6GRD0,1.0,101.99,1.3059148366488295e-05,0,,FINANCIALS,UNITED STATES,AVMV,2026-08-21,,,,,,,,,,,,,,,,,,,,,,,
CLARIVATE PLC COMMON STOCK USD.01,CLVT,COMMON STOCK,G21810109,JE00BJJN4441,BJJN444,40.0,82.8,1.0601995144085016e-05,0,,INDUSTRIALS,UNITED STATES,AVMV,2026-08-21,,,,,,,,,,,,,,,,,,,,,,,
BRUNSWICK CORP COMMON STOCK USD.75,BC,COMMON STOCK,117043109,US1170431092,2149309,1.0,81.06,1.0379199593955694e-05,0,,CONSUMER DISCRETIONARY,UNITED STATES,AVMV,2026-08-21,,,,,,,,,,,,,,,,,,,,,,,
MERITAGE HOMES CORP COMMON STOCK USD.01,MTH,COMMON STOCK,59001A102,US59001A1025,2601326,1.0,71.05,9.097484963614014e-06,0,,CONSUMER DISCRETIONARY,UNITED STATES,AVMV,2026-08-21,,,,,,,,,,,,,,,,,,,,,,,
PATTERSON UTI ENERGY INC COMMON STOCK USD.01,PTEN,COMMON STOCK,703481101,US7034811015,2672537,4.0,48.72,6.2382754036210385e-06,0,,ENERGY,UNITED STATES,AVMV,2026-08-21,,,,,,,,,,,,,,,,,,,,,,,
MU 09/18/2026 950 C,2MU   260918C00950000,,2MU   260918C00950000,,,23.0,194874.4,0.41047476755620693,,,,,KYLD,2026-08-21,MU,950.0,2026-09-18,Call,973.719970703125,28.0,0.024968390213815788,,,,,,,,,,,,,,,,
MU 09/18/2026 950 P,2MU   260918P00950000,,2MU   260918P00950000,,,-23.0,-131468.46,-0.2769193160285419,,,,,KYLD,2026-08-21,MU,950.0,2026-09-18,Put,973.719970703125,28.0,-0.024968390213815788,,,,,,,,,,,,,,,,
United States Treasury Bill 09/03/2026,912797RS8,,912797RS8,,,4800000.0,4793789.04,10.097423991594034,,,,,KYLD,2026-08-21,,,,,,,,,,,,,,,,,,,,,,,
United States Treasury Bill 12/24/2026,912797TC1,,912797TC1,,,4500000.0,4441496.09,9.355369792771919,,,,,KYLD,2026-08-21,,,,,,,,,,,,,,,,,,,,,,,
United States Treasury Bill 03/18/2027,912797UD7,,912797UD7,,,4800000.0,4697865.89,9.895375735386398,,,,,KYLD,2026-08-21,,,,,,,,,,,,,,,,,,,,,,,
AMAT US 08/28/26 C580,AMAT  260828C00580000,,AMAT  260828C00580000,,,-34.0,-3060.0,-0.006445447881928017,,,,,KYLD,2026-08-21,AMAT,580.0,2026-08-28,Call,496.260009765625,7.0,-0.1443792935075431,,,,,,,,,,,,,,,,
AMAT US 09/18/26 C600,AMAT  260918C00600000,,AMAT  260918C00600000,,,34.0,17510.0,0.036882285102143655,,,,,KYLD,2026-08-21,AMAT,600.0,2026-09-18,Call,496.260009765625,28.0,-0.17289998372395834,,,,,,,,,,,,,,,,
AMAT US 09/18/26 P600,AMAT  260918P00600000,,AMAT  260918P00600000,,,-34.0,-364650.0,-0.7680825392630888,,,,,KYLD,2026-08-21,AMAT,600.0,2026-09-18,Put,496.260009765625,28.0,0.17289998372395834,,,,,,,,,,,,,,,,
Advanced Micro Devices Inc,AMD,,007903107,,,5750.0,2699366.25,5.68582499300996,,,,,KYLD,2026-08-21,,,,,,,,,,,,,,,,,,,,,,,
AMD US 08/28/26 C565,AMD   260828C00565000,,AMD   260828C00565000,,,-56.0,-2324.0,-0.004895170221438142,,,,,KYLD,2026-08-21,AMD,565.0,2026-08-28,Call,469.32000732421875,7.0,-0.1693451197801438,,,,,,,,,,,,,,,,
APA US 09/18/26 P35,APA   260918P00035000,,APA   260918P00035000,,,376.0,4324.0,0.009107881255378023,,,,,KYLD,2026-08-21,APA,35.0,2026-09-18,Put,44.380001068115234,28.0,-0.26800003051757815,,,,,,,,,,,,,,,,
APA US 09/18/26 P37.5,APA   260918P00037500,,APA   260918P00037500,,,-376.0,-9024.0,-0.019007752185136742,,,,,KYLD,2026-08-21,APA,37.5,2026-09-18,Put,44.380001068115234,28.0,-0.1834666951497396,,,,,,,,,,,,,,,,
AppLovin Corp,APP,,03831W108,,,4140.0,1278307.8,2.6925706869157073,,,,,KYLD,2026-08-21,,,,,,,,,,,,,,,,,,,,,,,
APP US 08/28/26 C350,APP   260828C00350000,,APP   260828C00350000,,,-40.0,-3800.0,-0.008004150964485772,,,,,KYLD,2026-08-21,APP,350.0,2026-08-28,Call,308.7799987792969,7.0,-0.11777143205915179,,,,,,,,,,,,,,,,
Broadcom Inc,AVGO,,11135F101,,,5060.0,1841991.8,3.8798895901433914,,,,,KYLD,2026-08-21,,,,,,,,,,,,,,,,,,,,,,,
AVGO US 08/28/26 C420,AVGO  260828C00420000,,AVGO  260828C00420000,,,-49.0,-1543.5,-0.0032511597404431027,,,,,KYLD,2026-08-21,AVGO,420.0,2026-08-28,Call,364.239990234375,7.0,-0.13276192801339284,,,,,,,,,,,,,,,,
BE US 08/28/26 C270,BE    260828C00270000,,BE    260828C00270000,,,-24.0,-564.0,-0.0011879845115710464,,,,,KYLD,2026-08-21,BE,270.0,2026-08-28,Call,202.3300018310547,7.0,-0.2506296228479456,,,,,,,,,,,,,,,,
BE US 09/18/26 C290,BE    260918C00290000,,BE    260918C00290000,,,24.0,5268.0,0.011096280863397645,,,,,KYLD,2026-08-21,BE,290.0,2026-09-18,Call,202.3300018310547,28.0,-0.3023103385136045,,,,,,,,,,,,,,,,
BE US 09/18/26 P290,BE    260918P00290000,,BE    260918P00290000,,,-24.0,-214440.0,-0.451686877059034,,,,,KYLD,2026-08-21,BE,290.0,2026-09-18,Put,202.3300018310547,28.0,0.3023103385136045,,,,,,,,,,,,,,,,
BWX Technologies Inc,BWXT,,05605H100,,,13110.0,2050928.4,4.319984350250333,,,,,KYLD,2026-08-21,,,,,,,,,,,,,,,,,,,,,,,
BWXT US 08/21/26 C200,BWXT  260821C00200000,,BWXT  260821C00200000,,,-122.0,-305.0,-0.0006424384326758319,,,,,KYLD,2026-08-21,BWXT,200.0,2026-08-21,Call,156.44000244140625,0.0,-0.21779998779296875,,,,,,,,,,,,,,,,
DVN US 09/18/26 P40,DVN   260918P00040000,,DVN   260918P00040000,,,376.0,2820.0,0.005939922557855232,,,,,KYLD,2026-08-21,DVN,40.0,2026-09-18,Put,49.29999923706055,28.0,-0.23249998092651367,,,,,,,,,,,,,,,,
DVN US 09/18/26 P42.5,DVN   260918P00042500,,DVN   260918P00042500,,,-376.0,-6016.0,-0.01267183479009116,,,,,KYLD,2026-08-21,DVN,42.5,2026-09-18,Put,49.29999923706055,28.0,-0.15999998204848345,,,,,,,,,,,,,,,,
ETN US 09/18/26 P400,ETN   260918P00400000,,ETN   260918P00400000,,,47.0,43475.0,0.09157380610026816,,,,,KYLD,2026-08-21,ETN,400.0,2026-09-18,Put,415.5,28.0,-0.03875,,,,,,,,,,,,,,,,
ETN US 09/18/26 P420,ETN   260918P00420000,,ETN   260918P00420000,,,-47.0,-85775.0,-0.18067264446809664,,,,,KYLD,2026-08-21,ETN,420.0,2026-09-18,Put,415.5,28.0,0.010714285714285714,,,,,,,,,,,,,,,,
FIDELITY INV MMKT GOVT-I  12/31/2031,FIGXX,,316175108,,,823704.1,823704.1,1.7350136753857592,,,,,KYLD,2026-08-21,,,,,,,,,,,,,,,,,,,,,,,
VanEck Gold Miners ETF/USA,GDX,,92189F106,,,34040.0,3398894.0,7.159279128496028,,,,,KYLD,2026-08-21,,,,,,,,,,,,,,,,,,,,,,,
GDX US 08/28/26 C100,GDX   260828C00100000,,GDX   260828C00100000,,,-330.0,-99000.0,-0.2085291961800241,,,,,KYLD,2026-08-21,GDX,100.0,2026-08-28,Call,99.83000183105469,7.0,-0.001699981689453125,,,,,,,,,,,,,,,,
GILD US 09/18/26 P120,GILD  260918P00120000,,GILD  260918P00120000,,,94.0,1880.0,0.003959948371903488,,,,,KYLD,2026-08-21,GILD,120.0,2026-09-18,Put,143.4499969482422,28.0,-0.19541664123535157,,,,,,,,,,,,,,,,
GILD US 09/18/26 P130,GILD  260918P00130000,,GILD  260918P00130000,,,-94.0,-7473.0,-0.015740794778316365,,,,,KYLD,2026-08-21,GILD,130.0,2026-09-18,Put,143.4499969482422,28.0,-0.10346151498647836,,,,,,,,,,,,,,,,
Hims & Hers Health Inc,HIMS,,433000106,,,58190.0,1853933.4,3.905042845184839,,,,,KYLD,2026-08-21,,,,,,,,,,,,,,,,,,,,,,,
HIMS US 08/28/26 C31,HIMS  260828C00031000,,HIMS  260828C00031000,,,-569.0,-103558.0,-0.21812996462637307,,,,,KYLD,2026-08-21,HIMS,31.0,2026-08-28,Call,31.850000381469727,7.0,0.027419367144184727,,,,,,,,,,,,,,,,
Robinhood Markets Inc,HOOD,,770700102,,,19320.0,1837332.0,3.870074394705415,,,,,KYLD,2026-08-21,,,,,,,,,,,,,,,,,,,,,,,
HOOD US 08/28/26 C110,HOOD  260828C00110000,,HOOD  260828C00110000,,,-189.0,-7654.5,-0.016123098304646408,,,,,KYLD,2026-08-21,HOOD,110.0,2026-08-28,Call,95.11000061035156,7.0,-0.13536363081498579,,,,,,,,,,,,,,,,
Howmet Aerospace Inc,HWM,,443201108,,,11040.0,3020985.6,6.363269685246746,,,,,KYLD,2026-08-21,,,,,,,,,,,,,,,,,,,,,,,
HWM US 09/18/26 C310,HWM   260918C00310000,,HWM   260918C00310000,,,-108.0,-14310.0,-0.030141947447839844,,,,,KYLD,2026-08-21,HWM,310.0,2026-09-18,Call,273.7300109863281,28.0,-0.11699996456023186,,,,,,,,,,,,,,,,
Intel Corp,INTC,,458140100,,,21160.0,1949470.8,4.106278574751803,,,,,KYLD,2026-08-21,,,,,,,,,,,,,,,,,,,,,,,
INTC US 08/28/26 C115,INTC  260828C00115000,,INTC  260828C00115000,,,-207.0,-3001.5,-0.006322226084185275,,,,,KYLD,2026-08-21,INTC,115.0,2026-08-28,Call,92.1449966430664,7.0,-0.1987391596255095,,,,,,,,,,,,,,,,
Kurv Enhanced Short Maturity ETF,LQID,,500948104,,,31318.0,780444.56,1.6438937046451778,,,,,KYLD,2026-08-21,,,,,,,,,,,,,,,,,,,,,,,
MRVL US 09/18/26 C270,MRVL  260918C00270000,,MRVL  260918C00270000,,,27.0,43875.0,0.09241634830705613,,,,,KYLD,2026-08-21,MRVL,270.0,2026-09-18,Call,251.16000366210938,28.0,-0.06977776421440972,,,,,,,,,,,,,,,,
MRVL US 09/18/26 P270,MRVL  260918P00270000,,MRVL  260918P00270000,,,-27.0,-92677.5,-0.19521176342398164,,,,,KYLD,2026-08-21,MRVL,270.0,2026-09-18,Put,251.16000366210938,28.0,0.06977776421440972,,,,,,,,,,,,,,,,
MU US 08/28/26 C1100,MU    260828C01100000,,MU    260828C01100000,,,-23.0,-13685.0,-0.028825475249733636,,,,,KYLD,2026-08-21,MU,1100.0,2026-08-28,Call,973.719970703125,7.0,-0.11480002663352273,,,,,,,,,,,,,,,,
NFLX US 09/18/26 C65,NFLX  260918C00065000,,NFLX  260918C00065000,,,5.0,7775.0,0.016376914144441288,,,,,KYLD,2026-08-21,NFLX,65.0,2026-09-18,Call,80.16999816894531,28.0,0.23338458721454328,,,,,,,,,,,,,,,,
OXY US 09/18/26 P52.5,OXY   260918P00052500,,OXY   260918P00052500,,,376.0,6392.0,0.01346382446447186,,,,,KYLD,2026-08-21,OXY,52.5,2026-09-18,Put,61.52000045776367,28.0,-0.17180953252883185,,,,,,,,,,,,,,,,
OXY US 09/18/26 P55,OXY   260918P00055000,,OXY   260918P00055000,,,-376.0,-12220.0,-0.02573966441737267,,,,,KYLD,2026-08-21,OXY,55.0,2026-09-18,Put,61.52000045776367,28.0,-0.1185454628684304,,,,,,,,,,,,,,,,
QQQ US 09/18/26 P620,QQQ   260918P00620000,,QQQ   260918P00620000,,,-100.0,-15650.0,-0.032964463840579564,,,,,KYLD,2026-08-21,QQQ,620.0,2026-09-18,Put,710.9500122070312,28.0,-0.14669356807585684,,,,,,,,,,,,,,,,
QQQ US 09/18/26 P690,QQQ   260918P00690000,,QQQ   260918P00690000,,,100.0,86250.0,0.18167316333865735,,,,,KYLD,2026-08-21,QQQ,690.0,2026-09-18,Put,710.9500122070312,28.0,-0.030362336531929348,,,,,,,,,,,,,,,,
Reddit Inc,RDDT,,75734B100,,,11270.0,1693993.7,3.568152975707322,,,,,KYLD,2026-08-21,,,,,,,,,,,,,,,,,,,,,,,
RDDT US 08/28/26 C195,RDDT  260828C00195000,,RDDT  260828C00195000,,,-110.0,-1815.0,-0.003823035263300442,,,,,KYLD,2026-08-21,RDDT,195.0,2026-08-28,Call,150.3300018310547,7.0,-0.22907691368689903,,,,,,,,,,,,,,,,
Shopify Inc,SHOP,,82509L107,,,13800.0,2031084.0,4.278184988829374,,,,,KYLD,2026-08-21,,,,,,,,,,,,,,,,,,,,,,,
SHOP US 08/28/26 C165,SHOP  260828C00165000,,SHOP  260828C00165000,,,-135.0,-4050.0,-0.008530739843728258,,,,,KYLD,2026-08-21,SHOP,165.0,2026-08-28,Call,147.2100067138672,7.0,-0.10781814112807765,,,,,,,,,,,,,,,,
Global X Silver Miners ETF,SIL,,37954Y848,,,36110.0,3519280.6,7.412856107575282,,,,,KYLD,2026-08-21,,,,,,,,,,,,,,,,,,,,,,,
SIL US 08/21/26 C84,SIL   260821C00084000,,SIL   260821C00084000,,,-348.0,-475020.0,-1.000560997671061,,,,,KYLD,2026-08-21,SIL,84.0,2026-08-21,Call,97.48999786376953,0.0,0.160595212663923,,,,,,,,,,,,,,,,
Teradyne Inc,TER,,880770102,,,7360.0,2819984.0,5.93988885616696,,,,,KYLD,2026-08-21,,,,,,,,,,,,,,,,,,,,,,,
TER US 08/28/26 C460,TER   260828C00460000,,TER   260828C00460000,,,-72.0,-10620.0,-0.022369495590220764,,,,,KYLD,2026-08-21,TER,460.0,2026-08-28,Call,383.1499938964844,7.0,-0.16706523065981657,,,,,,,,,,,,,,,,
Vanguard FTSE Europe ETF,VGK,,922042874,,,16100.0,1481361.0,3.120272914974108,,,,,KYLD,2026-08-21,,,,,,,,,,,,,,,,,,,,,,,
Vistra Corp,VST,,92840M102,,,14030.0,1949328.2,4.105978208455084,,,,,KYLD,2026-08-21,,,,,,,,,,,,,,,,,,,,,,,
VST US 08/28/26 C160,VST   260828C00160000,,VST   260828C00160000,,,-137.0,-1712.5,-0.0036071338228110227,,,,,KYLD,2026-08-21,VST,160.0,2026-08-28,Call,138.97000122070312,7.0,-0.13143749237060548,,,,,,,,,,,,,,,,
Cash & Other,Cash&Other,,Cash&Other,,,-217201.24,-217201.24,-0.45750303016671207,,,,,KYLD,2026-08-21,,,,,,,,,,,,,,,,,,,,,,,
AAPL 09/18/2026 290 C,2AAPL 260918C00290000,,2AAPL 260918C00290000,,,238.0,579825.12,0.46509978050818696,,,,,KQQQ,2026-08-21,AAPL,290.0,2026-09-18,Call,311.3399963378906,28.0,0.07358619426858837,,,,,,,,,,,,,,,,
AAPL 09/18/2026 290 P,2AAPL 260918P00290000,,2AAPL 260918P00290000,,,-238.0,-47704.72,-0.03826577020534143,,,,,KQQQ,2026-08-21,AAPL,290.0,2026-09-18,Put,311.3399963378906,28.0,-0.07358619426858837,,,,,,,,,,,,,,,,
MSFT 09/18/2026 410 C,2MSFT 260918C00410000,,2MSFT 260918C00410000,,,179.0,1316231.75,1.055799545254105,,,,,KQQQ,2026-08-21,MSFT,410.0,2026-09-18,Call,481.3789978027344,28.0,0.17409511659203505,,,,,,,,,,,,,,,,
MSFT 09/18/2026 410 P,2MSFT 260918P00410000,,2MSFT 260918P00410000,,,-179.0,-13288.96,-0.010659580218225238,,,,,KQQQ,2026-08-21,MSFT,410.0,2026-09-18,Put,481.3789978027344,28.0,-0.17409511659203505,,,,,,,,,,,,,,,,
MU 09/18/2026 950 C,2MU   260918C00950000,,2MU   260918C00950000,,,75.0,635460.0,0.509726633647284,,,,,KQQQ,2026-08-21,MU,950.0,2026-09-18,Call,973.719970703125,28.0,0.024968390213815788,,,,,,,,,,,,,,,,
MU 09/18/2026 950 P,2MU   260918P00950000,,2MU   260918P00950000,,,-75.0,-428701.5,-0.34387777741249037,,,,,KQQQ,2026-08-21,MU,950.0,2026-09-18,Put,973.719970703125,28.0,-0.024968390213815788,,,,,,,,,,,,,,,,
NVDA 09/18/2026 210 C,2NVDA 260918C00210000,,2NVDA 260918C00210000,,,307.0,429787.72,0.34474907578532316,,,,,KQQQ,2026-08-21,NVDA,210.0,2026-09-18,Call,217.0500030517578,28.0,0.03357144310360863,,,,,,,,,,,,,,,,
NVDA 09/18/2026 210 P,2NVDA 260918P00210000,,2NVDA 260918P00210000,,,-307.0,-199550.0,-0.160066644233021,,,,,KQQQ,2026-08-21,NVDA,210.0,2026-09-18,Put,217.0500030517578,28.0,-0.03357144310360863,,,,,,,,,,,,,,,,
United States Treasury Bill 09/03/2026,912797RS8,,912797RS8,,,8100000.0,8089519.01,6.488910856376498,,,,,KQQQ,2026-08-21,,,,,,,,,,,,,,,,,,,,,,,
United States Treasury Bill 12/24/2026,912797TC1,,912797TC1,,,10600000.0,10462190.78,8.392121119921084,,,,,KQQQ,2026-08-21,,,,,,,,,,,,,,,,,,,,,,,
United States Treasury Bill 03/18/2027,912797UD7,,912797UD7,,,8000000.0,7829776.48,6.2805614946040365,,,,,KQQQ,2026-08-21,,,,,,,,,,,,,,,,,,,,,,,
Apple Inc,AAPL,,037833100,,,18444.0,5741617.2,4.605569519792504,,,,,KQQQ,2026-08-21,,,,,,,,,,,,,,,,,,,,,,,
AAPL US 09/18/26 P280,AAPL  260918P00280000,,AAPL  260918P00280000,,,40.0,4000.0,0.0032085521269460487,,,,,KQQQ,2026-08-21,AAPL,280.0,2026-09-18,Put,311.3399963378906,28.0,-0.11192855834960938,,,,,,,,,,,,,,,,
Applied Materials Inc,AMAT,,038222105,,,7830.0,3885324.3,3.1165663866600415,,,,,KQQQ,2026-08-21,,,,,,,,,,,,,,,,,,,,,,,
Advanced Micro Devices Inc,AMD,,007903107,,,12615.0,5922174.83,4.750401661735713,,,,,KQQQ,2026-08-21,,,,,,,,,,,,,,,,,,,,,,,
AMD US 08/21/26 C540,AMD   260821C00540000,,AMD   260821C00540000,,,-62.0,-93.0,-7.459883695149564e-05,,,,,KQQQ,2026-08-21,AMD,540.0,2026-08-21,Call,469.32000732421875,0.0,-0.13088887532552082,,,,,,,,,,,,,,,,
Amazon.com Inc,AMZN,,023135106,,,51330.0,13351446.3,10.709702855917739,,,,,KQQQ,2026-08-21,,,,,,,,,,,,,,,,,,,,,,,
AMZN US 08/21/26 C300,AMZN  260821C00300000,,AMZN  260821C00300000,,,-250.0,-125.0,-0.00010026725396706402,,,,,KQQQ,2026-08-21,AMZN,300.0,2026-08-21,Call,260.19000244140625,0.0,-0.13269999186197917,,,,,,,,,,,,,,,,
AMZN US 09/18/26 P225,AMZN  260918P00225000,,AMZN  260918P00225000,,,73.0,5219.5,0.004186759456648725,,,,,KQQQ,2026-08-21,AMZN,225.0,2026-09-18,Put,260.19000244140625,28.0,-0.15640001085069444,,,,,,,,,,,,,,,,
Broadcom Inc,AVGO,,11135F101,,,21495.0,7824824.85,6.276589603861948,,,,,KQQQ,2026-08-21,,,,,,,,,,,,,,,,,,,,,,,
AVGO US 08/21/26 C470,AVGO  260821C00470000,,AVGO  260821C00470000,,,-81.0,-81.0,-6.497318057065748e-05,,,,,KQQQ,2026-08-21,AVGO,470.0,2026-08-21,Call,364.239990234375,0.0,-0.22502129737367021,,,,,,,,,,,,,,,,
AVGO US 09/18/26 P330,AVGO  260918P00330000,,AVGO  260918P00330000,,,30.0,21075.0,0.016905059018846993,,,,,KQQQ,2026-08-21,AVGO,330.0,2026-09-18,Put,364.239990234375,28.0,-0.10375754616477273,,,,,,,,,,,,,,,,
Cisco Systems Inc,CSCO,,17275R102,,,20010.0,2192895.9,1.7590052010290673,,,,,KQQQ,2026-08-21,,,,,,,,,,,,,,,,,,,,,,,
FIDELITY INV MMKT GOVT-I  12/31/2031,FIGXX,,316175108,,,778257.2,778257.2,0.624269698592769,,,,,KQQQ,2026-08-21,,,,,,,,,,,,,,,,,,,,,,,
Alphabet Inc,GOOGL,,02079K305,,,42630.0,14522762.1,11.649259806271616,,,,,KQQQ,2026-08-21,,,,,,,,,,,,,,,,,,,,,,,
GOOGL US 08/21/26 C380,GOOGL 260821C00380000,,GOOGL 260821C00380000,,,-150.0,-75.0,-6.016035238023841e-05,,,,,KQQQ,2026-08-21,GOOGL,380.0,2026-08-21,Call,340.6650085449219,0.0,-0.10351313540810032,,,,,,,,,,,,,,,,
GOOGL US 09/18/26 P340,GOOGL 260918P00340000,,GOOGL 260918P00340000,,,60.0,58950.0,0.04728603697086739,,,,,KQQQ,2026-08-21,GOOGL,340.0,2026-09-18,Put,340.6650085449219,28.0,-0.0019559074850643383,,,,,,,,,,,,,,,,
Kurv Yield Premium Strategy Google Googl Etf/DE,GOOP,,500948609,,,17066.0,611474.78,0.49048717648571677,,,,,KQQQ,2026-08-21,,,,,,,,,,,,,,,,,,,,,,,
International Business Machines Corp,IBM,,459200101,,,10005.0,2338068.45,1.875453624548238,,,,,KQQQ,2026-08-21,,,,,,,,,,,,,,,,,,,,,,,
Intel Corp,INTC,,458140100,,,76125.0,7013396.25,5.625711863763235,,,,,KQQQ,2026-08-21,,,,,,,,,,,,,,,,,,,,,,,
INTC US 08/21/26 C115,INTC  260821C00115000,,INTC  260821C00115000,,,-370.0,-185.0,-0.00014839553587125474,,,,,KQQQ,2026-08-21,INTC,115.0,2026-08-21,Call,92.1449966430664,0.0,-0.1987391596255095,,,,,,,,,,,,,,,,
INTC US 09/18/26 P110,INTC  260918P00110000,,INTC  260918P00110000,,,180.0,348750.0,0.27974563856810863,,,,,KQQQ,2026-08-21,INTC,110.0,2026-09-18,Put,92.1449966430664,28.0,0.16231821233575994,,,,,,,,,,,,,,,,
Kurv Enhanced Short Maturity ETF,LQID,,500948104,,,52014.0,1296188.88,1.039722396961954,,,,,KQQQ,2026-08-21,,,,,,,,,,,,,,,,,,,,,,,
Lam Research Corp,LRCX,,512807306,,,3480.0,1080644.4,0.8668259720230841,,,,,KQQQ,2026-08-21,,,,,,,,,,,,,,,,,,,,,,,
Meta Platforms Inc,META,,30303M102,,,9694.0,5291276.02,4.244333732057405,,,,,KQQQ,2026-08-21,,,,,,,,,,,,,,,,,,,,,,,
META US 09/18/26 P540,META  260918P00540000,,META  260918P00540000,,,13.0,23595.0,0.018926446858823005,,,,,KQQQ,2026-08-21,META,540.0,2026-09-18,Put,545.885009765625,28.0,-0.010898166232638888,,,,,,,,,,,,,,,,
MRVL US 09/18/26 C270,MRVL  260918C00270000,,MRVL  260918C00270000,,,67.0,108875.0,0.08733277820531275,,,,,KQQQ,2026-08-21,MRVL,270.0,2026-09-18,Call,251.16000366210938,28.0,-0.06977776421440972,,,,,,,,,,,,,,,,
MRVL US 09/18/26 P270,MRVL  260918P00270000,,MRVL  260918P00270000,,,-67.0,-229977.5,-0.18447369919368373,,,,,KQQQ,2026-08-21,MRVL,270.0,2026-09-18,Put,251.16000366210938,28.0,0.06977776421440972,,,,,,,,,,,,,,,,
Microsoft Corp,MSFT,,594918104,,,4785.0,2302302.75,1.8467645963465593,,,,,KQQQ,2026-08-21,,,,,,,,,,,,,,,,,,,,,,,
MSFT US 09/18/26 P325,MSFT  260918P00325000,,MSFT  260918P00325000,,,23.0,195.5,0.00015681798520448813,,,,,KQQQ,2026-08-21,MSFT,325.0,2026-09-18,Put,481.3789978027344,28.0,-0.48116614708533656,,,,,,,,,,,,,,,,
MU US 08/21/26 C1000,MU    260821C01000000,,MU    260821C01000000,,,-37.0,-20627.5,-0.016546102249644902,,,,,KQQQ,2026-08-21,MU,1000.0,2026-08-21,Call,973.719970703125,0.0,-0.026280029296875,,,,,,,,,,,,,,,,
MU US 09/18/26 P900,MU    260918P00900000,,MU    260918P00900000,,,12.0,44280.0,0.03551867204529276,,,,,KQQQ,2026-08-21,MU,900.0,2026-09-18,Put,973.719970703125,28.0,-0.08191107855902778,,,,,,,,,,,,,,,,
Netflix Inc,NFLX,,64110L106,,,50460.0,4043864.4,3.2437374304253517,,,,,KQQQ,2026-08-21,,,,,,,,,,,,,,,,,,,,,,,
NVIDIA Corp,NVDA,,67066G104,,,18272.0,3962283.2,3.1782980472306486,,,,,KQQQ,2026-08-21,,,,,,,,,,,,,,,,,,,,,,,
NVDA US 08/21/26 C240,NVDA  260821C00240000,,NVDA  260821C00240000,,,-240.0,-360.0,-0.0002887696914251444,,,,,KQQQ,2026-08-21,NVDA,240.0,2026-08-21,Call,217.0500030517578,0.0,-0.09562498728434245,,,,,,,,,,,,,,,,
NVDA US 09/18/26 P180,NVDA  260918P00180000,,NVDA  260918P00180000,,,47.0,4441.5,0.003562696067957719,,,,,KQQQ,2026-08-21,NVDA,180.0,2026-09-18,Put,217.0500030517578,28.0,-0.2058333502875434,,,,,,,,,,,,,,,,
QQQ US 09/18/26 P620,QQQ   260918P00620000,,QQQ   260918P00620000,,,-300.0,-46950.0,-0.03766038059002925,,,,,KQQQ,2026-08-21,QQQ,620.0,2026-09-18,Put,710.9500122070312,28.0,-0.14669356807585684,,,,,,,,,,,,,,,,
QQQ US 09/18/26 P690,QQQ   260918P00690000,,QQQ   260918P00690000,,,300.0,258750.0,0.20755321571182253,,,,,KQQQ,2026-08-21,QQQ,690.0,2026-09-18,Put,710.9500122070312,28.0,-0.030362336531929348,,,,,,,,,,,,,,,,
RTX Corp,RTX,,75513E101,,,14355.0,3047422.95,2.4444538469816757,,,,,KQQQ,2026-08-21,,,,,,,,,,,,,,,,,,,,,,,
Sandisk Corp,SNDK,,80004C200,,,435.0,696269.7,0.5585044067157717,,,,,KQQQ,2026-08-21,,,,,,,,,,,,,,,,,,,,,,,
Spotify Technology SA,SPOT,,L8681T102,,,4785.0,2551027.05,2.046275816793601,,,,,KQQQ,2026-08-21,,,,,,,,,,,,,,,,,,,,,,,
Tesla Inc,TSLA,,88160R101,,,9673.0,3338442.49,2.6778916879941406,,,,,KQQQ,2026-08-21,,,,,,,,,,,,,,,,,,,,,,,
Kurv Yield Premium Strategy Tesla Tsla Etf/DE,TSLP,,500948880,,,49646.0,713413.02,0.5722557156780009,,,,,KQQQ,2026-08-21,,,,,,,,,,,,,,,,,,,,,,,
Uber Technologies Inc,UBER,,90353T100,,,41760.0,3280248.0,2.6312116743276306,,,,,KQQQ,2026-08-21,,,,,,,,,,,,,,,,,,,,,,,
Cash & Other,Cash&Other,,Cash&Other,,,-352005.23,-352005.23,-0.2823567823531582,,,,,KQQQ,2026-08-21,,,,,,,,,,,,,,,,,,,,,,,
Fidelity Wise Origin Bitcoin Fund,FBTC,,315948109,,,703952.0,44539043.04,14.892265613645852,,,,,BLOX,2026-08-21,,,,,,,,63.27,299101725.0,21975000.0,879.0,,,,,,,,,,,,
iShares Ethereum Trust ETF,ETHA,,46438R105,,,1320868.0,23181233.4,7.750976704521461,,,,,BLOX,2026-08-21,,,,,,,,17.55,299101725.0,21975000.0,879.0,,,,,,,,,,,,
Riot Platforms Inc,RIOT,,767292105,,,1062624.0,22293851.52,7.454267890058877,,,,,BLOX,2026-08-21,,,,,,,,20.98,299101725.0,21975000.0,879.0,,,,,,,,,,,,
Nicholas Bitcoin and Treasuries AfterDark ETF,NGHT,,88636X237,,,980791.0,21332694.65,7.132891353262489,,,,,BLOX,2026-08-21,,,,,,,,21.7505,299101725.0,21975000.0,879.0,,,,,,,,,,,,
HUT 8 CORP,HUT,,44812J104,,,221631.0,19647588.15,6.569451910642594,,,,,BLOX,2026-08-21,,,,,,,,88.65,299101725.0,21975000.0,879.0,,,,,,,,,,,,
Taiwan Semiconductor Manufacturing Co Ltd,TSM,,874039100,,,47045.0,19570720.0,6.543749946053874,,,,,BLOX,2026-08-21,,,,,,,,416.0,299101725.0,21975000.0,879.0,,,,,,,,,,,,
NVIDIA Corp,NVDA,,67066G104,,,88053.0,19094293.05,6.384449786000432,,,,,BLOX,2026-08-21,,,,,,,,216.85,299101725.0,21975000.0,879.0,,,,,,,,,,,,
Cipher Digital Inc,CIFR,,17253J106,,,1071269.0,18436539.49,6.164520482287193,,,,,BLOX,2026-08-21,,,,,,,,17.21,299101725.0,21975000.0,879.0,,,,,,,,,,,,
IREN Ltd,IREN,,Q4982L109,,,430030.0,18319278.0,6.1253124271486135,,,,,BLOX,2026-08-21,,,,,,,,42.6,299101725.0,21975000.0,879.0,,,,,,,,,,,,
Galaxy Digital Inc,GLXY,,36317J209,,,747638.0,17547063.86,5.867111592587236,,,,,BLOX,2026-08-21,,,,,,,,23.47,299101725.0,21975000.0,879.0,,,,,,,,,,,,
Nicholas Bitcoin Tail ETF,BHDG,,88636X245,,,728886.0,16706067.12,5.585912312642171,,,,,BLOX,2026-08-21,,,,,,,,22.92,299101725.0,21975000.0,879.0,,,,,,,,,,,,
Figure Technology Solutions Inc,FIGR,,349381103,,,292390.0,10543583.4,3.525397803706993,,,,,BLOX,2026-08-21,,,,,,,,36.06,299101725.0,21975000.0,879.0,,,,,,,,,,,,
Terawulf Inc,WULF,,88080T104,,,525783.0,8649130.35,2.891960350013971,,,,,BLOX,2026-08-21,,,,,,,,16.45,299101725.0,21975000.0,879.0,,,,,,,,,,,,
Coinbase Global Inc,COIN,,19260Q107,,,50071.0,8629736.85,2.88547585610783,,,,,BLOX,2026-08-21,,,,,,,,172.35,299101725.0,21975000.0,879.0,,,,,,,,,,,,
MARA Holdings Inc,MARA,,565788106,,,733835.0,8182260.25,2.7358556593490815,,,,,BLOX,2026-08-21,,,,,,,,11.15,299101725.0,21975000.0,879.0,,,,,,,,,,,,
Robinhood Markets Inc,HOOD,,770700102,,,77867.0,7405151.7,2.476018308850965,,,,,BLOX,2026-08-21,,,,,,,,95.1,299101725.0,21975000.0,879.0,,,,,,,,,,,,
CoreWeave Inc,CRWV,,21873S108,,,58167.0,5221069.92,1.7457393497706524,,,,,BLOX,2026-08-21,,,,,,,,89.76,299101725.0,21975000.0,879.0,,,,,,,,,,,,
Bullish,BLSH,,G16910120,,,162327.0,4616579.88,1.5436194652370174,,,,,BLOX,2026-08-21,,,,,,,,28.44,299101725.0,21975000.0,879.0,,,,,,,,,,,,
Circle Internet Group Inc,CRCL,,172573107,,,45564.0,3811884.24,1.2745579769095676,,,,,BLOX,2026-08-21,,,,,,,,83.66,299101725.0,21975000.0,879.0,,,,,,,,,,,,
HOOD US 10/16/26 C30,HOOD  261016C00030000,,HOOD  261016C00030000,,,520.0,3378700.0,1.1297166349900374,,,,,BLOX,2026-08-21,HOOD,30.0,2026-10-16,Call,95.11000061035156,56.0,2.1703333536783855,64.975,299101725.0,21975000.0,879.0,,,,,,,,,,,,
IBIT US 08/21/26 C37.5,IBIT  260821C00037500,,IBIT  260821C00037500,,,8630.0,3193100.0,1.0676586223064162,,,,,BLOX,2026-08-21,IBIT,37.5,2026-08-21,Call,41.17499923706055,0.0,0.09799997965494792,3.7,299101725.0,21975000.0,879.0,,,,,,,,,,,,
First American Government Obligations Fund 12/01/2031,FGXXX,,31846V336,,,2937768.0,2937768.06,0.9822847388416878,,,,,BLOX,2026-08-21,,,,,,,,100.0,299101725.0,21975000.0,879.0,,,,,,,,,,,,
Keel Infrastructure Corp,KEEL,,486917107,,,698534.0,2354059.58,0.7871134659140087,,,,,BLOX,2026-08-21,,,,,,,,3.37,299101725.0,21975000.0,879.0,,,,,,,,,,,,
IREN US 08/28/26 P46,IREN  260828P00046000,,IREN  260828P00046000,,,4275.0,2223000.0,0.7432918221750535,,,,,BLOX,2026-08-21,IREN,46.0,2026-08-28,Put,42.60499954223633,7.0,0.07380435777747113,5.2,299101725.0,21975000.0,879.0,,,,,,,,,,,,
IBIT US 08/28/26 C41,IBIT  260828C00041000,,IBIT  260828C00041000,,,8030.0,871255.0,0.29131656164153225,,,,,BLOX,2026-08-21,IBIT,41.0,2026-08-28,Call,41.17499923706055,7.0,0.004268274074647485,1.085,299101725.0,21975000.0,879.0,,,,,,,,,,,,
CIFR US 08/28/26 P15.5,CIFR  260828P00015500,,CIFR  260828P00015500,,,10712.0,482040.0,0.16117696354532737,,,,,BLOX,2026-08-21,CIFR,15.5,2026-08-28,Put,17.239999771118164,7.0,-0.11225804974955897,0.45,299101725.0,21975000.0,879.0,,,,,,,,,,,,
FIGR US 08/28/26 P35.5,FIGR  260828P00035500,,FIGR  260828P00035500,,,2923.0,445757.5,0.14904539110355214,,,,,BLOX,2026-08-21,FIGR,35.5,2026-08-28,Put,36.029998779296875,7.0,-0.014929543078785211,1.525,299101725.0,21975000.0,879.0,,,,,,,,,,,,
NVIDIA C PUT OPT 08/26 212.500,NVDA  260828P00212500,,NVDA  260828P00212500,,,880.0,404800.0,0.1353506655944497,,,,,BLOX,2026-08-21,NVDA,212.5,2026-08-28,Put,217.0500030517578,7.0,-0.02141177906709559,4.6,299101725.0,21975000.0,879.0,,,,,,,,,,,,
RIOT US 08/28/26 P19,RIOT  260828P00019000,,RIOT  260828P00019000,,,10626.0,371910.0,0.12435342401490065,,,,,BLOX,2026-08-21,RIOT,19.0,2026-08-28,Put,21.010000228881836,7.0,-0.10578948573062294,0.35,299101725.0,21975000.0,879.0,,,,,,,,,,,,
COIN US 08/28/26 P167.5,COIN  260828P00167500,,COIN  260828P00167500,,,500.0,252500.0,0.08442698385029285,,,,,BLOX,2026-08-21,COIN,167.5,2026-08-28,Put,172.4600067138672,7.0,-0.029611980381296643,5.05,299101725.0,21975000.0,879.0,,,,,,,,,,,,
GLXY US 08/28/26 P20.5,GLXY  260828P00020500,,GLXY  260828P00020500,,,7433.0,200691.0,0.06710390422138267,,,,,BLOX,2026-08-21,GLXY,20.5,2026-08-28,Put,23.46500015258789,7.0,-0.14463415378477515,0.27,299101725.0,21975000.0,879.0,,,,,,,,,,,,
CRWV US 08/28/26 P88,CRWV  260828P00088000,,CRWV  260828P00088000,,,578.0,183515.0,0.06136086313380789,,,,,BLOX,2026-08-21,CRWV,88.0,2026-08-28,Put,89.76000213623047,7.0,-0.020000024275346237,3.175,299101725.0,21975000.0,879.0,,,,,,,,,,,,
ETHA US 08/28/26 P15,ETHA  260828P00015000,,ETHA  260828P00015000,,,13208.0,165100.07,0.055203568093355325,,,,,BLOX,2026-08-21,ETHA,15.0,2026-08-28,Put,17.540000915527344,7.0,-0.16933339436848957,0.125,299101725.0,21975000.0,879.0,,,,,,,,,,,,
MARA HOL PUT OPT 09/26 10,MARA  260904P00010000,,MARA  260904P00010000,,,3180.0,109710.0,0.03668310652758664,,,,,BLOX,2026-08-21,MARA,10.0,2026-09-04,Put,11.149999618530273,14.0,-0.11499996185302734,0.345,299101725.0,21975000.0,879.0,,,,,,,,,,,,
HOOD US 08/21/26 P94,HOOD  260821P00094000,,HOOD  260821P00094000,,,1298.0,130449.0,0.04361748758925486,,,,,BLOX,2026-08-21,HOOD,94.0,2026-08-21,Put,95.11000061035156,0.0,-0.0118085171313996,1.005,299101725.0,21975000.0,879.0,,,,,,,,,,,,
TSM US 08/28/26 P400,TSM   260828P00400000,,TSM   260828P00400000,,,470.0,126430.0,0.04227367749779218,,,,,BLOX,2026-08-21,TSM,400.0,2026-08-28,Put,416.0450134277344,7.0,-0.04011253356933594,2.69,299101725.0,21975000.0,879.0,,,,,,,,,,,,
HUT US 08/21/26 P83,HUT   260821P00083000,,HUT   260821P00083000,,,2216.0,115232.0,0.038529466150641366,,,,,BLOX,2026-08-21,HUT,83.0,2026-08-21,Put,88.66000366210938,0.0,-0.06819281520613704,0.52,299101725.0,21975000.0,879.0,,,,,,,,,,,,
WULF US 08/28/26 P14.5,WULF  260828P00014500,,WULF  260828P00014500,,,5257.0,115654.0,0.03867056788206641,,,,,BLOX,2026-08-21,WULF,14.5,2026-08-28,Put,16.459999084472656,7.0,-0.13517235065328664,0.22,299101725.0,21975000.0,879.0,,,,,,,,,,,,
CRCL US 08/28/26 P78,CRCL  260828P00078000,,CRCL  260828P00078000,,,455.0,87132.5,0.02913399671420056,,,,,BLOX,2026-08-21,CRCL,78.0,2026-08-28,Put,83.63500213623047,7.0,-0.07224361713115986,1.915,299101725.0,21975000.0,879.0,,,,,,,,,,,,
IBIT US 08/28/26 P37.5,IBIT  260828P00037500,,IBIT  260828P00037500,,,8030.0,64240.0,0.021479562148684406,,,,,BLOX,2026-08-21,IBIT,37.5,2026-08-28,Put,41.17499923706055,7.0,-0.09799997965494792,0.08,299101725.0,21975000.0,879.0,,,,,,,,,,,,
GLXY US 08/21/26 P21,GLXY  260821P00021000,,GLXY  260821P00021000,,,43.0,172.0,5.7510658305942056e-05,,,,,BLOX,2026-08-21,GLXY,21.0,2026-08-21,Put,23.46500015258789,0.0,-0.11738095964704241,0.04,299101725.0,21975000.0,879.0,,,,,,,,,,,,
IREN US 08/21/26 P41.5,IREN  260821P00041500,,IREN  260821P00041500,,,25.0,1137.5,0.0003803393826919133,,,,,BLOX,2026-08-21,IREN,41.5,2026-08-21,Put,42.60499954223633,0.0,-0.02662649499364646,0.455,299101725.0,21975000.0,879.0,,,,,,,,,,,,
CRWV US 08/21/26 P92,CRWV  260821P00092000,,CRWV  260821P00092000,,,-3.0,-871.5,-0.000291398480893189,,,,,BLOX,2026-08-21,CRWV,92.0,2026-08-21,Put,89.76000213623047,0.0,0.024347802867060123,2.905,299101725.0,21975000.0,879.0,,,,,,,,,,,,
BLSH US 08/21/26 P25.5,BLSH  260821P00025500,,BLSH  260821P00025500,,,1623.0,1623.0,0.0005426732466892091,,,,,BLOX,2026-08-21,BLSH,25.5,2026-08-21,Put,28.420000076293945,0.0,-0.11450980691348805,0.01,299101725.0,21975000.0,879.0,,,,,,,,,,,,
CRWV US 08/21/26 P89,CRWV  260821P00089000,,CRWV  260821P00089000,,,3.0,348.0,0.00011635877378178974,,,,,BLOX,2026-08-21,CRWV,89.0,2026-08-21,Put,89.76000213623047,0.0,-0.008539349845286166,1.16,299101725.0,21975000.0,879.0,,,,,,,,,,,,
IREN US 08/21/26 P42.5,IREN  260821P00042500,,IREN  260821P00042500,,,-25.0,-2162.5,-0.0007230627824802308,,,,,BLOX,2026-08-21,IREN,42.5,2026-08-21,Put,42.60499954223633,0.0,-0.002470577464384191,0.865,299101725.0,21975000.0,879.0,,,,,,,,,,,,
MARA US 08/28/26 P8.5,MARA  260828P00008500,,MARA  260828P00008500,,,4158.0,12474.0,0.004170860184350704,,,,,BLOX,2026-08-21,MARA,8.5,2026-08-28,Put,11.149999618530273,7.0,-0.3117646610035616,0.03,299101725.0,21975000.0,879.0,,,,,,,,,,,,
GLXY US 08/21/26 P21.5,GLXY  260821P00021500,,GLXY  260821P00021500,,,-43.0,-387.0,-0.00012939898118836964,,,,,BLOX,2026-08-21,GLXY,21.5,2026-08-21,Put,23.46500015258789,0.0,-0.0913953559343205,0.09,299101725.0,21975000.0,879.0,,,,,,,,,,,,
MARA US 08/28/26 P9,MARA  260828P00009000,,MARA  260828P00009000,,,-4158.0,-22869.0,-0.007646577004642959,,,,,BLOX,2026-08-21,MARA,9.0,2026-08-28,Put,11.149999618530273,7.0,-0.23888884650336373,0.055,299101725.0,21975000.0,879.0,,,,,,,,,,,,
BLSH US 08/21/26 P27,BLSH  260821P00027000,,BLSH  260821P00027000,,,-1623.0,-51936.0,-0.017365543894054692,,,,,BLOX,2026-08-21,BLSH,27.0,2026-08-21,Put,28.420000076293945,0.0,-0.05259259541829427,0.32,299101725.0,21975000.0,879.0,,,,,,,,,,,,
ETHA US 08/28/26 P15.5,ETHA  260828P00015500,,ETHA  260828P00015500,,,-13208.0,-79248.0,-0.02649770145017033,,,,,BLOX,2026-08-21,ETHA,15.5,2026-08-28,Put,17.540000915527344,7.0,-0.1316129622920867,0.06,299101725.0,21975000.0,879.0,,,,,,,,,,,,
IBIT US 08/28/26 P38.5,IBIT  260828P00038500,,IBIT  260828P00038500,,,-8030.0,-124465.0,-0.041616651663076036,,,,,BLOX,2026-08-21,IBIT,38.5,2026-08-28,Put,41.17499923706055,7.0,-0.0694804996639103,0.155,299101725.0,21975000.0,879.0,,,,,,,,,,,,
CRCL US 08/28/26 P82,CRCL  260828P00082000,,CRCL  260828P00082000,,,-455.0,-166075.0,-0.05552954987301935,,,,,BLOX,2026-08-21,CRCL,82.0,2026-08-28,Put,83.63500213623047,7.0,-0.019939050441834985,3.65,299101725.0,21975000.0,879.0,,,,,,,,,,,,
WULF US 08/28/26 P15.5,WULF  260828P00015500,,WULF  260828P00015500,,,-5257.0,-241822.0,-0.08085664193522978,,,,,BLOX,2026-08-21,WULF,15.5,2026-08-28,Put,16.459999084472656,7.0,-0.0619354248046875,0.46,299101725.0,21975000.0,879.0,,,,,,,,,,,,
MARA HOL PUT OPT 09/26 11,MARA  260904P00011000,,MARA  260904P00011000,,,-3180.0,-233730.0,-0.07815096608051068,,,,,BLOX,2026-08-21,MARA,11.0,2026-09-04,Put,11.149999618530273,14.0,-0.013636328957297585,0.735,299101725.0,21975000.0,879.0,,,,,,,,,,,,
CRWV US 08/28/26 P92,CRWV  260828P00092000,,CRWV  260828P00092000,,,-578.0,-303450.0,-0.10146284455196579,,,,,BLOX,2026-08-21,CRWV,92.0,2026-08-28,Put,89.76000213623047,7.0,0.024347802867060123,5.25,299101725.0,21975000.0,879.0,,,,,,,,,,,,
TSM US 08/28/26 P412.5,TSM   260828P00412500,,TSM   260828P00412500,,,-470.0,-305500.0,-0.10214829135154244,,,,,BLOX,2026-08-21,TSM,412.5,2026-08-28,Put,416.0450134277344,7.0,-0.008593971946022728,6.5,299101725.0,21975000.0,879.0,,,,,,,,,,,,
HUT US 08/21/26 P87,HUT   260821P00087000,,HUT   260821P00087000,,,-2216.0,-339048.0,-0.11336554463554094,,,,,BLOX,2026-08-21,HUT,87.0,2026-08-21,Put,88.66000366210938,0.0,-0.01908050186332615,1.53,299101725.0,21975000.0,879.0,,,,,,,,,,,,
HOOD US 08/21/26 P98,HOOD  260821P00098000,,HOOD  260821P00098000,,,-1298.0,-451055.0,-0.1508166859429459,,,,,BLOX,2026-08-21,HOOD,98.0,2026-08-21,Put,95.11000061035156,0.0,0.029489789690290178,3.475,299101725.0,21975000.0,879.0,,,,,,,,,,,,
COIN US 08/28/26 P175,COIN  260828P00175000,,COIN  260828P00175000,,,-500.0,-443750.0,-0.14837415478640575,,,,,BLOX,2026-08-21,COIN,175.0,2026-08-28,Put,172.4600067138672,7.0,0.014514247349330357,8.875,299101725.0,21975000.0,879.0,,,,,,,,,,,,
GLXY US 08/28/26 P22,GLXY  260828P00022000,,GLXY  260828P00022000,,,-7433.0,-471995.5,-0.1578184414095481,,,,,BLOX,2026-08-21,GLXY,22.0,2026-08-28,Put,23.46500015258789,7.0,-0.0665909160267223,0.635,299101725.0,21975000.0,879.0,,,,,,,,,,,,
NVIDIA C PUT OPT 08/26 217.500,NVDA  260828P00217500,,NVDA  260828P00217500,,,-880.0,-607200.0,-0.20302599839167454,,,,,BLOX,2026-08-21,NVDA,217.5,2026-08-28,Put,217.0500030517578,7.0,0.002068951486170977,6.9,299101725.0,21975000.0,879.0,,,,,,,,,,,,
FIGR US 08/28/26 P37,FIGR  260828P00037000,,FIGR  260828P00037000,,,-2923.0,-591907.5,-0.19791273244897908,,,,,BLOX,2026-08-21,FIGR,37.0,2026-08-28,Put,36.029998779296875,7.0,0.026216249208192568,2.025,299101725.0,21975000.0,879.0,,,,,,,,,,,,
RIOT US 08/28/26 P20.5,RIOT  260828P00020500,,RIOT  260828P00020500,,,-10626.0,-892584.0,-0.2984482176357615,,,,,BLOX,2026-08-21,RIOT,20.5,2026-08-28,Put,21.010000228881836,7.0,-0.024878059945455413,0.84,299101725.0,21975000.0,879.0,,,,,,,,,,,,
CIFR US 08/28/26 P17,CIFR  260828P00017000,,CIFR  260828P00017000,,,-10712.0,-1055132.0,-0.3527984646492166,,,,,BLOX,2026-08-21,CIFR,17.0,2026-08-28,Put,17.239999771118164,7.0,-0.014117633595186122,0.985,299101725.0,21975000.0,879.0,,,,,,,,,,,,
Cash & Other,Cash&Other,,Cash&Other,,,-1156181.0,-1156181.39,-0.3865857724417391,,,,,BLOX,2026-08-21,,,,,,,,1.0,299101725.0,21975000.0,879.0,,,,,,,,,,,,
IBIT US 08/28/26 C39.5,IBIT  260828C00039500,,IBIT  260828C00039500,,,-8030.0,-1646150.0,-0.5504137800600378,,,,,BLOX,2026-08-21,IBIT,39.5,2026-08-28,Call,41.17499923706055,7.0,0.042405043976216375,2.05,299101725.0,21975000.0,879.0,,,,,,,,,,,,
IREN US 08/28/26 P49,IREN  260828P00049000,,IREN  260828P00049000,,,-4275.0,-3184875.0,-1.0649084760007979,,,,,BLOX,2026-08-21,IREN,49.0,2026-08-28,Put,42.60499954223633,7.0,0.1305102134237484,7.45,299101725.0,21975000.0,879.0,,,,,,,,,,,,
IBIT US 08/21/26 C36,IBIT  260821C00036000,,IBIT  260821C00036000,,,-8630.0,-4509175.0,-1.507707108527304,,,,,BLOX,2026-08-21,IBIT,36.0,2026-08-21,Call,41.17499923706055,0.0,0.14374997880723742,5.225,299101725.0,21975000.0,879.0,,,,,,,,,,,,
Seagate Technology Holdings PLC,STX,,G7997R103,,,10874.0,10018977.38,11.64363618293641,,,,,EGGQ,2026-08-14,,,,,,,,921.37,86178802.5,1575000.0,63.0,,,,,,,,,,,,
First American Government Obligations Fund 12/01/2031,FGXXX,,31846V336,,,9489287.0,9489287.09,11.028052297229095,,,,,EGGQ,2026-08-14,,,,,,,,100.0,86178802.5,1575000.0,63.0,,,,,,,,,,,,
Lumentum Holdings Inc,LITE,,55024U109,,,8686.0,7647241.26,8.887303729453096,,,,,EGGQ,2026-08-14,,,,,,,,880.41,86178802.5,1575000.0,63.0,,,,,,,,,,,,
Bloom Energy Corp,BE,,093712107,,,29371.0,6938017.62,8.063073698453877,,,,,EGGQ,2026-08-14,,,,,,,,236.22,86178802.5,1575000.0,63.0,,,,,,,,,,,,
Western Digital Corp,WDC,,958102105,,,11386.0,5548283.94,6.447983380614137,,,,,EGGQ,2026-08-14,,,,,,,,487.29,86178802.5,1575000.0,63.0,,,,,,,,,,,,
SK hynix Inc,SKHY,,78392B206,,,25818.0,4277268.06,4.970861921192821,,,,,EGGQ,2026-08-14,,,,,,,,165.67,86178802.5,1575000.0,63.0,,,,,,,,,,,,
Vertiv Holdings Co,VRT,,92537N108,,,13787.0,3957834.09,4.599629130651175,,,,,EGGQ,2026-08-14,,,,,,,,287.07,86178802.5,1575000.0,63.0,,,,,,,,,,,,
Alphabet Inc,GOOGL,,02079K305,,,9577.0,3317089.72,3.8549828411568288,,,,,EGGQ,2026-08-14,,,,,,,,346.36,86178802.5,1575000.0,63.0,,,,,,,,,,,,
Advanced Micro Devices Inc,AMD,,007903107,,,6709.0,3240514.09,3.765989848920015,,,,,EGGQ,2026-08-14,,,,,,,,483.01,86178802.5,1575000.0,63.0,,,,,,,,,,,,
Coherent Corp,COHR,,19247G107,,,9738.0,3186565.74,3.7032933344709815,,,,,EGGQ,2026-08-14,,,,,,,,327.23,86178802.5,1575000.0,63.0,,,,,,,,,,,,
Micron Technology Inc,MU,,595112103,,,3233.0,3070800.39,3.568755689872536,,,,,EGGQ,2026-08-14,,,,,,,,949.83,86178802.5,1575000.0,63.0,,,,,,,,,,,,
Vistra Corp,VST,,92840M102,,,20198.0,2956987.2,3.436486763921591,,,,,EGGQ,2026-08-14,,,,,,,,146.4,86178802.5,1575000.0,63.0,,,,,,,,,,,,
Sandisk Corp,SNDK,,80004C200,,,1899.0,2901880.89,3.3724445168251003,,,,,EGGQ,2026-08-14,,,,,,,,1528.11,86178802.5,1575000.0,63.0,,,,,,,,,,,,
Astera Labs Inc,ALAB,,04626A103,,,8674.0,2799793.72,3.253803080544546,,,,,EGGQ,2026-08-14,,,,,,,,322.78,86178802.5,1575000.0,63.0,,,,,,,,,,,,
Teradyne Inc,TER,,880770102,,,6208.0,2548508.16,2.961769519863383,,,,,EGGQ,2026-08-14,,,,,,,,410.52,86178802.5,1575000.0,63.0,,,,,,,,,,,,
GE Vernova Inc,GEV,,36828A101,,,2303.0,2416814.26,2.8087203811186447,,,,,EGGQ,2026-08-14,,,,,,,,1049.42,86178802.5,1575000.0,63.0,,,,,,,,,,,,
Celestica Inc,CLS,,15101Q207,,,6817.0,2369793.71,2.7540750658777426,,,,,EGGQ,2026-08-14,,,,,,,,347.63,86178802.5,1575000.0,63.0,,,,,,,,,,,,
Ciena Corp,CIEN,,171779309,,,5337.0,2363170.23,2.746377534636789,,,,,EGGQ,2026-08-14,,,,,,,,442.79,86178802.5,1575000.0,63.0,,,,,,,,,,,,
Eli Lilly & Co,LLY,,532457108,,,1692.0,2042700.84,2.3739414223069737,,,,,EGGQ,2026-08-14,,,,,,,,1207.27,86178802.5,1575000.0,63.0,,,,,,,,,,,,
CoreWeave Inc,CRWV,,21873S108,,,18346.0,1949996.34,2.266204132403937,,,,,EGGQ,2026-08-14,,,,,,,,106.29,86178802.5,1575000.0,63.0,,,,,,,,,,,,
Cash & Other,Cash&Other,,Cash&Other,,,1631069.0,1631069.21,1.8955603700973225,,,,,EGGQ,2026-08-14,,,,,,,,1.0,86178802.5,1575000.0,63.0,,,,,,,,,,,,
Credo Technology Group Holding Ltd,CRDO,,G25457105,,,3500.0,930965.0,1.081928558965106,,,,,EGGQ,2026-08-14,,,,,,,,265.99,86178802.5,1575000.0,63.0,,,,,,,,,,,,
COHERENT CLL OPT 09/26 360,COHR  260911C00360000,,COHR  260911C00360000,,,325.0,546000.0,0.6345383480527709,,,,,EGGQ,2026-08-14,COHR,360.0,2026-09-11,Call,290.0,21.0,-0.19444444444444445,16.8,86178802.5,1575000.0,63.0,,,,,,,,,,,,
ALAB US 09/04/26 C350,ALAB  260904C00350000,,ALAB  260904C00350000,,,250.0,443125.0,0.514981328719568,,,,,EGGQ,2026-08-14,ALAB,350.0,2026-09-04,Call,290.8299865722656,14.0,-0.1690571812220982,17.725,86178802.5,1575000.0,63.0,,,,,,,,,,,,
AMD US 09/04/26 C520,AMD   260904C00520000,,AMD   260904C00520000,,,300.0,408750.0,0.47503214242961567,,,,,EGGQ,2026-08-14,AMD,520.0,2026-09-04,Call,469.32000732421875,14.0,-0.0974615243765024,13.625,86178802.5,1575000.0,63.0,,,,,,,,,,,,
APPLIED  PUT OPT 08/26 540,AMAT  260814P00540000,,AMAT  260814P00540000,,,75.0,168375.0,0.19567837793660312,,,,,EGGQ,2026-08-14,AMAT,540.0,2026-08-14,Put,496.260009765625,-7.0,0.08099998191550926,22.45,86178802.5,1575000.0,63.0,,,,,,,,,,,,
AAPL US 09/04/26 C320,AAPL  260904C00320000,,AAPL  260904C00320000,,,600.0,128700.0,0.1495697534695817,,,,,EGGQ,2026-08-14,AAPL,320.0,2026-09-04,Call,311.3399963378906,14.0,-0.027062511444091795,2.145,86178802.5,1575000.0,63.0,,,,,,,,,,,,
APPLIED  CLL OPT 08/26 640,AMAT  260814C00640000,,AMAT  260814C00640000,,,75.0,5512.5,0.006406396783225091,,,,,EGGQ,2026-08-14,AMAT,640.0,2026-08-14,Call,496.260009765625,-7.0,-0.22459373474121094,0.735,86178802.5,1575000.0,63.0,,,,,,,,,,,,
RKLB US 08/14/26 P74,RKLB  260814P00074000,,RKLB  260814P00074000,,,300.0,4500.0,0.005229711659775585,,,,,EGGQ,2026-08-14,RKLB,74.0,2026-08-14,Put,72.94000244140625,-7.0,0.014324291332347973,0.15,86178802.5,1575000.0,63.0,,,,,,,,,,,,
CISCO SY PUT OPT 08/26 95,CSCO  260814P00095000,,CSCO  260814P00095000,,,500.0,250.0,0.00029053953665419914,,,,,EGGQ,2026-08-14,CSCO,95.0,2026-08-14,Put,109.58000183105469,-7.0,-0.15347370348478617,0.005,86178802.5,1575000.0,63.0,,,,,,,,,,,,
ASTS US 08/14/26 P62,ASTS  260814P00062000,,ASTS  260814P00062000,,,-600.0,-1200.0,-0.001394589775940156,,,,,EGGQ,2026-08-14,ASTS,62.0,2026-08-14,Put,65.05999755859375,-7.0,-0.04935479933215726,0.02,86178802.5,1575000.0,63.0,,,,,,,,,,,,
ASTS US 08/14/26 P64,ASTS  260814P00064000,,ASTS  260814P00064000,,,600.0,2400.0,0.002789179551880312,,,,,EGGQ,2026-08-14,ASTS,64.0,2026-08-14,Put,65.05999755859375,-7.0,-0.016562461853027344,0.04,86178802.5,1575000.0,63.0,,,,,,,,,,,,
RKLB US 08/14/26 P69,RKLB  260814P00069000,,RKLB  260814P00069000,,,-300.0,-1500.0,-0.0017432372199251947,,,,,EGGQ,2026-08-14,RKLB,69.0,2026-08-14,Put,72.94000244140625,-7.0,-0.05710148465806159,0.05,86178802.5,1575000.0,63.0,,,,,,,,,,,,
CSCO US 08/14/26 C140,CSCO  260814C00140000,,CSCO  260814C00140000,,,-500.0,-500.0,-0.0005810790733083983,,,,,EGGQ,2026-08-14,CSCO,140.0,2026-08-14,Call,109.58000183105469,-7.0,-0.21728570120675222,0.01,86178802.5,1575000.0,63.0,,,,,,,,,,,,
CSCO US 08/14/26 C144,CSCO  260814C00144000,,CSCO  260814C00144000,,,500.0,500.0,0.0005810790733083983,,,,,EGGQ,2026-08-14,CSCO,144.0,2026-08-14,Call,109.58000183105469,-7.0,-0.23902776506212023,0.01,86178802.5,1575000.0,63.0,,,,,,,,,,,,
APPLIED  CLL OPT 08/26 615,AMAT  260814C00615000,,AMAT  260814C00615000,,,-75.0,-13837.5,-0.016081363353809924,,,,,EGGQ,2026-08-14,AMAT,615.0,2026-08-14,Call,496.260009765625,-7.0,-0.1930731548526423,1.845,86178802.5,1575000.0,63.0,,,,,,,,,,,,
AAPL US 09/04/26 C330,AAPL  260904C00330000,,AAPL  260904C00330000,,,-600.0,-52200.0,-0.060664655253396774,,,,,EGGQ,2026-08-14,AAPL,330.0,2026-09-04,Call,311.3399963378906,14.0,-0.056545465642755685,0.87,86178802.5,1575000.0,63.0,,,,,,,,,,,,
APPLIED  PUT OPT 08/26 520,AMAT  260814P00520000,,AMAT  260814P00520000,,,-75.0,-91125.0,-0.1059016611104556,,,,,EGGQ,2026-08-14,AMAT,520.0,2026-08-14,Put,496.260009765625,-7.0,0.04565382737379808,12.15,86178802.5,1575000.0,63.0,,,,,,,,,,,,
AMD US 09/04/26 C535,AMD   260904C00535000,,AMD   260904C00535000,,,-300.0,-297000.0,-0.3451609695451886,,,,,EGGQ,2026-08-14,AMD,535.0,2026-09-04,Call,469.32000732421875,14.0,-0.12276634145005841,9.9,86178802.5,1575000.0,63.0,,,,,,,,,,,,
ALAB US 09/04/26 C365,ALAB  260904C00365000,,ALAB  260904C00365000,,,-250.0,-311875.0,-0.3624480719761134,,,,,EGGQ,2026-08-14,ALAB,365.0,2026-09-04,Call,290.8299865722656,14.0,-0.20320551624036814,12.475,86178802.5,1575000.0,63.0,,,,,,,,,,,,
COHERENT CLL OPT 09/26 370,COHR  260911C00370000,,COHR  260911C00370000,,,-325.0,-495625.0,-0.5759946314169497,,,,,EGGQ,2026-08-14,COHR,370.0,2026-09-11,Call,290.0,21.0,-0.21621621621621623,15.25,86178802.5,1575000.0,63.0,,,,,,,,,,,,
Seagate Technology Holdings PLC,STX,,G7997R103,,,23923.0,22041934.51,13.328483267968522,,,,,EGGY,2026-08-14,,,,,,,,921.37,165483620.0,4600000.0,184.0,,,,,,,,,,,,
Bloom Energy Corp,BE,,093712107,,,64661.0,15274221.42,9.236131453677764,,,,,EGGY,2026-08-14,,,,,,,,236.22,165483620.0,4600000.0,184.0,,,,,,,,,,,,
First American Government Obligations Fund 12/01/2031,FGXXX,,31846V336,,,14443547.0,14443546.81,8.733832862985178,,,,,EGGY,2026-08-14,,,,,,,,100.0,165483620.0,4600000.0,184.0,,,,,,,,,,,,
Lumentum Holdings Inc,LITE,,55024U109,,,13699.0,12060736.59,7.292977200629143,,,,,EGGY,2026-08-14,,,,,,,,880.41,165483620.0,4600000.0,184.0,,,,,,,,,,,,
Coherent Corp,COHR,,19247G107,,,27463.0,8986717.49,5.434156137478927,,,,,EGGY,2026-08-14,,,,,,,,327.23,165483620.0,4600000.0,184.0,,,,,,,,,,,,
Vertiv Holdings Co,VRT,,92537N108,,,30293.0,8696211.51,5.25849078959768,,,,,EGGY,2026-08-14,,,,,,,,287.07,165483620.0,4600000.0,184.0,,,,,,,,,,,,
SK hynix Inc,SKHY,,78392B206,,,50472.0,8361696.24,5.056213572185016,,,,,EGGY,2026-08-14,,,,,,,,165.67,165483620.0,4600000.0,184.0,,,,,,,,,,,,
Advanced Micro Devices Inc,AMD,,007903107,,,16077.0,7765351.77,4.695611498590498,,,,,EGGY,2026-08-14,,,,,,,,483.01,165483620.0,4600000.0,184.0,,,,,,,,,,,,
Sandisk Corp,SNDK,,80004C200,,,4912.0,7506076.32,4.538830863226929,,,,,EGGY,2026-08-14,,,,,,,,1528.11,165483620.0,4600000.0,184.0,,,,,,,,,,,,
Alphabet Inc,GOOGL,,02079K305,,,21141.0,7322396.76,4.427762121006633,,,,,EGGY,2026-08-14,,,,,,,,346.36,165483620.0,4600000.0,184.0,,,,,,,,,,,,
Western Digital Corp,WDC,,958102105,,,13699.0,6675385.71,4.036522597533621,,,,,EGGY,2026-08-14,,,,,,,,487.29,165483620.0,4600000.0,184.0,,,,,,,,,,,,
Vistra Corp,VST,,92840M102,,,44459.0,6508797.6,3.9357888422559175,,,,,EGGY,2026-08-14,,,,,,,,146.4,165483620.0,4600000.0,184.0,,,,,,,,,,,,
Micron Technology Inc,MU,,595112103,,,6698.0,6361961.34,3.8469987846657743,,,,,EGGY,2026-08-14,,,,,,,,949.83,165483620.0,4600000.0,184.0,,,,,,,,,,,,
Astera Labs Inc,ALAB,,04626A103,,,17418.0,5622182.04,3.3996634558376213,,,,,EGGY,2026-08-14,,,,,,,,322.78,165483620.0,4600000.0,184.0,,,,,,,,,,,,
Celestica Inc,CLS,,15101Q207,,,14084.0,4896020.92,2.9605628708423124,,,,,EGGY,2026-08-14,,,,,,,,347.63,165483620.0,4600000.0,184.0,,,,,,,,,,,,
Ciena Corp,CIEN,,171779309,,,11007.0,4873789.53,2.9471198261991916,,,,,EGGY,2026-08-14,,,,,,,,442.79,165483620.0,4600000.0,184.0,,,,,,,,,,,,
Eli Lilly & Co,LLY,,532457108,,,3709.0,4477764.43,2.7076483806846947,,,,,EGGY,2026-08-14,,,,,,,,1207.27,165483620.0,4600000.0,184.0,,,,,,,,,,,,
CoreWeave Inc,CRWV,,21873S108,,,40311.0,4284656.19,2.5908782331017255,,,,,EGGY,2026-08-14,,,,,,,,106.29,165483620.0,4600000.0,184.0,,,,,,,,,,,,
Teradyne Inc,TER,,880770102,,,7944.0,3261170.88,1.9719894135583373,,,,,EGGY,2026-08-14,,,,,,,,410.52,165483620.0,4600000.0,184.0,,,,,,,,,,,,
Cash & Other,Cash&Other,,Cash&Other,,,3129156.0,3129156.01,1.89216166590217,,,,,EGGY,2026-08-14,,,,,,,,1.0,165483620.0,4600000.0,184.0,,,,,,,,,,,,
Credo Technology Group Holding Ltd,CRDO,,G25457105,,,7440.0,1978965.6,1.196655850488927,,,,,EGGY,2026-08-14,,,,,,,,265.99,165483620.0,4600000.0,184.0,,,,,,,,,,,,
COHERENT CLL OPT 09/26 360,COHR  260911C00360000,,COHR  260911C00360000,,,600.0,1008000.0,0.6095250454544731,,,,,EGGY,2026-08-14,COHR,360.0,2026-09-11,Call,290.0,21.0,-0.19444444444444445,16.8,165483620.0,4600000.0,184.0,,,,,,,,,,,,
ALAB US 09/04/26 C350,ALAB  260904C00350000,,ALAB  260904C00350000,,,450.0,797625.0,0.48231390315538103,,,,,EGGY,2026-08-14,ALAB,350.0,2026-09-04,Call,290.8299865722656,14.0,-0.1690571812220982,17.725,165483620.0,4600000.0,184.0,,,,,,,,,,,,
AMD US 09/04/26 C520,AMD   260904C00520000,,AMD   260904C00520000,,,550.0,749375.0,0.45313772910460887,,,,,EGGY,2026-08-14,AMD,520.0,2026-09-04,Call,469.32000732421875,14.0,-0.0974615243765024,13.625,165483620.0,4600000.0,184.0,,,,,,,,,,,,
APPLIED  PUT OPT 08/26 540,AMAT  260814P00540000,,AMAT  260814P00540000,,,150.0,336750.0,0.2036285308103113,,,,,EGGY,2026-08-14,AMAT,540.0,2026-08-14,Put,496.260009765625,-7.0,0.08099998191550926,22.45,165483620.0,4600000.0,184.0,,,,,,,,,,,,
AAPL US 09/04/26 C320,AAPL  260904C00320000,,AAPL  260904C00320000,,,1300.0,278850.0,0.16861712194938475,,,,,EGGY,2026-08-14,AAPL,320.0,2026-09-04,Call,311.3399963378906,14.0,-0.027062511444091795,2.145,165483620.0,4600000.0,184.0,,,,,,,,,,,,
APPLIED  CLL OPT 08/26 640,AMAT  260814C00640000,,AMAT  260814C00640000,,,150.0,11025.0,0.0066666801846582985,,,,,EGGY,2026-08-14,AMAT,640.0,2026-08-14,Call,496.260009765625,-7.0,-0.22459373474121094,0.735,165483620.0,4600000.0,184.0,,,,,,,,,,,,
RKLB US 08/14/26 P74,RKLB  260814P00074000,,RKLB  260814P00074000,,,600.0,9000.0,0.005442187905843509,,,,,EGGY,2026-08-14,RKLB,74.0,2026-08-14,Put,72.94000244140625,-7.0,0.014324291332347973,0.15,165483620.0,4600000.0,184.0,,,,,,,,,,,,
RKLB US 08/14/26 P69,RKLB  260814P00069000,,RKLB  260814P00069000,,,-600.0,-3000.0,-0.0018140626352811696,,,,,EGGY,2026-08-14,RKLB,69.0,2026-08-14,Put,72.94000244140625,-7.0,-0.05710148465806159,0.05,165483620.0,4600000.0,184.0,,,,,,,,,,,,
CSCO US 08/14/26 C144,CSCO  260814C00144000,,CSCO  260814C00144000,,,800.0,800.0,0.00048375003607497864,,,,,EGGY,2026-08-14,CSCO,144.0,2026-08-14,Call,109.58000183105469,-7.0,-0.23902776506212023,0.01,165483620.0,4600000.0,184.0,,,,,,,,,,,,
CSCO US 08/14/26 C140,CSCO  260814C00140000,,CSCO  260814C00140000,,,-800.0,-800.0,-0.00048375003607497864,,,,,EGGY,2026-08-14,CSCO,140.0,2026-08-14,Call,109.58000183105469,-7.0,-0.21728570120675222,0.01,165483620.0,4600000.0,184.0,,,,,,,,,,,,
ASTS US 08/14/26 P64,ASTS  260814P00064000,,ASTS  260814P00064000,,,1100.0,4400.0,0.0026606251984123822,,,,,EGGY,2026-08-14,ASTS,64.0,2026-08-14,Put,65.05999755859375,-7.0,-0.016562461853027344,0.04,165483620.0,4600000.0,184.0,,,,,,,,,,,,
ASTS US 08/14/26 P62,ASTS  260814P00062000,,ASTS  260814P00062000,,,-1100.0,-2200.0,-0.0013303125992061911,,,,,EGGY,2026-08-14,ASTS,62.0,2026-08-14,Put,65.05999755859375,-7.0,-0.04935479933215726,0.02,165483620.0,4600000.0,184.0,,,,,,,,,,,,
APPLIED  CLL OPT 08/26 615,AMAT  260814C00615000,,AMAT  260814C00615000,,,-150.0,-27675.0,-0.01673472781046879,,,,,EGGY,2026-08-14,AMAT,615.0,2026-08-14,Call,496.260009765625,-7.0,-0.1930731548526423,1.845,165483620.0,4600000.0,184.0,,,,,,,,,,,,
AAPL US 09/04/26 C330,AAPL  260904C00330000,,AAPL  260904C00330000,,,-1300.0,-113100.0,-0.06839016135010009,,,,,EGGY,2026-08-14,AAPL,330.0,2026-09-04,Call,311.3399963378906,14.0,-0.056545465642755685,0.87,165483620.0,4600000.0,184.0,,,,,,,,,,,,
APPLIED  PUT OPT 08/26 520,AMAT  260814P00520000,,AMAT  260814P00520000,,,-150.0,-182250.0,-0.11020430509333108,,,,,EGGY,2026-08-14,AMAT,520.0,2026-08-14,Put,496.260009765625,-7.0,0.04565382737379808,12.15,165483620.0,4600000.0,184.0,,,,,,,,,,,,
AMD US 09/04/26 C535,AMD   260904C00535000,,AMD   260904C00535000,,,-550.0,-544500.0,-0.32925236830353233,,,,,EGGY,2026-08-14,AMD,535.0,2026-09-04,Call,469.32000732421875,14.0,-0.12276634145005841,9.9,165483620.0,4600000.0,184.0,,,,,,,,,,,,
ALAB US 09/04/26 C365,ALAB  260904C00365000,,ALAB  260904C00365000,,,-450.0,-561375.0,-0.3394564706269889,,,,,EGGY,2026-08-14,ALAB,365.0,2026-09-04,Call,290.8299865722656,14.0,-0.20320551624036814,12.475,165483620.0,4600000.0,184.0,,,,,,,,,,,,
COHERENT CLL OPT 09/26 370,COHR  260911C00370000,,COHR  260911C00370000,,,-600.0,-915000.0,-0.5532891037607568,,,,,EGGY,2026-08-14,COHR,370.0,2026-09-11,Call,290.0,21.0,-0.21621621621621623,15.25,165483620.0,4600000.0,184.0,,,,,,,,,,,,
Credo Technology Group Holding Ltd,CRDO,,G25457105,,,21927.0,5832362.73,9.27623158313636,,,,,EGGS,2026-08-14,,,,,,,,265.99,62915200.0,1600000.0,64.0,,,,,,,,,,,,
Seagate Technology Holdings PLC,STX,,G7997R103,,,5786.0,5331046.82,8.47890077695196,,,,,EGGS,2026-08-14,,,,,,,,921.37,62915200.0,1600000.0,64.0,,,,,,,,,,,,
Lumentum Holdings Inc,LITE,,55024U109,,,5059.0,4453994.19,7.083969823046972,,,,,EGGS,2026-08-14,,,,,,,,880.41,62915200.0,1600000.0,64.0,,,,,,,,,,,,
Coherent Corp,COHR,,19247G107,,,13539.0,4430366.97,7.046391302208691,,,,,EGGS,2026-08-14,,,,,,,,327.23,62915200.0,1600000.0,64.0,,,,,,,,,,,,
Western Digital Corp,WDC,,958102105,,,8670.0,4224804.3,6.719448857089569,,,,,EGGS,2026-08-14,,,,,,,,487.29,62915200.0,1600000.0,64.0,,,,,,,,,,,,
Bloom Energy Corp,BE,,093712107,,,14660.0,3462985.2,5.507794040130591,,,,,EGGS,2026-08-14,,,,,,,,236.22,62915200.0,1600000.0,64.0,,,,,,,,,,,,
SK hynix Inc,SKHY,,78392B206,,,18115.0,3001112.05,4.773195987887589,,,,,EGGS,2026-08-14,,,,,,,,165.67,62915200.0,1600000.0,64.0,,,,,,,,,,,,
Amgen Inc,AMGN,,031162100,,,6954.0,2905659.36,4.621380797601349,,,,,EGGS,2026-08-14,,,,,,,,417.84,62915200.0,1600000.0,64.0,,,,,,,,,,,,
Intel Corp,INTC,,458140100,,,27013.0,2824479.28,4.4922658476439175,,,,,EGGS,2026-08-14,,,,,,,,104.56,62915200.0,1600000.0,64.0,,,,,,,,,,,,
Cardinal Health Inc,CAH,,14149Y108,,,12126.0,2804016.24,4.4597198784162835,,,,,EGGS,2026-08-14,,,,,,,,231.24,62915200.0,1600000.0,64.0,,,,,,,,,,,,
Lockheed Martin Corp,LMT,,539830109,,,4470.0,2673104.7,4.251508246499313,,,,,EGGS,2026-08-14,,,,,,,,598.01,62915200.0,1600000.0,64.0,,,,,,,,,,,,
McKesson Corp,MCK,,58155Q103,,,3094.0,2650598.86,4.215713253376,,,,,EGGS,2026-08-14,,,,,,,,856.69,62915200.0,1600000.0,64.0,,,,,,,,,,,,
Boeing Co/The,BA,,097023105,,,10650.0,2453014.5,3.9014601169690013,,,,,EGGS,2026-08-14,,,,,,,,230.33,62915200.0,1600000.0,64.0,,,,,,,,,,,,
Costco Wholesale Corp,COST,,22160K105,,,2507.0,2411357.95,3.8352063836806236,,,,,EGGS,2026-08-14,,,,,,,,961.85,62915200.0,1600000.0,64.0,,,,,,,,,,,,
Caterpillar Inc,CAT,,149123101,,,2765.0,2362969.0,3.7582449313422828,,,,,EGGS,2026-08-14,,,,,,,,854.6,62915200.0,1600000.0,64.0,,,,,,,,,,,,
Amazon.com Inc,AMZN,,023135106,,,8460.0,2242999.8,3.567436826023428,,,,,EGGS,2026-08-14,,,,,,,,265.13,62915200.0,1600000.0,64.0,,,,,,,,,,,,
Walmart Inc,WMT,,931142103,,,19341.0,2238140.52,3.5597082589410953,,,,,EGGS,2026-08-14,,,,,,,,115.72,62915200.0,1600000.0,64.0,,,,,,,,,,,,
Alphabet Inc,GOOGL,,02079K305,,,5484.0,1899438.24,3.0210104905640773,,,,,EGGS,2026-08-14,,,,,,,,346.36,62915200.0,1600000.0,64.0,,,,,,,,,,,,
Celestica Inc,CLS,,15101Q207,,,4873.0,1694000.99,2.694267522915582,,,,,EGGS,2026-08-14,,,,,,,,347.63,62915200.0,1600000.0,64.0,,,,,,,,,,,,
Ciena Corp,CIEN,,171779309,,,3810.0,1687029.9,2.683180173204929,,,,,EGGS,2026-08-14,,,,,,,,442.79,62915200.0,1600000.0,64.0,,,,,,,,,,,,
Cash & Other,Cash&Other,,Cash&Other,,,908030.0,908029.64,1.4441991376266714,,,,,EGGS,2026-08-14,,,,,,,,1.0,62915200.0,1600000.0,64.0,,,,,,,,,,,,
COHERENT CLL OPT 09/26 360,COHR  260911C00360000,,COHR  260911C00360000,,,225.0,378000.0,0.6011998397132517,,,,,EGGS,2026-08-14,COHR,360.0,2026-09-11,Call,290.0,21.0,-0.19444444444444445,16.8,62915200.0,1600000.0,64.0,,,,,,,,,,,,
AMD US 09/04/26 C520,AMD   260904C00520000,,AMD   260904C00520000,,,200.0,272500.0,0.43340464635412995,,,,,EGGS,2026-08-14,AMD,520.0,2026-09-04,Call,469.32000732421875,14.0,-0.0974615243765024,13.625,62915200.0,1600000.0,64.0,,,,,,,,,,,,
ALAB US 09/04/26 C350,ALAB  260904C00350000,,ALAB  260904C00350000,,,150.0,265875.0,0.4228677444014837,,,,,EGGS,2026-08-14,ALAB,350.0,2026-09-04,Call,290.8299865722656,14.0,-0.1690571812220982,17.725,62915200.0,1600000.0,64.0,,,,,,,,,,,,
APPLIED  PUT OPT 08/26 540,AMAT  260814P00540000,,AMAT  260814P00540000,,,60.0,134700.0,0.21423708573908734,,,,,EGGS,2026-08-14,AMAT,540.0,2026-08-14,Put,496.260009765625,-7.0,0.08099998191550926,22.45,62915200.0,1600000.0,64.0,,,,,,,,,,,,
AAPL US 09/04/26 C320,AAPL  260904C00320000,,AAPL  260904C00320000,,,400.0,85800.0,0.13646282076030955,,,,,EGGS,2026-08-14,AAPL,320.0,2026-09-04,Call,311.3399963378906,14.0,-0.027062511444091795,2.145,62915200.0,1600000.0,64.0,,,,,,,,,,,,
First American Government Obligations Fund 12/01/2031,FGXXX,,31846V336,,,85592.0,85592.02,0.13613203361040593,,,,,EGGS,2026-08-14,,,,,,,,100.0,62915200.0,1600000.0,64.0,,,,,,,,,,,,
APPLIED  CLL OPT 08/26 640,AMAT  260814C00640000,,AMAT  260814C00640000,,,60.0,4410.0,0.007013998129987938,,,,,EGGS,2026-08-14,AMAT,640.0,2026-08-14,Call,496.260009765625,-7.0,-0.22459373474121094,0.735,62915200.0,1600000.0,64.0,,,,,,,,,,,,
ASTS US 08/14/26 P62,ASTS  260814P00062000,,ASTS  260814P00062000,,,-450.0,-900.0,-0.0014314281897934568,,,,,EGGS,2026-08-14,ASTS,62.0,2026-08-14,Put,65.05999755859375,-7.0,-0.04935479933215726,0.02,62915200.0,1600000.0,64.0,,,,,,,,,,,,
RKLB US 08/14/26 P69,RKLB  260814P00069000,,RKLB  260814P00069000,,,-200.0,-1000.0,-0.0015904757664371742,,,,,EGGS,2026-08-14,RKLB,69.0,2026-08-14,Put,72.94000244140625,-7.0,-0.05710148465806159,0.05,62915200.0,1600000.0,64.0,,,,,,,,,,,,
RKLB US 08/14/26 P74,RKLB  260814P00074000,,RKLB  260814P00074000,,,200.0,3000.0,0.004771427299311523,,,,,EGGS,2026-08-14,RKLB,74.0,2026-08-14,Put,72.94000244140625,-7.0,0.014324291332347973,0.15,62915200.0,1600000.0,64.0,,,,,,,,,,,,
CSCO US 08/14/26 C144,CSCO  260814C00144000,,CSCO  260814C00144000,,,300.0,300.0,0.00047714272993115226,,,,,EGGS,2026-08-14,CSCO,144.0,2026-08-14,Call,109.58000183105469,-7.0,-0.23902776506212023,0.01,62915200.0,1600000.0,64.0,,,,,,,,,,,,
CSCO US 08/14/26 C140,CSCO  260814C00140000,,CSCO  260814C00140000,,,-300.0,-300.0,-0.00047714272993115226,,,,,EGGS,2026-08-14,CSCO,140.0,2026-08-14,Call,109.58000183105469,-7.0,-0.21728570120675222,0.01,62915200.0,1600000.0,64.0,,,,,,,,,,,,
ASTS US 08/14/26 P64,ASTS  260814P00064000,,ASTS  260814P00064000,,,450.0,1800.0,0.0028628563795869135,,,,,EGGS,2026-08-14,ASTS,64.0,2026-08-14,Put,65.05999755859375,-7.0,-0.016562461853027344,0.04,62915200.0,1600000.0,64.0,,,,,,,,,,,,
APPLIED  CLL OPT 08/26 615,AMAT  260814C00615000,,AMAT  260814C00615000,,,-60.0,-11070.0,-0.017606566734459518,,,,,EGGS,2026-08-14,AMAT,615.0,2026-08-14,Call,496.260009765625,-7.0,-0.1930731548526423,1.845,62915200.0,1600000.0,64.0,,,,,,,,,,,,
AAPL US 09/04/26 C330,AAPL  260904C00330000,,AAPL  260904C00330000,,,-400.0,-34800.0,-0.05534855667201366,,,,,EGGS,2026-08-14,AAPL,330.0,2026-09-04,Call,311.3399963378906,14.0,-0.056545465642755685,0.87,62915200.0,1600000.0,64.0,,,,,,,,,,,,
APPLIED  PUT OPT 08/26 520,AMAT  260814P00520000,,AMAT  260814P00520000,,,-60.0,-72900.0,-0.11594568337326999,,,,,EGGS,2026-08-14,AMAT,520.0,2026-08-14,Put,496.260009765625,-7.0,0.04565382737379808,12.15,62915200.0,1600000.0,64.0,,,,,,,,,,,,
ALAB US 09/04/26 C365,ALAB  260904C00365000,,ALAB  260904C00365000,,,-150.0,-187125.0,-0.2976177777945562,,,,,EGGS,2026-08-14,ALAB,365.0,2026-09-04,Call,290.8299865722656,14.0,-0.20320551624036814,12.475,62915200.0,1600000.0,64.0,,,,,,,,,,,,
AMD US 09/04/26 C535,AMD   260904C00535000,,AMD   260904C00535000,,,-200.0,-198000.0,-0.3149142017545605,,,,,EGGS,2026-08-14,AMD,535.0,2026-09-04,Call,469.32000732421875,14.0,-0.12276634145005841,9.9,62915200.0,1600000.0,64.0,,,,,,,,,,,,
COHERENT CLL OPT 09/26 370,COHR  260911C00370000,,COHR  260911C00370000,,,-225.0,-343125.0,-0.5457319973587554,,,,,EGGS,2026-08-14,COHR,370.0,2026-09-11,Call,290.0,21.0,-0.21621621621621623,15.25,62915200.0,1600000.0,64.0,,,,,,,,,,,,
Comfort Systems USA Inc,FIX,,199908104,,,20000.0,33921200.0,4.497116678020852,,,,,ULTY,2026-08-20,,,,,,,,1696.06,754240317.59,28427464.0,1137.1,,,,,,,,,,,,
TRANSMED CLL OPT 09/26 100,TMDX  260918C00100000,,TMDX  260918C00100000,,,-2885.0,-858287.5,-0.11378780912193029,,,,,ULTY,2026-08-20,TMDX,100.0,2026-09-18,Call,90.69999694824219,28.0,-0.09300003051757813,2.975,754240317.59,28427464.0,1137.1,,,,,,,,,,,,
Astera Labs Inc,ALAB,,04626A103,,,96100.0,27774822.0,3.682258152578932,,,,,ULTY,2026-08-20,,,,,,,,289.02,754240317.59,28427464.0,1137.1,,,,,,,,,,,,
LAM RESE PUT OPT 08/26 275,LRCX  260828P00275000,,LRCX  260828P00275000,,,1080.0,219780.0,0.0291374215386078,,,,,ULTY,2026-08-20,LRCX,275.0,2026-08-28,Put,310.6000061035156,7.0,-0.12945456764914773,2.035,754240317.59,28427464.0,1137.1,,,,,,,,,,,,
FIGR US 08/21/26 P31.5,FIGR  260821P00031500,,FIGR  260821P00031500,,,8120.0,101500.04,0.013456408461486727,,,,,ULTY,2026-08-20,FIGR,31.5,2026-08-21,Put,36.029998779296875,0.0,-0.14380948505704366,0.125,754240317.59,28427464.0,1137.1,,,,,,,,,,,,
NVDA US 08/21/26 P210,NVDA  260821P00210000,,NVDA  260821P00210000,,,2884.0,124012.0,0.016440940576239106,,,,,ULTY,2026-08-20,NVDA,210.0,2026-08-21,Put,217.0500030517578,0.0,-0.03357144310360863,0.43,754240317.59,28427464.0,1137.1,,,,,,,,,,,,
MELI US 08/21/26 P1770,MELI  260821P01770000,,MELI  260821P01770000,,,200.0,40000.0,0.005303016023042642,,,,,ULTY,2026-08-20,MELI,1770.0,2026-08-21,Put,1921.5699462890625,0.0,-0.08563273801641949,2.0,754240317.59,28427464.0,1137.1,,,,,,,,,,,,
CAT US 08/28/26 P775,CAT   260828P00775000,,CAT   260828P00775000,,,390.0,213525.0,0.028308162408004503,,,,,ULTY,2026-08-20,CAT,775.0,2026-08-28,Put,815.780029296875,7.0,-0.05261939264112903,5.475,754240317.59,28427464.0,1137.1,,,,,,,,,,,,
MercadoLibre Inc,MELI,,58733R102,,,20000.0,38173000.0,5.0608007661901695,,,,,ULTY,2026-08-20,,,,,,,,1908.65,754240317.59,28427464.0,1137.1,,,,,,,,,,,,
VanEck Gold Miners ETF/USA,GDX,,92189F106,,,305300.0,29714849.0,3.9394580092323164,,,,,ULTY,2026-08-20,,,,,,,,97.33,754240317.59,28427464.0,1137.1,,,,,,,,,,,,
LRCX US 08/21/26 P330,LRCX  260821P00330000,,LRCX  260821P00330000,,,-1080.0,-2570400.0,-0.3407718096407202,,,,,ULTY,2026-08-20,LRCX,330.0,2026-08-21,Put,310.6000061035156,0.0,0.05878786029237689,23.8,754240317.59,28427464.0,1137.1,,,,,,,,,,,,
Lumentum Holdings Inc,LITE,,55024U109,,,36600.0,30290160.0,4.015730095513133,,,,,ULTY,2026-08-20,,,,,,,,827.6,754240317.59,28427464.0,1137.1,,,,,,,,,,,,
CAT US 08/21/26 P815,CAT   260821P00815000,,CAT   260821P00815000,,,390.0,411450.0,0.05454814856702238,,,,,ULTY,2026-08-20,CAT,815.0,2026-08-21,Put,815.780029296875,0.0,-0.000957091161809816,10.55,754240317.59,28427464.0,1137.1,,,,,,,,,,,,
Dell Technologies Inc,DELL,,24703L202,,,40000.0,17502000.0,2.3203346608823083,,,,,ULTY,2026-08-20,,,,,,,,437.55,754240317.59,28427464.0,1137.1,,,,,,,,,,,,
Robinhood Markets Inc,HOOD,,770700102,,,243100.0,23281687.0,3.0865789801115895,,,,,ULTY,2026-08-20,,,,,,,,95.77,754240317.59,28427464.0,1137.1,,,,,,,,,,,,
Shopify Inc,SHOP,,82509L107,,,198000.0,29022840.0,3.847714638855073,,,,,ULTY,2026-08-20,,,,,,,,146.58,754240317.59,28427464.0,1137.1,,,,,,,,,,,,
GOOGL US 08/21/26 P320,GOOGL 260821P00320000,,GOOGL 260821P00320000,,,1800.0,9000.0,0.0011931786051845945,,,,,ULTY,2026-08-20,GOOGL,320.0,2026-08-21,Put,340.6650085449219,0.0,-0.06457815170288086,0.05,754240317.59,28427464.0,1137.1,,,,,,,,,,,,
NVDA US 08/21/26 P220,NVDA  260821P00220000,,NVDA  260821P00220000,,,-1442.0,-529935.0,-0.07025634490427757,,,,,ULTY,2026-08-20,NVDA,220.0,2026-08-21,Put,217.0500030517578,0.0,0.013409077037464488,3.675,754240317.59,28427464.0,1137.1,,,,,,,,,,,,
LUMENTUM PUT OPT 08/26 760,LITE  260828P00760000,,LITE  260828P00760000,,,366.0,554490.0,0.07351173386542287,,,,,ULTY,2026-08-20,LITE,760.0,2026-08-28,Put,879.2899780273438,7.0,-0.15696049740439968,15.15,754240317.59,28427464.0,1137.1,,,,,,,,,,,,
Ciena Corp,CIEN,,171779309,,,63000.0,25166610.0,3.33647340189163,,,,,ULTY,2026-08-20,,,,,,,,399.47,754240317.59,28427464.0,1137.1,,,,,,,,,,,,
FIX US 09/18/26 C2000,FIX   260918C02000000,,FIX   260918C02000000,,,-200.0,-542000.0,-0.07185586711222781,,,,,ULTY,2026-08-20,FIX,2000.0,2026-09-18,Call,1674.4100341796875,28.0,-0.16279498291015626,27.1,754240317.59,28427464.0,1137.1,,,,,,,,,,,,
Quanta Services Inc,PWR,,74762E102,,,30100.0,20390041.0,2.7032178533374105,,,,,ULTY,2026-08-20,,,,,,,,677.41,754240317.59,28427464.0,1137.1,,,,,,,,,,,,
SPCX US 08/21/26 P145,SPCX  260821P00145000,,SPCX  260821P00145000,,,-1930.0,-1254500.0,-0.16631584002267488,,,,,ULTY,2026-08-20,SPCX,145.0,2026-08-21,Put,134.0,0.0,0.07586206896551724,6.5,754240317.59,28427464.0,1137.1,,,,,,,,,,,,
CIEN US 08/21/26 P370,CIEN  260821P00370000,,CIEN  260821P00370000,,,630.0,64575.0,0.008561056492199466,,,,,ULTY,2026-08-20,CIEN,370.0,2026-08-21,Put,392.9100036621094,0.0,-0.06191892881651182,1.025,754240317.59,28427464.0,1137.1,,,,,,,,,,,,
NVDA US 08/21/26 C225,NVDA  260821C00225000,,NVDA  260821C00225000,,,-1442.0,-50470.0,-0.006691080467074054,,,,,ULTY,2026-08-20,NVDA,225.0,2026-08-21,Call,217.0500030517578,0.0,-0.03533331976996528,0.35,754240317.59,28427464.0,1137.1,,,,,,,,,,,,
STRATEGY PUT OPT 08/26 98,MSTR  260828P00098000,,MSTR  260828P00098000,,,2170.0,463295.0,0.061421520209888524,,,,,ULTY,2026-08-20,MSTR,98.0,2026-08-28,Put,112.31999969482422,7.0,-0.14612244586555326,2.135,754240317.59,28427464.0,1137.1,,,,,,,,,,,,
ADVANCED PUT OPT 08/26 452.500,AMD   260821P00452500,,AMD   260821P00452500,,,669.0,204379.5,0.027095694082036093,,,,,ULTY,2026-08-20,AMD,452.5,2026-08-21,Put,469.32000732421875,0.0,-0.03717128690435083,3.055,754240317.59,28427464.0,1137.1,,,,,,,,,,,,
PLTR US 08/21/26 P165,PLTR  260821P00165000,,PLTR  260821P00165000,,,3444.0,103320.0,0.013697690387519145,,,,,ULTY,2026-08-20,PLTR,165.0,2026-08-21,Put,173.92999267578125,0.0,-0.05412116773200758,0.3,754240317.59,28427464.0,1137.1,,,,,,,,,,,,
COHR US 08/28/26 P265,COHR  260828P00265000,,COHR  260828P00265000,,,970.0,518950.0,0.06880000412894949,,,,,ULTY,2026-08-20,COHR,265.0,2026-08-28,Put,290.0,7.0,-0.09433962264150944,5.35,754240317.59,28427464.0,1137.1,,,,,,,,,,,,
Palantir Technologies Inc,PLTR,,69608A108,,,172200.0,30167718.0,3.999497298315798,,,,,ULTY,2026-08-20,,,,,,,,175.19,754240317.59,28427464.0,1137.1,,,,,,,,,,,,
ALAB US 08/28/26 P250,ALAB  260828P00250000,,ALAB  260828P00250000,,,961.0,206615.0,0.02739206639002389,,,,,ULTY,2026-08-20,ALAB,250.0,2026-08-28,Put,290.8299865722656,7.0,-0.1633199462890625,2.15,754240317.59,28427464.0,1137.1,,,,,,,,,,,,
REDDIT I CLL OPT 08/26 162.500,RDDT  260828C00162500,,RDDT  260828C00162500,,,-1537.0,-301252.0,-0.03993860457434105,,,,,ULTY,2026-08-20,RDDT,162.5,2026-08-28,Call,150.3300018310547,7.0,-0.07489229642427885,1.96,754240317.59,28427464.0,1137.1,,,,,,,,,,,,
SHOP US 08/21/26 P150,SHOP  260821P00150000,,SHOP  260821P00150000,,,-1980.0,-826650.0,-0.109593454886205,,,,,ULTY,2026-08-20,SHOP,150.0,2026-08-21,Put,147.2100067138672,0.0,0.018599955240885417,4.175,754240317.59,28427464.0,1137.1,,,,,,,,,,,,
GOOGL US 08/21/26 C350,GOOGL 260821C00350000,,GOOGL 260821C00350000,,,-900.0,-112950.0,-0.014974391495066661,,,,,ULTY,2026-08-20,GOOGL,350.0,2026-08-21,Call,340.6650085449219,0.0,-0.02667140415736607,1.255,754240317.59,28427464.0,1137.1,,,,,,,,,,,,
GOOGL US 08/21/26 P337.5,GOOGL 260821P00337500,,GOOGL 260821P00337500,,,-900.0,-73350.0,-0.009724405632254445,,,,,ULTY,2026-08-20,GOOGL,337.5,2026-08-21,Put,340.6650085449219,0.0,-0.009377803096064815,0.815,754240317.59,28427464.0,1137.1,,,,,,,,,,,,
PWR US 08/21/26 P610,PWR   260821P00610000,,PWR   260821P00610000,,,301.0,903.0,0.00011971558672018765,,,,,ULTY,2026-08-20,PWR,610.0,2026-08-21,Put,662.760009765625,0.0,-0.08649181928790983,0.03,754240317.59,28427464.0,1137.1,,,,,,,,,,,,
AMD US 08/21/26 C492.5,AMD   260821C00492500,,AMD   260821C00492500,,,-669.0,-86970.0,-0.011530082588100465,,,,,ULTY,2026-08-20,AMD,492.5,2026-08-21,Call,469.32000732421875,0.0,-0.047065974976205585,1.3,754240317.59,28427464.0,1137.1,,,,,,,,,,,,
SILJ US 08/21/26 C30,SILJ  260821C00030000,,SILJ  260821C00030000,,,-8905.0,-1362465.0,-0.18062934314586984,,,,,ULTY,2026-08-20,SILJ,30.0,2026-08-21,Call,31.6299991607666,0.0,0.05433330535888672,1.53,754240317.59,28427464.0,1137.1,,,,,,,,,,,,
STRATEGY CLL OPT 08/26 111,MSTR  260828C00111000,,MSTR  260828C00111000,,,-2170.0,-595665.0,-0.07897052598414239,,,,,ULTY,2026-08-20,MSTR,111.0,2026-08-28,Call,112.31999969482422,7.0,0.011891889142560529,2.745,754240317.59,28427464.0,1137.1,,,,,,,,,,,,
FIGR US 08/21/26 C35.5,FIGR  260821C00035500,,FIGR  260821C00035500,,,-8120.0,-1583400.0,-0.20991988927214297,,,,,ULTY,2026-08-20,FIGR,35.5,2026-08-21,Call,36.029998779296875,0.0,0.014929543078785211,1.95,754240317.59,28427464.0,1137.1,,,,,,,,,,,,
SCCO US 08/21/26 P182.5,SCCO  260821P00182500,,SCCO  260821P00182500,,,-952.0,-85680.0,-0.01135906032135734,,,,,ULTY,2026-08-20,SCCO,182.5,2026-08-21,Put,198.74000549316406,0.0,-0.08898633146939212,0.9,754240317.59,28427464.0,1137.1,,,,,,,,,,,,
HOOD US 08/21/26 P94,HOOD  260821P00094000,,HOOD  260821P00094000,,,-2431.0,-277134.0,-0.0367411510632475,,,,,ULTY,2026-08-20,HOOD,94.0,2026-08-21,Put,95.11000061035156,0.0,-0.0118085171313996,1.14,754240317.59,28427464.0,1137.1,,,,,,,,,,,,
ROBINHOO PUT OPT 08/26 87,HOOD  260821P00087000,,HOOD  260821P00087000,,,2431.0,19448.0,0.0025783263904033326,,,,,ULTY,2026-08-20,HOOD,87.0,2026-08-21,Put,95.11000061035156,0.0,-0.0932183978201329,0.08,754240317.59,28427464.0,1137.1,,,,,,,,,,,,
AMD US 08/21/26 P490,AMD   260821P00490000,,AMD   260821P00490000,,,-669.0,-1629015.0,-0.21596731616942028,,,,,ULTY,2026-08-20,AMD,490.0,2026-08-21,Put,469.32000732421875,0.0,0.042204066685267855,24.35,754240317.59,28427464.0,1137.1,,,,,,,,,,,,
SPCX US 08/21/26 P140,SPCX  260821P00140000,,SPCX  260821P00140000,,,1930.0,607950.0,0.08059921478021936,,,,,ULTY,2026-08-20,SPCX,140.0,2026-08-21,Put,134.0,0.0,0.04285714285714286,3.15,754240317.59,28427464.0,1137.1,,,,,,,,,,,,
Coherent Corp,COHR,,19247G107,,,97000.0,27884590.0,3.6968106891493657,,,,,ULTY,2026-08-20,,,,,,,,287.47,754240317.59,28427464.0,1137.1,,,,,,,,,,,,
REDDIT I PUT OPT 08/26 142,RDDT  260828P00142000,,RDDT  260828P00142000,,,1537.0,248225.5,0.032908595095694285,,,,,ULTY,2026-08-20,RDDT,142.0,2026-08-28,Put,150.3300018310547,7.0,-0.058661984725737235,1.615,754240317.59,28427464.0,1137.1,,,,,,,,,,,,
TRANSMED PUT OPT 09/26 85,TMDX  260918P00085000,,TMDX  260918P00085000,,,-2885.0,-490450.0,-0.0650216052125316,,,,,ULTY,2026-08-20,TMDX,85.0,2026-09-18,Put,90.69999694824219,28.0,-0.06705878762637868,1.7,754240317.59,28427464.0,1137.1,,,,,,,,,,,,
Caterpillar Inc,CAT,,149123101,,,39000.0,31829850.0,4.219855114026096,,,,,ULTY,2026-08-20,,,,,,,,816.15,754240317.59,28427464.0,1137.1,,,,,,,,,,,,
Strategy Inc,MSTR,,594972408,,,217000.0,22622250.0,2.9991538556819104,,,,,ULTY,2026-08-20,,,,,,,,104.25,754240317.59,28427464.0,1137.1,,,,,,,,,,,,
Advanced Micro Devices Inc,AMD,,007903107,,,66900.0,31203498.0,4.136816246724476,,,,,ULTY,2026-08-20,,,,,,,,466.42,754240317.59,28427464.0,1137.1,,,,,,,,,,,,
SHOP US 08/21/26 C155,SHOP  260821C00155000,,SHOP  260821C00155000,,,-1980.0,-26730.0,-0.0035437404573982457,,,,,ULTY,2026-08-20,SHOP,155.0,2026-08-21,Call,147.2100067138672,0.0,-0.05025802120085685,0.135,754240317.59,28427464.0,1137.1,,,,,,,,,,,,
SILJ US 08/21/26 P29,SILJ  260821P00029000,,SILJ  260821P00029000,,,-8905.0,-120217.5,-0.01593788321875322,,,,,ULTY,2026-08-20,SILJ,29.0,2026-08-21,Put,31.6299991607666,0.0,-0.09068962623333109,0.135,754240317.59,28427464.0,1137.1,,,,,,,,,,,,
SCCO US 08/21/26 P172.5,SCCO  260821P00172500,,SCCO  260821P00172500,,,1904.0,7616.0,0.001009694250787319,,,,,ULTY,2026-08-20,SCCO,172.5,2026-08-21,Put,198.74000549316406,0.0,-0.15211597387341486,0.04,754240317.59,28427464.0,1137.1,,,,,,,,,,,,
CAT US 08/21/26 P845,CAT   260821P00845000,,CAT   260821P00845000,,,-390.0,-1248000.0,-0.16545409991893043,,,,,ULTY,2026-08-20,CAT,845.0,2026-08-21,Put,815.780029296875,0.0,0.034579846985946745,32.0,754240317.59,28427464.0,1137.1,,,,,,,,,,,,
LUMENTUM CLL OPT 08/26 870,LITE  260828C00870000,,LITE  260828C00870000,,,-366.0,-960750.0,-0.12737181610345547,,,,,ULTY,2026-08-20,LITE,870.0,2026-08-28,Call,879.2899780273438,7.0,0.010678135663613506,26.25,754240317.59,28427464.0,1137.1,,,,,,,,,,,,
DELL US 08/28/26 P400,DELL  260828P00400000,,DELL  260828P00400000,,,400.0,199000.0,0.026382504714637146,,,,,ULTY,2026-08-20,DELL,400.0,2026-08-28,Put,434.7900085449219,7.0,-0.08697502136230469,4.975,754240317.59,28427464.0,1137.1,,,,,,,,,,,,
MELI US 08/21/26 P1720,MELI  260821P01720000,,MELI  260821P01720000,,,200.0,103000.0,0.013655266259334805,,,,,ULTY,2026-08-20,MELI,1720.0,2026-08-21,Put,1921.5699462890625,0.0,-0.11719182923782703,5.15,754240317.59,28427464.0,1137.1,,,,,,,,,,,,
PLTR US 08/21/26 C180,PLTR  260821C00180000,,PLTR  260821C00180000,,,-1722.0,-170478.0,-0.02260118913940659,,,,,ULTY,2026-08-20,PLTR,180.0,2026-08-21,Call,173.92999267578125,0.0,-0.03372226291232639,0.99,754240317.59,28427464.0,1137.1,,,,,,,,,,,,
Alphabet Inc,GOOGL,,02079K305,,,90000.0,31024800.0,4.113125287792334,,,,,ULTY,2026-08-20,,,,,,,,344.72,754240317.59,28427464.0,1137.1,,,,,,,,,,,,
FIX US 09/18/26 P1800,FIX   260918P01800000,,FIX   260918P01800000,,,-200.0,-3412000.0,-0.45234726676553744,,,,,ULTY,2026-08-20,FIX,1800.0,2026-09-18,Put,1674.4100341796875,28.0,0.06977220323350694,170.6,754240317.59,28427464.0,1137.1,,,,,,,,,,,,
SPACE EX CLL OPT 08/26 145,SPCX  260828C00145000,,SPCX  260828C00145000,,,-1930.0,-694800.0,-0.0921133883202507,,,,,ULTY,2026-08-20,SPCX,145.0,2026-08-28,Call,134.0,7.0,-0.07586206896551724,3.6,754240317.59,28427464.0,1137.1,,,,,,,,,,,,
First American Government Obligations Fund 12/01/2031,FGXXX,,31846V336,,,29431824.0,29431824.18,3.901935880347847,,,,,ULTY,2026-08-20,,,,,,,,100.0,754240317.59,28427464.0,1137.1,,,,,,,,,,,,
HOOD US 08/21/26 P91,HOOD  260821P00091000,,HOOD  260821P00091000,,,2431.0,100886.5,0.013375068150217289,,,,,ULTY,2026-08-20,HOOD,91.0,2026-08-21,Put,95.11000061035156,0.0,-0.045164841871995196,0.415,754240317.59,28427464.0,1137.1,,,,,,,,,,,,
CAT US 08/28/26 C840,CAT   260828C00840000,,CAT   260828C00840000,,,-390.0,-428025.0,-0.056745585831570675,,,,,ULTY,2026-08-20,CAT,840.0,2026-08-28,Call,815.780029296875,7.0,-0.028833298456101192,10.975,754240317.59,28427464.0,1137.1,,,,,,,,,,,,
TransMedics Group Inc,TMDX,,89377M109,,,288500.0,27110345.0,3.5941648481303496,,,,,ULTY,2026-08-20,,,,,,,,93.97,754240317.59,28427464.0,1137.1,,,,,,,,,,,,
BABA US 08/21/26 C135,BABA  260821C00135000,,BABA  260821C00135000,,,-2574.0,-544401.0,-0.07217418064901095,,,,,ULTY,2026-08-20,BABA,135.0,2026-08-21,Call,130.57000732421875,0.0,-0.032814760561342596,2.115,754240317.59,28427464.0,1137.1,,,,,,,,,,,,
DELL US 08/28/26 C460,DELL  260828C00460000,,DELL  260828C00460000,,,-400.0,-406000.0,-0.053825612633882816,,,,,ULTY,2026-08-20,DELL,460.0,2026-08-28,Call,434.7900085449219,7.0,-0.054804329250169835,10.15,754240317.59,28427464.0,1137.1,,,,,,,,,,,,
COHR US 08/28/26 C310,COHR  260828C00310000,,COHR  260828C00310000,,,-970.0,-630500.0,-0.08358879006320964,,,,,ULTY,2026-08-20,COHR,310.0,2026-08-28,Call,290.0,7.0,-0.06451612903225806,6.5,754240317.59,28427464.0,1137.1,,,,,,,,,,,,
Figure Technology Solutions Inc,FIGR,,349381103,,,812000.0,29922200.0,3.966947651117164,,,,,ULTY,2026-08-20,,,,,,,,36.85,754240317.59,28427464.0,1137.1,,,,,,,,,,,,
GDX US 08/21/26 C93,GDX   260821C00093000,,GDX   260821C00093000,,,-3053.0,-1419645.0,-0.1882100045508093,,,,,ULTY,2026-08-20,GDX,93.0,2026-08-21,Call,99.83000183105469,0.0,0.07344087990381384,4.65,754240317.59,28427464.0,1137.1,,,,,,,,,,,,
LAM RESE CLL OPT 08/26 320,LRCX  260828C00320000,,LRCX  260828C00320000,,,-1080.0,-772200.0,-0.10237472432483821,,,,,ULTY,2026-08-20,LRCX,320.0,2026-08-28,Call,310.6000061035156,7.0,-0.029374980926513673,7.15,754240317.59,28427464.0,1137.1,,,,,,,,,,,,
Reddit Inc,RDDT,,75734B100,,,153700.0,23317827.0,3.0913702550884086,,,,,ULTY,2026-08-20,,,,,,,,151.71,754240317.59,28427464.0,1137.1,,,,,,,,,,,,
Lam Research Corp,LRCX,,512807306,,,108000.0,33174360.0,4.398104065854623,,,,,ULTY,2026-08-20,,,,,,,,307.17,754240317.59,28427464.0,1137.1,,,,,,,,,,,,
ALAB US 08/28/26 C300,ALAB  260828C00300000,,ALAB  260828C00300000,,,-961.0,-941780.0,-0.1248568607545275,,,,,ULTY,2026-08-20,ALAB,300.0,2026-08-28,Call,290.8299865722656,7.0,-0.03056671142578125,9.8,754240317.59,28427464.0,1137.1,,,,,,,,,,,,
SPACE EX PUT OPT 08/26 127,SPCX  260828P00127000,,SPCX  260828P00127000,,,1930.0,250900.0,0.03326316800453497,,,,,ULTY,2026-08-20,SPCX,127.0,2026-08-28,Put,134.0,7.0,-0.05511811023622047,1.3,754240317.59,28427464.0,1137.1,,,,,,,,,,,,
ADI US 08/21/26 C395,ADI   260821C00395000,,ADI   260821C00395000,,,-783.0,-37192.5,-0.004930810585925337,,,,,ULTY,2026-08-20,ADI,395.0,2026-08-21,Call,370.3299865722656,0.0,-0.062455730196795886,0.475,754240317.59,28427464.0,1137.1,,,,,,,,,,,,
NVIDIA Corp,NVDA,,67066G104,,,144200.0,31372152.0,4.159175618333232,,,,,ULTY,2026-08-20,,,,,,,,217.56,754240317.59,28427464.0,1137.1,,,,,,,,,,,,
ADI US 08/21/26 P350,ADI   260821P00350000,,ADI   260821P00350000,,,783.0,33277.5,0.004411777892670038,,,,,ULTY,2026-08-20,ADI,350.0,2026-08-21,Put,370.3299865722656,0.0,-0.05808567592075893,0.425,754240317.59,28427464.0,1137.1,,,,,,,,,,,,
Alibaba Group Holding Ltd,BABA,,01609W102,,,257400.0,33178860.0,4.398700655157215,,,,,ULTY,2026-08-20,,,,,,,,128.9,754240317.59,28427464.0,1137.1,,,,,,,,,,,,
Southern Copper Corp,SCCO,,84265V105,,,95262.0,18545525.17,2.4586804283062658,,,,,ULTY,2026-08-20,,,,,,,,194.68,754240317.59,28427464.0,1137.1,,,,,,,,,,,,
Cash & Other,Cash&Other,,Cash&Other,,,9880950.0,9880950.43,1.309970961329502,,,,,ULTY,2026-08-20,,,,,,,,1.0,754240317.59,28427464.0,1137.1,,,,,,,,,,,,
MELI US 08/21/26 C1820,MELI  260821C01820000,,MELI  260821C01820000,,,-200.0,-1892000.0,-0.250832657889917,,,,,ULTY,2026-08-20,MELI,1820.0,2026-08-21,Call,1921.5699462890625,0.0,0.055807662796188186,94.6,754240317.59,28427464.0,1137.1,,,,,,,,,,,,
MELI US 08/21/26 P1800,MELI  260821P01800000,,MELI  260821P01800000,,,-200.0,-39500.0,-0.005236728322754609,,,,,ULTY,2026-08-20,MELI,1800.0,2026-08-21,Put,1921.5699462890625,0.0,-0.06753885904947916,1.975,754240317.59,28427464.0,1137.1,,,,,,,,,,,,
CIEN US 08/21/26 C415,CIEN  260821C00415000,,CIEN  260821C00415000,,,-630.0,-212625.0,-0.028188844547486044,,,,,ULTY,2026-08-20,CIEN,415.0,2026-08-21,Call,392.9100036621094,0.0,-0.053228906838290665,3.375,754240317.59,28427464.0,1137.1,,,,,,,,,,,,
SHOP US 08/21/26 P145,SHOP  260821P00145000,,SHOP  260821P00145000,,,1980.0,259380.0,0.03438740740142001,,,,,ULTY,2026-08-20,SHOP,145.0,2026-08-21,Put,147.2100067138672,0.0,-0.015241425612877155,1.31,754240317.59,28427464.0,1137.1,,,,,,,,,,,,
PWR US 08/21/26 C700,PWR   260821C00700000,,PWR   260821C00700000,,,-301.0,-85785.0,-0.011372980738417826,,,,,ULTY,2026-08-20,PWR,700.0,2026-08-21,Call,662.760009765625,0.0,-0.05319998604910714,2.85,754240317.59,28427464.0,1137.1,,,,,,,,,,,,
AMD US 08/21/26 P472.5,AMD   260821P00472500,,AMD   260821P00472500,,,669.0,772695.0,0.10244034914812336,,,,,ULTY,2026-08-20,AMD,472.5,2026-08-21,Put,469.32000732421875,0.0,0.006730143229166667,11.55,754240317.59,28427464.0,1137.1,,,,,,,,,,,,
TRANSMED PUT OPT 09/26 80,TMDX  260918P00080000,,TMDX  260918P00080000,,,5770.0,577000.0,0.0764960061323901,,,,,ULTY,2026-08-20,TMDX,80.0,2026-09-18,Put,90.69999694824219,28.0,-0.13374996185302734,1.0,754240317.59,28427464.0,1137.1,,,,,,,,,,,,
BABA US 08/21/26 P120,BABA  260821P00120000,,BABA  260821P00120000,,,2574.0,253539.0,0.03361303448665521,,,,,ULTY,2026-08-20,BABA,120.0,2026-08-21,Put,130.57000732421875,0.0,-0.08808339436848958,0.985,754240317.59,28427464.0,1137.1,,,,,,,,,,,,
SCCO US 08/21/26 C192.5,SCCO  260821C00192500,,SCCO  260821C00192500,,,-952.0,-368900.0,-0.048907065272510764,,,,,ULTY,2026-08-20,SCCO,192.5,2026-08-21,Call,198.74000549316406,0.0,0.032415612951501624,3.875,754240317.59,28427464.0,1137.1,,,,,,,,,,,,
SHOP US 08/21/26 P142,SHOP  260821P00142000,,SHOP  260821P00142000,,,1980.0,90090.0,0.011943717837897792,,,,,ULTY,2026-08-20,SHOP,142.0,2026-08-21,Put,147.2100067138672,0.0,-0.036690188125825265,0.455,754240317.59,28427464.0,1137.1,,,,,,,,,,,,
ROBINHOO CLL OPT 08/26 95,HOOD  260821C00095000,,HOOD  260821C00095000,,,-2431.0,-578578.0,-0.07670521011449916,,,,,ULTY,2026-08-20,HOOD,95.0,2026-08-21,Call,95.11000061035156,0.0,0.0011579011615953946,2.38,754240317.59,28427464.0,1137.1,,,,,,,,,,,,
PLTR US 08/21/26 P172.5,PLTR  260821P00172500,,PLTR  260821P00172500,,,-1722.0,-273798.0,-0.03629887952692574,,,,,ULTY,2026-08-20,PLTR,172.5,2026-08-21,Put,173.92999267578125,0.0,-0.008289812613224638,1.59,754240317.59,28427464.0,1137.1,,,,,,,,,,,,
Amplify Junior Silver Miners ETF,SILJ,,032108649,,,890500.0,27979510.0,3.7093947461720465,,,,,ULTY,2026-08-20,,,,,,,,31.42,754240317.59,28427464.0,1137.1,,,,,,,,,,,,
FIX US 09/18/26 P1700,FIX   260918P01700000,,FIX   260918P01700000,,,400.0,4500000.0,0.5965893025922973,,,,,ULTY,2026-08-20,FIX,1700.0,2026-09-18,Put,1674.4100341796875,28.0,0.015052921070772059,112.5,754240317.59,28427464.0,1137.1,,,,,,,,,,,,
Space Exploration Technologies Corp,SPCX,,84615Q103,,,193000.0,26952450.0,3.5732318552563918,,,,,ULTY,2026-08-20,,,,,,,,139.65,754240317.59,28427464.0,1137.1,,,,,,,,,,,,
Analog Devices Inc,ADI,,032654105,,,78300.0,29226258.0,3.8746828616894553,,,,,ULTY,2026-08-20,,,,,,,,373.26,754240317.59,28427464.0,1137.1,,,,,,,,,,,,
SILJ US 08/21/26 P27.5,SILJ  260821P00027500,,SILJ  260821P00027500,,,17810.0,26715.09,0.0035417637581756567,,,,,ULTY,2026-08-20,SILJ,27.5,2026-08-21,Put,31.6299991607666,0.0,-0.15018178766424006,0.015,754240317.59,28427464.0,1137.1,,,,,,,,,,,,
LRCX US 08/21/26 P317.5,LRCX  260821P00317500,,LRCX  260821P00317500,,,1080.0,1404000.0,0.18613586240879676,,,,,ULTY,2026-08-20,LRCX,317.5,2026-08-21,Put,310.6000061035156,0.0,0.02173226424089567,13.0,754240317.59,28427464.0,1137.1,,,,,,,,,,,,
GDX US 08/21/26 P84,GDX   260821P00084000,,GDX   260821P00084000,,,3053.0,30530.02,0.004047529631095308,,,,,ULTY,2026-08-20,GDX,84.0,2026-08-21,Put,99.83000183105469,0.0,-0.18845240275065103,0.1,754240317.59,28427464.0,1137.1,,,,,,,,,,,,
Rivian Automotive Inc,RIVN,,76954A103,,,-36600.0,-575718.0,-3.3490314424262384,,,,,SLTY,2026-08-20,,,,,,,,15.73,17200590.0,825000.0,33.0,,,,,,,,,,,,
KKR & Co Inc,KKR,,48251W104,,,-8500.0,-938910.0,-5.461769671277291,,,,,SLTY,2026-08-20,,,,,,,,110.46,17200590.0,825000.0,33.0,,,,,,,,,,,,
CAG US 08/28/26 C16,CAG   260828C00016000,,CAG   260828C00016000,,,-360.0,-15300.0,-0.08900222169381788,,,,,SLTY,2026-08-20,CAG,16.0,2026-08-28,Call,16.280000686645508,7.0,0.01750004291534424,0.425,17200590.0,825000.0,33.0,,,,,,,,,,,,
QQQ US 08/21/26 P723,QQQ   260821P00723000,,QQQ   260821P00723000,,,-11.0,-8492.0,-0.049399141609405325,,,,,SLTY,2026-08-20,QQQ,723.0,2026-08-21,Put,710.9500122070312,0.0,0.016666649782806017,7.72,17200590.0,825000.0,33.0,,,,,,,,,,,,
Cava Group Inc,CAVA,,148929102,,,-4600.0,-329222.0,-1.9151300281360857,,,,,SLTY,2026-08-20,,,,,,,,71.57,17200590.0,825000.0,33.0,,,,,,,,,,,,
EATON CO CLL OPT 08/26 430,ETN   260828C00430000,,ETN   260828C00430000,,,-15.0,-11400.0,-0.06631538086990352,,,,,SLTY,2026-08-20,ETN,430.0,2026-08-28,Call,415.5,7.0,-0.03372093023255814,7.6,17200590.0,825000.0,33.0,,,,,,,,,,,,
KKR US 08/21/26 P112,KKR   260821P00112000,,KKR   260821P00112000,,,-85.0,-21675.0,-0.12608648073290868,,,,,SLTY,2026-08-20,KKR,112.0,2026-08-21,Put,107.08000183105469,0.0,0.04392855507986886,2.55,17200590.0,825000.0,33.0,,,,,,,,,,,,
CAVA US 08/21/26 P70,CAVA  260821P00070000,,CAVA  260821P00070000,,,-46.0,-3910.0,-0.02274501221064235,,,,,SLTY,2026-08-20,CAVA,70.0,2026-08-21,Put,72.04000091552734,0.0,-0.029142870221819196,0.85,17200590.0,825000.0,33.0,,,,,,,,,,,,
TMUS US 08/21/26 P177.5,TMUS  260821P00177500,,TMUS  260821P00177500,,,-25.0,-1875.0,-0.010907135011497291,,,,,SLTY,2026-08-20,TMUS,177.5,2026-08-21,Put,181.19000244140625,0.0,-0.020788746148767606,0.75,17200590.0,825000.0,33.0,,,,,,,,,,,,
PEGASYST PUT OPT 09/26 30,PEGA  260918P00030000,,PEGA  260918P00030000,,,-155.0,-7750.0,-0.0450828247141888,,,,,SLTY,2026-08-20,PEGA,30.0,2026-09-18,Put,33.61000061035156,28.0,-0.12033335367838542,0.5,17200590.0,825000.0,33.0,,,,,,,,,,,,
CNC US 08/21/26 P65,CNC   260821P00065000,,CNC   260821P00065000,,,-135.0,-13702.5,-0.0797093426640222,,,,,SLTY,2026-08-20,CNC,65.0,2026-08-21,Put,64.1449966430664,0.0,0.013153897798978366,1.015,17200590.0,825000.0,33.0,,,,,,,,,,,,
T-Mobile US Inc,TMUS,,872590104,,,-2500.0,-455900.0,-2.6520335209288612,,,,,SLTY,2026-08-20,,,,,,,,182.36,17200590.0,825000.0,33.0,,,,,,,,,,,,
NKE US 08/21/26 P40,NKE   260821P00040000,,NKE   260821P00040000,,,-182.0,-1820.0,-0.01058719238449337,,,,,SLTY,2026-08-20,NKE,40.0,2026-08-21,Put,40.21500015258789,0.0,-0.005375003814697266,0.1,17200590.0,825000.0,33.0,,,,,,,,,,,,
RIVN US 08/21/26 P15,RIVN  260821P00015000,,RIVN  260821P00015000,,,-366.0,-2013.0,-0.01170990014834349,,,,,SLTY,2026-08-20,RIVN,15.0,2026-08-21,Put,16.013200759887695,0.0,-0.06754671732584636,0.055,17200590.0,825000.0,33.0,,,,,,,,,,,,
Rocket Lab Corp,RKLB,,773121108,,,-5300.0,-401952.0,-2.338210523808725,,,,,SLTY,2026-08-20,,,,,,,,75.84,17200590.0,825000.0,33.0,,,,,,,,,,,,
Tesla Inc,TSLA,,88160R101,,,-1400.0,-491568.0,-2.8595192231102398,,,,,SLTY,2026-08-20,,,,,,,,351.12,17200590.0,825000.0,33.0,,,,,,,,,,,,
First American Government Obligations Fund 12/01/2031,FGXXX,,31846V336,,,1055932.0,1055932.3,6.142504618187126,,,,,SLTY,2026-08-20,,,,,,,,100.0,17200590.0,825000.0,33.0,,,,,,,,,,,,
Wynn Resorts Ltd,WYNN,,983134107,,,-3500.0,-350350.0,-2.0380345340149737,,,,,SLTY,2026-08-20,,,,,,,,100.1,17200590.0,825000.0,33.0,,,,,,,,,,,,
RIVN US 08/21/26 C16,RIVN  260821C00016000,,RIVN  260821C00016000,,,-366.0,-5490.0,-0.03193609131366407,,,,,SLTY,2026-08-20,RIVN,16.0,2026-08-21,Call,16.013200759887695,0.0,0.000825047492980957,0.15,17200590.0,825000.0,33.0,,,,,,,,,,,,
ETSY US 08/21/26 P77.5,ETSY  260821P00077500,,ETSY  260821P00077500,,,-107.0,-2942.5,-0.01711693054470975,,,,,SLTY,2026-08-20,ETSY,77.5,2026-08-21,Put,81.19000244140625,0.0,-0.04761293472782258,0.275,17200590.0,825000.0,33.0,,,,,,,,,,,,
Live Nation Entertainment Inc,LYV,,538034109,,,-4200.0,-773598.0,-4.500126842999617,,,,,SLTY,2026-08-20,,,,,,,,184.19,17200590.0,825000.0,33.0,,,,,,,,,,,,
GameStop Corp,GME,,36467W109,,,-20000.0,-360600.0,-2.097660205411159,,,,,SLTY,2026-08-20,,,,,,,,18.03,17200590.0,825000.0,33.0,,,,,,,,,,,,
CRM US 08/21/26 C202.5,CRM   260821C00202500,,CRM   260821C00202500,,,-50.0,-25375.0,-0.14760989382226333,,,,,SLTY,2026-08-20,CRM,202.5,2026-08-21,Call,205.73500061035156,0.0,0.0159753116560571,5.075,17200590.0,825000.0,33.0,,,,,,,,,,,,
CAG US 08/28/26 C16.5,CAG   260828C00016500,,CAG   260828C00016500,,,720.0,12600.0,0.0732959472772618,,,,,SLTY,2026-08-20,CAG,16.5,2026-08-28,Call,16.280000686645508,7.0,-0.013333291718454071,0.175,17200590.0,825000.0,33.0,,,,,,,,,,,,
WYNN US 08/21/26 P101,WYNN  260821P00101000,,WYNN  260821P00101000,,,-35.0,-6142.5,-0.03573177429766512,,,,,SLTY,2026-08-20,WYNN,101.0,2026-08-21,Put,99.55999755859375,0.0,0.014257449914913366,1.755,17200590.0,825000.0,33.0,,,,,,,,,,,,
QQQ US 08/21/26 C747,QQQ   260821C00747000,,QQQ   260821C00747000,,,11.0,11.0,6.39885254007841e-05,,,,,SLTY,2026-08-20,QQQ,747.0,2026-08-21,Call,710.9500122070312,0.0,-0.048259689147213854,0.01,17200590.0,825000.0,33.0,,,,,,,,,,,,
EATON CO PUT OPT 08/26 410,ETN   260828P00410000,,ETN   260828P00410000,,,-15.0,-5850.0,-0.034030261235871544,,,,,SLTY,2026-08-20,ETN,410.0,2026-08-28,Put,415.5,7.0,-0.013414634146341463,3.9,17200590.0,825000.0,33.0,,,,,,,,,,,,
RIVN US 08/21/26 C17,RIVN  260821C00017000,,RIVN  260821C00017000,,,732.0,1830.0,0.010645363771221356,,,,,SLTY,2026-08-20,RIVN,17.0,2026-08-21,Call,16.013200759887695,0.0,-0.05804701412425322,0.025,17200590.0,825000.0,33.0,,,,,,,,,,,,
SPG US 08/21/26 C250,SPG   260821C00250000,,SPG   260821C00250000,,,17.0,510.0,0.002966740723127263,,,,,SLTY,2026-08-20,SPG,250.0,2026-08-21,Call,219.9499969482422,0.0,-0.12020001220703125,0.3,17200590.0,825000.0,33.0,,,,,,,,,,,,
Cash & Other,Cash&Other,,Cash&Other,,,16466567.0,16466567.09,95.78830422747096,,,,,SLTY,2026-08-20,,,,,,,,1.0,17200590.0,825000.0,33.0,,,,,,,,,,,,
Oklo Inc,OKLO,,02156V109,,,-10000.0,-429400.0,-2.4978793460996993,,,,,SLTY,2026-08-20,,,,,,,,42.94,17200590.0,825000.0,33.0,,,,,,,,,,,,
ETSY US 08/21/26 C88,ETSY  260821C00088000,,ETSY  260821C00088000,,,214.0,2996.0,0.017428147463704472,,,,,SLTY,2026-08-20,ETSY,88.0,2026-08-21,Call,81.19000244140625,0.0,-0.0773863358931108,0.14,17200590.0,825000.0,33.0,,,,,,,,,,,,
VFC US 08/21/26 C16,VFC   260821C00016000,,VFC   260821C00016000,,,458.0,229.0,0.0013321247560708692,,,,,SLTY,2026-08-20,VFC,16.0,2026-08-21,Call,13.944999694824219,0.0,-0.12843751907348633,0.005,17200590.0,825000.0,33.0,,,,,,,,,,,,
SPG US 08/21/26 P220,SPG   260821P00220000,,SPG   260821P00220000,,,-17.0,-1402.5,-0.008158536988599974,,,,,SLTY,2026-08-20,SPG,220.0,2026-08-21,Put,219.9499969482422,0.0,0.00022728659889914771,0.825,17200590.0,825000.0,33.0,,,,,,,,,,,,
TARGET C CLL OPT 08/26 162.500,TGT   260828C00162500,,TGT   260828C00162500,,,-58.0,-11223.0,-0.06528574732481818,,,,,SLTY,2026-08-20,TGT,162.5,2026-08-28,Call,158.25,7.0,-0.026153846153846153,1.935,17200590.0,825000.0,33.0,,,,,,,,,,,,
OKLO INC CLL OPT 08/26 46.500,OKLO  260828C00046500,,OKLO  260828C00046500,,,100.0,9300.0,0.05409938965702656,,,,,SLTY,2026-08-20,OKLO,46.5,2026-08-28,Call,41.66999816894531,7.0,-0.10387100711945564,0.93,17200590.0,825000.0,33.0,,,,,,,,,,,,
Salesforce Inc,CRM,,79466L302,,,-5000.0,-1030450.0,-5.994270545385271,,,,,SLTY,2026-08-20,,,,,,,,206.09,17200590.0,825000.0,33.0,,,,,,,,,,,,
LYFT US 08/21/26 P17,LYFT  260821P00017000,,LYFT  260821P00017000,,,-510.0,-4080.0,-0.023733925785018106,,,,,SLTY,2026-08-20,LYFT,17.0,2026-08-21,Put,17.3799991607666,0.0,-0.02235289180980009,0.08,17200590.0,825000.0,33.0,,,,,,,,,,,,
TSLA US 08/28/26 C360,TSLA  260828C00360000,,TSLA  260828C00360000,,,28.0,17430.0,0.10139272706687881,,,,,SLTY,2026-08-20,TSLA,360.0,2026-08-28,Call,345.2799987792969,7.0,-0.0408888922797309,6.225,17200590.0,825000.0,33.0,,,,,,,,,,,,
LEN US 08/21/26 C95,LEN   260821C00095000,,LEN   260821C00095000,,,170.0,850.0,0.004944567871878771,,,,,SLTY,2026-08-20,LEN,95.0,2026-08-21,Call,85.41999816894531,0.0,-0.10084212453741777,0.05,17200590.0,825000.0,33.0,,,,,,,,,,,,
LYFT US 08/21/26 C19,LYFT  260821C00019000,,LYFT  260821C00019000,,,1020.0,1530.0,0.00890022216938179,,,,,SLTY,2026-08-20,LYFT,19.0,2026-08-21,Call,17.3799991607666,0.0,-0.08526320206491571,0.015,17200590.0,825000.0,33.0,,,,,,,,,,,,
Starbucks Corp,SBUX,,855244109,,,-8200.0,-860836.0,-5.007602386537217,,,,,SLTY,2026-08-20,,,,,,,,104.98,17200590.0,825000.0,33.0,,,,,,,,,,,,
VF Corp,VFC,,918204108,,,-22900.0,-329073.0,-1.9142632744738388,,,,,SLTY,2026-08-20,,,,,,,,14.37,17200590.0,825000.0,33.0,,,,,,,,,,,,
GME US 08/21/26 C20,GME   260821C00020000,,GME   260821C00020000,,,200.0,300.0,0.0017451416018395666,,,,,SLTY,2026-08-20,GME,20.0,2026-08-21,Call,18.045000076293945,0.0,-0.09774999618530274,0.015,17200590.0,825000.0,33.0,,,,,,,,,,,,
EATON CO CLL OPT 08/26 445,ETN   260828C00445000,,ETN   260828C00445000,,,30.0,8775.0,0.05104539185380732,,,,,SLTY,2026-08-20,ETN,445.0,2026-08-28,Call,415.5,7.0,-0.06629213483146068,2.925,17200590.0,825000.0,33.0,,,,,,,,,,,,
KKR US 08/21/26 C122,KKR   260821C00122000,,KKR   260821C00122000,,,85.0,4037.5,0.023486697391424165,,,,,SLTY,2026-08-20,KKR,122.0,2026-08-21,Call,107.08000183105469,0.0,-0.12229506695856814,0.475,17200590.0,825000.0,33.0,,,,,,,,,,,,
ETSY US 08/21/26 C82,ETSY  260821C00082000,,ETSY  260821C00082000,,,-107.0,-8292.5,-0.04823862244418202,,,,,SLTY,2026-08-20,ETSY,82.0,2026-08-21,Call,81.19000244140625,0.0,-0.009878019007240854,0.775,17200590.0,825000.0,33.0,,,,,,,,,,,,
CNC US 08/21/26 C74,CNC   260821C00074000,,CNC   260821C00074000,,,135.0,1755.0,0.010209078370761463,,,,,SLTY,2026-08-20,CNC,74.0,2026-08-21,Call,64.1449966430664,0.0,-0.13317572103964315,0.13,17200590.0,825000.0,33.0,,,,,,,,,,,,
CONAGRA BRANDS INC,CAG,,205887102,,,-36000.0,-583920.0,-3.396743613820532,,,,,SLTY,2026-08-20,,,,,,,,16.22,17200590.0,825000.0,33.0,,,,,,,,,,,,
Pegasystems Inc,PEGA,,705573103,,,-15500.0,-524365.0,-3.050303920162014,,,,,SLTY,2026-08-20,,,,,,,,33.83,17200590.0,825000.0,33.0,,,,,,,,,,,,
Carrier Global Corp,CARR,,14448C104,,,-11000.0,-673200.0,-3.916097754527987,,,,,SLTY,2026-08-20,,,,,,,,61.2,17200590.0,825000.0,33.0,,,,,,,,,,,,
CARR US 08/21/26 P62,CARR  260821P00062000,,CARR  260821P00062000,,,-110.0,-12375.0,-0.07198709107588212,,,,,SLTY,2026-08-20,CARR,62.0,2026-08-21,Put,60.15999984741211,0.0,0.02967742181593372,1.125,17200590.0,825000.0,33.0,,,,,,,,,,,,
United States Treasury Bill 12/10/2026,912797VG9,,912797VG9,,,1500000.0,1482789.26,8.625590747956352,,,,,SLTY,2026-08-20,,,,,,,,98.852617,17200590.0,825000.0,33.0,,,,,,,,,,,,
United States Treasury Bill 09/03/2026,912797RS8,,912797RS8,,,4096000.0,4090278.87,23.793719397207774,,,,,SLTY,2026-08-20,,,,,,,,99.860324,17200590.0,825000.0,33.0,,,,,,,,,,,,
ALIGN TE PUT OPT 08/26 162.500,ALGN  260828P00162500,,ALGN  260828P00162500,,,-30.0,-15300.0,-0.08900222169381788,,,,,SLTY,2026-08-20,ALGN,162.5,2026-08-28,Put,158.9199981689453,7.0,0.022030780498798076,5.1,17200590.0,825000.0,33.0,,,,,,,,,,,,
NKE US 08/21/26 C41.5,NKE   260821C00041500,,NKE   260821C00041500,,,-182.0,-4550.0,-0.026467980961233425,,,,,SLTY,2026-08-20,NKE,41.5,2026-08-21,Call,40.21500015258789,0.0,-0.030963851744870107,0.25,17200590.0,825000.0,33.0,,,,,,,,,,,,
OKLO INC PUT OPT 08/26 40.500,OKLO  260828P00040500,,OKLO  260828P00040500,,,-100.0,-10700.0,-0.062243383798944535,,,,,SLTY,2026-08-20,OKLO,40.5,2026-08-28,Put,41.66999816894531,7.0,-0.02888884367766204,1.07,17200590.0,825000.0,33.0,,,,,,,,,,,,
STARBUCK CLL OPT 08/26 112,SBUX  260828C00112000,,SBUX  260828C00112000,,,164.0,2542.0,0.014787166506253927,,,,,SLTY,2026-08-20,SBUX,112.0,2026-08-28,Call,103.98999786376953,7.0,-0.07151787621634347,0.155,17200590.0,825000.0,33.0,,,,,,,,,,,,
WYNN US 08/21/26 C108,WYNN  260821C00108000,,WYNN  260821C00108000,,,70.0,7455.0,0.043366768805713225,,,,,SLTY,2026-08-20,WYNN,108.0,2026-08-21,Call,99.55999755859375,0.0,-0.07814817075376157,1.065,17200590.0,825000.0,33.0,,,,,,,,,,,,
CAVA US 08/21/26 C78,CAVA  260821C00078000,,CAVA  260821C00078000,,,92.0,1656.0,0.009633181642154407,,,,,SLTY,2026-08-20,CAVA,78.0,2026-08-21,Call,72.04000091552734,0.0,-0.07641024467272636,0.18,17200590.0,825000.0,33.0,,,,,,,,,,,,
CRM US 08/28/26 P200,CRM   260828P00200000,,CRM   260828P00200000,,,-50.0,-29750.0,-0.173059875515757,,,,,SLTY,2026-08-20,CRM,200.0,2026-08-28,Put,205.73500061035156,7.0,-0.02867500305175781,5.95,17200590.0,825000.0,33.0,,,,,,,,,,,,
LEN US 08/21/26 C88,LEN   260821C00088000,,LEN   260821C00088000,,,-85.0,-5737.5,-0.033375833135181714,,,,,SLTY,2026-08-20,LEN,88.0,2026-08-21,Call,85.41999816894531,0.0,-0.02931820262562145,0.675,17200590.0,825000.0,33.0,,,,,,,,,,,,
Lennar Corp,LEN,,526057104,,,-8500.0,-742050.0,-4.316607752150168,,,,,SLTY,2026-08-20,,,,,,,,87.3,17200590.0,825000.0,33.0,,,,,,,,,,,,
TARGET C CLL OPT 08/26 172.500,TGT   260828C00172500,,TGT   260828C00172500,,,116.0,2842.0,0.01653230810809349,,,,,SLTY,2026-08-20,TGT,172.5,2026-08-28,Call,158.25,7.0,-0.08260869565217391,0.245,17200590.0,825000.0,33.0,,,,,,,,,,,,
Target Corp,TGT,,87612E106,,,-5800.0,-922200.0,-5.3645652840548275,,,,,SLTY,2026-08-20,,,,,,,,159.0,17200590.0,825000.0,33.0,,,,,,,,,,,,
NKE US 08/21/26 C44.5,NKE   260821C00044500,,NKE   260821C00044500,,,364.0,728.0,0.004234876953797348,,,,,SLTY,2026-08-20,NKE,44.5,2026-08-21,Call,40.21500015258789,0.0,-0.09629213140251931,0.02,17200590.0,825000.0,33.0,,,,,,,,,,,,
RKLB US 08/21/26 C92,RKLB  260821C00092000,,RKLB  260821C00092000,,,53.0,212.0,0.0012332333986332937,,,,,SLTY,2026-08-20,RKLB,92.0,2026-08-21,Call,72.94000244140625,0.0,-0.2071738865064538,0.04,17200590.0,825000.0,33.0,,,,,,,,,,,,
CRM US 08/21/26 C212.5,CRM   260821C00212500,,CRM   260821C00212500,,,50.0,3725.0,0.021668841556174618,,,,,SLTY,2026-08-20,CRM,212.5,2026-08-21,Call,205.73500061035156,0.0,-0.031835291245404414,0.745,17200590.0,825000.0,33.0,,,,,,,,,,,,
NIKE Inc,NKE,,654106103,,,-18200.0,-747110.0,-4.346042473834529,,,,,SLTY,2026-08-20,,,,,,,,41.05,17200590.0,825000.0,33.0,,,,,,,,,,,,
ALIGN TE CLL OPT 08/26 170,ALGN  260828C00170000,,ALGN  260828C00170000,,,-30.0,-3375.0,-0.019632843020695123,,,,,SLTY,2026-08-20,ALGN,170.0,2026-08-28,Call,158.9199981689453,7.0,-0.06517648135914522,1.125,17200590.0,825000.0,33.0,,,,,,,,,,,,
Centene Corp,CNC,,15135B101,,,-13500.0,-873450.0,-5.080979773755898,,,,,SLTY,2026-08-20,,,,,,,,64.7,17200590.0,825000.0,33.0,,,,,,,,,,,,
CARR US 08/21/26 C65,CARR  260821C00065000,,CARR  260821C00065000,,,220.0,3300.0,0.01919655762023523,,,,,SLTY,2026-08-20,CARR,65.0,2026-08-21,Call,60.15999984741211,0.0,-0.07446154080904448,0.15,17200590.0,825000.0,33.0,,,,,,,,,,,,
Eaton Corp PLC,ETN,,G29183103,,,-1500.0,-637005.0,-3.7055464202660433,,,,,SLTY,2026-08-20,,,,,,,,424.67,17200590.0,825000.0,33.0,,,,,,,,,,,,
LYV US 08/21/26 P182.5,LYV   260821P00182500,,LYV   260821P00182500,,,-42.0,-6720.0,-0.03909117188120629,,,,,SLTY,2026-08-20,LYV,182.5,2026-08-21,Put,182.07000732421875,0.0,0.002356124250856164,1.6,17200590.0,825000.0,33.0,,,,,,,,,,,,
ALIGN TE CLL OPT 08/26 180,ALGN  260828C00180000,,ALGN  260828C00180000,,,60.0,4050.0,0.02355941162483415,,,,,SLTY,2026-08-20,ALGN,180.0,2026-08-28,Call,158.9199981689453,7.0,-0.11711112128363715,0.675,17200590.0,825000.0,33.0,,,,,,,,,,,,
RKLB US 08/21/26 P80,RKLB  260821P00080000,,RKLB  260821P00080000,,,-53.0,-25042.5,-0.1456756952135578,,,,,SLTY,2026-08-20,RKLB,80.0,2026-08-21,Put,72.94000244140625,0.0,0.08824996948242188,4.725,17200590.0,825000.0,33.0,,,,,,,,,,,,
CARR US 08/21/26 C63,CARR  260821C00063000,,CARR  260821C00063000,,,-110.0,-1100.0,-0.00639885254007841,,,,,SLTY,2026-08-20,CARR,63.0,2026-08-21,Call,60.15999984741211,0.0,-0.04507936750139509,0.1,17200590.0,825000.0,33.0,,,,,,,,,,,,
TSLA US 08/28/26 C347.5,TSLA  260828C00347500,,TSLA  260828C00347500,,,-14.0,-16030.0,-0.09324873292496083,,,,,SLTY,2026-08-20,TSLA,347.5,2026-08-28,Call,345.2799987792969,7.0,-0.0063884927214478415,11.45,17200590.0,825000.0,33.0,,,,,,,,,,,,
Lyft Inc,LYFT,,55087P104,,,-51000.0,-888930.0,-5.171029080410819,,,,,SLTY,2026-08-20,,,,,,,,17.43,17200590.0,825000.0,33.0,,,,,,,,,,,,
PEGA US 09/18/26 C40,PEGA  260918C00040000,,PEGA  260918C00040000,,,310.0,12400.0,0.07213251954270208,,,,,SLTY,2026-08-20,PEGA,40.0,2026-09-18,Call,33.61000061035156,28.0,-0.15974998474121094,0.4,17200590.0,825000.0,33.0,,,,,,,,,,,,
LYV US 08/21/26 C200,LYV   260821C00200000,,LYV   260821C00200000,,,84.0,210.0,0.0012215991212876965,,,,,SLTY,2026-08-20,LYV,200.0,2026-08-21,Call,182.07000732421875,0.0,-0.08964996337890625,0.025,17200590.0,825000.0,33.0,,,,,,,,,,,,
TSLA US 08/28/26 P330,TSLA  260828P00330000,,TSLA  260828P00330000,,,-14.0,-3213.0,-0.018690466555701755,,,,,SLTY,2026-08-20,TSLA,330.0,2026-08-28,Put,345.2799987792969,7.0,-0.046303026603929924,2.295,17200590.0,825000.0,33.0,,,,,,,,,,,,
VFC US 08/21/26 C15,VFC   260821C00015000,,VFC   260821C00015000,,,-229.0,-1145.0,-0.0066606237803543454,,,,,SLTY,2026-08-20,VFC,15.0,2026-08-21,Call,13.944999694824219,0.0,-0.07033335367838542,0.05,17200590.0,825000.0,33.0,,,,,,,,,,,,
TARGET C PUT OPT 08/26 152.500,TGT   260828P00152500,,TGT   260828P00152500,,,-58.0,-4901.0,-0.028509796635385717,,,,,SLTY,2026-08-20,TGT,152.5,2026-08-28,Put,158.25,7.0,-0.03770491803278689,0.845,17200590.0,825000.0,33.0,,,,,,,,,,,,
United States Treasury Note/Bond 2.375% 05/15/2027,912828X88,,912828X88,,,5485000.0,5420684.81,31.532875241302683,,,,,SLTY,2026-08-20,,,,,,,,98.827435,17200590.0,825000.0,33.0,,,,,,,,,,,,
CAVA US 08/21/26 C75,CAVA  260821C00075000,,CAVA  260821C00075000,,,-46.0,-1587.0,-0.009231799073731306,,,,,SLTY,2026-08-20,CAVA,75.0,2026-08-21,Call,72.04000091552734,0.0,-0.03946665445963542,0.345,17200590.0,825000.0,33.0,,,,,,,,,,,,
CAG US 08/28/26 P15.5,CAG   260828P00015500,,CAG   260828P00015500,,,-360.0,-2700.0,-0.015706274416556098,,,,,SLTY,2026-08-20,CAG,15.5,2026-08-28,Put,16.280000686645508,7.0,-0.05032262494487147,0.075,17200590.0,825000.0,33.0,,,,,,,,,,,,
Invesco QQQ Trust Series 1,QQQ,,46090E103,,,-1100.0,-787688.0,-4.5820903268993485,,,,,SLTY,2026-08-20,,,,,,,,716.08,17200590.0,825000.0,33.0,,,,,,,,,,,,
Simon Property Group Inc,SPG,,828806109,,,-1700.0,-379406.0,-2.2070573152918085,,,,,SLTY,2026-08-20,,,,,,,,223.18,17200590.0,825000.0,33.0,,,,,,,,,,,,
STARBUCK PUT OPT 08/26 103,SBUX  260828P00103000,,SBUX  260828P00103000,,,-82.0,-7052.0,-0.04102246192057541,,,,,SLTY,2026-08-20,SBUX,103.0,2026-08-28,Put,103.98999786376953,7.0,-0.009611629745335255,0.86,17200590.0,825000.0,33.0,,,,,,,,,,,,
LEN US 08/21/26 P85,LEN   260821P00085000,,LEN   260821P00085000,,,-85.0,-2550.0,-0.014833703615636315,,,,,SLTY,2026-08-20,LEN,85.0,2026-08-21,Put,85.41999816894531,0.0,-0.004941154928768382,0.3,17200590.0,825000.0,33.0,,,,,,,,,,,,
LYFT US 08/21/26 C18,LYFT  260821C00018000,,LYFT  260821C00018000,,,-510.0,-4335.0,-0.025217296146581733,,,,,SLTY,2026-08-20,LYFT,18.0,2026-08-21,Call,17.3799991607666,0.0,-0.03444449106852213,0.085,17200590.0,825000.0,33.0,,,,,,,,,,,,
Etsy Inc,ETSY,,29786A106,,,-10700.0,-860922.0,-5.008102660463078,,,,,SLTY,2026-08-20,,,,,,,,80.46,17200590.0,825000.0,33.0,,,,,,,,,,,,
LYV US 08/21/26 C190,LYV   260821C00190000,,LYV   260821C00190000,,,-42.0,-1155.0,-0.006718795167082331,,,,,SLTY,2026-08-20,LYV,190.0,2026-08-21,Call,182.07000732421875,0.0,-0.04173680355674342,0.275,17200590.0,825000.0,33.0,,,,,,,,,,,,
TMUS US 08/21/26 C200,TMUS  260821C00200000,,TMUS  260821C00200000,,,50.0,250.0,0.0014542846681996388,,,,,SLTY,2026-08-20,TMUS,200.0,2026-08-21,Call,181.19000244140625,0.0,-0.09404998779296875,0.05,17200590.0,825000.0,33.0,,,,,,,,,,,,
GME US 08/21/26 P18.5,GME   260821P00018500,,GME   260821P00018500,,,-200.0,-10200.0,-0.05933481446254526,,,,,SLTY,2026-08-20,GME,18.5,2026-08-21,Put,18.045000076293945,0.0,0.02459459047059755,0.51,17200590.0,825000.0,33.0,,,,,,,,,,,,
GME US 08/21/26 C19,GME   260821C00019000,,GME   260821C00019000,,,-200.0,-700.0,-0.004071997070958989,,,,,SLTY,2026-08-20,GME,19.0,2026-08-21,Call,18.045000076293945,0.0,-0.05026315387926603,0.035,17200590.0,825000.0,33.0,,,,,,,,,,,,
CRM US 08/28/26 C230,CRM   260828C00230000,,CRM   260828C00230000,,,50.0,10300.0,0.05991652832982512,,,,,SLTY,2026-08-20,CRM,230.0,2026-08-28,Call,205.73500061035156,7.0,-0.10549999734629756,2.06,17200590.0,825000.0,33.0,,,,,,,,,,,,
WYNN US 08/21/26 C104,WYNN  260821C00104000,,WYNN  260821C00104000,,,-35.0,-595.0,-0.00346119751031514,,,,,SLTY,2026-08-20,WYNN,104.0,2026-08-21,Call,99.55999755859375,0.0,-0.042692331167367786,0.17,17200590.0,825000.0,33.0,,,,,,,,,,,,
STARBUCK CLL OPT 08/26 107,SBUX  260828C00107000,,SBUX  260828C00107000,,,-82.0,-7954.0,-0.04626952100343971,,,,,SLTY,2026-08-20,SBUX,107.0,2026-08-28,Call,103.98999786376953,7.0,-0.028130861086266064,0.97,17200590.0,825000.0,33.0,,,,,,,,,,,,
Align Technology Inc,ALGN,,016255101,,,-3000.0,-489120.0,-2.8452788676392293,,,,,SLTY,2026-08-20,,,,,,,,163.04,17200590.0,825000.0,33.0,,,,,,,,,,,,
PEGASYST CLL OPT 09/26 35,PEGA  260918C00035000,,PEGA  260918C00035000,,,-155.0,-22087.5,-0.1284860504354381,,,,,SLTY,2026-08-20,PEGA,35.0,2026-09-18,Call,33.61000061035156,28.0,-0.039714268275669644,1.425,17200590.0,825000.0,33.0,,,,,,,,,,,,
TMUS US 08/21/26 C185,TMUS  260821C00185000,,TMUS  260821C00185000,,,-25.0,-2750.0,-0.015997131350196026,,,,,SLTY,2026-08-20,TMUS,185.0,2026-08-21,Call,181.19000244140625,0.0,-0.020594581397804054,1.1,17200590.0,825000.0,33.0,,,,,,,,,,,,
United States Treasury Bill 02/18/2027,912797TV9,,912797TV9,,,5467000.0,5362705.28,31.195600275109005,,,,,SLTY,2026-08-20,,,,,,,,98.092286,17200590.0,825000.0,33.0,,,,,,,,,,,,
VFC US 08/21/26 P14,VFC   260821P00014000,,VFC   260821P00014000,,,-229.0,-916.0,-0.005328499024283477,,,,,SLTY,2026-08-20,VFC,14.0,2026-08-21,Put,13.944999694824219,0.0,0.003928593226841518,0.04,17200590.0,825000.0,33.0,,,,,,,,,,,,
FIRST AMERICAN GOVERNMENT OBLI FIRST AM GOV OBLIG X,FGXXX,,31846V336,,,3529281.0,3529281.29,15.91874859672801,,,,,ULTI,2026-08-21,,,,,,,,,,,,,,,,,,,,,,,
Cash & Other,Cash&Other,,,,,1247084.0,1247083.77,5.6249449625733225,,,,,ULTI,2026-08-21,,,,,,,,,,,,,,,,,,,,,,,
MICRON TECHNOLOGY INC,MU,,595112103,,,1200.0,1169196.0,5.273633823701256,,,,,ULTI,2026-08-21,,,,,,,,,,,,,,,,,,,,,,,
MRNA US 08/21/26 C67,MRNA  260821C00067000,,,,,180.0,1122480.0,5.062922293976533,,,,,ULTI,2026-08-21,MRNA,67.0,2026-08-21,Call,133.33999633789062,0.0,0.9901491990729944,,,,,,,,,,,,,,,,
SPACE EXPLORATION TECH CORP A,SPCX,,84615Q103,,,8200.0,1098800.0,4.95611415492607,,,,,ULTI,2026-08-21,,,,,,,,,,,,,,,,,,,,,,,
IREN Ltd,IREN,,Q4982L109,,,25700.0,1094820.0,4.938162449122824,,,,,ULTI,2026-08-21,,,,,,,,,,,,,,,,,,,,,,,
TERAWULF INC,WULF,,88080T104,,,65900.0,1084055.0,4.889607144356007,,,,,ULTI,2026-08-21,,,,,,,,,,,,,,,,,,,,,,,
WESTERN DIGITAL CORP,WDC,,958102105,,,2300.0,1078815.0,4.865972235208016,,,,,ULTI,2026-08-21,,,,,,,,,,,,,,,,,,,,,,,
APPLIED DIGITAL CORP COMMON STOCK USD 0.001,APLD,,038169207,,,36800.0,1054320.0,4.755488055898847,,,,,ULTI,2026-08-21,,,,,,,,,,,,,,,,,,,,,,,
DELL TECHNOLOGIES - CLASS C,DELL,,24703L202,,,2400.0,1043472.0,4.706558381387891,,,,,ULTI,2026-08-21,,,,,,,,,,,,,,,,,,,,,,,
ROCKET LAB CORP,RKLB,,773121108,,,14200.0,1035890.0,4.672359930784825,,,,,ULTI,2026-08-21,,,,,,,,,,,,,,,,,,,,,,,
CORE SCIENTIFIC INC,CORZ,,21874A106,,,56100.0,1031679.0,4.653366304368377,,,,,ULTI,2026-08-21,,,,,,,,,,,,,,,,,,,,,,,
AXT INC,AXTI,,00246W103,,,14100.0,1030992.0,4.650267605401837,,,,,ULTI,2026-08-21,,,,,,,,,,,,,,,,,,,,,,,
Navitas Semiconductor Corp,NVTS,,63942X106,,,78700.0,1020739.0,4.604021665803678,,,,,ULTI,2026-08-21,,,,,,,,,,,,,,,,,,,,,,,
IONQ INC,IONQ,,46222L108,,,24600.0,1021638.0,4.608076586285366,,,,,ULTI,2026-08-21,,,,,,,,,,,,,,,,,,,,,,,
INTEL CORP,INTC,,458140100,,,11000.0,1013430.0,4.571054575925306,,,,,ULTI,2026-08-21,,,,,,,,,,,,,,,,,,,,,,,
D-Wave Quantum Inc,QBTS,,26740W109,,,53700.0,1009560.0,4.553599022795015,,,,,ULTI,2026-08-21,,,,,,,,,,,,,,,,,,,,,,,
APPLIED OPTOELECTRONICS INC,AAOI,,03823U102,,,7600.0,981160.0,4.425501423595979,,,,,ULTI,2026-08-21,,,,,,,,,,,,,,,,,,,,,,,
Redwire Corp,RDW,,75776W103,,,83300.0,980441.0,4.422258389306398,,,,,ULTI,2026-08-21,,,,,,,,,,,,,,,,,,,,,,,
USA RARE EARTH INC A,USAR,,91733P107,,,57100.0,976981.0,4.406652132502572,,,,,ULTI,2026-08-21,,,,,,,,,,,,,,,,,,,,,,,
WOLFSPEED INC,WOLF,,97785W106,,,36300.0,956505.0,4.314295567671605,,,,,ULTI,2026-08-21,,,,,,,,,,,,,,,,,,,,,,,
WOLF US 08/21/26 P28.5,WOLF  260821P00028500,,,,,726.0,227238.0,1.0249521917883966,,,,,ULTI,2026-08-21,WOLF,28.5,2026-08-21,Put,26.399999618530273,0.0,0.07368422391121848,,,,,,,,,,,,,,,,
USAR US 08/21/26 P17.5,USAR  260821P00017500,,,,,1142.0,60526.0,0.27300124257467717,,,,,ULTI,2026-08-21,USAR,17.5,2026-08-21,Put,17.110000610351562,0.0,0.022285679408482143,,,,,,,,,,,,,,,,
DELL US 08/21/26 P442.5,DELL  260821P00442500,,,,,48.0,53280.0,0.24031831286354294,,,,,ULTI,2026-08-21,DELL,442.5,2026-08-21,Put,434.7900085449219,0.0,0.017423709503001414,,,,,,,,,,,,,,,,
INTC US 08/21/26 P94,INTC  260821P00094000,,,,,220.0,52800.0,0.23815328301792543,,,,,ULTI,2026-08-21,INTC,94.0,2026-08-21,Put,92.1449966430664,0.0,0.019734078265250997,,,,,,,,,,,,,,,,
IONQ US 08/21/26 P41.5,IONQ  260821P00041500,,,,,492.0,39360.0,0.1775324473406353,,,,,ULTI,2026-08-21,IONQ,41.5,2026-08-21,Put,41.51499938964844,0.0,-0.00036143107586596385,,,,,,,,,,,,,,,,
AAOI US 08/21/26 P127,AAOI  260821P00127000,,,,,152.0,36480.0,0.1645422682669303,,,,,ULTI,2026-08-21,AAOI,127.0,2026-08-21,Put,129.16000366210938,0.0,-0.017007902851254923,,,,,,,,,,,,,,,,
RKLB US 08/21/26 P73,RKLB  260821P00073000,,,,,260.0,31200.0,0.14072693996513777,,,,,ULTI,2026-08-21,RKLB,73.0,2026-08-21,Put,72.94000244140625,0.0,0.0008218843642979452,,,,,,,,,,,,,,,,
QBTS US 08/21/26 P18.5,QBTS  260821P00018500,,,,,1074.0,21480.0,0.0968850855913833,,,,,ULTI,2026-08-21,QBTS,18.5,2026-08-21,Put,18.815000534057617,0.0,-0.017027055895006336,,,,,,,,,,,,,,,,
CORZ US 08/21/26 P18,CORZ  260821P00018000,,,,,1122.0,20196.0,0.09109363075435647,,,,,ULTI,2026-08-21,CORZ,18.0,2026-08-21,Put,18.3799991607666,0.0,-0.02111106448703342,,,,,,,,,,,,,,,,
AXTI US 08/21/26 P71,AXTI  260821P00071000,,,,,141.0,19176.0,0.08649294233241928,,,,,ULTI,2026-08-21,AXTI,71.0,2026-08-21,Put,73.1500015258789,0.0,-0.03028171163209727,,,,,,,,,,,,,,,,
RDW US 08/21/26 P11.5,RDW   260821P00011500,,,,,1666.0,16660.0,0.07514457755830753,,,,,ULTI,2026-08-21,RDW,11.5,2026-08-21,Put,11.770000457763672,0.0,-0.023478300675101902,,,,,,,,,,,,,,,,
NVTS US 08/21/26 P12.5,NVTS  260821P00012500,,,,,1574.0,15740.0,0.07099493702087398,,,,,ULTI,2026-08-21,NVTS,12.5,2026-08-21,Put,12.960000038146973,0.0,-0.03680000305175781,,,,,,,,,,,,,,,,
APLD US 08/21/26 P27.5,APLD  260821P00027500,,,,,736.0,11776.0,0.05311539887914942,,,,,ULTI,2026-08-21,APLD,27.5,2026-08-21,Put,28.645000457763672,0.0,-0.04163638028231534,,,,,,,,,,,,,,,,
WULF US 08/21/26 P15.5,WULF  260821P00015500,,,,,1318.0,9226.0,0.04161367782430644,,,,,ULTI,2026-08-21,WULF,15.5,2026-08-21,Put,16.459999084472656,0.0,-0.0619354248046875,,,,,,,,,,,,,,,,
WDC US 08/21/26 P457.5,WDC   260821P00457500,,,,,23.0,7452.0,0.03361208835321175,,,,,ULTI,2026-08-21,WDC,457.5,2026-08-21,Put,469.2749938964844,0.0,-0.025737691577015026,,,,,,,,,,,,,,,,
SPCX US 08/21/26 P129,SPCX  260821P00129000,,,,,82.0,3362.0,0.0151642298770126,,,,,ULTI,2026-08-21,SPCX,129.0,2026-08-21,Put,134.0,0.0,-0.03875968992248062,,,,,,,,,,,,,,,,
RDW US 08/21/26 C15,RDW   260821C00015000,,,,,833.0,4165.0,0.018786144389576882,,,,,ULTI,2026-08-21,RDW,15.0,2026-08-21,Call,11.770000457763672,0.0,-0.21533330281575522,,,,,,,,,,,,,,,,
IREN US 08/21/26 P38.5,IREN  260821P00038500,,,,,514.0,3598.0,0.01622870288444121,,,,,ULTI,2026-08-21,IREN,38.5,2026-08-21,Put,42.60499954223633,0.0,-0.10662336473341112,,,,,,,,,,,,,,,,
MU US 08/21/26 C1030,MU    260821C01030000,,,,,12.0,1836.0,0.008281239159486952,,,,,ULTI,2026-08-21,MU,1030.0,2026-08-21,Call,973.719970703125,0.0,-0.05464080514259709,,,,,,,,,,,,,,,,
RKLB US 08/21/26 P74,RKLB  260821P00074000,,,,,12.0,2220.0,0.010013263035980956,,,,,ULTI,2026-08-21,RKLB,74.0,2026-08-21,Put,72.94000244140625,0.0,0.014324291332347973,,,,,,,,,,,,,,,,
AAOI US 08/21/26 C170,AAOI  260821C00170000,,,,,76.0,228.0,0.0010283891766683143,,,,,ULTI,2026-08-21,AAOI,170.0,2026-08-21,Call,129.16000366210938,0.0,-0.24023527257582722,,,,,,,,,,,,,,,,
RKLB US 08/21/26 C80,RKLB  260821C00080000,,,,,-12.0,-60.0,-0.00027062873070218796,,,,,ULTI,2026-08-21,RKLB,80.0,2026-08-21,Call,72.94000244140625,0.0,-0.08824996948242188,,,,,,,,,,,,,,,,
RKLB US 08/21/26 C86,RKLB  260821C00086000,,,,,142.0,284.0,0.0012809759919903563,,,,,ULTI,2026-08-21,RKLB,86.0,2026-08-21,Call,72.94000244140625,0.0,-0.1518604367278343,,,,,,,,,,,,,,,,
SPCX US 08/21/26 C149,SPCX  260821C00149000,,,,,82.0,492.0,0.0022191555917579413,,,,,ULTI,2026-08-21,SPCX,149.0,2026-08-21,Call,134.0,0.0,-0.10067114093959731,,,,,,,,,,,,,,,,
WDC US 08/21/26 C535,WDC   260821C00535000,,,,,23.0,575.0,0.0025935253358959683,,,,,ULTI,2026-08-21,WDC,535.0,2026-08-21,Call,469.2749938964844,0.0,-0.12285047869816004,,,,,,,,,,,,,,,,
USAR US 08/21/26 C22,USAR  260821C00022000,,,,,571.0,571.0,0.002575483420515822,,,,,ULTI,2026-08-21,USAR,22.0,2026-08-21,Call,17.110000610351562,0.0,-0.22227269952947443,,,,,,,,,,,,,,,,
WOLF US 08/21/26 C37,WOLF  260821C00037000,,,,,363.0,363.0,0.0016373038207482373,,,,,ULTI,2026-08-21,WOLF,37.0,2026-08-21,Call,26.399999618530273,0.0,-0.2864864967964791,,,,,,,,,,,,,,,,
QBTS US 08/21/26 C23,QBTS  260821C00023000,,,,,537.0,537.0,0.0024221271397845824,,,,,ULTI,2026-08-21,QBTS,23.0,2026-08-21,Call,18.815000534057617,0.0,-0.18195649851923404,,,,,,,,,,,,,,,,
MU US 08/21/26 P900,MU    260821P00900000,,,,,12.0,552.0,0.0024897843224601294,,,,,ULTI,2026-08-21,MU,900.0,2026-08-21,Put,973.719970703125,0.0,-0.08191107855902778,,,,,,,,,,,,,,,,
MRNA US 08/21/26 P59,MRNA  260821P00059000,,,,,180.0,180.0,0.0008118861921065639,,,,,ULTI,2026-08-21,MRNA,59.0,2026-08-21,Put,133.33999633789062,0.0,-1.2599999379303495,,,,,,,,,,,,,,,,
IREN US 08/21/26 C48,IREN  260821C00048000,,,,,257.0,1028.0,0.004636772252697487,,,,,ULTI,2026-08-21,IREN,48.0,2026-08-21,Call,42.60499954223633,0.0,-0.11239584287007649,,,,,,,,,,,,,,,,
AXTI US 08/21/26 C93,AXTI  260821C00093000,,,,,141.0,564.0,0.002543910068600567,,,,,ULTI,2026-08-21,AXTI,93.0,2026-08-21,Call,73.1500015258789,0.0,-0.2134408438077537,,,,,,,,,,,,,,,,
IONQ US 08/21/26 C50,IONQ  260821C00050000,,,,,246.0,492.0,0.0022191555917579413,,,,,ULTI,2026-08-21,IONQ,50.0,2026-08-21,Call,41.51499938964844,0.0,-0.16970001220703124,,,,,,,,,,,,,,,,
CRCL US 08/21/26 P66,CRCL  260821P00066000,,,,,159.0,318.0,0.0014343322727215964,,,,,ULTI,2026-08-21,CRCL,66.0,2026-08-21,Put,83.63500213623047,0.0,-0.267197002064098,,,,,,,,,,,,,,,,
MU US 08/21/26 C965,MU    260821C00965000,,,,,-12.0,-23712.0,-0.10695247437350469,,,,,ULTI,2026-08-21,MU,965.0,2026-08-21,Call,973.719970703125,0.0,0.009036239070595855,,,,,,,,,,,,,,,,
IREN US 08/21/26 P44,IREN  260821P00044000,,,,,-257.0,-49344.0,-0.2225650681294794,,,,,ULTI,2026-08-21,IREN,44.0,2026-08-21,Put,42.60499954223633,0.0,0.03170455585826527,,,,,,,,,,,,,,,,
WULF US 08/21/26 P17.5,WULF  260821P00017500,,,,,-659.0,-75785.0,-0.3418266392710886,,,,,ULTI,2026-08-21,WULF,17.5,2026-08-21,Put,16.459999084472656,0.0,0.059428623744419644,,,,,,,,,,,,,,,,
RKLB US 08/21/26 P80,RKLB  260821P00080000,,,,,-130.0,-89700.0,-0.404589952399771,,,,,ULTI,2026-08-21,RKLB,80.0,2026-08-21,Put,72.94000244140625,0.0,0.08824996948242188,,,,,,,,,,,,,,,,
APLD US 08/21/26 P31,APLD  260821P00031000,,,,,-368.0,-91264.0,-0.4116443413134081,,,,,ULTI,2026-08-21,APLD,31.0,2026-08-21,Put,28.645000457763672,0.0,0.07596772716891381,,,,,,,,,,,,,,,,
CORZ US 08/21/26 P20,CORZ  260821P00020000,,,,,-561.0,-103224.0,-0.4655896683000442,,,,,ULTI,2026-08-21,CORZ,20.0,2026-08-21,Put,18.3799991607666,0.0,0.08100004196166992,,,,,,,,,,,,,,,,
INTC US 08/21/26 P103,INTC  260821P00103000,,,,,-110.0,-117370.0,-0.5293949020419301,,,,,ULTI,2026-08-21,INTC,103.0,2026-08-21,Put,92.1449966430664,0.0,0.1053883821061514,,,,,,,,,,,,,,,,
NVTS US 08/21/26 P14.5,NVTS  260821P00014500,,,,,-787.0,-123559.0,-0.5573102556138607,,,,,ULTI,2026-08-21,NVTS,14.5,2026-08-21,Put,12.960000038146973,0.0,0.10620689392089844,,,,,,,,,,,,,,,,
IONQ US 08/21/26 P46.5,IONQ  260821P00046500,,,,,-246.0,-130872.0,-0.5902953874076124,,,,,ULTI,2026-08-21,IONQ,46.5,2026-08-21,Put,41.51499938964844,0.0,0.10720431420110887,,,,,,,,,,,,,,,,
DELL US 08/21/26 P490,DELL  260821P00490000,,,,,-24.0,-130200.0,-0.587264345623748,,,,,ULTI,2026-08-21,DELL,490.0,2026-08-21,Put,434.7900085449219,0.0,0.11267345194913903,,,,,,,,,,,,,,,,
QBTS US 08/21/26 P21,QBTS  260821P00021000,,,,,-537.0,-129954.0,-0.5861547678278689,,,,,ULTI,2026-08-21,QBTS,21.0,2026-08-21,Put,18.815000534057617,0.0,0.10404759361630395,,,,,,,,,,,,,,,,
AAOI US 08/21/26 P150,AAOI  260821P00150000,,,,,-76.0,-160968.0,-0.72604275872783,,,,,ULTI,2026-08-21,AAOI,150.0,2026-08-21,Put,129.16000366210938,0.0,0.13893330891927083,,,,,,,,,,,,,,,,
USAR US 08/21/26 P20,USAR  260821P00020000,,,,,-571.0,-162164.0,-0.7314372914264936,,,,,ULTI,2026-08-21,USAR,20.0,2026-08-21,Put,17.110000610351562,0.0,0.14449996948242189,,,,,,,,,,,,,,,,
RDW US 08/21/26 P13.5,RDW   260821P00013500,,,,,-833.0,-166600.0,-0.7514457755830753,,,,,ULTI,2026-08-21,RDW,13.5,2026-08-21,Put,11.770000457763672,0.0,0.12814811423972802,,,,,,,,,,,,,,,,
WOLF US 08/21/26 P31.5,WOLF  260821P00031500,,,,,-363.0,-215622.0,-0.9725584695244529,,,,,ULTI,2026-08-21,WOLF,31.5,2026-08-21,Put,26.399999618530273,0.0,0.16190477401491196,,,,,,,,,,,,,,,,
MRNA US 08/21/26 C63,MRNA  260821C00063000,,,,,-180.0,-1284300.0,-5.792807980680334,,,,,ULTI,2026-08-21,MRNA,63.0,2026-08-21,Call,133.33999633789062,0.0,1.1165078783792162,,,,,,,,,,,,,,,,
TESLA INC,TSLA,,88160R101,,,1713664.0,591436856.3,9.243296968608307,,,,,ARKK,2026-08-21,,,,,,,,,,,,08/21/2026,,,,,,,,,,,
TEMPUS AI INC-CL A,TEM,,88023B103,,,6102043.0,406701166.0,6.356147092920465,,,,,ARKK,2026-08-21,,,,,,,,,,,,08/21/2026,,,,,,,,,,,
SPACE EXPLORATION TECHN-CL A,SPCX,,84615Q103,,,2691107.0,360608338.0,5.635783299577706,,,,,ARKK,2026-08-21,,,,,,,,,,,,08/21/2026,,,,,,,,,,,
CIRCLE INTERNET GROUP INC,CRCL,,172573107,,,3931968.0,328948442.9,5.140985234007292,,,,,ARKK,2026-08-21,,,,,,,,,,,,08/21/2026,,,,,,,,,,,
CRISPR THERAPEUTICS AG,CRSP,,H17182108,,,5402715.0,314005795.8,4.907453415401193,,,,,ARKK,2026-08-21,,,,,,,,,,,,08/21/2026,,,,,,,,,,,
COINBASE GLOBAL INC -CLASS A,COIN,,19260Q107,,,1657391.0,285651338.9,4.46431453638388,,,,,ARKK,2026-08-21,,,,,,,,,,,,08/21/2026,,,,,,,,,,,
TWIST BIOSCIENCE CORP,TWST,,90184D100,,,1842159.0,251141536.5,3.9249765690026415,,,,,ARKK,2026-08-21,,,,,,,,,,,,08/21/2026,,,,,,,,,,,
SHOPIFY INC - CLASS A,SHOP,,82509L107,,,1634052.0,240499773.4,3.7586613054963323,,,,,ARKK,2026-08-21,,,,,,,,,,,,08/21/2026,,,,,,,,,,,
PALANTIR TECHNOLOGIES INC-A,PLTR,,69608A108,,,1257044.0,218675374.2,3.417577720971237,,,,,ARKK,2026-08-21,,,,,,,,,,,,08/21/2026,,,,,,,,,,,
ROBINHOOD MARKETS INC - A,HOOD,,770700102,,,2300350.0,218763285.0,3.4189516387825676,,,,,ARKK,2026-08-21,,,,,,,,,,,,08/21/2026,,,,,,,,,,,
ADVANCED MICRO DEVICES,AMD,,007903107,,,434775.0,204107297.6,3.1898998939287333,,,,,ARKK,2026-08-21,,,,,,,,,,,,08/21/2026,,,,,,,,,,,
10X GENOMICS INC-CLASS A,TXG,,88025U109,,,3104582.0,198289652.3,3.098978568020272,,,,,ARKK,2026-08-21,,,,,,,,,,,,08/21/2026,,,,,,,,,,,
COREWEAVE INC-CL A,CRWV,,21873S108,,,1942477.0,174356735.5,2.724941923277956,,,,,ARKK,2026-08-21,,,,,,,,,,,,08/21/2026,,,,,,,,,,,
OPENAI GROUP PBC SERIES C,OTHER,,PPOPENAIC,,,254476.0,172563178.4,2.696911237112794,,,,,ARKK,2026-08-21,,,,,,,,,,,,08/21/2026,,,,,,,,,,,
BEAM THERAPEUTICS INC,BEAM,,07373V105,,,5985734.0,169934988.3,2.6558364523314846,,,,,ARKK,2026-08-21,,,,,,,,,,,,08/21/2026,,,,,,,,,,,
AMAZON.COM INC,AMZN,,023135106,,,633322.0,164733385.4,2.5745429722155175,,,,,ARKK,2026-08-21,,,,,,,,,,,,08/21/2026,,,,,,,,,,,
CEREBRAS SYSTEMS INC - A,CBRS,,15675D103,,,714899.0,150021555.2,2.3446184857013344,,,,,ARKK,2026-08-21,,,,,,,,,,,,08/21/2026,,,,,,,,,,,
NVIDIA CORP,NVDA,,67066G104,,,683966.0,148318027.1,2.3179948217295343,,,,,ARKK,2026-08-21,,,,,,,,,,,,08/21/2026,,,,,,,,,,,
BLOCK INC,XYZ,,852234103,,,1815522.0,145387001.8,2.272187163681484,,,,,ARKK,2026-08-21,,,,,,,,,,,,08/21/2026,,,,,,,,,,,
INTELLIA THERAPEUTICS INC,NTLA,,45826J105,,,9904008.0,123205859.5,1.9255282038992048,,,,,ARKK,2026-08-21,,,,,,,,,,,,08/21/2026,,,,,,,,,,,
BULLISH,BLSH,,G16910120,,,4114469.0,117015498.4,1.8287818726878187,,,,,ARKK,2026-08-21,,,,,,,,,,,,08/21/2026,,,,,,,,,,,
BITMINE IMMERSION TECHNOLOGI,BMNR,,09175A206,,,5288373.0,114070205.6,1.7827512343873628,,,,,ARKK,2026-08-21,,,,,,,,,,,,08/21/2026,,,,,,,,,,,
ALPHABET INC-CL C,GOOG,,02079K107,,,327250.0,110675950.0,1.7297039611848832,,,,,ARKK,2026-08-21,,,,,,,,,,,,08/21/2026,,,,,,,,,,,
BROADCOM INC,AVGO,,11135F101,,,238713.0,86898693.39,1.3581000585806908,,,,,ARKK,2026-08-21,,,,,,,,,,,,08/21/2026,,,,,,,,,,,
ARCHER AVIATION INC-A,ACHR,,03945R102,,,13838588.0,84277000.92,1.317126822296136,,,,,ARKK,2026-08-21,,,,,,,,,,,,08/21/2026,,,,,,,,,,,
META PLATFORMS INC-CLASS A,META,,30303M102,,,153446.0,83755430.18,1.3089754310045671,,,,,ARKK,2026-08-21,,,,,,,,,,,,08/21/2026,,,,,,,,,,,
X-ENERGY INC,XE,,98386P102,,,4524711.0,82756964.19,1.2933708612853878,,,,,ARKK,2026-08-21,,,,,,,,,,,,08/21/2026,,,,,,,,,,,
GENEDX HOLDINGS CORP,WGS,,81663L200,,,969489.0,80031316.95,1.2507729632974272,,,,,ARKK,2026-08-21,,,,,,,,,,,,08/21/2026,,,,,,,,,,,
KRATOS DEFENSE & SECURITY,KTOS,,50077B207,,,1368087.0,76859127.66,1.2011962632054807,,,,,ARKK,2026-08-21,,,,,,,,,,,,08/21/2026,,,,,,,,,,,
ILLUMINA INC,ILMN,,452327109,,,339781.0,72454900.44,1.1323646040384052,,,,,ARKK,2026-08-21,,,,,,,,,,,,08/21/2026,,,,,,,,,,,
NATERA INC,NTRA,,632307104,,,212280.0,68957035.2,1.077698063011932,,,,,ARKK,2026-08-21,,,,,,,,,,,,08/21/2026,,,,,,,,,,,
CLOUDFLARE INC - CLASS A,NET,,18915M107,,,239248.0,66728659.68,1.0428717980108053,,,,,ARKK,2026-08-21,,,,,,,,,,,,08/21/2026,,,,,,,,,,,
RECURSION PHARMACEUTICALS-A,RXRX,,75629V104,,,19944550.0,66614797.0,1.0410922900994017,,,,,ARKK,2026-08-21,,,,,,,,,,,,08/21/2026,,,,,,,,,,,
TERADYNE INC,TER,,880770102,,,169066.0,64777637.9,1.012380168156045,,,,,ARKK,2026-08-21,,,,,,,,,,,,08/21/2026,,,,,,,,,,,
TAIWAN SEMICONDUCTOR-SP ADR,TSM,,874039100,,,152673.0,63511968.0,0.9925995903558771,,,,,ARKK,2026-08-21,,,,,,,,,,,,08/21/2026,,,,,,,,,,,
BWX TECHNOLOGIES INC,BWXT,,05605H100,,,318684.0,49854924.96,0.7791598914478449,,,,,ARKK,2026-08-21,,,,,,,,,,,,08/21/2026,,,,,,,,,,,
VERACYTE INC,VCYT,,92337F107,,,1010271.0,42219225.09,0.6598250195849162,,,,,ARKK,2026-08-21,,,,,,,,,,,,08/21/2026,,,,,,,,,,,
SOFI TECHNOLOGIES INC,SOFI,,83406F102,,,2196734.0,39365473.28,0.6152250336801598,,,,,ARKK,2026-08-21,,,,,,,,,,,,08/21/2026,,,,,,,,,,,
ELI LILLY & CO,LLY,,532457108,,,27984.0,34823289.6,0.5442373158993291,,,,,ARKK,2026-08-21,,,,,,,,,,,,08/21/2026,,,,,,,,,,,
ROCKET LAB,RKLB,,773121108,,,394725.0,28795188.75,0.4500268761545881,,,,,ARKK,2026-08-21,,,,,,,,,,,,08/21/2026,,,,,,,,,,,
ALPHABET INC-CL A,GOOGL,,02079K305,,,74637.0,25426586.79,0.3973805319952006,,,,,ARKK,2026-08-21,,,,,,,,,,,,08/21/2026,,,,,,,,,,,
CERUS CORP,CERS,,157085101,,,8947773.0,24964286.67,0.39015545419988695,,,,,ARKK,2026-08-21,,,,,,,,,,,,08/21/2026,,,,,,,,,,,
ARK ACTIVE AUTOCALL INC ETF,ARKY,,00214Q724,,,1000000.0,20180000.0,0.31538401917228576,,,,,ARKK,2026-08-21,,,,,,,,,,,,08/21/2026,,,,,,,,,,,
PACIFIC BIOSCIENCES OF CALIF,PACB,,69404D108,,,12613674.0,15514819.02,0.2424740326688912,,,,,ARKK,2026-08-21,,,,,,,,,,,,08/21/2026,,,,,,,,,,,
GOLDMAN FS TRSY OBLIG INST 468,OTHER,,X9USDGSFT,,,5711223.0,5711223.24,0.08925810405457703,,,,,ARKK,2026-08-21,,,,,,,,,,,,08/21/2026,,,,,,,,,,,
ROBLOX CORP -CLASS A,RBLX,,771049103,,,78616.0,3036936.08,0.047462889339926984,,,,,ARKK,2026-08-21,,,,,,,,,,,,08/21/2026,,,,,,,,,,,
BRERA HOLDINGS PLC-CL B,OTHER,,G13311132,,,262751.0,1106181.71,0.017288009595375218,,,,,ARKK,2026-08-21,,,,,,,,,,,,08/21/2026,,,,,,,,,,,
BRERA HOLDINGS PLC WTS,OTHER,,BREADUMMY,,,431626.0,815772.57,0.01274933755486149,,,,,ARKK,2026-08-21,,,,,,,,,,,,08/21/2026,,,,,,,,,,,
TESLA INC,TSLA,,88160R101,,,563948.0,194635373.2,10.05210229421464,,,,,ARKQ,2026-08-21,,,,,,,,,,,,08/21/2026,,,,,,,,,,,
SPACE EXPLORATION TECHN-CL A,SPCX,,84615Q103,,,1017273.0,136314582.0,7.040077555938891,,,,,ARKQ,2026-08-21,,,,,,,,,,,,08/21/2026,,,,,,,,,,,
KRATOS DEFENSE & SECURITY,KTOS,,50077B207,,,2241950.0,125952751.0,6.504932358768922,,,,,ARKQ,2026-08-21,,,,,,,,,,,,08/21/2026,,,,,,,,,,,
TERADYNE INC,TER,,880770102,,,324965.0,124510339.8,6.430437858132483,,,,,ARKQ,2026-08-21,,,,,,,,,,,,08/21/2026,,,,,,,,,,,
ADVANCED MICRO DEVICES,AMD,,007903107,,,216236.0,101513071.4,5.242725210407513,,,,,ARKQ,2026-08-21,,,,,,,,,,,,08/21/2026,,,,,,,,,,,
PALANTIR TECHNOLOGIES INC-A,PLTR,,69608A108,,,523515.0,91070669.4,4.703418858352738,,,,,ARKQ,2026-08-21,,,,,,,,,,,,08/21/2026,,,,,,,,,,,
ALPHABET INC-CL C,GOOG,,02079K107,,,259897.0,87897165.4,4.539520660843082,,,,,ARKQ,2026-08-21,,,,,,,,,,,,08/21/2026,,,,,,,,,,,
ROCKET LAB,RKLB,,773121108,,,1034861.0,75493109.95,3.898903119455129,,,,,ARKQ,2026-08-21,,,,,,,,,,,,08/21/2026,,,,,,,,,,,
NVIDIA CORP,NVDA,,67066G104,,,341914.0,74144050.9,3.8292298665998974,,,,,ARKQ,2026-08-21,,,,,,,,,,,,08/21/2026,,,,,,,,,,,
AMAZON.COM INC,AMZN,,023135106,,,264140.0,68705455.4,3.5483491746473645,,,,,ARKQ,2026-08-21,,,,,,,,,,,,08/21/2026,,,,,,,,,,,
TAIWAN SEMICONDUCTOR-SP ADR,TSM,,874039100,,,160893.0,66931488.0,3.456731184154555,,,,,ARKQ,2026-08-21,,,,,,,,,,,,08/21/2026,,,,,,,,,,,
L3HARRIS TECHNOLOGIES INC,LHX,,502431109,,,216314.0,58499958.16,3.021277961778001,,,,,ARKQ,2026-08-21,,,,,,,,,,,,08/21/2026,,,,,,,,,,,
DEERE & CO,DE,,244199105,,,89516.0,55584065.04,2.8706842878772245,,,,,ARKQ,2026-08-21,,,,,,,,,,,,08/21/2026,,,,,,,,,,,
ARCHER AVIATION INC-A,ACHR,,03945R102,,,8928306.0,54373383.54,2.808157656239676,,,,,ARKQ,2026-08-21,,,,,,,,,,,,08/21/2026,,,,,,,,,,,
AEROVIRONMENT INC,AVAV,,008073108,,,328743.0,52529843.97,2.7129465543911424,,,,,ARKQ,2026-08-21,,,,,,,,,,,,08/21/2026,,,,,,,,,,,
INTUITIVE MACHINES INC,LUNR,,46125A100,,,2332102.0,41814588.86,2.1595484813510146,,,,,ARKQ,2026-08-21,,,,,,,,,,,,08/21/2026,,,,,,,,,,,
TRIMBLE INC,TRMB,,896239100,,,668515.0,39896975.2,2.0605117628235146,,,,,ARKQ,2026-08-21,,,,,,,,,,,,08/21/2026,,,,,,,,,,,
BROADCOM INC,AVGO,,11135F101,,,99952.0,36385526.56,1.8791601392731,,,,,ARKQ,2026-08-21,,,,,,,,,,,,08/21/2026,,,,,,,,,,,
KOMATSU LTD -SPONS ADR,KMTUY,,500458401,,,783373.0,34531081.84,1.7833858320753464,,,,,ARKQ,2026-08-21,,,,,,,,,,,,08/21/2026,,,,,,,,,,,
DOORDASH INC - A,DASH,,25809K105,,,148622.0,33047587.92,1.7067695809206183,,,,,ARKQ,2026-08-21,,,,,,,,,,,,08/21/2026,,,,,,,,,,,
AURORA INNOVATION INC,AUR,,051774107,,,5073552.0,31050138.24,1.6036096661487316,,,,,ARKQ,2026-08-21,,,,,,,,,,,,08/21/2026,,,,,,,,,,,
CAMECO CORP,CCJ,,13321L108,,,318121.0,30409186.39,1.5705071860808069,,,,,ARKQ,2026-08-21,,,,,,,,,,,,08/21/2026,,,,,,,,,,,
BWX TECHNOLOGIES INC,BWXT,,05605H100,,,187295.0,29300429.8,1.5132445493934248,,,,,ARKQ,2026-08-21,,,,,,,,,,,,08/21/2026,,,,,,,,,,,
X-ENERGY INC,XE,,98386P102,,,1483627.0,27135537.83,1.4014369412460488,,,,,ARKQ,2026-08-21,,,,,,,,,,,,08/21/2026,,,,,,,,,,,
SYMBOTIC INC,SYM,,87151X101,,,643062.0,26661350.52,1.3769471516031326,,,,,ARKQ,2026-08-21,,,,,,,,,,,,08/21/2026,,,,,,,,,,,
CATERPILLAR INC,CAT,,149123101,,,32131.0,26199296.09,1.3530839744247358,,,,,ARKQ,2026-08-21,,,,,,,,,,,,08/21/2026,,,,,,,,,,,
INTUITIVE SURGICAL INC,ISRG,,46120E602,,,65916.0,24684223.68,1.2748368264471022,,,,,ARKQ,2026-08-21,,,,,,,,,,,,08/21/2026,,,,,,,,,,,
JOBY AVIATION INC,JOBY,,G65163100,,,3246570.0,24609000.6,1.270951869244236,,,,,ARKQ,2026-08-21,,,,,,,,,,,,08/21/2026,,,,,,,,,,,
ELBIT SYSTEMS LTD,ESLT,,M3760D101,,,29371.0,21842331.57,1.1280649949492012,,,,,ARKQ,2026-08-21,,,,,,,,,,,,08/21/2026,,,,,,,,,,,
PONY AI INC,PONY,,732908108,,,2796770.0,21660983.65,1.1186991339923138,,,,,ARKQ,2026-08-21,,,,,,,,,,,,08/21/2026,,,,,,,,,,,
WERIDE INC-ADR,WRD,,950915108,,,3577272.0,21714041.04,1.1214393260908797,,,,,ARKQ,2026-08-21,,,,,,,,,,,,08/21/2026,,,,,,,,,,,
BYD CO LTD-UNSPONSORED ADR,BYDDY,,05606L100,,,1613123.0,18744489.26,0.9680744070129166,,,,,ARKQ,2026-08-21,,,,,,,,,,,,08/21/2026,,,,,,,,,,,
OKLO INC,OKLO,,02156V109,,,444227.0,18506496.82,0.9557830937084667,,,,,ARKQ,2026-08-21,,,,,,,,,,,,08/21/2026,,,,,,,,,,,
BAIDU INC - SPON ADR,BIDU,,056752108,,,184984.0,17012978.48,0.8786491232223369,,,,,ARKQ,2026-08-21,,,,,,,,,,,,08/21/2026,,,,,,,,,,,
SYNOPSYS INC,SNPS,,871607107,,,42845.0,17048882.4,0.880503410398761,,,,,ARKQ,2026-08-21,,,,,,,,,,,,08/21/2026,,,,,,,,,,,
KODIAK AI INC,KDK,,500081104,,,3844261.0,14685077.02,0.7584227572640465,,,,,ARKQ,2026-08-21,,,,,,,,,,,,08/21/2026,,,,,,,,,,,
ALPHABET INC-CL A,GOOGL,,02079K305,,,15341.0,5226218.47,0.26991230735006977,,,,,ARKQ,2026-08-21,,,,,,,,,,,,08/21/2026,,,,,,,,,,,
TELEDYNE TECHNOLOGIES INC,TDY,,879360105,,,5494.0,3482921.3,0.1798783058530855,,,,,ARKQ,2026-08-21,,,,,,,,,,,,08/21/2026,,,,,,,,,,,
GOLDMAN FS TRSY OBLIG INST 468,OTHER,,X9USDGSFT,,,2460695.0,2460694.63,0.1270845773248408,,,,,ARKQ,2026-08-21,,,,,,,,,,,,08/21/2026,,,,,,,,,,,
TESLA INC,TSLA,,88160R101,,,385983.0,133214312.8,7.482425507553563,,,,,ARKW,2026-08-21,,,,,,,,,,,,08/21/2026,,,,,,,,,,,
ADVANCED MICRO DEVICES,AMD,,007903107,,,210544.0,98840933.52,5.551730190364754,,,,,ARKW,2026-08-21,,,,,,,,,,,,08/21/2026,,,,,,,,,,,
ARK BITCOIN ETF HOLDCO (ARKW),OTHER,,MM0051EWE,,,3775474.0,90988545.85,5.110674686926335,,,,,ARKW,2026-08-21,,,,,,,,,,,,08/21/2026,,,,,,,,,,,
CIRCLE INTERNET GROUP INC,CRCL,,172573107,,,984255.0,82342773.3,4.6250560795793145,,,,,ARKW,2026-08-21,,,,,,,,,,,,08/21/2026,,,,,,,,,,,
SHOPIFY INC - CLASS A,SHOP,,82509L107,,,547455.0,80574426.9,4.52573101509157,,,,,ARKW,2026-08-21,,,,,,,,,,,,08/21/2026,,,,,,,,,,,
ROBINHOOD MARKETS INC - A,HOOD,,770700102,,,846608.0,80512420.8,4.522248235992897,,,,,ARKW,2026-08-21,,,,,,,,,,,,08/21/2026,,,,,,,,,,,
AMAZON.COM INC,AMZN,,023135106,,,273898.0,71243608.78,4.001634541972723,,,,,ARKW,2026-08-21,,,,,,,,,,,,08/21/2026,,,,,,,,,,,
SPACE EXPLORATION TECHN-CL A,SPCX,,84615Q103,,,528535.0,70823690.0,3.9780484052841674,,,,,ARKW,2026-08-21,,,,,,,,,,,,08/21/2026,,,,,,,,,,,
COREWEAVE INC-CL A,CRWV,,21873S108,,,756578.0,67910441.28,3.814416089249912,,,,,ARKW,2026-08-21,,,,,,,,,,,,08/21/2026,,,,,,,,,,,
COINBASE GLOBAL INC -CLASS A,COIN,,19260Q107,,,387523.0,66789589.05,3.7514596910996496,,,,,ARKW,2026-08-21,,,,,,,,,,,,08/21/2026,,,,,,,,,,,
ALPHABET INC-CL C,GOOG,,02079K107,,,183156.0,61943359.2,3.47925505270206,,,,,ARKW,2026-08-21,,,,,,,,,,,,08/21/2026,,,,,,,,,,,
BLOCK INC,XYZ,,852234103,,,765466.0,61298517.28,3.443035358818327,,,,,ARKW,2026-08-21,,,,,,,,,,,,08/21/2026,,,,,,,,,,,
PALANTIR TECHNOLOGIES INC-A,PLTR,,69608A108,,,319433.0,55568564.68,3.1211934892011994,,,,,ARKW,2026-08-21,,,,,,,,,,,,08/21/2026,,,,,,,,,,,
META PLATFORMS INC-CLASS A,META,,30303M102,,,81544.0,44509161.52,2.5000052807919415,,,,,ARKW,2026-08-21,,,,,,,,,,,,08/21/2026,,,,,,,,,,,
CEREBRAS SYSTEMS INC - A,CBRS,,15675D103,,,207384.0,43519532.4,2.444419465612885,,,,,ARKW,2026-08-21,,,,,,,,,,,,08/21/2026,,,,,,,,,,,
NVIDIA CORP,NVDA,,67066G104,,,199858.0,43339207.3,2.4342909058543114,,,,,ARKW,2026-08-21,,,,,,,,,,,,08/21/2026,,,,,,,,,,,
OPENAI GROUP PBC SERIES C,OTHER,,PPOPENAIC,,,62528.0,42400974.63,2.3815919434495147,,,,,ARKW,2026-08-21,,,,,,,,,,,,08/21/2026,,,,,,,,,,,
DATADOG INC - CLASS A,DDOG,,23804L103,,,171624.0,39911161.2,2.2417432805986155,,,,,ARKW,2026-08-21,,,,,,,,,,,,08/21/2026,,,,,,,,,,,
TAIWAN SEMICONDUCTOR-SP ADR,TSM,,874039100,,,93341.0,38829856.0,2.1810081730874775,,,,,ARKW,2026-08-21,,,,,,,,,,,,08/21/2026,,,,,,,,,,,
BROADCOM INC,AVGO,,11135F101,,,103675.0,37740810.25,2.119838291808078,,,,,ARKW,2026-08-21,,,,,,,,,,,,08/21/2026,,,,,,,,,,,
CROWDSTRIKE HOLDINGS INC - A,CRWD,,22788C105,,,195208.0,37155890.72,2.0869843385117153,,,,,ARKW,2026-08-21,,,,,,,,,,,,08/21/2026,,,,,,,,,,,
EVERPURE INC-A,P,,74624M102,,,329159.0,36200906.82,2.033344487489168,,,,,ARKW,2026-08-21,,,,,,,,,,,,08/21/2026,,,,,,,,,,,
BITMINE IMMERSION TECHNOLOGI,BMNR,,09175A206,,,1513855.0,32653852.35,1.8341123608117873,,,,,ARKW,2026-08-21,,,,,,,,,,,,08/21/2026,,,,,,,,,,,
CLOUDFLARE INC - CLASS A,NET,,18915M107,,,116573.0,32513375.43,1.8262220067849742,,,,,ARKW,2026-08-21,,,,,,,,,,,,08/21/2026,,,,,,,,,,,
RUBRIK INC-A,RBRK,,781154109,,,331406.0,32318713.12,1.815288149881099,,,,,ARKW,2026-08-21,,,,,,,,,,,,08/21/2026,,,,,,,,,,,
ROBLOX CORP -CLASS A,RBLX,,771049103,,,828338.0,31998696.94,1.7973133754163102,,,,,ARKW,2026-08-21,,,,,,,,,,,,08/21/2026,,,,,,,,,,,
GITLAB INC-CL A,GTLB,,37637K108,,,628865.0,26462639.2,1.4863622563180525,,,,,ARKW,2026-08-21,,,,,,,,,,,,08/21/2026,,,,,,,,,,,
TOAST INC-CLASS A,TOST,,888787108,,,714670.0,25242144.4,1.4178091013949239,,,,,ARKW,2026-08-21,,,,,,,,,,,,08/21/2026,,,,,,,,,,,
BULLISH,BLSH,,G16910120,,,868139.0,24689873.16,1.3867889480314617,,,,,ARKW,2026-08-21,,,,,,,,,,,,08/21/2026,,,,,,,,,,,
SPOTIFY TECHNOLOGY SA,SPOT,,L8681T102,,,41335.0,22036928.55,1.237777479197831,,,,,ARKW,2026-08-21,,,,,,,,,,,,08/21/2026,,,,,,,,,,,
FIGMA INC-CL A,FIG,,316841105,,,797927.0,21791386.37,1.2239857849557068,,,,,ARKW,2026-08-21,,,,,,,,,,,,08/21/2026,,,,,,,,,,,
MERCADOLIBRE INC,MELI,,58733R102,,,11087.0,21308770.52,1.1968780585373662,,,,,ARKW,2026-08-21,,,,,,,,,,,,08/21/2026,,,,,,,,,,,
NETFLIX INC,NFLX,,64110L106,,,266351.0,21345369.14,1.198933741910071,,,,,ARKW,2026-08-21,,,,,,,,,,,,08/21/2026,,,,,,,,,,,
DOORDASH INC - A,DASH,,25809K105,,,93876.0,20874267.36,1.1724727415773357,,,,,ARKW,2026-08-21,,,,,,,,,,,,08/21/2026,,,,,,,,,,,
GENIUS SPORTS LTD,GENI,,G3934V109,,,2418756.0,19180735.08,1.077349861284721,,,,,ARKW,2026-08-21,,,,,,,,,,,,08/21/2026,,,,,,,,,,,
SNOWFLAKE INC,SNOW,,833445109,,,54787.0,17602515.23,0.988703887635504,,,,,ARKW,2026-08-21,,,,,,,,,,,,08/21/2026,,,,,,,,,,,
DRAFTKINGS INC-CL A,DKNG,,26142V105,,,625131.0,15647028.93,0.8788674874525985,,,,,ARKW,2026-08-21,,,,,,,,,,,,08/21/2026,,,,,,,,,,,
AIRBNB INC-CLASS A,ABNB,,009066101,,,63842.0,11810770.0,0.6633912291731493,,,,,ARKW,2026-08-21,,,,,,,,,,,,08/21/2026,,,,,,,,,,,
3IQ ETHER STAKING ETF,ETHQ/U,,BQ84B35,,,798583.0,7123360.36,0.40010725677188597,,,,,ARKW,2026-08-21,,,,,,,,,,,,08/21/2026,,,,,,,,,,,
ALPHABET INC-CL A,GOOGL,,02079K305,,,12249.0,4172866.83,0.2343829619516393,,,,,ARKW,2026-08-21,,,,,,,,,,,,08/21/2026,,,,,,,,,,,
3IQ SOLANA STAKING ETF,SOLQ/U,,BTRDQ40,,,472066.0,3323344.64,0.18666671907890828,,,,,ARKW,2026-08-21,,,,,,,,,,,,08/21/2026,,,,,,,,,,,
GOLDMAN FS TRSY OBLIG INST 468,OTHER,,X9USDGSFT,,,1905588.0,1905588.43,0.10703372014490434,,,,,ARKW,2026-08-21,,,,,,,,,,,,08/21/2026,,,,,,,,,,,
BRERA HOLDINGS PLC-CL B,OTHER,,G13311132,,,104039.0,438004.19,0.024601963969079887,,,,,ARKW,2026-08-21,,,,,,,,,,,,08/21/2026,,,,,,,,,,,
BRERA HOLDINGS PLC WTS,OTHER,,BREADUMMY,,,139569.0,263785.6,0.014816396680502344,,,,,ARKW,2026-08-21,,,,,,,,,,,,08/21/2026,,,,,,,,,,,
10X GENOMICS INC-CLASS A,TXG,,88025U109,,,2894880.0,184895985.6,9.715913480244376,,,,,ARKG,2026-08-21,,,,,,,,,,,,08/21/2026,,,,,,,,,,,
TWIST BIOSCIENCE CORP,TWST,,90184D100,,,1254692.0,171052160.4,8.988448211367134,,,,,ARKG,2026-08-21,,,,,,,,,,,,08/21/2026,,,,,,,,,,,
TEMPUS AI INC-CL A,TEM,,88023B103,,,2368023.0,157828733.0,8.293583603497071,,,,,ARKG,2026-08-21,,,,,,,,,,,,08/21/2026,,,,,,,,,,,
CRISPR THERAPEUTICS AG,CRSP,,H17182108,,,2021851.0,117509980.1,6.174913944247573,,,,,ARKG,2026-08-21,,,,,,,,,,,,08/21/2026,,,,,,,,,,,
PERSONALIS INC,PSNL,,71535D106,,,6675404.0,112680819.5,5.921151233177631,,,,,ARKG,2026-08-21,,,,,,,,,,,,08/21/2026,,,,,,,,,,,
ABSCI CORP,ABSI,,00091E109,,,10198657.0,94643536.96,4.973328185485877,,,,,ARKG,2026-08-21,,,,,,,,,,,,08/21/2026,,,,,,,,,,,
ELI LILLY & CO,LLY,,532457108,,,62956.0,78342446.4,4.116738546718792,,,,,ARKG,2026-08-21,,,,,,,,,,,,08/21/2026,,,,,,,,,,,
NATERA INC,NTRA,,632307104,,,238066.0,77333359.44,4.063713049352867,,,,,ARKG,2026-08-21,,,,,,,,,,,,08/21/2026,,,,,,,,,,,
ILLUMINA INC,ILMN,,452327109,,,356686.0,76059722.64,3.996785988097864,,,,,ARKG,2026-08-21,,,,,,,,,,,,08/21/2026,,,,,,,,,,,
GUARDANT HEALTH INC,GH,,40131M109,,,451937.0,75871183.56,3.986878637308281,,,,,ARKG,2026-08-21,,,,,,,,,,,,08/21/2026,,,,,,,,,,,
CAREDX INC,CDNA,,14167L103,,,1450455.0,68156880.45,3.5815074696546545,,,,,ARKG,2026-08-21,,,,,,,,,,,,08/21/2026,,,,,,,,,,,
BEAM THERAPEUTICS INC,BEAM,,07373V105,,,2284808.0,64865699.12,3.4085624868508977,,,,,ARKG,2026-08-21,,,,,,,,,,,,08/21/2026,,,,,,,,,,,
COMPASS PATHWAYS PLC,CMPS,,20451W101,,,4425158.0,61155683.56,3.2136086046757493,,,,,ARKG,2026-08-21,,,,,,,,,,,,08/21/2026,,,,,,,,,,,
NURIX THERAPEUTICS INC,NRIX,,67080M103,,,1667466.0,45104955.3,2.370175003004987,,,,,ARKG,2026-08-21,,,,,,,,,,,,08/21/2026,,,,,,,,,,,
RECURSION PHARMACEUTICALS-A,RXRX,,75629V104,,,13520607.0,45158827.38,2.373005872840167,,,,,ARKG,2026-08-21,,,,,,,,,,,,08/21/2026,,,,,,,,,,,
ADAPTIVE BIOTECHNOLOGIES,ADPT,,00650F109,,,1759363.0,44758194.72,2.351953429493229,,,,,ARKG,2026-08-21,,,,,,,,,,,,08/21/2026,,,,,,,,,,,
BUTTERFLY NETWORK INC,BFLY,,124155102,,,4729432.0,43368891.44,2.2789483265295454,,,,,ARKG,2026-08-21,,,,,,,,,,,,08/21/2026,,,,,,,,,,,
SCHRODINGER INC,SDGR,,80810D103,,,2164344.0,42377855.52,2.2268713751382636,,,,,ARKG,2026-08-21,,,,,,,,,,,,08/21/2026,,,,,,,,,,,
GENEDX HOLDINGS CORP,WGS,,81663L200,,,496773.0,41008611.15,2.1549203276936093,,,,,ARKG,2026-08-21,,,,,,,,,,,,08/21/2026,,,,,,,,,,,
VERACYTE INC,VCYT,,92337F107,,,848700.0,35467173.0,1.8637288588966499,,,,,ARKG,2026-08-21,,,,,,,,,,,,08/21/2026,,,,,,,,,,,
IONIS PHARMACEUTICALS INC,IONS,,462222100,,,578987.0,34021276.12,1.7877498756761763,,,,,ARKG,2026-08-21,,,,,,,,,,,,08/21/2026,,,,,,,,,,,
ALAMAR BIOSCIENCES INC,ALMR,,010911105,,,948876.0,32869064.64,1.7272034716301585,,,,,ARKG,2026-08-21,,,,,,,,,,,,08/21/2026,,,,,,,,,,,
INTELLIA THERAPEUTICS INC,NTLA,,45826J105,,,2644446.0,32896908.24,1.728666597006843,,,,,ARKG,2026-08-21,,,,,,,,,,,,08/21/2026,,,,,,,,,,,
ARCTURUS THERAPEUTICS HOLDIN,ARCT,,03969T109,,,2717351.0,29863687.49,1.569276925685164,,,,,ARKG,2026-08-21,,,,,,,,,,,,08/21/2026,,,,,,,,,,,
PRIME MEDICINE INC,PRME,,74168J101,,,7448315.0,24132540.6,1.2681166428098194,,,,,ARKG,2026-08-21,,,,,,,,,,,,08/21/2026,,,,,,,,,,,
CERUS CORP,CERS,,157085101,,,7409938.0,20673727.02,1.086362921232133,,,,,ARKG,2026-08-21,,,,,,,,,,,,08/21/2026,,,,,,,,,,,
908 DEVICES INC,MASS,,65443P102,,,1888805.0,19549131.75,1.0272676936740281,,,,,ARKG,2026-08-21,,,,,,,,,,,,08/21/2026,,,,,,,,,,,
GENERATE BIOMEDICINES INC,GENB,,370920100,,,1227160.0,19622288.4,1.0311119290131459,,,,,ARKG,2026-08-21,,,,,,,,,,,,08/21/2026,,,,,,,,,,,
PACIFIC BIOSCIENCES OF CALIF,PACB,,69404D108,,,10538059.0,12961812.57,0.6811172728742252,,,,,ARKG,2026-08-21,,,,,,,,,,,,08/21/2026,,,,,,,,,,,
GOLDMAN FS TRSY OBLIG INST 468,OTHER,,X9USDGSFT,,,12285822.0,12285821.68,0.6455953064055633,,,,,ARKG,2026-08-21,,,,,,,,,,,,08/21/2026,,,,,,,,,,,
SCRIBE THERAPEUTICS INC,SCTX,,811033109,,,370813.0,12173790.79,0.6397083076650412,,,,,ARKG,2026-08-21,,,,,,,,,,,,08/21/2026,,,,,,,,,,,
FREENOME INC,FRNM,,35661P100,,,673850.0,9103713.5,0.47838189903314327,,,,,ARKG,2026-08-21,,,,,,,,,,,,08/21/2026,,,,,,,,,,,
QUANTUM-SI INC,QSI,,74765K105,,,6702164.0,5227687.92,0.2747045230193396,,,,,ARKG,2026-08-21,,,,,,,,,,,,08/21/2026,,,,,,,,,,,
SHOPIFY INC - CLASS A,SHOP,,82509L107,,,662061.0,106571959.17,9.650069919529974,,,,,ARKF,2026-08-21,,,,,,,,,,,,01/02/2026,,,,,,,,,,,
COINBASE GLOBAL INC -CLASS A,COIN,,19260Q107,,,276957.0,62631055.98,5.671229787348535,,,,,ARKF,2026-08-21,,,,,,,,,,,,01/02/2026,,,,,,,,,,,
ARK BITCOIN ETF HOLDCO (ARKF),OTHER,,MM005473T,,,2082290.0,60461580.67,5.4747842251833685,,,,,ARKF,2026-08-21,,,,,,,,,,,,01/02/2026,,,,,,,,,,,
ROBINHOOD MARKETS INC - A,HOOD,,770700102,,,492638.0,55717357.8,5.045195778410956,,,,,ARKF,2026-08-21,,,,,,,,,,,,01/02/2026,,,,,,,,,,,
PALANTIR TECHNOLOGIES INC-A,PLTR,,69608A108,,,281162.0,49976545.5,4.525366354973909,,,,,ARKF,2026-08-21,,,,,,,,,,,,01/02/2026,,,,,,,,,,,
TOAST INC-CLASS A,TOST,,888787108,,,1351034.0,47975217.34,4.34414648413418,,,,,ARKF,2026-08-21,,,,,,,,,,,,01/02/2026,,,,,,,,,,,
BLOCK INC,XYZ,,852234103,,,652416.0,42465757.44,3.845265974965375,,,,,ARKF,2026-08-21,,,,,,,,,,,,01/02/2026,,,,,,,,,,,
SOFI TECHNOLOGIES INC,SOFI,,83406F102,,,1488338.0,38964688.84,3.5282449025726152,,,,,ARKF,2026-08-21,,,,,,,,,,,,01/02/2026,,,,,,,,,,,
ROKU INC,ROKU,,77543R102,,,350640.0,38040933.6,3.444599047471909,,,,,ARKF,2026-08-21,,,,,,,,,,,,01/02/2026,,,,,,,,,,,
CIRCLE INTERNET GROUP INC,CRCL,,172573107,,,467606.0,37081155.8,3.3576913566558058,,,,,ARKF,2026-08-21,,,,,,,,,,,,01/02/2026,,,,,,,,,,,
ROBLOX CORP -CLASS A,RBLX,,771049103,,,389598.0,31569125.94,2.8585781381150097,,,,,ARKF,2026-08-21,,,,,,,,,,,,01/02/2026,,,,,,,,,,,
MERCADOLIBRE INC,MELI,,58733R102,,,15628.0,31478855.28,2.8504041476257056,,,,,ARKF,2026-08-21,,,,,,,,,,,,01/02/2026,,,,,,,,,,,
ADYEN NV,ADYEN,,BZ1HM42,,,17603.0,28444654.02,2.5756578209468546,,,,,ARKF,2026-08-21,,,,,,,,,,,,01/02/2026,,,,,,,,,,,
META PLATFORMS INC-CLASS A,META,,30303M102,,,41109.0,27135639.81,2.45712684196759,,,,,ARKF,2026-08-21,,,,,,,,,,,,01/02/2026,,,,,,,,,,,
ADVANCED MICRO DEVICES,AMD,,007903107,,,121685.0,26060059.6,2.3597332657267165,,,,,ARKF,2026-08-21,,,,,,,,,,,,01/02/2026,,,,,,,,,,,
DRAFTKINGS INC-CL A,DKNG,,26142V105,,,756511.0,26069369.06,2.3605762354967452,,,,,ARKF,2026-08-21,,,,,,,,,,,,01/02/2026,,,,,,,,,,,
AMAZON.COM INC,AMZN,,023135106,,,110561.0,25519690.02,2.3108029066529103,,,,,ARKF,2026-08-21,,,,,,,,,,,,01/02/2026,,,,,,,,,,,
BITMINE IMMERSION TECHNOLOGI,BMNR,,09175A206,,,938829.0,25489207.35,2.308042706886247,,,,,ARKF,2026-08-21,,,,,,,,,,,,01/02/2026,,,,,,,,,,,
PINTEREST INC- CLASS A,PINS,,72352L106,,,876967.0,22704675.63,2.0559039078961154,,,,,ARKF,2026-08-21,,,,,,,,,,,,01/02/2026,,,,,,,,,,,
NU HOLDINGS LTD/CAYMAN ISL-A,NU,,G6683N103,,,1327232.0,22217863.68,2.0118231816736674,,,,,ARKF,2026-08-21,,,,,,,,,,,,01/02/2026,,,,,,,,,,,
KLARNA GROUP PLC,KLAR,,G5279N105,,,736657.0,21296753.87,1.9284168697385935,,,,,ARKF,2026-08-21,,,,,,,,,,,,01/02/2026,,,,,,,,,,,
BULLISH,BLSH,,G16910120,,,508905.0,19272232.35,1.7450968447174837,,,,,ARKF,2026-08-21,,,,,,,,,,,,01/02/2026,,,,,,,,,,,
SEA LTD-ADR,SE,,81141R100,,,148096.0,18892606.72,1.7107218186667579,,,,,ARKF,2026-08-21,,,,,,,,,,,,01/02/2026,,,,,,,,,,,
AIRBNB INC-CLASS A,ABNB,,009066101,,,136311.0,18500128.92,1.6751830311530398,,,,,ARKF,2026-08-21,,,,,,,,,,,,01/02/2026,,,,,,,,,,,
FUTU HOLDINGS LTD-ADR,FUTU,,36118L106,,,106024.0,17410201.04,1.5764902762186264,,,,,ARKF,2026-08-21,,,,,,,,,,,,01/02/2026,,,,,,,,,,,
DOORDASH INC - A,DASH,,25809K105,,,76196.0,17256870.08,1.5626061879804778,,,,,ARKF,2026-08-21,,,,,,,,,,,,01/02/2026,,,,,,,,,,,
SPOTIFY TECHNOLOGY SA,SPOT,,L8681T102,,,29020.0,16852204.2,1.5259637722225117,,,,,ARKF,2026-08-21,,,,,,,,,,,,01/02/2026,,,,,,,,,,,
ZILLOW GROUP INC - C,Z,,98954M200,,,246266.0,16800266.52,1.521260825524697,,,,,ARKF,2026-08-21,,,,,,,,,,,,01/02/2026,,,,,,,,,,,
NVIDIA CORP,NVDA,,67066G104,,,89295.0,16653517.5,1.507972730657608,,,,,ARKF,2026-08-21,,,,,,,,,,,,01/02/2026,,,,,,,,,,,
DISCOVERY LTD,DSY,,6177878,,,1125052.0,15461312.45,1.400018798117393,,,,,ARKF,2026-08-21,,,,,,,,,,,,01/02/2026,,,,,,,,,,,
GLOBAL-E ONLINE LTD,GLBE,,M5216V106,,,364781.0,14339541.11,1.2984426241497466,,,,,ARKF,2026-08-21,,,,,,,,,,,,01/02/2026,,,,,,,,,,,
CROWDSTRIKE HOLDINGS INC - A,CRWD,,22788C105,,,28997.0,13592633.72,1.2308103070463694,,,,,ARKF,2026-08-21,,,,,,,,,,,,01/02/2026,,,,,,,,,,,
LY CORP,4689,,6084848,,,5074096.0,13514510.03,1.2237362222989068,,,,,ARKF,2026-08-21,,,,,,,,,,,,01/02/2026,,,,,,,,,,,
ALIBABA GROUP HOLDING-SP ADR,BABA,,01609W102,,,85622.0,12550472.76,1.1364428373129656,,,,,ARKF,2026-08-21,,,,,,,,,,,,01/02/2026,,,,,,,,,,,
ETORO GROUP LTD-A,ETOR,,G32089107,,,333445.0,11713922.85,1.0606934076736072,,,,,ARKF,2026-08-21,,,,,,,,,,,,01/02/2026,,,,,,,,,,,
JSC KASPI.KZ ADR,KSPI,,BJY21K1,,,133688.0,10445043.44,0.9457966269320663,,,,,ARKF,2026-08-21,,,,,,,,,,,,01/02/2026,,,,,,,,,,,
INTUIT INC,INTU,,461202103,,,14562.0,9646160.04,0.8734578923569211,,,,,ARKF,2026-08-21,,,,,,,,,,,,01/02/2026,,,,,,,,,,,
PAYPAL HOLDINGS INC,PYPL,,70450Y103,,,151471.0,8842876.98,0.8007207694350401,,,,,ARKF,2026-08-21,,,,,,,,,,,,01/02/2026,,,,,,,,,,,
INTERCONTINENTAL EXCHANGE IN,ICE,,45866F104,,,53595.0,8680246.2,0.7859945843269643,,,,,ARKF,2026-08-21,,,,,,,,,,,,01/02/2026,,,,,,,,,,,
3IQ ETHER STAKING ETF,ETHQ/U,,BQ84B35,,,650997.0,7538545.26,0.6826137890033243,,,,,ARKF,2026-08-21,,,,,,,,,,,,01/02/2026,,,,,,,,,,,
3IQ SOLANA STAKING ETF,SOLQ/U,,BTRDQ40,,,452253.0,4499917.35,0.40746663003855177,,,,,ARKF,2026-08-21,,,,,,,,,,,,01/02/2026,,,,,,,,,,,
BRERA HOLDINGS PLC-CL B,SLMT,,G13311116,,,1018952.0,1905440.24,0.1725372385634259,,,,,ARKF,2026-08-21,,,,,,,,,,,,01/02/2026,,,,,,,,,,,
BRERA HOLDINGS PLC WTS,OTHER,,BREADUMMY,,,788053.0,1134796.32,0.10275558334211406,,,,,ARKF,2026-08-21,,,,,,,,,,,,01/02/2026,,,,,,,,,,,
GOLDMAN FS TRSY OBLIG INST 468,OTHER,,X9USDGSFT,,,989040.0,989039.68,0.08955734828863195,,,,,ARKF,2026-08-21,,,,,,,,,,,,01/02/2026,,,,,,,,,,,
ROCKET LAB,RKLB,,773121108,,,659546.0,46009928.96,8.903606957804989,,,,,ARKX,2026-08-21,,,,,,,,,,,,01/02/2026,,,,,,,,,,,
L3HARRIS TECHNOLOGIES INC,LHX,,502431109,,,146728.0,43074938.96,8.335642651496093,,,,,ARKX,2026-08-21,,,,,,,,,,,,01/02/2026,,,,,,,,,,,
KRATOS DEFENSE & SECURITY,KTOS,,50077B207,,,527748.0,40061350.68,7.752468406626152,,,,,ARKX,2026-08-21,,,,,,,,,,,,01/02/2026,,,,,,,,,,,
TERADYNE INC,TER,,880770102,,,192651.0,37289527.56,7.216079323337363,,,,,ARKX,2026-08-21,,,,,,,,,,,,01/02/2026,,,,,,,,,,,
AEROVIRONMENT INC,AVAV,,008073108,,,140659.0,34024005.51,6.584152139304483,,,,,ARKX,2026-08-21,,,,,,,,,,,,01/02/2026,,,,,,,,,,,
DEERE & CO,DE,,244199105,,,58643.0,27302421.51,5.283425460897748,,,,,ARKX,2026-08-21,,,,,,,,,,,,01/02/2026,,,,,,,,,,,
ARCHER AVIATION INC-A,ACHR,,03945R102,,,3494036.0,26275150.72,5.08463325321263,,,,,ARKX,2026-08-21,,,,,,,,,,,,01/02/2026,,,,,,,,,,,
PALANTIR TECHNOLOGIES INC-A,PLTR,,69608A108,,,126096.0,22413564.0,4.337358672148826,,,,,ARKX,2026-08-21,,,,,,,,,,,,01/02/2026,,,,,,,,,,,
ADVANCED MICRO DEVICES,AMD,,007903107,,,100401.0,21501878.16,4.160933874896624,,,,,ARKX,2026-08-21,,,,,,,,,,,,01/02/2026,,,,,,,,,,,
TRIMBLE INC,TRMB,,896239100,,,272441.0,21345752.35,4.130721203857347,,,,,ARKX,2026-08-21,,,,,,,,,,,,01/02/2026,,,,,,,,,,,
IRIDIUM COMMUNICATIONS INC,IRDM,,46269C102,,,1077332.0,18724030.16,3.6233788875366804,,,,,ARKX,2026-08-21,,,,,,,,,,,,01/02/2026,,,,,,,,,,,
AMAZON.COM INC,AMZN,,023135106,,,75711.0,17475613.02,3.381791565295637,,,,,ARKX,2026-08-21,,,,,,,,,,,,01/02/2026,,,,,,,,,,,
ALPHABET INC-CL C,GOOG,,02079K107,,,45846.0,14386474.8,2.783997281085264,,,,,ARKX,2026-08-21,,,,,,,,,,,,01/02/2026,,,,,,,,,,,
NVIDIA CORP,NVDA,,67066G104,,,70102.0,13074023.0,2.530018297800529,,,,,ARKX,2026-08-21,,,,,,,,,,,,01/02/2026,,,,,,,,,,,
JOBY AVIATION INC,JOBY,,G65163100,,,955434.0,12611728.8,2.4405574803484673,,,,,ARKX,2026-08-21,,,,,,,,,,,,01/02/2026,,,,,,,,,,,
THALES SA,HO,,4162791,,,40981.0,11067355.1,2.1416981529905526,,,,,ARKX,2026-08-21,,,,,,,,,,,,01/02/2026,,,,,,,,,,,
KOMATSU LTD,6301,,6496584,,,327675.0,10459493.11,2.024067798719534,,,,,ARKX,2026-08-21,,,,,,,,,,,,01/02/2026,,,,,,,,,,,
STRATA CRITICAL MEDICAL INC,SRTA,,092667104,,,1916557.0,9218639.17,1.7839440683958323,,,,,ARKX,2026-08-21,,,,,,,,,,,,01/02/2026,,,,,,,,,,,
INTUITIVE MACHINES INC,LUNR,,46125A100,,,561934.0,9120188.82,1.7648924584265928,,,,,ARKX,2026-08-21,,,,,,,,,,,,01/02/2026,,,,,,,,,,,
BWX TECHNOLOGIES INC,BWXT,,05605H100,,,49355.0,8530518.2,1.650782405363707,,,,,ARKX,2026-08-21,,,,,,,,,,,,01/02/2026,,,,,,,,,,,
GARMIN LTD,GRMN,,B3Z5T14,,,37855.0,7678886.75,1.4859790275906686,,,,,ARKX,2026-08-21,,,,,,,,,,,,01/02/2026,,,,,,,,,,,
ELBIT SYSTEMS LTD,ESLT,,M3760D101,,,13283.0,7673721.93,1.4849795579473273,,,,,ARKX,2026-08-21,,,,,,,,,,,,01/02/2026,,,,,,,,,,,
TELEDYNE TECHNOLOGIES INC,TDY,,879360105,,,12009.0,6133356.57,1.1868959041172784,,,,,ARKX,2026-08-21,,,,,,,,,,,,01/02/2026,,,,,,,,,,,
SYNOPSYS INC,SNPS,,871607107,,,12975.0,6094617.0,1.1793992199712489,,,,,ARKX,2026-08-21,,,,,,,,,,,,01/02/2026,,,,,,,,,,,
HEICO CORP,HEI,,422806109,,,18577.0,6011331.43,1.1632822209386826,,,,,ARKX,2026-08-21,,,,,,,,,,,,01/02/2026,,,,,,,,,,,
DOORDASH INC - A,DASH,,25809K105,,,26120.0,5915657.6,1.1447679089690115,,,,,ARKX,2026-08-21,,,,,,,,,,,,01/02/2026,,,,,,,,,,,
TAIWAN SEMICONDUCTOR-SP ADR,TSM,,874039100,,,17725.0,5386450.25,1.0423583997589903,,,,,ARKX,2026-08-21,,,,,,,,,,,,01/02/2026,,,,,,,,,,,
HONEYWELL INTERNATIONAL INC,HON,,438516106,,,27407.0,5346831.63,1.0346916063371334,,,,,ARKX,2026-08-21,,,,,,,,,,,,01/02/2026,,,,,,,,,,,
AIRBUS SE,AIR,,4012250,,,22634.0,5277329.95,1.0212419954462946,,,,,ARKX,2026-08-21,,,,,,,,,,,,01/02/2026,,,,,,,,,,,
DASSAULT SYSTEMES SE,DSY,,BM8H5Y5,,,188577.0,5283311.8,1.022399572571155,,,,,ARKX,2026-08-21,,,,,,,,,,,,01/02/2026,,,,,,,,,,,
JD LOGISTICS INC,2618,,BNMBPD9,,,3251025.0,4770414.57,0.9231463146572592,,,,,ARKX,2026-08-21,,,,,,,,,,,,01/02/2026,,,,,,,,,,,
THE 3D PRINTING ETF,PRNT,,00214Q500,,,135556.0,3028321.04,0.5860252534980493,,,,,ARKX,2026-08-21,,,,,,,,,,,,01/02/2026,,,,,,,,,,,
LOCKHEED MARTIN CORP,LMT,,539830109,,,6123.0,2961511.41,0.5730965944028893,,,,,ARKX,2026-08-21,,,,,,,,,,,,01/02/2026,,,,,,,,,,,
GOLDMAN FS TRSY OBLIG INST 468,OTHER,,X9USDGSFT,,,1227741.0,1227740.5,0.2375860842489546,,,,,ARKX,2026-08-21,,,,,,,,,,,,01/02/2026,,,,,,,,,,,
Applied Optoelectronics Inc,AAOI,,03823U102,,,63096.0,8145693.6,1.716964150365085,,,,,EUV,2026-08-21,,,,,,,,,,,,,160543.0,2026-08-21T00:00:00.000Z,129.1000,474435643.50,19215000.00,3843.0,,Corgi_Adv.40C8.C8_ETF_Holdings.csv,2026-08-20T23:38:01.712Z,,
Photronics Inc,PLAB,,719405102,,,146045.0,4457293.4,0.9395164305540417,,,,,EUV,2026-08-21,,,,,,,,,,,,,160575.0,2026-08-21T00:00:00.000Z,30.5200,474435643.50,19215000.00,3843.0,,Corgi_Adv.40C8.C8_ETF_Holdings.csv,2026-08-20T23:38:01.712Z,,
Lightwave Logic Inc,LWLG,,532275104,,,78870.0,481107.0,0.10140861073999825,,,,,EUV,2026-08-21,,,,,,,,,,,,,160566.0,2026-08-21T00:00:00.000Z,6.1000,474435643.50,19215000.00,3843.0,,Corgi_Adv.40C8.C8_ETF_Holdings.csv,2026-08-20T23:38:01.712Z,,
MARVELL TECHNOLOGY INC,MRVL,,573874104,,,70983.0,17817442.83,3.755593089124961,,,,,EUV,2026-08-21,,,,,,,,,,,,,160567.0,2026-08-21T00:00:00.000Z,251.0100,474435643.50,19215000.00,3843.0,,Corgi_Adv.40C8.C8_ETF_Holdings.csv,2026-08-20T23:38:01.712Z,,
Materion Corp,MTRN,,576690101,,,3943.0,917614.96,0.1934165545041728,,,,,EUV,2026-08-21,,,,,,,,,,,,,160568.0,2026-08-21T00:00:00.000Z,232.7200,474435643.50,19215000.00,3843.0,,Corgi_Adv.40C8.C8_ETF_Holdings.csv,2026-08-20T23:38:01.712Z,,
MACOM Technology Solutions Holdings Inc,MTSI,,55405Y100,,,47322.0,12596169.96,2.6550436727973183,,,,,EUV,2026-08-21,,,,,,,,,,,,,160569.0,2026-08-21T00:00:00.000Z,266.1800,474435643.50,19215000.00,3843.0,,Corgi_Adv.40C8.C8_ETF_Holdings.csv,2026-08-20T23:38:01.712Z,,
Novanta Inc,NOVT,,67000B104,,,67040.0,9755660.8,2.0563159724939775,,,,,EUV,2026-08-21,,,,,,,,,,,,,160570.0,2026-08-21T00:00:00.000Z,145.5200,474435643.50,19215000.00,3843.0,,Corgi_Adv.40C8.C8_ETF_Holdings.csv,2026-08-20T23:38:01.712Z,,
Nova Ltd,NVMI,,M7516K103,,,23661.0,9082748.07,1.9144782002342524,,,,,EUV,2026-08-21,,,,,,,,,,,,,160571.0,2026-08-21T00:00:00.000Z,383.8700,474435643.50,19215000.00,3843.0,,Corgi_Adv.40C8.C8_ETF_Holdings.csv,2026-08-20T23:38:01.712Z,,
Onto Innovation Inc,ONTO,,683344105,,,39435.0,11784755.4,2.4840122322574656,,,,,EUV,2026-08-21,,,,,,,,,,,,,160572.0,2026-08-21T00:00:00.000Z,298.8400,474435643.50,19215000.00,3843.0,,Corgi_Adv.40C8.C8_ETF_Holdings.csv,2026-08-20T23:38:01.712Z,,
PDF Solutions Inc,PDFS,,693282105,,,138023.0,6184810.63,1.303645662354265,,,,,EUV,2026-08-21,,,,,,,,,,,,,160574.0,2026-08-21T00:00:00.000Z,44.8100,474435643.50,19215000.00,3843.0,,Corgi_Adv.40C8.C8_ETF_Holdings.csv,2026-08-20T23:38:01.712Z,,
POET Technologies Inc,POET,,73044W302,,,406290.0,3360018.3,0.7082307841373554,,,,,EUV,2026-08-21,,,,,,,,,,,,,160576.0,2026-08-21T00:00:00.000Z,8.2700,474435643.50,19215000.00,3843.0,,Corgi_Adv.40C8.C8_ETF_Holdings.csv,2026-08-20T23:38:01.712Z,,
Lumentum Holdings Inc,LITE,,55024U109,,,23661.0,20804644.08,4.385240815645853,,,,,EUV,2026-08-21,,,,,,,,,,,,,160564.0,2026-08-21T00:00:00.000Z,879.2800,474435643.50,19215000.00,3843.0,,Corgi_Adv.40C8.C8_ETF_Holdings.csv,2026-08-20T23:38:01.712Z,,
Teledyne Technologies Inc,TDY,,879360105,,,7887.0,4999963.65,1.0539014553872441,,,,,EUV,2026-08-21,,,,,,,,,,,,,160577.0,2026-08-21T00:00:00.000Z,633.9500,474435643.50,19215000.00,3843.0,,Corgi_Adv.40C8.C8_ETF_Holdings.csv,2026-08-20T23:38:01.712Z,,
Tower Semiconductor Ltd,TSEM,,M87915274,,,15774.0,3529905.72,0.7440399643080922,,,,,EUV,2026-08-21,,,,,,,,,,,,,160578.0,2026-08-21T00:00:00.000Z,223.7800,474435643.50,19215000.00,3843.0,,Corgi_Adv.40C8.C8_ETF_Holdings.csv,2026-08-20T23:38:01.712Z,,
Taiwan Semiconductor Manufacturing Co Ltd,TSM,,874039100,,,122976.0,51158016.0,10.783179897142636,,,,,EUV,2026-08-21,,,,,,,,,,,,,160579.0,2026-08-21T00:00:00.000Z,416.0000,474435643.50,19215000.00,3843.0,,Corgi_Adv.40C8.C8_ETF_Holdings.csv,2026-08-20T23:38:01.712Z,,
Ultra Clean Holdings Inc,UCTT,,90385V107,,,94644.0,6909958.44,1.4564936400250372,,,,,EUV,2026-08-21,,,,,,,,,,,,,160580.0,2026-08-21T00:00:00.000Z,73.0100,474435643.50,19215000.00,3843.0,,Corgi_Adv.40C8.C8_ETF_Holdings.csv,2026-08-20T23:38:01.712Z,,
Veeco Instruments Inc,VECO,,922417100,,,141967.0,6700842.4,1.4124157797988302,,,,,EUV,2026-08-21,,,,,,,,,,,,,160581.0,2026-08-21T00:00:00.000Z,47.2000,474435643.50,19215000.00,3843.0,,Corgi_Adv.40C8.C8_ETF_Holdings.csv,2026-08-20T23:38:01.712Z,,
Viavi Solutions Inc,VIAV,,925550105,,,220891.0,8517556.96,1.795346187464333,,,,,EUV,2026-08-21,,,,,,,,,,,,,160582.0,2026-08-21T00:00:00.000Z,38.5600,474435643.50,19215000.00,3843.0,,Corgi_Adv.40C8.C8_ETF_Holdings.csv,2026-08-20T23:38:01.712Z,,
Cash & Other,Cash&Other,,Cash&Other,,,40502.38,40502.38,0.008537165510922706,,,,,EUV,2026-08-21,,,,,,,,,,,,,160583.0,2026-08-21T00:00:00.000Z,1.0000,474435643.50,19215000.00,3843.0,Y,Corgi_Adv.40C8.C8_ETF_Holdings.csv,2026-08-20T23:38:01.712Z,,
ADTRAN Holdings Inc,ADTN,,00486H105,,,370798.0,2914472.28,0.6143177816058282,,,,,EUV,2026-08-21,,,,,,,,,,,,,160544.0,2026-08-21T00:00:00.000Z,7.8600,474435643.50,19215000.00,3843.0,,Corgi_Adv.40C8.C8_ETF_Holdings.csv,2026-08-20T23:38:01.712Z,,
Lam Research Corp,LRCX,,512807306,,,90701.0,28165381.53,5.936750477376772,,,,,EUV,2026-08-21,,,,,,,,,,,,,160565.0,2026-08-21T00:00:00.000Z,310.5300,474435643.50,19215000.00,3843.0,,Corgi_Adv.40C8.C8_ETF_Holdings.csv,2026-08-20T23:38:01.712Z,,
Ouster Inc,OUST,,68989M202,,,228778.0,8682125.1,1.8300341600971683,,,,,EUV,2026-08-21,,,,,,,,,,,,,160573.0,2026-08-21T00:00:00.000Z,37.9500,474435643.50,19215000.00,3843.0,,Corgi_Adv.40C8.C8_ETF_Holdings.csv,2026-08-20T23:38:01.712Z,,
nLight Inc,LASR,,65487K100,,,110419.0,5210672.61,1.0983150741956795,,,,,EUV,2026-08-21,,,,,,,,,,,,,160563.0,2026-08-21T00:00:00.000Z,47.1900,474435643.50,19215000.00,3843.0,,Corgi_Adv.40C8.C8_ETF_Holdings.csv,2026-08-20T23:38:01.712Z,,
Credo Technology Group Holding Ltd,CRDO,,G25457105,,,67040.0,15509704.0,3.2691636904651022,,,,,EUV,2026-08-21,,,,,,,,,,,,,160553.0,2026-08-21T00:00:00.000Z,231.3500,474435643.50,19215000.00,3843.0,,Corgi_Adv.40C8.C8_ETF_Holdings.csv,2026-08-20T23:38:01.712Z,,
KLA CORP,KLAC,,482480100,,,118306.0,21988353.16,4.634745173975956,,,,,EUV,2026-08-21,,,,,,,,,,,,,160562.0,2026-08-21T00:00:00.000Z,185.8600,474435643.50,19215000.00,3843.0,,Corgi_Adv.40C8.C8_ETF_Holdings.csv,2026-08-20T23:38:01.712Z,,
Aeva Technologies Inc,AEVA,,00835Q202,,,292106.0,5512040.22,1.1618378885636549,,,,,EUV,2026-08-21,,,,,,,,,,,,,160546.0,2026-08-21T00:00:00.000Z,18.8700,474435643.50,19215000.00,3843.0,,Corgi_Adv.40C8.C8_ETF_Holdings.csv,2026-08-20T23:38:01.712Z,,
Applied Materials Inc,AMAT,,38222105,,,59153.0,29352310.13,6.186933452003145,,,,,EUV,2026-08-21,,,,,,,,,,,,,160547.0,2026-08-21T00:00:00.000Z,496.2100,474435643.50,19215000.00,3843.0,,Corgi_Adv.40C8.C8_ETF_Holdings.csv,2026-08-20T23:38:01.712Z,,
ASML Holding NV,ASML,,N07059210,,,26901.0,47085089.31,9.924680982600218,,,,,EUV,2026-08-21,,,,,,,,,,,,,160548.0,2026-08-21T00:00:00.000Z,1750.3100,474435643.50,19215000.00,3843.0,,Corgi_Adv.40C8.C8_ETF_Holdings.csv,2026-08-20T23:38:01.712Z,,
AXT Inc,AXTI,,00246W103,,,110419.0,8073837.28,1.7018181442082663,,,,,EUV,2026-08-21,,,,,,,,,,,,,160549.0,2026-08-21T00:00:00.000Z,73.1200,474435643.50,19215000.00,3843.0,,Corgi_Adv.40C8.C8_ETF_Holdings.csv,2026-08-20T23:38:01.712Z,,
Camtek Ltd/Israel,CAMT,,M20791105,,,43378.0,6442066.78,1.3578705827479003,,,,,EUV,2026-08-21,,,,,,,,,,,,,160550.0,2026-08-21T00:00:00.000Z,148.5100,474435643.50,19215000.00,3843.0,,Corgi_Adv.40C8.C8_ETF_Holdings.csv,2026-08-20T23:38:01.712Z,,
Ciena Corp,CIEN,,171779309,,,39435.0,15477448.8,3.262364880592993,,,,,EUV,2026-08-21,,,,,,,,,,,,,160551.0,2026-08-21T00:00:00.000Z,392.4800,474435643.50,19215000.00,3843.0,,Corgi_Adv.40C8.C8_ETF_Holdings.csv,2026-08-20T23:38:01.712Z,,
Coherent Corp,COHR,,19247G107,,,55209.0,16012266.27,3.375094682138555,,,,,EUV,2026-08-21,,,,,,,,,,,,,160552.0,2026-08-21T00:00:00.000Z,290.0300,474435643.50,19215000.00,3843.0,,Corgi_Adv.40C8.C8_ETF_Holdings.csv,2026-08-20T23:38:01.712Z,,
Aehr Test Systems,AEHR,,00760J108,,,67040.0,7104228.8,1.4974423007503215,,,,,EUV,2026-08-21,,,,,,,,,,,,,160545.0,2026-08-21T00:00:00.000Z,105.9700,474435643.50,19215000.00,3843.0,,Corgi_Adv.40C8.C8_ETF_Holdings.csv,2026-08-20T23:38:01.712Z,,
Entegris Inc,ENTG,,29362U104,,,86757.0,12547664.91,2.6448196899112366,,,,,EUV,2026-08-21,,,,,,,,,,,,,160554.0,2026-08-21T00:00:00.000Z,144.6300,474435643.50,19215000.00,3843.0,,Corgi_Adv.40C8.C8_ETF_Holdings.csv,2026-08-20T23:38:01.712Z,,
GLOBALFOUNDRIES Inc,GFS,,G39387108,,,15774.0,746583.42,0.1573662146335776,,,,,EUV,2026-08-21,,,,,,,,,,,,,160558.0,2026-08-21T00:00:00.000Z,47.3300,474435643.50,19215000.00,3843.0,,Corgi_Adv.40C8.C8_ETF_Holdings.csv,2026-08-20T23:38:01.712Z,,
First American Government Obligations Fund 12/01/2031,FGXXX,,31846V336,,,7322482.87,7322482.87,1.543446291602773,,,,,EUV,2026-08-21,,,,,,,,,,,,,160555.0,2026-08-21T00:00:00.000Z,100.0000,474435643.50,19215000.00,3843.0,Y,Corgi_Adv.40C8.C8_ETF_Holdings.csv,2026-08-20T23:38:01.712Z,,
Hesai Group,HSAI,,428050108,,,370798.0,6904258.76,1.4552922510814912,,,,,EUV,2026-08-21,,,,,,,,,,,,,160560.0,2026-08-21T00:00:00.000Z,18.6200,474435643.50,19215000.00,3843.0,,Corgi_Adv.40C8.C8_ETF_Holdings.csv,2026-08-20T23:38:01.712Z,,
Corning Inc,GLW,,219350105,,,138023.0,20903583.35,4.406095415388383,,,,,EUV,2026-08-21,,,,,,,,,,,,,160559.0,2026-08-21T00:00:00.000Z,151.4500,474435643.50,19215000.00,3843.0,,Corgi_Adv.40C8.C8_ETF_Holdings.csv,2026-08-20T23:38:01.712Z,,
IPG Photonics Corp,IPGP,,44980X109,,,63096.0,4696235.28,0.9898810357217143,,,,,EUV,2026-08-21,,,,,,,,,,,,,160561.0,2026-08-21T00:00:00.000Z,74.4300,474435643.50,19215000.00,3843.0,,Corgi_Adv.40C8.C8_ETF_Holdings.csv,2026-08-20T23:38:01.712Z,,
FormFactor Inc,FORM,,346375108,,,67040.0,7757198.4,1.6350764237031208,,,,,EUV,2026-08-21,,,,,,,,,,,,,160557.0,2026-08-21T00:00:00.000Z,115.7100,474435643.50,19215000.00,3843.0,,Corgi_Adv.40C8.C8_ETF_Holdings.csv,2026-08-20T23:38:01.712Z,,
Fabrinet,FN,,G3323L100,,,19717.0,8771501.79,1.848873141790304,,,,,EUV,2026-08-21,,,,,,,,,,,,,160556.0,2026-08-21T00:00:00.000Z,444.8700,474435643.50,19215000.00,3843.0,,Corgi_Adv.40C8.C8_ETF_Holdings.csv,2026-08-20T23:38:01.712Z,,
ALPHABET INC.-SWAP-CANT-L,02079K305-TRS-05/31/27-L-CANT,,02079K305-TRS-05/31/27-L-CANT,,,969.0,330109.23,7.724577498192654,,,,,CMAG,2026-08-21,,,,,,,,,,,,,160249.0,2026-08-21T00:00:00.000Z,340.6700,3836325.00,150000.00,30.0,,Corgi_Adv.40C8.C8_ETF_Holdings.csv,2026-08-20T23:38:01.712Z,,
"TESLA, INC.-SWAP-CANT-L",88160R101-TRS-05/31/27-L-CANT,,88160R101-TRS-05/31/27-L-CANT,,,266.0,91804.58,2.1482331557315963,,,,,CMAG,2026-08-21,,,,,,,,,,,,,160255.0,2026-08-21T00:00:00.000Z,345.1300,3836325.00,150000.00,30.0,,Corgi_Adv.40C8.C8_ETF_Holdings.csv,2026-08-20T23:38:01.712Z,,
NVIDIA Corp,NVDA,,67066G104,,,1961.0,425242.85,9.950710406907781,,,,,CMAG,2026-08-21,,,,,,,,,,,,,160262.0,2026-08-21T00:00:00.000Z,216.8500,3836325.00,150000.00,30.0,,Corgi_Adv.40C8.C8_ETF_Holdings.csv,2026-08-20T23:38:01.712Z,,
Tesla Inc,TSLA,,88160R101,,,300.0,103539.0,2.42281934856947,,,,,CMAG,2026-08-21,,,,,,,,,,,,,160263.0,2026-08-21T00:00:00.000Z,345.1300,3836325.00,150000.00,30.0,,Corgi_Adv.40C8.C8_ETF_Holdings.csv,2026-08-20T23:38:01.712Z,,
"AMAZON.COM, INC.-SWAP-CANT-L",023135106-TRS-05/31/27-L-CANT,,023135106-TRS-05/31/27-L-CANT,,,836.0,217451.96,5.088390037303378,,,,,CMAG,2026-08-21,,,,,,,,,,,,,160250.0,2026-08-21T00:00:00.000Z,260.1100,3836325.00,150000.00,30.0,,Corgi_Adv.40C8.C8_ETF_Holdings.csv,2026-08-20T23:38:01.712Z,,
APPLE INC.-SWAP-CANT-L,037833100-TRS-05/31/27-L-CANT,,037833100-TRS-05/31/27-L-CANT,,,1250.0,389125.0,9.105550362782092,,,,,CMAG,2026-08-21,,,,,,,,,,,,,160251.0,2026-08-21T00:00:00.000Z,311.3000,3836325.00,150000.00,30.0,,Corgi_Adv.40C8.C8_ETF_Holdings.csv,2026-08-20T23:38:01.712Z,,
"META PLATFORMS, INC.-SWAP-CANT-L",30303M102-TRS-05/31/27-L-CANT,,30303M102-TRS-05/31/27-L-CANT,,,186.0,101524.38,2.375677109258534,,,,,CMAG,2026-08-21,,,,,,,,,,,,,160252.0,2026-08-21T00:00:00.000Z,545.8300,3836325.00,150000.00,30.0,,Corgi_Adv.40C8.C8_ETF_Holdings.csv,2026-08-20T23:38:01.712Z,,
NVIDIA CORPORATION-SWAP-CANT-L,67066G104-TRS-05/31/27-L-CANT,,67066G104-TRS-05/31/27-L-CANT,,,1974.0,428061.9,10.016676360650669,,,,,CMAG,2026-08-21,,,,,,,,,,,,,160254.0,2026-08-21T00:00:00.000Z,216.8500,3836325.00,150000.00,30.0,,Corgi_Adv.40C8.C8_ETF_Holdings.csv,2026-08-20T23:38:01.712Z,,
MICROSOFT CORPORATION-SWAP-CANT-L,594918104-TRS-05/31/27-L-CANT,,594918104-TRS-05/31/27-L-CANT,,,636.0,306011.4,7.160686705519964,,,,,CMAG,2026-08-21,,,,,,,,,,,,,160253.0,2026-08-21T00:00:00.000Z,481.1500,3836325.00,150000.00,30.0,,Corgi_Adv.40C8.C8_ETF_Holdings.csv,2026-08-20T23:38:01.712Z,,
Apple Inc,AAPL,,37833100,,,1230.0,382899.0,8.959861556977577,,,,,CMAG,2026-08-21,,,,,,,,,,,,,160256.0,2026-08-21T00:00:00.000Z,311.3000,3836325.00,150000.00,30.0,,Corgi_Adv.40C8.C8_ETF_Holdings.csv,2026-08-20T23:38:01.712Z,,
Cash & Other,Cash&Other,,Cash&Other,,,-1377319.92,-1377319.92,-32.22937590034822,,,,,CMAG,2026-08-21,,,,,,,,,,,,,160264.0,2026-08-21T00:00:00.000Z,1.0000,3836325.00,150000.00,30.0,Y,Corgi_Adv.40C8.C8_ETF_Holdings.csv,2026-08-20T23:38:01.712Z,,
Amazon.com Inc,AMZN,,23135106,,,840.0,218492.4,5.112736401118226,,,,,CMAG,2026-08-21,,,,,,,,,,,,,160257.0,2026-08-21T00:00:00.000Z,260.1100,3836325.00,150000.00,30.0,,Corgi_Adv.40C8.C8_ETF_Holdings.csv,2026-08-20T23:38:01.712Z,,
First American Government Obligations Fund 12/01/2031,FGXXX,,31846V336,,,1460313.16,1460313.16,34.1714231257654,,,,,CMAG,2026-08-21,,,,,,,,,,,,,160258.0,2026-08-21T00:00:00.000Z,100.0000,3836325.00,150000.00,30.0,Y,Corgi_Adv.40C8.C8_ETF_Holdings.csv,2026-08-20T23:38:01.712Z,,
Alphabet Inc,GOOGL,,02079K305,,,1001.0,341010.67,7.979671904737716,,,,,CMAG,2026-08-21,,,,,,,,,,,,,160259.0,2026-08-21T00:00:00.000Z,340.6700,3836325.00,150000.00,30.0,,Corgi_Adv.40C8.C8_ETF_Holdings.csv,2026-08-20T23:38:01.712Z,,
Meta Platforms Inc,META,,30303M102,,,210.0,114624.3,2.682216091098345,,,,,CMAG,2026-08-21,,,,,,,,,,,,,160260.0,2026-08-21T00:00:00.000Z,545.8300,3836325.00,150000.00,30.0,,Corgi_Adv.40C8.C8_ETF_Holdings.csv,2026-08-20T23:38:01.712Z,,
Microsoft Corp,MSFT,,594918104,,,630.0,303124.5,7.093133057354681,,,,,CMAG,2026-08-21,,,,,,,,,,,,,160261.0,2026-08-21T00:00:00.000Z,481.1500,3836325.00,150000.00,30.0,,Corgi_Adv.40C8.C8_ETF_Holdings.csv,2026-08-20T23:38:01.712Z,,
30303M102 SWP,30303M102 SWP,,30303M102 SWP,,,50.0,29269.5,0.6849082077570201,,,,,CMAG,2026-08-21,,,,,,,,,,,,,35124.0,2026-06-09T00:00:00.000Z,585.3900,4525002.00,180000.00,36.0,,Corgi_Adv.40C8.C8_ETF_Holdings.csv,2026-06-08T23:38:00.437Z,,
594918104 SWP,594918104 SWP,,594918104 SWP,,,150.0,61761.0,1.4452114255208088,,,,,CMAG,2026-08-21,,,,,,,,,,,,,35126.0,2026-06-09T00:00:00.000Z,411.7400,4525002.00,180000.00,36.0,,Corgi_Adv.40C8.C8_ETF_Holdings.csv,2026-06-08T23:38:00.437Z,,
023135106 SWP,023135106 SWP,,023135106 SWP,,,197.0,48308.34,1.1304183046897542,,,,,CMAG,2026-08-21,,,,,,,,,,,,,35120.0,2026-06-09T00:00:00.000Z,245.2200,4525002.00,180000.00,36.0,,Corgi_Adv.40C8.C8_ETF_Holdings.csv,2026-06-08T23:38:00.437Z,,
02079K305 SWP,02079K305 SWP,,02079K305 SWP,,,240.0,87194.4,2.0403546432446302,,,,,CMAG,2026-08-21,,,,,,,,,,,,,35118.0,2026-06-09T00:00:00.000Z,363.3100,4525002.00,180000.00,36.0,,Corgi_Adv.40C8.C8_ETF_Holdings.csv,2026-06-08T23:38:00.437Z,,
67066G104 SWP,67066G104 SWP,,67066G104 SWP,,,464.0,96808.96,2.2653359739121286,,,,,CMAG,2026-08-21,,,,,,,,,,,,,35128.0,2026-06-09T00:00:00.000Z,208.6400,4525002.00,180000.00,36.0,,Corgi_Adv.40C8.C8_ETF_Holdings.csv,2026-06-08T23:38:00.437Z,,
88160R101 SWP,88160R101 SWP,,88160R101 SWP,,,66.0,26990.7,0.6315841392270931,,,,,CMAG,2026-08-21,,,,,,,,,,,,,35130.0,2026-06-09T00:00:00.000Z,408.9500,4525002.00,180000.00,36.0,,Corgi_Adv.40C8.C8_ETF_Holdings.csv,2026-06-08T23:38:00.437Z,,
037833100 SWP,037833100 SWP,,037833100 SWP,,,289.0,87145.06,2.039200084028698,,,,,CMAG,2026-08-21,,,,,,,,,,,,,35122.0,2026-06-09T00:00:00.000Z,301.5400,4525002.00,180000.00,36.0,,Corgi_Adv.40C8.C8_ETF_Holdings.csv,2026-06-08T23:38:00.437Z,,
BTQ Technologies Corp,BTQ,,55869101,,,183495.0,638562.6,3.9258395235709185,,,,,CQTM,2026-08-21,,,,,,,,,,,,,160279.0,2026-08-21T00:00:00.000Z,3.4800,15582483.00,630000.00,126.0,,Corgi_Adv.40C8.C8_ETF_Holdings.csv,2026-08-20T23:38:01.712Z,,
IQM Quantum Computers Oyj,IQMX,,462921107,,,50714.0,490911.52,3.0180907052687953,,,,,CQTM,2026-08-21,,,,,,,,,,,,,160288.0,2026-08-21T00:00:00.000Z,9.6800,15582483.00,630000.00,126.0,,Corgi_Adv.40C8.C8_ETF_Holdings.csv,2026-08-20T23:38:01.712Z,,
First American Government Obligations Fund 12/01/2031,FGXXX,,31846V336,,,511132.07,511132.07,3.142405274237197,,,,,CQTM,2026-08-21,,,,,,,,,,,,,160280.0,2026-08-21T00:00:00.000Z,100.0000,15582483.00,630000.00,126.0,Y,Corgi_Adv.40C8.C8_ETF_Holdings.csv,2026-08-20T23:38:01.712Z,,
Cash & Other,Cash&Other,,Cash&Other,,,4642.36,4642.36,0.028540914188592767,,,,,CQTM,2026-08-21,,,,,,,,,,,,,160296.0,2026-08-21T00:00:00.000Z,1.0000,15582483.00,630000.00,126.0,Y,Corgi_Adv.40C8.C8_ETF_Holdings.csv,2026-08-20T23:38:01.712Z,,
Xanadu Quantum Technologies Ltd,XNDU,,98390R102,,,56788.0,574126.68,3.5296918608771537,,,,,CQTM,2026-08-21,,,,,,,,,,,,,160295.0,2026-08-21T00:00:00.000Z,10.1100,15582483.00,630000.00,126.0,,Corgi_Adv.40C8.C8_ETF_Holdings.csv,2026-08-20T23:38:01.712Z,,
Rigetti Computing Inc,RGTI,,76655K103,,,71331.0,1145932.52,7.045115354956934,,,,,CQTM,2026-08-21,,,,,,,,,,,,,160294.0,2026-08-21T00:00:00.000Z,16.0650,15582483.00,630000.00,126.0,,Corgi_Adv.40C8.C8_ETF_Holdings.csv,2026-08-20T23:38:01.712Z,,
Quantum Computing Inc,QUBT,,74766W108,,,78957.0,642709.98,3.9513373343153426,,,,,CQTM,2026-08-21,,,,,,,,,,,,,160293.0,2026-08-21T00:00:00.000Z,8.1400,15582483.00,630000.00,126.0,,Corgi_Adv.40C8.C8_ETF_Holdings.csv,2026-08-20T23:38:01.712Z,,
Quantum Emotion Corp,QNC,,74767K103,,,320259.0,694962.03,4.272579391206247,,,,,CQTM,2026-08-21,,,,,,,,,,,,,160291.0,2026-08-21T00:00:00.000Z,2.1700,15582483.00,630000.00,126.0,,Corgi_Adv.40C8.C8_ETF_Holdings.csv,2026-08-20T23:38:01.712Z,,
D-Wave Quantum Inc,QBTS,,26740W109,,,86847.0,1632723.6,10.037873874772803,,,,,CQTM,2026-08-21,,,,,,,,,,,,,160290.0,2026-08-21T00:00:00.000Z,18.8000,15582483.00,630000.00,126.0,,Corgi_Adv.40C8.C8_ETF_Holdings.csv,2026-08-20T23:38:01.712Z,,
SEALSQ Corp,LAES,,G79483106,,,183250.0,458125.0,2.8165214056318475,,,,,CQTM,2026-08-21,,,,,,,,,,,,,160289.0,2026-08-21T00:00:00.000Z,2.5000,15582483.00,630000.00,126.0,,Corgi_Adv.40C8.C8_ETF_Holdings.csv,2026-08-20T23:38:01.712Z,,
Quantinuum Inc,QNT,,74768A104,,,22744.0,1248645.6,7.676588399340839,,,,,CQTM,2026-08-21,,,,,,,,,,,,,160292.0,2026-08-21T00:00:00.000Z,54.9000,15582483.00,630000.00,126.0,,Corgi_Adv.40C8.C8_ETF_Holdings.csv,2026-08-20T23:38:01.712Z,,
IonQ Inc,IONQ,,46222L108,,,67234.0,2792228.02,17.166428349762686,,,,,CQTM,2026-08-21,,,,,,,,,,,,,160287.0,2026-08-21T00:00:00.000Z,41.5300,15582483.00,630000.00,126.0,,Corgi_Adv.40C8.C8_ETF_Holdings.csv,2026-08-20T23:38:01.712Z,,
Honeywell International Inc,HON,,438516205,,,2626.0,573308.32,3.5246606391417905,,,,,CQTM,2026-08-21,,,,,,,,,,,,,160283.0,2026-08-21T00:00:00.000Z,218.3200,15582483.00,630000.00,126.0,,Corgi_Adv.40C8.C8_ETF_Holdings.csv,2026-08-20T23:38:01.712Z,,
Infleqtion Inc,INFQ,,45676K103,,,61931.0,777234.05,4.77838218610845,,,,,CQTM,2026-08-21,,,,,,,,,,,,,160286.0,2026-08-21T00:00:00.000Z,12.5500,15582483.00,630000.00,126.0,,Corgi_Adv.40C8.C8_ETF_Holdings.csv,2026-08-20T23:38:01.712Z,,
FormFactor Inc,FORM,,346375108,,,5603.0,648323.13,3.9858465995334,,,,,CQTM,2026-08-21,,,,,,,,,,,,,160281.0,2026-08-21T00:00:00.000Z,115.7100,15582483.00,630000.00,126.0,,Corgi_Adv.40C8.C8_ETF_Holdings.csv,2026-08-20T23:38:01.712Z,,
Alphabet Inc,GOOGL,,02079K305,,,1993.0,678955.31,4.174171163072103,,,,,CQTM,2026-08-21,,,,,,,,,,,,,160282.0,2026-08-21T00:00:00.000Z,340.6700,15582483.00,630000.00,126.0,,Corgi_Adv.40C8.C8_ETF_Holdings.csv,2026-08-20T23:38:01.712Z,,
Arqit Quantum Inc,ARQQ,,G0567U127,,,32200.0,674268.0,4.145353899334405,,,,,CQTM,2026-08-21,,,,,,,,,,,,,160278.0,2026-08-21T00:00:00.000Z,20.9400,15582483.00,630000.00,126.0,,Corgi_Adv.40C8.C8_ETF_Holdings.csv,2026-08-20T23:38:01.712Z,,
Horizon Quantum Holdings LTD,HQ,,Y4000A102,,,40673.0,707710.2,4.350954275108313,,,,,CQTM,2026-08-21,,,,,,,,,,,,,160284.0,2026-08-21T00:00:00.000Z,17.4000,15582483.00,630000.00,126.0,,Corgi_Adv.40C8.C8_ETF_Holdings.csv,2026-08-20T23:38:01.712Z,,
International Business Machines Corp,IBM,,459200101,,,2944.0,687983.36,4.229675001710278,,,,,CQTM,2026-08-21,,,,,,,,,,,,,160285.0,2026-08-21T00:00:00.000Z,233.6900,15582483.00,630000.00,126.0,,Corgi_Adv.40C8.C8_ETF_Holdings.csv,2026-08-20T23:38:01.712Z,,
SkyWater Technology Inc,SKYT,,83089J108,,,14958.0,485536.68,2.9850465537558972,,,,,CQTM,2026-08-21,,,,,,,,,,,,,120852.0,2026-07-31T00:00:00.000Z,32.4600,13057771.50,565000.00,113.0,,Corgi_Adv.40C8.C8_ETF_Holdings.csv,2026-07-30T23:38:00.736Z,,
Honeywell Aerospace Inc,HONA,,43849R105,,,976.0,197610.72,1.214897294106022,,,,,CQTM,2026-08-21,,,,,,,,,,,,,100384.0,2026-07-21T00:00:00.000Z,202.4700,13037262.00,565000.00,113.0,,Corgi_Adv.40C8.C8_ETF_Holdings.csv,2026-07-20T23:38:00.951Z,,
Honeywell Aerospace Inc,HONAV,,43849R105,,,1479.0,0.0,0.0,,,,,CQTM,2026-08-21,,,,,,,,,,,,,61001.0,2026-06-29T00:00:00.000Z,0.0000,15108750.00,510000.00,102.0,,Corgi_Adv.40C8.C8_ETF_Holdings.csv,2026-06-26T23:53:00.381Z,,
Zscaler Inc,ZS,,98980G102,,,880.0,153956.0,4.0228888358563575,,,,,XA,2026-08-21,,,,,,,,,,,,,161727.0,2026-08-21T00:00:00.000Z,174.9500,3827100.00,100000.00,20.0,,Corgi_Adv.40C8.C8_ETF_Holdings.csv,2026-08-20T23:38:01.712Z,,
GEN DIGITAL INC,GEN,,668771108,,,5680.0,160034.0,4.181707708419525,,,,,XA,2026-08-21,,,,,,,,,,,,,161713.0,2026-08-21T00:00:00.000Z,28.1750,3827100.00,100000.00,20.0,,Corgi_Adv.40C8.C8_ETF_Holdings.csv,2026-08-20T23:38:01.712Z,,
Akamai Technologies Inc,AKAM,,00971T101,,,1260.0,138713.4,3.6245978607113547,,,,,XA,2026-08-21,,,,,,,,,,,,,161702.0,2026-08-21T00:00:00.000Z,110.0900,3827100.00,100000.00,20.0,,Corgi_Adv.40C8.C8_ETF_Holdings.csv,2026-08-20T23:38:01.712Z,,
Arqit Quantum Inc,ARQQ,,G0567U127,,,2140.0,44811.6,1.170932509008163,,,,,XA,2026-08-21,,,,,,,,,,,,,161703.0,2026-08-21T00:00:00.000Z,20.9400,3827100.00,100000.00,20.0,,Corgi_Adv.40C8.C8_ETF_Holdings.csv,2026-08-20T23:38:01.712Z,,
A10 Networks Inc,ATEN,,2121101,,,2280.0,58208.4,1.5209925076844113,,,,,XA,2026-08-21,,,,,,,,,,,,,161704.0,2026-08-21T00:00:00.000Z,25.5300,3827100.00,100000.00,20.0,,Corgi_Adv.40C8.C8_ETF_Holdings.csv,2026-08-20T23:38:01.712Z,,
CACI International Inc,CACI,,127190304,,,240.0,155124.0,4.053408816631906,,,,,XA,2026-08-21,,,,,,,,,,,,,161705.0,2026-08-21T00:00:00.000Z,646.3500,3827100.00,100000.00,20.0,,Corgi_Adv.40C8.C8_ETF_Holdings.csv,2026-08-20T23:38:01.712Z,,
Cash & Other,Cash&Other,,Cash&Other,,,620.44,620.44,0.016212171979778114,,,,,XA,2026-08-21,,,,,,,,,,,,,161728.0,2026-08-21T00:00:00.000Z,1.0000,3827100.00,100000.00,20.0,Y,Corgi_Adv.40C8.C8_ETF_Holdings.csv,2026-08-20T23:38:01.712Z,,
Check Point Software Technologies Ltd,CHKP,,M22465104,,,840.0,109468.8,2.860432937947157,,,,,XA,2026-08-21,,,,,,,,,,,,,161706.0,2026-08-21T00:00:00.000Z,130.3200,3827100.00,100000.00,20.0,,Corgi_Adv.40C8.C8_ETF_Holdings.csv,2026-08-20T23:38:01.712Z,,
Crowdstrike Holdings Inc,CRWD,,22788C105,,,2080.0,395907.2,10.34510285351107,,,,,XA,2026-08-21,,,,,,,,,,,,,161707.0,2026-08-21T00:00:00.000Z,190.3400,3827100.00,100000.00,20.0,,Corgi_Adv.40C8.C8_ETF_Holdings.csv,2026-08-20T23:38:01.712Z,,
Datadog Inc,DDOG,,23804L103,,,960.0,223248.0,5.833497147413938,,,,,XA,2026-08-21,,,,,,,,,,,,,161708.0,2026-08-21T00:00:00.000Z,232.5500,3827100.00,100000.00,20.0,,Corgi_Adv.40C8.C8_ETF_Holdings.csv,2026-08-20T23:38:01.712Z,,
Elastic NV,ESTC,,N14506104,,,1880.0,161492.0,4.219805424147906,,,,,XA,2026-08-21,,,,,,,,,,,,,161709.0,2026-08-21T00:00:00.000Z,85.9000,3827100.00,100000.00,20.0,,Corgi_Adv.40C8.C8_ETF_Holdings.csv,2026-08-20T23:38:01.712Z,,
F5 Inc,FFIV,,315616102,,,400.0,151116.0,3.9486792935596498,,,,,XA,2026-08-21,,,,,,,,,,,,,161710.0,2026-08-21T00:00:00.000Z,377.7900,3827100.00,100000.00,20.0,,Corgi_Adv.40C8.C8_ETF_Holdings.csv,2026-08-20T23:38:01.712Z,,
First American Government Obligations Fund 12/01/2031,FGXXX,,31846V336,,,37876.06,37876.06,0.989706012888264,,,,,XA,2026-08-21,,,,,,,,,,,,,161711.0,2026-08-21T00:00:00.000Z,100.0000,3827100.00,100000.00,20.0,Y,Corgi_Adv.40C8.C8_ETF_Holdings.csv,2026-08-20T23:38:01.712Z,,
Fortinet Inc,FTNT,,34959E109,,,1440.0,217137.6,5.673831658945696,,,,,XA,2026-08-21,,,,,,,,,,,,,161712.0,2026-08-21T00:00:00.000Z,150.7900,3827100.00,100000.00,20.0,,Corgi_Adv.40C8.C8_ETF_Holdings.csv,2026-08-20T23:38:01.712Z,,
Varonis Systems Inc,VRNS,,922280102,,,2900.0,118465.0,3.0955047282322448,,,,,XA,2026-08-21,,,,,,,,,,,,,161726.0,2026-08-21T00:00:00.000Z,40.8500,3827100.00,100000.00,20.0,,Corgi_Adv.40C8.C8_ETF_Holdings.csv,2026-08-20T23:38:01.712Z,,
Cloudflare Inc,NET,,18915M107,,,600.0,167346.0,4.372771149713022,,,,,XA,2026-08-21,,,,,,,,,,,,,161714.0,2026-08-21T00:00:00.000Z,278.9100,3827100.00,100000.00,20.0,,Corgi_Adv.40C8.C8_ETF_Holdings.csv,2026-08-20T23:38:01.712Z,,
Radware Ltd,RDWR,,M81873107,,,1960.0,52880.8,1.3817816775647127,,,,,XA,2026-08-21,,,,,,,,,,,,,161721.0,2026-08-21T00:00:00.000Z,26.9800,3827100.00,100000.00,20.0,,Corgi_Adv.40C8.C8_ETF_Holdings.csv,2026-08-20T23:38:01.712Z,,
Telos Corp,TLS,,87969B101,,,8320.0,36857.6,0.9630935303363253,,,,,XA,2026-08-21,,,,,,,,,,,,,161725.0,2026-08-21T00:00:00.000Z,4.4300,3827100.00,100000.00,20.0,,Corgi_Adv.40C8.C8_ETF_Holdings.csv,2026-08-20T23:38:01.712Z,,
Tenable Holdings Inc,TENB,,88025T102,,,3300.0,112563.0,2.9412847568818314,,,,,XA,2026-08-21,,,,,,,,,,,,,161724.0,2026-08-21T00:00:00.000Z,34.1100,3827100.00,100000.00,20.0,,Corgi_Adv.40C8.C8_ETF_Holdings.csv,2026-08-20T23:38:01.712Z,,
SailPoint Inc,SAIL,,78781J109,,,4400.0,81444.0,2.128141536201806,,,,,XA,2026-08-21,,,,,,,,,,,,,161723.0,2026-08-21T00:00:00.000Z,18.5100,3827100.00,100000.00,20.0,,Corgi_Adv.40C8.C8_ETF_Holdings.csv,2026-08-20T23:38:01.712Z,,
Rapid7 Inc,RPD,,753422104,,,6400.0,75808.0,1.9808721769115771,,,,,XA,2026-08-21,,,,,,,,,,,,,161722.0,2026-08-21T00:00:00.000Z,11.8450,3827100.00,100000.00,20.0,,Corgi_Adv.40C8.C8_ETF_Holdings.csv,2026-08-20T23:38:01.712Z,,
Netskope Inc,NTSK,,64119N608,,,2840.0,40839.2,1.0671332182266684,,,,,XA,2026-08-21,,,,,,,,,,,,,161715.0,2026-08-21T00:00:00.000Z,14.3800,3827100.00,100000.00,20.0,,Corgi_Adv.40C8.C8_ETF_Holdings.csv,2026-08-20T23:38:01.712Z,,
Rubrik Inc,RBRK,,781154109,,,1880.0,183337.6,4.790633585132756,,,,,XA,2026-08-21,,,,,,,,,,,,,161720.0,2026-08-21T00:00:00.000Z,97.5200,3827100.00,100000.00,20.0,,Corgi_Adv.40C8.C8_ETF_Holdings.csv,2026-08-20T23:38:01.712Z,,
Palo Alto Networks Inc,PANW,,697435105,,,1480.0,517348.8,13.518386498504013,,,,,XA,2026-08-21,,,,,,,,,,,,,161718.0,2026-08-21T00:00:00.000Z,349.5600,3827100.00,100000.00,20.0,,Corgi_Adv.40C8.C8_ETF_Holdings.csv,2026-08-20T23:38:01.712Z,,
OneSpan Inc,OSPN,,68287N100,,,3620.0,56435.8,1.4746742560382335,,,,,XA,2026-08-21,,,,,,,,,,,,,161717.0,2026-08-21T00:00:00.000Z,15.5900,3827100.00,100000.00,20.0,,Corgi_Adv.40C8.C8_ETF_Holdings.csv,2026-08-20T23:38:01.712Z,,
Okta Inc,OKTA,,679295105,,,1580.0,211972.8,5.538874812447793,,,,,XA,2026-08-21,,,,,,,,,,,,,161716.0,2026-08-21T00:00:00.000Z,134.1600,3827100.00,100000.00,20.0,,Corgi_Adv.40C8.C8_ETF_Holdings.csv,2026-08-20T23:38:01.712Z,,
Qualys Inc,QLYS,,74758T303,,,900.0,163989.0,4.28505233510385,,,,,XA,2026-08-21,,,,,,,,,,,,,161719.0,2026-08-21T00:00:00.000Z,182.2100,3827100.00,100000.00,20.0,,Corgi_Adv.40C8.C8_ETF_Holdings.csv,2026-08-20T23:38:01.712Z,,
ADT Inc,ADT,,00090Q103,,,3150.0,23215.5,1.7594976665425306,,,,,EYES,2026-08-21,,,,,,,,,,,,,160587.0,2026-08-21T00:00:00.000Z,7.3700,1319472.00,45000.00,9.0,,Corgi_Adv.40C8.C8_ETF_Holdings.csv,2026-08-20T23:38:01.712Z,,
Motorola Solutions Inc,MSI,,620076307,,,189.0,89516.07,6.784403363401944,,,,,EYES,2026-08-21,,,,,,,,,,,,,160606.0,2026-08-21T00:00:00.000Z,473.6300,1319472.00,45000.00,9.0,,Corgi_Adv.40C8.C8_ETF_Holdings.csv,2026-08-20T23:38:01.712Z,,
OSI Systems Inc,OSIS,,671044105,,,90.0,19628.1,1.4876094052966098,,,,,EYES,2026-08-21,,,,,,,,,,,,,160608.0,2026-08-21T00:00:00.000Z,218.0900,1319472.00,45000.00,9.0,,Corgi_Adv.40C8.C8_ETF_Holdings.csv,2026-08-20T23:38:01.712Z,,
Impinj Inc,PI,,453204109,,,171.0,27313.83,2.070109200721043,,,,,EYES,2026-08-21,,,,,,,,,,,,,160609.0,2026-08-21T00:00:00.000Z,159.7300,1319472.00,45000.00,9.0,,Corgi_Adv.40C8.C8_ETF_Holdings.csv,2026-08-20T23:38:01.712Z,,
Planet Labs PBC,PL,,72703X106,,,900.0,19953.0,1.5122335052237994,,,,,EYES,2026-08-21,,,,,,,,,,,,,160610.0,2026-08-21T00:00:00.000Z,22.1700,1319472.00,45000.00,9.0,,Corgi_Adv.40C8.C8_ETF_Holdings.csv,2026-08-20T23:38:01.712Z,,
Palantir Technologies Inc,PLTR,,69608A108,,,1107.0,192573.72,14.595120112744276,,,,,EYES,2026-08-21,,,,,,,,,,,,,160611.0,2026-08-21T00:00:00.000Z,173.9600,1319472.00,45000.00,9.0,,Corgi_Adv.40C8.C8_ETF_Holdings.csv,2026-08-20T23:38:01.712Z,,
SailPoint Inc,SAIL,,78781J109,,,1107.0,20490.57,1.552975817928814,,,,,EYES,2026-08-21,,,,,,,,,,,,,160613.0,2026-08-21T00:00:00.000Z,18.5100,1319472.00,45000.00,9.0,,Corgi_Adv.40C8.C8_ETF_Holdings.csv,2026-08-20T23:38:01.712Z,,
Spire Global Inc,SPIR,,848560306,,,558.0,7750.62,0.5874177943295587,,,,,EYES,2026-08-21,,,,,,,,,,,,,160615.0,2026-08-21T00:00:00.000Z,13.8900,1319472.00,45000.00,9.0,,Corgi_Adv.40C8.C8_ETF_Holdings.csv,2026-08-20T23:38:01.712Z,,
Teledyne Technologies Inc,TDY,,879360105,,,90.0,57055.5,4.324223863945095,,,,,EYES,2026-08-21,,,,,,,,,,,,,160616.0,2026-08-21T00:00:00.000Z,633.9500,1319472.00,45000.00,9.0,,Corgi_Adv.40C8.C8_ETF_Holdings.csv,2026-08-20T23:38:01.712Z,,
Trimble Inc,TRMB,,896239100,,,639.0,38135.52,2.8902827185451967,,,,,EYES,2026-08-21,,,,,,,,,,,,,160617.0,2026-08-21T00:00:00.000Z,59.6800,1319472.00,45000.00,9.0,,Corgi_Adv.40C8.C8_ETF_Holdings.csv,2026-08-20T23:38:01.712Z,,
Tyler Technologies Inc,TYL,,902252105,,,126.0,43865.64,3.3245672598649483,,,,,EYES,2026-08-21,,,,,,,,,,,,,160618.0,2026-08-21T00:00:00.000Z,348.1400,1319472.00,45000.00,9.0,,Corgi_Adv.40C8.C8_ETF_Holdings.csv,2026-08-20T23:38:01.712Z,,
Varonis Systems Inc,VRNS,,922280102,,,810.0,33088.5,2.5077701767953533,,,,,EYES,2026-08-21,,,,,,,,,,,,,160619.0,2026-08-21T00:00:00.000Z,40.8500,1319472.00,45000.00,9.0,,Corgi_Adv.40C8.C8_ETF_Holdings.csv,2026-08-20T23:38:01.712Z,,
Clear Secure Inc,YOU,,18467V109,,,468.0,20077.2,1.521646596054692,,,,,EYES,2026-08-21,,,,,,,,,,,,,160620.0,2026-08-21T00:00:00.000Z,42.9000,1319472.00,45000.00,9.0,,Corgi_Adv.40C8.C8_ETF_Holdings.csv,2026-08-20T23:38:01.712Z,,
Zebra Technologies Corp,ZBRA,,989207105,,,162.0,58404.24,4.426444573504337,,,,,EYES,2026-08-21,,,,,,,,,,,,,160621.0,2026-08-21T00:00:00.000Z,360.5200,1319472.00,45000.00,9.0,,Corgi_Adv.40C8.C8_ETF_Holdings.csv,2026-08-20T23:38:01.712Z,,
Cash & Other,Cash&Other,,Cash&Other,,,-176.26,-176.26,-0.013358706842617495,,,,,EYES,2026-08-21,,,,,,,,,,,,,160622.0,2026-08-21T00:00:00.000Z,1.0000,1319472.00,45000.00,9.0,Y,Corgi_Adv.40C8.C8_ETF_Holdings.csv,2026-08-20T23:38:01.712Z,,
Riskified Ltd,RSKD,,M8216R109,,,1800.0,10710.0,0.8117085571566627,,,,,EYES,2026-08-21,,,,,,,,,,,,,160612.0,2026-08-21T00:00:00.000Z,5.9500,1319472.00,45000.00,9.0,,Corgi_Adv.40C8.C8_ETF_Holdings.csv,2026-08-20T23:38:01.712Z,,
Powerfleet Inc NJ,AIOT,,73931J109,,,2754.0,8317.08,0.6303496738148027,,,,,EYES,2026-08-21,,,,,,,,,,,,,160588.0,2026-08-21T00:00:00.000Z,3.0200,1319472.00,45000.00,9.0,,Corgi_Adv.40C8.C8_ETF_Holdings.csv,2026-08-20T23:38:01.712Z,,
NIQ Global Intelligence Plc,NIQ,,G63755105,,,1224.0,22215.6,1.6837154642735348,,,,,EYES,2026-08-21,,,,,,,,,,,,,160607.0,2026-08-21T00:00:00.000Z,18.1500,1319472.00,45000.00,9.0,,Corgi_Adv.40C8.C8_ETF_Holdings.csv,2026-08-20T23:38:01.712Z,,
Satellogic Inc,SATL,,80401C100,,,1656.0,8776.8,0.6651917520497289,,,,,EYES,2026-08-21,,,,,,,,,,,,,160614.0,2026-08-21T00:00:00.000Z,5.3000,1319472.00,45000.00,9.0,,Corgi_Adv.40C8.C8_ETF_Holdings.csv,2026-08-20T23:38:01.712Z,,
Mitek Systems Inc,MITK,,606710200,,,774.0,14334.48,1.0864071034912268,,,,,EYES,2026-08-21,,,,,,,,,,,,,160605.0,2026-08-21T00:00:00.000Z,18.5200,1319472.00,45000.00,9.0,,Corgi_Adv.40C8.C8_ETF_Holdings.csv,2026-08-20T23:38:01.712Z,,
Datadog Inc,DDOG,,23804L103,,,432.0,100461.6,7.613962687735743,,,,,EYES,2026-08-21,,,,,,,,,,,,,160596.0,2026-08-21T00:00:00.000Z,232.5500,1319472.00,45000.00,9.0,,Corgi_Adv.40C8.C8_ETF_Holdings.csv,2026-08-20T23:38:01.712Z,,
L3Harris Technologies Inc,LHX,,502431109,,,180.0,48679.2,3.6893859192848386,,,,,EYES,2026-08-21,,,,,,,,,,,,,160604.0,2026-08-21T00:00:00.000Z,270.4400,1319472.00,45000.00,9.0,,Corgi_Adv.40C8.C8_ETF_Holdings.csv,2026-08-20T23:38:01.712Z,,
Booz Allen Hamilton Holding Corp,BAH,,99502106,,,441.0,33674.76,2.552202693949291,,,,,EYES,2026-08-21,,,,,,,,,,,,,160590.0,2026-08-21T00:00:00.000Z,76.3600,1319472.00,45000.00,9.0,,Corgi_Adv.40C8.C8_ETF_Holdings.csv,2026-08-20T23:38:01.712Z,,
BIGBEAR.AI HOLDINGS INC,BBAI,,08975B109,,,4608.0,14146.56,1.0721646877992679,,,,,EYES,2026-08-21,,,,,,,,,,,,,160591.0,2026-08-21T00:00:00.000Z,3.0700,1319472.00,45000.00,9.0,,Corgi_Adv.40C8.C8_ETF_Holdings.csv,2026-08-20T23:38:01.712Z,,
BlackSky Technology Inc,BKSY,,09263B207,,,378.0,10103.94,0.7657754023340329,,,,,EYES,2026-08-21,,,,,,,,,,,,,160592.0,2026-08-21T00:00:00.000Z,26.7300,1319472.00,45000.00,9.0,,Corgi_Adv.40C8.C8_ETF_Holdings.csv,2026-08-20T23:38:01.712Z,,
CACI International Inc,CACI,,127190304,,,72.0,46537.2,3.527044207853505,,,,,EYES,2026-08-21,,,,,,,,,,,,,160593.0,2026-08-21T00:00:00.000Z,646.3500,1319472.00,45000.00,9.0,,Corgi_Adv.40C8.C8_ETF_Holdings.csv,2026-08-20T23:38:01.712Z,,
Cognyte Software Ltd,CGNT,,M25133105,,,1125.0,9697.5,0.7349714036439531,,,,,EYES,2026-08-21,,,,,,,,,,,,,160594.0,2026-08-21T00:00:00.000Z,8.6200,1319472.00,45000.00,9.0,,Corgi_Adv.40C8.C8_ETF_Holdings.csv,2026-08-20T23:38:01.712Z,,
Cellebrite DI Ltd,CLBT,,M2197Q107,,,1368.0,15472.08,1.1726255586379515,,,,,EYES,2026-08-21,,,,,,,,,,,,,160595.0,2026-08-21T00:00:00.000Z,11.3100,1319472.00,45000.00,9.0,,Corgi_Adv.40C8.C8_ETF_Holdings.csv,2026-08-20T23:38:01.712Z,,
Axon Enterprise Inc,AXON,,05464C101,,,144.0,88453.44,6.703866868155317,,,,,EYES,2026-08-21,,,,,,,,,,,,,160589.0,2026-08-21T00:00:00.000Z,614.2600,1319472.00,45000.00,9.0,,Corgi_Adv.40C8.C8_ETF_Holdings.csv,2026-08-20T23:38:01.712Z,,
Digi International Inc,DGII,,253798102,,,306.0,22524.66,1.7071390540657698,,,,,EYES,2026-08-21,,,,,,,,,,,,,160597.0,2026-08-21T00:00:00.000Z,73.6100,1319472.00,45000.00,9.0,,Corgi_Adv.40C8.C8_ETF_Holdings.csv,2026-08-20T23:38:01.712Z,,
Elastic NV,ESTC,,N14506104,,,558.0,47932.2,3.632770952693239,,,,,EYES,2026-08-21,,,,,,,,,,,,,160599.0,2026-08-21T00:00:00.000Z,85.9000,1319472.00,45000.00,9.0,,Corgi_Adv.40C8.C8_ETF_Holdings.csv,2026-08-20T23:38:01.712Z,,
First American Government Obligations Fund 12/01/2031,FGXXX,,31846V336,,,17306.35,17306.35,1.3116444806861074,,,,,EYES,2026-08-21,,,,,,,,,,,,,160600.0,2026-08-21T00:00:00.000Z,100.0000,1319472.00,45000.00,9.0,Y,Corgi_Adv.40C8.C8_ETF_Holdings.csv,2026-08-20T23:38:01.712Z,,
Identiv Inc,INVE,,45170X205,,,1197.0,3459.33,0.2621818639616021,,,,,EYES,2026-08-21,,,,,,,,,,,,,160601.0,2026-08-21T00:00:00.000Z,2.8900,1319472.00,45000.00,9.0,,Corgi_Adv.40C8.C8_ETF_Holdings.csv,2026-08-20T23:38:01.712Z,,
Samsara Inc,IOT,,79589L106,,,1224.0,47711.52,3.6160456637676246,,,,,EYES,2026-08-21,,,,,,,,,,,,,160602.0,2026-08-21T00:00:00.000Z,38.9800,1319472.00,45000.00,9.0,,Corgi_Adv.40C8.C8_ETF_Holdings.csv,2026-08-20T23:38:01.712Z,,
Leidos Holdings Inc,LDOS,,525327102,,,324.0,45803.88,3.4714660454693673,,,,,EYES,2026-08-21,,,,,,,,,,,,,160603.0,2026-08-21T00:00:00.000Z,141.3700,1319472.00,45000.00,9.0,,Corgi_Adv.40C8.C8_ETF_Holdings.csv,2026-08-20T23:38:01.712Z,,
Dynatrace Inc,DT,,268150109,,,1062.0,52229.16,3.958436611120867,,,,,EYES,2026-08-21,,,,,,,,,,,,,160598.0,2026-08-21T00:00:00.000Z,49.1800,1319472.00,45000.00,9.0,,Corgi_Adv.40C8.C8_ETF_Holdings.csv,2026-08-20T23:38:01.712Z,,
Affirm Holdings Inc,AFRM,,00827B106,,,108.0,8105.4,1.9863087468382674,,,,,KYC,2026-08-21,,,,,,,,,,,,,160961.0,2026-08-21T00:00:00.000Z,75.0500,406246.50,15000.00,3.0,,Corgi_Adv.40C8.C8_ETF_Holdings.csv,2026-08-20T23:38:01.712Z,,
Riskified Ltd,RSKD,,M8216R109,,,306.0,1820.7,0.44618061235329953,,,,,KYC,2026-08-21,,,,,,,,,,,,,161005.0,2026-08-21T00:00:00.000Z,5.9500,406246.50,15000.00,3.0,,Corgi_Adv.40C8.C8_ETF_Holdings.csv,2026-08-20T23:38:01.712Z,,
NerdWallet Inc,NRDS,,64082B102,,,141.0,1411.41,0.3458800340976385,,,,,KYC,2026-08-21,,,,,,,,,,,,,160992.0,2026-08-21T00:00:00.000Z,10.0100,406246.50,15000.00,3.0,,Corgi_Adv.40C8.C8_ETF_Holdings.csv,2026-08-20T23:38:01.712Z,,
NU Holdings Ltd/Cayman Islands,NU,,G6683N103,,,849.0,12064.29,2.9564740483373364,,,,,KYC,2026-08-21,,,,,,,,,,,,,160993.0,2026-08-21T00:00:00.000Z,14.2100,406246.50,15000.00,3.0,,Corgi_Adv.40C8.C8_ETF_Holdings.csv,2026-08-20T23:38:01.712Z,,
Oportun Financial Corp,OPRT,,68376D104,,,204.0,1495.32,0.3664430127226538,,,,,KYC,2026-08-21,,,,,,,,,,,,,160994.0,2026-08-21T00:00:00.000Z,7.3300,406246.50,15000.00,3.0,,Corgi_Adv.40C8.C8_ETF_Holdings.csv,2026-08-20T23:38:01.712Z,,
OneSpan Inc,OSPN,,68287N100,,,141.0,2198.19,0.5386882848733452,,,,,KYC,2026-08-21,,,,,,,,,,,,,160995.0,2026-08-21T00:00:00.000Z,15.5900,406246.50,15000.00,3.0,,Corgi_Adv.40C8.C8_ETF_Holdings.csv,2026-08-20T23:38:01.712Z,,
Pagseguro Digital Ltd,PAGS,,G68707101,,,306.0,2582.64,0.6329015744977896,,,,,KYC,2026-08-21,,,,,,,,,,,,,160996.0,2026-08-21T00:00:00.000Z,8.4400,406246.50,15000.00,3.0,,Corgi_Adv.40C8.C8_ETF_Holdings.csv,2026-08-20T23:38:01.712Z,,
Payoneer Global Inc,PAYO,,70451X104,,,537.0,3807.33,0.9330240186912109,,,,,KYC,2026-08-21,,,,,,,,,,,,,160997.0,2026-08-21T00:00:00.000Z,7.0900,406246.50,15000.00,3.0,,Corgi_Adv.40C8.C8_ETF_Holdings.csv,2026-08-20T23:38:01.712Z,,
Pagaya Technologies Ltd,PGY,,M7S64L123,,,162.0,3278.88,0.8035220993205838,,,,,KYC,2026-08-21,,,,,,,,,,,,,160998.0,2026-08-21T00:00:00.000Z,20.2400,406246.50,15000.00,3.0,,Corgi_Adv.40C8.C8_ETF_Holdings.csv,2026-08-20T23:38:01.712Z,,
Paysafe Ltd,PSFE,,G6964L206,,,138.0,909.42,0.2228624004428723,,,,,KYC,2026-08-21,,,,,,,,,,,,,160999.0,2026-08-21T00:00:00.000Z,6.5900,406246.50,15000.00,3.0,,Corgi_Adv.40C8.C8_ETF_Holdings.csv,2026-08-20T23:38:01.712Z,,
PayPal Holdings Inc,PYPL,,70450Y103,,,225.0,14017.5,3.4351275518549875,,,,,KYC,2026-08-21,,,,,,,,,,,,,161000.0,2026-08-21T00:00:00.000Z,62.3000,406246.50,15000.00,3.0,,Corgi_Adv.40C8.C8_ETF_Holdings.csv,2026-08-20T23:38:01.712Z,,
Q2 Holdings Inc,QTWO,,74736L109,,,75.0,4786.5,1.1729793491673908,,,,,KYC,2026-08-21,,,,,,,,,,,,,161001.0,2026-08-21T00:00:00.000Z,63.8200,406246.50,15000.00,3.0,,Corgi_Adv.40C8.C8_ETF_Holdings.csv,2026-08-20T23:38:01.712Z,,
Remitly Global Inc,RELY,,75960P104,,,177.0,4373.67,1.0718112587638027,,,,,KYC,2026-08-21,,,,,,,,,,,,,161002.0,2026-08-21T00:00:00.000Z,24.7100,406246.50,15000.00,3.0,,Corgi_Adv.40C8.C8_ETF_Holdings.csv,2026-08-20T23:38:01.712Z,,
Repay Holdings Corp,RPAY,,76029L100,,,324.0,1250.64,0.30648174934559813,,,,,KYC,2026-08-21,,,,,,,,,,,,,161004.0,2026-08-21T00:00:00.000Z,3.8600,406246.50,15000.00,3.0,,Corgi_Adv.40C8.C8_ETF_Holdings.csv,2026-08-20T23:38:01.712Z,,
Sea Ltd,SE,,81141R100,,,141.0,16530.84,4.0510464732874265,,,,,KYC,2026-08-21,,,,,,,,,,,,,161006.0,2026-08-21T00:00:00.000Z,117.2400,406246.50,15000.00,3.0,,Corgi_Adv.40C8.C8_ETF_Holdings.csv,2026-08-20T23:38:01.712Z,,
MARQETA INC,MQ,,57142B203,,,171.0,2701.8,0.6621029156127559,,,,,KYC,2026-08-21,,,,,,,,,,,,,160990.0,2026-08-21T00:00:00.000Z,15.8000,406246.50,15000.00,3.0,,Corgi_Adv.40C8.C8_ETF_Holdings.csv,2026-08-20T23:38:01.712Z,,
SoFi Technologies Inc,SOFI,,83406F102,,,453.0,8117.76,1.9893376875581483,,,,,KYC,2026-08-21,,,,,,,,,,,,,161007.0,2026-08-21T00:00:00.000Z,17.9200,406246.50,15000.00,3.0,,Corgi_Adv.40C8.C8_ETF_Holdings.csv,2026-08-20T23:38:01.712Z,,
StoneCo Ltd,STNE,,G85158106,,,330.0,3022.8,0.7407671527552885,,,,,KYC,2026-08-21,,,,,,,,,,,,,161008.0,2026-08-21T00:00:00.000Z,9.1600,406246.50,15000.00,3.0,,Corgi_Adv.40C8.C8_ETF_Holdings.csv,2026-08-20T23:38:01.712Z,,
Toast Inc,TOST,,888787108,,,243.0,8582.76,2.103290554446864,,,,,KYC,2026-08-21,,,,,,,,,,,,,161009.0,2026-08-21T00:00:00.000Z,35.3200,406246.50,15000.00,3.0,,Corgi_Adv.40C8.C8_ETF_Holdings.csv,2026-08-20T23:38:01.712Z,,
LendingTree Inc,TREE,,52603B107,,,33.0,1009.47,0.24738064631860562,,,,,KYC,2026-08-21,,,,,,,,,,,,,161010.0,2026-08-21T00:00:00.000Z,30.5900,406246.50,15000.00,3.0,,Corgi_Adv.40C8.C8_ETF_Holdings.csv,2026-08-20T23:38:01.712Z,,
Upstart Holdings Inc,UPST,,91680M107,,,102.0,2943.72,0.7213878135863431,,,,,KYC,2026-08-21,,,,,,,,,,,,,161011.0,2026-08-21T00:00:00.000Z,28.8600,406246.50,15000.00,3.0,,Corgi_Adv.40C8.C8_ETF_Holdings.csv,2026-08-20T23:38:01.712Z,,
Visa Inc,V,,92826C839,,,102.0,37304.46,9.141828311258948,,,,,KYC,2026-08-21,,,,,,,,,,,,,161012.0,2026-08-21T00:00:00.000Z,365.7300,406246.50,15000.00,3.0,,Corgi_Adv.40C8.C8_ETF_Holdings.csv,2026-08-20T23:38:01.712Z,,
WEX Inc,WEX,,96208T104,,,33.0,6529.05,1.600008528085522,,,,,KYC,2026-08-21,,,,,,,,,,,,,161013.0,2026-08-21T00:00:00.000Z,197.8500,406246.50,15000.00,3.0,,Corgi_Adv.40C8.C8_ETF_Holdings.csv,2026-08-20T23:38:01.712Z,,
Wealthfront Corp,WLTH,,947002101,,,231.0,2115.96,0.518537006928702,,,,,KYC,2026-08-21,,,,,,,,,,,,,161014.0,2026-08-21T00:00:00.000Z,9.1600,406246.50,15000.00,3.0,,Corgi_Adv.40C8.C8_ETF_Holdings.csv,2026-08-20T23:38:01.712Z,,
Western Union Co/The,WU,,959802109,,,411.0,2996.19,0.7342461080501085,,,,,KYC,2026-08-21,,,,,,,,,,,,,161015.0,2026-08-21T00:00:00.000Z,7.2900,406246.50,15000.00,3.0,,Corgi_Adv.40C8.C8_ETF_Holdings.csv,2026-08-20T23:38:01.712Z,,
Block Inc,XYZ,,852234103,,,141.0,11291.28,2.767040272781108,,,,,KYC,2026-08-21,,,,,,,,,,,,,161016.0,2026-08-21T00:00:00.000Z,80.0800,406246.50,15000.00,3.0,,Corgi_Adv.40C8.C8_ETF_Holdings.csv,2026-08-20T23:38:01.712Z,,
Cash & Other,Cash&Other,,Cash&Other,,,8.22,8.22,0.0020143926146779386,,,,,KYC,2026-08-21,,,,,,,,,,,,,161017.0,2026-08-21T00:00:00.000Z,1.0000,406246.50,15000.00,3.0,Y,Corgi_Adv.40C8.C8_ETF_Holdings.csv,2026-08-20T23:38:01.712Z,,
Ally Financial Inc,ALLY,,02005N100,,,147.0,6216.63,1.523446905132033,,,,,KYC,2026-08-21,,,,,,,,,,,,,160962.0,2026-08-21T00:00:00.000Z,42.2900,406246.50,15000.00,3.0,,Corgi_Adv.40C8.C8_ETF_Holdings.csv,2026-08-20T23:38:01.712Z,,
nCino Inc,NCNO,,63947X101,,,165.0,3359.4,0.8232543247869909,,,,,KYC,2026-08-21,,,,,,,,,,,,,160991.0,2026-08-21T00:00:00.000Z,20.3600,406246.50,15000.00,3.0,,Corgi_Adv.40C8.C8_ETF_Holdings.csv,2026-08-20T23:38:01.712Z,,
Rocket Cos Inc,RKT,,77311W101,,,456.0,6411.36,1.5711674250658816,,,,,KYC,2026-08-21,,,,,,,,,,,,,161003.0,2026-08-21T00:00:00.000Z,14.0600,406246.50,15000.00,3.0,,Corgi_Adv.40C8.C8_ETF_Holdings.csv,2026-08-20T23:38:01.712Z,,
Miami International Holdings Inc,MIAX,,59356Q108,,,84.0,3470.88,0.8505736056488276,,,,,KYC,2026-08-21,,,,,,,,,,,,,160989.0,2026-08-21T00:00:00.000Z,41.3200,406246.50,15000.00,3.0,,Corgi_Adv.40C8.C8_ETF_Holdings.csv,2026-08-20T23:38:01.712Z,,
Fidelity National Information Services Inc,FIS,,31620M106,,,198.0,8034.84,1.969017318262638,,,,,KYC,2026-08-21,,,,,,,,,,,,,160975.0,2026-08-21T00:00:00.000Z,40.5800,406246.50,15000.00,3.0,,Corgi_Adv.40C8.C8_ETF_Holdings.csv,2026-08-20T23:38:01.712Z,,
MercadoLibre Inc,MELI,,58733R102,,,9.0,17297.64,4.23895842668585,,,,,KYC,2026-08-21,,,,,,,,,,,,,160988.0,2026-08-21T00:00:00.000Z,1921.9600,406246.50,15000.00,3.0,,Corgi_Adv.40C8.C8_ETF_Holdings.csv,2026-08-20T23:38:01.712Z,,
Broadridge Financial Solutions Inc,BR,,11133T103,,,54.0,9639.0,2.3621326536351153,,,,,KYC,2026-08-21,,,,,,,,,,,,,160964.0,2026-08-21T00:00:00.000Z,178.5000,406246.50,15000.00,3.0,,Corgi_Adv.40C8.C8_ETF_Holdings.csv,2026-08-20T23:38:01.712Z,,
Chime Financial Inc,CHYM,,16935C109,,,213.0,6805.35,1.6677185864110107,,,,,KYC,2026-08-21,,,,,,,,,,,,,160965.0,2026-08-21T00:00:00.000Z,31.9500,406246.50,15000.00,3.0,,Corgi_Adv.40C8.C8_ETF_Holdings.csv,2026-08-20T23:38:01.712Z,,
Coinbase Global Inc,COIN,,19260Q107,,,54.0,9306.9,2.2807482512829806,,,,,KYC,2026-08-21,,,,,,,,,,,,,160966.0,2026-08-21T00:00:00.000Z,172.3500,406246.50,15000.00,3.0,,Corgi_Adv.40C8.C8_ETF_Holdings.csv,2026-08-20T23:38:01.712Z,,
Corpay Inc,CPAY,,219948106,,,27.0,11124.0,2.7260466478926255,,,,,KYC,2026-08-21,,,,,,,,,,,,,160967.0,2026-08-21T00:00:00.000Z,412.0000,406246.50,15000.00,3.0,,Corgi_Adv.40C8.C8_ETF_Holdings.csv,2026-08-20T23:38:01.712Z,,
Circle Internet Group Inc,CRCL,,172573107,,,84.0,7027.44,1.7221439459966337,,,,,KYC,2026-08-21,,,,,,,,,,,,,160968.0,2026-08-21T00:00:00.000Z,83.6600,406246.50,15000.00,3.0,,Corgi_Adv.40C8.C8_ETF_Holdings.csv,2026-08-20T23:38:01.712Z,,
Dave Inc,DAVE,,23834J201,,,12.0,4020.12,0.9851703209390599,,,,,KYC,2026-08-21,,,,,,,,,,,,,160969.0,2026-08-21T00:00:00.000Z,335.0100,406246.50,15000.00,3.0,,Corgi_Adv.40C8.C8_ETF_Holdings.csv,2026-08-20T23:38:01.712Z,,
Dlocal Ltd/Uruguay,DLO,,G29018101,,,192.0,2753.28,0.6747186007470163,,,,,KYC,2026-08-21,,,,,,,,,,,,,160970.0,2026-08-21T00:00:00.000Z,14.3400,406246.50,15000.00,3.0,,Corgi_Adv.40C8.C8_ETF_Holdings.csv,2026-08-20T23:38:01.712Z,,
Equifax Inc,EFX,,294429105,,,51.0,9812.91,2.404751025851495,,,,,KYC,2026-08-21,,,,,,,,,,,,,160971.0,2026-08-21T00:00:00.000Z,192.4100,406246.50,15000.00,3.0,,Corgi_Adv.40C8.C8_ETF_Holdings.csv,2026-08-20T23:38:01.712Z,,
Etoro Group Ltd,ETOR,,G32089107,,,81.0,2403.27,0.5889451750702005,,,,,KYC,2026-08-21,,,,,,,,,,,,,160972.0,2026-08-21T00:00:00.000Z,29.6700,406246.50,15000.00,3.0,,Corgi_Adv.40C8.C8_ETF_Holdings.csv,2026-08-20T23:38:01.712Z,,
First American Government Obligations Fund 12/01/2031,FGXXX,,31846V336,,,3990.51,3990.51,0.9779140964475013,,,,,KYC,2026-08-21,,,,,,,,,,,,,160973.0,2026-08-21T00:00:00.000Z,100.0000,406246.50,15000.00,3.0,Y,Corgi_Adv.40C8.C8_ETF_Holdings.csv,2026-08-20T23:38:01.712Z,,
Fair Isaac Corp,FICO,,303250104,,,9.0,10347.75,2.5358188781671087,,,,,KYC,2026-08-21,,,,,,,,,,,,,160974.0,2026-08-21T00:00:00.000Z,1149.7500,406246.50,15000.00,3.0,,Corgi_Adv.40C8.C8_ETF_Holdings.csv,2026-08-20T23:38:01.712Z,,
BILL Holdings Inc,BILL,,90043100,,,108.0,5119.2,1.2545107874768007,,,,,KYC,2026-08-21,,,,,,,,,,,,,160963.0,2026-08-21T00:00:00.000Z,47.4000,406246.50,15000.00,3.0,,Corgi_Adv.40C8.C8_ETF_Holdings.csv,2026-08-20T23:38:01.712Z,,
Fiserv Inc,FISV,,337738108,,,156.0,8015.28,1.9642239460554483,,,,,KYC,2026-08-21,,,,,,,,,,,,,160976.0,2026-08-21T00:00:00.000Z,51.3800,406246.50,15000.00,3.0,,Corgi_Adv.40C8.C8_ETF_Holdings.csv,2026-08-20T23:38:01.712Z,,
Robinhood Markets Inc,HOOD,,770700102,,,150.0,14265.0,3.495779884231239,,,,,KYC,2026-08-21,,,,,,,,,,,,,160982.0,2026-08-21T00:00:00.000Z,95.1000,406246.50,15000.00,3.0,,Corgi_Adv.40C8.C8_ETF_Holdings.csv,2026-08-20T23:38:01.712Z,,
Flywire Corp,FLYW,,302492103,,,198.0,3712.5,0.9097849856437767,,,,,KYC,2026-08-21,,,,,,,,,,,,,160977.0,2026-08-21T00:00:00.000Z,18.7500,406246.50,15000.00,3.0,,Corgi_Adv.40C8.C8_ETF_Holdings.csv,2026-08-20T23:38:01.712Z,,
Kaspi.KZ JSC,KSPI,,48581R205,,,84.0,8710.8,2.1346680277295116,,,,,KYC,2026-08-21,,,,,,,,,,,,,160986.0,2026-08-21T00:00:00.000Z,103.7000,406246.50,15000.00,3.0,,Corgi_Adv.40C8.C8_ETF_Holdings.csv,2026-08-20T23:38:01.712Z,,
Jack Henry & Associates Inc,JKHY,,426281101,,,45.0,7428.6,1.8204521870312085,,,,,KYC,2026-08-21,,,,,,,,,,,,,160985.0,2026-08-21T00:00:00.000Z,165.0800,406246.50,15000.00,3.0,,Corgi_Adv.40C8.C8_ETF_Holdings.csv,2026-08-20T23:38:01.712Z,,
Intuit Inc,INTU,,461202103,,,42.0,15198.54,3.7245531301565977,,,,,KYC,2026-08-21,,,,,,,,,,,,,160984.0,2026-08-21T00:00:00.000Z,361.8700,406246.50,15000.00,3.0,,Corgi_Adv.40C8.C8_ETF_Holdings.csv,2026-08-20T23:38:01.712Z,,
Inter & Co Inc,INTR,,G4R20B107,,,438.0,2277.6,0.5581484938187922,,,,,KYC,2026-08-21,,,,,,,,,,,,,160983.0,2026-08-21T00:00:00.000Z,5.2000,406246.50,15000.00,3.0,,Corgi_Adv.40C8.C8_ETF_Holdings.csv,2026-08-20T23:38:01.712Z,,
Mastercard Inc,MA,,57636Q104,,,57.0,32709.45,8.015775487856118,,,,,KYC,2026-08-21,,,,,,,,,,,,,160987.0,2026-08-21T00:00:00.000Z,573.8500,406246.50,15000.00,3.0,,Corgi_Adv.40C8.C8_ETF_Holdings.csv,2026-08-20T23:38:01.712Z,,
Global Payments Inc,GPN,,37940X102,,,111.0,10243.08,2.5101684554203523,,,,,KYC,2026-08-21,,,,,,,,,,,,,160981.0,2026-08-21T00:00:00.000Z,92.2800,406246.50,15000.00,3.0,,Corgi_Adv.40C8.C8_ETF_Holdings.csv,2026-08-20T23:38:01.712Z,,
Green Dot Corp,GDOT,,39304D102,,,162.0,2161.08,0.5295941109158393,,,,,KYC,2026-08-21,,,,,,,,,,,,,160979.0,2026-08-21T00:00:00.000Z,13.3400,406246.50,15000.00,3.0,,Corgi_Adv.40C8.C8_ETF_Holdings.csv,2026-08-20T23:38:01.712Z,,
Shift4 Payments Inc,FOUR,,82452J109,,,78.0,3733.08,0.9148283189783354,,,,,KYC,2026-08-21,,,,,,,,,,,,,160978.0,2026-08-21T00:00:00.000Z,47.8600,406246.50,15000.00,3.0,,Corgi_Adv.40C8.C8_ETF_Holdings.csv,2026-08-20T23:38:01.712Z,,
Global-e Online Ltd,GLBE,,M5216V106,,,132.0,5384.28,1.3194712734012322,,,,,KYC,2026-08-21,,,,,,,,,,,,,160980.0,2026-08-21T00:00:00.000Z,40.7900,406246.50,15000.00,3.0,,Corgi_Adv.40C8.C8_ETF_Holdings.csv,2026-08-20T23:38:01.712Z,,
Open Lending Corp,LPRO,,68373J104,,,582.0,1827.48,0.44784211867051565,,,,,KYC,2026-08-21,,,,,,,,,,,,,118958.0,2026-07-30T00:00:00.000Z,3.1400,395998.50,15000.00,3.0,,Corgi_Adv.40C8.C8_ETF_Holdings.csv,2026-07-29T23:38:00.905Z,,
Absci Corp,ABSI,,00091E109,,,1953.0,18123.84,1.1469001598143926,,,,,GNMX,2026-08-21,,,,,,,,,,,,,160739.0,2026-08-21T00:00:00.000Z,9.2800,1580278.50,45000.00,9.0,,Corgi_Adv.40C8.C8_ETF_Holdings.csv,2026-08-20T23:38:01.712Z,,
STANDARD BIOTOOLS INC,LAB,,34385P108,,,6993.0,4519.58,0.28600489875732366,,,,,GNMX,2026-08-21,,,,,,,,,,,,,160769.0,2026-08-21T00:00:00.000Z,0.6463,1580278.50,45000.00,9.0,,Corgi_Adv.40C8.C8_ETF_Holdings.csv,2026-08-20T23:38:01.712Z,,
Myriad Genetics Inc,MYGN,,62855J104,,,1575.0,5071.5,0.32093111396363533,,,,,GNMX,2026-08-21,,,,,,,,,,,,,160771.0,2026-08-21T00:00:00.000Z,3.2200,1580278.50,45000.00,9.0,,Corgi_Adv.40C8.C8_ETF_Holdings.csv,2026-08-20T23:38:01.712Z,,
NeoGenomics Inc,NEO,,64049M209,,,1314.0,21720.42,1.374496418487237,,,,,GNMX,2026-08-21,,,,,,,,,,,,,160772.0,2026-08-21T00:00:00.000Z,16.5300,1580278.50,45000.00,9.0,,Corgi_Adv.40C8.C8_ETF_Holdings.csv,2026-08-20T23:38:01.712Z,,
Nurix Therapeutics Inc,NRIX,,67080M103,,,810.0,21910.5,1.3865249280292284,,,,,GNMX,2026-08-21,,,,,,,,,,,,,160773.0,2026-08-21T00:00:00.000Z,27.0500,1580278.50,45000.00,9.0,,Corgi_Adv.40C8.C8_ETF_Holdings.csv,2026-08-20T23:38:01.712Z,,
Intellia Therapeutics Inc,NTLA,,45826J105,,,963.0,11979.72,0.7580922576303739,,,,,GNMX,2026-08-21,,,,,,,,,,,,,160774.0,2026-08-21T00:00:00.000Z,12.4400,1580278.50,45000.00,9.0,,Corgi_Adv.40C8.C8_ETF_Holdings.csv,2026-08-20T23:38:01.712Z,,
Pacific Biosciences of California Inc,PACB,,69404D108,,,4788.0,5889.24,0.3726787643890761,,,,,GNMX,2026-08-21,,,,,,,,,,,,,160775.0,2026-08-21T00:00:00.000Z,1.2300,1580278.50,45000.00,9.0,,Corgi_Adv.40C8.C8_ETF_Holdings.csv,2026-08-20T23:38:01.712Z,,
Prime Medicine Inc,PRME,,74168J101,,,1953.0,6327.72,0.40042634890071466,,,,,GNMX,2026-08-21,,,,,,,,,,,,,160776.0,2026-08-21T00:00:00.000Z,3.2400,1580278.50,45000.00,9.0,,Corgi_Adv.40C8.C8_ETF_Holdings.csv,2026-08-20T23:38:01.712Z,,
Personalis Inc,PSNL,,71535D106,,,1278.0,21572.64,1.3651447079437007,,,,,GNMX,2026-08-21,,,,,,,,,,,,,160777.0,2026-08-21T00:00:00.000Z,16.8800,1580278.50,45000.00,9.0,,Corgi_Adv.40C8.C8_ETF_Holdings.csv,2026-08-20T23:38:01.712Z,,
QIAGEN NV,QGEN,,N72482156,,,702.0,31519.8,1.9946139260398288,,,,,GNMX,2026-08-21,,,,,,,,,,,,,160778.0,2026-08-21T00:00:00.000Z,44.9000,1580278.50,45000.00,9.0,,Corgi_Adv.40C8.C8_ETF_Holdings.csv,2026-08-20T23:38:01.712Z,,
uniQure NV,QURE,,N90064101,,,612.0,29920.68,1.8934195332642143,,,,,GNMX,2026-08-21,,,,,,,,,,,,,160779.0,2026-08-21T00:00:00.000Z,48.8900,1580278.50,45000.00,9.0,,Corgi_Adv.40C8.C8_ETF_Holdings.csv,2026-08-20T23:38:01.712Z,,
Ultragenyx Pharmaceutical Inc,RARE,,90400D108,,,612.0,15495.84,0.9805969028891371,,,,,GNMX,2026-08-21,,,,,,,,,,,,,160780.0,2026-08-21T00:00:00.000Z,25.3200,1580278.50,45000.00,9.0,,Corgi_Adv.40C8.C8_ETF_Holdings.csv,2026-08-20T23:38:01.712Z,,
Rocket Pharmaceuticals Inc,RCKT,,77313F106,,,1917.0,6671.16,0.42215967864135767,,,,,GNMX,2026-08-21,,,,,,,,,,,,,160781.0,2026-08-21T00:00:00.000Z,3.4800,1580278.50,45000.00,9.0,,Corgi_Adv.40C8.C8_ETF_Holdings.csv,2026-08-20T23:38:01.712Z,,
Relay Therapeutics Inc,RLAY,,75943R102,,,909.0,17907.3,1.133197227069113,,,,,GNMX,2026-08-21,,,,,,,,,,,,,160782.0,2026-08-21T00:00:00.000Z,19.7000,1580278.50,45000.00,9.0,,Corgi_Adv.40C8.C8_ETF_Holdings.csv,2026-08-20T23:38:01.712Z,,
Revolution Medicines Inc,RVMD,,76155X100,,,279.0,59074.07,3.7382839576980715,,,,,GNMX,2026-08-21,,,,,,,,,,,,,160783.0,2026-08-21T00:00:00.000Z,211.7350,1580278.50,45000.00,9.0,,Corgi_Adv.40C8.C8_ETF_Holdings.csv,2026-08-20T23:38:01.712Z,,
Recursion Pharmaceuticals Inc,RXRX,,75629V104,,,3816.0,12745.44,0.8065480148194175,,,,,GNMX,2026-08-21,,,,,,,,,,,,,160784.0,2026-08-21T00:00:00.000Z,3.3400,1580278.50,45000.00,9.0,,Corgi_Adv.40C8.C8_ETF_Holdings.csv,2026-08-20T23:38:01.712Z,,
Schrodinger Inc/United States,SDGR,,80810D103,,,819.0,16036.02,1.0147801956311022,,,,,GNMX,2026-08-21,,,,,,,,,,,,,160785.0,2026-08-21T00:00:00.000Z,19.5800,1580278.50,45000.00,9.0,,Corgi_Adv.40C8.C8_ETF_Holdings.csv,2026-08-20T23:38:01.712Z,,
Solid Biosciences Inc,SLDB,,83422E204,,,1143.0,10401.3,0.6582077877688967,,,,,GNMX,2026-08-21,,,,,,,,,,,,,160786.0,2026-08-21T00:00:00.000Z,9.1000,1580278.50,45000.00,9.0,,Corgi_Adv.40C8.C8_ETF_Holdings.csv,2026-08-20T23:38:01.712Z,,
Sophia Genetics SA,SOPH,,H82027105,,,1269.0,10570.77,0.6689320697137685,,,,,GNMX,2026-08-21,,,,,,,,,,,,,160787.0,2026-08-21T00:00:00.000Z,8.3300,1580278.50,45000.00,9.0,,Corgi_Adv.40C8.C8_ETF_Holdings.csv,2026-08-20T23:38:01.712Z,,
Sarepta Therapeutics Inc,SRPT,,803607100,,,756.0,14530.32,0.9194975419201596,,,,,GNMX,2026-08-21,,,,,,,,,,,,,160788.0,2026-08-21T00:00:00.000Z,19.2200,1580278.50,45000.00,9.0,,Corgi_Adv.40C8.C8_ETF_Holdings.csv,2026-08-20T23:38:01.712Z,,
Bio-Techne Corp,TECH,,09073M104,,,495.0,35778.6,2.2641163273310307,,,,,GNMX,2026-08-21,,,,,,,,,,,,,160789.0,2026-08-21T00:00:00.000Z,72.2800,1580278.50,45000.00,9.0,,Corgi_Adv.40C8.C8_ETF_Holdings.csv,2026-08-20T23:38:01.712Z,,
Tempus AI Inc,TEM,,88023B103,,,423.0,28192.95,1.784086532469895,,,,,GNMX,2026-08-21,,,,,,,,,,,,,160790.0,2026-08-21T00:00:00.000Z,66.6500,1580278.50,45000.00,9.0,,Corgi_Adv.40C8.C8_ETF_Holdings.csv,2026-08-20T23:38:01.712Z,,
Thermo Fisher Scientific Inc,TMO,,883556102,,,216.0,135550.8,8.577830867132393,,,,,GNMX,2026-08-21,,,,,,,,,,,,,160791.0,2026-08-21T00:00:00.000Z,627.5500,1580278.50,45000.00,9.0,,Corgi_Adv.40C8.C8_ETF_Holdings.csv,2026-08-20T23:38:01.712Z,,
Twist Bioscience Corp,TWST,,90184D100,,,279.0,38036.07,2.4069719640932288,,,,,GNMX,2026-08-21,,,,,,,,,,,,,160792.0,2026-08-21T00:00:00.000Z,136.3300,1580278.50,45000.00,9.0,,Corgi_Adv.40C8.C8_ETF_Holdings.csv,2026-08-20T23:38:01.712Z,,
10X Genomics Inc,TXG,,88025U109,,,729.0,46561.23,2.946455173305144,,,,,GNMX,2026-08-21,,,,,,,,,,,,,160793.0,2026-08-21T00:00:00.000Z,63.8700,1580278.50,45000.00,9.0,,Corgi_Adv.40C8.C8_ETF_Holdings.csv,2026-08-20T23:38:01.712Z,,
Veracyte Inc,VCYT,,92337F107,,,477.0,19933.83,1.2614386803631534,,,,,GNMX,2026-08-21,,,,,,,,,,,,,160794.0,2026-08-21T00:00:00.000Z,41.7900,1580278.50,45000.00,9.0,,Corgi_Adv.40C8.C8_ETF_Holdings.csv,2026-08-20T23:38:01.712Z,,
Vertex Pharmaceuticals Inc,VRTX,,92532F100,,,189.0,102109.14,6.461599141490446,,,,,GNMX,2026-08-21,,,,,,,,,,,,,160795.0,2026-08-21T00:00:00.000Z,540.2600,1580278.50,45000.00,9.0,,Corgi_Adv.40C8.C8_ETF_Holdings.csv,2026-08-20T23:38:01.712Z,,
GeneDx Holdings Corp,WGS,,81663L200,,,180.0,14859.0,0.9402968396698526,,,,,GNMX,2026-08-21,,,,,,,,,,,,,160796.0,2026-08-21T00:00:00.000Z,82.5500,1580278.50,45000.00,9.0,,Corgi_Adv.40C8.C8_ETF_Holdings.csv,2026-08-20T23:38:01.712Z,,
Cash & Other,Cash&Other,,Cash&Other,,,-232.18,-232.18,-0.01469265228040557,,,,,GNMX,2026-08-21,,,,,,,,,,,,,160797.0,2026-08-21T00:00:00.000Z,1.0000,1580278.50,45000.00,9.0,Y,Corgi_Adv.40C8.C8_ETF_Holdings.csv,2026-08-20T23:38:01.712Z,,
Moderna Inc,MRNA,,60770K107,,,747.0,99590.04,6.302187218156955,,,,,GNMX,2026-08-21,,,,,,,,,,,,,160770.0,2026-08-21T00:00:00.000Z,133.3200,1580278.50,45000.00,9.0,,Corgi_Adv.40C8.C8_ETF_Holdings.csv,2026-08-20T23:38:01.712Z,,
Adaptive Biotechnologies Corp,ADPT,,00650F109,,,1062.0,27017.28,1.709688606263915,,,,,GNMX,2026-08-21,,,,,,,,,,,,,160740.0,2026-08-21T00:00:00.000Z,25.4400,1580278.50,45000.00,9.0,,Corgi_Adv.40C8.C8_ETF_Holdings.csv,2026-08-20T23:38:01.712Z,,
Krystal Biotech Inc,KRYS,,501147102,,,90.0,30331.8,1.9194357414023846,,,,,GNMX,2026-08-21,,,,,,,,,,,,,160768.0,2026-08-21T00:00:00.000Z,337.0200,1580278.50,45000.00,9.0,,Corgi_Adv.40C8.C8_ETF_Holdings.csv,2026-08-20T23:38:01.712Z,,
Castle Biosciences Inc,CSTL,,14843C105,,,378.0,12447.54,0.7876965154898767,,,,,GNMX,2026-08-21,,,,,,,,,,,,,160753.0,2026-08-21T00:00:00.000Z,32.9300,1580278.50,45000.00,9.0,,Corgi_Adv.40C8.C8_ETF_Holdings.csv,2026-08-20T23:38:01.712Z,,
Alnylam Pharmaceuticals Inc,ALNY,,02043Q107,,,180.0,41274.0,2.6118723844493905,,,,,GNMX,2026-08-21,,,,,,,,,,,,,160741.0,2026-08-21T00:00:00.000Z,229.3000,1580278.50,45000.00,9.0,,Corgi_Adv.40C8.C8_ETF_Holdings.csv,2026-08-20T23:38:01.712Z,,
Arcturus Therapeutics Holdings Inc,ARCT,,03969T109,,,648.0,7121.52,0.4506590449993707,,,,,GNMX,2026-08-21,,,,,,,,,,,,,160742.0,2026-08-21T00:00:00.000Z,10.9900,1580278.50,45000.00,9.0,,Corgi_Adv.40C8.C8_ETF_Holdings.csv,2026-08-20T23:38:01.712Z,,
Arrowhead Pharmaceuticals Inc,ARWR,,04280A100,,,369.0,32276.43,2.0424944562100555,,,,,GNMX,2026-08-21,,,,,,,,,,,,,160743.0,2026-08-21T00:00:00.000Z,87.4700,1580278.50,45000.00,9.0,,Corgi_Adv.40C8.C8_ETF_Holdings.csv,2026-08-20T23:38:01.712Z,,
Azenta Inc,AZTA,,114340102,,,405.0,14786.55,0.935712109470372,,,,,GNMX,2026-08-21,,,,,,,,,,,,,160744.0,2026-08-21T00:00:00.000Z,36.5100,1580278.50,45000.00,9.0,,Corgi_Adv.40C8.C8_ETF_Holdings.csv,2026-08-20T23:38:01.712Z,,
Biodesix Inc,BDSX,,09075X207,,,378.0,9083.34,0.5748055653574775,,,,,GNMX,2026-08-21,,,,,,,,,,,,,160745.0,2026-08-21T00:00:00.000Z,24.0300,1580278.50,45000.00,9.0,,Corgi_Adv.40C8.C8_ETF_Holdings.csv,2026-08-20T23:38:01.712Z,,
Beam Therapeutics Inc,BEAM,,07373V105,,,576.0,16352.64,1.0348163209003847,,,,,GNMX,2026-08-21,,,,,,,,,,,,,160746.0,2026-08-21T00:00:00.000Z,28.3900,1580278.50,45000.00,9.0,,Corgi_Adv.40C8.C8_ETF_Holdings.csv,2026-08-20T23:38:01.712Z,,
BioMarin Pharmaceutical Inc,BMRN,,09061G101,,,567.0,38374.56,2.4283920513978825,,,,,GNMX,2026-08-21,,,,,,,,,,,,,160747.0,2026-08-21T00:00:00.000Z,67.6800,1580278.50,45000.00,9.0,,Corgi_Adv.40C8.C8_ETF_Holdings.csv,2026-08-20T23:38:01.712Z,,
Caris Life Sciences Inc,CAI,,142152107,,,720.0,17697.6,1.1199271384172003,,,,,GNMX,2026-08-21,,,,,,,,,,,,,160748.0,2026-08-21T00:00:00.000Z,24.5800,1580278.50,45000.00,9.0,,Corgi_Adv.40C8.C8_ETF_Holdings.csv,2026-08-20T23:38:01.712Z,,
CareDx Inc,CDNA,,14167L103,,,486.0,22837.14,1.4451639120464348,,,,,GNMX,2026-08-21,,,,,,,,,,,,,160749.0,2026-08-21T00:00:00.000Z,46.9900,1580278.50,45000.00,9.0,,Corgi_Adv.40C8.C8_ETF_Holdings.csv,2026-08-20T23:38:01.712Z,,
Certara Inc,CERT,,15687V109,,,1485.0,12964.05,0.8203819398561109,,,,,GNMX,2026-08-21,,,,,,,,,,,,,160750.0,2026-08-21T00:00:00.000Z,8.7300,1580278.50,45000.00,9.0,,Corgi_Adv.40C8.C8_ETF_Holdings.csv,2026-08-20T23:38:01.712Z,,
Caribou Biosciences Inc,CRBU,,142038108,,,2502.0,4028.22,0.25491099909111603,,,,,GNMX,2026-08-21,,,,,,,,,,,,,160751.0,2026-08-21T00:00:00.000Z,1.6100,1580278.50,45000.00,9.0,,Corgi_Adv.40C8.C8_ETF_Holdings.csv,2026-08-20T23:38:01.712Z,,
CRISPR Therapeutics AG,CRSP,,H17182108,,,423.0,24584.76,1.5557555779017298,,,,,GNMX,2026-08-21,,,,,,,,,,,,,160752.0,2026-08-21T00:00:00.000Z,58.1200,1580278.50,45000.00,9.0,,Corgi_Adv.40C8.C8_ETF_Holdings.csv,2026-08-20T23:38:01.712Z,,
Iovance Biotherapeutics Inc,IOVA,,462260100,,,3663.0,32930.37,2.083876629662758,,,,,GNMX,2026-08-21,,,,,,,,,,,,,160767.0,2026-08-21T00:00:00.000Z,8.9900,1580278.50,45000.00,9.0,,Corgi_Adv.40C8.C8_ETF_Holdings.csv,2026-08-20T23:38:01.712Z,,
Precision BioSciences Inc,DTIL,,74019P207,,,675.0,5886.0,0.37247373297642855,,,,,GNMX,2026-08-21,,,,,,,,,,,,,160754.0,2026-08-21T00:00:00.000Z,8.7200,1580278.50,45000.00,9.0,,Corgi_Adv.40C8.C8_ETF_Holdings.csv,2026-08-20T23:38:01.712Z,,
Genmab A/S,GMAB,,372303206,,,1368.0,45704.88,2.8922642318789857,,,,,GNMX,2026-08-21,,,,,,,,,,,,,160761.0,2026-08-21T00:00:00.000Z,33.4100,1580278.50,45000.00,9.0,,Corgi_Adv.40C8.C8_ETF_Holdings.csv,2026-08-20T23:38:01.712Z,,
Ionis Pharmaceuticals Inc,IONS,,462222100,,,432.0,25384.32,1.6063527742895372,,,,,GNMX,2026-08-21,,,,,,,,,,,,,160766.0,2026-08-21T00:00:00.000Z,58.7600,1580278.50,45000.00,9.0,,Corgi_Adv.40C8.C8_ETF_Holdings.csv,2026-08-20T23:38:01.712Z,,
Incyte Corp,INCY,,45337C102,,,378.0,48089.16,3.0431445703195297,,,,,GNMX,2026-08-21,,,,,,,,,,,,,160765.0,2026-08-21T00:00:00.000Z,127.2200,1580278.50,45000.00,9.0,,Corgi_Adv.40C8.C8_ETF_Holdings.csv,2026-08-20T23:38:01.712Z,,
Illumina Inc,ILMN,,452327109,,,297.0,63332.28,4.007749023022155,,,,,GNMX,2026-08-21,,,,,,,,,,,,,160764.0,2026-08-21T00:00:00.000Z,213.2400,1580278.50,45000.00,9.0,,Corgi_Adv.40C8.C8_ETF_Holdings.csv,2026-08-20T23:38:01.712Z,,
Ideaya Biosciences Inc,IDYA,,45166A102,,,558.0,21823.38,1.3810118611558158,,,,,GNMX,2026-08-21,,,,,,,,,,,,,160763.0,2026-08-21T00:00:00.000Z,39.1100,1580278.50,45000.00,9.0,,Corgi_Adv.40C8.C8_ETF_Holdings.csv,2026-08-20T23:38:01.712Z,,
GRAIL Inc,GRAL,,384747101,,,270.0,21051.9,1.3321916036776211,,,,,GNMX,2026-08-21,,,,,,,,,,,,,160762.0,2026-08-21T00:00:00.000Z,77.9700,1580278.50,45000.00,9.0,,Corgi_Adv.40C8.C8_ETF_Holdings.csv,2026-08-20T23:38:01.712Z,,
Editas Medicine Inc,EDIT,,28106W103,,,2106.0,6191.64,0.3918150295695165,,,,,GNMX,2026-08-21,,,,,,,,,,,,,160755.0,2026-08-21T00:00:00.000Z,2.9400,1580278.50,45000.00,9.0,,Corgi_Adv.40C8.C8_ETF_Holdings.csv,2026-08-20T23:38:01.712Z,,
Guardant Health Inc,GH,,40131M109,,,351.0,58925.88,3.728906301821453,,,,,GNMX,2026-08-21,,,,,,,,,,,,,160760.0,2026-08-21T00:00:00.000Z,167.8800,1580278.50,45000.00,9.0,,Corgi_Adv.40C8.C8_ETF_Holdings.csv,2026-08-20T23:38:01.712Z,,
Fulgent Genetics Inc,FLGT,,359664109,,,423.0,8426.16,0.5332183604921276,,,,,GNMX,2026-08-21,,,,,,,,,,,,,160758.0,2026-08-21T00:00:00.000Z,19.9200,1580278.50,45000.00,9.0,,Corgi_Adv.40C8.C8_ETF_Holdings.csv,2026-08-20T23:38:01.712Z,,
First American Government Obligations Fund 12/01/2031,FGXXX,,31846V336,,,43100.98,43100.98,2.7274860542885473,,,,,GNMX,2026-08-21,,,,,,,,,,,,,160757.0,2026-08-21T00:00:00.000Z,100.0000,1580278.50,45000.00,9.0,Y,Corgi_Adv.40C8.C8_ETF_Holdings.csv,2026-08-20T23:38:01.712Z,,
4D Molecular Therapeutics Inc,FDMT,,35104E100,,,855.0,13765.5,0.8710987379012958,,,,,GNMX,2026-08-21,,,,,,,,,,,,,160756.0,2026-08-21T00:00:00.000Z,16.1000,1580278.50,45000.00,9.0,,Corgi_Adv.40C8.C8_ETF_Holdings.csv,2026-08-20T23:38:01.712Z,,
Generate Biomedicines Inc,GENB,,370920100,,,756.0,12088.44,0.7649722005881037,,,,,GNMX,2026-08-21,,,,,,,,,,,,,160759.0,2026-08-21T00:00:00.000Z,15.9900,1580278.50,45000.00,9.0,,Corgi_Adv.40C8.C8_ETF_Holdings.csv,2026-08-20T23:38:01.712Z,,
American Airlines Group Inc,AAL,,02376R102,,,738.0,9977.76,1.2010850327265625,,,,,AV,2026-08-21,,,,,,,,,,,,,159187.0,2026-08-21T00:00:00.000Z,13.5200,830745.00,30000.00,6.0,,Corgi_Adv.40C8.C8_ETF_Holdings.csv,2026-08-20T23:38:01.712Z,,
Ryanair Holdings PLC,RYAAY,,783513203,,,354.0,19296.54,2.3228445440068137,,,,,AV,2026-08-21,,,,,,,,,,,,,159219.0,2026-08-21T00:00:00.000Z,54.5100,830745.00,30000.00,6.0,,Corgi_Adv.40C8.C8_ETF_Holdings.csv,2026-08-20T23:38:01.712Z,,
JetBlue Airways Corp,JBLU,,477143101,,,732.0,3469.68,0.41766696296069455,,,,,AV,2026-08-21,,,,,,,,,,,,,159210.0,2026-08-21T00:00:00.000Z,4.7400,830745.00,30000.00,6.0,,Corgi_Adv.40C8.C8_ETF_Holdings.csv,2026-08-20T23:38:01.712Z,,
Joby Aviation Inc,JOBY,,G65163100,,,882.0,6685.56,0.8047824412889666,,,,,AV,2026-08-21,,,,,,,,,,,,,159211.0,2026-08-21T00:00:00.000Z,7.5800,830745.00,30000.00,6.0,,Corgi_Adv.40C8.C8_ETF_Holdings.csv,2026-08-20T23:38:01.712Z,,
Lockheed Martin Corp,LMT,,539830109,,,72.0,41146.56,4.953067358223235,,,,,AV,2026-08-21,,,,,,,,,,,,,159212.0,2026-08-21T00:00:00.000Z,571.4800,830745.00,30000.00,6.0,,Corgi_Adv.40C8.C8_ETF_Holdings.csv,2026-08-20T23:38:01.712Z,,
Loar Holdings Inc,LOAR,,53947R105,,,96.0,7139.52,0.8594284301137678,,,,,AV,2026-08-21,,,,,,,,,,,,,159213.0,2026-08-21T00:00:00.000Z,74.3700,830745.00,30000.00,6.0,,Corgi_Adv.40C8.C8_ETF_Holdings.csv,2026-08-20T23:38:01.712Z,,
Southwest Airlines Co,LUV,,844741108,,,384.0,15317.76,1.8438940474512948,,,,,AV,2026-08-21,,,,,,,,,,,,,159214.0,2026-08-21T00:00:00.000Z,39.8900,830745.00,30000.00,6.0,,Corgi_Adv.40C8.C8_ETF_Holdings.csv,2026-08-20T23:38:01.712Z,,
Moog Inc,MOG/A,,615394202,,,30.0,11445.6,1.3777780634706733,,,,,AV,2026-08-21,,,,,,,,,,,,,159215.0,2026-08-21T00:00:00.000Z,381.5200,830745.00,30000.00,6.0,,Corgi_Adv.40C8.C8_ETF_Holdings.csv,2026-08-20T23:38:01.712Z,,
Northrop Grumman Corp,NOC,,666807102,,,66.0,37214.76,4.479772136482655,,,,,AV,2026-08-21,,,,,,,,,,,,,159216.0,2026-08-21T00:00:00.000Z,563.8600,830745.00,30000.00,6.0,,Corgi_Adv.40C8.C8_ETF_Holdings.csv,2026-08-20T23:38:01.712Z,,
RTX Corp,RTX,,75513E101,,,396.0,84066.84,10.11964842535987,,,,,AV,2026-08-21,,,,,,,,,,,,,159218.0,2026-08-21T00:00:00.000Z,212.2900,830745.00,30000.00,6.0,,Corgi_Adv.40C8.C8_ETF_Holdings.csv,2026-08-20T23:38:01.712Z,,
SkyWest Inc,SKYW,,830879102,,,72.0,7256.52,0.8735124478521188,,,,,AV,2026-08-21,,,,,,,,,,,,,159220.0,2026-08-21T00:00:00.000Z,100.7850,830745.00,30000.00,6.0,,Corgi_Adv.40C8.C8_ETF_Holdings.csv,2026-08-20T23:38:01.712Z,,
Howmet Aerospace Inc,HWM,,443201108,,,156.0,42687.84,5.138600818563111,,,,,AV,2026-08-21,,,,,,,,,,,,,159208.0,2026-08-21T00:00:00.000Z,273.6400,830745.00,30000.00,6.0,,Corgi_Adv.40C8.C8_ETF_Holdings.csv,2026-08-20T23:38:01.712Z,,
TransDigm Group Inc,TDG,,893641100,,,24.0,28329.6,3.4102101617126914,,,,,AV,2026-08-21,,,,,,,,,,,,,159221.0,2026-08-21T00:00:00.000Z,1180.4000,830745.00,30000.00,6.0,,Corgi_Adv.40C8.C8_ETF_Holdings.csv,2026-08-20T23:38:01.712Z,,
Textron Inc,TXT,,883203101,,,156.0,13161.72,1.5843581021128843,,,,,AV,2026-08-21,,,,,,,,,,,,,159222.0,2026-08-21T00:00:00.000Z,84.3700,830745.00,30000.00,6.0,,Corgi_Adv.40C8.C8_ETF_Holdings.csv,2026-08-20T23:38:01.712Z,,
United Airlines Holdings Inc,UAL,,910047109,,,216.0,24129.36,2.9046011474790947,,,,,AV,2026-08-21,,,,,,,,,,,,,159223.0,2026-08-21T00:00:00.000Z,111.7100,830745.00,30000.00,6.0,,Corgi_Adv.40C8.C8_ETF_Holdings.csv,2026-08-20T23:38:01.712Z,,
Frontier Group Holdings Inc,ULCC,,35909R108,,,486.0,2799.36,0.33697637517974277,,,,,AV,2026-08-21,,,,,,,,,,,,,159224.0,2026-08-21T00:00:00.000Z,5.7600,830745.00,30000.00,6.0,,Corgi_Adv.40C8.C8_ETF_Holdings.csv,2026-08-20T23:38:01.712Z,,
United Parcel Service Inc,UPS,,911312106,,,312.0,32004.96,3.8526361056000873,,,,,AV,2026-08-21,,,,,,,,,,,,,159225.0,2026-08-21T00:00:00.000Z,102.5800,830745.00,30000.00,6.0,,Corgi_Adv.40C8.C8_ETF_Holdings.csv,2026-08-20T23:38:01.712Z,,
Woodward Inc,WWD,,980745103,,,48.0,16425.6,1.9772516390004795,,,,,AV,2026-08-21,,,,,,,,,,,,,159226.0,2026-08-21T00:00:00.000Z,342.2000,830745.00,30000.00,6.0,,Corgi_Adv.40C8.C8_ETF_Holdings.csv,2026-08-20T23:38:01.712Z,,
Cash & Other,Cash&Other,,Cash&Other,,,854.17,854.17,0.10282175582536038,,,,,AV,2026-08-21,,,,,,,,,,,,,159227.0,2026-08-21T00:00:00.000Z,1.0000,830745.00,30000.00,6.0,Y,Corgi_Adv.40C8.C8_ETF_Holdings.csv,2026-08-20T23:38:01.712Z,,
AerCap Holdings NV,AER,,N00985106,,,120.0,17614.8,2.1204030398077176,,,,,AV,2026-08-21,,,,,,,,,,,,,159188.0,2026-08-21T00:00:00.000Z,146.7900,830745.00,30000.00,6.0,,Corgi_Adv.40C8.C8_ETF_Holdings.csv,2026-08-20T23:38:01.712Z,,
Hexcel Corp,HXL,,428291108,,,96.0,9034.56,1.087546182035857,,,,,AV,2026-08-21,,,,,,,,,,,,,159209.0,2026-08-21T00:00:00.000Z,94.1100,830745.00,30000.00,6.0,,Corgi_Adv.40C8.C8_ETF_Holdings.csv,2026-08-20T23:38:01.712Z,,
Grupo Aeroportuario del Pacifico SAB de CV,PAC,,400506101,,,48.0,10053.6,1.2102143652502937,,,,,AV,2026-08-21,,,,,,,,,,,,,159217.0,2026-08-21T00:00:00.000Z,209.4500,830745.00,30000.00,6.0,,Corgi_Adv.40C8.C8_ETF_Holdings.csv,2026-08-20T23:38:01.712Z,,
HEICO Corp,HEI,,422806109,,,42.0,14724.36,1.7724627985116588,,,,,AV,2026-08-21,,,,,,,,,,,,,159207.0,2026-08-21T00:00:00.000Z,350.5800,830745.00,30000.00,6.0,,Corgi_Adv.40C8.C8_ETF_Holdings.csv,2026-08-20T23:38:01.712Z,,
Carpenter Technology Corp,CRS,,144285103,,,36.0,17606.88,2.11944966014543,,,,,AV,2026-08-21,,,,,,,,,,,,,159197.0,2026-08-21T00:00:00.000Z,489.0800,830745.00,30000.00,6.0,,Corgi_Adv.40C8.C8_ETF_Holdings.csv,2026-08-20T23:38:01.712Z,,
GE AEROSPACE,GE,,369604301,,,264.0,90984.96,10.95242556036876,,,,,AV,2026-08-21,,,,,,,,,,,,,159206.0,2026-08-21T00:00:00.000Z,344.6400,830745.00,30000.00,6.0,,Corgi_Adv.40C8.C8_ETF_Holdings.csv,2026-08-20T23:38:01.712Z,,
Allegiant Travel Co,ALGT,,01748X102,,,48.0,3667.68,0.44150145451790374,,,,,AV,2026-08-21,,,,,,,,,,,,,159190.0,2026-08-21T00:00:00.000Z,76.4100,830745.00,30000.00,6.0,,Corgi_Adv.40C8.C8_ETF_Holdings.csv,2026-08-20T23:38:01.712Z,,
Alaska Air Group Inc,ALK,,11659109,,,162.0,6509.16,0.7835480760834528,,,,,AV,2026-08-21,,,,,,,,,,,,,159191.0,2026-08-21T00:00:00.000Z,40.1800,830745.00,30000.00,6.0,,Corgi_Adv.40C8.C8_ETF_Holdings.csv,2026-08-20T23:38:01.712Z,,
Grupo Aeroportuario del Sureste SAB de CV,ASR,,40051E202,,,36.0,9329.76,1.1230812421756962,,,,,AV,2026-08-21,,,,,,,,,,,,,159192.0,2026-08-21T00:00:00.000Z,259.1600,830745.00,30000.00,6.0,,Corgi_Adv.40C8.C8_ETF_Holdings.csv,2026-08-20T23:38:01.712Z,,
ATI Inc,ATI,,01741R102,,,102.0,21340.44,2.5688815000360044,,,,,AV,2026-08-21,,,,,,,,,,,,,159193.0,2026-08-21T00:00:00.000Z,209.2200,830745.00,30000.00,6.0,,Corgi_Adv.40C8.C8_ETF_Holdings.csv,2026-08-20T23:38:01.712Z,,
Boeing Co/The,BA,,97023105,,,156.0,33555.6,4.039296287359031,,,,,AV,2026-08-21,,,,,,,,,,,,,159194.0,2026-08-21T00:00:00.000Z,215.1000,830745.00,30000.00,6.0,,Corgi_Adv.40C8.C8_ETF_Holdings.csv,2026-08-20T23:38:01.712Z,,
CAE Inc,CAE,,124765108,,,276.0,6897.24,0.8302636795355827,,,,,AV,2026-08-21,,,,,,,,,,,,,159195.0,2026-08-21T00:00:00.000Z,24.9900,830745.00,30000.00,6.0,,Corgi_Adv.40C8.C8_ETF_Holdings.csv,2026-08-20T23:38:01.712Z,,
Copa Holdings SA,CPA,,P31076105,,,48.0,6157.92,0.7412671325756036,,,,,AV,2026-08-21,,,,,,,,,,,,,159196.0,2026-08-21T00:00:00.000Z,128.2900,830745.00,30000.00,6.0,,Corgi_Adv.40C8.C8_ETF_Holdings.csv,2026-08-20T23:38:01.712Z,,
AAR Corp,AIR,,361105,,,60.0,7943.4,0.956196465836037,,,,,AV,2026-08-21,,,,,,,,,,,,,159189.0,2026-08-21T00:00:00.000Z,132.3900,830745.00,30000.00,6.0,,Corgi_Adv.40C8.C8_ETF_Holdings.csv,2026-08-20T23:38:01.712Z,,
Delta Air Lines Inc,DAL,,247361702,,,360.0,29181.6,3.512770701140683,,,,,AV,2026-08-21,,,,,,,,,,,,,159198.0,2026-08-21T00:00:00.000Z,81.0600,830745.00,30000.00,6.0,,Corgi_Adv.40C8.C8_ETF_Holdings.csv,2026-08-20T23:38:01.712Z,,
Fedex Freight Holding Co Inc,FDXF,,314352105,,,47.0,6410.8,0.7717078710856392,,,,,AV,2026-08-21,,,,,,,,,,,,,159202.0,2026-08-21T00:00:00.000Z,136.4000,830745.00,30000.00,6.0,,Corgi_Adv.40C8.C8_ETF_Holdings.csv,2026-08-20T23:38:01.712Z,,
Ducommun Inc,DCO,,264147109,,,30.0,5672.4,0.682822070248047,,,,,AV,2026-08-21,,,,,,,,,,,,,159199.0,2026-08-21T00:00:00.000Z,189.0800,830745.00,30000.00,6.0,,Corgi_Adv.40C8.C8_ETF_Holdings.csv,2026-08-20T23:38:01.712Z,,
FTAI Aviation Ltd,FTAI,,G3730V105,,,78.0,15429.18,1.8573063658821245,,,,,AV,2026-08-21,,,,,,,,,,,,,159204.0,2026-08-21T00:00:00.000Z,197.8100,830745.00,30000.00,6.0,,Corgi_Adv.40C8.C8_ETF_Holdings.csv,2026-08-20T23:38:01.712Z,,
First American Government Obligations Fund 12/01/2031,FGXXX,,31846V336,,,26468.89,26468.89,3.186224925422718,,,,,AV,2026-08-21,,,,,,,,,,,,,159203.0,2026-08-21T00:00:00.000Z,100.0000,830745.00,30000.00,6.0,Y,Corgi_Adv.40C8.C8_ETF_Holdings.csv,2026-08-20T23:38:01.712Z,,
General Dynamics Corp,GD,,369550108,,,120.0,46328.4,5.5768376699949975,,,,,AV,2026-08-21,,,,,,,,,,,,,159205.0,2026-08-21T00:00:00.000Z,386.0700,830745.00,30000.00,6.0,,Corgi_Adv.40C8.C8_ETF_Holdings.csv,2026-08-20T23:38:01.712Z,,
FedEx Corp,FDX,,31428X106,,,90.0,29343.6,3.532271648778399,,,,,AV,2026-08-21,,,,,,,,,,,,,159201.0,2026-08-21T00:00:00.000Z,326.0400,830745.00,30000.00,6.0,,Corgi_Adv.40C8.C8_ETF_Holdings.csv,2026-08-20T23:38:01.712Z,,
Embraer SA,EMBJ,,29082A107,,,174.0,13063.92,1.5725853077982628,,,,,AV,2026-08-21,,,,,,,,,,,,,159200.0,2026-08-21T00:00:00.000Z,75.0800,830745.00,30000.00,6.0,,Corgi_Adv.40C8.C8_ETF_Holdings.csv,2026-08-20T23:38:01.712Z,,
Allison Transmission Holdings Inc,ALSN,,01973R101,,,108.0,13913.64,1.7041508721818497,,,,,DOCK,2026-08-21,,,,,,,,,,,,,160462.0,2026-08-21T00:00:00.000Z,128.8300,816474.00,30000.00,6.0,,Corgi_Adv.40C8.C8_ETF_Holdings.csv,2026-08-20T23:38:01.712Z,,
Manhattan Associates Inc,MANH,,562750109,,,90.0,19008.9,2.328221336344592,,,,,DOCK,2026-08-21,,,,,,,,,,,,,160486.0,2026-08-21T00:00:00.000Z,211.2100,816474.00,30000.00,6.0,,Corgi_Adv.40C8.C8_ETF_Holdings.csv,2026-08-20T23:38:01.712Z,,
Marten Transport Ltd,MRTN,,573075108,,,276.0,4065.48,0.4979423995329667,,,,,DOCK,2026-08-21,,,,,,,,,,,,,160488.0,2026-08-21T00:00:00.000Z,14.7300,816474.00,30000.00,6.0,,Corgi_Adv.40C8.C8_ETF_Holdings.csv,2026-08-20T23:38:01.712Z,,
Norfolk Southern Corp,NSC,,655844108,,,114.0,39514.68,4.839781422114322,,,,,DOCK,2026-08-21,,,,,,,,,,,,,160489.0,2026-08-21T00:00:00.000Z,346.6200,816474.00,30000.00,6.0,,Corgi_Adv.40C8.C8_ETF_Holdings.csv,2026-08-20T23:38:01.712Z,,
Old Dominion Freight Line Inc,ODFL,,679580100,,,132.0,26996.64,3.306564464940836,,,,,DOCK,2026-08-21,,,,,,,,,,,,,160490.0,2026-08-21T00:00:00.000Z,204.5200,816474.00,30000.00,6.0,,Corgi_Adv.40C8.C8_ETF_Holdings.csv,2026-08-20T23:38:01.712Z,,
PACCAR Inc,PCAR,,693718108,,,329.0,42421.26,5.195781062903239,,,,,DOCK,2026-08-21,,,,,,,,,,,,,160491.0,2026-08-21T00:00:00.000Z,128.9400,816474.00,30000.00,6.0,,Corgi_Adv.40C8.C8_ETF_Holdings.csv,2026-08-20T23:38:01.712Z,,
Ryder System Inc,R,,783549108,,,48.0,11896.8,1.4571271138374309,,,,,DOCK,2026-08-21,,,,,,,,,,,,,160492.0,2026-08-21T00:00:00.000Z,247.8500,816474.00,30000.00,6.0,,Corgi_Adv.40C8.C8_ETF_Holdings.csv,2026-08-20T23:38:01.712Z,,
FreightCar America Inc,RAIL,,357023100,,,210.0,1516.2,0.1857050744738344,,,,,DOCK,2026-08-21,,,,,,,,,,,,,160493.0,2026-08-21T00:00:00.000Z,7.2200,816474.00,30000.00,6.0,,Corgi_Adv.40C8.C8_ETF_Holdings.csv,2026-08-20T23:38:01.712Z,,
Radiant Logistics Inc,RLGT,,75025X100,,,300.0,2595.0,0.3178371377520117,,,,,DOCK,2026-08-21,,,,,,,,,,,,,160494.0,2026-08-21T00:00:00.000Z,8.6500,816474.00,30000.00,6.0,,Corgi_Adv.40C8.C8_ETF_Holdings.csv,2026-08-20T23:38:01.712Z,,
RXO Inc,RXO,,74982T103,,,360.0,7801.2,0.9554955988558744,,,,,DOCK,2026-08-21,,,,,,,,,,,,,160495.0,2026-08-21T00:00:00.000Z,21.6700,816474.00,30000.00,6.0,,Corgi_Adv.40C8.C8_ETF_Holdings.csv,2026-08-20T23:38:01.712Z,,
Saia Inc,SAIA,,78709Y105,,,38.0,13665.94,1.6738124293991241,,,,,DOCK,2026-08-21,,,,,,,,,,,,,160496.0,2026-08-21T00:00:00.000Z,359.6300,816474.00,30000.00,6.0,,Corgi_Adv.40C8.C8_ETF_Holdings.csv,2026-08-20T23:38:01.712Z,,
Terex Corp,TEX,,880779103,,,192.0,12326.4,1.509744776410943,,,,,DOCK,2026-08-21,,,,,,,,,,,,,160498.0,2026-08-21T00:00:00.000Z,64.2000,816474.00,30000.00,6.0,,Corgi_Adv.40C8.C8_ETF_Holdings.csv,2026-08-20T23:38:01.712Z,,
TFI International Inc,TFII,,87241L109,,,96.0,13393.92,1.640495258604788,,,,,DOCK,2026-08-21,,,,,,,,,,,,,160499.0,2026-08-21T00:00:00.000Z,139.5200,816474.00,30000.00,6.0,,Corgi_Adv.40C8.C8_ETF_Holdings.csv,2026-08-20T23:38:01.712Z,,
Trinity Industries Inc,TRN,,896522109,,,228.0,6780.72,0.8305066037371179,,,,,DOCK,2026-08-21,,,,,,,,,,,,,160500.0,2026-08-21T00:00:00.000Z,29.7400,816474.00,30000.00,6.0,,Corgi_Adv.40C8.C8_ETF_Holdings.csv,2026-08-20T23:38:01.712Z,,
Union Pacific Corp,UNP,,907818108,,,228.0,69305.16,8.488537065836306,,,,,DOCK,2026-08-21,,,,,,,,,,,,,160501.0,2026-08-21T00:00:00.000Z,303.9700,816474.00,30000.00,6.0,,Corgi_Adv.40C8.C8_ETF_Holdings.csv,2026-08-20T23:38:01.712Z,,
United Parcel Service Inc,UPS,,911312106,,,348.0,35697.84,4.372292597121107,,,,,DOCK,2026-08-21,,,,,,,,,,,,,160502.0,2026-08-21T00:00:00.000Z,102.5800,816474.00,30000.00,6.0,,Corgi_Adv.40C8.C8_ETF_Holdings.csv,2026-08-20T23:38:01.712Z,,
Westinghouse Air Brake Technologies Corp,WAB,,929740108,,,120.0,35077.2,4.296276242140603,,,,,DOCK,2026-08-21,,,,,,,,,,,,,160503.0,2026-08-21T00:00:00.000Z,292.3100,816474.00,30000.00,6.0,,Corgi_Adv.40C8.C8_ETF_Holdings.csv,2026-08-20T23:38:01.712Z,,
Werner Enterprises Inc,WERN,,950755108,,,275.0,10462.38,1.2814385022250065,,,,,DOCK,2026-08-21,,,,,,,,,,,,,160504.0,2026-08-21T00:00:00.000Z,38.0450,816474.00,30000.00,6.0,,Corgi_Adv.40C8.C8_ETF_Holdings.csv,2026-08-20T23:38:01.712Z,,
Wabash National Corp,WNC,,929566107,,,312.0,3641.04,0.445956736817181,,,,,DOCK,2026-08-21,,,,,,,,,,,,,160505.0,2026-08-21T00:00:00.000Z,11.6700,816474.00,30000.00,6.0,,Corgi_Adv.40C8.C8_ETF_Holdings.csv,2026-08-20T23:38:01.712Z,,
XPO Inc,XPO,,983793100,,,115.0,22636.6,2.7725441820567203,,,,,DOCK,2026-08-21,,,,,,,,,,,,,160506.0,2026-08-21T00:00:00.000Z,196.8400,816474.00,30000.00,6.0,,Corgi_Adv.40C8.C8_ETF_Holdings.csv,2026-08-20T23:38:01.712Z,,
ZIM Integrated Shipping Services Ltd,ZIM,,M9T951109,,,312.0,8473.92,1.0378907430980837,,,,,DOCK,2026-08-21,,,,,,,,,,,,,160507.0,2026-08-21T00:00:00.000Z,27.1600,816474.00,30000.00,6.0,,Corgi_Adv.40C8.C8_ETF_Holdings.csv,2026-08-20T23:38:01.712Z,,
Cash & Other,Cash&Other,,Cash&Other,,,969.83,969.83,0.11878535310444455,,,,,DOCK,2026-08-21,,,,,,,,,,,,,160508.0,2026-08-21T00:00:00.000Z,1.0000,816474.00,30000.00,6.0,Y,Corgi_Adv.40C8.C8_ETF_Holdings.csv,2026-08-20T23:38:01.712Z,,
ArcBest Corp,ARCB,,03937C105,,,54.0,7338.06,0.8987699372071396,,,,,DOCK,2026-08-21,,,,,,,,,,,,,160463.0,2026-08-21T00:00:00.000Z,135.8900,816474.00,30000.00,6.0,,Corgi_Adv.40C8.C8_ETF_Holdings.csv,2026-08-20T23:38:01.712Z,,
Matson Inc,MATX,,57686G105,,,60.0,13006.2,1.593007083248638,,,,,DOCK,2026-08-21,,,,,,,,,,,,,160487.0,2026-08-21T00:00:00.000Z,216.7700,816474.00,30000.00,6.0,,Corgi_Adv.40C8.C8_ETF_Holdings.csv,2026-08-20T23:38:01.712Z,,
Schneider National Inc,SNDR,,80689H102,,,348.0,12228.72,1.4977808721274684,,,,,DOCK,2026-08-21,,,,,,,,,,,,,160497.0,2026-08-21T00:00:00.000Z,35.1400,816474.00,30000.00,6.0,,Corgi_Adv.40C8.C8_ETF_Holdings.csv,2026-08-20T23:38:01.712Z,,
Landstar System Inc,LSTR,,515098101,,,60.0,10945.2,1.3405745819357684,,,,,DOCK,2026-08-21,,,,,,,,,,,,,160485.0,2026-08-21T00:00:00.000Z,182.4200,816474.00,30000.00,6.0,,Corgi_Adv.40C8.C8_ETF_Holdings.csv,2026-08-20T23:38:01.712Z,,
Fedex Freight Holding Co Inc,FDXF,,314352105,,,60.0,8184.0,1.002381169696518,,,,,DOCK,2026-08-21,,,,,,,,,,,,,160474.0,2026-08-21T00:00:00.000Z,136.4000,816474.00,30000.00,6.0,,Corgi_Adv.40C8.C8_ETF_Holdings.csv,2026-08-20T23:38:01.712Z,,
Knight-Swift Transportation Holdings Inc,KNX,,499049104,,,276.0,19157.16,2.3463803090008972,,,,,DOCK,2026-08-21,,,,,,,,,,,,,160484.0,2026-08-21T00:00:00.000Z,69.4100,816474.00,30000.00,6.0,,Corgi_Adv.40C8.C8_ETF_Holdings.csv,2026-08-20T23:38:01.712Z,,
Cummins Inc,CMI,,231021106,,,54.0,31916.16,3.909110189763101,,,,,DOCK,2026-08-21,,,,,,,,,,,,,160465.0,2026-08-21T00:00:00.000Z,591.0400,816474.00,30000.00,6.0,,Corgi_Adv.40C8.C8_ETF_Holdings.csv,2026-08-20T23:38:01.712Z,,
Costamare Inc,CMRE,,Y1771G102,,,234.0,3552.12,0.4350657625247306,,,,,DOCK,2026-08-21,,,,,,,,,,,,,160466.0,2026-08-21T00:00:00.000Z,15.1800,816474.00,30000.00,6.0,,Corgi_Adv.40C8.C8_ETF_Holdings.csv,2026-08-20T23:38:01.712Z,,
Canadian National Railway Co,CNI,,136375102,,,324.0,41546.52,5.08864238934748,,,,,DOCK,2026-08-21,,,,,,,,,,,,,160467.0,2026-08-21T00:00:00.000Z,128.2300,816474.00,30000.00,6.0,,Corgi_Adv.40C8.C8_ETF_Holdings.csv,2026-08-20T23:38:01.712Z,,
Canadian Pacific Kansas City Ltd,CP,,13646K108,,,426.0,40397.58,4.9479195373055544,,,,,DOCK,2026-08-21,,,,,,,,,,,,,160468.0,2026-08-21T00:00:00.000Z,94.8300,816474.00,30000.00,6.0,,Corgi_Adv.40C8.C8_ETF_Holdings.csv,2026-08-20T23:38:01.712Z,,
CSX Corp,CSX,,126408103,,,816.0,41591.52,5.094154016013699,,,,,DOCK,2026-08-21,,,,,,,,,,,,,160469.0,2026-08-21T00:00:00.000Z,50.9700,816474.00,30000.00,6.0,,Corgi_Adv.40C8.C8_ETF_Holdings.csv,2026-08-20T23:38:01.712Z,,
COVENANT TRANS INC - CL A,CVLG,,22284P105,,,90.0,3125.7,0.38283758823563124,,,,,DOCK,2026-08-21,,,,,,,,,,,,,160470.0,2026-08-21T00:00:00.000Z,34.7300,816474.00,30000.00,6.0,,Corgi_Adv.40C8.C8_ETF_Holdings.csv,2026-08-20T23:38:01.712Z,,
Danaos Corp,DAC,,Y1968P121,,,36.0,5353.2,0.6556631082135141,,,,,DOCK,2026-08-21,,,,,,,,,,,,,160471.0,2026-08-21T00:00:00.000Z,148.7000,816474.00,30000.00,6.0,,Corgi_Adv.40C8.C8_ETF_Holdings.csv,2026-08-20T23:38:01.712Z,,
Expeditors International of Washington Inc,EXPD,,302130109,,,138.0,25723.2,3.1505927791223693,,,,,DOCK,2026-08-21,,,,,,,,,,,,,160472.0,2026-08-21T00:00:00.000Z,186.4000,816474.00,30000.00,6.0,,Corgi_Adv.40C8.C8_ETF_Holdings.csv,2026-08-20T23:38:01.712Z,,
FedEx Corp,FDX,,31428X106,,,114.0,37168.56,4.552427254244282,,,,,DOCK,2026-08-21,,,,,,,,,,,,,160473.0,2026-08-21T00:00:00.000Z,326.0400,816474.00,30000.00,6.0,,Corgi_Adv.40C8.C8_ETF_Holdings.csv,2026-08-20T23:38:01.712Z,,
CH Robinson Worldwide Inc,CHRW,,12541W209,,,135.0,19417.05,2.3782117902072057,,,,,DOCK,2026-08-21,,,,,,,,,,,,,160464.0,2026-08-21T00:00:00.000Z,143.8300,816474.00,30000.00,6.0,,Corgi_Adv.40C8.C8_ETF_Holdings.csv,2026-08-20T23:38:01.712Z,,
First American Government Obligations Fund 12/01/2031,FGXXX,,31846V336,,,18513.08,18513.08,2.2674930089302556,,,,,DOCK,2026-08-21,,,,,,,,,,,,,160475.0,2026-08-21T00:00:00.000Z,100.0000,816474.00,30000.00,6.0,Y,Corgi_Adv.40C8.C8_ETF_Holdings.csv,2026-08-20T23:38:01.712Z,,
Forward Air Corp,FWRD,,34986A104,,,138.0,2455.02,0.3006923044022905,,,,,DOCK,2026-08-21,,,,,,,,,,,,,160476.0,2026-08-21T00:00:00.000Z,17.7900,816474.00,30000.00,6.0,,Corgi_Adv.40C8.C8_ETF_Holdings.csv,2026-08-20T23:38:01.712Z,,
GATX Corp,GATX,,361448103,,,60.0,10602.0,1.2985392425613982,,,,,DOCK,2026-08-21,,,,,,,,,,,,,160477.0,2026-08-21T00:00:00.000Z,176.7000,816474.00,30000.00,6.0,,Corgi_Adv.40C8.C8_ETF_Holdings.csv,2026-08-20T23:38:01.712Z,,
Global Ship Lease Inc,GSL,,Y27183600,,,132.0,5643.66,0.6912388211350745,,,,,DOCK,2026-08-21,,,,,,,,,,,,,160478.0,2026-08-21T00:00:00.000Z,42.7550,816474.00,30000.00,6.0,,Corgi_Adv.40C8.C8_ETF_Holdings.csv,2026-08-20T23:38:01.712Z,,
GXO Logistics Inc,GXO,,36262G101,,,198.0,8983.26,1.1002750081241375,,,,,DOCK,2026-08-21,,,,,,,,,,,,,160479.0,2026-08-21T00:00:00.000Z,45.3700,816474.00,30000.00,6.0,,Corgi_Adv.40C8.C8_ETF_Holdings.csv,2026-08-20T23:38:01.712Z,,
Heartland Express Inc,HTLD,,422347104,,,408.0,5042.88,0.617654930723262,,,,,DOCK,2026-08-21,,,,,,,,,,,,,160480.0,2026-08-21T00:00:00.000Z,12.3600,816474.00,30000.00,6.0,,Corgi_Adv.40C8.C8_ETF_Holdings.csv,2026-08-20T23:38:01.712Z,,
Hub Group Inc,HUBG,,443320106,,,150.0,6007.5,0.7358021599403509,,,,,DOCK,2026-08-21,,,,,,,,,,,,,160481.0,2026-08-21T00:00:00.000Z,40.0500,816474.00,30000.00,6.0,,Corgi_Adv.40C8.C8_ETF_Holdings.csv,2026-08-20T23:38:01.712Z,,
JB Hunt Transport Services Inc,JBHT,,445658107,,,90.0,24702.3,3.025552342154728,,,,,DOCK,2026-08-21,,,,,,,,,,,,,160482.0,2026-08-21T00:00:00.000Z,274.4700,816474.00,30000.00,6.0,,Corgi_Adv.40C8.C8_ETF_Holdings.csv,2026-08-20T23:38:01.712Z,,
Kirby Corp,KEX,,497266106,,,84.0,11694.48,1.4323468403461064,,,,,DOCK,2026-08-21,,,,,,,,,,,,,160483.0,2026-08-21T00:00:00.000Z,139.2200,816474.00,30000.00,6.0,,Corgi_Adv.40C8.C8_ETF_Holdings.csv,2026-08-20T23:38:01.712Z,,
Microvast Holdings Inc,MVST,,59516C106,,,13494.0,10576.6,2.0848203705672312,,,,,WATS,2026-08-21,,,,,,,,,,,,,161565.0,2026-08-21T00:00:00.000Z,0.7838,507300.00,25000.00,5.0,,Corgi_Adv.40C8.C8_ETF_Holdings.csv,2026-08-20T23:38:01.712Z,,
Sunrun Inc,RUN,,86771W105,,,2221.0,20788.56,4.097764249641578,,,,,WATS,2026-08-21,,,,,,,,,,,,,161567.0,2026-08-21T00:00:00.000Z,9.3600,507300.00,25000.00,5.0,,Corgi_Adv.40C8.C8_ETF_Holdings.csv,2026-08-20T23:38:01.712Z,,
Eos Energy Enterprises Inc,EOSE,,29415C101,,,4233.0,14646.18,2.8870009658107865,,,,,WATS,2026-08-21,,,,,,,,,,,,,161561.0,2026-08-21T00:00:00.000Z,3.4600,507300.00,25000.00,5.0,,Corgi_Adv.40C8.C8_ETF_Holdings.csv,2026-08-20T23:38:01.712Z,,
American Battery Technology Co,ABAT,,02451V309,,,6654.0,15503.82,3.0560557984236567,,,,,WATS,2026-08-21,,,,,,,,,,,,,161551.0,2026-08-21T00:00:00.000Z,2.3300,507300.00,25000.00,5.0,,Corgi_Adv.40C8.C8_ETF_Holdings.csv,2026-08-20T23:38:01.712Z,,
First American Government Obligations Fund 12/01/2031,FGXXX,,31846V336,,,15921.7,15921.7,3.138426762292257,,,,,WATS,2026-08-21,,,,,,,,,,,,,161562.0,2026-08-21T00:00:00.000Z,100.0000,507300.00,25000.00,5.0,Y,Corgi_Adv.40C8.C8_ETF_Holdings.csv,2026-08-20T23:38:01.712Z,,
Fluence Energy Inc,FLNC,,34379V103,,,1550.0,17654.5,3.4799899052795022,,,,,WATS,2026-08-21,,,,,,,,,,,,,161563.0,2026-08-21T00:00:00.000Z,11.3900,507300.00,25000.00,5.0,,Corgi_Adv.40C8.C8_ETF_Holdings.csv,2026-08-20T23:38:01.712Z,,
Cash & Other,Cash&Other,,Cash&Other,,,-0.17,-0.17,-3.35097727999952e-05,,,,,WATS,2026-08-21,,,,,,,,,,,,,161575.0,2026-08-21T00:00:00.000Z,1.0000,507300.00,25000.00,5.0,Y,Corgi_Adv.40C8.C8_ETF_Holdings.csv,2026-08-20T23:38:01.712Z,,
Tesla Inc,TSLA,,88160R101,,,237.0,81795.81,16.123288288773974,,,,,WATS,2026-08-21,,,,,,,,,,,,,161574.0,2026-08-21T00:00:00.000Z,345.1300,507300.00,25000.00,5.0,,Corgi_Adv.40C8.C8_ETF_Holdings.csv,2026-08-20T23:38:01.712Z,,
T1 Energy Inc,TE,,35834F104,,,2292.0,9993.12,1.9698069456652239,,,,,WATS,2026-08-21,,,,,,,,,,,,,161573.0,2026-08-21T00:00:00.000Z,4.3600,507300.00,25000.00,5.0,,Corgi_Adv.40C8.C8_ETF_Holdings.csv,2026-08-20T23:38:01.712Z,,
Sociedad Quimica y Minera de Chile SA,SQM,,833635105,,,305.0,23927.25,4.716451242521678,,,,,WATS,2026-08-21,,,,,,,,,,,,,161571.0,2026-08-21T00:00:00.000Z,78.4500,507300.00,25000.00,5.0,,Corgi_Adv.40C8.C8_ETF_Holdings.csv,2026-08-20T23:38:01.712Z,,
Solid Power Inc,SLDP,,83422N105,,,6946.0,15906.34,3.1353990557616216,,,,,WATS,2026-08-21,,,,,,,,,,,,,161570.0,2026-08-21T00:00:00.000Z,2.2900,507300.00,25000.00,5.0,,Corgi_Adv.40C8.C8_ETF_Holdings.csv,2026-08-20T23:38:01.712Z,,
SES AI Corp,SES,,78397Q109,,,18897.0,9609.12,1.8941142823993524,,,,,WATS,2026-08-21,,,,,,,,,,,,,161569.0,2026-08-21T00:00:00.000Z,0.5085,507300.00,25000.00,5.0,,Corgi_Adv.40C8.C8_ETF_Holdings.csv,2026-08-20T23:38:01.712Z,,
SolarEdge Technologies Inc,SEDG,,83417M104,,,515.0,15913.5,3.136810408545433,,,,,WATS,2026-08-21,,,,,,,,,,,,,161568.0,2026-08-21T00:00:00.000Z,30.9000,507300.00,25000.00,5.0,,Corgi_Adv.40C8.C8_ETF_Holdings.csv,2026-08-20T23:38:01.712Z,,
Stem Inc,STEM,,85859N300,,,1789.0,10107.85,1.992422099979009,,,,,WATS,2026-08-21,,,,,,,,,,,,,161572.0,2026-08-21T00:00:00.000Z,5.6500,507300.00,25000.00,5.0,,Corgi_Adv.40C8.C8_ETF_Holdings.csv,2026-08-20T23:38:01.712Z,,
Energy Vault Holdings Inc,NRGV,,29280W109,,,5684.0,21258.16,4.1903300690937995,,,,,WATS,2026-08-21,,,,,,,,,,,,,161566.0,2026-08-21T00:00:00.000Z,3.7400,507300.00,25000.00,5.0,,Corgi_Adv.40C8.C8_ETF_Holdings.csv,2026-08-20T23:38:01.712Z,,
Bloom Energy Corp,BE,,93712107,,,220.0,44545.6,8.780664324938037,,,,,WATS,2026-08-21,,,,,,,,,,,,,161557.0,2026-08-21T00:00:00.000Z,202.4800,507300.00,25000.00,5.0,,Corgi_Adv.40C8.C8_ETF_Holdings.csv,2026-08-20T23:38:01.712Z,,
AES Corp/The,AES,,00130H105,,,1432.0,21150.64,4.169136123379356,,,,,WATS,2026-08-21,,,,,,,,,,,,,161552.0,2026-08-21T00:00:00.000Z,14.7700,507300.00,25000.00,5.0,,Corgi_Adv.40C8.C8_ETF_Holdings.csv,2026-08-20T23:38:01.712Z,,
EnerSys,ENS,,29275Y102,,,155.0,29445.35,5.804158755978463,,,,,WATS,2026-08-21,,,,,,,,,,,,,161559.0,2026-08-21T00:00:00.000Z,189.9700,507300.00,25000.00,5.0,,Corgi_Adv.40C8.C8_ETF_Holdings.csv,2026-08-20T23:38:01.712Z,,
Enphase Energy Inc,ENPH,,29355A107,,,915.0,35099.4,6.918664231859715,,,,,WATS,2026-08-21,,,,,,,,,,,,,161558.0,2026-08-21T00:00:00.000Z,38.3600,507300.00,25000.00,5.0,,Corgi_Adv.40C8.C8_ETF_Holdings.csv,2026-08-20T23:38:01.712Z,,
Generac Holdings Inc,GNRC,,368736104,,,98.0,20261.5,3.993872126982958,,,,,WATS,2026-08-21,,,,,,,,,,,,,161564.0,2026-08-21T00:00:00.000Z,206.7500,507300.00,25000.00,5.0,,Corgi_Adv.40C8.C8_ETF_Holdings.csv,2026-08-20T23:38:01.712Z,,
Enovix Corp,ENVX,,293594107,,,4124.0,13485.48,2.658208064111055,,,,,WATS,2026-08-21,,,,,,,,,,,,,161560.0,2026-08-21T00:00:00.000Z,3.2700,507300.00,25000.00,5.0,,Corgi_Adv.40C8.C8_ETF_Holdings.csv,2026-08-20T23:38:01.712Z,,
Atkore Inc,ATKR,,47649108,,,141.0,13182.09,2.5984049466416987,,,,,WATS,2026-08-21,,,,,,,,,,,,,161556.0,2026-08-21T00:00:00.000Z,93.4900,507300.00,25000.00,5.0,,Corgi_Adv.40C8.C8_ETF_Holdings.csv,2026-08-20T23:38:01.712Z,,
American Superconductor Corp,AMSC,,30111207,,,341.0,10247.05,2.019860690412887,,,,,WATS,2026-08-21,,,,,,,,,,,,,161555.0,2026-08-21T00:00:00.000Z,30.0500,507300.00,25000.00,5.0,,Corgi_Adv.40C8.C8_ETF_Holdings.csv,2026-08-20T23:38:01.712Z,,
Amprius Technologies Inc,AMPX,,03214Q108,,,1451.0,14800.2,2.9173608199675827,,,,,WATS,2026-08-21,,,,,,,,,,,,,161554.0,2026-08-21T00:00:00.000Z,10.2000,507300.00,25000.00,5.0,,Corgi_Adv.40C8.C8_ETF_Holdings.csv,2026-08-20T23:38:01.712Z,,
Albemarle Corp,ALB,,12653101,,,160.0,21470.4,4.232166034853042,,,,,WATS,2026-08-21,,,,,,,,,,,,,161553.0,2026-08-21T00:00:00.000Z,134.1900,507300.00,25000.00,5.0,,Corgi_Adv.40C8.C8_ETF_Holdings.csv,2026-08-20T23:38:01.712Z,,
Eos Energy Enterprises Inc,EOSER,,29415C127,,,3790.0,24.64,0.004856945892893422,,,,,WATS,2026-08-21,,,,,,,,,,,,,101618.0,2026-07-21T00:00:00.000Z,0.0065,534270.00,25000.00,5.0,,Corgi_Adv.40C8.C8_ETF_Holdings.csv,2026-07-20T23:38:00.951Z,,
USANA Health Sciences Inc,USNA,,90328M107,,,1110.0,14629.8,1.4383153936673891,,,,,GLAM,2026-08-21,,,,,,,,,,,,,160731.0,2026-08-21T00:00:00.000Z,13.1800,991529.00,35000.00,7.0,,Corgi_Adv.40C8.C8_ETF_Holdings.csv,2026-08-20T23:38:01.712Z,,
Edgewell Personal Care Co,EPC,,28035Q102,,,1036.0,28552.16,2.8070794713840437,,,,,GLAM,2026-08-21,,,,,,,,,,,,,160717.0,2026-08-21T00:00:00.000Z,27.5600,991529.00,35000.00,7.0,,Corgi_Adv.40C8.C8_ETF_Holdings.csv,2026-08-20T23:38:01.712Z,,
ULTA BEAUTY INC,ULTA,,90384S303,,,95.0,48938.3,4.8113241623202505,,,,,GLAM,2026-08-21,,,,,,,,,,,,,160730.0,2026-08-21T00:00:00.000Z,515.1400,991529.00,35000.00,7.0,,Corgi_Adv.40C8.C8_ETF_Holdings.csv,2026-08-20T23:38:01.712Z,,
AbbVie Inc,ABBV,,00287Y109,,,553.0,144791.99,14.235091942250383,,,,,GLAM,2026-08-21,,,,,,,,,,,,,160707.0,2026-08-21T00:00:00.000Z,261.8300,991529.00,35000.00,7.0,,Corgi_Adv.40C8.C8_ETF_Holdings.csv,2026-08-20T23:38:01.712Z,,
AirSculpt Technologies Inc,AIRS,,9496100,,,5185.0,13843.95,1.3610552703496737,,,,,GLAM,2026-08-21,,,,,,,,,,,,,160708.0,2026-08-21T00:00:00.000Z,2.6700,991529.00,35000.00,7.0,,Corgi_Adv.40C8.C8_ETF_Holdings.csv,2026-08-20T23:38:01.712Z,,
Align Technology Inc,ALGN,,16255101,,,238.0,37827.72,3.718997661166918,,,,,GLAM,2026-08-21,,,,,,,,,,,,,160709.0,2026-08-21T00:00:00.000Z,158.9400,991529.00,35000.00,7.0,,Corgi_Adv.40C8.C8_ETF_Holdings.csv,2026-08-20T23:38:01.712Z,,
AptarGroup Inc,ATR,,38336103,,,329.0,43743.84,4.300635582859867,,,,,GLAM,2026-08-21,,,,,,,,,,,,,160710.0,2026-08-21T00:00:00.000Z,132.9600,991529.00,35000.00,7.0,,Corgi_Adv.40C8.C8_ETF_Holdings.csv,2026-08-20T23:38:01.712Z,,
Bath & Body Works Inc,BBWI,,70830104,,,1680.0,32659.2,3.2108593490589072,,,,,GLAM,2026-08-21,,,,,,,,,,,,,160711.0,2026-08-21T00:00:00.000Z,19.4400,991529.00,35000.00,7.0,,Corgi_Adv.40C8.C8_ETF_Holdings.csv,2026-08-20T23:38:01.712Z,,
Cash & Other,Cash&Other,,Cash&Other,,,757.17,757.17,0.07444047537376704,,,,,GLAM,2026-08-21,,,,,,,,,,,,,160732.0,2026-08-21T00:00:00.000Z,1.0000,991529.00,35000.00,7.0,Y,Corgi_Adv.40C8.C8_ETF_Holdings.csv,2026-08-20T23:38:01.712Z,,
Coty Inc,COTY,,222070203,,,10676.0,29359.0,2.8864032073357726,,,,,GLAM,2026-08-21,,,,,,,,,,,,,160713.0,2026-08-21T00:00:00.000Z,2.7500,991529.00,35000.00,7.0,,Corgi_Adv.40C8.C8_ETF_Holdings.csv,2026-08-20T23:38:01.712Z,,
Estee Lauder Cos Inc/The,EL,,518439104,,,581.0,55863.15,5.492134450488074,,,,,GLAM,2026-08-21,,,,,,,,,,,,,160714.0,2026-08-21T00:00:00.000Z,96.1500,991529.00,35000.00,7.0,,Corgi_Adv.40C8.C8_ETF_Holdings.csv,2026-08-20T23:38:01.712Z,,
elf Beauty Inc,ELF,,26856L103,,,504.0,49623.84,4.878722399820061,,,,,GLAM,2026-08-21,,,,,,,,,,,,,160715.0,2026-08-21T00:00:00.000Z,98.4600,991529.00,35000.00,7.0,,Corgi_Adv.40C8.C8_ETF_Holdings.csv,2026-08-20T23:38:01.712Z,,
Evolus Inc,EOLS,,30052C107,,,4605.0,38451.75,3.780348599328086,,,,,GLAM,2026-08-21,,,,,,,,,,,,,160716.0,2026-08-21T00:00:00.000Z,8.3500,991529.00,35000.00,7.0,,Corgi_Adv.40C8.C8_ETF_Holdings.csv,2026-08-20T23:38:01.712Z,,
Colgate-Palmolive Co,CL,,194162103,,,833.0,74720.1,7.346038226521669,,,,,GLAM,2026-08-21,,,,,,,,,,,,,160712.0,2026-08-21T00:00:00.000Z,89.7000,991529.00,35000.00,7.0,,Corgi_Adv.40C8.C8_ETF_Holdings.csv,2026-08-20T23:38:01.712Z,,
Establishment Labs Holdings Inc,ESTA,,G31249108,,,406.0,29037.12,2.8547578698114275,,,,,GLAM,2026-08-21,,,,,,,,,,,,,160718.0,2026-08-21T00:00:00.000Z,71.5200,991529.00,35000.00,7.0,,Corgi_Adv.40C8.C8_ETF_Holdings.csv,2026-08-20T23:38:01.712Z,,
Inmode Ltd,INMD,,M5425M103,,,1611.0,24036.12,2.3630891331417114,,,,,GLAM,2026-08-21,,,,,,,,,,,,,160724.0,2026-08-21T00:00:00.000Z,14.9200,991529.00,35000.00,7.0,,Corgi_Adv.40C8.C8_ETF_Holdings.csv,2026-08-20T23:38:01.712Z,,
First American Government Obligations Fund 12/01/2031,FGXXX,,31846V336,,,29693.59,29693.59,2.919298116874329,,,,,GLAM,2026-08-21,,,,,,,,,,,,,160719.0,2026-08-21T00:00:00.000Z,100.0000,991529.00,35000.00,7.0,Y,Corgi_Adv.40C8.C8_ETF_Holdings.csv,2026-08-20T23:38:01.712Z,,
Oddity Tech Ltd,ODD,,M7518J104,,,1556.0,19465.56,1.91373871101151,,,,,GLAM,2026-08-21,,,,,,,,,,,,,160728.0,2026-08-21T00:00:00.000Z,12.5100,991529.00,35000.00,7.0,,Corgi_Adv.40C8.C8_ETF_Holdings.csv,2026-08-20T23:38:01.712Z,,
Nu Skin Enterprises Inc,NUS,,67018T105,,,3129.0,14549.85,1.430455182610252,,,,,GLAM,2026-08-21,,,,,,,,,,,,,160727.0,2026-08-21T00:00:00.000Z,4.6500,991529.00,35000.00,7.0,,Corgi_Adv.40C8.C8_ETF_Holdings.csv,2026-08-20T23:38:01.712Z,,
Kenvue Inc,KVUE,,49177J102,,,2590.0,49028.7,4.820211755560591,,,,,GLAM,2026-08-21,,,,,,,,,,,,,160726.0,2026-08-21T00:00:00.000Z,18.9300,991529.00,35000.00,7.0,,Corgi_Adv.40C8.C8_ETF_Holdings.csv,2026-08-20T23:38:01.712Z,,
Interparfums Inc,IPAR,,458334109,,,301.0,34539.75,3.395743900697426,,,,,GLAM,2026-08-21,,,,,,,,,,,,,160725.0,2026-08-21T00:00:00.000Z,114.7500,991529.00,35000.00,7.0,,Corgi_Adv.40C8.C8_ETF_Holdings.csv,2026-08-20T23:38:01.712Z,,
Sally Beauty Holdings Inc,SBH,,79546E104,,,1764.0,28629.72,2.8147047117791852,,,,,GLAM,2026-08-21,,,,,,,,,,,,,160729.0,2026-08-21T00:00:00.000Z,16.2300,991529.00,35000.00,7.0,,Corgi_Adv.40C8.C8_ETF_Holdings.csv,2026-08-20T23:38:01.712Z,,
International Flavors & Fragrances Inc,IFF,,459506101,,,637.0,53119.43,5.222388130516981,,,,,GLAM,2026-08-21,,,,,,,,,,,,,160723.0,2026-08-21T00:00:00.000Z,83.3900,991529.00,35000.00,7.0,,Corgi_Adv.40C8.C8_ETF_Holdings.csv,2026-08-20T23:38:01.712Z,,
Honest Co Inc/The,HNST,,438333106,,,5111.0,25350.56,2.4923170983942895,,,,,GLAM,2026-08-21,,,,,,,,,,,,,160722.0,2026-08-21T00:00:00.000Z,4.9600,991529.00,35000.00,7.0,,Corgi_Adv.40C8.C8_ETF_Holdings.csv,2026-08-20T23:38:01.712Z,,
Hims & Hers Health Inc,HIMS,,433000106,,,1478.0,47089.08,4.62951979094965,,,,,GLAM,2026-08-21,,,,,,,,,,,,,160721.0,2026-08-21T00:00:00.000Z,31.8600,991529.00,35000.00,7.0,,Corgi_Adv.40C8.C8_ETF_Holdings.csv,2026-08-20T23:38:01.712Z,,
Helen of Troy Ltd,HELE,,G4388N106,,,843.0,23207.79,2.281652627513712,,,,,GLAM,2026-08-21,,,,,,,,,,,,,160720.0,2026-08-21T00:00:00.000Z,27.5300,991529.00,35000.00,7.0,,Corgi_Adv.40C8.C8_ETF_Holdings.csv,2026-08-20T23:38:01.712Z,,
Olaplex Holdings Inc,OLPX,,679369108,,,12386.0,25639.02,2.5206767792140745,,,,,GLAM,2026-08-21,,,,,,,,,,,,,72533.0,2026-07-07T00:00:00.000Z,2.0700,1562709.50,55000.00,11.0,,Corgi_Adv.40C8.C8_ETF_Holdings.csv,2026-07-06T23:38:01.855Z,,
American International Group Inc,AIG,,26874784,,,111.0,8408.25,1.0487292761297793,,,,,NYNY,2026-08-21,,,,,,,,,,,,,161107.0,2026-08-21T00:00:00.000Z,75.7500,689010.00,25000.00,5.0,,Corgi_Adv.40C8.C8_ETF_Holdings.csv,2026-08-20T23:38:01.712Z,,
MongoDB Inc,MDB,,60937P106,,,15.0,6305.55,0.7864674441292933,,,,,NYNY,2026-08-21,,,,,,,,,,,,,161134.0,2026-08-21T00:00:00.000Z,420.3700,689010.00,25000.00,5.0,,Corgi_Adv.40C8.C8_ETF_Holdings.csv,2026-08-20T23:38:01.712Z,,
Marsh & McLennan Cos Inc,MRSH,,571748102,,,100.0,19021.0,2.372417513901767,,,,,NYNY,2026-08-21,,,,,,,,,,,,,161136.0,2026-08-21T00:00:00.000Z,190.2100,689010.00,25000.00,5.0,,Corgi_Adv.40C8.C8_ETF_Holdings.csv,2026-08-20T23:38:01.712Z,,
Morgan Stanley,MS,,617446448,,,142.0,29457.9,3.674172645116811,,,,,NYNY,2026-08-21,,,,,,,,,,,,,161137.0,2026-08-21T00:00:00.000Z,207.4500,689010.00,25000.00,5.0,,Corgi_Adv.40C8.C8_ETF_Holdings.csv,2026-08-20T23:38:01.712Z,,
MSCI Inc,MSCI,,55354G100,,,14.0,7962.5,0.9931325616131024,,,,,NYNY,2026-08-21,,,,,,,,,,,,,161138.0,2026-08-21T00:00:00.000Z,568.7500,689010.00,25000.00,5.0,,Corgi_Adv.40C8.C8_ETF_Holdings.csv,2026-08-20T23:38:01.712Z,,
Nasdaq Inc,NDAQ,,631103108,,,107.0,10437.85,1.3018736211282034,,,,,NYNY,2026-08-21,,,,,,,,,,,,,161139.0,2026-08-21T00:00:00.000Z,97.5500,689010.00,25000.00,5.0,,Corgi_Adv.40C8.C8_ETF_Holdings.csv,2026-08-20T23:38:01.712Z,,
News Corp,NWS,,65249B208,,,211.0,7127.58,0.888996142355079,,,,,NYNY,2026-08-21,,,,,,,,,,,,,161140.0,2026-08-21T00:00:00.000Z,33.7800,689010.00,25000.00,5.0,,Corgi_Adv.40C8.C8_ETF_Holdings.csv,2026-08-20T23:38:01.712Z,,
Omnicom Group Inc,OMC,,681919106,,,80.0,6965.6,0.8687929885302639,,,,,NYNY,2026-08-21,,,,,,,,,,,,,161141.0,2026-08-21T00:00:00.000Z,87.0700,689010.00,25000.00,5.0,,Corgi_Adv.40C8.C8_ETF_Holdings.csv,2026-08-20T23:38:01.712Z,,
Blue Owl Capital Inc,OWL,,09581B103,,,562.0,6406.8,0.7990959743476075,,,,,NYNY,2026-08-21,,,,,,,,,,,,,161142.0,2026-08-21T00:00:00.000Z,11.4000,689010.00,25000.00,5.0,,Corgi_Adv.40C8.C8_ETF_Holdings.csv,2026-08-20T23:38:01.712Z,,
Pfizer Inc,PFE,,717081103,,,1174.0,32625.46,4.069250444408892,,,,,NYNY,2026-08-21,,,,,,,,,,,,,161143.0,2026-08-21T00:00:00.000Z,27.7900,689010.00,25000.00,5.0,,Corgi_Adv.40C8.C8_ETF_Holdings.csv,2026-08-20T23:38:01.712Z,,
Pershing Square Inc,PS,,71531U102,,,166.0,6678.18,0.8329441771194207,,,,,NYNY,2026-08-21,,,,,,,,,,,,,161144.0,2026-08-21T00:00:00.000Z,40.2300,689010.00,25000.00,5.0,,Corgi_Adv.40C8.C8_ETF_Holdings.csv,2026-08-20T23:38:01.712Z,,
Ralph Lauren Corp,RL,,751212101,,,17.0,6332.84,0.7898712227925802,,,,,NYNY,2026-08-21,,,,,,,,,,,,,161145.0,2026-08-21T00:00:00.000Z,372.5200,689010.00,25000.00,5.0,,Corgi_Adv.40C8.C8_ETF_Holdings.csv,2026-08-20T23:38:01.712Z,,
Royalty Pharma PLC,RPRX,,G7709Q104,,,119.0,7209.02,0.8991538460684569,,,,,NYNY,2026-08-21,,,,,,,,,,,,,161147.0,2026-08-21T00:00:00.000Z,60.5800,689010.00,25000.00,5.0,,Corgi_Adv.40C8.C8_ETF_Holdings.csv,2026-08-20T23:38:01.712Z,,
S&P Global Inc,SPGI,,78409V104,,,58.0,25065.28,3.1262977373877128,,,,,NYNY,2026-08-21,,,,,,,,,,,,,161148.0,2026-08-21T00:00:00.000Z,432.1600,689010.00,25000.00,5.0,,Corgi_Adv.40C8.C8_ETF_Holdings.csv,2026-08-20T23:38:01.712Z,,
TKO Group Holdings Inc,TKO,,87256C101,,,35.0,6840.75,0.853220919416619,,,,,NYNY,2026-08-21,,,,,,,,,,,,,161149.0,2026-08-21T00:00:00.000Z,195.4500,689010.00,25000.00,5.0,,Corgi_Adv.40C8.C8_ETF_Holdings.csv,2026-08-20T23:38:01.712Z,,
Tapestry Inc,TPR,,876030107,,,53.0,6880.46,0.8581737977866859,,,,,NYNY,2026-08-21,,,,,,,,,,,,,161150.0,2026-08-21T00:00:00.000Z,129.8200,689010.00,25000.00,5.0,,Corgi_Adv.40C8.C8_ETF_Holdings.csv,2026-08-20T23:38:01.712Z,,
Travelers Cos Inc/The,TRV,,89417E109,,,44.0,16037.56,2.0003043070422386,,,,,NYNY,2026-08-21,,,,,,,,,,,,,161151.0,2026-08-21T00:00:00.000Z,364.4900,689010.00,25000.00,5.0,,Corgi_Adv.40C8.C8_ETF_Holdings.csv,2026-08-20T23:38:01.712Z,,
Take-Two Interactive Software Inc,TTWO,,874054109,,,40.0,9606.0,1.1981201113790219,,,,,NYNY,2026-08-21,,,,,,,,,,,,,161152.0,2026-08-21T00:00:00.000Z,240.1500,689010.00,25000.00,5.0,,Corgi_Adv.40C8.C8_ETF_Holdings.csv,2026-08-20T23:38:01.712Z,,
Tradeweb Markets Inc,TW,,892672106,,,66.0,7002.6,0.873407858832265,,,,,NYNY,2026-08-21,,,,,,,,,,,,,161153.0,2026-08-21T00:00:00.000Z,106.1000,689010.00,25000.00,5.0,,Corgi_Adv.40C8.C8_ETF_Holdings.csv,2026-08-20T23:38:01.712Z,,
Ubiquiti Inc,UI,,90353W103,,,11.0,6312.57,0.7873430222244296,,,,,NYNY,2026-08-21,,,,,,,,,,,,,161154.0,2026-08-21T00:00:00.000Z,573.8700,689010.00,25000.00,5.0,,Corgi_Adv.40C8.C8_ETF_Holdings.csv,2026-08-20T23:38:01.712Z,,
Verizon Communications Inc,VZ,,92343V104,,,659.0,32416.21,4.043151481957709,,,,,NYNY,2026-08-21,,,,,,,,,,,,,161155.0,2026-08-21T00:00:00.000Z,49.1900,689010.00,25000.00,5.0,,Corgi_Adv.40C8.C8_ETF_Holdings.csv,2026-08-20T23:38:01.712Z,,
Warner Bros Discovery Inc,WBD,,934423104,,,500.0,14115.0,1.7605106571012799,,,,,NYNY,2026-08-21,,,,,,,,,,,,,161156.0,2026-08-21T00:00:00.000Z,28.2300,689010.00,25000.00,5.0,,Corgi_Adv.40C8.C8_ETF_Holdings.csv,2026-08-20T23:38:01.712Z,,
Warner Music Group Corp,WMG,,934550203,,,275.0,7452.5,0.9295221871801124,,,,,NYNY,2026-08-21,,,,,,,,,,,,,161157.0,2026-08-21T00:00:00.000Z,27.1000,689010.00,25000.00,5.0,,Corgi_Adv.40C8.C8_ETF_Holdings.csv,2026-08-20T23:38:01.712Z,,
Cash & Other,Cash&Other,,Cash&Other,,,962.53,962.53,0.12005273275095252,,,,,NYNY,2026-08-21,,,,,,,,,,,,,161158.0,2026-08-21T00:00:00.000Z,1.0000,689010.00,25000.00,5.0,Y,Corgi_Adv.40C8.C8_ETF_Holdings.csv,2026-08-20T23:38:01.712Z,,
Assurant Inc,AIZ,,04621X108,,,24.0,6768.0,0.8441470865930898,,,,,NYNY,2026-08-21,,,,,,,,,,,,,161108.0,2026-08-21T00:00:00.000Z,282.0000,689010.00,25000.00,5.0,,Corgi_Adv.40C8.C8_ETF_Holdings.csv,2026-08-20T23:38:01.712Z,,
MetLife Inc,MET,,59156R108,,,113.0,10560.98,1.3172311611359173,,,,,NYNY,2026-08-21,,,,,,,,,,,,,161135.0,2026-08-21T00:00:00.000Z,93.4600,689010.00,25000.00,5.0,,Corgi_Adv.40C8.C8_ETF_Holdings.csv,2026-08-20T23:38:01.712Z,,
Roivant Sciences Ltd,ROIV,,G76279101,,,191.0,7036.44,0.8776285942652305,,,,,NYNY,2026-08-21,,,,,,,,,,,,,161146.0,2026-08-21T00:00:00.000Z,36.8400,689010.00,25000.00,5.0,,Corgi_Adv.40C8.C8_ETF_Holdings.csv,2026-08-20T23:38:01.712Z,,
Moody's Corp,MCO,,615369105,,,32.0,15960.64,1.9907103658630514,,,,,NYNY,2026-08-21,,,,,,,,,,,,,161133.0,2026-08-21T00:00:00.000Z,498.7700,689010.00,25000.00,5.0,,Corgi_Adv.40C8.C8_ETF_Holdings.csv,2026-08-20T23:38:01.712Z,,
DigitalOcean Holdings Inc,DOCN,,25402D102,,,51.0,5831.85,0.7273846316412398,,,,,NYNY,2026-08-21,,,,,,,,,,,,,161120.0,2026-08-21T00:00:00.000Z,114.3500,689010.00,25000.00,5.0,,Corgi_Adv.40C8.C8_ETF_Holdings.csv,2026-08-20T23:38:01.712Z,,
Loews Corp,L,,540424108,,,61.0,6752.7,0.8422387753601,,,,,NYNY,2026-08-21,,,,,,,,,,,,,161132.0,2026-08-21T00:00:00.000Z,110.7000,689010.00,25000.00,5.0,,Corgi_Adv.40C8.C8_ETF_Holdings.csv,2026-08-20T23:38:01.712Z,,
Ares Capital Corp,ARCC,,04010L103,,,343.0,6784.54,0.8462100583443086,,,,,NYNY,2026-08-21,,,,,,,,,,,,,161110.0,2026-08-21T00:00:00.000Z,19.7800,689010.00,25000.00,5.0,,Corgi_Adv.40C8.C8_ETF_Holdings.csv,2026-08-20T23:38:01.712Z,,
American Express Co,AXP,,25816109,,,90.0,29803.5,3.7172780282619904,,,,,NYNY,2026-08-21,,,,,,,,,,,,,161111.0,2026-08-21T00:00:00.000Z,331.1500,689010.00,25000.00,5.0,,Corgi_Adv.40C8.C8_ETF_Holdings.csv,2026-08-20T23:38:01.712Z,,
Blackrock Inc,BLK,,09290D101,,,26.0,29635.32,3.696301571846029,,,,,NYNY,2026-08-21,,,,,,,,,,,,,161112.0,2026-08-21T00:00:00.000Z,1139.8200,689010.00,25000.00,5.0,,Corgi_Adv.40C8.C8_ETF_Holdings.csv,2026-08-20T23:38:01.712Z,,
Bank of New York Mellon Corp/The,BNY,,64058100,,,146.0,22957.04,2.8633449221041705,,,,,NYNY,2026-08-21,,,,,,,,,,,,,161113.0,2026-08-21T00:00:00.000Z,157.2400,689010.00,25000.00,5.0,,Corgi_Adv.40C8.C8_ETF_Holdings.csv,2026-08-20T23:38:01.712Z,,
Blackstone Inc,BX,,09260D107,,,160.0,22616.0,2.8208082905421565,,,,,NYNY,2026-08-21,,,,,,,,,,,,,161114.0,2026-08-21T00:00:00.000Z,141.3500,689010.00,25000.00,5.0,,Corgi_Adv.40C8.C8_ETF_Holdings.csv,2026-08-20T23:38:01.712Z,,
Citigroup Inc,C,,172967424,,,226.0,29305.42,3.655154390423591,,,,,NYNY,2026-08-21,,,,,,,,,,,,,161115.0,2026-08-21T00:00:00.000Z,129.6700,689010.00,25000.00,5.0,,Corgi_Adv.40C8.C8_ETF_Holdings.csv,2026-08-20T23:38:01.712Z,,
Colgate-Palmolive Co,CL,,194162103,,,158.0,14172.6,1.767694887625476,,,,,NYNY,2026-08-21,,,,,,,,,,,,,161116.0,2026-08-21T00:00:00.000Z,89.7000,689010.00,25000.00,5.0,,Corgi_Adv.40C8.C8_ETF_Holdings.csv,2026-08-20T23:38:01.712Z,,
Coinbase Global Inc,COIN,,19260Q107,,,47.0,8100.45,1.0103385442661044,,,,,NYNY,2026-08-21,,,,,,,,,,,,,161117.0,2026-08-21T00:00:00.000Z,172.3500,689010.00,25000.00,5.0,,Corgi_Adv.40C8.C8_ETF_Holdings.csv,2026-08-20T23:38:01.712Z,,
Circle Internet Group Inc,CRCL,,172573107,,,94.0,7864.04,0.980852017560804,,,,,NYNY,2026-08-21,,,,,,,,,,,,,161118.0,2026-08-21T00:00:00.000Z,83.6600,689010.00,25000.00,5.0,,Corgi_Adv.40C8.C8_ETF_Holdings.csv,2026-08-20T23:38:01.712Z,,
Datadog Inc,DDOG,,23804L103,,,70.0,16278.5,2.030355843543973,,,,,NYNY,2026-08-21,,,,,,,,,,,,,161119.0,2026-08-21T00:00:00.000Z,232.5500,689010.00,25000.00,5.0,,Corgi_Adv.40C8.C8_ETF_Holdings.csv,2026-08-20T23:38:01.712Z,,
Apollo Global Management Inc,APO,,03769M106,,,97.0,12608.06,1.5725557205364762,,,,,NYNY,2026-08-21,,,,,,,,,,,,,161109.0,2026-08-21T00:00:00.000Z,129.9800,689010.00,25000.00,5.0,,Corgi_Adv.40C8.C8_ETF_Holdings.csv,2026-08-20T23:38:01.712Z,,
Consolidated Edison Inc,ED,,209115104,,,78.0,8448.18,1.0537095942692092,,,,,NYNY,2026-08-21,,,,,,,,,,,,,161121.0,2026-08-21T00:00:00.000Z,108.3100,689010.00,25000.00,5.0,,Corgi_Adv.40C8.C8_ETF_Holdings.csv,2026-08-20T23:38:01.712Z,,
Fox Corp,FOX,,35137L204,,,120.0,7254.0,0.9047640316409977,,,,,NYNY,2026-08-21,,,,,,,,,,,,,161126.0,2026-08-21T00:00:00.000Z,60.4500,689010.00,25000.00,5.0,,Corgi_Adv.40C8.C8_ETF_Holdings.csv,2026-08-20T23:38:01.712Z,,
JPMORGAN CHASE & CO.,JPM,,46625H100,,,85.0,29881.75,3.727037855319601,,,,,NYNY,2026-08-21,,,,,,,,,,,,,161130.0,2026-08-21T00:00:00.000Z,351.5500,689010.00,25000.00,5.0,,Corgi_Adv.40C8.C8_ETF_Holdings.csv,2026-08-20T23:38:01.712Z,,
International Flavors & Fragrances Inc,IFF,,459506101,,,82.0,6837.98,0.8528754277750908,,,,,NYNY,2026-08-21,,,,,,,,,,,,,161129.0,2026-08-21T00:00:00.000Z,83.3900,689010.00,25000.00,5.0,,Corgi_Adv.40C8.C8_ETF_Holdings.csv,2026-08-20T23:38:01.712Z,,
Goldman Sachs Group Inc/The,GS,,38141G104,,,29.0,29056.55,3.6241137749625354,,,,,NYNY,2026-08-21,,,,,,,,,,,,,161128.0,2026-08-21T00:00:00.000Z,1001.9500,689010.00,25000.00,5.0,,Corgi_Adv.40C8.C8_ETF_Holdings.csv,2026-08-20T23:38:01.712Z,,
FTAI Aviation Ltd,FTAI,,G3730V105,,,31.0,6132.11,0.7648349277731015,,,,,NYNY,2026-08-21,,,,,,,,,,,,,161127.0,2026-08-21T00:00:00.000Z,197.8100,689010.00,25000.00,5.0,,Corgi_Adv.40C8.C8_ETF_Holdings.csv,2026-08-20T23:38:01.712Z,,
KKR & Co Inc,KKR,,48251W104,,,146.0,15624.92,1.9488372778147312,,,,,NYNY,2026-08-21,,,,,,,,,,,,,161131.0,2026-08-21T00:00:00.000Z,107.0200,689010.00,25000.00,5.0,,Corgi_Adv.40C8.C8_ETF_Holdings.csv,2026-08-20T23:38:01.712Z,,
Flutter Entertainment PLC,FLUT,,G3643J108,,,70.0,6969.9,0.8693293112950911,,,,,NYNY,2026-08-21,,,,,,,,,,,,,161125.0,2026-08-21T00:00:00.000Z,99.5700,689010.00,25000.00,5.0,,Corgi_Adv.40C8.C8_ETF_Holdings.csv,2026-08-20T23:38:01.712Z,,
First American Government Obligations Fund 12/01/2031,FGXXX,,31846V336,,,24248.35,24248.35,3.024405142906257,,,,,NYNY,2026-08-21,,,,,,,,,,,,,161124.0,2026-08-21T00:00:00.000Z,100.0000,689010.00,25000.00,5.0,Y,Corgi_Adv.40C8.C8_ETF_Holdings.csv,2026-08-20T23:38:01.712Z,,
EQUITABLE HLDGS INC COM,EQH,,29452E101,,,131.0,6386.25,0.7965328504366311,,,,,NYNY,2026-08-21,,,,,,,,,,,,,161123.0,2026-08-21T00:00:00.000Z,48.7500,689010.00,25000.00,5.0,,Corgi_Adv.40C8.C8_ETF_Holdings.csv,2026-08-20T23:38:01.712Z,,
Estee Lauder Cos Inc/The,EL,,518439104,,,78.0,7499.7,0.9354092649707735,,,,,NYNY,2026-08-21,,,,,,,,,,,,,161122.0,2026-08-21T00:00:00.000Z,96.1500,689010.00,25000.00,5.0,,Corgi_Adv.40C8.C8_ETF_Holdings.csv,2026-08-20T23:38:01.712Z,,
Annaly Capital Management Inc,NLY,,35710839,,,265.0,6124.15,0.7638421070270494,,,,,NYNY,2026-08-21,,,,,,,,,,,,,145240.0,2026-08-13T00:00:00.000Z,23.1100,694512.50,25000.00,5.0,,Corgi_Adv.40C8.C8_ETF_Holdings.csv,2026-08-12T23:38:00.930Z,,
New York Times Co/The,NYT,,650111107,,,65.0,4156.75,0.5184557331849624,,,,,NYNY,2026-08-21,,,,,,,,,,,,,145242.0,2026-08-13T00:00:00.000Z,63.9500,694512.50,25000.00,5.0,,Corgi_Adv.40C8.C8_ETF_Holdings.csv,2026-08-12T23:38:00.930Z,,
News Corp,NWSA,,65249B109,,,170.0,4873.9,0.6079031449979402,,,,,NYNY,2026-08-21,,,,,,,,,,,,,145241.0,2026-08-13T00:00:00.000Z,28.6700,694512.50,25000.00,5.0,,Corgi_Adv.40C8.C8_ETF_Holdings.csv,2026-08-12T23:38:00.930Z,,
MarketAxess Holdings Inc,MKTX,,57060D108,,,20.0,3252.0,0.40560968167859446,,,,,NYNY,2026-08-21,,,,,,,,,,,,,145234.0,2026-08-13T00:00:00.000Z,162.6000,694512.50,25000.00,5.0,,Corgi_Adv.40C8.C8_ETF_Holdings.csv,2026-08-12T23:38:00.930Z,,
Madison Square Garden Sports Corp,MSGS,,55825T103,,,10.0,4141.2,0.5165162403958781,,,,,NYNY,2026-08-21,,,,,,,,,,,,,145238.0,2026-08-13T00:00:00.000Z,414.1200,694512.50,25000.00,5.0,,Corgi_Adv.40C8.C8_ETF_Holdings.csv,2026-08-12T23:38:00.930Z,,
Paramount Skydance Corp,PSKY,,69932A204,,,360.0,3420.0,0.42656368737416767,,,,,NYNY,2026-08-21,,,,,,,,,,,,,145247.0,2026-08-13T00:00:00.000Z,9.5000,694512.50,25000.00,5.0,,Corgi_Adv.40C8.C8_ETF_Holdings.csv,2026-08-12T23:38:00.930Z,,
PJT Partners Inc,PJT,,69343T107,,,15.0,2558.85,0.3191556992506985,,,,,NYNY,2026-08-21,,,,,,,,,,,,,145246.0,2026-08-13T00:00:00.000Z,170.5900,694512.50,25000.00,5.0,,Corgi_Adv.40C8.C8_ETF_Holdings.csv,2026-08-12T23:38:00.930Z,,
WP Carey Inc,WPC,,92936U109,,,80.0,5655.2,0.7053517441047932,,,,,NYNY,2026-08-21,,,,,,,,,,,,,145259.0,2026-08-13T00:00:00.000Z,70.6900,694512.50,25000.00,5.0,,Corgi_Adv.40C8.C8_ETF_Holdings.csv,2026-08-12T23:38:00.930Z,,
Rithm Capital Corp,RITM,,64828T201,,,320.0,3273.6,0.4083037681251682,,,,,NYNY,2026-08-21,,,,,,,,,,,,,145248.0,2026-08-13T00:00:00.000Z,10.2300,694512.50,25000.00,5.0,,Corgi_Adv.40C8.C8_ETF_Holdings.csv,2026-08-12T23:38:00.930Z,,
StoneX Group Inc,SNEX,,861896108,,,45.0,3123.0,0.3895199987337794,,,,,NYNY,2026-08-21,,,,,,,,,,,,,145250.0,2026-08-13T00:00:00.000Z,69.4000,694512.50,25000.00,5.0,,Corgi_Adv.40C8.C8_ETF_Holdings.csv,2026-08-12T23:38:00.930Z,,
VICI Properties Inc,VICI,,925652109,,,310.0,8081.7,1.007999927559009,,,,,NYNY,2026-08-21,,,,,,,,,,,,,145255.0,2026-08-13T00:00:00.000Z,26.0700,694512.50,25000.00,5.0,,Corgi_Adv.40C8.C8_ETF_Holdings.csv,2026-08-12T23:38:00.930Z,,
Virtu Financial Inc,VIRT,,928254101,,,55.0,3139.95,0.3916341082369935,,,,,NYNY,2026-08-21,,,,,,,,,,,,,145256.0,2026-08-13T00:00:00.000Z,57.0900,694512.50,25000.00,5.0,,Corgi_Adv.40C8.C8_ETF_Holdings.csv,2026-08-12T23:38:00.930Z,,
Moelis & Co,MC,,60786M105,,,40.0,2650.8,0.3306242755822935,,,,,NYNY,2026-08-21,,,,,,,,,,,,,145230.0,2026-08-13T00:00:00.000Z,66.2700,694512.50,25000.00,5.0,,Corgi_Adv.40C8.C8_ETF_Holdings.csv,2026-08-12T23:38:00.930Z,,
Mobility Global Inc,MBGL,,60744M106,,,45.0,882.9,0.11012078350369961,,,,,NYNY,2026-08-21,,,,,,,,,,,,,145229.0,2026-08-13T00:00:00.000Z,19.6200,694512.50,25000.00,5.0,,Corgi_Adv.40C8.C8_ETF_Holdings.csv,2026-08-12T23:38:00.930Z,,
Axsome Therapeutics Inc,AXSM,,05464T104,,,20.0,4293.2,0.5354746265013967,,,,,NYNY,2026-08-21,,,,,,,,,,,,,145205.0,2026-08-13T00:00:00.000Z,214.6600,694512.50,25000.00,5.0,,Corgi_Adv.40C8.C8_ETF_Holdings.csv,2026-08-12T23:38:00.930Z,,
BGC Group Inc,BGC,,88929104,,,225.0,2421.0,0.30196218922013446,,,,,NYNY,2026-08-21,,,,,,,,,,,,,145206.0,2026-08-13T00:00:00.000Z,10.7600,694512.50,25000.00,5.0,,Corgi_Adv.40C8.C8_ETF_Holdings.csv,2026-08-12T23:38:00.930Z,,
Bristol-Myers Squibb Co,BMY,,110122108,,,340.0,21658.0,2.7013205675876386,,,,,NYNY,2026-08-21,,,,,,,,,,,,,145208.0,2026-08-13T00:00:00.000Z,63.7000,694512.50,25000.00,5.0,,Corgi_Adv.40C8.C8_ETF_Holdings.csv,2026-08-12T23:38:00.930Z,,
Brixmor Property Group Inc,BRX,,11120U105,,,140.0,4162.2,0.5191354911078248,,,,,NYNY,2026-08-21,,,,,,,,,,,,,145210.0,2026-08-13T00:00:00.000Z,29.7300,694512.50,25000.00,5.0,,Corgi_Adv.40C8.C8_ETF_Holdings.csv,2026-08-12T23:38:00.930Z,,
Compass Inc,COMP,,20464U100,,,420.0,5346.6,0.6668612312616156,,,,,NYNY,2026-08-21,,,,,,,,,,,,,145214.0,2026-08-13T00:00:00.000Z,12.7300,694512.50,25000.00,5.0,,Corgi_Adv.40C8.C8_ETF_Holdings.csv,2026-08-12T23:38:00.930Z,,
Lazard Inc,LAZ,,52110M109,,,60.0,2612.4,0.3258347885661625,,,,,NYNY,2026-08-21,,,,,,,,,,,,,145228.0,2026-08-13T00:00:00.000Z,43.5400,694512.50,25000.00,5.0,,Corgi_Adv.40C8.C8_ETF_Holdings.csv,2026-08-12T23:38:00.930Z,,
Jefferies Financial Group Inc,JEF,,47233W109,,,75.0,4111.5,0.5128118715318393,,,,,NYNY,2026-08-21,,,,,,,,,,,,,145224.0,2026-08-13T00:00:00.000Z,54.8200,694512.50,25000.00,5.0,,Corgi_Adv.40C8.C8_ETF_Holdings.csv,2026-08-12T23:38:00.930Z,,
Fox Corp,FOXA,,35137L105,,,75.0,4728.75,0.5897991335294139,,,,,NYNY,2026-08-21,,,,,,,,,,,,,145222.0,2026-08-13T00:00:00.000Z,63.0500,694512.50,25000.00,5.0,,Corgi_Adv.40C8.C8_ETF_Holdings.csv,2026-08-12T23:38:00.930Z,,
Evercore Inc,EVR,,29977A105,,,15.0,4499.25,0.5611744650345684,,,,,NYNY,2026-08-21,,,,,,,,,,,,,145220.0,2026-08-13T00:00:00.000Z,299.9500,694512.50,25000.00,5.0,,Corgi_Adv.40C8.C8_ETF_Holdings.csv,2026-08-12T23:38:00.930Z,,
Etsy Inc,ETSY,,29786A106,,,45.0,3583.35,0.4469377161263812,,,,,NYNY,2026-08-21,,,,,,,,,,,,,145219.0,2026-08-13T00:00:00.000Z,79.6300,694512.50,25000.00,5.0,,Corgi_Adv.40C8.C8_ETF_Holdings.csv,2026-08-12T23:38:00.930Z,,
American Eagle Outfitters Inc,AEO,,02553E106,,,466.0,7456.0,1.9469122261935996,,,,,STYL,2026-08-21,,,,,,,,,,,,,161457.0,2026-08-21T00:00:00.000Z,16.0000,382972.50,15000.00,3.0,,Corgi_Adv.40C8.C8_ETF_Holdings.csv,2026-08-20T23:38:01.712Z,,
Tapestry Inc,TPR,,876030107,,,126.0,16357.32,4.271226702757657,,,,,STYL,2026-08-21,,,,,,,,,,,,,161495.0,2026-08-21T00:00:00.000Z,129.8200,382972.50,15000.00,3.0,,Corgi_Adv.40C8.C8_ETF_Holdings.csv,2026-08-20T23:38:01.712Z,,
Oxford Industries Inc,OXM,,691497309,,,66.0,2267.76,0.5921579493123388,,,,,STYL,2026-08-21,,,,,,,,,,,,,161484.0,2026-08-21T00:00:00.000Z,34.3600,382972.50,15000.00,3.0,,Corgi_Adv.40C8.C8_ETF_Holdings.csv,2026-08-20T23:38:01.712Z,,
PVH Corp,PVH,,693656100,,,81.0,6163.29,1.6093595298520318,,,,,STYL,2026-08-21,,,,,,,,,,,,,161485.0,2026-08-21T00:00:00.000Z,76.0900,382972.50,15000.00,3.0,,Corgi_Adv.40C8.C8_ETF_Holdings.csv,2026-08-20T23:38:01.712Z,,
FERRARI NV,RACE,,N3167Y103,,,78.0,33412.86,8.724772752963396,,,,,STYL,2026-08-21,,,,,,,,,,,,,161486.0,2026-08-21T00:00:00.000Z,428.3700,382972.50,15000.00,3.0,,Corgi_Adv.40C8.C8_ETF_Holdings.csv,2026-08-20T23:38:01.712Z,,
Rocky Brands Inc,RCKY,,774515100,,,48.0,2226.24,0.5813162385248443,,,,,STYL,2026-08-21,,,,,,,,,,,,,161487.0,2026-08-21T00:00:00.000Z,46.3800,382972.50,15000.00,3.0,,Corgi_Adv.40C8.C8_ETF_Holdings.csv,2026-08-20T23:38:01.712Z,,
RealReal Inc/The,REAL,,88339P101,,,327.0,3809.55,0.9947504655707923,,,,,STYL,2026-08-21,,,,,,,,,,,,,161488.0,2026-08-21T00:00:00.000Z,11.6500,382972.50,15000.00,3.0,,Corgi_Adv.40C8.C8_ETF_Holdings.csv,2026-08-20T23:38:01.712Z,,
RH,RH,,74967X103,,,45.0,7038.45,1.8378814858439299,,,,,STYL,2026-08-21,,,,,,,,,,,,,161489.0,2026-08-21T00:00:00.000Z,156.4100,382972.50,15000.00,3.0,,Corgi_Adv.40C8.C8_ETF_Holdings.csv,2026-08-20T23:38:01.712Z,,
Ralph Lauren Corp,RL,,751212101,,,42.0,15645.84,4.08544490143091,,,,,STYL,2026-08-21,,,,,,,,,,,,,161490.0,2026-08-21T00:00:00.000Z,372.5200,382972.50,15000.00,3.0,,Corgi_Adv.40C8.C8_ETF_Holdings.csv,2026-08-20T23:38:01.712Z,,
Revolve Group Inc,RVLV,,76156B107,,,147.0,3550.05,0.9269897731489523,,,,,STYL,2026-08-21,,,,,,,,,,,,,161491.0,2026-08-21T00:00:00.000Z,24.1500,382972.50,15000.00,3.0,,Corgi_Adv.40C8.C8_ETF_Holdings.csv,2026-08-20T23:38:01.712Z,,
Stitch Fix Inc,SFIX,,860897107,,,469.0,1566.46,0.4090343516420636,,,,,STYL,2026-08-21,,,,,,,,,,,,,161492.0,2026-08-21T00:00:00.000Z,3.3400,382972.50,15000.00,3.0,,Corgi_Adv.40C8.C8_ETF_Holdings.csv,2026-08-20T23:38:01.712Z,,
ThredUp Inc,TDUP,,88556E102,,,540.0,1485.0,0.38776349998625204,,,,,STYL,2026-08-21,,,,,,,,,,,,,161494.0,2026-08-21T00:00:00.000Z,2.7500,382972.50,15000.00,3.0,,Corgi_Adv.40C8.C8_ETF_Holdings.csv,2026-08-20T23:38:01.712Z,,
Under Armour Inc,UAA,,904311107,,,696.0,3688.8,0.9632202011779709,,,,,STYL,2026-08-21,,,,,,,,,,,,,161496.0,2026-08-21T00:00:00.000Z,5.3000,382972.50,15000.00,3.0,,Corgi_Adv.40C8.C8_ETF_Holdings.csv,2026-08-20T23:38:01.712Z,,
NIKE Inc,NKE,,654106103,,,834.0,33535.14,8.756702531265294,,,,,STYL,2026-08-21,,,,,,,,,,,,,161482.0,2026-08-21T00:00:00.000Z,40.2100,382972.50,15000.00,3.0,,Corgi_Adv.40C8.C8_ETF_Holdings.csv,2026-08-20T23:38:01.712Z,,
Urban Outfitters Inc,URBN,,917047102,,,117.0,8500.05,2.219534773103126,,,,,STYL,2026-08-21,,,,,,,,,,,,,161497.0,2026-08-21T00:00:00.000Z,72.6500,382972.50,15000.00,3.0,,Corgi_Adv.40C8.C8_ETF_Holdings.csv,2026-08-20T23:38:01.712Z,,
VF Corp,VFC,,918204108,,,561.0,7825.95,2.0435136449275486,,,,,STYL,2026-08-21,,,,,,,,,,,,,161498.0,2026-08-21T00:00:00.000Z,13.9500,382972.50,15000.00,3.0,,Corgi_Adv.40C8.C8_ETF_Holdings.csv,2026-08-20T23:38:01.712Z,,
Victoria's Secret & Co,VSXY,,926400102,,,156.0,13540.8,3.535776431389792,,,,,STYL,2026-08-21,,,,,,,,,,,,,161499.0,2026-08-21T00:00:00.000Z,86.8000,382972.50,15000.00,3.0,,Corgi_Adv.40C8.C8_ETF_Holdings.csv,2026-08-20T23:38:01.712Z,,
Warby Parker Inc,WRBY,,93403J106,,,267.0,7331.82,1.9144863195078805,,,,,STYL,2026-08-21,,,,,,,,,,,,,161500.0,2026-08-21T00:00:00.000Z,27.4600,382972.50,15000.00,3.0,,Corgi_Adv.40C8.C8_ETF_Holdings.csv,2026-08-20T23:38:01.712Z,,
Wolverine World Wide Inc,WWW,,978097103,,,264.0,5398.8,1.4097357466166853,,,,,STYL,2026-08-21,,,,,,,,,,,,,161501.0,2026-08-21T00:00:00.000Z,20.4500,382972.50,15000.00,3.0,,Corgi_Adv.40C8.C8_ETF_Holdings.csv,2026-08-20T23:38:01.712Z,,
YETI Holdings Inc,YETI,,98585X104,,,267.0,11748.0,3.0676401332245717,,,,,STYL,2026-08-21,,,,,,,,,,,,,161502.0,2026-08-21T00:00:00.000Z,44.0000,382972.50,15000.00,3.0,,Corgi_Adv.40C8.C8_ETF_Holdings.csv,2026-08-20T23:38:01.712Z,,
Ermenegildo Zegna NV,ZGN,,N30577105,,,294.0,4007.22,1.0463660959022956,,,,,STYL,2026-08-21,,,,,,,,,,,,,161503.0,2026-08-21T00:00:00.000Z,13.6300,382972.50,15000.00,3.0,,Corgi_Adv.40C8.C8_ETF_Holdings.csv,2026-08-20T23:38:01.712Z,,
Zumiez Inc,ZUMZ,,989817101,,,87.0,1519.89,0.39687398383441397,,,,,STYL,2026-08-21,,,,,,,,,,,,,161504.0,2026-08-21T00:00:00.000Z,17.4700,382972.50,15000.00,3.0,,Corgi_Adv.40C8.C8_ETF_Holdings.csv,2026-08-20T23:38:01.712Z,,
Cash & Other,Cash&Other,,Cash&Other,,,28.41,28.41,0.007418424939130923,,,,,STYL,2026-08-21,,,,,,,,,,,,,161505.0,2026-08-21T00:00:00.000Z,1.0000,382972.50,15000.00,3.0,Y,Corgi_Adv.40C8.C8_ETF_Holdings.csv,2026-08-20T23:38:01.712Z,,
Abercrombie & Fitch Co,ANF,,2896207,,,130.0,13652.6,3.5649696699746167,,,,,STYL,2026-08-21,,,,,,,,,,,,,161458.0,2026-08-21T00:00:00.000Z,105.0200,382972.50,15000.00,3.0,,Corgi_Adv.40C8.C8_ETF_Holdings.csv,2026-08-20T23:38:01.712Z,,
On Holding AG,ONON,,H5919C104,,,398.0,11900.2,3.107382627970638,,,,,STYL,2026-08-21,,,,,,,,,,,,,161483.0,2026-08-21T00:00:00.000Z,29.9000,382972.50,15000.00,3.0,,Corgi_Adv.40C8.C8_ETF_Holdings.csv,2026-08-20T23:38:01.712Z,,
Steven Madden Ltd,SHOO,,556269108,,,168.0,7679.28,2.005215144898603,,,,,STYL,2026-08-21,,,,,,,,,,,,,161493.0,2026-08-21T00:00:00.000Z,45.7100,382972.50,15000.00,3.0,,Corgi_Adv.40C8.C8_ETF_Holdings.csv,2026-08-20T23:38:01.712Z,,
Lululemon Athletica Inc,LULU,,550021109,,,126.0,14576.94,3.8063335175014124,,,,,STYL,2026-08-21,,,,,,,,,,,,,161481.0,2026-08-21T00:00:00.000Z,115.6900,382972.50,15000.00,3.0,,Corgi_Adv.40C8.C8_ETF_Holdings.csv,2026-08-20T23:38:01.712Z,,
Deckers Outdoor Corp,DECK,,243537107,,,156.0,13862.16,3.6196900195080297,,,,,STYL,2026-08-21,,,,,,,,,,,,,161469.0,2026-08-21T00:00:00.000Z,88.8600,382972.50,15000.00,3.0,,Corgi_Adv.40C8.C8_ETF_Holdings.csv,2026-08-20T23:38:01.712Z,,
Levi Strauss & Co,LEVI,,52736R102,,,246.0,5222.58,1.3637211446183166,,,,,STYL,2026-08-21,,,,,,,,,,,,,161480.0,2026-08-21T00:00:00.000Z,21.2300,382972.50,15000.00,3.0,,Corgi_Adv.40C8.C8_ETF_Holdings.csv,2026-08-20T23:38:01.712Z,,
Birkenstock Holding Plc,BIRK,,M2029K104,,,150.0,5182.5,1.3532554469217182,,,,,STYL,2026-08-21,,,,,,,,,,,,,161460.0,2026-08-21T00:00:00.000Z,34.5500,382972.50,15000.00,3.0,,Corgi_Adv.40C8.C8_ETF_Holdings.csv,2026-08-20T23:38:01.712Z,,
Buckle Inc/The,BKE,,118440106,,,93.0,3965.52,1.0354773834784392,,,,,STYL,2026-08-21,,,,,,,,,,,,,161461.0,2026-08-21T00:00:00.000Z,42.6400,382972.50,15000.00,3.0,,Corgi_Adv.40C8.C8_ETF_Holdings.csv,2026-08-20T23:38:01.712Z,,
Boot Barn Holdings Inc,BOOT,,99406100,,,54.0,8651.88,2.259180653374447,,,,,STYL,2026-08-21,,,,,,,,,,,,,161462.0,2026-08-21T00:00:00.000Z,160.2200,382972.50,15000.00,3.0,,Corgi_Adv.40C8.C8_ETF_Holdings.csv,2026-08-20T23:38:01.712Z,,
CALERES INC COM,CAL,,129500104,,,174.0,2242.86,0.5856560562822662,,,,,STYL,2026-08-21,,,,,,,,,,,,,161463.0,2026-08-21T00:00:00.000Z,12.8900,382972.50,15000.00,3.0,,Corgi_Adv.40C8.C8_ETF_Holdings.csv,2026-08-20T23:38:01.712Z,,
Columbia Sportswear Co,COLM,,198516106,,,75.0,4458.0,1.1640738605647891,,,,,STYL,2026-08-21,,,,,,,,,,,,,161464.0,2026-08-21T00:00:00.000Z,59.4400,382972.50,15000.00,3.0,,Corgi_Adv.40C8.C8_ETF_Holdings.csv,2026-08-20T23:38:01.712Z,,
CAPRI HOLDINGS LTD,CPRI,,G1890L107,,,288.0,3965.76,1.0355400523269218,,,,,STYL,2026-08-21,,,,,,,,,,,,,161465.0,2026-08-21T00:00:00.000Z,13.7700,382972.50,15000.00,3.0,,Corgi_Adv.40C8.C8_ETF_Holdings.csv,2026-08-20T23:38:01.712Z,,
Carter's Inc,CRI,,146229109,,,123.0,4457.52,1.163948522867824,,,,,STYL,2026-08-21,,,,,,,,,,,,,161466.0,2026-08-21T00:00:00.000Z,36.2400,382972.50,15000.00,3.0,,Corgi_Adv.40C8.C8_ETF_Holdings.csv,2026-08-20T23:38:01.712Z,,
Crocs Inc,CROX,,227046109,,,84.0,10339.56,2.6998679959042775,,,,,STYL,2026-08-21,,,,,,,,,,,,,161467.0,2026-08-21T00:00:00.000Z,123.0900,382972.50,15000.00,3.0,,Corgi_Adv.40C8.C8_ETF_Holdings.csv,2026-08-20T23:38:01.712Z,,
Designer Brands Inc,DBI,,250565108,,,543.0,3116.82,0.813864668031751,,,,,STYL,2026-08-21,,,,,,,,,,,,,161468.0,2026-08-21T00:00:00.000Z,5.7400,382972.50,15000.00,3.0,,Corgi_Adv.40C8.C8_ETF_Holdings.csv,2026-08-20T23:38:01.712Z,,
Amer Sports Inc,AS,,G0260P102,,,300.0,9759.0,2.548272051424804,,,,,STYL,2026-08-21,,,,,,,,,,,,,161459.0,2026-08-21T00:00:00.000Z,32.5300,382972.50,15000.00,3.0,,Corgi_Adv.40C8.C8_ETF_Holdings.csv,2026-08-20T23:38:01.712Z,,
First American Government Obligations Fund 12/01/2031,FGXXX,,31846V336,,,13278.43,13278.43,3.4672663239881816,,,,,STYL,2026-08-21,,,,,,,,,,,,,161470.0,2026-08-21T00:00:00.000Z,100.0000,382972.50,15000.00,3.0,Y,Corgi_Adv.40C8.C8_ETF_Holdings.csv,2026-08-20T23:38:01.712Z,,
G-III Apparel Group Ltd,GIII,,36237H101,,,129.0,4280.22,1.1176519110512835,,,,,STYL,2026-08-21,,,,,,,,,,,,,161475.0,2026-08-21T00:00:00.000Z,33.1800,382972.50,15000.00,3.0,,Corgi_Adv.40C8.C8_ETF_Holdings.csv,2026-08-20T23:38:01.712Z,,
Figs Inc,FIGS,,30260D103,,,285.0,4106.85,1.0723815016286462,,,,,STYL,2026-08-21,,,,,,,,,,,,,161471.0,2026-08-21T00:00:00.000Z,14.4100,382972.50,15000.00,3.0,,Corgi_Adv.40C8.C8_ETF_Holdings.csv,2026-08-20T23:38:01.712Z,,
Johnson Outdoors Inc,JOUT,,479167108,,,36.0,1696.32,0.4429434210752048,,,,,STYL,2026-08-21,,,,,,,,,,,,,161478.0,2026-08-21T00:00:00.000Z,47.1200,382972.50,15000.00,3.0,,Corgi_Adv.40C8.C8_ETF_Holdings.csv,2026-08-20T23:38:01.712Z,,
Canada Goose Holdings Inc,GOOS,,135086106,,,234.0,2000.7,0.5224231881632959,,,,,STYL,2026-08-21,,,,,,,,,,,,,161477.0,2026-08-21T00:00:00.000Z,8.5500,382972.50,15000.00,3.0,,Corgi_Adv.40C8.C8_ETF_Holdings.csv,2026-08-20T23:38:01.712Z,,
Gildan Activewear Inc,GIL,,375916103,,,237.0,13141.65,3.431550302757124,,,,,STYL,2026-08-21,,,,,,,,,,,,,161476.0,2026-08-21T00:00:00.000Z,55.4500,382972.50,15000.00,3.0,,Corgi_Adv.40C8.C8_ETF_Holdings.csv,2026-08-20T23:38:01.712Z,,
Kontoor Brands Inc,KTB,,50050N103,,,114.0,9004.86,2.351350862280271,,,,,STYL,2026-08-21,,,,,,,,,,,,,161479.0,2026-08-21T00:00:00.000Z,78.9900,382972.50,15000.00,3.0,,Corgi_Adv.40C8.C8_ETF_Holdings.csv,2026-08-20T23:38:01.712Z,,
Genesco Inc,GCO,,371532102,,,60.0,2049.0,0.5350352939204246,,,,,STYL,2026-08-21,,,,,,,,,,,,,161474.0,2026-08-21T00:00:00.000Z,34.1500,382972.50,15000.00,3.0,,Corgi_Adv.40C8.C8_ETF_Holdings.csv,2026-08-20T23:38:01.712Z,,
Gap Inc/The,GAP,,364760108,,,512.0,10060.8,2.6270781283917066,,,,,STYL,2026-08-21,,,,,,,,,,,,,161473.0,2026-08-21T00:00:00.000Z,19.6500,382972.50,15000.00,3.0,,Corgi_Adv.40C8.C8_ETF_Holdings.csv,2026-08-20T23:38:01.712Z,,
Fossil Group Inc,FOSL,,34988V106,,,396.0,2209.68,0.576992087979543,,,,,STYL,2026-08-21,,,,,,,,,,,,,161472.0,2026-08-21T00:00:00.000Z,5.5800,382972.50,15000.00,3.0,,Corgi_Adv.40C8.C8_ETF_Holdings.csv,2026-08-20T23:38:01.712Z,,
Host Hotels & Resorts Inc,HST,,44107P104,,,520.0,12006.8,1.7400735498023587,,,,,WNDR,2026-08-21,,,,,,,,,,,,,161606.0,2026-08-21T00:00:00.000Z,23.0900,690027.50,25000.00,5.0,,Corgi_Adv.40C8.C8_ETF_Holdings.csv,2026-08-20T23:38:01.712Z,,
Southwest Airlines Co,LUV,,844741108,,,330.0,13163.7,1.9077361318197452,,,,,WNDR,2026-08-21,,,,,,,,,,,,,161612.0,2026-08-21T00:00:00.000Z,39.8900,690027.50,25000.00,5.0,,Corgi_Adv.40C8.C8_ETF_Holdings.csv,2026-08-20T23:38:01.712Z,,
Lyft Inc,LYFT,,55087P104,,,475.0,8265.0,1.1977969058463953,,,,,WNDR,2026-08-21,,,,,,,,,,,,,161614.0,2026-08-21T00:00:00.000Z,17.4000,690027.50,25000.00,5.0,,Corgi_Adv.40C8.C8_ETF_Holdings.csv,2026-08-20T23:38:01.712Z,,
Live Nation Entertainment Inc,LYV,,538034109,,,95.0,17291.9,2.5060114115190903,,,,,WNDR,2026-08-21,,,,,,,,,,,,,161615.0,2026-08-21T00:00:00.000Z,182.0200,690027.50,25000.00,5.0,,Corgi_Adv.40C8.C8_ETF_Holdings.csv,2026-08-20T23:38:01.712Z,,
Marriott International Inc/MD,MAR,,571903202,,,70.0,24962.0,3.617593026465543,,,,,WNDR,2026-08-21,,,,,,,,,,,,,161616.0,2026-08-21T00:00:00.000Z,356.6000,690027.50,25000.00,5.0,,Corgi_Adv.40C8.C8_ETF_Holdings.csv,2026-08-20T23:38:01.712Z,,
MGM Resorts International,MGM,,552953101,,,195.0,8418.15,1.2199920172959262,,,,,WNDR,2026-08-21,,,,,,,,,,,,,161617.0,2026-08-21T00:00:00.000Z,43.1700,690027.50,25000.00,5.0,,Corgi_Adv.40C8.C8_ETF_Holdings.csv,2026-08-20T23:38:01.712Z,,
MakeMyTrip Ltd,MMYT,,V5633W109,,,110.0,6686.9,0.9690923326925903,,,,,WNDR,2026-08-21,,,,,,,,,,,,,161618.0,2026-08-21T00:00:00.000Z,60.7900,690027.50,25000.00,5.0,,Corgi_Adv.40C8.C8_ETF_Holdings.csv,2026-08-20T23:38:01.712Z,,
Vail Resorts Inc,MTN,,91879Q109,,,55.0,8262.1,1.1973766262303087,,,,,WNDR,2026-08-21,,,,,,,,,,,,,161619.0,2026-08-21T00:00:00.000Z,150.2200,690027.50,25000.00,5.0,,Corgi_Adv.40C8.C8_ETF_Holdings.csv,2026-08-20T23:38:01.712Z,,
Navan Inc,NAVN,,639193101,,,140.0,3998.4,0.5794641437793377,,,,,WNDR,2026-08-21,,,,,,,,,,,,,161620.0,2026-08-21T00:00:00.000Z,28.5600,690027.50,25000.00,5.0,,Corgi_Adv.40C8.C8_ETF_Holdings.csv,2026-08-20T23:38:01.712Z,,
Norwegian Cruise Line Holdings Ltd,NCLH,,G66721104,,,475.0,7956.25,1.1530516191337425,,,,,WNDR,2026-08-21,,,,,,,,,,,,,161621.0,2026-08-21T00:00:00.000Z,16.7500,690027.50,25000.00,5.0,,Corgi_Adv.40C8.C8_ETF_Holdings.csv,2026-08-20T23:38:01.712Z,,
Grupo Aeroportuario del Pacifico SAB de CV,PAC,,400506101,,,40.0,8378.0,1.2141733184732122,,,,,WNDR,2026-08-21,,,,,,,,,,,,,161622.0,2026-08-21T00:00:00.000Z,209.4500,690027.50,25000.00,5.0,,Corgi_Adv.40C8.C8_ETF_Holdings.csv,2026-08-20T23:38:01.712Z,,
Pebblebrook Hotel Trust,PEB,,70509V100,,,255.0,4732.8,0.6858963334530936,,,,,WNDR,2026-08-21,,,,,,,,,,,,,161623.0,2026-08-21T00:00:00.000Z,18.5600,690027.50,25000.00,5.0,,Corgi_Adv.40C8.C8_ETF_Holdings.csv,2026-08-20T23:38:01.712Z,,
Park Hotels & Resorts Inc,PK,,700517105,,,375.0,5932.5,0.8597616629078934,,,,,WNDR,2026-08-21,,,,,,,,,,,,,161624.0,2026-08-21T00:00:00.000Z,15.8200,690027.50,25000.00,5.0,,Corgi_Adv.40C8.C8_ETF_Holdings.csv,2026-08-20T23:38:01.712Z,,
United Parks & Resorts Inc,PRKS,,81282V100,,,70.0,3136.7,0.4545831281994419,,,,,WNDR,2026-08-21,,,,,,,,,,,,,161625.0,2026-08-21T00:00:00.000Z,44.8100,690027.50,25000.00,5.0,,Corgi_Adv.40C8.C8_ETF_Holdings.csv,2026-08-20T23:38:01.712Z,,
Royal Caribbean Cruises Ltd,RCL,,V7780T103,,,95.0,27323.9,3.9598890351671288,,,,,WNDR,2026-08-21,,,,,,,,,,,,,161626.0,2026-08-21T00:00:00.000Z,287.6200,690027.50,25000.00,5.0,,Corgi_Adv.40C8.C8_ETF_Holdings.csv,2026-08-20T23:38:01.712Z,,
Ryman Hospitality Properties Inc,RHP,,78377T107,,,70.0,9004.8,1.305011685150105,,,,,WNDR,2026-08-21,,,,,,,,,,,,,161627.0,2026-08-21T00:00:00.000Z,128.6400,690027.50,25000.00,5.0,,Corgi_Adv.40C8.C8_ETF_Holdings.csv,2026-08-20T23:38:01.712Z,,
RLJ Lodging Trust,RLJ,,74965L101,,,380.0,4362.4,0.632216481798465,,,,,WNDR,2026-08-21,,,,,,,,,,,,,161628.0,2026-08-21T00:00:00.000Z,11.4800,690027.50,25000.00,5.0,,Corgi_Adv.40C8.C8_ETF_Holdings.csv,2026-08-20T23:38:01.712Z,,
Ryanair Holdings PLC,RYAAY,,783513203,,,300.0,16353.0,2.369942262710962,,,,,WNDR,2026-08-21,,,,,,,,,,,,,161629.0,2026-08-21T00:00:00.000Z,54.5100,690027.50,25000.00,5.0,,Corgi_Adv.40C8.C8_ETF_Holdings.csv,2026-08-20T23:38:01.712Z,,
SkyWest Inc,SKYW,,830879102,,,65.0,6551.03,0.9494015080589122,,,,,WNDR,2026-08-21,,,,,,,,,,,,,161630.0,2026-08-21T00:00:00.000Z,100.7850,690027.50,25000.00,5.0,,Corgi_Adv.40C8.C8_ETF_Holdings.csv,2026-08-20T23:38:01.712Z,,
TRIP.COM GROUP,TCOM,,89677Q107,,,330.0,15321.9,2.220511120591395,,,,,WNDR,2026-08-21,,,,,,,,,,,,,161631.0,2026-08-21T00:00:00.000Z,46.4300,690027.50,25000.00,5.0,,Corgi_Adv.40C8.C8_ETF_Holdings.csv,2026-08-20T23:38:01.712Z,,
Travel + Leisure Co,TNL,,894164102,,,90.0,6366.6,0.9226731737158693,,,,,WNDR,2026-08-21,,,,,,,,,,,,,161632.0,2026-08-21T00:00:00.000Z,70.7400,690027.50,25000.00,5.0,,Corgi_Adv.40C8.C8_ETF_Holdings.csv,2026-08-20T23:38:01.712Z,,
TripAdvisor Inc,TRIP,,896945201,,,295.0,2958.85,0.4288083938128985,,,,,WNDR,2026-08-21,,,,,,,,,,,,,161633.0,2026-08-21T00:00:00.000Z,10.0300,690027.50,25000.00,5.0,,Corgi_Adv.40C8.C8_ETF_Holdings.csv,2026-08-20T23:38:01.712Z,,
United Airlines Holdings Inc,UAL,,910047109,,,180.0,20107.8,2.9141029187390375,,,,,WNDR,2026-08-21,,,,,,,,,,,,,161634.0,2026-08-21T00:00:00.000Z,111.7100,690027.50,25000.00,5.0,,Corgi_Adv.40C8.C8_ETF_Holdings.csv,2026-08-20T23:38:01.712Z,,
Uber Technologies Inc,UBER,,90353T100,,,410.0,32205.5,4.6673500606456235,,,,,WNDR,2026-08-21,,,,,,,,,,,,,161635.0,2026-08-21T00:00:00.000Z,78.5500,690027.50,25000.00,5.0,,Corgi_Adv.40C8.C8_ETF_Holdings.csv,2026-08-20T23:38:01.712Z,,
Marriott Vacations Worldwide Corp,VAC,,57164Y107,,,60.0,6616.8,0.958933159903742,,,,,WNDR,2026-08-21,,,,,,,,,,,,,161636.0,2026-08-21T00:00:00.000Z,110.2800,690027.50,25000.00,5.0,,Corgi_Adv.40C8.C8_ETF_Holdings.csv,2026-08-20T23:38:01.712Z,,
Viking Holdings Ltd,VIK,,G93A5A101,,,135.0,12221.55,1.7711959799935888,,,,,WNDR,2026-08-21,,,,,,,,,,,,,161637.0,2026-08-21T00:00:00.000Z,90.5300,690027.50,25000.00,5.0,,Corgi_Adv.40C8.C8_ETF_Holdings.csv,2026-08-20T23:38:01.712Z,,
Controladora Vuela Cia de Aviacion SAB de CV,VLRS,,21240E105,,,370.0,2530.8,0.3667736732384824,,,,,WNDR,2026-08-21,,,,,,,,,,,,,161638.0,2026-08-21T00:00:00.000Z,6.8400,690027.50,25000.00,5.0,,Corgi_Adv.40C8.C8_ETF_Holdings.csv,2026-08-20T23:38:01.712Z,,
Wyndham Hotels & Resorts Inc,WH,,98311A105,,,85.0,6401.35,0.9277092829086293,,,,,WNDR,2026-08-21,,,,,,,,,,,,,161639.0,2026-08-21T00:00:00.000Z,75.3100,690027.50,25000.00,5.0,,Corgi_Adv.40C8.C8_ETF_Holdings.csv,2026-08-20T23:38:01.712Z,,
Cash & Other,Cash&Other,,Cash&Other,,,100.76,100.76,0.014602542798921087,,,,,WNDR,2026-08-21,,,,,,,,,,,,,161640.0,2026-08-21T00:00:00.000Z,1.0000,690027.50,25000.00,5.0,Y,Corgi_Adv.40C8.C8_ETF_Holdings.csv,2026-08-20T23:38:01.712Z,,
Las Vegas Sands Corp,LVS,,517834107,,,230.0,10573.1,1.5322960030495487,,,,,WNDR,2026-08-21,,,,,,,,,,,,,161613.0,2026-08-21T00:00:00.000Z,45.9700,690027.50,25000.00,5.0,,Corgi_Adv.40C8.C8_ETF_Holdings.csv,2026-08-20T23:38:01.712Z,,
American Airlines Group Inc,AAL,,02376R102,,,655.0,8855.6,1.283389023522485,,,,,WNDR,2026-08-21,,,,,,,,,,,,,161582.0,2026-08-21T00:00:00.000Z,13.5200,690027.50,25000.00,5.0,,Corgi_Adv.40C8.C8_ETF_Holdings.csv,2026-08-20T23:38:01.712Z,,
Lindblad Expeditions Holdings Inc,LIND,,535219109,,,150.0,4698.0,0.6808529780600562,,,,,WNDR,2026-08-21,,,,,,,,,,,,,161611.0,2026-08-21T00:00:00.000Z,31.3200,690027.50,25000.00,5.0,,Corgi_Adv.40C8.C8_ETF_Holdings.csv,2026-08-20T23:38:01.712Z,,
Walt Disney Co/The,DIS,,254687106,,,400.0,42928.0,6.221297710123902,,,,,WNDR,2026-08-21,,,,,,,,,,,,,161595.0,2026-08-21T00:00:00.000Z,107.3200,690027.50,25000.00,5.0,,Corgi_Adv.40C8.C8_ETF_Holdings.csv,2026-08-20T23:38:01.712Z,,
Airbnb Inc,ABNB,,9066101,,,150.0,27750.0,4.021641153930728,,,,,WNDR,2026-08-21,,,,,,,,,,,,,161583.0,2026-08-21T00:00:00.000Z,185.0000,690027.50,25000.00,5.0,,Corgi_Adv.40C8.C8_ETF_Holdings.csv,2026-08-20T23:38:01.712Z,,
Allegiant Travel Co,ALGT,,01748X102,,,45.0,3438.45,0.49831394687326525,,,,,WNDR,2026-08-21,,,,,,,,,,,,,161584.0,2026-08-21T00:00:00.000Z,76.4100,690027.50,25000.00,5.0,,Corgi_Adv.40C8.C8_ETF_Holdings.csv,2026-08-20T23:38:01.712Z,,
Alaska Air Group Inc,ALK,,11659109,,,145.0,5826.1,0.844341748717687,,,,,WNDR,2026-08-21,,,,,,,,,,,,,161585.0,2026-08-21T00:00:00.000Z,40.1800,690027.50,25000.00,5.0,,Corgi_Adv.40C8.C8_ETF_Holdings.csv,2026-08-20T23:38:01.712Z,,
Grupo Aeroportuario del Sureste SAB de CV,ASR,,40051E202,,,30.0,7774.8,1.1267551583272297,,,,,WNDR,2026-08-21,,,,,,,,,,,,,161586.0,2026-08-21T00:00:00.000Z,259.1600,690027.50,25000.00,5.0,,Corgi_Adv.40C8.C8_ETF_Holdings.csv,2026-08-20T23:38:01.712Z,,
American Express Co,AXP,,25816109,,,120.0,39738.0,5.758990132428803,,,,,WNDR,2026-08-21,,,,,,,,,,,,,161587.0,2026-08-21T00:00:00.000Z,331.1500,690027.50,25000.00,5.0,,Corgi_Adv.40C8.C8_ETF_Holdings.csv,2026-08-20T23:38:01.712Z,,
Booking Holdings Inc,BKNG,,09857L108,,,170.0,35677.9,5.170584177507211,,,,,WNDR,2026-08-21,,,,,,,,,,,,,161588.0,2026-08-21T00:00:00.000Z,209.8700,690027.50,25000.00,5.0,,Corgi_Adv.40C8.C8_ETF_Holdings.csv,2026-08-20T23:38:01.712Z,,
Avis Budget Group Inc,CAR,,53774105,,,20.0,2879.6,0.4173231663732946,,,,,WNDR,2026-08-21,,,,,,,,,,,,,161589.0,2026-08-21T00:00:00.000Z,143.9800,690027.50,25000.00,5.0,,Corgi_Adv.40C8.C8_ETF_Holdings.csv,2026-08-20T23:38:01.712Z,,
Carnival Corp Ltd,CCL,,G2004J103,,,610.0,15475.7,2.242800432644532,,,,,WNDR,2026-08-21,,,,,,,,,,,,,161590.0,2026-08-21T00:00:00.000Z,25.3700,690027.50,25000.00,5.0,,Corgi_Adv.40C8.C8_ETF_Holdings.csv,2026-08-20T23:38:01.712Z,,
Choice Hotels International Inc,CHH,,169905106,,,40.0,4370.0,0.6333179042406227,,,,,WNDR,2026-08-21,,,,,,,,,,,,,161591.0,2026-08-21T00:00:00.000Z,109.2500,690027.50,25000.00,5.0,,Corgi_Adv.40C8.C8_ETF_Holdings.csv,2026-08-20T23:38:01.712Z,,
Copa Holdings SA,CPA,,P31076105,,,45.0,5773.05,0.8366535302234157,,,,,WNDR,2026-08-21,,,,,,,,,,,,,161592.0,2026-08-21T00:00:00.000Z,128.2900,690027.50,25000.00,5.0,,Corgi_Adv.40C8.C8_ETF_Holdings.csv,2026-08-20T23:38:01.712Z,,
Caesars Entertainment Inc,CZR,,12769G100,,,240.0,7113.6,1.030931405859518,,,,,WNDR,2026-08-21,,,,,,,,,,,,,161593.0,2026-08-21T00:00:00.000Z,29.6400,690027.50,25000.00,5.0,,Corgi_Adv.40C8.C8_ETF_Holdings.csv,2026-08-20T23:38:01.712Z,,
Delta Air Lines Inc,DAL,,247361702,,,295.0,23912.7,3.4655242674450206,,,,,WNDR,2026-08-21,,,,,,,,,,,,,161594.0,2026-08-21T00:00:00.000Z,81.0600,690027.50,25000.00,5.0,,Corgi_Adv.40C8.C8_ETF_Holdings.csv,2026-08-20T23:38:01.712Z,,
JetBlue Airways Corp,JBLU,,477143101,,,660.0,3128.4,0.45338025895340145,,,,,WNDR,2026-08-21,,,,,,,,,,,,,161610.0,2026-08-21T00:00:00.000Z,4.7400,690027.50,25000.00,5.0,,Corgi_Adv.40C8.C8_ETF_Holdings.csv,2026-08-20T23:38:01.712Z,,
DiamondRock Hospitality Co,DRH,,252784301,,,405.0,5171.85,0.7495252180885275,,,,,WNDR,2026-08-21,,,,,,,,,,,,,161596.0,2026-08-21T00:00:00.000Z,12.7700,690027.50,25000.00,5.0,,Corgi_Adv.40C8.C8_ETF_Holdings.csv,2026-08-20T23:38:01.712Z,,
Hyatt Hotels Corp,H,,448579102,,,45.0,8076.6,1.1704932232013303,,,,,WNDR,2026-08-21,,,,,,,,,,,,,161603.0,2026-08-21T00:00:00.000Z,179.4800,690027.50,25000.00,5.0,,Corgi_Adv.40C8.C8_ETF_Holdings.csv,2026-08-20T23:38:01.712Z,,
InterContinental Hotels Group PLC,IHG,,45857P806,,,95.0,15114.03,2.1903857675583294,,,,,WNDR,2026-08-21,,,,,,,,,,,,,161609.0,2026-08-21T00:00:00.000Z,159.0950,690027.50,25000.00,5.0,,Corgi_Adv.40C8.C8_ETF_Holdings.csv,2026-08-20T23:38:01.712Z,,
Hertz Global Holdings Inc,HTZ,,42806J700,,,395.0,825.55,0.11964201277936981,,,,,WNDR,2026-08-21,,,,,,,,,,,,,161608.0,2026-08-21T00:00:00.000Z,2.0900,690027.50,25000.00,5.0,,Corgi_Adv.40C8.C8_ETF_Holdings.csv,2026-08-20T23:38:01.712Z,,
H World Group Ltd,HTHT,,44332N106,,,230.0,11394.2,1.6512931040042342,,,,,WNDR,2026-08-21,,,,,,,,,,,,,161607.0,2026-08-21T00:00:00.000Z,49.5400,690027.50,25000.00,5.0,,Corgi_Adv.40C8.C8_ETF_Holdings.csv,2026-08-20T23:38:01.712Z,,
Hilton Worldwide Holdings Inc,HLT,,43300A203,,,75.0,24709.5,3.580999715064912,,,,,WNDR,2026-08-21,,,,,,,,,,,,,161605.0,2026-08-21T00:00:00.000Z,329.4600,690027.50,25000.00,5.0,,Corgi_Adv.40C8.C8_ETF_Holdings.csv,2026-08-20T23:38:01.712Z,,
Hilton Grand Vacations Inc,HGV,,43283X105,,,100.0,4482.0,0.6495493928618927,,,,,WNDR,2026-08-21,,,,,,,,,,,,,161604.0,2026-08-21T00:00:00.000Z,44.8200,690027.50,25000.00,5.0,,Corgi_Adv.40C8.C8_ETF_Holdings.csv,2026-08-20T23:38:01.712Z,,
Expedia Group Inc,EXPE,,30212P303,,,60.0,19450.2,2.8188008926912955,,,,,WNDR,2026-08-21,,,,,,,,,,,,,161597.0,2026-08-21T00:00:00.000Z,324.1700,690027.50,25000.00,5.0,,Corgi_Adv.40C8.C8_ETF_Holdings.csv,2026-08-20T23:38:01.712Z,,
Global Business Travel Group I,GBTG,,37890B100,,,515.0,4871.9,0.7060552626246888,,,,,WNDR,2026-08-21,,,,,,,,,,,,,161602.0,2026-08-21T00:00:00.000Z,9.4600,690027.50,25000.00,5.0,,Corgi_Adv.40C8.C8_ETF_Holdings.csv,2026-08-20T23:38:01.712Z,,
Shift4 Payments Inc,FOUR,,82452J109,,,105.0,5025.3,0.7282866050756067,,,,,WNDR,2026-08-21,,,,,,,,,,,,,161600.0,2026-08-21T00:00:00.000Z,47.8600,690027.50,25000.00,5.0,,Corgi_Adv.40C8.C8_ETF_Holdings.csv,2026-08-20T23:38:01.712Z,,
Flywire Corp,FLYW,,302492103,,,250.0,4687.5,0.6793312760018122,,,,,WNDR,2026-08-21,,,,,,,,,,,,,161599.0,2026-08-21T00:00:00.000Z,18.7500,690027.50,25000.00,5.0,,Corgi_Adv.40C8.C8_ETF_Holdings.csv,2026-08-20T23:38:01.712Z,,
First American Government Obligations Fund 12/01/2031,FGXXX,,31846V336,,,31151.04,31151.04,4.514533493756478,,,,,WNDR,2026-08-21,,,,,,,,,,,,,161598.0,2026-08-21T00:00:00.000Z,100.0000,690027.50,25000.00,5.0,Y,Corgi_Adv.40C8.C8_ETF_Holdings.csv,2026-08-20T23:38:01.712Z,,
Six Flags Entertainment Corp,FUN,,83001C108,,,210.0,3525.9,0.510987551158355,,,,,WNDR,2026-08-21,,,,,,,,,,,,,161601.0,2026-08-21T00:00:00.000Z,16.7900,690027.50,25000.00,5.0,,Corgi_Adv.40C8.C8_ETF_Holdings.csv,2026-08-20T23:38:01.712Z,,
DoorDash Inc,DASH,,25809K105,,,4475.0,995061.0,1.5760820074042399,,,,,FDRS,2026-08-21,,,,,,,,,,,,,160645.0,2026-08-21T00:00:00.000Z,222.3600,63137621.00,2630000.00,263.0,,Corgi_Adv.40C8.C8_ETF_Holdings.csv,2026-08-20T23:38:01.712Z,,
Veeva Systems Inc,VEEV,,922475108,,,1841.0,461225.73,0.730537700105708,,,,,FDRS,2026-08-21,,,,,,,,,,,,,160672.0,2026-08-21T00:00:00.000Z,250.5300,63137621.00,2630000.00,263.0,,Corgi_Adv.40C8.C8_ETF_Holdings.csv,2026-08-20T23:38:01.712Z,,
Workday Inc,WDAY,,98138H101,,,2381.0,469818.92,0.7441484959716961,,,,,FDRS,2026-08-21,,,,,,,,,,,,,160674.0,2026-08-21T00:00:00.000Z,197.3200,63137621.00,2630000.00,263.0,,Corgi_Adv.40C8.C8_ETF_Holdings.csv,2026-08-20T23:38:01.712Z,,
Block Inc,XYZ,,852234103,,,6331.0,506986.48,0.8030183768886626,,,,,FDRS,2026-08-21,,,,,,,,,,,,,160675.0,2026-08-21T00:00:00.000Z,80.0800,63137621.00,2630000.00,263.0,,Corgi_Adv.40C8.C8_ETF_Holdings.csv,2026-08-20T23:38:01.712Z,,
Zoom Communications Inc,ZM,,98980L101,,,3081.0,327510.3,0.5187451734813894,,,,,FDRS,2026-08-21,,,,,,,,,,,,,160676.0,2026-08-21T00:00:00.000Z,106.3000,63137621.00,2630000.00,263.0,,Corgi_Adv.40C8.C8_ETF_Holdings.csv,2026-08-20T23:38:01.712Z,,
Cash & Other,Cash&Other,,Cash&Other,,,-14064.99,-14064.99,-0.02227760677317326,,,,,FDRS,2026-08-21,,,,,,,,,,,,,160677.0,2026-08-21T00:00:00.000Z,1.0000,63137621.00,2630000.00,263.0,Y,Corgi_Adv.40C8.C8_ETF_Holdings.csv,2026-08-20T23:38:01.712Z,,
Carvana Co,CVNA,,146869102,,,8168.0,584175.36,0.9252782232093254,,,,,FDRS,2026-08-21,,,,,,,,,,,,,160644.0,2026-08-21T00:00:00.000Z,71.5200,63137621.00,2630000.00,263.0,,Corgi_Adv.40C8.C8_ETF_Holdings.csv,2026-08-20T23:38:01.712Z,,
Airbnb Inc,ABNB,,9066101,,,4782.0,884670.0,1.401233160067884,,,,,FDRS,2026-08-21,,,,,,,,,,,,,160626.0,2026-08-21T00:00:00.000Z,185.0000,63137621.00,2630000.00,263.0,,Corgi_Adv.40C8.C8_ETF_Holdings.csv,2026-08-20T23:38:01.712Z,,
Astera Labs Inc,ALAB,,04626A103,,,1846.0,536299.92,0.8494480785442633,,,,,FDRS,2026-08-21,,,,,,,,,,,,,160627.0,2026-08-21T00:00:00.000Z,290.5200,63137621.00,2630000.00,263.0,,Corgi_Adv.40C8.C8_ETF_Holdings.csv,2026-08-20T23:38:01.712Z,,
Arista Networks Inc,ANET,,40413205,,,12414.0,2281072.5,3.6130019414232972,,,,,FDRS,2026-08-21,,,,,,,,,,,,,160628.0,2026-08-21T00:00:00.000Z,183.7500,63137621.00,2630000.00,263.0,,Corgi_Adv.40C8.C8_ETF_Holdings.csv,2026-08-20T23:38:01.712Z,,
Apollo Global Management Inc,APO,,03769M106,,,4803.0,624293.94,0.9888222392049352,,,,,FDRS,2026-08-21,,,,,,,,,,,,,160629.0,2026-08-21T00:00:00.000Z,129.9800,63137621.00,2630000.00,263.0,,Corgi_Adv.40C8.C8_ETF_Holdings.csv,2026-08-20T23:38:01.712Z,,
AppLovin Corp,APP,,03831W108,,,3381.0,1043951.37,1.6535197046834378,,,,,FDRS,2026-08-21,,,,,,,,,,,,,160630.0,2026-08-21T00:00:00.000Z,308.7700,63137621.00,2630000.00,263.0,,Corgi_Adv.40C8.C8_ETF_Holdings.csv,2026-08-20T23:38:01.712Z,,
AST SpaceMobile Inc,ASTS,,00217D100,,,3700.0,240722.0,0.3812807586533523,,,,,FDRS,2026-08-21,,,,,,,,,,,,,160632.0,2026-08-21T00:00:00.000Z,65.0600,63137621.00,2630000.00,263.0,,Corgi_Adv.40C8.C8_ETF_Holdings.csv,2026-08-20T23:38:01.712Z,,
Axon Enterprise Inc,AXON,,05464C101,,,969.0,595217.94,0.9427686199320608,,,,,FDRS,2026-08-21,,,,,,,,,,,,,160633.0,2026-08-21T00:00:00.000Z,614.2600,63137621.00,2630000.00,263.0,,Corgi_Adv.40C8.C8_ETF_Holdings.csv,2026-08-20T23:38:01.712Z,,
Bloom Energy Corp,BE,,93712107,,,3026.0,612704.48,0.9704656365629554,,,,,FDRS,2026-08-21,,,,,,,,,,,,,160634.0,2026-08-21T00:00:00.000Z,202.4800,63137621.00,2630000.00,263.0,,Corgi_Adv.40C8.C8_ETF_Holdings.csv,2026-08-20T23:38:01.712Z,,
Blackrock Inc,BLK,,09290D101,,,1710.0,1949092.2,3.087176712977341,,,,,FDRS,2026-08-21,,,,,,,,,,,,,160635.0,2026-08-21T00:00:00.000Z,1139.8200,63137621.00,2630000.00,263.0,,Corgi_Adv.40C8.C8_ETF_Holdings.csv,2026-08-20T23:38:01.712Z,,
Blackstone Inc,BX,,09260D107,,,8719.0,1232430.65,1.952052962419904,,,,,FDRS,2026-08-21,,,,,,,,,,,,,160636.0,2026-08-21T00:00:00.000Z,141.3500,63137621.00,2630000.00,263.0,,Corgi_Adv.40C8.C8_ETF_Holdings.csv,2026-08-20T23:38:01.712Z,,
Capital One Financial Corp,COF,,14040H105,,,7390.0,1570227.2,2.4870905778205947,,,,,FDRS,2026-08-21,,,,,,,,,,,,,160637.0,2026-08-21T00:00:00.000Z,212.4800,63137621.00,2630000.00,263.0,,Corgi_Adv.40C8.C8_ETF_Holdings.csv,2026-08-20T23:38:01.712Z,,
Coinbase Global Inc,COIN,,19260Q107,,,2643.0,455521.05,0.7215020294222033,,,,,FDRS,2026-08-21,,,,,,,,,,,,,160638.0,2026-08-21T00:00:00.000Z,172.3500,63137621.00,2630000.00,263.0,,Corgi_Adv.40C8.C8_ETF_Holdings.csv,2026-08-20T23:38:01.712Z,,
Coupang Inc,CPNG,,22266T109,,,18413.0,299395.38,0.47421381354304426,,,,,FDRS,2026-08-21,,,,,,,,,,,,,160639.0,2026-08-21T00:00:00.000Z,16.2600,63137621.00,2630000.00,263.0,,Corgi_Adv.40C8.C8_ETF_Holdings.csv,2026-08-20T23:38:01.712Z,,
Credo Technology Group Holding Ltd,CRDO,,G25457105,,,1821.0,421288.35,0.6672806876804738,,,,,FDRS,2026-08-21,,,,,,,,,,,,,160640.0,2026-08-21T00:00:00.000Z,231.3500,63137621.00,2630000.00,263.0,,Corgi_Adv.40C8.C8_ETF_Holdings.csv,2026-08-20T23:38:01.712Z,,
Salesforce Inc,CRM,,79466L302,,,9565.0,1964937.95,3.1122748742647652,,,,,FDRS,2026-08-21,,,,,,,,,,,,,160641.0,2026-08-21T00:00:00.000Z,205.4300,63137621.00,2630000.00,263.0,,Corgi_Adv.40C8.C8_ETF_Holdings.csv,2026-08-20T23:38:01.712Z,,
Crowdstrike Holdings Inc,CRWD,,22788C105,,,11684.0,2223932.56,3.522497709684582,,,,,FDRS,2026-08-21,,,,,,,,,,,,,160642.0,2026-08-21T00:00:00.000Z,190.3400,63137621.00,2630000.00,263.0,,Corgi_Adv.40C8.C8_ETF_Holdings.csv,2026-08-20T23:38:01.712Z,,
CoreWeave Inc,CRWV,,21873S108,,,4373.0,392520.48,0.6217151170286803,,,,,FDRS,2026-08-21,,,,,,,,,,,,,160643.0,2026-08-21T00:00:00.000Z,89.7600,63137621.00,2630000.00,263.0,,Corgi_Adv.40C8.C8_ETF_Holdings.csv,2026-08-20T23:38:01.712Z,,
Datadog Inc,DDOG,,23804L103,,,3918.0,911130.9,1.44314470960075,,,,,FDRS,2026-08-21,,,,,,,,,,,,,160646.0,2026-08-21T00:00:00.000Z,232.5500,63137621.00,2630000.00,263.0,,Corgi_Adv.40C8.C8_ETF_Holdings.csv,2026-08-20T23:38:01.712Z,,
Waste Connections Inc,WCN,,94106B101,,,3032.0,510376.56,0.8083879412587474,,,,,FDRS,2026-08-21,,,,,,,,,,,,,160673.0,2026-08-21T00:00:00.000Z,168.3300,63137621.00,2630000.00,263.0,,Corgi_Adv.40C8.C8_ETF_Holdings.csv,2026-08-20T23:38:01.712Z,,
Ares Management Corp,ARES,,03990B101,,,2468.0,346087.64,0.5481699135922279,,,,,FDRS,2026-08-21,,,,,,,,,,,,,160631.0,2026-08-21T00:00:00.000Z,140.2300,63137621.00,2630000.00,263.0,,Corgi_Adv.40C8.C8_ETF_Holdings.csv,2026-08-20T23:38:01.712Z,,
United Therapeutics Corp,UTHR,,91307C102,,,530.0,276130.0,0.4373636638402397,,,,,FDRS,2026-08-21,,,,,,,,,,,,,160671.0,2026-08-21T00:00:00.000Z,521.0000,63137621.00,2630000.00,263.0,,Corgi_Adv.40C8.C8_ETF_Holdings.csv,2026-08-20T23:38:01.712Z,,
NVIDIA Corp,NVDA,,67066G104,,,28599.0,6201693.15,9.822892253999628,,,,,FDRS,2026-08-21,,,,,,,,,,,,,160658.0,2026-08-21T00:00:00.000Z,216.8500,63137621.00,2630000.00,263.0,,Corgi_Adv.40C8.C8_ETF_Holdings.csv,2026-08-20T23:38:01.712Z,,
Tesla Inc,TSLA,,88160R101,,,15332.0,5291533.16,8.38128537351871,,,,,FDRS,2026-08-21,,,,,,,,,,,,,160670.0,2026-08-21T00:00:00.000Z,345.1300,63137621.00,2630000.00,263.0,,Corgi_Adv.40C8.C8_ETF_Holdings.csv,2026-08-20T23:38:01.712Z,,
First American Government Obligations Fund 12/01/2031,FGXXX,,31846V336,,,86308.11,86308.11,0.13670383952749224,,,,,FDRS,2026-08-21,,,,,,,,,,,,,160648.0,2026-08-21T00:00:00.000Z,100.0000,63137621.00,2630000.00,263.0,Y,Corgi_Adv.40C8.C8_ETF_Holdings.csv,2026-08-20T23:38:01.712Z,,
Fortinet Inc,FTNT,,34959E109,,,7466.0,1125798.14,1.7831572058629162,,,,,FDRS,2026-08-21,,,,,,,,,,,,,160649.0,2026-08-21T00:00:00.000Z,150.7900,63137621.00,2630000.00,263.0,,Corgi_Adv.40C8.C8_ETF_Holdings.csv,2026-08-20T23:38:01.712Z,,
Robinhood Markets Inc,HOOD,,770700102,,,9145.0,869689.5,1.3775054725071023,,,,,FDRS,2026-08-21,,,,,,,,,,,,,160650.0,2026-08-21T00:00:00.000Z,95.1000,63137621.00,2630000.00,263.0,,Corgi_Adv.40C8.C8_ETF_Holdings.csv,2026-08-20T23:38:01.712Z,,
Intercontinental Exchange Inc,ICE,,45866F104,,,6705.0,1063480.05,1.6844512768949456,,,,,FDRS,2026-08-21,,,,,,,,,,,,,160651.0,2026-08-21T00:00:00.000Z,158.6100,63137621.00,2630000.00,263.0,,Corgi_Adv.40C8.C8_ETF_Holdings.csv,2026-08-20T23:38:01.712Z,,
Meta Platforms Inc,META,,30303M102,,,10753.0,5869309.99,9.296428933620108,,,,,FDRS,2026-08-21,,,,,,,,,,,,,160652.0,2026-08-21T00:00:00.000Z,545.8300,63137621.00,2630000.00,263.0,,Corgi_Adv.40C8.C8_ETF_Holdings.csv,2026-08-20T23:38:01.712Z,,
Monolithic Power Systems Inc,MPWR,,609839105,,,584.0,765390.4,1.2123056155149625,,,,,FDRS,2026-08-21,,,,,,,,,,,,,160653.0,2026-08-21T00:00:00.000Z,1310.6000,63137621.00,2630000.00,263.0,,Corgi_Adv.40C8.C8_ETF_Holdings.csv,2026-08-20T23:38:01.712Z,,
Strategy Inc,MSTR,,594972408,,,3872.0,435174.08,0.6892743636588041,,,,,FDRS,2026-08-21,,,,,,,,,,,,,160654.0,2026-08-21T00:00:00.000Z,112.3900,63137621.00,2630000.00,263.0,,Corgi_Adv.40C8.C8_ETF_Holdings.csv,2026-08-20T23:38:01.712Z,,
Nebius Group NV,NBIS,,N97284108,,,2499.0,550054.89,0.8712346431160687,,,,,FDRS,2026-08-21,,,,,,,,,,,,,160655.0,2026-08-21T00:00:00.000Z,220.1100,63137621.00,2630000.00,263.0,,Corgi_Adv.40C8.C8_ETF_Holdings.csv,2026-08-20T23:38:01.712Z,,
Cloudflare Inc,NET,,18915M107,,,3815.0,1064041.65,1.6853407978945203,,,,,FDRS,2026-08-21,,,,,,,,,,,,,160656.0,2026-08-21T00:00:00.000Z,278.9100,63137621.00,2630000.00,263.0,,Corgi_Adv.40C8.C8_ETF_Holdings.csv,2026-08-20T23:38:01.712Z,,
NU Holdings Ltd/Cayman Islands,NU,,G6683N103,,,44469.0,631904.49,1.000876626746453,,,,,FDRS,2026-08-21,,,,,,,,,,,,,160657.0,2026-08-21T00:00:00.000Z,14.2100,63137621.00,2630000.00,263.0,,Corgi_Adv.40C8.C8_ETF_Holdings.csv,2026-08-20T23:38:01.712Z,,
Dell Technologies Inc,DELL,,24703L202,,,3797.0,1650859.66,2.6148047274242288,,,,,FDRS,2026-08-21,,,,,,,,,,,,,160647.0,2026-08-21T00:00:00.000Z,434.7800,63137621.00,2630000.00,263.0,,Corgi_Adv.40C8.C8_ETF_Holdings.csv,2026-08-20T23:38:01.712Z,,
Oracle Corp,ORCL,,68389X105,,,20556.0,2920390.92,4.625621528327122,,,,,FDRS,2026-08-21,,,,,,,,,,,,,160659.0,2026-08-21T00:00:00.000Z,142.0700,63137621.00,2630000.00,263.0,,Corgi_Adv.40C8.C8_ETF_Holdings.csv,2026-08-20T23:38:01.712Z,,
Regeneron Pharmaceuticals Inc,REGN,,75886F107,,,1245.0,1029166.8,1.6301023516124118,,,,,FDRS,2026-08-21,,,,,,,,,,,,,160664.0,2026-08-21T00:00:00.000Z,826.6400,63137621.00,2630000.00,263.0,,Corgi_Adv.40C8.C8_ETF_Holdings.csv,2026-08-20T23:38:01.712Z,,
Space Exploration Technologies Corp,SPCX,,84615Q103,,,8310.0,1113540.0,1.7637414776831943,,,,,FDRS,2026-08-21,,,,,,,,,,,,,160668.0,2026-08-21T00:00:00.000Z,134.0000,63137621.00,2630000.00,263.0,,Corgi_Adv.40C8.C8_ETF_Holdings.csv,2026-08-20T23:38:01.712Z,,
Snowflake Inc,SNOW,,833445109,,,3954.0,1270380.66,2.0121621697366523,,,,,FDRS,2026-08-21,,,,,,,,,,,,,160667.0,2026-08-21T00:00:00.000Z,321.2900,63137621.00,2630000.00,263.0,,Corgi_Adv.40C8.C8_ETF_Holdings.csv,2026-08-20T23:38:01.712Z,,
Shopify Inc,SHOP,,82509L107,,,14506.0,2134993.08,3.381626030284134,,,,,FDRS,2026-08-21,,,,,,,,,,,,,160666.0,2026-08-21T00:00:00.000Z,147.1800,63137621.00,2630000.00,263.0,,Corgi_Adv.40C8.C8_ETF_Holdings.csv,2026-08-20T23:38:01.712Z,,
Rocket Lab Corp,RKLB,,773121108,,,6591.0,480813.45,0.7615627860633248,,,,,FDRS,2026-08-21,,,,,,,,,,,,,160665.0,2026-08-21T00:00:00.000Z,72.9500,63137621.00,2630000.00,263.0,,Corgi_Adv.40C8.C8_ETF_Holdings.csv,2026-08-20T23:38:01.712Z,,
Steel Dynamics Inc,STLD,,858119100,,,1617.0,354123.0,0.5608971597801659,,,,,FDRS,2026-08-21,,,,,,,,,,,,,160669.0,2026-08-21T00:00:00.000Z,219.0000,63137621.00,2630000.00,263.0,,Corgi_Adv.40C8.C8_ETF_Holdings.csv,2026-08-20T23:38:01.712Z,,
Reddit Inc,RDDT,,75734B100,,,1584.0,238091.04,0.3771135681814111,,,,,FDRS,2026-08-21,,,,,,,,,,,,,160663.0,2026-08-21T00:00:00.000Z,150.3100,63137621.00,2630000.00,263.0,,Corgi_Adv.40C8.C8_ETF_Holdings.csv,2026-08-20T23:38:01.712Z,,
ROBLOX Corp,RBLX,,771049103,,,7595.0,293394.85,0.4647095445907998,,,,,FDRS,2026-08-21,,,,,,,,,,,,,160662.0,2026-08-21T00:00:00.000Z,38.6300,63137621.00,2630000.00,263.0,,Corgi_Adv.40C8.C8_ETF_Holdings.csv,2026-08-20T23:38:01.712Z,,
Palantir Technologies Inc,PLTR,,69608A108,,,26301.0,4575321.96,7.246874934539189,,,,,FDRS,2026-08-21,,,,,,,,,,,,,160661.0,2026-08-21T00:00:00.000Z,173.9600,63137621.00,2630000.00,263.0,,Corgi_Adv.40C8.C8_ETF_Holdings.csv,2026-08-20T23:38:01.712Z,,
Everpure Inc,P,,74624M102,,,3791.0,416934.18,0.6603840964220693,,,,,FDRS,2026-08-21,,,,,,,,,,,,,160660.0,2026-08-21T00:00:00.000Z,109.9800,63137621.00,2630000.00,263.0,,Corgi_Adv.40C8.C8_ETF_Holdings.csv,2026-08-20T23:38:01.712Z,,
First American Government Obligations Fund 12/01/2031,FGXXX,,31846V336,,,449514.29,449514.29,8.37390000304506,,,,,FDRX,2026-08-21,,,,,,,,,,,,,160679.0,2026-08-21T00:00:00.000Z,100.0000,4372500.00,200000.00,20.0,Y,Corgi_Adv.40C8.C8_ETF_Holdings.csv,2026-08-20T23:38:01.712Z,,
CORGI ETF TR SWAP CS,218946101-TRS-01/19/28-L,,218946101-TRS-01/19/28-L,,,363767.0,8737683.34,162.77232598641694,,,,,FDRX,2026-08-21,,,,,,,,,,,,,160678.0,2026-08-21T00:00:00.000Z,24.0200,4372500.00,200000.00,20.0,,Corgi_Adv.40C8.C8_ETF_Holdings.csv,2026-08-20T23:38:01.712Z,,
Cash & Other,Cash&Other,,Cash&Other,,,-4817953.26,-4817953.26,-89.75256118906688,,,,,FDRX,2026-08-21,,,,,,,,,,,,,160680.0,2026-08-21T00:00:00.000Z,1.0000,4372500.00,200000.00,20.0,Y,Corgi_Adv.40C8.C8_ETF_Holdings.csv,2026-08-20T23:38:01.712Z,,
CORGI ETF TR SWAP CS,218946101 SWP,,218946101 SWP,,,41461.0,998795.49,18.606335199604874,,,,,FDRX,2026-08-21,,,,,,,,,,,,,779.0,2026-01-16T00:00:00.000Z,24.0900,499244.00,20000.00,2.0,,,2026-01-16T02:17:45.753Z,,
DPM Metals Inc.,DPM,,,,BPCR7W4,216480.0,10598393.74,5.525486732834126,,,,,GBUG,2026-08-21,,,,,,,,,,,,,,,,,,,,,,,
G Mining Ventures Corp.,GMIN,,,,BSWW128,236957.0,8470909.97,4.416320227622277,,,,,GBUG,2026-08-21,,,,,,,,,,,,,,,,,,,,,,,
Discovery Mining Ltd.,DSV,,,,BSBFLD9,921531.0,8050493.75,4.197135669766978,,,,,GBUG,2026-08-21,,,,,,,,,,,,,,,,,,,,,,,
IAMGOLD Corp.,IAG,,,,2149525,361766.0,7416203.0,3.8664473400197186,,,,,GBUG,2026-08-21,,,,,,,,,,,,,,,,,,,,,,,
Coeur Mining Inc.,CDE,,,,2208136,342694.0,7234270.34,3.7715965047176496,,,,,GBUG,2026-08-21,,,,,,,,,,,,,,,,,,,,,,,
Eldorado Gold Corp.,EGO,,,,BHZJ5X8,163826.0,6987178.9,3.642775052428703,,,,,GBUG,2026-08-21,,,,,,,,,,,,,,,,,,,,,,,
Montage Gold Corp.,MAU,,,,BMYMV13,469023.0,6984255.21,3.641250782741972,,,,,GBUG,2026-08-21,,,,,,,,,,,,,,,,,,,,,,,
Wesdome Gold Mines Ltd.,WDO,,,,B0Y90N5,265214.0,6573869.33,3.427295556043397,,,,,GBUG,2026-08-21,,,,,,,,,,,,,,,,,,,,,,,
Newmont Corp.,NEM,,,,2636607,47733.0,6092640.12,3.1764060646224785,,,,,GBUG,2026-08-21,,,,,,,,,,,,,,,,,,,,,,,
Agnico Eagle Mines Ltd.,AEM,,,,2009823,28110.0,5952957.62,3.1035824066707876,,,,,GBUG,2026-08-21,,,,,,,,,,,,,,,,,,,,,,,
OceanaGold Corp.,OGC,,,,BQXQY26,192911.0,5927116.53,3.0901101198828305,,,,,GBUG,2026-08-21,,,,,,,,,,,,,,,,,,,,,,,
Wheaton Precious Metals Corp.,WPM,,,,BDG1S92,38816.0,5832104.0,3.040575210457206,,,,,GBUG,2026-08-21,,,,,,,,,,,,,,,,,,,,,,,
Equinox Gold Corp.,EQX,,,,BKLNP13,446660.0,5757505.2,3.0016830264341063,,,,,GBUG,2026-08-21,,,,,,,,,,,,,,,,,,,,,,,
Northern Star Resources Ltd.,NST,,,,6717456,328250.0,5588843.37,2.9137509560786485,,,,,GBUG,2026-08-21,,,,,,,,,,,,,,,,,,,,,,,
Emerald Resources NL,EMR,,,,6107381,1117967.0,5557752.69,2.8975417885322092,,,,,GBUG,2026-08-21,,,,,,,,,,,,,,,,,,,,,,,
Genesis Minerals Ltd.,GMD,,,,B23G0X1,966034.0,5503234.08,2.8691184383871184,,,,,GBUG,2026-08-21,,,,,,,,,,,,,,,,,,,,,,,
Ramelius Resources Ltd.,RMS,,,,6586872,1777565.0,4955695.52,2.5836584787729833,,,,,GBUG,2026-08-21,,,,,,,,,,,,,,,,,,,,,,,
Anglogold Ashanti PLC,AU,,,,BRXH266,41494.0,4777619.16,2.4908181306268506,,,,,GBUG,2026-08-21,,,,,,,,,,,,,,,,,,,,,,,
i-80 Gold Corp.,IAU,,,,BN96CD6,2567002.0,4522285.76,2.3576997214829545,,,,,GBUG,2026-08-21,,,,,,,,,,,,,,,,,,,,,,,
Evolution Mining Ltd.,EVN,,,,B3X0F91,417267.0,4472191.06,2.331582782725468,,,,,GBUG,2026-08-21,,,,,,,,,,,,,,,,,,,,,,,
Kinross Gold Corp.,KGC,,,,B04NVW3,138370.0,4348969.1,2.2673408492894476,,,,,GBUG,2026-08-21,,,,,,,,,,,,,,,,,,,,,,,
Ora Banda Mining Ltd.,OBM,,,,BKDX544,3581810.0,4037614.66,2.1050157961131353,,,,,GBUG,2026-08-21,,,,,,,,,,,,,,,,,,,,,,,
K92 Mining Inc.,KNT,,,,BYZ2CB3,183660.0,3967860.22,2.0686492256467437,,,,,GBUG,2026-08-21,,,,,,,,,,,,,,,,,,,,,,,
Alamos Gold Inc.,AGI,,,,BYNBW45,96397.0,3536805.93,1.8439184957874628,,,,,GBUG,2026-08-21,,,,,,,,,,,,,,,,,,,,,,,
Skeena Resources Ltd.,SKE,,,,BMDM761,98600.0,3432611.01,1.7895963350702375,,,,,GBUG,2026-08-21,,,,,,,,,,,,,,,,,,,,,,,
Metalla Royalty & Streaming Ltd.,MTA,,,,BL0N0S3,300906.0,3370147.2,1.7570307442925852,,,,,GBUG,2026-08-21,,,,,,,,,,,,,,,,,,,,,,,
Westgold Resources Ltd.,WGX,,,,BYVQ673,758505.0,3360775.89,1.75214499930664,,,,,GBUG,2026-08-21,,,,,,,,,,,,,,,,,,,,,,,
Valterra Platinum Ltd.,VALT,,,,BV1D8Q6,37268.0,3291221.11,1.7158825218479383,,,,,GBUG,2026-08-21,,,,,,,,,,,,,,,,,,,,,,,
SSR Mining Inc.,SSRM,,,,BF7MQ72,86881.0,3199827.23,1.6682342004333166,,,,,GBUG,2026-08-21,,,,,,,,,,,,,,,,,,,,,,,
Endeavour Silver Corp.,EDR,,,,2980003,275193.0,3018574.03,1.5737376025098158,,,,,GBUG,2026-08-21,,,,,,,,,,,,,,,,,,,,,,,
Lundin Gold Inc.,LUG,,,,BTKSSY6,38243.0,2746198.68,1.4317343499701483,,,,,GBUG,2026-08-21,,,,,,,,,,,,,,,,,,,,,,,
Vizsla Silver Corp.,VZLA,,,,BS84LB7,654974.0,2545155.79,1.326920370731665,,,,,GBUG,2026-08-21,,,,,,,,,,,,,,,,,,,,,,,
Torex Gold Resources Inc.,TXG,,,,BD2NKY1,49879.0,2516098.76,1.3117714493291124,,,,,GBUG,2026-08-21,,,,,,,,,,,,,,,,,,,,,,,
Benz Mining Corp.,BNZ,,,,BLD3YS8,904024.0,2456045.35,1.2804625238110794,,,,,GBUG,2026-08-21,,,,,,,,,,,,,,,,,,,,,,,
Barrick Mining Corp.,ABX,,,,BNM23Q1,47322.0,2190188.48,1.1418576895262753,,,,,GBUG,2026-08-21,,,,,,,,,,,,,,,,,,,,,,,
Cia de Minas Buenaventura SAA,BVN,,,,2210476,60050.0,2051308.0,1.0694521657728584,,,,,GBUG,2026-08-21,,,,,,,,,,,,,,,,,,,,,,,
Barrick Mining Corp.,B,,,,BNKB6Z0,43253.0,2001316.31,1.0433889314164646,,,,,GBUG,2026-08-21,,,,,,,,,,,,,,,,,,,,,,,
Aris Mining Corp.,ARIS,,,,BQKRCQ2,99012.0,2000554.2,1.0429916043499992,,,,,GBUG,2026-08-21,,,,,,,,,,,,,,,,,,,,,,,
Artemis Gold Inc.,ARTG,,,,BKLTQ63,63376.0,1929743.72,1.0060744660190337,,,,,GBUG,2026-08-21,,,,,,,,,,,,,,,,,,,,,,,
OR Royalties Inc.,OR,,,,BPJJWP1,43916.0,1551156.36,0.808697440196374,,,,,GBUG,2026-08-21,,,,,,,,,,,,,,,,,,,,,,,
West African Resources Ltd.,WAF,,,,B4KBBN0,531200.0,1416714.67,0.738606085538437,,,,,GBUG,2026-08-21,,,,,,,,,,,,,,,,,,,,,,,
Pan American Silver Corp.,PAAS,,,,2703396,24268.0,1259994.56,0.6568998468557719,,,,,GBUG,2026-08-21,,,,,,,,,,,,,,,,,,,,,,,
AbraSilver Resource Corp.,ABRA,,,,BR4XSQ5,98466.0,1125754.03,0.5869133672325283,,,,,GBUG,2026-08-21,,,,,,,,,,,,,,,,,,,,,,,
Perpetua Resources Corp.,PPTA,,,,BNNNK51,32968.0,825848.4,0.4305571664421188,,,,,GBUG,2026-08-21,,,,,,,,,,,,,,,,,,,,,,,
New Found Gold Corp.,NFGC,,,,BL98380,417755.0,731071.25,0.38114497269389613,,,,,GBUG,2026-08-21,,,,,,,,,,,,,,,,,,,,,,,
LunR Royalties Corp.,LUNR,,,,BRCDGF2,7987.0,115402.84,0.060165424779866625,,,,,GBUG,2026-08-21,,,,,,,,,,,,,,,,,,,,,,,
Cash Equivalent,CASH,,,,,1526756.2,1526756.2,0.7959763841885953,,,,,GBUG,2026-08-21,,,,,,,,,,,,,,,,,,,,,,,
Metaplanet Inc,3350,,B03BJ91,,,10250105.0,16297615.42,1.5029089704358822,,,,,BLOK,2026-08-21,,,,,,,,253.0,1084454865.0,17550000.0,351.0,,,,,,,,False,,,equity,
SBI Holdings Inc,8473,,6309466,,,1518077.0,29890241.58,2.756373312377351,,,,,BLOK,2026-08-21,,,,,,,,3133.0,1084454865.0,17550000.0,351.0,,,,,,,,False,,,equity,
Invesco Government & Agency Portfolio 12/31/2031,AGPXX,,825252885,,,29717487.1,29717487.1,2.7404424997410213,,,,,BLOK,2026-08-21,,,,,,,,100.0,1084454865.0,17550000.0,351.0,,,,,,,,True,,,money_market,
Advanced Micro Devices Inc,AMD,,007903107,,,66838.0,31377433.29,2.8935169192251364,,,,,BLOK,2026-08-21,,,,,,,,469.455,1084454865.0,17550000.0,351.0,,,,,,,,False,,,equity,
Applied Digital Corp,APLD,,038169207,,,1000788.0,28672576.2,2.6440844789848637,,,,,BLOK,2026-08-21,,,,,,,,28.65,1084454865.0,17550000.0,351.0,,,,,,,,False,,,equity,
ARK 21Shares Bitcoin ETF,ARKB,,040919102,,,807249.0,19454700.9,1.7940443277288374,,,,,BLOK,2026-08-21,,,,,,,,24.1,1084454865.0,17550000.0,351.0,,,,,,,,False,,,equity,
Broadcom Inc,AVGO,,11135F101,,,57394.0,20893137.82,1.9266919387297208,,,,,BLOK,2026-08-21,,,,,,,,364.03,1084454865.0,17550000.0,351.0,,,,,,,,False,,,equity,
NEIGHBORHOOD INTELLIGENCE INC WT EXP 072331,BBBYW,,690370127,,,477928.0,219799.09,0.020269101677860297,,,,,BLOK,2026-08-21,,,,,,,,0.4599,1084454865.0,17550000.0,351.0,,,,,,,,False,,,equity,
BIGG Digital Assets Inc,BIGG,,BKPCL63,,,4731480.0,222964.58,0.020561012070529572,,,,,BLOK,2026-08-21,,,,,,,,0.065,1084454865.0,17550000.0,351.0,,,,,,,,False,,,equity,
Bakkt Inc,BKKT,,05759B305,,,894060.0,6705450.0,0.6183530962107638,,,,,BLOK,2026-08-21,,,,,,,,7.5,1084454865.0,17550000.0,351.0,,,,,,,,False,,,equity,
Blackrock Inc,BLK,,09290D101,,,23790.0,27116317.8,2.5005717840659534,,,,,BLOK,2026-08-21,,,,,,,,1139.82,1084454865.0,17550000.0,351.0,,,,,,,,False,,,equity,
Broadridge Financial Solutions Inc,BR,,11133T103,,,78539.0,14019211.5,1.2928025468027566,,,,,BLOK,2026-08-21,,,,,,,,178.5,1084454865.0,17550000.0,351.0,,,,,,,,False,,,equity,
Grayscale Bitcoin Mini Trust ETF,BTC,,389930207,,,603179.0,19392204.85,1.7882811610482354,,,,,BLOK,2026-08-21,,,,,,,,32.15,1084454865.0,17550000.0,351.0,,,,,,,,False,,,equity,
Bitgo Holdings Inc,BTGO,,091947101,,,1886159.0,12448649.4,1.1479708148047134,,,,,BLOK,2026-08-21,,,,,,,,6.6,1084454865.0,17550000.0,351.0,,,,,,,,False,,,equity,
Webull Corp,BULL,,G9572D103,,,2594193.0,22958608.05,2.117162363809568,,,,,BLOK,2026-08-21,,,,,,,,8.85,1084454865.0,17550000.0,351.0,,,,,,,,False,,,equity,
Cipher Digital Inc,CIFR,,17253J106,,,2101228.0,36162133.88,3.334745237125944,,,,,BLOK,2026-08-21,,,,,,,,17.21,1084454865.0,17550000.0,351.0,,,,,,,,False,,,equity,
Cleanspark Inc,CLSK,,18452B209,,,1502574.0,18932432.4,1.7458825572244936,,,,,BLOK,2026-08-21,,,,,,,,12.6,1084454865.0,17550000.0,351.0,,,,,,,,False,,,equity,
CME Group Inc,CME,,12572Q105,,,56863.0,15402480.81,1.4203627941734518,,,,,BLOK,2026-08-21,,,,,,,,270.87,1084454865.0,17550000.0,351.0,,,,,,,,False,,,equity,
Coinbase Global Inc,COIN,,19260Q107,,,171997.0,29643682.95,2.733636539713625,,,,,BLOK,2026-08-21,,,,,,,,172.35,1084454865.0,17550000.0,351.0,,,,,,,,False,,,equity,
Core Scientific Inc,CORZ,,21874A106,,,1514057.000001,27843508.23,2.5676307366978177,,,,,BLOK,2026-08-21,,,,,,,,18.39,1084454865.0,17550000.0,351.0,,,,,,,,False,,,equity,
Circle Internet Group Inc,CRCL,,172573107,,,194765.0,16294039.9,1.5025792485137797,,,,,BLOK,2026-08-21,,,,,,,,83.66,1084454865.0,17550000.0,351.0,,,,,,,,False,,,equity,
Customers Bancorp Inc,CUBI,,23204G100,,,279844.0,22267187.08,2.0534019454059482,,,,,BLOK,2026-08-21,,,,,,,,79.57,1084454865.0,17550000.0,351.0,,,,,,,,False,,,equity,
DBS Group Holdings Ltd,DBS SP,,6175203,,,301883.0,17994817.83,1.6594190279443075,,,,,BLOK,2026-08-21,,,,,,,,75.84,1084454865.0,17550000.0,351.0,,,,,,,,False,,,equity,
Dell Technologies Inc,DELL,,24703L202,,,61421.0,26704622.38,2.4626066754374802,,,,,BLOK,2026-08-21,,,,,,,,434.78,1084454865.0,17550000.0,351.0,,,,,,,,False,,,equity,
Grayscale Ethereum Staking Mini ETF,ETH,,38964R203,,,485437.0,10766992.66,0.9928943244956814,,,,,BLOK,2026-08-21,,,,,,,,22.18,1084454865.0,17550000.0,351.0,,,,,,,,False,,,equity,
Etoro Group Ltd,ETOR,,G32089107,,,587916.0,17443467.72,1.6085754532976178,,,,,BLOK,2026-08-21,,,,,,,,29.67,1084454865.0,17550000.0,351.0,,,,,,,,False,,,equity,
Exodus Movement Inc,EXOD,,30209R106,,,314849.0,2458970.69,0.2267576582709614,,,,,BLOK,2026-08-21,,,,,,,,7.81,1084454865.0,17550000.0,351.0,,,,,,,,False,,,equity,
Figure Technology Solutions Inc,FIGR,,349381103,,,1426319.0,51433063.14,4.742976808450247,,,,,BLOK,2026-08-21,,,,,,,,36.06,1084454865.0,17550000.0,351.0,,,,,,,,False,,,equity,
Galaxy Digital Inc,GLXY,,36317J209,,,1712721.0,40197561.87,3.7068782620761076,,,,,BLOK,2026-08-21,,,,,,,,23.47,1084454865.0,17550000.0,351.0,,,,,,,,False,,,equity,
GPGI Inc,GPGI,,20459V105,,,638276.0,8163550.04,0.7528139712182633,,,,,BLOK,2026-08-21,,,,,,,,12.79,1084454865.0,17550000.0,351.0,,,,,,,,False,,,equity,
Hive Digital Technologies Ltd,HIVE,,433921103,,,2295658.0,7185409.54,0.662613282717992,,,,,BLOK,2026-08-21,,,,,,,,3.13,1084454865.0,17550000.0,351.0,,,,,,,,False,,,equity,
VanEck Bitcoin ETF/US,HODL,,92189K105,,,1000355.0,20577302.35,1.8975666986984507,,,,,BLOK,2026-08-21,,,,,,,,20.57,1084454865.0,17550000.0,351.0,,,,,,,,False,,,equity,
Robinhood Markets Inc,HOOD,,770700102,,,415106.0,39476580.6,3.6403918964161646,,,,,BLOK,2026-08-21,,,,,,,,95.1,1084454865.0,17550000.0,351.0,,,,,,,,False,,,equity,
HUT 8 CORP,HUT,,44812J104,,,370790.0,32870533.5,3.0312053872334643,,,,,BLOK,2026-08-21,,,,,,,,88.65,1084454865.0,17550000.0,351.0,,,,,,,,False,,,equity,
International Business Machines Corp,IBM,,459200101,,,114827.0,26833921.63,2.4745301990750037,,,,,BLOK,2026-08-21,,,,,,,,233.69,1084454865.0,17550000.0,351.0,,,,,,,,False,,,equity,
IREN Ltd,IREN,,Q4982L109,,,207707.0,8848318.2,0.8159608908019672,,,,,BLOK,2026-08-21,,,,,,,,42.6,1084454865.0,17550000.0,351.0,,,,,,,,False,,,equity,
Mastercard Inc,MA,,57636Q104,,,15257.0,8755229.45,0.8073765725556318,,,,,BLOK,2026-08-21,,,,,,,,573.85,1084454865.0,17550000.0,351.0,,,,,,,,False,,,equity,
MercadoLibre Inc,MELI,,58733R102,,,10040.0,19296478.4,1.7794536033531119,,,,,BLOK,2026-08-21,,,,,,,,1921.96,1084454865.0,17550000.0,351.0,,,,,,,,False,,,equity,
Strategy Inc,MSTR,,594972408,,,109516.0,12308503.24,1.1350470271457125,,,,,BLOK,2026-08-21,,,,,,,,112.39,1084454865.0,17550000.0,351.0,,,,,,,,False,,,equity,
NU Holdings Ltd/Cayman Islands,NU,,G6683N103,,,2184065.0,31035563.65,2.861990899286958,,,,,BLOK,2026-08-21,,,,,,,,14.21,1084454865.0,17550000.0,351.0,,,,,,,,False,,,equity,
NVIDIA Corp,NVDA,,67066G104,,,92797.0,20123029.45,1.8556752440996325,,,,,BLOK,2026-08-21,,,,,,,,216.85,1084454865.0,17550000.0,351.0,,,,,,,,False,,,equity,
Neighborhood Intelligence Inc,NXH,,690370101,,,6825514.0,28462393.38,2.624702156021109,,,,,BLOK,2026-08-21,,,,,,,,4.17,1084454865.0,17550000.0,351.0,,,,,,,,False,,,equity,
Opera Ltd,OPRA,,68373M107,,,1929099.0,35283220.71,3.253694945203714,,,,,BLOK,2026-08-21,,,,,,,,18.29,1084454865.0,17550000.0,351.0,,,,,,,,False,,,equity,
Orion Digital Corp,ORIO,,68627G104,,,530011.0,466409.68,0.043010665910665435,,,,,BLOK,2026-08-21,,,,,,,,0.88,1084454865.0,17550000.0,351.0,,,,,,,,False,,,equity,
Hyperliquid Strategies Inc,PURR,,44916Y106,,,635314.0,6403965.12,0.5905512172900753,,,,,BLOK,2026-08-21,,,,,,,,10.08,1084454865.0,17550000.0,351.0,,,,,,,,False,,,equity,
PayPal Holdings Inc,PYPL,,70450Y103,,,396937.0,24729175.1,2.280437851273684,,,,,BLOK,2026-08-21,,,,,,,,62.3,1084454865.0,17550000.0,351.0,,,,,,,,False,,,equity,
Riot Platforms Inc,RIOT,,767292105,,,488958.0,10258338.84,0.9459880520611048,,,,,BLOK,2026-08-21,,,,,,,,20.98,1084454865.0,17550000.0,351.0,,,,,,,,False,,,equity,
SHARPLINK INC,SBET,,820014405,,,1861258.0,14126948.22,1.302737649500949,,,,,BLOK,2026-08-21,,,,,,,,7.59,1084454865.0,17550000.0,351.0,,,,,,,,False,,,equity,
Taiwan Semiconductor Manufacturing Co Ltd,TSM,,874039100,,,47380.0,19710080.0,1.8175944932199701,,,,,BLOK,2026-08-21,,,,,,,,416.0,1084454865.0,17550000.0,351.0,,,,,,,,False,,,equity,
Visa Inc,V,,92826C839,,,22346.0,8172602.58,0.7536487647276583,,,,,BLOK,2026-08-21,,,,,,,,365.73,1084454865.0,17550000.0,351.0,,,,,,,,False,,,equity,
WisdomTree Inc,WT,,97717P104,,,1247324.0,28251888.6,2.605290143034633,,,,,BLOK,2026-08-21,,,,,,,,22.65,1084454865.0,17550000.0,351.0,,,,,,,,False,,,equity,
Terawulf Inc,WULF,,88080T104,,,2030884.0,33408041.8,3.080772518677884,,,,,BLOK,2026-08-21,,,,,,,,16.45,1084454865.0,17550000.0,351.0,,,,,,,,False,,,equity,
Block Inc,XYZ,,852234103,,,340780.0,27289662.4,2.5165570155002963,,,,,BLOK,2026-08-21,,,,,,,,80.08,1084454865.0,17550000.0,351.0,,,,,,,,False,,,equity,
Cash & Other,Cash&Other,,Cash&Other,,,-563811.73,-563811.73,-0.05199274156476406,,,,,BLOK,2026-08-21,,,,,,,,1.0,1084454865.0,17550000.0,351.0,,,,,,,,True,,,cash,
TPG Inc,2602335D,,BBG01Y2F01K3,,,2621.0,0.0,0.0,,,,,AIEQ,2026-08-21,,,,,,,,0.0,122009025.0,2425000.0,97.0,,,,,,,,False,,,equity,
Agilent Technologies Inc,A,,00846U101,,,1582.0,247266.6,0.20267490870169805,,,,,AIEQ,2026-08-21,,,,,,,,156.3,122009025.0,2425000.0,97.0,,,,,,,,False,,,equity,
Apple Inc,AAPL,,037833100,,,199.0,61948.7,0.05077696347460142,,,,,AIEQ,2026-08-21,,,,,,,,311.3,122009025.0,2425000.0,97.0,,,,,,,,False,,,equity,
AbbVie Inc,ABBV,,00287Y109,,,237.0,62053.71,0.05086303612720702,,,,,AIEQ,2026-08-21,,,,,,,,261.83,122009025.0,2425000.0,97.0,,,,,,,,False,,,equity,
Arch Capital Group Ltd,ACGL,,G0450A105,,,607.0,60281.17,0.04941015335747545,,,,,AIEQ,2026-08-21,,,,,,,,99.31,122009025.0,2425000.0,97.0,,,,,,,,False,,,equity,
Archer-Daniels-Midland Co,ADM,,039483102,,,750.0,61275.0,0.05022475753173517,,,,,AIEQ,2026-08-21,,,,,,,,81.7,122009025.0,2425000.0,97.0,,,,,,,,False,,,equity,
Ameren Corp,AEE,,023608102,,,547.0,59508.13,0.0487765222426271,,,,,AIEQ,2026-08-21,,,,,,,,108.79,122009025.0,2425000.0,97.0,,,,,,,,False,,,equity,
American Electric Power Co Inc,AEP,,025537101,,,467.0,58701.9,0.04811568656307083,,,,,AIEQ,2026-08-21,,,,,,,,125.7,122009025.0,2425000.0,97.0,,,,,,,,False,,,equity,
Aflac Inc,AFL,,001055102,,,519.0,60292.23,0.04941921881350648,,,,,AIEQ,2026-08-21,,,,,,,,116.17,122009025.0,2425000.0,97.0,,,,,,,,False,,,equity,
Invesco Government & Agency Portfolio 12/31/2031,AGPXX,,825252885,,,268563.93,268563.93,0.22013150984936591,,,,,AIEQ,2026-08-21,,,,,,,,100.0,122009025.0,2425000.0,97.0,,,,,,,,True,,,money_market,
Assurant Inc,AIZ,,04621X108,,,213.0,60066.0,0.0492337867956133,,,,,AIEQ,2026-08-21,,,,,,,,282.0,122009025.0,2425000.0,97.0,,,,,,,,False,,,equity,
Akamai Technologies Inc,AKAM,,00971T101,,,1710.0,188253.9,0.15430447134889463,,,,,AIEQ,2026-08-21,,,,,,,,110.09,122009025.0,2425000.0,97.0,,,,,,,,False,,,equity,
Allstate Corp/The,ALL,,020002101,,,225.0,57271.5,0.04694324277403135,,,,,AIEQ,2026-08-21,,,,,,,,254.54,122009025.0,2425000.0,97.0,,,,,,,,False,,,equity,
Advanced Micro Devices Inc,AMD,,007903107,,,2398.0,1125753.09,0.9227364501974974,,,,,AIEQ,2026-08-21,,,,,,,,469.455,122009025.0,2425000.0,97.0,,,,,,,,False,,,equity,
AMERICAN TOWER CORP,AMT,,03027X100,,,350.0,61502.0,0.05041082068897228,,,,,AIEQ,2026-08-21,,,,,,,,175.72,122009025.0,2425000.0,97.0,,,,,,,,False,,,equity,
Amazon.com Inc,AMZN,,023135106,,,9141.0,2377665.51,1.9488808442483792,,,,,AIEQ,2026-08-21,,,,,,,,260.11,122009025.0,2425000.0,97.0,,,,,,,,False,,,equity,
Aon PLC,AON,,G0403H108,,,165.0,58068.45,0.04759647199500101,,,,,AIEQ,2026-08-21,,,,,,,,351.93,122009025.0,2425000.0,97.0,,,,,,,,False,,,equity,
Apollo Global Management Inc,APO,,03769M106,,,21904.0,2847081.92,2.3336433962462184,,,,,AIEQ,2026-08-21,,,,,,,,129.98,122009025.0,2425000.0,97.0,,,,,,,,False,,,equity,
Broadcom Inc,AVGO,,11135F101,,,6115.0,2226043.45,1.8246020812951,,,,,AIEQ,2026-08-21,,,,,,,,364.03,122009025.0,2425000.0,97.0,,,,,,,,False,,,equity,
American Water Works Co Inc,AWK,,030420103,,,2015.0,276478.15,0.2266184911721372,,,,,AIEQ,2026-08-21,,,,,,,,137.21,122009025.0,2425000.0,97.0,,,,,,,,False,,,equity,
Axon Enterprise Inc,AXON,,05464C101,,,598.0,367327.48,0.3010841879680669,,,,,AIEQ,2026-08-21,,,,,,,,614.26,122009025.0,2425000.0,97.0,,,,,,,,False,,,equity,
Best Buy Co Inc,BBY,,086516101,,,18088.0,1550684.24,1.2710361478952759,,,,,AIEQ,2026-08-21,,,,,,,,85.73,122009025.0,2425000.0,97.0,,,,,,,,False,,,equity,
Baker Hughes Co,BKR,,05722G100,,,7210.0,452643.8,0.37101468956741296,,,,,AIEQ,2026-08-21,,,,,,,,62.78,122009025.0,2425000.0,97.0,,,,,,,,False,,,equity,
Builders FirstSource Inc,BLDR,,12008R107,,,41406.0,2911669.92,2.3865836922798325,,,,,AIEQ,2026-08-21,,,,,,,,70.32,122009025.0,2425000.0,97.0,,,,,,,,False,,,equity,
Broadridge Financial Solutions Inc,BR,,11133T103,,,5957.0,1063324.5,0.8715661393725587,,,,,AIEQ,2026-08-21,,,,,,,,178.5,122009025.0,2425000.0,97.0,,,,,,,,False,,,equity,
Berkshire Hathaway Inc,BRK/B,,084670702,,,117.0,58132.62,0.04764906967253364,,,,,AIEQ,2026-08-21,,,,,,,,496.86,122009025.0,2425000.0,97.0,,,,,,,,False,,,equity,
Cardinal Health Inc,CAH,,14149Y108,,,252.0,57571.92,0.04718948547754312,,,,,AIEQ,2026-08-21,,,,,,,,228.46,122009025.0,2425000.0,97.0,,,,,,,,False,,,equity,
Casey's General Stores Inc,CASY,,147528103,,,277.0,229461.26,0.1880805572652214,,,,,AIEQ,2026-08-21,,,,,,,,828.38,122009025.0,2425000.0,97.0,,,,,,,,False,,,equity,
Chubb Ltd,CB,,H1467J104,,,175.0,60002.25,0.04918153337590464,,,,,AIEQ,2026-08-21,,,,,,,,342.87,122009025.0,2425000.0,97.0,,,,,,,,False,,,equity,
Cboe Global Markets Inc,CBOE,,12503M108,,,4282.0,1259379.02,1.0322644784994575,,,,,AIEQ,2026-08-21,,,,,,,,294.11,122009025.0,2425000.0,97.0,,,,,,,,False,,,equity,
CDW Corp/DE,CDW,,12514G108,,,408.0,54484.32,0.04465869867452418,,,,,AIEQ,2026-08-21,,,,,,,,133.54,122009025.0,2425000.0,97.0,,,,,,,,False,,,equity,
CF Industries Holdings Inc,CF,,125269100,,,14316.0,1799521.2,1.4749982202075416,,,,,AIEQ,2026-08-21,,,,,,,,125.7,122009025.0,2425000.0,97.0,,,,,,,,False,,,equity,
Citizens Financial Group Inc,CFG,,174610105,,,835.0,58207.85,0.047710732806097285,,,,,AIEQ,2026-08-21,,,,,,,,69.71,122009025.0,2425000.0,97.0,,,,,,,,False,,,equity,
Church & Dwight Co Inc,CHD,,171340102,,,27841.0,2711991.81,2.2229152359902344,,,,,AIEQ,2026-08-21,,,,,,,,97.41,122009025.0,2425000.0,97.0,,,,,,,,False,,,equity,
Cincinnati Financial Corp,CINF,,172062101,,,2405.0,404496.95,0.3315505709681992,,,,,AIEQ,2026-08-21,,,,,,,,168.19,122009025.0,2425000.0,97.0,,,,,,,,False,,,equity,
Colgate-Palmolive Co,CL,,194162103,,,657.0,58932.9,0.04830502836625044,,,,,AIEQ,2026-08-21,,,,,,,,89.7,122009025.0,2425000.0,97.0,,,,,,,,False,,,equity,
CME Group Inc,CME,,12572Q105,,,10273.0,2782647.51,2.280828992020181,,,,,AIEQ,2026-08-21,,,,,,,,270.87,122009025.0,2425000.0,97.0,,,,,,,,False,,,equity,
CMS Energy Corp,CMS,,125896100,,,832.0,58098.56,0.04762115200233322,,,,,AIEQ,2026-08-21,,,,,,,,69.83,122009025.0,2425000.0,97.0,,,,,,,,False,,,equity,
CenterPoint Energy Inc,CNP,,15189T107,,,1424.0,57244.8,0.04692135781236513,,,,,AIEQ,2026-08-21,,,,,,,,40.2,122009025.0,2425000.0,97.0,,,,,,,,False,,,equity,
Cencora Inc,COR,,03073E105,,,213.0,67028.97,0.0549410651301828,,,,,AIEQ,2026-08-21,,,,,,,,314.69,122009025.0,2425000.0,97.0,,,,,,,,False,,,equity,
Costco Wholesale Corp,COST,,22160K105,,,63.0,58811.13,0.04820521818714576,,,,,AIEQ,2026-08-21,,,,,,,,933.51,122009025.0,2425000.0,97.0,,,,,,,,False,,,equity,
Camden Property Trust,CPT,,133131102,,,540.0,58276.8,0.0477672484655312,,,,,AIEQ,2026-08-21,,,,,,,,107.92,122009025.0,2425000.0,97.0,,,,,,,,False,,,equity,
CoStar Group Inc,CSGP,,22160N109,,,2081.0,67133.06,0.05502638369422161,,,,,AIEQ,2026-08-21,,,,,,,,32.26,122009025.0,2425000.0,97.0,,,,,,,,False,,,equity,
CVS Health Corp,CVS,,126650100,,,11600.0,1086340.0,0.8904310582949847,,,,,AIEQ,2026-08-21,,,,,,,,93.65,122009025.0,2425000.0,97.0,,,,,,,,False,,,equity,
DUPONT DE NEMOURS INC,DD,,26614N201,,,435.0,60230.1,0.049368293245404524,,,,,AIEQ,2026-08-21,,,,,,,,138.46,122009025.0,2425000.0,97.0,,,,,,,,False,,,equity,
Datadog Inc,DDOG,,23804L103,,,6187.0,1438786.85,1.1793181669702004,,,,,AIEQ,2026-08-21,,,,,,,,232.55,122009025.0,2425000.0,97.0,,,,,,,,False,,,equity,
DTE Energy Co,DTE,,233331107,,,433.0,59818.95,0.04903128942558939,,,,,AIEQ,2026-08-21,,,,,,,,138.15,122009025.0,2425000.0,97.0,,,,,,,,False,,,equity,
Duke Energy Corp,DUK,,26441C204,,,469.0,57541.61,0.0471646415379138,,,,,AIEQ,2026-08-21,,,,,,,,122.69,122009025.0,2425000.0,97.0,,,,,,,,False,,,equity,
Devon Energy Corp,DVN,,25179M103,,,34587.0,1705139.1,1.397636847905037,,,,,AIEQ,2026-08-21,,,,,,,,49.3,122009025.0,2425000.0,97.0,,,,,,,,False,,,equity,
Consolidated Edison Inc,ED,,209115104,,,25273.0,2737318.63,2.2436746548976174,,,,,AIEQ,2026-08-21,,,,,,,,108.31,122009025.0,2425000.0,97.0,,,,,,,,False,,,equity,
EOG Resources Inc,EOG,,26875P101,,,408.0,62093.52,0.050895666850949796,,,,,AIEQ,2026-08-21,,,,,,,,152.19,122009025.0,2425000.0,97.0,,,,,,,,False,,,equity,
EQT Corp,EQT,,26884L109,,,1131.0,60949.59,0.049958031487697604,,,,,AIEQ,2026-08-21,,,,,,,,53.89,122009025.0,2425000.0,97.0,,,,,,,,False,,,equity,
Essex Property Trust Inc,ESS,,297178105,,,211.0,60706.81,0.049759034072217316,,,,,AIEQ,2026-08-21,,,,,,,,287.71,122009025.0,2425000.0,97.0,,,,,,,,False,,,equity,
Entergy Corp,ETR,,29364G103,,,555.0,59573.7,0.0488302674462396,,,,,AIEQ,2026-08-21,,,,,,,,107.34,122009025.0,2425000.0,97.0,,,,,,,,False,,,equity,
Evergy Inc,EVRG,,30034W106,,,721.0,59958.36,0.04914555843330052,,,,,AIEQ,2026-08-21,,,,,,,,83.16,122009025.0,2425000.0,97.0,,,,,,,,False,,,equity,
Edwards Lifesciences Corp,EW,,28176E108,,,661.0,59377.63,0.0486695564187529,,,,,AIEQ,2026-08-21,,,,,,,,89.83,122009025.0,2425000.0,97.0,,,,,,,,False,,,equity,
Exelon Corp,EXC,,30161N101,,,1309.0,58983.54,0.04834653602388254,,,,,AIEQ,2026-08-21,,,,,,,,45.06,122009025.0,2425000.0,97.0,,,,,,,,False,,,equity,
Expand Energy Corp,EXE,,165167735,,,10233.0,983084.31,0.8057963460302436,,,,,AIEQ,2026-08-21,,,,,,,,96.07,122009025.0,2425000.0,97.0,,,,,,,,False,,,equity,
Expeditors International of Washington Inc,EXPD,,302130109,,,356.0,66358.4,0.05439142472776654,,,,,AIEQ,2026-08-21,,,,,,,,186.4,122009025.0,2425000.0,97.0,,,,,,,,False,,,equity,
Diamondback Energy Inc,FANG,,25278X109,,,13555.0,2860376.1,2.3445401235751984,,,,,AIEQ,2026-08-21,,,,,,,,211.02,122009025.0,2425000.0,97.0,,,,,,,,False,,,equity,
Fair Isaac Corp,FICO,,303250104,,,53.0,60936.75,0.04994750703422216,,,,,AIEQ,2026-08-21,,,,,,,,1149.75,122009025.0,2425000.0,97.0,,,,,,,,False,,,equity,
Fox Corp,FOX,,35137L204,,,3470.0,209761.5,0.17193342271714512,,,,,AIEQ,2026-08-21,,,,,,,,60.45,122009025.0,2425000.0,97.0,,,,,,,,False,,,equity,
Fox Corp,FOXA,,35137L105,,,1031.0,70066.76,0.0574310245946027,,,,,AIEQ,2026-08-21,,,,,,,,67.96,122009025.0,2425000.0,97.0,,,,,,,,False,,,equity,
Federal Realty Investment Trust,FRT,,313745101,,,480.0,56280.0,0.04613054841103314,,,,,AIEQ,2026-08-21,,,,,,,,117.25,122009025.0,2425000.0,97.0,,,,,,,,False,,,equity,
Fortinet Inc,FTNT,,34959E109,,,13087.0,1973388.73,1.6175107381494704,,,,,AIEQ,2026-08-21,,,,,,,,150.79,122009025.0,2425000.0,97.0,,,,,,,,False,,,equity,
General Dynamics Corp,GD,,369550108,,,157.0,60612.99,0.04968213343163588,,,,,AIEQ,2026-08-21,,,,,,,,386.07,122009025.0,2425000.0,97.0,,,,,,,,False,,,equity,
GE HealthCare Technologies Inc,GEHC,,36266G107,,,18813.0,1393290.78,1.1420267906438544,,,,,AIEQ,2026-08-21,,,,,,,,74.06,122009025.0,2425000.0,97.0,,,,,,,,False,,,equity,
GE Vernova Inc,GEV,,36828A101,,,9116.0,8806147.16,7.218059663807072,,,,,AIEQ,2026-08-21,,,,,,,,966.01,122009025.0,2425000.0,97.0,,,,,,,,False,,,equity,
Gilead Sciences Inc,GILD,,375558103,,,476.0,68277.44,0.05596438790514233,,,,,AIEQ,2026-08-21,,,,,,,,143.44,122009025.0,2425000.0,97.0,,,,,,,,False,,,equity,
General Mills Inc,GIS,,370334104,,,1673.0,66267.53,0.054316942088567716,,,,,AIEQ,2026-08-21,,,,,,,,39.61,122009025.0,2425000.0,97.0,,,,,,,,False,,,equity,
Globe Life Inc,GL,,37959E102,,,328.0,55920.72,0.04583606043247742,,,,,AIEQ,2026-08-21,,,,,,,,170.49,122009025.0,2425000.0,97.0,,,,,,,,False,,,equity,
Alphabet Inc,GOOG,,02079K107,,,7713.0,2608536.6,2.138116984865881,,,,,AIEQ,2026-08-21,,,,,,,,338.2,122009025.0,2425000.0,97.0,,,,,,,,False,,,equity,
Alphabet Inc,GOOGL,,02079K305,,,7725.0,2631675.75,2.157083254931005,,,,,AIEQ,2026-08-21,,,,,,,,340.67,122009025.0,2425000.0,97.0,,,,,,,,False,,,equity,
Halliburton Co,HAL,,406216101,,,1864.0,66526.16,0.05452893113859518,,,,,AIEQ,2026-08-21,,,,,,,,35.69,122009025.0,2425000.0,97.0,,,,,,,,False,,,equity,
HCA Healthcare Inc,HCA,,40412C101,,,6833.0,2776042.91,2.2754154557722157,,,,,AIEQ,2026-08-21,,,,,,,,406.27,122009025.0,2425000.0,97.0,,,,,,,,False,,,equity,
Hilton Worldwide Holdings Inc,HLT,,43300A203,,,187.0,61609.02,0.050498540861163975,,,,,AIEQ,2026-08-21,,,,,,,,329.46,122009025.0,2425000.0,97.0,,,,,,,,False,,,equity,
Hormel Foods Corp,HRL,,440452100,,,2388.0,57503.04,0.0471330271944132,,,,,AIEQ,2026-08-21,,,,,,,,24.08,122009025.0,2425000.0,97.0,,,,,,,,False,,,equity,
Hershey Co/The,HSY,,427866108,,,338.0,63648.78,0.05217045357308453,,,,,AIEQ,2026-08-21,,,,,,,,188.31,122009025.0,2425000.0,97.0,,,,,,,,False,,,equity,
Humana Inc,HUM,,444859102,,,163.0,62058.99,0.05086736393985112,,,,,AIEQ,2026-08-21,,,,,,,,380.73,122009025.0,2425000.0,97.0,,,,,,,,False,,,equity,
Howmet Aerospace Inc,HWM,,443201108,,,212.0,58011.68,0.04754993981246202,,,,,AIEQ,2026-08-21,,,,,,,,273.64,122009025.0,2425000.0,97.0,,,,,,,,False,,,equity,
Intercontinental Exchange Inc,ICE,,45866F104,,,14995.0,2378356.95,1.9494475909860007,,,,,AIEQ,2026-08-21,,,,,,,,158.61,122009025.0,2425000.0,97.0,,,,,,,,False,,,equity,
Intel Corp,INTC,,458140100,,,651.0,59976.63,0.049160533648642896,,,,,AIEQ,2026-08-21,,,,,,,,92.13,122009025.0,2425000.0,97.0,,,,,,,,False,,,equity,
Invitation Homes Inc,INVH,,46187W107,,,2013.0,60933.51,0.04994485133100873,,,,,AIEQ,2026-08-21,,,,,,,,30.27,122009025.0,2425000.0,97.0,,,,,,,,False,,,equity,
Jack Henry & Associates Inc,JKHY,,426281101,,,392.0,64711.36,0.05304140947448105,,,,,AIEQ,2026-08-21,,,,,,,,165.08,122009025.0,2425000.0,97.0,,,,,,,,False,,,equity,
Johnson & Johnson,JNJ,,478160104,,,235.0,62831.95,0.05150092948178062,,,,,AIEQ,2026-08-21,,,,,,,,267.37,122009025.0,2425000.0,97.0,,,,,,,,False,,,equity,
Keurig Dr Pepper Inc,KDP,,49271V100,,,1921.0,60818.86,0.04985087714168172,,,,,AIEQ,2026-08-21,,,,,,,,31.66,122009025.0,2425000.0,97.0,,,,,,,,False,,,equity,
Coca-Cola Co/The,KO,,191216100,,,729.0,65974.5,0.05407675668343471,,,,,AIEQ,2026-08-21,,,,,,,,90.5,122009025.0,2425000.0,97.0,,,,,,,,False,,,equity,
Kroger Co/The,KR,,501044101,,,1035.0,58291.2,0.04777905159092421,,,,,AIEQ,2026-08-21,,,,,,,,56.32,122009025.0,2425000.0,97.0,,,,,,,,False,,,equity,
Loews Corp,L,,540424108,,,513.0,56789.1,0.04654783807336535,,,,,AIEQ,2026-08-21,,,,,,,,110.7,122009025.0,2425000.0,97.0,,,,,,,,False,,,equity,
Linde PLC,LIN,,G54950103,,,125.0,60161.25,0.049311859552119176,,,,,AIEQ,2026-08-21,,,,,,,,481.29,122009025.0,2425000.0,97.0,,,,,,,,False,,,equity,
Lumentum Holdings Inc,LITE,,55024U109,,,2232.0,1962552.96,1.6086290748133683,,,,,AIEQ,2026-08-21,,,,,,,,879.28,122009025.0,2425000.0,97.0,,,,,,,,False,,,equity,
Eli Lilly & Co,LLY,,532457108,,,592.0,736684.8,0.603832157606117,,,,,AIEQ,2026-08-21,,,,,,,,1244.4,122009025.0,2425000.0,97.0,,,,,,,,False,,,equity,
Lockheed Martin Corp,LMT,,539830109,,,103.0,58862.44,0.04824727501797323,,,,,AIEQ,2026-08-21,,,,,,,,571.48,122009025.0,2425000.0,97.0,,,,,,,,False,,,equity,
Alliant Energy Corp,LNT,,018802108,,,851.0,59110.46,0.0484505674596382,,,,,AIEQ,2026-08-21,,,,,,,,69.46,122009025.0,2425000.0,97.0,,,,,,,,False,,,equity,
Mastercard Inc,MA,,57636Q104,,,3147.0,1805905.95,1.4802315538778925,,,,,AIEQ,2026-08-21,,,,,,,,573.85,122009025.0,2425000.0,97.0,,,,,,,,False,,,equity,
Mid-America Apartment Communities Inc,MAA,,59522J103,,,428.0,56521.68,0.04632864419887924,,,,,AIEQ,2026-08-21,,,,,,,,132.06,122009025.0,2425000.0,97.0,,,,,,,,False,,,equity,
McDonald's Corp,MCD,,580135101,,,223.0,60015.99,0.049192795524717135,,,,,AIEQ,2026-08-21,,,,,,,,269.13,122009025.0,2425000.0,97.0,,,,,,,,False,,,equity,
McKesson Corp,MCK,,58155Q103,,,70.0,58712.5,0.04812437497481846,,,,,AIEQ,2026-08-21,,,,,,,,838.75,122009025.0,2425000.0,97.0,,,,,,,,False,,,equity,
Meta Platforms Inc,META,,30303M102,,,4373.0,2386914.59,1.9564619589018535,,,,,AIEQ,2026-08-21,,,,,,,,545.83,122009025.0,2425000.0,97.0,,,,,,,,False,,,equity,
Monster Beverage Corp,MNST,,61174X109,,,54482.0,2587350.18,2.120751292373584,,,,,AIEQ,2026-08-21,,,,,,,,47.49,122009025.0,2425000.0,97.0,,,,,,,,False,,,equity,
Altria Group Inc,MO,,02209S103,,,17681.0,1183566.14,0.9701235806490692,,,,,AIEQ,2026-08-21,,,,,,,,66.94,122009025.0,2425000.0,97.0,,,,,,,,False,,,equity,
Merck & Co Inc,MRK,,58933Y105,,,467.0,69578.33,0.05703067733517838,,,,,AIEQ,2026-08-21,,,,,,,,148.99,122009025.0,2425000.0,97.0,,,,,,,,False,,,equity,
Morgan Stanley,MS,,617446448,,,7939.0,1646945.55,1.349937836258184,,,,,AIEQ,2026-08-21,,,,,,,,207.45,122009025.0,2425000.0,97.0,,,,,,,,False,,,equity,
MSCI Inc,MSCI,,55354G100,,,104.0,59150.0,0.04848297687477986,,,,,AIEQ,2026-08-21,,,,,,,,568.75,122009025.0,2425000.0,97.0,,,,,,,,False,,,equity,
Microsoft Corp,MSFT,,594918104,,,2621.0,1261094.15,1.033670304503299,,,,,AIEQ,2026-08-21,,,,,,,,481.15,122009025.0,2425000.0,97.0,,,,,,,,False,,,equity,
Micron Technology Inc,MU,,595112103,,,1806.0,1759639.98,1.442309120173763,,,,,AIEQ,2026-08-21,,,,,,,,974.33,122009025.0,2425000.0,97.0,,,,,,,,False,,,equity,
Nasdaq Inc,NDAQ,,631103108,,,636.0,62041.8,0.05085327395891322,,,,,AIEQ,2026-08-21,,,,,,,,97.55,122009025.0,2425000.0,97.0,,,,,,,,False,,,equity,
Netflix Inc,NFLX,,64110L106,,,38363.0,3074410.82,2.51997614014595,,,,,AIEQ,2026-08-21,,,,,,,,80.14,122009025.0,2425000.0,97.0,,,,,,,,False,,,equity,
NiSource Inc,NI,,65473P105,,,1345.0,56005.8,0.04590579723167448,,,,,AIEQ,2026-08-21,,,,,,,,41.64,122009025.0,2425000.0,97.0,,,,,,,,False,,,equity,
Northrop Grumman Corp,NOC,,666807102,,,1610.0,907814.6,0.744100663709003,,,,,AIEQ,2026-08-21,,,,,,,,563.86,122009025.0,2425000.0,97.0,,,,,,,,False,,,equity,
ServiceNow Inc,NOW,,81762P102,,,21443.0,2782229.25,2.2804861604072033,,,,,AIEQ,2026-08-21,,,,,,,,129.75,122009025.0,2425000.0,97.0,,,,,,,,False,,,equity,
Norfolk Southern Corp,NSC,,655844108,,,192.0,66551.04,0.05454932431635754,,,,,AIEQ,2026-08-21,,,,,,,,346.62,122009025.0,2425000.0,97.0,,,,,,,,False,,,equity,
Nucor Corp,NUE,,670346105,,,232.0,55791.36,0.045730029022696836,,,,,AIEQ,2026-08-21,,,,,,,,240.48,122009025.0,2425000.0,97.0,,,,,,,,False,,,equity,
NVIDIA Corp,NVDA,,67066G104,,,13704.0,2971712.4,2.435798200637304,,,,,AIEQ,2026-08-21,,,,,,,,216.85,122009025.0,2425000.0,97.0,,,,,,,,False,,,equity,
News Corp,NWS,,65249B208,,,1911.0,64553.58,0.05291208328527898,,,,,AIEQ,2026-08-21,,,,,,,,33.78,122009025.0,2425000.0,97.0,,,,,,,,False,,,equity,
News Corp,NWSA,,65249B109,,,2164.0,64162.6,0.052591612037628896,,,,,AIEQ,2026-08-21,,,,,,,,29.65,122009025.0,2425000.0,97.0,,,,,,,,False,,,equity,
Old Dominion Freight Line Inc,ODFL,,679580100,,,1975.0,403927.0,0.33108340490446664,,,,,AIEQ,2026-08-21,,,,,,,,204.52,122009025.0,2425000.0,97.0,,,,,,,,False,,,equity,
ONEOK Inc,OKE,,682680103,,,669.0,63287.4,0.051874244305409004,,,,,AIEQ,2026-08-21,,,,,,,,94.6,122009025.0,2425000.0,97.0,,,,,,,,False,,,equity,
Occidental Petroleum Corp,OXY,,674599105,,,1062.0,65334.24,0.05355196022064779,,,,,AIEQ,2026-08-21,,,,,,,,61.52,122009025.0,2425000.0,97.0,,,,,,,,False,,,equity,
Palo Alto Networks Inc,PANW,,697435105,,,1487.0,519795.72,0.42605653207725347,,,,,AIEQ,2026-08-21,,,,,,,,349.56,122009025.0,2425000.0,97.0,,,,,,,,False,,,equity,
Procter & Gamble Co/The,PG,,742718109,,,10606.0,1516339.82,1.2428853495751115,,,,,AIEQ,2026-08-21,,,,,,,,142.97,122009025.0,2425000.0,97.0,,,,,,,,False,,,equity,
PNC Financial Services Group Inc/The,PNC,,693475105,,,239.0,57747.18,0.04733313934951394,,,,,AIEQ,2026-08-21,,,,,,,,241.62,122009025.0,2425000.0,97.0,,,,,,,,False,,,equity,
Pinnacle West Capital Corp,PNW,,723484101,,,595.0,59131.1,0.04846748527270152,,,,,AIEQ,2026-08-21,,,,,,,,99.38,122009025.0,2425000.0,97.0,,,,,,,,False,,,equity,
Phillips 66,PSX,,718546104,,,285.0,68400.0,0.05606484561682066,,,,,AIEQ,2026-08-21,,,,,,,,240.0,122009025.0,2425000.0,97.0,,,,,,,,False,,,equity,
Regency Centers Corp,REG,,758849103,,,745.0,56999.95,0.0467206636976096,,,,,AIEQ,2026-08-21,,,,,,,,76.51,122009025.0,2425000.0,97.0,,,,,,,,False,,,equity,
Raymond James Financial Inc,RJF,,754730109,,,341.0,58771.35,0.04817261205324755,,,,,AIEQ,2026-08-21,,,,,,,,172.35,122009025.0,2425000.0,97.0,,,,,,,,False,,,equity,
Rollins Inc,ROL,,775711104,,,64568.0,2348983.84,1.9253715840059435,,,,,AIEQ,2026-08-21,,,,,,,,36.38,122009025.0,2425000.0,97.0,,,,,,,,False,,,equity,
Republic Services Inc,RSG,,760759100,,,285.0,62557.5,0.05127597338705056,,,,,AIEQ,2026-08-21,,,,,,,,219.5,122009025.0,2425000.0,97.0,,,,,,,,False,,,equity,
J M Smucker Co/The,SJM,,832696405,,,523.0,64355.15,0.0527494378566862,,,,,AIEQ,2026-08-21,,,,,,,,123.05,122009025.0,2425000.0,97.0,,,,,,,,False,,,equity,
Super Micro Computer Inc,SMCI,,86800U302,,,18563.0,677549.5,0.5553612297551759,,,,,AIEQ,2026-08-21,,,,,,,,36.5,122009025.0,2425000.0,97.0,,,,,,,,False,,,equity,
Synopsys Inc,SNPS,,871607107,,,642.0,255464.64,0.2093945263473197,,,,,AIEQ,2026-08-21,,,,,,,,397.92,122009025.0,2425000.0,97.0,,,,,,,,False,,,equity,
Southern Co/The,SO,,842587107,,,634.0,57966.62,0.047513005865919715,,,,,AIEQ,2026-08-21,,,,,,,,91.43,122009025.0,2425000.0,97.0,,,,,,,,False,,,equity,
Steel Dynamics Inc,STLD,,858119100,,,236.0,51684.0,0.042363384223095886,,,,,AIEQ,2026-08-21,,,,,,,,219.0,122009025.0,2425000.0,97.0,,,,,,,,False,,,equity,
State Street Corp,STT,,857477103,,,325.0,59497.75,0.0487680141564063,,,,,AIEQ,2026-08-21,,,,,,,,183.07,122009025.0,2425000.0,97.0,,,,,,,,False,,,equity,
Constellation Brands Inc,STZ,,21036P108,,,1814.0,243329.96,0.1994481965109232,,,,,AIEQ,2026-08-21,,,,,,,,134.14,122009025.0,2425000.0,97.0,,,,,,,,False,,,equity,
Smurfit Westrock PLC,SW,,G8267P108,,,45189.0,2177657.91,1.7849423176958823,,,,,AIEQ,2026-08-21,,,,,,,,48.19,122009025.0,2425000.0,97.0,,,,,,,,False,,,equity,
AT&T Inc,T,,00206R102,,,38882.0,977882.3,0.8015324587854021,,,,,AIEQ,2026-08-21,,,,,,,,25.15,122009025.0,2425000.0,97.0,,,,,,,,False,,,equity,
TransDigm Group Inc,TDG,,893641100,,,48.0,56659.2,0.04644136404638253,,,,,AIEQ,2026-08-21,,,,,,,,1180.4,122009025.0,2425000.0,97.0,,,,,,,,False,,,equity,
TE Connectivity PLC,TEL,,G87052109,,,65431.0,13070496.56,10.713382628239554,,,,,AIEQ,2026-08-21,,,,,,,,199.76,122009025.0,2425000.0,97.0,,,,,,,,False,,,equity,
TJX Cos Inc/The,TJX,,872540109,,,17484.0,2459823.96,2.0162229614321117,,,,,AIEQ,2026-08-21,,,,,,,,140.69,122009025.0,2425000.0,97.0,,,,,,,,False,,,equity,
Targa Resources Corp,TRGP,,87612G101,,,5151.0,1556889.75,1.276122565440943,,,,,AIEQ,2026-08-21,,,,,,,,302.25,122009025.0,2425000.0,97.0,,,,,,,,False,,,equity,
Tyson Foods Inc,TSN,,902494103,,,998.0,58283.2,0.04777249429903921,,,,,AIEQ,2026-08-21,,,,,,,,58.4,122009025.0,2425000.0,97.0,,,,,,,,False,,,equity,
Trade Desk Inc/The,TTD,,88339J105,,,3331.0,44368.92,0.03636749488282261,,,,,AIEQ,2026-08-21,,,,,,,,13.32,122009025.0,2425000.0,97.0,,,,,,,,False,,,equity,
Tyler Technologies Inc,TYL,,902252105,,,192.0,66842.88,0.05478853432432265,,,,,AIEQ,2026-08-21,,,,,,,,348.14,122009025.0,2425000.0,97.0,,,,,,,,False,,,equity,
Uber Technologies Inc,UBER,,90353T100,,,39099.0,3071226.45,2.5173660347009674,,,,,AIEQ,2026-08-21,,,,,,,,78.55,122009025.0,2425000.0,97.0,,,,,,,,False,,,equity,
UDR Inc,UDR,,902653104,,,1587.0,59814.03,0.0490272566910801,,,,,AIEQ,2026-08-21,,,,,,,,37.69,122009025.0,2425000.0,97.0,,,,,,,,False,,,equity,
Veeva Systems Inc,VEEV,,922475108,,,294.0,73655.82,0.06037283884620368,,,,,AIEQ,2026-08-21,,,,,,,,250.53,122009025.0,2425000.0,97.0,,,,,,,,False,,,equity,
VICI Properties Inc,VICI,,925652109,,,2293.0,60925.01,0.049937884208380925,,,,,AIEQ,2026-08-21,,,,,,,,26.57,122009025.0,2425000.0,97.0,,,,,,,,False,,,equity,
Valero Energy Corp,VLO,,91913Y100,,,8163.0,2787746.13,2.2850081344640243,,,,,AIEQ,2026-08-21,,,,,,,,341.51,122009025.0,2425000.0,97.0,,,,,,,,False,,,equity,
Vivmark Residential,VMRK,,29476L107,,,1799.346,117209.4,0.09607203093333595,,,,,AIEQ,2026-08-21,,,,,,,,65.14,122009025.0,2425000.0,97.0,,,,,,,,False,,,equity,
Westinghouse Air Brake Technologies Corp,WAB,,929740108,,,204.0,59631.24,0.04887743076812252,,,,,AIEQ,2026-08-21,,,,,,,,292.31,122009025.0,2425000.0,97.0,,,,,,,,False,,,equity,
Warner Bros Discovery Inc,WBD,,934423104,,,2291.0,64674.93,0.05301154920655969,,,,,AIEQ,2026-08-21,,,,,,,,28.23,122009025.0,2425000.0,97.0,,,,,,,,False,,,equity,
WEC Energy Group Inc,WEC,,92939U106,,,547.0,59354.97,0.04865098288948862,,,,,AIEQ,2026-08-21,,,,,,,,108.51,122009025.0,2425000.0,97.0,,,,,,,,False,,,equity,
Williams Cos Inc/The,WMB,,969457100,,,790.0,56627.2,0.046415134878842496,,,,,AIEQ,2026-08-21,,,,,,,,71.68,122009025.0,2425000.0,97.0,,,,,,,,False,,,equity,
Walmart Inc,WMT,,931142103,,,539.0,55836.36,0.04576691378955,,,,,AIEQ,2026-08-21,,,,,,,,103.5925,122009025.0,2425000.0,97.0,,,,,,,,False,,,equity,
W R Berkley Corp,WRB,,084423102,,,820.0,56727.6,0.04649742889199935,,,,,AIEQ,2026-08-21,,,,,,,,69.18,122009025.0,2425000.0,97.0,,,,,,,,False,,,equity,
Willis Towers Watson PLC,WTW,,G96629103,,,179.0,61065.85,0.05005332533201648,,,,,AIEQ,2026-08-21,,,,,,,,341.15,122009025.0,2425000.0,97.0,,,,,,,,False,,,equity,
Xcel Energy Inc,XEL,,98389B100,,,768.0,60449.28,0.04954794664982404,,,,,AIEQ,2026-08-21,,,,,,,,78.71,122009025.0,2425000.0,97.0,,,,,,,,False,,,equity,
ExxonMobil Holdings Corp,XOM,,30233Q108,,,388.0,64466.2,0.05284046126466497,,,,,AIEQ,2026-08-21,,,,,,,,166.15,122009025.0,2425000.0,97.0,,,,,,,,False,,,equity,
Yum! Brands Inc,YUM,,988498101,,,390.0,59408.7,0.048695023301111307,,,,,AIEQ,2026-08-21,,,,,,,,152.33,122009025.0,2425000.0,97.0,,,,,,,,False,,,equity,
Cash & Other,Cash&Other,,Cash&Other,,,137664.97,137664.97,0.11283867382886326,,,,,AIEQ,2026-08-21,,,,,,,,1.0,122009025.0,2425000.0,97.0,,,,,,,,True,,,cash,
Agilent Technologies Inc,A,,00846U101,,,5136.0,802756.8,0.4096225328549562,,,,,ETHO,2026-08-21,,,,,,,,156.3,195980640.0,2400000.0,48.0,,,,,,,,False,,,equity,
Apple Inc,AAPL,,037833100,,,2294.0,714122.2,0.36439497532995496,,,,,ETHO,2026-08-21,,,,,,,,311.3,195980640.0,2400000.0,48.0,,,,,,,,False,,,equity,
Arch Capital Group Ltd,ACGL,,G0450A105,,,6101.0,605890.31,0.3091675130182324,,,,,ETHO,2026-08-21,,,,,,,,99.31,195980640.0,2400000.0,48.0,,,,,,,,False,,,equity,
Accenture PLC,ACN,,G1151C101,,,3000.0,544050.0,0.2776122718608412,,,,,ETHO,2026-08-21,,,,,,,,181.35,195980640.0,2400000.0,48.0,,,,,,,,False,,,equity,
Adobe Inc,ADBE,,00724F101,,,2390.0,650605.8,0.3319844761030054,,,,,ETHO,2026-08-21,,,,,,,,272.22,195980640.0,2400000.0,48.0,,,,,,,,False,,,equity,
Analog Devices Inc,ADI,,032654105,,,1802.0,667172.48,0.3404379522026131,,,,,ETHO,2026-08-21,,,,,,,,370.24,195980640.0,2400000.0,48.0,,,,,,,,False,,,equity,
ADI Global Distribution Inc,ADIG,,001026103,,,8249.5,186356.21,0.09509194161102107,,,,,ETHO,2026-08-21,,,,,,,,22.59,195980640.0,2400000.0,48.0,,,,,,,,False,,,equity,
Automatic Data Processing Inc,ADP,,053015103,,,2854.0,796865.34,0.4066162988779738,,,,,ETHO,2026-08-21,,,,,,,,279.21,195980640.0,2400000.0,48.0,,,,,,,,False,,,equity,
Adaptive Biotechnologies Corp,ADPT,,00650F109,,,40831.0,1038740.64,0.5300379541302899,,,,,ETHO,2026-08-21,,,,,,,,25.44,195980640.0,2400000.0,48.0,,,,,,,,False,,,equity,
Autodesk Inc,ADSK,,052769106,,,2425.0,608723.5,0.3106132042460854,,,,,ETHO,2026-08-21,,,,,,,,251.02,195980640.0,2400000.0,48.0,,,,,,,,False,,,equity,
Addus HomeCare Corp,ADUS,,006739106,,,6041.0,728242.55,0.37160016316741523,,,,,ETHO,2026-08-21,,,,,,,,120.55,195980640.0,2400000.0,48.0,,,,,,,,False,,,equity,
Aehr Test Systems,AEHR,,00760J108,,,15230.0,1613923.1,0.8235361793947094,,,,,ETHO,2026-08-21,,,,,,,,105.97,195980640.0,2400000.0,48.0,,,,,,,,False,,,equity,
Aflac Inc,AFL,,001055102,,,5191.0,603038.47,0.3077123052590492,,,,,ETHO,2026-08-21,,,,,,,,116.17,195980640.0,2400000.0,48.0,,,,,,,,False,,,equity,
Agios Pharmaceuticals Inc,AGIO,,00847X104,,,16544.0,556374.72,0.28390120397966984,,,,,ETHO,2026-08-21,,,,,,,,33.63,195980640.0,2400000.0,48.0,,,,,,,,False,,,equity,
Assured Guaranty Ltd,AGO,,G0585R106,,,6963.0,517211.64,0.2639174679041844,,,,,ETHO,2026-08-21,,,,,,,,74.28,195980640.0,2400000.0,48.0,,,,,,,,False,,,equity,
Invesco Government & Agency Portfolio 12/31/2031,AGPXX,,825252885,,,717153.52,717153.52,0.3659417663086099,,,,,ETHO,2026-08-21,,,,,,,,100.0,195980640.0,2400000.0,48.0,,,,,,,,True,,,money_market,
Alamo Group Inc,ALG,,011311107,,,3478.0,565035.88,0.2883207321564004,,,,,ETHO,2026-08-21,,,,,,,,162.46,195980640.0,2400000.0,48.0,,,,,,,,False,,,equity,
Allegion plc,ALLE,,G0176J109,,,3942.0,637500.24,0.32529710493195757,,,,,ETHO,2026-08-21,,,,,,,,161.72,195980640.0,2400000.0,48.0,,,,,,,,False,,,equity,
Affiliated Managers Group Inc,AMG,,008252108,,,2037.0,718266.57,0.36650972208325316,,,,,ETHO,2026-08-21,,,,,,,,352.61,195980640.0,2400000.0,48.0,,,,,,,,False,,,equity,
Ameriprise Financial Inc,AMP,,03076C106,,,1274.0,696992.66,0.355654288783992,,,,,ETHO,2026-08-21,,,,,,,,547.09,195980640.0,2400000.0,48.0,,,,,,,,False,,,equity,
Arista Networks Inc,ANET,,040413205,,,4671.0,858296.25,0.43796263558889903,,,,,ETHO,2026-08-21,,,,,,,,183.75,195980640.0,2400000.0,48.0,,,,,,,,False,,,equity,
Arcutis Biotherapeutics Inc,ARQT,,03969K108,,,23712.0,601099.2,0.30672275438973284,,,,,ETHO,2026-08-21,,,,,,,,25.35,195980640.0,2400000.0,48.0,,,,,,,,False,,,equity,
AptarGroup Inc,ATR,,038336103,,,4528.0,602042.88,0.30720428577234404,,,,,ETHO,2026-08-21,,,,,,,,132.96,195980640.0,2400000.0,48.0,,,,,,,,False,,,equity,
AtriCure Inc,ATRC,,04963C209,,,19599.0,930756.51,0.47493691625837287,,,,,ETHO,2026-08-21,,,,,,,,47.49,195980640.0,2400000.0,48.0,,,,,,,,False,,,equity,
American Water Works Co Inc,AWK,,030420103,,,4209.0,577516.89,0.29468941433858564,,,,,ETHO,2026-08-21,,,,,,,,137.21,195980640.0,2400000.0,48.0,,,,,,,,False,,,equity,
American States Water Co,AWR,,029899101,,,7492.0,669110.52,0.34142687544010447,,,,,ETHO,2026-08-21,,,,,,,,89.31,195980640.0,2400000.0,48.0,,,,,,,,False,,,equity,
American Express Co,AXP,,025816109,,,1941.0,642762.15,0.32798209857119526,,,,,ETHO,2026-08-21,,,,,,,,331.15,195980640.0,2400000.0,48.0,,,,,,,,False,,,equity,
AZZ Inc,AZZ,,002474104,,,4551.0,634545.93,0.3237896098287847,,,,,ETHO,2026-08-21,,,,,,,,139.43,195980640.0,2400000.0,48.0,,,,,,,,False,,,equity,
Beacon Financial Corp,BBT,,084680107,,,18792.0,593451.36,0.3028202927828434,,,,,ETHO,2026-08-21,,,,,,,,31.58,195980640.0,2400000.0,48.0,,,,,,,,False,,,equity,
Balchem Corp,BCPC,,057665200,,,3384.0,607867.92,0.3101766276307767,,,,,ETHO,2026-08-21,,,,,,,,179.63,195980640.0,2400000.0,48.0,,,,,,,,False,,,equity,
Bio-Rad Laboratories Inc,BIO,,090572207,,,2097.0,789436.62,0.4028256475844933,,,,,ETHO,2026-08-21,,,,,,,,376.46,195980640.0,2400000.0,48.0,,,,,,,,False,,,equity,
Builders FirstSource Inc,BLDR,,12008R107,,,6858.0,482254.56,0.2460799265083179,,,,,ETHO,2026-08-21,,,,,,,,70.32,195980640.0,2400000.0,48.0,,,,,,,,False,,,equity,
BioLife Solutions Inc,BLFS,,09062W204,,,29731.0,1099155.07,0.5608656118188805,,,,,ETHO,2026-08-21,,,,,,,,36.97,195980640.0,2400000.0,48.0,,,,,,,,False,,,equity,
Badger Meter Inc,BMI,,056525108,,,3761.0,481896.93,0.2458974387281771,,,,,ETHO,2026-08-21,,,,,,,,128.13,195980640.0,2400000.0,48.0,,,,,,,,False,,,equity,
Boot Barn Holdings Inc,BOOT,,099406100,,,3902.0,625178.44,0.319009662800876,,,,,ETHO,2026-08-21,,,,,,,,160.22,195980640.0,2400000.0,48.0,,,,,,,,False,,,equity,
Brady Corp,BRC,,104674106,,,6963.0,631752.99,0.32236445695943255,,,,,ETHO,2026-08-21,,,,,,,,90.73,195980640.0,2400000.0,48.0,,,,,,,,False,,,equity,
Burlington Stores Inc,BURL,,122017106,,,1811.0,603479.53,0.3079373648466367,,,,,ETHO,2026-08-21,,,,,,,,333.23,195980640.0,2400000.0,48.0,,,,,,,,False,,,equity,
Cheesecake Factory Inc/The,CAKE,,163072101,,,10462.0,1114516.86,0.5687042689675786,,,,,ETHO,2026-08-21,,,,,,,,106.53,195980640.0,2400000.0,48.0,,,,,,,,False,,,equity,
Calix Inc,CALX,,13100M509,,,11456.0,462593.28,0.2360473695586035,,,,,ETHO,2026-08-21,,,,,,,,40.38,195980640.0,2400000.0,48.0,,,,,,,,False,,,equity,
Cargurus Inc,CARG,,141788109,,,16438.0,606397.82,0.30942648003246287,,,,,ETHO,2026-08-21,,,,,,,,36.89,195980640.0,2400000.0,48.0,,,,,,,,False,,,equity,
Pathward Financial Inc,CASH,,59100U108,,,6339.0,532285.83,0.2716093714651842,,,,,ETHO,2026-08-21,,,,,,,,83.97,195980640.0,2400000.0,48.0,,,,,,,,False,,,equity,
CEVA Inc,CEVA,,157210105,,,30390.0,854870.7,0.43621468095628635,,,,,ETHO,2026-08-21,,,,,,,,28.13,195980640.0,2400000.0,48.0,,,,,,,,False,,,equity,
City Holding Co,CHCO,,177835105,,,4818.0,693792.0,0.35402108872139826,,,,,ETHO,2026-08-21,,,,,,,,144.0,195980640.0,2400000.0,48.0,,,,,,,,False,,,equity,
Chefs' Warehouse Inc/The,CHEF,,163086101,,,9509.0,1034959.56,0.528108583284067,,,,,ETHO,2026-08-21,,,,,,,,108.84,195980640.0,2400000.0,48.0,,,,,,,,False,,,equity,
Cincinnati Financial Corp,CINF,,172062101,,,3606.0,606493.14,0.3094751189475512,,,,,ETHO,2026-08-21,,,,,,,,168.19,195980640.0,2400000.0,48.0,,,,,,,,False,,,equity,
Chipotle Mexican Grill Inc,CMG,,169656105,,,17377.0,613234.33,0.3129149444616502,,,,,ETHO,2026-08-21,,,,,,,,35.29,195980640.0,2400000.0,48.0,,,,,,,,False,,,equity,
PC Connection Inc,CNXN,,69318J100,,,9595.0,747258.6,0.38130347874929066,,,,,ETHO,2026-08-21,,,,,,,,77.88,195980640.0,2400000.0,48.0,,,,,,,,False,,,equity,
Coherent Corp,COHR,,19247G107,,,2355.0,683020.65,0.3485247943651658,,,,,ETHO,2026-08-21,,,,,,,,290.03,195980640.0,2400000.0,48.0,,,,,,,,False,,,equity,
Columbia Sportswear Co,COLM,,198516106,,,10184.0,605336.96,0.30888515523745086,,,,,ETHO,2026-08-21,,,,,,,,59.44,195980640.0,2400000.0,48.0,,,,,,,,False,,,equity,
Corcept Therapeutics Inc,CORT,,218352102,,,14054.0,1701236.7,0.8680896705450608,,,,,ETHO,2026-08-21,,,,,,,,121.05,195980640.0,2400000.0,48.0,,,,,,,,False,,,equity,
CoStar Group Inc,CSGP,,22160N109,,,13789.0,444833.14,0.22698490689163062,,,,,ETHO,2026-08-21,,,,,,,,32.26,195980640.0,2400000.0,48.0,,,,,,,,False,,,equity,
Carlisle Cos Inc,CSL,,142339100,,,1670.0,597108.5,0.3046864207929769,,,,,ETHO,2026-08-21,,,,,,,,357.55,195980640.0,2400000.0,48.0,,,,,,,,False,,,equity,
Castle Biosciences Inc,CSTL,,14843C105,,,22979.0,756698.47,0.38612035910361653,,,,,ETHO,2026-08-21,,,,,,,,32.93,195980640.0,2400000.0,48.0,,,,,,,,False,,,equity,
CSW Industrials Inc,CSW,,126402106,,,2166.0,698794.92,0.35657392759124124,,,,,ETHO,2026-08-21,,,,,,,,322.62,195980640.0,2400000.0,48.0,,,,,,,,False,,,equity,
Custom Truck One Source Inc,CTOS,,23204X103,,,85380.0,838431.6,0.4278263050747543,,,,,ETHO,2026-08-21,,,,,,,,9.82,195980640.0,2400000.0,48.0,,,,,,,,False,,,equity,
Commvault Systems Inc,CVLT,,204166102,,,7397.0,973667.11,0.4968328985263846,,,,,ETHO,2026-08-21,,,,,,,,131.63,195980640.0,2400000.0,48.0,,,,,,,,False,,,equity,
Consolidated Water Co Ltd,CWCO,,G23773107,,,16807.0,495638.43,0.2529093108608409,,,,,ETHO,2026-08-21,,,,,,,,29.49,195980640.0,2400000.0,48.0,,,,,,,,False,,,equity,
Clearway Energy Inc,CWEN,,18539C204,,,14315.0,467241.6,0.23841926676572817,,,,,ETHO,2026-08-21,,,,,,,,32.64,195980640.0,2400000.0,48.0,,,,,,,,False,,,equity,
Dropbox Inc,DBX,,26210C104,,,24806.0,843404.0,0.4303635705110209,,,,,ETHO,2026-08-21,,,,,,,,34.0,195980640.0,2400000.0,48.0,,,,,,,,False,,,equity,
Donaldson Co Inc,DCI,,257651109,,,6680.0,617499.2,0.31509117872300696,,,,,ETHO,2026-08-21,,,,,,,,92.44,195980640.0,2400000.0,48.0,,,,,,,,False,,,equity,
Datadog Inc,DDOG,,23804L103,,,4752.0,1105077.6,0.5638876998778163,,,,,ETHO,2026-08-21,,,,,,,,232.55,195980640.0,2400000.0,48.0,,,,,,,,False,,,equity,
Digi International Inc,DGII,,253798102,,,11728.0,863298.08,0.44051491826468564,,,,,ETHO,2026-08-21,,,,,,,,73.61,195980640.0,2400000.0,48.0,,,,,,,,False,,,equity,
Deluxe Corp,DLX,,248019101,,,20846.0,498219.4,0.2542263018456855,,,,,ETHO,2026-08-21,,,,,,,,23.9,195980640.0,2400000.0,48.0,,,,,,,,False,,,equity,
Dorman Products Inc,DORM,,258278100,,,5416.0,711499.92,0.3630569051006466,,,,,ETHO,2026-08-21,,,,,,,,131.37,195980640.0,2400000.0,48.0,,,,,,,,False,,,equity,
Amdocs Ltd,DOX,,G02602103,,,9034.0,550170.6,0.28073542905439225,,,,,ETHO,2026-08-21,,,,,,,,60.9,195980640.0,2400000.0,48.0,,,,,,,,False,,,equity,
eBay Inc,EBAY,,278642103,,,6123.0,640527.03,0.3268415843885253,,,,,ETHO,2026-08-21,,,,,,,,104.61,195980640.0,2400000.0,48.0,,,,,,,,False,,,equity,
Ecolab Inc,ECL,,278865100,,,2090.0,588293.2,0.3001882396329091,,,,,ETHO,2026-08-21,,,,,,,,281.48,195980640.0,2400000.0,48.0,,,,,,,,False,,,equity,
EastGroup Properties Inc,EGP,,277276101,,,3158.0,635200.12,0.3241234232138203,,,,,ETHO,2026-08-21,,,,,,,,201.14,195980640.0,2400000.0,48.0,,,,,,,,False,,,equity,
Employers Holdings Inc,EIG,,292218104,,,13860.0,667081.8,0.3403916809392874,,,,,ETHO,2026-08-21,,,,,,,,48.13,195980640.0,2400000.0,48.0,,,,,,,,False,,,equity,
elf Beauty Inc,ELF,,26856L103,,,9298.0,915481.08,0.46714232600756644,,,,,ETHO,2026-08-21,,,,,,,,98.46,195980640.0,2400000.0,48.0,,,,,,,,False,,,equity,
EMCOR Group Inc,EME,,29084Q100,,,753.0,592904.67,0.3025413333987728,,,,,ETHO,2026-08-21,,,,,,,,787.39,195980640.0,2400000.0,48.0,,,,,,,,False,,,equity,
Enphase Energy Inc,ENPH,,29355A107,,,14951.0,573520.36,0.2926501058690332,,,,,ETHO,2026-08-21,,,,,,,,38.36,195980640.0,2400000.0,48.0,,,,,,,,False,,,equity,
Entegris Inc,ENTG,,29362U104,,,4824.0,697695.12,0.3560127328911354,,,,,ETHO,2026-08-21,,,,,,,,144.63,195980640.0,2400000.0,48.0,,,,,,,,False,,,equity,
Enerpac Tool Group Corp,EPAC,,292765104,,,15251.0,564134.49,0.28786078008263394,,,,,ETHO,2026-08-21,,,,,,,,36.99,195980640.0,2400000.0,48.0,,,,,,,,False,,,equity,
Element Solutions Inc,ESI,,28618M106,,,16580.0,589253.2,0.3006780986182715,,,,,ETHO,2026-08-21,,,,,,,,35.54,195980640.0,2400000.0,48.0,,,,,,,,False,,,equity,
Essex Property Trust Inc,ESS,,297178105,,,2401.0,690791.71,0.3524901314139056,,,,,ETHO,2026-08-21,,,,,,,,287.71,195980640.0,2400000.0,48.0,,,,,,,,False,,,equity,
Ethan Allen Interiors Inc,ETD,,297602104,,,26205.0,600880.65,0.30661123493009645,,,,,ETHO,2026-08-21,,,,,,,,22.93,195980640.0,2400000.0,48.0,,,,,,,,False,,,equity,
Etsy Inc,ETSY,,29786A106,,,11223.0,911419.83,0.4650699928780841,,,,,ETHO,2026-08-21,,,,,,,,81.21,195980640.0,2400000.0,48.0,,,,,,,,False,,,equity,
EVgo Inc,EVGO,,30052F100,,,323400.0,472164.0,0.2409310187131738,,,,,ETHO,2026-08-21,,,,,,,,1.46,195980640.0,2400000.0,48.0,,,,,,,,False,,,equity,
Edwards Lifesciences Corp,EW,,28176E108,,,6945.0,623869.35,0.3183416737392635,,,,,ETHO,2026-08-21,,,,,,,,89.83,195980640.0,2400000.0,48.0,,,,,,,,False,,,equity,
ExlService Holdings Inc,EXLS,,302081104,,,18267.0,676792.35,0.34534668111669437,,,,,ETHO,2026-08-21,,,,,,,,37.05,195980640.0,2400000.0,48.0,,,,,,,,False,,,equity,
Expedia Group Inc,EXPE,,30212P303,,,2444.0,792271.48,0.4042721909628729,,,,,ETHO,2026-08-21,,,,,,,,324.17,195980640.0,2400000.0,48.0,,,,,,,,False,,,equity,
Exponent Inc,EXPO,,30214U102,,,8811.0,611307.18,0.3119315780620241,,,,,ETHO,2026-08-21,,,,,,,,69.38,195980640.0,2400000.0,48.0,,,,,,,,False,,,equity,
Fortune Brands Innovations Inc,FBIN,,34964C106,,,14835.0,663421.2,0.3385237873957274,,,,,ETHO,2026-08-21,,,,,,,,44.72,195980640.0,2400000.0,48.0,,,,,,,,False,,,equity,
First Commonwealth Financial Corp,FCF,,319829107,,,32064.0,681360.0,0.3476774148609553,,,,,ETHO,2026-08-21,,,,,,,,21.25,195980640.0,2400000.0,48.0,,,,,,,,False,,,equity,
Franklin Electric Co Inc,FELE,,353514102,,,6302.0,650744.52,0.33205526072639024,,,,,ETHO,2026-08-21,,,,,,,,103.26,195980640.0,2400000.0,48.0,,,,,,,,False,,,equity,
First Financial Bankshares Inc,FFIN,,32020R109,,,19230.0,658242.9,0.3358814574124961,,,,,ETHO,2026-08-21,,,,,,,,34.23,195980640.0,2400000.0,48.0,,,,,,,,False,,,equity,
F5 Inc,FFIV,,315616102,,,1953.0,737823.87,0.37648922118161554,,,,,ETHO,2026-08-21,,,,,,,,377.79,195980640.0,2400000.0,48.0,,,,,,,,False,,,equity,
Fair Isaac Corp,FICO,,303250104,,,520.0,597870.0,0.3050749912277201,,,,,ETHO,2026-08-21,,,,,,,,1149.75,195980640.0,2400000.0,48.0,,,,,,,,False,,,equity,
Comfort Systems USA Inc,FIX,,199908104,,,410.0,685905.4,0.349996795102691,,,,,ETHO,2026-08-21,,,,,,,,1672.94,195980640.0,2400000.0,48.0,,,,,,,,False,,,equity,
National Beverage Corp,FIZZ,,635017106,,,17911.0,576913.31,0.2943814257069346,,,,,ETHO,2026-08-21,,,,,,,,32.21,195980640.0,2400000.0,48.0,,,,,,,,False,,,equity,
Fidelity National Financial Inc,FNF,,31620R303,,,12281.0,582610.64,0.2972886010122207,,,,,ETHO,2026-08-21,,,,,,,,47.44,195980640.0,2400000.0,48.0,,,,,,,,False,,,equity,
FormFactor Inc,FORM,,346375108,,,5783.0,669150.93,0.34144749544176956,,,,,ETHO,2026-08-21,,,,,,,,115.71,195980640.0,2400000.0,48.0,,,,,,,,False,,,equity,
First Industrial Realty Trust Inc,FR,,32054K103,,,9870.0,618059.4,0.31537703185175703,,,,,ETHO,2026-08-21,,,,,,,,62.62,195980640.0,2400000.0,48.0,,,,,,,,False,,,equity,
Federal Signal Corp,FSS,,313855108,,,5148.0,628004.52,0.32045172601061866,,,,,ETHO,2026-08-21,,,,,,,,121.99,195980640.0,2400000.0,48.0,,,,,,,,False,,,equity,
German American Bancorp Inc,GABC,,373865104,,,13632.0,680782.08,0.34738251975176715,,,,,ETHO,2026-08-21,,,,,,,,49.94,195980640.0,2400000.0,48.0,,,,,,,,False,,,equity,
GoDaddy Inc,GDDY,,380237107,,,6983.0,685660.77,0.3498719678072856,,,,,ETHO,2026-08-21,,,,,,,,98.19,195980640.0,2400000.0,48.0,,,,,,,,False,,,equity,
Guardant Health Inc,GH,,40131M109,,,6120.0,1027425.6,0.524264231199316,,,,,ETHO,2026-08-21,,,,,,,,167.88,195980640.0,2400000.0,48.0,,,,,,,,False,,,equity,
Global Industrial Co,GIC,,37892E102,,,18022.0,697992.06,0.3561642523985453,,,,,ETHO,2026-08-21,,,,,,,,38.73,195980640.0,2400000.0,48.0,,,,,,,,False,,,equity,
Glaukos Corp,GKOS,,377322102,,,5251.0,970857.39,0.4953991833301842,,,,,ETHO,2026-08-21,,,,,,,,184.89,195980640.0,2400000.0,48.0,,,,,,,,False,,,equity,
Globant SA,GLOB,,L44385109,,,12063.0,478056.69,0.24393788032198122,,,,,ETHO,2026-08-21,,,,,,,,39.63,195980640.0,2400000.0,48.0,,,,,,,,False,,,equity,
Gentex Corp,GNTX,,371901109,,,25719.0,606711.21,0.3095863934776949,,,,,ETHO,2026-08-21,,,,,,,,23.59,195980640.0,2400000.0,48.0,,,,,,,,False,,,equity,
Grocery Outlet Holding Corp,GO,,39874R101,,,80442.0,893710.62,0.4560335182508242,,,,,ETHO,2026-08-21,,,,,,,,11.11,195980640.0,2400000.0,48.0,,,,,,,,False,,,equity,
Alphabet Inc,GOOGL,,02079K305,,,1935.0,659196.45,0.33636802515780057,,,,,ETHO,2026-08-21,,,,,,,,340.67,195980640.0,2400000.0,48.0,,,,,,,,False,,,equity,
Green Brick Partners Inc,GRBK,,392709101,,,8886.0,629750.82,0.32134281012117943,,,,,ETHO,2026-08-21,,,,,,,,70.87,195980640.0,2400000.0,48.0,,,,,,,,False,,,equity,
Garmin Ltd,GRMN,,H2906T109,,,2438.0,714553.42,0.3646150138629425,,,,,ETHO,2026-08-21,,,,,,,,293.09,195980640.0,2400000.0,48.0,,,,,,,,False,,,equity,
Globalstar Inc,GSAT,,378973507,,,8374.0,686668.0,0.35038592683418823,,,,,ETHO,2026-08-21,,,,,,,,82.0,195980640.0,2400000.0,48.0,,,,,,,,False,,,equity,
Guidewire Software Inc,GWRE,,40171V100,,,3719.0,676077.01,0.3449816647348307,,,,,ETHO,2026-08-21,,,,,,,,181.79,195980640.0,2400000.0,48.0,,,,,,,,False,,,equity,
Haemonetics Corp,HAE,,405024100,,,10030.0,1085446.6,0.5538705938969318,,,,,ETHO,2026-08-21,,,,,,,,108.22,195980640.0,2400000.0,48.0,,,,,,,,False,,,equity,
Halozyme Therapeutics Inc,HALO,,40637H109,,,8729.0,926321.48,0.4726738544918606,,,,,ETHO,2026-08-21,,,,,,,,106.12,195980640.0,2400000.0,48.0,,,,,,,,False,,,equity,
HA Sustainable Infrastructure Capital Inc,HASI,,41068X100,,,15646.0,635540.52,0.32429711904571346,,,,,ETHO,2026-08-21,,,,,,,,40.62,195980640.0,2400000.0,48.0,,,,,,,,False,,,equity,
Huntington Bancshares Inc/OH,HBAN,,446150104,,,36350.0,618313.5,0.3155066914019451,,,,,ETHO,2026-08-21,,,,,,,,17.01,195980640.0,2400000.0,48.0,,,,,,,,False,,,equity,
Host Hotels & Resorts Inc,HST,,44107P104,,,30563.0,705699.67,0.36009721282997137,,,,,ETHO,2026-08-21,,,,,,,,23.09,195980640.0,2400000.0,48.0,,,,,,,,False,,,equity,
Hilltop Holdings Inc,HTH,,432748101,,,15869.0,613019.47,0.3128053078974888,,,,,ETHO,2026-08-21,,,,,,,,38.63,195980640.0,2400000.0,48.0,,,,,,,,False,,,equity,
H2O America,HTO,,784305104,,,9714.0,624124.5,0.3184718690727168,,,,,ETHO,2026-08-21,,,,,,,,64.25,195980640.0,2400000.0,48.0,,,,,,,,False,,,equity,
HubSpot Inc,HUBS,,443573100,,,2278.0,546401.08,0.27881195692678473,,,,,ETHO,2026-08-21,,,,,,,,239.86,195980640.0,2400000.0,48.0,,,,,,,,False,,,equity,
Huron Consulting Group Inc,HURN,,447462102,,,4425.0,718841.25,0.3668029639183658,,,,,ETHO,2026-08-21,,,,,,,,162.45,195980640.0,2400000.0,48.0,,,,,,,,False,,,equity,
Hawkins Inc,HWKN,,420261109,,,3652.0,436012.28,0.22248388863160595,,,,,ETHO,2026-08-21,,,,,,,,119.39,195980640.0,2400000.0,48.0,,,,,,,,False,,,equity,
Interactive Brokers Group Inc,IBKR,,45841N107,,,8434.0,757794.9,0.3866798341945758,,,,,ETHO,2026-08-21,,,,,,,,89.85,195980640.0,2400000.0,48.0,,,,,,,,False,,,equity,
Installed Building Products Inc,IBP,,45780R101,,,2100.0,513681.0,0.2621158890207679,,,,,ETHO,2026-08-21,,,,,,,,244.61,195980640.0,2400000.0,48.0,,,,,,,,False,,,equity,
IDT Corp,IDT,,448947507,,,11489.0,771945.91,0.39390066690338105,,,,,ETHO,2026-08-21,,,,,,,,67.19,195980640.0,2400000.0,48.0,,,,,,,,False,,,equity,
IDEXX Laboratories Inc,IDXX,,45168D104,,,989.0,539855.54,0.2754719656944421,,,,,ETHO,2026-08-21,,,,,,,,545.86,195980640.0,2400000.0,48.0,,,,,,,,False,,,equity,
Ingles Markets Inc,IMKTA,,457030104,,,6196.0,525544.72,0.26816958677266733,,,,,ETHO,2026-08-21,,,,,,,,84.82,195980640.0,2400000.0,48.0,,,,,,,,False,,,equity,
Incyte Corp,INCY,,45337C102,,,5994.0,762556.68,0.389109626610533,,,,,ETHO,2026-08-21,,,,,,,,127.22,195980640.0,2400000.0,48.0,,,,,,,,False,,,equity,
Insmed Inc,INSM,,457669307,,,3401.0,425397.08,0.21706727290096134,,,,,ETHO,2026-08-21,,,,,,,,125.08,195980640.0,2400000.0,48.0,,,,,,,,False,,,equity,
Ionis Pharmaceuticals Inc,IONS,,462222100,,,7407.0,435235.32,0.2220874294261193,,,,,ETHO,2026-08-21,,,,,,,,58.76,195980640.0,2400000.0,48.0,,,,,,,,False,,,equity,
Interparfums Inc,IPAR,,458334109,,,6238.0,715810.5,0.3652564637934834,,,,,ETHO,2026-08-21,,,,,,,,114.75,195980640.0,2400000.0,48.0,,,,,,,,False,,,equity,
IPG Photonics Corp,IPGP,,44980X109,,,4854.0,361283.22,0.1843519078933923,,,,,ETHO,2026-08-21,,,,,,,,74.43,195980640.0,2400000.0,48.0,,,,,,,,False,,,equity,
Intuitive Surgical Inc,ISRG,,46120E602,,,1207.0,451997.36,0.23064059182924826,,,,,ETHO,2026-08-21,,,,,,,,374.48,195980640.0,2400000.0,48.0,,,,,,,,False,,,equity,
Gartner Inc,IT,,366651107,,,3513.0,680397.84,0.3471864536928759,,,,,ETHO,2026-08-21,,,,,,,,193.68,195980640.0,2400000.0,48.0,,,,,,,,False,,,equity,
Itron Inc,ITRI,,465741106,,,6206.0,610856.58,0.3117016505007696,,,,,ETHO,2026-08-21,,,,,,,,98.43,195980640.0,2400000.0,48.0,,,,,,,,False,,,equity,
Illinois Tool Works Inc,ITW,,452308109,,,2174.0,614676.76,0.3136509728952505,,,,,ETHO,2026-08-21,,,,,,,,282.74,195980640.0,2400000.0,48.0,,,,,,,,False,,,equity,
Jack Henry & Associates Inc,JKHY,,426281101,,,3530.0,582732.4,0.2973507314601975,,,,,ETHO,2026-08-21,,,,,,,,165.08,195980640.0,2400000.0,48.0,,,,,,,,False,,,equity,
Kadant Inc,KAI,,48282T104,,,1903.0,597656.18,0.30496588534412616,,,,,ETHO,2026-08-21,,,,,,,,314.06,195980640.0,2400000.0,48.0,,,,,,,,False,,,equity,
Korn Ferry,KFY,,500643200,,,9346.0,790578.14,0.4034081307396713,,,,,ETHO,2026-08-21,,,,,,,,84.59,195980640.0,2400000.0,48.0,,,,,,,,False,,,equity,
KLA CORP,KLAC,,482480100,,,3838.0,713330.68,0.36399108659652374,,,,,ETHO,2026-08-21,,,,,,,,185.86,195980640.0,2400000.0,48.0,,,,,,,,False,,,equity,
Kilroy Realty Corp,KRC,,49427F108,,,20039.0,736633.64,0.3758818827856282,,,,,ETHO,2026-08-21,,,,,,,,36.76,195980640.0,2400000.0,48.0,,,,,,,,False,,,equity,
KKR Real Estate Finance Trust Inc,KREF,,48251K100,,,92422.0,691316.56,0.3527579465060593,,,,,ETHO,2026-08-21,,,,,,,,7.48,195980640.0,2400000.0,48.0,,,,,,,,False,,,equity,
Quaker Chemical Corp,KWR,,747316107,,,4527.0,746185.41,0.3807558623279354,,,,,ETHO,2026-08-21,,,,,,,,164.83,195980640.0,2400000.0,48.0,,,,,,,,False,,,equity,
LCI Industries,LCII,,50189K103,,,4555.0,475040.95,0.2423990393464429,,,,,ETHO,2026-08-21,,,,,,,,104.29,195980640.0,2400000.0,48.0,,,,,,,,False,,,equity,
LeMaitre Vascular Inc,LMAT,,525558201,,,5104.0,420161.28,0.21439560240558592,,,,,ETHO,2026-08-21,,,,,,,,82.32,195980640.0,2400000.0,48.0,,,,,,,,False,,,equity,
Lindsay Corp,LNN,,535555106,,,4682.0,543767.48,0.27746811044360725,,,,,ETHO,2026-08-21,,,,,,,,116.14,195980640.0,2400000.0,48.0,,,,,,,,False,,,equity,
LightPath Technologies Inc,LPTH,,532257805,,,56363.0,733846.26,0.37445956701623295,,,,,ETHO,2026-08-21,,,,,,,,13.02,195980640.0,2400000.0,48.0,,,,,,,,False,,,equity,
Lattice Semiconductor Corp,LSCC,,518415104,,,6093.0,716293.08,0.3655027097821878,,,,,ETHO,2026-08-21,,,,,,,,117.56,195980640.0,2400000.0,48.0,,,,,,,,False,,,equity,
Mastercard Inc,MA,,57636Q104,,,1132.0,649598.2,0.3314703282762854,,,,,ETHO,2026-08-21,,,,,,,,573.85,195980640.0,2400000.0,48.0,,,,,,,,False,,,equity,
Matson Inc,MATX,,57686G105,,,3453.0,748506.81,0.38194040258691486,,,,,ETHO,2026-08-21,,,,,,,,216.77,195980640.0,2400000.0,48.0,,,,,,,,False,,,equity,
MongoDB Inc,MDB,,60937P106,,,2309.0,970634.33,0.49528536255385613,,,,,ETHO,2026-08-21,,,,,,,,420.37,195980640.0,2400000.0,48.0,,,,,,,,False,,,equity,
Medpace Holdings Inc,MEDP,,58506Q109,,,1175.0,719852.0,0.36731871909488145,,,,,ETHO,2026-08-21,,,,,,,,612.64,195980640.0,2400000.0,48.0,,,,,,,,False,,,equity,
Magnite Inc,MGNI,,55955D100,,,47585.0,1111109.75,0.566965723709643,,,,,ETHO,2026-08-21,,,,,,,,23.35,195980640.0,2400000.0,48.0,,,,,,,,False,,,equity,
McCormick & Co Inc/MD,MKC,,579780206,,,11190.0,617911.8,0.3153017160327576,,,,,ETHO,2026-08-21,,,,,,,,55.22,195980640.0,2400000.0,48.0,,,,,,,,False,,,equity,
Mueller Industries Inc,MLI,,624756102,,,10314.0,639055.44,0.3260906764882446,,,,,ETHO,2026-08-21,,,,,,,,61.96,195980640.0,2400000.0,48.0,,,,,,,,False,,,equity,
Merit Medical Systems Inc,MMSI,,589889104,,,8325.0,751497.75,0.3834665888719979,,,,,ETHO,2026-08-21,,,,,,,,90.27,195980640.0,2400000.0,48.0,,,,,,,,False,,,equity,
Monolithic Power Systems Inc,MPWR,,609839105,,,516.0,676269.6,0.34507993759107125,,,,,ETHO,2026-08-21,,,,,,,,1310.6,195980640.0,2400000.0,48.0,,,,,,,,False,,,equity,
Middlesex Water Co,MSEX,,596680108,,,10938.0,642716.88,0.3279589986584168,,,,,ETHO,2026-08-21,,,,,,,,58.76,195980640.0,2400000.0,48.0,,,,,,,,False,,,equity,
Microsoft Corp,MSFT,,594918104,,,1526.0,734234.9,0.37465787826214053,,,,,ETHO,2026-08-21,,,,,,,,481.15,195980640.0,2400000.0,48.0,,,,,,,,False,,,equity,
MSC Industrial Direct Co Inc,MSM,,553530106,,,6138.0,722442.6,0.3686406239776729,,,,,ETHO,2026-08-21,,,,,,,,117.7,195980640.0,2400000.0,48.0,,,,,,,,False,,,equity,
Meritage Homes Corp,MTH,,59001A102,,,9184.0,652523.2,0.33296286737231146,,,,,ETHO,2026-08-21,,,,,,,,71.05,195980640.0,2400000.0,48.0,,,,,,,,False,,,equity,
Mueller Water Products Inc,MWA,,624758108,,,20527.0,515843.51,0.2632193525149721,,,,,ETHO,2026-08-21,,,,,,,,25.13,195980640.0,2400000.0,48.0,,,,,,,,False,,,equity,
MaxLinear Inc,MXL,,57776J100,,,32410.0,2115724.8,1.079590420660461,,,,,ETHO,2026-08-21,,,,,,,,65.28,195980640.0,2400000.0,48.0,,,,,,,,False,,,equity,
Myers Industries Inc,MYE,,628464109,,,26786.0,897598.86,0.45801756960628826,,,,,ETHO,2026-08-21,,,,,,,,33.51,195980640.0,2400000.0,48.0,,,,,,,,False,,,equity,
Marzetti Company/The,MZTI,,513847103,,,4047.0,456865.83,0.23312482492765163,,,,,ETHO,2026-08-21,,,,,,,,112.89,195980640.0,2400000.0,48.0,,,,,,,,False,,,equity,
Niagen Bioscience Inc,NAGE,,171077407,,,126389.0,398125.35,0.20315133333129776,,,,,ETHO,2026-08-21,,,,,,,,3.15,195980640.0,2400000.0,48.0,,,,,,,,False,,,equity,
Cloudflare Inc,NET,,18915M107,,,2731.0,761703.21,0.38867412666445256,,,,,ETHO,2026-08-21,,,,,,,,278.91,195980640.0,2400000.0,48.0,,,,,,,,False,,,equity,
Netflix Inc,NFLX,,64110L106,,,5785.0,463609.9,0.23656612001870672,,,,,ETHO,2026-08-21,,,,,,,,80.14,195980640.0,2400000.0,48.0,,,,,,,,False,,,equity,
Natural Grocers by Vitamin Cottage Inc,NGVC,,63888U108,,,21853.0,597242.49,0.30475479184031934,,,,,ETHO,2026-08-21,,,,,,,,27.33,195980640.0,2400000.0,48.0,,,,,,,,False,,,equity,
Nicolet Bankshares Inc,NIC,,65406E102,,,3749.0,643665.81,0.32844320895735424,,,,,ETHO,2026-08-21,,,,,,,,171.69,195980640.0,2400000.0,48.0,,,,,,,,False,,,equity,
Newmark Group Inc,NMRK,,65158N102,,,37837.0,604635.26,0.30852709893533753,,,,,ETHO,2026-08-21,,,,,,,,15.98,195980640.0,2400000.0,48.0,,,,,,,,False,,,equity,
Novanta Inc,NOVT,,67000B104,,,4786.0,696458.72,0.35538183533957074,,,,,ETHO,2026-08-21,,,,,,,,145.52,195980640.0,2400000.0,48.0,,,,,,,,False,,,equity,
ServiceNow Inc,NOW,,81762P102,,,5320.0,690270.0,0.35222391856885,,,,,ETHO,2026-08-21,,,,,,,,129.75,195980640.0,2400000.0,48.0,,,,,,,,False,,,equity,
NPK International Inc,NPKI,,651718504,,,38388.0,529754.4,0.2703176592450635,,,,,ETHO,2026-08-21,,,,,,,,13.8,195980640.0,2400000.0,48.0,,,,,,,,False,,,equity,
NetApp Inc,NTAP,,64110D104,,,5521.0,1064504.01,0.5431842231799938,,,,,ETHO,2026-08-21,,,,,,,,192.81,195980640.0,2400000.0,48.0,,,,,,,,False,,,equity,
NVIDIA Corp,NVDA,,67066G104,,,3237.0,701943.45,0.3581805272903902,,,,,ETHO,2026-08-21,,,,,,,,216.85,195980640.0,2400000.0,48.0,,,,,,,,False,,,equity,
nVent Electric PLC,NVT,,G6700G107,,,4784.0,738171.2,0.3766664531830592,,,,,ETHO,2026-08-21,,,,,,,,154.3,195980640.0,2400000.0,48.0,,,,,,,,False,,,equity,
Quanex Building Products Corp,NX,,747619104,,,31057.0,612444.04,0.3125116833600439,,,,,ETHO,2026-08-21,,,,,,,,19.72,195980640.0,2400000.0,48.0,,,,,,,,False,,,equity,
New York Times Co/The,NYT,,650111107,,,6643.0,433787.9,0.22134885474633473,,,,,ETHO,2026-08-21,,,,,,,,65.3,195980640.0,2400000.0,48.0,,,,,,,,False,,,equity,
Okta Inc,OKTA,,679295105,,,7182.0,963537.12,0.4916638707939564,,,,,ETHO,2026-08-21,,,,,,,,134.16,195980640.0,2400000.0,48.0,,,,,,,,False,,,equity,
Universal Display Corp,OLED,,91347P105,,,6068.0,524882.0,0.26783142078643885,,,,,ETHO,2026-08-21,,,,,,,,86.5,195980640.0,2400000.0,48.0,,,,,,,,False,,,equity,
Onto Innovation Inc,ONTO,,683344105,,,2748.0,821212.32,0.4190398269190554,,,,,ETHO,2026-08-21,,,,,,,,298.84,195980640.0,2400000.0,48.0,,,,,,,,False,,,equity,
OPENLANE Inc,OPLN,,48238T109,,,19393.0,663046.67,0.33833267605636513,,,,,ETHO,2026-08-21,,,,,,,,34.19,195980640.0,2400000.0,48.0,,,,,,,,False,,,equity,
Ormat Technologies Inc,ORA,,686688102,,,4973.0,538575.9,0.2748190040777451,,,,,ETHO,2026-08-21,,,,,,,,108.3,195980640.0,2400000.0,48.0,,,,,,,,False,,,equity,
O'Reilly Automotive Inc,ORLY,,67103H107,,,6025.0,536707.0,0.27386536089259533,,,,,ETHO,2026-08-21,,,,,,,,89.08,195980640.0,2400000.0,48.0,,,,,,,,False,,,equity,
Oatly Group AB,OTLY,,67421J207,,,55140.0,785193.6,0.4006605627177513,,,,,ETHO,2026-08-21,,,,,,,,14.24,195980640.0,2400000.0,48.0,,,,,,,,False,,,equity,
Outfront Media Inc,OUT,,69007J304,,,21132.0,629310.96,0.32111836285732365,,,,,ETHO,2026-08-21,,,,,,,,29.78,195980640.0,2400000.0,48.0,,,,,,,,False,,,equity,
BANK OZK,OZK,,06417N103,,,12308.0,606538.24,0.3094981321144677,,,,,ETHO,2026-08-21,,,,,,,,49.28,195980640.0,2400000.0,48.0,,,,,,,,False,,,equity,
Everpure Inc,P,,74624M102,,,9545.0,1049759.1,0.5356603412509733,,,,,ETHO,2026-08-21,,,,,,,,109.98,195980640.0,2400000.0,48.0,,,,,,,,False,,,equity,
Penske Automotive Group Inc,PAG,,70959W103,,,3792.0,821157.6,0.4190119049568898,,,,,ETHO,2026-08-21,,,,,,,,216.55,195980640.0,2400000.0,48.0,,,,,,,,False,,,equity,
Patrick Industries Inc,PATK,,703343103,,,5026.0,429622.48,0.21922336681424281,,,,,ETHO,2026-08-21,,,,,,,,85.48,195980640.0,2400000.0,48.0,,,,,,,,False,,,equity,
Paycom Software Inc,PAYC,,70432V102,,,4645.0,1053114.4,0.5373724494317923,,,,,ETHO,2026-08-21,,,,,,,,226.72,195980640.0,2400000.0,48.0,,,,,,,,False,,,equity,
Paychex Inc,PAYX,,704326107,,,6217.0,764131.47,0.3899131943517401,,,,,ETHO,2026-08-21,,,,,,,,122.91,195980640.0,2400000.0,48.0,,,,,,,,False,,,equity,
Paylocity Holding Corp,PCTY,,70438V106,,,5221.0,795471.56,0.4059050950689963,,,,,ETHO,2026-08-21,,,,,,,,152.36,195980640.0,2400000.0,48.0,,,,,,,,False,,,equity,
PDF Solutions Inc,PDFS,,693282105,,,17158.0,768849.98,0.3923209073944716,,,,,ETHO,2026-08-21,,,,,,,,44.81,195980640.0,2400000.0,48.0,,,,,,,,False,,,equity,
Pegasystems Inc,PEGA,,705573103,,,13069.0,439249.09,0.22413553494661723,,,,,ETHO,2026-08-21,,,,,,,,33.61,195980640.0,2400000.0,48.0,,,,,,,,False,,,equity,
Penumbra Inc,PEN,,70975L107,,,1708.0,552982.08,0.28217004232539916,,,,,ETHO,2026-08-21,,,,,,,,323.76,195980640.0,2400000.0,48.0,,,,,,,,False,,,equity,
Progressive Corp/The,PGR,,743315103,,,2805.0,618053.7,0.31537412331403136,,,,,ETHO,2026-08-21,,,,,,,,220.34,195980640.0,2400000.0,48.0,,,,,,,,False,,,equity,
Impinj Inc,PI,,453204109,,,5504.0,879153.92,0.4486056741964235,,,,,ETHO,2026-08-21,,,,,,,,159.73,195980640.0,2400000.0,48.0,,,,,,,,False,,,equity,
Pinterest Inc,PINS,,72352L106,,,30731.0,713881.13,0.3642719645949536,,,,,ETHO,2026-08-21,,,,,,,,23.23,195980640.0,2400000.0,48.0,,,,,,,,False,,,equity,
PJT Partners Inc,PJT,,69343T107,,,3986.0,680768.94,0.347375814806905,,,,,ETHO,2026-08-21,,,,,,,,170.79,195980640.0,2400000.0,48.0,,,,,,,,False,,,equity,
Palomar Holdings Inc,PLMR,,69753M105,,,4654.0,599760.98,0.30603990116953317,,,,,ETHO,2026-08-21,,,,,,,,128.87,195980640.0,2400000.0,48.0,,,,,,,,False,,,equity,
Planet Fitness Inc,PLNT,,72703H101,,,7478.0,397231.36,0.2026951572538768,,,,,ETHO,2026-08-21,,,,,,,,53.12,195980640.0,2400000.0,48.0,,,,,,,,False,,,equity,
Preformed Line Products Co,PLPC,,740444104,,,2087.0,879399.19,0.4487308280644859,,,,,ETHO,2026-08-21,,,,,,,,421.37,195980640.0,2400000.0,48.0,,,,,,,,False,,,equity,
ePlus Inc,PLUS,,294268107,,,7507.0,651982.95,0.332687194125601,,,,,ETHO,2026-08-21,,,,,,,,86.85,195980640.0,2400000.0,48.0,,,,,,,,False,,,equity,
Insulet Corp,PODD,,45784P101,,,2651.0,389352.37,0.19867474678816804,,,,,ETHO,2026-08-21,,,,,,,,146.87,195980640.0,2400000.0,48.0,,,,,,,,False,,,equity,
Pool Corp,POOL,,73278L105,,,2816.0,535969.28,0.2734889246731354,,,,,ETHO,2026-08-21,,,,,,,,190.33,195980640.0,2400000.0,48.0,,,,,,,,False,,,equity,
Power Integrations Inc,POWI,,739276103,,,10956.0,600827.04,0.30658387936738263,,,,,ETHO,2026-08-21,,,,,,,,54.84,195980640.0,2400000.0,48.0,,,,,,,,False,,,equity,
Progress Software Corp,PRGS,,743312100,,,22040.0,952348.4,0.48595460514113986,,,,,ETHO,2026-08-21,,,,,,,,43.21,195980640.0,2400000.0,48.0,,,,,,,,False,,,equity,
Park National Corp,PRK,,700658107,,,3419.0,687355.76,0.35073686997561826,,,,,ETHO,2026-08-21,,,,,,,,201.04,195980640.0,2400000.0,48.0,,,,,,,,False,,,equity,
PriceSmart Inc,PSMT,,741511109,,,3756.0,636491.76,0.3247825080678344,,,,,ETHO,2026-08-21,,,,,,,,169.46,195980640.0,2400000.0,48.0,,,,,,,,False,,,equity,
Personalis Inc,PSNL,,71535D106,,,88855.0,1499872.4,0.7653395542052611,,,,,ETHO,2026-08-21,,,,,,,,16.88,195980640.0,2400000.0,48.0,,,,,,,,False,,,equity,
PTC Inc,PTC,,69370C100,,,3903.0,599188.56,0.30574781254411537,,,,,ETHO,2026-08-21,,,,,,,,153.52,195980640.0,2400000.0,48.0,,,,,,,,False,,,equity,
PayPal Holdings Inc,PYPL,,70450Y103,,,12501.0,778812.3,0.3974043781934878,,,,,ETHO,2026-08-21,,,,,,,,62.3,195980640.0,2400000.0,48.0,,,,,,,,False,,,equity,
QUALCOMM Inc,QCOM,,747525103,,,4400.0,707256.0,0.3608913609911058,,,,,ETHO,2026-08-21,,,,,,,,160.74,195980640.0,2400000.0,48.0,,,,,,,,False,,,equity,
QXO Inc,QXO,,82846H405,,,28642.0,382084.28,0.19496606012887377,,,,,ETHO,2026-08-21,,,,,,,,13.34,195980640.0,2400000.0,48.0,,,,,,,,False,,,equity,
Radian Group Inc,RDN,,750236101,,,16904.0,619700.64,0.3162145070196071,,,,,ETHO,2026-08-21,,,,,,,,36.66,195980640.0,2400000.0,48.0,,,,,,,,False,,,equity,
RealReal Inc/The,REAL,,88339P101,,,61778.0,719713.7,0.36724814878480266,,,,,ETHO,2026-08-21,,,,,,,,11.65,195980640.0,2400000.0,48.0,,,,,,,,False,,,equity,
Resideo Technologies Inc,REZI,,76118Y104,,,24037.0,481461.11,0.2456750529542181,,,,,ETHO,2026-08-21,,,,,,,,20.03,195980640.0,2400000.0,48.0,,,,,,,,False,,,equity,
Reinsurance Group of America Inc,RGA,,759351604,,,2779.0,674046.45,0.343945531337625,,,,,ETHO,2026-08-21,,,,,,,,242.55,195980640.0,2400000.0,48.0,,,,,,,,False,,,equity,
Repligen Corp,RGEN,,759916109,,,4788.0,863228.52,0.44047942389903794,,,,,ETHO,2026-08-21,,,,,,,,180.29,195980640.0,2400000.0,48.0,,,,,,,,False,,,equity,
Rambus Inc,RMBS,,750917106,,,6520.0,600818.0,0.30657926652860373,,,,,ETHO,2026-08-21,,,,,,,,92.15,195980640.0,2400000.0,48.0,,,,,,,,False,,,equity,
Gibraltar Industries Inc,ROCK,,374689107,,,13951.0,647186.89,0.3302399096617082,,,,,ETHO,2026-08-21,,,,,,,,46.39,195980640.0,2400000.0,48.0,,,,,,,,False,,,equity,
Rockwell Automation Inc,ROK,,773903109,,,1578.0,680828.1,0.34740600236687796,,,,,ETHO,2026-08-21,,,,,,,,431.45,195980640.0,2400000.0,48.0,,,,,,,,False,,,equity,
Ross Stores Inc,ROST,,778296103,,,2571.0,588733.29,0.3004128042588135,,,,,ETHO,2026-08-21,,,,,,,,228.99,195980640.0,2400000.0,48.0,,,,,,,,False,,,equity,
Reliance Inc,RS,,759509102,,,1858.0,706615.98,0.360564778128802,,,,,ETHO,2026-08-21,,,,,,,,380.31,195980640.0,2400000.0,48.0,,,,,,,,False,,,equity,
Safehold Inc,SAFE,,78646V107,,,42644.0,655438.28,0.33445034459215545,,,,,ETHO,2026-08-21,,,,,,,,15.37,195980640.0,2400000.0,48.0,,,,,,,,False,,,equity,
SBA Communications Corp,SBAC,,78410G104,,,3245.0,585852.3,0.29894272213564765,,,,,ETHO,2026-08-21,,,,,,,,180.54,195980640.0,2400000.0,48.0,,,,,,,,False,,,equity,
Sabra Health Care REIT Inc,SBRA,,78573L106,,,29941.0,614688.73,0.31365708082447424,,,,,ETHO,2026-08-21,,,,,,,,20.53,195980640.0,2400000.0,48.0,,,,,,,,False,,,equity,
Charles Schwab Corp/The,SCHW,,808513105,,,6030.0,662033.7,0.3378157880809458,,,,,ETHO,2026-08-21,,,,,,,,109.79,195980640.0,2400000.0,48.0,,,,,,,,False,,,equity,
Sprouts Farmers Market Inc,SFM,,85208M102,,,7212.0,565276.56,0.288443543886189,,,,,ETHO,2026-08-21,,,,,,,,78.38,195980640.0,2400000.0,48.0,,,,,,,,False,,,equity,
Somnigroup International Inc,SGI,,88023U101,,,7539.0,484456.14,0.2472033262426868,,,,,ETHO,2026-08-21,,,,,,,,64.26,195980640.0,2400000.0,48.0,,,,,,,,False,,,equity,
SiteOne Landscape Supply Inc,SITE,,82982L103,,,4179.0,399470.61,0.2038377788507234,,,,,ETHO,2026-08-21,,,,,,,,95.59,195980640.0,2400000.0,48.0,,,,,,,,False,,,equity,
Tanger Inc,SKT,,875465106,,,16775.0,641308.25,0.3272402173432594,,,,,ETHO,2026-08-21,,,,,,,,38.23,195980640.0,2400000.0,48.0,,,,,,,,False,,,equity,
SELLAS Life Sciences Group Inc,SLS,,81642T209,,,133032.0,1782628.8,0.9096215992143463,,,,,ETHO,2026-08-21,,,,,,,,13.4,195980640.0,2400000.0,48.0,,,,,,,,False,,,equity,
Scotts Miracle-Gro Co/The,SMG,,810186106,,,9219.0,557472.93,0.28446158735083116,,,,,ETHO,2026-08-21,,,,,,,,60.47,195980640.0,2400000.0,48.0,,,,,,,,False,,,equity,
Standard Motor Products Inc,SMP,,853666105,,,16434.0,628107.48,0.32050426338679877,,,,,ETHO,2026-08-21,,,,,,,,38.22,195980640.0,2400000.0,48.0,,,,,,,,False,,,equity,
Simply Good Foods Co/The,SMPL,,82900L102,,,38762.0,425994.38,0.2173720570384165,,,,,ETHO,2026-08-21,,,,,,,,10.99,195980640.0,2400000.0,48.0,,,,,,,,False,,,equity,
Semtech Corp,SMTC,,816850101,,,7294.0,910874.72,0.4647918397202602,,,,,ETHO,2026-08-21,,,,,,,,124.88,195980640.0,2400000.0,48.0,,,,,,,,False,,,equity,
Synopsys Inc,SNPS,,871607107,,,1403.0,558281.76,0.28487430885409226,,,,,ETHO,2026-08-21,,,,,,,,397.92,195980640.0,2400000.0,48.0,,,,,,,,False,,,equity,
South Plains Financial Inc,SPFI,,83946P107,,,13539.0,599100.75,0.30570300575504794,,,,,ETHO,2026-08-21,,,,,,,,44.25,195980640.0,2400000.0,48.0,,,,,,,,False,,,equity,
Spotify Technology SA,SPOT,,L8681T102,,,1146.0,610966.98,0.31175798428408624,,,,,ETHO,2026-08-21,,,,,,,,533.13,195980640.0,2400000.0,48.0,,,,,,,,False,,,equity,
SOUTHSTATE BANK CORP,SSB,,84472E102,,,6150.0,650547.0,0.3319544722401519,,,,,ETHO,2026-08-21,,,,,,,,105.78,195980640.0,2400000.0,48.0,,,,,,,,False,,,equity,
Simpson Manufacturing Co Inc,SSD,,829073105,,,3241.0,608919.08,0.3107130028089575,,,,,ETHO,2026-08-21,,,,,,,,187.88,195980640.0,2400000.0,48.0,,,,,,,,False,,,equity,
SS&C Technologies Holdings Inc,SSNC,,78467J100,,,8254.0,677818.48,0.3458702842423714,,,,,ETHO,2026-08-21,,,,,,,,82.12,195980640.0,2400000.0,48.0,,,,,,,,False,,,equity,
STAAR Surgical Co,STAA,,852312305,,,29996.0,692007.72,0.3531106245647291,,,,,ETHO,2026-08-21,,,,,,,,23.07,195980640.0,2400000.0,48.0,,,,,,,,False,,,equity,
Sterling Infrastructure Inc,STRL,,859241101,,,1416.0,737070.48,0.37610478903475913,,,,,ETHO,2026-08-21,,,,,,,,520.53,195980640.0,2400000.0,48.0,,,,,,,,False,,,equity,
Synchrony Financial,SYF,,87165B103,,,8342.0,639914.82,0.3265291921287037,,,,,ETHO,2026-08-21,,,,,,,,76.71,195980640.0,2400000.0,48.0,,,,,,,,False,,,equity,
Transcontinental Realty Investors Inc,TCI,,893617209,,,16082.0,600501.88,0.30641796004688215,,,,,ETHO,2026-08-21,,,,,,,,37.34,195980640.0,2400000.0,48.0,,,,,,,,False,,,equity,
Teradyne Inc,TER,,880770102,,,1907.0,730667.05,0.37283731224034344,,,,,ETHO,2026-08-21,,,,,,,,383.15,195980640.0,2400000.0,48.0,,,,,,,,False,,,equity,
Gentherm Inc,THRM,,37253A103,,,20288.0,825112.96,0.421030205619747,,,,,ETHO,2026-08-21,,,,,,,,40.67,195980640.0,2400000.0,48.0,,,,,,,,False,,,equity,
TJX Cos Inc/The,TJX,,872540109,,,3614.0,508453.66,0.25944853540770096,,,,,ETHO,2026-08-21,,,,,,,,140.69,195980640.0,2400000.0,48.0,,,,,,,,False,,,equity,
T-Mobile US Inc,TMUS,,872590104,,,2658.0,481682.76,0.24578815425016143,,,,,ETHO,2026-08-21,,,,,,,,181.22,195980640.0,2400000.0,48.0,,,,,,,,False,,,equity,
Trex Co Inc,TREX,,89531P105,,,15522.0,734190.6,0.3746352733110451,,,,,ETHO,2026-08-21,,,,,,,,47.3,195980640.0,2400000.0,48.0,,,,,,,,False,,,equity,
Terreno Realty Corp,TRNO,,88146M101,,,9255.0,633042.0,0.3230221998039346,,,,,ETHO,2026-08-21,,,,,,,,68.4,195980640.0,2400000.0,48.0,,,,,,,,False,,,equity,
Transcat Inc,TRNS,,893529107,,,7572.0,692913.72,0.35357292898216486,,,,,ETHO,2026-08-21,,,,,,,,91.51,195980640.0,2400000.0,48.0,,,,,,,,False,,,equity,
Toro Co/The,TTC,,891092108,,,6056.0,592216.24,0.3021900483765925,,,,,ETHO,2026-08-21,,,,,,,,97.79,195980640.0,2400000.0,48.0,,,,,,,,False,,,equity,
Trade Desk Inc/The,TTD,,88339J105,,,24514.0,326526.48,0.16661659394453363,,,,,ETHO,2026-08-21,,,,,,,,13.32,195980640.0,2400000.0,48.0,,,,,,,,False,,,equity,
10X Genomics Inc,TXG,,88025U109,,,26711.0,1706031.57,0.8705363477879197,,,,,ETHO,2026-08-21,,,,,,,,63.87,195980640.0,2400000.0,48.0,,,,,,,,False,,,equity,
Texas Instruments Inc,TXN,,882508104,,,2927.0,777411.2,0.39668943920974686,,,,,ETHO,2026-08-21,,,,,,,,265.6,195980640.0,2400000.0,48.0,,,,,,,,False,,,equity,
Urban Edge Properties,UE,,91704F104,,,28012.0,603098.36,0.30774286531595896,,,,,ETHO,2026-08-21,,,,,,,,21.53,195980640.0,2400000.0,48.0,,,,,,,,False,,,equity,
Unum Group,UNM,,91529Y106,,,7712.0,670558.4,0.34216568484398624,,,,,ETHO,2026-08-21,,,,,,,,86.95,195980640.0,2400000.0,48.0,,,,,,,,False,,,equity,
Upwork Inc,UPWK,,91688F104,,,50752.0,439512.32,0.22426985325986407,,,,,ETHO,2026-08-21,,,,,,,,8.66,195980640.0,2400000.0,48.0,,,,,,,,False,,,equity,
United Rentals Inc,URI,,911363109,,,770.0,843350.2,0.43033611799704946,,,,,ETHO,2026-08-21,,,,,,,,1095.26,195980640.0,2400000.0,48.0,,,,,,,,False,,,equity,
Visa Inc,V,,92826C839,,,1872.0,684646.56,0.34935444709734353,,,,,ETHO,2026-08-21,,,,,,,,365.73,195980640.0,2400000.0,48.0,,,,,,,,False,,,equity,
Veracyte Inc,VCYT,,92337F107,,,17780.0,743026.2,0.3791438129475742,,,,,ETHO,2026-08-21,,,,,,,,41.79,195980640.0,2400000.0,48.0,,,,,,,,False,,,equity,
Veeco Instruments Inc,VECO,,922417100,,,16567.0,781962.4,0.39901177901618573,,,,,ETHO,2026-08-21,,,,,,,,47.2,195980640.0,2400000.0,48.0,,,,,,,,False,,,equity,
Veeva Systems Inc,VEEV,,922475108,,,3211.0,804451.83,0.41048745543407994,,,,,ETHO,2026-08-21,,,,,,,,250.53,195980640.0,2400000.0,48.0,,,,,,,,False,,,equity,
Village Super Market Inc,VLGEA,,927107409,,,13384.0,577385.76,0.2946225026628038,,,,,ETHO,2026-08-21,,,,,,,,43.14,195980640.0,2400000.0,48.0,,,,,,,,False,,,equity,
Voya Financial Inc,VOYA,,929089100,,,8410.0,819890.9,0.41836554623109967,,,,,ETHO,2026-08-21,,,,,,,,97.49,195980640.0,2400000.0,48.0,,,,,,,,False,,,equity,
Verisk Analytics Inc,VRSK,,92345Y106,,,2937.0,551216.16,0.28126894672182506,,,,,ETHO,2026-08-21,,,,,,,,187.68,195980640.0,2400000.0,48.0,,,,,,,,False,,,equity,
VeriSign Inc,VRSN,,92343E102,,,2243.0,621086.7,0.31692177154591067,,,,,ETHO,2026-08-21,,,,,,,,276.9,195980640.0,2400000.0,48.0,,,,,,,,False,,,equity,
Waters Corp,WAT,,941848103,,,1894.0,766482.86,0.3911130376013144,,,,,ETHO,2026-08-21,,,,,,,,404.69,195980640.0,2400000.0,48.0,,,,,,,,False,,,equity,
WESCO International Inc,WCC,,95082P105,,,2137.0,722498.33,0.3686690613123127,,,,,ETHO,2026-08-21,,,,,,,,338.09,195980640.0,2400000.0,48.0,,,,,,,,False,,,equity,
WD-40 Co,WDFC,,929236107,,,2780.0,589137.6,0.30061911143211745,,,,,ETHO,2026-08-21,,,,,,,,211.92,195980640.0,2400000.0,48.0,,,,,,,,False,,,equity,
Winnebago Industries Inc,WGO,,974637100,,,18236.0,583004.92,0.29748979017966726,,,,,ETHO,2026-08-21,,,,,,,,31.97,195980640.0,2400000.0,48.0,,,,,,,,False,,,equity,
Wyndham Hotels & Resorts Inc,WH,,98311A105,,,6874.0,517680.94,0.2641569375102579,,,,,ETHO,2026-08-21,,,,,,,,75.31,195980640.0,2400000.0,48.0,,,,,,,,False,,,equity,
Winmark Corp,WINA,,974250102,,,1303.0,446785.67,0.2279812239381823,,,,,ETHO,2026-08-21,,,,,,,,342.89,195980640.0,2400000.0,48.0,,,,,,,,False,,,equity,
Willdan Group Inc,WLDN,,96924N100,,,7265.0,621738.7,0.31725446744013597,,,,,ETHO,2026-08-21,,,,,,,,85.58,195980640.0,2400000.0,48.0,,,,,,,,False,,,equity,
Advanced Drainage Systems Inc,WMS,,00790R104,,,4060.0,578306.4,0.29509227742976635,,,,,ETHO,2026-08-21,,,,,,,,142.44,195980640.0,2400000.0,48.0,,,,,,,,False,,,equity,
WP Carey Inc,WPC,,92936U109,,,8695.0,626126.95,0.3194936587865073,,,,,ETHO,2026-08-21,,,,,,,,72.01,195980640.0,2400000.0,48.0,,,,,,,,False,,,equity,
W R Berkley Corp,WRB,,084423102,,,8582.0,593702.76,0.30294857460463515,,,,,ETHO,2026-08-21,,,,,,,,69.18,195980640.0,2400000.0,48.0,,,,,,,,False,,,equity,
WesBanco Inc,WSBC,,950810101,,,16252.0,664381.76,0.3390139321321646,,,,,ETHO,2026-08-21,,,,,,,,40.88,195980640.0,2400000.0,48.0,,,,,,,,False,,,equity,
WillScot Holdings Corp,WSC,,971378104,,,32415.0,713130.0,0.36388868565779187,,,,,ETHO,2026-08-21,,,,,,,,22.0,195980640.0,2400000.0,48.0,,,,,,,,False,,,equity,
Watts Water Technologies Inc,WTS,,942749102,,,1950.0,721305.0,0.3680601410800185,,,,,ETHO,2026-08-21,,,,,,,,369.9,195980640.0,2400000.0,48.0,,,,,,,,False,,,equity,
XPLR Infrastructure LP,XIFR,,65341B106,,,52377.0,593955.18,0.3030773769015989,,,,,ETHO,2026-08-21,,,,,,,,11.34,195980640.0,2400000.0,48.0,,,,,,,,False,,,equity,
Block Inc,XYZ,,852234103,,,9365.0,749949.2,0.382676410609724,,,,,ETHO,2026-08-21,,,,,,,,80.08,195980640.0,2400000.0,48.0,,,,,,,,False,,,equity,
Zillow Group Inc,ZG,,98954M101,,,13438.0,491427.66,0.25076068219438846,,,,,ETHO,2026-08-21,,,,,,,,36.57,195980640.0,2400000.0,48.0,,,,,,,,False,,,equity,
Zions Bancorp NA,ZION,,989701107,,,9889.0,671364.21,0.3425768653325225,,,,,ETHO,2026-08-21,,,,,,,,67.89,195980640.0,2400000.0,48.0,,,,,,,,False,,,equity,
Zoom Communications Inc,ZM,,98980L101,,,7017.0,745907.1,0.3806138491464602,,,,,ETHO,2026-08-21,,,,,,,,106.3,195980640.0,2400000.0,48.0,,,,,,,,False,,,equity,
Cash & Other,Cash&Other,,Cash&Other,,,123910.64,123910.64,0.06322785456875439,,,,,ETHO,2026-08-21,,,,,,,,1.0,195980640.0,2400000.0,48.0,,,,,,,,True,,,cash,
Silicon2 Co Ltd,257720 KS,,BLH03L1,,,28524.0,941139.41,0.7296444149489967,,,,,IBUY,2026-08-21,,,,,,,,45950.0,128991625.0,1750000.0,35.0,,,,,,,,False,,,equity,
ASKUL Corp,2678,,6294498,,,112600.0,906645.67,0.7029021868855658,,,,,IBUY,2026-08-21,,,,,,,,1278.0,128991625.0,1750000.0,35.0,,,,,,,,False,,,equity,
ZOZO Inc,3092,,B292RC1,,,129900.0,921543.6,0.714452220072255,,,,,IBUY,2026-08-21,,,,,,,,1126.0,128991625.0,1750000.0,35.0,,,,,,,,False,,,equity,
Meituan,3690,,BGJW376,,,80900.0,885525.49,0.6865281819124689,,,,,IBUY,2026-08-21,,,,,,,,85.85,128991625.0,1750000.0,35.0,,,,,,,,False,,,equity,
Mercari Inc,4385,,BG0GM14,,,34500.0,1042259.95,0.8080409165338432,,,,,IBUY,2026-08-21,,,,,,,,4795.0,128991625.0,1750000.0,35.0,,,,,,,,False,,,equity,
JD Health International Inc,6618,,BMW8R04,,,144200.0,699387.74,0.5422197316918235,,,,,IBUY,2026-08-21,,,,,,,,38.04,128991625.0,1750000.0,35.0,,,,,,,,False,,,equity,
BuySell Technologies Co Ltd,7685,,BL0HBV5,,,42200.0,888029.23,0.6884692757483805,,,,,IBUY,2026-08-21,,,,,,,,3340.0,128991625.0,1750000.0,35.0,,,,,,,,False,,,equity,
JD.com Inc,9618,,BKPQZT6,,,57350.0,837242.29,0.6490952927554148,,,,,IBUY,2026-08-21,,,,,,,,114.5,128991625.0,1750000.0,35.0,,,,,,,,False,,,equity,
Trip.com Group Ltd,9961,,BNYK8H9,,,16350.0,753803.98,0.5844074301099826,,,,,IBUY,2026-08-21,,,,,,,,361.6,128991625.0,1750000.0,35.0,,,,,,,,False,,,equity,
Alibaba Group Holding Ltd,9988,,BK6YZP5,,,49700.0,799701.65,0.6199908710102761,,,,,IBUY,2026-08-21,,,,,,,,126.2,128991625.0,1750000.0,35.0,,,,,,,,False,,,equity,
Pop Mart International Group Ltd,9992,,BN6PP37,,,6200.0,121500.43,0.09419657621542118,,,,,IBUY,2026-08-21,,,,,,,,153.7,128991625.0,1750000.0,35.0,,,,,,,,False,,,equity,
Apple Inc,AAPL,,037833100,,,2453.0,763618.9,0.5920167188987404,,,,,IBUY,2026-08-21,,,,,,,,311.3,128991625.0,1750000.0,35.0,,,,,,,,False,,,equity,
Airbnb Inc,ABNB,,009066101,,,20411.0,3776035.0,2.9274758012757482,,,,,IBUY,2026-08-21,,,,,,,,185.0,128991625.0,1750000.0,35.0,,,,,,,,False,,,equity,
Affirm Holdings Inc,AFRM,,00827B106,,,43537.0,3267451.85,2.533182616874228,,,,,IBUY,2026-08-21,,,,,,,,75.05,128991625.0,1750000.0,35.0,,,,,,,,False,,,equity,
Auto1 Group SE,AG1 GR,,BL5C4C7,,,39085.0,937955.98,0.727176372600328,,,,,IBUY,2026-08-21,,,,,,,,20.54,128991625.0,1750000.0,35.0,,,,,,,,False,,,equity,
Invesco Government & Agency Portfolio 12/31/2031,AGPXX,,825252885,,,311700.37,311700.37,0.24165435183299339,,,,,IBUY,2026-08-21,,,,,,,,100.0,128991625.0,1750000.0,35.0,,,,,,,,True,,,money_market,
Allegro.eu SA,ALE PW,,BMBQDF6,,,98977.0,1195252.09,0.9266523138422347,,,,,IBUY,2026-08-21,,,,,,,,44.615,128991625.0,1750000.0,35.0,,,,,,,,False,,,equity,
Amazon.com Inc,AMZN,,023135106,,,10383.0,2700722.13,2.093809692321415,,,,,IBUY,2026-08-21,,,,,,,,260.11,128991625.0,1750000.0,35.0,,,,,,,,False,,,equity,
Apotea AB,APOTEA,,BRPT8W8,,,100428.0,785102.47,0.6086724520421073,,,,,IBUY,2026-08-21,,,,,,,,74.15,128991625.0,1750000.0,35.0,,,,,,,,False,,,equity,
Best Buy Co Inc,BBY,,086516101,,,12020.0,1030474.6,0.7989039972694391,,,,,IBUY,2026-08-21,,,,,,,,85.73,128991625.0,1750000.0,35.0,,,,,,,,False,,,equity,
KE Holdings Inc,BEKE,,482497104,,,45335.0,770241.65,0.5971511894115665,,,,,IBUY,2026-08-21,,,,,,,,16.99,128991625.0,1750000.0,35.0,,,,,,,,False,,,equity,
Booking Holdings Inc,BKNG,,09857L108,,,16962.0,3559814.94,2.759845206379146,,,,,IBUY,2026-08-21,,,,,,,,209.87,128991625.0,1750000.0,35.0,,,,,,,,False,,,equity,
Boozt AB,BOOZT,,BZ30KS9,,,64924.0,1017833.2,0.7891034015137728,,,,,IBUY,2026-08-21,,,,,,,,148.7,128991625.0,1750000.0,35.0,,,,,,,,False,,,equity,
Maplebear Inc,CART,,565394103,,,71094.0,3630770.58,2.8148555331012326,,,,,IBUY,2026-08-21,,,,,,,,51.07,128991625.0,1750000.0,35.0,,,,,,,,False,,,equity,
Chewy Inc,CHWY,,16679L109,,,116109.0,2772682.92,2.149599289442651,,,,,IBUY,2026-08-21,,,,,,,,23.88,128991625.0,1750000.0,35.0,,,,,,,,False,,,equity,
Coupang Inc,CPNG,,22266T109,,,47615.0,774219.9,0.6002354379967689,,,,,IBUY,2026-08-21,,,,,,,,16.26,128991625.0,1750000.0,35.0,,,,,,,,False,,,equity,
Copart Inc,CPRT,,217204106,,,85508.0,2935489.64,2.275819711945376,,,,,IBUY,2026-08-21,,,,,,,,34.33,128991625.0,1750000.0,35.0,,,,,,,,False,,,equity,
Carvana Co,CVNA,,146869102,,,36662.0,2622066.24,2.0328295333443913,,,,,IBUY,2026-08-21,,,,,,,,71.52,128991625.0,1750000.0,35.0,,,,,,,,False,,,equity,
DoorDash Inc,DASH,,25809K105,,,16998.0,3779675.28,2.9302980292502947,,,,,IBUY,2026-08-21,,,,,,,,222.36,128991625.0,1750000.0,35.0,,,,,,,,False,,,equity,
Delivery Hero SE,DHER GR,,BZCNB42,,,34936.0,1500446.73,1.1632629181610674,,,,,IBUY,2026-08-21,,,,,,,,36.76,128991625.0,1750000.0,35.0,,,,,,,,False,,,equity,
Dick's Sporting Goods Inc,DKS,,253393102,,,3115.0,558644.1,0.43310432352334366,,,,,IBUY,2026-08-21,,,,,,,,179.34,128991625.0,1750000.0,35.0,,,,,,,,False,,,equity,
DocMorris AG,DOCM,,B92M6T7,,,89375.0,1155030.99,0.8954697911827011,,,,,IBUY,2026-08-21,,,,,,,,10.32,128991625.0,1750000.0,35.0,,,,,,,,False,,,equity,
eBay Inc,EBAY,,278642103,,,26399.0,2761599.39,2.141006475586923,,,,,IBUY,2026-08-21,,,,,,,,104.61,128991625.0,1750000.0,35.0,,,,,,,,False,,,equity,
Etsy Inc,ETSY,,29786A106,,,43946.0,3568854.66,2.7668534998802152,,,,,IBUY,2026-08-21,,,,,,,,81.21,128991625.0,1750000.0,35.0,,,,,,,,False,,,equity,
Expedia Group Inc,EXPE,,30212P303,,,11575.0,3752267.75,2.90904958191129,,,,,IBUY,2026-08-21,,,,,,,,324.17,128991625.0,1750000.0,35.0,,,,,,,,False,,,equity,
Figs Inc,FIGS,,30260D103,,,196905.0,2837401.05,2.199773813640339,,,,,IBUY,2026-08-21,,,,,,,,14.41,128991625.0,1750000.0,35.0,,,,,,,,False,,,equity,
Fiverr International Ltd,FVRR,,M4R82T106,,,75651.0,694476.18,0.5384119086587971,,,,,IBUY,2026-08-21,,,,,,,,9.18,128991625.0,1750000.0,35.0,,,,,,,,False,,,equity,
Gap Inc/The,GAP,,364760108,,,28724.0,564426.6,0.4375873669328663,,,,,IBUY,2026-08-21,,,,,,,,19.65,128991625.0,1750000.0,35.0,,,,,,,,False,,,equity,
Global-e Online Ltd,GLBE,,M5216V106,,,27285.0,1112955.15,0.8628493299268202,,,,,IBUY,2026-08-21,,,,,,,,40.79,128991625.0,1750000.0,35.0,,,,,,,,False,,,equity,
HBX Group International PLC,HBX,,BNXJB67,,,107421.0,976429.04,0.7570036787961207,,,,,IBUY,2026-08-21,,,,,,,,7.78,128991625.0,1750000.0,35.0,,,,,,,,False,,,equity,
Home Depot Inc/The,HD,,437076102,,,2183.0,730191.67,0.5661013322752906,,,,,IBUY,2026-08-21,,,,,,,,334.49,128991625.0,1750000.0,35.0,,,,,,,,False,,,equity,
HelloFresh SE,HFG GR,,BYWH8S0,,,166557.0,558686.25,0.43313700147919526,,,,,IBUY,2026-08-21,,,,,,,,2.871,128991625.0,1750000.0,35.0,,,,,,,,False,,,equity,
Hims & Hers Health Inc,HIMS,,433000106,,,106218.0,3384105.48,2.6236215770416984,,,,,IBUY,2026-08-21,,,,,,,,31.86,128991625.0,1750000.0,35.0,,,,,,,,False,,,equity,
H & M Hennes & Mauritz AB,HMB,,5687431,,,6755.0,129366.29,0.10029480221338541,,,,,IBUY,2026-08-21,,,,,,,,181.65,128991625.0,1750000.0,35.0,,,,,,,,False,,,equity,
Industria de Diseno Textil SA,ITX,,BP9DL90,,,2013.0,135421.41,0.10498920183463385,,,,,IBUY,2026-08-21,,,,,,,,57.58,128991625.0,1750000.0,35.0,,,,,,,,False,,,equity,
CarMax Inc,KMX,,143130102,,,17892.0,1092306.6,0.8468409691842868,,,,,IBUY,2026-08-21,,,,,,,,61.05,128991625.0,1750000.0,35.0,,,,,,,,False,,,equity,
Kohl's Corp,KSS,,500255104,,,48955.0,848390.15,0.6577379802267994,,,,,IBUY,2026-08-21,,,,,,,,17.33,128991625.0,1750000.0,35.0,,,,,,,,False,,,equity,
Liquidity Services Inc,LQDT,,53635B107,,,76710.0,3279352.5,2.5424089256596214,,,,,IBUY,2026-08-21,,,,,,,,42.75,128991625.0,1750000.0,35.0,,,,,,,,False,,,equity,
Lululemon Athletica Inc,LULU,,550021109,,,5342.0,618015.98,0.4791340192163782,,,,,IBUY,2026-08-21,,,,,,,,115.69,128991625.0,1750000.0,35.0,,,,,,,,False,,,equity,
Lyft Inc,LYFT,,55087P104,,,200641.0,3491153.4,2.706613444271982,,,,,IBUY,2026-08-21,,,,,,,,17.4,128991625.0,1750000.0,35.0,,,,,,,,False,,,equity,
Macy's Inc,M,,55616P104,,,35593.0,803689.94,0.6230829033837763,,,,,IBUY,2026-08-21,,,,,,,,22.58,128991625.0,1750000.0,35.0,,,,,,,,False,,,equity,
MercadoLibre Inc,MELI,,58733R102,,,463.0,889867.48,0.6898944300151431,,,,,IBUY,2026-08-21,,,,,,,,1921.96,128991625.0,1750000.0,35.0,,,,,,,,False,,,equity,
MakeMyTrip Ltd,MMYT,,V5633W109,,,17212.0,1046317.48,0.8111866291366,,,,,IBUY,2026-08-21,,,,,,,,60.79,128991625.0,1750000.0,35.0,,,,,,,,False,,,equity,
MSC Industrial Direct Co Inc,MSM,,553530106,,,27189.0,3200145.3,2.4810013483233915,,,,,IBUY,2026-08-21,,,,,,,,117.7,128991625.0,1750000.0,35.0,,,,,,,,False,,,equity,
Newegg Commerce Inc,NEGG,,G6483G209,,,26746.0,496405.76,0.3848523252601993,,,,,IBUY,2026-08-21,,,,,,,,18.56,128991625.0,1750000.0,35.0,,,,,,,,False,,,equity,
NIKE Inc,NKE,,654106103,,,16077.0,646456.17,0.5011830648445794,,,,,IBUY,2026-08-21,,,,,,,,40.21,128991625.0,1750000.0,35.0,,,,,,,,False,,,equity,
Neighborhood Intelligence Inc,NXH,,690370101,,,540741.0,2254889.97,1.7481659523056323,,,,,IBUY,2026-08-21,,,,,,,,4.17,128991625.0,1750000.0,35.0,,,,,,,,False,,,equity,
Next PLC,NXT,,3208986,,,693.0,142135.19,0.11019424587821107,,,,,IBUY,2026-08-21,,,,,,,,150.45,128991625.0,1750000.0,35.0,,,,,,,,False,,,equity,
Ozon Holdings PLC,OZON,,69269L104,,,106678.0,0.0,0.0,,,,,IBUY,2026-08-21,,,,,,,,0.0,128991625.0,1750000.0,35.0,,,,,,,,False,,,equity,
PDD Holdings Inc,PDD,,722304102,,,8326.0,745343.52,0.5778482239803621,,,,,IBUY,2026-08-21,,,,,,,,89.52,128991625.0,1750000.0,35.0,,,,,,,,False,,,equity,
Prosus NV,PRX,,BJDS7L3,,,17302.0,760377.53,0.5895037569590389,,,,,IBUY,2026-08-21,,,,,,,,37.615,128991625.0,1750000.0,35.0,,,,,,,,False,,,equity,
Peloton Interactive Inc,PTON,,70614W100,,,549059.0,3063749.22,2.375256506554481,,,,,IBUY,2026-08-21,,,,,,,,5.58,128991625.0,1750000.0,35.0,,,,,,,,False,,,equity,
PayPal Holdings Inc,PYPL,,70450Y103,,,61706.0,3844283.8,2.9803875752572146,,,,,IBUY,2026-08-21,,,,,,,,62.3,128991625.0,1750000.0,35.0,,,,,,,,False,,,equity,
Redcare Pharmacy NV,RDC GR,,BYYH7G9,,,15759.0,1168240.29,0.9057106671549291,,,,,IBUY,2026-08-21,,,,,,,,63.45,128991625.0,1750000.0,35.0,,,,,,,,False,,,equity,
Revolve Group Inc,RVLV,,76156B107,,,141412.0,3415099.8,2.647650782750066,,,,,IBUY,2026-08-21,,,,,,,,24.15,128991625.0,1750000.0,35.0,,,,,,,,False,,,equity,
Rvrc Holding AB,RVRC,,BMCR1W1,,,141222.0,812189.72,0.6296725934333038,,,,,IBUY,2026-08-21,,,,,,,,54.55,128991625.0,1750000.0,35.0,,,,,,,,False,,,equity,
Sea Ltd,SE,,81141R100,,,9463.0,1109442.12,0.860125756042003,,,,,IBUY,2026-08-21,,,,,,,,117.24,128991625.0,1750000.0,35.0,,,,,,,,False,,,equity,
SWEDISH KRONA,SEK,,CASHSEK,,,829.11,87.41,6.776702540879869e-05,,,,,IBUY,2026-08-21,,,,,,,,1.0,128991625.0,1750000.0,35.0,,,,,,,,False,,,cash_fx,
Shopify Inc,SHOP,,82509L107,,,8078.0,1188920.04,0.9217432165622921,,,,,IBUY,2026-08-21,,,,,,,,147.18,128991625.0,1750000.0,35.0,,,,,,,,False,,,equity,
SMG Swiss Marketplace Group AG,SMG,,BMYF0H1,,,23124.0,875963.93,0.6791153174865708,,,,,IBUY,2026-08-21,,,,,,,,30.25,128991625.0,1750000.0,35.0,,,,,,,,False,,,equity,
Spotify Technology SA,SPOT,,L8681T102,,,6714.0,3579434.82,2.7750560621905818,,,,,IBUY,2026-08-21,,,,,,,,533.13,128991625.0,1750000.0,35.0,,,,,,,,False,,,equity,
Shutterstock Inc,SSTK,,825690100,,,173143.0,926315.05,0.7181514189440869,,,,,IBUY,2026-08-21,,,,,,,,5.35,128991625.0,1750000.0,35.0,,,,,,,,False,,,equity,
Target Corp,TGT,,87612E106,,,5419.0,857556.75,0.6648446409648419,,,,,IBUY,2026-08-21,,,,,,,,158.25,128991625.0,1750000.0,35.0,,,,,,,,False,,,equity,
Tapestry Inc,TPR,,876030107,,,4740.0,615346.8,0.4770646634346524,,,,,IBUY,2026-08-21,,,,,,,,129.82,128991625.0,1750000.0,35.0,,,,,,,,False,,,equity,
TripAdvisor Inc,TRIP,,896945201,,,255378.0,2561441.34,1.985828399164024,,,,,IBUY,2026-08-21,,,,,,,,10.03,128991625.0,1750000.0,35.0,,,,,,,,False,,,equity,
Uber Technologies Inc,UBER,,90353T100,,,36063.0,2832748.65,2.1961669115809426,,,,,IBUY,2026-08-21,,,,,,,,78.55,128991625.0,1750000.0,35.0,,,,,,,,False,,,equity,
ULTA BEAUTY INC,ULTA,,90384S303,,,1319.0,679469.66,0.5267776880646128,,,,,IBUY,2026-08-21,,,,,,,,515.14,128991625.0,1750000.0,35.0,,,,,,,,False,,,equity,
Upwork Inc,UPWK,,91688F104,,,283246.0,2452910.36,1.9016867485599533,,,,,IBUY,2026-08-21,,,,,,,,8.66,128991625.0,1750000.0,35.0,,,,,,,,False,,,equity,
Vipshop Holdings Ltd,VIPS,,92763W103,,,57830.0,826969.0,0.6411306399186459,,,,,IBUY,2026-08-21,,,,,,,,14.3,128991625.0,1750000.0,35.0,,,,,,,,False,,,equity,
Victoria's Secret & Co,VSXY,,926400102,,,13693.0,1188552.4,0.9214581934617166,,,,,IBUY,2026-08-21,,,,,,,,86.8,128991625.0,1750000.0,35.0,,,,,,,,False,,,equity,
Wayfair Inc,W,,94419L101,,,43260.0,4469190.6,3.4648638936845235,,,,,IBUY,2026-08-21,,,,,,,,103.31,128991625.0,1750000.0,35.0,,,,,,,,False,,,equity,
Walmart Inc,WMT,,931142103,,,5423.0,561782.13,0.4355371682635745,,,,,IBUY,2026-08-21,,,,,,,,103.5925,128991625.0,1750000.0,35.0,,,,,,,,False,,,equity,
Williams-Sonoma Inc,WSM,,969904101,,,3783.0,891653.1,0.6912787814155602,,,,,IBUY,2026-08-21,,,,,,,,235.7,128991625.0,1750000.0,35.0,,,,,,,,False,,,equity,
Zalando SE,ZAL GR,,BQV0SV7,,,35448.0,930607.84,0.7214795233829912,,,,,IBUY,2026-08-21,,,,,,,,22.47,128991625.0,1750000.0,35.0,,,,,,,,False,,,equity,
Cash & Other,Cash&Other,,Cash&Other,,,-28955.41,-28955.41,-0.02244848421453133,,,,,IBUY,2026-08-21,,,,,,,,1.0,128991625.0,1750000.0,35.0,,,,,,,,True,,,cash,
Trend Micro Inc/Japan,4704,,6125286,,,2477223.0,89087631.58,3.160098831145065,,,,,HACK,2026-08-21,,,,,,,,5708.0,2819277150.0,25700000.0,514.0,,,,,,,,False,,,equity,
Invesco Government & Agency Portfolio 12/31/2031,AGPXX,,825252885,,,8484844.92,8484844.92,0.3009727392972763,,,,,HACK,2026-08-21,,,,,,,,100.0,2819277150.0,25700000.0,514.0,,,,,,,,True,,,money_market,
A10 Networks Inc,ATEN,,002121101,,,2763371.0,70548861.63,2.502495253512024,,,,,HACK,2026-08-21,,,,,,,,25.53,2819277150.0,25700000.0,514.0,,,,,,,,False,,,equity,
Broadcom Inc,AVGO,,11135F101,,,428738.0,156073494.14,5.536208086996267,,,,,HACK,2026-08-21,,,,,,,,364.03,2819277150.0,25700000.0,514.0,,,,,,,,False,,,equity,
Check Point Software Technologies Ltd,CHKP,,M22465104,,,762707.0,99395976.24,3.5257543922299273,,,,,HACK,2026-08-21,,,,,,,,130.32,2819277150.0,25700000.0,514.0,,,,,,,,False,,,equity,
Crowdstrike Holdings Inc,CRWD,,22788C105,,,782524.0,148945618.16,5.2833694813058925,,,,,HACK,2026-08-21,,,,,,,,190.34,2819277150.0,25700000.0,514.0,,,,,,,,False,,,equity,
Cisco Systems Inc,CSCO,,17275R102,,,1329113.0,145657493.67,5.1667337803312,,,,,HACK,2026-08-21,,,,,,,,109.59,2819277150.0,25700000.0,514.0,,,,,,,,False,,,equity,
F5 Inc,FFIV,,315616102,,,281554.0,106368285.66,3.7730747717007644,,,,,HACK,2026-08-21,,,,,,,,377.79,2819277150.0,25700000.0,514.0,,,,,,,,False,,,equity,
Fastly Inc,FSLY,,31188V100,,,4808999.0,109212367.29,3.87395947225062,,,,,HACK,2026-08-21,,,,,,,,22.71,2819277150.0,25700000.0,514.0,,,,,,,,False,,,equity,
Fortinet Inc,FTNT,,34959E109,,,940301.0,141787987.79,5.029475433783776,,,,,HACK,2026-08-21,,,,,,,,150.79,2819277150.0,25700000.0,514.0,,,,,,,,False,,,equity,
General Dynamics Corp,GD,,369550108,,,374869.0,144725674.83,5.133680486906527,,,,,HACK,2026-08-21,,,,,,,,386.07,2819277150.0,25700000.0,514.0,,,,,,,,False,,,equity,
GEN DIGITAL INC,GEN,,668771108,,,3995960.0,112586173.0,3.9936344404992434,,,,,HACK,2026-08-21,,,,,,,,28.175,2819277150.0,25700000.0,514.0,,,,,,,,False,,,equity,
Cloudflare Inc,NET,,18915M107,,,532121.0,148413868.11,5.2645073488003575,,,,,HACK,2026-08-21,,,,,,,,278.91,2819277150.0,25700000.0,514.0,,,,,,,,False,,,equity,
Northrop Grumman Corp,NOC,,666807102,,,227635.0,128354271.1,4.552957294765998,,,,,HACK,2026-08-21,,,,,,,,563.86,2819277150.0,25700000.0,514.0,,,,,,,,False,,,equity,
Netskope Inc,NTSK,,64119N608,,,6968906.0,100212868.28,3.5547310249565207,,,,,HACK,2026-08-21,,,,,,,,14.38,2819277150.0,25700000.0,514.0,,,,,,,,False,,,equity,
Okta Inc,OKTA,,679295105,,,877054.0,117665564.64,4.1738096152099775,,,,,HACK,2026-08-21,,,,,,,,134.16,2819277150.0,25700000.0,514.0,,,,,,,,False,,,equity,
Palo Alto Networks Inc,PANW,,697435105,,,520376.0,181902634.56,6.452414242700691,,,,,HACK,2026-08-21,,,,,,,,349.56,2819277150.0,25700000.0,514.0,,,,,,,,False,,,equity,
Qualys Inc,QLYS,,74758T303,,,811649.0,147890564.29,5.24594481929332,,,,,HACK,2026-08-21,,,,,,,,182.21,2819277150.0,25700000.0,514.0,,,,,,,,False,,,equity,
Rubrik Inc,RBRK,,781154109,,,1337033.0,130387458.16,4.62507810365781,,,,,HACK,2026-08-21,,,,,,,,97.52,2819277150.0,25700000.0,514.0,,,,,,,,False,,,equity,
Radware Ltd,RDWR,,M81873107,,,2473513.0,66735380.74,2.3672242143188744,,,,,HACK,2026-08-21,,,,,,,,26.98,2819277150.0,25700000.0,514.0,,,,,,,,False,,,equity,
SentinelOne Inc,S,,81730H109,,,5668318.0,118694578.92,4.210310606041006,,,,,HACK,2026-08-21,,,,,,,,20.94,2819277150.0,25700000.0,514.0,,,,,,,,False,,,equity,
Tenable Holdings Inc,TENB,,88025T102,,,3072210.0,104793083.1,3.717199498327909,,,,,HACK,2026-08-21,,,,,,,,34.11,2819277150.0,25700000.0,514.0,,,,,,,,False,,,equity,
Varonis Systems Inc,VRNS,,922280102,,,2622344.0,107122752.4,3.799837066543802,,,,,HACK,2026-08-21,,,,,,,,40.85,2819277150.0,25700000.0,514.0,,,,,,,,False,,,equity,
Zscaler Inc,ZS,,98980G102,,,768763.0,134495086.85,4.770783095381499,,,,,HACK,2026-08-21,,,,,,,,174.95,2819277150.0,25700000.0,514.0,,,,,,,,False,,,equity,
Cash & Other,Cash&Other,,Cash&Other,,,-401843.13,-401843.13,-0.01425409995635978,,,,,HACK,2026-08-21,,,,,,,,1.0,2819277150.0,25700000.0,514.0,,,,,,,,True,,,cash,
Aftermath Silver Ltd,AAG,,BDFS6H8,,,7785885.0,4463282.16,0.10689475991689426,,,,,SILJ,2026-08-21,,,,,,,,0.79,4175635200.0,132000000.0,2640.0,,,,,,,,False,,,equity,
AbraSilver Resource Corp,ABRA,,BR4XSQ5,,,4291968.0,49114240.88,1.1762767396646314,,,,,SILJ,2026-08-21,,,,,,,,15.77,4175635200.0,132000000.0,2640.0,,,,,,,,False,,,equity,
First Majestic Silver Corp,AG,,32076V103,,,19438931.0,411910947.89,9.865188958128043,,,,,SILJ,2026-08-21,,,,,,,,21.19,4175635200.0,132000000.0,2640.0,,,,,,,,False,,,equity,
Silver Mountain Resources Inc,AGMR,,BM9YFC3,,,1835501.0,5247713.48,0.12568174102558857,,,,,SILJ,2026-08-21,,,,,,,,3.94,4175635200.0,132000000.0,2640.0,,,,,,,,False,,,equity,
Invesco Government & Agency Portfolio 12/31/2031,AGPXX,,825252885,,,7735611.67,7735611.67,0.185266430091656,,,,,SILJ,2026-08-21,,,,,,,,100.0,4175635200.0,132000000.0,2640.0,,,,,,,,True,,,money_market,
Andean Precious Metals Corp,APM,,BNDS6V4,,,2174324.0,11628160.42,0.278492233251736,,,,,SILJ,2026-08-21,,,,,,,,7.37,4175635200.0,132000000.0,2640.0,,,,,,,,False,,,equity,
Argent Minerals Ltd,ARD,,B2PGV47,,,34156192.0,583949.71,0.013985484631334628,,,,,SILJ,2026-08-21,,,,,,,,0.024,4175635200.0,132000000.0,2640.0,,,,,,,,False,,,equity,
Avino Silver & Gold Mines Ltd,ASM,,053906103,,,8813777.0,66984705.2,1.604270965575239,,,,,SILJ,2026-08-21,,,,,,,,7.6,4175635200.0,132000000.0,2640.0,,,,,,,,False,,,equity,
Aya Gold & Silver Inc,AYA,,BK94091,,,5795883.0,155989623.74,3.7359218578316296,,,,,SILJ,2026-08-21,,,,,,,,37.09,4175635200.0,132000000.0,2640.0,,,,,,,,False,,,equity,
BMC Minerals Ltd,BMC,,BVMR2Q5,,,1337899.0,2506535.38,0.060031046226371954,,,,,SILJ,2026-08-21,,,,,,,,2.63,4175635200.0,132000000.0,2640.0,,,,,,,,False,,,equity,
Bunker Hill Mining Corp,BNKR,,BVCHTH5,,,420504.0,1641616.37,0.0393164002310787,,,,,SILJ,2026-08-21,,,,,,,,5.38,4175635200.0,132000000.0,2640.0,,,,,,,,False,,,equity,
Boliden AB,BOL,,BPYTZ57,,,3318908.0,188741121.58,4.520314009845044,,,,,SILJ,2026-08-21,,,,,,,,539.4,4175635200.0,132000000.0,2640.0,,,,,,,,False,,,equity,
Cia de Minas Buenaventura SAA,BVN,,204448104,,,5168939.0,176570956.24,4.2288408617149225,,,,,SILJ,2026-08-21,,,,,,,,34.16,4175635200.0,132000000.0,2640.0,,,,,,,,False,,,equity,
CANADIAN DOLLAR,CAD,,CASHCAD,,,150976.71,109554.25,0.002623803477310386,,,,,SILJ,2026-08-21,,,,,,,,1.0,4175635200.0,132000000.0,2640.0,,,,,,,,False,,,cash_fx,
COEUR MINING INC.,CDE,,192108504,,,7069763.0,149242696.93,3.5743342423330366,,,,,SILJ,2026-08-21,,,,,,,,21.11,4175635200.0,132000000.0,2640.0,,,,,,,,False,,,equity,
Chesapeake Gold Corp,CKG,,2969886,,,1037995.0,2839591.58,0.06800767895125287,,,,,SILJ,2026-08-21,,,,,,,,3.77,4175635200.0,132000000.0,2640.0,,,,,,,,False,,,equity,
Copper Fox Metals Inc,CUU,,B02SP06,,,3341162.0,1697128.95,0.0406459159772818,,,,,SILJ,2026-08-21,,,,,,,,0.7,4175635200.0,132000000.0,2640.0,,,,,,,,False,,,equity,
Endeavour Silver Corp,EXK,,29258Y103,,,17679557.0,193944740.29,4.644939689505079,,,,,SILJ,2026-08-21,,,,,,,,10.97,4175635200.0,132000000.0,2640.0,,,,,,,,False,,,equity,
First Mining Gold Corp,FF,,BFNW3J7,,,31166234.0,20353828.17,0.4874703183949879,,,,,SILJ,2026-08-21,,,,,,,,0.9,4175635200.0,132000000.0,2640.0,,,,,,,,False,,,equity,
Franco-Nevada Corp,FNV,,351858105,,,303244.0,78279406.16,1.8747769081016945,,,,,SILJ,2026-08-21,,,,,,,,258.14,4175635200.0,132000000.0,2640.0,,,,,,,,False,,,equity,
Falco Resources Ltd,FPC,,BPG1NG8,,,3819830.0,1413622.6,0.033855992747744146,,,,,SILJ,2026-08-21,,,,,,,,0.51,4175635200.0,132000000.0,2640.0,,,,,,,,False,,,equity,
Fresnillo PLC,FRES,,B2QPKJ1,,,724000.0,31267988.11,0.7488623757774602,,,,,SILJ,2026-08-21,,,,,,,,31.68,4175635200.0,132000000.0,2640.0,,,,,,,,False,,,equity,
BRITISH POUNDS,GBP,,CASHGBP,,,-2371.74,-3233.28,-7.743644182784443e-05,,,,,SILJ,2026-08-21,,,,,,,,1.0,4175635200.0,132000000.0,2640.0,,,,,,,,False,,,cash_fx,
GoGold Resources Inc,GGD,,B60BNP0,,,8342816.0,25123493.51,0.6017028972743907,,,,,SILJ,2026-08-21,,,,,,,,4.15,4175635200.0,132000000.0,2640.0,,,,,,,,False,,,equity,
Guanajuato Silver Co Ltd,GSVR,,BMDM727,,,14970297.0,6409168.59,0.1534983702878757,,,,,SILJ,2026-08-21,,,,,,,,0.59,4175635200.0,132000000.0,2640.0,,,,,,,,False,,,equity,
Hecla Mining Co,HL,,422704106,,,21261992.0,442674673.44,10.601974341379835,,,,,SILJ,2026-08-21,,,,,,,,20.82,4175635200.0,132000000.0,2640.0,,,,,,,,False,,,equity,
Hochschild Mining PLC,HOC,,B1FW502,,,6130725.0,49979190.64,1.1969921221165833,,,,,SILJ,2026-08-21,,,,,,,,5.98,4175635200.0,132000000.0,2640.0,,,,,,,,False,,,equity,
Hycroft Mining Holding Corp,HYMC,,44862P208,,,6286822.0,164337527.08,3.935852557112972,,,,,SILJ,2026-08-21,,,,,,,,26.14,4175635200.0,132000000.0,2640.0,,,,,,,,False,,,equity,
i-80 Gold Corp,IAUX,,44955L106,,,18691002.0,32896163.52,0.7878568675696933,,,,,SILJ,2026-08-21,,,,,,,,1.76,4175635200.0,132000000.0,2640.0,,,,,,,,False,,,equity,
IMPACT Silver Corp,IPT,,2480592,,,6039015.0,1336550.01,0.03201011885743576,,,,,SILJ,2026-08-21,,,,,,,,0.305,4175635200.0,132000000.0,2640.0,,,,,,,,False,,,equity,
KGHM Polska Miedz SA,KGH PW,,5263251,,,1990161.0,179084862.48,4.289048438638175,,,,,SILJ,2026-08-21,,,,,,,,332.45,4175635200.0,132000000.0,2640.0,,,,,,,,False,,,equity,
Minera Frisco SAB de CV,MFRISCOA MF,,B3QHKH2,,,475440.0,535946.42,0.012835814954217229,,,,,SILJ,2026-08-21,,,,,,,,19.11,4175635200.0,132000000.0,2640.0,,,,,,,,False,,,equity,
Manuka Resources Ltd,MKR,,BMVB5T9,,,63226744.0,3603176.75,0.08629539872724186,,,,,SILJ,2026-08-21,,,,,,,,0.08,4175635200.0,132000000.0,2640.0,,,,,,,,False,,,equity,
Minco Silver Corp,MSV,,B0SL8P5,,,160140.0,99934.98,0.0023934237880223167,,,,,SILJ,2026-08-21,,,,,,,,0.86,4175635200.0,132000000.0,2640.0,,,,,,,,False,,,equity,
McEwen Inc,MUX,,58039P305,,,1313255.0,26619678.85,0.6375362519620713,,,,,SILJ,2026-08-21,,,,,,,,20.27,4175635200.0,132000000.0,2640.0,,,,,,,,False,,,equity,
New Pacific Metals Corp,NEWP,,64782A107,,,3918956.0,26844848.6,0.6429290247028376,,,,,SILJ,2026-08-21,,,,,,,,6.85,4175635200.0,132000000.0,2640.0,,,,,,,,False,,,equity,
Osisko Metals Inc,OM,,BYW9WY0,,,16244271.0,20392271.12,0.4883910197451232,,,,,SILJ,2026-08-21,,,,,,,,1.73,4175635200.0,132000000.0,2640.0,,,,,,,,False,,,equity,
OR Royalties Inc,OR,,68390D106,,,3249403.0,114671431.87,2.746359011071383,,,,,SILJ,2026-08-21,,,,,,,,35.29,4175635200.0,132000000.0,2640.0,,,,,,,,False,,,equity,
Pan American Silver Corp,PAAS,,697900108,,,2193159.0,113868815.28,2.72713649620054,,,,,SILJ,2026-08-21,,,,,,,,51.92,4175635200.0,132000000.0,2640.0,,,,,,,,False,,,equity,
Industrias Penoles SAB de CV,PE&OLES* MM,,2448200,,,401944.0,21082881.62,0.5049310100363905,,,,,SILJ,2026-08-21,,,,,,,,889.2,4175635200.0,132000000.0,2640.0,,,,,,,,False,,,equity,
PERUVIAN SOL,PEN,,CASHPEN,,,9579.71,2854.16,6.835658984293363e-05,,,,,SILJ,2026-08-21,,,,,,,,1.0,4175635200.0,132000000.0,2640.0,,,,,,,,False,,,cash_fx,
Panoro Minerals Ltd,PML,,2001551,,,5294339.0,6799927.46,0.1628569709984449,,,,,SILJ,2026-08-21,,,,,,,,1.77,4175635200.0,132000000.0,2640.0,,,,,,,,False,,,equity,
Perpetua Resources Corp,PPTA,,714266103,,,4898272.0,122701713.6,2.938682733126493,,,,,SILJ,2026-08-21,,,,,,,,25.05,4175635200.0,132000000.0,2640.0,,,,,,,,False,,,equity,
Paramount Gold Nevada Corp,PZG,,69924M109,,,4560577.0,7068894.35,0.16929867692280073,,,,,SILJ,2026-08-21,,,,,,,,1.55,4175635200.0,132000000.0,2640.0,,,,,,,,False,,,equity,
Royal Gold Inc,RGLD,,780287108,,,192827.0,48661821.72,1.1654413867211366,,,,,SILJ,2026-08-21,,,,,,,,252.36,4175635200.0,132000000.0,2640.0,,,,,,,,False,,,equity,
Seabridge Gold Inc,SA,,811927102,,,4240067.0,141067029.09,3.3785285505599956,,,,,SILJ,2026-08-21,,,,,,,,33.27,4175635200.0,132000000.0,2640.0,,,,,,,,False,,,equity,
Santacruz Silver Mining Ltd,SCZ,,BVV5T70,,,1818255.0,17759024.96,0.4253252744068801,,,,,SILJ,2026-08-21,,,,,,,,13.46,4175635200.0,132000000.0,2640.0,,,,,,,,False,,,equity,
Skeena Resources Ltd,SKE,,BMDM761,,,2829066.0,98579021.35,2.360948835923616,,,,,SILJ,2026-08-21,,,,,,,,48.02,4175635200.0,132000000.0,2640.0,,,,,,,,False,,,equity,
Sierra Madre Gold And Silver Ltd,SM,,BP2F728,,,2067072.0,2549903.78,0.06106971116840194,,,,,SILJ,2026-08-21,,,,,,,,1.7,4175635200.0,132000000.0,2640.0,,,,,,,,False,,,equity,
Sotkamo Silver AB,SOSI1 FH,,B89P443,,,14337953.0,7906805.41,0.18936648764584282,,,,,SILJ,2026-08-21,,,,,,,,0.472,4175635200.0,132000000.0,2640.0,,,,,,,,False,,,equity,
SSR Mining Inc,SSRM,,784730103,,,5841579.0,215145354.57,5.152690374384764,,,,,SILJ,2026-08-21,,,,,,,,36.83,4175635200.0,132000000.0,2640.0,,,,,,,,False,,,equity,
Silver Mines Ltd,SVL,,B1HMJH5,,,75657597.0,8623176.75,0.2065234451617539,,,,,SILJ,2026-08-21,,,,,,,,0.16,4175635200.0,132000000.0,2640.0,,,,,,,,False,,,equity,
Silvercorp Metals Inc,SVM,,82835P103,,,10743317.0,135795526.88,3.2522770739696547,,,,,SILJ,2026-08-21,,,,,,,,12.64,4175635200.0,132000000.0,2640.0,,,,,,,,False,,,equity,
Silver Storm Mining Ltd,SVRS,,BSBJWM7,,,17439230.0,6327273.06,0.15153698790070058,,,,,SILJ,2026-08-21,,,,,,,,0.5,4175635200.0,132000000.0,2640.0,,,,,,,,False,,,equity,
Triple Flag Precious Metals Corp,TFPM,,89679M104,,,2954046.0,98340191.34,2.3552289025506608,,,,,SILJ,2026-08-21,,,,,,,,33.29,4175635200.0,132000000.0,2640.0,,,,,,,,False,,,equity,
Troilus Mining Corp,TLG,,BVV5TH0,,,13391724.0,20601157.3,0.4933938040775072,,,,,SILJ,2026-08-21,,,,,,,,2.12,4175635200.0,132000000.0,2640.0,,,,,,,,False,,,equity,
Trilogy Metals Inc,TMQ,,89621C105,,,8392073.0,30463224.99,0.729588451920858,,,,,SILJ,2026-08-21,,,,,,,,3.63,4175635200.0,132000000.0,2640.0,,,,,,,,False,,,equity,
Tudor Gold Corp,TUD,,BL56G67,,,6558146.0,4520890.14,0.10827446009506923,,,,,SILJ,2026-08-21,,,,,,,,0.95,4175635200.0,132000000.0,2640.0,,,,,,,,False,,,equity,
Teuton Resources Corp,TUO,,BVZCLN7,,,46423.0,55245.42,0.0013231173149510199,,,,,SILJ,2026-08-21,,,,,,,,1.64,4175635200.0,132000000.0,2640.0,,,,,,,,False,,,equity,
Trevali Mining Corp,TV,,BPP3CJ1,,,967999.0,0.0,0.0,,,,,SILJ,2026-08-21,,,,,,,,0.0,4175635200.0,132000000.0,2640.0,,,,,,,,False,,,equity,
Americas Gold & Silver Corp,USA,,BVMJP62,,,15034735.0,79095732.35,1.8943277652883532,,,,,SILJ,2026-08-21,,,,,,,,7.25,4175635200.0,132000000.0,2640.0,,,,,,,,False,,,equity,
Valor Gold Corp,VGC,,BXM7C03,,,2028701.56,6315310.71,0.15125049189048825,,,,,SILJ,2026-08-21,,,,,,,,4.29,4175635200.0,132000000.0,2640.0,,,,,,,,False,,,equity,
Volcan Cia Minera SAA,VOLCABC1 PE,,2236063,,,14509998.0,3717851.95,0.08904184798431097,,,,,SILJ,2026-08-21,,,,,,,,0.86,4175635200.0,132000000.0,2640.0,,,,,,,,False,,,equity,
Vizsla Silver Corp,VZLA,,92859G608,,,25257306.0,97745774.22,2.340992725438145,,,,,SILJ,2026-08-21,,,,,,,,3.87,4175635200.0,132000000.0,2640.0,,,,,,,,False,,,equity,
Alaska Silver Corp,WAM,,BV3N4C2,,,1195107.0,667754.44,0.01599259199585091,,,,,SILJ,2026-08-21,,,,,,,,0.77,4175635200.0,132000000.0,2640.0,,,,,,,,False,,,equity,
Wheaton Precious Metals Corp,WPM,,962879102,,,1349874.0,202818568.5,4.857466189521764,,,,,SILJ,2026-08-21,,,,,,,,150.25,4175635200.0,132000000.0,2640.0,,,,,,,,False,,,equity,
Western Copper & Gold Corp,WRN,,95805V108,,,8478988.0,20773520.6,0.4975218723715323,,,,,SILJ,2026-08-21,,,,,,,,2.45,4175635200.0,132000000.0,2640.0,,,,,,,,False,,,equity,
West Vault Mining Inc,WVM,,BL0P3K2,,,18639.0,23804.25,0.0005701072658045284,,,,,SILJ,2026-08-21,,,,,,,,1.76,4175635200.0,132000000.0,2640.0,,,,,,,,False,,,equity,
Cash & Other,Cash&Other,,Cash&Other,,,-553296.02,-553296.02,-0.013251334578603724,,,,,SILJ,2026-08-21,,,,,,,,1.0,4175635200.0,132000000.0,2640.0,,,,,,,,True,,,cash,
Guangzhou Tinci Materials Technology Co Ltd,002709 C2,,BD5LR63,,,310639.0,1713054.7,1.3719125474630536,,,,,BATT,2026-08-21,,,,,,,,37.08,124871600.0,8050000.0,161.0,,,,,,,,False,,,equity,
Samsung SDI Co Ltd,006400 KS,,6771645,,,7542.0,2705079.52,2.1663829738614497,,,,,BATT,2026-08-21,,,,,,,,499500.0,124871600.0,8050000.0,161.0,,,,,,,,False,,,equity,
MMG Ltd,1208,,6728793,,,1294057.0,1486615.82,1.1905672928687427,,,,,BATT,2026-08-21,,,,,,,,9.01,124871600.0,8050000.0,161.0,,,,,,,,False,,,equity,
BYD Co Ltd,1211,,6536651,,,535091.0,6263122.14,5.0158677654365915,,,,,BATT,2026-08-21,,,,,,,,91.8,124871600.0,8050000.0,161.0,,,,,,,,False,,,equity,
China Nonferrous Mining Corp Ltd,1258,,B890GY2,,,651106.0,1188817.72,0.9520734782808855,,,,,BATT,2026-08-21,,,,,,,,14.32,124871600.0,8050000.0,161.0,,,,,,,,False,,,equity,
Yadea Group Holdings Ltd,1585,,BZ04KX9,,,884785.0,1126435.62,0.902114311345297,,,,,BATT,2026-08-21,,,,,,,,9.985,124871600.0,8050000.0,161.0,,,,,,,,False,,,equity,
Ganfeng Lithium Group Co Ltd,1772,,BZ9NS11,,,345192.0,1645207.09,1.3175762863533647,,,,,BATT,2026-08-21,,,,,,,,37.38,124871600.0,8050000.0,161.0,,,,,,,,False,,,equity,
Li Auto Inc,2015,,BMW5M00,,,237840.0,1532945.13,1.2276704640075893,,,,,BATT,2026-08-21,,,,,,,,50.55,124871600.0,8050000.0,161.0,,,,,,,,False,,,equity,
Ecopro BM Co Ltd,247540 KS,,BJ321P7,,,19473.0,1595425.48,1.2777083151835518,,,,,BATT,2026-08-21,,,,,,,,114100.0,124871600.0,8050000.0,161.0,,,,,,,,False,,,equity,
CNGR Advanced Material Co Ltd,2579,,BV9BWT3,,,386392.0,1210962.12,0.9698079850751176,,,,,BATT,2026-08-21,,,,,,,,24.58,124871600.0,8050000.0,161.0,,,,,,,,False,,,equity,
Contemporary Amperex Technology Co Ltd,300750 C2,,BHQPSY7,,,142894.0,8181826.16,6.552476094350901,,,,,BATT,2026-08-21,,,,,,,,385.0,124871600.0,8050000.0,161.0,,,,,,,,False,,,equity,
LG Energy Solution Ltd,373220 KS,,BNSP8W5,,,7888.0,2027719.81,1.6239144319667078,,,,,BATT,2026-08-21,,,,,,,,358000.0,124871600.0,8050000.0,161.0,,,,,,,,False,,,equity,
Resonac Holdings Corp,4004,,6805469,,,22341.0,2238733.31,1.792906156710871,,,,,BATT,2026-08-21,,,,,,,,15945.0,124871600.0,8050000.0,161.0,,,,,,,,False,,,equity,
Sumitomo Metal Mining Co Ltd,5713,,6858849,,,35927.0,2400100.62,1.922138362395465,,,,,BATT,2026-08-21,,,,,,,,10630.0,124871600.0,8050000.0,161.0,,,,,,,,False,,,equity,
Yutong Bus Co Ltd,600066 C1,,BP3R5T6,,,296158.0,1323559.5,1.0599824310128132,,,,,BATT,2026-08-21,,,,,,,,30.05,124871600.0,8050000.0,161.0,,,,,,,,False,,,equity,
Jiangxi Copper Co Ltd,600362 C1,,BP3R4R7,,,257807.0,1708885.1,1.3685732924130531,,,,,BATT,2026-08-21,,,,,,,,44.57,124871600.0,8050000.0,161.0,,,,,,,,False,,,equity,
Xiamen Tungsten Co Ltd,600549 C1,,BP3R6F9,,,203392.0,1611963.16,1.2909526387290455,,,,,BATT,2026-08-21,,,,,,,,53.29,124871600.0,8050000.0,161.0,,,,,,,,False,,,equity,
Western Mining Co Ltd,601168 C1,,BP3R7X4,,,282252.0,1538880.91,1.2324241773951303,,,,,BATT,2026-08-21,,,,,,,,36.66,124871600.0,8050000.0,161.0,,,,,,,,False,,,equity,
Zhejiang Huayou Cobalt Co Ltd,603799 C1,,BFF5BV2,,,278952.0,1632487.04,1.307389340075842,,,,,BATT,2026-08-21,,,,,,,,39.35,124871600.0,8050000.0,161.0,,,,,,,,False,,,equity,
Sigenergy Technology Co Ltd,6656,,BT68VS5,,,31372.0,1282408.18,1.0270260915260079,,,,,BATT,2026-08-21,,,,,,,,320.6,124871600.0,8050000.0,161.0,,,,,,,,False,,,equity,
JL Mag Rare-Earth Co Ltd,6680,,BNXFSW0,,,586213.0,1240749.44,0.9936633809730401,,,,,BATT,2026-08-21,,,,,,,,16.6,124871600.0,8050000.0,161.0,,,,,,,,False,,,equity,
TDK Corp,6762,,6869302,,,175358.0,3318268.84,2.6574601835257634,,,,,BATT,2026-08-21,,,,,,,,3011.0,124871600.0,8050000.0,161.0,,,,,,,,False,,,equity,
Tianqi Lithium Corp,9696,,BMZ3RS4,,,356159.0,1532179.17,1.227057039267063,,,,,BATT,2026-08-21,,,,,,,,33.74,124871600.0,8050000.0,161.0,,,,,,,,False,,,equity,
Zhejiang Leapmotor Technology Co Ltd,9863,,BJLVDM7,,,245218.0,1308171.18,1.0476585809382202,,,,,BATT,2026-08-21,,,,,,,,41.84,124871600.0,8050000.0,161.0,,,,,,,,False,,,equity,
Invesco Government & Agency Portfolio 12/31/2031,AGPXX,,825252885,,,265708.27,265708.27,0.21279443649855478,,,,,BATT,2026-08-21,,,,,,,,100.0,124871600.0,8050000.0,161.0,,,,,,,,True,,,money_market,
Albemarle Corp,ALB,,012653101,,,17002.0,2281498.38,1.8271548798404567,,,,,BATT,2026-08-21,,,,,,,,134.19,124871600.0,8050000.0,161.0,,,,,,,,False,,,equity,
Antofagasta PLC,ANTO,,0045614,,,41023.0,2071947.75,1.659334705373297,,,,,BATT,2026-08-21,,,,,,,,37.06,124871600.0,8050000.0,161.0,,,,,,,,False,,,equity,
Bloom Energy Corp,BE,,093712107,,,21888.0,4431882.24,3.549305724992123,,,,,BATT,2026-08-21,,,,,,,,202.48,124871600.0,8050000.0,161.0,,,,,,,,False,,,equity,
BHP Group Ltd,BHP,,6144690,,,189710.0,8871131.95,7.104511742914797,,,,,BATT,2026-08-21,,,,,,,,65.75,124871600.0,8050000.0,161.0,,,,,,,,False,,,equity,
CANADIAN DOLLAR,CAD,,CASHCAD,,,980617.47,710927.23,0.5693513389678404,,,,,BATT,2026-08-21,,,,,,,,1.0,124871600.0,8050000.0,161.0,,,,,,,,False,,,cash_fx,
CHINESE YUAN,CNY,,CASHCNY,,,87171.06,12964.26,0.010382523665224097,,,,,BATT,2026-08-21,,,,,,,,1.0,124871600.0,8050000.0,161.0,,,,,,,,False,,,cash_fx,
Capstone Copper Corp,CS,,BMY5XY9,,,147630.0,1648241.56,1.3200064641333855,,,,,BATT,2026-08-21,,,,,,,,15.4,124871600.0,8050000.0,161.0,,,,,,,,False,,,equity,
EnerSys,ENS,,29275Y102,,,8339.0,1584159.83,1.268686135920784,,,,,BATT,2026-08-21,,,,,,,,189.97,124871600.0,8050000.0,161.0,,,,,,,,False,,,equity,
Freeport-McMoRan Inc,FCX,,35671D857,,,104239.0,7423901.58,5.945486579461115,,,,,BATT,2026-08-21,,,,,,,,71.22,124871600.0,8050000.0,161.0,,,,,,,,False,,,equity,
First Quantum Minerals Ltd,FM,,2347608,,,79801.0,2661865.38,2.131774609695481,,,,,BATT,2026-08-21,,,,,,,,46.01,124871600.0,8050000.0,161.0,,,,,,,,False,,,equity,
Grupo Mexico SAB de CV,GMEXICOB MM,,2643674,,,280140.0,3687400.37,2.9530819039946046,,,,,BATT,2026-08-21,,,,,,,,223.2,124871600.0,8050000.0,161.0,,,,,,,,False,,,equity,
Hudbay Minerals Inc,HBM,,443628102,,,71134.0,2002422.1,1.6036545734980427,,,,,BATT,2026-08-21,,,,,,,,28.15,124871600.0,8050000.0,161.0,,,,,,,,False,,,equity,
IGO LTD,IGO,,6439567,,,265788.0,1519793.13,1.217137587372515,,,,,BATT,2026-08-21,,,,,,,,8.04,124871600.0,8050000.0,161.0,,,,,,,,False,,,equity,
Lundin Mining Corp,LUN,,2866857,,,83467.0,2185082.37,1.7499394039450735,,,,,BATT,2026-08-21,,,,,,,,36.11,124871600.0,8050000.0,161.0,,,,,,,,False,,,equity,
Merdeka Battery Materials Tbk PT,MBMA,,BMBR1M2,,,40369132.0,1285532.45,1.0295281863013017,,,,,BATT,2026-08-21,,,,,,,,565.0,124871600.0,8050000.0,161.0,,,,,,,,False,,,equity,
Mineral Resources Ltd,MIN,,B17ZL56,,,37764.0,1759725.53,1.4092892274240116,,,,,BATT,2026-08-21,,,,,,,,65.52,124871600.0,8050000.0,161.0,,,,,,,,False,,,equity,
GMK Norilskiy Nickel PAO,MNOD LI,,BYSW6D0,,,182937.0,0.0,0.0,,,,,BATT,2026-08-21,,,,,,,,0.0,124871600.0,8050000.0,161.0,,,,,,,,False,,,equity,
MP Materials Corp,MP,,553368101,,,33132.0,1823585.28,1.4604317813091,,,,,BATT,2026-08-21,,,,,,,,55.04,124871600.0,8050000.0,161.0,,,,,,,,False,,,equity,
Trimegah Bangun Persada Tbk PT,NCKL,,BP69061,,,22792997.0,1220422.55,0.9773844405271215,,,,,BATT,2026-08-21,,,,,,,,950.0,124871600.0,8050000.0,161.0,,,,,,,,False,,,equity,
NIO Inc,NIO,,62914V106,,,344039.0,1558496.67,1.2481336041122246,,,,,BATT,2026-08-21,,,,,,,,4.53,124871600.0,8050000.0,161.0,,,,,,,,False,,,equity,
PLS Group Ltd,PLS,,B2368L5,,,572525.0,1966684.27,1.575033667582953,,,,,BATT,2026-08-21,,,,,,,,4.83,124871600.0,8050000.0,161.0,,,,,,,,False,,,equity,
Rivian Automotive Inc,RIVN,,76954A103,,,124552.0,1994077.52,1.5969717547851845,,,,,BATT,2026-08-21,,,,,,,,16.01,124871600.0,8050000.0,161.0,,,,,,,,False,,,equity,
South32 Ltd,S32,,BWSW5D9,,,612123.0,2128828.2,1.704887835148047,,,,,BATT,2026-08-21,,,,,,,,4.89,124871600.0,8050000.0,161.0,,,,,,,,False,,,equity,
Sandfire Resources Ltd,SFR,,6739739,,,108339.0,1654283.45,1.3248451565005304,,,,,BATT,2026-08-21,,,,,,,,21.47,124871600.0,8050000.0,161.0,,,,,,,,False,,,equity,
Sociedad Quimica y Minera de Chile SA,SQM,,833635105,,,25581.0,2006829.45,1.6071842323968866,,,,,BATT,2026-08-21,,,,,,,,78.45,124871600.0,8050000.0,161.0,,,,,,,,False,,,equity,
Teck Resources Ltd,TECK,,878742204,,,46360.0,3067177.6,2.456371903791289,,,,,BATT,2026-08-21,,,,,,,,66.16,124871600.0,8050000.0,161.0,,,,,,,,False,,,equity,
Tesla Inc,TSLA,,88160R101,,,25280.0,8724886.4,6.987389910754017,,,,,BATT,2026-08-21,,,,,,,,345.13,124871600.0,8050000.0,161.0,,,,,,,,False,,,equity,
Umicore SA,UMI,,BF44466,,,55975.0,1465611.9,1.1737461479316253,,,,,BATT,2026-08-21,,,,,,,,22.42,124871600.0,8050000.0,161.0,,,,,,,,False,,,equity,
Vinfast Auto Ltd,VFS,,Y9390M103,,,337572.0,1053224.64,0.8434827556372001,,,,,BATT,2026-08-21,,,,,,,,3.12,124871600.0,8050000.0,161.0,,,,,,,,False,,,equity,
Cash & Other,Cash&Other,,Cash&Other,,,-15716.7,-15716.7,-0.012586835630358197,,,,,BATT,2026-08-21,,,,,,,,1.0,124871600.0,8050000.0,161.0,,,,,,,,True,,,cash,
PAX Global Technology Ltd,327,,B3LX5R0,,,965000.0,459547.25,0.2480806935105626,,,,,IPAY,2026-08-21,,,,,,,,3.735,185251680.0,3600000.0,72.0,,,,,,,,False,,,equity,
GMO Payment Gateway Inc,3769,,B06CMQ9,,,44146.0,2618387.37,1.4135028653286428,,,,,IPAY,2026-08-21,,,,,,,,9414.0,185251680.0,3600000.0,72.0,,,,,,,,False,,,equity,
Kakaopay Corp,377300 KS,,BP8ZCS3,,,27770.0,896321.04,0.4838674264970767,,,,,IPAY,2026-08-21,,,,,,,,44950.0,185251680.0,3600000.0,72.0,,,,,,,,False,,,equity,
ACI Worldwide Inc,ACIW,,004498101,,,76543.0,3947322.51,2.130911469474912,,,,,IPAY,2026-08-21,,,,,,,,51.57,185251680.0,3600000.0,72.0,,,,,,,,False,,,equity,
Adyen NV,ADYEN,,BZ1HM42,,,6970.0,8654783.8,4.672174117651629,,,,,IPAY,2026-08-21,,,,,,,,1062.8,185251680.0,3600000.0,72.0,,,,,,,,False,,,equity,
Affirm Holdings Inc,AFRM,,00827B106,,,109761.0,8237563.05,4.446942842723975,,,,,IPAY,2026-08-21,,,,,,,,75.05,185251680.0,3600000.0,72.0,,,,,,,,False,,,equity,
Invesco Government & Agency Portfolio 12/31/2031,AGPXX,,825252885,,,492178.86,492178.86,0.26569644997339903,,,,,IPAY,2026-08-21,,,,,,,,100.0,185251680.0,3600000.0,72.0,,,,,,,,True,,,money_market,
American Express Co,AXP,,025816109,,,30726.0,10174914.9,5.49279741050122,,,,,IPAY,2026-08-21,,,,,,,,331.15,185251680.0,3600000.0,72.0,,,,,,,,False,,,equity,
Boku Inc,BOKU,,BF0GJW7,,,201620.0,311964.86,0.16841023163499635,,,,,IPAY,2026-08-21,,,,,,,,1.135,185251680.0,3600000.0,72.0,,,,,,,,False,,,equity,
Capital One Financial Corp,COF,,14040H105,,,51462.0,10934645.76,5.902928378818789,,,,,IPAY,2026-08-21,,,,,,,,212.48,185251680.0,3600000.0,72.0,,,,,,,,False,,,equity,
Coinbase Global Inc,COIN,,19260Q107,,,36966.0,6371090.1,3.4393513407517498,,,,,IPAY,2026-08-21,,,,,,,,172.35,185251680.0,3600000.0,72.0,,,,,,,,False,,,equity,
Corpay Inc,CPAY,,219948106,,,22008.0,9067296.0,4.8948635422049644,,,,,IPAY,2026-08-21,,,,,,,,412.0,185251680.0,3600000.0,72.0,,,,,,,,False,,,equity,
Dlocal Ltd/Uruguay,DLO,,G29018101,,,93064.0,1334537.76,0.7204331067519885,,,,,IPAY,2026-08-21,,,,,,,,14.34,185251680.0,3600000.0,72.0,,,,,,,,False,,,equity,
Euronet Worldwide Inc,EEFT,,298736109,,,29038.0,2014656.44,1.0875864599792973,,,,,IPAY,2026-08-21,,,,,,,,69.38,185251680.0,3600000.0,72.0,,,,,,,,False,,,equity,
Etoro Group Ltd,ETOR,,G32089107,,,54872.0,1628052.24,0.878883137197807,,,,,IPAY,2026-08-21,,,,,,,,29.67,185251680.0,3600000.0,72.0,,,,,,,,False,,,equity,
EURO,EUR,,CASHEUR,,,161680.24,188898.65,0.10197451534136923,,,,,IPAY,2026-08-21,,,,,,,,1.0,185251680.0,3600000.0,72.0,,,,,,,,False,,,cash_fx,
EVERTEC Inc,EVTC,,30040P103,,,37354.0,1110534.42,0.5995077744039387,,,,,IPAY,2026-08-21,,,,,,,,29.73,185251680.0,3600000.0,72.0,,,,,,,,False,,,equity,
Fidelity National Information Services Inc,FIS,,31620M106,,,172836.0,7013684.88,3.7862478974576543,,,,,IPAY,2026-08-21,,,,,,,,40.58,185251680.0,3600000.0,72.0,,,,,,,,False,,,equity,
Fiserv Inc,FISV,,337738108,,,130572.0,6708789.36,3.621653958423391,,,,,IPAY,2026-08-21,,,,,,,,51.38,185251680.0,3600000.0,72.0,,,,,,,,False,,,equity,
Flywire Corp,FLYW,,302492103,,,105776.0,1983300.0,1.070659087698814,,,,,IPAY,2026-08-21,,,,,,,,18.75,185251680.0,3600000.0,72.0,,,,,,,,False,,,equity,
Shift4 Payments Inc,FOUR,,82452J109,,,49642.0,2375866.12,1.2825808765863567,,,,,IPAY,2026-08-21,,,,,,,,47.86,185251680.0,3600000.0,72.0,,,,,,,,False,,,equity,
Global Payments Inc,GPN,,37940X102,,,106902.0,9864916.56,5.32544877948597,,,,,IPAY,2026-08-21,,,,,,,,92.28,185251680.0,3600000.0,72.0,,,,,,,,False,,,equity,
Ibotta Inc,IBTA,,451051106,,,15631.0,570218.88,0.30782535463592975,,,,,IPAY,2026-08-21,,,,,,,,36.48,185251680.0,3600000.0,72.0,,,,,,,,False,,,equity,
Mastercard Inc,MA,,57636Q104,,,19489.0,11183762.65,6.037410939287588,,,,,IPAY,2026-08-21,,,,,,,,573.85,185251680.0,3600000.0,72.0,,,,,,,,False,,,equity,
MARQETA INC,MQ,,57142B203,,,67228.0,1062202.4,0.57341635281374,,,,,IPAY,2026-08-21,,,,,,,,15.8,185251680.0,3600000.0,72.0,,,,,,,,False,,,equity,
Nexi SpA,NEXI IM,,BJ1F880,,,676378.0,3263708.96,1.7618714554671737,,,,,IPAY,2026-08-21,,,,,,,,4.13,185251680.0,3600000.0,72.0,,,,,,,,False,,,equity,
Pagseguro Digital Ltd,PAGS,,G68707101,,,141532.0,1194530.08,0.644851754995004,,,,,IPAY,2026-08-21,,,,,,,,8.44,185251680.0,3600000.0,72.0,,,,,,,,False,,,equity,
PayPoint PLC,PAY,,BVMTNR9,,,61688.0,517192.25,0.2791996080017632,,,,,IPAY,2026-08-21,,,,,,,,6.15,185251680.0,3600000.0,72.0,,,,,,,,False,,,equity,
PayPal Holdings Inc,PYPL,,70450Y103,,,216905.0,13513181.5,7.294917852416926,,,,,IPAY,2026-08-21,,,,,,,,62.3,185251680.0,3600000.0,72.0,,,,,,,,False,,,equity,
Nanduq PLC,QIWI,,74735M108,,,235051.0,0.0,0.0,,,,,IPAY,2026-08-21,,,,,,,,0.0,185251680.0,3600000.0,72.0,,,,,,,,False,,,equity,
Q2 Holdings Inc,QTWO,,74736L109,,,47744.0,3047022.08,1.6448958202848498,,,,,IPAY,2026-08-21,,,,,,,,63.82,185251680.0,3600000.0,72.0,,,,,,,,False,,,equity,
Remitly Global Inc,RELY,,75960P104,,,168830.0,4171789.3,2.252086989366043,,,,,IPAY,2026-08-21,,,,,,,,24.71,185251680.0,3600000.0,72.0,,,,,,,,False,,,equity,
StoneCo Ltd,STNE,,G85158106,,,179273.0,1642140.68,0.8864886009791307,,,,,IPAY,2026-08-21,,,,,,,,9.16,185251680.0,3600000.0,72.0,,,,,,,,False,,,equity,
Toast Inc,TOST,,888787108,,,313434.0,11070488.88,5.976261546231365,,,,,IPAY,2026-08-21,,,,,,,,35.32,185251680.0,3600000.0,72.0,,,,,,,,False,,,equity,
Visa Inc,V,,92826C839,,,29569.0,10814270.37,5.837945267217524,,,,,IPAY,2026-08-21,,,,,,,,365.73,185251680.0,3600000.0,72.0,,,,,,,,False,,,equity,
NCR Voyix Corp,VYX,,62886E108,,,92435.0,707127.75,0.38173385352771394,,,,,IPAY,2026-08-21,,,,,,,,7.65,185251680.0,3600000.0,72.0,,,,,,,,False,,,equity,
WEX Inc,WEX,,96208T104,,,29490.0,5834596.5,3.1497321463120524,,,,,IPAY,2026-08-21,,,,,,,,197.85,185251680.0,3600000.0,72.0,,,,,,,,False,,,equity,
Wise Group PLC,WISE,,BQKY081,,,576648.0,7227556.39,3.9017036912263063,,,,,IPAY,2026-08-21,,,,,,,,9.194,185251680.0,3600000.0,72.0,,,,,,,,False,,,equity,
Worldline SA/France,WLN,,BQS7SF5,,,36949.0,508102.17,0.27429244480915027,,,,,IPAY,2026-08-21,,,,,,,,11.77,185251680.0,3600000.0,72.0,,,,,,,,False,,,equity,
Western Union Co/The,WU,,959802109,,,265791.0,1937616.39,1.0459973763059898,,,,,IPAY,2026-08-21,,,,,,,,7.29,185251680.0,3600000.0,72.0,,,,,,,,False,,,equity,
Block Inc,XYZ,,852234103,,,102681.0,8222694.48,4.438916235760034,,,,,IPAY,2026-08-21,,,,,,,,80.08,185251680.0,3600000.0,72.0,,,,,,,,False,,,equity,
Zip Co Ltd,ZIP,,BPP1Y77,,,1093847.0,2376573.12,1.282962541475684,,,,,IPAY,2026-08-21,,,,,,,,3.05,185251680.0,3600000.0,72.0,,,,,,,,False,,,equity,
Cash & Other,Cash&Other,,Cash&Other,,,-12989.46,-12989.46,-0.007012193512479321,,,,,IPAY,2026-08-21,,,,,,,,1.0,185251680.0,3600000.0,72.0,,,,,,,,True,,,cash,
Invesco Government & Agency Portfolio 12/31/2031,AGPXX,,825252885,,,99826.31,99826.31,0.08854429469220611,,,,,ITEQ,2026-08-21,,,,,,,,100.0,112746960.0,1800000.0,36.0,,,,,,,,True,,,money_market,
Aryt Industries Ltd,ARYT,,6049740,,,108888.0,711261.07,0.6308768678835652,,,,,ITEQ,2026-08-21,,,,,,,,19.57,112746960.0,1800000.0,36.0,,,,,,,,False,,,equity,
Brainsway Ltd,BWAY,,10501L106,,,74453.0,1114561.41,0.9885976346275921,,,,,ITEQ,2026-08-21,,,,,,,,14.97,112746960.0,1800000.0,36.0,,,,,,,,False,,,equity,
Camtek Ltd/Israel,CAMT,,M20791105,,,13457.0,1998499.07,1.7726357970777429,,,,,ITEQ,2026-08-21,,,,,,,,148.51,112746960.0,1800000.0,36.0,,,,,,,,False,,,equity,
CEVA Inc,CEVA,,157210105,,,28964.0,814757.32,0.7226763389802955,,,,,ITEQ,2026-08-21,,,,,,,,28.13,112746960.0,1800000.0,36.0,,,,,,,,False,,,equity,
Cognyte Software Ltd,CGNT,,M25133105,,,119440.0,1029572.8,0.9132141357351562,,,,,ITEQ,2026-08-21,,,,,,,,8.62,112746960.0,1800000.0,36.0,,,,,,,,False,,,equity,
Check Point Software Technologies Ltd,CHKP,,M22465104,,,29046.0,3785274.72,3.3574764037520564,,,,,ITEQ,2026-08-21,,,,,,,,130.32,112746960.0,1800000.0,36.0,,,,,,,,False,,,equity,
Cellebrite DI Ltd,CLBT,,M2197Q107,,,114506.0,1295062.86,1.148699451284649,,,,,ITEQ,2026-08-21,,,,,,,,11.31,112746960.0,1800000.0,36.0,,,,,,,,False,,,equity,
Doral Group Renewable Energy Resources Ltd,DORL,,BMHMVP4,,,62551.0,1430154.71,1.2685236997910327,,,,,ITEQ,2026-08-21,,,,,,,,68.5,112746960.0,1800000.0,36.0,,,,,,,,False,,,equity,
Amdocs Ltd,DOX,,G02602103,,,41693.0,2539103.7,2.2521432102105234,,,,,ITEQ,2026-08-21,,,,,,,,60.9,112746960.0,1800000.0,36.0,,,,,,,,False,,,equity,
Elsight Ltd,ELS,,BD36ZB1,,,220230.0,989921.14,0.8780437656385839,,,,,ITEQ,2026-08-21,,,,,,,,6.31,112746960.0,1800000.0,36.0,,,,,,,,False,,,equity,
Enlight Renewable Energy Ltd,ENLT,,6767677,,,35900.6,2898649.91,2.5710547834591573,,,,,ITEQ,2026-08-21,,,,,,,,241.9,112746960.0,1800000.0,36.0,,,,,,,,False,,,equity,
Energix-Renewable Energies Ltd,ENRG,,B469X43,,,176951.0,1268070.08,1.1247572994923822,,,,,ITEQ,2026-08-21,,,,,,,,21.47,112746960.0,1800000.0,36.0,,,,,,,,False,,,equity,
Elbit Systems Ltd,ESLT,,M3760D101,,,10093.0,7505861.31,6.657575500401329,,,,,ITEQ,2026-08-21,,,,,,,,743.67,112746960.0,1800000.0,36.0,,,,,,,,False,,,equity,
Etoro Group Ltd,ETOR,,G32089107,,,44992.0,1334912.64,1.1840455505618792,,,,,ITEQ,2026-08-21,,,,,,,,29.67,112746960.0,1800000.0,36.0,,,,,,,,False,,,equity,
Formula Systems 1985 Ltd,FORTY,,6348425,,,9681.0,1122233.41,0.9954025724128174,,,,,ITEQ,2026-08-21,,,,,,,,347.3,112746960.0,1800000.0,36.0,,,,,,,,False,,,equity,
JFrog Ltd,FROG,,M6191J100,,,48314.0,4334732.08,3.8448360427554578,,,,,ITEQ,2026-08-21,,,,,,,,89.72,112746960.0,1800000.0,36.0,,,,,,,,False,,,equity,
Fiverr International Ltd,FVRR,,M4R82T106,,,100794.0,925288.92,0.8207160497860044,,,,,ITEQ,2026-08-21,,,,,,,,9.18,112746960.0,1800000.0,36.0,,,,,,,,False,,,equity,
Gilat Satellite Networks Ltd,GILT,,M51474118,,,84470.0,888624.4,0.7881952237269396,,,,,ITEQ,2026-08-21,,,,,,,,10.52,112746960.0,1800000.0,36.0,,,,,,,,False,,,equity,
Global-e Online Ltd,GLBE,,M5216V106,,,66777.0,2723833.83,2.415995796460076,,,,,ITEQ,2026-08-21,,,,,,,,40.79,112746960.0,1800000.0,36.0,,,,,,,,False,,,equity,
Hilan Ltd,HLAN,,6267230,,,16333.0,1219523.4,1.0816971929909172,,,,,ITEQ,2026-08-21,,,,,,,,223.7,112746960.0,1800000.0,36.0,,,,,,,,False,,,equity,
ISRAELI NEW SHEKEL,ILS,,CASHILS,,,24521.25,8184.66,0.007259658771274944,,,,,ITEQ,2026-08-21,,,,,,,,1.0,112746960.0,1800000.0,36.0,,,,,,,,False,,,cash_fx,
Inmode Ltd,INMD,,M5425M103,,,88423.0,1319271.16,1.170171815125377,,,,,ITEQ,2026-08-21,,,,,,,,14.92,112746960.0,1800000.0,36.0,,,,,,,,False,,,equity,
Ituran Location and Control Ltd,ITRN,,M6158M104,,,19112.0,966111.6,0.8569250953577143,,,,,ITEQ,2026-08-21,,,,,,,,50.55,112746960.0,1800000.0,36.0,,,,,,,,False,,,equity,
Kornit Digital Ltd,KRNT,,M6372Q113,,,68838.0,1131696.72,1.0037963726985706,,,,,ITEQ,2026-08-21,,,,,,,,16.44,112746960.0,1800000.0,36.0,,,,,,,,False,,,equity,
Lemonade Inc,LMND,,52567D107,,,35502.0,1800306.42,1.5968421770648495,,,,,ITEQ,2026-08-21,,,,,,,,50.71,112746960.0,1800000.0,36.0,,,,,,,,False,,,equity,
Mobileye Global Inc,MBLY,,60741F104,,,159145.0,1413207.6,1.2534918920239098,,,,,ITEQ,2026-08-21,,,,,,,,8.88,112746960.0,1800000.0,36.0,,,,,,,,False,,,equity,
Monday.com Ltd,MNDY,,M7S64H106,,,24448.0,2232102.4,1.9798381076970641,,,,,ITEQ,2026-08-21,,,,,,,,91.3,112746960.0,1800000.0,36.0,,,,,,,,False,,,equity,
Meshek Energy Renewable Energies Ltd,MSKE,,BMFR0X2,,,262876.0,823461.7,0.7303969808414736,,,,,ITEQ,2026-08-21,,,,,,,,9.385,112746960.0,1800000.0,36.0,,,,,,,,False,,,equity,
Matrix IT Ltd,MTRX,,6747754,,,46042.0,1490678.91,1.3222076694860962,,,,,ITEQ,2026-08-21,,,,,,,,97.0,112746960.0,1800000.0,36.0,,,,,,,,False,,,equity,
Nice Ltd,NICE,,653656108,,,28838.0,2894470.06,2.5673473252733423,,,,,ITEQ,2026-08-21,,,,,,,,100.37,112746960.0,1800000.0,36.0,,,,,,,,False,,,equity,
Nano Dimension Ltd,NNDM,,63008G203,,,674642.0,1025455.84,0.9095624599447155,,,,,ITEQ,2026-08-21,,,,,,,,1.52,112746960.0,1800000.0,36.0,,,,,,,,False,,,equity,
OY Nofar Energy Ltd,NOFR,,BMTS893,,,17621.0,1105723.63,0.9807586691610243,,,,,ITEQ,2026-08-21,,,,,,,,188.0,112746960.0,1800000.0,36.0,,,,,,,,False,,,equity,
Novocure Ltd,NVCR,,G6674U108,,,77252.0,1372768.04,1.2176226675893578,,,,,ITEQ,2026-08-21,,,,,,,,17.77,112746960.0,1800000.0,36.0,,,,,,,,False,,,equity,
Nova Ltd,NVMI,,M7516K103,,,8119.0,3116640.53,2.764408877158671,,,,,ITEQ,2026-08-21,,,,,,,,383.87,112746960.0,1800000.0,36.0,,,,,,,,False,,,equity,
Next Vision Stabilized Systems Ltd,NXSN,,BN6JDH9,,,28469.0,2109518.69,1.8711083735948626,,,,,ITEQ,2026-08-21,,,,,,,,222.0,112746960.0,1800000.0,36.0,,,,,,,,False,,,equity,
Nayax Ltd,NYAX,,BMXT7N9,,,18724.0,895577.17,0.794362216334471,,,,,ITEQ,2026-08-21,,,,,,,,143.3,112746960.0,1800000.0,36.0,,,,,,,,False,,,equity,
Ondas Inc,ONDS,,68236H204,,,268389.0,2249099.82,1.9949145396065195,,,,,ITEQ,2026-08-21,,,,,,,,8.38,112746960.0,1800000.0,36.0,,,,,,,,False,,,equity,
One Software Technologies Ltd,ONE,,6987709,,,52160.0,1131642.19,1.003748005485663,,,,,ITEQ,2026-08-21,,,,,,,,65.0,112746960.0,1800000.0,36.0,,,,,,,,False,,,equity,
Ormat Technologies Inc,ORA,,686688102,,,19951.0,2160693.3,1.916499410773325,,,,,ITEQ,2026-08-21,,,,,,,,108.3,112746960.0,1800000.0,36.0,,,,,,,,False,,,equity,
Palo Alto Networks Inc,PANW,,697435105,,,32423.0,11333783.88,10.052879845488581,,,,,ITEQ,2026-08-21,,,,,,,,349.56,112746960.0,1800000.0,36.0,,,,,,,,False,,,equity,
Payoneer Global Inc,PAYO,,70451X104,,,209136.0,1482774.24,1.3151963572386072,,,,,ITEQ,2026-08-21,,,,,,,,7.09,112746960.0,1800000.0,36.0,,,,,,,,False,,,equity,
Pagaya Technologies Ltd,PGY,,M7S64L123,,,78221.0,1583193.04,1.4042661808135517,,,,,ITEQ,2026-08-21,,,,,,,,20.24,112746960.0,1800000.0,36.0,,,,,,,,False,,,equity,
Playtika Holding Corp,PLTK,,72815L107,,,320884.0,754077.4,0.6688542482070365,,,,,ITEQ,2026-08-21,,,,,,,,2.35,112746960.0,1800000.0,36.0,,,,,,,,False,,,equity,
Plus500 Ltd,PLUS,,BBT3PS9,,,30449.0,1500159.31,1.3306166283206962,,,,,ITEQ,2026-08-21,,,,,,,,36.14,112746960.0,1800000.0,36.0,,,,,,,,False,,,equity,
Priortech Ltd,PRTC,,6677776,,,11109.0,1091247.9,0.9679189347963583,,,,,ITEQ,2026-08-21,,,,,,,,294.3,112746960.0,1800000.0,36.0,,,,,,,,False,,,equity,
Qualitau Ltd,QLTU,,6221689,,,5935.0,771391.52,0.6842115878063488,,,,,ITEQ,2026-08-21,,,,,,,,389.4,112746960.0,1800000.0,36.0,,,,,,,,False,,,equity,
Radware Ltd,RDWR,,M81873107,,,39987.0,1078849.26,0.9569215450907529,,,,,ITEQ,2026-08-21,,,,,,,,26.98,112746960.0,1800000.0,36.0,,,,,,,,False,,,equity,
Riskified Ltd,RSKD,,M8216R109,,,214731.0,1277649.45,1.1332540430887914,,,,,ITEQ,2026-08-21,,,,,,,,5.95,112746960.0,1800000.0,36.0,,,,,,,,False,,,equity,
SentinelOne Inc,S,,81730H109,,,155633.0,3258955.02,2.8906394885228597,,,,,ITEQ,2026-08-21,,,,,,,,20.94,112746960.0,1800000.0,36.0,,,,,,,,False,,,equity,
SolarEdge Technologies Inc,SEDG,,83417M104,,,31965.0,987718.5,0.8760900601949905,,,,,ITEQ,2026-08-21,,,,,,,,30.9,112746960.0,1800000.0,36.0,,,,,,,,False,,,equity,
Stratasys Ltd,SSYS,,M85548101,,,128353.0,1008854.58,0.8948374154378923,,,,,ITEQ,2026-08-21,,,,,,,,7.86,112746960.0,1800000.0,36.0,,,,,,,,False,,,equity,
TAT Technologies Ltd,TATT,,M8740S227,,,25208.0,912529.6,0.8093987428540728,,,,,ITEQ,2026-08-21,,,,,,,,36.2,112746960.0,1800000.0,36.0,,,,,,,,False,,,equity,
Taboola.com Ltd,TBLA,,M8744T106,,,246582.0,907421.76,0.8048681728049482,,,,,ITEQ,2026-08-21,,,,,,,,3.68,112746960.0,1800000.0,36.0,,,,,,,,False,,,equity,
Tower Semiconductor Ltd,TSEM,,M87915274,,,31552.0,7060706.56,6.262730560548945,,,,,ITEQ,2026-08-21,,,,,,,,223.78,112746960.0,1800000.0,36.0,,,,,,,,False,,,equity,
UroGen Pharma Ltd,URGN,,M96088105,,,43319.0,2027329.2,1.7982076480931173,,,,,ITEQ,2026-08-21,,,,,,,,46.8,112746960.0,1800000.0,36.0,,,,,,,,False,,,equity,
Vishay Precision Group Inc,VPG,,92835K103,,,10281.0,640095.06,0.5677537877906672,,,,,ITEQ,2026-08-21,,,,,,,,62.26,112746960.0,1800000.0,36.0,,,,,,,,False,,,equity,
Varonis Systems Inc,VRNS,,922280102,,,58343.0,2383311.55,2.1139581361520676,,,,,ITEQ,2026-08-21,,,,,,,,40.85,112746960.0,1800000.0,36.0,,,,,,,,False,,,equity,
Weebit Nano Ltd,WBT,,BD82NL0,,,280745.0,831955.55,0.7379308860561551,,,,,ITEQ,2026-08-21,,,,,,,,4.16,112746960.0,1800000.0,36.0,,,,,,,,False,,,equity,
Wix.com Ltd,WIX,,M98068105,,,22707.0,1870829.73,1.659395192831032,,,,,ITEQ,2026-08-21,,,,,,,,82.39,112746960.0,1800000.0,36.0,,,,,,,,False,,,equity,
Cash & Other,Cash&Other,,Cash&Other,,,702493.99,702493.99,0.623100612153887,,,,,ITEQ,2026-08-21,,,,,,,,1.0,112746960.0,1800000.0,36.0,,,,,,,,True,,,cash,
AECOM,ACM,,00766T100,,,16483.0,1074361.94,2.5101842787376616,,,,,COWS,2026-08-21,,,,,,,,65.18,42800749.0,1070000.0,107.0,,,,,,,,False,,,equity,
Accenture PLC,ACN,,G1151C101,,,3887.0,704907.45,1.6469753190950291,,,,,COWS,2026-08-21,,,,,,,,181.35,42800749.0,1070000.0,107.0,,,,,,,,False,,,equity,
Invesco Government & Agency Portfolio 12/31/2031,AGPXX,,825252885,,,118157.35,118157.35,0.2760677862316153,,,,,COWS,2026-08-21,,,,,,,,100.0,42800749.0,1070000.0,107.0,,,,,,,,True,,,money_market,
Allison Transmission Holdings Inc,ALSN,,01973R101,,,9928.0,1279024.24,2.988365856828832,,,,,COWS,2026-08-21,,,,,,,,128.83,42800749.0,1070000.0,107.0,,,,,,,,False,,,equity,
Apollo Global Management Inc,APO,,03769M106,,,5054.0,656918.92,1.5348529057063618,,,,,COWS,2026-08-21,,,,,,,,129.98,42800749.0,1070000.0,107.0,,,,,,,,False,,,equity,
Avery Dennison Corp,AVY,,053611109,,,7240.0,1322603.2,3.0901855660003403,,,,,COWS,2026-08-21,,,,,,,,182.68,42800749.0,1070000.0,107.0,,,,,,,,False,,,equity,
Booz Allen Hamilton Holding Corp,BAH,,099502106,,,8578.0,655016.08,1.5304070305546849,,,,,COWS,2026-08-21,,,,,,,,76.36,42800749.0,1070000.0,107.0,,,,,,,,False,,,equity,
Booking Holdings Inc,BKNG,,09857L108,,,7033.0,1476015.71,3.448624986112043,,,,,COWS,2026-08-21,,,,,,,,209.87,42800749.0,1070000.0,107.0,,,,,,,,False,,,equity,
Crown Holdings Inc,CCK,,228368106,,,11840.0,1387056.0,3.2407757900738234,,,,,COWS,2026-08-21,,,,,,,,117.15,42800749.0,1070000.0,107.0,,,,,,,,False,,,equity,
Cigna Group/The,CI,,125523100,,,3818.0,1047697.38,2.4478840828544595,,,,,COWS,2026-08-21,,,,,,,,274.41,42800749.0,1070000.0,107.0,,,,,,,,False,,,equity,
Commercial Metals Co,CMC,,201723103,,,15363.0,1002896.64,2.3432097556683966,,,,,COWS,2026-08-21,,,,,,,,65.28,42800749.0,1070000.0,107.0,,,,,,,,False,,,equity,
Cencora Inc,COR,,03073E105,,,4017.0,1264109.73,2.953518970380978,,,,,COWS,2026-08-21,,,,,,,,314.69,42800749.0,1070000.0,107.0,,,,,,,,False,,,equity,
Cognizant Technology Solutions Corp,CTSH,,192446102,,,12792.0,779288.64,1.8207626498076181,,,,,COWS,2026-08-21,,,,,,,,60.92,42800749.0,1070000.0,107.0,,,,,,,,False,,,equity,
EQT Corp,EQT,,26884L109,,,21483.0,1157718.87,2.7049429046899514,,,,,COWS,2026-08-21,,,,,,,,53.89,42800749.0,1070000.0,107.0,,,,,,,,False,,,equity,
Evercore Inc,EVR,,29977A105,,,1944.0,558102.96,1.3039751539494726,,,,,COWS,2026-08-21,,,,,,,,287.09,42800749.0,1070000.0,107.0,,,,,,,,False,,,equity,
FactSet Research Systems Inc,FDS,,303075105,,,2659.0,797859.54,1.864152479143912,,,,,COWS,2026-08-21,,,,,,,,300.06,42800749.0,1070000.0,107.0,,,,,,,,False,,,equity,
FedEx Corp,FDX,,31428X106,,,3540.0,1154181.6,2.6966782787635615,,,,,COWS,2026-08-21,,,,,,,,326.04,42800749.0,1070000.0,107.0,,,,,,,,False,,,equity,
Hasbro Inc,HAS,,418056107,,,13736.0,1285140.16,3.002655348723916,,,,,COWS,2026-08-21,,,,,,,,93.56,42800749.0,1070000.0,107.0,,,,,,,,False,,,equity,
Intercontinental Exchange Inc,ICE,,45866F104,,,4723.0,749115.03,1.7502637623891366,,,,,COWS,2026-08-21,,,,,,,,158.61,42800749.0,1070000.0,107.0,,,,,,,,False,,,equity,
Intuit Inc,INTU,,461202103,,,3976.0,1438795.12,3.3616612391802225,,,,,COWS,2026-08-21,,,,,,,,361.87,42800749.0,1070000.0,107.0,,,,,,,,False,,,equity,
Jack Henry & Associates Inc,JKHY,,426281101,,,5193.0,857260.44,2.0029392322588513,,,,,COWS,2026-08-21,,,,,,,,165.08,42800749.0,1070000.0,107.0,,,,,,,,False,,,equity,
KKR & Co Inc,KKR,,48251W104,,,6977.0,746678.54,1.7445710450044334,,,,,COWS,2026-08-21,,,,,,,,107.02,42800749.0,1070000.0,107.0,,,,,,,,False,,,equity,
Leidos Holdings Inc,LDOS,,525327102,,,5444.0,769618.28,1.7981684152783,,,,,COWS,2026-08-21,,,,,,,,141.37,42800749.0,1070000.0,107.0,,,,,,,,False,,,equity,
Cheniere Energy Inc,LNG,,16411R208,,,4671.0,1304003.07,3.0467274424665924,,,,,COWS,2026-08-21,,,,,,,,279.17,42800749.0,1070000.0,107.0,,,,,,,,False,,,equity,
McKesson Corp,MCK,,58155Q103,,,1428.0,1197735.0,2.7984382684794786,,,,,COWS,2026-08-21,,,,,,,,838.75,42800749.0,1070000.0,107.0,,,,,,,,False,,,equity,
Marsh & McLennan Cos Inc,MRSH,,571748102,,,3965.0,754182.65,1.7621039622147343,,,,,COWS,2026-08-21,,,,,,,,190.21,42800749.0,1070000.0,107.0,,,,,,,,False,,,equity,
Owens Corning,OC,,690742101,,,9819.0,1444964.04,3.376074562497307,,,,,COWS,2026-08-21,,,,,,,,147.16,42800749.0,1070000.0,107.0,,,,,,,,False,,,equity,
Oshkosh Corp,OSK,,688239201,,,8903.0,1359755.19,3.176989033016138,,,,,COWS,2026-08-21,,,,,,,,152.73,42800749.0,1070000.0,107.0,,,,,,,,False,,,equity,
Pentair PLC,PNR,,G7S00T104,,,15829.0,1009573.62,2.358810131669659,,,,,COWS,2026-08-21,,,,,,,,63.78,42800749.0,1070000.0,107.0,,,,,,,,False,,,equity,
Raymond James Financial Inc,RJF,,754730109,,,4402.0,758684.7,1.772622740581074,,,,,COWS,2026-08-21,,,,,,,,172.35,42800749.0,1070000.0,107.0,,,,,,,,False,,,equity,
Roper Technologies Inc,ROP,,776696106,,,3380.0,1387321.0,3.241394947183825,,,,,COWS,2026-08-21,,,,,,,,410.45,42800749.0,1070000.0,107.0,,,,,,,,False,,,equity,
Range Resources Corp,RRC,,75281A109,,,28878.0,1174468.26,2.74407688169629,,,,,COWS,2026-08-21,,,,,,,,40.67,42800749.0,1070000.0,107.0,,,,,,,,False,,,equity,
SEI Investments Co,SEIC,,784117103,,,7462.0,802911.2,1.8759553893563936,,,,,COWS,2026-08-21,,,,,,,,107.6,42800749.0,1070000.0,107.0,,,,,,,,False,,,equity,
TD SYNNEX Corp,SNX,,87162W100,,,4219.0,1057998.63,2.471952355229546,,,,,COWS,2026-08-21,,,,,,,,250.77,42800749.0,1070000.0,107.0,,,,,,,,False,,,equity,
SS&C Technologies Holdings Inc,SSNC,,78467J100,,,16560.0,1359907.2,3.1773441955530863,,,,,COWS,2026-08-21,,,,,,,,82.12,42800749.0,1070000.0,107.0,,,,,,,,False,,,equity,
Constellation Brands Inc,STZ,,21036P108,,,7944.0,1065608.16,2.489731580147531,,,,,COWS,2026-08-21,,,,,,,,134.14,42800749.0,1070000.0,107.0,,,,,,,,False,,,equity,
T-Mobile US Inc,TMUS,,872590104,,,6088.0,1103267.36,2.5777201138718713,,,,,COWS,2026-08-21,,,,,,,,181.22,42800749.0,1070000.0,107.0,,,,,,,,False,,,equity,
TransUnion,TRU,,89400J107,,,9771.0,831609.81,1.9430080249361905,,,,,COWS,2026-08-21,,,,,,,,85.11,42800749.0,1070000.0,107.0,,,,,,,,False,,,equity,
Tetra Tech Inc,TTEK,,88162G103,,,41634.0,1522555.38,3.5573622222539325,,,,,COWS,2026-08-21,,,,,,,,36.57,42800749.0,1070000.0,107.0,,,,,,,,False,,,equity,
Williams-Sonoma Inc,WSM,,969904101,,,5463.0,1287629.1,3.0084706124875615,,,,,COWS,2026-08-21,,,,,,,,235.7,42800749.0,1070000.0,107.0,,,,,,,,False,,,equity,
Zoetis Inc,ZTS,,98978V103,,,13902.0,1042928.04,2.4367407969261117,,,,,COWS,2026-08-21,,,,,,,,75.02,42800749.0,1070000.0,107.0,,,,,,,,False,,,equity,
Cash & Other,Cash&Other,,Cash&Other,,,52496.02,52496.02,0.12265390199907664,,,,,COWS,2026-08-21,,,,,,,,1.0,42800749.0,1070000.0,107.0,,,,,,,,True,,,cash,
Abbott Laboratories,ABT,,002824100,,,287.0,32758.18,2.5619960653656566,,,,,DRVR,2026-08-21,,,,,,,,114.14,1278660.0,50000.0,5.0,,,,,,,,False,,,equity,
Accenture PLC,ACN,,G1151C101,,,392.0,71089.2,5.559840341862468,,,,,DRVR,2026-08-21,,,,,,,,181.35,1278660.0,50000.0,5.0,,,,,,,,False,,,equity,
Automatic Data Processing Inc,ADP,,053015103,,,127.0,35459.67,2.7732778505754783,,,,,DRVR,2026-08-21,,,,,,,,279.21,1278660.0,50000.0,5.0,,,,,,,,False,,,equity,
Aflac Inc,AFL,,001055102,,,166.0,19284.22,1.508206370550675,,,,,DRVR,2026-08-21,,,,,,,,116.17,1278660.0,50000.0,5.0,,,,,,,,False,,,equity,
Invesco Government & Agency Portfolio 12/31/2031,AGPXX,,825252885,,,1488.86,1488.86,0.11644277740339394,,,,,DRVR,2026-08-21,,,,,,,,100.0,1278660.0,50000.0,5.0,,,,,,,,True,,,money_market,
Allstate Corp/The,ALL,,020002101,,,71.0,18072.34,1.4134260197590458,,,,,DRVR,2026-08-21,,,,,,,,254.54,1278660.0,50000.0,5.0,,,,,,,,False,,,equity,
Best Buy Co Inc,BBY,,086516101,,,554.0,47494.42,3.7145078623667107,,,,,DRVR,2026-08-21,,,,,,,,85.73,1278660.0,50000.0,5.0,,,,,,,,False,,,equity,
Broadridge Financial Solutions Inc,BR,,11133T103,,,202.0,36057.0,2.819994643441409,,,,,DRVR,2026-08-21,,,,,,,,178.5,1278660.0,50000.0,5.0,,,,,,,,False,,,equity,
Cintas Corp,CTAS,,172908105,,,55.0,11193.6,0.8754442144611518,,,,,DRVR,2026-08-21,,,,,,,,203.52,1278660.0,50000.0,5.0,,,,,,,,False,,,equity,
DR Horton Inc,DHI,,23331A109,,,80.0,11786.4,0.9218067189577008,,,,,DRVR,2026-08-21,,,,,,,,147.33,1278660.0,50000.0,5.0,,,,,,,,False,,,equity,
Domino's Pizza Inc,DPZ,,25754A201,,,80.0,26749.6,2.092068910730241,,,,,DRVR,2026-08-21,,,,,,,,334.37,1278660.0,50000.0,5.0,,,,,,,,False,,,equity,
Fastenal Co,FAST,,311900104,,,436.0,22087.76,1.7274694202407137,,,,,DRVR,2026-08-21,,,,,,,,50.66,1278660.0,50000.0,5.0,,,,,,,,False,,,equity,
Fifth Third Bancorp,FITB,,316773100,,,502.0,27359.0,2.139729690487658,,,,,DRVR,2026-08-21,,,,,,,,54.5,1278660.0,50000.0,5.0,,,,,,,,False,,,equity,
Goldman Sachs Group Inc/The,GS,,38141G104,,,17.0,17033.15,1.3321516421481,,,,,DRVR,2026-08-21,,,,,,,,1001.95,1278660.0,50000.0,5.0,,,,,,,,False,,,equity,
Home Depot Inc/The,HD,,437076102,,,77.0,25755.73,2.0143389810001717,,,,,DRVR,2026-08-21,,,,,,,,334.49,1278660.0,50000.0,5.0,,,,,,,,False,,,equity,
Illinois Tool Works Inc,ITW,,452308109,,,89.0,25163.86,1.9680492112019727,,,,,DRVR,2026-08-21,,,,,,,,282.74,1278660.0,50000.0,5.0,,,,,,,,False,,,equity,
KLA CORP,KLAC,,482480100,,,14.0,2602.04,0.20350386504757145,,,,,DRVR,2026-08-21,,,,,,,,185.86,1278660.0,50000.0,5.0,,,,,,,,False,,,equity,
Lennox International Inc,LII,,526107107,,,17.0,6902.85,0.5398674328002754,,,,,DRVR,2026-08-21,,,,,,,,406.05,1278660.0,50000.0,5.0,,,,,,,,False,,,equity,
Lowe's Cos Inc,LOW,,548661107,,,106.0,23038.04,1.801790204270708,,,,,DRVR,2026-08-21,,,,,,,,217.34,1278660.0,50000.0,5.0,,,,,,,,False,,,equity,
Lam Research Corp,LRCX,,512807306,,,8.0,2484.24,0.1942908032565905,,,,,DRVR,2026-08-21,,,,,,,,310.53,1278660.0,50000.0,5.0,,,,,,,,False,,,equity,
Mastercard Inc,MA,,57636Q104,,,13.0,7460.05,0.5834456843277334,,,,,DRVR,2026-08-21,,,,,,,,573.85,1278660.0,50000.0,5.0,,,,,,,,False,,,equity,
Masco Corp,MAS,,574599106,,,194.0,14226.02,1.1126078208805599,,,,,DRVR,2026-08-21,,,,,,,,73.33,1278660.0,50000.0,5.0,,,,,,,,False,,,equity,
Mondelez International Inc,MDLZ,,609207105,,,593.0,38035.02,2.9746943079897616,,,,,DRVR,2026-08-21,,,,,,,,64.14,1278660.0,50000.0,5.0,,,,,,,,False,,,equity,
Altria Group Inc,MO,,02209S103,,,776.0,51945.44,4.062619257043212,,,,,DRVR,2026-08-21,,,,,,,,66.94,1278660.0,50000.0,5.0,,,,,,,,False,,,equity,
Marsh & McLennan Cos Inc,MRSH,,571748102,,,128.0,24346.88,1.9041537339354568,,,,,DRVR,2026-08-21,,,,,,,,190.21,1278660.0,50000.0,5.0,,,,,,,,False,,,equity,
Morgan Stanley,MS,,617446448,,,96.0,19915.2,1.5575549081472209,,,,,DRVR,2026-08-21,,,,,,,,207.45,1278660.0,50000.0,5.0,,,,,,,,False,,,equity,
MSCI Inc,MSCI,,55354G100,,,25.0,14218.75,1.112039238883782,,,,,DRVR,2026-08-21,,,,,,,,568.75,1278660.0,50000.0,5.0,,,,,,,,False,,,equity,
NIKE Inc,NKE,,654106103,,,914.0,36751.94,2.874345451259951,,,,,DRVR,2026-08-21,,,,,,,,40.21,1278660.0,50000.0,5.0,,,,,,,,False,,,equity,
Paychex Inc,PAYX,,704326107,,,424.0,52113.84,4.075789712099249,,,,,DRVR,2026-08-21,,,,,,,,122.91,1278660.0,50000.0,5.0,,,,,,,,False,,,equity,
PepsiCo Inc,PEP,,713448108,,,311.0,44186.88,3.455827298732238,,,,,DRVR,2026-08-21,,,,,,,,142.08,1278660.0,50000.0,5.0,,,,,,,,False,,,equity,
Philip Morris International Inc,PM,,718172109,,,167.0,31983.84,2.5014354349138053,,,,,DRVR,2026-08-21,,,,,,,,191.52,1278660.0,50000.0,5.0,,,,,,,,False,,,equity,
PNC Financial Services Group Inc/The,PNC,,693475105,,,122.0,29477.64,2.305427154263921,,,,,DRVR,2026-08-21,,,,,,,,241.62,1278660.0,50000.0,5.0,,,,,,,,False,,,equity,
QUALCOMM Inc,QCOM,,747525103,,,109.0,17520.66,1.3702794838605028,,,,,DRVR,2026-08-21,,,,,,,,160.74,1278660.0,50000.0,5.0,,,,,,,,False,,,equity,
Regions Financial Corp,RF,,7591EP100,,,1140.0,34450.8,2.6943747805494436,,,,,DRVR,2026-08-21,,,,,,,,30.22,1278660.0,50000.0,5.0,,,,,,,,False,,,equity,
Raymond James Financial Inc,RJF,,754730109,,,85.0,14649.75,1.1457474700545187,,,,,DRVR,2026-08-21,,,,,,,,172.35,1278660.0,50000.0,5.0,,,,,,,,False,,,equity,
Starbucks Corp,SBUX,,855244109,,,224.0,23293.76,1.8217899000363242,,,,,DRVR,2026-08-21,,,,,,,,103.99,1278660.0,50000.0,5.0,,,,,,,,False,,,equity,
Snap-on Inc,SNA,,833034101,,,62.0,24258.74,1.8972603615563646,,,,,DRVR,2026-08-21,,,,,,,,391.27,1278660.0,50000.0,5.0,,,,,,,,False,,,equity,
Steel Dynamics Inc,STLD,,858119100,,,40.0,8760.0,0.6851139328437402,,,,,DRVR,2026-08-21,,,,,,,,219.0,1278660.0,50000.0,5.0,,,,,,,,False,,,equity,
State Street Corp,STT,,857477103,,,111.0,20320.77,1.5892742754695308,,,,,DRVR,2026-08-21,,,,,,,,183.07,1278660.0,50000.0,5.0,,,,,,,,False,,,equity,
Skyworks Solutions Inc,SWKS,,83088M102,,,638.0,43345.72,3.3900407193086264,,,,,DRVR,2026-08-21,,,,,,,,67.94,1278660.0,50000.0,5.0,,,,,,,,False,,,equity,
Target Corp,TGT,,87612E106,,,245.0,38771.25,3.0322743799963314,,,,,DRVR,2026-08-21,,,,,,,,158.25,1278660.0,50000.0,5.0,,,,,,,,False,,,equity,
Texas Pacific Land Corp,TPL,,88262P102,,,13.0,4804.28,0.37573963074001415,,,,,DRVR,2026-08-21,,,,,,,,369.56,1278660.0,50000.0,5.0,,,,,,,,False,,,equity,
T Rowe Price Group Inc,TROW,,74144T108,,,378.0,42407.82,3.316688167069569,,,,,DRVR,2026-08-21,,,,,,,,112.19,1278660.0,50000.0,5.0,,,,,,,,False,,,equity,
Tractor Supply Co,TSCO,,892356106,,,1002.0,35120.1,2.7467203005554155,,,,,DRVR,2026-08-21,,,,,,,,35.05,1278660.0,50000.0,5.0,,,,,,,,False,,,equity,
Texas Instruments Inc,TXN,,882508104,,,67.0,17795.2,1.3917510796507906,,,,,DRVR,2026-08-21,,,,,,,,265.6,1278660.0,50000.0,5.0,,,,,,,,False,,,equity,
UnitedHealth Group Inc,UNH,,91324P102,,,50.0,19242.5,1.50494347634083,,,,,DRVR,2026-08-21,,,,,,,,384.85,1278660.0,50000.0,5.0,,,,,,,,False,,,equity,
United Parcel Service Inc,UPS,,911312106,,,483.0,49546.14,3.8749715562359075,,,,,DRVR,2026-08-21,,,,,,,,102.58,1278660.0,50000.0,5.0,,,,,,,,False,,,equity,
Visa Inc,V,,92826C839,,,23.0,8411.79,0.6578806540132016,,,,,DRVR,2026-08-21,,,,,,,,365.73,1278660.0,50000.0,5.0,,,,,,,,False,,,equity,
Williams-Sonoma Inc,WSM,,969904101,,,59.0,13906.3,1.0876027265188246,,,,,DRVR,2026-08-21,,,,,,,,235.7,1278660.0,50000.0,5.0,,,,,,,,False,,,equity,
Zoetis Inc,ZTS,,98978V103,,,420.0,31508.4,2.464251580092889,,,,,DRVR,2026-08-21,,,,,,,,75.02,1278660.0,50000.0,5.0,,,,,,,,False,,,equity,
Cash & Other,Cash&Other,,Cash&Other,,,1983.81,1983.81,0.15515249670259593,,,,,DRVR,2026-08-21,,,,,,,,1.0,1278660.0,50000.0,5.0,,,,,,,,True,,,cash,
Hana Tour Service Inc,039130 KS,,6311632,,,52167.0,1185571.07,3.1241311275891794,,,,,AWAY,2026-08-21,,,,,,,,31650.0,37950980.0,1900000.0,38.0,,,,,,,,False,,,equity,
Dida Inc,2559,,BS854B1,,,2903753.0,436871.71,1.1512127298906787,,,,,AWAY,2026-08-21,,,,,,,,1.18,37950980.0,1900000.0,38.0,,,,,,,,False,,,equity,
TravelSky Technology Ltd,696,,6321954,,,1140695.0,1198419.86,3.15798932960389,,,,,AWAY,2026-08-21,,,,,,,,8.24,37950980.0,1900000.0,38.0,,,,,,,,False,,,equity,
Tongcheng Travel Holdings Ltd,780,,BGM5R25,,,729550.0,1241791.19,3.272278321235528,,,,,AWAY,2026-08-21,,,,,,,,13.35,37950980.0,1900000.0,38.0,,,,,,,,False,,,equity,
Airbnb Inc,ABNB,,009066101,,,10881.0,2012985.0,5.304472466479891,,,,,AWAY,2026-08-21,,,,,,,,185.0,37950980.0,1900000.0,38.0,,,,,,,,False,,,equity,
accesso Technology Group PLC,ACSO,,0177142,,,125144.0,528868.77,1.3936367279667194,,,,,AWAY,2026-08-21,,,,,,,,3.1,37950980.0,1900000.0,38.0,,,,,,,,False,,,equity,
Invesco Government & Agency Portfolio 12/31/2031,AGPXX,,825252885,,,225115.23,225115.23,0.5932073708051914,,,,,AWAY,2026-08-21,,,,,,,,100.0,37950980.0,1900000.0,38.0,,,,,,,,True,,,money_market,
Amadeus IT Group SA,AMS,,B3MSM28,,,20789.0,1370372.33,3.6111060406862925,,,,,AWAY,2026-08-21,,,,,,,,56.42,37950980.0,1900000.0,38.0,,,,,,,,False,,,equity,
Booking Holdings Inc,BKNG,,09857L108,,,8699.0,1825659.13,4.81084488372374,,,,,AWAY,2026-08-21,,,,,,,,209.87,37950980.0,1900000.0,38.0,,,,,,,,False,,,equity,
BRAZILIAN REAL,BRL,,CASHBRL,,,-104560.92,-20153.02,-0.05310578057284013,,,,,AWAY,2026-08-21,,,,,,,,1.0,37950980.0,1900000.0,38.0,,,,,,,,False,,,cash_fx,
Corporate Travel Management Ltd,CTD,,B3R1D52,,,170767.0,833276.78,2.195790697132379,,,,,AWAY,2026-08-21,,,,,,,,6.85,37950980.0,1900000.0,38.0,,,,,,,,False,,,equity,
CVC Brasil Operadora e Agencia de Viagens SA,CVCB3 BZ,,BGSH2S6,,,2497386.0,731644.3,1.9279761372324948,,,,,AWAY,2026-08-21,,,,,,,,1.52,37950980.0,1900000.0,38.0,,,,,,,,False,,,equity,
eDreams ODIGEO SA,EDR,,BLG2YZ9,,,245915.0,1534257.22,4.042963648506065,,,,,AWAY,2026-08-21,,,,,,,,5.34,37950980.0,1900000.0,38.0,,,,,,,,False,,,equity,
Expedia Group Inc,EXPE,,30212P303,,,6410.0,2077929.7,5.475610042265998,,,,,AWAY,2026-08-21,,,,,,,,324.17,37950980.0,1900000.0,38.0,,,,,,,,False,,,equity,
Flight Centre Travel Group Ltd,FLT,,6352147,,,165535.0,1490498.93,3.9276549678724577,,,,,AWAY,2026-08-21,,,,,,,,12.64,37950980.0,1900000.0,38.0,,,,,,,,False,,,equity,
Global Business Travel Group I,GBTG,,37890B100,,,138912.0,1314107.52,3.4628410831845113,,,,,AWAY,2026-08-21,,,,,,,,9.46,37950980.0,1900000.0,38.0,,,,,,,,False,,,equity,
HBX Group International PLC,HBX,,BNXJB67,,,157611.0,1432643.13,3.775197548603974,,,,,AWAY,2026-08-21,,,,,,,,7.78,37950980.0,1900000.0,38.0,,,,,,,,False,,,equity,
HONG KONG DOLLAR,HKD,,CASHHKD,,,2367311.63,301833.67,0.795370254607748,,,,,AWAY,2026-08-21,,,,,,,,1.0,37950980.0,1900000.0,38.0,,,,,,,,False,,,cash_fx,
Hostelworld Group Plc,HSW,,BYYN422,,,591705.0,895373.87,2.3594244570230507,,,,,AWAY,2026-08-21,,,,,,,,1.11,37950980.0,1900000.0,38.0,,,,,,,,False,,,equity,
Lastminute.com NV,LMN,,BLLHQ53,,,31296.0,468332.85,1.2341168503357238,,,,,AWAY,2026-08-21,,,,,,,,11.95,37950980.0,1900000.0,38.0,,,,,,,,False,,,equity,
Lyft Inc,LYFT,,55087P104,,,91655.0,1594797.0,4.202493697729855,,,,,AWAY,2026-08-21,,,,,,,,17.4,37950980.0,1900000.0,38.0,,,,,,,,False,,,equity,
MakeMyTrip Ltd,MMYT,,V5633W109,,,28512.0,1733244.48,4.567320482685294,,,,,AWAY,2026-08-21,,,,,,,,60.79,37950980.0,1900000.0,38.0,,,,,,,,False,,,equity,
Navan Inc,NAVN,,639193101,,,57760.0,1649625.6,4.346974058525211,,,,,AWAY,2026-08-21,,,,,,,,28.56,37950980.0,1900000.0,38.0,,,,,,,,False,,,equity,
On the Beach Group PLC,OTB,,BYM1K75,,,661129.0,1670983.4,4.403254588208534,,,,,AWAY,2026-08-21,,,,,,,,1.854,37950980.0,1900000.0,38.0,,,,,,,,False,,,equity,
Sabre Corp,SABR,,78573M104,,,697316.0,1450417.28,3.8220347030239443,,,,,AWAY,2026-08-21,,,,,,,,2.08,37950980.0,1900000.0,38.0,,,,,,,,False,,,equity,
SiteMinder Ltd,SDR,,BLH35X6,,,480462.0,1338229.39,3.5264052901979794,,,,,AWAY,2026-08-21,,,,,,,,3.91,37950980.0,1900000.0,38.0,,,,,,,,False,,,equity,
TRIP.COM GROUP,TCOM,,89677Q107,,,27303.0,1267678.29,3.340494134660373,,,,,AWAY,2026-08-21,,,,,,,,46.43,37950980.0,1900000.0,38.0,,,,,,,,False,,,equity,
TripAdvisor Inc,TRIP,,896945201,,,108075.0,1083992.25,2.8564579686398988,,,,,AWAY,2026-08-21,,,,,,,,10.03,37950980.0,1900000.0,38.0,,,,,,,,False,,,equity,
Trainline PLC,TRN,,BKDTK92,,,425197.0,1101336.4,2.902162018163118,,,,,AWAY,2026-08-21,,,,,,,,1.9,37950980.0,1900000.0,38.0,,,,,,,,False,,,equity,
Uber Technologies Inc,UBER,,90353T100,,,20134.0,1581525.7,4.167522127924618,,,,,AWAY,2026-08-21,,,,,,,,78.55,37950980.0,1900000.0,38.0,,,,,,,,False,,,equity,
WEB Travel Group Ltd,WEB,,6015815,,,757747.0,1921626.53,5.063731234580633,,,,,AWAY,2026-08-21,,,,,,,,3.56,37950980.0,1900000.0,38.0,,,,,,,,False,,,equity,
Webjet Group Ltd,WJL,,BSY5JG5,,,1672750.0,482592.78,1.2716935864062513,,,,,AWAY,2026-08-21,,,,,,,,0.405,37950980.0,1900000.0,38.0,,,,,,,,False,,,equity,
Cash & Other,Cash&Other,,Cash&Other,,,-12622.84,-12622.84,-0.03326279491838292,,,,,AWAY,2026-08-21,,,,,,,,1.0,37950980.0,1900000.0,38.0,,,,,,,,True,,,cash,
ASCEND WELLNESS HOLDINGS SWAP NBC-L,04351N106 TRS 121727,,04351N106 TRS 121727,,,2153540.0,1026592.52,1.3038046424204788,,,,,CNBS,2026-08-21,,,,,,,,0.4767,78767232.68,2837467.0,56.75,,,,,,,,False,,,swap,
CRESCO LABS SWAP_R,22587M106 TRS 082727,,22587M106 TRS 082727,,,628021.0,500846.75,0.6360910537232523,,,,,CNBS,2026-08-21,,,,,,,,0.7975,78767232.68,2837467.0,56.75,,,,,,,,False,,,swap,
CRESCO LABS INC SWAP NBC-L,22587M106 TRS 121727,,22587M106 TRS 121727,,,6522543.0,5201728.04,6.606357473908711,,,,,CNBS,2026-08-21,,,,,,,,0.7975,78767232.68,2837467.0,56.75,,,,,,,,False,,,swap,
CURALEAF HLDGS SWAP NBC-L,23126M300 TRS 121727,,23126M300 TRS 121727,,,372701.0,3577929.6,4.5440826149148705,,,,,CNBS,2026-08-21,,,,,,,,9.6,78767232.68,2837467.0,56.75,,,,,,,,False,,,swap,
GLASS HOUSE BRANDS INC SWAP NBC-L,377130406 TRS 121727,,377130406 TRS 121727,,,634809.0,6043381.68,7.675283948399382,,,,,CNBS,2026-08-21,,,,,,,,9.52,78767232.68,2837467.0,56.75,,,,,,,,False,,,swap,
GREEN THUMB INDUSTRIES SWAP_R,39342L108 TRS 082727,,39342L108 TRS 082727,,,103138.0,774566.38,0.9837235538272036,,,,,CNBS,2026-08-21,,,,,,,,7.51,78767232.68,2837467.0,56.75,,,,,,,,False,,,swap,
GREEN THUMB INDS INC SWAP NBC-L,39342L108 TRS 121727,,39342L108 TRS 121727,,,1492859.0,11211371.09,14.238792305871021,,,,,CNBS,2026-08-21,,,,,,,,7.51,78767232.68,2837467.0,56.75,,,,,,,,False,,,swap,
JUSHI HLDGS INC SWAP NBC-L,48214U104 TRS 121727,,48214U104 TRS 121727,,,2698235.0,1260615.39,1.6010210144417398,,,,,CNBS,2026-08-21,,,,,,,,0.4672,78767232.68,2837467.0,56.75,,,,,,,,False,,,swap,
MARIMED INC SWAP NBC-L,56782V107 TRS 121727,,56782V107 TRS 121727,,,6896922.0,531062.99,0.674466624576322,,,,,CNBS,2026-08-21,,,,,,,,0.077,78767232.68,2837467.0,56.75,,,,,,,,False,,,swap,
PLANET 13 HLDGS INC SWAP NBC-L,72707C108 TRS 121727,,72707C108 TRS 121727,,,4269194.0,644648.29,0.8187235118666392,,,,,CNBS,2026-08-21,,,,,,,,0.151,78767232.68,2837467.0,56.75,,,,,,,,False,,,swap,
TERRASCEND CORP SWAP NBC-L,88105E108 TRS 121727,,88105E108 TRS 121727,,,5587993.0,3409234.53,4.329834594269398,,,,,CNBS,2026-08-21,,,,,,,,0.6101,78767232.68,2837467.0,56.75,,,,,,,,False,,,swap,
TRULIEVE CANNABIS SWAP_R,89790E106 TRS 082727,,89790E106 TRS 082727,,,160333.0,1643413.25,2.0871862818222433,,,,,CNBS,2026-08-21,,,,,,,,10.25,78767232.68,2837467.0,56.75,,,,,,,,False,,,swap,
TRULIEVE CANNABIS CORP SWAP NBC-L,89790E106 TRS 121727,,89790E106 TRS 121727,,,777665.0,7971066.25,10.123503706992913,,,,,CNBS,2026-08-21,,,,,,,,10.25,78767232.68,2837467.0,56.75,,,,,,,,False,,,swap,
United States Treasury Bill 09/10/2026,912797UF2,,912797UF2,,,20040000.0,19999864.29,25.400453832530896,,,,,CNBS,2026-08-21,,,,,,,,99.799722,78767232.68,2837467.0,56.75,,,,,,,,False,,,treasury,
United States Treasury Bill 11/05/2026,912797UM7,,912797UM7,,,1180000.0,1170825.24,1.4869847126638631,,,,,CNBS,2026-08-21,,,,,,,,99.222478,78767232.68,2837467.0,56.75,,,,,,,,False,,,treasury,
United States Treasury Bill 11/03/2026,912797VP9,,912797VP9,,,32741000.0,32493770.09,41.26810537552495,,,,,CNBS,2026-08-21,,,,,,,,99.244892,78767232.68,2837467.0,56.75,,,,,,,,False,,,treasury,
VERANO HLDGS CORP SWAP NOMURA,92339H200 TRS 082727,,92339H200 TRS 082727,,,20040.0,119839.2,0.15219953609632403,,,,,CNBS,2026-08-21,,,,,,,,5.98,78767232.68,2837467.0,56.75,,,,,,,,False,,,swap,
VERANO HLDGS CORP SWAP NBC-L,92339H200 TRS 121727,,92339H200 TRS 121727,,,994947.0,5949783.06,7.556410770480502,,,,,CNBS,2026-08-21,,,,,,,,5.98,78767232.68,2837467.0,56.75,,,,,,,,False,,,swap,
VIREO GROWTH INC SWAP NOMURA,92767B204 TRS 082727,,92767B204 TRS 082727,,,4724.133333,51200.16,0.06502580624751805,,,,,CNBS,2026-08-21,,,,,,,,10.838,78767232.68,2837467.0,56.75,,,,,,,,False,,,swap,
VIREO GROWTH INC SWAP NBC-L,92767B204 TRS 121727,,92767B204 TRS 121727,,,115383.0,1250520.95,1.588200759590638,,,,,CNBS,2026-08-21,,,,,,,,10.838,78767232.68,2837467.0,56.75,,,,,,,,False,,,swap,
CONTRA ZYNEBRA PHARMAC,989CVR022,,989CVR022,,,220858.0,0.0,0.0,,,,,CNBS,2026-08-21,,,,,,,,0.0,78767232.68,2837467.0,56.75,,,,,,,,False,,,equity,
Invesco Government & Agency Portfolio 12/31/2031,AGPXX,,825252885,,,582221.27,582221.27,0.7394392419126014,,,,,CNBS,2026-08-21,,,,,,,,100.0,78767232.68,2837467.0,56.75,,,,,,,,True,,,money_market,
Aleafia Health Inc,ALEAF,,01444Q104,,,78894.0,0.0,0.0,,,,,CNBS,2026-08-21,,,,,,,,0.0,78767232.68,2837467.0,56.75,,,,,,,,False,,,equity,
Clever Leaves Holdings Inc,CLVR,,186760203,,,4425.0,0.89,1.1303278653873555e-06,,,,,CNBS,2026-08-21,,,,,,,,0.0002,78767232.68,2837467.0,56.75,,,,,,,,False,,,equity,
Cronos Group Inc,CRON,,22717L101,,,128960.0,415251.2,0.5273820252758852,,,,,CNBS,2026-08-21,,,,,,,,3.22,78767232.68,2837467.0,56.75,,,,,,,,False,,,equity,
Curaleaf Holdings Inc,CURA,,BXM7BL7,,,1228127.999999,11770654.41,14.949099633109622,,,,,CNBS,2026-08-21,,,,,,,,13.22,78767232.68,2837467.0,56.75,,,,,,,,False,,,equity,
Charlottes Web Holdings Inc,CWEB,,BGHY2B1,,,112025.0,33704.55,0.042805833770046514,,,,,CNBS,2026-08-21,,,,,,,,0.415,78767232.68,2837467.0,56.75,,,,,,,,False,,,equity,
GrowGeneration Corp,GRWG,,39986L109,,,557435.0,992234.3,1.260168627284401,,,,,CNBS,2026-08-21,,,,,,,,1.78,78767232.68,2837467.0,56.75,,,,,,,,False,,,equity,
Hydrofarm Holdings Group Inc,HYFM,,44888K407,,,2781.0,2920.05,0.003708554925083537,,,,,CNBS,2026-08-21,,,,,,,,1.05,78767232.68,2837467.0,56.75,,,,,,,,False,,,equity,
Innovative Industrial Properties Inc,IIPR,,45781V101,,,39489.0,2240210.97,2.8451380716150982,,,,,CNBS,2026-08-21,,,,,,,,56.73,78767232.68,2837467.0,56.75,,,,,,,,False,,,equity,
Chicago Atlantic BDC Inc,LIEN,,828174102,,,30022.0,293615.16,0.3729004461215358,,,,,CNBS,2026-08-21,,,,,,,,9.78,78767232.68,2837467.0,56.75,,,,,,,,False,,,equity,
WM Technology Inc,MAPS,,92971A109,,,1464019.0,605737.86,0.7693060475034885,,,,,CNBS,2026-08-21,,,,,,,,0.41375,78767232.68,2837467.0,56.75,,,,,,,,False,,,equity,
Organigram Global Inc,OGI,,68617J100,,,120936.0,145123.2,0.18431100772380032,,,,,CNBS,2026-08-21,,,,,,,,1.2,78767232.68,2837467.0,56.75,,,,,,,,False,,,equity,
Chicago Atlantic Real Estate Finance Inc,REFI,,167239102,,,33345.0,353790.45,0.44932494847520443,,,,,CNBS,2026-08-21,,,,,,,,10.61,78767232.68,2837467.0,56.75,,,,,,,,False,,,equity,
RYTHM INC,RYM,,00853E404,,,12356.0,268248.76,0.340684323914163,,,,,CNBS,2026-08-21,,,,,,,,21.71,78767232.68,2837467.0,56.75,,,,,,,,False,,,equity,
SNDL Inc,SNDL,,83307B101,,,156636.0,208325.88,0.26458039016330603,,,,,CNBS,2026-08-21,,,,,,,,1.33,78767232.68,2837467.0,56.75,,,,,,,,False,,,equity,
Trulieve Cannabis Corp,TRLV,,89790E106,,,1000000.0,10250000.0,13.017820921595948,,,,,CNBS,2026-08-21,,,,,,,,10.25,78767232.68,2837467.0,56.75,,,,,,,,False,,,equity,
Cash & Other,Cash&Other,,Cash&Other,,,-54256082.36,-54256082.36,-68.90692332388691,,,,,CNBS,2026-08-21,,,,,,,,1.0,78767232.68,2837467.0,56.75,,,,,,,,True,,,cash,
Asustek Computer Inc,2357 TT,,6051046,,,38000.0,1084695.95,2.7515196909649977,,,,,GAMR,2026-08-21,,,,,,,,913.0,39423591.0,410000.0,41.0,,,,,,,,False,,,equity,
International Games System Co Ltd,3293 TT,,6744807,,,40000.0,947944.35,2.404625503546884,,,,,GAMR,2026-08-21,,,,,,,,758.0,39423591.0,410000.0,41.0,,,,,,,,False,,,equity,
Sony Group Corp,6758,,6821506,,,91000.0,2165492.69,5.493148358464657,,,,,GAMR,2026-08-21,,,,,,,,3777.0,39423591.0,410000.0,41.0,,,,,,,,False,,,equity,
Tencent Holdings Ltd,700,,BMMV2K8,,,65470.0,3768045.54,9.558302029027432,,,,,GAMR,2026-08-21,,,,,,,,451.4,39423591.0,410000.0,41.0,,,,,,,,False,,,equity,
Bandai Namco Holdings Inc,7832,,B0JDQD4,,,41870.0,1465133.44,3.7165654670797696,,,,,GAMR,2026-08-21,,,,,,,,5554.0,39423591.0,410000.0,41.0,,,,,,,,False,,,equity,
Nintendo Co Ltd,7974 JT,,6639550,,,42831.0,2369575.42,6.010839652675623,,,,,GAMR,2026-08-21,,,,,,,,8781.0,39423591.0,410000.0,41.0,,,,,,,,False,,,equity,
Bilibili Inc,9626,,BLF8533,,,53000.0,879830.68,2.2318433481153166,,,,,GAMR,2026-08-21,,,,,,,,130.2,39423591.0,410000.0,41.0,,,,,,,,False,,,equity,
Konami Group Corp,9766,,6496681,,,7913.0,1104788.81,2.8024887205237445,,,,,GAMR,2026-08-21,,,,,,,,22160.0,39423591.0,410000.0,41.0,,,,,,,,False,,,equity,
Invesco Government & Agency Portfolio 12/31/2031,AGPXX,,825252885,,,82700.14,82700.14,0.2097832702846932,,,,,GAMR,2026-08-21,,,,,,,,100.0,39423591.0,410000.0,41.0,,,,,,,,True,,,money_market,
Aristocrat Leisure Ltd,ALL,,6253983,,,25593.0,1126143.05,2.8566574595566436,,,,,GAMR,2026-08-21,,,,,,,,61.77,39423591.0,410000.0,41.0,,,,,,,,False,,,equity,
Advanced Micro Devices Inc,AMD,,007903107,,,7815.0,3668790.83,9.306525216376828,,,,,GAMR,2026-08-21,,,,,,,,469.455,39423591.0,410000.0,41.0,,,,,,,,False,,,equity,
AppLovin Corp,APP,,03831W108,,,3989.0,1231683.53,3.124379219662688,,,,,GAMR,2026-08-21,,,,,,,,308.77,39423591.0,410000.0,41.0,,,,,,,,False,,,equity,
JAPANESE YEN,JPY,,CASHJPY,,,-211041.0,-1329.64,-0.0033728628210464877,,,,,GAMR,2026-08-21,,,,,,,,1.0,39423591.0,410000.0,41.0,,,,,,,,False,,,cash_fx,
Meta Platforms Inc,META,,30303M102,,,6716.0,3665794.28,9.29892394679528,,,,,GAMR,2026-08-21,,,,,,,,545.83,39423591.0,410000.0,41.0,,,,,,,,False,,,equity,
Microsoft Corp,MSFT,,594918104,,,9780.0,4705647.0,11.936690995509267,,,,,GAMR,2026-08-21,,,,,,,,481.15,39423591.0,410000.0,41.0,,,,,,,,False,,,equity,
NETEASE INC,NTES,,64110W102,,,7599.0,910436.19,2.3094795404667545,,,,,GAMR,2026-08-21,,,,,,,,119.81,39423591.0,410000.0,41.0,,,,,,,,False,,,equity,
NVIDIA Corp,NVDA,,67066G104,,,18634.0,4040782.9,10.250147717675768,,,,,GAMR,2026-08-21,,,,,,,,216.85,39423591.0,410000.0,41.0,,,,,,,,False,,,equity,
ROBLOX Corp,RBLX,,771049103,,,21944.0,847696.72,2.1503299768441493,,,,,GAMR,2026-08-21,,,,,,,,38.63,39423591.0,410000.0,41.0,,,,,,,,False,,,equity,
Sea Ltd,SE,,81141R100,,,22275.0,2611521.0,6.624576642762059,,,,,GAMR,2026-08-21,,,,,,,,117.24,39423591.0,410000.0,41.0,,,,,,,,False,,,equity,
Take-Two Interactive Software Inc,TTWO,,874054109,,,4501.0,1080915.15,2.741929035032706,,,,,GAMR,2026-08-21,,,,,,,,240.15,39423591.0,410000.0,41.0,,,,,,,,False,,,equity,
NEW TAIWAN DOLLAR,TWD,,CASHTWD,,,-1.0,-0.03,-7.610021105817712e-08,,,,,GAMR,2026-08-21,,,,,,,,1.0,39423591.0,410000.0,41.0,,,,,,,,False,,,cash_fx,
Unity Software Inc,U,,91332U101,,,35729.0,1662827.66,4.218051195979159,,,,,GAMR,2026-08-21,,,,,,,,46.54,39423591.0,410000.0,41.0,,,,,,,,False,,,equity,
VK IPJSC,VKCO LI,,B53NQB3,,,21975.0,0.0,0.0,,,,,GAMR,2026-08-21,,,,,,,,0.0,39423591.0,410000.0,41.0,,,,,,,,False,,,equity,
Cash & Other,Cash&Other,,Cash&Other,,,2588.41,2588.41,0.006565951576836541,,,,,GAMR,2026-08-21,,,,,,,,1.0,39423591.0,410000.0,41.0,,,,,,,,True,,,cash,
Apple Inc,AAPL,,037833100,,,1313323.0,408837449.9,5.102230231440648,,,,,DIVO,2026-08-21,,,,,,,,311.3,8012982570.0,166300000.0,3326.0,,,,,,,,False,,,equity,
Archer-Daniels-Midland Co,ADM,,039483102,,,1739487.0,142116087.9,1.7735875229502953,,,,,DIVO,2026-08-21,,,,,,,,81.7,8012982570.0,166300000.0,3326.0,,,,,,,,False,,,equity,
Agnico Eagle Mines Ltd,AEM,,008474108,,,1181862.0,250602018.48,3.127475712074448,,,,,DIVO,2026-08-21,,,,,,,,212.04,8012982570.0,166300000.0,3326.0,,,,,,,,False,,,equity,
AEM US 08/21/26 C200,AEM   260821C00200000,,AEM   260821C00200000,,,-3000.0,-3570000.0,-0.04455306609191115,,,,,DIVO,2026-08-21,AEM,200.0,2026-08-21,Call,211.97000122070312,0.0,0.059850006103515624,11.9,8012982570.0,166300000.0,3326.0,,,,,,,,False,,,option,
Invesco Government & Agency Portfolio 12/31/2031,AGPXX,,825252885,,,256780776.69,256780776.69,3.2045856904767076,,,,,DIVO,2026-08-21,,,,,,,,100.0,8012982570.0,166300000.0,3326.0,,,,,,,,True,,,money_market,
Amgen Inc,AMGN,,031162100,,,950371.0,409809478.91,5.114361008114538,,,,,DIVO,2026-08-21,,,,,,,,431.21,8012982570.0,166300000.0,3326.0,,,,,,,,False,,,equity,
American Express Co,AXP,,025816109,,,995144.0,329541935.6,4.1126340719448535,,,,,DIVO,2026-08-21,,,,,,,,331.15,8012982570.0,166300000.0,3326.0,,,,,,,,False,,,equity,
Caterpillar Inc,CAT,,149123101,,,488219.0,398088890.41,4.968089816496445,,,,,DIVO,2026-08-21,,,,,,,,815.39,8012982570.0,166300000.0,3326.0,,,,,,,,False,,,equity,
CF Industries Holdings Inc,CF,,125269100,,,330603.0,41556797.1,0.5186226128191713,,,,,DIVO,2026-08-21,,,,,,,,125.7,8012982570.0,166300000.0,3326.0,,,,,,,,False,,,equity,
CME Group Inc,CME,,12572Q105,,,878438.0,237942501.06,2.9694868279554116,,,,,DIVO,2026-08-21,,,,,,,,270.87,8012982570.0,166300000.0,3326.0,,,,,,,,False,,,equity,
Chevron Corp,CVX,,166764100,,,1780559.0,366385625.43,4.572437810898878,,,,,DIVO,2026-08-21,,,,,,,,205.77,8012982570.0,166300000.0,3326.0,,,,,,,,False,,,equity,
CVX US 09/11/26 C215,CVX   260911C00215000,,CVX   260911C00215000,,,-9000.0,-1687500.0,-0.02105974762747901,,,,,DIVO,2026-08-21,CVX,215.0,2026-09-11,Call,205.80999755859375,21.0,-0.04274419740188953,1.875,8012982570.0,166300000.0,3326.0,,,,,,,,False,,,option,
Duke Energy Corp,DUK,,26441C204,,,1191229.0,146151886.01,1.8239536797929956,,,,,DIVO,2026-08-21,,,,,,,,122.69,8012982570.0,166300000.0,3326.0,,,,,,,,False,,,equity,
FedEx Corp,FDX,,31428X106,,,589816.0,192303608.64,2.399920276036677,,,,,DIVO,2026-08-21,,,,,,,,326.04,8012982570.0,166300000.0,3326.0,,,,,,,,False,,,equity,
Fedex Freight Holding Co Inc,FDXF,,314352105,,,287288.0,39186083.2,0.4890364578971231,,,,,DIVO,2026-08-21,,,,,,,,136.4,8012982570.0,166300000.0,3326.0,,,,,,,,False,,,equity,
Alphabet Inc,GOOGL,,02079K305,,,660528.0,225022073.76,2.8082418275541134,,,,,DIVO,2026-08-21,,,,,,,,340.67,8012982570.0,166300000.0,3326.0,,,,,,,,False,,,equity,
Goldman Sachs Group Inc/The,GS,,38141G104,,,360401.0,361103781.95,4.506521194189754,,,,,DIVO,2026-08-21,,,,,,,,1001.95,8012982570.0,166300000.0,3326.0,,,,,,,,False,,,equity,
Home Depot Inc/The,HD,,437076102,,,686728.0,229703648.72,2.866667182906247,,,,,DIVO,2026-08-21,,,,,,,,334.49,8012982570.0,166300000.0,3326.0,,,,,,,,False,,,equity,
International Business Machines Corp,IBM,,459200101,,,343737.0,80327899.53,1.0024801727687642,,,,,DIVO,2026-08-21,,,,,,,,233.69,8012982570.0,166300000.0,3326.0,,,,,,,,False,,,equity,
JPMORGAN CHASE & CO.,JPM,,46625H100,,,1060953.0,372978027.15,4.6547099984438605,,,,,DIVO,2026-08-21,,,,,,,,351.55,8012982570.0,166300000.0,3326.0,,,,,,,,False,,,equity,
Coca-Cola Co/The,KO,,191216100,,,1710044.0,154758982.0,1.9313689505218175,,,,,DIVO,2026-08-21,,,,,,,,90.5,8012982570.0,166300000.0,3326.0,,,,,,,,False,,,equity,
McDonald's Corp,MCD,,580135101,,,742182.0,199743441.66,2.4927682794688457,,,,,DIVO,2026-08-21,,,,,,,,269.13,8012982570.0,166300000.0,3326.0,,,,,,,,False,,,equity,
Marathon Petroleum Corp,MPC,,56585A102,,,467531.0,167483630.13,2.09017065616109,,,,,DIVO,2026-08-21,,,,,,,,358.23,8012982570.0,166300000.0,3326.0,,,,,,,,False,,,equity,
Merck & Co Inc,MRK,,58933Y105,,,1944865.0,289765436.35,3.6162293100428644,,,,,DIVO,2026-08-21,,,,,,,,148.99,8012982570.0,166300000.0,3326.0,,,,,,,,False,,,equity,
Microsoft Corp,MSFT,,594918104,,,984012.0,473457373.8,5.908677217538958,,,,,DIVO,2026-08-21,,,,,,,,481.15,8012982570.0,166300000.0,3326.0,,,,,,,,False,,,equity,
MSFT US 08/21/26 C500,MSFT  260821C00500000,,MSFT  260821C00500000,,,-700.0,-3850.0,-4.804742421676693e-05,,,,,DIVO,2026-08-21,MSFT,500.0,2026-08-21,Call,481.3789978027344,0.0,-0.03724200439453125,0.055,8012982570.0,166300000.0,3326.0,,,,,,,,False,,,option,
MSFT US 08/21/26 C530,MSFT  260821C00530000,,MSFT  260821C00530000,,,-7800.0,-3900.04,-4.8671915933080434e-05,,,,,DIVO,2026-08-21,MSFT,530.0,2026-08-21,Call,481.3789978027344,0.0,-0.0917377399948408,0.005,8012982570.0,166300000.0,3326.0,,,,,,,,False,,,option,
NVIDIA Corp,NVDA,,67066G104,,,1378984.0,299032680.4,3.731883129832645,,,,,DIVO,2026-08-21,,,,,,,,216.85,8012982570.0,166300000.0,3326.0,,,,,,,,False,,,equity,
RTX Corp,RTX,,75513E101,,,1273691.0,270391862.39,3.3744500044192196,,,,,DIVO,2026-08-21,,,,,,,,212.29,8012982570.0,166300000.0,3326.0,,,,,,,,False,,,equity,
Southern Copper Corp,SCCO,,84265V105,,,782167.204,155440088.45,1.9398690571555643,,,,,DIVO,2026-08-21,,,,,,,,198.73,8012982570.0,166300000.0,3326.0,,,,,,,,False,,,equity,
Amplify Samsung SOFR ETF,SOFR,,032108672,,,3208393.0,321594876.55,4.0134559635160105,,,,,DIVO,2026-08-21,,,,,,,,100.2355,8012982570.0,166300000.0,3326.0,,,,,,,,False,,,internal_fund,
TJX Cos Inc/The,TJX,,872540109,,,2079125.0,292512096.25,3.6505072148206517,,,,,DIVO,2026-08-21,,,,,,,,140.69,8012982570.0,166300000.0,3326.0,,,,,,,,False,,,equity,
TJX US 08/21/26 C152.5,TJX   260821C00152500,,TJX   260821C00152500,,,-9000.0,-22500.05,-0.0002807972590255758,,,,,DIVO,2026-08-21,TJX,152.5,2026-08-21,Call,140.6999969482422,0.0,-0.07737706919185451,0.025,8012982570.0,166300000.0,3326.0,,,,,,,,False,,,option,
Visa Inc,V,,92826C839,,,1044730.0,382089102.9,4.768414861205249,,,,,DIVO,2026-08-21,,,,,,,,365.73,8012982570.0,166300000.0,3326.0,,,,,,,,False,,,equity,
Verizon Communications Inc,VZ,,92343V104,,,1687142.0,82990514.98,1.035709215379743,,,,,DIVO,2026-08-21,,,,,,,,49.19,8012982570.0,166300000.0,3326.0,,,,,,,,False,,,equity,
Walmart Inc,WMT,,931142103,,,2084673.0,215956487.75,2.6951046699447483,,,,,DIVO,2026-08-21,,,,,,,,103.5925,8012982570.0,166300000.0,3326.0,,,,,,,,False,,,equity,
WMT US 09/11/26 C117,WMT   260911C00117000,,WMT   260911C00117000,,,-10000.0,-160000.0,-0.001996776071346158,,,,,DIVO,2026-08-21,WMT,117.0,2026-09-11,Call,103.83000183105469,21.0,-0.1125640869140625,0.16,8012982570.0,166300000.0,3326.0,,,,,,,,False,,,option,
State Street Consumer Discretionary Select Sector SPDR ETF,XLY,,81369Y407,,,468977.0,54720236.36,0.6829003661378374,,,,,DIVO,2026-08-21,,,,,,,,116.68,8012982570.0,166300000.0,3326.0,,,,,,,,False,,,equity,
Cash & Other,Cash&Other,,Cash&Other,,,169988905.29,169988905.29,2.121436115483752,,,,,DIVO,2026-08-21,,,,,,,,1.0,8012982570.0,166300000.0,3326.0,,,,,,,,True,,,cash,
Apple Inc,AAPL,,037833100,,,200075.0,62283347.5,8.356818639988175,,,,,QDVO,2026-08-21,,,,,,,,311.3,745328120.0,25225000.0,1009.0,,,,,,,,False,,,equity,
AbbVie Inc,ABBV,,00287Y109,,,61172.0,16016664.76,2.1490232620655103,,,,,QDVO,2026-08-21,,,,,,,,261.83,745328120.0,25225000.0,1009.0,,,,,,,,False,,,equity,
ABBV US 08/21/26 C242.5,ABBV  260821C00242500,,ABBV  260821C00242500,,,-300.0,-586500.0,-0.07869317127428106,,,,,QDVO,2026-08-21,ABBV,242.5,2026-08-21,Call,261.9599914550781,0.0,0.08024738744362113,19.55,745328120.0,25225000.0,1009.0,,,,,,,,False,,,option,
Invesco Government & Agency Portfolio 12/31/2031,AGPXX,,825252885,,,18669197.89,18669197.89,2.504924786208383,,,,,QDVO,2026-08-21,,,,,,,,100.0,745328120.0,25225000.0,1009.0,,,,,,,,True,,,money_market,
Allstate Corp/The,ALL,,020002101,,,58297.0,14838918.38,1.9910000777534822,,,,,QDVO,2026-08-21,,,,,,,,254.54,745328120.0,25225000.0,1009.0,,,,,,,,False,,,equity,
ALL US 08/21/26 C250,ALL   260821C00250000,,ALL   260821C00250000,,,-289.0,-148835.0,-0.0199698178117777,,,,,QDVO,2026-08-21,ALL,250.0,2026-08-21,Call,254.57000732421875,0.0,0.018280029296875,5.15,745328120.0,25225000.0,1009.0,,,,,,,,False,,,option,
Applied Materials Inc,AMAT,,038222105,,,18062.0,8962545.02,1.2025423534736825,,,,,QDVO,2026-08-21,,,,,,,,496.21,745328120.0,25225000.0,1009.0,,,,,,,,False,,,equity,
Advanced Micro Devices Inc,AMD,,007903107,,,45940.0,21566762.7,2.8937032412325254,,,,,QDVO,2026-08-21,,,,,,,,469.455,745328120.0,25225000.0,1009.0,,,,,,,,False,,,equity,
Amgen Inc,AMGN,,031162100,,,42896.0,18497184.16,2.4818449807242944,,,,,QDVO,2026-08-21,,,,,,,,431.21,745328120.0,25225000.0,1009.0,,,,,,,,False,,,equity,
AMGN US 08/21/26 C375,AMGN  260821C00375000,,AMGN  260821C00375000,,,-212.0,-1259810.0,-0.1690340052907963,,,,,QDVO,2026-08-21,AMGN,375.0,2026-08-21,Call,433.8399963378906,0.0,0.15690665690104166,59.425,745328120.0,25225000.0,1009.0,,,,,,,,False,,,option,
Amazon.com Inc,AMZN,,023135106,,,154711.0,40241878.21,5.399422019400323,,,,,QDVO,2026-08-21,,,,,,,,260.11,745328120.0,25225000.0,1009.0,,,,,,,,False,,,equity,
Broadcom Inc,AVGO,,11135F101,,,73204.0,26648452.12,3.575534879579946,,,,,QDVO,2026-08-21,,,,,,,,364.03,745328120.0,25225000.0,1009.0,,,,,,,,False,,,equity,
Caterpillar Inc,CAT,,149123101,,,9243.0,7536649.77,1.0112239917900783,,,,,QDVO,2026-08-21,,,,,,,,815.39,745328120.0,25225000.0,1009.0,,,,,,,,False,,,equity,
Costco Wholesale Corp,COST,,22160K105,,,12612.0,11773428.12,1.5796903589643596,,,,,QDVO,2026-08-21,,,,,,,,933.51,745328120.0,25225000.0,1009.0,,,,,,,,False,,,equity,
Cisco Systems Inc,CSCO,,17275R102,,,140134.0,15357285.06,2.060551514977899,,,,,QDVO,2026-08-21,,,,,,,,109.59,745328120.0,25225000.0,1009.0,,,,,,,,False,,,equity,
GE Vernova Inc,GEV,,36828A101,,,6218.0,6006650.18,0.8059375130425083,,,,,QDVO,2026-08-21,,,,,,,,966.01,745328120.0,25225000.0,1009.0,,,,,,,,False,,,equity,
Alphabet Inc,GOOGL,,02079K305,,,181764.0,61921541.88,8.30827365853437,,,,,QDVO,2026-08-21,,,,,,,,340.67,745328120.0,25225000.0,1009.0,,,,,,,,False,,,equity,
Hasbro Inc,HAS,,418056107,,,155452.0,14544089.12,1.9514415961612408,,,,,QDVO,2026-08-21,,,,,,,,93.56,745328120.0,25225000.0,1009.0,,,,,,,,False,,,equity,
Intel Corp,INTC,,458140100,,,93592.0,8622630.96,1.1569346546806456,,,,,QDVO,2026-08-21,,,,,,,,92.13,745328120.0,25225000.0,1009.0,,,,,,,,False,,,equity,
KLA CORP,KLAC,,482480100,,,15390.0,2860385.4,0.383789937242375,,,,,QDVO,2026-08-21,,,,,,,,185.86,745328120.0,25225000.0,1009.0,,,,,,,,False,,,equity,
Coca-Cola Co/The,KO,,191216100,,,180873.0,16369006.5,2.196298434943427,,,,,QDVO,2026-08-21,,,,,,,,90.5,745328120.0,25225000.0,1009.0,,,,,,,,False,,,equity,
Linde PLC,LIN,,G54950103,,,14562.0,7008544.98,0.9403659513975154,,,,,QDVO,2026-08-21,,,,,,,,481.29,745328120.0,25225000.0,1009.0,,,,,,,,False,,,equity,
Eli Lilly & Co,LLY,,532457108,,,21920.0,27277248.0,3.6599030669310153,,,,,QDVO,2026-08-21,,,,,,,,1244.4,745328120.0,25225000.0,1009.0,,,,,,,,False,,,equity,
Lam Research Corp,LRCX,,512807306,,,36530.0,11343660.9,1.522026683855184,,,,,QDVO,2026-08-21,,,,,,,,310.53,745328120.0,25225000.0,1009.0,,,,,,,,False,,,equity,
Meta Platforms Inc,META,,30303M102,,,41059.0,22411233.97,3.0070095025902743,,,,,QDVO,2026-08-21,,,,,,,,545.83,745328120.0,25225000.0,1009.0,,,,,,,,False,,,equity,
Altria Group Inc,MO,,02209S103,,,213110.0,14265583.4,1.914073312572448,,,,,QDVO,2026-08-21,,,,,,,,66.94,745328120.0,25225000.0,1009.0,,,,,,,,False,,,equity,
Microsoft Corp,MSFT,,594918104,,,88290.0,42480733.5,5.699818648205608,,,,,QDVO,2026-08-21,,,,,,,,481.15,745328120.0,25225000.0,1009.0,,,,,,,,False,,,equity,
Micron Technology Inc,MU,,595112103,,,31159.0,30359148.47,4.07341461260194,,,,,QDVO,2026-08-21,,,,,,,,974.33,745328120.0,25225000.0,1009.0,,,,,,,,False,,,equity,
NDXP US 08/21/26 C28000,NDXP  260821C28000000,,NDXP  260821C28000000,,,-34.0,-4130830.0,-0.5542508315344219,,,,,QDVO,2026-08-21,NDXP,28000.0,2026-08-21,Call,,0.0,,1214.95,745328120.0,25225000.0,1009.0,,,,,,,,False,,,option,
Netflix Inc,NFLX,,64110L106,,,112730.0,9034182.2,1.2121542151537277,,,,,QDVO,2026-08-21,,,,,,,,80.14,745328120.0,25225000.0,1009.0,,,,,,,,False,,,equity,
NVIDIA Corp,NVDA,,67066G104,,,353215.0,76594672.75,10.277029328922863,,,,,QDVO,2026-08-21,,,,,,,,216.85,745328120.0,25225000.0,1009.0,,,,,,,,False,,,equity,
Palo Alto Networks Inc,PANW,,697435105,,,34031.0,11895876.36,1.5961197542287315,,,,,QDVO,2026-08-21,,,,,,,,349.56,745328120.0,25225000.0,1009.0,,,,,,,,False,,,equity,
PANW US 09/04/26 C375,PANW  260904C00375000,,PANW  260904C00375000,,,-150.0,-162375.0,-0.021786536548442266,,,,,QDVO,2026-08-21,PANW,375.0,2026-09-04,Call,349.44000244140625,14.0,-0.06815999348958333,10.825,745328120.0,25225000.0,1009.0,,,,,,,,False,,,option,
Palantir Technologies Inc,PLTR,,69608A108,,,59010.0,10265379.6,1.3773491475845028,,,,,QDVO,2026-08-21,,,,,,,,173.96,745328120.0,25225000.0,1009.0,,,,,,,,False,,,equity,
Rocket Lab Corp,RKLB,,773121108,,,53788.0,3923834.6,0.526477388286019,,,,,QDVO,2026-08-21,,,,,,,,72.95,745328120.0,25225000.0,1009.0,,,,,,,,False,,,equity,
RTX Corp,RTX,,75513E101,,,60193.0,12778371.97,1.7145279011793393,,,,,QDVO,2026-08-21,,,,,,,,212.29,745328120.0,25225000.0,1009.0,,,,,,,,False,,,equity,
RTX US 08/21/26 C210,RTX   260821C00210000,,RTX   260821C00210000,,,-16.0,-5144.0,-0.0006901921108864481,,,,,QDVO,2026-08-21,RTX,210.0,2026-08-21,Call,212.52999877929688,0.0,0.012047613234747024,3.215,745328120.0,25225000.0,1009.0,,,,,,,,False,,,option,
SLB Ltd,SLB,,806857108,,,78629.0,4210582.95,0.5649516202027581,,,,,QDVO,2026-08-21,,,,,,,,53.55,745328120.0,25225000.0,1009.0,,,,,,,,False,,,equity,
Sandisk Corp,SNDK,,80004C200,,,4900.0,7843038.0,1.052333388993512,,,,,QDVO,2026-08-21,,,,,,,,1600.62,745328120.0,25225000.0,1009.0,,,,,,,,False,,,equity,
Amplify Samsung SOFR ETF,SOFR,,032108672,,,188740.0,18918448.27,2.5383677578085866,,,,,QDVO,2026-08-21,,,,,,,,100.2355,745328120.0,25225000.0,1009.0,,,,,,,,False,,,internal_fund,
Space Exploration Technologies Corp,SPCX,,84615Q103,,,23359.0,3130106.0,0.41997948433871235,,,,,QDVO,2026-08-21,,,,,,,,134.0,745328120.0,25225000.0,1009.0,,,,,,,,False,,,equity,
Steel Dynamics Inc,STLD,,858119100,,,46740.0,10236060.0,1.3734152135614959,,,,,QDVO,2026-08-21,,,,,,,,219.0,745328120.0,25225000.0,1009.0,,,,,,,,False,,,equity,
STLD US 08/21/26 C240,STLD  260821C00240000,,STLD  260821C00240000,,,-162.0,-17415.0,-0.002336643781315609,,,,,QDVO,2026-08-21,STLD,240.0,2026-08-21,Call,219.0399932861328,0.0,-0.08733336130777995,1.075,745328120.0,25225000.0,1009.0,,,,,,,,False,,,option,
Tesla Inc,TSLA,,88160R101,,,75275.0,25979660.75,3.485800329151692,,,,,QDVO,2026-08-21,,,,,,,,345.13,745328120.0,25225000.0,1009.0,,,,,,,,False,,,equity,
Visa Inc,V,,92826C839,,,47495.0,17370346.35,2.33065241332333,,,,,QDVO,2026-08-21,,,,,,,,365.73,745328120.0,25225000.0,1009.0,,,,,,,,False,,,equity,
Walmart Inc,WMT,,931142103,,,110120.0,11407606.1,1.530606480233305,,,,,QDVO,2026-08-21,,,,,,,,103.5925,745328120.0,25225000.0,1009.0,,,,,,,,False,,,equity,
Cash & Other,Cash&Other,,Cash&Other,,,159711.0,159711.0,0.02142909646613249,,,,,QDVO,2026-08-21,,,,,,,,1.0,745328120.0,25225000.0,1009.0,,,,,,,,True,,,cash,
Agnico Eagle Mines Ltd,AEM,,008474108,,,120992.0,25655143.68,1.8306295088294282,,,,,IDVO,2026-08-21,,,,,,,,212.04,1401633945.0,32850000.0,1314.0,,,,,,,,False,,,equity,
AEM US 08/21/26 C180,AEM   260821C00180000,,AEM   260821C00180000,,,-175.0,-559125.0,-0.03989651108140876,,,,,IDVO,2026-08-21,AEM,180.0,2026-08-21,Call,211.97000122070312,0.0,0.17761111789279513,31.95,1401633945.0,32850000.0,1314.0,,,,,,,,False,,,option,
AEM US 08/21/26 C195,AEM   260821C00195000,,AEM   260821C00195000,,,-300.0,-504000.0,-0.03596305224239663,,,,,IDVO,2026-08-21,AEM,195.0,2026-08-21,Call,211.97000122070312,0.0,0.08702564728565705,16.8,1401633945.0,32850000.0,1314.0,,,,,,,,False,,,option,
AEM US 08/28/26 C200,AEM   260828C00200000,,AEM   260828C00200000,,,-300.0,-409500.0,-0.029219979946947264,,,,,IDVO,2026-08-21,AEM,200.0,2026-08-28,Call,211.97000122070312,7.0,0.059850006103515624,13.65,1401633945.0,32850000.0,1314.0,,,,,,,,False,,,option,
Invesco Government & Agency Portfolio 12/31/2031,AGPXX,,825252885,,,39050392.76,39050392.76,2.7864510216547362,,,,,IDVO,2026-08-21,,,,,,,,100.0,1401633945.0,32850000.0,1314.0,,,,,,,,True,,,money_market,
America Movil SAB de CV,AMX,,02390A101,,,1591455.0,37224132.45,2.656137738050083,,,,,IDVO,2026-08-21,,,,,,,,23.39,1401633945.0,32850000.0,1314.0,,,,,,,,False,,,equity,
ASML Holding NV,ASML,,N07059210,,,24153.0,42275237.43,3.016560659235737,,,,,IDVO,2026-08-21,,,,,,,,1750.31,1401633945.0,32850000.0,1314.0,,,,,,,,False,,,equity,
ASML US 08/21/26 C1900,ASML  260821C01900000,,ASML  260821C01900000,,,-70.0,-1400.0,-9.989736733999064e-05,,,,,IDVO,2026-08-21,ASML,1900.0,2026-08-21,Call,1750.3199462890625,0.0,-0.07877897563733553,0.2,1401633945.0,32850000.0,1314.0,,,,,,,,False,,,option,
ASML US 08/21/26 C2000,ASML  260821C02000000,,ASML  260821C02000000,,,-75.0,-187.5,-1.3379111697320174e-05,,,,,IDVO,2026-08-21,ASML,2000.0,2026-08-21,Call,1750.3199462890625,0.0,-0.12484002685546874,0.025,1401633945.0,32850000.0,1314.0,,,,,,,,False,,,option,
ASE Technology Holding Co Ltd,ASX,,00215W100,,,687893.0,25114973.43,1.7920855189077247,,,,,IDVO,2026-08-21,,,,,,,,36.51,1401633945.0,32850000.0,1314.0,,,,,,,,False,,,equity,
ASX US 08/21/26 C42.5,ASX   260821C00042500,,ASX   260821C00042500,,,-1000.0,-2500.01,-0.00017838886951689287,,,,,IDVO,2026-08-21,ASX,42.5,2026-08-21,Call,36.52000045776367,0.0,-0.14070587158203124,0.025,1401633945.0,32850000.0,1314.0,,,,,,,,False,,,option,
ASX US 08/21/26 C50,ASX   260821C00050000,,ASX   260821C00050000,,,-2000.0,-5000.01,-0.0003567770254811619,,,,,IDVO,2026-08-21,ASX,50.0,2026-08-21,Call,36.52000045776367,0.0,-0.2695999908447266,0.025,1401633945.0,32850000.0,1314.0,,,,,,,,False,,,option,
AstraZeneca PLC,AZN,,G0593M107,,,94134.0,15484101.66,1.1048721367562706,,,,,IDVO,2026-08-21,,,,,,,,164.49,1401633945.0,32850000.0,1314.0,,,,,,,,False,,,equity,
AZN US 08/21/26 C180,AZN   260821C00180000,,AZN   260821C00180000,,,-500.0,-1250.0,-8.91940779821345e-05,,,,,IDVO,2026-08-21,AZN,180.0,2026-08-21,Call,164.5500030517578,0.0,-0.08583331637912327,0.025,1401633945.0,32850000.0,1314.0,,,,,,,,False,,,option,
Alibaba Group Holding Ltd,BABA,,01609W102,,,337057.0,43996050.21,3.1393497066693157,,,,,IDVO,2026-08-21,,,,,,,,130.53,1401633945.0,32850000.0,1314.0,,,,,,,,False,,,equity,
BABA US 08/21/26 C145,BABA  260821C00145000,,BABA  260821C00145000,,,-1300.0,-3900.0,-0.00027828552330425965,,,,,IDVO,2026-08-21,BABA,145.0,2026-08-21,Call,130.57000732421875,0.0,-0.0995171908674569,0.03,1401633945.0,32850000.0,1314.0,,,,,,,,False,,,option,
Banco Bilbao Vizcaya Argentaria SA,BBVA,,05946K101,,,1236824.0,35410271.12,2.526709186916644,,,,,IDVO,2026-08-21,,,,,,,,28.63,1401633945.0,32850000.0,1314.0,,,,,,,,False,,,equity,
Barclays PLC,BCS,,06738E204,,,922561.0,24438640.89,1.7438256330560329,,,,,IDVO,2026-08-21,,,,,,,,26.49,1401633945.0,32850000.0,1314.0,,,,,,,,False,,,equity,
Baidu Inc,BIDU,,056752108,,,137132.0,12612030.04,0.8999347127206262,,,,,IDVO,2026-08-21,,,,,,,,91.97,1401633945.0,32850000.0,1314.0,,,,,,,,False,,,equity,
Banco Macro SA,BMA,,05961W105,,,219801.0,16016898.87,1.1428900214741935,,,,,IDVO,2026-08-21,,,,,,,,72.87,1401633945.0,32850000.0,1314.0,,,,,,,,False,,,equity,
BMA US 08/21/26 C105,BMA   260821C00105000,,BMA   260821C00105000,,,-200.0,-48000.0,-0.0034250525945139646,,,,,IDVO,2026-08-21,BMA,105.0,2026-08-21,Call,73.20999908447266,0.0,-0.3027619134812128,2.4,1401633945.0,32850000.0,1314.0,,,,,,,,False,,,option,
Bank of Montreal,BMO,,063671101,,,274731.0,47500989.9,3.3894455978953464,,,,,IDVO,2026-08-21,,,,,,,,172.9,1401633945.0,32850000.0,1314.0,,,,,,,,False,,,equity,
British American Tobacco PLC,BTI,,110448107,,,619325.0,35115727.5,2.505691949627508,,,,,IDVO,2026-08-21,,,,,,,,56.7,1401633945.0,32850000.0,1314.0,,,,,,,,False,,,equity,
Anheuser-Busch InBev SA/NV,BUD,,03524A108,,,224090.0,17461092.8,1.2459408582851899,,,,,IDVO,2026-08-21,,,,,,,,77.92,1401633945.0,32850000.0,1314.0,,,,,,,,False,,,equity,
BUD US 08/21/26 C85,BUD   260821C00085000,,BUD   260821C00085000,,,-1000.0,-2500.01,-0.00017838886951689287,,,,,IDVO,2026-08-21,BUD,85.0,2026-08-21,Call,77.92500305175781,0.0,-0.08323525821461397,0.025,1401633945.0,32850000.0,1314.0,,,,,,,,False,,,option,
Cameco Corp,CCJ,,13321L108,,,349533.0,33411859.47,2.384111999276239,,,,,IDVO,2026-08-21,,,,,,,,95.59,1401633945.0,32850000.0,1314.0,,,,,,,,False,,,equity,
CCJ US 08/21/26 C100,CCJ   260821C00100000,,CCJ   260821C00100000,,,-600.0,-8700.0,-0.0006207907827556562,,,,,IDVO,2026-08-21,CCJ,100.0,2026-08-21,Call,95.56500244140625,0.0,-0.0443499755859375,0.145,1401633945.0,32850000.0,1314.0,,,,,,,,False,,,option,
CCJ US 08/21/26 C105,CCJ   260821C00105000,,CCJ   260821C00105000,,,-500.0,-2250.0,-0.0001605493403678421,,,,,IDVO,2026-08-21,CCJ,105.0,2026-08-21,Call,95.56500244140625,0.0,-0.08985711960565476,0.045,1401633945.0,32850000.0,1314.0,,,,,,,,False,,,option,
CCJ US 08/21/26 C110,CCJ   260821C00110000,,CCJ   260821C00110000,,,-500.0,-250.0,-1.78388155964269e-05,,,,,IDVO,2026-08-21,CCJ,110.0,2026-08-21,Call,95.56500244140625,0.0,-0.13122725053267045,0.005,1401633945.0,32850000.0,1314.0,,,,,,,,False,,,option,
Grupo Cibest SA,CIB,,40090E106,,,254571.0,25113429.15,1.7919753264031275,,,,,IDVO,2026-08-21,,,,,,,,98.65,1401633945.0,32850000.0,1314.0,,,,,,,,False,,,equity,
CIB US 08/21/26 C90,CIB   260821C00090000,,CIB   260821C00090000,,,-300.0,-261000.0,-0.018623723482669684,,,,,IDVO,2026-08-21,CIB,90.0,2026-08-21,Call,98.73999786376953,0.0,0.09711108737521701,8.7,1401633945.0,32850000.0,1314.0,,,,,,,,False,,,option,
Canadian Pacific Kansas City Ltd,CP,,13646K108,,,301535.0,28594564.05,2.0403726205926715,,,,,IDVO,2026-08-21,,,,,,,,94.83,1401633945.0,32850000.0,1314.0,,,,,,,,False,,,equity,
Cemex SAB de CV,CX,,151290889,,,739562.0,7839357.2,0.5593793899412861,,,,,IDVO,2026-08-21,,,,,,,,10.6,1401633945.0,32850000.0,1314.0,,,,,,,,False,,,equity,
Eni SpA,E,,26874R108,,,489405.0,28067376.75,2.002755032474759,,,,,IDVO,2026-08-21,,,,,,,,57.35,1401633945.0,32850000.0,1314.0,,,,,,,,False,,,equity,
E US 08/21/26 C52.5,E     260821C00052500,,E     260821C00052500,,,-1100.0,-495000.0,-0.03532085488092526,,,,,IDVO,2026-08-21,E,52.5,2026-08-21,Call,57.279998779296875,0.0,0.09104759579613095,4.5,1401633945.0,32850000.0,1314.0,,,,,,,,False,,,option,
Embraer SA,EMBJ,,29082A107,,,187108.0,14048068.64,1.0024036238196306,,,,,IDVO,2026-08-21,,,,,,,,75.08,1401633945.0,32850000.0,1314.0,,,,,,,,False,,,equity,
EMBJ US 08/21/26 C75,EMBJ  260821C00075000,,EMBJ  260821C00075000,,,-500.0,-36250.0,-0.0025866282614819005,,,,,IDVO,2026-08-21,EMBJ,75.0,2026-08-21,Call,75.0999984741211,0.0,0.00133331298828125,0.725,1401633945.0,32850000.0,1314.0,,,,,,,,False,,,option,
Enbridge Inc,ENB,,29250N105,,,419923.0,21411873.77,1.5278498710280002,,,,,IDVO,2026-08-21,,,,,,,,50.99,1401633945.0,32850000.0,1314.0,,,,,,,,False,,,equity,
Enel SpA,ENLAY,,29265W207,,,1168453.0,12899721.12,0.9204629852200539,,,,,IDVO,2026-08-21,,,,,,,,11.04,1401633945.0,32850000.0,1314.0,,,,,,,,False,,,equity,
Elbit Systems Ltd,ESLT,,M3760D101,,,9358.0,6959263.86,0.4965800987416723,,,,,IDVO,2026-08-21,,,,,,,,743.67,1401633945.0,32850000.0,1314.0,,,,,,,,False,,,equity,
Fomento Economico Mexicano SAB de CV,FMX,,344419106,,,276224.0,32790551.04,2.3397783732311375,,,,,IDVO,2026-08-21,,,,,,,,118.71,1401633945.0,32850000.0,1314.0,,,,,,,,False,,,equity,
FMX US 08/21/26 C135,FMX   260821C00135000,,FMX   260821C00135000,,,-400.0,-43000.0,-0.0030682762825854273,,,,,IDVO,2026-08-21,FMX,135.0,2026-08-21,Call,118.73999786376953,0.0,-0.12044446026837384,1.075,1401633945.0,32850000.0,1314.0,,,,,,,,False,,,option,
Imperial Oil Ltd,IMO,,453038408,,,242503.0,33188960.58,2.368206990494806,,,,,IDVO,2026-08-21,,,,,,,,136.86,1401633945.0,32850000.0,1314.0,,,,,,,,False,,,equity,
IMO US 08/21/26 C135,IMO   260821C00135000,,IMO   260821C00135000,,,-350.0,-98875.0,-0.0070552515683868396,,,,,IDVO,2026-08-21,IMO,135.0,2026-08-21,Call,136.69000244140625,0.0,0.012518536603009259,2.825,1401633945.0,32850000.0,1314.0,,,,,,,,False,,,option,
Itau Unibanco Holding SA,ITUB,,465562106,,,2027969.0,14540537.73,1.037543884953431,,,,,IDVO,2026-08-21,,,,,,,,7.17,1401633945.0,32850000.0,1314.0,,,,,,,,False,,,equity,
Latam Airlines Group SA,LTM,,51817R205,,,295815.0,14935699.35,1.0657407460332926,,,,,IDVO,2026-08-21,,,,,,,,50.49,1401633945.0,32850000.0,1314.0,,,,,,,,False,,,equity,
ArcelorMittal SA,MT,,03938L203,,,435070.0,30937827.7,2.2075768131773126,,,,,IDVO,2026-08-21,,,,,,,,71.11,1401633945.0,32850000.0,1314.0,,,,,,,,False,,,equity,
MT US 08/21/26 C75,MT    260821C00075000,,MT    260821C00075000,,,-900.0,-6750.0,-0.00048164802110352626,,,,,IDVO,2026-08-21,MT,75.0,2026-08-21,Call,71.0999984741211,0.0,-0.052000020345052085,0.075,1401633945.0,32850000.0,1314.0,,,,,,,,False,,,option,
MT US 08/21/26 C80,MT    260821C00080000,,MT    260821C00080000,,,-500.0,-2500.0,-0.000178388155964269,,,,,IDVO,2026-08-21,MT,80.0,2026-08-21,Call,71.0999984741211,0.0,-0.11125001907348633,0.05,1401633945.0,32850000.0,1314.0,,,,,,,,False,,,option,
Mitsubishi UFJ Financial Group Inc,MUFG,,606822104,,,2194319.0,47309517.64,3.3757830445434625,,,,,IDVO,2026-08-21,,,,,,,,21.56,1401633945.0,32850000.0,1314.0,,,,,,,,False,,,equity,
MUFG US 08/21/26 C22.5,MUFG  260821C00022500,,MUFG  260821C00022500,,,-999.0,-2497.5,-0.00017820976780830473,,,,,IDVO,2026-08-21,MUFG,22.5,2026-08-21,Call,21.579999923706055,0.0,-0.0408888922797309,0.025,1401633945.0,32850000.0,1314.0,,,,,,,,False,,,option,
Nokia Oyj,NOK,,654902204,,,777186.0,7888437.9,0.5628815561678603,,,,,IDVO,2026-08-21,,,,,,,,10.15,1401633945.0,32850000.0,1314.0,,,,,,,,False,,,equity,
NETEASE INC,NTES,,64110W102,,,177074.0,21215235.94,1.513818727073394,,,,,IDVO,2026-08-21,,,,,,,,119.81,1401633945.0,32850000.0,1314.0,,,,,,,,False,,,equity,
NTES US 08/21/26 C145,NTES  260821C00145000,,NTES  260821C00145000,,,-400.0,-2000.0,-0.0001427105247714152,,,,,IDVO,2026-08-21,NTES,145.0,2026-08-21,Call,119.73999786376953,0.0,-0.17420691128434806,0.05,1401633945.0,32850000.0,1314.0,,,,,,,,False,,,option,
NTES US 08/21/26 C155,NTES  260821C00155000,,NTES  260821C00155000,,,-200.0,-21500.0,-0.0015341381412927136,,,,,IDVO,2026-08-21,NTES,155.0,2026-08-21,Call,119.73999786376953,0.0,-0.227483884749874,1.075,1401633945.0,32850000.0,1314.0,,,,,,,,False,,,option,
Nutrien Ltd,NTR,,67077M108,,,207639.0,15182563.68,1.0833558150741143,,,,,IDVO,2026-08-21,,,,,,,,73.12,1401633945.0,32850000.0,1314.0,,,,,,,,False,,,equity,
NTR US 08/21/26 C67.5,NTR   260821C00067500,,NTR   260821C00067500,,,-1700.0,-892500.0,-0.06368457167924403,,,,,IDVO,2026-08-21,NTR,67.5,2026-08-21,Call,73.12999725341797,0.0,0.08340736671730324,5.25,1401633945.0,32850000.0,1314.0,,,,,,,,False,,,option,
Novo Nordisk A/S,NVO,,670100205,,,156865.0,7237751.1,0.5164516288229438,,,,,IDVO,2026-08-21,,,,,,,,46.14,1401633945.0,32850000.0,1314.0,,,,,,,,False,,,equity,
Novartis AG,NVS,,66987V109,,,161858.0,25288693.92,1.8044813900534487,,,,,IDVO,2026-08-21,,,,,,,,156.24,1401633945.0,32850000.0,1314.0,,,,,,,,False,,,equity,
Petroleo Brasileiro SA - Petrobras,PBR,,71654V408,,,1248566.0,23735239.66,1.6936342537269535,,,,,IDVO,2026-08-21,,,,,,,,19.01,1401633945.0,32850000.0,1314.0,,,,,,,,False,,,equity,
PBR US 08/21/26 C20,PBR   260821C00020000,,PBR   260821C00020000,,,-2000.0,-1000.01,-7.135597593833146e-05,,,,,IDVO,2026-08-21,PBR,20.0,2026-08-21,Call,19.010000228881836,0.0,-0.0494999885559082,0.005,1401633945.0,32850000.0,1314.0,,,,,,,,False,,,option,
Rio Tinto PLC,RIO,,767204100,,,275509.0,28148754.53,2.0085617653190257,,,,,IDVO,2026-08-21,,,,,,,,102.17,1401633945.0,32850000.0,1314.0,,,,,,,,False,,,equity,
RIO US 08/21/26 C100,RIO   260821C00100000,,RIO   260821C00100000,,,-500.0,-123750.0,-0.008830213720231316,,,,,IDVO,2026-08-21,RIO,100.0,2026-08-21,Call,102.18000030517578,0.0,0.02180000305175781,2.475,1401633945.0,32850000.0,1314.0,,,,,,,,False,,,option,
RWE AG,RWEOY,,74975E303,,,158026.0,10570359.14,0.7542507499458626,,,,,IDVO,2026-08-21,,,,,,,,66.89,1401633945.0,32850000.0,1314.0,,,,,,,,False,,,equity,
Banco Santander SA,SAN,,05964H105,,,2206071.0,31348268.91,2.2368639534107704,,,,,IDVO,2026-08-21,,,,,,,,14.21,1401633945.0,32850000.0,1314.0,,,,,,,,False,,,equity,
Southern Copper Corp,SCCO,,84265V105,,,205626.776,40864209.19,2.915876368936894,,,,,IDVO,2026-08-21,,,,,,,,198.73,1401633945.0,32850000.0,1314.0,,,,,,,,False,,,equity,
Sea Ltd,SE,,81141R100,,,290936.0,34109336.64,2.4338806657496304,,,,,IDVO,2026-08-21,,,,,,,,117.24,1401633945.0,32850000.0,1314.0,,,,,,,,False,,,equity,
Shinhan Financial Group Co Ltd,SHG,,824596100,,,356806.0,25586558.26,1.8257355781894944,,,,,IDVO,2026-08-21,,,,,,,,71.71,1401633945.0,32850000.0,1314.0,,,,,,,,False,,,equity,
SHG US 08/21/26 C75,SHG   260821C00075000,,SHG   260821C00075000,,,-500.0,-23750.0,-0.0016946874816605557,,,,,IDVO,2026-08-21,SHG,75.0,2026-08-21,Call,71.70999908447266,0.0,-0.04386667887369792,0.475,1401633945.0,32850000.0,1314.0,,,,,,,,False,,,option,
Siemens AG,SIEGY,,826197501,,,264725.0,42557191.0,3.036679530203674,,,,,IDVO,2026-08-21,,,,,,,,160.76,1401633945.0,32850000.0,1314.0,,,,,,,,False,,,equity,
SK hynix Inc,SKHY,,78392B206,,,40060.0,6532984.8,0.4661628445658395,,,,,IDVO,2026-08-21,,,,,,,,163.08,1401633945.0,32850000.0,1314.0,,,,,,,,False,,,equity,
SK Telecom Co Ltd,SKM,,78440P306,,,109651.0,4200729.81,0.29974417780401363,,,,,IDVO,2026-08-21,,,,,,,,38.31,1401633945.0,32850000.0,1314.0,,,,,,,,False,,,equity,
SKM US 08/21/26 C35,SKM   260821C00035000,,SKM   260821C00035000,,,-400.0,-140000.0,-0.009989736733999064,,,,,IDVO,2026-08-21,SKM,35.0,2026-08-21,Call,38.34000015258789,0.0,0.09542857578822544,3.5,1401633945.0,32850000.0,1314.0,,,,,,,,False,,,option,
Sumitomo Mitsui Financial Group Inc,SMFG,,86562M209,,,1768988.0,43410965.52,3.0976008350965056,,,,,IDVO,2026-08-21,,,,,,,,24.54,1401633945.0,32850000.0,1314.0,,,,,,,,False,,,equity,
Sumitomo Electric Industries Ltd,SMTOY,,865617203,,,528344.0,3608589.52,0.25749185204191466,,,,,IDVO,2026-08-21,,,,,,,,6.83,1401633945.0,32850000.0,1314.0,,,,,,,,False,,,equity,
Amplify Samsung SOFR ETF,SOFR,,032108672,,,265911.0,26653722.04,1.9018833297199178,,,,,IDVO,2026-08-21,,,,,,,,100.2355,1401633945.0,32850000.0,1314.0,,,,,,,,False,,,internal_fund,
Sasol Ltd,SSL,,803866300,,,1084504.0,13306864.08,0.9495147779593476,,,,,IDVO,2026-08-21,,,,,,,,12.27,1401633945.0,32850000.0,1314.0,,,,,,,,False,,,equity,
SSL US 08/21/26 C12.5,SSL   260821C00012500,,SSL   260821C00012500,,,-1800.0,-9000.01,-0.0006421980750239922,,,,,IDVO,2026-08-21,SSL,12.5,2026-08-21,Call,12.274999618530273,0.0,-0.018000030517578126,0.05,1401633945.0,32850000.0,1314.0,,,,,,,,False,,,option,
Telecom Argentina SA,TEO,,879273209,,,1009708.0,13328145.6,0.9510333264029142,,,,,IDVO,2026-08-21,,,,,,,,13.2,1401633945.0,32850000.0,1314.0,,,,,,,,False,,,equity,
Teva Pharmaceutical Industries Ltd,TEVA,,881624209,,,944716.0,34774995.96,2.4813789611877217,,,,,IDVO,2026-08-21,,,,,,,,36.81,1401633945.0,32850000.0,1314.0,,,,,,,,False,,,equity,
TEVA US 08/21/26 C40,TEVA  260821C00040000,,TEVA  260821C00040000,,,-2000.0,-66000.01,-0.004709448031009325,,,,,IDVO,2026-08-21,TEVA,40.0,2026-08-21,Call,36.79999923706055,0.0,-0.08000001907348633,0.33,1401633945.0,32850000.0,1314.0,,,,,,,,False,,,option,
Tenaris SA,TS,,88031M109,,,148066.0,7800116.88,0.5565793866115869,,,,,IDVO,2026-08-21,,,,,,,,52.68,1401633945.0,32850000.0,1314.0,,,,,,,,False,,,equity,
TS US 08/21/26 C60,TS    260821C00060000,,TS    260821C00060000,,,-500.0,-33750.0,-0.002408240105517632,,,,,IDVO,2026-08-21,TS,60.0,2026-08-21,Call,52.689998626708984,0.0,-0.12183335622151693,0.675,1401633945.0,32850000.0,1314.0,,,,,,,,False,,,option,
TS US 08/21/26 C62.5,TS    260821C00062500,,TS    260821C00062500,,,-500.0,-33750.0,-0.002408240105517632,,,,,IDVO,2026-08-21,TS,62.5,2026-08-21,Call,52.689998626708984,0.0,-0.15696002197265624,0.675,1401633945.0,32850000.0,1314.0,,,,,,,,False,,,option,
Taiwan Semiconductor Manufacturing Co Ltd,TSM,,874039100,,,161946.0,67369536.0,4.807170918083374,,,,,IDVO,2026-08-21,,,,,,,,416.0,1401633945.0,32850000.0,1314.0,,,,,,,,False,,,equity,
TSM US 08/21/26 C475,TSM   260821C00475000,,TSM   260821C00475000,,,-400.0,-1800.0,-0.00012843947229427367,,,,,IDVO,2026-08-21,TSM,475.0,2026-08-21,Call,416.0450134277344,0.0,-0.12411576120476973,0.045,1401633945.0,32850000.0,1314.0,,,,,,,,False,,,option,
TSM US 08/21/26 C520,TSM   260821C00520000,,TSM   260821C00520000,,,-400.0,-200.0,-1.427105247714152e-05,,,,,IDVO,2026-08-21,TSM,520.0,2026-08-21,Call,416.0450134277344,0.0,-0.19991343571589543,0.005,1401633945.0,32850000.0,1314.0,,,,,,,,False,,,option,
TotalEnergies SE,TTE,,F92124100,,,87920.0,7991928.0,0.5702661194076833,,,,,IDVO,2026-08-21,,,,,,,,90.9,1401633945.0,32850000.0,1314.0,,,,,,,,False,,,equity,
Unilever PLC,UL,,904767803,,,249003.0,15786790.2,1.1264705569491174,,,,,IDVO,2026-08-21,,,,,,,,63.4,1401633945.0,32850000.0,1314.0,,,,,,,,False,,,equity,
Vodafone Group PLC,VOD,,92857W308,,,2459509.0,39376739.09,2.8097375496604995,,,,,IDVO,2026-08-21,,,,,,,,16.01,1401633945.0,32850000.0,1314.0,,,,,,,,False,,,equity,
VOD US 08/21/26 C15,VOD   260821C00015000,,VOD   260821C00015000,,,-3500.0,-376250.0,-0.026847417472622485,,,,,IDVO,2026-08-21,VOD,15.0,2026-08-21,Call,16.020000457763672,0.0,0.06800003051757812,1.075,1401633945.0,32850000.0,1314.0,,,,,,,,False,,,option,
VOD US 08/21/26 C16,VOD   260821C00016000,,VOD   260821C00016000,,,-3000.0,-22500.02,-0.001605494830783669,,,,,IDVO,2026-08-21,VOD,16.0,2026-08-21,Call,16.020000457763672,0.0,0.0012500286102294922,0.075,1401633945.0,32850000.0,1314.0,,,,,,,,False,,,option,
Wheaton Precious Metals Corp,WPM,,962879102,,,146982.0,22084045.5,1.5758128611904052,,,,,IDVO,2026-08-21,,,,,,,,150.25,1401633945.0,32850000.0,1314.0,,,,,,,,False,,,equity,
WPM US 08/21/26 C135,WPM   260821C00135000,,WPM   260821C00135000,,,-20.0,-30000.0,-0.002140657871571228,,,,,IDVO,2026-08-21,WPM,135.0,2026-08-21,Call,150.27000427246094,0.0,0.11311114275896991,15.0,1401633945.0,32850000.0,1314.0,,,,,,,,False,,,option,
WPM US 08/28/26 C150,WPM   260828C00150000,,WPM   260828C00150000,,,-400.0,-172000.0,-0.012273105130341709,,,,,IDVO,2026-08-21,WPM,150.0,2026-08-28,Call,150.27000427246094,7.0,0.0018000284830729167,4.3,1401633945.0,32850000.0,1314.0,,,,,,,,False,,,option,
YPF SA,YPF,,984245100,,,422044.0,21490480.48,1.5334588734453274,,,,,IDVO,2026-08-21,,,,,,,,50.92,1401633945.0,32850000.0,1314.0,,,,,,,,False,,,equity,
Cash & Other,Cash&Other,,Cash&Other,,,-4971005.62,-4971005.62,-0.3547074103359271,,,,,IDVO,2026-08-21,,,,,,,,1.0,1401633945.0,32850000.0,1314.0,,,,,,,,True,,,cash,
abrdn Income Credit Strategies Fund,ACP,,003057106,,,3396320.0,17253305.6,2.3244797494359535,,,,,YYY,2026-08-21,,,,,,,,5.08,742268450.0,65450000.0,1309.0,,,,,,,,False,,,equity,
Invesco Government & Agency Portfolio 12/31/2031,AGPXX,,825252885,,,2893932.7,2893932.7,0.38988980508062826,,,,,YYY,2026-08-21,,,,,,,,100.0,742268450.0,65450000.0,1309.0,,,,,,,,True,,,money_market,
abrdn Total Dynamic Dividend Fund,AOD,,00326L100,,,2427069.0,25921096.92,3.492262078387266,,,,,YYY,2026-08-21,,,,,,,,10.68,742268450.0,65450000.0,1309.0,,,,,,,,False,,,equity,
abrdn Global Infrastructure Income Fund,ASGI,,00326W106,,,856230.0,21029008.8,2.8331675239271514,,,,,YYY,2026-08-21,,,,,,,,24.56,742268450.0,65450000.0,1309.0,,,,,,,,False,,,equity,
Advent Convertible and Income Fund,AVK,,00764C109,,,751862.0,9480979.82,1.2773404765056113,,,,,YYY,2026-08-21,,,,,,,,12.61,742268450.0,65450000.0,1309.0,,,,,,,,False,,,equity,
abrdn Global Premier Properties Fund,AWP,,00302L207,,,835469.0,9891952.96,1.3327095033831104,,,,,YYY,2026-08-21,,,,,,,,11.84,742268450.0,65450000.0,1309.0,,,,,,,,False,,,equity,
BlackRock Floating Rate Income Trust,BGT,,091941104,,,807290.0,8783315.2,1.1833464721863503,,,,,YYY,2026-08-21,,,,,,,,10.88,742268450.0,65450000.0,1309.0,,,,,,,,False,,,equity,
BlackRock Core Bond Trust,BHK,,09249E101,,,1128971.0,10115580.16,1.3628380427989464,,,,,YYY,2026-08-21,,,,,,,,8.96,742268450.0,65450000.0,1309.0,,,,,,,,False,,,equity,
BlackRock Multi-Sector Income Trust,BIT,,09258A107,,,816982.0,9705746.16,1.307622488416699,,,,,YYY,2026-08-21,,,,,,,,11.88,742268450.0,65450000.0,1309.0,,,,,,,,False,,,equity,
BlackRock Limited Duration Income Trust,BLW,,09249W101,,,742629.0,9423962.01,1.2696586590165506,,,,,YYY,2026-08-21,,,,,,,,12.69,742268450.0,65450000.0,1309.0,,,,,,,,False,,,equity,
BlackRock Health Sciences Term Trust,BMEZ,,09260E105,,,678098.0,11507323.06,1.5503428759290838,,,,,YYY,2026-08-21,,,,,,,,16.97,742268450.0,65450000.0,1309.0,,,,,,,,False,,,equity,
Bluerock Private Real Estate Fund,BPRE,,09631P102,,,466046.0,5662458.9,0.762884014821101,,,,,YYY,2026-08-21,,,,,,,,12.15,742268450.0,65450000.0,1309.0,,,,,,,,False,,,equity,
Saba Capital Income & Opportunities Fund,BRW,,78518H202,,,1444561.0,9230744.79,1.2436271537766321,,,,,YYY,2026-08-21,,,,,,,,6.39,742268450.0,65450000.0,1309.0,,,,,,,,False,,,equity,
BlackRock Credit Allocation Income Trust,BTZ,,092508100,,,988089.0,10098269.58,1.360505846662515,,,,,YYY,2026-08-21,,,,,,,,10.22,742268450.0,65450000.0,1309.0,,,,,,,,False,,,equity,
Calamos Long/Short Equity & Dynamic Income Trust,CPZ,,12812C106,,,531381.0,7067367.3,0.952162591421081,,,,,YYY,2026-08-21,,,,,,,,13.3,742268450.0,65450000.0,1309.0,,,,,,,,False,,,equity,
Credit Suisse High Yield Credit Fund,DHY,,22544F103,,,2863777.0,4954334.21,0.6674807605032378,,,,,YYY,2026-08-21,,,,,,,,1.73,742268450.0,65450000.0,1309.0,,,,,,,,False,,,equity,
DoubleLine Yield Opportunities Fund,DLY,,25862D105,,,716600.0,9924910.0,1.3371496943736036,,,,,YYY,2026-08-21,,,,,,,,13.85,742268450.0,65450000.0,1309.0,,,,,,,,False,,,equity,
DoubleLine Income Solutions Fund,DSL,,258622109,,,939334.0,9891187.02,1.3326063108668145,,,,,YYY,2026-08-21,,,,,,,,10.53,742268450.0,65450000.0,1309.0,,,,,,,,False,,,equity,
BlackRock Debt Strategies Fund Inc,DSU,,09255R202,,,1126618.0,10646540.1,1.4343724870906955,,,,,YYY,2026-08-21,,,,,,,,9.45,742268450.0,65450000.0,1309.0,,,,,,,,False,,,equity,
BlackRock ESG Capital Allocation Term Trust,ECAT,,09262F100,,,1636949.0,24652451.94,3.3213418133898402,,,,,YYY,2026-08-21,,,,,,,,15.06,742268450.0,65450000.0,1309.0,,,,,,,,False,,,equity,
Morgan Stanley Emerging Markets Domestic Debt Fund Inc,EDD,,617477104,,,1744714.0,10398495.44,1.4009542655340264,,,,,YYY,2026-08-21,,,,,,,,5.96,742268450.0,65450000.0,1309.0,,,,,,,,False,,,equity,
Western Asset Emerging Markets Debt Fund Inc,EMD,,95766A101,,,961812.0,10147116.6,1.3670868411364256,,,,,YYY,2026-08-21,,,,,,,,10.55,742268450.0,65450000.0,1309.0,,,,,,,,False,,,equity,
ClearBridge Energy Midstream Opportunity Fund Inc,EMO,,18469P209,,,193368.0,10557892.8,1.4224293349510748,,,,,YYY,2026-08-21,,,,,,,,54.6,742268450.0,65450000.0,1309.0,,,,,,,,False,,,equity,
Eaton Vance Ltd Duration Income Fund,EVV,,27828H105,,,1072094.0,9691729.76,1.30573410605593,,,,,YYY,2026-08-21,,,,,,,,9.04,742268450.0,65450000.0,1309.0,,,,,,,,False,,,equity,
Aberdeen Asia-Pacific Income Fund Inc,FAX,,003009867,,,1182127.0,17400909.44,2.3443659176273397,,,,,YYY,2026-08-21,,,,,,,,14.72,742268450.0,65450000.0,1309.0,,,,,,,,False,,,equity,
BlackRock Floating Rate Income Strategies Fund Inc,FRA,,09255X100,,,959147.0,10473885.24,1.4111112793536869,,,,,YYY,2026-08-21,,,,,,,,10.92,742268450.0,65450000.0,1309.0,,,,,,,,False,,,equity,
Franklin Ltd Duration Income Trust,FTF,,35472T101,,,1093704.0,6343483.2,0.8546361248761036,,,,,YYY,2026-08-21,,,,,,,,5.8,742268450.0,65450000.0,1309.0,,,,,,,,False,,,equity,
First Trust High Yield Opportunities 2027 Term Fund,FTHY,,33741Q107,,,698386.0,9344404.68,1.258940167917419,,,,,YYY,2026-08-21,,,,,,,,13.38,742268450.0,65450000.0,1309.0,,,,,,,,False,,,equity,
Gabelli Equity Trust Inc/The,GAB,,362397101,,,1851450.0,10386634.5,1.3993562810388538,,,,,YYY,2026-08-21,,,,,,,,5.61,742268450.0,65450000.0,1309.0,,,,,,,,False,,,equity,
General American Investors Co Inc,GAM,,368802104,,,149777.0,10050036.7,1.3540075932022053,,,,,YYY,2026-08-21,,,,,,,,67.1,742268450.0,65450000.0,1309.0,,,,,,,,False,,,equity,
PGIM Global High Yield Fund Inc,GHY,,69346J106,,,776251.0,9004511.6,1.2131475181058136,,,,,YYY,2026-08-21,,,,,,,,11.6,742268450.0,65450000.0,1309.0,,,,,,,,False,,,equity,
Clough Global Opportunities Fund,GLO,,18914E106,,,873849.0,5024631.75,0.6769517112852819,,,,,YYY,2026-08-21,,,,,,,,5.75,742268450.0,65450000.0,1309.0,,,,,,,,False,,,equity,
Guggenheim Strategic Opportunities Fund,GOF,,40167F101,,,2440775.0,22992100.5,3.0976482564156433,,,,,YYY,2026-08-21,,,,,,,,9.42,742268450.0,65450000.0,1309.0,,,,,,,,False,,,equity,
Western Asset High Income Opportunity Fund Inc,HIO,,95766K109,,,1873972.0,6615121.16,0.8912329922728125,,,,,YYY,2026-08-21,,,,,,,,3.53,742268450.0,65450000.0,1309.0,,,,,,,,False,,,equity,
Western Asset High Income Fund II Inc,HIX,,95766J102,,,2438059.0,9581571.87,1.2908929045794086,,,,,YYY,2026-08-21,,,,,,,,3.93,742268450.0,65450000.0,1309.0,,,,,,,,False,,,equity,
abrdn Healthcare Investors,HQH,,87911J103,,,507208.0,12091838.72,1.6290927019855,,,,,YYY,2026-08-21,,,,,,,,23.84,742268450.0,65450000.0,1309.0,,,,,,,,False,,,equity,
abrdn Life Sciences Investors,HQL,,87911K100,,,823078.0,18173562.24,2.4484628268564315,,,,,YYY,2026-08-21,,,,,,,,22.08,742268450.0,65450000.0,1309.0,,,,,,,,False,,,equity,
BlackRock Corporate High Yield Fund Inc,HYT,,09255P107,,,1179267.0,9764330.76,1.315515394245064,,,,,YYY,2026-08-21,,,,,,,,8.28,742268450.0,65450000.0,1309.0,,,,,,,,False,,,equity,
Aberdeen India Fund Inc,IFN,,454089103,,,1154538.0,13658184.54,1.840121198414825,,,,,YYY,2026-08-21,,,,,,,,11.83,742268450.0,65450000.0,1309.0,,,,,,,,False,,,equity,
CBRE Global Real Estate Income Fund,IGR,,12504G100,,,4099629.0,18899289.69,2.546237641737981,,,,,YYY,2026-08-21,,,,,,,,4.61,742268450.0,65450000.0,1309.0,,,,,,,,False,,,equity,
Nuveen Floating Rate Income Fund/Closed-end Fund,JFR,,67072T108,,,3093987.0,23452421.46,3.1596657488642164,,,,,YYY,2026-08-21,,,,,,,,7.58,742268450.0,65450000.0,1309.0,,,,,,,,False,,,equity,
Nuveen Credit Strategies Income Fund,JQC,,67073D102,,,4001196.0,19005681.0,2.5605713845780174,,,,,YYY,2026-08-21,,,,,,,,4.75,742268450.0,65450000.0,1309.0,,,,,,,,False,,,equity,
Nuveen Real Asset Income and Growth Fund,JRI,,67074Y105,,,979823.0,12159603.43,1.6382224131129375,,,,,YYY,2026-08-21,,,,,,,,12.41,742268450.0,65450000.0,1309.0,,,,,,,,False,,,equity,
KKR Income Opportunities Fund,KIO,,48249T106,,,1109399.0,12136825.06,1.6351535600468818,,,,,YYY,2026-08-21,,,,,,,,10.94,742268450.0,65450000.0,1309.0,,,,,,,,False,,,equity,
NYLI CBRE Global Infrastructure Megatrends Term Fund,MEGI,,56064Q107,,,652775.0,9850374.75,1.3271078111970753,,,,,YYY,2026-08-21,,,,,,,,15.09,742268450.0,65450000.0,1309.0,,,,,,,,False,,,equity,
Nuveen Multi-Asset Income Fund,NMAI,,670750108,,,636099.0,9007161.84,1.2135045760142495,,,,,YYY,2026-08-21,,,,,,,,14.16,742268450.0,65450000.0,1309.0,,,,,,,,False,,,equity,
Nuveen Core Plus Impact Fund,NPCT,,67080D103,,,581626.0,5665037.24,0.7632313858847167,,,,,YYY,2026-08-21,,,,,,,,9.74,742268450.0,65450000.0,1309.0,,,,,,,,False,,,equity,
NXG NextGen Infrastructure Income Fund,NXG,,231647207,,,198645.0,11298927.6,1.522266457538605,,,,,YYY,2026-08-21,,,,,,,,56.88,742268450.0,65450000.0,1309.0,,,,,,,,False,,,equity,
PIMCO Access Income Fund,PAXS,,72203T100,,,1275362.0,17855068.0,2.405553170680632,,,,,YYY,2026-08-21,,,,,,,,14.0,742268450.0,65450000.0,1309.0,,,,,,,,False,,,equity,
PIMCO Income Strategy Fund,PFL,,72201H108,,,1336141.0,10101225.96,1.3609041497819843,,,,,YYY,2026-08-21,,,,,,,,7.56,742268450.0,65450000.0,1309.0,,,,,,,,False,,,equity,
PIMCO Income Strategy Fund II,PFN,,72201J104,,,2666208.0,18476821.44,2.4893199174089893,,,,,YYY,2026-08-21,,,,,,,,6.93,742268450.0,65450000.0,1309.0,,,,,,,,False,,,equity,
PIMCO High Income Fund,PHK,,722014107,,,5033712.0,22651704.0,3.0517877825230997,,,,,YYY,2026-08-21,,,,,,,,4.5,742268450.0,65450000.0,1309.0,,,,,,,,False,,,equity,
Nuveen NASDAQ 100 Dynamic Overwrite Fund,QQQX,,670699107,,,336421.0,10217105.77,1.3765162462670475,,,,,YYY,2026-08-21,,,,,,,,30.37,742268450.0,65450000.0,1309.0,,,,,,,,False,,,equity,
Brookfield Real Assets Income Fund Inc,RA,,112830104,,,768913.0,9642169.02,1.2990569544904316,,,,,YYY,2026-08-21,,,,,,,,12.54,742268450.0,65450000.0,1309.0,,,,,,,,False,,,equity,
RiverNorth Opportunities Fund Inc,RIV,,76881Y109,,,740908.0,8142578.92,1.0970222313644102,,,,,YYY,2026-08-21,,,,,,,,10.99,742268450.0,65450000.0,1309.0,,,,,,,,False,,,equity,
Nuveen S&P 500 Dynamic Overwrite Fund,SPXX,,6706EW100,,,531831.0,10099470.69,1.360667668167134,,,,,YYY,2026-08-21,,,,,,,,18.99,742268450.0,65450000.0,1309.0,,,,,,,,False,,,equity,
NXG Cushing Midstream Energy Fund,SRV,,231631300,,,167818.0,7806893.36,1.0517964465502778,,,,,YYY,2026-08-21,,,,,,,,46.52,742268450.0,65450000.0,1309.0,,,,,,,,False,,,equity,
Tortoise Energy Infrastructure Corp,TYG,,89147L886,,,549560.0,24614792.4,3.316268070413707,,,,,YYY,2026-08-21,,,,,,,,44.79,742268450.0,65450000.0,1309.0,,,,,,,,False,,,equity,
Liberty All-Star Equity Fund,USA,,530158104,,,1661488.0,9836008.96,1.3251723566984517,,,,,YYY,2026-08-21,,,,,,,,5.92,742268450.0,65450000.0,1309.0,,,,,,,,False,,,equity,
Invesco Senior Income Trust,VVR,,46131H107,,,2923468.0,8624230.6,1.1619135398706368,,,,,YYY,2026-08-21,,,,,,,,2.95,742268450.0,65450000.0,1309.0,,,,,,,,False,,,equity,
Western Asset Diversified Income Fund,WDI,,95790K109,,,1405180.0,18225184.6,2.4554177335404064,,,,,YYY,2026-08-21,,,,,,,,12.97,742268450.0,65450000.0,1309.0,,,,,,,,False,,,equity,
Cash & Other,Cash&Other,,Cash&Other,,,4640262.89,4640262.89,0.6251669894413828,,,,,YYY,2026-08-21,,,,,,,,1.0,742268450.0,65450000.0,1309.0,,,,,,,,True,,,cash,
First American Government Obligations Fund 12/01/2031,FGXXX,,31846V336,,,6904972.2,6904972.2,14.54600254750424,,,,,MSTW,2026-08-21,,,,,,,,100.0,47471392.0,12620000.0,1262.0,,,,,,,,,,,,Y
MSTR US 08/21/26 C30,MSTR  260821C00030000,,MSTR  260821C00030000,,,4901.0,40384240.0,85.07337045021306,,,,,MSTW,2026-08-21,MSTR,30.0,2026-08-21,Call,112.31999969482422,0.0,2.743999989827474,82.4,47471392.0,12620000.0,1262.0,,,,,,,,,,,,
Cash & Other,Cash&Other,,Cash&Other,,,180683.24,180683.24,0.3806270022826913,,,,,MSTW,2026-08-21,,,,,,,,1.0,47471392.0,12620000.0,1262.0,,,,,,,,,,,,Y
NVIDIA CORP WEEKLYPAY SWAP NM,67066G104 TRS 042027 NM,,67066G104 TRS 042027 NM,,,538784.0,116835310.4,103.39961092754217,,,,,NVDW,2026-08-21,,,,,,,,216.85,113056944.0,3080000.0,308.0,,,,,,,,,,,,
United States Treasury Bill 10/08/2026,912797UJ4,,912797UJ4,,,84000000.0,83592672.71,73.97977379454433,,,,,NVDW,2026-08-21,,,,,,,,99.515087,113056944.0,3080000.0,308.0,,,,,,,,,,,,
First American Government Obligations Fund 12/01/2031,FGXXX,,31846V336,,,7555414.83,7555414.83,6.686565483872606,,,,,NVDW,2026-08-21,,,,,,,,100.0,113056944.0,3080000.0,308.0,,,,,,,,,,,,Y
NVIDIA Corp,NVDA,,67066G104,,,91985.0,19946947.25,17.653109986877798,,,,,NVDW,2026-08-21,,,,,,,,216.85,113056944.0,3080000.0,308.0,,,,,,,,,,,,
Cash & Other,Cash&Other,,Cash&Other,,,-114936389.65,-114936389.65,-101.71906019283692,,,,,NVDW,2026-08-21,,,,,,,,1.0,113056944.0,3080000.0,308.0,,,,,,,,,,,,Y
COINBASE GLOBAL INC WEEKLYPAY SWAP NM,19260Q107 TRS 042027 NM,,19260Q107 TRS 042027 NM,,,247692.0,42689716.2,111.02990170998956,,,,,COIW,2026-08-21,,,,,,,,172.35,38480924.0,4360000.0,436.0,,,,,,,,,,,,
United States Treasury Bill 10/08/2026,912797UJ4,,912797UJ4,,,49900000.0,49658028.2,129.1534936500208,,,,,COIW,2026-08-21,,,,,,,,99.515087,38480924.0,4360000.0,436.0,,,,,,,,,,,,
Coinbase Global Inc,COIN,,19260Q107,,,13036.0,2246754.6,5.843490297189348,,,,,COIW,2026-08-21,,,,,,,,172.35,38480924.0,4360000.0,436.0,,,,,,,,,,,,
First American Government Obligations Fund 12/01/2031,FGXXX,,31846V336,,,550911.99,550911.99,1.4328440089408407,,,,,COIW,2026-08-21,,,,,,,,100.0,38480924.0,4360000.0,436.0,,,,,,,,,,,,Y
Cash & Other,Cash&Other,,Cash&Other,,,-56696564.74,-56696564.74,-147.45972966614053,,,,,COIW,2026-08-21,,,,,,,,1.0,38480924.0,4360000.0,436.0,,,,,,,,,,,,Y
TESLA INC WEEKLYPAY SWAP NM,88160R101 TRS 042027 NM,,88160R101 TRS 042027 NM,,,214398.0,73995181.74,102.88437123103013,,,,,TSLW,2026-08-21,,,,,,,,345.13,71964045.0,4110000.0,411.0,,,,,,,,,,,,
United States Treasury Bill 10/08/2026,912797UJ4,,912797UJ4,,,62000000.0,61699356.45,85.78801138731353,,,,,TSLW,2026-08-21,,,,,,,,99.515091,71964045.0,4110000.0,411.0,,,,,,,,,,,,
First American Government Obligations Fund 12/01/2031,FGXXX,,31846V336,,,5242018.35,5242018.35,7.288606490843009,,,,,TSLW,2026-08-21,,,,,,,,100.0,71964045.0,4110000.0,411.0,,,,,,,,,,,,Y
Tesla Inc,TSLA,,88160R101,,,35501.0,12252460.13,17.036064063437166,,,,,TSLW,2026-08-21,,,,,,,,345.13,71964045.0,4110000.0,411.0,,,,,,,,,,,,
Cash & Other,Cash&Other,,Cash&Other,,,-81268295.52,-81268295.52,-112.99705317262382,,,,,TSLW,2026-08-21,,,,,,,,1.0,71964045.0,4110000.0,411.0,,,,,,,,,,,,Y
ROBINHOOD MKTS INC SWAP NM,770700102 TRS 081727 NM,,770700102 TRS 081727 NM,,,1622067.0,154258571.7,116.65536323128582,,,,,HOOW,2026-08-21,,,,,,,,95.1,132327117.0,5490000.0,549.0,,,,,,,,,,,,
United States Treasury Bill 10/08/2026,912797UJ4,,912797UJ4,,,126000000.0,125389009.07,94.82325835817292,,,,,HOOW,2026-08-21,,,,,,,,99.515087,132327117.0,5490000.0,549.0,,,,,,,,,,,,
First American Government Obligations Fund 12/01/2031,FGXXX,,31846V336,,,8502750.49,8502750.49,6.430057247029104,,,,,HOOW,2026-08-21,,,,,,,,100.0,132327117.0,5490000.0,549.0,,,,,,,,,,,,Y
Robinhood Markets Inc,HOOD,,770700102,,,52149.0,4959369.9,3.750437273644261,,,,,HOOW,2026-08-21,,,,,,,,95.1,132327117.0,5490000.0,549.0,,,,,,,,,,,,
Cash & Other,Cash&Other,,Cash&Other,,,-160875256.53,-160875256.53,-121.65911611013209,,,,,HOOW,2026-08-21,,,,,,,,1.0,132327117.0,5490000.0,549.0,,,,,,,,,,,,Y
PALANTIR TECHNOLOGIES INC WEEKLYPAY SWAP NM,69608A108 TRS 042027 NM,,69608A108 TRS 042027 NM,,,773926.0,134632166.96,100.22819177656656,,,,,PLTW,2026-08-21,,,,,,,,173.96,134390553.0,5510000.0,551.0,,,,,,,,,,,,
United States Treasury Bill 10/08/2026,912797UJ4,,912797UJ4,,,82600000.0,82199461.5,61.19416761374915,,,,,PLTW,2026-08-21,,,,,,,,99.515087,134390553.0,5510000.0,551.0,,,,,,,,,,,,
First American Government Obligations Fund 12/01/2031,FGXXX,,31846V336,,,909305.26,909305.26,0.676940912715149,,,,,PLTW,2026-08-21,,,,,,,,100.0,134390553.0,5510000.0,551.0,,,,,,,,,,,,Y
Palantir Technologies Inc,PLTR,,69608A108,,,154786.0,26926572.56,20.045741960248954,,,,,PLTW,2026-08-21,,,,,,,,173.96,134390553.0,5510000.0,551.0,,,,,,,,,,,,
Cash & Other,Cash&Other,,Cash&Other,,,-110341859.4,-110341859.4,-82.14504226327982,,,,,PLTW,2026-08-21,,,,,,,,1.0,134390553.0,5510000.0,551.0,,,,,,,,,,,,Y
4NDX US 09/18/26 C2250 FLX,4NDX  260918C02250000,,4NDX  260918C02250000,,,67.0,180568514.82,19.17249505214349,,,,,QDTE,2026-08-21,NDX,2250.0,2026-09-18,Call,,28.0,,26950.5246,941155050.0,32700000.0,3270.0,,,,,,,,,,,,
4NDX US 12/18/26 C2450.1 FLX,4NDX  261218C02450100,,4NDX  261218C02450100,,,89.0,237979462.95,25.26830372653247,,,,,QDTE,2026-08-21,NDX,2450.1,2026-12-18,Call,,119.0,,26739.2655,941155050.0,32700000.0,3270.0,,,,,,,,,,,,
NDX 03/19/2027 2510.15 C,4NDX  270319C02510150,,4NDX  270319C02510150,,,92.0,245707092.84,26.088811919660788,,,,,QDTE,2026-08-21,NDX,2510.15,2027-03-19,Call,,210.0,,26707.2927,941155050.0,32700000.0,3270.0,,,,,,,,,,,,
NDX 06/11/2027 3059.42 C,4NDX  270611C03059420,,4NDX  270611C03059420,,,78.0,204283749.54,21.69054323337193,,,,,QDTE,2026-08-21,NDX,3059.42,2027-06-11,Call,,294.0,,26190.2243,941155050.0,32700000.0,3270.0,,,,,,,,,,,,
First American Government Obligations Fund 12/01/2031,FGXXX,,31846V336,,,31806819.38,31806819.38,3.3772005479214786,,,,,QDTE,2026-08-21,,,,,,,,100.0,941155050.0,32700000.0,3270.0,,,,,,,,,,,,Y
Roundhill Weekly T-Bill ETF,WEEK,,77926X676,,,479558.0,47965391.16,5.092893551270264,,,,,QDTE,2026-08-21,,,,,,,,100.02,941155050.0,32700000.0,3270.0,,,,,,,,,,,,
Cash & Other,Cash&Other,,Cash&Other,,,-6500826.39,-6500826.39,-0.690248030900423,,,,,QDTE,2026-08-21,,,,,,,,1.0,941155050.0,32700000.0,3270.0,,,,,,,,,,,,Y
SPX 03/19/2027 678.8 C,4SPX  270319C00678800,,4SPX  270319C00678800,,,329.0,228380508.72,67.56227004851505,,,,,XDTE,2026-08-21,SPX,678.8,2027-03-19,Call,,210.0,,6941.6568,337894557.0,8745000.0,874.5,,,,,,,,,,,,
SPX 06/11/2027 678.8 C,4SPX  270611C00678800,,4SPX  270611C00678800,,,119.0,82521071.22,24.412376212428217,,,,,XDTE,2026-08-21,SPX,678.8,2027-06-11,Call,,294.0,,6934.5438,337894557.0,8745000.0,874.5,,,,,,,,,,,,
First American Government Obligations Fund 12/01/2031,FGXXX,,31846V336,,,3196405.68,3196405.68,0.9455991885959725,,,,,XDTE,2026-08-21,,,,,,,,100.0,337894557.0,8745000.0,874.5,,,,,,,,,,,,Y
Roundhill Weekly T-Bill ETF,WEEK,,77926X676,,,242576.0,24262451.52,7.177610343459631,,,,,XDTE,2026-08-21,,,,,,,,100.02,337894557.0,8745000.0,874.5,,,,,,,,,,,,
Cash & Other,Cash&Other,,Cash&Other,,,-330781.6,-330781.6,-0.09785579299886538,,,,,XDTE,2026-08-21,,,,,,,,1.0,337894557.0,8745000.0,874.5,,,,,,,,,,,,Y
4RUT US 12/18/26 C246.2 FLX,4RUT  261218C00246200,,4RUT  261218C00246200,,,300.0,82010283.0,44.68420082455897,,,,,RDTE,2026-08-21,RUT,246.2,2026-12-18,Call,,119.0,,2733.6761,183456357.0,6510000.0,651.0,,,,,,,,,,,,
RUT 03/19/2027 252.3 C,4RUT  270319C00252300,,4RUT  270319C00252300,,,318.0,86585586.96,47.17710529340515,,,,,RDTE,2026-08-21,RUT,252.3,2027-03-19,Call,,210.0,,2722.8172,183456357.0,6510000.0,651.0,,,,,,,,,,,,
First American Government Obligations Fund 12/01/2031,FGXXX,,31846V336,,,5914150.06,5914150.06,3.222389428745386,,,,,RDTE,2026-08-21,,,,,,,,100.0,183456357.0,6510000.0,651.0,,,,,,,,,,,,Y
Roundhill Weekly T-Bill ETF,WEEK,,77926X676,,,104679.0,10469993.58,5.704690663737414,,,,,RDTE,2026-08-21,,,,,,,,100.02,183456357.0,6510000.0,651.0,,,,,,,,,,,,
Cash & Other,Cash&Other,,Cash&Other,,,-1446949.37,-1446949.37,-0.7883862104469154,,,,,RDTE,2026-08-21,,,,,,,,1.0,183456357.0,6510000.0,651.0,,,,,,,,,,,,Y
IBIT 08/21/2026 36.44 C,4IBIT 260821C00036440,,4IBIT 260821C00036440,,,38433.0,18342917.91,12.976299574682514,,,,,YBTC,2026-08-21,IBIT,36.44,2026-08-21,Call,41.17499923706055,0.0,0.12993960584688666,4.7727,141365147.0,7910000.0,791.0,,,,,,,,,,,,
IBIT 08/21/2026 36.95 C,4IBIT 260821C00036950,,4IBIT 260821C00036950,,,-38433.0,-16387831.2,-11.593215870774666,,,,,YBTC,2026-08-21,IBIT,36.95,2026-08-21,Call,41.17499923706055,0.0,0.114343687065238,4.264,141365147.0,7910000.0,791.0,,,,,,,,,,,,
IBIT 08/21/2026 36.44 P,4IBIT 260821P00036440,,4IBIT 260821P00036440,,,-38433.0,-13451.55,-0.00951600739861898,,,,,YBTC,2026-08-21,IBIT,36.44,2026-08-21,Put,41.17499923706055,0.0,-0.12993960584688666,0.0035,141365147.0,7910000.0,791.0,,,,,,,,,,,,
United States Treasury Bill 10/08/2026,912797UJ4,,912797UJ4,,,130000000.0,129369618.36,91.51973159006018,,,,,YBTC,2026-08-21,,,,,,,,99.515091,141365147.0,7910000.0,791.0,,,,,,,,,,,,
First American Government Obligations Fund 12/01/2031,FGXXX,,31846V336,,,10125889.83,10125889.83,7.163341216430871,,,,,YBTC,2026-08-21,,,,,,,,100.0,141365147.0,7910000.0,791.0,,,,,,,,,,,,Y
Cash & Other,Cash&Other,,Cash&Other,,,-80065.36,-80065.36,-0.05664050300025589,,,,,YBTC,2026-08-21,,,,,,,,1.0,141365147.0,7910000.0,791.0,,,,,,,,,,,,Y
MSTR 10/16/2026 95.01 P,2MSTR 261016P00095010,,2MSTR 261016P00095010,,,-45115.0,-33498338.65,-4.22995394294598,,,,,MSTY,2026-08-20,MSTR,95.01,2026-10-16,Put,112.31999969482422,56.0,-0.18219134506708992,7.4251,791755935.62,61669959.0,2466.8,,,,,,,,,,,,
First American Government Obligations Fund 12/01/2031,FGXXX,,31846V336,,,18735577.0,18735576.67,2.365807666961216,,,,,MSTY,2026-08-20,,,,,,,,100.0,791755935.62,61669959.0,2466.8,,,,,,,,,,,,
MSTR US 08/21/26 C97.5,MSTR  260821C00097500,,MSTR  260821C00097500,,,-13000.0,-9587500.0,-1.2106476041012435,,,,,MSTY,2026-08-20,MSTR,97.5,2026-08-21,Call,112.31999969482422,0.0,0.151999996869992,7.375,791755935.62,61669959.0,2466.8,,,,,,,,,,,,
MSTR US 08/21/26 C99,MSTR  260821C00099000,,MSTR  260821C00099000,,,-4605.0,-2786025.0,-0.3518012507135506,,,,,MSTY,2026-08-20,MSTR,99.0,2026-08-21,Call,112.31999969482422,0.0,0.1345454514628709,6.05,791755935.62,61669959.0,2466.8,,,,,,,,,,,,
MSTR US 08/21/26 C106,MSTR  260821C00106000,,MSTR  260821C00106000,,,3000.0,613500.0,0.07746881930806913,,,,,MSTY,2026-08-20,MSTR,106.0,2026-08-21,Call,112.31999969482422,0.0,0.059622638630417155,2.045,791755935.62,61669959.0,2466.8,,,,,,,,,,,,
MSTR US 08/21/26 C96,MSTR  260821C00096000,,MSTR  260821C00096000,,,-2235.0,-1944450.0,-0.2455325928338631,,,,,MSTY,2026-08-20,MSTR,96.0,2026-08-21,Call,112.31999969482422,0.0,0.1699999968210856,8.7,791755935.62,61669959.0,2466.8,,,,,,,,,,,,
MSTR US 09/18/26 C100,MSTR  260918C00100000,,MSTR  260918C00100000,,,32250.0,35313750.0,4.4591923681178915,,,,,MSTY,2026-08-20,MSTR,100.0,2026-09-18,Call,112.31999969482422,28.0,0.12319999694824219,10.95,791755935.62,61669959.0,2466.8,,,,,,,,,,,,
MSTR US 08/21/26 C102,MSTR  260821C00102000,,MSTR  260821C00102000,,,6500.0,2583750.0,0.3262592695798266,,,,,MSTY,2026-08-20,MSTR,102.0,2026-08-21,Call,112.31999969482422,0.0,0.10117646759631586,3.975,791755935.62,61669959.0,2466.8,,,,,,,,,,,,
MSTR US 08/21/26 C103,MSTR  260821C00103000,,MSTR  260821C00103000,,,12500.0,4250000.0,0.5366625624438367,,,,,MSTY,2026-08-20,MSTR,103.0,2026-08-21,Call,112.31999969482422,0.0,0.09048543393033222,3.4,791755935.62,61669959.0,2466.8,,,,,,,,,,,,
MSTR US 08/21/26 C105,MSTR  260821C00105000,,MSTR  260821C00105000,,,-7950.0,-1943775.0,-0.24544735819159264,,,,,MSTY,2026-08-20,MSTR,105.0,2026-08-21,Call,112.31999969482422,0.0,0.0697142828078497,2.445,791755935.62,61669959.0,2466.8,,,,,,,,,,,,
MSTR US 08/21/26 C94,MSTR  260821C00094000,,MSTR  260821C00094000,,,-2000.0,-2105000.0,-0.26580581033982975,,,,,MSTY,2026-08-20,MSTR,94.0,2026-08-21,Call,112.31999969482422,0.0,0.19489361377472572,10.525,791755935.62,61669959.0,2466.8,,,,,,,,,,,,
MSTR US 10/16/26 C95,MSTR  261016C00095000,,MSTR  261016C00095000,,,45115.0,78161737.5,9.8697596074853,,,,,MSTY,2026-08-20,MSTR,95.0,2026-10-16,Call,112.31999969482422,56.0,0.18231578626130757,17.325,791755935.62,61669959.0,2466.8,,,,,,,,,,,,
MSTR US 08/21/26 C104,MSTR  260821C00104000,,MSTR  260821C00104000,,,4605.0,1321635.0,0.1668875354624612,,,,,MSTY,2026-08-20,MSTR,104.0,2026-08-21,Call,112.31999969482422,0.0,0.07999999706561749,2.87,791755935.62,61669959.0,2466.8,,,,,,,,,,,,
MSTR US 08/21/26 C95,MSTR  260821C00095000,,MSTR  260821C00095000,,,-7500.0,-7200000.0,-0.9091695175519117,,,,,MSTY,2026-08-20,MSTR,95.0,2026-08-21,Call,112.31999969482422,0.0,0.18231578626130757,9.6,791755935.62,61669959.0,2466.8,,,,,,,,,,,,
United States Treasury Bill 09/03/2026,912797RS8,,912797RS8,,,98341000.0,98203641.22,12.400521820809503,,,,,MSTY,2026-08-20,,,,,,,,99.860324,791755935.62,61669959.0,2466.8,,,,,,,,,,,,
MSTR US 08/21/26 C98,MSTR  260821C00098000,,MSTR  260821C00098000,,,-4000.0,-2780000.0,-0.3510404526103214,,,,,MSTY,2026-08-20,MSTR,98.0,2026-08-21,Call,112.31999969482422,0.0,0.14612244586555326,6.95,791755935.62,61669959.0,2466.8,,,,,,,,,,,,
United States Treasury Bill 10/15/2026,912797UK1,,912797UK1,,,150141000.0,149290868.63,18.851487084339293,,,,,MSTY,2026-08-20,,,,,,,,99.433778,791755935.62,61669959.0,2466.8,,,,,,,,,,,,
United States Treasury Bill 02/18/2027,912797TV9,,912797TV9,,,131065000.0,128564654.65,16.234314589217867,,,,,MSTY,2026-08-20,,,,,,,,98.092286,791755935.62,61669959.0,2466.8,,,,,,,,,,,,
MSTR US 08/21/26 C101,MSTR  260821C00101000,,MSTR  260821C00101000,,,5935.0,2774612.5,0.3503601538914588,,,,,MSTY,2026-08-20,MSTR,101.0,2026-08-21,Call,112.31999969482422,0.0,0.11207920489924969,4.675,791755935.62,61669959.0,2466.8,,,,,,,,,,,,
STRATEGY CLL OPT 08/26 109,MSTR  260821C00109000,,MSTR  260821C00109000,,,17950.0,2225800.0,0.28105965446764514,,,,,MSTY,2026-08-20,MSTR,109.0,2026-08-21,Call,112.31999969482422,0.0,0.030458712796552465,1.24,791755935.62,61669959.0,2466.8,,,,,,,,,,,,
United States Treasury Note/Bond 2.375% 05/15/2027,912828X88,,912828X88,,,107452000.0,106192055.46,13.409247198668616,,,,,MSTY,2026-08-20,,,,,,,,98.827435,791755935.62,61669959.0,2466.8,,,,,,,,,,,,
United States Treasury Bill 12/10/2026,912797VG9,,912797VG9,,,74621000.0,73764811.33,9.314544156833874,,,,,MSTY,2026-08-20,,,,,,,,98.852617,791755935.62,61669959.0,2466.8,,,,,,,,,,,,
MSTR 09/18/2026 100.01 P,2MSTR 260918P00100010,,2MSTR 260918P00100010,,,-32250.0,-20527447.5,-2.592073547242666,,,,,MSTY,2026-08-20,MSTR,100.01,2026-09-18,Put,112.31999969482422,28.0,-0.12308768817942418,6.3651,791755935.62,61669959.0,2466.8,,,,,,,,,,,,
Cash & Other,Cash&Other,,Cash&Other,,,179166415.0,179166415.42,22.623978259570386,,,,,MSTY,2026-08-20,,,,,,,,1.0,791755935.62,61669959.0,2466.8,,,,,,,,,,,,
MSTR US 08/21/26 C96.5,MSTR  260821C00096500,,MSTR  260821C00096500,,,-6700.0,-5527500.0,-0.6979770150372488,,,,,MSTY,2026-08-20,MSTR,96.5,2026-08-21,Call,112.31999969482422,0.0,0.16393782067175355,8.25,791755935.62,61669959.0,2466.8,,,,,,,,,,,,
MSTR US 08/21/26 C100,MSTR  260821C00100000,,MSTR  260821C00100000,,,-2500.0,-1331250.0,-0.16810165558902534,,,,,MSTY,2026-08-20,MSTR,100.0,2026-08-21,Call,112.31999969482422,0.0,0.12319999694824219,5.325,791755935.62,61669959.0,2466.8,,,,,,,,,,,,
United States Treasury Bill 02/18/2027,912797TV9,,912797TV9,,,249246000.0,244491099.16,17.489539013139733,,,,,NVDY,2026-08-20,,,,,,,,98.092286,1397836690.0,110725000.0,4429.0,,,,,,,,,,,,
United States Treasury Note/Bond 2.375% 05/15/2027,912828X88,,912828X88,,,233956000.0,231212713.83,16.539676874769782,,,,,NVDY,2026-08-20,,,,,,,,98.827435,1397836690.0,110725000.0,4429.0,,,,,,,,,,,,
United States Treasury Bill 09/03/2026,912797RS8,,912797RS8,,,242677000.0,242338038.47,17.3355209770444,,,,,NVDY,2026-08-20,,,,,,,,99.860324,1397836690.0,110725000.0,4429.0,,,,,,,,,,,,
United States Treasury Bill 12/10/2026,912797VG9,,912797VG9,,,243361000.0,240568717.26,17.208953537839506,,,,,NVDY,2026-08-20,,,,,,,,98.852617,1397836690.0,110725000.0,4429.0,,,,,,,,,,,,
United States Treasury Bill 10/15/2026,912797UK1,,912797UK1,,,260100000.0,258627256.58,18.500761415682817,,,,,NVDY,2026-08-20,,,,,,,,99.433778,1397836690.0,110725000.0,4429.0,,,,,,,,,,,,
First American Government Obligations Fund 12/01/2031,FGXXX,,31846V336,,,28272510.0,28272509.59,2.0224587364224607,,,,,NVDY,2026-08-20,,,,,,,,100.0,1397836690.0,110725000.0,4429.0,,,,,,,,,,,,
NVDA 09/18/2026 195.01 P,2NVDA 260918P00195010,,2NVDA 260918P00195010,,,-64900.0,-15178163.0,-1.0857617101331452,,,,,NVDY,2026-08-20,NVDA,195.01,2026-09-18,Put,217.0500030517578,28.0,-0.11301986078538445,2.3387,1397836690.0,110725000.0,4429.0,,,,,,,,,,,,
NVIDIA C CLL OPT 08/26 225,NVDA  260828C00225000,,NVDA  260828C00225000,,,-13500.0,-5467500.0,-0.39111466586259297,,,,,NVDY,2026-08-20,NVDA,225.0,2026-08-28,Call,217.0500030517578,7.0,-0.03533331976996528,4.05,1397836690.0,110725000.0,4429.0,,,,,,,,,,,,
NVDA US 09/18/26 C195,NVDA  260918C00195000,,NVDA  260918C00195000,,,64900.0,165170500.0,11.81538270102559,,,,,NVDY,2026-08-20,NVDA,195.0,2026-09-18,Call,217.0500030517578,28.0,0.11307693872696314,25.45,1397836690.0,110725000.0,4429.0,,,,,,,,,,,,
Cash & Other,Cash&Other,,Cash&Other,,,5670363.0,5670363.46,0.4056263941430922,,,,,NVDY,2026-08-20,,,,,,,,1.0,1397836690.0,110725000.0,4429.0,,,,,,,,,,,,
NVDA US 08/21/26 C235,NVDA  260821C00235000,,NVDA  260821C00235000,,,51400.0,282700.0,0.020222792142543217,,,,,NVDY,2026-08-20,NVDA,235.0,2026-08-21,Call,217.0500030517578,0.0,-0.0763829657372008,0.055,1397836690.0,110725000.0,4429.0,,,,,,,,,,,,
NVDA US 08/28/26 C232.5,NVDA  260828C00232500,,NVDA  260828C00232500,,,13500.0,2916000.0,0.20859448846004958,,,,,NVDY,2026-08-20,NVDA,232.5,2026-08-28,Call,217.0500030517578,7.0,-0.06645159977738575,2.16,1397836690.0,110725000.0,4429.0,,,,,,,,,,,,
NVDA US 08/21/26 C227.5,NVDA  260821C00227500,,NVDA  260821C00227500,,,-51400.0,-976600.0,-0.0698605546742402,,,,,NVDY,2026-08-20,NVDA,227.5,2026-08-21,Call,217.0500030517578,0.0,-0.04593405251974588,0.19,1397836690.0,110725000.0,4429.0,,,,,,,,,,,,
COIN 10/16/2026 150.01 P,2COIN 261016P00150010,,2COIN 261016P00150010,,,-9425.0,-10515943.75,-3.2059105093731213,,,,,CONY,2026-08-20,COIN,150.01,2026-10-16,Put,172.4600067138672,56.0,-0.14965673431016063,11.1575,327871193.34,17407457.0,696.3,,,,,,,,,,,,
COIN US 08/21/26 C150,COIN  260821C00150000,,COIN  260821C00150000,,,-7475.0,-8315937.5,-2.5352124412552173,,,,,CONY,2026-08-20,COIN,150.0,2026-08-21,Call,172.4600067138672,0.0,0.1497333780924479,11.125,327871193.34,17407457.0,696.3,,,,,,,,,,,,
COIN 09/18/2026 170.01 P,2COIN 260918P00170010,,2COIN 260918P00170010,,,-10975.0,-19273307.25,-5.875696916232761,,,,,CONY,2026-08-20,COIN,170.01,2026-09-18,Put,172.4600067138672,28.0,-0.014410956495895516,17.5611,327871193.34,17407457.0,696.3,,,,,,,,,,,,
United States Treasury Note/Bond 2.375% 05/15/2027,912828X88,,912828X88,,,93467000.0,92371038.67,28.160409628842302,,,,,CONY,2026-08-20,,,,,,,,98.827435,327871193.34,17407457.0,696.3,,,,,,,,,,,,
United States Treasury Bill 12/10/2026,912797VG9,,912797VG9,,,68067000.0,67286010.81,20.512940570794942,,,,,CONY,2026-08-20,,,,,,,,98.852617,327871193.34,17407457.0,696.3,,,,,,,,,,,,
COIN US 08/28/26 C175,COIN  260828C00175000,,COIN  260828C00175000,,,1000.0,257500.0,0.07850193722875123,,,,,CONY,2026-08-20,COIN,175.0,2026-08-28,Call,172.4600067138672,7.0,-0.014514247349330357,2.575,327871193.34,17407457.0,696.3,,,,,,,,,,,,
COIN US 08/28/26 C170,COIN  260828C00170000,,COIN  260828C00170000,,,1500.0,540000.0,0.16462542176126474,,,,,CONY,2026-08-20,COIN,170.0,2026-08-28,Call,172.4600067138672,7.0,0.014470627728630515,3.6,327871193.34,17407457.0,696.3,,,,,,,,,,,,
COIN US 08/21/26 C152.5,COIN  260821C00152500,,COIN  260821C00152500,,,-7425.0,-6701062.5,-2.0428985931686943,,,,,CONY,2026-08-20,COIN,152.5,2026-08-21,Call,172.4600067138672,0.0,0.13088528992699794,9.025,327871193.34,17407457.0,696.3,,,,,,,,,,,,
United States Treasury Bill 09/03/2026,912797RS8,,912797RS8,,,23441000.0,23408258.55,7.13628599350089,,,,,CONY,2026-08-20,,,,,,,,99.860324,327871193.34,17407457.0,696.3,,,,,,,,,,,,
COIN US 08/28/26 C167.5,COIN  260828C00167500,,COIN  260828C00167500,,,-1000.0,-440000.0,-0.1341392325462157,,,,,CONY,2026-08-20,COIN,167.5,2026-08-28,Call,172.4600067138672,7.0,0.029611980381296643,4.4,327871193.34,17407457.0,696.3,,,,,,,,,,,,
United States Treasury Bill 02/18/2027,912797TV9,,912797TV9,,,77870000.0,76384463.11,23.28671195461392,,,,,CONY,2026-08-20,,,,,,,,98.092286,327871193.34,17407457.0,696.3,,,,,,,,,,,,
United States Treasury Bill 10/15/2026,912797UK1,,912797UK1,,,66942000.0,66562959.67,20.29250983213297,,,,,CONY,2026-08-20,,,,,,,,99.433778,327871193.34,17407457.0,696.3,,,,,,,,,,,,
COIN US 08/28/26 C162.5,COIN  260828C00162500,,COIN  260828C00162500,,,-1500.0,-911250.0,-0.2778053992221342,,,,,CONY,2026-08-20,COIN,162.5,2026-08-28,Call,172.4600067138672,7.0,0.06129234900841346,6.075,327871193.34,17407457.0,696.3,,,,,,,,,,,,
COIN US 09/18/26 C170,COIN  260918C00170000,,COIN  260918C00170000,,,10975.0,9438500.0,2.877438969062402,,,,,CONY,2026-08-20,COIN,170.0,2026-09-18,Call,172.4600067138672,28.0,0.014470627728630515,8.6,327871193.34,17407457.0,696.3,,,,,,,,,,,,
COIN US 08/21/26 C155,COIN  260821C00155000,,COIN  260821C00155000,,,7475.0,5213812.5,1.5894927440678779,,,,,CONY,2026-08-20,COIN,155.0,2026-08-21,Call,172.4600067138672,0.0,0.11264520460559475,6.975,327871193.34,17407457.0,696.3,,,,,,,,,,,,
COIN US 08/21/26 C157.5,COIN  260821C00157500,,COIN  260821C00157500,,,1925.0,1015437.5,0.3095681976105634,,,,,CONY,2026-08-20,COIN,157.5,2026-08-21,Call,172.4600067138672,0.0,0.09498416961185516,5.275,327871193.34,17407457.0,696.3,,,,,,,,,,,,
COIN US 08/21/26 C160,COIN  260821C00160000,,COIN  260821C00160000,,,1500.0,588750.0,0.17948743900360112,,,,,CONY,2026-08-20,COIN,160.0,2026-08-21,Call,172.4600067138672,0.0,0.07787504196166992,3.925,327871193.34,17407457.0,696.3,,,,,,,,,,,,
COIN US 10/16/26 C150,COIN  261016C00150000,,COIN  261016C00150000,,,9425.0,21041312.5,6.414694342079762,,,,,CONY,2026-08-20,COIN,150.0,2026-10-16,Call,172.4600067138672,56.0,0.1497333780924479,22.325,327871193.34,17407457.0,696.3,,,,,,,,,,,,
COIN US 08/21/26 C165,COIN  260821C00165000,,COIN  260821C00165000,,,4000.0,818000.0,0.249377027779101,,,,,CONY,2026-08-20,COIN,165.0,2026-08-21,Call,172.4600067138672,0.0,0.04521216190222538,2.045,327871193.34,17407457.0,696.3,,,,,,,,,,,,
Cash & Other,Cash&Other,,Cash&Other,,,9248841.0,9248840.56,2.8196190333197997,,,,,CONY,2026-08-20,,,,,,,,1.0,327871193.34,17407457.0,696.3,,,,,,,,,,,,
TSLA US 08/21/26 C357.5,TSLA  260821C00357500,,TSLA  260821C00357500,,,7659.0,1995169.5,0.29799191975185435,,,,,TSLY,2026-08-20,TSLA,357.5,2026-08-21,Call,345.2799987792969,0.0,-0.034181821596372376,2.605,669543924.94,30079965.0,1203.2,,,,,,,,,,,,
TSLA US 08/21/26 C360,TSLA  260821C00360000,,TSLA  260821C00360000,,,4000.0,788000.0,0.11769307458061144,,,,,TSLY,2026-08-20,TSLA,360.0,2026-08-21,Call,345.2799987792969,0.0,-0.0408888922797309,1.97,669543924.94,30079965.0,1203.2,,,,,,,,,,,,
TSLA 09/18/2026 310.01 P,2TSLA 260918P00310010,,2TSLA 260918P00310010,,,-9438.0,-2830739.34,-0.42278986835138427,,,,,TSLY,2026-08-20,TSLA,310.01,2026-09-18,Put,345.2799987792969,28.0,-0.11377051959387402,2.9993,669543924.94,30079965.0,1203.2,,,,,,,,,,,,
United States Treasury Bill 02/18/2027,912797TV9,,912797TV9,,,101054000.0,99126178.69,14.805158301336533,,,,,TSLY,2026-08-20,,,,,,,,98.092286,669543924.94,30079965.0,1203.2,,,,,,,,,,,,
United States Treasury Note/Bond 2.375% 05/15/2027,912828X88,,912828X88,,,163076000.0,161163827.9,24.070896467933412,,,,,TSLY,2026-08-20,,,,,,,,98.827435,669543924.94,30079965.0,1203.2,,,,,,,,,,,,
United States Treasury Bill 12/10/2026,912797VG9,,912797VG9,,,146377000.0,144697495.19,21.61153945815271,,,,,TSLY,2026-08-20,,,,,,,,98.852617,669543924.94,30079965.0,1203.2,,,,,,,,,,,,
TSLA US 08/21/26 C345,TSLA  260821C00345000,,TSLA  260821C00345000,,,-9219.0,-7997482.5,-1.1944775435655264,,,,,TSLY,2026-08-20,TSLA,345.0,2026-08-21,Call,345.2799987792969,0.0,0.0008115906646286232,8.675,669543924.94,30079965.0,1203.2,,,,,,,,,,,,
TSLA 09/18/2026 410.01 P,2TSLA 260918P00410010,,2TSLA 260918P00410010,,,-9921.0,-59861627.43,-8.940734748268738,,,,,TSLY,2026-08-20,TSLA,410.01,2026-09-18,Put,345.2799987792969,28.0,0.1578742011675401,60.3383,669543924.94,30079965.0,1203.2,,,,,,,,,,,,
TSLA US 08/21/26 C342.5,TSLA  260821C00342500,,TSLA  260821C00342500,,,-2440.0,-2592500.0,-0.3872072282363391,,,,,TSLY,2026-08-20,TSLA,342.5,2026-08-21,Call,345.2799987792969,0.0,0.008116784757071168,10.625,669543924.94,30079965.0,1203.2,,,,,,,,,,,,
TSLA 09/18/2026 310.01 C,2TSLA 260918C00310010,,2TSLA 260918C00310010,,,9438.0,42734037.06,6.382614480752784,,,,,TSLY,2026-08-20,TSLA,310.01,2026-09-18,Call,345.2799987792969,28.0,0.11377051959387402,45.2787,669543924.94,30079965.0,1203.2,,,,,,,,,,,,
TSLA US 08/21/26 C352.5,TSLA  260821C00352500,,TSLA  260821C00352500,,,-4000.0,-1760000.0,-0.26286778078918294,,,,,TSLY,2026-08-20,TSLA,352.5,2026-08-21,Call,345.2799987792969,0.0,-0.02048227296653369,4.4,669543924.94,30079965.0,1203.2,,,,,,,,,,,,
TSLA US 08/21/26 C365,TSLA  260821C00365000,,TSLA  260821C00365000,,,4000.0,450000.0,0.06721051213359791,,,,,TSLY,2026-08-20,TSLA,365.0,2026-08-21,Call,345.2799987792969,0.0,-0.0540274006046661,1.125,669543924.94,30079965.0,1203.2,,,,,,,,,,,,
United States Treasury Bill 10/15/2026,912797UK1,,912797UK1,,,155297000.0,154417674.22,23.063313259567288,,,,,TSLY,2026-08-20,,,,,,,,99.433778,669543924.94,30079965.0,1203.2,,,,,,,,,,,,
TSLA 09/18/2026 410.01 C,2TSLA 260918C00410010,,2TSLA 260918C00410010,,,9921.0,2974712.64,0.44429324441041573,,,,,TSLY,2026-08-20,TSLA,410.01,2026-09-18,Call,345.2799987792969,28.0,-0.1578742011675401,2.9984,669543924.94,30079965.0,1203.2,,,,,,,,,,,,
TSLA US 08/21/26 C355,TSLA  260821C00355000,,TSLA  260821C00355000,,,-3700.0,-1258000.0,-0.1878907205868137,,,,,TSLY,2026-08-20,TSLA,355.0,2026-08-21,Call,345.2799987792969,0.0,-0.027380285128741196,3.4,669543924.94,30079965.0,1203.2,,,,,,,,,,,,
Cash & Other,Cash&Other,,Cash&Other,,,12368193.0,12368192.88,1.8472723947375984,,,,,TSLY,2026-08-20,,,,,,,,1.0,669543924.94,30079965.0,1203.2,,,,,,,,,,,,
First American Government Obligations Fund 12/01/2031,FGXXX,,31846V336,,,10955078.0,10955078.11,1.636214244970373,,,,,TSLY,2026-08-20,,,,,,,,100.0,669543924.94,30079965.0,1203.2,,,,,,,,,,,,
TSLA US 08/21/26 C367.5,TSLA  260821C00367500,,TSLA  260821C00367500,,,3700.0,316350.0,0.04724899002991933,,,,,TSLY,2026-08-20,TSLA,367.5,2026-08-21,Call,345.2799987792969,0.0,-0.06046258835565476,0.855,669543924.94,30079965.0,1203.2,,,,,,,,,,,,
United States Treasury Bill 09/03/2026,912797RS8,,912797RS8,,,114011000.0,113851754.0,17.004521541440898,,,,,TSLY,2026-08-20,,,,,,,,99.860324,669543924.94,30079965.0,1203.2,,,,,,,,,,,,
HOOD US 08/21/26 C102,HOOD  260821C00102000,,HOOD  260821C00102000,,,3610.0,120935.0,0.10898062418095542,,,,,HOOY,2026-08-20,HOOD,102.0,2026-08-21,Call,95.11000061035156,0.0,-0.06754901362400428,0.335,110971980.0,4350000.0,174.0,,,,,,,,,,,,
First American Government Obligations Fund 12/01/2031,FGXXX,,31846V336,,,3407760.0,3407759.67,3.070904005418503,,,,,HOOY,2026-08-20,,,,,,,,100.0,110971980.0,4350000.0,174.0,,,,,,,,,,,,
HOOD US 08/21/26 C104,HOOD  260821C00104000,,HOOD  260821C00104000,,,5900.0,112100.0,0.1010189603562666,,,,,HOOY,2026-08-20,HOOD,104.0,2026-08-21,Call,95.11000061035156,0.0,-0.0854807633620042,0.19,110971980.0,4350000.0,174.0,,,,,,,,,,,,
United States Treasury Bill 02/18/2027,912797TV9,,912797TV9,,,30088000.0,29514007.01,26.59655935858845,,,,,HOOY,2026-08-20,,,,,,,,98.092286,110971980.0,4350000.0,174.0,,,,,,,,,,,,
HOOD 10/16/2026 95.01 P,2HOOD 261016P00095010,,2HOOD 261016P00095010,,,-11610.0,-9633629.7,-8.681349301973707,,,,,HOOY,2026-08-20,HOOD,95.01,2026-10-16,Put,95.11000061035156,56.0,-0.0010525272113625658,8.2977,110971980.0,4350000.0,174.0,,,,,,,,,,,,
United States Treasury Bill 09/03/2026,912797RS8,,912797RS8,,,10259000.0,10244670.64,9.231989092285179,,,,,HOOY,2026-08-20,,,,,,,,99.860324,110971980.0,4350000.0,174.0,,,,,,,,,,,,
HOOD US 08/21/26 C97,HOOD  260821C00097000,,HOOD  260821C00097000,,,-1850.0,-267325.0,-0.24090003191114157,,,,,HOOY,2026-08-20,HOOD,97.0,2026-08-21,Call,95.11000061035156,0.0,-0.019484529790190077,1.445,110971980.0,4350000.0,174.0,,,,,,,,,,,,
HOOD US 08/21/26 C100,HOOD  260821C00100000,,HOOD  260821C00100000,,,-5900.0,-365800.0,-0.32964081800465944,,,,,HOOY,2026-08-20,HOOD,100.0,2026-08-21,Call,95.11000061035156,0.0,-0.048899993896484376,0.62,110971980.0,4350000.0,174.0,,,,,,,,,,,,
HOOD US 08/21/26 C101,HOOD  260821C00101000,,HOOD  260821C00101000,,,-100.0,-4600.0,-0.004145291861184892,,,,,HOOY,2026-08-20,HOOD,101.0,2026-08-21,Call,95.11000061035156,0.0,-0.05831682564008354,0.46,110971980.0,4350000.0,174.0,,,,,,,,,,,,
HOOD US 08/21/26 C105,HOOD  260821C00105000,,HOOD  260821C00105000,,,100.0,1350.0,0.0012165530462173054,,,,,HOOY,2026-08-20,HOOD,105.0,2026-08-21,Call,95.11000061035156,0.0,-0.09419047037760417,0.135,110971980.0,4350000.0,174.0,,,,,,,,,,,,
HOOD US 08/21/26 C103,HOOD  260821C00103000,,HOOD  260821C00103000,,,2000.0,49000.0,0.044156369825665155,,,,,HOOY,2026-08-20,HOOD,103.0,2026-08-21,Call,95.11000061035156,0.0,-0.07660193582182949,0.245,110971980.0,4350000.0,174.0,,,,,,,,,,,,
Cash & Other,Cash&Other,,Cash&Other,,,14360422.0,14360422.36,12.940900420018597,,,,,HOOY,2026-08-20,,,,,,,,1.0,110971980.0,4350000.0,174.0,,,,,,,,,,,,
HOOD US 08/21/26 C99,HOOD  260821C00099000,,HOOD  260821C00099000,,,-2000.0,-163000.0,-0.14688751595068206,,,,,HOOY,2026-08-20,HOOD,99.0,2026-08-21,Call,95.11000061035156,0.0,-0.039292923127761996,0.815,110971980.0,4350000.0,174.0,,,,,,,,,,,,
United States Treasury Bill 12/10/2026,912797VG9,,912797VG9,,,32124000.0,31755414.69,28.616404796306128,,,,,HOOY,2026-08-20,,,,,,,,98.852617,110971980.0,4350000.0,174.0,,,,,,,,,,,,
United States Treasury Bill 10/15/2026,912797UK1,,912797UK1,,,20844000.0,20725976.69,18.677222280035828,,,,,HOOY,2026-08-20,,,,,,,,99.433778,110971980.0,4350000.0,174.0,,,,,,,,,,,,
HOOD US 08/21/26 C98,HOOD  260821C00098000,,HOOD  260821C00098000,,,-1760.0,-193600.0,-0.17446271833160765,,,,,HOOY,2026-08-20,HOOD,98.0,2026-08-21,Call,95.11000061035156,0.0,-0.029489789690290178,1.1,110971980.0,4350000.0,174.0,,,,,,,,,,,,
HOOD 10/16/2026 95.01 C,2HOOD 261016C00095010,,2HOOD 261016C00095010,,,11610.0,11305585.8,10.188033217971194,,,,,HOOY,2026-08-20,HOOD,95.01,2026-10-16,Call,95.11000061035156,56.0,0.0010525272113625658,9.7378,110971980.0,4350000.0,174.0,,,,,,,,,,,,
United States Treasury Bill 09/03/2026,912797RS8,,912797RS8,,,44859000.0,44796342.74,12.019542405048721,,,,,PLTY,2026-08-20,,,,,,,,99.860324,372800677.5,10025000.0,401.0,,,,,,,,,,,,
Cash & Other,Cash&Other,,Cash&Other,,,31460656.0,31460655.76,8.441374069144832,,,,,PLTY,2026-08-20,,,,,,,,1.0,372800677.5,10025000.0,401.0,,,,,,,,,,,,
First American Government Obligations Fund 12/01/2031,FGXXX,,31846V336,,,766409.0,766409.08,0.2056392525198002,,,,,PLTY,2026-08-20,,,,,,,,100.0,372800677.5,10025000.0,401.0,,,,,,,,,,,,
United States Treasury Note/Bond 2.375% 05/15/2027,912828X88,,912828X88,,,92780000.0,91692094.19,24.602388206578546,,,,,PLTY,2026-08-20,,,,,,,,98.827435,372800677.5,10025000.0,401.0,,,,,,,,,,,,
PLTR 09/18/2026 135.01 P,2PLTR 260918P00135010,,2PLTR 260918P00135010,,,-10966.0,-618701.72,-0.16600711363377207,,,,,PLTY,2026-08-20,PLTR,135.01,2026-09-18,Put,173.92999267578125,28.0,-0.288274888347391,0.5642,372800677.5,10025000.0,401.0,,,,,,,,,,,,
United States Treasury Bill 10/15/2026,912797UK1,,912797UK1,,,49076000.0,48798120.89,13.093280554805597,,,,,PLTY,2026-08-20,,,,,,,,99.433778,372800677.5,10025000.0,401.0,,,,,,,,,,,,
PLTR US 08/21/26 C185,PLTR  260821C00185000,,PLTR  260821C00185000,,,9112.0,268804.0,0.07212421548337132,,,,,PLTY,2026-08-20,PLTR,185.0,2026-08-21,Call,173.92999267578125,0.0,-0.05983787742820946,0.295,372800677.5,10025000.0,401.0,,,,,,,,,,,,
PLTR US 08/21/26 C187.5,PLTR  260821C00187500,,PLTR  260821C00187500,,,2775.0,45787.5,0.012285485024199284,,,,,PLTY,2026-08-20,PLTR,187.5,2026-08-21,Call,173.92999267578125,0.0,-0.07237337239583333,0.165,372800677.5,10025000.0,401.0,,,,,,,,,,,,
PLTR US 09/18/26 C135,PLTR  260918C00135000,,PLTR  260918C00135000,,,10966.0,45316995.0,12.159241352207783,,,,,PLTY,2026-08-20,PLTR,135.0,2026-09-18,Call,173.92999267578125,28.0,0.2883703161168982,41.325,372800677.5,10025000.0,401.0,,,,,,,,,,,,
PLTR US 08/21/26 C175,PLTR  260821C00175000,,PLTR  260821C00175000,,,-2600.0,-744900.0,-0.19986803810048698,,,,,PLTY,2026-08-20,PLTR,175.0,2026-08-21,Call,173.92999267578125,0.0,-0.0061143275669642855,2.865,372800677.5,10025000.0,401.0,,,,,,,,,,,,
United States Treasury Bill 02/18/2027,912797TV9,,912797TV9,,,51572000.0,50588153.74,13.573573686588283,,,,,PLTY,2026-08-20,,,,,,,,98.092286,372800677.5,10025000.0,401.0,,,,,,,,,,,,
PLTR US 08/21/26 C190,PLTR  260821C00190000,,PLTR  260821C00190000,,,1050.0,9975.0,0.0026764447309066417,,,,,PLTY,2026-08-20,PLTR,190.0,2026-08-21,Call,173.92999267578125,0.0,-0.08457898591694078,0.095,372800677.5,10025000.0,401.0,,,,,,,,,,,,
PALANTIR CLL OPT 08/26 175,PLTR  260828C00175000,,PLTR  260828C00175000,,,-2112.0,-1135200.0,-0.3045914845639318,,,,,PLTY,2026-08-20,PLTR,175.0,2026-08-28,Call,173.92999267578125,7.0,-0.0061143275669642855,5.375,372800677.5,10025000.0,401.0,,,,,,,,,,,,
PLTR 10/16/2026 170.01 P,2PLTR 261016P00170010,,2PLTR 261016P00170010,,,-10490.0,-10459264.3,-2.806380233072175,,,,,PLTY,2026-08-20,PLTR,170.01,2026-10-16,Put,173.92999267578125,56.0,-0.023057424126705837,9.9707,372800677.5,10025000.0,401.0,,,,,,,,,,,,
PALANTIR CLL OPT 08/26 180,PLTR  260828C00180000,,PLTR  260828C00180000,,,2112.0,681120.0,0.18275489073835907,,,,,PLTY,2026-08-20,PLTR,180.0,2026-08-28,Call,173.92999267578125,7.0,-0.03372226291232639,3.225,372800677.5,10025000.0,401.0,,,,,,,,,,,,
United States Treasury Bill 12/10/2026,912797VG9,,912797VG9,,,55977000.0,55334729.42,14.847152380180825,,,,,PLTY,2026-08-20,,,,,,,,98.852617,372800677.5,10025000.0,401.0,,,,,,,,,,,,
PLTR US 10/16/26 C170,PLTR  261016C00170000,,PLTR  261016C00170000,,,10490.0,17124925.0,4.59487872515503,,,,,PLTY,2026-08-20,PLTR,170.0,2026-10-16,Call,173.92999267578125,56.0,0.023117603975183823,16.325,372800677.5,10025000.0,401.0,,,,,,,,,,,,
PLTR US 08/21/26 C180,PLTR  260821C00180000,,PLTR  260821C00180000,,,-7580.0,-750420.0,-0.2013491383425526,,,,,PLTY,2026-08-20,PLTR,180.0,2026-08-21,Call,173.92999267578125,0.0,-0.03372226291232639,0.99,372800677.5,10025000.0,401.0,,,,,,,,,,,,
PLTR US 08/21/26 C177.5,PLTR  260821C00177500,,PLTR  260821C00177500,,,-2757.0,-479718.0,-0.1287156604933406,,,,,PLTY,2026-08-20,PLTR,177.5,2026-08-21,Call,173.92999267578125,0.0,-0.020112717319542252,1.74,372800677.5,10025000.0,401.0,,,,,,,,,,,,
TREASURY BILL,TBILL,,912797VM6,,,116244000.0,115537527.09,99.66571561369403,,,,,NVII,2026-08-21,,,,,,,,,,,,,,,,,,,,,,,
NVDA 09/18/2026 216.85 C,2NVDA 260918C00216850,,,,,6660.0,6799860.0,5.865738431851818,,,,,NVII,2026-08-21,NVDA,216.85,2026-09-18,Call,217.0500030517578,28.0,0.0009223105914586958,,,,,,,,,,,,,,,,
Cash & Other,Cash&Other,,,,,1516344.0,1516344.46,1.3080386912300535,,,,,NVII,2026-08-21,,,,,,,,,,,,,,,,,,,,,,,
FIRST AMERICAN GOVERNMENT OBLI FIRST AM GOV OBLIG X,FGXXX,,31846V336,,,159885.0,159884.87,0.13792090228778706,,,,,NVII,2026-08-21,,,,,,,,,,,,,,,,,,,,,,,
NVDA 08/28/2026 221.19 C,2NVDA 260828C00221190,,,,,-3330.0,-1674990.0,-1.4448905147999336,,,,,NVII,2026-08-21,NVDA,221.19,2026-08-28,Call,217.0500030517578,7.0,-0.018716926390172185,,,,,,,,,,,,,,,,
NVDA 09/18/2026 216.85 P,2NVDA 260918P00216850,,,,,-6660.0,-6413580.0,-5.532523124263761,,,,,NVII,2026-08-21,NVDA,216.85,2026-09-18,Put,217.0500030517578,28.0,-0.0009223105914586958,,,,,,,,,,,,,,,,
TREASURY BILL,TBILL,,912797VM6,,,29891000.0,29709337.45,99.14319997488334,,,,,TSII,2026-08-21,,,,,,,,,,,,,,,,,,,,,,,
TSLA 09/18/2026 345.13 C,2TSLA 260918C00345130,,,,,1076.0,1771096.0,5.910334594241045,,,,,TSII,2026-08-21,TSLA,345.13,2026-09-18,Call,345.2799987792969,28.0,0.0004346153023407978,,,,,,,,,,,,,,,,
Cash & Other,Cash&Other,,,,,358267.0,358267.06,1.195575055612475,,,,,TSII,2026-08-21,,,,,,,,,,,,,,,,,,,,,,,
FIRST AMERICAN GOVERNMENT OBLI FIRST AM GOV OBLIG X,FGXXX,,31846V336,,,44280.0,44280.38,0.147768309431075,,,,,TSII,2026-08-21,,,,,,,,,,,,,,,,,,,,,,,
TSLA 08/28/2026 352.03 C,2TSLA 260828C00352030,,,,,-538.0,-282450.0,-0.9425655109284775,,,,,TSII,2026-08-21,TSLA,352.03,2026-08-28,Call,345.2799987792969,7.0,-0.01917450564072124,,,,,,,,,,,,,,,,
TSLA 09/18/2026 345.13 P,2TSLA 260918P00345130,,,,,-1076.0,-1634444.0,-5.454312423239457,,,,,TSII,2026-08-21,TSLA,345.13,2026-09-18,Put,345.2799987792969,28.0,-0.0004346153023407978,,,,,,,,,,,,,,,,
