Name,Ticker,Security Type,CUSIP,ISIN,SEDOL,Share Quantity,Market Value,Weight,Coupon,Maturity Date,Sector,Country,ETF Ticker,Date,Underlying_Ticker,Option_Strike,Option_Expiry,Option_Type,Underlying_Price,DTE,Moneyness,Price,NetAssets,SharesOutstanding,CreationUnits,date,MoneyMarketFlag
SM ENERGY CO COMMON STOCK USD.01,SM,COMMON STOCK,78454L100,US78454L1008,2764188,7890452.0,246024293.36,1.05,0,,ENERGY,UNITED STATES,AVUV,2026-04-01,,,,,,,,,,,,,
FIVE BELOW COMMON STOCK USD.01,FIVE,COMMON STOCK,33829M101,US33829M1018,B85KFY9,1015973.0,232129511.04,0.99,0,,CONSUMER DISCRETIONARY,UNITED STATES,AVUV,2026-04-01,,,,,,,,,,,,,
VIASAT INC COMMON STOCK USD.0001,VSAT,COMMON STOCK,92552V100,US92552V1008,2946243,4765680.0,218268144.0,0.93,0,,INFORMATION TECHNOLOGY,UNITED STATES,AVUV,2026-04-01,,,,,,,,,,,,,
MATSON INC COMMON STOCK,MATX,COMMON STOCK,57686G105,US57686G1058,B8GNC91,1310138.0,214784023.72,0.92,0,,INDUSTRIALS,UNITED STATES,AVUV,2026-04-01,,,,,,,,,,,,,
CALIFORNIA RESOURCES CORP COMMON STOCK USD.01,CRC,COMMON STOCK,13057Q305,US13057Q3056,BMBK002,2844350.0,196885907.0,0.84,0,,ENERGY,UNITED STATES,AVUV,2026-04-01,,,,,,,,,,,,,
MACY S INC COMMON STOCK USD.01,M,COMMON STOCK,55616P104,US55616P1049,2345022,10496652.0,189884434.68,0.81,0,,CONSUMER DISCRETIONARY,UNITED STATES,AVUV,2026-04-01,,,,,,,,,,,,,
LEAR CORP COMMON STOCK USD.01,LEA,COMMON STOCK,521865204,US5218652049,B570P91,1565770.0,189583431.6,0.81,0,,CONSUMER DISCRETIONARY,UNITED STATES,AVUV,2026-04-01,,,,,,,,,,,,,
GATX CORP COMMON STOCK USD.625,GATX,COMMON STOCK,361448103,US3614481030,2362128,1103988.0,188494911.12,0.8,0,,INDUSTRIALS,UNITED STATES,AVUV,2026-04-01,,,,,,,,,,,,,
MAGNOLIA OIL + GAS CORP   A COMMON STOCK USD.0001,MGY,COMMON STOCK,559663109,US5596631094,BF2GC59,5918214.0,186838015.98,0.8,0,,ENERGY,UNITED STATES,AVUV,2026-04-01,,,,,,,,,,,,,
ARCHROCK INC COMMON STOCK USD.01,AROC,COMMON STOCK,03957W106,US03957W1062,BYRGSX7,5157970.0,179497356.0,0.77,0,,ENERGY,UNITED STATES,AVUV,2026-04-01,,,,,,,,,,,,,
AVNET INC COMMON STOCK USD1.0,AVT,COMMON STOCK,053807103,US0538071038,2066505,2802319.0,172678896.78,0.74,0,,INFORMATION TECHNOLOGY,UNITED STATES,AVUV,2026-04-01,,,,,,,,,,,,,
DANA INC COMMON STOCK USD.01,DAN,COMMON STOCK,235825205,US2358252052,B2PFJR3,5098662.0,171569976.3,0.73,0,,CONSUMER DISCRETIONARY,UNITED STATES,AVUV,2026-04-01,,,,,,,,,,,,,
MURPHY OIL CORP COMMON STOCK USD1.0,MUR,COMMON STOCK,626717102,US6267171022,2611206,4029143.0,166202148.75,0.71,0,,ENERGY,UNITED STATES,AVUV,2026-04-01,,,,,,,,,,,,,
NOBLE CORP PLC COMMON STOCK USD.00001,NE,COMMON STOCK,G65431127,GB00BMXNWH07,BN2QTL0,3336459.0,163720043.13,0.7,0,,ENERGY,UNITED STATES,AVUV,2026-04-01,,,,,,,,,,,,,
LIBERTY ENERGY INC COMMON STOCK,LBRT,COMMON STOCK,53115L104,US53115L1044,BDCWFT8,5666978.0,163208966.4,0.7,0,,ENERGY,UNITED STATES,AVUV,2026-04-01,,,,,,,,,,,,,
PLEXUS CORP COMMON STOCK USD.01,PLXS,COMMON STOCK,729132100,US7291321005,2692160,802815.0,162602150.1,0.69,0,,INFORMATION TECHNOLOGY,UNITED STATES,AVUV,2026-04-01,,,,,,,,,,,,,
AIR LEASE CORP COMMON STOCK USD.01,AL,COMMON STOCK,00912X302,US00912X3026,B3XS562,2500364.0,162373638.16,0.69,0,,INDUSTRIALS,UNITED STATES,AVUV,2026-04-01,,,,,,,,,,,,,
SKYWEST INC COMMON STOCK,SKYW,COMMON STOCK,830879102,US8308791024,2814210,1688639.0,155067719.37,0.66,0,,INDUSTRIALS,UNITED STATES,AVUV,2026-04-01,,,,,,,,,,,,,
STONEX GROUP INC COMMON STOCK USD.01,SNEX,COMMON STOCK,861896108,US8618961085,BMQ8XV3,1892600.0,152638190.0,0.65,0,,FINANCIALS,UNITED STATES,AVUV,2026-04-01,,,,,,,,,,,,,
PATTERSON UTI ENERGY INC COMMON STOCK USD.01,PTEN,COMMON STOCK,703481101,US7034811015,2672537,13975849.0,151358444.67,0.65,0,,ENERGY,UNITED STATES,AVUV,2026-04-01,,,,,,,,,,,,,
NOV INC COMMON STOCK USD.01,NOV,COMMON STOCK,62955J103,US62955J1034,BN2RYW9,7955439.0,149641807.59,0.64,0,,ENERGY,UNITED STATES,AVUV,2026-04-01,,,,,,,,,,,,,
ALKERMES PLC COMMON STOCK USD.01,ALKS,COMMON STOCK,G01767105,IE00B56GVS15,B3P6D26,4205052.0,148690638.72,0.63,0,,HEALTH CARE,UNITED STATES,AVUV,2026-04-01,,,,,,,,,,,,,
CABOT CORP COMMON STOCK USD1.0,CBT,COMMON STOCK,127055101,US1270551013,2162500,1904426.0,143422322.06,0.61,0,,MATERIALS,UNITED STATES,AVUV,2026-04-01,,,,,,,,,,,,,
PRICESMART INC COMMON STOCK USD.0001,PSMT,COMMON STOCK,741511109,US7415111092,2092942,948434.0,142739317.0,0.61,0,,CONSUMER STAPLES,UNITED STATES,AVUV,2026-04-01,,,,,,,,,,,,,
WEATHERFORD INTERNATIONAL PL COMMON STOCK USD.001,WFRD,COMMON STOCK,G48833118,IE00BLNN3691,BLNN369,1489521.0,140878896.18,0.6,0,,ENERGY,UNITED STATES,AVUV,2026-04-01,,,,,,,,,,,,,
VALARIS LTD COMMON STOCK USD.01,VAL,COMMON STOCK,G9460G101,BMG9460G1015,BMY0YX0,1424271.0,139635528.84,0.6,0,,ENERGY,UNITED STATES,AVUV,2026-04-01,,,,,,,,,,,,,
CNX RESOURCES CORP COMMON STOCK USD.01,CNX,COMMON STOCK,12653C108,US12653C1080,BF3FTF4,3591807.0,138464159.85,0.59,0,,ENERGY,UNITED STATES,AVUV,2026-04-01,,,,,,,,,,,,,
CAL MAINE FOODS INC COMMON STOCK USD.01,CALM,COMMON STOCK,128030202,US1280302027,2158781,1739162.0,137654672.3,0.59,0,,CONSUMER STAPLES,UNITED STATES,AVUV,2026-04-01,,,,,,,,,,,,,
AXOS FINANCIAL INC COMMON STOCK USD.01,AX,COMMON STOCK,05465C100,US05465C1009,BGK38H3,1610720.0,137056164.8,0.58,0,,FINANCIALS,UNITED STATES,AVUV,2026-04-01,,,,,,,,,,,,,
TELEPHONE AND DATA SYSTEMS COMMON STOCK USD.01,TDS,COMMON STOCK,879433829,US8794338298,B6YR5K3,3251152.0,136873499.2,0.58,0,,COMMUNICATION SERVICES,UNITED STATES,AVUV,2026-04-01,,,,,,,,,,,,,
TEREX CORP COMMON STOCK USD.01,TEX,COMMON STOCK,880779103,US8807791038,2884224,2259112.0,133513519.2,0.57,0,,INDUSTRIALS,UNITED STATES,AVUV,2026-04-01,,,,,,,,,,,,,
RYDER SYSTEM INC COMMON STOCK USD.5,R,COMMON STOCK,783549108,US7835491082,2760669,646401.0,132324748.71,0.56,0,,INDUSTRIALS,UNITED STATES,AVUV,2026-04-01,,,,,,,,,,,,,
PEABODY ENERGY CORP COMMON STOCK,BTU,COMMON STOCK,704551100,US7045511000,BDVPZV0,4012622.0,132215894.9,0.56,0,,ENERGY,UNITED STATES,AVUV,2026-04-01,,,,,,,,,,,,,
RADIAN GROUP INC COMMON STOCK USD.001,RDN,COMMON STOCK,750236101,US7502361014,2173911,3962811.0,131089787.88,0.56,0,,FINANCIALS,UNITED STATES,AVUV,2026-04-01,,,,,,,,,,,,,
BRIGHTHOUSE FINANCIAL INC COMMON STOCK USD.01,BHF,COMMON STOCK,10922N103,US10922N1037,BF429K9,2175643.0,130277502.84,0.56,0,,FINANCIALS,UNITED STATES,AVUV,2026-04-01,,,,,,,,,,,,,
BANK OZK COMMON STOCK,OZK,COMMON STOCK,06417N103,US06417N1037,BZ56Q65,2803528.0,128653899.92,0.55,0,,FINANCIALS,UNITED STATES,AVUV,2026-04-01,,,,,,,,,,,,,
CNO FINANCIAL GROUP INC COMMON STOCK USD.01,CNO,COMMON STOCK,12621E103,US12621E1038,2657750,3070243.0,126064177.58,0.54,0,,FINANCIALS,UNITED STATES,AVUV,2026-04-01,,,,,,,,,,,,,
INTERNATIONAL SEAWAYS INC COMMON STOCK,INSW,COMMON STOCK,Y41053102,MHY410531021,BYX60M4,1722177.0,125512259.76,0.54,0,,ENERGY,UNITED STATES,AVUV,2026-04-01,,,,,,,,,,,,,
ALASKA AIR GROUP INC COMMON STOCK USD.01,ALK,COMMON STOCK,011659109,US0116591092,2012605,3402457.0,125142368.46,0.53,0,,INDUSTRIALS,UNITED STATES,AVUV,2026-04-01,,,,,,,,,,,,,
UNITED NATURAL FOODS INC COMMON STOCK USD.01,UNFI,COMMON STOCK,911163103,US9111631035,2895163,2775987.0,125085974.22,0.53,0,,CONSUMER STAPLES,UNITED STATES,AVUV,2026-04-01,,,,,,,,,,,,,
SIGNET JEWELERS LTD COMMON STOCK USD.18,SIG,COMMON STOCK,G81276100,BMG812761002,B3CTNK6,1471347.0,124534810.08,0.53,0,,CONSUMER DISCRETIONARY,UNITED STATES,AVUV,2026-04-01,,,,,,,,,,,,,
TRANSOCEAN LTD COMMON STOCK CHF.1,RIG,COMMON STOCK,H8817H100,CH0048265513,B3KFWW1,18713216.0,124068622.08,0.53,0,,ENERGY,UNITED STATES,AVUV,2026-04-01,,,,,,,,,,,,,
RUSH ENTERPRISES INC CL A COMMON STOCK USD.01,RUSHA,COMMON STOCK,781846209,US7818462092,2966876,1844321.0,121928061.31,0.52,0,,INDUSTRIALS,UNITED STATES,AVUV,2026-04-01,,,,,,,,,,,,,
CHORD ENERGY CORP COMMON STOCK,CHRD,COMMON STOCK,674215207,US6742152076,BLDDYB1,850804.0,120967312.72,0.52,0,,ENERGY,UNITED STATES,AVUV,2026-04-01,,,,,,,,,,,,,
MGIC INVESTMENT CORP COMMON STOCK USD1.0,MTG,COMMON STOCK,552848103,US5528481030,2548616,4589974.0,120486817.5,0.51,0,,FINANCIALS,UNITED STATES,AVUV,2026-04-01,,,,,,,,,,,,,
KODIAK GAS SERVICES INC COMMON STOCK USD.01,KGS,COMMON STOCK,50012A108,US50012A1088,BQLSDK5,2055709.0,119888948.88,0.51,0,,ENERGY,UNITED STATES,AVUV,2026-04-01,,,,,,,,,,,,,
ACADEMY SPORTS + OUTDOORS IN COMMON STOCK USD.01,ASO,COMMON STOCK,00402L107,US00402L1070,BN7K304,2123297.0,119860115.65,0.51,0,,CONSUMER DISCRETIONARY,UNITED STATES,AVUV,2026-04-01,,,,,,,,,,,,,
ABERCROMBIE + FITCH CO CL A COMMON STOCK USD.01,ANF,COMMON STOCK,002896207,US0028962076,2004185,1311288.0,119812384.56,0.51,0,,CONSUMER DISCRETIONARY,UNITED STATES,AVUV,2026-04-01,,,,,,,,,,,,,
JACKSON FINANCIAL INC A COMMON STOCK USD.01,JXN,COMMON STOCK,46817M107,US46817M1071,BMFX6P4,1108654.0,117206900.88,0.5,0,,FINANCIALS,UNITED STATES,AVUV,2026-04-01,,,,,,,,,,,,,
URBAN OUTFITTERS INC COMMON STOCK USD.0001,URBN,COMMON STOCK,917047102,US9170471026,2933438,1825744.0,115660882.4,0.49,0,,CONSUMER DISCRETIONARY,UNITED STATES,AVUV,2026-04-01,,,,,,,,,,,,,
TUTOR PERINI CORP COMMON STOCK USD1.0,TPC,COMMON STOCK,901109108,US9011091082,2681760,1478100.0,114094539.0,0.49,0,,INDUSTRIALS,UNITED STATES,AVUV,2026-04-01,,,,,,,,,,,,,
HELMERICH + PAYNE COMMON STOCK USD.1,HP,COMMON STOCK,423452101,US4234521015,2420101,3141483.0,113187632.49,0.48,0,,ENERGY,UNITED STATES,AVUV,2026-04-01,,,,,,,,,,,,,
HANOVER INSURANCE GROUP INC/ COMMON STOCK USD.01,THG,COMMON STOCK,410867105,US4108671052,2020415,650754.0,112808205.9,0.48,0,,FINANCIALS,UNITED STATES,AVUV,2026-04-01,,,,,,,,,,,,,
OCEANEERING INTL INC COMMON STOCK USD.25,OII,COMMON STOCK,675232102,US6752321025,2655583,3147880.0,111655303.6,0.48,0,,ENERGY,UNITED STATES,AVUV,2026-04-01,,,,,,,,,,,,,
SLM CORP COMMON STOCK USD.2,SLM,COMMON STOCK,78442P106,US78442P1066,2101967,5135154.0,109943647.14,0.47,0,,FINANCIALS,UNITED STATES,AVUV,2026-04-01,,,,,,,,,,,,,
BRUNSWICK CORP COMMON STOCK USD.75,BC,COMMON STOCK,117043109,US1170431092,2149309,1496427.0,108880028.52,0.46,0,,CONSUMER DISCRETIONARY,UNITED STATES,AVUV,2026-04-01,,,,,,,,,,,,,
NORTHERN OIL AND GAS INC COMMON STOCK USD.001,NOG,COMMON STOCK,665531307,US6655313079,BN6RJM0,3715112.0,108592723.76,0.46,0,,ENERGY,UNITED STATES,AVUV,2026-04-01,,,,,,,,,,,,,
CRESCENT ENERGY INC A COMMON STOCK USD.0001,CRGY,COMMON STOCK,44952J104,US44952J1043,BNR4QY1,7981034.0,107743959.0,0.46,0,,ENERGY,UNITED STATES,AVUV,2026-04-01,,,,,,,,,,,,,
INTERNATIONAL BANCSHARES CRP COMMON STOCK USD1.0,IBOC,COMMON STOCK,459044103,US4590441030,2243911,1589371.0,106948774.59,0.46,0,,FINANCIALS,UNITED STATES,AVUV,2026-04-01,,,,,,,,,,,,,
TRI POINTE HOMES INC COMMON STOCK USD.01,TPH,COMMON STOCK,87265H109,US87265H1095,B92CQF3,2272227.0,106181167.71,0.45,0,,CONSUMER DISCRETIONARY,UNITED STATES,AVUV,2026-04-01,,,,,,,,,,,,,
HANCOCK WHITNEY CORP COMMON STOCK USD3.33,HWC,COMMON STOCK,410120109,US4101201097,2415497,1656878.0,105360872.02,0.45,0,,FINANCIALS,UNITED STATES,AVUV,2026-04-01,,,,,,,,,,,,,
ESSENT GROUP LTD COMMON STOCK USD.015,ESNT,COMMON STOCK,G3198U102,BMG3198U1027,BFWGXR8,1789261.0,104564412.84,0.45,0,,FINANCIALS,UNITED STATES,AVUV,2026-04-01,,,,,,,,,,,,,
KIRBY CORP COMMON STOCK USD.1,KEX,COMMON STOCK,497266106,US4972661064,2493534,778304.0,103421035.52,0.44,0,,INDUSTRIALS,UNITED STATES,AVUV,2026-04-01,,,,,,,,,,,,,
COLUMBIA BANKING SYSTEM INC COMMON STOCK,COLB,COMMON STOCK,197236102,US1972361026,2176608,3745577.0,102741177.11,0.44,0,,FINANCIALS,UNITED STATES,AVUV,2026-04-01,,,,,,,,,,,,,
LANTHEUS HOLDINGS INC COMMON STOCK USD.01,LNTH,COMMON STOCK,516544103,US5165441032,BP8S8J5,1342741.0,101846904.85,0.43,0,,HEALTH CARE,UNITED STATES,AVUV,2026-04-01,,,,,,,,,,,,,
BREAD FINANCIAL HOLDINGS INC COMMON STOCK USD.01,BFH,COMMON STOCK,018581108,US0185811082,2762030,1348713.0,101005116.57,0.43,0,,FINANCIALS,UNITED STATES,AVUV,2026-04-01,,,,,,,,,,,,,
GRANITE CONSTRUCTION INC COMMON STOCK USD.01,GVA,COMMON STOCK,387328107,US3873281071,2381189,842130.0,100954544.4,0.43,0,,INDUSTRIALS,UNITED STATES,AVUV,2026-04-01,,,,,,,,,,,,,
PRIMORIS SERVICES CORP COMMON STOCK USD.0001,PRIM,COMMON STOCK,74164F103,US74164F1030,B1GC200,700131.0,100146738.24,0.43,0,,INDUSTRIALS,UNITED STATES,AVUV,2026-04-01,,,,,,,,,,,,,
FIRST BANCORP PUERTO RICO COMMON STOCK USD.1,FBP,COMMON STOCK,318672706,PR3186727065,2296926,4617720.0,98634499.2,0.42,0,,FINANCIALS,UNITED STATES,AVUV,2026-04-01,,,,,,,,,,,,,
DXC TECHNOLOGY CO COMMON STOCK USD.01,DXC,COMMON STOCK,23355L106,US23355L1061,BYXD7B3,7810385.0,98176539.45,0.42,0,,INFORMATION TECHNOLOGY,UNITED STATES,AVUV,2026-04-01,,,,,,,,,,,,,
KENNAMETAL INC COMMON STOCK USD1.25,KMT,COMMON STOCK,489170100,US4891701009,2488121,2704497.0,97713476.61,0.42,0,,INDUSTRIALS,UNITED STATES,AVUV,2026-04-01,,,,,,,,,,,,,
TRINITY INDUSTRIES INC COMMON STOCK USD.01,TRN,COMMON STOCK,896522109,US8965221091,2904627,3031547.0,97555182.46,0.42,0,,INDUSTRIALS,UNITED STATES,AVUV,2026-04-01,,,,,,,,,,,,,
AMERICAN EAGLE OUTFITTERS COMMON STOCK USD.01,AEO,COMMON STOCK,02553E106,US02553E1064,2048592,5825729.0,97289674.3,0.41,0,,CONSUMER DISCRETIONARY,UNITED STATES,AVUV,2026-04-01,,,,,,,,,,,,,
PHINIA INC COMMON STOCK USD.01,PHIN,COMMON STOCK,71880K101,US71880K1016,BPW7PC0,1406926.0,96290015.44,0.41,0,,CONSUMER DISCRETIONARY,UNITED STATES,AVUV,2026-04-01,,,,,,,,,,,,,
PHOTRONICS INC COMMON STOCK USD.01,PLAB,COMMON STOCK,719405102,US7194051022,2687315,2371225.0,95821202.25,0.41,0,,INFORMATION TECHNOLOGY,UNITED STATES,AVUV,2026-04-01,,,,,,,,,,,,,
MATADOR RESOURCES CO COMMON STOCK USD.01,MTDR,COMMON STOCK,576485205,US5764852050,B7MSLL8,1491383.0,94225577.94,0.4,0,,ENERGY,UNITED STATES,AVUV,2026-04-01,,,,,,,,,,,,,
ASSURED GUARANTY LTD COMMON STOCK USD.01,AGO,COMMON STOCK,G0585R106,BMG0585R1060,B00V7H8,1146098.0,93384065.04,0.4,0,,FINANCIALS,UNITED STATES,AVUV,2026-04-01,,,,,,,,,,,,,
PAR PACIFIC HOLDINGS INC COMMON STOCK USD.01,PARR,COMMON STOCK,69888T207,US69888T2078,BJH08C3,1486645.0,93123442.8,0.4,0,,ENERGY,UNITED STATES,AVUV,2026-04-01,,,,,,,,,,,,,
LCI INDUSTRIES COMMON STOCK USD.01,LCII,COMMON STOCK,50189K103,US50189K1034,BYQ44Y5,750632.0,92312723.36,0.39,0,,CONSUMER DISCRETIONARY,UNITED STATES,AVUV,2026-04-01,,,,,,,,,,,,,
BANKUNITED INC COMMON STOCK USD.01,BKU,COMMON STOCK,06652K103,US06652K1034,B3NNTZ4,2036273.0,91958088.68,0.39,0,,FINANCIALS,UNITED STATES,AVUV,2026-04-01,,,,,,,,,,,,,
GENTEX CORP COMMON STOCK USD.06,GNTX,COMMON STOCK,371901109,US3719011096,2366799,4166843.0,91045519.55,0.39,0,,CONSUMER DISCRETIONARY,UNITED STATES,AVUV,2026-04-01,,,,,,,,,,,,,
POLARIS INC COMMON STOCK USD.01,PII,COMMON STOCK,731068102,US7310681025,2692933,1650135.0,89932357.5,0.38,0,,CONSUMER DISCRETIONARY,UNITED STATES,AVUV,2026-04-01,,,,,,,,,,,,,
TIDEWATER INC COMMON STOCK,TDW,COMMON STOCK,88642R109,US88642R1095,BDFGDQ0,1071355.0,89511710.25,0.38,0,,ENERGY,UNITED STATES,AVUV,2026-04-01,,,,,,,,,,,,,
LIVANOVA PLC COMMON STOCK GBP1.0,LIVN,COMMON STOCK,G5509L101,GB00BYMT0J19,BYMT0J1,1394071.0,88607152.76,0.38,0,,HEALTH CARE,UNITED STATES,AVUV,2026-04-01,,,,,,,,,,,,,
PVH CORP COMMON STOCK USD1.0,PVH,COMMON STOCK,693656100,US6936561009,B3V9F12,1259483.0,87861534.08,0.37,0,,CONSUMER DISCRETIONARY,UNITED STATES,AVUV,2026-04-01,,,,,,,,,,,,,
NMI HOLDINGS INC COMMON STOCK USD.01,NMIH,COMMON STOCK,629209305,US6292093050,BGDW5G5,2318528.0,86967985.28,0.37,0,,FINANCIALS,UNITED STATES,AVUV,2026-04-01,,,,,,,,,,,,,
FULTON FINANCIAL CORP COMMON STOCK USD2.5,FULT,COMMON STOCK,360271100,US3602711000,2356585,4267050.0,85981057.5,0.37,0,,FINANCIALS,UNITED STATES,AVUV,2026-04-01,,,,,,,,,,,,,
CATALYST PHARMACEUTICALS INC COMMON STOCK USD.001,CPRX,COMMON STOCK,14888U101,US14888U1016,B1G7Q03,3411532.0,84469532.32,0.36,0,,HEALTH CARE,UNITED STATES,AVUV,2026-04-01,,,,,,,,,,,,,
HARLEY DAVIDSON INC COMMON STOCK USD.01,HOG,COMMON STOCK,412822108,US4128221086,2411053,4169337.0,84303994.14,0.36,0,,CONSUMER DISCRETIONARY,UNITED STATES,AVUV,2026-04-01,,,,,,,,,,,,,
LOUISIANA PACIFIC CORP COMMON STOCK USD1.0,LPX,COMMON STOCK,546347105,US5463471053,2535243,1149196.0,83604009.0,0.36,0,,MATERIALS,UNITED STATES,AVUV,2026-04-01,,,,,,,,,,,,,
VISTEON CORP COMMON STOCK,VC,COMMON STOCK,92839U206,US92839U2069,B4N0JJ6,915638.0,83423778.18,0.36,0,,CONSUMER DISCRETIONARY,UNITED STATES,AVUV,2026-04-01,,,,,,,,,,,,,
TAYLOR MORRISON HOME CORP COMMON STOCK USD.00001,TMHC,COMMON STOCK,87724P106,US87724P1066,B832462,1424079.0,82938360.96,0.35,0,,CONSUMER DISCRETIONARY,UNITED STATES,AVUV,2026-04-01,,,,,,,,,,,,,
ARCBEST CORP COMMON STOCK USD.01,ARCB,COMMON STOCK,03937C105,US03937C1053,BLTFST7,840595.0,82680924.2,0.35,0,,INDUSTRIALS,UNITED STATES,AVUV,2026-04-01,,,,,,,,,,,,,
IRIDIUM COMMUNICATIONS INC COMMON STOCK USD.001,IRDM,COMMON STOCK,46269C102,US46269C1027,B2QH310,2967768.0,82325884.32,0.35,0,,COMMUNICATION SERVICES,UNITED STATES,AVUV,2026-04-01,,,,,,,,,,,,,
CHEESECAKE FACTORY INC/THE COMMON STOCK USD.01,CAKE,COMMON STOCK,163072101,US1630721017,2192392,1476206.0,80822278.5,0.34,0,,CONSUMER DISCRETIONARY,UNITED STATES,AVUV,2026-04-01,,,,,,,,,,,,,
WARRIOR MET COAL INC COMMON STOCK USD.01,HCC,COMMON STOCK,93627C101,US93627C1018,BF2X272,850419.0,79216529.85,0.34,0,,MATERIALS,UNITED STATES,AVUV,2026-04-01,,,,,,,,,,,,,
ARGAN INC COMMON STOCK USD.15,AGX,COMMON STOCK,04010E109,US04010E1091,2804501,145294.0,79134377.1,0.34,0,,INDUSTRIALS,UNITED STATES,AVUV,2026-04-01,,,,,,,,,,,,,
SELECTIVE INSURANCE GROUP COMMON STOCK USD2.0,SIGI,COMMON STOCK,816300107,US8163001071,2766173,1048543.0,79049656.77,0.34,0,,FINANCIALS,UNITED STATES,AVUV,2026-04-01,,,,,,,,,,,,,
CHEMOURS CO/THE COMMON STOCK USD.01,CC,COMMON STOCK,163851108,US1638511089,BZ0CTP8,3571242.0,78674461.26,0.34,0,,MATERIALS,UNITED STATES,AVUV,2026-04-01,,,,,,,,,,,,,
SIRIUSPOINT LTD COMMON STOCK USD.1,SPNT,COMMON STOCK,G8192H106,BMG8192H1060,BMCQX44,3609395.0,77746368.3,0.33,0,,FINANCIALS,UNITED STATES,AVUV,2026-04-01,,,,,,,,,,,,,
GENWORTH FINANCIAL INC COMMON STOCK USD.001,GNW,COMMON STOCK,37247D106,US37247D1063,B011WL6,9530064.0,77384119.68,0.33,0,,FINANCIALS,UNITED STATES,AVUV,2026-04-01,,,,,,,,,,,,,
TALOS ENERGY INC COMMON STOCK,TALO,COMMON STOCK,87484T108,US87484T1088,BDT56V9,4908928.0,77364705.28,0.33,0,,ENERGY,UNITED STATES,AVUV,2026-04-01,,,,,,,,,,,,,
YETI HOLDINGS INC COMMON STOCK USD.01,YETI,COMMON STOCK,98585X104,US98585X1046,BGR7KH2,2114259.0,77360736.81,0.33,0,,CONSUMER DISCRETIONARY,UNITED STATES,AVUV,2026-04-01,,,,,,,,,,,,,
GOODYEAR TIRE + RUBBER CO COMMON STOCK,GT,COMMON STOCK,382550101,US3825501014,2378200,11630981.0,77113404.03,0.33,0,,CONSUMER DISCRETIONARY,UNITED STATES,AVUV,2026-04-01,,,,,,,,,,,,,
ADVANCE AUTO PARTS INC COMMON STOCK USD.0001,AAP,COMMON STOCK,00751Y106,US00751Y1064,2822019,1421278.0,74972414.5,0.32,0,,CONSUMER DISCRETIONARY,UNITED STATES,AVUV,2026-04-01,,,,,,,,,,,,,
NEWMARKET CORP COMMON STOCK,NEU,COMMON STOCK,651587107,US6515871076,B01CGF1,110191.0,70626921.45,0.3,0,,MATERIALS,UNITED STATES,AVUV,2026-04-01,,,,,,,,,,,,,
ATKORE INC COMMON STOCK USD.01,ATKR,COMMON STOCK,047649108,US0476491081,BDHF495,1198892.0,70626727.72,0.3,0,,INDUSTRIALS,UNITED STATES,AVUV,2026-04-01,,,,,,,,,,,,,
BENCHMARK ELECTRONICS INC COMMON STOCK USD.1,BHE,COMMON STOCK,08160H101,US08160H1014,2090816,1246524.0,69880135.44,0.3,0,,INFORMATION TECHNOLOGY,UNITED STATES,AVUV,2026-04-01,,,,,,,,,,,,,
BANK OF N.T. BUTTERFIELD+SON COMMON STOCK BMD1.0,NTB,COMMON STOCK,G0772R208,BMG0772R2087,BD8FF02,1323415.0,69452819.2,0.3,0,,FINANCIALS,UNITED STATES,AVUV,2026-04-01,,,,,,,,,,,,,
OSCAR HEALTH INC   CLASS A COMMON STOCK USD.00001,OSCR,COMMON STOCK,687793109,US6877931096,BKY83Q6,6023018.0,69084016.46,0.29,0,,FINANCIALS,UNITED STATES,AVUV,2026-04-01,,,,,,,,,,,,,
CATHAY GENERAL BANCORP COMMON STOCK USD.01,CATY,COMMON STOCK,149150104,US1491501045,2264235,1376042.0,68609454.12,0.29,0,,FINANCIALS,UNITED STATES,AVUV,2026-04-01,,,,,,,,,,,,,
BANCORP INC/THE COMMON STOCK USD1.0,TBBK,COMMON STOCK,05969A105,US05969A1051,B05BRL7,1271530.0,68319306.9,0.29,0,,FINANCIALS,UNITED STATES,AVUV,2026-04-01,,,,,,,,,,,,,
HOWARD HUGHES HOLDINGS INC COMMON STOCK,HHH,COMMON STOCK,44267T102,US44267T1025,BR1W702,1075968.0,68065735.68,0.29,0,,REAL ESTATE,UNITED STATES,AVUV,2026-04-01,,,,,,,,,,,,,
GREENBRIER COMPANIES INC COMMON STOCK,GBX,COMMON STOCK,393657101,US3936571013,2387530,1290725.0,67956671.25,0.29,0,,INDUSTRIALS,UNITED STATES,AVUV,2026-04-01,,,,,,,,,,,,,
WERNER ENTERPRISES INC COMMON STOCK USD.01,WERN,COMMON STOCK,950755108,US9507551086,2948852,2297191.0,67560387.31,0.29,0,,INDUSTRIALS,UNITED STATES,AVUV,2026-04-01,,,,,,,,,,,,,
ASSOCIATED BANC CORP COMMON STOCK USD.01,ASB,COMMON STOCK,045487105,US0454871056,2055718,2606351.0,67400236.86,0.29,0,,FINANCIALS,UNITED STATES,AVUV,2026-04-01,,,,,,,,,,,,,
THOR INDUSTRIES INC COMMON STOCK USD.1,THO,COMMON STOCK,885160101,US8851601018,2889876,836480.0,66826387.2,0.28,0,,CONSUMER DISCRETIONARY,UNITED STATES,AVUV,2026-04-01,,,,,,,,,,,,,
TEXAS CAPITAL BANCSHARES INC COMMON STOCK USD.01,TCBI,COMMON STOCK,88224Q107,US88224Q1076,2977209,702282.0,66632516.16,0.28,0,,FINANCIALS,UNITED STATES,AVUV,2026-04-01,,,,,,,,,,,,,
VALLEY NATIONAL BANCORP COMMON STOCK,VLY,COMMON STOCK,919794107,US9197941076,2935326,5381956.0,66090419.68,0.28,0,,FINANCIALS,UNITED STATES,AVUV,2026-04-01,,,,,,,,,,,,,
MATERION CORP COMMON STOCK,MTRN,COMMON STOCK,576690101,US5766901012,2149622,456646.0,66053843.9,0.28,0,,MATERIALS,UNITED STATES,AVUV,2026-04-01,,,,,,,,,,,,,
BOISE CASCADE CO COMMON STOCK USD.01,BCC,COMMON STOCK,09739D100,US09739D1000,B9BP4R1,846447.0,64203004.95,0.27,0,,INDUSTRIALS,UNITED STATES,AVUV,2026-04-01,,,,,,,,,,,,,
SCORPIO TANKERS INC COMMON STOCK USD.01,STNG,COMMON STOCK,Y7542C130,MHY7542C1306,BHXD297,856948.0,63979737.68,0.27,0,,ENERGY,UNITED STATES,AVUV,2026-04-01,,,,,,,,,,,,,
KOHLS CORP COMMON STOCK USD.01,KSS,COMMON STOCK,500255104,US5002551043,2496113,4951965.0,63880348.5,0.27,0,,CONSUMER DISCRETIONARY,UNITED STATES,AVUV,2026-04-01,,,,,,,,,,,,,
AXIS CAPITAL HOLDINGS LTD COMMON STOCK USD.0125,AXS,COMMON STOCK,G0692U109,BMG0692U1099,2677606,627657.0,63650696.37,0.27,0,,FINANCIALS,UNITED STATES,AVUV,2026-04-01,,,,,,,,,,,,,
AMKOR TECHNOLOGY INC COMMON STOCK USD.001,AMKR,COMMON STOCK,031652100,US0316521006,2242929,1403515.0,63200280.45,0.27,0,,INFORMATION TECHNOLOGY,UNITED STATES,AVUV,2026-04-01,,,,,,,,,,,,,
MERCURY GENERAL CORP COMMON STOCK,MCY,COMMON STOCK,589400100,US5894001008,2578464,700590.0,61757008.5,0.26,0,,FINANCIALS,UNITED STATES,AVUV,2026-04-01,,,,,,,,,,,,,
MUELLER WATER PRODUCTS INC A COMMON STOCK USD.01,MWA,COMMON STOCK,624758108,US6247581084,B15RZR4,2237514.0,61509259.86,0.26,0,,INDUSTRIALS,UNITED STATES,AVUV,2026-04-01,,,,,,,,,,,,,
EPLUS INC COMMON STOCK USD.01,PLUS,COMMON STOCK,294268107,US2942681071,2597748,811755.0,61084563.75,0.26,0,,INFORMATION TECHNOLOGY,UNITED STATES,AVUV,2026-04-01,,,,,,,,,,,,,
TEEKAY TANKERS LTD CLASS A COMMON STOCK USD.01,TNK,COMMON STOCK,G8726X106,BMG8726X1065,BL54JK6,826774.0,60619069.68,0.26,0,,ENERGY,UNITED STATES,AVUV,2026-04-01,,,,,,,,,,,,,
ALLEGIANT TRAVEL CO COMMON STOCK USD.001,ALGT,COMMON STOCK,01748X102,US01748X1028,B15M2C3,740088.0,59976731.52,0.26,0,,INDUSTRIALS,UNITED STATES,AVUV,2026-04-01,,,,,,,,,,,,,
CENTRAL GARDEN AND PET CO A COMMON STOCK USD.01,CENTA,COMMON STOCK,153527205,US1535272058,B1P36Y6,1845990.0,59846995.8,0.26,0,,CONSUMER STAPLES,UNITED STATES,AVUV,2026-04-01,,,,,,,,,,,,,
CUSTOMERS BANCORP INC COMMON STOCK USD1.0,CUBI,COMMON STOCK,23204G100,US23204G1004,B6XHXY4,851158.0,59078876.78,0.25,0,,FINANCIALS,UNITED STATES,AVUV,2026-04-01,,,,,,,,,,,,,
BANK OF HAWAII CORP COMMON STOCK USD.01,BOH,COMMON STOCK,062540109,US0625401098,2074070,786091.0,58367256.75,0.25,0,,FINANCIALS,UNITED STATES,AVUV,2026-04-01,,,,,,,,,,,,,
ALPHA METALLURGICAL RESOURCE COMMON STOCK USD.01,AMR,COMMON STOCK,020764106,US0207641061,BMFND53,282657.0,58021002.39,0.25,0,,MATERIALS,UNITED STATES,AVUV,2026-04-01,,,,,,,,,,,,,
PROVIDENT FINANCIAL SERVICES COMMON STOCK USD.01,PFS,COMMON STOCK,74386T105,US74386T1051,2171603,2740290.0,57984536.4,0.25,0,,FINANCIALS,UNITED STATES,AVUV,2026-04-01,,,,,,,,,,,,,
INTERFACE INC COMMON STOCK USD.1,TILE,COMMON STOCK,458665304,US4586653044,B86V808,2291905.0,57114272.6,0.24,0,,INDUSTRIALS,UNITED STATES,AVUV,2026-04-01,,,,,,,,,,,,,
PERDOCEO EDUCATION CORP COMMON STOCK USD.01,PRDO,COMMON STOCK,71363P106,US71363P1066,BKRQQR9,1528958.0,56892527.18,0.24,0,,CONSUMER DISCRETIONARY,UNITED STATES,AVUV,2026-04-01,,,,,,,,,,,,,
WAFD INC COMMON STOCK USD1.0,WAFD,COMMON STOCK,938824109,US9388241096,2941981,1796815.0,56419991.0,0.24,0,,FINANCIALS,UNITED STATES,AVUV,2026-04-01,,,,,,,,,,,,,
SYLVAMO CORP COMMON STOCK USD1.0,SLVM,COMMON STOCK,871332102,US8713321029,BMW72C8,1332180.0,56271283.2,0.24,0,,MATERIALS,UNITED STATES,AVUV,2026-04-01,,,,,,,,,,,,,
PALOMAR HOLDINGS INC COMMON STOCK USD.0001,PLMR,COMMON STOCK,69753M105,US69753M1053,BJYLZK6,469485.0,56103457.5,0.24,0,,FINANCIALS,UNITED STATES,AVUV,2026-04-01,,,,,,,,,,,,,
PATHWARD FINANCIAL INC COMMON STOCK USD.01,CASH,COMMON STOCK,59100U108,US59100U1088,2420316,628205.0,56054732.15,0.24,0,,FINANCIALS,UNITED STATES,AVUV,2026-04-01,,,,,,,,,,,,,
VISHAY INTERTECHNOLOGY INC COMMON STOCK USD.1,VSH,COMMON STOCK,928298108,US9282981086,2930149,3068529.0,55233522.0,0.24,0,,INFORMATION TECHNOLOGY,UNITED STATES,AVUV,2026-04-01,,,,,,,,,,,,,
FRESH DEL MONTE PRODUCE INC COMMON STOCK USD.01,FDP,COMMON STOCK,G36738105,KYG367381053,2118707,1351850.0,54425481.0,0.23,0,,CONSUMER STAPLES,UNITED STATES,AVUV,2026-04-01,,,,,,,,,,,,,
BOSTON BEER COMPANY INC A COMMON STOCK USD.01,SAM,COMMON STOCK,100557107,US1005571070,2113393,234824.0,54103449.6,0.23,0,,CONSUMER STAPLES,UNITED STATES,AVUV,2026-04-01,,,,,,,,,,,,,
BUCKLE INC/THE COMMON STOCK USD.01,BKE,COMMON STOCK,118440106,US1184401065,2149934,1073951.0,54084172.36,0.23,0,,CONSUMER DISCRETIONARY,UNITED STATES,AVUV,2026-04-01,,,,,,,,,,,,,
FIRST AMERICAN FINANCIAL COMMON STOCK USD.00001,FAF,COMMON STOCK,31847R102,US31847R1023,B4NFPK4,882024.0,53177226.96,0.23,0,,FINANCIALS,UNITED STATES,AVUV,2026-04-01,,,,,,,,,,,,,
CALLAWAY GOLF COMPANY COMMON STOCK USD.01,CALY,COMMON STOCK,131193104,US1311931042,2173933,3800200.0,52746776.0,0.22,0,,CONSUMER DISCRETIONARY,UNITED STATES,AVUV,2026-04-01,,,,,,,,,,,,,
OFG BANCORP COMMON STOCK USD1.0,OFG,COMMON STOCK,67103X102,PR67103X1020,B87LKR8,1301515.0,52659296.9,0.22,0,,FINANCIALS,UNITED STATES,AVUV,2026-04-01,,,,,,,,,,,,,
OPENDOOR TECHNOLOGIES INC COMMON STOCK USD.0001,OPEN,COMMON STOCK,683712103,US6837121036,BL96T19,11234809.0,52578906.12,0.22,0,,REAL ESTATE,UNITED STATES,AVUV,2026-04-01,,,,,,,,,,,,,
SEADRILL LIMITED COMMON STOCK USD.01,SDRL,COMMON STOCK,G7997W102,BMG7997W1029,BNTBRX6,1148643.0,52263256.5,0.22,0,,ENERGY,UNITED STATES,AVUV,2026-04-01,,,,,,,,,,,,,
SELECT WATER SOLUTIONS INC COMMON STOCK USD.01,WTTR,COMMON STOCK,81617J301,US81617J3014,BDHSLL5,3329571.0,50942436.3,0.22,0,,ENERGY,UNITED STATES,AVUV,2026-04-01,,,,,,,,,,,,,
LIBERTY GLOBAL LTD A COMMON STOCK USD.01,LBTYA,COMMON STOCK,G61188101,BMG611881019,BS71B31,4157908.0,50269107.72,0.21,0,,COMMUNICATION SERVICES,UNITED STATES,AVUV,2026-04-01,,,,,,,,,,,,,
HARMONY BIOSCIENCES HOLDINGS COMMON STOCK USD.00001,HRMY,COMMON STOCK,413197104,US4131971040,BKSGZN7,1771061.0,49607418.61,0.21,0,,HEALTH CARE,UNITED STATES,AVUV,2026-04-01,,,,,,,,,,,,,
ONEMAIN HOLDINGS INC COMMON STOCK USD.01,OMF,COMMON STOCK,68268W103,US68268W1036,BYSZB89,927069.0,49588920.81,0.21,0,,FINANCIALS,UNITED STATES,AVUV,2026-04-01,,,,,,,,,,,,,
VICTORIA S SECRET + CO COMMON STOCK USD.01,VSCO,COMMON STOCK,926400102,US9264001028,BNNTGH3,1062944.0,49278083.84,0.21,0,,CONSUMER DISCRETIONARY,UNITED STATES,AVUV,2026-04-01,,,,,,,,,,,,,
BANC OF CALIFORNIA INC COMMON STOCK USD.01,BANC,COMMON STOCK,05990K106,US05990K1060,BCD47X4,2789989.0,49048006.62,0.21,0,,FINANCIALS,UNITED STATES,AVUV,2026-04-01,,,,,,,,,,,,,
M/I HOMES INC COMMON STOCK USD.01,MHO,COMMON STOCK,55305B101,US55305B1017,2549385,400223.0,49007306.35,0.21,0,,CONSUMER DISCRETIONARY,UNITED STATES,AVUV,2026-04-01,,,,,,,,,,,,,
DHT HOLDINGS INC COMMON STOCK USD.01,DHT,COMMON STOCK,Y2065G121,MHY2065G1219,B7JB336,2634119.0,48125354.13,0.21,0,,ENERGY,UNITED STATES,AVUV,2026-04-01,,,,,,,,,,,,,
INGLES MARKETS INC CLASS A COMMON STOCK USD.05,IMKTA,COMMON STOCK,457030104,US4570301048,2460550,534444.0,48041171.16,0.2,0,,CONSUMER STAPLES,UNITED STATES,AVUV,2026-04-01,,,,,,,,,,,,,
BLUE BIRD CORP COMMON STOCK USD.0001,BLBD,COMMON STOCK,095306106,US0953061068,BW0FQV1,841757.0,47803380.03,0.2,0,,INDUSTRIALS,UNITED STATES,AVUV,2026-04-01,,,,,,,,,,,,,
HUNTSMAN CORP COMMON STOCK USD.01,HUN,COMMON STOCK,447011107,US4470111075,B0650B9,3549446.0,47243126.26,0.2,0,,MATERIALS,UNITED STATES,AVUV,2026-04-01,,,,,,,,,,,,,
SPECTRUM BRANDS HOLDINGS INC COMMON STOCK USD.01,SPB,COMMON STOCK,84790A105,US84790A1051,BDRYFB1,638901.0,47087003.7,0.2,0,,CONSUMER STAPLES,UNITED STATES,AVUV,2026-04-01,,,,,,,,,,,,,
COLUMBIA SPORTSWEAR CO COMMON STOCK,COLM,COMMON STOCK,198516106,US1985161066,2229126,858395.0,47048629.95,0.2,0,,CONSUMER DISCRETIONARY,UNITED STATES,AVUV,2026-04-01,,,,,,,,,,,,,
ENTERPRISE FINANCIAL SERVICE COMMON STOCK USD.01,EFSC,COMMON STOCK,293712105,US2937121059,2768889,868125.0,46974243.75,0.2,0,,FINANCIALS,UNITED STATES,AVUV,2026-04-01,,,,,,,,,,,,,
PROPETRO HOLDING CORP COMMON STOCK,PUMP,COMMON STOCK,74347M108,US74347M1080,BYXR9C0,3219755.0,46396669.55,0.2,0,,ENERGY,UNITED STATES,AVUV,2026-04-01,,,,,,,,,,,,,
KAISER ALUMINUM CORP COMMON STOCK USD.01,KALU,COMMON STOCK,483007704,US4830077040,B15CJ33,383743.0,46244868.93,0.2,0,,MATERIALS,UNITED STATES,AVUV,2026-04-01,,,,,,,,,,,,,
DORIAN LPG LTD COMMON STOCK USD.01,LPG,COMMON STOCK,Y2106R110,MHY2106R1100,BM4QJF5,1342187.0,45902795.4,0.2,0,,ENERGY,UNITED STATES,AVUV,2026-04-01,,,,,,,,,,,,,
HCI GROUP INC COMMON STOCK,HCI,COMMON STOCK,40416E103,US40416E1038,BBN23F5,295306.0,45657260.66,0.19,0,,FINANCIALS,UNITED STATES,AVUV,2026-04-01,,,,,,,,,,,,,
CROCS INC COMMON STOCK USD.001,CROX,COMMON STOCK,227046109,US2270461096,B0T7Z62,542383.0,45028636.66,0.19,0,,CONSUMER DISCRETIONARY,UNITED STATES,AVUV,2026-04-01,,,,,,,,,,,,,
CARMAX INC COMMON STOCK USD.5,KMX,COMMON STOCK,143130102,US1431301027,2983563,1082256.0,45000204.48,0.19,0,,CONSUMER DISCRETIONARY,UNITED STATES,AVUV,2026-04-01,,,,,,,,,,,,,
MUELLER INDUSTRIES INC COMMON STOCK USD.01,MLI,COMMON STOCK,624756102,US6247561029,2609717,405596.0,44940036.8,0.19,0,,INDUSTRIALS,UNITED STATES,AVUV,2026-04-01,,,,,,,,,,,,,
COMSTOCK RESOURCES INC COMMON STOCK USD.5,CRK,COMMON STOCK,205768302,US2057683029,BD82PS1,2127499.0,44847678.92,0.19,0,,ENERGY,UNITED STATES,AVUV,2026-04-01,,,,,,,,,,,,,
DIEBOLD NIXDORF INC COMMON STOCK,DBD,COMMON STOCK,253651202,US2536512021,BPLJQW4,594277.0,44832256.88,0.19,0,,INFORMATION TECHNOLOGY,UNITED STATES,AVUV,2026-04-01,,,,,,,,,,,,,
SUPER GROUP SGHC LTD COMMON STOCK,SGHC,COMMON STOCK,G8588X103,GG00BMG42V42,BMG42V4,4091424.0,44187379.2,0.19,0,,CONSUMER DISCRETIONARY,UNITED STATES,AVUV,2026-04-01,,,,,,,,,,,,,
LA Z BOY INC COMMON STOCK USD1.0,LZB,COMMON STOCK,505336107,US5053361078,2508405,1359168.0,43683659.52,0.19,0,,CONSUMER DISCRETIONARY,UNITED STATES,AVUV,2026-04-01,,,,,,,,,,,,,
BOYD GAMING CORP COMMON STOCK USD.01,BYD,COMMON STOCK,103304101,US1033041013,2117232,529244.0,43493271.92,0.19,0,,CONSUMER DISCRETIONARY,UNITED STATES,AVUV,2026-04-01,,,,,,,,,,,,,
HELIX ENERGY SOLUTIONS GROUP COMMON STOCK,HLX,COMMON STOCK,42330P107,US42330P1075,2037062,4394316.0,43459785.24,0.19,0,,ENERGY,UNITED STATES,AVUV,2026-04-01,,,,,,,,,,,,,
GREAT LAKES DREDGE + DOCK CO COMMON STOCK USD.0001,GLDD,COMMON STOCK,390607109,US3906071093,B1LDZK9,2508171.0,42638907.0,0.18,0,,INDUSTRIALS,UNITED STATES,AVUV,2026-04-01,,,,,,,,,,,,,
G III APPAREL GROUP LTD COMMON STOCK USD.01,GIII,COMMON STOCK,36237H101,US36237H1014,2369721,1526847.0,42293661.9,0.18,0,,CONSUMER DISCRETIONARY,UNITED STATES,AVUV,2026-04-01,,,,,,,,,,,,,
MONARCH CASINO + RESORT INC COMMON STOCK USD.01,MCRI,COMMON STOCK,609027107,US6090271072,2599197,441649.0,42221644.4,0.18,0,,CONSUMER DISCRETIONARY,UNITED STATES,AVUV,2026-04-01,,,,,,,,,,,,,
LIBERTY GLOBAL LTD C COMMON STOCK USD.01,LBTYK,COMMON STOCK,G61188127,BMG611881274,BS71BR5,3593674.0,42153796.02,0.18,0,,COMMUNICATION SERVICES,UNITED STATES,AVUV,2026-04-01,,,,,,,,,,,,,
CARTER S INC COMMON STOCK USD.01,CRI,COMMON STOCK,146229109,US1462291097,2980939,1169158.0,41809090.08,0.18,0,,CONSUMER DISCRETIONARY,UNITED STATES,AVUV,2026-04-01,,,,,,,,,,,,,
RYERSON HOLDING CORP COMMON STOCK USD.01,RYZ,COMMON STOCK,783754104,US7837541041,B3TPPZ6,1840562.0,41375833.76,0.18,0,,MATERIALS,UNITED STATES,AVUV,2026-04-01,,,,,,,,,,,,,
SCHNEIDER NATIONAL INC CL B COMMON STOCK,SNDR,COMMON STOCK,80689H102,US80689H1023,BYVN953,1568270.0,41339597.2,0.18,0,,INDUSTRIALS,UNITED STATES,AVUV,2026-04-01,,,,,,,,,,,,,
ENERSYS COMMON STOCK USD.01,ENS,COMMON STOCK,29275Y102,US29275Y1029,B020GQ5,237784.0,41307836.48,0.18,0,,INDUSTRIALS,UNITED STATES,AVUV,2026-04-01,,,,,,,,,,,,,
CORE NATURAL RESOURCES INC COMMON STOCK USD.01,CNR,COMMON STOCK,218937100,US2189371006,BR1Z682,393294.0,41189680.62,0.18,0,,ENERGY,UNITED STATES,AVUV,2026-04-01,,,,,,,,,,,,,
TRUSTMARK CORP COMMON STOCK,TRMK,COMMON STOCK,898402102,US8984021027,2340210,976498.0,41149625.72,0.18,0,,FINANCIALS,UNITED STATES,AVUV,2026-04-01,,,,,,,,,,,,,
UNIVERSAL TECHNICAL INSTITUT COMMON STOCK USD.0001,UTI,COMMON STOCK,913915104,US9139151040,2002543,1133187.0,40908050.7,0.17,0,,CONSUMER DISCRETIONARY,UNITED STATES,AVUV,2026-04-01,,,,,,,,,,,,,
GLOBALSTAR INC COMMON STOCK USD.0001,GSAT,COMMON STOCK,378973507,US3789735079,BRJMM32,609565.0,40487307.3,0.17,0,,COMMUNICATION SERVICES,UNITED STATES,AVUV,2026-04-01,,,,,,,,,,,,,
ALAMO GROUP INC COMMON STOCK USD.1,ALG,COMMON STOCK,011311107,US0113111076,2021634,241341.0,39814024.77,0.17,0,,INDUSTRIALS,UNITED STATES,AVUV,2026-04-01,,,,,,,,,,,,,
QUIDELORTHO CORP COMMON STOCK USD.001,QDEL,COMMON STOCK,219798105,US2197981051,BM9VY27,2410994.0,39612631.42,0.17,0,,HEALTH CARE,UNITED STATES,AVUV,2026-04-01,,,,,,,,,,,,,
ANDERSONS INC/THE COMMON STOCK,ANDE,COMMON STOCK,034164103,US0341641035,2274922,551236.0,39457472.88,0.17,0,,CONSUMER STAPLES,UNITED STATES,AVUV,2026-04-01,,,,,,,,,,,,,
FEDERAL AGRIC MTG CORP CL C COMMON STOCK USD1.0,AGM,COMMON STOCK,313148306,US3131483063,2363381,265369.0,39367491.15,0.17,0,,FINANCIALS,UNITED STATES,AVUV,2026-04-01,,,,,,,,,,,,,
LYFT INC A COMMON STOCK USD.00001,LYFT,COMMON STOCK,55087P104,US55087P1049,BJT1RW7,2948999.0,39221686.7,0.17,0,,INDUSTRIALS,UNITED STATES,AVUV,2026-04-01,,,,,,,,,,,,,
KIMBELL ROYALTY PARTNERS LP UNIT,KRP,COMMON STOCK,49435R102,US49435R1023,BYQFVW5,2657073.0,38447846.31,0.16,0,,ENERGY,UNITED STATES,AVUV,2026-04-01,,,,,,,,,,,,,
WSFS FINANCIAL CORP COMMON STOCK USD.01,WSFS,COMMON STOCK,929328102,US9293281021,2940375,583338.0,38185305.48,0.16,0,,FINANCIALS,UNITED STATES,AVUV,2026-04-01,,,,,,,,,,,,,
WESTAMERICA BANCORPORATION COMMON STOCK,WABC,COMMON STOCK,957090103,US9570901036,2950374,718307.0,37459710.05,0.16,0,,FINANCIALS,UNITED STATES,AVUV,2026-04-01,,,,,,,,,,,,,
MONTE ROSA THERAPEUTICS INC COMMON STOCK USD.0001,GLUE,COMMON STOCK,61225M102,US61225M1027,BP7KZP7,2269032.0,37325576.4,0.16,0,,HEALTH CARE,UNITED STATES,AVUV,2026-04-01,,,,,,,,,,,,,
NELNET INC CL A COMMON STOCK USD.01,NNI,COMMON STOCK,64031N108,US64031N1081,2196190,288403.0,37192450.88,0.16,0,,FINANCIALS,UNITED STATES,AVUV,2026-04-01,,,,,,,,,,,,,
HEALTHCARE SERVICES GROUP COMMON STOCK USD.01,HCSG,COMMON STOCK,421906108,US4219061086,2417619,2002151.0,37139901.05,0.16,0,,INDUSTRIALS,UNITED STATES,AVUV,2026-04-01,,,,,,,,,,,,,
WEIS MARKETS INC COMMON STOCK,WMK,COMMON STOCK,948849104,US9488491047,2946845,539171.0,36873904.69,0.16,0,,CONSUMER STAPLES,UNITED STATES,AVUV,2026-04-01,,,,,,,,,,,,,
NABORS INDUSTRIES LTD COMMON STOCK USD.001,NBR,COMMON STOCK,G6359F137,BMG6359F1370,BK953M8,427424.0,36784109.44,0.16,0,,ENERGY,UNITED STATES,AVUV,2026-04-01,,,,,,,,,,,,,
VF CORP COMMON STOCK,VFC,COMMON STOCK,918204108,US9182041080,2928683,2163550.0,36758714.5,0.16,0,,CONSUMER DISCRETIONARY,UNITED STATES,AVUV,2026-04-01,,,,,,,,,,,,,
SEABOARD CORP COMMON STOCK USD1.0,SEB,COMMON STOCK,811543107,US8115431079,2786687,6481.0,36643703.62,0.16,0,,CONSUMER STAPLES,UNITED STATES,AVUV,2026-04-01,,,,,,,,,,,,,
NPK INTERNATIONAL INC COMMON STOCK,NPKI,COMMON STOCK,651718504,US6517185046,2636878,2503553.0,36276482.97,0.15,0,,INDUSTRIALS,UNITED STATES,AVUV,2026-04-01,,,,,,,,,,,,,
PACS GROUP INC COMMON STOCK USD.001,PACS,COMMON STOCK,69380Q107,US69380Q1076,BPW6WD7,1120556.0,35992258.72,0.15,0,,HEALTH CARE,UNITED STATES,AVUV,2026-04-01,,,,,,,,,,,,,
INNOVIVA INC COMMON STOCK USD.01,INVA,COMMON STOCK,45781M101,US45781M1018,BDDXF67,1512304.0,35236683.2,0.15,0,,HEALTH CARE,UNITED STATES,AVUV,2026-04-01,,,,,,,,,,,,,
AMERIS BANCORP COMMON STOCK USD1.0,ABCB,COMMON STOCK,03076K108,US03076K1088,2038849,450601.0,35142371.99,0.15,0,,FINANCIALS,UNITED STATES,AVUV,2026-04-01,,,,,,,,,,,,,
GCI LIBERTY INC CL C COMMON STOCK USD.01,GLIBK,COMMON STOCK,36164V800,US36164V8000,BRJW0G1,943705.0,35115263.05,0.15,0,,COMMUNICATION SERVICES,UNITED STATES,AVUV,2026-04-01,,,,,,,,,,,,,
BRISTOW GROUP INC COMMON STOCK USD.01,VTOL,COMMON STOCK,11040G103,US11040G1031,BMBT0Z4,748546.0,35099321.94,0.15,0,,ENERGY,UNITED STATES,AVUV,2026-04-01,,,,,,,,,,,,,
SANMINA CORP COMMON STOCK USD.01,SANM,COMMON STOCK,801056102,US8010561020,B92RRW2,267000.0,34613880.0,0.15,0,,INFORMATION TECHNOLOGY,UNITED STATES,AVUV,2026-04-01,,,,,,,,,,,,,
EXPRO GROUP HOLDINGS NV COMMON STOCK EUR.01,XPRO,COMMON STOCK,N3144W105,NL0010556684,BCRY5H0,1984827.0,34555838.07,0.15,0,,ENERGY,UNITED STATES,AVUV,2026-04-01,,,,,,,,,,,,,
LIFE TIME GROUP HOLDINGS INC COMMON STOCK USD.01,LTH,COMMON STOCK,53190C102,US53190C1027,BPH0546,1282671.0,34555156.74,0.15,0,,CONSUMER DISCRETIONARY,UNITED STATES,AVUV,2026-04-01,,,,,,,,,,,,,
SUN COUNTRY AIRLINES HOLDING COMMON STOCK USD.01,SNCY,COMMON STOCK,866683105,US8666831057,BM8TFC9,2055638.0,33959139.76,0.14,0,,INDUSTRIALS,UNITED STATES,AVUV,2026-04-01,,,,,,,,,,,,,
ALBANY INTL CORP CL A COMMON STOCK USD.001,AIN,COMMON STOCK,012348108,US0123481089,2012757,645732.0,33713667.72,0.14,0,,INDUSTRIALS,UNITED STATES,AVUV,2026-04-01,,,,,,,,,,,,,
SKYWARD SPECIALTY INSURANCE COMMON STOCK USD.01,SKWD,COMMON STOCK,830940102,US8309401029,BNNMQS3,770341.0,33648494.88,0.14,0,,FINANCIALS,UNITED STATES,AVUV,2026-04-01,,,,,,,,,,,,,
CREDIT ACCEPTANCE CORP COMMON STOCK USD.01,CACC,COMMON STOCK,225310101,US2253101016,2232050,79239.0,33554546.94,0.14,0,,FINANCIALS,UNITED STATES,AVUV,2026-04-01,,,,,,,,,,,,,
GENCO SHIPPING + TRADING LTD COMMON STOCK USD.01,GNK,COMMON STOCK,Y2685T131,MHY2685T1313,BD08758,1457515.0,32866963.25,0.14,0,,INDUSTRIALS,UNITED STATES,AVUV,2026-04-01,,,,,,,,,,,,,
GREIF INC CL A COMMON STOCK,GEF,COMMON STOCK,397624107,US3976241071,2388016,486135.0,32605074.45,0.14,0,,MATERIALS,UNITED STATES,AVUV,2026-04-01,,,,,,,,,,,,,
ASTRONICS CORP COMMON STOCK USD.01,ATRO,COMMON STOCK,046433108,US0464331083,2060518,487252.0,32514325.96,0.14,0,,INDUSTRIALS,UNITED STATES,AVUV,2026-04-01,,,,,,,,,,,,,
BANNER CORPORATION COMMON STOCK USD.01,BANR,COMMON STOCK,06652V208,US06652V2088,2346003,526411.0,31942619.48,0.14,0,,FINANCIALS,UNITED STATES,AVUV,2026-04-01,,,,,,,,,,,,,
ENACT HOLDINGS INC COMMON STOCK USD.01,ACT,COMMON STOCK,29249E109,US29249E1091,BNZFTG9,781166.0,31879384.46,0.14,0,,FINANCIALS,UNITED STATES,AVUV,2026-04-01,,,,,,,,,,,,,
COMPASS MINERALS INTERNATION COMMON STOCK USD.01,CMP,COMMON STOCK,20451N101,US20451N1019,2202763,1357568.0,31699212.8,0.14,0,,MATERIALS,UNITED STATES,AVUV,2026-04-01,,,,,,,,,,,,,
PENNYMAC FINANCIAL SERVICES COMMON STOCK USD.0001,PFSI,COMMON STOCK,70932M107,US70932M1071,BGYTGH3,362369.0,31671050.6,0.14,0,,FINANCIALS,UNITED STATES,AVUV,2026-04-01,,,,,,,,,,,,,
TENNANT CO COMMON STOCK USD.375,TNC,COMMON STOCK,880345103,US8803451033,2883641,468316.0,31096182.4,0.13,0,,INDUSTRIALS,UNITED STATES,AVUV,2026-04-01,,,,,,,,,,,,,
AMERICAN PUBLIC EDUCATION COMMON STOCK USD.01,APEI,COMMON STOCK,02913V103,US02913V1035,B292GM4,546258.0,31071155.04,0.13,0,,CONSUMER DISCRETIONARY,UNITED STATES,AVUV,2026-04-01,,,,,,,,,,,,,
HORACE MANN EDUCATORS COMMON STOCK USD.001,HMN,COMMON STOCK,440327104,US4403271046,2437112,725090.0,30946841.2,0.13,0,,FINANCIALS,UNITED STATES,AVUV,2026-04-01,,,,,,,,,,,,,
SKYWATER TECHNOLOGY INC COMMON STOCK USD.01,SKYT,COMMON STOCK,83089J108,US83089J1088,BMDXB06,1126861.0,30887260.01,0.13,0,,INFORMATION TECHNOLOGY,UNITED STATES,AVUV,2026-04-01,,,,,,,,,,,,,
STEPAN CO COMMON STOCK USD1.0,SCL,COMMON STOCK,858586100,US8585861003,2845005,612572.0,30616348.56,0.13,0,,MATERIALS,UNITED STATES,AVUV,2026-04-01,,,,,,,,,,,,,
FMC CORP COMMON STOCK USD.1,FMC,COMMON STOCK,302491303,US3024913036,2328603,1775287.0,30570442.14,0.13,0,,MATERIALS,UNITED STATES,AVUV,2026-04-01,,,,,,,,,,,,,
TECNOGLASS INC COMMON STOCK USD.0001,TGLS,COMMON STOCK,G87264100,KYG872641009,BHCVTN5,680942.0,30335966.1,0.13,0,,INDUSTRIALS,UNITED STATES,AVUV,2026-04-01,,,,,,,,,,,,,
SALLY BEAUTY HOLDINGS INC COMMON STOCK USD.01,SBH,COMMON STOCK,79546E104,US79546E1047,B1GZ005,2187327.0,30294478.95,0.13,0,,CONSUMER DISCRETIONARY,UNITED STATES,AVUV,2026-04-01,,,,,,,,,,,,,
TETRA TECHNOLOGIES INC COMMON STOCK USD.01,TTI,COMMON STOCK,88162F105,US88162F1057,2884280,3544409.0,30198364.68,0.13,0,,ENERGY,UNITED STATES,AVUV,2026-04-01,,,,,,,,,,,,,
LENDINGCLUB CORP COMMON STOCK USD.01,LC,COMMON STOCK,52603A208,US52603A2087,BK95GR4,2089911.0,29927525.52,0.13,0,,FINANCIALS,UNITED STATES,AVUV,2026-04-01,,,,,,,,,,,,,
PAYONEER GLOBAL INC COMMON STOCK USD.01,PAYO,COMMON STOCK,70451X104,US70451X1046,BLSPX60,6166690.0,29785112.7,0.13,0,,FINANCIALS,UNITED STATES,AVUV,2026-04-01,,,,,,,,,,,,,
GULFPORT ENERGY CORP COMMON STOCK USD.0001,GPOR,COMMON STOCK,402635502,US4026355028,BND7X43,139394.0,29491588.58,0.13,0,,ENERGY,UNITED STATES,AVUV,2026-04-01,,,,,,,,,,,,,
LSB INDUSTRIES INC COMMON STOCK USD.1,LXU,COMMON STOCK,502160104,US5021601043,2536882,1977605.0,29466314.5,0.13,0,,MATERIALS,UNITED STATES,AVUV,2026-04-01,,,,,,,,,,,,,
PREFERRED BANK/LOS ANGELES COMMON STOCK,PFBC,COMMON STOCK,740367404,US7403674044,2763602,322168.0,29217415.92,0.12,0,,FINANCIALS,UNITED STATES,AVUV,2026-04-01,,,,,,,,,,,,,
HOPE BANCORP INC COMMON STOCK USD.001,HOPE,COMMON STOCK,43940T109,US43940T1097,BYN87K7,2605608.0,29104641.36,0.12,0,,FINANCIALS,UNITED STATES,AVUV,2026-04-01,,,,,,,,,,,,,
YELP INC COMMON STOCK USD.000001,YELP,COMMON STOCK,985817105,US9858171054,B7KCD72,1175209.0,29074670.66,0.12,0,,COMMUNICATION SERVICES,UNITED STATES,AVUV,2026-04-01,,,,,,,,,,,,,
MYR GROUP INC/DELAWARE COMMON STOCK USD.01,MYRG,COMMON STOCK,55405W104,US55405W1045,B3CLS18,102231.0,28861855.92,0.12,0,,INDUSTRIALS,UNITED STATES,AVUV,2026-04-01,,,,,,,,,,,,,
WORTHINGTON ENTERPRISES INC COMMON STOCK,WOR,COMMON STOCK,981811102,US9818111026,2981932,550263.0,28690712.82,0.12,0,,INDUSTRIALS,UNITED STATES,AVUV,2026-04-01,,,,,,,,,,,,,
MARTEN TRANSPORT LTD COMMON STOCK USD.01,MRTN,COMMON STOCK,573075108,US5730751089,2568357,2184081.0,28676983.53,0.12,0,,INDUSTRIALS,UNITED STATES,AVUV,2026-04-01,,,,,,,,,,,,,
DAKTRONICS INC COMMON STOCK,DAKT,COMMON STOCK,234264109,US2342641097,2254010,1424429.0,27847586.95,0.12,0,,INFORMATION TECHNOLOGY,UNITED STATES,AVUV,2026-04-01,,,,,,,,,,,,,
BJ S RESTAURANTS INC COMMON STOCK,BJRI,COMMON STOCK,09180C106,US09180C1062,2200552,791467.0,27780491.7,0.12,0,,CONSUMER DISCRETIONARY,UNITED STATES,AVUV,2026-04-01,,,,,,,,,,,,,
SENECA FOODS CORP   CL A COMMON STOCK USD.25,SENEA,COMMON STOCK,817070501,US8170705011,2781626,181501.0,27428431.12,0.12,0,,CONSUMER STAPLES,UNITED STATES,AVUV,2026-04-01,,,,,,,,,,,,,
CLARIVATE PLC COMMON STOCK USD.01,CLVT,COMMON STOCK,G21810109,JE00BJJN4441,BJJN444,10779080.0,27271072.4,0.12,0,,INDUSTRIALS,UNITED STATES,AVUV,2026-04-01,,,,,,,,,,,,,
PEOPLES BANCORP INC COMMON STOCK,PEBO,COMMON STOCK,709789101,US7097891011,2679419,828326.0,27227075.62,0.12,0,,FINANCIALS,UNITED STATES,AVUV,2026-04-01,,,,,,,,,,,,,
UNIVERSAL INSURANCE HOLDINGS COMMON STOCK USD.01,UVE,COMMON STOCK,91359V107,US91359V1070,2912374,793830.0,27117232.8,0.12,0,,FINANCIALS,UNITED STATES,AVUV,2026-04-01,,,,,,,,,,,,,
DNOW INC COMMON STOCK USD.01,DNOW,COMMON STOCK,67011P100,US67011P1003,BMH0MV1,2235385.0,26623435.35,0.11,0,,INDUSTRIALS,UNITED STATES,AVUV,2026-04-01,,,,,,,,,,,,,
SCHOLASTIC CORP COMMON STOCK USD.01,SCHL,COMMON STOCK,807066105,US8070661058,2779234,680016.0,26561424.96,0.11,0,,COMMUNICATION SERVICES,UNITED STATES,AVUV,2026-04-01,,,,,,,,,,,,,
OLD SECOND BANCORP INC COMMON STOCK USD1.0,OSBC,COMMON STOCK,680277100,US6802771005,2658429,1313473.0,26479615.68,0.11,0,,FINANCIALS,UNITED STATES,AVUV,2026-04-01,,,,,,,,,,,,,
VAALCO ENERGY INC COMMON STOCK USD.1,EGY,COMMON STOCK,91851C201,US91851C2017,2933353,4176573.0,26479472.82,0.11,0,,ENERGY,UNITED STATES,AVUV,2026-04-01,,,,,,,,,,,,,
MERCHANTS BANCORP/IN COMMON STOCK,MBIN,COMMON STOCK,58844R108,US58844R1086,BYZ1PQ6,611330.0,26232170.3,0.11,0,,FINANCIALS,UNITED STATES,AVUV,2026-04-01,,,,,,,,,,,,,
COMMUNITY TRUST BANCORP INC COMMON STOCK USD5.0,CTBI,COMMON STOCK,204149108,US2041491083,2706470,425513.0,25837149.36,0.11,0,,FINANCIALS,UNITED STATES,AVUV,2026-04-01,,,,,,,,,,,,,
UMB FINANCIAL CORP COMMON STOCK USD1.0,UMBF,COMMON STOCK,902788108,US9027881088,2918510,229046.0,25834098.34,0.11,0,,FINANCIALS,UNITED STATES,AVUV,2026-04-01,,,,,,,,,,,,,
KB HOME COMMON STOCK USD1.0,KBH,COMMON STOCK,48666K109,US48666K1097,2485070,495394.0,25636639.5,0.11,0,,CONSUMER DISCRETIONARY,UNITED STATES,AVUV,2026-04-01,,,,,,,,,,,,,
LINCOLN EDUCATIONAL SERVICES COMMON STOCK,LINC,COMMON STOCK,533535100,US5335351004,B0BV2Y9,625869.0,25460350.92,0.11,0,,CONSUMER DISCRETIONARY,UNITED STATES,AVUV,2026-04-01,,,,,,,,,,,,,
1ST SOURCE CORP COMMON STOCK,SRCE,COMMON STOCK,336901103,US3369011032,2341848,367574.0,25439796.54,0.11,0,,FINANCIALS,UNITED STATES,AVUV,2026-04-01,,,,,,,,,,,,,
WORLD KINECT CORP COMMON STOCK USD.01,WKC,COMMON STOCK,981475106,US9814751064,2469450,1101634.0,25414696.38,0.11,0,,ENERGY,UNITED STATES,AVUV,2026-04-01,,,,,,,,,,,,,
ARRAY DIGITAL INFRASTRUCTURE COMMON STOCK USD1.0,AD,COMMON STOCK,911684108,US9116841084,2918996,545281.0,25159265.34,0.11,0,,COMMUNICATION SERVICES,UNITED STATES,AVUV,2026-04-01,,,,,,,,,,,,,
FIRST BUSEY CORP COMMON STOCK USD.001,BUSE,COMMON STOCK,319383204,US3193832041,BZ1LBM5,993065.0,25094752.55,0.11,0,,FINANCIALS,UNITED STATES,AVUV,2026-04-01,,,,,,,,,,,,,
OIL DRI CORP OF AMERICA COMMON STOCK USD.1,ODC,COMMON STOCK,677864100,US6778641000,2657794,383001.0,24929535.09,0.11,0,,CONSUMER STAPLES,UNITED STATES,AVUV,2026-04-01,,,,,,,,,,,,,
QCR HOLDINGS INC COMMON STOCK USD1.0,QCRH,COMMON STOCK,74727A104,US74727A1043,2714257,289184.0,24710772.8,0.11,0,,FINANCIALS,UNITED STATES,AVUV,2026-04-01,,,,,,,,,,,,,
APOGEE ENTERPRISES INC COMMON STOCK USD.333,APOG,COMMON STOCK,037598109,US0375981091,2046176,735755.0,24677222.7,0.11,0,,INDUSTRIALS,UNITED STATES,AVUV,2026-04-01,,,,,,,,,,,,,
SFL CORP LTD COMMON STOCK USD.01,SFL,COMMON STOCK,G7738W106,BMG7738W1064,BJXT857,2275246.0,24549904.34,0.1,0,,ENERGY,UNITED STATES,AVUV,2026-04-01,,,,,,,,,,,,,
RPC INC COMMON STOCK USD.1,RES,COMMON STOCK,749660106,US7496601060,2719456,3464134.0,24526068.72,0.1,0,,ENERGY,UNITED STATES,AVUV,2026-04-01,,,,,,,,,,,,,
FIRST COMMONWEALTH FINL CORP COMMON STOCK USD1.0,FCF,COMMON STOCK,319829107,US3198291078,2351546,1371947.0,24118828.26,0.1,0,,FINANCIALS,UNITED STATES,AVUV,2026-04-01,,,,,,,,,,,,,
OPPENHEIMER HOLDINGS CL A COMMON STOCK USD.001,OPY,COMMON STOCK,683797104,US6837971042,B42G8D2,268015.0,23904257.85,0.1,0,,FINANCIALS,UNITED STATES,AVUV,2026-04-01,,,,,,,,,,,,,
CENTRAL PACIFIC FINANCIAL CO COMMON STOCK,CPF,COMMON STOCK,154760409,US1547604090,2230946,742692.0,23736436.32,0.1,0,,FINANCIALS,UNITED STATES,AVUV,2026-04-01,,,,,,,,,,,,,
ADVANSIX INC COMMON STOCK USD.01,ASIX,COMMON STOCK,00773T101,US00773T1016,BYMMZL7,967373.0,23603901.2,0.1,0,,MATERIALS,UNITED STATES,AVUV,2026-04-01,,,,,,,,,,,,,
DOLE PLC COMMON STOCK USD.01,DOLE,COMMON STOCK,G27907107,IE0003LFZ4U7,BMCLHR0,1651391.0,23598377.39,0.1,0,,CONSUMER STAPLES,UNITED STATES,AVUV,2026-04-01,,,,,,,,,,,,,
SUNCOKE ENERGY INC COMMON STOCK USD.01,SXC,COMMON STOCK,86722A103,US86722A1034,B3R0638,3592596.0,23387799.96,0.1,0,,MATERIALS,UNITED STATES,AVUV,2026-04-01,,,,,,,,,,,,,
NORTHEAST BANK COMMON STOCK USD1.0,NBN,COMMON STOCK,66405S100,US66405S1006,BJXSDM6,207896.0,23361273.52,0.1,0,,FINANCIALS,UNITED STATES,AVUV,2026-04-01,,,,,,,,,,,,,
RAYONIER ADVANCED MATERIALS COMMON STOCK USD.01,RYAM,COMMON STOCK,75508B104,US75508B1044,BN458W9,2098803.0,23233749.21,0.1,0,,MATERIALS,UNITED STATES,AVUV,2026-04-01,,,,,,,,,,,,,
BYLINE BANCORP INC COMMON STOCK USD.01,BY,COMMON STOCK,124411109,US1244111092,BD5G2C9,735758.0,23227880.06,0.1,0,,FINANCIALS,UNITED STATES,AVUV,2026-04-01,,,,,,,,,,,,,
METALLUS INC COMMON STOCK,MTUS,COMMON STOCK,887399103,US8873991033,BNBPMX1,1418841.0,23183861.94,0.1,0,,MATERIALS,UNITED STATES,AVUV,2026-04-01,,,,,,,,,,,,,
MERCANTILE BANK CORP COMMON STOCK,MBWM,COMMON STOCK,587376104,US5873761044,2620257,456891.0,23072995.5,0.1,0,,FINANCIALS,UNITED STATES,AVUV,2026-04-01,,,,,,,,,,,,,
CRACKER BARREL OLD COUNTRY COMMON STOCK USD.01,CBRL,COMMON STOCK,22410J106,US22410J1060,2231091,808848.0,22736717.28,0.1,0,,CONSUMER DISCRETIONARY,UNITED STATES,AVUV,2026-04-01,,,,,,,,,,,,,
SSC GOVERNMENT MM GVMXX,OTHER,SWEEP INVESTMENT VEHICLE,7839989D1,,,22685837.0,22685836.6,0.1,3.5990825,12/31/2030,MISCELLANEOUS,UNITED STATES,AVUV,2026-04-01,,,,,,,,,,,,,
KIMBALL ELECTRONICS INC COMMON STOCK,KE,COMMON STOCK,49428J109,US49428J1097,BRKFN59,952120.0,22555722.8,0.1,0,,INFORMATION TECHNOLOGY,UNITED STATES,AVUV,2026-04-01,,,,,,,,,,,,,
FIRST MID BANCSHARES INC COMMON STOCK USD4.0,FMBH,COMMON STOCK,320866106,US3208661062,B016HX8,545163.0,22455263.97,0.1,0,,FINANCIALS,UNITED STATES,AVUV,2026-04-01,,,,,,,,,,,,,
REX AMERICAN RESOURCES CORP COMMON STOCK USD.01,REX,COMMON STOCK,761624105,US7616241052,2063670,491407.0,22393416.99,0.1,0,,ENERGY,UNITED STATES,AVUV,2026-04-01,,,,,,,,,,,,,
COMMERCIAL METALS CO COMMON STOCK USD.01,CMC,COMMON STOCK,201723103,US2017231034,2213260,362464.0,22266163.52,0.09,0,,MATERIALS,UNITED STATES,AVUV,2026-04-01,,,,,,,,,,,,,
TRONOX HOLDINGS PLC COMMON STOCK USD.01,TROX,COMMON STOCK,G9087Q102,GB00BJT16S69,BJT16S6,2266751.0,22146157.27,0.09,0,,MATERIALS,UNITED STATES,AVUV,2026-04-01,,,,,,,,,,,,,
HANMI FINANCIAL CORPORATION COMMON STOCK USD.001,HAFC,COMMON STOCK,410495204,US4104952043,B6TPXR5,839427.0,22127295.72,0.09,0,,FINANCIALS,UNITED STATES,AVUV,2026-04-01,,,,,,,,,,,,,
METROPOLITAN BANK HOLDING CO COMMON STOCK USD.01,MCB,COMMON STOCK,591774104,US5917741044,BDBRDR8,265572.0,22119491.88,0.09,0,,FINANCIALS,UNITED STATES,AVUV,2026-04-01,,,,,,,,,,,,,
ARDMORE SHIPPING CORP COMMON STOCK USD.01,ASC,COMMON STOCK,Y0207T100,MHY0207T1001,BCGCR57,1433838.0,21866029.5,0.09,0,,ENERGY,UNITED STATES,AVUV,2026-04-01,,,,,,,,,,,,,
ORIGIN BANCORP INC COMMON STOCK,OBK,COMMON STOCK,68621T102,US68621T1025,BDFFBM9,523884.0,21720230.64,0.09,0,,FINANCIALS,UNITED STATES,AVUV,2026-04-01,,,,,,,,,,,,,
SLIDE INSURANCE HOLDINGS INC COMMON STOCK USD.01,SLDE,COMMON STOCK,831349105,US8313491057,BT18HJ3,1203121.0,21656178.0,0.09,0,,FINANCIALS,UNITED STATES,AVUV,2026-04-01,,,,,,,,,,,,,
UNIVEST FINANCIAL CORP COMMON STOCK USD5.0,UVSP,COMMON STOCK,915271100,US9152711001,2690636,630423.0,21598291.98,0.09,0,,FINANCIALS,UNITED STATES,AVUV,2026-04-01,,,,,,,,,,,,,
S + T BANCORP INC COMMON STOCK USD2.5,STBA,COMMON STOCK,783859101,US7838591011,2781109,514002.0,21500703.66,0.09,0,,FINANCIALS,UNITED STATES,AVUV,2026-04-01,,,,,,,,,,,,,
AMALGAMATED FINANCIAL CORP COMMON STOCK USD.01,AMAL,COMMON STOCK,022671101,US0226711010,BLR7B41,549987.0,21377994.69,0.09,0,,FINANCIALS,UNITED STATES,AVUV,2026-04-01,,,,,,,,,,,,,
HERITAGE INSURANCE HOLDINGS COMMON STOCK USD.0001,HRTG,COMMON STOCK,42727J102,US42727J1025,BMN9870,808664.0,21227430.0,0.09,0,,FINANCIALS,UNITED STATES,AVUV,2026-04-01,,,,,,,,,,,,,
SOLAREDGE TECHNOLOGIES INC COMMON STOCK USD.0001,SEDG,COMMON STOCK,83417M104,US83417M1045,BWC52Q6,415658.0,21219340.9,0.09,0,,INFORMATION TECHNOLOGY,UNITED STATES,AVUV,2026-04-01,,,,,,,,,,,,,
OXFORD INDUSTRIES INC COMMON STOCK USD1.0,OXM,COMMON STOCK,691497309,US6914973093,2665300,545537.0,21008629.87,0.09,0,,CONSUMER DISCRETIONARY,UNITED STATES,AVUV,2026-04-01,,,,,,,,,,,,,
COSTAMARE INC COMMON STOCK USD.0001,CMRE,COMMON STOCK,Y1771G102,MHY1771G1026,B566T98,1222667.0,20663072.3,0.09,0,,INDUSTRIALS,UNITED STATES,AVUV,2026-04-01,,,,,,,,,,,,,
NORDIC AMERICAN TANKERS LTD COMMON STOCK USD.01,NAT,COMMON STOCK,G65773106,BMG657731060,2113876,3510703.0,20572719.58,0.09,0,,ENERGY,UNITED STATES,AVUV,2026-04-01,,,,,,,,,,,,,
LITHIA MOTORS INC COMMON STOCK,LAD,COMMON STOCK,536797103,US5367971034,2515030,82222.0,20532477.84,0.09,0,,CONSUMER DISCRETIONARY,UNITED STATES,AVUV,2026-04-01,,,,,,,,,,,,,
TRUSTCO BANK CORP NY COMMON STOCK USD1.0,TRST,COMMON STOCK,898349204,US8983492047,BN0ZBP7,468868.0,20527041.04,0.09,0,,FINANCIALS,UNITED STATES,AVUV,2026-04-01,,,,,,,,,,,,,
VIRTUS INVESTMENT PARTNERS COMMON STOCK USD.01,VRTS,COMMON STOCK,92828Q109,US92828Q1094,B3KKGQ8,150761.0,20254740.35,0.09,0,,FINANCIALS,UNITED STATES,AVUV,2026-04-01,,,,,,,,,,,,,
DUCOMMUN INC COMMON STOCK USD.01,DCO,COMMON STOCK,264147109,US2641471097,2283229,165283.0,20164526.0,0.09,0,,INDUSTRIALS,UNITED STATES,AVUV,2026-04-01,,,,,,,,,,,,,
MATIV HOLDINGS INC COMMON STOCK USD.1,MATV,COMMON STOCK,808541106,US8085411069,2782038,2315740.0,20146938.0,0.09,0,,MATERIALS,UNITED STATES,AVUV,2026-04-01,,,,,,,,,,,,,
IMAX CORP COMMON STOCK,IMAX,COMMON STOCK,45245E109,CA45245E1097,2473859,529603.0,20130210.03,0.09,0,,COMMUNICATION SERVICES,UNITED STATES,AVUV,2026-04-01,,,,,,,,,,,,,
ASTEC INDUSTRIES INC COMMON STOCK USD.2,ASTE,COMMON STOCK,046224101,US0462241011,2060370,373297.0,20098310.48,0.09,0,,INDUSTRIALS,UNITED STATES,AVUV,2026-04-01,,,,,,,,,,,,,
CONNECTONE BANCORP INC COMMON STOCK,CNOB,COMMON STOCK,20786W107,US20786W1071,BNQ4YF9,748337.0,20032981.49,0.09,0,,FINANCIALS,UNITED STATES,AVUV,2026-04-01,,,,,,,,,,,,,
BUSINESS FIRST BANCSHARES COMMON STOCK USD1.0,BFST,COMMON STOCK,12326C105,US12326C1053,BF5HDJ0,738103.0,19958305.12,0.09,0,,FINANCIALS,UNITED STATES,AVUV,2026-04-01,,,,,,,,,,,,,
PROG HOLDINGS INC COMMON STOCK USD.5,PRG,COMMON STOCK,74319R101,US74319R1014,BLFGN66,690054.0,19797649.26,0.08,0,,FINANCIALS,UNITED STATES,AVUV,2026-04-01,,,,,,,,,,,,,
FORUM ENERGY TECHNOLOGIES IN COMMON STOCK USD.01,FET,COMMON STOCK,34984V209,US34984V2097,BMCKSV8,337033.0,19770355.78,0.08,0,,ENERGY,UNITED STATES,AVUV,2026-04-01,,,,,,,,,,,,,
TEEKAY CORP LTD COMMON STOCK USD.001,TK,COMMON STOCK,G8726T105,BMG8726T1053,BL54JF1,1618337.0,19759894.77,0.08,0,,ENERGY,UNITED STATES,AVUV,2026-04-01,,,,,,,,,,,,,
INDEPENDENT BANK CORP   MICH COMMON STOCK USD1.0,IBCP,COMMON STOCK,453838609,US4538386099,2492133,591895.0,19710103.5,0.08,0,,FINANCIALS,UNITED STATES,AVUV,2026-04-01,,,,,,,,,,,,,
ECOVYST INC COMMON STOCK,ECVT,COMMON STOCK,27923Q109,US27923Q1094,BM8NHT2,1530879.0,19687103.94,0.08,0,,MATERIALS,UNITED STATES,AVUV,2026-04-01,,,,,,,,,,,,,
GREEN DOT CORP CLASS A COMMON STOCK USD.001,GDOT,COMMON STOCK,39304D102,US39304D1028,B3WNNP3,1748098.0,19613659.56,0.08,0,,FINANCIALS,UNITED STATES,AVUV,2026-04-01,,,,,,,,,,,,,
EMPLOYERS HOLDINGS INC COMMON STOCK USD.01,EIG,COMMON STOCK,292218104,US2922181043,B1Q1RR9,473015.0,19459837.1,0.08,0,,FINANCIALS,UNITED STATES,AVUV,2026-04-01,,,,,,,,,,,,,
ESQUIRE FINANCIAL HOLDINGS I COMMON STOCK USD.01,ESQ,COMMON STOCK,29667J101,US29667J1016,BD5G1Z5,180844.0,19440730.0,0.08,0,,FINANCIALS,UNITED STATES,AVUV,2026-04-01,,,,,,,,,,,,,
LINDSAY CORP COMMON STOCK USD1.0,LNN,COMMON STOCK,535555106,US5355551061,2516613,162852.0,19390787.64,0.08,0,,INDUSTRIALS,UNITED STATES,AVUV,2026-04-01,,,,,,,,,,,,,
TOMPKINS FINANCIAL CORP COMMON STOCK USD.1,TMP,COMMON STOCK,890110109,US8901101092,2888613,243783.0,19219851.72,0.08,0,,FINANCIALS,UNITED STATES,AVUV,2026-04-01,,,,,,,,,,,,,
FIDELIS INSURANCE HOLDINGS L COMMON STOCK USD.01,FIHL,COMMON STOCK,G3398L118,BMG3398L1182,BQLSDH2,996666.0,19046287.26,0.08,0,,FINANCIALS,UNITED STATES,AVUV,2026-04-01,,,,,,,,,,,,,
ARROW ELECTRONICS INC COMMON STOCK USD1.0,ARW,COMMON STOCK,042735100,US0427351004,2051404,132354.0,18980887.14,0.08,0,,INFORMATION TECHNOLOGY,UNITED STATES,AVUV,2026-04-01,,,,,,,,,,,,,
RILEY EXPLORATION PERMIAN IN COMMON STOCK USD.001,REPX,COMMON STOCK,76665T102,US76665T1025,BNW2543,518763.0,18908911.35,0.08,0,,ENERGY,UNITED STATES,AVUV,2026-04-01,,,,,,,,,,,,,
FIRST FINANCIAL CORP COMMON STOCK,THFF,COMMON STOCK,320218100,US3202181000,2362515,297233.0,18618675.12,0.08,0,,FINANCIALS,UNITED STATES,AVUV,2026-04-01,,,,,,,,,,,,,
HALLADOR ENERGY CO COMMON STOCK USD.01,HNRG,COMMON STOCK,40609P105,US40609P1057,2404978,1142549.0,18600697.72,0.08,0,,UTILITIES,UNITED STATES,AVUV,2026-04-01,,,,,,,,,,,,,
BEACON FINANCIAL CORP COMMON STOCK USD.01,BBT,COMMON STOCK,084680107,US0846801076,2606570,600519.0,18015570.0,0.08,0,,FINANCIALS,UNITED STATES,AVUV,2026-04-01,,,,,,,,,,,,,
SCANSOURCE INC COMMON STOCK,SCSC,COMMON STOCK,806037107,US8060371072,2767756,493991.0,17931873.3,0.08,0,,INFORMATION TECHNOLOGY,UNITED STATES,AVUV,2026-04-01,,,,,,,,,,,,,
OCEANFIRST FINANCIAL CORP COMMON STOCK USD.01,OCFC,COMMON STOCK,675234108,US6752341080,2125901,993601.0,17924562.04,0.08,0,,FINANCIALS,UNITED STATES,AVUV,2026-04-01,,,,,,,,,,,,,
XPLR INFRASTRUCTURE LP COMMON STOCK,XIFR,COMMON STOCK,65341B106,US65341B1061,BNGY4Q0,1687452.0,17920740.24,0.08,0,,UTILITIES,UNITED STATES,AVUV,2026-04-01,,,,,,,,,,,,,
HOMETRUST BANCSHARES INC COMMON STOCK,HTB,COMMON STOCK,437872104,US4378721041,B84T2F7,416377.0,17758479.05,0.08,0,,FINANCIALS,UNITED STATES,AVUV,2026-04-01,,,,,,,,,,,,,
VERSANT MEDIA GROUP INC COMMON STOCK USD.01,VSNT,COMMON STOCK,925283103,US9252831030,BVV5S84,483622.0,17722328.19,0.08,0,,COMMUNICATION SERVICES,UNITED STATES,AVUV,2026-04-01,,,,,,,,,,,,,
SANDRIDGE ENERGY INC COMMON STOCK USD.001,SD,COMMON STOCK,80007P869,US80007P8692,BD1XH30,1085464.0,17703917.84,0.08,0,,ENERGY,UNITED STATES,AVUV,2026-04-01,,,,,,,,,,,,,
HNI CORP COMMON STOCK USD1.0,HNI,COMMON STOCK,404251100,US4042511000,2435246,527190.0,17602874.1,0.08,0,,INDUSTRIALS,UNITED STATES,AVUV,2026-04-01,,,,,,,,,,,,,
DAUCH CORPORATION COMMON STOCK USD.01,DCH,COMMON STOCK,024061103,US0240611030,2382416,2960948.0,17558421.64,0.07,0,,CONSUMER DISCRETIONARY,UNITED STATES,AVUV,2026-04-01,,,,,,,,,,,,,
REPUBLIC BANCORP INC CLASS A COMMON STOCK,RBCAA,COMMON STOCK,760281204,US7602812049,2277114,248017.0,17497599.35,0.07,0,,FINANCIALS,UNITED STATES,AVUV,2026-04-01,,,,,,,,,,,,,
BUILD A BEAR WORKSHOP INC COMMON STOCK USD.01,BBW,COMMON STOCK,120076104,US1200761047,B034L50,466309.0,17463272.05,0.07,0,,CONSUMER DISCRETIONARY,UNITED STATES,AVUV,2026-04-01,,,,,,,,,,,,,
OIL STATES INTERNATIONAL INC COMMON STOCK USD.01,OIS,COMMON STOCK,678026105,US6780261052,2724472,1472071.0,17134906.44,0.07,0,,ENERGY,UNITED STATES,AVUV,2026-04-01,,,,,,,,,,,,,
FORESTAR GROUP INC COMMON STOCK USD1.0,FOR,COMMON STOCK,346232101,US3462321015,BF16ZX9,695477.0,16997457.88,0.07,0,,REAL ESTATE,UNITED STATES,AVUV,2026-04-01,,,,,,,,,,,,,
EMERGENT BIOSOLUTIONS INC COMMON STOCK USD.001,EBS,COMMON STOCK,29089Q105,US29089Q1058,B1HJLW5,2038076.0,16916030.8,0.07,0,,HEALTH CARE,UNITED STATES,AVUV,2026-04-01,,,,,,,,,,,,,
GENTHERM INC COMMON STOCK,THRM,COMMON STOCK,37253A103,US37253A1034,B8JFD24,600396.0,16679000.88,0.07,0,,CONSUMER DISCRETIONARY,UNITED STATES,AVUV,2026-04-01,,,,,,,,,,,,,
SOUTHERN MISSOURI BANCORP COMMON STOCK USD.01,SMBC,COMMON STOCK,843380106,US8433801060,2570501,260822.0,16676958.68,0.07,0,,FINANCIALS,UNITED STATES,AVUV,2026-04-01,,,,,,,,,,,,,
UNITED FIRE GROUP INC COMMON STOCK USD.001,UFCS,COMMON STOCK,910340108,US9103401082,B4WXG84,448139.0,16608031.34,0.07,0,,FINANCIALS,UNITED STATES,AVUV,2026-04-01,,,,,,,,,,,,,
POPULAR INC COMMON STOCK USD.01,BPOP,COMMON STOCK,733174700,PR7331747001,B86QM90,121818.0,16344321.06,0.07,0,,FINANCIALS,UNITED STATES,AVUV,2026-04-01,,,,,,,,,,,,,
KOPPERS HOLDINGS INC COMMON STOCK USD.01,KOP,COMMON STOCK,50060P106,US50060P1066,B0X46B1,419809.0,16238212.12,0.07,0,,MATERIALS,UNITED STATES,AVUV,2026-04-01,,,,,,,,,,,,,
BURKE + HERBERT FINANCIAL SE COMMON STOCK,BHRB,COMMON STOCK,12135Y108,US12135Y1082,BQ1PC32,259824.0,16184436.96,0.07,0,,FINANCIALS,UNITED STATES,AVUV,2026-04-01,,,,,,,,,,,,,
AMPHASTAR PHARMACEUTICALS IN COMMON STOCK USD.0001,AMPH,COMMON STOCK,03209R103,US03209R1032,BNFWZS4,825004.0,16161828.36,0.07,0,,HEALTH CARE,UNITED STATES,AVUV,2026-04-01,,,,,,,,,,,,,
CENTURY COMMUNITIES INC COMMON STOCK USD.01,CCS,COMMON STOCK,156504300,US1565043007,BN7ZZ47,280739.0,16108803.82,0.07,0,,CONSUMER DISCRETIONARY,UNITED STATES,AVUV,2026-04-01,,,,,,,,,,,,,
NWPX INFRASTRUCTURE INC COMMON STOCK USD.01,NWPX,COMMON STOCK,667746101,US6677461013,2035925,206282.0,16061116.52,0.07,0,,INDUSTRIALS,UNITED STATES,AVUV,2026-04-01,,,,,,,,,,,,,
GREAT SOUTHERN BANCORP INC COMMON STOCK USD.01,GSBC,COMMON STOCK,390905107,US3909051076,2387002,252410.0,15934643.3,0.07,0,,FINANCIALS,UNITED STATES,AVUV,2026-04-01,,,,,,,,,,,,,
ETHAN ALLEN INTERIORS INC COMMON STOCK USD.01,ETD,COMMON STOCK,297602104,US2976021046,2320825,714639.0,15907864.14,0.07,0,,CONSUMER DISCRETIONARY,UNITED STATES,AVUV,2026-04-01,,,,,,,,,,,,,
COVENANT LOGISTICS GROUP INC COMMON STOCK USD.01,CVLG,COMMON STOCK,22284P105,US22284P1057,2200853,585274.0,15890189.1,0.07,0,,INDUSTRIALS,UNITED STATES,AVUV,2026-04-01,,,,,,,,,,,,,
HERC HOLDINGS INC COMMON STOCK USD.01,HRI,COMMON STOCK,42704L104,US42704L1044,BZBZ020,159421.0,15870360.55,0.07,0,,INDUSTRIALS,UNITED STATES,AVUV,2026-04-01,,,,,,,,,,,,,
TRICO BANCSHARES COMMON STOCK,TCBK,COMMON STOCK,896095106,US8960951064,2904133,333349.0,15847411.46,0.07,0,,FINANCIALS,UNITED STATES,AVUV,2026-04-01,,,,,,,,,,,,,
PAGAYA TECHNOLOGIES LTD  A COMMON STOCK USD.0001,PGY,COMMON STOCK,M7S64L123,IL0011858912,BQ5J6B6,1355651.0,15793334.15,0.07,0,,INFORMATION TECHNOLOGY,UNITED STATES,AVUV,2026-04-01,,,,,,,,,,,,,
VITESSE ENERGY INC COMMON STOCK USD.01,VTS,COMMON STOCK,92852X103,US92852X1037,BMBX3P7,867184.0,15748061.44,0.07,0,,ENERGY,UNITED STATES,AVUV,2026-04-01,,,,,,,,,,,,,
NUTEX HEALTH INC COMMON STOCK,NUTX,COMMON STOCK,67079U306,US67079U3068,BSMNX92,164823.0,15664777.92,0.07,0,,HEALTH CARE,UNITED STATES,AVUV,2026-04-01,,,,,,,,,,,,,
ENNIS INC COMMON STOCK USD2.5,EBF,COMMON STOCK,293389102,US2933891028,2316103,730739.0,15652429.38,0.07,0,,INDUSTRIALS,UNITED STATES,AVUV,2026-04-01,,,,,,,,,,,,,
IES HOLDINGS INC COMMON STOCK USD.01,IESC,COMMON STOCK,44951W106,US44951W1062,BD978B9,32578.0,15522439.66,0.07,0,,INDUSTRIALS,UNITED STATES,AVUV,2026-04-01,,,,,,,,,,,,,
VILLAGE SUPER MARKET CLASS A COMMON STOCK,VLGEA,COMMON STOCK,927107409,US9271074091,2929211,364968.0,15412598.64,0.07,0,,CONSUMER STAPLES,UNITED STATES,AVUV,2026-04-01,,,,,,,,,,,,,
HEARTLAND EXPRESS INC COMMON STOCK USD.01,HTLD,COMMON STOCK,422347104,US4223471040,2414018,1455629.0,15138541.6,0.06,0,,INDUSTRIALS,UNITED STATES,AVUV,2026-04-01,,,,,,,,,,,,,
MARCUS CORPORATION COMMON STOCK USD1.0,MCS,COMMON STOCK,566330106,US5663301068,2564827,880711.0,15121807.87,0.06,0,,COMMUNICATION SERVICES,UNITED STATES,AVUV,2026-04-01,,,,,,,,,,,,,
CAPITAL CITY BANK GROUP INC COMMON STOCK USD.01,CCBG,COMMON STOCK,139674105,US1396741050,2186759,341228.0,14829768.88,0.06,0,,FINANCIALS,UNITED STATES,AVUV,2026-04-01,,,,,,,,,,,,,
GRANITE RIDGE RESOURCES INC COMMON STOCK USD.0001,GRNT,COMMON STOCK,387432107,US3874321074,BPJKCW1,2513068.0,14751709.16,0.06,0,,ENERGY,UNITED STATES,AVUV,2026-04-01,,,,,,,,,,,,,
METROCITY BANKSHARES INC COMMON STOCK,MCBS,COMMON STOCK,59165J105,US59165J1051,BD9MTK0,512198.0,14684716.66,0.06,0,,FINANCIALS,UNITED STATES,AVUV,2026-04-01,,,,,,,,,,,,,
GOLD.COM INC COMMON STOCK USD.01,GOLD,COMMON STOCK,00181T107,US00181T1079,BK6MJ46,365901.0,14665312.08,0.06,0,,CONSUMER DISCRETIONARY,UNITED STATES,AVUV,2026-04-01,,,,,,,,,,,,,
ORRSTOWN FINL SERVICES INC COMMON STOCK,ORRF,COMMON STOCK,687380105,US6873801053,B019FW2,405894.0,14644655.52,0.06,0,,FINANCIALS,UNITED STATES,AVUV,2026-04-01,,,,,,,,,,,,,
DIME COMMUNITY BANCSHARES IN COMMON STOCK USD.01,DCOM,COMMON STOCK,25432X102,US25432X1028,BMFZ702,432838.0,14638581.16,0.06,0,,FINANCIALS,UNITED STATES,AVUV,2026-04-01,,,,,,,,,,,,,
SHORE BANCSHARES INC COMMON STOCK USD.01,SHBI,COMMON STOCK,825107105,US8251071051,2748869,783576.0,14637199.68,0.06,0,,FINANCIALS,UNITED STATES,AVUV,2026-04-01,,,,,,,,,,,,,
NORTHRIM BANCORP INC COMMON STOCK USD1.0,NRIM,COMMON STOCK,666762109,US6667621097,2640277,636378.0,14560328.64,0.06,0,,FINANCIALS,UNITED STATES,AVUV,2026-04-01,,,,,,,,,,,,,
MISSION PRODUCE INC COMMON STOCK USD.001,AVO,COMMON STOCK,60510V108,US60510V1089,BLNPMM4,1055105.0,14518244.8,0.06,0,,CONSUMER STAPLES,UNITED STATES,AVUV,2026-04-01,,,,,,,,,,,,,
SHENANDOAH TELECOMMUNICATION COMMON STOCK,SHEN,COMMON STOCK,82312B106,US82312B1061,2676692,930762.0,14352350.04,0.06,0,,COMMUNICATION SERVICES,UNITED STATES,AVUV,2026-04-01,,,,,,,,,,,,,
ORION SA COMMON STOCK,OEC,COMMON STOCK,L72967109,LU1092234845,BP8FKJ0,2201868.0,14312142.0,0.06,0,,MATERIALS,UNITED STATES,AVUV,2026-04-01,,,,,,,,,,,,,
RUSH ENTERPRISES INC   CL B COMMON STOCK USD.01,RUSHB,COMMON STOCK,781846308,US7818463082,2966865,221982.0,14284541.7,0.06,0,,INDUSTRIALS,UNITED STATES,AVUV,2026-04-01,,,,,,,,,,,,,
FIVE STAR BANCORP COMMON STOCK,FSBC,COMMON STOCK,33830T103,US33830T1034,BP2C8W6,378536.0,14278377.92,0.06,0,,FINANCIALS,UNITED STATES,AVUV,2026-04-01,,,,,,,,,,,,,
CNB FINANCIAL CORP/PA COMMON STOCK,CCNE,COMMON STOCK,126128107,US1261281075,2619705,492670.0,14267723.2,0.06,0,,FINANCIALS,UNITED STATES,AVUV,2026-04-01,,,,,,,,,,,,,
TELADOC HEALTH INC COMMON STOCK USD.001,TDOC,COMMON STOCK,87918A105,US87918A1051,BYQRFY1,2611533.0,14232854.85,0.06,0,,HEALTH CARE,UNITED STATES,AVUV,2026-04-01,,,,,,,,,,,,,
SOUTH PLAINS FINANCIAL INC COMMON STOCK USD1.0,SPFI,COMMON STOCK,83946P107,US83946P1075,BGV1W52,336865.0,14114643.5,0.06,0,,FINANCIALS,UNITED STATES,AVUV,2026-04-01,,,,,,,,,,,,,
PREFORMED LINE PRODUCTS CO COMMON STOCK USD2.0,PLPC,COMMON STOCK,740444104,US7404441047,2798466,52039.0,14078631.06,0.06,0,,INDUSTRIALS,UNITED STATES,AVUV,2026-04-01,,,,,,,,,,,,,
NAVIENT CORP COMMON STOCK USD.01,NAVI,COMMON STOCK,63938C108,US63938C1080,BLP5GX1,1720917.0,14077101.06,0.06,0,,FINANCIALS,UNITED STATES,AVUV,2026-04-01,,,,,,,,,,,,,
F+G ANNUITIES + LIFE INC COMMON STOCK USD.001,FG,COMMON STOCK,30190A104,US30190A1043,BM9XCN0,551145.0,13954991.4,0.06,0,,FINANCIALS,UNITED STATES,AVUV,2026-04-01,,,,,,,,,,,,,
ERMENEGILDO ZEGNA NV COMMON STOCK,ZGN,COMMON STOCK,N30577105,NL0015000PB5,BLCY7G1,1315375.0,13706207.5,0.06,0,,CONSUMER DISCRETIONARY,UNITED STATES,AVUV,2026-04-01,,,,,,,,,,,,,
HUB GROUP INC CL A COMMON STOCK USD.01,HUBG,COMMON STOCK,443320106,US4433201062,2407632,379972.0,13694190.88,0.06,0,,INDUSTRIALS,UNITED STATES,AVUV,2026-04-01,,,,,,,,,,,,,
VOYA FINANCIAL INC COMMON STOCK USD.01,VOYA,COMMON STOCK,929089100,US9290891004,BKWQ2N2,199735.0,13645895.2,0.06,0,,FINANCIALS,UNITED STATES,AVUV,2026-04-01,,,,,,,,,,,,,
ASBURY AUTOMOTIVE GROUP COMMON STOCK USD.01,ABG,COMMON STOCK,043436104,US0434361046,2855855,69070.0,13496968.7,0.06,0,,CONSUMER DISCRETIONARY,UNITED STATES,AVUV,2026-04-01,,,,,,,,,,,,,
CABLE ONE INC COMMON STOCK USD.01,CABO,COMMON STOCK,12685J105,US12685J1051,BZ07DS4,147651.0,13467247.71,0.06,0,,COMMUNICATION SERVICES,UNITED STATES,AVUV,2026-04-01,,,,,,,,,,,,,
VICTORY CAPITAL HOLDING   A COMMON STOCK USD.01,VCTR,COMMON STOCK,92645B103,US92645B1035,BFYVKR0,198168.0,12976040.64,0.06,0,,FINANCIALS,UNITED STATES,AVUV,2026-04-01,,,,,,,,,,,,,
CIVEO CORP COMMON STOCK USD.01,CVEO,COMMON STOCK,17878Y207,CA17878Y2078,BN0TDP3,489365.0,12948597.9,0.06,0,,INDUSTRIALS,UNITED STATES,AVUV,2026-04-01,,,,,,,,,,,,,
PACIRA BIOSCIENCES INC COMMON STOCK USD.001,PCRX,COMMON STOCK,695127100,US6951271005,B3X26D8,569157.0,12862948.2,0.05,0,,HEALTH CARE,UNITED STATES,AVUV,2026-04-01,,,,,,,,,,,,,
NU SKIN ENTERPRISES INC   A COMMON STOCK USD.001,NUS,COMMON STOCK,67018T105,US67018T1051,2616870,1747256.0,12720023.68,0.05,0,,CONSUMER STAPLES,UNITED STATES,AVUV,2026-04-01,,,,,,,,,,,,,
MALIBU BOATS INC   A COMMON STOCK USD.01,MBUU,COMMON STOCK,56117J100,US56117J1007,BJ38KJ2,488573.0,12663812.16,0.05,0,,CONSUMER DISCRETIONARY,UNITED STATES,AVUV,2026-04-01,,,,,,,,,,,,,
GRAN TIERRA ENERGY INC COMMON STOCK USD.001,GTE,COMMON STOCK,38500T200,US38500T2006,BQ84Y47,1385342.0,12426517.74,0.05,0,,ENERGY,UNITED STATES,AVUV,2026-04-01,,,,,,,,,,,,,
LEGGETT + PLATT INC COMMON STOCK USD.01,LEG,COMMON STOCK,524660107,US5246601075,2510682,1256388.0,12413113.44,0.05,0,,CONSUMER DISCRETIONARY,UNITED STATES,AVUV,2026-04-01,,,,,,,,,,,,,
SMARTFINANCIAL INC COMMON STOCK USD1.0,SMBK,COMMON STOCK,83190L208,US83190L2088,BYVYKX1,314122.0,12275887.76,0.05,0,,FINANCIALS,UNITED STATES,AVUV,2026-04-01,,,,,,,,,,,,,
NATURAL GROCERS BY VITAMIN C COMMON STOCK USD.001,NGVC,COMMON STOCK,63888U108,US63888U1088,B82C9Z7,474322.0,12261223.7,0.05,0,,CONSUMER STAPLES,UNITED STATES,AVUV,2026-04-01,,,,,,,,,,,,,
INGRAM MICRO HOLDING CORP COMMON STOCK USD.01,INGM,COMMON STOCK,457152106,US4571521065,BS5YN47,519950.0,12120034.5,0.05,0,,INFORMATION TECHNOLOGY,UNITED STATES,AVUV,2026-04-01,,,,,,,,,,,,,
CARS.COM INC COMMON STOCK USD.01,CARS,COMMON STOCK,14575E105,US14575E1055,BYXHTC0,1488577.0,12087245.24,0.05,0,,COMMUNICATION SERVICES,UNITED STATES,AVUV,2026-04-01,,,,,,,,,,,,,
INNOVEX INTERNATIONAL INC COMMON STOCK USD.01,INVX,COMMON STOCK,457651107,US4576511079,BSPRSL8,494709.0,12065952.51,0.05,0,,ENERGY,UNITED STATES,AVUV,2026-04-01,,,,,,,,,,,,,
RIGEL PHARMACEUTICALS INC COMMON STOCK USD.001,RIGL,COMMON STOCK,766559702,US7665597024,BQD3J33,445360.0,12042534.4,0.05,0,,HEALTH CARE,UNITED STATES,AVUV,2026-04-01,,,,,,,,,,,,,
INTREPID POTASH INC COMMON STOCK USD.001,IPI,COMMON STOCK,46121Y201,US46121Y2019,BMDNMT2,281248.0,12028976.96,0.05,0,,MATERIALS,UNITED STATES,AVUV,2026-04-01,,,,,,,,,,,,,
ZIONS BANCORP NA COMMON STOCK USD.001,ZION,COMMON STOCK,989701107,US9897011071,2989828,206439.0,11895015.18,0.05,0,,FINANCIALS,UNITED STATES,AVUV,2026-04-01,,,,,,,,,,,,,
NATURES SUNSHINE PRODS INC COMMON STOCK,NATR,COMMON STOCK,639027101,US6390271012,2627816,488222.0,11712445.78,0.05,0,,CONSUMER STAPLES,UNITED STATES,AVUV,2026-04-01,,,,,,,,,,,,,
LUXFER HOLDINGS PLC COMMON STOCK USD.5,LXFR,COMMON STOCK,G5698W116,GB00BNK03D49,BF5GRT5,950829.0,11581097.22,0.05,0,,INDUSTRIALS,UNITED STATES,AVUV,2026-04-01,,,,,,,,,,,,,
HYSTER YALE INC COMMON STOCK USD.01,HY,COMMON STOCK,449172105,US4491721050,B7LG306,351155.0,11416049.05,0.05,0,,INDUSTRIALS,UNITED STATES,AVUV,2026-04-01,,,,,,,,,,,,,
ACCEL ENTERTAINMENT INC COMMON STOCK USD.0001,ACEL,COMMON STOCK,00436Q106,US00436Q1067,BK7FYL6,1038611.0,11331246.01,0.05,0,,CONSUMER DISCRETIONARY,UNITED STATES,AVUV,2026-04-01,,,,,,,,,,,,,
GRAPHIC PACKAGING HOLDING CO COMMON STOCK USD.01,GPK,COMMON STOCK,388689101,US3886891015,B2Q8249,1131106.0,11243193.64,0.05,0,,MATERIALS,UNITED STATES,AVUV,2026-04-01,,,,,,,,,,,,,
ATN INTERNATIONAL INC COMMON STOCK USD.01,ATNI,COMMON STOCK,00215F107,US00215F1075,BDC84D3,412977.0,11241233.94,0.05,0,,COMMUNICATION SERVICES,UNITED STATES,AVUV,2026-04-01,,,,,,,,,,,,,
STURM RUGER + CO INC COMMON STOCK USD1.0,RGR,COMMON STOCK,864159108,US8641591081,2856289,277572.0,11127861.48,0.05,0,,CONSUMER DISCRETIONARY,UNITED STATES,AVUV,2026-04-01,,,,,,,,,,,,,
HOVNANIAN ENTERPRISES A COMMON STOCK USD.01,HOV,COMMON STOCK,442487401,US4424874018,BJ5KPZ7,100154.0,11108080.14,0.05,0,,CONSUMER DISCRETIONARY,UNITED STATES,AVUV,2026-04-01,,,,,,,,,,,,,
THIRD COAST BANCSHARES INC COMMON STOCK USD1.0,TCBX,COMMON STOCK,88422P109,US88422P1093,BL55Q42,292371.0,11060394.93,0.05,0,,FINANCIALS,UNITED STATES,AVUV,2026-04-01,,,,,,,,,,,,,
STELLAR BANCORP INC COMMON STOCK USD.01,STEL,COMMON STOCK,858927106,US8589271068,BQBCZY5,298943.0,10944303.23,0.05,0,,FINANCIALS,UNITED STATES,AVUV,2026-04-01,,,,,,,,,,,,,
CALERES INC COMMON STOCK USD.01,CAL,COMMON STOCK,129500104,US1295001044,BWX4MD9,1032616.0,10883772.64,0.05,0,,CONSUMER DISCRETIONARY,UNITED STATES,AVUV,2026-04-01,,,,,,,,,,,,,
PUMA BIOTECHNOLOGY INC COMMON STOCK USD.0001,PBYI,COMMON STOCK,74587V107,US74587V1070,B7F2TY6,1697756.0,10848660.84,0.05,0,,HEALTH CARE,UNITED STATES,AVUV,2026-04-01,,,,,,,,,,,,,
MIDLAND STATES BANCORP INC COMMON STOCK USD.01,MSBI,COMMON STOCK,597742105,US5977421057,B6VRG58,485956.0,10841678.36,0.05,0,,FINANCIALS,UNITED STATES,AVUV,2026-04-01,,,,,,,,,,,,,
PEAPACK GLADSTONE FINL CORP COMMON STOCK,PGC,COMMON STOCK,704699107,US7046991078,2307732,307686.0,10833624.06,0.05,0,,FINANCIALS,UNITED STATES,AVUV,2026-04-01,,,,,,,,,,,,,
EVERUS CONSTRUCTION GROUP COMMON STOCK,ECG,COMMON STOCK,300426103,US3004261034,BSVLTM2,91391.0,10789621.46,0.05,0,,INDUSTRIALS,UNITED STATES,AVUV,2026-04-01,,,,,,,,,,,,,
SONIC AUTOMOTIVE INC CLASS A COMMON STOCK USD.01,SAH,COMMON STOCK,83545G102,US83545G1022,2125246,156289.0,10716736.73,0.05,0,,CONSUMER DISCRETIONARY,UNITED STATES,AVUV,2026-04-01,,,,,,,,,,,,,
CARTER BANKSHARES INC COMMON STOCK USD1.0,CARE,COMMON STOCK,146103106,US1461031064,BMWKK45,457708.0,10673750.56,0.05,0,,FINANCIALS,UNITED STATES,AVUV,2026-04-01,,,,,,,,,,,,,
HILLTOP HOLDINGS INC COMMON STOCK USD.01,HTH,COMMON STOCK,432748101,US4327481010,2365428,297329.0,10650324.78,0.05,0,,FINANCIALS,UNITED STATES,AVUV,2026-04-01,,,,,,,,,,,,,
COLLEGIUM PHARMACEUTICAL INC COMMON STOCK USD.001,COLL,COMMON STOCK,19459J104,US19459J1043,BX7RSN3,320918.0,10612758.26,0.05,0,,HEALTH CARE,UNITED STATES,AVUV,2026-04-01,,,,,,,,,,,,,
FIRST BUSINESS FINANCIAL SER COMMON STOCK USD.01,FBIZ,COMMON STOCK,319390100,US3193901002,B0M02F6,196774.0,10612021.82,0.05,0,,FINANCIALS,UNITED STATES,AVUV,2026-04-01,,,,,,,,,,,,,
NATURAL GAS SERVICES GROUP COMMON STOCK USD.01,NGS,COMMON STOCK,63886Q109,US63886Q1094,2986153,280165.0,10573427.1,0.05,0,,ENERGY,UNITED STATES,AVUV,2026-04-01,,,,,,,,,,,,,
CENTRAL GARDEN + PET CO COMMON STOCK USD.01,CENT,COMMON STOCK,153527106,US1535271068,2183868,282402.0,10383921.54,0.04,0,,CONSUMER STAPLES,UNITED STATES,AVUV,2026-04-01,,,,,,,,,,,,,
HERITAGE COMMERCE CORP COMMON STOCK,HTBK,COMMON STOCK,426927109,US4269271098,2503916,825983.0,10308267.84,0.04,0,,FINANCIALS,UNITED STATES,AVUV,2026-04-01,,,,,,,,,,,,,
IBEX LTD COMMON STOCK USD.0001,IBEX,COMMON STOCK,G4690M101,BMG4690M1010,BLF81K2,381579.0,10233948.78,0.04,0,,INDUSTRIALS,UNITED STATES,AVUV,2026-04-01,,,,,,,,,,,,,
DIAMOND HILL INVESTMENT GRP COMMON STOCK,DHIL,COMMON STOCK,25264R207,US25264R2076,2801137,58052.0,9990749.2,0.04,0,,FINANCIALS,UNITED STATES,AVUV,2026-04-01,,,,,,,,,,,,,
TACTILE SYSTEMS TECHNOLOGY I COMMON STOCK USD.001,TCMD,COMMON STOCK,87357P100,US87357P1003,BZB1XF2,378266.0,9884090.58,0.04,0,,HEALTH CARE,UNITED STATES,AVUV,2026-04-01,,,,,,,,,,,,,
RANGER ENERGY SERVICES CL A COMMON STOCK,RNGR,COMMON STOCK,75282U104,US75282U1043,BF8G134,576166.0,9875485.24,0.04,0,,ENERGY,UNITED STATES,AVUV,2026-04-01,,,,,,,,,,,,,
UNITY BANCORP INC COMMON STOCK,UNTY,COMMON STOCK,913290102,US9132901029,2083968,189421.0,9817690.43,0.04,0,,FINANCIALS,UNITED STATES,AVUV,2026-04-01,,,,,,,,,,,,,
HAVERTY FURNITURE COMMON STOCK USD1.0,HVT,COMMON STOCK,419596101,US4195961010,2414245,460061.0,9744091.98,0.04,0,,CONSUMER DISCRETIONARY,UNITED STATES,AVUV,2026-04-01,,,,,,,,,,,,,
WORLD ACCEPTANCE CORP COMMON STOCK,WRLD,COMMON STOCK,981419104,US9814191048,2981181,71844.0,9701813.76,0.04,0,,FINANCIALS,UNITED STATES,AVUV,2026-04-01,,,,,,,,,,,,,
CAPITOL FEDERAL FINANCIAL IN COMMON STOCK USD.01,CFFN,COMMON STOCK,14057J101,US14057J1016,B3KWJV0,1358251.0,9684329.63,0.04,0,,FINANCIALS,UNITED STATES,AVUV,2026-04-01,,,,,,,,,,,,,
NORTHFIELD BANCORP INC COMMON STOCK USD.01,NFBK,COMMON STOCK,66611T108,US66611T1088,B8NB2R6,711916.0,9639342.64,0.04,0,,FINANCIALS,UNITED STATES,AVUV,2026-04-01,,,,,,,,,,,,,
ARROW FINANCIAL CORP COMMON STOCK USD1.0,AROW,COMMON STOCK,042744102,US0427441029,2051374,286885.0,9630729.45,0.04,0,,FINANCIALS,UNITED STATES,AVUV,2026-04-01,,,,,,,,,,,,,
HOME BANCORP INC COMMON STOCK USD.01,HBCP,COMMON STOCK,43689E107,US43689E1073,B39XGV3,156234.0,9464655.72,0.04,0,,FINANCIALS,UNITED STATES,AVUV,2026-04-01,,,,,,,,,,,,,
WABASH NATIONAL CORP COMMON STOCK USD.01,WNC,COMMON STOCK,929566107,US9295661071,2932048,1090101.0,9396670.62,0.04,0,,INDUSTRIALS,UNITED STATES,AVUV,2026-04-01,,,,,,,,,,,,,
MATRIX SERVICE CO COMMON STOCK USD.01,MTRX,COMMON STOCK,576853105,US5768531056,2572068,816092.0,9368736.16,0.04,0,,INDUSTRIALS,UNITED STATES,AVUV,2026-04-01,,,,,,,,,,,,,
TARGET HOSPITALITY CORP COMMON STOCK USD.0001,TH,COMMON STOCK,87615L107,US87615L1070,BJMYWL7,991965.0,9205435.2,0.04,0,,CONSUMER DISCRETIONARY,UNITED STATES,AVUV,2026-04-01,,,,,,,,,,,,,
ACCO BRANDS CORP COMMON STOCK USD.01,ACCO,COMMON STOCK,00081T108,US00081T1088,B0G7SZ5,3067428.0,9202284.0,0.04,0,,INDUSTRIALS,UNITED STATES,AVUV,2026-04-01,,,,,,,,,,,,,
AMERESCO INC CL A COMMON STOCK USD.0001,AMRC,COMMON STOCK,02361E108,US02361E1082,B3SWPT2,356857.0,9099853.5,0.04,0,,INDUSTRIALS,UNITED STATES,AVUV,2026-04-01,,,,,,,,,,,,,
BRIDGEWATER BANCSHARES INC COMMON STOCK USD.001,BWB,COMMON STOCK,108621103,US1086211034,BFMZC67,513366.0,9086578.2,0.04,0,,FINANCIALS,UNITED STATES,AVUV,2026-04-01,,,,,,,,,,,,,
WHITE MOUNTAINS INSURANCE GP COMMON STOCK USD1.0,WTM,COMMON STOCK,G9618E107,BMG9618E1075,2339252,4130.0,9073444.8,0.04,0,,FINANCIALS,UNITED STATES,AVUV,2026-04-01,,,,,,,,,,,,,
GOLDEN ENTERTAINMENT INC COMMON STOCK USD.01,GDEN,COMMON STOCK,381013101,US3810131017,BYNH8R8,339719.0,9067100.11,0.04,0,,CONSUMER DISCRETIONARY,UNITED STATES,AVUV,2026-04-01,,,,,,,,,,,,,
NATIONAL BANK HOLD CL A COMMON STOCK,NBHC,COMMON STOCK,633707104,US6337071046,B888DV3,228869.0,8962510.04,0.04,0,,FINANCIALS,UNITED STATES,AVUV,2026-04-01,,,,,,,,,,,,,
STRATTEC SECURITY CORP COMMON STOCK USD.01,STRT,COMMON STOCK,863111100,US8631111007,2848714,114343.0,8957630.62,0.04,0,,CONSUMER DISCRETIONARY,UNITED STATES,AVUV,2026-04-01,,,,,,,,,,,,,
NORTHWEST BANCSHARES INC COMMON STOCK USD.01,NWBI,COMMON STOCK,667340103,US6673401039,B523Z73,696213.0,8834942.97,0.04,0,,FINANCIALS,UNITED STATES,AVUV,2026-04-01,,,,,,,,,,,,,
TITAN MACHINERY INC COMMON STOCK USD.00001,TITN,COMMON STOCK,88830R101,US88830R1014,B29H3T5,525616.0,8788299.52,0.04,0,,INDUSTRIALS,UNITED STATES,AVUV,2026-04-01,,,,,,,,,,,,,
ROCKY BRANDS INC COMMON STOCK,RCKY,COMMON STOCK,774515100,US7745151008,2746915,226846.0,8783477.12,0.04,0,,CONSUMER DISCRETIONARY,UNITED STATES,AVUV,2026-04-01,,,,,,,,,,,,,
SHOE CARNIVAL INC COMMON STOCK USD.01,SCVL,COMMON STOCK,824889109,US8248891090,2805474,562862.0,8775018.58,0.04,0,,CONSUMER DISCRETIONARY,UNITED STATES,AVUV,2026-04-01,,,,,,,,,,,,,
EAGLE BANCORP INC COMMON STOCK USD.01,EGBN,COMMON STOCK,268948106,US2689481065,2648055,348061.0,8656277.07,0.04,0,,FINANCIALS,UNITED STATES,AVUV,2026-04-01,,,,,,,,,,,,,
WORTHINGTON STEEL INC COMMON STOCK USD.0001,WS,COMMON STOCK,982104101,US9821041012,BS70KN1,284694.0,8640462.9,0.04,0,,MATERIALS,UNITED STATES,AVUV,2026-04-01,,,,,,,,,,,,,
SIERRA BANCORP COMMON STOCK,BSRR,COMMON STOCK,82620P102,US82620P1021,2586315,253785.0,8608387.2,0.04,0,,FINANCIALS,UNITED STATES,AVUV,2026-04-01,,,,,,,,,,,,,
INTERNATIONAL MONEY EXPRESS COMMON STOCK USD.0001,IMXI,COMMON STOCK,46005L101,US46005L1017,BG216W6,543169.0,8582070.2,0.04,0,,FINANCIALS,UNITED STATES,AVUV,2026-04-01,,,,,,,,,,,,,
RBB BANCORP COMMON STOCK,RBB,COMMON STOCK,74930B105,US74930B1052,B8BBRW8,396540.0,8474059.8,0.04,0,,FINANCIALS,UNITED STATES,AVUV,2026-04-01,,,,,,,,,,,,,
BLUELINX HOLDINGS INC COMMON STOCK USD.01,BXC,COMMON STOCK,09624H208,US09624H2085,BYQLZ65,155317.0,8415075.06,0.04,0,,INDUSTRIALS,UNITED STATES,AVUV,2026-04-01,,,,,,,,,,,,,
AMC NETWORKS INC A COMMON STOCK,AMCX,COMMON STOCK,00164V103,US00164V1035,B4MG4Z6,1237422.0,8402095.38,0.04,0,,COMMUNICATION SERVICES,UNITED STATES,AVUV,2026-04-01,,,,,,,,,,,,,
TREX COMPANY INC COMMON STOCK USD.01,TREX,COMMON STOCK,89531P105,US89531P1057,2483074,230108.0,8380533.36,0.04,0,,INDUSTRIALS,UNITED STATES,AVUV,2026-04-01,,,,,,,,,,,,,
AMERANT BANCORP INC COMMON STOCK USD.1,AMTB,COMMON STOCK,023576101,US0235761014,BKDSMB5,375651.0,8279348.04,0.04,0,,FINANCIALS,UNITED STATES,AVUV,2026-04-01,,,,,,,,,,,,,
GRAHAM CORP COMMON STOCK USD.1,GHM,COMMON STOCK,384556106,US3845561063,2380904,103889.0,8198919.88,0.03,0,,INDUSTRIALS,UNITED STATES,AVUV,2026-04-01,,,,,,,,,,,,,
CAMDEN NATIONAL CORP COMMON STOCK,CAC,COMMON STOCK,133034108,US1330341082,2116659,172508.0,8185504.6,0.03,0,,FINANCIALS,UNITED STATES,AVUV,2026-04-01,,,,,,,,,,,,,
JOHN B. SANFILIPPO + SON INC COMMON STOCK USD.01,JBSS,COMMON STOCK,800422107,US8004221078,2772998,103042.0,8174321.86,0.03,0,,CONSUMER STAPLES,UNITED STATES,AVUV,2026-04-01,,,,,,,,,,,,,
MOVADO GROUP INC COMMON STOCK USD.01,MOV,COMMON STOCK,624580106,US6245801062,2643168,331286.0,8090004.12,0.03,0,,CONSUMER DISCRETIONARY,UNITED STATES,AVUV,2026-04-01,,,,,,,,,,,,,
ATLANTICUS HOLDINGS CORP COMMON STOCK,ATLC,COMMON STOCK,04914Y102,US04914Y1029,B9B9F36,152634.0,8008705.98,0.03,0,,FINANCIALS,UNITED STATES,AVUV,2026-04-01,,,,,,,,,,,,,
QUANEX BUILDING PRODUCTS COMMON STOCK USD.01,NX,COMMON STOCK,747619104,US7476191041,B2QXCJ9,442681.0,7954977.57,0.03,0,,INDUSTRIALS,UNITED STATES,AVUV,2026-04-01,,,,,,,,,,,,,
CROSS COUNTRY HEALTHCARE INC COMMON STOCK USD.0001,CCRN,COMMON STOCK,227483104,US2274831047,2809056,838369.0,7880668.6,0.03,0,,HEALTH CARE,UNITED STATES,AVUV,2026-04-01,,,,,,,,,,,,,
ANI PHARMACEUTICALS INC COMMON STOCK USD.0001,ANIP,COMMON STOCK,00182C103,US00182C1036,BCDWBX6,102147.0,7855104.3,0.03,0,,HEALTH CARE,UNITED STATES,AVUV,2026-04-01,,,,,,,,,,,,,
MID PENN BANCORP INC COMMON STOCK USD1.0,MPB,COMMON STOCK,59540G107,US59540G1076,2618348,241550.0,7768248.0,0.03,0,,FINANCIALS,UNITED STATES,AVUV,2026-04-01,,,,,,,,,,,,,
DESIGNER BRANDS INC CLASS A COMMON STOCK,DBI,COMMON STOCK,250565108,US2505651081,BJ9J282,1362236.0,7751122.84,0.03,0,,CONSUMER DISCRETIONARY,UNITED STATES,AVUV,2026-04-01,,,,,,,,,,,,,
CENTRUS ENERGY CORP CLASS A COMMON STOCK USD.1,LEU,COMMON STOCK,15643U104,US15643U1043,BQXKDH6,44491.0,7723192.69,0.03,0,,ENERGY,UNITED STATES,AVUV,2026-04-01,,,,,,,,,,,,,
STANDARD MOTOR PRODS COMMON STOCK USD2.0,SMP,COMMON STOCK,853666105,US8536661056,2838306,221409.0,7691748.66,0.03,0,,CONSUMER DISCRETIONARY,UNITED STATES,AVUV,2026-04-01,,,,,,,,,,,,,
NATIONAL HEALTHCARE CORP COMMON STOCK USD.01,NHC,COMMON STOCK,635906100,US6359061008,2139731,48047.0,7673105.9,0.03,0,,HEALTH CARE,UNITED STATES,AVUV,2026-04-01,,,,,,,,,,,,,
HUDSON TECHNOLOGIES INC COMMON STOCK USD.01,HDSN,COMMON STOCK,444144109,US4441441098,2730532,1298711.0,7636420.68,0.03,0,,INDUSTRIALS,UNITED STATES,AVUV,2026-04-01,,,,,,,,,,,,,
MOHAWK INDUSTRIES INC COMMON STOCK USD.01,MHK,COMMON STOCK,608190104,US6081901042,2598699,77197.0,7600816.62,0.03,0,,CONSUMER DISCRETIONARY,UNITED STATES,AVUV,2026-04-01,,,,,,,,,,,,,
COLONY BANKCORP COMMON STOCK USD1.0,CBAN,COMMON STOCK,19623P101,US19623P1012,2492917,373771.0,7464206.87,0.03,0,,FINANCIALS,UNITED STATES,AVUV,2026-04-01,,,,,,,,,,,,,
SAFE BULKERS INC COMMON STOCK USD.001,SB,COMMON STOCK,Y7388L103,MHY7388L1039,B39GTS0,1179039.0,7463316.87,0.03,0,,INDUSTRIALS,UNITED STATES,AVUV,2026-04-01,,,,,,,,,,,,,
SOUTHSIDE BANCSHARES INC COMMON STOCK USD1.25,SBSI,COMMON STOCK,84470P109,US84470P1093,2485876,238241.0,7406912.69,0.03,0,,FINANCIALS,UNITED STATES,AVUV,2026-04-01,,,,,,,,,,,,,
AMPLIFY ENERGY CORP COMMON STOCK USD.01,AMPY,COMMON STOCK,03212B103,US03212B1035,BK598S5,1183471.0,7384859.04,0.03,0,,ENERGY,UNITED STATES,AVUV,2026-04-01,,,,,,,,,,,,,
HBT FINANCIAL INC/DE COMMON STOCK USD.01,HBT,COMMON STOCK,404111106,US4041111067,BJBZRJ4,275830.0,7370177.6,0.03,0,,FINANCIALS,UNITED STATES,AVUV,2026-04-01,,,,,,,,,,,,,
UPWORK INC COMMON STOCK USD.0001,UPWK,COMMON STOCK,91688F104,US91688F1049,BGRFWV4,671944.0,7364506.24,0.03,0,,INDUSTRIALS,UNITED STATES,AVUV,2026-04-01,,,,,,,,,,,,,
PRA GROUP INC COMMON STOCK USD.01,PRAA,COMMON STOCK,69354N106,US69354N1063,BSHZ3P9,420531.0,7359292.5,0.03,0,,FINANCIALS,UNITED STATES,AVUV,2026-04-01,,,,,,,,,,,,,
ARHAUS INC COMMON STOCK USD.001,ARHS,COMMON STOCK,04035M102,US04035M1027,BNV08M7,1071526.0,7264946.28,0.03,0,,CONSUMER DISCRETIONARY,UNITED STATES,AVUV,2026-04-01,,,,,,,,,,,,,
ACNB CORP COMMON STOCK USD2.5,ACNB,COMMON STOCK,000868109,US0008681092,2412012,151133.0,7234736.71,0.03,0,,FINANCIALS,UNITED STATES,AVUV,2026-04-01,,,,,,,,,,,,,
MASTERCRAFT BOAT HOLDINGS IN COMMON STOCK USD.01,MCFT,COMMON STOCK,57637H103,US57637H1032,BDTYR13,340117.0,6975799.67,0.03,0,,CONSUMER DISCRETIONARY,UNITED STATES,AVUV,2026-04-01,,,,,,,,,,,,,
GREIF INC CL B COMMON STOCK,GEF.B,COMMON STOCK,397624206,US3976242061,2394080,79369.0,6947962.26,0.03,0,,MATERIALS,UNITED STATES,AVUV,2026-04-01,,,,,,,,,,,,,
PENGUIN SOLUTIONS INC COMMON STOCK USD.01,PENG,COMMON STOCK,706915105,US7069151055,BRJHSZ1,394392.0,6941299.2,0.03,0,,INFORMATION TECHNOLOGY,UNITED STATES,AVUV,2026-04-01,,,,,,,,,,,,,
ACADIA HEALTHCARE CO INC COMMON STOCK USD.01,ACHC,COMMON STOCK,00404A109,US00404A1097,B65VZ37,295636.0,6914926.04,0.03,0,,HEALTH CARE,UNITED STATES,AVUV,2026-04-01,,,,,,,,,,,,,
SOUTHERN FIRST BANCSHARES COMMON STOCK USD.01,SFST,COMMON STOCK,842873101,US8428731017,2508030,126844.0,6912998.0,0.03,0,,FINANCIALS,UNITED STATES,AVUV,2026-04-01,,,,,,,,,,,,,
AMERICAN COASTAL INSURANCE C COMMON STOCK USD.0001,ACIC,COMMON STOCK,910710102,US9107101027,B292PW7,613157.0,6898016.25,0.03,0,,FINANCIALS,UNITED STATES,AVUV,2026-04-01,,,,,,,,,,,,,
HARMONIC INC COMMON STOCK USD.001,HLIT,COMMON STOCK,413160102,US4131601027,2510659,758955.0,6815415.9,0.03,0,,INFORMATION TECHNOLOGY,UNITED STATES,AVUV,2026-04-01,,,,,,,,,,,,,
WISDOMTREE INC COMMON STOCK USD.01,WT,COMMON STOCK,97717P104,US97717P1049,2476513,467330.0,6804324.8,0.03,0,,FINANCIALS,UNITED STATES,AVUV,2026-04-01,,,,,,,,,,,,,
FIRST BANK/HAMILTON NJ COMMON STOCK USD.01,FRBA,COMMON STOCK,31931U102,US31931U1025,B1VQ1H7,413026.0,6608416.0,0.03,0,,FINANCIALS,UNITED STATES,AVUV,2026-04-01,,,,,,,,,,,,,
ANTERO MIDSTREAM CORP COMMON STOCK,AM,COMMON STOCK,03676B102,US03676B1026,BJBT0Q4,288194.0,6570823.2,0.03,0,,ENERGY,UNITED STATES,AVUV,2026-04-01,,,,,,,,,,,,,
PROASSURANCE CORP COMMON STOCK USD.01,PRA,COMMON STOCK,74267C106,US74267C1062,2612737,265549.0,6564371.28,0.03,0,,FINANCIALS,UNITED STATES,AVUV,2026-04-01,,,,,,,,,,,,,
KELLY SERVICES INC  A COMMON STOCK USD1.0,KELYA,COMMON STOCK,488152208,US4881522084,2487117,741571.0,6562903.35,0.03,0,,INDUSTRIALS,UNITED STATES,AVUV,2026-04-01,,,,,,,,,,,,,
BKV CORPORATION COMMON STOCK USD.01,BKV,COMMON STOCK,05603J108,US05603J1088,BSRK6R7,230088.0,6562109.76,0.03,0,,ENERGY,UNITED STATES,AVUV,2026-04-01,,,,,,,,,,,,,
BAR HARBOR BANKSHARES COMMON STOCK USD2.0,BHB,COMMON STOCK,066849100,US0668491006,2618111,201231.0,6529945.95,0.03,0,,FINANCIALS,UNITED STATES,AVUV,2026-04-01,,,,,,,,,,,,,
RED RIVER BANCSHARES INC COMMON STOCK,RRBI,COMMON STOCK,75686R202,US75686R2022,BJRFD78,72116.0,6522171.04,0.03,0,,FINANCIALS,UNITED STATES,AVUV,2026-04-01,,,,,,,,,,,,,
ONITY GROUP INC COMMON STOCK USD.01,ONIT,COMMON STOCK,675746606,US6757466064,BMDNMR0,164634.0,6465177.18,0.03,0,,FINANCIALS,UNITED STATES,AVUV,2026-04-01,,,,,,,,,,,,,
PC CONNECTION INC COMMON STOCK USD.01,CNXN,COMMON STOCK,69318J100,US69318J1007,2157175,108767.0,6358518.82,0.03,0,,INFORMATION TECHNOLOGY,UNITED STATES,AVUV,2026-04-01,,,,,,,,,,,,,
NORTHPOINTE BANCSHARES INC COMMON STOCK NPV,NPB,COMMON STOCK,66661N886,US66661N8864,BSNQ293,366112.0,6319093.12,0.03,0,,FINANCIALS,UNITED STATES,AVUV,2026-04-01,,,,,,,,,,,,,
FERROGLOBE PLC COMMON STOCK USD7.5,GSM,COMMON STOCK,G33856108,GB00BYW6GV68,BYW6GV6,1526164.0,6287795.68,0.03,0,,MATERIALS,UNITED STATES,AVUV,2026-04-01,,,,,,,,,,,,,
ORANGE COUNTY BANCORP INC COMMON STOCK USD.25,OBT,COMMON STOCK,68417L107,US68417L1070,B02VKG6,193993.0,6203896.14,0.03,0,,FINANCIALS,UNITED STATES,AVUV,2026-04-01,,,,,,,,,,,,,
COMMUNITY WEST BANCSHARES COMMON STOCK,CWBC,COMMON STOCK,203937107,US2039371073,BNK9G76,266144.0,6201155.2,0.03,0,,FINANCIALS,UNITED STATES,AVUV,2026-04-01,,,,,,,,,,,,,
TOWNE BANK COMMON STOCK USD1.667,TOWN,COMMON STOCK,89214P109,US89214P1093,B018PR4,184019.0,6195919.73,0.03,0,,FINANCIALS,UNITED STATES,AVUV,2026-04-01,,,,,,,,,,,,,
MOTORCAR PARTS OF AMERICA IN COMMON STOCK USD.01,MPAA,COMMON STOCK,620071100,US6200711009,2861993,555098.0,6139383.88,0.03,0,,CONSUMER DISCRETIONARY,UNITED STATES,AVUV,2026-04-01,,,,,,,,,,,,,
TITAN INTERNATIONAL INC COMMON STOCK,TWI,COMMON STOCK,88830M102,US88830M1027,2890265,886698.0,6127083.18,0.03,0,,INDUSTRIALS,UNITED STATES,AVUV,2026-04-01,,,,,,,,,,,,,
GREENLIGHT CAPITAL RE LTD A COMMON STOCK USD.01,GLRE,COMMON STOCK,G4095J109,KYG4095J1094,B1XRCZ3,354348.0,6126676.92,0.03,0,,FINANCIALS,UNITED STATES,AVUV,2026-04-01,,,,,,,,,,,,,
KARAT PACKAGING INC COMMON STOCK USD.001,KRT,COMMON STOCK,48563L101,US48563L1017,BKDZ6W5,217948.0,6085108.16,0.03,0,,INDUSTRIALS,UNITED STATES,AVUV,2026-04-01,,,,,,,,,,,,,
CRICUT INC   CLASS A COMMON STOCK USD.001,CRCT,COMMON STOCK,22658D100,US22658D1000,BMXDS27,1621715.0,6065214.1,0.03,0,,CONSUMER DISCRETIONARY,UNITED STATES,AVUV,2026-04-01,,,,,,,,,,,,,
SIGA TECHNOLOGIES INC COMMON STOCK USD.0001,SIGA,COMMON STOCK,826917106,US8269171067,2107437,1132186.0,6057195.1,0.03,0,,HEALTH CARE,UNITED STATES,AVUV,2026-04-01,,,,,,,,,,,,,
AXCELIS TECHNOLOGIES INC COMMON STOCK USD.001,ACLS,COMMON STOCK,054540208,US0545402085,BD420Q8,63868.0,5944833.44,0.03,0,,INFORMATION TECHNOLOGY,UNITED STATES,AVUV,2026-04-01,,,,,,,,,,,,,
HIGHPEAK ENERGY INC COMMON STOCK USD.0001,HPK,COMMON STOCK,43114Q105,US43114Q1058,BN0VNB5,842069.0,5810276.1,0.02,0,,ENERGY,UNITED STATES,AVUV,2026-04-01,,,,,,,,,,,,,
CALEDONIA MINING CORP PLC COMMON STOCK,CMCL,COMMON STOCK,G1757E113,JE00BF0XVB15,BF0XVC2,256898.0,5803325.82,0.02,0,,MATERIALS,UNITED STATES,AVUV,2026-04-01,,,,,,,,,,,,,
NAVIGATOR HOLDINGS LTD COMMON STOCK,NVGS,COMMON STOCK,Y62132108,MHY621321089,B7KN3P3,299887.0,5796815.71,0.02,0,,ENERGY,UNITED STATES,AVUV,2026-04-01,,,,,,,,,,,,,
CORE LABORATORIES INC COMMON STOCK USD.01,CLB,COMMON STOCK,21867A105,US21867A1051,BNKT9M2,342930.0,5757794.7,0.02,0,,ENERGY,UNITED STATES,AVUV,2026-04-01,,,,,,,,,,,,,
UNIVERSAL LOGISTICS HOLDINGS COMMON STOCK,ULH,COMMON STOCK,91388P105,US91388P1057,B066PX9,269705.0,5701563.7,0.02,0,,INDUSTRIALS,UNITED STATES,AVUV,2026-04-01,,,,,,,,,,,,,
CITY HOLDING CO COMMON STOCK USD2.5,CHCO,COMMON STOCK,177835105,US1778351056,2161778,47691.0,5700028.32,0.02,0,,FINANCIALS,UNITED STATES,AVUV,2026-04-01,,,,,,,,,,,,,
KFORCE INC COMMON STOCK USD.01,KFRC,COMMON STOCK,493732101,US4937321010,2746982,194008.0,5672793.92,0.02,0,,INDUSTRIALS,UNITED STATES,AVUV,2026-04-01,,,,,,,,,,,,,
EQUITY BANCSHARES INC   CL A COMMON STOCK USD.01,EQBK,COMMON STOCK,29460X109,US29460X1090,BYZG9Q9,126635.0,5623860.35,0.02,0,,FINANCIALS,UNITED STATES,AVUV,2026-04-01,,,,,,,,,,,,,
WEST BANCORPORATION COMMON STOCK,WTBA,COMMON STOCK,95123P106,US95123P1066,2408840,234516.0,5579135.64,0.02,0,,FINANCIALS,UNITED STATES,AVUV,2026-04-01,,,,,,,,,,,,,
DONEGAL GROUP INC CL A COMMON STOCK USD.01,DGICA,COMMON STOCK,257701201,US2577012014,2752730,324082.0,5567728.76,0.02,0,,FINANCIALS,UNITED STATES,AVUV,2026-04-01,,,,,,,,,,,,,
BK TECHNOLOGIES CORP COMMON STOCK USD.6,BKTI,COMMON STOCK,05587G203,US05587G2030,BM8NGX9,74449.0,5556128.87,0.02,0,,INFORMATION TECHNOLOGY,UNITED STATES,AVUV,2026-04-01,,,,,,,,,,,,,
INSTEEL INDUSTRIES INC COMMON STOCK,IIIN,COMMON STOCK,45774W108,US45774W1080,2325875,164827.0,5539835.47,0.02,0,,INDUSTRIALS,UNITED STATES,AVUV,2026-04-01,,,,,,,,,,,,,
ALARM.COM HOLDINGS INC COMMON STOCK,ALRM,COMMON STOCK,011642105,US0116421050,BYN7H26,127176.0,5492731.44,0.02,0,,INFORMATION TECHNOLOGY,UNITED STATES,AVUV,2026-04-01,,,,,,,,,,,,,
FLEXSTEEL INDS COMMON STOCK USD1.0,FLXS,COMMON STOCK,339382103,US3393821034,2342926,121630.0,5466052.2,0.02,0,,CONSUMER DISCRETIONARY,UNITED STATES,AVUV,2026-04-01,,,,,,,,,,,,,
ALERUS FINANCIAL CORP COMMON STOCK USD1.0,ALRS,COMMON STOCK,01446U103,US01446U1034,2679141,229498.0,5441397.58,0.02,0,,FINANCIALS,UNITED STATES,AVUV,2026-04-01,,,,,,,,,,,,,
ENCORE CAPITAL GROUP INC COMMON STOCK USD.01,ECPG,COMMON STOCK,292554102,US2925541029,2443078,75202.0,5273164.24,0.02,0,,FINANCIALS,UNITED STATES,AVUV,2026-04-01,,,,,,,,,,,,,
FIRST MERCHANTS CORP COMMON STOCK,FRME,COMMON STOCK,320817109,US3208171096,2342410,133710.0,5178588.3,0.02,0,,FINANCIALS,UNITED STATES,AVUV,2026-04-01,,,,,,,,,,,,,
BLOOMIN  BRANDS INC COMMON STOCK USD.01,BLMN,COMMON STOCK,094235108,US0942351083,B847RJ0,946980.0,5113692.0,0.02,0,,CONSUMER DISCRETIONARY,UNITED STATES,AVUV,2026-04-01,,,,,,,,,,,,,
MGP INGREDIENTS INC COMMON STOCK,MGPI,COMMON STOCK,55303J106,US55303J1060,B6ZJTH3,267964.0,4927857.96,0.02,0,,CONSUMER STAPLES,UNITED STATES,AVUV,2026-04-01,,,,,,,,,,,,,
LANDS  END INC COMMON STOCK USD.01,LE,COMMON STOCK,51509F105,US51509F1057,BKWQKM7,431741.0,4852768.84,0.02,0,,CONSUMER DISCRETIONARY,UNITED STATES,AVUV,2026-04-01,,,,,,,,,,,,,
PARK OHIO HOLDINGS CORP COMMON STOCK USD1.0,PKOH,COMMON STOCK,700666100,US7006661000,2671363,201637.0,4847353.48,0.02,0,,INDUSTRIALS,UNITED STATES,AVUV,2026-04-01,,,,,,,,,,,,,
CAPITAL BANCORP INC/MD COMMON STOCK USD.01,CBNK,COMMON STOCK,139737100,US1397371006,BGQT8S6,162858.0,4843396.92,0.02,0,,FINANCIALS,UNITED STATES,AVUV,2026-04-01,,,,,,,,,,,,,
FIRSTSUN CAPITAL BANCORP COMMON STOCK,FSUN,COMMON STOCK,33767U107,US33767U1079,BPQYJV4,131356.0,4789239.76,0.02,0,,FINANCIALS,UNITED STATES,AVUV,2026-04-01,,,,,,,,,,,,,
FRONTIER GROUP HOLDINGS INC COMMON STOCK USD.001,ULCC,COMMON STOCK,35909R108,US35909R1086,BFMKYK0,1335599.0,4714664.47,0.02,0,,INDUSTRIALS,UNITED STATES,AVUV,2026-04-01,,,,,,,,,,,,,
CALIFORNIA BANCORP COMMON STOCK USD.01,BCAL,COMMON STOCK,84252A106,US84252A1060,BLBCWZ0,265177.0,4698936.44,0.02,0,,FINANCIALS,UNITED STATES,AVUV,2026-04-01,,,,,,,,,,,,,
PEOPLES FINANCIAL SERVICES COMMON STOCK USD2.0,PFIS,COMMON STOCK,711040105,US7110401053,2956907,87716.0,4677894.28,0.02,0,,FINANCIALS,UNITED STATES,AVUV,2026-04-01,,,,,,,,,,,,,
LINCOLN NATIONAL CORP COMMON STOCK,LNC,COMMON STOCK,534187109,US5341871094,2516378,129970.0,4613935.0,0.02,0,,FINANCIALS,UNITED STATES,AVUV,2026-04-01,,,,,,,,,,,,,
VISHAY PRECISION GROUP COMMON STOCK,VPG,COMMON STOCK,92835K103,US92835K1034,B603LG3,105438.0,4578117.96,0.02,0,,INFORMATION TECHNOLOGY,UNITED STATES,AVUV,2026-04-01,,,,,,,,,,,,,
PROFRAC HOLDING CORP A COMMON STOCK USD.01,ACDC,COMMON STOCK,74319N100,US74319N1000,BPCJW03,731801.0,4537166.2,0.02,0,,ENERGY,UNITED STATES,AVUV,2026-04-01,,,,,,,,,,,,,
VELOCITY FINANCIAL INC COMMON STOCK,VEL,COMMON STOCK,92262D101,US92262D1019,BKFVZS0,249068.0,4505640.12,0.02,0,,FINANCIALS,UNITED STATES,AVUV,2026-04-01,,,,,,,,,,,,,
RCI HOSPITALITY HOLDINGS INC COMMON STOCK USD.01,RICK,COMMON STOCK,74934Q108,US74934Q1085,BQ0QT80,197482.0,4504564.42,0.02,0,,CONSUMER DISCRETIONARY,UNITED STATES,AVUV,2026-04-01,,,,,,,,,,,,,
BANKWELL FINANCIAL GROUP INC COMMON STOCK,BWFG,COMMON STOCK,06654A103,US06654A1034,BCRXSS9,92471.0,4486692.92,0.02,0,,FINANCIALS,UNITED STATES,AVUV,2026-04-01,,,,,,,,,,,,,
METHODE ELECTRONICS INC COMMON STOCK USD.5,MEI,COMMON STOCK,591520200,US5915202007,2583297,808346.0,4462069.92,0.02,0,,INFORMATION TECHNOLOGY,UNITED STATES,AVUV,2026-04-01,,,,,,,,,,,,,
SAFETY INSURANCE GROUP INC COMMON STOCK USD.01,SAFT,COMMON STOCK,78648T100,US78648T1007,2958538,61220.0,4447020.8,0.02,0,,FINANCIALS,UNITED STATES,AVUV,2026-04-01,,,,,,,,,,,,,
SMITH + WESSON BRANDS INC COMMON STOCK USD.001,SWBI,COMMON STOCK,831754106,US8317541063,BMYGG87,310302.0,4446627.66,0.02,0,,CONSUMER DISCRETIONARY,UNITED STATES,AVUV,2026-04-01,,,,,,,,,,,,,
BIOVENTUS INC   A COMMON STOCK USD.001,BVS,COMMON STOCK,09075A108,US09075A1088,BD6P6L2,487019.0,4446483.47,0.02,0,,HEALTH CARE,UNITED STATES,AVUV,2026-04-01,,,,,,,,,,,,,
COSTAMARE BULKERS HOLDING COMMON STOCK USD.0001,CMDB,COMMON STOCK,Y2001C101,MHY2001C1012,BPK4SX5,287143.0,4442102.21,0.02,0,,INDUSTRIALS,UNITED STATES,AVUV,2026-04-01,,,,,,,,,,,,,
JEFFERSON CAPITAL INC COMMON STOCK USD.0001,JCAP,COMMON STOCK,47248R103,US47248R1032,BV4K5N0,230639.0,4435187.97,0.02,0,,FINANCIALS,UNITED STATES,AVUV,2026-04-01,,,,,,,,,,,,,
NICOLET BANKSHARES INC COMMON STOCK USD.01,NIC,COMMON STOCK,65406E102,US65406E1029,2012865,29773.0,4424863.26,0.02,0,,FINANCIALS,UNITED STATES,AVUV,2026-04-01,,,,,,,,,,,,,
BEAZER HOMES USA INC COMMON STOCK USD.001,BZH,COMMON STOCK,07556Q881,US07556Q8814,B8KHZT0,227434.0,4375830.16,0.02,0,,CONSUMER DISCRETIONARY,UNITED STATES,AVUV,2026-04-01,,,,,,,,,,,,,
SPROUTS FARMERS MARKET INC COMMON STOCK USD.001,SFM,COMMON STOCK,85208M102,US85208M1027,BCGCR79,56331.0,4344810.03,0.02,0,,CONSUMER STAPLES,UNITED STATES,AVUV,2026-04-01,,,,,,,,,,,,,
CORE MOLDING TECHNOLOGIES IN COMMON STOCK USD.01,CMT,COMMON STOCK,218683100,US2186831002,2761123,188722.0,4227372.8,0.02,0,,MATERIALS,UNITED STATES,AVUV,2026-04-01,,,,,,,,,,,,,
EVOLUTION PETROLEUM CORP COMMON STOCK USD.001,EPM,COMMON STOCK,30049A107,US30049A1079,2367781,920752.0,4217044.16,0.02,0,,ENERGY,UNITED STATES,AVUV,2026-04-01,,,,,,,,,,,,,
TITAN AMERICA SA COMMON STOCK,TTAM,COMMON STOCK,B9151N105,BE6360403164,BNM4XQ7,279376.0,4185052.48,0.02,0,,MATERIALS,UNITED STATES,AVUV,2026-04-01,,,,,,,,,,,,,
MYERS INDUSTRIES INC COMMON STOCK,MYE,COMMON STOCK,628464109,US6284641098,2613086,195735.0,4145667.3,0.02,0,,MATERIALS,UNITED STATES,AVUV,2026-04-01,,,,,,,,,,,,,
FOSSIL GROUP INC COMMON STOCK USD.01,FOSL,COMMON STOCK,34988V106,US34988V1061,BBGT609,958800.0,4132428.0,0.02,0,,CONSUMER DISCRETIONARY,UNITED STATES,AVUV,2026-04-01,,,,,,,,,,,,,
JOHNSON OUTDOORS INC A COMMON STOCK USD.05,JOUT,COMMON STOCK,479167108,US4791671088,2476847,85541.0,3978511.91,0.02,0,,CONSUMER DISCRETIONARY,UNITED STATES,AVUV,2026-04-01,,,,,,,,,,,,,
KINGSTONE COS INC COMMON STOCK USD.01,KINS,COMMON STOCK,496719105,US4967191051,B02NVQ9,272331.0,3967862.67,0.02,0,,FINANCIALS,UNITED STATES,AVUV,2026-04-01,,,,,,,,,,,,,
PERMA PIPE INTERNATIONAL HOL COMMON STOCK USD.01,PPIH,COMMON STOCK,714167103,US7141671039,BDD0V60,132737.0,3956889.97,0.02,0,,INDUSTRIALS,UNITED STATES,AVUV,2026-04-01,,,,,,,,,,,,,
AERSALE CORP COMMON STOCK USD.0001,ASLE,COMMON STOCK,00810F106,US00810F1066,BN2RY85,633807.0,3942279.54,0.02,0,,INDUSTRIALS,UNITED STATES,AVUV,2026-04-01,,,,,,,,,,,,,
INFUSYSTEM HOLDINGS INC COMMON STOCK USD.0001,INFU,COMMON STOCK,45685K102,US45685K1025,B17FVR8,420201.0,3878455.23,0.02,0,,HEALTH CARE,UNITED STATES,AVUV,2026-04-01,,,,,,,,,,,,,
VAREX IMAGING CORP COMMON STOCK USD.01,VREX,COMMON STOCK,92214X106,US92214X1063,BDQYWV1,360366.0,3823483.26,0.02,0,,HEALTH CARE,UNITED STATES,AVUV,2026-04-01,,,,,,,,,,,,,
CIVISTA BANCSHARES INC COMMON STOCK,CIVB,COMMON STOCK,178867107,US1788671071,BWT3JH3,166830.0,3802055.7,0.02,0,,FINANCIALS,UNITED STATES,AVUV,2026-04-01,,,,,,,,,,,,,
CONDUENT INC COMMON STOCK USD.01,CNDT,COMMON STOCK,206787103,US2067871036,BYWLRV8,2946393.0,3771383.04,0.02,0,,INDUSTRIALS,UNITED STATES,AVUV,2026-04-01,,,,,,,,,,,,,
WATERSTONE FINANCIAL INC COMMON STOCK USD.01,WSBF,COMMON STOCK,94188P101,US94188P1012,BJ7BVV6,207127.0,3734499.81,0.02,0,,FINANCIALS,UNITED STATES,AVUV,2026-04-01,,,,,,,,,,,,,
PARKE BANCORP INC COMMON STOCK USD.1,PKBK,COMMON STOCK,700885106,US7008851062,2095145,131204.0,3726193.6,0.02,0,,FINANCIALS,UNITED STATES,AVUV,2026-04-01,,,,,,,,,,,,,
STONERIDGE INC COMMON STOCK,SRI,COMMON STOCK,86183P102,US86183P1021,2111977,761098.0,3676103.34,0.02,0,,CONSUMER DISCRETIONARY,UNITED STATES,AVUV,2026-04-01,,,,,,,,,,,,,
FIRST UNITED CORP COMMON STOCK USD.01,FUNC,COMMON STOCK,33741H107,US33741H1077,2420736,97066.0,3556498.24,0.02,0,,FINANCIALS,UNITED STATES,AVUV,2026-04-01,,,,,,,,,,,,,
INNOVATIVE SOLUTIONS + SUPP COMMON STOCK USD.001,ISSC,COMMON STOCK,45769N105,US45769N1054,2616397,171968.0,3530503.04,0.02,0,,INDUSTRIALS,UNITED STATES,AVUV,2026-04-01,,,,,,,,,,,,,
AVIAT NETWORKS INC COMMON STOCK USD.01,AVNW,COMMON STOCK,05366Y201,US05366Y2019,BZ9NWS6,151993.0,3436561.73,0.01,0,,INFORMATION TECHNOLOGY,UNITED STATES,AVUV,2026-04-01,,,,,,,,,,,,,
SERVISFIRST BANCSHARES INC COMMON STOCK USD.001,SFBS,COMMON STOCK,81768T108,US81768T1088,BMH0MP5,47149.0,3415945.05,0.01,0,,FINANCIALS,UNITED STATES,AVUV,2026-04-01,,,,,,,,,,,,,
STOCK YARDS BANCORP INC COMMON STOCK,SYBT,COMMON STOCK,861025104,US8610251048,BLY2FB4,51352.0,3404124.08,0.01,0,,FINANCIALS,UNITED STATES,AVUV,2026-04-01,,,,,,,,,,,,,
GCI LIBERTY INC CL A COMMON STOCK,GLIBA,COMMON STOCK,36164V602,US36164V6020,BRJW0F0,91531.0,3372917.35,0.01,0,,COMMUNICATION SERVICES,UNITED STATES,AVUV,2026-04-01,,,,,,,,,,,,,
SHOALS TECHNOLOGIES GROUP  A COMMON STOCK USD.00001,SHLS,COMMON STOCK,82489W107,US82489W1071,BMDJ085,499054.0,3283775.32,0.01,0,,INDUSTRIALS,UNITED STATES,AVUV,2026-04-01,,,,,,,,,,,,,
NB BANCORP INC COMMON STOCK USD.01,NBBK,COMMON STOCK,63945M107,US63945M1071,BQT2053,155849.0,3283738.43,0.01,0,,FINANCIALS,UNITED STATES,AVUV,2026-04-01,,,,,,,,,,,,,
ASPEN AEROGELS INC COMMON STOCK USD.00001,ASPN,COMMON STOCK,04523Y105,US04523Y1055,BN65SM7,958618.0,3278473.56,0.01,0,,MATERIALS,UNITED STATES,AVUV,2026-04-01,,,,,,,,,,,,,
HAMILTON BEACH BRAND A COMMON STOCK USD.01,HBB,COMMON STOCK,40701T104,US40701T1043,BF22688,169618.0,3214261.1,0.01,0,,CONSUMER DISCRETIONARY,UNITED STATES,AVUV,2026-04-01,,,,,,,,,,,,,
SUPERIOR GROUP OF COS INC COMMON STOCK,SGC,COMMON STOCK,868358102,US8683581024,2864301,316055.0,3211118.8,0.01,0,,CONSUMER DISCRETIONARY,UNITED STATES,AVUV,2026-04-01,,,,,,,,,,,,,
MAYVILLE ENGINEERING CO INC COMMON STOCK,MEC,COMMON STOCK,578605107,US5786051079,BJLD0Y4,178607.0,3205995.65,0.01,0,,INDUSTRIALS,UNITED STATES,AVUV,2026-04-01,,,,,,,,,,,,,
AMERICAN INTEGRITY INSURANCE COMMON STOCK USD.001,AII,COMMON STOCK,026948109,US0269481091,BTRVNC1,165069.0,3182530.32,0.01,0,,FINANCIALS,UNITED STATES,AVUV,2026-04-01,,,,,,,,,,,,,
SONOCO PRODUCTS CO COMMON STOCK,SON,COMMON STOCK,835495102,US8354951027,2821395,58704.0,3175299.36,0.01,0,,MATERIALS,UNITED STATES,AVUV,2026-04-01,,,,,,,,,,,,,
TRIMAS CORP COMMON STOCK USD.01,TRS,COMMON STOCK,896215209,US8962152091,B1XHRL4,87748.0,3153663.12,0.01,0,,MATERIALS,UNITED STATES,AVUV,2026-04-01,,,,,,,,,,,,,
MERIDIAN CORP COMMON STOCK,MRBK,COMMON STOCK,58958P104,US58958P1049,BF5R077,166164.0,3150469.44,0.01,0,,FINANCIALS,UNITED STATES,AVUV,2026-04-01,,,,,,,,,,,,,
MARINEMAX INC COMMON STOCK USD.001,HZO,COMMON STOCK,567908108,US5679081084,2250353,111310.0,3012048.6,0.01,0,,CONSUMER DISCRETIONARY,UNITED STATES,AVUV,2026-04-01,,,,,,,,,,,,,
SUMMIT MIDSTREAM CORP COMMON STOCK USD.01,SMC,COMMON STOCK,86614G101,US86614G1013,BNM9H26,96650.0,2922696.0,0.01,0,,ENERGY,UNITED STATES,AVUV,2026-04-01,,,,,,,,,,,,,
FS BANCORP INC COMMON STOCK USD.01,FSBW,COMMON STOCK,30263Y104,US30263Y1047,B4Z5FD5,74556.0,2877116.04,0.01,0,,FINANCIALS,UNITED STATES,AVUV,2026-04-01,,,,,,,,,,,,,
BANK7 CORP COMMON STOCK USD.01,BSVN,COMMON STOCK,06652N107,US06652N1072,BFMN421,72118.0,2876065.84,0.01,0,,FINANCIALS,UNITED STATES,AVUV,2026-04-01,,,,,,,,,,,,,
PANGAEA LOGISTICS SOLUTIONS COMMON STOCK USD.0001,PANL,COMMON STOCK,G6891L105,BMG6891L1054,BRGCNJ8,398750.0,2823150.0,0.01,0,,INDUSTRIALS,UNITED STATES,AVUV,2026-04-01,,,,,,,,,,,,,
MANITOWOC COMPANY INC COMMON STOCK USD.01,MTW,COMMON STOCK,563571405,US5635714059,BDFCGV4,240774.0,2805017.1,0.01,0,,INDUSTRIALS,UNITED STATES,AVUV,2026-04-01,,,,,,,,,,,,,
USANA HEALTH SCIENCES INC COMMON STOCK USD.001,USNA,COMMON STOCK,90328M107,US90328M1071,2267698,160025.0,2795636.75,0.01,0,,CONSUMER STAPLES,UNITED STATES,AVUV,2026-04-01,,,,,,,,,,,,,
ESPEY MFG + ELECTRONICS CORP COMMON STOCK USD.333,ESP,COMMON STOCK,296650104,US2966501049,2321679,49694.0,2754041.48,0.01,0,,INDUSTRIALS,UNITED STATES,AVUV,2026-04-01,,,,,,,,,,,,,
BAYCOM CORP COMMON STOCK,BCML,COMMON STOCK,07272M107,US07272M1071,BYSTY59,87718.0,2607417.55,0.01,0,,FINANCIALS,UNITED STATES,AVUV,2026-04-01,,,,,,,,,,,,,
CLEARWATER PAPER CORP COMMON STOCK USD.0001,CLW,COMMON STOCK,18538R103,US18538R1032,B3K9Z35,174315.0,2506649.7,0.01,0,,MATERIALS,UNITED STATES,AVUV,2026-04-01,,,,,,,,,,,,,
C + F FINANCIAL CORP COMMON STOCK USD1.0,CFFI,COMMON STOCK,12466Q104,US12466Q1040,2494515,34255.0,2498559.7,0.01,0,,FINANCIALS,UNITED STATES,AVUV,2026-04-01,,,,,,,,,,,,,
CARECLOUD INC COMMON STOCK USD.001,CCLD,COMMON STOCK,14167R100,US14167R1005,BKP32B8,683469.0,2494661.85,0.01,0,,HEALTH CARE,UNITED STATES,AVUV,2026-04-01,,,,,,,,,,,,,
UPBOUND GROUP INC COMMON STOCK USD.01,UPBD,COMMON STOCK,76009N100,US76009N1000,2733092,137127.0,2475142.35,0.01,0,,CONSUMER DISCRETIONARY,UNITED STATES,AVUV,2026-04-01,,,,,,,,,,,,,
EAGLE MATERIALS INC COMMON STOCK USD.01,EXP,COMMON STOCK,26969P108,US26969P1084,2191399,12790.0,2423065.5,0.01,0,,MATERIALS,UNITED STATES,AVUV,2026-04-01,,,,,,,,,,,,,
COHEN + STEERS INC COMMON STOCK USD.01,CNS,COMMON STOCK,19247A100,US19247A1007,B02H882,38414.0,2402795.7,0.01,0,,FINANCIALS,UNITED STATES,AVUV,2026-04-01,,,,,,,,,,,,,
GALAXY DIGITAL INC A COMMON STOCK USD.001,GLXY,COMMON STOCK,36317J209,US36317J2096,BV97X10,130185.0,2401913.25,0.01,0,,FINANCIALS,UNITED STATES,AVUV,2026-04-01,,,,,,,,,,,,,
PCB BANCORP COMMON STOCK,PCB,COMMON STOCK,69320M109,US69320M1099,BKLTT20,106449.0,2394038.01,0.01,0,,FINANCIALS,UNITED STATES,AVUV,2026-04-01,,,,,,,,,,,,,
VIRCO MFG CORPORATION COMMON STOCK USD.01,VIRC,COMMON STOCK,927651109,US9276511097,2929705,379679.0,2323635.48,0.01,0,,INDUSTRIALS,UNITED STATES,AVUV,2026-04-01,,,,,,,,,,,,,
ONESPAN INC COMMON STOCK USD.001,OSPN,COMMON STOCK,68287N100,US68287N1000,BFNSSD4,220508.0,2321949.24,0.01,0,,INFORMATION TECHNOLOGY,UNITED STATES,AVUV,2026-04-01,,,,,,,,,,,,,
JELD WEN HOLDING INC COMMON STOCK USD.01,JELD,COMMON STOCK,47580P103,US47580P1030,BYM4WL2,1815753.0,2251533.72,0.01,0,,INDUSTRIALS,UNITED STATES,AVUV,2026-04-01,,,,,,,,,,,,,
ZUMIEZ INC COMMON STOCK,ZUMZ,COMMON STOCK,989817101,US9898171015,B081QB7,101265.0,2244032.4,0.01,0,,CONSUMER DISCRETIONARY,UNITED STATES,AVUV,2026-04-01,,,,,,,,,,,,,
FIRST COMMUNITY CORP COMMON STOCK USD1.0,FCCO,COMMON STOCK,319835104,US3198351047,2863074,76201.0,2227355.23,0.01,0,,FINANCIALS,UNITED STATES,AVUV,2026-04-01,,,,,,,,,,,,,
FINANCE OF AMERICA COS INC A COMMON STOCK USD.0001,FOA,COMMON STOCK,31738L206,US31738L2060,BT06V07,131523.0,2183281.8,0.01,0,,FINANCIALS,UNITED STATES,AVUV,2026-04-01,,,,,,,,,,,,,
ASCENT INDUSTRIES CO COMMON STOCK USD1.0,ACNT,COMMON STOCK,871565107,US8715651076,2867805,162739.0,2166056.09,0.01,0,,MATERIALS,UNITED STATES,AVUV,2026-04-01,,,,,,,,,,,,,
PURSUIT ATTRACTIONS AND HOSP COMMON STOCK USD1.5,PRSU,COMMON STOCK,92552R406,US92552R4065,B01KGF5,58693.0,2149924.59,0.01,0,,CONSUMER DISCRETIONARY,UNITED STATES,AVUV,2026-04-01,,,,,,,,,,,,,
FRANKLIN FINANCIAL SERVICES COMMON STOCK USD1.0,FRAF,COMMON STOCK,353525108,US3535251082,B019C32,41720.0,2131057.6,0.01,0,,FINANCIALS,UNITED STATES,AVUV,2026-04-01,,,,,,,,,,,,,
JAKKS PACIFIC INC COMMON STOCK USD.001,JAKK,COMMON STOCK,47012E403,US47012E4035,BN2R7Z3,105946.0,2110444.32,0.01,0,,CONSUMER DISCRETIONARY,UNITED STATES,AVUV,2026-04-01,,,,,,,,,,,,,
INVESTAR HOLDING CORP COMMON STOCK USD1.0,ISTR,COMMON STOCK,46134L105,US46134L1052,BNGY4R1,76842.0,2095481.34,0.01,0,,FINANCIALS,UNITED STATES,AVUV,2026-04-01,,,,,,,,,,,,,
ACACIA RESEARCH CORP COMMON STOCK USD.001,ACTG,COMMON STOCK,003881307,US0038813079,2169589,433396.0,2084634.76,0.01,0,,FINANCIALS,UNITED STATES,AVUV,2026-04-01,,,,,,,,,,,,,
CITI TRENDS INC COMMON STOCK USD.01,CTRN,COMMON STOCK,17306X102,US17306X1028,B06FLD8,48115.0,2084341.8,0.01,0,,CONSUMER DISCRETIONARY,UNITED STATES,AVUV,2026-04-01,,,,,,,,,,,,,
WESBANCO INC COMMON STOCK USD2.0833,WSBC,COMMON STOCK,950810101,US9508101014,2953782,60356.0,2081678.44,0.01,0,,FINANCIALS,UNITED STATES,AVUV,2026-04-01,,,,,,,,,,,,,
N B T BANCORP INC COMMON STOCK USD.01,NBTB,COMMON STOCK,628778102,US6287781024,2626459,48693.0,2073347.94,0.01,0,,FINANCIALS,UNITED STATES,AVUV,2026-04-01,,,,,,,,,,,,,
CITIZENS FINANCIAL SERVICES COMMON STOCK USD1.0,CZFS,COMMON STOCK,174615104,US1746151042,2651592,33903.0,2073168.45,0.01,0,,FINANCIALS,UNITED STATES,AVUV,2026-04-01,,,,,,,,,,,,,
LAKELAND FINANCIAL CORP COMMON STOCK,LKFN,COMMON STOCK,511656100,US5116561003,2537528,35305.0,2025800.9,0.01,0,,FINANCIALS,UNITED STATES,AVUV,2026-04-01,,,,,,,,,,,,,
PRIMEENERGY RESOURCES CORP COMMON STOCK USD.1,PNRG,COMMON STOCK,74158E104,US74158E1047,2480365,8540.0,1988539.0,0.01,0,,ENERGY,UNITED STATES,AVUV,2026-04-01,,,,,,,,,,,,,
INFINITY NATURAL RESOUR CL A COMMON STOCK USD.01,INR,COMMON STOCK,456941103,US4569411030,BS893G1,110003.0,1937152.83,0.01,0,,ENERGY,UNITED STATES,AVUV,2026-04-01,,,,,,,,,,,,,
MAGNERA CORP COMMON STOCK USD.01,MAGN,COMMON STOCK,55939A107,US55939A1079,BT9NC28,202913.0,1929702.63,0.01,0,,MATERIALS,UNITED STATES,AVUV,2026-04-01,,,,,,,,,,,,,
PRESTIGE CONSUMER HEALTHCARE COMMON STOCK USD.01,PBH,COMMON STOCK,74112D101,US74112D1019,B0650P3,32052.0,1899722.04,0.01,0,,HEALTH CARE,UNITED STATES,AVUV,2026-04-01,,,,,,,,,,,,,
CIRRUS LOGIC INC COMMON STOCK USD.001,CRUS,COMMON STOCK,172755100,US1727551004,2197308,13009.0,1881361.58,0.01,0,,INFORMATION TECHNOLOGY,UNITED STATES,AVUV,2026-04-01,,,,,,,,,,,,,
NACCO INDUSTRIES CL A COMMON STOCK USD1.0,NC,COMMON STOCK,629579103,US6295791031,2616977,35578.0,1848988.66,0.01,0,,ENERGY,UNITED STATES,AVUV,2026-04-01,,,,,,,,,,,,,
MEDIFAST INC COMMON STOCK USD.001,MED,COMMON STOCK,58470H101,US58470H1014,2934033,181428.0,1848751.32,0.01,0,,CONSUMER STAPLES,UNITED STATES,AVUV,2026-04-01,,,,,,,,,,,,,
HINGHAM INSTITUTION FOR SVGS COMMON STOCK USD1.0,HIFS,COMMON STOCK,433323102,US4333231029,2428439,6466.0,1848241.44,0.01,0,,FINANCIALS,UNITED STATES,AVUV,2026-04-01,,,,,,,,,,,,,
MILLER INDUSTRIES INC/TENN COMMON STOCK USD.01,MLR,COMMON STOCK,600551204,US6005512040,2801193,40546.0,1846870.3,0.01,0,,INDUSTRIALS,UNITED STATES,AVUV,2026-04-01,,,,,,,,,,,,,
AVANOS MEDICAL INC COMMON STOCK USD.01,AVNS,COMMON STOCK,05350V106,US05350V1061,BFFVV54,129970.0,1820879.7,0.01,0,,HEALTH CARE,UNITED STATES,AVUV,2026-04-01,,,,,,,,,,,,,
PLUMAS BANCORP COMMON STOCK,PLBC,COMMON STOCK,729273102,US7292731020,2025056,37032.0,1807902.24,0.01,0,,FINANCIALS,UNITED STATES,AVUV,2026-04-01,,,,,,,,,,,,,
TIPTREE INC COMMON STOCK USD.001,TIPT,COMMON STOCK,88822Q103,US88822Q1031,BC30V41,106121.0,1795567.32,0.01,0,,FINANCIALS,UNITED STATES,AVUV,2026-04-01,,,,,,,,,,,,,
KEARNY FINANCIAL CORP/MD COMMON STOCK USD.01,KRNY,COMMON STOCK,48716P108,US48716P1084,BY3H7G0,231168.0,1745318.4,0.01,0,,FINANCIALS,UNITED STATES,AVUV,2026-04-01,,,,,,,,,,,,,
KURA ONCOLOGY INC COMMON STOCK USD.0001,KURA,COMMON STOCK,50127T109,US50127T1097,BYZD465,213594.0,1736519.22,0.01,0,,HEALTH CARE,UNITED STATES,AVUV,2026-04-01,,,,,,,,,,,,,
LIVE OAK BANCSHARES INC COMMON STOCK,LOB,COMMON STOCK,53803X105,US53803X1054,BYN5Z59,52488.0,1735778.16,0.01,0,,FINANCIALS,UNITED STATES,AVUV,2026-04-01,,,,,,,,,,,,,
FARMERS NATL BANC CORP COMMON STOCK,FMNB,COMMON STOCK,309627107,US3096271073,B019BK2,131506.0,1730618.96,0.01,0,,FINANCIALS,UNITED STATES,AVUV,2026-04-01,,,,,,,,,,,,,
CHOICEONE FINANCIAL SVCS INC COMMON STOCK,COFS,COMMON STOCK,170386106,US1703861062,2713395,61370.0,1725724.4,0.01,0,,FINANCIALS,UNITED STATES,AVUV,2026-04-01,,,,,,,,,,,,,
FIRST FINANCIAL BANCORP COMMON STOCK,FFBC,COMMON STOCK,320209109,US3202091092,2352806,60600.0,1689528.0,0.01,0,,FINANCIALS,UNITED STATES,AVUV,2026-04-01,,,,,,,,,,,,,
FOSTER (LB) CO A COMMON STOCK USD.01,FSTR,COMMON STOCK,350060109,US3500601097,2348225,60419.0,1685690.1,0.01,0,,INDUSTRIALS,UNITED STATES,AVUV,2026-04-01,,,,,,,,,,,,,
ACME UNITED CORP COMMON STOCK USD2.5,ACU,COMMON STOCK,004816104,US0048161048,2006329,37492.0,1683765.72,0.01,0,,HEALTH CARE,UNITED STATES,AVUV,2026-04-01,,,,,,,,,,,,,
TIMBERLAND BANCORP INC COMMON STOCK USD.01,TSBK,COMMON STOCK,887098101,US8870981011,2147734,42493.0,1675498.99,0.01,0,,FINANCIALS,UNITED STATES,AVUV,2026-04-01,,,,,,,,,,,,,
DOUGLAS ELLIMAN INC COMMON STOCK,DOUG,COMMON STOCK,25961D105,US25961D1054,BNZHLY7,1021057.0,1674533.48,0.01,0,,REAL ESTATE,UNITED STATES,AVUV,2026-04-01,,,,,,,,,,,,,
LINKBANCORP INC COMMON STOCK USD.01,LNKB,COMMON STOCK,53578P105,US53578P1057,BKY65J7,199274.0,1661945.16,0.01,0,,FINANCIALS,UNITED STATES,AVUV,2026-04-01,,,,,,,,,,,,,
FUTUREFUEL CORP COMMON STOCK USD.0001,FF,COMMON STOCK,36116M106,US36116M1062,B3BBRD4,428064.0,1648046.4,0.01,0,,ENERGY,UNITED STATES,AVUV,2026-04-01,,,,,,,,,,,,,
GIGACLOUD TECHNOLOGY INC   A COMMON STOCK USD.05,GCT,COMMON STOCK,G38644103,KYG386441037,BP0WTV4,35590.0,1615074.2,0.01,0,,CONSUMER DISCRETIONARY,UNITED STATES,AVUV,2026-04-01,,,,,,,,,,,,,
TAYLOR DEVICES INC COMMON STOCK USD.025,TAYD,COMMON STOCK,877163105,US8771631053,2877127,27681.0,1577817.0,0.01,0,,INDUSTRIALS,UNITED STATES,AVUV,2026-04-01,,,,,,,,,,,,,
MEDALLION FINANCIAL CORP COMMON STOCK USD.01,MFIN,COMMON STOCK,583928106,US5839281061,2580447,181711.0,1555446.16,0.01,0,,FINANCIALS,UNITED STATES,AVUV,2026-04-01,,,,,,,,,,,,,
ORION GROUP HOLDINGS INC COMMON STOCK USD.01,ORN,COMMON STOCK,68628V308,US68628V3087,B1WTHL1,142143.0,1549358.7,0.01,0,,INDUSTRIALS,UNITED STATES,AVUV,2026-04-01,,,,,,,,,,,,,
TRUEBLUE INC COMMON STOCK,TBI,COMMON STOCK,89785X101,US89785X1019,2519849,393555.0,1538800.05,0.01,0,,INDUSTRIALS,UNITED STATES,AVUV,2026-04-01,,,,,,,,,,,,,
KNOWLES CORP COMMON STOCK USD.01,KN,COMMON STOCK,49926D109,US49926D1090,BJTD9L6,59605.0,1530656.4,0.01,0,,INFORMATION TECHNOLOGY,UNITED STATES,AVUV,2026-04-01,,,,,,,,,,,,,
OPORTUN FINANCIAL CORP COMMON STOCK USD.0001,OPRT,COMMON STOCK,68376D104,US68376D1046,BKTC5L2,329334.0,1518229.74,0.01,0,,FINANCIALS,UNITED STATES,AVUV,2026-04-01,,,,,,,,,,,,,
ANIKA THERAPEUTICS INC COMMON STOCK USD.01,ANIK,COMMON STOCK,035255108,US0352551081,2035754,102863.0,1491513.5,0.01,0,,HEALTH CARE,UNITED STATES,AVUV,2026-04-01,,,,,,,,,,,,,
EAGLE BANCORP MONTANA INC COMMON STOCK USD.01,EBMT,COMMON STOCK,26942G100,US26942G1004,B57M9P1,72195.0,1485773.1,0.01,0,,FINANCIALS,UNITED STATES,AVUV,2026-04-01,,,,,,,,,,,,,
NATIONAL BEVERAGE CORP COMMON STOCK USD.01,FIZZ,COMMON STOCK,635017106,US6350171061,2638625,43725.0,1471346.25,0.01,0,,CONSUMER STAPLES,UNITED STATES,AVUV,2026-04-01,,,,,,,,,,,,,
FIRST INTERNET BANCORP COMMON STOCK,INBK,COMMON STOCK,320557101,US3205571017,B0406N0,72149.0,1470396.62,0.01,0,,FINANCIALS,UNITED STATES,AVUV,2026-04-01,,,,,,,,,,,,,
OP BANCORP COMMON STOCK,OPBK,COMMON STOCK,67109R109,US67109R1095,BD06KV9,109826.0,1460685.8,0.01,0,,FINANCIALS,UNITED STATES,AVUV,2026-04-01,,,,,,,,,,,,,
VERA BRADLEY INC COMMON STOCK,VRA,COMMON STOCK,92335C106,US92335C1062,B4626P4,450275.0,1422869.0,0.01,0,,CONSUMER DISCRETIONARY,UNITED STATES,AVUV,2026-04-01,,,,,,,,,,,,,
RENASANT CORP COMMON STOCK USD5.0,RNST,COMMON STOCK,75970E107,US75970E1073,2670809,38160.0,1378720.8,0.01,0,,FINANCIALS,UNITED STATES,AVUV,2026-04-01,,,,,,,,,,,,,
BCB BANCORP INC COMMON STOCK,BCBP,COMMON STOCK,055298103,US0552981039,2848253,151834.0,1363469.32,0.01,0,,FINANCIALS,UNITED STATES,AVUV,2026-04-01,,,,,,,,,,,,,
FRANKLIN COVEY CO COMMON STOCK USD.05,FC,COMMON STOCK,353469109,US3534691098,2352839,86174.0,1360687.46,0.01,0,,INDUSTRIALS,UNITED STATES,AVUV,2026-04-01,,,,,,,,,,,,,
AMPCO PITTSBURGH CORP COMMON STOCK USD1.0,AP,COMMON STOCK,032037103,US0320371034,2031688,199079.0,1337810.88,0.01,0,,MATERIALS,UNITED STATES,AVUV,2026-04-01,,,,,,,,,,,,,
CRAWFORD + COMPANY  CL A COMMON STOCK USD1.0,CRD.A,COMMON STOCK,224633206,US2246332066,2232094,134136.0,1337335.92,0.01,0,,FINANCIALS,UNITED STATES,AVUV,2026-04-01,,,,,,,,,,,,,
KEWAUNEE SCIENTIFIC CP COMMON STOCK USD2.5,KEQU,COMMON STOCK,492854104,US4928541048,2490728,38810.0,1330018.7,0.01,0,,HEALTH CARE,UNITED STATES,AVUV,2026-04-01,,,,,,,,,,,,,
COMMERCIAL BANCGROUP INC COMMON STOCK USD.01,CBK,COMMON STOCK,20112C106,US20112C1062,BTLP0D9,50895.0,1324287.9,0.01,0,,FINANCIALS,UNITED STATES,AVUV,2026-04-01,,,,,,,,,,,,,
CF BANKSHARES INC COMMON STOCK USD.01,CFBK,COMMON STOCK,12520L109,US12520L1098,BN2XDN1,45506.0,1270072.46,0.01,0,,FINANCIALS,UNITED STATES,AVUV,2026-04-01,,,,,,,,,,,,,
MVB FINANCIAL CORP COMMON STOCK USD1.0,MVBF,COMMON STOCK,553810102,US5538101024,B00BYZ5,50906.0,1263995.98,0.01,0,,FINANCIALS,UNITED STATES,AVUV,2026-04-01,,,,,,,,,,,,,
WASHINGTON TRUST BANCORP COMMON STOCK USD.0625,WASH,COMMON STOCK,940610108,US9406101082,2942025,38377.0,1262603.3,0.01,0,,FINANCIALS,UNITED STATES,AVUV,2026-04-01,,,,,,,,,,,,,
DOUGLAS DYNAMICS INC COMMON STOCK USD.01,PLOW,COMMON STOCK,25960R105,US25960R1059,B3N5WD9,29727.0,1251209.43,0.01,0,,INDUSTRIALS,UNITED STATES,AVUV,2026-04-01,,,,,,,,,,,,,
MERCER INTERNATIONAL INC COMMON STOCK USD1.0,MERC,COMMON STOCK,588056101,US5880561015,2053024,869855.0,1235194.1,0.01,0,,MATERIALS,UNITED STATES,AVUV,2026-04-01,,,,,,,,,,,,,
UNITED COMMUNITY BANKS/GA COMMON STOCK USD1.0,UCB,COMMON STOCK,90984P303,US90984P3038,2862156,39143.0,1232613.07,0.01,0,,FINANCIALS,UNITED STATES,AVUV,2026-04-01,,,,,,,,,,,,,
AVIDBANK HOLDINGS INC COMMON STOCK,AVBH,COMMON STOCK,05368J103,US05368J1034,B3XR1X8,43070.0,1227495.0,0.01,0,,FINANCIALS,UNITED STATES,AVUV,2026-04-01,,,,,,,,,,,,,
RAMACO RESOURCES INC B COMMON STOCK,METCB,COMMON STOCK,75134P501,US75134P5017,BRXYZ79,120152.0,1225550.4,0.01,0,,MATERIALS,UNITED STATES,AVUV,2026-04-01,,,,,,,,,,,,,
FONAR CORP COMMON STOCK USD.0001,FONR,COMMON STOCK,344437405,US3444374058,B1W52D6,64605.0,1199068.8,0.01,0,,HEALTH CARE,UNITED STATES,AVUV,2026-04-01,,,,,,,,,,,,,
EUROPEAN WAX CENTER INC A COMMON STOCK USD.00001,EWCZ,COMMON STOCK,29882P106,US29882P1066,BKVK9N4,205996.0,1190656.88,0.01,0,,CONSUMER DISCRETIONARY,UNITED STATES,AVUV,2026-04-01,,,,,,,,,,,,,
CLARUS CORP COMMON STOCK USD.0001,CLAR,COMMON STOCK,18270P109,US18270P1093,BF5QHG2,435870.0,1185566.4,0.01,0,,CONSUMER DISCRETIONARY,UNITED STATES,AVUV,2026-04-01,,,,,,,,,,,,,
LEGACY HOUSING CORP COMMON STOCK USD.001,LEGH,COMMON STOCK,52472M101,US52472M1018,BG5HXX1,57558.0,1175909.94,0.01,0,,CONSUMER DISCRETIONARY,UNITED STATES,AVUV,2026-04-01,,,,,,,,,,,,,
EVERQUOTE INC   CLASS A COMMON STOCK USD.001,EVER,COMMON STOCK,30041R108,US30041R1086,BG88WS9,76104.0,1173523.68,0.01,0,,COMMUNICATION SERVICES,UNITED STATES,AVUV,2026-04-01,,,,,,,,,,,,,
LIFETIME BRANDS INC COMMON STOCK USD.01,LCUT,COMMON STOCK,53222Q103,US53222Q1031,2515773,204433.0,1173445.42,0.01,0,,CONSUMER DISCRETIONARY,UNITED STATES,AVUV,2026-04-01,,,,,,,,,,,,,
FARMERS + MERCHANTS BANCO/OH COMMON STOCK,FMAO,COMMON STOCK,30779N105,US30779N1054,2120865,45319.0,1163338.73,0.0,0,,FINANCIALS,UNITED STATES,AVUV,2026-04-01,,,,,,,,,,,,,
PHOENIX EDUCATION PARTNERS I COMMON STOCK USD.01,PXED,COMMON STOCK,718968100,US7189681007,BSNRFP3,35083.0,1103711.18,0.0,0,,CONSUMER DISCRETIONARY,UNITED STATES,AVUV,2026-04-01,,,,,,,,,,,,,
J. JILL INC COMMON STOCK USD.01,JILL,COMMON STOCK,46620W201,US46620W2017,BN941G6,96168.0,1102085.28,0.0,0,,CONSUMER DISCRETIONARY,UNITED STATES,AVUV,2026-04-01,,,,,,,,,,,,,
ENERGY SERVICES OF AMERICA COMMON STOCK USD.0001,ESOA,COMMON STOCK,29271Q103,US29271Q1031,B1FL1D4,83183.0,1092192.79,0.0,0,,ENERGY,UNITED STATES,AVUV,2026-04-01,,,,,,,,,,,,,
IDT CORP CLASS B COMMON STOCK USD.01,IDT,COMMON STOCK,448947507,US4489475073,2757304,22013.0,1080838.3,0.0,0,,COMMUNICATION SERVICES,UNITED STATES,AVUV,2026-04-01,,,,,,,,,,,,,
WINNEBAGO INDUSTRIES COMMON STOCK USD.5,WGO,COMMON STOCK,974637100,US9746371007,2972721,34800.0,1078452.0,0.0,0,,CONSUMER DISCRETIONARY,UNITED STATES,AVUV,2026-04-01,,,,,,,,,,,,,
MAINSTREET BANCSHARES INC COMMON STOCK USD4.0,MNSB,COMMON STOCK,56064Y100,US56064Y1001,BD0R8C9,47475.0,1053945.0,0.0,0,,FINANCIALS,UNITED STATES,AVUV,2026-04-01,,,,,,,,,,,,,
AMES NATIONAL CORP COMMON STOCK USD2.0,ATLO,COMMON STOCK,031001100,US0310011004,B00MZ00,37150.0,1048373.0,0.0,0,,FINANCIALS,UNITED STATES,AVUV,2026-04-01,,,,,,,,,,,,,
DMC GLOBAL INC COMMON STOCK,BOOM,COMMON STOCK,23291C103,US23291C1036,BYN8NH6,197914.0,1031131.94,0.0,0,,ENERGY,UNITED STATES,AVUV,2026-04-01,,,,,,,,,,,,,
CHEMUNG FINANCIAL CORP COMMON STOCK USD.01,CHMG,COMMON STOCK,164024101,US1640241014,2190921,18833.0,1013592.06,0.0,0,,FINANCIALS,UNITED STATES,AVUV,2026-04-01,,,,,,,,,,,,,
NATIONAL ENERGY SERVICES REU COMMON STOCK,NESR,COMMON STOCK,G6375R107,VGG6375R1073,BYZLFM2,46376.0,995692.72,0.0,0,,ENERGY,UNITED STATES,AVUV,2026-04-01,,,,,,,,,,,,,
SMART SAND INC COMMON STOCK USD.001,SND,COMMON STOCK,83191H107,US83191H1077,BYXM5L6,193359.0,989998.08,0.0,0,,ENERGY,UNITED STATES,AVUV,2026-04-01,,,,,,,,,,,,,
FLUOR CORP COMMON STOCK USD.01,FLR,COMMON STOCK,343412102,US3434121022,2696838,21006.0,979929.9,0.0,0,,INDUSTRIALS,UNITED STATES,AVUV,2026-04-01,,,,,,,,,,,,,
USCB FINANCIAL HOLDINGS INC COMMON STOCK,USCB,COMMON STOCK,90355N101,US90355N1019,BPCK3Z8,52607.0,975333.78,0.0,0,,FINANCIALS,UNITED STATES,AVUV,2026-04-01,,,,,,,,,,,,,
PEOPLES BANCORP OF NC COMMON STOCK,PEBK,COMMON STOCK,710577107,US7105771072,2620503,24841.0,972773.56,0.0,0,,FINANCIALS,UNITED STATES,AVUV,2026-04-01,,,,,,,,,,,,,
MANPOWERGROUP INC COMMON STOCK USD.01,MAN,COMMON STOCK,56418H100,US56418H1005,2562490,32367.0,953531.82,0.0,0,,INDUSTRIALS,UNITED STATES,AVUV,2026-04-01,,,,,,,,,,,,,
RESOURCES CONNECTION INC COMMON STOCK USD.01,RGP,COMMON STOCK,76122Q105,US76122Q1058,2697853,253395.0,945163.35,0.0,0,,INDUSTRIALS,UNITED STATES,AVUV,2026-04-01,,,,,,,,,,,,,
FUNKO INC CLASS A COMMON STOCK USD.0001,FNKO,COMMON STOCK,361008105,US3610081057,BF329J9,290949.0,916489.35,0.0,0,,CONSUMER DISCRETIONARY,UNITED STATES,AVUV,2026-04-01,,,,,,,,,,,,,
CVB FINANCIAL CORP COMMON STOCK,CVBF,COMMON STOCK,126600105,US1266001056,2160645,47756.0,916437.64,0.0,0,,FINANCIALS,UNITED STATES,AVUV,2026-04-01,,,,,,,,,,,,,
AMERICAN VANGUARD CORP COMMON STOCK USD.1,AVD,COMMON STOCK,030371108,US0303711081,2025711,364311.0,907134.39,0.0,0,,MATERIALS,UNITED STATES,AVUV,2026-04-01,,,,,,,,,,,,,
MONTAUK RENEWABLES INC COMMON STOCK USD.01,MNTK,COMMON STOCK,61218C103,US61218C1036,BN6HHQ0,774727.0,890936.05,0.0,0,,UTILITIES,UNITED STATES,AVUV,2026-04-01,,,,,,,,,,,,,
FVCBANKCORP INC COMMON STOCK USD.01,FVCB,COMMON STOCK,36120Q101,US36120Q1013,BY7RH33,57292.0,870265.48,0.0,0,,FINANCIALS,UNITED STATES,AVUV,2026-04-01,,,,,,,,,,,,,
FIRST BANCORP INC/ME COMMON STOCK USD.01,FNLC,COMMON STOCK,31866P102,US31866P1021,2353047,30966.0,867976.98,0.0,0,,FINANCIALS,UNITED STATES,AVUV,2026-04-01,,,,,,,,,,,,,
UNIVERSAL ELECTRONICS INC COMMON STOCK USD.01,UEIC,COMMON STOCK,913483103,US9134831034,2911683,210159.0,865855.08,0.0,0,,CONSUMER DISCRETIONARY,UNITED STATES,AVUV,2026-04-01,,,,,,,,,,,,,
UNITED SECURITY BANCSHARE/CA COMMON STOCK,UBFO,COMMON STOCK,911460103,US9114601035,2714569,82350.0,865498.5,0.0,0,,FINANCIALS,UNITED STATES,AVUV,2026-04-01,,,,,,,,,,,,,
GAMBLING.COM GROUP LTD COMMON STOCK,GAMB,COMMON STOCK,G3R239101,JE00BL970N11,BL970N1,207551.0,805297.88,0.0,0,,COMMUNICATION SERVICES,UNITED STATES,AVUV,2026-04-01,,,,,,,,,,,,,
BASSETT FURNITURE INDS COMMON STOCK USD5.0,BSET,COMMON STOCK,070203104,US0702031040,2083526,53724.0,760194.6,0.0,0,,CONSUMER DISCRETIONARY,UNITED STATES,AVUV,2026-04-01,,,,,,,,,,,,,
AMERISAFE INC COMMON STOCK USD.01,AMSF,COMMON STOCK,03071H100,US03071H1005,B0PPHS6,22316.0,743792.28,0.0,0,,FINANCIALS,UNITED STATES,AVUV,2026-04-01,,,,,,,,,,,,,
FIRST NATIONAL CORP/VA COMMON STOCK USD1.25,FXNC,COMMON STOCK,32106V107,US32106V1070,B018Y33,27286.0,734539.12,0.0,0,,FINANCIALS,UNITED STATES,AVUV,2026-04-01,,,,,,,,,,,,,
J + J SNACK FOODS CORP COMMON STOCK,JJSF,COMMON STOCK,466032109,US4660321096,2469171,9229.0,731582.83,0.0,0,,CONSUMER STAPLES,UNITED STATES,AVUV,2026-04-01,,,,,,,,,,,,,
CASS INFORMATION SYSTEMS INC COMMON STOCK USD.5,CASS,COMMON STOCK,14808P109,US14808P1093,2086558,15704.0,691290.08,0.0,0,,FINANCIALS,UNITED STATES,AVUV,2026-04-01,,,,,,,,,,,,,
FINANCIAL INSTITUTIONS INC COMMON STOCK USD.01,FISI,COMMON STOCK,317585404,US3175854047,2596949,21591.0,684650.61,0.0,0,,FINANCIALS,UNITED STATES,AVUV,2026-04-01,,,,,,,,,,,,,
HAWTHORN BANCSHARES INC COMMON STOCK USD1.0,HWBK,COMMON STOCK,420476103,US4204761039,2604217,19986.0,673328.34,0.0,0,,FINANCIALS,UNITED STATES,AVUV,2026-04-01,,,,,,,,,,,,,
INTERPARFUMS INC COMMON STOCK USD.001,IPAR,COMMON STOCK,458334109,US4583341098,2473150,7066.0,641875.44,0.0,0,,CONSUMER STAPLES,UNITED STATES,AVUV,2026-04-01,,,,,,,,,,,,,
OAK VALLEY BANCORP COMMON STOCK,OVLY,COMMON STOCK,671807105,US6718071052,B019FQ6,19149.0,621002.07,0.0,0,,FINANCIALS,UNITED STATES,AVUV,2026-04-01,,,,,,,,,,,,,
ISABELLA BANK CORP COMMON STOCK,ISBA,COMMON STOCK,464214105,US4642141059,2521941,13302.0,607502.34,0.0,0,,FINANCIALS,UNITED STATES,AVUV,2026-04-01,,,,,,,,,,,,,
NETGEAR INC COMMON STOCK USD.001,NTGR,COMMON STOCK,64111Q104,US64111Q1040,2688363,26257.0,573452.88,0.0,0,,INFORMATION TECHNOLOGY,UNITED STATES,AVUV,2026-04-01,,,,,,,,,,,,,
OMEGA FLEX INC COMMON STOCK USD.01,OFLX,COMMON STOCK,682095104,US6820951043,B0FPH75,18202.0,564990.08,0.0,0,,INDUSTRIALS,UNITED STATES,AVUV,2026-04-01,,,,,,,,,,,,,
AMERICAN OUTDOOR BRANDS INC COMMON STOCK,AOUT,COMMON STOCK,02875D109,US02875D1090,BMDMZV2,58677.0,548043.18,0.0,0,,CONSUMER DISCRETIONARY,UNITED STATES,AVUV,2026-04-01,,,,,,,,,,,,,
RIVERVIEW BANCORP INC COMMON STOCK USD.01,RVSB,COMMON STOCK,769397100,US7693971001,2117920,98066.0,539363.0,0.0,0,,FINANCIALS,UNITED STATES,AVUV,2026-04-01,,,,,,,,,,,,,
NERDWALLET INC CL A COMMON STOCK USD.0001,NRDS,COMMON STOCK,64082B102,US64082B1026,BMTW8S4,51933.0,539064.54,0.0,0,,FINANCIALS,UNITED STATES,AVUV,2026-04-01,,,,,,,,,,,,,
RADIANT LOGISTICS INC COMMON STOCK USD.001,RLGT,COMMON STOCK,75025X100,US75025X1000,B065G33,71816.0,506302.8,0.0,0,,INDUSTRIALS,UNITED STATES,AVUV,2026-04-01,,,,,,,,,,,,,
BEL FUSE INC CL B COMMON STOCK USD.1,BELFB,COMMON STOCK,077347300,US0773473006,2279897,2494.0,493762.12,0.0,0,,INFORMATION TECHNOLOGY,UNITED STATES,AVUV,2026-04-01,,,,,,,,,,,,,
CB FINANCIAL SERVICES INC COMMON STOCK,CBFV,COMMON STOCK,12479G101,US12479G1013,B032TT4,14336.0,490004.48,0.0,0,,FINANCIALS,UNITED STATES,AVUV,2026-04-01,,,,,,,,,,,,,
SERES THERAPEUTICS INC COMMON STOCK USD.001,MCRB,COMMON STOCK,81750R201,US81750R2013,BPJMTC6,54358.0,482155.46,0.0,0,,HEALTH CARE,UNITED STATES,AVUV,2026-04-01,,,,,,,,,,,,,
CONSUMER PORTFOLIO SERVICES COMMON STOCK,CPSS,COMMON STOCK,210502100,US2105021008,2223872,62332.0,481826.36,0.0,0,,FINANCIALS,UNITED STATES,AVUV,2026-04-01,,,,,,,,,,,,,
ELECTROMED INC COMMON STOCK USD.01,ELMD,COMMON STOCK,285409108,US2854091087,B3WLLH5,20363.0,476697.83,0.0,0,,HEALTH CARE,UNITED STATES,AVUV,2026-04-01,,,,,,,,,,,,,
TILE SHOP HLDGS INC COMMON STOCK USD.0001,TTSH,COMMON STOCK,88677Q208,US88677Q2084,BVFDHJ8,155077.0,469418.08,0.0,0,,CONSUMER DISCRETIONARY,UNITED STATES,AVUV,2026-04-01,,,,,,,,,,,,,
FULL HOUSE RESORTS INC COMMON STOCK USD.0001,FLL,COMMON STOCK,359678109,US3596781092,2357566,205832.0,463122.0,0.0,0,,CONSUMER DISCRETIONARY,UNITED STATES,AVUV,2026-04-01,,,,,,,,,,,,,
CRAWFORD + CO   CL B COMMON STOCK USD1.0,CRD.B,COMMON STOCK,224633107,US2246331076,2232072,44723.0,453491.22,0.0,0,,FINANCIALS,UNITED STATES,AVUV,2026-04-01,,,,,,,,,,,,,
VIRGINIA NATIONAL BANKSHARES COMMON STOCK USD2.5,VABK,COMMON STOCK,928031103,US9280311039,BHBFXS1,10625.0,405875.0,0.0,0,,FINANCIALS,UNITED STATES,AVUV,2026-04-01,,,,,,,,,,,,,
CLEARFIELD INC COMMON STOCK USD.01,CLFD,COMMON STOCK,18482P103,US18482P1030,2002059,14829.0,392523.63,0.0,0,,INFORMATION TECHNOLOGY,UNITED STATES,AVUV,2026-04-01,,,,,,,,,,,,,
KEROS THERAPEUTICS INC COMMON STOCK USD.0001,KROS,COMMON STOCK,492327101,US4923271013,BM7V485,31978.0,353037.12,0.0,0,,HEALTH CARE,UNITED STATES,AVUV,2026-04-01,,,,,,,,,,,,,
JAMES RIVER GROUP HOLDINGS I COMMON STOCK USD.0002,JRVR,COMMON STOCK,46990A102,US46990A1025,BV96YL4,54105.0,340861.5,0.0,0,,FINANCIALS,UNITED STATES,AVUV,2026-04-01,,,,,,,,,,,,,
HORIZON BANCORP INC/IN COMMON STOCK,HBNC,COMMON STOCK,440407104,US4404071049,2949316,20304.0,336437.28,0.0,0,,FINANCIALS,UNITED STATES,AVUV,2026-04-01,,,,,,,,,,,,,
LIFEVANTAGE CORP COMMON STOCK USD.0001,LFVN,COMMON STOCK,53222K205,US53222K2050,BYYMYP2,77413.0,334424.16,0.0,0,,CONSUMER STAPLES,UNITED STATES,AVUV,2026-04-01,,,,,,,,,,,,,
MARINE PRODUCTS CORP COMMON STOCK USD.1,MPX,COMMON STOCK,568427108,US5684271084,2737102,45883.0,333569.41,0.0,0,,CONSUMER DISCRETIONARY,UNITED STATES,AVUV,2026-04-01,,,,,,,,,,,,,
RICHARDSON ELEC LTD COMMON STOCK USD.05,RELL,COMMON STOCK,763165107,US7631651079,2736109,29763.0,325904.85,0.0,0,,INFORMATION TECHNOLOGY,UNITED STATES,AVUV,2026-04-01,,,,,,,,,,,,,
FLUSHING FINANCIAL CORP COMMON STOCK USD.01,FFIC,COMMON STOCK,343873105,US3438731057,2360111,20626.0,316815.36,0.0,0,,FINANCIALS,UNITED STATES,AVUV,2026-04-01,,,,,,,,,,,,,
CLEAN ENERGY FUELS CORP COMMON STOCK USD.0001,CLNE,COMMON STOCK,184499101,US1844991018,B1Y1PC2,124392.0,308492.16,0.0,0,,ENERGY,UNITED STATES,AVUV,2026-04-01,,,,,,,,,,,,,
RMR GROUP INC/THE   A COMMON STOCK,RMR,COMMON STOCK,74967R106,US74967R1068,BZ1N455,18307.0,283209.29,0.0,0,,REAL ESTATE,UNITED STATES,AVUV,2026-04-01,,,,,,,,,,,,,
TREDEGAR CORP COMMON STOCK,TG,COMMON STOCK,894650100,US8946501009,2903345,35524.0,282415.8,0.0,0,,MATERIALS,UNITED STATES,AVUV,2026-04-01,,,,,,,,,,,,,
GREEN PLAINS INC COMMON STOCK USD.001,GPRE,COMMON STOCK,393222104,US3932221043,B11FJD6,16682.0,274418.9,0.0,0,,ENERGY,UNITED STATES,AVUV,2026-04-01,,,,,,,,,,,,,
EASTERN CO/THE COMMON STOCK,EML,COMMON STOCK,276317104,US2763171046,2300087,13333.0,269859.92,0.0,0,,INDUSTRIALS,UNITED STATES,AVUV,2026-04-01,,,,,,,,,,,,,
HELEN OF TROY LTD COMMON STOCK USD.1,HELE,COMMON STOCK,G4388N106,BMG4388N1065,2419530,18218.0,262703.56,0.0,0,,CONSUMER DISCRETIONARY,UNITED STATES,AVUV,2026-04-01,,,,,,,,,,,,,
PONCE FINANCIAL GROUP INC COMMON STOCK USD.01,PDLB,COMMON STOCK,732344106,US7323441060,BMF8HX4,15199.0,253975.29,0.0,0,,FINANCIALS,UNITED STATES,AVUV,2026-04-01,,,,,,,,,,,,,
NORWOOD FINANCIAL CORP COMMON STOCK USD.1,NWFL,COMMON STOCK,669549107,US6695491075,2549233,8123.0,238978.66,0.0,0,,FINANCIALS,UNITED STATES,AVUV,2026-04-01,,,,,,,,,,,,,
OPENDOOR TECHNOLOGIES INC OPENDOOR TECHNOLOGIES INC 26,OPENW,WARRANTS,683712129,US6837121291,BLGXLN9,379901.0,230599.91,0.0,0,,REAL ESTATE,UNITED STATES,AVUV,2026-04-01,,,,,,,,,,,,,
FOX FACTORY HOLDING CORP COMMON STOCK USD.001,FOXF,COMMON STOCK,35138V102,US35138V1026,BCRY5K3,13594.0,223757.24,0.0,0,,CONSUMER DISCRETIONARY,UNITED STATES,AVUV,2026-04-01,,,,,,,,,,,,,
MIMEDX GROUP INC COMMON STOCK USD.001,MDXG,COMMON STOCK,602496101,US6024961012,B1Z3TW5,55861.0,220650.95,0.0,0,,HEALTH CARE,UNITED STATES,AVUV,2026-04-01,,,,,,,,,,,,,
GROCERY OUTLET HOLDING CORP COMMON STOCK USD.001,GO,COMMON STOCK,39874R101,US39874R1014,BK1KWF7,26537.0,187085.85,0.0,0,,CONSUMER STAPLES,UNITED STATES,AVUV,2026-04-01,,,,,,,,,,,,,
EHEALTH INC COMMON STOCK USD.001,EHTH,COMMON STOCK,28238P109,US28238P1093,B1G0F83,138111.0,178163.19,0.0,0,,FINANCIALS,UNITED STATES,AVUV,2026-04-01,,,,,,,,,,,,,
WEYCO GROUP INC COMMON STOCK USD1.0,WEYS,COMMON STOCK,962149100,US9621491003,2947774,5536.0,177428.8,0.0,0,,CONSUMER DISCRETIONARY,UNITED STATES,AVUV,2026-04-01,,,,,,,,,,,,,
HANOVER BANCORP INC COMMON STOCK,HNVR,COMMON STOCK,410709109,US4107091096,BQB4DZ8,8199.0,177016.41,0.0,0,,FINANCIALS,UNITED STATES,AVUV,2026-04-01,,,,,,,,,,,,,
ONE GROUP HOSPITALITY INC/TH COMMON STOCK USD.0001,STKS,COMMON STOCK,88338K103,US88338K1034,BNKH4B0,98584.0,175479.52,0.0,0,,CONSUMER DISCRETIONARY,UNITED STATES,AVUV,2026-04-01,,,,,,,,,,,,,
TWIN DISC INC COMMON STOCK,TWIN,COMMON STOCK,901476101,US9014761012,2908685,11328.0,170712.96,0.0,0,,INDUSTRIALS,UNITED STATES,AVUV,2026-04-01,,,,,,,,,,,,,
M TRON INDUSTRIES INC COMMON STOCK USD.01,MPTI,COMMON STOCK,55380K109,US55380K1097,BMQ67R1,2532.0,169264.2,0.0,0,,INFORMATION TECHNOLOGY,UNITED STATES,AVUV,2026-04-01,,,,,,,,,,,,,
DRILLING TOOLS INTERNATIONAL COMMON STOCK USD.0001,DTI,COMMON STOCK,26205E107,US26205E1073,BQLSC31,39003.0,168882.99,0.0,0,,ENERGY,UNITED STATES,AVUV,2026-04-01,,,,,,,,,,,,,
FINWARD BANCORP COMMON STOCK,FNWD,COMMON STOCK,31812F109,US31812F1093,BN0TRH3,4543.0,164910.9,0.0,0,,FINANCIALS,UNITED STATES,AVUV,2026-04-01,,,,,,,,,,,,,
TASKUS INC A COMMON STOCK USD.01,TASK,COMMON STOCK,87652V109,US87652V1098,BN44TB2,24566.0,164837.86,0.0,0,,INDUSTRIALS,UNITED STATES,AVUV,2026-04-01,,,,,,,,,,,,,
ATEGRITY SPECIALTY HOLDINGS COMMON STOCK,ASIC,COMMON STOCK,04681Y103,US04681Y1038,BRQQ033,8281.0,163715.37,0.0,0,,FINANCIALS,UNITED STATES,AVUV,2026-04-01,,,,,,,,,,,,,
AMTECH SYSTEMS INC COMMON STOCK USD.01,ASYS,COMMON STOCK,032332504,US0323325045,2400619,11848.0,138384.64,0.0,0,,INFORMATION TECHNOLOGY,UNITED STATES,AVUV,2026-04-01,,,,,,,,,,,,,
VALHI INC COMMON STOCK USD.01,VHI,COMMON STOCK,918905209,US9189052098,BMG4NS8,9599.0,137265.7,0.0,0,,MATERIALS,UNITED STATES,AVUV,2026-04-01,,,,,,,,,,,,,
DULUTH HOLDINGS INC   CL B COMMON STOCK,DLTH,COMMON STOCK,26443V101,US26443V1017,BYP97Q4,41918.0,132460.88,0.0,0,,CONSUMER DISCRETIONARY,UNITED STATES,AVUV,2026-04-01,,,,,,,,,,,,,
SIFCO INDUSTRIES COMMON STOCK USD1.0,SIF,COMMON STOCK,826546103,US8265461033,2807500,9519.0,126697.89,0.0,0,,INDUSTRIALS,UNITED STATES,AVUV,2026-04-01,,,,,,,,,,,,,
Q32 BIO INC COMMON STOCK USD.0001,QTTB,COMMON STOCK,746964105,US7469641051,BS2FKQ4,18770.0,120503.4,0.0,0,,HEALTH CARE,UNITED STATES,AVUV,2026-04-01,,,,,,,,,,,,,
AMREP CORP COMMON STOCK USD.1,AXR,COMMON STOCK,032159105,US0321591051,2031804,4124.0,116008.12,0.0,0,,REAL ESTATE,UNITED STATES,AVUV,2026-04-01,,,,,,,,,,,,,
ARDENT HEALTH INC COMMON STOCK USD.01,ARDT,COMMON STOCK,03980N107,US03980N1072,BSF1W07,12319.0,105450.64,0.0,0,,HEALTH CARE,UNITED STATES,AVUV,2026-04-01,,,,,,,,,,,,,
TURTLE BEACH CORP COMMON STOCK,TBCH,COMMON STOCK,900450206,US9004502061,BF5HDT0,9514.0,96471.96,0.0,0,,INFORMATION TECHNOLOGY,UNITED STATES,AVUV,2026-04-01,,,,,,,,,,,,,
UNIFI INC COMMON STOCK USD.1,UFI,COMMON STOCK,904677200,US9046772003,2911865,23563.0,84119.91,0.0,0,,CONSUMER DISCRETIONARY,UNITED STATES,AVUV,2026-04-01,,,,,,,,,,,,,
FIRST WESTERN FINANCIAL INC COMMON STOCK,MYFW,COMMON STOCK,33751L105,US33751L1052,BDD1B52,3274.0,80474.92,0.0,0,,FINANCIALS,UNITED STATES,AVUV,2026-04-01,,,,,,,,,,,,,
HF FOODS GROUP INC COMMON STOCK USD.0001,HFFG,COMMON STOCK,40417F109,US40417F1093,BYZLWZ4,38022.0,70340.7,0.0,0,,CONSUMER STAPLES,UNITED STATES,AVUV,2026-04-01,,,,,,,,,,,,,
JOINT CORP/THE COMMON STOCK USD.001,JYNT,COMMON STOCK,47973J102,US47973J1025,BRK0127,7559.0,66897.15,0.0,0,,HEALTH CARE,UNITED STATES,AVUV,2026-04-01,,,,,,,,,,,,,
EASTERN BANKSHARES INC COMMON STOCK USD.01,EBC,COMMON STOCK,27627N105,US27627N1054,BMXL9H3,2973.0,58151.88,0.0,0,,FINANCIALS,UNITED STATES,AVUV,2026-04-01,,,,,,,,,,,,,
ESCALADE INC COMMON STOCK,ESCA,COMMON STOCK,296056104,US2960561049,2321561,3175.0,54514.75,0.0,0,,CONSUMER DISCRETIONARY,UNITED STATES,AVUV,2026-04-01,,,,,,,,,,,,,
PRO DEX INC COMMON STOCK,PDEX,COMMON STOCK,74265M205,US74265M2052,2704292,1065.0,52312.8,0.0,0,,HEALTH CARE,UNITED STATES,AVUV,2026-04-01,,,,,,,,,,,,,
WESTERN NEW ENGLAND BANCORP COMMON STOCK USD.01,WNEB,COMMON STOCK,958892101,US9588921018,BZCNLM0,3560.0,46030.8,0.0,0,,FINANCIALS,UNITED STATES,AVUV,2026-04-01,,,,,,,,,,,,,
TECHTARGET INC COMMON STOCK USD.001,TTGT,COMMON STOCK,87874R308,US87874R3084,BPG4DP6,10924.0,42385.12,0.0,0,,COMMUNICATION SERVICES,UNITED STATES,AVUV,2026-04-01,,,,,,,,,,,,,
PRAIRIE OPERATING CO COMMON STOCK USD.0001,PROP,COMMON STOCK,739650109,US7396501097,BRBR2C4,20611.0,41840.33,0.0,0,,ENERGY,UNITED STATES,AVUV,2026-04-01,,,,,,,,,,,,,
FIDELITY D+D BANCORP INC COMMON STOCK,FDBC,COMMON STOCK,31609R100,US31609R1005,2610913,711.0,30772.08,0.0,0,,FINANCIALS,UNITED STATES,AVUV,2026-04-01,,,,,,,,,,,,,
BLACK DIAMOND THERAPEUTICS I COMMON STOCK,BDTX,COMMON STOCK,09203E105,US09203E1055,BKTV702,12801.0,27266.13,0.0,0,,HEALTH CARE,UNITED STATES,AVUV,2026-04-01,,,,,,,,,,,,,
SIEBERT FINANCIAL CORP COMMON STOCK USD.01,SIEB,COMMON STOCK,826176109,US8261761097,2799384,11690.0,22444.8,0.0,0,,FINANCIALS,UNITED STATES,AVUV,2026-04-01,,,,,,,,,,,,,
INVESTORS TITLE CO COMMON STOCK,ITIC,COMMON STOCK,461804106,US4618041069,2469892,90.0,19560.6,0.0,0,,FINANCIALS,UNITED STATES,AVUV,2026-04-01,,,,,,,,,,,,,
SILVACO GROUP INC COMMON STOCK USD.0001,SVCO,COMMON STOCK,82728C102,US82728C1027,BQMQ1G0,2644.0,18719.52,0.0,0,,INFORMATION TECHNOLOGY,UNITED STATES,AVUV,2026-04-01,,,,,,,,,,,,,
TEAM INC COMMON STOCK USD.3,TISI,COMMON STOCK,878155308,US8781553081,BQZBQP6,1115.0,17773.1,0.0,0,,INDUSTRIALS,UNITED STATES,AVUV,2026-04-01,,,,,,,,,,,,,
CINEVERSE CORP COMMON STOCK USD.001,CNVS,COMMON STOCK,172406308,US1724063086,BQKRDP8,5804.0,13929.6,0.0,0,,COMMUNICATION SERVICES,UNITED STATES,AVUV,2026-04-01,,,,,,,,,,,,,
GEOSPACE TECHNOLOGIES CORP COMMON STOCK USD.01,GEOS,COMMON STOCK,37364X109,US37364X1090,B89MJ94,1118.0,13639.6,0.0,0,,ENERGY,UNITED STATES,AVUV,2026-04-01,,,,,,,,,,,,,
BARNES + NOBLE EDUCATION INC COMMON STOCK USD.01,BNED,COMMON STOCK,06777U200,US06777U2006,BNNRMX5,1528.0,13492.24,0.0,0,,CONSUMER DISCRETIONARY,UNITED STATES,AVUV,2026-04-01,,,,,,,,,,,,,
XBIOTECH INC COMMON STOCK,XBIT,COMMON STOCK,98400H102,CA98400H1029,BWD1LM2,5371.0,12621.85,0.0,0,,HEALTH CARE,UNITED STATES,AVUV,2026-04-01,,,,,,,,,,,,,
SEAPORT ENTERTAINMENT GROUP COMMON STOCK,SEG,COMMON STOCK,812215200,US8122152007,BRXXTF2,504.0,10825.92,0.0,0,,REAL ESTATE,UNITED STATES,AVUV,2026-04-01,,,,,,,,,,,,,
GOHEALTH INC CLASS A COMMON STOCK USD.0001,GOCO,COMMON STOCK,38046W204,US38046W2044,BP5JF56,7110.0,10736.1,0.0,0,,FINANCIALS,UNITED STATES,AVUV,2026-04-01,,,,,,,,,,,,,
GEN DIGITAL INC RIGHT,GENVR,RIGHTS,668771116,US6687711167,BN12P88,21590.0,10421.49,0.0,0,,INFORMATION TECHNOLOGY,UNITED STATES,AVUV,2026-04-01,,,,,,,,,,,,,
PETMED EXPRESS INC COMMON STOCK USD.001,PETS,COMMON STOCK,716382106,US7163821066,2143099,4286.0,9772.08,0.0,0,,CONSUMER DISCRETIONARY,UNITED STATES,AVUV,2026-04-01,,,,,,,,,,,,,
UNITED STATES LIME + MINERAL COMMON STOCK USD.1,USLM,COMMON STOCK,911922102,US9119221029,2724115,52.0,6791.72,0.0,0,,MATERIALS,UNITED STATES,AVUV,2026-04-01,,,,,,,,,,,,,
ALTA EQUIPMENT GROUP INC COMMON STOCK,ALTG,COMMON STOCK,02128L106,US02128L1061,BLLCYB0,1118.0,6003.66,0.0,0,,INDUSTRIALS,UNITED STATES,AVUV,2026-04-01,,,,,,,,,,,,,
M TRON INDUSTRIES INC RIGHT,MPTI-R,RIGHTS,55380K133,US55380K1337,BMW23B9,2532.0,5317.2,0.0,0,,INFORMATION TECHNOLOGY,UNITED STATES,AVUV,2026-04-01,,,,,,,,,,,,,
TSS INC COMMON STOCK USD.0001,TSSI,COMMON STOCK,87288V101,US87288V1017,BBK3WF4,217.0,2823.17,0.0,0,,INFORMATION TECHNOLOGY,UNITED STATES,AVUV,2026-04-01,,,,,,,,,,,,,
FIGS INC CLASS A COMMON STOCK USD.0001,FIGS,COMMON STOCK,30260D103,US30260D1037,BMXXBD9,172.0,2540.44,0.0,0,,CONSUMER DISCRETIONARY,UNITED STATES,AVUV,2026-04-01,,,,,,,,,,,,,
HEALTH CATALYST INC COMMON STOCK USD.001,HCAT,COMMON STOCK,42225T107,US42225T1079,BKLCX50,1853.0,2353.31,0.0,0,,HEALTH CARE,UNITED STATES,AVUV,2026-04-01,,,,,,,,,,,,,
PAMT CORP COMMON STOCK USD.01,PAMT,COMMON STOCK,693149106,US6931491061,2669090,247.0,2087.15,0.0,0,,INDUSTRIALS,UNITED STATES,AVUV,2026-04-01,,,,,,,,,,,,,
CANTERBURY PARK HOLDING CORP COMMON STOCK USD.01,CPHC,COMMON STOCK,13811E101,US13811E1010,2586865,118.0,1817.2,0.0,0,,CONSUMER DISCRETIONARY,UNITED STATES,AVUV,2026-04-01,,,,,,,,,,,,,
LOVESAC CO/THE COMMON STOCK USD.00001,LOVE,COMMON STOCK,54738L109,US54738L1098,BG88WJ0,105.0,1550.85,0.0,0,,CONSUMER DISCRETIONARY,UNITED STATES,AVUV,2026-04-01,,,,,,,,,,,,,
B+G FOODS INC COMMON STOCK USD.01,BGS,COMMON STOCK,05508R106,US05508R1068,B034L49,274.0,1317.94,0.0,0,,CONSUMER STAPLES,UNITED STATES,AVUV,2026-04-01,,,,,,,,,,,,,
CONTRA CARGO THERAPEUT COMMON STOCK,OTHER,RIGHTS,141CVR019,US141CVR0196,,54092.0,540.92,0.0,0,,HEALTH CARE,UNITED STATES,AVUV,2026-04-01,,,,,,,,,,,,,
OMNIAB INC   12.5 EARNOUT COMMON STOCK,2200963D,COMMON STOCK,68218J202,US68218J2024,BP0VHM8,21075.0,80.09,0.0,0,,HEALTH CARE,UNITED STATES,AVUV,2026-04-01,,,,,,,,,,,,,
OMNIAB INC   15.00 EARNOUT COMMON STOCK,2200964D,COMMON STOCK,68218J301,US68218J3014,BP0VHL7,21075.0,40.04,0.0,0,,HEALTH CARE,UNITED STATES,AVUV,2026-04-01,,,,,,,,,,,,,
EXXON MOBIL CORP COMMON STOCK,XOM,COMMON STOCK,30231G102,US30231G1022,2326618,2291885.0,388841209.1,3.71,0,,ENERGY,UNITED STATES,AVLV,2026-04-01,,,,,,,,,,,,,
APPLE INC COMMON STOCK USD.00001,AAPL,COMMON STOCK,037833100,US0378331005,2046251,1170007.0,296936076.53,2.84,0,,INFORMATION TECHNOLOGY,UNITED STATES,AVLV,2026-04-01,,,,,,,,,,,,,
MICRON TECHNOLOGY INC COMMON STOCK USD.1,MU,COMMON STOCK,595112103,US5951121038,2588184,850565.0,287354879.6,2.74,0,,INFORMATION TECHNOLOGY,UNITED STATES,AVLV,2026-04-01,,,,,,,,,,,,,
META PLATFORMS INC CLASS A COMMON STOCK USD.000006,META,COMMON STOCK,30303M102,US30303M1027,B7TL820,498581.0,285253147.53,2.72,0,,COMMUNICATION SERVICES,UNITED STATES,AVLV,2026-04-01,,,,,,,,,,,,,
AMAZON.COM INC COMMON STOCK USD.01,AMZN,COMMON STOCK,023135106,US0231351067,2000019,1350801.0,281331324.27,2.69,0,,CONSUMER DISCRETIONARY,UNITED STATES,AVLV,2026-04-01,,,,,,,,,,,,,
CATERPILLAR INC COMMON STOCK USD1.0,CAT,COMMON STOCK,149123101,US1491231015,2180201,377208.0,267236779.68,2.55,0,,INDUSTRIALS,UNITED STATES,AVLV,2026-04-01,,,,,,,,,,,,,
MERCK + CO. INC. COMMON STOCK USD.5,MRK,COMMON STOCK,58933Y105,US58933Y1055,2778844,2056176.0,247337411.04,2.36,0,,HEALTH CARE,UNITED STATES,AVLV,2026-04-01,,,,,,,,,,,,,
LAM RESEARCH CORP COMMON STOCK USD.001,LRCX,COMMON STOCK,512807306,US5128073062,BSML4N7,1113991.0,238015317.06,2.27,0,,INFORMATION TECHNOLOGY,UNITED STATES,AVLV,2026-04-01,,,,,,,,,,,,,
COSTCO WHOLESALE CORP COMMON STOCK USD.005,COST,COMMON STOCK,22160K105,US22160K1051,2701271,237131.0,236284442.33,2.26,0,,CONSUMER STAPLES,UNITED STATES,AVLV,2026-04-01,,,,,,,,,,,,,
JPMORGAN CHASE + CO COMMON STOCK USD1.0,JPM,COMMON STOCK,46625H100,US46625H1005,2190385,760161.0,223608959.76,2.14,0,,FINANCIALS,UNITED STATES,AVLV,2026-04-01,,,,,,,,,,,,,
VERIZON COMMUNICATIONS INC COMMON STOCK USD.1,VZ,COMMON STOCK,92343V104,US92343V1044,2090571,3677980.0,184634596.0,1.76,0,,COMMUNICATION SERVICES,UNITED STATES,AVLV,2026-04-01,,,,,,,,,,,,,
APPLIED MATERIALS INC COMMON STOCK USD.01,AMAT,COMMON STOCK,038222105,US0382221051,2046552,531124.0,181532871.96,1.73,0,,INFORMATION TECHNOLOGY,UNITED STATES,AVLV,2026-04-01,,,,,,,,,,,,,
GILEAD SCIENCES INC COMMON STOCK USD.001,GILD,COMMON STOCK,375558103,US3755581036,2369174,1297223.0,180793969.51,1.73,0,,HEALTH CARE,UNITED STATES,AVLV,2026-04-01,,,,,,,,,,,,,
CONOCOPHILLIPS COMMON STOCK USD.01,COP,COMMON STOCK,20825C104,US20825C1045,2685717,1335583.0,176296956.0,1.68,0,,ENERGY,UNITED STATES,AVLV,2026-04-01,,,,,,,,,,,,,
TJX COMPANIES INC COMMON STOCK USD1.0,TJX,COMMON STOCK,872540109,US8725401090,2989301,1081807.0,172764577.9,1.65,0,,CONSUMER DISCRETIONARY,UNITED STATES,AVLV,2026-04-01,,,,,,,,,,,,,
UNION PACIFIC CORP COMMON STOCK USD2.5,UNP,COMMON STOCK,907818108,US9078181081,2914734,649650.0,157618083.0,1.51,0,,INDUSTRIALS,UNITED STATES,AVLV,2026-04-01,,,,,,,,,,,,,
WALMART INC COMMON STOCK USD.1,WMT,COMMON STOCK,931142103,US9311421039,2936921,1204782.0,149730306.96,1.43,0,,CONSUMER STAPLES,UNITED STATES,AVLV,2026-04-01,,,,,,,,,,,,,
MICROSOFT CORP COMMON STOCK USD.00000625,MSFT,COMMON STOCK,594918104,US5949181045,2588173,339792.0,125780804.64,1.2,0,,INFORMATION TECHNOLOGY,UNITED STATES,AVLV,2026-04-01,,,,,,,,,,,,,
KLA CORP COMMON STOCK USD.001,KLAC,COMMON STOCK,482480100,US4824801009,2480138,77374.0,113926251.34,1.09,0,,INFORMATION TECHNOLOGY,UNITED STATES,AVLV,2026-04-01,,,,,,,,,,,,,
EOG RESOURCES INC COMMON STOCK USD.01,EOG,COMMON STOCK,26875P101,US26875P1012,2318024,780890.0,112893267.3,1.08,0,,ENERGY,UNITED STATES,AVLV,2026-04-01,,,,,,,,,,,,,
PROGRESSIVE CORP COMMON STOCK USD1.0,PGR,COMMON STOCK,743315103,US7433151039,2705024,561130.0,111238411.2,1.06,0,,FINANCIALS,UNITED STATES,AVLV,2026-04-01,,,,,,,,,,,,,
AMERICAN EXPRESS CO COMMON STOCK USD.2,AXP,COMMON STOCK,025816109,US0258161092,2026082,366802.0,110950268.96,1.06,0,,FINANCIALS,UNITED STATES,AVLV,2026-04-01,,,,,,,,,,,,,
ROSS STORES INC COMMON STOCK USD.01,ROST,COMMON STOCK,778296103,US7782961038,2746711,511525.0,110811660.75,1.06,0,,CONSUMER DISCRETIONARY,UNITED STATES,AVLV,2026-04-01,,,,,,,,,,,,,
GENERAL MOTORS CO COMMON STOCK USD.01,GM,COMMON STOCK,37045V100,US37045V1008,B665KZ5,1479567.0,110227741.5,1.05,0,,CONSUMER DISCRETIONARY,UNITED STATES,AVLV,2026-04-01,,,,,,,,,,,,,
MORGAN STANLEY COMMON STOCK USD.01,MS,COMMON STOCK,617446448,US6174464486,2262314,661349.0,108838204.93,1.04,0,,FINANCIALS,UNITED STATES,AVLV,2026-04-01,,,,,,,,,,,,,
CSX CORP COMMON STOCK USD1.0,CSX,COMMON STOCK,126408103,US1264081035,2160753,2632557.0,108066464.85,1.03,0,,INDUSTRIALS,UNITED STATES,AVLV,2026-04-01,,,,,,,,,,,,,
FEDEX CORP COMMON STOCK USD.1,FDX,COMMON STOCK,31428X106,US31428X1063,2142784,287990.0,102576278.2,0.98,0,,INDUSTRIALS,UNITED STATES,AVLV,2026-04-01,,,,,,,,,,,,,
WILLIAMS COS INC COMMON STOCK USD1.0,WMB,COMMON STOCK,969457100,US9694571004,2967181,1392366.0,101336397.48,0.97,0,,ENERGY,UNITED STATES,AVLV,2026-04-01,,,,,,,,,,,,,
CHENIERE ENERGY INC COMMON STOCK USD.003,LNG,COMMON STOCK,16411R208,US16411R2085,2654364,350553.0,99472919.28,0.95,0,,ENERGY,UNITED STATES,AVLV,2026-04-01,,,,,,,,,,,,,
TRAVELERS COS INC/THE COMMON STOCK,TRV,COMMON STOCK,89417E109,US89417E1091,2769503,333689.0,97330407.52,0.93,0,,FINANCIALS,UNITED STATES,AVLV,2026-04-01,,,,,,,,,,,,,
TARGA RESOURCES CORP COMMON STOCK USD.001,TRGP,COMMON STOCK,87612G101,US87612G1013,B55PZY3,381520.0,95658509.6,0.91,0,,ENERGY,UNITED STATES,AVLV,2026-04-01,,,,,,,,,,,,,
FREEPORT MCMORAN INC COMMON STOCK USD.1,FCX,COMMON STOCK,35671D857,US35671D8570,2352118,1613863.0,94862867.14,0.91,0,,MATERIALS,UNITED STATES,AVLV,2026-04-01,,,,,,,,,,,,,
UNITED PARCEL SERVICE CL B COMMON STOCK USD.01,UPS,COMMON STOCK,911312106,US9113121068,2517382,922092.0,90715410.96,0.87,0,,INDUSTRIALS,UNITED STATES,AVLV,2026-04-01,,,,,,,,,,,,,
NORFOLK SOUTHERN CORP COMMON STOCK USD1.0,NSC,COMMON STOCK,655844108,US6558441084,2641894,289590.0,83112330.0,0.79,0,,INDUSTRIALS,UNITED STATES,AVLV,2026-04-01,,,,,,,,,,,,,
ROYAL CARIBBEAN CRUISES LTD COMMON STOCK USD.01,RCL,COMMON STOCK,V7780T103,LR0008862868,2754907,300594.0,82717456.92,0.79,0,,CONSUMER DISCRETIONARY,UNITED STATES,AVLV,2026-04-01,,,,,,,,,,,,,
T MOBILE US INC COMMON STOCK USD.0001,TMUS,COMMON STOCK,872590104,US8725901040,B94Q9V0,388319.0,81558639.57,0.78,0,,COMMUNICATION SERVICES,UNITED STATES,AVLV,2026-04-01,,,,,,,,,,,,,
DEERE + CO COMMON STOCK USD1.0,DE,COMMON STOCK,244199105,US2441991054,2261203,144777.0,81552884.1,0.78,0,,INDUSTRIALS,UNITED STATES,AVLV,2026-04-01,,,,,,,,,,,,,
TARGET CORP COMMON STOCK USD.0833,TGT,COMMON STOCK,87612E106,US87612E1064,2259101,667250.0,80870700.0,0.77,0,,CONSUMER STAPLES,UNITED STATES,AVLV,2026-04-01,,,,,,,,,,,,,
ALLSTATE CORP COMMON STOCK USD.01,ALL,COMMON STOCK,020002101,US0200021014,2019952,379403.0,78665418.02,0.75,0,,FINANCIALS,UNITED STATES,AVLV,2026-04-01,,,,,,,,,,,,,
DELTA AIR LINES INC COMMON STOCK USD.0001,DAL,COMMON STOCK,247361702,US2473617023,B1W9D46,1179819.0,78434367.12,0.75,0,,INDUSTRIALS,UNITED STATES,AVLV,2026-04-01,,,,,,,,,,,,,
ALPHABET INC CL A COMMON STOCK USD.001,GOOGL,COMMON STOCK,02079K305,US02079K3059,BYVY8G0,266914.0,76753789.84,0.73,0,,COMMUNICATION SERVICES,UNITED STATES,AVLV,2026-04-01,,,,,,,,,,,,,
KROGER CO COMMON STOCK USD1.0,KR,COMMON STOCK,501044101,US5010441013,2497406,1039960.0,75251505.6,0.72,0,,CONSUMER STAPLES,UNITED STATES,AVLV,2026-04-01,,,,,,,,,,,,,
WW GRAINGER INC COMMON STOCK USD.5,GWW,COMMON STOCK,384802104,US3848021040,2380863,66937.0,73015548.97,0.7,0,,INDUSTRIALS,UNITED STATES,AVLV,2026-04-01,,,,,,,,,,,,,
AMERIPRISE FINANCIAL INC COMMON STOCK USD.01,AMP,COMMON STOCK,03076C106,US03076C1062,B0J7D57,160290.0,71232876.0,0.68,0,,FINANCIALS,UNITED STATES,AVLV,2026-04-01,,,,,,,,,,,,,
HARTFORD INSURANCE GROUP INC COMMON STOCK USD.01,HIG,COMMON STOCK,416515104,US4165151048,2476193,524657.0,70949366.11,0.68,0,,FINANCIALS,UNITED STATES,AVLV,2026-04-01,,,,,,,,,,,,,
OCCIDENTAL PETROLEUM CORP COMMON STOCK USD.2,OXY,COMMON STOCK,674599105,US6745991058,2655408,1011572.0,65752180.0,0.63,0,,ENERGY,UNITED STATES,AVLV,2026-04-01,,,,,,,,,,,,,
TECHNIPFMC PLC COMMON STOCK USD1.0,FTI,COMMON STOCK,G87110105,GB00BDSFG982,BDSFG98,934238.0,64583872.94,0.62,0,,ENERGY,UNITED STATES,AVLV,2026-04-01,,,,,,,,,,,,,
DEVON ENERGY CORP COMMON STOCK USD.1,DVN,COMMON STOCK,25179M103,US25179M1036,2480677,1233903.0,62089998.96,0.59,0,,ENERGY,UNITED STATES,AVLV,2026-04-01,,,,,,,,,,,,,
EMCOR GROUP INC COMMON STOCK USD.01,EME,COMMON STOCK,29084Q100,US29084Q1004,2474164,83830.0,61892527.3,0.59,0,,INDUSTRIALS,UNITED STATES,AVLV,2026-04-01,,,,,,,,,,,,,
UNITED AIRLINES HOLDINGS INC COMMON STOCK USD.01,UAL,COMMON STOCK,910047109,US9100471096,B4QG225,662826.0,61026389.82,0.58,0,,INDUSTRIALS,UNITED STATES,AVLV,2026-04-01,,,,,,,,,,,,,
ALPHABET INC CL C COMMON STOCK USD.001,GOOG,COMMON STOCK,02079K107,US02079K1079,BYY88Y7,209174.0,60003653.64,0.57,0,,COMMUNICATION SERVICES,UNITED STATES,AVLV,2026-04-01,,,,,,,,,,,,,
AMERICAN INTERNATIONAL GROUP COMMON STOCK USD2.5,AIG,COMMON STOCK,026874784,US0268747849,2027342,795763.0,59881165.75,0.57,0,,FINANCIALS,UNITED STATES,AVLV,2026-04-01,,,,,,,,,,,,,
COMCAST CORP CLASS A COMMON STOCK USD.01,CMCSA,COMMON STOCK,20030N101,US20030N1019,2044545,2066334.0,58642558.92,0.56,0,,COMMUNICATION SERVICES,UNITED STATES,AVLV,2026-04-01,,,,,,,,,,,,,
OLD DOMINION FREIGHT LINE COMMON STOCK USD.1,ODFL,COMMON STOCK,679580100,US6795801009,2656423,299051.0,58434565.4,0.56,0,,INDUSTRIALS,UNITED STATES,AVLV,2026-04-01,,,,,,,,,,,,,
CUMMINS INC COMMON STOCK USD2.5,CMI,COMMON STOCK,231021106,US2310211063,2240202,103609.0,55743714.18,0.53,0,,INDUSTRIALS,UNITED STATES,AVLV,2026-04-01,,,,,,,,,,,,,
METLIFE INC COMMON STOCK USD.01,MET,COMMON STOCK,59156R108,US59156R1086,2573209,772023.0,54597466.56,0.52,0,,FINANCIALS,UNITED STATES,AVLV,2026-04-01,,,,,,,,,,,,,
FLEX LTD COMMON STOCK,FLEX,COMMON STOCK,Y2573F102,SG9999000020,2353058,833956.0,54590759.76,0.52,0,,INFORMATION TECHNOLOGY,UNITED STATES,AVLV,2026-04-01,,,,,,,,,,,,,
SYNCHRONY FINANCIAL COMMON STOCK USD.001,SYF,COMMON STOCK,87165B103,US87165B1035,BP96PS6,771989.0,52510691.78,0.5,0,,FINANCIALS,UNITED STATES,AVLV,2026-04-01,,,,,,,,,,,,,
COTERRA ENERGY INC COMMON STOCK USD.1,CTRA,COMMON STOCK,127097103,US1270971039,2162340,1472856.0,51756159.84,0.49,0,,ENERGY,UNITED STATES,AVLV,2026-04-01,,,,,,,,,,,,,
ARCH CAPITAL GROUP LTD COMMON STOCK USD.01,ACGL,COMMON STOCK,G0450A105,BMG0450A1053,2740542,535542.0,51406676.58,0.49,0,,FINANCIALS,UNITED STATES,AVLV,2026-04-01,,,,,,,,,,,,,
HALLIBURTON CO COMMON STOCK USD2.5,HAL,COMMON STOCK,406216101,US4062161017,2405302,1305594.0,50905110.06,0.49,0,,ENERGY,UNITED STATES,AVLV,2026-04-01,,,,,,,,,,,,,
ULTA BEAUTY INC COMMON STOCK,ULTA,COMMON STOCK,90384S303,US90384S3031,B28TS42,97386.0,50904636.06,0.49,0,,CONSUMER DISCRETIONARY,UNITED STATES,AVLV,2026-04-01,,,,,,,,,,,,,
NETFLIX INC COMMON STOCK USD.001,NFLX,COMMON STOCK,64110L106,US64110L1061,2857817,526421.0,50615379.15,0.48,0,,COMMUNICATION SERVICES,UNITED STATES,AVLV,2026-04-01,,,,,,,,,,,,,
CARNIVAL CORP COMMON STOCK USD.01,CCL,COMMON STOCK,143658300,PA1436583006,2523044,1905923.0,49325287.24,0.47,0,,CONSUMER DISCRETIONARY,UNITED STATES,AVLV,2026-04-01,,,,,,,,,,,,,
DOLLAR GENERAL CORP COMMON STOCK USD.875,DG,COMMON STOCK,256677105,US2566771059,B5B1S13,400419.0,47541747.87,0.45,0,,CONSUMER STAPLES,UNITED STATES,AVLV,2026-04-01,,,,,,,,,,,,,
PRUDENTIAL FINANCIAL INC COMMON STOCK USD.01,PRU,COMMON STOCK,744320102,US7443201022,2819118,484214.0,47302865.66,0.45,0,,FINANCIALS,UNITED STATES,AVLV,2026-04-01,,,,,,,,,,,,,
CHIPOTLE MEXICAN GRILL INC COMMON STOCK USD.01,CMG,COMMON STOCK,169656105,US1696561059,B0X7DZ3,1424868.0,45610024.68,0.44,0,,CONSUMER DISCRETIONARY,UNITED STATES,AVLV,2026-04-01,,,,,,,,,,,,,
WILLIAMS SONOMA INC COMMON STOCK USD.01,WSM,COMMON STOCK,969904101,US9699041011,2967589,249523.0,45495528.59,0.43,0,,CONSUMER DISCRETIONARY,UNITED STATES,AVLV,2026-04-01,,,,,,,,,,,,,
BURLINGTON STORES INC COMMON STOCK USD.0001,BURL,COMMON STOCK,122017106,US1220171060,BF311Y5,139248.0,45308514.24,0.43,0,,CONSUMER DISCRETIONARY,UNITED STATES,AVLV,2026-04-01,,,,,,,,,,,,,
TRACTOR SUPPLY COMPANY COMMON STOCK USD.008,TSCO,COMMON STOCK,892356106,US8923561067,2900335,996377.0,45135878.1,0.43,0,,CONSUMER DISCRETIONARY,UNITED STATES,AVLV,2026-04-01,,,,,,,,,,,,,
DOLLAR TREE INC COMMON STOCK USD.01,DLTR,COMMON STOCK,256746108,US2567461080,2272476,394933.0,43249112.83,0.41,0,,CONSUMER STAPLES,UNITED STATES,AVLV,2026-04-01,,,,,,,,,,,,,
NEXTPOWER INC CL A COMMON STOCK USD.0001,NXT,COMMON STOCK,65290E101,US65290E1010,BR1GTS6,358199.0,43180889.45,0.41,0,,INDUSTRIALS,UNITED STATES,AVLV,2026-04-01,,,,,,,,,,,,,
CF INDUSTRIES HOLDINGS INC COMMON STOCK USD.01,CF,COMMON STOCK,125269100,US1252691001,B0G4K50,330889.0,42962627.76,0.41,0,,MATERIALS,UNITED STATES,AVLV,2026-04-01,,,,,,,,,,,,,
ONEOK INC COMMON STOCK USD.01,OKE,COMMON STOCK,682680103,US6826801036,2130109,470493.0,42527862.27,0.41,0,,ENERGY,UNITED STATES,AVLV,2026-04-01,,,,,,,,,,,,,
EXPEDITORS INTL WASH INC COMMON STOCK USD.01,EXPD,COMMON STOCK,302130109,US3021301094,2325507,293036.0,41971546.28,0.4,0,,INDUSTRIALS,UNITED STATES,AVLV,2026-04-01,,,,,,,,,,,,,
APA CORP COMMON STOCK USD.625,APA,COMMON STOCK,03743Q108,US03743Q1085,BNNF1C1,931104.0,39516053.76,0.38,0,,ENERGY,UNITED STATES,AVLV,2026-04-01,,,,,,,,,,,,,
ON SEMICONDUCTOR COMMON STOCK USD.01,ON,COMMON STOCK,682189105,US6821891057,2583576,624394.0,38662476.48,0.37,0,,INFORMATION TECHNOLOGY,UNITED STATES,AVLV,2026-04-01,,,,,,,,,,,,,
LYONDELLBASELL INDU CL A COMMON STOCK EUR.04,LYB,COMMON STOCK,N53745100,NL0009434992,B3SPXZ3,473622.0,38154988.32,0.36,0,,MATERIALS,UNITED STATES,AVLV,2026-04-01,,,,,,,,,,,,,
NORTHERN TRUST CORP COMMON STOCK USD1.666666,NTRS,COMMON STOCK,665859104,US6658591044,2648668,271602.0,37907491.14,0.36,0,,FINANCIALS,UNITED STATES,AVLV,2026-04-01,,,,,,,,,,,,,
HUNT (JB) TRANSPRT SVCS INC COMMON STOCK USD.01,JBHT,COMMON STOCK,445658107,US4456581077,2445416,174180.0,36908742.0,0.35,0,,INDUSTRIALS,UNITED STATES,AVLV,2026-04-01,,,,,,,,,,,,,
DIAMONDBACK ENERGY INC COMMON STOCK USD.01,FANG,COMMON STOCK,25278X109,US25278X1090,B7Y8YR3,185376.0,36665519.04,0.35,0,,ENERGY,UNITED STATES,AVLV,2026-04-01,,,,,,,,,,,,,
OVINTIV INC COMMON STOCK,OVV,COMMON STOCK,69047Q102,US69047Q1022,BJ01KB6,600471.0,35643958.56,0.34,0,,ENERGY,UNITED STATES,AVLV,2026-04-01,,,,,,,,,,,,,
VIATRIS INC COMMON STOCK,VTRS,COMMON STOCK,92556V106,US92556V1061,BMWS3X9,2604313.0,35184268.63,0.34,0,,HEALTH CARE,UNITED STATES,AVLV,2026-04-01,,,,,,,,,,,,,
CONSTELLATION BRANDS INC A COMMON STOCK USD.01,STZ,COMMON STOCK,21036P108,US21036P1084,2170473,231546.0,34731900.0,0.33,0,,CONSUMER STAPLES,UNITED STATES,AVLV,2026-04-01,,,,,,,,,,,,,
LPL FINANCIAL HOLDINGS INC COMMON STOCK,LPLA,COMMON STOCK,50212V100,US50212V1008,B75JX34,111541.0,33554879.03,0.32,0,,FINANCIALS,UNITED STATES,AVLV,2026-04-01,,,,,,,,,,,,,
PACKAGING CORP OF AMERICA COMMON STOCK USD.01,PKG,COMMON STOCK,695156109,US6951561090,2504566,154328.0,32751488.16,0.31,0,,MATERIALS,UNITED STATES,AVLV,2026-04-01,,,,,,,,,,,,,
RENAISSANCERE HOLDINGS LTD COMMON STOCK USD1.0,RNR,COMMON STOCK,G7496G103,BMG7496G1033,2728429,109384.0,32512206.32,0.31,0,,FINANCIALS,UNITED STATES,AVLV,2026-04-01,,,,,,,,,,,,,
PERMIAN RESOURCES CORP CL A COMMON STOCK USD.0001,PR,COMMON STOCK,71424F105,US71424F1057,BQPCHB2,1518032.0,32364442.24,0.31,0,,ENERGY,UNITED STATES,AVLV,2026-04-01,,,,,,,,,,,,,
DECKERS OUTDOOR CORP COMMON STOCK USD.01,DECK,COMMON STOCK,243537107,US2435371073,2267278,322958.0,32324866.22,0.31,0,,CONSUMER DISCRETIONARY,UNITED STATES,AVLV,2026-04-01,,,,,,,,,,,,,
LAS VEGAS SANDS CORP COMMON STOCK USD.001,LVS,COMMON STOCK,517834107,US5178341070,B02T2J7,551993.0,29741382.84,0.28,0,,CONSUMER DISCRETIONARY,UNITED STATES,AVLV,2026-04-01,,,,,,,,,,,,,
BJ S WHOLESALE CLUB HOLDINGS COMMON STOCK USD.01,BJ,COMMON STOCK,05550J101,US05550J1016,BFZNZF8,301885.0,29711521.7,0.28,0,,CONSUMER STAPLES,UNITED STATES,AVLV,2026-04-01,,,,,,,,,,,,,
BEST BUY CO INC COMMON STOCK USD.1,BBY,COMMON STOCK,086516101,US0865161014,2094670,452454.0,29047546.8,0.28,0,,CONSUMER DISCRETIONARY,UNITED STATES,AVLV,2026-04-01,,,,,,,,,,,,,
TALEN ENERGY CORP COMMON STOCK USD.001,TLN,COMMON STOCK,87422Q109,US87422Q1094,BRRF114,90891.0,29015133.93,0.28,0,,UTILITIES,UNITED STATES,AVLV,2026-04-01,,,,,,,,,,,,,
RALPH LAUREN CORP COMMON STOCK USD.01,RL,COMMON STOCK,751212101,US7512121010,B4V9661,84240.0,28977717.6,0.28,0,,CONSUMER DISCRETIONARY,UNITED STATES,AVLV,2026-04-01,,,,,,,,,,,,,
PRINCIPAL FINANCIAL GROUP COMMON STOCK USD.01,PFG,COMMON STOCK,74251V102,US74251V1026,2803014,319115.0,28755452.65,0.27,0,,FINANCIALS,UNITED STATES,AVLV,2026-04-01,,,,,,,,,,,,,
EXPAND ENERGY CORP COMMON STOCK USD.01,EXE,COMMON STOCK,165167735,US1651677353,BMZ5LZ5,259939.0,28536103.42,0.27,0,,ENERGY,UNITED STATES,AVLV,2026-04-01,,,,,,,,,,,,,
BORGWARNER INC COMMON STOCK USD.01,BWA,COMMON STOCK,099724106,US0997241064,2111955,518104.0,28112323.04,0.27,0,,CONSUMER DISCRETIONARY,UNITED STATES,AVLV,2026-04-01,,,,,,,,,,,,,
ARCHER DANIELS MIDLAND CO COMMON STOCK,ADM,COMMON STOCK,039483102,US0394831020,2047317,384726.0,27965732.94,0.27,0,,CONSUMER STAPLES,UNITED STATES,AVLV,2026-04-01,,,,,,,,,,,,,
T ROWE PRICE GROUP INC COMMON STOCK USD.2,TROW,COMMON STOCK,74144T108,US74144T1088,2702337,306688.0,27644856.32,0.26,0,,FINANCIALS,UNITED STATES,AVLV,2026-04-01,,,,,,,,,,,,,
JAZZ PHARMACEUTICALS PLC COMMON STOCK USD.0001,JAZZ,COMMON STOCK,G50871105,IE00B4Q5ZN47,B4Q5ZN4,142431.0,26926580.55,0.26,0,,HEALTH CARE,UNITED STATES,AVLV,2026-04-01,,,,,,,,,,,,,
EAST WEST BANCORP INC COMMON STOCK USD.001,EWBC,COMMON STOCK,27579R104,US27579R1041,2487407,251498.0,26849926.48,0.26,0,,FINANCIALS,UNITED STATES,AVLV,2026-04-01,,,,,,,,,,,,,
TEXAS ROADHOUSE INC COMMON STOCK USD.001,TXRH,COMMON STOCK,882681109,US8826811098,B033TJ7,158024.0,26096083.36,0.25,0,,CONSUMER DISCRETIONARY,UNITED STATES,AVLV,2026-04-01,,,,,,,,,,,,,
LENNAR CORP W/D COMMON STOCK USD.1,LEN,COMMON STOCK,526057104,US5260571048,2511920,298473.0,25919395.32,0.25,0,,CONSUMER DISCRETIONARY,UNITED STATES,AVLV,2026-04-01,,,,,,,,,,,,,
GLOBE LIFE INC COMMON STOCK USD1.0,GL,COMMON STOCK,37959E102,US37959E1029,BK6YKG1,181726.0,25290807.42,0.24,0,,FINANCIALS,UNITED STATES,AVLV,2026-04-01,,,,,,,,,,,,,
APTIV PLC COMMON STOCK USD.01,APTV,COMMON STOCK,G3265R107,JE00BTDN8H13,BTDN8H1,361825.0,25125128.0,0.24,0,,CONSUMER DISCRETIONARY,UNITED STATES,AVLV,2026-04-01,,,,,,,,,,,,,
FIVE BELOW COMMON STOCK USD.01,FIVE,COMMON STOCK,33829M101,US33829M1018,B85KFY9,106227.0,24270744.96,0.23,0,,CONSUMER DISCRETIONARY,UNITED STATES,AVLV,2026-04-01,,,,,,,,,,,,,
EXELIXIS INC COMMON STOCK USD.001,EXEL,COMMON STOCK,30161Q104,US30161Q1040,2576941,564490.0,24210976.1,0.23,0,,HEALTH CARE,UNITED STATES,AVLV,2026-04-01,,,,,,,,,,,,,
ALLY FINANCIAL INC COMMON STOCK USD.01,ALLY,COMMON STOCK,02005N100,US02005N1000,B72XK05,609947.0,23928220.81,0.23,0,,FINANCIALS,UNITED STATES,AVLV,2026-04-01,,,,,,,,,,,,,
ASSURANT INC COMMON STOCK USD.01,AIZ,COMMON STOCK,04621X108,US04621X1081,2331430,107165.0,23341608.65,0.22,0,,FINANCIALS,UNITED STATES,AVLV,2026-04-01,,,,,,,,,,,,,
SOLSTICE ADV MATERIALS INC COMMON STOCK USD.01,SOLS,COMMON STOCK,83443Q103,US83443Q1031,BW2K5V7,299160.0,22784025.6,0.22,0,,MATERIALS,UNITED STATES,AVLV,2026-04-01,,,,,,,,,,,,,
NVR INC COMMON STOCK USD.01,NVR,COMMON STOCK,62944T105,US62944T1051,2637785,3452.0,22748093.16,0.22,0,,CONSUMER DISCRETIONARY,UNITED STATES,AVLV,2026-04-01,,,,,,,,,,,,,
RANGE RESOURCES CORP COMMON STOCK USD.01,RRC,COMMON STOCK,75281A109,US75281A1097,2523334,496852.0,22447773.36,0.21,0,,ENERGY,UNITED STATES,AVLV,2026-04-01,,,,,,,,,,,,,
NORWEGIAN CRUISE LINE HOLDIN COMMON STOCK USD.001,NCLH,COMMON STOCK,G66721104,BMG667211046,B9CGTC3,1186887.0,22194786.9,0.21,0,,CONSUMER DISCRETIONARY,UNITED STATES,AVLV,2026-04-01,,,,,,,,,,,,,
CENTENE CORP COMMON STOCK USD.001,CNC,COMMON STOCK,15135B101,US15135B1017,2807061,668101.0,21873626.74,0.21,0,,HEALTH CARE,UNITED STATES,AVLV,2026-04-01,,,,,,,,,,,,,
LULULEMON ATHLETICA INC COMMON STOCK USD.005,LULU,COMMON STOCK,550021109,US5500211090,B23FN39,141841.0,21715857.1,0.21,0,,CONSUMER DISCRETIONARY,UNITED STATES,AVLV,2026-04-01,,,,,,,,,,,,,
OWENS CORNING COMMON STOCK USD.001,OC,COMMON STOCK,690742101,US6907421019,B1FW7Q2,196818.0,21299643.96,0.2,0,,INDUSTRIALS,UNITED STATES,AVLV,2026-04-01,,,,,,,,,,,,,
PRIMERICA INC COMMON STOCK,PRI,COMMON STOCK,74164M108,US74164M1080,B50K3X8,83372.0,20883018.56,0.2,0,,FINANCIALS,UNITED STATES,AVLV,2026-04-01,,,,,,,,,,,,,
RYDER SYSTEM INC COMMON STOCK USD.5,R,COMMON STOCK,783549108,US7835491082,2760669,101667.0,20812251.57,0.2,0,,INDUSTRIALS,UNITED STATES,AVLV,2026-04-01,,,,,,,,,,,,,
TORO CO COMMON STOCK USD1.0,TTC,COMMON STOCK,891092108,US8910921084,2897040,219862.0,20543905.28,0.2,0,,INDUSTRIALS,UNITED STATES,AVLV,2026-04-01,,,,,,,,,,,,,
AXIS CAPITAL HOLDINGS LTD COMMON STOCK USD.0125,AXS,COMMON STOCK,G0692U109,BMG0692U1099,2677606,200152.0,20297414.32,0.19,0,,FINANCIALS,UNITED STATES,AVLV,2026-04-01,,,,,,,,,,,,,
INTERDIGITAL INC COMMON STOCK USD.01,IDCC,COMMON STOCK,45867G101,US45867G1013,2465737,66706.0,20145212.0,0.19,0,,INFORMATION TECHNOLOGY,UNITED STATES,AVLV,2026-04-01,,,,,,,,,,,,,
MASIMO CORP COMMON STOCK USD.001,MASI,COMMON STOCK,574795100,US5747951003,B1YWR63,112919.0,20084902.53,0.19,0,,HEALTH CARE,UNITED STATES,AVLV,2026-04-01,,,,,,,,,,,,,
JACKSON FINANCIAL INC A COMMON STOCK USD.01,JXN,COMMON STOCK,46817M107,US46817M1071,BMFX6P4,187823.0,19856647.56,0.19,0,,FINANCIALS,UNITED STATES,AVLV,2026-04-01,,,,,,,,,,,,,
MURPHY USA INC COMMON STOCK USD.01,MUSA,COMMON STOCK,626755102,US6267551025,BCZWJ63,40167.0,19841292.99,0.19,0,,CONSUMER DISCRETIONARY,UNITED STATES,AVLV,2026-04-01,,,,,,,,,,,,,
DEXCOM INC COMMON STOCK USD.001,DXCM,COMMON STOCK,252131107,US2521311074,B0796X4,315768.0,19830230.4,0.19,0,,HEALTH CARE,UNITED STATES,AVLV,2026-04-01,,,,,,,,,,,,,
FORD MOTOR CO COMMON STOCK USD.01,F,COMMON STOCK,345370860,US3453708600,2615468,1713149.0,19769739.46,0.19,0,,CONSUMER DISCRETIONARY,UNITED STATES,AVLV,2026-04-01,,,,,,,,,,,,,
ESTEE LAUDER COMPANIES CL A COMMON STOCK USD.01,EL,COMMON STOCK,518439104,US5184391044,2320524,272946.0,19589334.42,0.19,0,,CONSUMER STAPLES,UNITED STATES,AVLV,2026-04-01,,,,,,,,,,,,,
ADVANCED DRAINAGE SYSTEMS IN COMMON STOCK USD.01,WMS,COMMON STOCK,00790R104,US00790R1041,BP7RS59,140884.0,19319422.92,0.18,0,,INDUSTRIALS,UNITED STATES,AVLV,2026-04-01,,,,,,,,,,,,,
HF SINCLAIR CORP COMMON STOCK,DINO,COMMON STOCK,403949100,US4039491000,BMZQ9C1,303830.0,18955953.7,0.18,0,,ENERGY,UNITED STATES,AVLV,2026-04-01,,,,,,,,,,,,,
EQT CORP COMMON STOCK,EQT,COMMON STOCK,26884L109,US26884L1098,2319414,295342.0,18795564.88,0.18,0,,ENERGY,UNITED STATES,AVLV,2026-04-01,,,,,,,,,,,,,
AUTOLIV INC COMMON STOCK USD1.0,ALV,COMMON STOCK,052800109,US0528001094,2064253,178254.0,18745190.64,0.18,0,,CONSUMER DISCRETIONARY,UNITED STATES,AVLV,2026-04-01,,,,,,,,,,,,,
DYCOM INDUSTRIES INC COMMON STOCK USD.3333333,DY,COMMON STOCK,267475101,US2674751019,2289841,55159.0,18688972.38,0.18,0,,INDUSTRIALS,UNITED STATES,AVLV,2026-04-01,,,,,,,,,,,,,
UNIVERSAL HEALTH SERVICES B COMMON STOCK USD.01,UHS,COMMON STOCK,913903100,US9139031002,2923785,104008.0,18614311.76,0.18,0,,HEALTH CARE,UNITED STATES,AVLV,2026-04-01,,,,,,,,,,,,,
MUELLER INDUSTRIES INC COMMON STOCK USD.01,MLI,COMMON STOCK,624756102,US6247561029,2609717,165935.0,18385598.0,0.18,0,,INDUSTRIALS,UNITED STATES,AVLV,2026-04-01,,,,,,,,,,,,,
ARMSTRONG WORLD INDUSTRIES COMMON STOCK USD.01,AWI,COMMON STOCK,04247X102,US04247X1028,B1FT462,109742.0,18085481.6,0.17,0,,INDUSTRIALS,UNITED STATES,AVLV,2026-04-01,,,,,,,,,,,,,
VALMONT INDUSTRIES COMMON STOCK USD1.0,VMI,COMMON STOCK,920253101,US9202531011,2926825,44732.0,17873565.24,0.17,0,,INDUSTRIALS,UNITED STATES,AVLV,2026-04-01,,,,,,,,,,,,,
VF CORP COMMON STOCK,VFC,COMMON STOCK,918204108,US9182041080,2928683,1022047.0,17364578.53,0.17,0,,CONSUMER DISCRETIONARY,UNITED STATES,AVLV,2026-04-01,,,,,,,,,,,,,
COCA COLA CONSOLIDATED INC COMMON STOCK USD1.0,COKE,COMMON STOCK,191098102,US1910981026,2206721,90019.0,17260243.06,0.16,0,,CONSUMER STAPLES,UNITED STATES,AVLV,2026-04-01,,,,,,,,,,,,,
VISA INC CLASS A SHARES COMMON STOCK USD.0001,V,COMMON STOCK,92826C839,US92826C8394,B2PZN04,56040.0,16937529.6,0.16,0,,FINANCIALS,UNITED STATES,AVLV,2026-04-01,,,,,,,,,,,,,
SPROUTS FARMERS MARKET INC COMMON STOCK USD.001,SFM,COMMON STOCK,85208M102,US85208M1027,BCGCR79,218846.0,16879591.98,0.16,0,,CONSUMER STAPLES,UNITED STATES,AVLV,2026-04-01,,,,,,,,,,,,,
INGREDION INC COMMON STOCK USD.01,INGR,COMMON STOCK,457187102,US4571871023,B7K24P7,150761.0,16861110.24,0.16,0,,CONSUMER STAPLES,UNITED STATES,AVLV,2026-04-01,,,,,,,,,,,,,
FOX CORP   CLASS A COMMON STOCK USD.01,FOXA,COMMON STOCK,35137L105,US35137L1052,BJJMGL2,279404.0,16317193.6,0.16,0,,COMMUNICATION SERVICES,UNITED STATES,AVLV,2026-04-01,,,,,,,,,,,,,
PRIMORIS SERVICES CORP COMMON STOCK USD.0001,PRIM,COMMON STOCK,74164F103,US74164F1030,B1GC200,113064.0,16172674.56,0.15,0,,INDUSTRIALS,UNITED STATES,AVLV,2026-04-01,,,,,,,,,,,,,
GAP INC/THE COMMON STOCK USD.05,GAP,COMMON STOCK,364760108,US3647601083,2360326,638106.0,15442165.2,0.15,0,,CONSUMER DISCRETIONARY,UNITED STATES,AVLV,2026-04-01,,,,,,,,,,,,,
ONEMAIN HOLDINGS INC COMMON STOCK USD.01,OMF,COMMON STOCK,68268W103,US68268W1036,BYSZB89,281938.0,15080863.62,0.14,0,,FINANCIALS,UNITED STATES,AVLV,2026-04-01,,,,,,,,,,,,,
AMERICAN FINANCIAL GROUP INC COMMON STOCK,AFG,COMMON STOCK,025932104,US0259321042,2134532,115572.0,14759700.12,0.14,0,,FINANCIALS,UNITED STATES,AVLV,2026-04-01,,,,,,,,,,,,,
ANTERO MIDSTREAM CORP COMMON STOCK,AM,COMMON STOCK,03676B102,US03676B1026,BJBT0Q4,642545.0,14650026.0,0.14,0,,ENERGY,UNITED STATES,AVLV,2026-04-01,,,,,,,,,,,,,
EAGLE MATERIALS INC COMMON STOCK USD.01,EXP,COMMON STOCK,26969P108,US26969P1084,2191399,76352.0,14464886.4,0.14,0,,MATERIALS,UNITED STATES,AVLV,2026-04-01,,,,,,,,,,,,,
COREBRIDGE FINANCIAL INC COMMON STOCK USD.01,CRBG,COMMON STOCK,21871X109,US21871X1090,BMTX0G9,605624.0,14450188.64,0.14,0,,FINANCIALS,UNITED STATES,AVLV,2026-04-01,,,,,,,,,,,,,
MATADOR RESOURCES CO COMMON STOCK USD.01,MTDR,COMMON STOCK,576485205,US5764852050,B7MSLL8,224726.0,14198188.68,0.14,0,,ENERGY,UNITED STATES,AVLV,2026-04-01,,,,,,,,,,,,,
AUTONATION INC COMMON STOCK USD.01,AN,COMMON STOCK,05329W102,US05329W1027,2732635,72493.0,14154983.18,0.14,0,,CONSUMER DISCRETIONARY,UNITED STATES,AVLV,2026-04-01,,,,,,,,,,,,,
ZIONS BANCORP NA COMMON STOCK USD.001,ZION,COMMON STOCK,989701107,US9897011071,2989828,244124.0,14066424.88,0.13,0,,FINANCIALS,UNITED STATES,AVLV,2026-04-01,,,,,,,,,,,,,
CHORD ENERGY CORP COMMON STOCK,CHRD,COMMON STOCK,674215207,US6742152076,BLDDYB1,91952.0,13073735.36,0.12,0,,ENERGY,UNITED STATES,AVLV,2026-04-01,,,,,,,,,,,,,
HERSHEY CO/THE COMMON STOCK USD1.0,HSY,COMMON STOCK,427866108,US4278661081,2422806,60740.0,12627238.6,0.12,0,,CONSUMER STAPLES,UNITED STATES,AVLV,2026-04-01,,,,,,,,,,,,,
VALERO ENERGY CORP COMMON STOCK USD.01,VLO,COMMON STOCK,91913Y100,US91913Y1001,2041364,50218.0,12407863.44,0.12,0,,ENERGY,UNITED STATES,AVLV,2026-04-01,,,,,,,,,,,,,
NEWMARKET CORP COMMON STOCK,NEU,COMMON STOCK,651587107,US6515871076,B01CGF1,18955.0,12149207.25,0.12,0,,MATERIALS,UNITED STATES,AVLV,2026-04-01,,,,,,,,,,,,,
LAMB WESTON HOLDINGS INC COMMON STOCK USD1.0,LW,COMMON STOCK,513272104,US5132721045,BDQZFJ3,286012.0,12086867.12,0.12,0,,CONSUMER STAPLES,UNITED STATES,AVLV,2026-04-01,,,,,,,,,,,,,
HESS MIDSTREAM LP   CLASS A COMMON STOCK,HESM,COMMON STOCK,428103105,US4281031058,BKPK695,308410.0,11987896.7,0.11,0,,ENERGY,UNITED STATES,AVLV,2026-04-01,,,,,,,,,,,,,
UNITED THERAPEUTICS CORP COMMON STOCK USD.01,UTHR,COMMON STOCK,91307C102,US91307C1027,2430412,19585.0,11613513.3,0.11,0,,HEALTH CARE,UNITED STATES,AVLV,2026-04-01,,,,,,,,,,,,,
BOYD GAMING CORP COMMON STOCK USD.01,BYD,COMMON STOCK,103304101,US1033041013,2117232,136615.0,11227020.7,0.11,0,,CONSUMER DISCRETIONARY,UNITED STATES,AVLV,2026-04-01,,,,,,,,,,,,,
MOLSON COORS BEVERAGE CO   B COMMON STOCK USD.01,TAP,COMMON STOCK,60871R209,US60871R2094,B067BM3,259792.0,11186643.52,0.11,0,,CONSUMER STAPLES,UNITED STATES,AVLV,2026-04-01,,,,,,,,,,,,,
SMITH (A.O.) CORP COMMON STOCK USD1.0,AOS,COMMON STOCK,831865209,US8318652091,2816023,160845.0,10606119.3,0.1,0,,INDUSTRIALS,UNITED STATES,AVLV,2026-04-01,,,,,,,,,,,,,
FOX CORP   CLASS B COMMON STOCK USD.01,FOX,COMMON STOCK,35137L204,US35137L2043,BJJMGY5,196826.0,10451460.6,0.1,0,,COMMUNICATION SERVICES,UNITED STATES,AVLV,2026-04-01,,,,,,,,,,,,,
GOLDMAN SACHS GROUP INC COMMON STOCK USD.01,GS,COMMON STOCK,38141G104,US38141G1040,2407966,12199.0,10320232.01,0.1,0,,FINANCIALS,UNITED STATES,AVLV,2026-04-01,,,,,,,,,,,,,
MGIC INVESTMENT CORP COMMON STOCK USD1.0,MTG,COMMON STOCK,552848103,US5528481030,2548616,390761.0,10257476.25,0.1,0,,FINANCIALS,UNITED STATES,AVLV,2026-04-01,,,,,,,,,,,,,
WEATHERFORD INTERNATIONAL PL COMMON STOCK USD.001,WFRD,COMMON STOCK,G48833118,IE00BLNN3691,BLNN369,107141.0,10133395.78,0.1,0,,ENERGY,UNITED STATES,AVLV,2026-04-01,,,,,,,,,,,,,
WINTRUST FINANCIAL CORP COMMON STOCK,WTFC,COMMON STOCK,97650W108,US97650W1080,2425258,71535.0,9939072.9,0.09,0,,FINANCIALS,UNITED STATES,AVLV,2026-04-01,,,,,,,,,,,,,
GALAXY DIGITAL INC A COMMON STOCK USD.001,GLXY,COMMON STOCK,36317J209,US36317J2096,BV97X10,531021.0,9797337.45,0.09,0,,FINANCIALS,UNITED STATES,AVLV,2026-04-01,,,,,,,,,,,,,
ARGAN INC COMMON STOCK USD.15,AGX,COMMON STOCK,04010E109,US04010E1091,2804501,17177.0,9355453.05,0.09,0,,INDUSTRIALS,UNITED STATES,AVLV,2026-04-01,,,,,,,,,,,,,
ALASKA AIR GROUP INC COMMON STOCK USD.01,ALK,COMMON STOCK,011659109,US0116591092,2012605,249843.0,9189225.54,0.09,0,,INDUSTRIALS,UNITED STATES,AVLV,2026-04-01,,,,,,,,,,,,,
SMURFIT WESTROCK PLC COMMON STOCK,SW,COMMON STOCK,G8267P108,IE00028FXN24,BRK49M5,228257.0,9096041.45,0.09,0,,MATERIALS,UNITED STATES,AVLV,2026-04-01,,,,,,,,,,,,,
LANTHEUS HOLDINGS INC COMMON STOCK USD.01,LNTH,COMMON STOCK,516544103,US5165441032,BP8S8J5,119581.0,9070218.85,0.09,0,,HEALTH CARE,UNITED STATES,AVLV,2026-04-01,,,,,,,,,,,,,
NOV INC COMMON STOCK USD.01,NOV,COMMON STOCK,62955J103,US62955J1034,BN2RYW9,482183.0,9069862.23,0.09,0,,ENERGY,UNITED STATES,AVLV,2026-04-01,,,,,,,,,,,,,
SANMINA CORP COMMON STOCK USD.01,SANM,COMMON STOCK,801056102,US8010561020,B92RRW2,69475.0,9006739.0,0.09,0,,INFORMATION TECHNOLOGY,UNITED STATES,AVLV,2026-04-01,,,,,,,,,,,,,
SLM CORP COMMON STOCK USD.2,SLM,COMMON STOCK,78442P106,US78442P1066,2101967,417345.0,8935356.45,0.09,0,,FINANCIALS,UNITED STATES,AVLV,2026-04-01,,,,,,,,,,,,,
URBAN OUTFITTERS INC COMMON STOCK USD.0001,URBN,COMMON STOCK,917047102,US9170471026,2933438,139771.0,8854492.85,0.08,0,,CONSUMER DISCRETIONARY,UNITED STATES,AVLV,2026-04-01,,,,,,,,,,,,,
LITHIA MOTORS INC COMMON STOCK,LAD,COMMON STOCK,536797103,US5367971034,2515030,34674.0,8658791.28,0.08,0,,CONSUMER DISCRETIONARY,UNITED STATES,AVLV,2026-04-01,,,,,,,,,,,,,
IES HOLDINGS INC COMMON STOCK USD.01,IESC,COMMON STOCK,44951W106,US44951W1062,BD978B9,17809.0,8485454.23,0.08,0,,INDUSTRIALS,UNITED STATES,AVLV,2026-04-01,,,,,,,,,,,,,
FIRST CITIZENS BCSHS   CL A COMMON STOCK USD1.0,FCNCA,COMMON STOCK,31946M103,US31946M1036,2355582,4406.0,8303811.96,0.08,0,,FINANCIALS,UNITED STATES,AVLV,2026-04-01,,,,,,,,,,,,,
PEGASYSTEMS INC COMMON STOCK USD.01,PEGA,COMMON STOCK,705573103,US7055731035,2675860,194998.0,8293264.94,0.08,0,,INFORMATION TECHNOLOGY,UNITED STATES,AVLV,2026-04-01,,,,,,,,,,,,,
CROCS INC COMMON STOCK USD.001,CROX,COMMON STOCK,227046109,US2270461096,B0T7Z62,97490.0,8093619.8,0.08,0,,CONSUMER DISCRETIONARY,UNITED STATES,AVLV,2026-04-01,,,,,,,,,,,,,
SSC GOVERNMENT MM GVMXX,OTHER,SWEEP INVESTMENT VEHICLE,7839989D1,,,7679369.0,7679369.35,0.07,3.5990825,12/31/2030,MISCELLANEOUS,UNITED STATES,AVLV,2026-04-01,,,,,,,,,,,,,
PULTEGROUP INC COMMON STOCK USD.01,PHM,COMMON STOCK,745867101,US7458671010,2708841,65112.0,7657822.32,0.07,0,,CONSUMER DISCRETIONARY,UNITED STATES,AVLV,2026-04-01,,,,,,,,,,,,,
BRINKER INTERNATIONAL INC COMMON STOCK USD.1,EAT,COMMON STOCK,109641100,US1096411004,2193544,51788.0,7393772.76,0.07,0,,CONSUMER DISCRETIONARY,UNITED STATES,AVLV,2026-04-01,,,,,,,,,,,,,
MARKEL GROUP INC COMMON STOCK,MKL,COMMON STOCK,570535104,US5705351048,2566436,3697.0,7076316.79,0.07,0,,FINANCIALS,UNITED STATES,AVLV,2026-04-01,,,,,,,,,,,,,
LINCOLN NATIONAL CORP COMMON STOCK,LNC,COMMON STOCK,534187109,US5341871094,2516378,198740.0,7055270.0,0.07,0,,FINANCIALS,UNITED STATES,AVLV,2026-04-01,,,,,,,,,,,,,
LEAR CORP COMMON STOCK USD.01,LEA,COMMON STOCK,521865204,US5218652049,B570P91,57787.0,6996849.96,0.07,0,,CONSUMER DISCRETIONARY,UNITED STATES,AVLV,2026-04-01,,,,,,,,,,,,,
GLOBALSTAR INC COMMON STOCK USD.0001,GSAT,COMMON STOCK,378973507,US3789735079,BRJMM32,99150.0,6585543.0,0.06,0,,COMMUNICATION SERVICES,UNITED STATES,AVLV,2026-04-01,,,,,,,,,,,,,
OPENDOOR TECHNOLOGIES INC COMMON STOCK USD.0001,OPEN,COMMON STOCK,683712103,US6837121036,BL96T19,1387176.0,6491983.68,0.06,0,,REAL ESTATE,UNITED STATES,AVLV,2026-04-01,,,,,,,,,,,,,
INTERNATIONAL PAPER CO COMMON STOCK USD1.0,IP,COMMON STOCK,460146103,US4601461035,2465254,167190.0,5968683.0,0.06,0,,MATERIALS,UNITED STATES,AVLV,2026-04-01,,,,,,,,,,,,,
LANDSTAR SYSTEM INC COMMON STOCK USD.01,LSTR,COMMON STOCK,515098101,US5150981018,2503994,36323.0,5822940.13,0.06,0,,INDUSTRIALS,UNITED STATES,AVLV,2026-04-01,,,,,,,,,,,,,
ABERCROMBIE + FITCH CO CL A COMMON STOCK USD.01,ANF,COMMON STOCK,002896207,US0028962076,2004185,63673.0,5817802.01,0.06,0,,CONSUMER DISCRETIONARY,UNITED STATES,AVLV,2026-04-01,,,,,,,,,,,,,
GRAND CANYON EDUCATION INC COMMON STOCK USD.01,LOPE,COMMON STOCK,38526M106,US38526M1062,B3F1XM1,31907.0,5425147.21,0.05,0,,CONSUMER DISCRETIONARY,UNITED STATES,AVLV,2026-04-01,,,,,,,,,,,,,
BANK OZK COMMON STOCK,OZK,COMMON STOCK,06417N103,US06417N1037,BZ56Q65,116746.0,5357473.94,0.05,0,,FINANCIALS,UNITED STATES,AVLV,2026-04-01,,,,,,,,,,,,,
AGCO CORP COMMON STOCK USD.01,AGCO,COMMON STOCK,001084102,US0010841023,2010278,44543.0,5161197.41,0.05,0,,INDUSTRIALS,UNITED STATES,AVLV,2026-04-01,,,,,,,,,,,,,
JEFFERIES FINANCIAL GROUP IN COMMON STOCK USD1.0,JEF,COMMON STOCK,47233W109,US47233W1099,BG0Q4Z2,118544.0,4892310.88,0.05,0,,FINANCIALS,UNITED STATES,AVLV,2026-04-01,,,,,,,,,,,,,
CIRRUS LOGIC INC COMMON STOCK USD.001,CRUS,COMMON STOCK,172755100,US1727551004,2197308,33072.0,4782872.64,0.05,0,,INFORMATION TECHNOLOGY,UNITED STATES,AVLV,2026-04-01,,,,,,,,,,,,,
LEVI STRAUSS + CO  CLASS A COMMON STOCK USD.001,LEVI,COMMON STOCK,52736R102,US52736R1023,BHRWS81,250993.0,4640860.57,0.04,0,,CONSUMER DISCRETIONARY,UNITED STATES,AVLV,2026-04-01,,,,,,,,,,,,,
FIDELITY NATIONAL FINANCIAL COMMON STOCK USD.0001,FNF,COMMON STOCK,31620R303,US31620R3030,BNBRDD4,97272.0,4511475.36,0.04,0,,FINANCIALS,UNITED STATES,AVLV,2026-04-01,,,,,,,,,,,,,
DILLARDS INC CL A COMMON STOCK,DDS,COMMON STOCK,254067101,US2540671011,2269768,7873.0,4504222.03,0.04,0,,CONSUMER DISCRETIONARY,UNITED STATES,AVLV,2026-04-01,,,,,,,,,,,,,
PAYPAL HOLDINGS INC COMMON STOCK,PYPL,COMMON STOCK,70450Y103,US70450Y1038,BYW36M8,98741.0,4466055.43,0.04,0,,FINANCIALS,UNITED STATES,AVLV,2026-04-01,,,,,,,,,,,,,
MURPHY OIL CORP COMMON STOCK USD1.0,MUR,COMMON STOCK,626717102,US6267171022,2611206,106681.0,4400591.25,0.04,0,,ENERGY,UNITED STATES,AVLV,2026-04-01,,,,,,,,,,,,,
PILGRIM S PRIDE CORP COMMON STOCK USD.01,PPC,COMMON STOCK,72147K108,US72147K1088,B5L3PZ2,109179.0,4122599.04,0.04,0,,CONSUMER STAPLES,UNITED STATES,AVLV,2026-04-01,,,,,,,,,,,,,
MACY S INC COMMON STOCK USD.01,M,COMMON STOCK,55616P104,US55616P1049,2345022,220398.0,3986999.82,0.04,0,,CONSUMER DISCRETIONARY,UNITED STATES,AVLV,2026-04-01,,,,,,,,,,,,,
PARAMOUNT SKYDANCE CL B COMMON STOCK USD.001,PSKY,COMMON STOCK,69932A204,US69932A2042,BSNMNQ5,438427.0,3954611.54,0.04,0,,COMMUNICATION SERVICES,UNITED STATES,AVLV,2026-04-01,,,,,,,,,,,,,
NOBLE CORP PLC COMMON STOCK USD.00001,NE,COMMON STOCK,G65431127,GB00BMXNWH07,BN2QTL0,77107.0,3783640.49,0.04,0,,ENERGY,UNITED STATES,AVLV,2026-04-01,,,,,,,,,,,,,
GATX CORP COMMON STOCK USD.625,GATX,COMMON STOCK,361448103,US3614481030,2362128,20907.0,3569661.18,0.03,0,,INDUSTRIALS,UNITED STATES,AVLV,2026-04-01,,,,,,,,,,,,,
CABOT CORP COMMON STOCK USD1.0,CBT,COMMON STOCK,127055101,US1270551013,2162500,46858.0,3528875.98,0.03,0,,MATERIALS,UNITED STATES,AVLV,2026-04-01,,,,,,,,,,,,,
TEREX CORP COMMON STOCK USD.01,TEX,COMMON STOCK,880779103,US8807791038,2884224,58191.0,3439088.1,0.03,0,,INDUSTRIALS,UNITED STATES,AVLV,2026-04-01,,,,,,,,,,,,,
ANTERO RESOURCES CORP COMMON STOCK USD.01,AR,COMMON STOCK,03674X106,US03674X1063,BFD2WR8,75347.0,3197726.68,0.03,0,,ENERGY,UNITED STATES,AVLV,2026-04-01,,,,,,,,,,,,,
UBIQUITI INC COMMON STOCK USD.001,UI,COMMON STOCK,90353W103,US90353W1036,BK9Z6V8,3843.0,3037084.47,0.03,0,,INFORMATION TECHNOLOGY,UNITED STATES,AVLV,2026-04-01,,,,,,,,,,,,,
CAL MAINE FOODS INC COMMON STOCK USD.01,CALM,COMMON STOCK,128030202,US1280302027,2158781,38167.0,3020918.05,0.03,0,,CONSUMER STAPLES,UNITED STATES,AVLV,2026-04-01,,,,,,,,,,,,,
VIASAT INC COMMON STOCK USD.0001,VSAT,COMMON STOCK,92552V100,US92552V1008,2946243,59018.0,2703024.4,0.03,0,,INFORMATION TECHNOLOGY,UNITED STATES,AVLV,2026-04-01,,,,,,,,,,,,,
ERIE INDEMNITY COMPANY CL A COMMON STOCK,ERIE,COMMON STOCK,29530P102,US29530P1021,2311711,10724.0,2695048.44,0.03,0,,FINANCIALS,UNITED STATES,AVLV,2026-04-01,,,,,,,,,,,,,
INSTALLED BUILDING PRODUCTS COMMON STOCK USD.01,IBP,COMMON STOCK,45780R101,US45780R1014,BJSP4C9,9495.0,2517599.25,0.02,0,,CONSUMER DISCRETIONARY,UNITED STATES,AVLV,2026-04-01,,,,,,,,,,,,,
MARATHON PETROLEUM CORP COMMON STOCK USD.01,MPC,COMMON STOCK,56585A102,US56585A1025,B3K3L40,9769.0,2385394.42,0.02,0,,ENERGY,UNITED STATES,AVLV,2026-04-01,,,,,,,,,,,,,
KINSALE CAPITAL GROUP INC COMMON STOCK USD.01,KNSL,COMMON STOCK,49714P108,US49714P1084,BD1MGQ3,4702.0,1606485.32,0.02,0,,FINANCIALS,UNITED STATES,AVLV,2026-04-01,,,,,,,,,,,,,
SUPER GROUP SGHC LTD COMMON STOCK,SGHC,COMMON STOCK,G8588X103,GG00BMG42V42,BMG42V4,148591.0,1604782.8,0.02,0,,CONSUMER DISCRETIONARY,UNITED STATES,AVLV,2026-04-01,,,,,,,,,,,,,
COMMERCIAL METALS CO COMMON STOCK USD.01,CMC,COMMON STOCK,201723103,US2017231034,2213260,21763.0,1336901.09,0.01,0,,MATERIALS,UNITED STATES,AVLV,2026-04-01,,,,,,,,,,,,,
U HAUL HOLDING CO NON VOTING COMMON STOCK USD.001,UHAL.B,COMMON STOCK,023586506,US0235865062,BP0VMC3,28931.0,1292347.77,0.01,0,,INDUSTRIALS,UNITED STATES,AVLV,2026-04-01,,,,,,,,,,,,,
HANOVER INSURANCE GROUP INC/ COMMON STOCK USD.01,THG,COMMON STOCK,410867105,US4108671052,2020415,6656.0,1153817.6,0.01,0,,FINANCIALS,UNITED STATES,AVLV,2026-04-01,,,,,,,,,,,,,
VIRTU FINANCIAL INC CLASS A COMMON STOCK USD.00001,VIRT,COMMON STOCK,928254101,US9282541013,BWTVWD4,24902.0,1095189.96,0.01,0,,FINANCIALS,UNITED STATES,AVLV,2026-04-01,,,,,,,,,,,,,
FLUOR CORP COMMON STOCK USD.01,FLR,COMMON STOCK,343412102,US3434121022,2696838,22704.0,1059141.6,0.01,0,,INDUSTRIALS,UNITED STATES,AVLV,2026-04-01,,,,,,,,,,,,,
VIKING HOLDINGS LTD COMMON STOCK USD.01,VIK,COMMON STOCK,G93A5A101,BMG93A5A1010,BRDXKH1,13170.0,967731.6,0.01,0,,CONSUMER DISCRETIONARY,UNITED STATES,AVLV,2026-04-01,,,,,,,,,,,,,
LENNAR CORP   B SHS COMMON STOCK USD.1,LEN.B,COMMON STOCK,526057302,US5260573028,2578293,11208.0,942816.96,0.01,0,,CONSUMER DISCRETIONARY,UNITED STATES,AVLV,2026-04-01,,,,,,,,,,,,,
QUALYS INC COMMON STOCK USD.001,QLYS,COMMON STOCK,74758T303,US74758T3032,B7XJTN8,10598.0,931034.3,0.01,0,,INFORMATION TECHNOLOGY,UNITED STATES,AVLV,2026-04-01,,,,,,,,,,,,,
CARMAX INC COMMON STOCK USD.5,KMX,COMMON STOCK,143130102,US1431301027,2983563,22086.0,918335.88,0.01,0,,CONSUMER DISCRETIONARY,UNITED STATES,AVLV,2026-04-01,,,,,,,,,,,,,
BROWN FORMAN CORP CLASS B COMMON STOCK USD.15,BF.B,COMMON STOCK,115637209,US1156372096,2146838,32457.0,858163.08,0.01,0,,CONSUMER STAPLES,UNITED STATES,AVLV,2026-04-01,,,,,,,,,,,,,
CULLEN/FROST BANKERS INC COMMON STOCK USD.01,CFR,COMMON STOCK,229899109,US2298991090,2239556,3876.0,531322.08,0.01,0,,FINANCIALS,UNITED STATES,AVLV,2026-04-01,,,,,,,,,,,,,
ARCHROCK INC COMMON STOCK USD.01,AROC,COMMON STOCK,03957W106,US03957W1062,BYRGSX7,14243.0,495656.4,0.0,0,,ENERGY,UNITED STATES,AVLV,2026-04-01,,,,,,,,,,,,,
POPULAR INC COMMON STOCK USD.01,BPOP,COMMON STOCK,733174700,PR7331747001,B86QM90,3480.0,466911.6,0.0,0,,FINANCIALS,UNITED STATES,AVLV,2026-04-01,,,,,,,,,,,,,
ENACT HOLDINGS INC COMMON STOCK USD.01,ACT,COMMON STOCK,29249E109,US29249E1091,BNZFTG9,8630.0,352190.3,0.0,0,,FINANCIALS,UNITED STATES,AVLV,2026-04-01,,,,,,,,,,,,,
COMSTOCK RESOURCES INC COMMON STOCK USD.5,CRK,COMMON STOCK,205768302,US2057683029,BD82PS1,14554.0,306798.32,0.0,0,,ENERGY,UNITED STATES,AVLV,2026-04-01,,,,,,,,,,,,,
JABIL INC COMMON STOCK USD.001,JBL,COMMON STOCK,466313103,US4663131039,2471789,1093.0,290333.59,0.0,0,,INFORMATION TECHNOLOGY,UNITED STATES,AVLV,2026-04-01,,,,,,,,,,,,,
CLEAR SECURE INC  CLASS A COMMON STOCK USD.00001,YOU,COMMON STOCK,18467V109,US18467V1098,BLD30T1,5237.0,253523.17,0.0,0,,INFORMATION TECHNOLOGY,UNITED STATES,AVLV,2026-04-01,,,,,,,,,,,,,
SM ENERGY CO COMMON STOCK USD.01,SM,COMMON STOCK,78454L100,US78454L1008,2764188,7555.0,235564.9,0.0,0,,ENERGY,UNITED STATES,AVLV,2026-04-01,,,,,,,,,,,,,
ENCOMPASS HEALTH CORP COMMON STOCK USD.01,EHC,COMMON STOCK,29261A100,US29261A1007,BYX2YJ7,2052.0,198100.08,0.0,0,,HEALTH CARE,UNITED STATES,AVLV,2026-04-01,,,,,,,,,,,,,
MANHATTAN ASSOCIATES INC COMMON STOCK USD.01,MANH,COMMON STOCK,562750109,US5627501092,2239471,1022.0,136048.64,0.0,0,,INFORMATION TECHNOLOGY,UNITED STATES,AVLV,2026-04-01,,,,,,,,,,,,,
OSCAR HEALTH INC   CLASS A COMMON STOCK USD.00001,OSCR,COMMON STOCK,687793109,US6877931096,BKY83Q6,8636.0,99054.92,0.0,0,,FINANCIALS,UNITED STATES,AVLV,2026-04-01,,,,,,,,,,,,,
COUPANG INC COMMON STOCK USD.0001,CPNG,COMMON STOCK,22266T109,US22266T1097,BNYHDF3,2794.0,52750.72,0.0,0,,CONSUMER DISCRETIONARY,UNITED STATES,AVLV,2026-04-01,,,,,,,,,,,,,
AIR LEASE CORP COMMON STOCK USD.01,AL,COMMON STOCK,00912X302,US00912X3026,B3XS562,699.0,45393.06,0.0,0,,INDUSTRIALS,UNITED STATES,AVLV,2026-04-01,,,,,,,,,,,,,
PAYCOM SOFTWARE INC COMMON STOCK USD.01,PAYC,COMMON STOCK,70432V102,US70432V1026,BL95MY0,341.0,41445.14,0.0,0,,INDUSTRIALS,UNITED STATES,AVLV,2026-04-01,,,,,,,,,,,,,
UNUM GROUP COMMON STOCK USD.1,UNM,COMMON STOCK,91529Y106,US91529Y1064,2433842,554.0,40458.62,0.0,0,,FINANCIALS,UNITED STATES,AVLV,2026-04-01,,,,,,,,,,,,,
AIR PRODUCTS + CHEMICALS INC COMMON STOCK USD1.0,APD,COMMON STOCK,009158106,US0091581068,2011602,133.0,38394.44,0.0,0,,MATERIALS,UNITED STATES,AVLV,2026-04-01,,,,,,,,,,,,,
CREDIT ACCEPTANCE CORP COMMON STOCK USD.01,CACC,COMMON STOCK,225310101,US2253101016,2232050,90.0,38111.4,0.0,0,,FINANCIALS,UNITED STATES,AVLV,2026-04-01,,,,,,,,,,,,,
BROWN FORMAN CORP CLASS A COMMON STOCK USD.15,BF.A,COMMON STOCK,115637100,US1156371007,2146816,1245.0,33353.55,0.0,0,,CONSUMER STAPLES,UNITED STATES,AVLV,2026-04-01,,,,,,,,,,,,,
OPENDOOR TECHNOLOGIES INC OPENDOOR TECHNOLOGIES INC 26,OPENW,WARRANTS,683712129,US6837121291,BLGXLN9,49969.0,30331.18,0.0,0,,REAL ESTATE,UNITED STATES,AVLV,2026-04-01,,,,,,,,,,,,,
EDWARDS LIFESCIENCES CORP COMMON STOCK USD1.0,EW,COMMON STOCK,28176E108,US28176E1082,2567116,253.0,20260.24,0.0,0,,HEALTH CARE,UNITED STATES,AVLV,2026-04-01,,,,,,,,,,,,,
MARKETAXESS HOLDINGS INC COMMON STOCK USD.003,MKTX,COMMON STOCK,57060D108,US57060D1081,B03Q9D0,120.0,19797.6,0.0,0,,FINANCIALS,UNITED STATES,AVLV,2026-04-01,,,,,,,,,,,,,
RADIAN GROUP INC COMMON STOCK USD.001,RDN,COMMON STOCK,750236101,US7502361014,2173911,465.0,15382.2,0.0,0,,FINANCIALS,UNITED STATES,AVLV,2026-04-01,,,,,,,,,,,,,
SCHNEIDER NATIONAL INC CL B COMMON STOCK,SNDR,COMMON STOCK,80689H102,US80689H1023,BYVN953,483.0,12731.88,0.0,0,,INDUSTRIALS,UNITED STATES,AVLV,2026-04-01,,,,,,,,,,,,,
CNA FINANCIAL CORP COMMON STOCK USD2.5,CNA,COMMON STOCK,126117100,US1261171003,2204866,230.0,10561.6,0.0,0,,FINANCIALS,UNITED STATES,AVLV,2026-04-01,,,,,,,,,,,,,
FASTENAL CO COMMON STOCK USD.01,FAST,COMMON STOCK,311900104,US3119001044,2332262,200.0,9280.0,0.0,0,,INDUSTRIALS,UNITED STATES,AVLV,2026-04-01,,,,,,,,,,,,,
GRACO INC COMMON STOCK USD1.0,GGG,COMMON STOCK,384109104,US3841091040,2380443,61.0,5163.65,0.0,0,,INDUSTRIALS,UNITED STATES,AVLV,2026-04-01,,,,,,,,,,,,,
U HAUL HOLDING CO COMMON STOCK USD.25,UHAL,COMMON STOCK,023586100,US0235861004,2028174,100.0,4778.0,0.0,0,,INDUSTRIALS,UNITED STATES,AVLV,2026-04-01,,,,,,,,,,,,,
CIPHER DIGITAL INC COMMON STOCK USD1.0,CIFR,COMMON STOCK,17253J106,US17253J1060,BMZ8604,205.0,2638.35,0.0,0,,INFORMATION TECHNOLOGY,UNITED STATES,AVLV,2026-04-01,,,,,,,,,,,,,
VERSIGENT LTD W/I COMMON STOCK,OTHER,COMMON STOCK,G9600F104,JE00BWK75100,BWK7510,120608.0,0.0,0.0,0,,CONSUMER DISCRETIONARY,UNITED STATES,AVLV,2026-04-01,,,,,,,,,,,,,
OCCIDENTAL PETROLEUM CORP COMMON STOCK USD.2,OXY,COMMON STOCK,674599105,US6745991058,2655408,119523.0,7768995.0,1.51,0,,ENERGY,UNITED STATES,AVMV,2026-04-01,,,,,,,,,,,,,
TARGA RESOURCES CORP COMMON STOCK USD.001,TRGP,COMMON STOCK,87612G101,US87612G1013,B55PZY3,29710.0,7449188.3,1.45,0,,ENERGY,UNITED STATES,AVMV,2026-04-01,,,,,,,,,,,,,
DELTA AIR LINES INC COMMON STOCK USD.0001,DAL,COMMON STOCK,247361702,US2473617023,B1W9D46,97778.0,6500281.44,1.26,0,,INDUSTRIALS,UNITED STATES,AVMV,2026-04-01,,,,,,,,,,,,,
TARGET CORP COMMON STOCK USD.0833,TGT,COMMON STOCK,87612E106,US87612E1064,2259101,51514.0,6243496.8,1.21,0,,CONSUMER STAPLES,UNITED STATES,AVMV,2026-04-01,,,,,,,,,,,,,
KROGER CO COMMON STOCK USD1.0,KR,COMMON STOCK,501044101,US5010441013,2497406,83905.0,6071365.8,1.18,0,,CONSUMER STAPLES,UNITED STATES,AVMV,2026-04-01,,,,,,,,,,,,,
EQT CORP COMMON STOCK,EQT,COMMON STOCK,26884L109,US26884L1098,2319414,94541.0,6016589.24,1.17,0,,ENERGY,UNITED STATES,AVMV,2026-04-01,,,,,,,,,,,,,
CHENIERE ENERGY INC COMMON STOCK USD.003,LNG,COMMON STOCK,16411R208,US16411R2085,2654364,21106.0,5989038.56,1.16,0,,ENERGY,UNITED STATES,AVMV,2026-04-01,,,,,,,,,,,,,
HARTFORD INSURANCE GROUP INC COMMON STOCK USD.01,HIG,COMMON STOCK,416515104,US4165151048,2476193,44016.0,5952283.68,1.16,0,,FINANCIALS,UNITED STATES,AVMV,2026-04-01,,,,,,,,,,,,,
OLD DOMINION FREIGHT LINE COMMON STOCK USD.1,ODFL,COMMON STOCK,679580100,US6795801009,2656423,29815.0,5825851.0,1.13,0,,INDUSTRIALS,UNITED STATES,AVMV,2026-04-01,,,,,,,,,,,,,
ONEOK INC COMMON STOCK USD.01,OKE,COMMON STOCK,682680103,US6826801036,2130109,62488.0,5648290.32,1.1,0,,ENERGY,UNITED STATES,AVMV,2026-04-01,,,,,,,,,,,,,
NUCOR CORP COMMON STOCK USD.4,NUE,COMMON STOCK,670346105,US6703461052,2651086,33244.0,5621560.4,1.09,0,,MATERIALS,UNITED STATES,AVMV,2026-04-01,,,,,,,,,,,,,
HALLIBURTON CO COMMON STOCK USD2.5,HAL,COMMON STOCK,406216101,US4062161017,2405302,143952.0,5612688.48,1.09,0,,ENERGY,UNITED STATES,AVMV,2026-04-01,,,,,,,,,,,,,
CHIPOTLE MEXICAN GRILL INC COMMON STOCK USD.01,CMG,COMMON STOCK,169656105,US1696561059,B0X7DZ3,174863.0,5597364.63,1.09,0,,CONSUMER DISCRETIONARY,UNITED STATES,AVMV,2026-04-01,,,,,,,,,,,,,
AMERIPRISE FINANCIAL INC COMMON STOCK USD.01,AMP,COMMON STOCK,03076C106,US03076C1062,B0J7D57,12589.0,5594551.6,1.09,0,,FINANCIALS,UNITED STATES,AVMV,2026-04-01,,,,,,,,,,,,,
DEVON ENERGY CORP COMMON STOCK USD.1,DVN,COMMON STOCK,25179M103,US25179M1036,2480677,111060.0,5588539.2,1.09,0,,ENERGY,UNITED STATES,AVMV,2026-04-01,,,,,,,,,,,,,
FIFTH THIRD BANCORP COMMON STOCK,FITB,COMMON STOCK,316773100,US3167731005,2336747,119520.0,5552899.2,1.08,0,,FINANCIALS,UNITED STATES,AVMV,2026-04-01,,,,,,,,,,,,,
ARCHER DANIELS MIDLAND CO COMMON STOCK,ADM,COMMON STOCK,039483102,US0394831020,2047317,75873.0,5515208.37,1.07,0,,CONSUMER STAPLES,UNITED STATES,AVMV,2026-04-01,,,,,,,,,,,,,
AMERICAN INTERNATIONAL GROUP COMMON STOCK USD2.5,AIG,COMMON STOCK,026874784,US0268747849,2027342,73047.0,5496786.75,1.07,0,,FINANCIALS,UNITED STATES,AVMV,2026-04-01,,,,,,,,,,,,,
TECHNIPFMC PLC COMMON STOCK USD1.0,FTI,COMMON STOCK,G87110105,GB00BDSFG982,BDSFG98,76190.0,5267014.7,1.02,0,,ENERGY,UNITED STATES,AVMV,2026-04-01,,,,,,,,,,,,,
EMCOR GROUP INC COMMON STOCK USD.01,EME,COMMON STOCK,29084Q100,US29084Q1004,2474164,6797.0,5018293.07,0.98,0,,INDUSTRIALS,UNITED STATES,AVMV,2026-04-01,,,,,,,,,,,,,
PRUDENTIAL FINANCIAL INC COMMON STOCK USD.01,PRU,COMMON STOCK,744320102,US7443201022,2819118,50645.0,4947510.05,0.96,0,,FINANCIALS,UNITED STATES,AVMV,2026-04-01,,,,,,,,,,,,,
CARNIVAL CORP COMMON STOCK USD.01,CCL,COMMON STOCK,143658300,PA1436583006,2523044,189457.0,4903147.16,0.95,0,,CONSUMER DISCRETIONARY,UNITED STATES,AVMV,2026-04-01,,,,,,,,,,,,,
CBRE GROUP INC   A COMMON STOCK USD.01,CBRE,COMMON STOCK,12504L109,US12504L1098,B6WVMH3,35833.0,4853938.18,0.94,0,,REAL ESTATE,UNITED STATES,AVMV,2026-04-01,,,,,,,,,,,,,
COMFORT SYSTEMS USA INC COMMON STOCK USD.01,FIX,COMMON STOCK,199908104,US1999081045,2036047,3519.0,4852665.81,0.94,0,,INDUSTRIALS,UNITED STATES,AVMV,2026-04-01,,,,,,,,,,,,,
DR HORTON INC COMMON STOCK USD.01,DHI,COMMON STOCK,23331A109,US23331A1097,2250687,34373.0,4716663.06,0.92,0,,CONSUMER DISCRETIONARY,UNITED STATES,AVMV,2026-04-01,,,,,,,,,,,,,
ARCH CAPITAL GROUP LTD COMMON STOCK USD.01,ACGL,COMMON STOCK,G0450A105,BMG0450A1053,2740542,49102.0,4713300.98,0.92,0,,FINANCIALS,UNITED STATES,AVMV,2026-04-01,,,,,,,,,,,,,
UNITED AIRLINES HOLDINGS INC COMMON STOCK USD.01,UAL,COMMON STOCK,910047109,US9100471096,B4QG225,50087.0,4611510.09,0.9,0,,INDUSTRIALS,UNITED STATES,AVMV,2026-04-01,,,,,,,,,,,,,
DIAMONDBACK ENERGY INC COMMON STOCK USD.01,FANG,COMMON STOCK,25278X109,US25278X1090,B7Y8YR3,22749.0,4499524.71,0.87,0,,ENERGY,UNITED STATES,AVMV,2026-04-01,,,,,,,,,,,,,
IDEXX LABORATORIES INC COMMON STOCK USD.1,IDXX,COMMON STOCK,45168D104,US45168D1046,2459202,7971.0,4478825.19,0.87,0,,HEALTH CARE,UNITED STATES,AVMV,2026-04-01,,,,,,,,,,,,,
COTERRA ENERGY INC COMMON STOCK USD.1,CTRA,COMMON STOCK,127097103,US1270971039,2162340,127039.0,4464150.46,0.87,0,,ENERGY,UNITED STATES,AVMV,2026-04-01,,,,,,,,,,,,,
UNITED THERAPEUTICS CORP COMMON STOCK USD.01,UTHR,COMMON STOCK,91307C102,US91307C1027,2430412,7488.0,4440234.24,0.86,0,,HEALTH CARE,UNITED STATES,AVMV,2026-04-01,,,,,,,,,,,,,
DOLLAR GENERAL CORP COMMON STOCK USD.875,DG,COMMON STOCK,256677105,US2566771059,B5B1S13,36998.0,4392772.54,0.85,0,,CONSUMER STAPLES,UNITED STATES,AVMV,2026-04-01,,,,,,,,,,,,,
STATE STREET CORP COMMON STOCK USD1.0,STT,COMMON STOCK,857477103,US8574771031,2842040,34819.0,4377444.68,0.85,0,,FINANCIALS,UNITED STATES,AVMV,2026-04-01,,,,,,,,,,,,,
EXPAND ENERGY CORP COMMON STOCK USD.01,EXE,COMMON STOCK,165167735,US1651677353,BMZ5LZ5,39109.0,4293386.02,0.83,0,,ENERGY,UNITED STATES,AVMV,2026-04-01,,,,,,,,,,,,,
CASEY S GENERAL STORES INC COMMON STOCK,CASY,COMMON STOCK,147528103,US1475281036,2179414,5756.0,4189562.16,0.81,0,,CONSUMER STAPLES,UNITED STATES,AVMV,2026-04-01,,,,,,,,,,,,,
JABIL INC COMMON STOCK USD.001,JBL,COMMON STOCK,466313103,US4663131039,2471789,15690.0,4167734.7,0.81,0,,INFORMATION TECHNOLOGY,UNITED STATES,AVMV,2026-04-01,,,,,,,,,,,,,
FLEX LTD COMMON STOCK,FLEX,COMMON STOCK,Y2573F102,SG9999000020,2353058,63256.0,4140737.76,0.8,0,,INFORMATION TECHNOLOGY,UNITED STATES,AVMV,2026-04-01,,,,,,,,,,,,,
HERSHEY CO/THE COMMON STOCK USD1.0,HSY,COMMON STOCK,427866108,US4278661081,2422806,19781.0,4112272.09,0.8,0,,CONSUMER STAPLES,UNITED STATES,AVMV,2026-04-01,,,,,,,,,,,,,
M + T BANK CORP COMMON STOCK USD.5,MTB,COMMON STOCK,55261F104,US55261F1049,2340168,19696.0,4071557.12,0.79,0,,FINANCIALS,UNITED STATES,AVMV,2026-04-01,,,,,,,,,,,,,
ON SEMICONDUCTOR COMMON STOCK USD.01,ON,COMMON STOCK,682189105,US6821891057,2583576,65048.0,4027772.16,0.78,0,,INFORMATION TECHNOLOGY,UNITED STATES,AVMV,2026-04-01,,,,,,,,,,,,,
BIOGEN INC COMMON STOCK USD.0005,BIIB,COMMON STOCK,09062X103,US09062X1037,2455965,21518.0,3944894.94,0.77,0,,HEALTH CARE,UNITED STATES,AVMV,2026-04-01,,,,,,,,,,,,,
SYNCHRONY FINANCIAL COMMON STOCK USD.001,SYF,COMMON STOCK,87165B103,US87165B1035,BP96PS6,57873.0,3936521.46,0.76,0,,FINANCIALS,UNITED STATES,AVMV,2026-04-01,,,,,,,,,,,,,
ULTA BEAUTY INC COMMON STOCK,ULTA,COMMON STOCK,90384S303,US90384S3031,B28TS42,7450.0,3894189.5,0.76,0,,CONSUMER DISCRETIONARY,UNITED STATES,AVMV,2026-04-01,,,,,,,,,,,,,
TRACTOR SUPPLY COMPANY COMMON STOCK USD.008,TSCO,COMMON STOCK,892356106,US8923561067,2900335,81155.0,3676321.5,0.71,0,,CONSUMER DISCRETIONARY,UNITED STATES,AVMV,2026-04-01,,,,,,,,,,,,,
NORTHERN TRUST CORP COMMON STOCK USD1.666666,NTRS,COMMON STOCK,665859104,US6658591044,2648668,26013.0,3630634.41,0.71,0,,FINANCIALS,UNITED STATES,AVMV,2026-04-01,,,,,,,,,,,,,
PULTEGROUP INC COMMON STOCK USD.01,PHM,COMMON STOCK,745867101,US7458671010,2708841,30174.0,3548764.14,0.69,0,,CONSUMER DISCRETIONARY,UNITED STATES,AVMV,2026-04-01,,,,,,,,,,,,,
RAYMOND JAMES FINANCIAL INC COMMON STOCK USD.01,RJF,COMMON STOCK,754730109,US7547301090,2718992,24465.0,3529076.25,0.69,0,,FINANCIALS,UNITED STATES,AVMV,2026-04-01,,,,,,,,,,,,,
DOLLAR TREE INC COMMON STOCK USD.01,DLTR,COMMON STOCK,256746108,US2567461080,2272476,32203.0,3526550.53,0.69,0,,CONSUMER STAPLES,UNITED STATES,AVMV,2026-04-01,,,,,,,,,,,,,
WILLIAMS SONOMA INC COMMON STOCK USD.01,WSM,COMMON STOCK,969904101,US9699041011,2967589,18753.0,3419234.49,0.66,0,,CONSUMER DISCRETIONARY,UNITED STATES,AVMV,2026-04-01,,,,,,,,,,,,,
EXPEDITORS INTL WASH INC COMMON STOCK USD.01,EXPD,COMMON STOCK,302130109,US3021301094,2325507,23827.0,3412741.21,0.66,0,,INDUSTRIALS,UNITED STATES,AVMV,2026-04-01,,,,,,,,,,,,,
ATI INC COMMON STOCK USD.1,ATI,COMMON STOCK,01741R102,US01741R1023,2526117,23142.0,3366235.32,0.65,0,,INDUSTRIALS,UNITED STATES,AVMV,2026-04-01,,,,,,,,,,,,,
LPL FINANCIAL HOLDINGS INC COMMON STOCK,LPLA,COMMON STOCK,50212V100,US50212V1008,B75JX34,11003.0,3310032.49,0.64,0,,FINANCIALS,UNITED STATES,AVMV,2026-04-01,,,,,,,,,,,,,
BURLINGTON STORES INC COMMON STOCK USD.0001,BURL,COMMON STOCK,122017106,US1220171060,BF311Y5,9923.0,3228745.74,0.63,0,,CONSUMER DISCRETIONARY,UNITED STATES,AVMV,2026-04-01,,,,,,,,,,,,,
LYONDELLBASELL INDU CL A COMMON STOCK EUR.04,LYB,COMMON STOCK,N53745100,NL0009434992,B3SPXZ3,39866.0,3211604.96,0.62,0,,MATERIALS,UNITED STATES,AVMV,2026-04-01,,,,,,,,,,,,,
CF INDUSTRIES HOLDINGS INC COMMON STOCK USD.01,CF,COMMON STOCK,125269100,US1252691001,B0G4K50,24493.0,3180171.12,0.62,0,,MATERIALS,UNITED STATES,AVMV,2026-04-01,,,,,,,,,,,,,
CONSTELLATION BRANDS INC A COMMON STOCK USD.01,STZ,COMMON STOCK,21036P108,US21036P1084,2170473,20987.0,3148050.0,0.61,0,,CONSUMER STAPLES,UNITED STATES,AVMV,2026-04-01,,,,,,,,,,,,,
LENNAR CORP W/D COMMON STOCK USD.1,LEN,COMMON STOCK,526057104,US5260571048,2511920,35998.0,3126066.32,0.61,0,,CONSUMER DISCRETIONARY,UNITED STATES,AVMV,2026-04-01,,,,,,,,,,,,,
NEXTPOWER INC CL A COMMON STOCK USD.0001,NXT,COMMON STOCK,65290E101,US65290E1010,BR1GTS6,25714.0,3099822.7,0.6,0,,INDUSTRIALS,UNITED STATES,AVMV,2026-04-01,,,,,,,,,,,,,
APA CORP COMMON STOCK USD.625,APA,COMMON STOCK,03743Q108,US03743Q1085,BNNF1C1,72322.0,3069345.68,0.6,0,,ENERGY,UNITED STATES,AVMV,2026-04-01,,,,,,,,,,,,,
CENTENE CORP COMMON STOCK USD.001,CNC,COMMON STOCK,15135B101,US15135B1017,2807061,91657.0,3000850.18,0.58,0,,HEALTH CARE,UNITED STATES,AVMV,2026-04-01,,,,,,,,,,,,,
HUNT (JB) TRANSPRT SVCS INC COMMON STOCK USD.01,JBHT,COMMON STOCK,445658107,US4456581077,2445416,14145.0,2997325.5,0.58,0,,INDUSTRIALS,UNITED STATES,AVMV,2026-04-01,,,,,,,,,,,,,
VIATRIS INC COMMON STOCK,VTRS,COMMON STOCK,92556V106,US92556V1061,BMWS3X9,218863.0,2956839.13,0.57,0,,HEALTH CARE,UNITED STATES,AVMV,2026-04-01,,,,,,,,,,,,,
PRINCIPAL FINANCIAL GROUP COMMON STOCK USD.01,PFG,COMMON STOCK,74251V102,US74251V1026,2803014,32422.0,2921546.42,0.57,0,,FINANCIALS,UNITED STATES,AVMV,2026-04-01,,,,,,,,,,,,,
PACKAGING CORP OF AMERICA COMMON STOCK USD.01,PKG,COMMON STOCK,695156109,US6951561090,2504566,13733.0,2914417.26,0.57,0,,MATERIALS,UNITED STATES,AVMV,2026-04-01,,,,,,,,,,,,,
CARPENTER TECHNOLOGY COMMON STOCK USD5.0,CRS,COMMON STOCK,144285103,US1442851036,2177504,7394.0,2914345.1,0.57,0,,INDUSTRIALS,UNITED STATES,AVMV,2026-04-01,,,,,,,,,,,,,
PAYPAL HOLDINGS INC COMMON STOCK,PYPL,COMMON STOCK,70450Y103,US70450Y1038,BYW36M8,63761.0,2883910.03,0.56,0,,FINANCIALS,UNITED STATES,AVMV,2026-04-01,,,,,,,,,,,,,
DARDEN RESTAURANTS INC COMMON STOCK,DRI,COMMON STOCK,237194105,US2371941053,2289874,14626.0,2867281.04,0.56,0,,CONSUMER DISCRETIONARY,UNITED STATES,AVMV,2026-04-01,,,,,,,,,,,,,
LULULEMON ATHLETICA INC COMMON STOCK USD.005,LULU,COMMON STOCK,550021109,US5500211090,B23FN39,18412.0,2818877.2,0.55,0,,CONSUMER DISCRETIONARY,UNITED STATES,AVMV,2026-04-01,,,,,,,,,,,,,
T ROWE PRICE GROUP INC COMMON STOCK USD.2,TROW,COMMON STOCK,74144T108,US74144T1088,2702337,30302.0,2731422.28,0.53,0,,FINANCIALS,UNITED STATES,AVMV,2026-04-01,,,,,,,,,,,,,
WR BERKLEY CORP COMMON STOCK USD.2,WRB,COMMON STOCK,084423102,US0844231029,2093644,40366.0,2675458.48,0.52,0,,FINANCIALS,UNITED STATES,AVMV,2026-04-01,,,,,,,,,,,,,
PERMIAN RESOURCES CORP CL A COMMON STOCK USD.0001,PR,COMMON STOCK,71424F105,US71424F1057,BQPCHB2,125307.0,2671545.24,0.52,0,,ENERGY,UNITED STATES,AVMV,2026-04-01,,,,,,,,,,,,,
LAS VEGAS SANDS CORP COMMON STOCK USD.001,LVS,COMMON STOCK,517834107,US5178341070,B02T2J7,49182.0,2649926.16,0.51,0,,CONSUMER DISCRETIONARY,UNITED STATES,AVMV,2026-04-01,,,,,,,,,,,,,
OVINTIV INC COMMON STOCK,OVV,COMMON STOCK,69047Q102,US69047Q1022,BJ01KB6,43301.0,2570347.36,0.5,0,,ENERGY,UNITED STATES,AVMV,2026-04-01,,,,,,,,,,,,,
TYSON FOODS INC CL A COMMON STOCK USD.1,TSN,COMMON STOCK,902494103,US9024941034,2909730,39902.0,2556521.14,0.5,0,,CONSUMER STAPLES,UNITED STATES,AVMV,2026-04-01,,,,,,,,,,,,,
COUPANG INC COMMON STOCK USD.0001,CPNG,COMMON STOCK,22266T109,US22266T1097,BNYHDF3,134797.0,2544967.36,0.49,0,,CONSUMER DISCRETIONARY,UNITED STATES,AVMV,2026-04-01,,,,,,,,,,,,,
LOEWS CORP COMMON STOCK USD.01,L,COMMON STOCK,540424108,US5404241086,2523022,23598.0,2518850.52,0.49,0,,FINANCIALS,UNITED STATES,AVMV,2026-04-01,,,,,,,,,,,,,
ESTEE LAUDER COMPANIES CL A COMMON STOCK USD.01,EL,COMMON STOCK,518439104,US5184391044,2320524,34742.0,2493433.34,0.48,0,,CONSUMER STAPLES,UNITED STATES,AVMV,2026-04-01,,,,,,,,,,,,,
FIRST SOLAR INC COMMON STOCK USD.001,FSLR,COMMON STOCK,336433107,US3364331070,B1HMF22,12632.0,2491788.32,0.48,0,,INFORMATION TECHNOLOGY,UNITED STATES,AVMV,2026-04-01,,,,,,,,,,,,,
DEXCOM INC COMMON STOCK USD.001,DXCM,COMMON STOCK,252131107,US2521311074,B0796X4,39631.0,2488826.8,0.48,0,,HEALTH CARE,UNITED STATES,AVMV,2026-04-01,,,,,,,,,,,,,
APTIV PLC COMMON STOCK USD.01,APTV,COMMON STOCK,G3265R107,JE00BTDN8H13,BTDN8H1,35188.0,2443454.72,0.47,0,,CONSUMER DISCRETIONARY,UNITED STATES,AVMV,2026-04-01,,,,,,,,,,,,,
DECKERS OUTDOOR CORP COMMON STOCK USD.01,DECK,COMMON STOCK,243537107,US2435371073,2267278,24143.0,2416472.87,0.47,0,,CONSUMER DISCRETIONARY,UNITED STATES,AVMV,2026-04-01,,,,,,,,,,,,,
TALEN ENERGY CORP COMMON STOCK USD.001,TLN,COMMON STOCK,87422Q109,US87422Q1094,BRRF114,7348.0,2345702.04,0.46,0,,UTILITIES,UNITED STATES,AVMV,2026-04-01,,,,,,,,,,,,,
SMURFIT WESTROCK PLC COMMON STOCK,SW,COMMON STOCK,G8267P108,IE00028FXN24,BRK49M5,58391.0,2326881.35,0.45,0,,MATERIALS,UNITED STATES,AVMV,2026-04-01,,,,,,,,,,,,,
SOUTHWEST AIRLINES CO COMMON STOCK USD1.0,LUV,COMMON STOCK,844741108,US8447411088,2831543,61292.0,2302740.44,0.45,0,,INDUSTRIALS,UNITED STATES,AVMV,2026-04-01,,,,,,,,,,,,,
FIVE BELOW COMMON STOCK USD.01,FIVE,COMMON STOCK,33829M101,US33829M1018,B85KFY9,10063.0,2299194.24,0.45,0,,CONSUMER DISCRETIONARY,UNITED STATES,AVMV,2026-04-01,,,,,,,,,,,,,
WW GRAINGER INC COMMON STOCK USD.5,GWW,COMMON STOCK,384802104,US3848021040,2380863,2098.0,2288519.38,0.44,0,,INDUSTRIALS,UNITED STATES,AVMV,2026-04-01,,,,,,,,,,,,,
NVR INC COMMON STOCK USD.01,NVR,COMMON STOCK,62944T105,US62944T1051,2637785,335.0,2207593.05,0.43,0,,CONSUMER DISCRETIONARY,UNITED STATES,AVMV,2026-04-01,,,,,,,,,,,,,
INTERNATIONAL PAPER CO COMMON STOCK USD1.0,IP,COMMON STOCK,460146103,US4601461035,2465254,61184.0,2184268.8,0.42,0,,MATERIALS,UNITED STATES,AVMV,2026-04-01,,,,,,,,,,,,,
BORGWARNER INC COMMON STOCK USD.01,BWA,COMMON STOCK,099724106,US0997241064,2111955,40011.0,2170996.86,0.42,0,,CONSUMER DISCRETIONARY,UNITED STATES,AVMV,2026-04-01,,,,,,,,,,,,,
EAST WEST BANCORP INC COMMON STOCK USD.001,EWBC,COMMON STOCK,27579R104,US27579R1041,2487407,20245.0,2161356.2,0.42,0,,FINANCIALS,UNITED STATES,AVMV,2026-04-01,,,,,,,,,,,,,
FIRST CITIZENS BCSHS   CL A COMMON STOCK USD1.0,FCNCA,COMMON STOCK,31946M103,US31946M1036,2355582,1136.0,2140973.76,0.42,0,,FINANCIALS,UNITED STATES,AVMV,2026-04-01,,,,,,,,,,,,,
RALPH LAUREN CORP COMMON STOCK USD.01,RL,COMMON STOCK,751212101,US7512121010,B4V9661,6214.0,2137553.86,0.42,0,,CONSUMER DISCRETIONARY,UNITED STATES,AVMV,2026-04-01,,,,,,,,,,,,,
MUELLER INDUSTRIES INC COMMON STOCK USD.01,MLI,COMMON STOCK,624756102,US6247561029,2609717,19242.0,2132013.6,0.41,0,,INDUSTRIALS,UNITED STATES,AVMV,2026-04-01,,,,,,,,,,,,,
JAZZ PHARMACEUTICALS PLC COMMON STOCK USD.0001,JAZZ,COMMON STOCK,G50871105,IE00B4Q5ZN47,B4Q5ZN4,11098.0,2098076.9,0.41,0,,HEALTH CARE,UNITED STATES,AVMV,2026-04-01,,,,,,,,,,,,,
LENNOX INTERNATIONAL INC COMMON STOCK USD.01,LII,COMMON STOCK,526107107,US5261071071,2442053,4519.0,2097403.47,0.41,0,,INDUSTRIALS,UNITED STATES,AVMV,2026-04-01,,,,,,,,,,,,,
BEST BUY CO INC COMMON STOCK USD.1,BBY,COMMON STOCK,086516101,US0865161014,2094670,32549.0,2089645.8,0.41,0,,CONSUMER DISCRETIONARY,UNITED STATES,AVMV,2026-04-01,,,,,,,,,,,,,
RENAISSANCERE HOLDINGS LTD COMMON STOCK USD1.0,RNR,COMMON STOCK,G7496G103,BMG7496G1033,2728429,6985.0,2076151.55,0.4,0,,FINANCIALS,UNITED STATES,AVMV,2026-04-01,,,,,,,,,,,,,
NEW YORK TIMES CO A COMMON STOCK USD.1,NYT,COMMON STOCK,650111107,US6501111073,2632003,23217.0,1938619.5,0.38,0,,COMMUNICATION SERVICES,UNITED STATES,AVMV,2026-04-01,,,,,,,,,,,,,
TOLL BROTHERS INC COMMON STOCK USD.01,TOL,COMMON STOCK,889478103,US8894781033,2896092,14098.0,1923954.06,0.37,0,,CONSUMER DISCRETIONARY,UNITED STATES,AVMV,2026-04-01,,,,,,,,,,,,,
CIRCLE INTERNET GROUP INC COMMON STOCK,CRCL,COMMON STOCK,172573107,US1725731079,BL6K237,19891.0,1897800.31,0.37,0,,INFORMATION TECHNOLOGY,UNITED STATES,AVMV,2026-04-01,,,,,,,,,,,,,
REINSURANCE GROUP OF AMERICA COMMON STOCK USD.01,RGA,COMMON STOCK,759351604,US7593516047,2731193,9019.0,1841319.04,0.36,0,,FINANCIALS,UNITED STATES,AVMV,2026-04-01,,,,,,,,,,,,,
FOX CORP   CLASS A COMMON STOCK USD.01,FOXA,COMMON STOCK,35137L105,US35137L1052,BJJMGL2,31166.0,1820094.4,0.35,0,,COMMUNICATION SERVICES,UNITED STATES,AVMV,2026-04-01,,,,,,,,,,,,,
GRACO INC COMMON STOCK USD1.0,GGG,COMMON STOCK,384109104,US3841091040,2380443,21479.0,1818197.35,0.35,0,,INDUSTRIALS,UNITED STATES,AVMV,2026-04-01,,,,,,,,,,,,,
ADVANCED DRAINAGE SYSTEMS IN COMMON STOCK USD.01,WMS,COMMON STOCK,00790R104,US00790R1041,BP7RS59,13119.0,1799008.47,0.35,0,,INDUSTRIALS,UNITED STATES,AVMV,2026-04-01,,,,,,,,,,,,,
VIKING HOLDINGS LTD COMMON STOCK USD.01,VIK,COMMON STOCK,G93A5A101,BMG93A5A1010,BRDXKH1,24363.0,1790193.24,0.35,0,,CONSUMER DISCRETIONARY,UNITED STATES,AVMV,2026-04-01,,,,,,,,,,,,,
BJ S WHOLESALE CLUB HOLDINGS COMMON STOCK USD.01,BJ,COMMON STOCK,05550J101,US05550J1016,BFZNZF8,18114.0,1782779.88,0.35,0,,CONSUMER STAPLES,UNITED STATES,AVMV,2026-04-01,,,,,,,,,,,,,
TEXAS ROADHOUSE INC COMMON STOCK USD.001,TXRH,COMMON STOCK,882681109,US8826811098,B033TJ7,10760.0,1776906.4,0.35,0,,CONSUMER DISCRETIONARY,UNITED STATES,AVMV,2026-04-01,,,,,,,,,,,,,
TD SYNNEX CORP COMMON STOCK USD.001,SNX,COMMON STOCK,87162W100,US87162W1009,2002554,10527.0,1776010.17,0.35,0,,INFORMATION TECHNOLOGY,UNITED STATES,AVMV,2026-04-01,,,,,,,,,,,,,
RANGE RESOURCES CORP COMMON STOCK USD.01,RRC,COMMON STOCK,75281A109,US75281A1097,2523334,39042.0,1763917.56,0.34,0,,ENERGY,UNITED STATES,AVMV,2026-04-01,,,,,,,,,,,,,
EXELIXIS INC COMMON STOCK USD.001,EXEL,COMMON STOCK,30161Q104,US30161Q1040,2576941,41020.0,1759347.8,0.34,0,,HEALTH CARE,UNITED STATES,AVMV,2026-04-01,,,,,,,,,,,,,
ALLY FINANCIAL INC COMMON STOCK USD.01,ALLY,COMMON STOCK,02005N100,US02005N1000,B72XK05,44342.0,1739536.66,0.34,0,,FINANCIALS,UNITED STATES,AVMV,2026-04-01,,,,,,,,,,,,,
GLOBE LIFE INC COMMON STOCK USD1.0,GL,COMMON STOCK,37959E102,US37959E1029,BK6YKG1,12289.0,1710260.13,0.33,0,,FINANCIALS,UNITED STATES,AVMV,2026-04-01,,,,,,,,,,,,,
EVEREST GROUP LTD COMMON STOCK USD.01,EG,COMMON STOCK,G3223R108,BMG3223R1088,2556868,5160.0,1686546.0,0.33,0,,FINANCIALS,UNITED STATES,AVMV,2026-04-01,,,,,,,,,,,,,
DONALDSON CO INC COMMON STOCK USD5.0,DCI,COMMON STOCK,257651109,US2576511099,2276467,19634.0,1666337.58,0.32,0,,INDUSTRIALS,UNITED STATES,AVMV,2026-04-01,,,,,,,,,,,,,
TEXTRON INC COMMON STOCK USD.125,TXT,COMMON STOCK,883203101,US8832031012,2885937,18752.0,1641925.12,0.32,0,,INDUSTRIALS,UNITED STATES,AVMV,2026-04-01,,,,,,,,,,,,,
UNIVERSAL HEALTH SERVICES B COMMON STOCK USD.01,UHS,COMMON STOCK,913903100,US9139031002,2923785,9016.0,1613593.52,0.31,0,,HEALTH CARE,UNITED STATES,AVMV,2026-04-01,,,,,,,,,,,,,
JACK HENRY + ASSOCIATES INC COMMON STOCK USD.01,JKHY,COMMON STOCK,426281101,US4262811015,2469193,10019.0,1583402.76,0.31,0,,FINANCIALS,UNITED STATES,AVMV,2026-04-01,,,,,,,,,,,,,
NORWEGIAN CRUISE LINE HOLDIN COMMON STOCK USD.001,NCLH,COMMON STOCK,G66721104,BMG667211046,B9CGTC3,83248.0,1556737.6,0.3,0,,CONSUMER DISCRETIONARY,UNITED STATES,AVMV,2026-04-01,,,,,,,,,,,,,
SAIA INC COMMON STOCK USD.001,SAIA,COMMON STOCK,78709Y105,US78709Y1055,2982399,4316.0,1516124.48,0.29,0,,INDUSTRIALS,UNITED STATES,AVMV,2026-04-01,,,,,,,,,,,,,
TORO CO COMMON STOCK USD1.0,TTC,COMMON STOCK,891092108,US8910921084,2897040,15977.0,1492890.88,0.29,0,,INDUSTRIALS,UNITED STATES,AVMV,2026-04-01,,,,,,,,,,,,,
STIFEL FINANCIAL CORP COMMON STOCK USD.15,SF,COMMON STOCK,860630102,US8606301021,2849234,19897.0,1470786.24,0.29,0,,FINANCIALS,UNITED STATES,AVMV,2026-04-01,,,,,,,,,,,,,
HF SINCLAIR CORP COMMON STOCK,DINO,COMMON STOCK,403949100,US4039491000,BMZQ9C1,23523.0,1467599.97,0.29,0,,ENERGY,UNITED STATES,AVMV,2026-04-01,,,,,,,,,,,,,
ASSURANT INC COMMON STOCK USD.01,AIZ,COMMON STOCK,04621X108,US04621X1081,2331430,6702.0,1459762.62,0.28,0,,FINANCIALS,UNITED STATES,AVMV,2026-04-01,,,,,,,,,,,,,
RYDER SYSTEM INC COMMON STOCK USD.5,R,COMMON STOCK,783549108,US7835491082,2760669,6815.0,1395098.65,0.27,0,,INDUSTRIALS,UNITED STATES,AVMV,2026-04-01,,,,,,,,,,,,,
AMERICAN FINANCIAL GROUP INC COMMON STOCK,AFG,COMMON STOCK,025932104,US0259321042,2134532,10855.0,1386292.05,0.27,0,,FINANCIALS,UNITED STATES,AVMV,2026-04-01,,,,,,,,,,,,,
EVERCORE INC   A COMMON STOCK USD.01,EVR,COMMON STOCK,29977A105,US29977A1051,B1BHXZ2,4599.0,1372847.49,0.27,0,,FINANCIALS,UNITED STATES,AVMV,2026-04-01,,,,,,,,,,,,,
OLD REPUBLIC INTL CORP COMMON STOCK USD1.0,ORI,COMMON STOCK,680223104,US6802231042,2659109,34041.0,1358235.9,0.26,0,,FINANCIALS,UNITED STATES,AVMV,2026-04-01,,,,,,,,,,,,,
FIDELITY NATIONAL FINANCIAL COMMON STOCK USD.0001,FNF,COMMON STOCK,31620R303,US31620R3030,BNBRDD4,28952.0,1342793.76,0.26,0,,FINANCIALS,UNITED STATES,AVMV,2026-04-01,,,,,,,,,,,,,
HUNTINGTON INGALLS INDUSTRIE COMMON STOCK USD.01,HII,COMMON STOCK,446413106,US4464131063,B40SSC9,3530.0,1341047.0,0.26,0,,INDUSTRIALS,UNITED STATES,AVMV,2026-04-01,,,,,,,,,,,,,
INTERDIGITAL INC COMMON STOCK USD.01,IDCC,COMMON STOCK,45867G101,US45867G1013,2465737,4395.0,1327290.0,0.26,0,,INFORMATION TECHNOLOGY,UNITED STATES,AVMV,2026-04-01,,,,,,,,,,,,,
WINTRUST FINANCIAL CORP COMMON STOCK,WTFC,COMMON STOCK,97650W108,US97650W1080,2425258,9543.0,1325904.42,0.26,0,,FINANCIALS,UNITED STATES,AVMV,2026-04-01,,,,,,,,,,,,,
MURPHY USA INC COMMON STOCK USD.01,MUSA,COMMON STOCK,626755102,US6267551025,BCZWJ63,2648.0,1308032.56,0.25,0,,CONSUMER DISCRETIONARY,UNITED STATES,AVMV,2026-04-01,,,,,,,,,,,,,
PRIMERICA INC COMMON STOCK,PRI,COMMON STOCK,74164M108,US74164M1080,B50K3X8,5220.0,1307505.6,0.25,0,,FINANCIALS,UNITED STATES,AVMV,2026-04-01,,,,,,,,,,,,,
TAPESTRY INC COMMON STOCK USD.01,TPR,COMMON STOCK,876030107,US8760301072,BF09HX3,9204.0,1298776.44,0.25,0,,CONSUMER DISCRETIONARY,UNITED STATES,AVMV,2026-04-01,,,,,,,,,,,,,
POPULAR INC COMMON STOCK USD.01,BPOP,COMMON STOCK,733174700,PR7331747001,B86QM90,9443.0,1266967.31,0.25,0,,FINANCIALS,UNITED STATES,AVMV,2026-04-01,,,,,,,,,,,,,
AXIS CAPITAL HOLDINGS LTD COMMON STOCK USD.0125,AXS,COMMON STOCK,G0692U109,BMG0692U1099,2677606,12474.0,1264988.34,0.25,0,,FINANCIALS,UNITED STATES,AVMV,2026-04-01,,,,,,,,,,,,,
SKYWORKS SOLUTIONS INC COMMON STOCK USD.25,SWKS,COMMON STOCK,83088M102,US83088M1027,2961053,23454.0,1255961.7,0.24,0,,INFORMATION TECHNOLOGY,UNITED STATES,AVMV,2026-04-01,,,,,,,,,,,,,
ZIONS BANCORP NA COMMON STOCK USD.001,ZION,COMMON STOCK,989701107,US9897011071,2989828,21771.0,1254445.02,0.24,0,,FINANCIALS,UNITED STATES,AVMV,2026-04-01,,,,,,,,,,,,,
MOSAIC CO/THE COMMON STOCK USD.01,MOS,COMMON STOCK,61945C103,US61945C1036,B3NPHP6,48808.0,1244604.0,0.24,0,,MATERIALS,UNITED STATES,AVMV,2026-04-01,,,,,,,,,,,,,
MASIMO CORP COMMON STOCK USD.001,MASI,COMMON STOCK,574795100,US5747951003,B1YWR63,6976.0,1240821.12,0.24,0,,HEALTH CARE,UNITED STATES,AVMV,2026-04-01,,,,,,,,,,,,,
ANTERO MIDSTREAM CORP COMMON STOCK,AM,COMMON STOCK,03676B102,US03676B1026,BJBT0Q4,54245.0,1236786.0,0.24,0,,ENERGY,UNITED STATES,AVMV,2026-04-01,,,,,,,,,,,,,
INGREDION INC COMMON STOCK USD.01,INGR,COMMON STOCK,457187102,US4571871023,B7K24P7,10964.0,1226213.76,0.24,0,,CONSUMER STAPLES,UNITED STATES,AVMV,2026-04-01,,,,,,,,,,,,,
VALMONT INDUSTRIES COMMON STOCK USD1.0,VMI,COMMON STOCK,920253101,US9202531011,2926825,3047.0,1217489.79,0.24,0,,INDUSTRIALS,UNITED STATES,AVMV,2026-04-01,,,,,,,,,,,,,
APPLIED INDUSTRIAL TECH INC COMMON STOCK,AIT,COMMON STOCK,03820C105,US03820C1053,2086309,4588.0,1217288.16,0.24,0,,INDUSTRIALS,UNITED STATES,AVMV,2026-04-01,,,,,,,,,,,,,
AUTOLIV INC COMMON STOCK USD1.0,ALV,COMMON STOCK,052800109,US0528001094,2064253,11572.0,1216911.52,0.24,0,,CONSUMER DISCRETIONARY,UNITED STATES,AVMV,2026-04-01,,,,,,,,,,,,,
SOLSTICE ADV MATERIALS INC COMMON STOCK USD.01,SOLS,COMMON STOCK,83443Q103,US83443Q1031,BW2K5V7,15978.0,1216884.48,0.24,0,,MATERIALS,UNITED STATES,AVMV,2026-04-01,,,,,,,,,,,,,
DYCOM INDUSTRIES INC COMMON STOCK USD.3333333,DY,COMMON STOCK,267475101,US2674751019,2289841,3548.0,1202133.36,0.23,0,,INDUSTRIALS,UNITED STATES,AVMV,2026-04-01,,,,,,,,,,,,,
FOX CORP   CLASS B COMMON STOCK USD.01,FOX,COMMON STOCK,35137L204,US35137L2043,BJJMGY5,22600.0,1200060.0,0.23,0,,COMMUNICATION SERVICES,UNITED STATES,AVMV,2026-04-01,,,,,,,,,,,,,
OWENS CORNING COMMON STOCK USD.001,OC,COMMON STOCK,690742101,US6907421019,B1FW7Q2,10978.0,1188039.16,0.23,0,,INDUSTRIALS,UNITED STATES,AVMV,2026-04-01,,,,,,,,,,,,,
ANTERO RESOURCES CORP COMMON STOCK USD.01,AR,COMMON STOCK,03674X106,US03674X1063,BFD2WR8,27887.0,1183524.28,0.23,0,,ENERGY,UNITED STATES,AVMV,2026-04-01,,,,,,,,,,,,,
AGCO CORP COMMON STOCK USD.01,AGCO,COMMON STOCK,001084102,US0010841023,2010278,10146.0,1175617.02,0.23,0,,INDUSTRIALS,UNITED STATES,AVMV,2026-04-01,,,,,,,,,,,,,
HUNTINGTON BANCSHARES INC COMMON STOCK USD.01,HBAN,COMMON STOCK,446150104,US4461501045,2445966,75065.0,1174767.25,0.23,0,,FINANCIALS,UNITED STATES,AVMV,2026-04-01,,,,,,,,,,,,,
VF CORP COMMON STOCK,VFC,COMMON STOCK,918204108,US9182041080,2928683,68660.0,1166533.4,0.23,0,,CONSUMER DISCRETIONARY,UNITED STATES,AVMV,2026-04-01,,,,,,,,,,,,,
CULLEN/FROST BANKERS INC COMMON STOCK USD.01,CFR,COMMON STOCK,229899109,US2298991090,2239556,8411.0,1152979.88,0.22,0,,FINANCIALS,UNITED STATES,AVMV,2026-04-01,,,,,,,,,,,,,
GAP INC/THE COMMON STOCK USD.05,GAP,COMMON STOCK,364760108,US3647601083,2360326,47107.0,1139989.4,0.22,0,,CONSUMER DISCRETIONARY,UNITED STATES,AVMV,2026-04-01,,,,,,,,,,,,,
ENCOMPASS HEALTH CORP COMMON STOCK USD.01,EHC,COMMON STOCK,29261A100,US29261A1007,BYX2YJ7,11797.0,1138882.38,0.22,0,,HEALTH CARE,UNITED STATES,AVMV,2026-04-01,,,,,,,,,,,,,
PRIMORIS SERVICES CORP COMMON STOCK USD.0001,PRIM,COMMON STOCK,74164F103,US74164F1030,B1GC200,7807.0,1116713.28,0.22,0,,INDUSTRIALS,UNITED STATES,AVMV,2026-04-01,,,,,,,,,,,,,
JACKSON FINANCIAL INC A COMMON STOCK USD.01,JXN,COMMON STOCK,46817M107,US46817M1071,BMFX6P4,10302.0,1089127.44,0.21,0,,FINANCIALS,UNITED STATES,AVMV,2026-04-01,,,,,,,,,,,,,
ARMSTRONG WORLD INDUSTRIES COMMON STOCK USD.01,AWI,COMMON STOCK,04247X102,US04247X1028,B1FT462,6568.0,1082406.4,0.21,0,,INDUSTRIALS,UNITED STATES,AVMV,2026-04-01,,,,,,,,,,,,,
SIMPSON MANUFACTURING CO INC COMMON STOCK USD.01,SSD,COMMON STOCK,829073105,US8290731053,2809250,6300.0,1081206.0,0.21,0,,INDUSTRIALS,UNITED STATES,AVMV,2026-04-01,,,,,,,,,,,,,
SANMINA CORP COMMON STOCK USD.01,SANM,COMMON STOCK,801056102,US8010561020,B92RRW2,8284.0,1073937.76,0.21,0,,INFORMATION TECHNOLOGY,UNITED STATES,AVMV,2026-04-01,,,,,,,,,,,,,
MOLSON COORS BEVERAGE CO   B COMMON STOCK USD.01,TAP,COMMON STOCK,60871R209,US60871R2094,B067BM3,24891.0,1071806.46,0.21,0,,CONSUMER STAPLES,UNITED STATES,AVMV,2026-04-01,,,,,,,,,,,,,
PARAMOUNT SKYDANCE CL B COMMON STOCK USD.001,PSKY,COMMON STOCK,69932A204,US69932A2042,BSNMNQ5,117818.0,1062718.36,0.21,0,,COMMUNICATION SERVICES,UNITED STATES,AVMV,2026-04-01,,,,,,,,,,,,,
WESTERN ALLIANCE BANCORP COMMON STOCK USD.0001,WAL,COMMON STOCK,957638109,US9576381092,B0CCGJ4,14985.0,1061687.25,0.21,0,,FINANCIALS,UNITED STATES,AVMV,2026-04-01,,,,,,,,,,,,,
MARKEL GROUP INC COMMON STOCK,MKL,COMMON STOCK,570535104,US5705351048,2566436,554.0,1060394.78,0.21,0,,FINANCIALS,UNITED STATES,AVMV,2026-04-01,,,,,,,,,,,,,
METLIFE INC COMMON STOCK USD.01,MET,COMMON STOCK,59156R108,US59156R1086,2573209,14898.0,1053586.56,0.2,0,,FINANCIALS,UNITED STATES,AVMV,2026-04-01,,,,,,,,,,,,,
OSHKOSH CORP COMMON STOCK USD.01,OSK,COMMON STOCK,688239201,US6882392011,2663520,7137.0,1050637.77,0.2,0,,INDUSTRIALS,UNITED STATES,AVMV,2026-04-01,,,,,,,,,,,,,
COGNIZANT TECH SOLUTIONS A COMMON STOCK USD.01,CTSH,COMMON STOCK,192446102,US1924461023,2257019,17110.0,1049698.5,0.2,0,,INFORMATION TECHNOLOGY,UNITED STATES,AVMV,2026-04-01,,,,,,,,,,,,,
AMKOR TECHNOLOGY INC COMMON STOCK USD.001,AMKR,COMMON STOCK,031652100,US0316521006,2242929,23275.0,1048073.25,0.2,0,,INFORMATION TECHNOLOGY,UNITED STATES,AVMV,2026-04-01,,,,,,,,,,,,,
CLEAN HARBORS INC COMMON STOCK USD.01,CLH,COMMON STOCK,184496107,US1844961078,2202473,3628.0,1040256.44,0.2,0,,INDUSTRIALS,UNITED STATES,AVMV,2026-04-01,,,,,,,,,,,,,
BROWN FORMAN CORP CLASS B COMMON STOCK USD.15,BF.B,COMMON STOCK,115637209,US1156372096,2146838,38699.0,1023201.56,0.2,0,,CONSUMER STAPLES,UNITED STATES,AVMV,2026-04-01,,,,,,,,,,,,,
MANHATTAN ASSOCIATES INC COMMON STOCK USD.01,MANH,COMMON STOCK,562750109,US5627501092,2239471,7541.0,1003857.92,0.2,0,,INFORMATION TECHNOLOGY,UNITED STATES,AVMV,2026-04-01,,,,,,,,,,,,,
COMMERCE BANCSHARES INC COMMON STOCK USD5.0,CBSH,COMMON STOCK,200525103,US2005251036,2213204,20307.0,999104.4,0.19,0,,FINANCIALS,UNITED STATES,AVMV,2026-04-01,,,,,,,,,,,,,
SMITH (A.O.) CORP COMMON STOCK USD1.0,AOS,COMMON STOCK,831865209,US8318652091,2816023,14879.0,981121.26,0.19,0,,INDUSTRIALS,UNITED STATES,AVMV,2026-04-01,,,,,,,,,,,,,
ONEMAIN HOLDINGS INC COMMON STOCK USD.01,OMF,COMMON STOCK,68268W103,US68268W1036,BYSZB89,18278.0,977690.22,0.19,0,,FINANCIALS,UNITED STATES,AVMV,2026-04-01,,,,,,,,,,,,,
PAYCOM SOFTWARE INC COMMON STOCK USD.01,PAYC,COMMON STOCK,70432V102,US70432V1026,BL95MY0,7951.0,966364.54,0.19,0,,INDUSTRIALS,UNITED STATES,AVMV,2026-04-01,,,,,,,,,,,,,
COREBRIDGE FINANCIAL INC COMMON STOCK USD.01,CRBG,COMMON STOCK,21871X109,US21871X1090,BMTX0G9,39772.0,948959.92,0.18,0,,FINANCIALS,UNITED STATES,AVMV,2026-04-01,,,,,,,,,,,,,
WEBSTER FINANCIAL CORP COMMON STOCK USD.01,WBS,COMMON STOCK,947890109,US9478901096,2945143,13609.0,944736.78,0.18,0,,FINANCIALS,UNITED STATES,AVMV,2026-04-01,,,,,,,,,,,,,
KINSALE CAPITAL GROUP INC COMMON STOCK USD.01,KNSL,COMMON STOCK,49714P108,US49714P1084,BD1MGQ3,2741.0,936490.06,0.18,0,,FINANCIALS,UNITED STATES,AVMV,2026-04-01,,,,,,,,,,,,,
LINCOLN NATIONAL CORP COMMON STOCK,LNC,COMMON STOCK,534187109,US5341871094,2516378,25798.0,915829.0,0.18,0,,FINANCIALS,UNITED STATES,AVMV,2026-04-01,,,,,,,,,,,,,
AUTONATION INC COMMON STOCK USD.01,AN,COMMON STOCK,05329W102,US05329W1027,2732635,4671.0,912059.46,0.18,0,,CONSUMER DISCRETIONARY,UNITED STATES,AVMV,2026-04-01,,,,,,,,,,,,,
LITHIA MOTORS INC COMMON STOCK,LAD,COMMON STOCK,536797103,US5367971034,2515030,3606.0,900490.32,0.17,0,,CONSUMER DISCRETIONARY,UNITED STATES,AVMV,2026-04-01,,,,,,,,,,,,,
SPROUTS FARMERS MARKET INC COMMON STOCK USD.001,SFM,COMMON STOCK,85208M102,US85208M1027,BCGCR79,11512.0,887920.56,0.17,0,,CONSUMER STAPLES,UNITED STATES,AVMV,2026-04-01,,,,,,,,,,,,,
EAGLE MATERIALS INC COMMON STOCK USD.01,EXP,COMMON STOCK,26969P108,US26969P1084,2191399,4503.0,853093.35,0.17,0,,MATERIALS,UNITED STATES,AVMV,2026-04-01,,,,,,,,,,,,,
COLUMBIA BANKING SYSTEM INC COMMON STOCK,COLB,COMMON STOCK,197236102,US1972361026,2176608,29542.0,810337.06,0.16,0,,FINANCIALS,UNITED STATES,AVMV,2026-04-01,,,,,,,,,,,,,
ILLUMINA INC COMMON STOCK USD.01,ILMN,COMMON STOCK,452327109,US4523271090,2613990,6503.0,801559.78,0.16,0,,HEALTH CARE,UNITED STATES,AVMV,2026-04-01,,,,,,,,,,,,,
MAPLEBEAR INC COMMON STOCK USD.0001,CART,COMMON STOCK,565394103,US5653941030,BN4L6W3,21387.0,801157.02,0.16,0,,CONSUMER STAPLES,UNITED STATES,AVMV,2026-04-01,,,,,,,,,,,,,
MOHAWK INDUSTRIES INC COMMON STOCK USD.01,MHK,COMMON STOCK,608190104,US6081901042,2598699,8017.0,789353.82,0.15,0,,CONSUMER DISCRETIONARY,UNITED STATES,AVMV,2026-04-01,,,,,,,,,,,,,
HESS MIDSTREAM LP   CLASS A COMMON STOCK,HESM,COMMON STOCK,428103105,US4281031058,BKPK695,19864.0,772113.68,0.15,0,,ENERGY,UNITED STATES,AVMV,2026-04-01,,,,,,,,,,,,,
LEAR CORP COMMON STOCK USD.01,LEA,COMMON STOCK,521865204,US5218652049,B570P91,6349.0,768736.92,0.15,0,,CONSUMER DISCRETIONARY,UNITED STATES,AVMV,2026-04-01,,,,,,,,,,,,,
CIRRUS LOGIC INC COMMON STOCK USD.001,CRUS,COMMON STOCK,172755100,US1727551004,2197308,5295.0,765762.9,0.15,0,,INFORMATION TECHNOLOGY,UNITED STATES,AVMV,2026-04-01,,,,,,,,,,,,,
CLEAR SECURE INC  CLASS A COMMON STOCK USD.00001,YOU,COMMON STOCK,18467V109,US18467V1098,BLD30T1,15448.0,747837.68,0.15,0,,INFORMATION TECHNOLOGY,UNITED STATES,AVMV,2026-04-01,,,,,,,,,,,,,
EASTMAN CHEMICAL CO COMMON STOCK USD.01,EMN,COMMON STOCK,277432100,US2774321002,2298386,9708.0,740914.56,0.14,0,,MATERIALS,UNITED STATES,AVMV,2026-04-01,,,,,,,,,,,,,
KIRBY CORP COMMON STOCK USD.1,KEX,COMMON STOCK,497266106,US4972661064,2493534,5572.0,740407.36,0.14,0,,INDUSTRIALS,UNITED STATES,AVMV,2026-04-01,,,,,,,,,,,,,
U HAUL HOLDING CO NON VOTING COMMON STOCK USD.001,UHAL.B,COMMON STOCK,023586506,US0235865062,BP0VMC3,16510.0,737501.7,0.14,0,,INDUSTRIALS,UNITED STATES,AVMV,2026-04-01,,,,,,,,,,,,,
LITTELFUSE INC COMMON STOCK USD.01,LFUS,COMMON STOCK,537008104,US5370081045,2531832,2150.0,729602.5,0.14,0,,INFORMATION TECHNOLOGY,UNITED STATES,AVMV,2026-04-01,,,,,,,,,,,,,
AIR LEASE CORP COMMON STOCK USD.01,AL,COMMON STOCK,00912X302,US00912X3026,B3XS562,11202.0,727457.88,0.14,0,,INDUSTRIALS,UNITED STATES,AVMV,2026-04-01,,,,,,,,,,,,,
MGIC INVESTMENT CORP COMMON STOCK USD1.0,MTG,COMMON STOCK,552848103,US5528481030,2548616,27239.0,715023.75,0.14,0,,FINANCIALS,UNITED STATES,AVMV,2026-04-01,,,,,,,,,,,,,
GENPACT LTD COMMON STOCK USD.01,G,COMMON STOCK,G3922B107,BMG3922B1072,B23DBK6,19120.0,712220.0,0.14,0,,INDUSTRIALS,UNITED STATES,AVMV,2026-04-01,,,,,,,,,,,,,
INSTALLED BUILDING PRODUCTS COMMON STOCK USD.01,IBP,COMMON STOCK,45780R101,US45780R1014,BJSP4C9,2645.0,701321.75,0.14,0,,CONSUMER DISCRETIONARY,UNITED STATES,AVMV,2026-04-01,,,,,,,,,,,,,
VOYA FINANCIAL INC COMMON STOCK USD.01,VOYA,COMMON STOCK,929089100,US9290891004,BKWQ2N2,10138.0,692628.16,0.13,0,,FINANCIALS,UNITED STATES,AVMV,2026-04-01,,,,,,,,,,,,,
NEWMARKET CORP COMMON STOCK,NEU,COMMON STOCK,651587107,US6515871076,B01CGF1,1080.0,692226.0,0.13,0,,MATERIALS,UNITED STATES,AVMV,2026-04-01,,,,,,,,,,,,,
BOYD GAMING CORP COMMON STOCK USD.01,BYD,COMMON STOCK,103304101,US1033041013,2117232,8286.0,680943.48,0.13,0,,CONSUMER DISCRETIONARY,UNITED STATES,AVMV,2026-04-01,,,,,,,,,,,,,
ESSENT GROUP LTD COMMON STOCK USD.015,ESNT,COMMON STOCK,G3198U102,BMG3198U1027,BFWGXR8,10779.0,629924.76,0.12,0,,FINANCIALS,UNITED STATES,AVMV,2026-04-01,,,,,,,,,,,,,
LAMB WESTON HOLDINGS INC COMMON STOCK USD1.0,LW,COMMON STOCK,513272104,US5132721045,BDQZFJ3,14447.0,610530.22,0.12,0,,CONSUMER STAPLES,UNITED STATES,AVMV,2026-04-01,,,,,,,,,,,,,
BRINKER INTERNATIONAL INC COMMON STOCK USD.1,EAT,COMMON STOCK,109641100,US1096411004,2193544,4209.0,600918.93,0.12,0,,CONSUMER DISCRETIONARY,UNITED STATES,AVMV,2026-04-01,,,,,,,,,,,,,
IES HOLDINGS INC COMMON STOCK USD.01,IESC,COMMON STOCK,44951W106,US44951W1062,BD978B9,1253.0,597016.91,0.12,0,,INDUSTRIALS,UNITED STATES,AVMV,2026-04-01,,,,,,,,,,,,,
WEATHERFORD INTERNATIONAL PL COMMON STOCK USD.001,WFRD,COMMON STOCK,G48833118,IE00BLNN3691,BLNN369,5937.0,561521.46,0.11,0,,ENERGY,UNITED STATES,AVMV,2026-04-01,,,,,,,,,,,,,
SLB LTD COMMON STOCK USD.01,SLB,COMMON STOCK,806857108,AN8068571086,2779201,10874.0,558814.86,0.11,0,,ENERGY,UNITED STATES,AVMV,2026-04-01,,,,,,,,,,,,,
ENSIGN GROUP INC/THE COMMON STOCK USD.001,ENSG,COMMON STOCK,29358P101,US29358P1012,B1YWPP8,2720.0,548080.0,0.11,0,,HEALTH CARE,UNITED STATES,AVMV,2026-04-01,,,,,,,,,,,,,
URBAN OUTFITTERS INC COMMON STOCK USD.0001,URBN,COMMON STOCK,917047102,US9170471026,2933438,8621.0,546140.35,0.11,0,,CONSUMER DISCRETIONARY,UNITED STATES,AVMV,2026-04-01,,,,,,,,,,,,,
GLOBALSTAR INC COMMON STOCK USD.0001,GSAT,COMMON STOCK,378973507,US3789735079,BRJMM32,8148.0,541190.16,0.11,0,,COMMUNICATION SERVICES,UNITED STATES,AVMV,2026-04-01,,,,,,,,,,,,,
NOV INC COMMON STOCK USD.01,NOV,COMMON STOCK,62955J103,US62955J1034,BN2RYW9,28436.0,534881.16,0.1,0,,ENERGY,UNITED STATES,AVMV,2026-04-01,,,,,,,,,,,,,
FLUOR CORP COMMON STOCK USD.01,FLR,COMMON STOCK,343412102,US3434121022,2696838,10920.0,509418.0,0.1,0,,INDUSTRIALS,UNITED STATES,AVMV,2026-04-01,,,,,,,,,,,,,
TEXAS PACIFIC LAND CORP COMMON STOCK USD.01,TPL,COMMON STOCK,88262P102,US88262P1021,BM99VY2,1052.0,499237.12,0.1,0,,ENERGY,UNITED STATES,AVMV,2026-04-01,,,,,,,,,,,,,
TIMKEN CO COMMON STOCK,TKR,COMMON STOCK,887389104,US8873891043,2892807,4942.0,497016.94,0.1,0,,INDUSTRIALS,UNITED STATES,AVMV,2026-04-01,,,,,,,,,,,,,
PEGASYSTEMS INC COMMON STOCK USD.01,PEGA,COMMON STOCK,705573103,US7055731035,2675860,11504.0,489265.12,0.1,0,,INFORMATION TECHNOLOGY,UNITED STATES,AVMV,2026-04-01,,,,,,,,,,,,,
TEREX CORP COMMON STOCK USD.01,TEX,COMMON STOCK,880779103,US8807791038,2884224,7932.0,468781.2,0.09,0,,INDUSTRIALS,UNITED STATES,AVMV,2026-04-01,,,,,,,,,,,,,
ALBEMARLE CORP COMMON STOCK USD.01,ALB,COMMON STOCK,012653101,US0126531013,2046853,2544.0,456724.32,0.09,0,,MATERIALS,UNITED STATES,AVMV,2026-04-01,,,,,,,,,,,,,
WEST PHARMACEUTICAL SERVICES COMMON STOCK USD.25,WST,COMMON STOCK,955306105,US9553061055,2950482,1696.0,425085.44,0.08,0,,HEALTH CARE,UNITED STATES,AVMV,2026-04-01,,,,,,,,,,,,,
CARLYLE GROUP INC/THE COMMON STOCK USD1.0,CG,COMMON STOCK,14316J108,US14316J1088,BKRTG56,8407.0,406814.73,0.08,0,,FINANCIALS,UNITED STATES,AVMV,2026-04-01,,,,,,,,,,,,,
JEFFERIES FINANCIAL GROUP IN COMMON STOCK USD1.0,JEF,COMMON STOCK,47233W109,US47233W1099,BG0Q4Z2,9616.0,396852.32,0.08,0,,FINANCIALS,UNITED STATES,AVMV,2026-04-01,,,,,,,,,,,,,
GALAXY DIGITAL INC A COMMON STOCK USD.001,GLXY,COMMON STOCK,36317J209,US36317J2096,BV97X10,21008.0,387597.6,0.08,0,,FINANCIALS,UNITED STATES,AVMV,2026-04-01,,,,,,,,,,,,,
SSC GOVERNMENT MM GVMXX,OTHER,SWEEP INVESTMENT VEHICLE,7839989D1,,,371624.0,371624.15,0.07,3.5990825,12/31/2030,MISCELLANEOUS,UNITED STATES,AVMV,2026-04-01,,,,,,,,,,,,,
BOK FINANCIAL CORPORATION COMMON STOCK USD.00006,BOKF,COMMON STOCK,05561Q201,US05561Q2012,2109091,2766.0,354213.96,0.07,0,,FINANCIALS,UNITED STATES,AVMV,2026-04-01,,,,,,,,,,,,,
NOBLE CORP PLC COMMON STOCK USD.00001,NE,COMMON STOCK,G65431127,GB00BMXNWH07,BN2QTL0,7085.0,347660.95,0.07,0,,ENERGY,UNITED STATES,AVMV,2026-04-01,,,,,,,,,,,,,
KEYCORP COMMON STOCK USD1.0,KEY,COMMON STOCK,493267108,US4932671088,2490911,17225.0,345361.25,0.07,0,,FINANCIALS,UNITED STATES,AVMV,2026-04-01,,,,,,,,,,,,,
DILLARDS INC CL A COMMON STOCK,DDS,COMMON STOCK,254067101,US2540671011,2269768,573.0,327819.03,0.06,0,,CONSUMER DISCRETIONARY,UNITED STATES,AVMV,2026-04-01,,,,,,,,,,,,,
MARKETAXESS HOLDINGS INC COMMON STOCK USD.003,MKTX,COMMON STOCK,57060D108,US57060D1081,B03Q9D0,1776.0,293004.48,0.06,0,,FINANCIALS,UNITED STATES,AVMV,2026-04-01,,,,,,,,,,,,,
UBIQUITI INC COMMON STOCK USD.001,UI,COMMON STOCK,90353W103,US90353W1036,BK9Z6V8,360.0,284504.4,0.06,0,,INFORMATION TECHNOLOGY,UNITED STATES,AVMV,2026-04-01,,,,,,,,,,,,,
AXALTA COATING SYSTEMS LTD COMMON STOCK USD1.0,AXTA,COMMON STOCK,G0750C108,BMG0750C1082,BSFWCF5,9985.0,276584.5,0.05,0,,MATERIALS,UNITED STATES,AVMV,2026-04-01,,,,,,,,,,,,,
PAYLOCITY HOLDING CORP COMMON STOCK USD.001,PCTY,COMMON STOCK,70438V106,US70438V1061,BKM4N88,2523.0,272584.92,0.05,0,,INDUSTRIALS,UNITED STATES,AVMV,2026-04-01,,,,,,,,,,,,,
FIRST AMERICAN FINANCIAL COMMON STOCK USD.00001,FAF,COMMON STOCK,31847R102,US31847R1023,B4NFPK4,4510.0,271907.9,0.05,0,,FINANCIALS,UNITED STATES,AVMV,2026-04-01,,,,,,,,,,,,,
PILGRIM S PRIDE CORP COMMON STOCK USD.01,PPC,COMMON STOCK,72147K108,US72147K1088,B5L3PZ2,7109.0,268435.84,0.05,0,,CONSUMER STAPLES,UNITED STATES,AVMV,2026-04-01,,,,,,,,,,,,,
LEVI STRAUSS + CO  CLASS A COMMON STOCK USD.001,LEVI,COMMON STOCK,52736R102,US52736R1023,BHRWS81,13988.0,258638.12,0.05,0,,CONSUMER DISCRETIONARY,UNITED STATES,AVMV,2026-04-01,,,,,,,,,,,,,
WESTLAKE CORP COMMON STOCK USD.01,WLK,COMMON STOCK,960413102,US9604131022,B01ZP20,2192.0,256069.44,0.05,0,,MATERIALS,UNITED STATES,AVMV,2026-04-01,,,,,,,,,,,,,
UMB FINANCIAL CORP COMMON STOCK USD1.0,UMBF,COMMON STOCK,902788108,US9027881088,2918510,2197.0,247799.63,0.05,0,,FINANCIALS,UNITED STATES,AVMV,2026-04-01,,,,,,,,,,,,,
MATADOR RESOURCES CO COMMON STOCK USD.01,MTDR,COMMON STOCK,576485205,US5764852050,B7MSLL8,3820.0,241347.6,0.05,0,,ENERGY,UNITED STATES,AVMV,2026-04-01,,,,,,,,,,,,,
UNUM GROUP COMMON STOCK USD.1,UNM,COMMON STOCK,91529Y106,US91529Y1064,2433842,3136.0,229022.08,0.04,0,,FINANCIALS,UNITED STATES,AVMV,2026-04-01,,,,,,,,,,,,,
ENERSYS COMMON STOCK USD.01,ENS,COMMON STOCK,29275Y102,US29275Y1029,B020GQ5,1284.0,223056.48,0.04,0,,INDUSTRIALS,UNITED STATES,AVMV,2026-04-01,,,,,,,,,,,,,
FACTSET RESEARCH SYSTEMS INC COMMON STOCK USD.01,FDS,COMMON STOCK,303075105,US3030751057,2329770,1002.0,217423.98,0.04,0,,FINANCIALS,UNITED STATES,AVMV,2026-04-01,,,,,,,,,,,,,
ARROWHEAD PHARMACEUTICALS IN COMMON STOCK USD.001,ARWR,COMMON STOCK,04280A100,US04280A1007,BYQBFJ8,3263.0,204590.1,0.04,0,,HEALTH CARE,UNITED STATES,AVMV,2026-04-01,,,,,,,,,,,,,
SOUTHSTATE BANK CORP COMMON STOCK USD2.5,SSB,COMMON STOCK,84472E102,US84472E1029,BVDCQB2,2185.0,202156.2,0.04,0,,FINANCIALS,UNITED STATES,AVMV,2026-04-01,,,,,,,,,,,,,
SNAP ON INC COMMON STOCK USD1.0,SNA,COMMON STOCK,833034101,US8330341012,2818740,520.0,188874.4,0.04,0,,INDUSTRIALS,UNITED STATES,AVMV,2026-04-01,,,,,,,,,,,,,
CIPHER DIGITAL INC COMMON STOCK USD1.0,CIFR,COMMON STOCK,17253J106,US17253J1060,BMZ8604,14036.0,180643.32,0.04,0,,INFORMATION TECHNOLOGY,UNITED STATES,AVMV,2026-04-01,,,,,,,,,,,,,
RED ROCK RESORTS INC CLASS A COMMON STOCK USD.01,RRR,COMMON STOCK,75700L108,US75700L1089,BYY9947,3222.0,171925.92,0.03,0,,CONSUMER DISCRETIONARY,UNITED STATES,AVMV,2026-04-01,,,,,,,,,,,,,
BROWN FORMAN CORP CLASS A COMMON STOCK USD.15,BF.A,COMMON STOCK,115637100,US1156371007,2146816,6022.0,161329.38,0.03,0,,CONSUMER STAPLES,UNITED STATES,AVMV,2026-04-01,,,,,,,,,,,,,
SEI INVESTMENTS COMPANY COMMON STOCK USD.01,SEIC,COMMON STOCK,784117103,US7841171033,2793610,1935.0,151839.45,0.03,0,,FINANCIALS,UNITED STATES,AVMV,2026-04-01,,,,,,,,,,,,,
LENNAR CORP   B SHS COMMON STOCK USD.1,LEN.B,COMMON STOCK,526057302,US5260573028,2578293,1800.0,151416.0,0.03,0,,CONSUMER DISCRETIONARY,UNITED STATES,AVMV,2026-04-01,,,,,,,,,,,,,
SMITHFIELD FOODS INC COMMON STOCK NPV,SFD,COMMON STOCK,832248207,US8322482071,BS893N8,5370.0,150198.9,0.03,0,,CONSUMER STAPLES,UNITED STATES,AVMV,2026-04-01,,,,,,,,,,,,,
RPM INTERNATIONAL INC COMMON STOCK USD.01,RPM,COMMON STOCK,749685103,US7496851038,2756174,1316.0,130810.4,0.03,0,,MATERIALS,UNITED STATES,AVMV,2026-04-01,,,,,,,,,,,,,
CNA FINANCIAL CORP COMMON STOCK USD2.5,CNA,COMMON STOCK,126117100,US1261171003,2204866,2782.0,127749.44,0.02,0,,FINANCIALS,UNITED STATES,AVMV,2026-04-01,,,,,,,,,,,,,
CHORD ENERGY CORP COMMON STOCK,CHRD,COMMON STOCK,674215207,US6742152076,BLDDYB1,848.0,120568.64,0.02,0,,ENERGY,UNITED STATES,AVMV,2026-04-01,,,,,,,,,,,,,
ENACT HOLDINGS INC COMMON STOCK USD.01,ACT,COMMON STOCK,29249E109,US29249E1091,BNZFTG9,2726.0,111248.06,0.02,0,,FINANCIALS,UNITED STATES,AVMV,2026-04-01,,,,,,,,,,,,,
ARROW ELECTRONICS INC COMMON STOCK USD1.0,ARW,COMMON STOCK,042735100,US0427351004,2051404,734.0,105262.94,0.02,0,,INFORMATION TECHNOLOGY,UNITED STATES,AVMV,2026-04-01,,,,,,,,,,,,,
COMSTOCK RESOURCES INC COMMON STOCK USD.5,CRK,COMMON STOCK,205768302,US2057683029,BD82PS1,4887.0,103017.96,0.02,0,,ENERGY,UNITED STATES,AVMV,2026-04-01,,,,,,,,,,,,,
OLD NATIONAL BANCORP COMMON STOCK,ONB,COMMON STOCK,680033107,US6800331075,2658441,4359.0,96333.9,0.02,0,,FINANCIALS,UNITED STATES,AVMV,2026-04-01,,,,,,,,,,,,,
VALARIS LTD COMMON STOCK USD.01,VAL,COMMON STOCK,G9460G101,BMG9460G1015,BMY0YX0,911.0,89314.44,0.02,0,,ENERGY,UNITED STATES,AVMV,2026-04-01,,,,,,,,,,,,,
VIASAT INC COMMON STOCK USD.0001,VSAT,COMMON STOCK,92552V100,US92552V1008,2946243,1796.0,82256.8,0.02,0,,INFORMATION TECHNOLOGY,UNITED STATES,AVMV,2026-04-01,,,,,,,,,,,,,
HANOVER INSURANCE GROUP INC/ COMMON STOCK USD.01,THG,COMMON STOCK,410867105,US4108671052,2020415,401.0,69513.35,0.01,0,,FINANCIALS,UNITED STATES,AVMV,2026-04-01,,,,,,,,,,,,,
GATX CORP COMMON STOCK USD.625,GATX,COMMON STOCK,361448103,US3614481030,2362128,405.0,69149.7,0.01,0,,INDUSTRIALS,UNITED STATES,AVMV,2026-04-01,,,,,,,,,,,,,
LYFT INC A COMMON STOCK USD.00001,LYFT,COMMON STOCK,55087P104,US55087P1049,BJT1RW7,5158.0,68601.4,0.01,0,,INDUSTRIALS,UNITED STATES,AVMV,2026-04-01,,,,,,,,,,,,,
CARLISLE COS INC COMMON STOCK USD1.0,CSL,COMMON STOCK,142339100,US1423391002,2176318,194.0,64722.28,0.01,0,,INDUSTRIALS,UNITED STATES,AVMV,2026-04-01,,,,,,,,,,,,,
ARCHROCK INC COMMON STOCK USD.01,AROC,COMMON STOCK,03957W106,US03957W1062,BYRGSX7,1855.0,64554.0,0.01,0,,ENERGY,UNITED STATES,AVMV,2026-04-01,,,,,,,,,,,,,
ARGAN INC COMMON STOCK USD.15,AGX,COMMON STOCK,04010E109,US04010E1091,2804501,117.0,63724.05,0.01,0,,INDUSTRIALS,UNITED STATES,AVMV,2026-04-01,,,,,,,,,,,,,
U HAUL HOLDING CO COMMON STOCK USD.25,UHAL,COMMON STOCK,023586100,US0235861004,2028174,1232.0,58864.96,0.01,0,,INDUSTRIALS,UNITED STATES,AVMV,2026-04-01,,,,,,,,,,,,,
CARMAX INC COMMON STOCK USD.5,KMX,COMMON STOCK,143130102,US1431301027,2983563,1381.0,57421.98,0.01,0,,CONSUMER DISCRETIONARY,UNITED STATES,AVMV,2026-04-01,,,,,,,,,,,,,
GLOBALFOUNDRIES INC COMMON STOCK USD.02,GFS,COMMON STOCK,G39387108,KYG393871085,BMW7F63,1224.0,54443.52,0.01,0,,INFORMATION TECHNOLOGY,UNITED STATES,AVMV,2026-04-01,,,,,,,,,,,,,
SM ENERGY CO COMMON STOCK USD.01,SM,COMMON STOCK,78454L100,US78454L1008,2764188,1696.0,52881.28,0.01,0,,ENERGY,UNITED STATES,AVMV,2026-04-01,,,,,,,,,,,,,
TRANSOCEAN LTD COMMON STOCK CHF.1,RIG,COMMON STOCK,H8817H100,CH0048265513,B3KFWW1,7759.0,51442.17,0.01,0,,ENERGY,UNITED STATES,AVMV,2026-04-01,,,,,,,,,,,,,
ALIGN TECHNOLOGY INC COMMON STOCK USD.0001,ALGN,COMMON STOCK,016255101,US0162551016,2679204,291.0,49886.13,0.01,0,,HEALTH CARE,UNITED STATES,AVMV,2026-04-01,,,,,,,,,,,,,
FASTENAL CO COMMON STOCK USD.01,FAST,COMMON STOCK,311900104,US3119001044,2332262,728.0,33779.2,0.01,0,,INDUSTRIALS,UNITED STATES,AVMV,2026-04-01,,,,,,,,,,,,,
VIRTU FINANCIAL INC CLASS A COMMON STOCK USD.00001,VIRT,COMMON STOCK,928254101,US9282541013,BWTVWD4,640.0,28147.2,0.01,0,,FINANCIALS,UNITED STATES,AVMV,2026-04-01,,,,,,,,,,,,,
STONEX GROUP INC COMMON STOCK USD.01,SNEX,COMMON STOCK,861896108,US8618961085,BMQ8XV3,298.0,24033.7,0.0,0,,FINANCIALS,UNITED STATES,AVMV,2026-04-01,,,,,,,,,,,,,
MATTEL INC COMMON STOCK USD1.0,MAT,COMMON STOCK,577081102,US5770811025,2572303,996.0,14471.88,0.0,0,,CONSUMER DISCRETIONARY,UNITED STATES,AVMV,2026-04-01,,,,,,,,,,,,,
JONES LANG LASALLE INC COMMON STOCK USD.01,JLL,COMMON STOCK,48020Q107,US48020Q1076,2040640,47.0,14303.04,0.0,0,,REAL ESTATE,UNITED STATES,AVMV,2026-04-01,,,,,,,,,,,,,
DICK S SPORTING GOODS INC COMMON STOCK USD.01,DKS,COMMON STOCK,253393102,US2533931026,2969637,25.0,4957.25,0.0,0,,CONSUMER DISCRETIONARY,UNITED STATES,AVMV,2026-04-01,,,,,,,,,,,,,
OLIN CORP COMMON STOCK USD1.0,OLN,COMMON STOCK,680665205,US6806652052,2658526,6.0,178.38,0.0,0,,MATERIALS,UNITED STATES,AVMV,2026-04-01,,,,,,,,,,,,,
NATIONAL BEVERAGE CORP COMMON STOCK USD.01,FIZZ,COMMON STOCK,635017106,US6350171061,2638625,5.0,168.25,0.0,0,,CONSUMER STAPLES,UNITED STATES,AVMV,2026-04-01,,,,,,,,,,,,,
C.H. ROBINSON WORLDWIDE INC COMMON STOCK USD.1,CHRW,COMMON STOCK,12541W209,US12541W2098,2116228,1.0,166.07,0.0,0,,INDUSTRIALS,UNITED STATES,AVMV,2026-04-01,,,,,,,,,,,,,
CLARIVATE PLC COMMON STOCK USD.01,CLVT,COMMON STOCK,G21810109,JE00BJJN4441,BJJN444,40.0,101.2,0.0,0,,INDUSTRIALS,UNITED STATES,AVMV,2026-04-01,,,,,,,,,,,,,
PINNACLE FINANCIAL PARTNERS COMMON STOCK USD1.0,PNFP,COMMON STOCK,72348N109,US72348N1090,BV6GRD0,1.0,86.14,0.0,0,,FINANCIALS,UNITED STATES,AVMV,2026-04-01,,,,,,,,,,,,,
BRUNSWICK CORP COMMON STOCK USD.75,BC,COMMON STOCK,117043109,US1170431092,2149309,1.0,72.76,0.0,0,,CONSUMER DISCRETIONARY,UNITED STATES,AVMV,2026-04-01,,,,,,,,,,,,,
MERITAGE HOMES CORP COMMON STOCK USD.01,MTH,COMMON STOCK,59001A102,US59001A1025,2601326,1.0,61.84,0.0,0,,CONSUMER DISCRETIONARY,UNITED STATES,AVMV,2026-04-01,,,,,,,,,,,,,
PATTERSON UTI ENERGY INC COMMON STOCK USD.01,PTEN,COMMON STOCK,703481101,US7034811015,2672537,4.0,43.32,0.0,0,,ENERGY,UNITED STATES,AVMV,2026-04-01,,,,,,,,,,,,,
VERSIGENT LTD W/I COMMON STOCK,OTHER,COMMON STOCK,G9600F104,JE00BWK75100,BWK7510,11729.0,0.0,0.0,0,,CONSUMER DISCRETIONARY,UNITED STATES,AVMV,2026-04-01,,,,,,,,,,,,,
United States Treasury Bill 06/11/2026,912797QX8,,912797QX8,,,1500000.0,1489374.26,4.5,,,,,KYLD,2026-04-01,,,,,,,,,,,,,
United States Treasury Bill 09/03/2026,912797RS8,,912797RS8,,,3400000.0,3347592.3,10.12,,,,,KYLD,2026-04-01,,,,,,,,,,,,,
AMAT US 04/02/26 C375,AMAT  260402C00375000,,AMAT  260402C00375000,,,-34.0,-272.0,0.0,,,,,KYLD,2026-04-01,AMAT,375.0,2026-04-02,Call,356.18499755859375,1.0,-0.05017333984375,,,,,,
AMAT US 06/18/26 C360,AMAT  260618C00360000,,AMAT  260618C00360000,,,34.0,100470.0,0.3,,,,,KYLD,2026-04-01,AMAT,360.0,2026-06-18,Call,356.18499755859375,78.0,-0.01059722900390625,,,,,,
AMAT US 06/18/26 P360,AMAT  260618P00360000,,AMAT  260618P00360000,,,-34.0,-155465.0,-0.47,,,,,KYLD,2026-04-01,AMAT,360.0,2026-06-18,Put,356.18499755859375,78.0,0.01059722900390625,,,,,,
Advanced Micro Devices Inc,AMD,,007903107,,,8366.0,1701895.38,5.14,,,,,KYLD,2026-04-01,,,,,,,,,,,,,
AMD US 04/02/26 C215,AMD   260402C00215000,,AMD   260402C00215000,,,-83.0,-3071.0,-0.01,,,,,KYLD,2026-04-01,AMD,215.0,2026-04-02,Call,209.14500427246094,1.0,-0.027232538267623545,,,,,,
AppLovin Corp,APP,,03831W108,,,3204.0,1275192.0,3.85,,,,,KYLD,2026-04-01,,,,,,,,,,,,,
APP US 04/02/26 C480,APP   260402C00480000,,APP   260402C00480000,,,-32.0,-560.0,0.0,,,,,KYLD,2026-04-01,APP,480.0,2026-04-02,Call,388.30499267578125,1.0,-0.19103126525878905,,,,,,
Broadcom Inc,AVGO,,11135F101,,,4984.0,1542597.84,4.66,,,,,KYLD,2026-04-01,,,,,,,,,,,,,
AVGO US 04/02/26 C335,AVGO  260402C00335000,,AVGO  260402C00335000,,,-49.0,-367.5,0.0,,,,,KYLD,2026-04-01,AVGO,335.0,2026-04-02,Call,312.8349914550781,1.0,-0.06616420461170709,,,,,,
BE US 04/02/26 C175,BE    260402C00175000,,BE    260402C00175000,,,-24.0,-144.0,0.0,,,,,KYLD,2026-04-01,BE,175.0,2026-04-02,Call,133.61920166015625,1.0,-0.23646170479910714,,,,,,
BE US 06/18/26 C165,BE    260618C00165000,,BE    260618C00165000,,,24.0,42420.0,0.13,,,,,KYLD,2026-04-01,BE,165.0,2026-06-18,Call,133.61920166015625,78.0,-0.19018665660511364,,,,,,
BE US 06/18/26 P165,BE    260618P00165000,,BE    260618P00165000,,,-24.0,-110460.0,-0.33,,,,,KYLD,2026-04-01,BE,165.0,2026-06-18,Put,133.61920166015625,78.0,0.19018665660511364,,,,,,
BWX Technologies Inc,BWXT,,05605H100,,,10146.0,2074755.54,6.27,,,,,KYLD,2026-04-01,,,,,,,,,,,,,
BWXT US 04/17/26 C220,BWXT  260417C00220000,,BWXT  260417C00220000,,,-101.0,-43935.0,-0.13,,,,,KYLD,2026-04-01,BWXT,220.0,2026-04-17,Call,,16.0,,,,,,,
EEM US 06/18/26 C70,EEM   260618C00070000,,EEM   260618C00070000,,,320.0,4000.0,0.01,,,,,KYLD,2026-04-01,EEM,70.0,2026-06-18,Call,57.16999816894531,78.0,-0.1832857404436384,,,,,,
EEM US 06/18/26 P58,EEM   260618P00058000,,EEM   260618P00058000,,,-160.0,-62000.0,-0.19,,,,,KYLD,2026-04-01,EEM,58.0,2026-06-18,Put,57.16999816894531,78.0,0.014310376397494612,,,,,,
FIDELITY INV MMKT GOVT-I  12/31/2031,FIGXX,,316175108,,,537015.61,537015.61,1.62,,,,,KYLD,2026-04-01,,,,,,,,,,,,,
Shift4 Payments Inc,FOUR,,82452J109,,,27412.0,1198726.76,3.62,,,,,KYLD,2026-04-01,,,,,,,,,,,,,
FOUR US 04/17/26 C50,FOUR  260417C00050000,,FOUR  260417C00050000,,,-274.0,-17810.0,-0.05,,,,,KYLD,2026-04-01,FOUR,50.0,2026-04-17,Call,42.2400016784668,16.0,-0.15519996643066405,,,,,,
Freshworks Inc,FRSH,,358054104,,,29370.0,235841.1,0.71,,,,,KYLD,2026-04-01,,,,,,,,,,,,,
VanEck Gold Miners ETF/USA,GDX,,92189F106,,,26344.0,2417588.88,7.31,,,,,KYLD,2026-04-01,,,,,,,,,,,,,
GDX US 04/02/26 C89,GDX   260402C00089000,,GDX   260402C00089000,,,-263.0,-92050.0,-0.28,,,,,KYLD,2026-04-01,GDX,89.0,2026-04-02,Call,93.8550033569336,1.0,0.054550599516107794,,,,,,
Hims & Hers Health Inc,HIMS,,433000106,,,45034.0,934905.84,2.83,,,,,KYLD,2026-04-01,,,,,,,,,,,,,
HIMS US 04/02/26 C24,HIMS  260402C00024000,,HIMS  260402C00024000,,,-450.0,-1575.0,0.0,,,,,KYLD,2026-04-01,HIMS,24.0,2026-04-02,Call,20.93000030517578,1.0,-0.12791665395100912,,,,,,
Robinhood Markets Inc,HOOD,,770700102,,,14952.0,1036173.6,3.13,,,,,KYLD,2026-04-01,,,,,,,,,,,,,
HOOD US 04/02/26 C79,HOOD  260402C00079000,,HOOD  260402C00079000,,,-149.0,-372.5,0.0,,,,,KYLD,2026-04-01,HOOD,79.0,2026-04-02,Call,69.86000061035156,1.0,-0.11569619480567643,,,,,,
Howmet Aerospace Inc,HWM,,443201108,,,8544.0,1969050.24,5.95,,,,,KYLD,2026-04-01,,,,,,,,,,,,,
HWM US 04/02/26 C240,HWM   260402C00240000,,HWM   260402C00240000,,,-85.0,-5525.0,-0.02,,,,,KYLD,2026-04-01,HWM,240.0,2026-04-02,Call,236.59500122070312,1.0,-0.014187494913736979,,,,,,
IBIT US 06/18/26 C46,IBIT  260618C00046000,,IBIT  260618C00046000,,,400.0,45600.0,0.14,,,,,KYLD,2026-04-01,IBIT,46.0,2026-06-18,Call,38.630001068115234,78.0,-0.16021736808445142,,,,,,
Intel Corp,INTC,,458140100,,,47348.0,2089467.24,6.32,,,,,KYLD,2026-04-01,,,,,,,,,,,,,
INTC US 04/02/26 C49,INTC  260402C00049000,,INTC  260402C00049000,,,-473.0,-1419.0,0.0,,,,,KYLD,2026-04-01,INTC,49.0,2026-04-02,Call,46.869998931884766,1.0,-0.04346940955337213,,,,,,
MU US 04/02/26 C460,MU    260402C00460000,,MU    260402C00460000,,,-27.0,-67.5,0.0,,,,,KYLD,2026-04-01,MU,460.0,2026-04-02,Call,353.9299011230469,1.0,-0.23058717147163724,,,,,,
MU US 06/18/26 C430,MU    260618C00430000,,MU    260618C00430000,,,27.0,41715.0,0.13,,,,,KYLD,2026-04-01,MU,430.0,2026-06-18,Call,353.9299011230469,78.0,-0.17690720669058865,,,,,,
MU US 06/18/26 P430,MU    260618P00430000,,MU    260618P00430000,,,-27.0,-284647.5,-0.86,,,,,KYLD,2026-04-01,MU,430.0,2026-06-18,Put,353.9299011230469,78.0,0.17690720669058865,,,,,,
QQQ US 06/18/26 P560,QQQ   260618P00560000,,QQQ   260618P00560000,,,-180.0,-334170.0,-1.01,,,,,KYLD,2026-04-01,QQQ,560.0,2026-06-18,Put,581.8250122070312,78.0,-0.038973236083984376,,,,,,
QQQ US 06/18/26 P600,QQQ   260618P00600000,,QQQ   260618P00600000,,,180.0,630900.0,1.91,,,,,KYLD,2026-04-01,QQQ,600.0,2026-06-18,Put,581.8250122070312,78.0,0.030291646321614584,,,,,,
Reddit Inc,RDDT,,75734B100,,,8722.0,1174417.3,3.55,,,,,KYLD,2026-04-01,,,,,,,,,,,,,
RDDT US 04/02/26 C155,RDDT  260402C00155000,,RDDT  260402C00155000,,,-87.0,-565.5,0.0,,,,,KYLD,2026-04-01,RDDT,155.0,2026-04-02,Call,134.5399932861328,1.0,-0.13200004331527218,,,,,,
Shopify Inc,SHOP,,82509L107,,,10680.0,1266861.6,3.83,,,,,KYLD,2026-04-01,,,,,,,,,,,,,
SHOP US 04/02/26 C130,SHOP  260402C00130000,,SHOP  260402C00130000,,,-106.0,-689.0,0.0,,,,,KYLD,2026-04-01,SHOP,130.0,2026-04-02,Call,116.7699966430664,1.0,-0.10176925659179688,,,,,,
Global X Silver Miners ETF,SIL,,37954Y848,,,27946.0,2517375.68,7.61,,,,,KYLD,2026-04-01,,,,,,,,,,,,,
SIL US 04/17/26 C115,SIL   260417C00115000,,SIL   260417C00115000,,,-279.0,-6975.0,-0.02,,,,,KYLD,2026-04-01,SIL,115.0,2026-04-17,Call,91.5999984741211,16.0,-0.20347827413807745,,,,,,
iShares Silver Trust,SLV,,46428Q109,,,18576.0,1265768.64,3.83,,,,,KYLD,2026-04-01,,,,,,,,,,,,,
SLV US 04/02/26 C64,SLV   260402C00064000,,SLV   260402C00064000,,,-185.0,-83250.0,-0.25,,,,,KYLD,2026-04-01,SLV,64.0,2026-04-02,Call,67.55000305175781,1.0,0.05546879768371582,,,,,,
Teradyne Inc,TER,,880770102,,,10146.0,3007883.16,9.09,,,,,KYLD,2026-04-01,,,,,,,,,,,,,
TER US 04/02/26 C315,TER   260402C00315000,,TER   260402C00315000,,,-101.0,-15150.0,-0.05,,,,,KYLD,2026-04-01,TER,315.0,2026-04-02,Call,310.8999938964844,1.0,-0.013015892392113095,,,,,,
Vanguard FTSE Europe ETF,VGK,,922042874,,,12460.0,1027077.8,3.1,,,,,KYLD,2026-04-01,,,,,,,,,,,,,
Vistra Corp,VST,,92840M102,,,10858.0,1632283.14,4.93,,,,,KYLD,2026-04-01,,,,,,,,,,,,,
VST US 04/02/26 C165,VST   260402C00165000,,VST   260402C00165000,,,-108.0,-540.0,0.0,,,,,KYLD,2026-04-01,VST,165.0,2026-04-02,Call,153.9199981689453,1.0,-0.06715152624881629,,,,,,
Cash & Other,Cash&Other,,Cash&Other,,,-303810.42,-303810.42,-0.92,,,,,KYLD,2026-04-01,,,,,,,,,,,,,
AAPL 06/18/2026 265 C,2AAPL 260618C00265000,,2AAPL 260618C00265000,,,176.0,159223.68,0.18,,,,,KQQQ,2026-04-01,AAPL,265.0,2026-06-18,Call,254.77999877929688,78.0,-0.038566042342275945,,,,,,
AAPL 06/18/2026 265 P,2AAPL 260618P00265000,,2AAPL 260618P00265000,,,-176.0,-319139.04,-0.35,,,,,KQQQ,2026-04-01,AAPL,265.0,2026-06-18,Put,254.77999877929688,78.0,0.038566042342275945,,,,,,
MSFT 06/18/2026 410 C,2MSFT 260618C00410000,,2MSFT 260618C00410000,,,155.0,127410.0,0.14,,,,,KQQQ,2026-04-01,MSFT,410.0,2026-06-18,Call,369.1499938964844,78.0,-0.0996341612280869,,,,,,
MSFT 06/18/2026 410 P,2MSFT 260618P00410000,,2MSFT 260618P00410000,,,-155.0,-699606.45,-0.77,,,,,KQQQ,2026-04-01,MSFT,410.0,2026-06-18,Put,369.1499938964844,78.0,0.0996341612280869,,,,,,
NVDA 06/18/2026 186 C,2NVDA 260618C00186000,,2NVDA 260618C00186000,,,307.0,266561.96,0.29,,,,,KQQQ,2026-04-01,NVDA,186.0,2026-06-18,Call,175.82000732421875,78.0,-0.054731143418178765,,,,,,
NVDA 06/18/2026 186 P,2NVDA 260618P00186000,,2NVDA 260618P00186000,,,-307.0,-572263.35,-0.63,,,,,KQQQ,2026-04-01,NVDA,186.0,2026-06-18,Put,175.82000732421875,78.0,0.054731143418178765,,,,,,
United States Treasury Bill 06/11/2026,912797QX8,,912797QX8,,,10000000.0,9929161.7,10.99,,,,,KQQQ,2026-04-01,,,,,,,,,,,,,
United States Treasury Bill 09/03/2026,912797RS8,,912797RS8,,,6100000.0,6005974.42,6.65,,,,,KQQQ,2026-04-01,,,,,,,,,,,,,
United States Treasury Bill 12/24/2026,912797TC1,,912797TC1,,,3000000.0,2922036.0,3.23,,,,,KQQQ,2026-04-01,,,,,,,,,,,,,
Apple Inc,AAPL,,037833100,,,21808.0,5534652.32,6.12,,,,,KQQQ,2026-04-01,,,,,,,,,,,,,
AAPL US 04/02/26 C260,AAPL  260402C00260000,,AAPL  260402C00260000,,,-176.0,-5632.0,-0.01,,,,,KQQQ,2026-04-01,AAPL,260.0,2026-04-02,Call,254.77999877929688,1.0,-0.020076927771935097,,,,,,
AAPL US 06/18/26 P225,AAPL  260618P00225000,,AAPL  260618P00225000,,,38.0,18240.0,0.02,,,,,KQQQ,2026-04-01,AAPL,225.0,2026-06-18,Put,254.77999877929688,78.0,-0.13235555013020833,,,,,,
Applied Materials Inc,AMAT,,038222105,,,6714.0,2294778.06,2.54,,,,,KQQQ,2026-04-01,,,,,,,,,,,,,
Advanced Micro Devices Inc,AMD,,007903107,,,16039.0,3262813.77,3.61,,,,,KQQQ,2026-04-01,,,,,,,,,,,,,
Amazon.com Inc,AMZN,,023135106,,,44014.0,9166795.78,10.14,,,,,KQQQ,2026-04-01,,,,,,,,,,,,,
AMZN US 04/02/26 C220,AMZN  260402C00220000,,AMZN  260402C00220000,,,-315.0,-1732.5,0.0,,,,,KQQQ,2026-04-01,AMZN,220.0,2026-04-02,Call,209.3000030517578,1.0,-0.04863634976473721,,,,,,
AMZN US 06/18/26 P185,AMZN  260618P00185000,,AMZN  260618P00185000,,,41.0,24497.5,0.03,,,,,KQQQ,2026-04-01,AMZN,185.0,2026-06-18,Put,209.3000030517578,78.0,-0.13135136784733953,,,,,,
Broadcom Inc,AVGO,,11135F101,,,22380.0,6926833.8,7.66,,,,,KQQQ,2026-04-01,,,,,,,,,,,,,
AVGO US 04/02/26 C340,AVGO  260402C00340000,,AVGO  260402C00340000,,,-165.0,-660.0,0.0,,,,,KQQQ,2026-04-01,AVGO,340.0,2026-04-02,Call,312.7925109863281,1.0,-0.08002202651079963,,,,,,
AVGO US 06/18/26 C175,AVGO  260618C00175000,,AVGO  260618C00175000,,,21.0,288277.5,0.32,,,,,KQQQ,2026-04-01,AVGO,175.0,2026-06-18,Call,312.7925109863281,78.0,0.7873857770647321,,,,,,
AVGO US 06/18/26 P260,AVGO  260618P00260000,,AVGO  260618P00260000,,,21.0,20790.0,0.02,,,,,KQQQ,2026-04-01,AVGO,260.0,2026-06-18,Put,312.7925109863281,78.0,-0.2030481191781851,,,,,,
Cisco Systems Inc,CSCO,,17275R102,,,17158.0,1331289.22,1.47,,,,,KQQQ,2026-04-01,,,,,,,,,,,,,
FIDELITY INV MMKT GOVT-I  12/31/2031,FIGXX,,316175108,,,1635923.86,1635923.86,1.81,,,,,KQQQ,2026-04-01,,,,,,,,,,,,,
Alphabet Inc,GOOGL,,02079K305,,,36554.0,10511468.24,11.63,,,,,KQQQ,2026-04-01,,,,,,,,,,,,,
GOOGL US 04/02/26 C320,GOOGL 260402C00320000,,GOOGL 260402C00320000,,,-270.0,-270.0,0.0,,,,,KQQQ,2026-04-01,GOOGL,320.0,2026-04-02,Call,295.7149963378906,1.0,-0.0758906364440918,,,,,,
GOOGL US 06/18/26 P270,GOOGL 260618P00270000,,GOOGL 260618P00270000,,,42.0,45885.0,0.05,,,,,KQQQ,2026-04-01,GOOGL,270.0,2026-06-18,Put,295.7149963378906,78.0,-0.09524072717737268,,,,,,
Kurv Yield Premium Strategy Google Googl Etf/DE,GOOP,,500948609,,,14648.0,487936.6,0.54,,,,,KQQQ,2026-04-01,,,,,,,,,,,,,
International Business Machines Corp,IBM,,459200101,,,8579.0,2079463.81,2.3,,,,,KQQQ,2026-04-01,,,,,,,,,,,,,
Intel Corp,INTC,,458140100,,,88401.0,3901136.13,4.32,,,,,KQQQ,2026-04-01,,,,,,,,,,,,,
INTC US 04/02/26 C51,INTC  260402C00051000,,INTC  260402C00051000,,,-600.0,-900.0,0.0,,,,,KQQQ,2026-04-01,INTC,51.0,2026-04-02,Call,46.86000061035156,1.0,-0.0811764586205576,,,,,,
Intuitive Surgical Inc,ISRG,,46120E602,,,2628.0,1211481.72,1.34,,,,,KQQQ,2026-04-01,,,,,,,,,,,,,
Meta Platforms Inc,META,,30303M102,,,8330.0,4765842.9,5.27,,,,,KQQQ,2026-04-01,,,,,,,,,,,,,
META US 04/02/26 C635,META  260402C00635000,,META  260402C00635000,,,-60.0,-510.0,0.0,,,,,KQQQ,2026-04-01,META,635.0,2026-04-02,Call,577.3200073242188,1.0,-0.09083463413508858,,,,,,
META US 06/18/26 P540,META  260618P00540000,,META  260618P00540000,,,7.0,19530.0,0.02,,,,,KQQQ,2026-04-01,META,540.0,2026-06-18,Put,577.3200073242188,78.0,-0.06911112467447916,,,,,,
Microsoft Corp,MSFT,,594918104,,,4103.0,1518807.51,1.68,,,,,KQQQ,2026-04-01,,,,,,,,,,,,,
MSFT US 04/02/26 C405,MSFT  260402C00405000,,MSFT  260402C00405000,,,-155.0,-77.5,0.0,,,,,KQQQ,2026-04-01,MSFT,405.0,2026-04-02,Call,369.1499938964844,1.0,-0.08851853358892747,,,,,,
MSFT US 06/18/26 P355,MSFT  260618P00355000,,MSFT  260618P00355000,,,16.0,24240.0,0.03,,,,,KQQQ,2026-04-01,MSFT,355.0,2026-06-18,Put,369.1499938964844,78.0,-0.039859137736575706,,,,,,
MU US 04/02/26 C480,MU    260402C00480000,,MU    260402C00480000,,,-90.0,-90.0,0.0,,,,,KQQQ,2026-04-01,MU,480.0,2026-04-02,Call,354.05999755859375,1.0,-0.26237500508626305,,,,,,
MU US 06/18/26 C430,MU    260618C00430000,,MU    260618C00430000,,,120.0,185400.0,0.21,,,,,KQQQ,2026-04-01,MU,430.0,2026-06-18,Call,354.05999755859375,78.0,-0.17660465684047966,,,,,,
MU US 06/18/26 P430,MU    260618P00430000,,MU    260618P00430000,,,-120.0,-1265100.0,-1.4,,,,,KQQQ,2026-04-01,MU,430.0,2026-06-18,Put,354.05999755859375,78.0,0.17660465684047966,,,,,,
Netflix Inc,NFLX,,64110L106,,,43268.0,4160218.2,4.6,,,,,KQQQ,2026-04-01,,,,,,,,,,,,,
NVIDIA Corp,NVDA,,67066G104,,,15897.0,2772436.8,3.07,,,,,KQQQ,2026-04-01,,,,,,,,,,,,,
NVDA US 04/02/26 C190,NVDA  260402C00190000,,NVDA  260402C00190000,,,-307.0,-460.5,0.0,,,,,KQQQ,2026-04-01,NVDA,190.0,2026-04-02,Call,175.82000732421875,1.0,-0.07463154039884869,,,,,,
NVDA US 06/18/26 P155,NVDA  260618P00155000,,NVDA  260618P00155000,,,45.0,25987.5,0.03,,,,,KQQQ,2026-04-01,NVDA,155.0,2026-06-18,Put,175.82000732421875,78.0,-0.13432262789818547,,,,,,
QQQ US 06/18/26 P560,QQQ   260618P00560000,,QQQ   260618P00560000,,,-440.0,-816860.0,-0.9,,,,,KQQQ,2026-04-01,QQQ,560.0,2026-06-18,Put,581.8250122070312,78.0,-0.038973236083984376,,,,,,
QQQ US 06/18/26 P600,QQQ   260618P00600000,,QQQ   260618P00600000,,,440.0,1542200.0,1.71,,,,,KQQQ,2026-04-01,QQQ,600.0,2026-06-18,Put,581.8250122070312,78.0,0.030291646321614584,,,,,,
RTX Corp,RTX,,75513E101,,,12309.0,2374406.1,2.63,,,,,KQQQ,2026-04-01,,,,,,,,,,,,,
Spotify Technology SA,SPOT,,L8681T102,,,4103.0,1989585.73,2.2,,,,,KQQQ,2026-04-01,,,,,,,,,,,,,
Tesla Inc,TSLA,,88160R101,,,8309.0,3088870.75,3.42,,,,,KQQQ,2026-04-01,,,,,,,,,,,,,
TSLA US 04/02/26 C405,TSLA  260402C00405000,,TSLA  260402C00405000,,,-40.0,-300.0,0.0,,,,,KQQQ,2026-04-01,TSLA,405.0,2026-04-02,Call,374.7699890136719,1.0,-0.07464200243537808,,,,,,
Kurv Yield Premium Strategy Tesla Tsla Etf/DE,TSLP,,500948880,,,42578.0,774919.6,0.86,,,,,KQQQ,2026-04-01,,,,,,,,,,,,,
Uber Technologies Inc,UBER,,90353T100,,,35808.0,2575669.44,2.85,,,,,KQQQ,2026-04-01,,,,,,,,,,,,,
Cash & Other,Cash&Other,,Cash&Other,,,92738.13,92738.13,0.1,,,,,KQQQ,2026-04-01,,,,,,,,,,,,,
Fidelity Wise Origin Bitcoin Fund,FBTC,,315948109,,,542373.0,32016278.19,15.4,,,,,BLOX,2026-04-01,,,,,,,,59.03,207924772.5,16175000.0,647.0,,
VanEck Bitcoin ETF/US,HODL,,92189K105,,,1393422.0,26697965.52,12.84,,,,,BLOX,2026-04-01,,,,,,,,19.16,207924772.5,16175000.0,647.0,,
iShares Ethereum Trust ETF,ETHA,,46438R105,,,1090629.0,17264657.07,8.3,,,,,BLOX,2026-04-01,,,,,,,,15.83,207924772.5,16175000.0,647.0,,
Taiwan Semiconductor Manufacturing Co Ltd,TSM,,874039100,,,50035.0,16909328.25,8.13,,,,,BLOX,2026-04-01,,,,,,,,337.95,207924772.5,16175000.0,647.0,,
NVIDIA Corp,NVDA,,67066G104,,,72893.0,12712539.2,6.11,,,,,BLOX,2026-04-01,,,,,,,,174.4,207924772.5,16175000.0,647.0,,
IREN Ltd,IREN,,Q4982L109,,,355315.0,12180198.2,5.86,,,,,BLOX,2026-04-01,,,,,,,,34.28,207924772.5,16175000.0,647.0,,
Riot Platforms Inc,RIOT,,767292105,,,971855.0,12012127.8,5.78,,,,,BLOX,2026-04-01,,,,,,,,12.36,207924772.5,16175000.0,647.0,,
HUT 8 CORP,HUT,,44812J104,,,248208.0,11643437.28,5.6,,,,,BLOX,2026-04-01,,,,,,,,46.91,207924772.5,16175000.0,647.0,,
Galaxy Digital Inc,GLXY,,36317J209,,,617481.0,11392524.45,5.48,,,,,BLOX,2026-04-01,,,,,,,,18.45,207924772.5,16175000.0,647.0,,
Cipher Digital Inc,CIFR,,17253J106,,,884653.0,11385484.11,5.48,,,,,BLOX,2026-04-01,,,,,,,,12.87,207924772.5,16175000.0,647.0,,
Nicholas Bitcoin Tail ETF,BHDG,,88636X245,,,328065.0,8536251.3,4.11,,,,,BLOX,2026-04-01,,,,,,,,26.02,207924772.5,16175000.0,647.0,,
Coinbase Global Inc,COIN,,19260Q107,,,41410.0,7230600.1,3.48,,,,,BLOX,2026-04-01,,,,,,,,174.61,207924772.5,16175000.0,647.0,,
Terawulf Inc,WULF,,88080T104,,,434168.0,6265044.24,3.01,,,,,BLOX,2026-04-01,,,,,,,,14.43,207924772.5,16175000.0,647.0,,
Bullish,BLSH,,G16910120,,,134108.0,4791678.84,2.3,,,,,BLOX,2026-04-01,,,,,,,,35.73,207924772.5,16175000.0,647.0,,
Robinhood Markets Inc,HOOD,,770700102,,,64409.0,4463543.7,2.15,,,,,BLOX,2026-04-01,,,,,,,,69.3,207924772.5,16175000.0,647.0,,
First American Government Obligations Fund 12/01/2031,FGXXX,,31846V336,,,3932591.0,3932590.9,1.89,,,,,BLOX,2026-04-01,,,,,,,,100.0,207924772.5,16175000.0,647.0,,
Circle Internet Group Inc,CRCL,,172573107,,,37738.0,3600582.58,1.73,,,,,BLOX,2026-04-01,,,,,,,,95.41,207924772.5,16175000.0,647.0,,
MARA Holdings Inc,MARA,,565788106,,,348176.0,2841116.16,1.37,,,,,BLOX,2026-04-01,,,,,,,,8.16,207924772.5,16175000.0,647.0,,
BitMine Immersion Technologies Inc,BMNR,,09175A206,,,113411.0,2243269.58,1.08,,,,,BLOX,2026-04-01,,,,,,,,19.78,207924772.5,16175000.0,647.0,,
HOOD US 06/18/26 C30,HOOD  260618C00030000,,HOOD  260618C00030000,,,520.0,2057900.0,0.99,,,,,BLOX,2026-04-01,HOOD,30.0,2026-06-18,Call,69.88999938964844,78.0,1.3296666463216147,39.575,207924772.5,16175000.0,647.0,,
CoreWeave Inc,CRWV,,21873S108,,,25494.0,1975020.18,0.95,,,,,BLOX,2026-04-01,,,,,,,,77.47,207924772.5,16175000.0,647.0,,
HUT US 04/02/26 P54,HUT   260402P00054000,,HUT   260402P00054000,,,2482.0,1805655.0,0.87,,,,,BLOX,2026-04-01,HUT,54.0,2026-04-02,Put,47.970001220703125,1.0,0.11166664406105324,7.275,207924772.5,16175000.0,647.0,,
Strategy Inc,MSTR,,594972408,,,11127.0,1388649.6,0.67,,,,,BLOX,2026-04-01,,,,,,,,124.8,207924772.5,16175000.0,647.0,,
IREN US 04/02/26 P36,IREN  260402P00036000,,IREN  260402P00036000,,,3509.0,745662.5,0.36,,,,,BLOX,2026-04-01,IREN,36.0,2026-04-02,Put,34.689998626708984,1.0,0.036388927035861544,2.125,207924772.5,16175000.0,647.0,,
CIFR US 04/02/26 P13,CIFR  260402P00013000,,CIFR  260402P00013000,,,8846.0,455569.0,0.22,,,,,BLOX,2026-04-01,CIFR,13.0,2026-04-02,Put,13.210000038146973,1.0,-0.016153849088228665,0.515,207924772.5,16175000.0,647.0,,
HUT US 04/10/26 P44,HUT   260410P00044000,,HUT   260410P00044000,,,2447.0,455142.0,0.22,,,,,BLOX,2026-04-01,HUT,44.0,2026-04-10,Put,47.970001220703125,9.0,-0.09022730047052557,1.86,207924772.5,16175000.0,647.0,,
IREN US 04/10/26 P30,IREN  260410P00030000,,IREN  260410P00030000,,,3553.0,287793.0,0.14,,,,,BLOX,2026-04-01,IREN,30.0,2026-04-10,Put,34.689998626708984,9.0,-0.15633328755696616,0.81,207924772.5,16175000.0,647.0,,
CRCL US 04/02/26 P102,CRCL  260402P00102000,,CRCL  260402P00102000,,,366.0,267180.0,0.13,,,,,BLOX,2026-04-01,CRCL,102.0,2026-04-02,Put,93.29000091552734,1.0,0.08539214788698683,7.3,207924772.5,16175000.0,647.0,,
WULF US 04/02/26 P14.5,WULF  260402P00014500,,WULF  260402P00014500,,,4288.0,222976.0,0.11,,,,,BLOX,2026-04-01,WULF,14.5,2026-04-02,Put,14.8149995803833,1.0,-0.021724108991951777,0.52,207924772.5,16175000.0,647.0,,
RIOT PLA PUT OPT 04/26 11,RIOT  260410P00011000,,RIOT  260410P00011000,,,9718.0,233232.0,0.11,,,,,BLOX,2026-04-01,RIOT,11.0,2026-04-10,Put,12.710000038146973,9.0,-0.15545454892245206,0.24,207924772.5,16175000.0,647.0,,
FBTC US 04/02/26 C60.5,FBTC  260402C00060500,,FBTC  260402C00060500,,,5423.0,206074.0,0.1,,,,,BLOX,2026-04-01,FBTC,60.5,2026-04-02,Call,59.36000061035156,1.0,-0.01884296511815599,0.38,207924772.5,16175000.0,647.0,,
MBTXW US 04/10/26 P145,MBTXW 260410P00145000,,MBTXW 260410P00145000,,,1670.0,183700.0,0.09,,,,,BLOX,2026-04-01,MBTXW,145.0,2026-04-10,Put,,9.0,,1.1,207924772.5,16175000.0,647.0,,
GLXY US 04/02/26 P17.5,GLXY  260402P00017500,,GLXY  260402P00017500,,,6174.0,148176.0,0.07,,,,,BLOX,2026-04-01,GLXY,17.5,2026-04-02,Put,18.40999984741211,1.0,-0.051999991280691965,0.24,207924772.5,16175000.0,647.0,,
CIRCLE I PUT OPT 04/26 89,CRCL  260410P00089000,,CRCL  260410P00089000,,,371.0,103694.5,0.05,,,,,BLOX,2026-04-01,CRCL,89.0,2026-04-10,Put,93.29000091552734,9.0,-0.048202257477835325,2.795,207924772.5,16175000.0,647.0,,
TSM US 04/10/26 P305,TSM   260410P00305000,,TSM   260410P00305000,,,485.0,84875.0,0.04,,,,,BLOX,2026-04-01,TSM,305.0,2026-04-10,Put,345.5,9.0,-0.13278688524590163,1.75,207924772.5,16175000.0,647.0,,
COIN US 04/10/26 P152.5,COIN  260410P00152500,,COIN  260410P00152500,,,414.0,73278.0,0.04,,,,,BLOX,2026-04-01,COIN,152.5,2026-04-10,Put,174.3300018310547,9.0,-0.14314755299052254,1.77,207924772.5,16175000.0,647.0,,
BLSH US 04/02/26 P34,BLSH  260402P00034000,,BLSH  260402P00034000,,,1322.0,68744.0,0.03,,,,,BLOX,2026-04-01,BLSH,34.0,2026-04-02,Put,35.27000045776367,1.0,-0.037352954640107995,0.52,207924772.5,16175000.0,647.0,,
ETHA US 04/02/26 C16.5,ETHA  260402C00016500,,ETHA  260402C00016500,,,5453.0,49077.0,0.02,,,,,BLOX,2026-04-01,ETHA,16.5,2026-04-02,Call,16.0,1.0,-0.030303030303030304,0.09,207924772.5,16175000.0,647.0,,
MSTR US 04/02/26 P122,MSTR  260402P00122000,,MSTR  260402P00122000,,,111.0,22477.5,0.01,,,,,BLOX,2026-04-01,MSTR,122.0,2026-04-02,Put,123.08999633789062,1.0,-0.008934396212218238,2.025,207924772.5,16175000.0,647.0,,
HOOD US 04/02/26 P63,HOOD  260402P00063000,,HOOD  260402P00063000,,,1164.0,13386.0,0.01,,,,,BLOX,2026-04-01,HOOD,63.0,2026-04-02,Put,69.88999938964844,1.0,-0.10936506967695933,0.115,207924772.5,16175000.0,647.0,,
BMNR US 04/02/26 P18,BMNR  260402P00018000,,BMNR  260402P00018000,,,1134.0,11907.0,0.01,,,,,BLOX,2026-04-01,BMNR,18.0,2026-04-02,Put,19.774999618530273,1.0,-0.09861108991834852,0.105,207924772.5,16175000.0,647.0,,
CRWV US 04/02/26 P73,CRWV  260402P00073000,,CRWV  260402P00073000,,,254.0,17526.0,0.01,,,,,BLOX,2026-04-01,CRWV,73.0,2026-04-02,Put,79.0199966430664,1.0,-0.08246570743926585,0.69,207924772.5,16175000.0,647.0,,
MARA US 04/02/26 P7.5,MARA  260402P00007500,,MARA  260402P00007500,,,3481.0,19145.5,0.01,,,,,BLOX,2026-04-01,MARA,7.5,2026-04-02,Put,8.25,1.0,-0.1,0.055,207924772.5,16175000.0,647.0,,
ETHA US 04/02/26 P14.5,ETHA  260402P00014500,,ETHA  260402P00014500,,,5453.0,24538.5,0.01,,,,,BLOX,2026-04-01,ETHA,14.5,2026-04-02,Put,16.0,1.0,-0.10344827586206896,0.045,207924772.5,16175000.0,647.0,,
BLSH US 04/02/26 P36.5,BLSH  260402P00036500,,BLSH  260402P00036500,,,-19.0,-2327.5,0.0,,,,,BLOX,2026-04-01,BLSH,36.5,2026-04-02,Put,35.27000045776367,1.0,0.03369861759551584,1.225,207924772.5,16175000.0,647.0,,
TERAWULF PUT OPT 04/26 14.500,WULF  260410P00014500,,WULF  260410P00014500,,,-53.0,-5220.5,0.0,,,,,BLOX,2026-04-01,WULF,14.5,2026-04-10,Put,14.8149995803833,9.0,-0.021724108991951777,0.985,207924772.5,16175000.0,647.0,,
TSM US 04/02/26 P312.5,TSM   260402P00312500,,TSM   260402P00312500,,,15.0,412.5,0.0,,,,,BLOX,2026-04-01,TSM,312.5,2026-04-02,Put,345.5,1.0,-0.1056,0.275,207924772.5,16175000.0,647.0,,
CRCL US 04/02/26 P99,CRCL  260402P00099000,,CRCL  260402P00099000,,,-6.0,-3030.0,0.0,,,,,BLOX,2026-04-01,CRCL,99.0,2026-04-02,Put,93.29000091552734,1.0,0.057676758429016727,5.05,207924772.5,16175000.0,647.0,,
TSM US 04/02/26 P325,TSM   260402P00325000,,TSM   260402P00325000,,,-15.0,-1867.5,0.0,,,,,BLOX,2026-04-01,TSM,325.0,2026-04-02,Put,345.5,1.0,-0.06307692307692307,1.245,207924772.5,16175000.0,647.0,,
NVDA US 04/02/26 P162.5,NVDA  260402P00162500,,NVDA  260402P00162500,,,728.0,7644.0,0.0,,,,,BLOX,2026-04-01,NVDA,162.5,2026-04-02,Put,175.80999755859375,1.0,-0.08190767728365385,0.105,207924772.5,16175000.0,647.0,,
TERAWULF PUT OPT 04/26 13.500,WULF  260410P00013500,,WULF  260410P00013500,,,53.0,3047.5,0.0,,,,,BLOX,2026-04-01,WULF,13.5,2026-04-10,Put,14.8149995803833,9.0,-0.09740737632468895,0.575,207924772.5,16175000.0,647.0,,
HUT US 04/02/26 P48,HUT   260402P00048000,,HUT   260402P00048000,,,35.0,7595.0,0.0,,,,,BLOX,2026-04-01,HUT,48.0,2026-04-02,Put,47.970001220703125,1.0,0.0006249745686848959,2.17,207924772.5,16175000.0,647.0,,
CRCL US 04/02/26 P94,CRCL  260402P00094000,,CRCL  260402P00094000,,,6.0,1308.0,0.0,,,,,BLOX,2026-04-01,CRCL,94.0,2026-04-02,Put,93.29000091552734,1.0,0.007553181749709109,2.18,207924772.5,16175000.0,647.0,,
BLSH US 04/02/26 P35,BLSH  260402P00035000,,BLSH  260402P00035000,,,19.0,988.0,0.0,,,,,BLOX,2026-04-01,BLSH,35.0,2026-04-02,Put,35.27000045776367,1.0,-0.0077142987932477675,0.52,207924772.5,16175000.0,647.0,,
HUT US 04/02/26 P51,HUT   260402P00051000,,HUT   260402P00051000,,,-35.0,-16275.0,-0.01,,,,,BLOX,2026-04-01,HUT,51.0,2026-04-02,Put,47.970001220703125,1.0,0.05941174077052696,4.65,207924772.5,16175000.0,647.0,,
MSTR US 04/02/26 P126,MSTR  260402P00126000,,MSTR  260402P00126000,,,-111.0,-41902.5,-0.02,,,,,BLOX,2026-04-01,MSTR,126.0,2026-04-02,Put,123.08999633789062,1.0,0.023095267159598216,3.775,207924772.5,16175000.0,647.0,,
BMNR US 04/02/26 P19.5,BMNR  260402P00019500,,BMNR  260402P00019500,,,-1134.0,-51030.0,-0.02,,,,,BLOX,2026-04-01,BMNR,19.5,2026-04-02,Put,19.774999618530273,1.0,-0.014102544540014023,0.45,207924772.5,16175000.0,647.0,,
ETHA US 04/02/26 P15,ETHA  260402P00015000,,ETHA  260402P00015000,,,-5453.0,-46350.5,-0.02,,,,,BLOX,2026-04-01,ETHA,15.0,2026-04-02,Put,16.0,1.0,-0.06666666666666667,0.085,207924772.5,16175000.0,647.0,,
CRWV US 04/02/26 P76,CRWV  260402P00076000,,CRWV  260402P00076000,,,-254.0,-38989.0,-0.02,,,,,BLOX,2026-04-01,CRWV,76.0,2026-04-02,Put,79.0199966430664,1.0,-0.03973679793508429,1.535,207924772.5,16175000.0,647.0,,
NVDA US 04/02/26 P170,NVDA  260402P00170000,,NVDA  260402P00170000,,,-728.0,-48412.0,-0.02,,,,,BLOX,2026-04-01,NVDA,170.0,2026-04-02,Put,175.80999755859375,1.0,-0.03417645622702206,0.665,207924772.5,16175000.0,647.0,,
MARA US 04/02/26 P8,MARA  260402P00008000,,MARA  260402P00008000,,,-3481.0,-60917.5,-0.03,,,,,BLOX,2026-04-01,MARA,8.0,2026-04-02,Put,8.25,1.0,-0.03125,0.175,207924772.5,16175000.0,647.0,,
HOOD US 04/02/26 P67,HOOD  260402P00067000,,HOOD  260402P00067000,,,-1164.0,-77988.0,-0.04,,,,,BLOX,2026-04-01,HOOD,67.0,2026-04-02,Put,69.88999938964844,1.0,-0.04313431924848414,0.67,207924772.5,16175000.0,647.0,,
BLSH US 04/02/26 P35.5,BLSH  260402P00035500,,BLSH  260402P00035500,,,-1322.0,-95845.0,-0.05,,,,,BLOX,2026-04-01,BLSH,35.5,2026-04-02,Put,35.27000045776367,1.0,0.006478860344685299,0.725,207924772.5,16175000.0,647.0,,
ETHA US 04/02/26 C16,ETHA  260402C00016000,,ETHA  260402C00016000,,,-5453.0,-130872.0,-0.06,,,,,BLOX,2026-04-01,ETHA,16.0,2026-04-02,Call,16.0,1.0,0.0,0.24,207924772.5,16175000.0,647.0,,
COIN US 04/10/26 P162.5,COIN  260410P00162500,,COIN  260410P00162500,,,-414.0,-152145.0,-0.07,,,,,BLOX,2026-04-01,COIN,162.5,2026-04-10,Put,174.3300018310547,9.0,-0.07280001126802885,3.675,207924772.5,16175000.0,647.0,,
CIRCLE I PUT OPT 04/26 93,CRCL  260410P00093000,,CRCL  260410P00093000,,,-371.0,-155820.0,-0.07,,,,,BLOX,2026-04-01,CRCL,93.0,2026-04-10,Put,93.29000091552734,9.0,-0.0031182894142725136,4.2,207924772.5,16175000.0,647.0,,
TSM US 04/10/26 P317.5,TSM   260410P00317500,,TSM   260410P00317500,,,-485.0,-174600.0,-0.08,,,,,BLOX,2026-04-01,TSM,317.5,2026-04-10,Put,345.5,9.0,-0.08818897637795275,3.6,207924772.5,16175000.0,647.0,,
Cash & Other,Cash&Other,,Cash&Other,,,-264540.0,-264540.2,-0.13,,,,,BLOX,2026-04-01,,,,,,,,1.0,207924772.5,16175000.0,647.0,,
GLXY US 04/02/26 P18.5,GLXY  260402P00018500,,GLXY  260402P00018500,,,-6174.0,-284004.0,-0.14,,,,,BLOX,2026-04-01,GLXY,18.5,2026-04-02,Put,18.40999984741211,1.0,0.004864873112858953,0.46,207924772.5,16175000.0,647.0,,
IREN US 04/10/26 P31.5,IREN  260410P00031500,,IREN  260410P00031500,,,-3553.0,-415701.0,-0.2,,,,,BLOX,2026-04-01,IREN,31.5,2026-04-10,Put,34.689998626708984,9.0,-0.10126979767330109,1.17,207924772.5,16175000.0,647.0,,
CRCL US 04/02/26 P107,CRCL  260402P00107000,,CRCL  260402P00107000,,,-366.0,-438285.0,-0.21,,,,,BLOX,2026-04-01,CRCL,107.0,2026-04-02,Put,93.29000091552734,1.0,0.128130832565165,11.975,207924772.5,16175000.0,647.0,,
WULF US 04/02/26 P15.5,WULF  260402P00015500,,WULF  260402P00015500,,,-4288.0,-512416.0,-0.25,,,,,BLOX,2026-04-01,WULF,15.5,2026-04-02,Put,14.8149995803833,1.0,0.04419357545914188,1.195,207924772.5,16175000.0,647.0,,
RIOT PLA PUT OPT 04/26 12,RIOT  260410P00012000,,RIOT  260410P00012000,,,-9718.0,-524772.0,-0.25,,,,,BLOX,2026-04-01,RIOT,12.0,2026-04-10,Put,12.710000038146973,9.0,-0.059166669845581055,0.54,207924772.5,16175000.0,647.0,,
FBTC US 04/02/26 C58.5,FBTC  260402C00058500,,FBTC  260402C00058500,,,-5423.0,-650760.0,-0.31,,,,,BLOX,2026-04-01,FBTC,58.5,2026-04-02,Call,59.36000061035156,1.0,0.014700865134214744,1.2,207924772.5,16175000.0,647.0,,
HUT US 04/10/26 P47,HUT   260410P00047000,,HUT   260410P00047000,,,-2447.0,-765911.0,-0.37,,,,,BLOX,2026-04-01,HUT,47.0,2026-04-10,Put,47.970001220703125,9.0,-0.02063832384474734,3.13,207924772.5,16175000.0,647.0,,
MBTXW US 04/10/26 P155,MBTXW 260410P00155000,,MBTXW 260410P00155000,,,-1670.0,-1006175.0,-0.48,,,,,BLOX,2026-04-01,MBTXW,155.0,2026-04-10,Put,,9.0,,6.025,207924772.5,16175000.0,647.0,,
CIFR US 04/02/26 P14,CIFR  260402P00014000,,CIFR  260402P00014000,,,-8846.0,-1119019.0,-0.54,,,,,BLOX,2026-04-01,CIFR,14.0,2026-04-02,Put,13.210000038146973,1.0,0.056428568703787665,1.265,207924772.5,16175000.0,647.0,,
IREN US 04/02/26 P38,IREN  260402P00038000,,IREN  260402P00038000,,,-3509.0,-1403600.0,-0.68,,,,,BLOX,2026-04-01,IREN,38.0,2026-04-02,Put,34.689998626708984,1.0,0.087105299297132,4.0,207924772.5,16175000.0,647.0,,
HUT US 04/02/26 P57,HUT   260402P00057000,,HUT   260402P00057000,,,-2482.0,-2587485.0,-1.24,,,,,BLOX,2026-04-01,HUT,57.0,2026-04-02,Put,47.970001220703125,1.0,0.15842103121573464,10.425,207924772.5,16175000.0,647.0,,
Sandisk Corp/DE,SNDK,,80004C200,,,8487.0,5392130.58,9.07,,,,,EGGQ,2026-04-01,,,,,,,,635.34,59460832.5,1425000.0,57.0,,
GE Vernova Inc,GEV,,36828A101,,,4737.0,4134927.3,6.95,,,,,EGGQ,2026-04-01,,,,,,,,872.9,59460832.5,1425000.0,57.0,,
Seagate Technology Holdings PLC,STX,,G7997R103,,,9387.0,3677451.12,6.18,,,,,EGGQ,2026-04-01,,,,,,,,391.76,59460832.5,1425000.0,57.0,,
First American Government Obligations Fund 12/01/2031,FGXXX,,31846V336,,,3561777.0,3561777.16,5.99,,,,,EGGQ,2026-04-01,,,,,,,,100.0,59460832.5,1425000.0,57.0,,
Bloom Energy Corp,BE,,093712107,,,25345.0,3433994.05,5.78,,,,,EGGQ,2026-04-01,,,,,,,,135.49,59460832.5,1425000.0,57.0,,
Vertiv Holdings Co,VRT,,92537N108,,,11902.0,2982403.16,5.02,,,,,EGGQ,2026-04-01,,,,,,,,250.58,59460832.5,1425000.0,57.0,,
Alnylam Pharmaceuticals Inc,ALNY,,02043Q107,,,8846.0,2926876.02,4.92,,,,,EGGQ,2026-04-01,,,,,,,,330.87,59460832.5,1425000.0,57.0,,
Vistra Corp,VST,,92840M102,,,17433.0,2620702.89,4.41,,,,,EGGQ,2026-04-01,,,,,,,,150.33,59460832.5,1425000.0,57.0,,
Palantir Technologies Inc,PLTR,,69608A108,,,17367.0,2540444.76,4.27,,,,,EGGQ,2026-04-01,,,,,,,,146.28,59460832.5,1425000.0,57.0,,
COEUR MINING INC.,CDE,,192108504,,,132024.0,2478090.48,4.17,,,,,EGGQ,2026-04-01,,,,,,,,18.77,59460832.5,1425000.0,57.0,,
Alphabet Inc,GOOGL,,02079K305,,,8267.0,2377258.52,4.0,,,,,EGGQ,2026-04-01,,,,,,,,287.56,59460832.5,1425000.0,57.0,,
AppLovin Corp,APP,,03831W108,,,5930.0,2360140.0,3.97,,,,,EGGQ,2026-04-01,,,,,,,,398.0,59460832.5,1425000.0,57.0,,
Teradyne Inc,TER,,880770102,,,7754.0,2298750.84,3.87,,,,,EGGQ,2026-04-01,,,,,,,,296.46,59460832.5,1425000.0,57.0,,
Eli Lilly & Co,LLY,,532457108,,,2439.0,2243319.03,3.77,,,,,EGGQ,2026-04-01,,,,,,,,919.77,59460832.5,1425000.0,57.0,,
Taiwan Semiconductor Manufacturing Co Ltd,TSM,,874039100,,,6565.0,2218641.75,3.73,,,,,EGGQ,2026-04-01,,,,,,,,337.95,59460832.5,1425000.0,57.0,,
Micron Technology Inc,MU,,595112103,,,6146.0,2076364.64,3.49,,,,,EGGQ,2026-04-01,,,,,,,,337.84,59460832.5,1425000.0,57.0,,
AeroVironment Inc,AVAV,,008073108,,,11143.0,2039726.15,3.43,,,,,EGGQ,2026-04-01,,,,,,,,183.05,59460832.5,1425000.0,57.0,,
Cash & Other,Cash&Other,,Cash&Other,,,1916901.0,1916900.54,3.22,,,,,EGGQ,2026-04-01,,,,,,,,1.0,59460832.5,1425000.0,57.0,,
Astera Labs Inc,ALAB,,04626A103,,,15294.0,1676222.4,2.82,,,,,EGGQ,2026-04-01,,,,,,,,109.6,59460832.5,1425000.0,57.0,,
Advanced Micro Devices Inc,AMD,,007903107,,,7433.0,1512095.19,2.54,,,,,EGGQ,2026-04-01,,,,,,,,203.43,59460832.5,1425000.0,57.0,,
Credo Technology Group Holding Ltd,CRDO,,G25457105,,,16052.0,1506801.24,2.53,,,,,EGGQ,2026-04-01,,,,,,,,93.87,59460832.5,1425000.0,57.0,,
Broadcom Inc,AVGO,,11135F101,,,4382.0,1356272.82,2.28,,,,,EGGQ,2026-04-01,,,,,,,,309.51,59460832.5,1425000.0,57.0,,
NVIDIA Corp,NVDA,,67066G104,,,7646.0,1333462.4,2.24,,,,,EGGQ,2026-04-01,,,,,,,,174.4,59460832.5,1425000.0,57.0,,
CoreWeave Inc,CRWV,,21873S108,,,15834.0,1226659.98,2.06,,,,,EGGQ,2026-04-01,,,,,,,,77.47,59460832.5,1425000.0,57.0,,
SNDK US 04/10/26 P575,SNDK  260410P00575000,,SNDK  260410P00575000,,,84.0,145740.0,0.25,,,,,EGGQ,2026-04-01,SNDK,575.0,2026-04-10,Put,677.0650024414062,9.0,-0.17750435207201087,17.35,59460832.5,1425000.0,57.0,,
BE US 04/10/26 P124,BE    260410P00124000,,BE    260410P00124000,,,253.0,121440.0,0.2,,,,,EGGQ,2026-04-01,BE,124.0,2026-04-10,Put,133.82000732421875,9.0,-0.07919360745337702,4.8,59460832.5,1425000.0,57.0,,
STX US 04/10/26 P370,STX   260410P00370000,,STX   260410P00370000,,,93.0,105555.0,0.18,,,,,EGGQ,2026-04-01,STX,370.0,2026-04-10,Put,413.0,9.0,-0.11621621621621622,11.35,59460832.5,1425000.0,57.0,,
VRT US 04/10/26 P245,VRT   260410P00245000,,VRT   260410P00245000,,,119.0,98770.0,0.17,,,,,EGGQ,2026-04-01,VRT,245.0,2026-04-10,Put,260.29998779296875,9.0,-0.062448929767219385,8.3,59460832.5,1425000.0,57.0,,
QQQ US 04/07/26 P548,QQQ   260407P00548000,,QQQ   260407P00548000,,,850.0,95625.0,0.16,,,,,EGGQ,2026-04-01,QQQ,548.0,2026-04-07,Put,581.72998046875,6.0,-0.061551059249543794,1.125,59460832.5,1425000.0,57.0,,
GEV US 04/10/26 P840,GEV   260410P00840000,,GEV   260410P00840000,,,47.0,89065.0,0.15,,,,,EGGQ,2026-04-01,GEV,840.0,2026-04-10,Put,900.6599731445312,9.0,-0.07221425374348958,18.95,59460832.5,1425000.0,57.0,,
CDE US 04/10/26 P16,CDE   260410P00016000,,CDE   260410P00016000,,,1320.0,29700.0,0.05,,,,,EGGQ,2026-04-01,CDE,16.0,2026-04-10,Put,18.981000900268555,9.0,-0.18631255626678467,0.225,59460832.5,1425000.0,57.0,,
QQQ US 04/02/26 P475,QQQ   260402P00475000,,QQQ   260402P00475000,,,850.0,2125.0,0.0,,,,,EGGQ,2026-04-01,QQQ,475.0,2026-04-02,Put,581.72998046875,1.0,-0.22469469572368422,0.025,59460832.5,1425000.0,57.0,,
QQQ US 04/02/26 C635,QQQ   260402C00635000,,QQQ   260402C00635000,,,800.0,400.0,0.0,,,,,EGGQ,2026-04-01,QQQ,635.0,2026-04-02,Call,581.72998046875,1.0,-0.08388979453740157,0.005,59460832.5,1425000.0,57.0,,
QQQ US 04/02/26 C650,QQQ   260402C00650000,,QQQ   260402C00650000,,,850.0,425.0,0.0,,,,,EGGQ,2026-04-01,QQQ,650.0,2026-04-02,Call,581.72998046875,1.0,-0.10503079927884615,0.005,59460832.5,1425000.0,57.0,,
QQQ US 04/02/26 C610,QQQ   260402C00610000,,QQQ   260402C00610000,,,-850.0,-2125.0,0.0,,,,,EGGQ,2026-04-01,QQQ,610.0,2026-04-02,Call,581.72998046875,1.0,-0.04634429431352459,0.025,59460832.5,1425000.0,57.0,,
QQQ US 04/07/26 C630,QQQ   260407C00630000,,QQQ   260407C00630000,,,850.0,1700.0,0.0,,,,,EGGQ,2026-04-01,QQQ,630.0,2026-04-07,Call,581.72998046875,6.0,-0.07661907862103175,0.02,59460832.5,1425000.0,57.0,,
QQQ US 04/02/26 P550,QQQ   260402P00550000,,QQQ   260402P00550000,,,-850.0,-13600.0,-0.02,,,,,EGGQ,2026-04-01,QQQ,550.0,2026-04-02,Put,581.72998046875,1.0,-0.05769087357954546,0.16,59460832.5,1425000.0,57.0,,
VRT US 04/10/26 C280,VRT   260410C00280000,,VRT   260410C00280000,,,-119.0,-18445.0,-0.03,,,,,EGGQ,2026-04-01,VRT,280.0,2026-04-10,Call,260.29998779296875,9.0,-0.07035718645368304,1.55,59460832.5,1425000.0,57.0,,
GEV US 04/10/26 C955,GEV   260410C00955000,,GEV   260410C00955000,,,-47.0,-23970.0,-0.04,,,,,EGGQ,2026-04-01,GEV,955.0,2026-04-10,Call,900.6599731445312,9.0,-0.05690055168111911,5.1,59460832.5,1425000.0,57.0,,
QQQ US 04/02/26 C590,QQQ   260402C00590000,,QQQ   260402C00590000,,,-800.0,-36000.0,-0.06,,,,,EGGQ,2026-04-01,QQQ,590.0,2026-04-02,Call,581.72998046875,1.0,-0.014016982256355932,0.45,59460832.5,1425000.0,57.0,,
QQQ US 04/07/26 P535,QQQ   260407P00535000,,QQQ   260407P00535000,,,-850.0,-42925.0,-0.07,,,,,EGGQ,2026-04-01,QQQ,535.0,2026-04-07,Put,581.72998046875,6.0,-0.08734575788551402,0.505,59460832.5,1425000.0,57.0,,
STX US 04/10/26 C430,STX   260410C00430000,,STX   260410C00430000,,,-93.0,-50220.0,-0.08,,,,,EGGQ,2026-04-01,STX,430.0,2026-04-10,Call,413.0,9.0,-0.03953488372093023,5.4,59460832.5,1425000.0,57.0,,
SNDK US 04/10/26 C760,SNDK  260410C00760000,,SNDK  260410C00760000,,,-84.0,-49140.0,-0.08,,,,,EGGQ,2026-04-01,SNDK,760.0,2026-04-10,Call,677.0650024414062,9.0,-0.10912499678762336,5.85,59460832.5,1425000.0,57.0,,
GEV US 04/10/26 P810,GEV   260410P00810000,,GEV   260410P00810000,,,-47.0,-51700.0,-0.09,,,,,EGGQ,2026-04-01,GEV,810.0,2026-04-10,Put,900.6599731445312,9.0,-0.11192589277102623,11.0,59460832.5,1425000.0,57.0,,
VRT US 04/10/26 P235,VRT   260410P00235000,,VRT   260410P00235000,,,-119.0,-59500.0,-0.1,,,,,EGGQ,2026-04-01,VRT,235.0,2026-04-10,Put,260.29998779296875,9.0,-0.10765952252327128,5.0,59460832.5,1425000.0,57.0,,
STX US 04/10/26 P350,STX   260410P00350000,,STX   260410P00350000,,,-93.0,-59055.0,-0.1,,,,,EGGQ,2026-04-01,STX,350.0,2026-04-10,Put,413.0,9.0,-0.18,6.35,59460832.5,1425000.0,57.0,,
BE US 04/10/26 P114,BE    260410P00114000,,BE    260410P00114000,,,-253.0,-63629.5,-0.11,,,,,EGGQ,2026-04-01,BE,114.0,2026-04-10,Put,133.82000732421875,9.0,-0.17385971337033992,2.515,59460832.5,1425000.0,57.0,,
SNDK US 04/10/26 P540,SNDK  260410P00540000,,SNDK  260410P00540000,,,-84.0,-83580.0,-0.14,,,,,EGGQ,2026-04-01,SNDK,540.0,2026-04-10,Put,677.0650024414062,9.0,-0.25382407859519673,9.95,59460832.5,1425000.0,57.0,,
CDE US 04/10/26 C19.5,CDE   260410C00019500,,CDE   260410C00019500,,,-1320.0,-99000.0,-0.17,,,,,EGGQ,2026-04-01,CDE,19.5,2026-04-10,Call,18.981000900268555,9.0,-0.026615338447766427,0.75,59460832.5,1425000.0,57.0,,
BE US 04/10/26 C146,BE    260410C00146000,,BE    260410C00146000,,,-253.0,-117012.5,-0.2,,,,,EGGQ,2026-04-01,BE,146.0,2026-04-10,Call,133.82000732421875,9.0,-0.08342460736836473,4.625,59460832.5,1425000.0,57.0,,
QQQ US 04/07/26 C585,QQQ   260407C00585000,,QQQ   260407C00585000,,,-850.0,-328950.0,-0.55,,,,,EGGQ,2026-04-01,QQQ,585.0,2026-04-07,Call,581.72998046875,6.0,-0.005589776976495727,3.87,59460832.5,1425000.0,57.0,,
Sandisk Corp/DE,SNDK,,80004C200,,,11825.0,6769812.5,8.78,,,,,EGGY,2026-03-31,,,,,,,,572.5,77084962.5,2625000.0,105.0,,
First American Government Obligations Fund 12/01/2031,FGXXX,,31846V336,,,5456007.0,5456007.45,7.08,,,,,EGGY,2026-03-31,,,,,,,,100.0,77084962.5,2625000.0,105.0,,
GE Vernova Inc,GEV,,36828A101,,,6596.0,5391240.6,6.99,,,,,EGGY,2026-03-31,,,,,,,,817.35,77084962.5,2625000.0,105.0,,
Seagate Technology Holdings PLC,STX,,G7997R103,,,13079.0,4740221.97,6.15,,,,,EGGY,2026-03-31,,,,,,,,362.43,77084962.5,2625000.0,105.0,,
Bloom Energy Corp,BE,,093712107,,,35318.0,4220854.18,5.48,,,,,EGGY,2026-03-31,,,,,,,,119.51,77084962.5,2625000.0,105.0,,
Alnylam Pharmaceuticals Inc,ALNY,,02043Q107,,,12325.0,3895809.25,5.05,,,,,EGGY,2026-03-31,,,,,,,,316.09,77084962.5,2625000.0,105.0,,
Vertiv Holdings Co,VRT,,92537N108,,,16582.0,3883836.04,5.04,,,,,EGGY,2026-03-31,,,,,,,,234.22,77084962.5,2625000.0,105.0,,
Vistra Corp,VST,,92840M102,,,24294.0,3584336.76,4.65,,,,,EGGY,2026-03-31,,,,,,,,147.54,77084962.5,2625000.0,105.0,,
Palantir Technologies Inc,PLTR,,69608A108,,,24201.0,3328847.55,4.32,,,,,EGGY,2026-03-31,,,,,,,,137.55,77084962.5,2625000.0,105.0,,
Alphabet Inc,GOOGL,,02079K305,,,11516.0,3149626.0,4.09,,,,,EGGY,2026-03-31,,,,,,,,273.5,77084962.5,2625000.0,105.0,,
AppLovin Corp,APP,,03831W108,,,8259.0,3073008.72,3.99,,,,,EGGY,2026-03-31,,,,,,,,372.08,77084962.5,2625000.0,105.0,,
COEUR MINING INC.,CDE,,192108504,,,183978.0,3035637.0,3.94,,,,,EGGY,2026-03-31,,,,,,,,16.5,77084962.5,2625000.0,105.0,,
Eli Lilly & Co,LLY,,532457108,,,3399.0,3013655.37,3.91,,,,,EGGY,2026-03-31,,,,,,,,886.63,77084962.5,2625000.0,105.0,,
Teradyne Inc,TER,,880770102,,,10799.0,2984303.65,3.87,,,,,EGGY,2026-03-31,,,,,,,,276.35,77084962.5,2625000.0,105.0,,
Taiwan Semiconductor Manufacturing Co Ltd,TSM,,874039100,,,9148.0,2895342.0,3.76,,,,,EGGY,2026-03-31,,,,,,,,316.5,77084962.5,2625000.0,105.0,,
Micron Technology Inc,MU,,595112103,,,8563.0,2755573.4,3.57,,,,,EGGY,2026-03-31,,,,,,,,321.8,77084962.5,2625000.0,105.0,,
AeroVironment Inc,AVAV,,008073108,,,15523.0,2747105.31,3.56,,,,,EGGY,2026-03-31,,,,,,,,176.97,77084962.5,2625000.0,105.0,,
Astera Labs Inc,ALAB,,04626A103,,,21306.0,2136352.62,2.77,,,,,EGGY,2026-03-31,,,,,,,,100.27,77084962.5,2625000.0,105.0,,
Advanced Micro Devices Inc,AMD,,007903107,,,10355.0,2029994.2,2.63,,,,,EGGY,2026-03-31,,,,,,,,196.04,77084962.5,2625000.0,105.0,,
Credo Technology Group Holding Ltd,CRDO,,G25457105,,,22371.0,1964397.51,2.55,,,,,EGGY,2026-03-31,,,,,,,,87.81,77084962.5,2625000.0,105.0,,
Broadcom Inc,AVGO,,11135F101,,,6108.0,1792148.28,2.32,,,,,EGGY,2026-03-31,,,,,,,,293.41,77084962.5,2625000.0,105.0,,
NVIDIA Corp,NVDA,,67066G104,,,10653.0,1759556.01,2.28,,,,,EGGY,2026-03-31,,,,,,,,165.17,77084962.5,2625000.0,105.0,,
QQQ US 04/02/26 P565,QQQ   260402P00565000,,QQQ   260402P00565000,,,1500.0,1560000.0,2.02,,,,,EGGY,2026-03-31,QQQ,565.0,2026-04-02,Put,581.72998046875,1.0,-0.029610584900442476,10.4,77084962.5,2625000.0,105.0,,
CoreWeave Inc,CRWV,,21873S108,,,22035.0,1523720.25,1.98,,,,,EGGY,2026-03-31,,,,,,,,69.15,77084962.5,2625000.0,105.0,,
INVESCO  PUT OPT 04/26 548,QQQ   260407P00548000,,QQQ   260407P00548000,,,1500.0,852750.0,1.11,,,,,EGGY,2026-03-31,QQQ,548.0,2026-04-07,Put,581.72998046875,6.0,-0.061551059249543794,5.685,77084962.5,2625000.0,105.0,,
SNDK US 04/10/26 P575,SNDK  260410P00575000,,SNDK  260410P00575000,,,118.0,484980.0,0.63,,,,,EGGY,2026-03-31,SNDK,575.0,2026-04-10,Put,677.030029296875,9.0,-0.17744352921195652,41.1,77084962.5,2625000.0,105.0,,
STX US 04/10/26 P370,STX   260410P00370000,,STX   260410P00370000,,,130.0,321750.0,0.42,,,,,EGGY,2026-03-31,STX,370.0,2026-04-10,Put,412.7449951171875,9.0,-0.11552701383023649,24.75,77084962.5,2625000.0,105.0,,
GEV US 04/10/26 P840,GEV   260410P00840000,,GEV   260410P00840000,,,65.0,301600.0,0.39,,,,,EGGY,2026-03-31,GEV,840.0,2026-04-10,Put,900.0399780273438,9.0,-0.07147616431826637,46.4,77084962.5,2625000.0,105.0,,
VRT US 04/10/26 P245,VRT   260410P00245000,,VRT   260410P00245000,,,165.0,291225.0,0.38,,,,,EGGY,2026-03-31,VRT,245.0,2026-04-10,Put,260.29998779296875,9.0,-0.062448929767219385,17.65,77084962.5,2625000.0,105.0,,
COEUR MI PUT OPT 04/26 16,CDE   260410P00016000,,CDE   260410P00016000,,,1839.0,137925.0,0.18,,,,,EGGY,2026-03-31,CDE,16.0,2026-04-10,Put,18.979999542236328,9.0,-0.1862499713897705,0.75,77084962.5,2625000.0,105.0,,
INVESCO  CLL OPT 04/26 630,QQQ   260407C00630000,,QQQ   260407C00630000,,,1500.0,1500.0,0.0,,,,,EGGY,2026-03-31,QQQ,630.0,2026-04-07,Call,581.72998046875,6.0,-0.07661907862103175,0.01,77084962.5,2625000.0,105.0,,
QQQ US 04/02/26 C650,QQQ   260402C00650000,,QQQ   260402C00650000,,,1500.0,750.01,0.0,,,,,EGGY,2026-03-31,QQQ,650.0,2026-04-02,Call,581.72998046875,1.0,-0.10503079927884615,0.005,77084962.5,2625000.0,105.0,,
QQQ US 04/02/26 C635,QQQ   260402C00635000,,QQQ   260402C00635000,,,1200.0,600.01,0.0,,,,,EGGY,2026-03-31,QQQ,635.0,2026-04-02,Call,581.72998046875,1.0,-0.08388979453740157,0.005,77084962.5,2625000.0,105.0,,
QQQ US 04/02/26 C610,QQQ   260402C00610000,,QQQ   260402C00610000,,,-1500.0,-2250.0,0.0,,,,,EGGY,2026-03-31,QQQ,610.0,2026-04-02,Call,581.72998046875,1.0,-0.04634429431352459,0.015,77084962.5,2625000.0,105.0,,
VRT US 04/10/26 C280,VRT   260410C00280000,,VRT   260410C00280000,,,-165.0,-11962.5,-0.02,,,,,EGGY,2026-03-31,VRT,280.0,2026-04-10,Call,260.29998779296875,9.0,-0.07035718645368304,0.725,77084962.5,2625000.0,105.0,,
GEV US 04/10/26 C955,GEV   260410C00955000,,GEV   260410C00955000,,,-65.0,-17875.0,-0.02,,,,,EGGY,2026-03-31,GEV,955.0,2026-04-10,Call,900.0399780273438,9.0,-0.057549761227912305,2.75,77084962.5,2625000.0,105.0,,
SNDK US 04/10/26 C760,SNDK  260410C00760000,,SNDK  260410C00760000,,,-118.0,-25370.0,-0.03,,,,,EGGY,2026-03-31,SNDK,760.0,2026-04-10,Call,677.030029296875,9.0,-0.10917101408305921,2.15,77084962.5,2625000.0,105.0,,
COEUR MI CLL OPT 04/26 19.500,CDE   260410C00019500,,CDE   260410C00019500,,,-1839.0,-32182.5,-0.04,,,,,EGGY,2026-03-31,CDE,19.5,2026-04-10,Call,18.979999542236328,9.0,-0.026666690141726762,0.175,77084962.5,2625000.0,105.0,,
STX US 04/10/26 C430,STX   260410C00430000,,STX   260410C00430000,,,-130.0,-31525.0,-0.04,,,,,EGGY,2026-03-31,STX,430.0,2026-04-10,Call,412.7449951171875,9.0,-0.04012791833212209,2.425,77084962.5,2625000.0,105.0,,
QQQ US 04/02/26 C585,QQQ   260402C00585000,,QQQ   260402C00585000,,,-1200.0,-28200.0,-0.04,,,,,EGGY,2026-03-31,QQQ,585.0,2026-04-02,Call,581.72998046875,1.0,-0.005589776976495727,0.235,77084962.5,2625000.0,105.0,,
INVESCO  CLL OPT 04/26 585,QQQ   260407C00585000,,QQQ   260407C00585000,,,-1500.0,-136500.0,-0.18,,,,,EGGY,2026-03-31,QQQ,585.0,2026-04-07,Call,581.72998046875,6.0,-0.005589776976495727,0.91,77084962.5,2625000.0,105.0,,
STX US 04/10/26 P350,STX   260410P00350000,,STX   260410P00350000,,,-130.0,-204100.0,-0.26,,,,,EGGY,2026-03-31,STX,350.0,2026-04-10,Put,412.7449951171875,9.0,-0.17927141462053572,15.7,77084962.5,2625000.0,105.0,,
VRT US 04/10/26 P235,VRT   260410P00235000,,VRT   260410P00235000,,,-165.0,-199237.5,-0.26,,,,,EGGY,2026-03-31,VRT,235.0,2026-04-10,Put,260.29998779296875,9.0,-0.10765952252327128,12.075,77084962.5,2625000.0,105.0,,
GEV US 04/10/26 P810,GEV   260410P00810000,,GEV   260410P00810000,,,-65.0,-197925.0,-0.26,,,,,EGGY,2026-03-31,GEV,810.0,2026-04-10,Put,900.0399780273438,9.0,-0.11116046670042438,30.45,77084962.5,2625000.0,105.0,,
SNDK US 04/10/26 P540,SNDK  260410P00540000,,SNDK  260410P00540000,,,-118.0,-303260.0,-0.39,,,,,EGGY,2026-03-31,SNDK,540.0,2026-04-10,Put,677.030029296875,9.0,-0.25375931351273145,25.7,77084962.5,2625000.0,105.0,,
INVESCO  PUT OPT 04/26 535,QQQ   260407P00535000,,QQQ   260407P00535000,,,-1500.0,-400500.0,-0.52,,,,,EGGY,2026-03-31,QQQ,535.0,2026-04-07,Put,581.72998046875,6.0,-0.08734575788551402,2.67,77084962.5,2625000.0,105.0,,
QQQ US 04/02/26 P550,QQQ   260402P00550000,,QQQ   260402P00550000,,,-1500.0,-486000.0,-0.63,,,,,EGGY,2026-03-31,QQQ,550.0,2026-04-02,Put,581.72998046875,1.0,-0.05769087357954546,3.24,77084962.5,2625000.0,105.0,,
Cash & Other,Cash&Other,,Cash&Other,,,-595918.0,-595918.03,-0.77,,,,,EGGY,2026-03-31,,,,,,,,1.0,77084962.5,2625000.0,105.0,,
Sandisk Corp/DE,SNDK,,80004C200,,,5421.0,3103522.5,7.75,,,,,EGGS,2026-03-31,,,,,,,,572.5,40066560.0,1175000.0,47.0,,
First American Government Obligations Fund 12/01/2031,FGXXX,,31846V336,,,2349301.0,2349300.71,5.86,,,,,EGGS,2026-03-31,,,,,,,,100.0,40066560.0,1175000.0,47.0,,
Amgen Inc,AMGN,,031162100,,,5143.0,1794907.0,4.48,,,,,EGGS,2026-03-31,,,,,,,,349.0,40066560.0,1175000.0,47.0,,
Broadcom Inc,AVGO,,11135F101,,,5924.0,1738160.84,4.34,,,,,EGGS,2026-03-31,,,,,,,,293.41,40066560.0,1175000.0,47.0,,
GE Vernova Inc,GEV,,36828A101,,,2121.0,1733599.35,4.33,,,,,EGGS,2026-03-31,,,,,,,,817.35,40066560.0,1175000.0,47.0,,
Taiwan Semiconductor Manufacturing Co Ltd,TSM,,874039100,,,5297.0,1676500.5,4.18,,,,,EGGS,2026-03-31,,,,,,,,316.5,40066560.0,1175000.0,47.0,,
Vertiv Holdings Co,VRT,,92537N108,,,7132.0,1670457.04,4.17,,,,,EGGS,2026-03-31,,,,,,,,234.22,40066560.0,1175000.0,47.0,,
Alnylam Pharmaceuticals Inc,ALNY,,02043Q107,,,5252.0,1660104.68,4.14,,,,,EGGS,2026-03-31,,,,,,,,316.09,40066560.0,1175000.0,47.0,,
Palantir Technologies Inc,PLTR,,69608A108,,,11730.0,1613461.5,4.03,,,,,EGGS,2026-03-31,,,,,,,,137.55,40066560.0,1175000.0,47.0,,
Micron Technology Inc,MU,,595112103,,,4963.0,1597093.4,3.99,,,,,EGGS,2026-03-31,,,,,,,,321.8,40066560.0,1175000.0,47.0,,
Vistra Corp,VST,,92840M102,,,10510.0,1550645.4,3.87,,,,,EGGS,2026-03-31,,,,,,,,147.54,40066560.0,1175000.0,47.0,,
Credo Technology Group Holding Ltd,CRDO,,G25457105,,,17304.0,1519464.24,3.79,,,,,EGGS,2026-03-31,,,,,,,,87.81,40066560.0,1175000.0,47.0,,
NVIDIA Corp,NVDA,,67066G104,,,9095.0,1502221.15,3.75,,,,,EGGS,2026-03-31,,,,,,,,165.17,40066560.0,1175000.0,47.0,,
AppLovin Corp,APP,,03831W108,,,4016.0,1494273.28,3.73,,,,,EGGS,2026-03-31,,,,,,,,372.08,40066560.0,1175000.0,47.0,,
Bloom Energy Corp,BE,,093712107,,,11082.0,1324409.82,3.31,,,,,EGGS,2026-03-31,,,,,,,,119.51,40066560.0,1175000.0,47.0,,
Costco Wholesale Corp,COST,,22160K105,,,1326.0,1321465.08,3.3,,,,,EGGS,2026-03-31,,,,,,,,996.58,40066560.0,1175000.0,47.0,,
Amazon.com Inc,AMZN,,023135106,,,6398.0,1285678.1,3.21,,,,,EGGS,2026-03-31,,,,,,,,200.95,40066560.0,1175000.0,47.0,,
Cash & Other,Cash&Other,,Cash&Other,,,1277502.0,1277502.18,3.19,,,,,EGGS,2026-03-31,,,,,,,,1.0,40066560.0,1175000.0,47.0,,
Walmart Inc,WMT,,931142103,,,10324.0,1275014.0,3.18,,,,,EGGS,2026-03-31,,,,,,,,123.5,40066560.0,1175000.0,47.0,,
Microsoft Corp,MSFT,,594918104,,,3372.0,1210413.12,3.02,,,,,EGGS,2026-03-31,,,,,,,,358.96,40066560.0,1175000.0,47.0,,
Cardinal Health Inc,CAH,,14149Y108,,,5790.0,1194534.9,2.98,,,,,EGGS,2026-03-31,,,,,,,,206.31,40066560.0,1175000.0,47.0,,
COEUR MINING INC.,CDE,,192108504,,,70418.0,1161897.0,2.9,,,,,EGGS,2026-03-31,,,,,,,,16.5,40066560.0,1175000.0,47.0,,
QQQ US 04/02/26 P565,QQQ   260402P00565000,,QQQ   260402P00565000,,,1100.0,1144000.0,2.86,,,,,EGGS,2026-03-31,QQQ,565.0,2026-04-02,Put,581.8200073242188,1.0,-0.029769924467643805,10.4,40066560.0,1175000.0,47.0,,
Alphabet Inc,GOOGL,,02079K305,,,4158.0,1137213.0,2.84,,,,,EGGS,2026-03-31,,,,,,,,273.5,40066560.0,1175000.0,47.0,,
McKesson Corp,MCK,,58155Q103,,,1145.0,984917.55,2.46,,,,,EGGS,2026-03-31,,,,,,,,860.19,40066560.0,1175000.0,47.0,,
Eli Lilly & Co,LLY,,532457108,,,1031.0,914115.53,2.28,,,,,EGGS,2026-03-31,,,,,,,,886.63,40066560.0,1175000.0,47.0,,
CoreWeave Inc,CRWV,,21873S108,,,9343.0,646068.45,1.61,,,,,EGGS,2026-03-31,,,,,,,,69.15,40066560.0,1175000.0,47.0,,
INVESCO  PUT OPT 04/26 548,QQQ   260407P00548000,,QQQ   260407P00548000,,,1100.0,625350.0,1.56,,,,,EGGS,2026-03-31,QQQ,548.0,2026-04-07,Put,581.8200073242188,6.0,-0.061715341832515966,5.685,40066560.0,1175000.0,47.0,,
Booking Holdings Inc,BKNG,,09857L108,,,89.0,366458.39,0.91,,,,,EGGS,2026-03-31,,,,,,,,4117.51,40066560.0,1175000.0,47.0,,
SNDK US 04/10/26 P575,SNDK  260410P00575000,,SNDK  260410P00575000,,,54.0,221940.0,0.55,,,,,EGGS,2026-03-31,SNDK,575.0,2026-04-10,Put,676.7249755859375,9.0,-0.17691300101902174,41.1,40066560.0,1175000.0,47.0,,
VRT US 04/10/26 P245,VRT   260410P00245000,,VRT   260410P00245000,,,71.0,125315.0,0.31,,,,,EGGS,2026-03-31,VRT,245.0,2026-04-10,Put,260.29998779296875,9.0,-0.062448929767219385,17.65,40066560.0,1175000.0,47.0,,
GEV US 04/10/26 P840,GEV   260410P00840000,,GEV   260410P00840000,,,21.0,97440.0,0.24,,,,,EGGS,2026-03-31,GEV,840.0,2026-04-10,Put,900.0399780273438,9.0,-0.07147616431826637,46.4,40066560.0,1175000.0,47.0,,
COEUR MI PUT OPT 04/26 16,CDE   260410P00016000,,CDE   260410P00016000,,,704.0,52800.0,0.13,,,,,EGGS,2026-03-31,CDE,16.0,2026-04-10,Put,19.0,9.0,-0.1875,0.75,40066560.0,1175000.0,47.0,,
INVESCO  CLL OPT 04/26 630,QQQ   260407C00630000,,QQQ   260407C00630000,,,1100.0,1100.0,0.0,,,,,EGGS,2026-03-31,QQQ,630.0,2026-04-07,Call,581.8200073242188,6.0,-0.07647617885044643,0.01,40066560.0,1175000.0,47.0,,
QQQ US 04/02/26 C650,QQQ   260402C00650000,,QQQ   260402C00650000,,,1100.0,550.01,0.0,,,,,EGGS,2026-03-31,QQQ,650.0,2026-04-02,Call,581.8200073242188,1.0,-0.10489229642427884,0.005,40066560.0,1175000.0,47.0,,
QQQ US 04/02/26 C635,QQQ   260402C00635000,,QQQ   260402C00635000,,,700.0,350.0,0.0,,,,,EGGS,2026-03-31,QQQ,635.0,2026-04-02,Call,581.8200073242188,1.0,-0.08374801996186024,0.005,40066560.0,1175000.0,47.0,,
QQQ US 04/02/26 C610,QQQ   260402C00610000,,QQQ   260402C00610000,,,-1100.0,-1650.0,0.0,,,,,EGGS,2026-03-31,QQQ,610.0,2026-04-02,Call,581.8200073242188,1.0,-0.04619670930455943,0.015,40066560.0,1175000.0,47.0,,
GEV US 04/10/26 C955,GEV   260410C00955000,,GEV   260410C00955000,,,-21.0,-5775.0,-0.01,,,,,EGGS,2026-03-31,GEV,955.0,2026-04-10,Call,900.0399780273438,9.0,-0.057549761227912305,2.75,40066560.0,1175000.0,47.0,,
VRT US 04/10/26 C280,VRT   260410C00280000,,VRT   260410C00280000,,,-71.0,-5147.5,-0.01,,,,,EGGS,2026-03-31,VRT,280.0,2026-04-10,Call,260.29998779296875,9.0,-0.07035718645368304,0.725,40066560.0,1175000.0,47.0,,
COEUR MI CLL OPT 04/26 19.500,CDE   260410C00019500,,CDE   260410C00019500,,,-704.0,-12320.0,-0.03,,,,,EGGS,2026-03-31,CDE,19.5,2026-04-10,Call,19.0,9.0,-0.02564102564102564,0.175,40066560.0,1175000.0,47.0,,
SNDK US 04/10/26 C760,SNDK  260410C00760000,,SNDK  260410C00760000,,,-54.0,-11610.0,-0.03,,,,,EGGS,2026-03-31,SNDK,760.0,2026-04-10,Call,676.7249755859375,9.0,-0.10957240054481908,2.15,40066560.0,1175000.0,47.0,,
QQQ US 04/02/26 C585,QQQ   260402C00585000,,QQQ   260402C00585000,,,-700.0,-16450.0,-0.04,,,,,EGGS,2026-03-31,QQQ,585.0,2026-04-02,Call,581.8200073242188,1.0,-0.005435884915865385,0.235,40066560.0,1175000.0,47.0,,
GEV US 04/10/26 P810,GEV   260410P00810000,,GEV   260410P00810000,,,-21.0,-63945.0,-0.16,,,,,EGGS,2026-03-31,GEV,810.0,2026-04-10,Put,900.0399780273438,9.0,-0.11116046670042438,30.45,40066560.0,1175000.0,47.0,,
VRT US 04/10/26 P235,VRT   260410P00235000,,VRT   260410P00235000,,,-71.0,-85732.5,-0.21,,,,,EGGS,2026-03-31,VRT,235.0,2026-04-10,Put,260.29998779296875,9.0,-0.10765952252327128,12.075,40066560.0,1175000.0,47.0,,
INVESCO  CLL OPT 04/26 585,QQQ   260407C00585000,,QQQ   260407C00585000,,,-1100.0,-100100.0,-0.25,,,,,EGGS,2026-03-31,QQQ,585.0,2026-04-07,Call,581.8200073242188,6.0,-0.005435884915865385,0.91,40066560.0,1175000.0,47.0,,
SNDK US 04/10/26 P540,SNDK  260410P00540000,,SNDK  260410P00540000,,,-54.0,-138780.0,-0.35,,,,,EGGS,2026-03-31,SNDK,540.0,2026-04-10,Put,676.7249755859375,9.0,-0.25319439923321757,25.7,40066560.0,1175000.0,47.0,,
INVESCO  PUT OPT 04/26 535,QQQ   260407P00535000,,QQQ   260407P00535000,,,-1100.0,-293700.0,-0.73,,,,,EGGS,2026-03-31,QQQ,535.0,2026-04-07,Put,581.8200073242188,6.0,-0.08751403238171729,2.67,40066560.0,1175000.0,47.0,,
QQQ US 04/02/26 P550,QQQ   260402P00550000,,QQQ   260402P00550000,,,-1100.0,-356400.0,-0.89,,,,,EGGS,2026-03-31,QQQ,550.0,2026-04-02,Put,581.8200073242188,1.0,-0.05785455877130682,3.24,40066560.0,1175000.0,47.0,,
ADI US 04/02/26 C320,ADI   260402C00320000,,ADI   260402C00320000,,,-1300.0,-422500.0,-0.05,,,,,ULTY,2026-04-01,ADI,320.0,2026-04-02,Call,322.8999938964844,1.0,0.009062480926513673,3.25,865203750.16,28527464.0,1141.1,,
ADI US 04/02/26 P292.5,ADI   260402P00292500,,ADI   260402P00292500,,,2600.0,26000.0,0.0,,,,,ULTY,2026-04-01,ADI,292.5,2026-04-02,Put,322.8999938964844,1.0,-0.10393160306490384,0.1,865203750.16,28527464.0,1141.1,,
ADI US 04/02/26 P315,ADI   260402P00315000,,ADI   260402P00315000,,,-1300.0,-393250.0,-0.05,,,,,ULTY,2026-04-01,ADI,315.0,2026-04-02,Put,322.8999938964844,1.0,-0.025079345703125,3.025,865203750.16,28527464.0,1141.1,,
Advanced Micro Devices Inc,AMD,,007903107,,,100000.0,20343000.0,2.35,,,,,ULTY,2026-04-01,,,,,,,,203.43,865203750.16,28527464.0,1141.1,,
ALAB US 04/02/26 P105,ALAB  260402P00105000,,ALAB  260402P00105000,,,2000.0,249000.0,0.03,,,,,ULTY,2026-04-01,ALAB,105.0,2026-04-02,Put,108.21499633789062,1.0,-0.030619012741815475,1.245,865203750.16,28527464.0,1141.1,,
ALAB US 04/02/26 P108,ALAB  260402P00108000,,ALAB  260402P00108000,,,-2000.0,-429000.0,-0.05,,,,,ULTY,2026-04-01,ALAB,108.0,2026-04-02,Put,108.21499633789062,1.0,-0.001990706832320602,2.145,865203750.16,28527464.0,1141.1,,
Alphabet Inc,GOOGL,,02079K305,,,165000.0,47447400.0,5.48,,,,,ULTY,2026-04-01,,,,,,,,287.56,865203750.16,28527464.0,1141.1,,
ALPHABET PUT OPT 04/26 267.500,GOOGL 260410P00267500,,GOOGL 260410P00267500,,,3300.0,310200.0,0.04,,,,,ULTY,2026-04-01,GOOGL,267.5,2026-04-10,Put,295.5199890136719,9.0,-0.10474762248101635,0.94,865203750.16,28527464.0,1141.1,,
ALPHABET PUT OPT 04/26 277.500,GOOGL 260410P00277500,,GOOGL 260410P00277500,,,-1650.0,-405075.0,-0.05,,,,,ULTY,2026-04-01,GOOGL,277.5,2026-04-10,Put,295.5199890136719,9.0,-0.06493689734656531,2.455,865203750.16,28527464.0,1141.1,,
AMAZON C PUT OPT 04/26 190,AMZN  260410P00190000,,AMZN  260410P00190000,,,3320.0,199200.0,0.02,,,,,ULTY,2026-04-01,AMZN,190.0,2026-04-10,Put,209.39999389648438,9.0,-0.10210523103412829,0.6,865203750.16,28527464.0,1141.1,,
AMAZON C PUT OPT 04/26 202.500,AMZN  260410P00202500,,AMZN  260410P00202500,,,-1660.0,-433260.0,-0.05,,,,,ULTY,2026-04-01,AMZN,202.5,2026-04-10,Put,209.39999389648438,9.0,-0.03407404393325617,2.61,865203750.16,28527464.0,1141.1,,
Amazon.com Inc,AMZN,,023135106,,,166000.0,34572820.0,4.0,,,,,ULTY,2026-04-01,,,,,,,,208.27,865203750.16,28527464.0,1141.1,,
AMD US 04/02/26 C207.5,AMD   260402C00207500,,AMD   260402C00207500,,,-1000.0,-179500.0,-0.02,,,,,ULTY,2026-04-01,AMD,207.5,2026-04-02,Call,209.2100067138672,1.0,0.008240996211408133,1.795,865203750.16,28527464.0,1141.1,,
AMD US 04/02/26 P185,AMD   260402P00185000,,AMD   260402P00185000,,,2000.0,30000.0,0.0,,,,,ULTY,2026-04-01,AMD,185.0,2026-04-02,Put,209.2100067138672,1.0,-0.13086490115603885,0.15,865203750.16,28527464.0,1141.1,,
AMD US 04/02/26 P195,AMD   260402P00195000,,AMD   260402P00195000,,,-1000.0,-92500.0,-0.01,,,,,ULTY,2026-04-01,AMD,195.0,2026-04-02,Put,209.2100067138672,1.0,-0.07287182930188302,0.925,865203750.16,28527464.0,1141.1,,
Amplify Junior Silver Miners ETF,SILJ,,032108649,,,1499500.0,44565140.0,5.15,,,,,ULTY,2026-04-01,,,,,,,,29.72,865203750.16,28527464.0,1141.1,,
AMZN US 04/02/26 C210,AMZN  260402C00210000,,AMZN  260402C00210000,,,-1660.0,-269750.0,-0.03,,,,,ULTY,2026-04-01,AMZN,210.0,2026-04-02,Call,209.39999389648438,1.0,-0.0028571719215029763,1.625,865203750.16,28527464.0,1141.1,,
Analog Devices Inc,ADI,,032654105,,,130000.0,41358200.0,4.78,,,,,ULTY,2026-04-01,,,,,,,,318.14,865203750.16,28527464.0,1141.1,,
ASTERA L CLL OPT 04/26 110,ALAB  260410C00110000,,ALAB  260410C00110000,,,-2000.0,-1120000.0,-0.13,,,,,ULTY,2026-04-01,ALAB,110.0,2026-04-10,Call,108.21499633789062,9.0,-0.016227306019176137,5.6,865203750.16,28527464.0,1141.1,,
ASTERA L PUT OPT 04/26 96,ALAB  260410P00096000,,ALAB  260410P00096000,,,2000.0,274000.0,0.03,,,,,ULTY,2026-04-01,ALAB,96.0,2026-04-10,Put,108.21499633789062,9.0,-0.1272395451863607,1.37,865203750.16,28527464.0,1141.1,,
Astera Labs Inc,ALAB,,04626A103,,,200000.0,21920000.0,2.53,,,,,ULTY,2026-04-01,,,,,,,,109.6,865203750.16,28527464.0,1141.1,,
Cash & Other,Cash&Other,,Cash&Other,,,29624348.0,29624347.95,3.42,,,,,ULTY,2026-04-01,,,,,,,,1.0,865203750.16,28527464.0,1141.1,,
CIEN US 04/02/26 C385,CIEN  260402C00385000,,CIEN  260402C00385000,,,-1000.0,-1265000.0,-0.15,,,,,ULTY,2026-04-01,CIEN,385.0,2026-04-02,Call,413.2099914550781,1.0,0.073272705078125,12.65,865203750.16,28527464.0,1141.1,,
CIEN US 04/02/26 P357.5,CIEN  260402P00357500,,CIEN  260402P00357500,,,1000.0,342500.0,0.04,,,,,ULTY,2026-04-01,CIEN,357.5,2026-04-02,Put,413.2099914550781,1.0,-0.15583214393028846,3.425,865203750.16,28527464.0,1141.1,,
Ciena Corp,CIEN,,171779309,,,100000.0,38823000.0,4.49,,,,,ULTY,2026-04-01,,,,,,,,388.23,865203750.16,28527464.0,1141.1,,
COHERENT CLL OPT 04/26 240,COHR  260410C00240000,,COHR  260410C00240000,,,-1200.0,-1560000.0,-0.18,,,,,ULTY,2026-04-01,COHR,240.0,2026-04-10,Call,249.4199981689453,9.0,0.03924999237060547,13.0,865203750.16,28527464.0,1141.1,,
Coherent Corp,COHR,,19247G107,,,120000.0,28585200.0,3.3,,,,,ULTY,2026-04-01,,,,,,,,238.21,865203750.16,28527464.0,1141.1,,
COHERENT PUT OPT 04/26 205,COHR  260410P00205000,,COHR  260410P00205000,,,1200.0,408000.0,0.05,,,,,ULTY,2026-04-01,COHR,205.0,2026-04-10,Put,249.4199981689453,9.0,-0.2166829178972942,3.4,865203750.16,28527464.0,1141.1,,
COHR US 04/02/26 P222.5,COHR  260402P00222500,,COHR  260402P00222500,,,1200.0,309000.0,0.04,,,,,ULTY,2026-04-01,COHR,222.5,2026-04-02,Put,249.4199981689453,1.0,-0.12098875581548454,2.575,865203750.16,28527464.0,1141.1,,
COHR US 04/02/26 P232.5,COHR  260402P00232500,,COHR  260402P00232500,,,-1200.0,-588000.0,-0.07,,,,,ULTY,2026-04-01,COHR,232.5,2026-04-02,Put,249.4199981689453,1.0,-0.07277418567288306,4.9,865203750.16,28527464.0,1141.1,,
Comfort Systems USA Inc,FIX,,199908104,,,20000.0,27579800.0,3.19,,,,,ULTY,2026-04-01,,,,,,,,1378.99,865203750.16,28527464.0,1141.1,,
First American Government Obligations Fund 12/01/2031,FGXXX,,31846V336,,,9014345.0,9014344.58,1.04,,,,,ULTY,2026-04-01,,,,,,,,100.0,865203750.16,28527464.0,1141.1,,
FIX US 04/17/26 C1460,FIX   260417C01460000,,FIX   260417C01460000,,,-200.0,-825000.0,-0.1,,,,,ULTY,2026-04-01,FIX,1460.0,2026-04-17,Call,1429.9998779296875,16.0,-0.020548028815282535,41.25,865203750.16,28527464.0,1141.1,,
FIX US 04/17/26 P1260,FIX   260417P01260000,,FIX   260417P01260000,,,400.0,1356000.0,0.16,,,,,ULTY,2026-04-01,FIX,1260.0,2026-04-17,Put,1429.9998779296875,16.0,-0.13492053803943452,33.9,865203750.16,28527464.0,1141.1,,
FIX US 04/17/26 P1340,FIX   260417P01340000,,FIX   260417P01340000,,,-200.0,-1171000.0,-0.14,,,,,ULTY,2026-04-01,FIX,1340.0,2026-04-17,Put,1429.9998779296875,16.0,-0.06716408800722948,58.55,865203750.16,28527464.0,1141.1,,
Fortinet Inc,FTNT,,34959E109,,,360000.0,29419200.0,3.4,,,,,ULTY,2026-04-01,,,,,,,,81.72,865203750.16,28527464.0,1141.1,,
FTNT US 04/02/26 C84,FTNT  260402C00084000,,FTNT  260402C00084000,,,-3600.0,-106200.0,-0.01,,,,,ULTY,2026-04-01,FTNT,84.0,2026-04-02,Call,80.80000305175781,1.0,-0.03809520176478794,0.295,865203750.16,28527464.0,1141.1,,
FTNT US 04/02/26 P74,FTNT  260402P00074000,,FTNT  260402P00074000,,,7200.0,79200.04,0.01,,,,,ULTY,2026-04-01,FTNT,74.0,2026-04-02,Put,80.80000305175781,1.0,-0.09189193313186234,0.11,865203750.16,28527464.0,1141.1,,
FTNT US 04/02/26 P79,FTNT  260402P00079000,,FTNT  260402P00079000,,,-3600.0,-133200.0,-0.02,,,,,ULTY,2026-04-01,FTNT,79.0,2026-04-02,Put,80.80000305175781,1.0,-0.022784848756428007,0.37,865203750.16,28527464.0,1141.1,,
GDX US 04/02/26 C90,GDX   260402C00090000,,GDX   260402C00090000,,,-4650.0,-1304325.0,-0.15,,,,,ULTY,2026-04-01,GDX,90.0,2026-04-02,Call,93.86000061035156,1.0,0.04288889567057292,2.805,865203750.16,28527464.0,1141.1,,
GDX US 04/02/26 P79,GDX   260402P00079000,,GDX   260402P00079000,,,4650.0,23250.0,0.0,,,,,ULTY,2026-04-01,GDX,79.0,2026-04-02,Put,93.86000061035156,1.0,-0.18810127354875394,0.05,865203750.16,28527464.0,1141.1,,
GOOGL US 04/02/26 C285,GOOGL 260402C00285000,,GOOGL 260402C00285000,,,-1650.0,-754875.0,-0.09,,,,,ULTY,2026-04-01,GOOGL,285.0,2026-04-02,Call,295.5199890136719,1.0,0.03691224215323465,4.575,865203750.16,28527464.0,1141.1,,
INTU US 04/02/26 C435,INTU  260402C00435000,,INTU  260402C00435000,,,-360.0,-217800.0,-0.03,,,,,ULTY,2026-04-01,INTU,435.0,2026-04-02,Call,416.3299865722656,1.0,-0.04291957109823994,6.05,865203750.16,28527464.0,1141.1,,
INTU US 04/02/26 P385,INTU  260402P00385000,,INTU  260402P00385000,,,720.0,144000.0,0.02,,,,,ULTY,2026-04-01,INTU,385.0,2026-04-02,Put,416.3299865722656,1.0,-0.08137658849939124,2.0,865203750.16,28527464.0,1141.1,,
INTU US 04/02/26 P405,INTU  260402P00405000,,INTU  260402P00405000,,,-360.0,-64800.0,-0.01,,,,,ULTY,2026-04-01,INTU,405.0,2026-04-02,Put,416.3299865722656,1.0,-0.027975275487075617,1.8,865203750.16,28527464.0,1141.1,,
Intuit Inc,INTU,,461202103,,,36000.0,15565680.0,1.8,,,,,ULTY,2026-04-01,,,,,,,,432.38,865203750.16,28527464.0,1141.1,,
IREN Ltd,IREN,,Q4982L109,,,900000.0,30852000.0,3.57,,,,,ULTY,2026-04-01,,,,,,,,34.28,865203750.16,28527464.0,1141.1,,
IREN US 04/02/26 C33,IREN  260402C00033000,,IREN  260402C00033000,,,-9000.0,-1687500.0,-0.2,,,,,ULTY,2026-04-01,IREN,33.0,2026-04-02,Call,34.694000244140625,1.0,0.05133334073153409,1.875,865203750.16,28527464.0,1141.1,,
IREN US 04/02/26 P29.5,IREN  260402P00029500,,IREN  260402P00029500,,,9000.0,94500.0,0.01,,,,,ULTY,2026-04-01,IREN,29.5,2026-04-02,Put,34.694000244140625,1.0,-0.1760678048861229,0.105,865203750.16,28527464.0,1141.1,,
Jabil Inc,JBL,,466313103,,,171000.0,45422730.0,5.25,,,,,ULTY,2026-04-01,,,,,,,,265.63,865203750.16,28527464.0,1141.1,,
JBL US 04/02/26 C270,JBL   260402C00270000,,JBL   260402C00270000,,,-1710.0,-401850.0,-0.05,,,,,ULTY,2026-04-01,JBL,270.0,2026-04-02,Call,275.19000244140625,1.0,0.019222231264467593,2.35,865203750.16,28527464.0,1141.1,,
JBL US 04/02/26 P240,JBL   260402P00240000,,JBL   260402P00240000,,,3420.0,111150.0,0.01,,,,,ULTY,2026-04-01,JBL,240.0,2026-04-02,Put,275.19000244140625,1.0,-0.14662501017252605,0.325,865203750.16,28527464.0,1141.1,,
JBL US 04/02/26 P252.5,JBL   260402P00252500,,JBL   260402P00252500,,,-1710.0,-192375.0,-0.02,,,,,ULTY,2026-04-01,JBL,252.5,2026-04-02,Put,275.19000244140625,1.0,-0.08986139580754951,1.125,865203750.16,28527464.0,1141.1,,
Lam Research Corp,LRCX,,512807306,,,208000.0,44441280.0,5.14,,,,,ULTY,2026-04-01,,,,,,,,213.66,865203750.16,28527464.0,1141.1,,
LITE US 04/02/26 C705,LITE  260402C00705000,,LITE  260402C00705000,,,-600.0,-1296000.0,-0.15,,,,,ULTY,2026-04-01,LITE,705.0,2026-04-02,Call,747.5,1.0,0.06028368794326241,21.6,865203750.16,28527464.0,1141.1,,
LITE US 04/02/26 P655,LITE  260402P00655000,,LITE  260402P00655000,,,600.0,447000.0,0.05,,,,,ULTY,2026-04-01,LITE,655.0,2026-04-02,Put,747.5,1.0,-0.14122137404580154,7.45,865203750.16,28527464.0,1141.1,,
LRCX US 04/02/26 C212.5,LRCX  260402C00212500,,LRCX  260402C00212500,,,-2080.0,-1232400.0,-0.14,,,,,ULTY,2026-04-01,LRCX,212.5,2026-04-02,Call,220.80999755859375,1.0,0.03910587086397059,5.925,865203750.16,28527464.0,1141.1,,
LRCX US 04/02/26 P192.5,LRCX  260402P00192500,,LRCX  260402P00192500,,,2080.0,125840.0,0.01,,,,,ULTY,2026-04-01,LRCX,192.5,2026-04-02,Put,220.80999755859375,1.0,-0.1470649223823052,0.605,865203750.16,28527464.0,1141.1,,
LRCX US 04/02/26 P195,LRCX  260402P00195000,,LRCX  260402P00195000,,,2080.0,149760.0,0.02,,,,,ULTY,2026-04-01,LRCX,195.0,2026-04-02,Put,220.80999755859375,1.0,-0.1323589618389423,0.72,865203750.16,28527464.0,1141.1,,
LRCX US 04/02/26 P205,LRCX  260402P00205000,,LRCX  260402P00205000,,,-2080.0,-486720.0,-0.06,,,,,ULTY,2026-04-01,LRCX,205.0,2026-04-02,Put,220.80999755859375,1.0,-0.07712193931021341,2.34,865203750.16,28527464.0,1141.1,,
Lumentum Holdings Inc,LITE,,55024U109,,,60000.0,42165600.0,4.87,,,,,ULTY,2026-04-01,,,,,,,,702.76,865203750.16,28527464.0,1141.1,,
NUSCALE  CLL OPT 04/26 11,SMR   260410C00011000,,SMR   260410C00011000,,,-20418.0,-1296543.0,-0.15,,,,,ULTY,2026-04-01,SMR,11.0,2026-04-10,Call,10.864999771118164,9.0,-0.012272748080166903,0.635,865203750.16,28527464.0,1141.1,,
NuScale Power Corp,SMR,,67079K100,,,2041800.0,22133112.0,2.56,,,,,ULTY,2026-04-01,,,,,,,,10.84,865203750.16,28527464.0,1141.1,,
NVDA US 04/02/26 C170,NVDA  260402C00170000,,NVDA  260402C00170000,,,-2650.0,-1358125.0,-0.16,,,,,ULTY,2026-04-01,NVDA,170.0,2026-04-02,Call,175.875,1.0,0.03455882352941177,5.125,865203750.16,28527464.0,1141.1,,
NVDA US 04/02/26 P160,NVDA  260402P00160000,,NVDA  260402P00160000,,,2650.0,17225.0,0.0,,,,,ULTY,2026-04-01,NVDA,160.0,2026-04-02,Put,175.875,1.0,-0.09921875,0.065,865203750.16,28527464.0,1141.1,,
NVDA US 04/02/26 P165,NVDA  260402P00165000,,NVDA  260402P00165000,,,2650.0,43725.0,0.01,,,,,ULTY,2026-04-01,NVDA,165.0,2026-04-02,Put,175.875,1.0,-0.0659090909090909,0.165,865203750.16,28527464.0,1141.1,,
NVDA US 04/02/26 P175,NVDA  260402P00175000,,NVDA  260402P00175000,,,-2650.0,-597575.0,-0.07,,,,,ULTY,2026-04-01,NVDA,175.0,2026-04-02,Put,175.875,1.0,-0.005,2.255,865203750.16,28527464.0,1141.1,,
NVIDIA Corp,NVDA,,67066G104,,,265000.0,46216000.0,5.34,,,,,ULTY,2026-04-01,,,,,,,,174.4,865203750.16,28527464.0,1141.1,,
Palantir Technologies Inc,PLTR,,69608A108,,,270000.0,39495600.0,4.56,,,,,ULTY,2026-04-01,,,,,,,,146.28,865203750.16,28527464.0,1141.1,,
PLTR US 04/02/26 C145,PLTR  260402C00145000,,PLTR  260402C00145000,,,-2700.0,-884250.0,-0.1,,,,,ULTY,2026-04-01,PLTR,145.0,2026-04-02,Call,145.7100067138672,1.0,0.004896598026670258,3.275,865203750.16,28527464.0,1141.1,,
PLTR US 04/02/26 P136,PLTR  260402P00136000,,PLTR  260402P00136000,,,2700.0,62100.0,0.01,,,,,ULTY,2026-04-01,PLTR,136.0,2026-04-02,Put,145.7100067138672,1.0,-0.07139710819019991,0.23,865203750.16,28527464.0,1141.1,,
PLTR US 04/02/26 P147,PLTR  260402P00147000,,PLTR  260402P00147000,,,2700.0,760050.0,0.09,,,,,ULTY,2026-04-01,PLTR,147.0,2026-04-02,Put,145.7100067138672,1.0,0.008775464531515731,2.815,865203750.16,28527464.0,1141.1,,
PLTR US 04/02/26 P152.5,PLTR  260402P00152500,,PLTR  260402P00152500,,,-2700.0,-1795500.0,-0.21,,,,,ULTY,2026-04-01,PLTR,152.5,2026-04-02,Put,145.7100067138672,1.0,0.04452454613857582,6.65,865203750.16,28527464.0,1141.1,,
PWR US 04/17/26 C590,PWR   260417C00590000,,PWR   260417C00590000,,,-580.0,-385700.0,-0.04,,,,,ULTY,2026-04-01,PWR,590.0,2026-04-17,Call,561.7299194335938,16.0,-0.04791539079051907,6.65,865203750.16,28527464.0,1141.1,,
PWR US 04/17/26 P500,PWR   260417P00500000,,PWR   260417P00500000,,,580.0,414700.0,0.05,,,,,ULTY,2026-04-01,PWR,500.0,2026-04-17,Put,561.7299194335938,16.0,-0.1234598388671875,7.15,865203750.16,28527464.0,1141.1,,
PWR US 04/17/26 P510,PWR   260417P00510000,,PWR   260417P00510000,,,580.0,524900.0,0.06,,,,,ULTY,2026-04-01,PWR,510.0,2026-04-17,Put,561.7299194335938,16.0,-0.10143121457567401,9.05,865203750.16,28527464.0,1141.1,,
PWR US 04/17/26 P560,PWR   260417P00560000,,PWR   260417P00560000,,,-580.0,-1595000.0,-0.18,,,,,ULTY,2026-04-01,PWR,560.0,2026-04-17,Put,561.7299194335938,16.0,-0.003089141845703125,27.5,865203750.16,28527464.0,1141.1,,
Quanta Services Inc,PWR,,74762E102,,,58000.0,31843160.0,3.68,,,,,ULTY,2026-04-01,,,,,,,,549.02,865203750.16,28527464.0,1141.1,,
RBLX US 04/02/26 C56,RBLX  260402C00056000,,RBLX  260402C00056000,,,-4500.0,-760500.0,-0.09,,,,,ULTY,2026-04-01,RBLX,56.0,2026-04-02,Call,57.724998474121094,1.0,0.030803544180733815,1.69,865203750.16,28527464.0,1141.1,,
RBLX US 04/02/26 P48,RBLX  260402P00048000,,RBLX  260402P00048000,,,4500.0,24750.0,0.0,,,,,ULTY,2026-04-01,RBLX,48.0,2026-04-02,Put,57.724998474121094,1.0,-0.2026041348775228,0.055,865203750.16,28527464.0,1141.1,,
RDDT US 04/02/26 C128,RDDT  260402C00128000,,RDDT  260402C00128000,,,-1850.0,-1447625.0,-0.17,,,,,ULTY,2026-04-01,RDDT,128.0,2026-04-02,Call,134.77999877929688,1.0,0.052968740463256836,7.825,865203750.16,28527464.0,1141.1,,
RDDT US 04/02/26 P112,RDDT  260402P00112000,,RDDT  260402P00112000,,,1850.0,28675.0,0.0,,,,,ULTY,2026-04-01,RDDT,112.0,2026-04-02,Put,134.77999877929688,1.0,-0.2033928462437221,0.155,865203750.16,28527464.0,1141.1,,
Reddit Inc,RDDT,,75734B100,,,185000.0,24910250.0,2.88,,,,,ULTY,2026-04-01,,,,,,,,134.65,865203750.16,28527464.0,1141.1,,
ROBINHOO CLL OPT 04/26 69,HOOD  260410C00069000,,HOOD  260410C00069000,,,-4498.0,-1428115.0,-0.17,,,,,ULTY,2026-04-01,HOOD,69.0,2026-04-10,Call,69.875,9.0,0.012681159420289856,3.175,865203750.16,28527464.0,1141.1,,
ROBINHOO PUT OPT 04/26 59,HOOD  260410P00059000,,HOOD  260410P00059000,,,4498.0,191165.0,0.02,,,,,ULTY,2026-04-01,HOOD,59.0,2026-04-10,Put,69.875,9.0,-0.1843220338983051,0.425,865203750.16,28527464.0,1141.1,,
Robinhood Markets Inc,HOOD,,770700102,,,449800.0,31171140.0,3.6,,,,,ULTY,2026-04-01,,,,,,,,69.3,865203750.16,28527464.0,1141.1,,
ROBLOX Corp,RBLX,,771049103,,,450000.0,25452000.0,2.94,,,,,ULTY,2026-04-01,,,,,,,,56.56,865203750.16,28527464.0,1141.1,,
SCCO US 04/02/26 C170,SCCO  260402C00170000,,SCCO  260402C00170000,,,-1591.0,-811410.0,-0.09,,,,,ULTY,2026-04-01,SCCO,170.0,2026-04-02,Call,177.0399932861328,1.0,0.041411725212545956,5.1,865203750.16,28527464.0,1141.1,,
SCCO US 04/02/26 P150,SCCO  260402P00150000,,SCCO  260402P00150000,,,1591.0,15910.01,0.0,,,,,ULTY,2026-04-01,SCCO,150.0,2026-04-02,Put,177.0399932861328,1.0,-0.18026662190755208,0.1,865203750.16,28527464.0,1141.1,,
SILJ US 04/02/26 C28.5,SILJ  260402C00028500,,SILJ  260402C00028500,,,-14995.0,-2234255.0,-0.26,,,,,ULTY,2026-04-01,SILJ,28.5,2026-04-02,Call,30.290000915527344,1.0,0.0628070496676261,1.49,865203750.16,28527464.0,1141.1,,
SILJ US 04/02/26 P24.5,SILJ  260402P00024500,,SILJ  260402P00024500,,,14995.0,134955.07,0.02,,,,,ULTY,2026-04-01,SILJ,24.5,2026-04-02,Put,30.290000915527344,1.0,-0.23632656798070792,0.09,865203750.16,28527464.0,1141.1,,
SMR US 04/10/26 P9.5,SMR   260410P00009500,,SMR   260410P00009500,,,20418.0,490032.0,0.06,,,,,ULTY,2026-04-01,SMR,9.5,2026-04-10,Put,10.864999771118164,9.0,-0.14368418643349096,0.24,865203750.16,28527464.0,1141.1,,
Southern Copper Corp,SCCO,,84265V105,,,159141.0,27381852.08,3.16,,,,,ULTY,2026-04-01,,,,,,,,172.06,865203750.16,28527464.0,1141.1,,
SOUTHERN PUT OPT 04/26 157.500,SCCO  260410P00157500,,SCCO  260410P00157500,,,1591.0,373885.0,0.04,,,,,ULTY,2026-04-01,SCCO,157.5,2026-04-10,Put,177.0399932861328,9.0,-0.12406344943576389,2.35,865203750.16,28527464.0,1141.1,,
SOUTHERN PUT OPT 04/26 165,SCCO  260410P00165000,,SCCO  260410P00165000,,,-1591.0,-668220.0,-0.08,,,,,ULTY,2026-04-01,SCCO,165.0,2026-04-10,Put,177.0399932861328,9.0,-0.0729696562795928,4.2,865203750.16,28527464.0,1141.1,,
STRATEGY CLL OPT 04/26 126,MSTR  260410C00126000,,MSTR  260410C00126000,,,-3850.0,-2184875.0,-0.25,,,,,ULTY,2026-04-01,MSTR,126.0,2026-04-10,Call,123.05999755859375,9.0,-0.023333352709573412,5.675,865203750.16,28527464.0,1141.1,,
Strategy Inc,MSTR,,594972408,,,385000.0,48048000.0,5.55,,,,,ULTY,2026-04-01,,,,,,,,124.8,865203750.16,28527464.0,1141.1,,
STRATEGY PUT OPT 04/26 109,MSTR  260410P00109000,,MSTR  260410P00109000,,,3850.0,616000.0,0.07,,,,,ULTY,2026-04-01,MSTR,109.0,2026-04-10,Put,123.05999755859375,9.0,-0.1289908032898509,1.6,865203750.16,28527464.0,1141.1,,
VanEck Gold Miners ETF/USA,GDX,,92189F106,,,465000.0,42673050.0,4.93,,,,,ULTY,2026-04-01,,,,,,,,91.77,865203750.16,28527464.0,1141.1,,
CAG US 04/02/26 C15.5,CAG   260402C00015500,,CAG   260402C00015500,,,-297.0,-16335.0,-0.08,,,,,SLTY,2026-04-01,CAG,15.5,2026-04-02,Call,15.589900016784668,1.0,0.005800001082881805,0.55,19553400.0,675000.0,27.0,,
CAG US 04/02/26 C16.5,CAG   260402C00016500,,CAG   260402C00016500,,,594.0,5940.0,0.03,,,,,SLTY,2026-04-01,CAG,16.5,2026-04-02,Call,15.589900016784668,1.0,-0.05515757474032315,0.1,19553400.0,675000.0,27.0,,
CAG US 04/02/26 P15,CAG   260402P00015000,,CAG   260402P00015000,,,-297.0,-5197.5,-0.03,,,,,SLTY,2026-04-01,CAG,15.0,2026-04-02,Put,15.589900016784668,1.0,-0.03932666778564453,0.175,19553400.0,675000.0,27.0,,
CARR US 04/17/26 C60,CARR  260417C00060000,,CARR  260417C00060000,,,-98.0,-6860.0,-0.04,,,,,SLTY,2026-04-01,CARR,60.0,2026-04-17,Call,57.43000030517578,16.0,-0.04283332824707031,0.7,19553400.0,675000.0,27.0,,
CARR US 04/17/26 C65,CARR  260417C00065000,,CARR  260417C00065000,,,196.0,2450.0,0.01,,,,,SLTY,2026-04-01,CARR,65.0,2026-04-17,Call,57.43000030517578,16.0,-0.11646153376652645,0.125,19553400.0,675000.0,27.0,,
CARR US 04/17/26 P52.5,CARR  260417P00052500,,CARR  260417P00052500,,,-98.0,-8085.0,-0.04,,,,,SLTY,2026-04-01,CARR,52.5,2026-04-17,Put,57.43000030517578,16.0,-0.09390476771763392,0.825,19553400.0,675000.0,27.0,,
Carrier Global Corp,CARR,,14448C104,,,-9800.0,-551838.0,-2.82,,,,,SLTY,2026-04-01,,,,,,,,56.31,19553400.0,675000.0,27.0,,
Cash & Other,Cash&Other,,Cash&Other,,,17245716.0,17245716.15,88.2,,,,,SLTY,2026-04-01,,,,,,,,1.0,19553400.0,675000.0,27.0,,
Centene Corp,CNC,,15135B101,,,-16500.0,-540210.0,-2.76,,,,,SLTY,2026-04-01,,,,,,,,32.74,19553400.0,675000.0,27.0,,
Charter Communications Inc,CHTR,,16119P108,,,-3000.0,-647640.0,-3.31,,,,,SLTY,2026-04-01,,,,,,,,215.88,19553400.0,675000.0,27.0,,
Chipotle Mexican Grill Inc,CMG,,169656105,,,-20000.0,-640200.0,-3.27,,,,,SLTY,2026-04-01,,,,,,,,32.01,19553400.0,675000.0,27.0,,
CHTR US 04/02/26 C227.5,CHTR  260402C00227500,,CHTR  260402C00227500,,,-30.0,-1650.0,-0.01,,,,,SLTY,2026-04-01,CHTR,227.5,2026-04-02,Call,210.75100708007812,1.0,-0.07362194690075549,0.55,19553400.0,675000.0,27.0,,
CHTR US 04/02/26 C237.5,CHTR  260402C00237500,,CHTR  260402C00237500,,,60.0,3750.0,0.02,,,,,SLTY,2026-04-01,CHTR,237.5,2026-04-02,Call,210.75100708007812,1.0,-0.11262733861019737,0.625,19553400.0,675000.0,27.0,,
CHTR US 04/02/26 P207.5,CHTR  260402P00207500,,CHTR  260402P00207500,,,-30.0,-3675.0,-0.02,,,,,SLTY,2026-04-01,CHTR,207.5,2026-04-02,Put,210.75100708007812,1.0,-0.015667504000376507,1.225,19553400.0,675000.0,27.0,,
CMG US 04/02/26 C32,CMG   260402C00032000,,CMG   260402C00032000,,,-200.0,-8200.0,-0.04,,,,,SLTY,2026-04-01,CMG,32.0,2026-04-02,Call,32.41999816894531,1.0,0.013124942779541016,0.41,19553400.0,675000.0,27.0,,
CMG US 04/02/26 C35.5,CMG   260402C00035500,,CMG   260402C00035500,,,400.0,400.0,0.0,,,,,SLTY,2026-04-01,CMG,35.5,2026-04-02,Call,32.41999816894531,1.0,-0.08676061495928697,0.01,19553400.0,675000.0,27.0,,
CMG US 04/02/26 P30,CMG   260402P00030000,,CMG   260402P00030000,,,-200.0,-1400.0,-0.01,,,,,SLTY,2026-04-01,CMG,30.0,2026-04-02,Put,32.41999816894531,1.0,-0.08066660563151042,0.07,19553400.0,675000.0,27.0,,
CNC US 04/02/26 C33,CNC   260402C00033000,,CNC   260402C00033000,,,-165.0,-7755.0,-0.04,,,,,SLTY,2026-04-01,CNC,33.0,2026-04-02,Call,32.91999816894531,1.0,-0.002424297910748106,0.47,19553400.0,675000.0,27.0,,
CNC US 04/02/26 C35.5,CNC   260402C00035500,,CNC   260402C00035500,,,330.0,3960.0,0.02,,,,,SLTY,2026-04-01,CNC,35.5,2026-04-02,Call,32.91999816894531,1.0,-0.07267610791703345,0.12,19553400.0,675000.0,27.0,,
CNC US 04/02/26 P31,CNC   260402P00031000,,CNC   260402P00031000,,,-165.0,-2722.5,-0.01,,,,,SLTY,2026-04-01,CNC,31.0,2026-04-02,Put,32.91999816894531,1.0,-0.0619354248046875,0.165,19553400.0,675000.0,27.0,,
CONAGRA BRANDS INC,CAG,,205887102,,,-29700.0,-466884.0,-2.39,,,,,SLTY,2026-04-01,,,,,,,,15.72,19553400.0,675000.0,27.0,,
CRM US 04/02/26 C190,CRM   260402C00190000,,CRM   260402C00190000,,,-50.0,-6550.0,-0.03,,,,,SLTY,2026-04-01,CRM,190.0,2026-04-02,Call,184.35000610351562,1.0,-0.02973680998149671,1.31,19553400.0,675000.0,27.0,,
CRM US 04/02/26 C197.5,CRM   260402C00197500,,CRM   260402C00197500,,,100.0,2000.0,0.01,,,,,SLTY,2026-04-01,CRM,197.5,2026-04-02,Call,184.35000610351562,1.0,-0.06658224757713607,0.2,19553400.0,675000.0,27.0,,
CRM US 04/02/26 P175,CRM   260402P00175000,,CRM   260402P00175000,,,-50.0,-1625.0,-0.01,,,,,SLTY,2026-04-01,CRM,175.0,2026-04-02,Put,184.35000610351562,1.0,-0.05342860630580357,0.325,19553400.0,675000.0,27.0,,
DAL US 04/02/26 C67,DAL   260402C00067000,,DAL   260402C00067000,,,-120.0,-10800.0,-0.06,,,,,SLTY,2026-04-01,DAL,67.0,2026-04-02,Call,67.625,1.0,0.009328358208955223,0.9,19553400.0,675000.0,27.0,,
DAL US 04/02/26 C70,DAL   260402C00070000,,DAL   260402C00070000,,,120.0,1920.0,0.01,,,,,SLTY,2026-04-01,DAL,70.0,2026-04-02,Call,67.625,1.0,-0.033928571428571426,0.16,19553400.0,675000.0,27.0,,
DAL US 04/02/26 C72,DAL   260402C00072000,,DAL   260402C00072000,,,120.0,480.0,0.0,,,,,SLTY,2026-04-01,DAL,72.0,2026-04-02,Call,67.625,1.0,-0.06076388888888889,0.04,19553400.0,675000.0,27.0,,
DAL US 04/02/26 P65,DAL   260402P00065000,,DAL   260402P00065000,,,-120.0,-7200.0,-0.04,,,,,SLTY,2026-04-01,DAL,65.0,2026-04-02,Put,67.625,1.0,-0.04038461538461539,0.6,19553400.0,675000.0,27.0,,
Delta Air Lines Inc,DAL,,247361702,,,-12000.0,-797760.0,-4.08,,,,,SLTY,2026-04-01,,,,,,,,66.48,19553400.0,675000.0,27.0,,
EATON CO CLL OPT 04/26 360,ETN   260410C00360000,,ETN   260410C00360000,,,-15.0,-13575.0,-0.07,,,,,SLTY,2026-04-01,ETN,360.0,2026-04-10,Call,366.2799987792969,9.0,0.01744444105360243,9.05,19553400.0,675000.0,27.0,,
EATON CO CLL OPT 04/26 380,ETN   260410C00380000,,ETN   260410C00380000,,,30.0,5700.0,0.03,,,,,SLTY,2026-04-01,ETN,380.0,2026-04-10,Call,366.2799987792969,9.0,-0.03610526637027138,1.9,19553400.0,675000.0,27.0,,
Eaton Corp PLC,ETN,,G29183103,,,-1500.0,-536505.0,-2.74,,,,,SLTY,2026-04-01,,,,,,,,357.67,19553400.0,675000.0,27.0,,
ETN US 04/02/26 P355,ETN   260402P00355000,,ETN   260402P00355000,,,-15.0,-5085.0,-0.03,,,,,SLTY,2026-04-01,ETN,355.0,2026-04-02,Put,366.2799987792969,1.0,-0.03177464444872359,3.39,19553400.0,675000.0,27.0,,
Etsy Inc,ETSY,,29786A106,,,-13000.0,-649740.0,-3.32,,,,,SLTY,2026-04-01,,,,,,,,49.98,19553400.0,675000.0,27.0,,
ETSY US 04/02/26 C51,ETSY  260402C00051000,,ETSY  260402C00051000,,,-130.0,-7540.0,-0.04,,,,,SLTY,2026-04-01,ETSY,51.0,2026-04-02,Call,49.22999954223633,1.0,-0.034705891328699445,0.58,19553400.0,675000.0,27.0,,
ETSY US 04/02/26 C54,ETSY  260402C00054000,,ETSY  260402C00054000,,,260.0,3250.0,0.02,,,,,SLTY,2026-04-01,ETSY,54.0,2026-04-02,Call,49.22999954223633,1.0,-0.08833334181043836,0.125,19553400.0,675000.0,27.0,,
ETSY US 04/02/26 P45.5,ETSY  260402P00045500,,ETSY  260402P00045500,,,-130.0,-2470.0,-0.01,,,,,SLTY,2026-04-01,ETSY,45.5,2026-04-02,Put,49.22999954223633,1.0,-0.08197801191728193,0.19,19553400.0,675000.0,27.0,,
First American Government Obligations Fund 12/01/2031,FGXXX,,31846V336,,,5046573.0,5046573.2,25.81,,,,,SLTY,2026-04-01,,,,,,,,100.0,19553400.0,675000.0,27.0,,
GameStop Corp,GME,,36467W109,,,-40000.0,-921600.0,-4.71,,,,,SLTY,2026-04-01,,,,,,,,23.04,19553400.0,675000.0,27.0,,
GME US 04/02/26 C23.5,GME   260402C00023500,,GME   260402C00023500,,,-400.0,-4400.0,-0.02,,,,,SLTY,2026-04-01,GME,23.5,2026-04-02,Call,23.180299758911133,1.0,-0.013604265578249668,0.11,19553400.0,675000.0,27.0,,
GME US 04/02/26 C25,GME   260402C00025000,,GME   260402C00025000,,,800.0,2000.0,0.01,,,,,SLTY,2026-04-01,GME,25.0,2026-04-02,Call,23.180299758911133,1.0,-0.07278800964355468,0.025,19553400.0,675000.0,27.0,,
GME US 04/02/26 P21.5,GME   260402P00021500,,GME   260402P00021500,,,-400.0,-1000.0,-0.01,,,,,SLTY,2026-04-01,GME,21.5,2026-04-02,Put,23.180299758911133,1.0,-0.07815347715865734,0.025,19553400.0,675000.0,27.0,,
INVESCO  CLL OPT 04/26 587,QQQ   260410C00587000,,QQQ   260410C00587000,,,-4.0,-2002.0,-0.01,,,,,SLTY,2026-04-01,QQQ,587.0,2026-04-10,Call,581.8200073242188,9.0,-0.008824519038809625,5.005,19553400.0,675000.0,27.0,,
INVESCO  CLL OPT 04/26 602,QQQ   260410C00602000,,QQQ   260410C00602000,,,8.0,704.0,0.0,,,,,SLTY,2026-04-01,QQQ,602.0,2026-04-10,Call,581.8200073242188,9.0,-0.03352158251790905,0.88,19553400.0,675000.0,27.0,,
INVESCO  PUT OPT 04/26 559,QQQ   260410P00559000,,QQQ   260410P00559000,,,-4.0,-1550.0,-0.01,,,,,SLTY,2026-04-01,QQQ,559.0,2026-04-10,Put,581.8200073242188,9.0,-0.04082291113455948,3.875,19553400.0,675000.0,27.0,,
Invesco QQQ Trust Series 1,QQQ,,46090E103,,,-1700.0,-981206.0,-5.02,,,,,SLTY,2026-04-01,,,,,,,,577.18,19553400.0,675000.0,27.0,,
KKR & Co Inc,KKR,,48251W104,,,-9200.0,-851000.0,-4.35,,,,,SLTY,2026-04-01,,,,,,,,92.5,19553400.0,675000.0,27.0,,
KKR US 04/02/26 C92,KKR   260402C00092000,,KKR   260402C00092000,,,-92.0,-17020.0,-0.09,,,,,SLTY,2026-04-01,KKR,92.0,2026-04-02,Call,90.98999786376953,1.0,-0.010978284089461617,1.85,19553400.0,675000.0,27.0,,
KKR US 04/02/26 C97,KKR   260402C00097000,,KKR   260402C00097000,,,184.0,4140.0,0.02,,,,,SLTY,2026-04-01,KKR,97.0,2026-04-02,Call,90.98999786376953,1.0,-0.06195878490959246,0.225,19553400.0,675000.0,27.0,,
KKR US 04/02/26 P85,KKR   260402P00085000,,KKR   260402P00085000,,,-92.0,-3910.0,-0.02,,,,,SLTY,2026-04-01,KKR,85.0,2026-04-02,Put,90.98999786376953,1.0,-0.07047056310317096,0.425,19553400.0,675000.0,27.0,,
LEN US 04/02/26 P87,LEN   260402P00087000,,LEN   260402P00087000,,,-85.0,-12112.5,-0.06,,,,,SLTY,2026-04-01,LEN,87.0,2026-04-02,Put,86.53500366210938,1.0,0.00534478549299569,1.425,19553400.0,675000.0,27.0,,
LENNAR C CLL OPT 04/26 88,LEN   260410C00088000,,LEN   260410C00088000,,,-85.0,-17850.0,-0.09,,,,,SLTY,2026-04-01,LEN,88.0,2026-04-10,Call,86.53500366210938,9.0,-0.01664768565784801,2.1,19553400.0,675000.0,27.0,,
LENNAR C CLL OPT 04/26 93,LEN   260410C00093000,,LEN   260410C00093000,,,170.0,10200.0,0.05,,,,,SLTY,2026-04-01,LEN,93.0,2026-04-10,Call,86.53500366210938,9.0,-0.0695160896547379,0.6,19553400.0,675000.0,27.0,,
Lennar Corp,LEN,,526057104,,,-8500.0,-738140.0,-3.77,,,,,SLTY,2026-04-01,,,,,,,,86.84,19553400.0,675000.0,27.0,,
Live Nation Entertainment Inc,LYV,,538034109,,,-4200.0,-640542.0,-3.28,,,,,SLTY,2026-04-01,,,,,,,,152.51,19553400.0,675000.0,27.0,,
LYV US 04/02/26 C155,LYV   260402C00155000,,LYV   260402C00155000,,,-42.0,-3885.0,-0.02,,,,,SLTY,2026-04-01,LYV,155.0,2026-04-02,Call,152.64500427246094,1.0,-0.015193520822832662,0.925,19553400.0,675000.0,27.0,,
LYV US 04/02/26 C162.5,LYV   260402C00162500,,LYV   260402C00162500,,,84.0,3990.0,0.02,,,,,SLTY,2026-04-01,LYV,162.5,2026-04-02,Call,152.64500427246094,1.0,-0.06064612755408654,0.475,19553400.0,675000.0,27.0,,
LYV US 04/02/26 P145,LYV   260402P00145000,,LYV   260402P00145000,,,-42.0,-1785.0,-0.01,,,,,SLTY,2026-04-01,LYV,145.0,2026-04-02,Put,152.64500427246094,1.0,-0.05272416739628233,0.425,19553400.0,675000.0,27.0,,
Marathon Petroleum Corp,MPC,,56585A102,,,-2200.0,-537196.0,-2.75,,,,,SLTY,2026-04-01,,,,,,,,244.18,19553400.0,675000.0,27.0,,
MPC US 04/17/26 C250,MPC   260417C00250000,,MPC   260417C00250000,,,-22.0,-12980.0,-0.07,,,,,SLTY,2026-04-01,MPC,250.0,2026-04-17,Call,235.3300018310547,16.0,-0.05867999267578125,5.9,19553400.0,675000.0,27.0,,
MPC US 04/17/26 C270,MPC   260417C00270000,,MPC   260417C00270000,,,44.0,5830.0,0.03,,,,,SLTY,2026-04-01,MPC,270.0,2026-04-17,Call,235.3300018310547,16.0,-0.12840740062572337,1.325,19553400.0,675000.0,27.0,,
MPC US 04/17/26 P230,MPC   260417P00230000,,MPC   260417P00230000,,,-22.0,-6985.0,-0.04,,,,,SLTY,2026-04-01,MPC,230.0,2026-04-17,Put,235.3300018310547,16.0,-0.0231739210045856,3.175,19553400.0,675000.0,27.0,,
NIKE Inc,NKE,,654106103,,,-18200.0,-961324.0,-4.92,,,,,SLTY,2026-04-01,,,,,,,,52.82,19553400.0,675000.0,27.0,,
NKE US 04/02/26 C54,NKE   260402C00054000,,NKE   260402C00054000,,,-182.0,-30394.0,-0.16,,,,,SLTY,2026-04-01,NKE,54.0,2026-04-02,Call,45.929901123046875,1.0,-0.14944627549913195,1.67,19553400.0,675000.0,27.0,,
NKE US 04/02/26 C57,NKE   260402C00057000,,NKE   260402C00057000,,,364.0,26026.0,0.13,,,,,SLTY,2026-04-01,NKE,57.0,2026-04-02,Call,45.929901123046875,1.0,-0.19421226099917763,0.715,19553400.0,675000.0,27.0,,
NKE US 04/02/26 P49.5,NKE   260402P00049500,,NKE   260402P00049500,,,-182.0,-14287.0,-0.07,,,,,SLTY,2026-04-01,NKE,49.5,2026-04-02,Put,45.929901123046875,1.0,0.07212320963541667,0.785,19553400.0,675000.0,27.0,,
Oklo Inc,OKLO,,02156V109,,,-16000.0,-793440.0,-4.06,,,,,SLTY,2026-04-01,,,,,,,,49.59,19553400.0,675000.0,27.0,,
OKLO US 04/02/26 C57,OKLO  260402C00057000,,OKLO  260402C00057000,,,160.0,1280.0,0.01,,,,,SLTY,2026-04-01,OKLO,57.0,2026-04-02,Call,50.61000061035156,1.0,-0.11210525244997259,0.08,19553400.0,675000.0,27.0,,
OKLO US 04/02/26 P49,OKLO  260402P00049000,,OKLO  260402P00049000,,,-160.0,-19600.0,-0.1,,,,,SLTY,2026-04-01,OKLO,49.0,2026-04-02,Put,50.61000061035156,1.0,-0.03285715531329719,1.225,19553400.0,675000.0,27.0,,
QQQ US 04/02/26 C580,QQQ   260402C00580000,,QQQ   260402C00580000,,,-13.0,-4199.0,-0.02,,,,,SLTY,2026-04-01,QQQ,580.0,2026-04-02,Call,581.8200073242188,1.0,0.0031379436624461208,3.23,19553400.0,675000.0,27.0,,
QQQ US 04/02/26 C603,QQQ   260402C00603000,,QQQ   260402C00603000,,,26.0,117.0,0.0,,,,,SLTY,2026-04-01,QQQ,603.0,2026-04-02,Call,581.8200073242188,1.0,-0.035124365963152986,0.045,19553400.0,675000.0,27.0,,
QQQ US 04/02/26 P554,QQQ   260402P00554000,,QQQ   260402P00554000,,,-13.0,-325.0,0.0,,,,,SLTY,2026-04-01,QQQ,554.0,2026-04-02,Put,581.8200073242188,1.0,-0.05021661971880641,0.25,19553400.0,675000.0,27.0,,
RCL US 04/02/26 C270,RCL   260402C00270000,,RCL   260402C00270000,,,-33.0,-25987.5,-0.13,,,,,SLTY,2026-04-01,RCL,270.0,2026-04-02,Call,280.17999267578125,1.0,0.03770367657696759,7.875,19553400.0,675000.0,27.0,,
RCL US 04/02/26 C282.5,RCL   260402C00282500,,RCL   260402C00282500,,,33.0,7656.0,0.04,,,,,SLTY,2026-04-01,RCL,282.5,2026-04-02,Call,280.17999267578125,1.0,-0.008212415306969027,2.32,19553400.0,675000.0,27.0,,
RH,RH,,74967X103,,,-6000.0,-838920.0,-4.29,,,,,SLTY,2026-04-01,,,,,,,,139.82,19553400.0,675000.0,27.0,,
RH US 04/02/26 C138,RH    260402C00138000,,RH    260402C00138000,,,-60.0,-63000.0,-0.32,,,,,SLTY,2026-04-01,RH,138.0,2026-04-02,Call,113.13009643554688,1.0,-0.18021669249603714,10.5,19553400.0,675000.0,27.0,,
RH US 04/02/26 C145,RH    260402C00145000,,RH    260402C00145000,,,120.0,87000.0,0.44,,,,,SLTY,2026-04-01,RH,145.0,2026-04-02,Call,113.13009643554688,1.0,-0.2197924383755388,7.25,19553400.0,675000.0,27.0,,
RH US 04/02/26 P125,RH    260402P00125000,,RH    260402P00125000,,,-60.0,-18450.0,-0.09,,,,,SLTY,2026-04-01,RH,125.0,2026-04-02,Put,113.13009643554688,1.0,0.094959228515625,3.075,19553400.0,675000.0,27.0,,
RKLB US 04/02/26 C68,RKLB  260402C00068000,,RKLB  260402C00068000,,,85.0,5270.0,0.03,,,,,SLTY,2026-04-01,RKLB,68.0,2026-04-02,Call,65.91999816894531,1.0,-0.030588262221392465,0.62,19553400.0,675000.0,27.0,,
RKLB US 04/02/26 P59,RKLB  260402P00059000,,RKLB  260402P00059000,,,-85.0,-3315.0,-0.02,,,,,SLTY,2026-04-01,RKLB,59.0,2026-04-02,Put,65.91999816894531,1.0,-0.11728810455839513,0.39,19553400.0,675000.0,27.0,,
Rocket Lab Corp,RKLB,,773121108,,,-8500.0,-545870.0,-2.79,,,,,SLTY,2026-04-01,,,,,,,,64.22,19553400.0,675000.0,27.0,,
ROYAL CA CLL OPT 04/26 297.500,RCL   260410C00297500,,RCL   260410C00297500,,,33.0,8844.0,0.05,,,,,SLTY,2026-04-01,RCL,297.5,2026-04-10,Call,280.17999267578125,9.0,-0.05821851201418067,2.68,19553400.0,675000.0,27.0,,
ROYAL CA PUT OPT 04/26 260,RCL   260410P00260000,,RCL   260410P00260000,,,-33.0,-15015.0,-0.08,,,,,SLTY,2026-04-01,RCL,260.0,2026-04-10,Put,280.17999267578125,9.0,-0.0776153564453125,4.55,19553400.0,675000.0,27.0,,
Royal Caribbean Cruises Ltd,RCL,,V7780T103,,,-3300.0,-908094.0,-4.64,,,,,SLTY,2026-04-01,,,,,,,,275.18,19553400.0,675000.0,27.0,,
Salesforce Inc,CRM,,79466L302,,,-5000.0,-933350.0,-4.77,,,,,SLTY,2026-04-01,,,,,,,,186.67,19553400.0,675000.0,27.0,,
SBUX US 04/02/26 C89,SBUX  260402C00089000,,SBUX  260402C00089000,,,-82.0,-11644.0,-0.06,,,,,SLTY,2026-04-01,SBUX,89.0,2026-04-02,Call,90.56999969482422,1.0,0.017640446009260884,1.42,19553400.0,675000.0,27.0,,
SBUX US 04/02/26 C96,SBUX  260402C00096000,,SBUX  260402C00096000,,,164.0,492.0,0.0,,,,,SLTY,2026-04-01,SBUX,96.0,2026-04-02,Call,90.56999969482422,1.0,-0.05656250317891439,0.03,19553400.0,675000.0,27.0,,
SBUX US 04/02/26 P84,SBUX  260402P00084000,,SBUX  260402P00084000,,,-82.0,-1025.0,-0.01,,,,,SLTY,2026-04-01,SBUX,84.0,2026-04-02,Put,90.56999969482422,1.0,-0.0782142820812407,0.125,19553400.0,675000.0,27.0,,
Starbucks Corp,SBUX,,855244109,,,-8200.0,-734638.0,-3.76,,,,,SLTY,2026-04-01,,,,,,,,89.59,19553400.0,675000.0,27.0,,
T-Mobile US Inc,TMUS,,872590104,,,-2500.0,-525075.0,-2.69,,,,,SLTY,2026-04-01,,,,,,,,210.03,19553400.0,675000.0,27.0,,
Target Corp,TGT,,87612E106,,,-6900.0,-836280.0,-4.28,,,,,SLTY,2026-04-01,,,,,,,,121.2,19553400.0,675000.0,27.0,,
Tesla Inc,TSLA,,88160R101,,,-1400.0,-520450.0,-2.66,,,,,SLTY,2026-04-01,,,,,,,,371.75,19553400.0,675000.0,27.0,,
TGT US 04/02/26 C125,TGT   260402C00125000,,TGT   260402C00125000,,,-69.0,-1483.5,-0.01,,,,,SLTY,2026-04-01,TGT,125.0,2026-04-02,Call,121.91999816894531,1.0,-0.0246400146484375,0.215,19553400.0,675000.0,27.0,,
TGT US 04/02/26 C130,TGT   260402C00130000,,TGT   260402C00130000,,,138.0,276.0,0.0,,,,,SLTY,2026-04-01,TGT,130.0,2026-04-02,Call,121.91999816894531,1.0,-0.06215386023888221,0.02,19553400.0,675000.0,27.0,,
TGT US 04/02/26 P116,TGT   260402P00116000,,TGT   260402P00116000,,,-69.0,-1725.0,-0.01,,,,,SLTY,2026-04-01,TGT,116.0,2026-04-02,Put,121.91999816894531,1.0,-0.05103446697366649,0.25,19553400.0,675000.0,27.0,,
TMUS US 04/02/26 C217.5,TMUS  260402C00217500,,TMUS  260402C00217500,,,-25.0,-812.5,0.0,,,,,SLTY,2026-04-01,TMUS,217.5,2026-04-02,Call,204.0399932861328,1.0,-0.061885088339619254,0.325,19553400.0,675000.0,27.0,,
TMUS US 04/02/26 C230,TMUS  260402C00230000,,TMUS  260402C00230000,,,50.0,525.0,0.0,,,,,SLTY,2026-04-01,TMUS,230.0,2026-04-02,Call,204.0399932861328,1.0,-0.11286959440811821,0.105,19553400.0,675000.0,27.0,,
TMUS US 04/02/26 P205,TMUS  260402P00205000,,TMUS  260402P00205000,,,-25.0,-1812.5,-0.01,,,,,SLTY,2026-04-01,TMUS,205.0,2026-04-02,Put,204.0399932861328,1.0,0.004682959579839939,0.725,19553400.0,675000.0,27.0,,
TSLA US 04/02/26 C375,TSLA  260402C00375000,,TSLA  260402C00375000,,,-14.0,-5600.0,-0.03,,,,,SLTY,2026-04-01,TSLA,375.0,2026-04-02,Call,375.0799865722656,1.0,0.00021329752604166668,4.0,19553400.0,675000.0,27.0,,
TSLA US 04/02/26 C387.5,TSLA  260402C00387500,,TSLA  260402C00387500,,,28.0,2184.0,0.01,,,,,SLTY,2026-04-01,TSLA,387.5,2026-04-02,Call,375.0799865722656,1.0,-0.03205164755544355,0.78,19553400.0,675000.0,27.0,,
TSLA US 04/02/26 P372.5,TSLA  260402P00372500,,TSLA  260402P00372500,,,-14.0,-8050.0,-0.04,,,,,SLTY,2026-04-01,TSLA,372.5,2026-04-02,Put,375.0799865722656,1.0,-0.006926138449035235,5.75,19553400.0,675000.0,27.0,,
UNITED S PUT OPT 04/26 123,USO   260410P00123000,,USO   260410P00123000,,,-75.0,-43312.5,-0.22,,,,,SLTY,2026-04-01,USO,123.0,2026-04-10,Put,123.19499969482422,9.0,-0.0015853633725546239,5.775,19553400.0,675000.0,27.0,,
United States Oil Fund LP,USO,,91232N207,,,-7500.0,-954375.0,-4.88,,,,,SLTY,2026-04-01,,,,,,,,127.25,19553400.0,675000.0,27.0,,
United States Treasury Bill 06/11/2026,912797QX8,,912797QX8,,,1500000.0,1489361.84,7.62,,,,,SLTY,2026-04-01,,,,,,,,99.290789,19553400.0,675000.0,27.0,,
United States Treasury Bill 07/09/2026,912797RF6,,912797RF6,,,5467000.0,5412863.14,27.68,,,,,SLTY,2026-04-01,,,,,,,,99.009752,19553400.0,675000.0,27.0,,
United States Treasury Bill 08/06/2026,912797RG4,,912797RG4,,,5485000.0,5415767.51,27.7,,,,,SLTY,2026-04-01,,,,,,,,98.737785,19553400.0,675000.0,27.0,,
United States Treasury Bill 09/03/2026,912797RS8,,912797RS8,,,4096000.0,4032877.49,20.62,,,,,SLTY,2026-04-01,,,,,,,,98.458923,19553400.0,675000.0,27.0,,
USO US 04/02/26 C127,USO   260402C00127000,,USO   260402C00127000,,,-75.0,-27750.0,-0.14,,,,,SLTY,2026-04-01,USO,127.0,2026-04-02,Call,123.19499969482422,1.0,-0.02996063232421875,3.7,19553400.0,675000.0,27.0,,
USO US 04/02/26 C131,USO   260402C00131000,,USO   260402C00131000,,,150.0,30300.0,0.15,,,,,SLTY,2026-04-01,USO,131.0,2026-04-02,Call,123.19499969482422,1.0,-0.05958015500134184,2.02,19553400.0,675000.0,27.0,,
Zoetis Inc,ZTS,,98978V103,,,-6300.0,-744723.0,-3.81,,,,,SLTY,2026-04-01,,,,,,,,118.21,19553400.0,675000.0,27.0,,
ZTS US 04/17/26 C120,ZTS   260417C00120000,,ZTS   260417C00120000,,,-63.0,-15120.0,-0.08,,,,,SLTY,2026-04-01,ZTS,120.0,2026-04-17,Call,117.90499877929688,16.0,-0.017458343505859376,2.4,19553400.0,675000.0,27.0,,
ZTS US 04/17/26 C135,ZTS   260417C00135000,,ZTS   260417C00135000,,,126.0,945.0,0.0,,,,,SLTY,2026-04-01,ZTS,135.0,2026-04-17,Call,117.90499877929688,16.0,-0.126629638671875,0.075,19553400.0,675000.0,27.0,,
ZTS US 04/17/26 P115,ZTS   260417P00115000,,ZTS   260417P00115000,,,-63.0,-12600.0,-0.06,,,,,SLTY,2026-04-01,ZTS,115.0,2026-04-17,Put,117.90499877929688,16.0,-0.025260858950407607,2.0,19553400.0,675000.0,27.0,,
FIRST AMERICAN GOVERNMENT OBLI FIRST AM GOV OBLIG X,FGXXX,,31846V336,,,1063849.0,1063849.32,7.39,,,,,ULTI,2026-04-01,,,,,,,,,,,,,
FIREFLY AEROSPACE INC,FLY,,31816X106,,,29400.0,837018.0,5.82,,,,,ULTI,2026-04-01,,,,,,,,,,,,,
LUMENTUM HOLDINGS INC,LITE,,55024U109,,,1100.0,773036.0,5.37,,,,,ULTI,2026-04-01,,,,,,,,,,,,,
AFFIRM HOLDINGS INC CLASS A,AFRM,,00827B106,,,16700.0,765194.0,5.32,,,,,ULTI,2026-04-01,,,,,,,,,,,,,
Fastly Inc. Class A,FSLY,,31188V100,,,25800.0,749748.0,5.21,,,,,ULTI,2026-04-01,,,,,,,,,,,,,
AST SPACEMOBILE INC CLASS A,ASTS,,00217D100,,,8900.0,737543.0,5.13,,,,,ULTI,2026-04-01,,,,,,,,,,,,,
Unusual Machines Inc /US,UMAC,,91532F102,,,58900.0,730360.0,5.08,,,,,ULTI,2026-04-01,,,,,,,,,,,,,
INTUITIVE MACHINES INC COMMON STOCK USD.0001,LUNR,,46125A100,,,39300.0,729408.0,5.07,,,,,ULTI,2026-04-01,,,,,,,,,,,,,
Nebius Group NV,NBIS,,N97284108,,,7000.0,726320.0,5.05,,,,,ULTI,2026-04-01,,,,,,,,,,,,,
Upstart Holdings Inc.,UPST,,91680M107,,,28300.0,725895.0,5.05,,,,,ULTI,2026-04-01,,,,,,,,,,,,,
Lemonade Inc.,LMND,,52567D107,,,11600.0,727088.0,5.05,,,,,ULTI,2026-04-01,,,,,,,,,,,,,
RED CAT HOLDINGS INC,RCAT,,75644T100,,,55300.0,723877.0,5.03,,,,,ULTI,2026-04-01,,,,,,,,,,,,,
APPLIED DIGITAL CORP COMMON STOCK USD 0.001,APLD,,038169207,,,29800.0,707452.0,4.92,,,,,ULTI,2026-04-01,,,,,,,,,,,,,
BABCOCK & WILCOX ENTERPR,BW,,05614L209,,,47900.0,703651.0,4.89,,,,,ULTI,2026-04-01,,,,,,,,,,,,,
SOLAREDGE TECHNOLOGIES INC,SEDG,,83417M104,,,13700.0,699385.0,4.86,,,,,ULTI,2026-04-01,,,,,,,,,,,,,
COHERENT CORP,COHR,,19247G107,,,2900.0,690809.0,4.8,,,,,ULTI,2026-04-01,,,,,,,,,,,,,
TERAWULF INC,WULF,,88080T104,,,47800.0,689754.0,4.79,,,,,ULTI,2026-04-01,,,,,,,,,,,,,
VENTURE GLOBAL INC CL A COMMON STOCK USD.01,VG,,92333F101,,,41300.0,650888.0,4.52,,,,,ULTI,2026-04-01,,,,,,,,,,,,,
SABLE OFFSHORE CORP COMMON STOCK USD.0001,SOC,,78574H104,,,38600.0,637672.0,4.43,,,,,ULTI,2026-04-01,,,,,,,,,,,,,
PLANET LABS PBC,PL,,72703X106,,,22600.0,631670.0,4.39,,,,,ULTI,2026-04-01,,,,,,,,,,,,,
APPLIED OPTOELECTRONICS INC,AAOI,,03823U102,,,7300.0,617507.0,4.29,,,,,ULTI,2026-04-01,,,,,,,,,,,,,
FLY US 04/02/26 C27,FLY   260402C00027000,,,,,294.0,58800.0,0.41,,,,,ULTI,2026-04-01,FLY,27.0,2026-04-02,Call,,1.0,,,,,,,
VG US 04/02/26 P15.5,VG    260402P00015500,,,,,826.0,33040.0,0.23,,,,,ULTI,2026-04-01,VG,15.5,2026-04-02,Put,15.045000076293945,1.0,0.0293548337874874,,,,,,
SABLE OF PUT OPT 04/26 15.500,SOC   260402P00015500,,,,,772.0,26248.0,0.18,,,,,ULTI,2026-04-01,SOC,15.5,2026-04-02,Put,,1.0,,,,,,,
AAOI US 04/02/26 P78,AAOI  260402P00078000,,,,,146.0,21170.0,0.15,,,,,ULTI,2026-04-01,AAOI,78.0,2026-04-02,Put,,1.0,,,,,,,
AFRM US 04/02/26 C46,AFRM  260402C00046000,,,,,167.0,18203.0,0.13,,,,,ULTI,2026-04-01,AFRM,46.0,2026-04-02,Call,,1.0,,,,,,,
UMAC US 04/02/26 P10.5,UMAC  260402P00010500,,,,,1178.0,17670.0,0.12,,,,,ULTI,2026-04-01,UMAC,10.5,2026-04-02,Put,,1.0,,,,,,,
WULF US 04/02/26 P13,WULF  260402P00013000,,,,,956.0,9560.0,0.07,,,,,ULTI,2026-04-01,WULF,13.0,2026-04-02,Put,14.800000190734863,1.0,-0.13846155313345102,,,,,,
RCAT US 04/02/26 C14,RCAT  260402C00014000,,,,,553.0,9954.0,0.07,,,,,ULTI,2026-04-01,RCAT,14.0,2026-04-02,Call,,1.0,,,,,,,
SEDG US 04/02/26 P47,SEDG  260402P00047000,,,,,274.0,10686.0,0.07,,,,,ULTI,2026-04-01,SEDG,47.0,2026-04-02,Put,51.56010055541992,1.0,-0.0970234160727643,,,,,,
PL US 04/02/26 P26,PL    260402P00026000,,,,,452.0,9040.0,0.06,,,,,ULTI,2026-04-01,PL,26.0,2026-04-02,Put,,1.0,,,,,,,
LITE US 04/02/26 P630,LITE  260402P00630000,,,,,22.0,7920.0,0.06,,,,,ULTI,2026-04-01,LITE,630.0,2026-04-02,Put,,1.0,,,,,,,
ASTS US 04/02/26 C89,ASTS  260402C00089000,,,,,89.0,6853.0,0.05,,,,,ULTI,2026-04-01,ASTS,89.0,2026-04-02,Call,,1.0,,,,,,,
APLD US 04/02/26 P21,APLD  260402P00021000,,,,,596.0,7152.0,0.05,,,,,ULTI,2026-04-01,APLD,21.0,2026-04-02,Put,24.959999084472656,1.0,-0.1885713849748884,,,,,,
LUNR US 04/02/26 C20.5,LUNR  260402C00020500,,,,,393.0,7860.0,0.05,,,,,ULTI,2026-04-01,LUNR,20.5,2026-04-02,Call,,1.0,,,,,,,
BW US 04/02/26 C17,BW    260402C00017000,,,,,479.0,7185.0,0.05,,,,,ULTI,2026-04-01,BW,17.0,2026-04-02,Call,15.270000457763672,1.0,-0.10176467895507812,,,,,,
NBIS US 04/02/26 C110,NBIS  260402C00110000,,,,,70.0,5600.0,0.04,,,,,ULTI,2026-04-01,NBIS,110.0,2026-04-02,Call,,1.0,,,,,,,
FSLY US 04/02/26 C30.5,FSLY  260402C00030500,,,,,258.0,5160.0,0.04,,,,,ULTI,2026-04-01,FSLY,30.5,2026-04-02,Call,30.854999542236328,1.0,0.011639329253650103,,,,,,
FSLY US 04/02/26 P24.5,FSLY  260402P00024500,,,,,516.0,5160.0,0.04,,,,,ULTI,2026-04-01,FSLY,24.5,2026-04-02,Put,30.854999542236328,1.0,-0.2593877364178093,,,,,,
COHR US 04/02/26 P207.5,COHR  260402P00207500,,,,,58.0,5046.0,0.04,,,,,ULTI,2026-04-01,COHR,207.5,2026-04-02,Put,,1.0,,,,,,,
LUNR US 04/02/26 P15.5,LUNR  260402P00015500,,,,,786.0,6288.0,0.04,,,,,ULTI,2026-04-01,LUNR,15.5,2026-04-02,Put,,1.0,,,,,,,
UMAC US 04/02/26 C13.5,UMAC  260402C00013500,,,,,589.0,5890.0,0.04,,,,,ULTI,2026-04-01,UMAC,13.5,2026-04-02,Call,,1.0,,,,,,,
RCAT US 04/02/26 P11,RCAT  260402P00011000,,,,,1106.0,5530.0,0.04,,,,,ULTI,2026-04-01,RCAT,11.0,2026-04-02,Put,,1.0,,,,,,,
LMND US 04/02/26 C66,LMND  260402C00066000,,,,,116.0,5800.0,0.04,,,,,ULTI,2026-04-01,LMND,66.0,2026-04-02,Call,,1.0,,,,,,,
NBIS US 04/02/26 P92,NBIS  260402P00092000,,,,,140.0,4340.0,0.03,,,,,ULTI,2026-04-01,NBIS,92.0,2026-04-02,Put,,1.0,,,,,,,
UPST US 04/02/26 C27,UPST  260402C00027000,,,,,283.0,4811.0,0.03,,,,,ULTI,2026-04-01,UPST,27.0,2026-04-02,Call,,1.0,,,,,,,
WULF US 04/02/26 C16,WULF  260402C00016000,,,,,478.0,3824.0,0.03,,,,,ULTI,2026-04-01,WULF,16.0,2026-04-02,Call,14.800000190734863,1.0,-0.07499998807907104,,,,,,
LITE US 04/02/26 C770,LITE  260402C00770000,,,,,11.0,3740.0,0.03,,,,,ULTI,2026-04-01,LITE,770.0,2026-04-02,Call,,1.0,,,,,,,
APLD US 04/02/26 C26,APLD  260402C00026000,,,,,298.0,4470.0,0.03,,,,,ULTI,2026-04-01,APLD,26.0,2026-04-02,Call,24.959999084472656,1.0,-0.04000003521259014,,,,,,
SOC US 04/02/26 C20.5,SOC   260402C00020500,,,,,386.0,3860.0,0.03,,,,,ULTI,2026-04-01,SOC,20.5,2026-04-02,Call,,1.0,,,,,,,
ASTS US 04/02/26 P71,ASTS  260402P00071000,,,,,178.0,3738.0,0.03,,,,,ULTI,2026-04-01,ASTS,71.0,2026-04-02,Put,,1.0,,,,,,,
BW US 04/02/26 P12,BW    260402P00012000,,,,,958.0,4790.0,0.03,,,,,ULTI,2026-04-01,BW,12.0,2026-04-02,Put,15.270000457763672,1.0,-0.27250003814697266,,,,,,
LMND US 04/02/26 P56,LMND  260402P00056000,,,,,116.0,2320.0,0.02,,,,,ULTI,2026-04-01,LMND,56.0,2026-04-02,Put,,1.0,,,,,,,
SEDG US 04/02/26 C57,SEDG  260402C00057000,,,,,137.0,2466.0,0.02,,,,,ULTI,2026-04-01,SEDG,57.0,2026-04-02,Call,51.56010055541992,1.0,-0.095436832361054,,,,,,
VG US 04/02/26 C18.5,VG    260402C00018500,,,,,413.0,2065.0,0.01,,,,,ULTI,2026-04-01,VG,18.5,2026-04-02,Call,15.045000076293945,1.0,-0.1867567526327597,,,,,,
UPST US 04/02/26 P23,UPST  260402P00023000,,,,,283.0,1981.0,0.01,,,,,ULTI,2026-04-01,UPST,23.0,2026-04-02,Put,,1.0,,,,,,,
AAOI US 04/02/26 C110,AAOI  260402C00110000,,,,,73.0,730.0,0.01,,,,,ULTI,2026-04-01,AAOI,110.0,2026-04-02,Call,,1.0,,,,,,,
COHR US 04/02/26 C267.5,COHR  260402C00267500,,,,,29.0,725.0,0.01,,,,,ULTI,2026-04-01,COHR,267.5,2026-04-02,Call,,1.0,,,,,,,
AFRM US 04/02/26 P39,AFRM  260402P00039000,,,,,167.0,835.0,0.01,,,,,ULTI,2026-04-01,AFRM,39.0,2026-04-02,Put,,1.0,,,,,,,
PL US 04/02/26 C35,PL    260402C00035000,,,,,226.0,226.0,0.0,,,,,ULTI,2026-04-01,PL,35.0,2026-04-02,Call,,1.0,,,,,,,
FLY US 04/02/26 P21,FLY   260402P00021000,,,,,294.0,588.0,0.0,,,,,ULTI,2026-04-01,FLY,21.0,2026-04-02,Put,,1.0,,,,,,,
PL US 04/02/26 C31,PL    260402C00031000,,,,,-226.0,-4068.0,-0.03,,,,,ULTI,2026-04-01,PL,31.0,2026-04-02,Call,,1.0,,,,,,,
VG US 04/02/26 C17,VG    260402C00017000,,,,,-413.0,-6195.0,-0.04,,,,,ULTI,2026-04-01,VG,17.0,2026-04-02,Call,15.045000076293945,1.0,-0.11499999551212087,,,,,,
FSLY US 04/02/26 P27.5,FSLY  260402P00027500,,,,,-258.0,-13416.0,-0.09,,,,,ULTI,2026-04-01,FSLY,27.5,2026-04-02,Put,30.854999542236328,1.0,-0.1219999833540483,,,,,,
NBIS US 04/02/26 P101,NBIS  260402P00101000,,,,,-70.0,-13160.0,-0.09,,,,,ULTI,2026-04-01,NBIS,101.0,2026-04-02,Put,,1.0,,,,,,,
ASTS US 04/02/26 P80,ASTS  260402P00080000,,,,,-89.0,-13706.0,-0.1,,,,,ULTI,2026-04-01,ASTS,80.0,2026-04-02,Put,,1.0,,,,,,,
COHR US 04/02/26 C242.5,COHR  260402C00242500,,,,,-29.0,-14123.0,-0.1,,,,,ULTI,2026-04-01,COHR,242.5,2026-04-02,Call,,1.0,,,,,,,
SEDG US 04/02/26 C52,SEDG  260402C00052000,,,,,-137.0,-16166.0,-0.11,,,,,ULTI,2026-04-01,SEDG,52.0,2026-04-02,Call,51.56010055541992,1.0,-0.00845960470346304,,,,,,
RCAT US 04/02/26 P12.5,RCAT  260402P00012500,,,,,-553.0,-16590.0,-0.12,,,,,ULTI,2026-04-01,RCAT,12.5,2026-04-02,Put,,1.0,,,,,,,
LUNR US 04/02/26 P18,LUNR  260402P00018000,,,,,-393.0,-18471.0,-0.13,,,,,ULTI,2026-04-01,LUNR,18.0,2026-04-02,Put,,1.0,,,,,,,
APLD US 04/02/26 P23.5,APLD  260402P00023500,,,,,-298.0,-20860.0,-0.14,,,,,ULTI,2026-04-01,APLD,23.5,2026-04-02,Put,24.959999084472656,1.0,-0.062127620615857714,,,,,,
BW US 04/02/26 C15,BW    260402C00015000,,,,,-479.0,-21555.0,-0.15,,,,,ULTI,2026-04-01,BW,15.0,2026-04-02,Call,15.270000457763672,1.0,0.018000030517578126,,,,,,
WULF US 04/02/26 C14.5,WULF  260402C00014500,,,,,-478.0,-22944.0,-0.16,,,,,ULTI,2026-04-01,WULF,14.5,2026-04-02,Call,14.800000190734863,1.0,0.020689668326542295,,,,,,
UMAC US 04/02/26 P12,UMAC  260402P00012000,,,,,-589.0,-23560.0,-0.16,,,,,ULTI,2026-04-01,UMAC,12.0,2026-04-02,Put,,1.0,,,,,,,
LITE US 04/02/26 P700,LITE  260402P00700000,,,,,-11.0,-24200.0,-0.17,,,,,ULTI,2026-04-01,LITE,700.0,2026-04-02,Put,,1.0,,,,,,,
WULF US 04/02/26 P14.5,WULF  260402P00014500,,,,,-478.0,-25812.0,-0.18,,,,,ULTI,2026-04-01,WULF,14.5,2026-04-02,Put,14.800000190734863,1.0,-0.020689668326542295,,,,,,
LITE US 04/02/26 C700,LITE  260402C00700000,,,,,-11.0,-27225.0,-0.19,,,,,ULTI,2026-04-01,LITE,700.0,2026-04-02,Call,,1.0,,,,,,,
LMND US 04/02/26 C61,LMND  260402C00061000,,,,,-116.0,-29928.0,-0.21,,,,,ULTI,2026-04-01,LMND,61.0,2026-04-02,Call,,1.0,,,,,,,
UPST US 04/02/26 C25,UPST  260402C00025000,,,,,-283.0,-31696.0,-0.22,,,,,ULTI,2026-04-01,UPST,25.0,2026-04-02,Call,,1.0,,,,,,,
SEDG US 04/02/26 P52,SEDG  260402P00052000,,,,,-137.0,-31236.0,-0.22,,,,,ULTI,2026-04-01,SEDG,52.0,2026-04-02,Put,51.56010055541992,1.0,0.00845960470346304,,,,,,
BW US 04/02/26 P15,BW    260402P00015000,,,,,-479.0,-38320.0,-0.27,,,,,ULTI,2026-04-01,BW,15.0,2026-04-02,Put,15.270000457763672,1.0,-0.018000030517578126,,,,,,
ASTS US 04/02/26 C80,ASTS  260402C00080000,,,,,-89.0,-39605.0,-0.28,,,,,ULTI,2026-04-01,ASTS,80.0,2026-04-02,Call,,1.0,,,,,,,
UMAC US 04/02/26 C12,UMAC  260402C00012000,,,,,-589.0,-41230.0,-0.29,,,,,ULTI,2026-04-01,UMAC,12.0,2026-04-02,Call,,1.0,,,,,,,
LUNR US 04/02/26 C18,LUNR  260402C00018000,,,,,-393.0,-44802.0,-0.31,,,,,ULTI,2026-04-01,LUNR,18.0,2026-04-02,Call,,1.0,,,,,,,
FSLY US 04/02/26 C27.5,FSLY  260402C00027500,,,,,-258.0,-49536.0,-0.34,,,,,ULTI,2026-04-01,FSLY,27.5,2026-04-02,Call,30.854999542236328,1.0,0.1219999833540483,,,,,,
COHR US 04/02/26 P242.5,COHR  260402P00242500,,,,,-29.0,-50083.0,-0.35,,,,,ULTI,2026-04-01,COHR,242.5,2026-04-02,Put,,1.0,,,,,,,
RCAT US 04/02/26 C12.5,RCAT  260402C00012500,,,,,-553.0,-52535.0,-0.37,,,,,ULTI,2026-04-01,RCAT,12.5,2026-04-02,Call,,1.0,,,,,,,
VG US 04/02/26 P17,VG    260402P00017000,,,,,-413.0,-58233.0,-0.4,,,,,ULTI,2026-04-01,VG,17.0,2026-04-02,Put,15.045000076293945,1.0,0.11499999551212087,,,,,,
AFRM US 04/02/26 C42.5,AFRM  260402C00042500,,,,,-167.0,-59452.0,-0.41,,,,,ULTI,2026-04-01,AFRM,42.5,2026-04-02,Call,,1.0,,,,,,,
PL US 04/02/26 P31,PL    260402P00031000,,,,,-226.0,-71642.0,-0.5,,,,,ULTI,2026-04-01,PL,31.0,2026-04-02,Put,,1.0,,,,,,,
SOC US 04/02/26 P18.5,SOC   260402P00018500,,,,,-386.0,-90131.0,-0.63,,,,,ULTI,2026-04-01,SOC,18.5,2026-04-02,Put,,1.0,,,,,,,
AAOI US 04/02/26 P97,AAOI  260402P00097000,,,,,-73.0,-93440.0,-0.65,,,,,ULTI,2026-04-01,AAOI,97.0,2026-04-02,Put,,1.0,,,,,,,
Cash & Other,Cash&Other,,,,,-117225.0,-117225.15,-0.81,,,,,ULTI,2026-04-01,,,,,,,,,,,,,
FLY US 04/02/26 C24,FLY   260402C00024000,,,,,-294.0,-137886.0,-0.96,,,,,ULTI,2026-04-01,FLY,24.0,2026-04-02,Call,,1.0,,,,,,,
TESLA INC,TSLA,,88160R101,,,1671744.0,621470832.0,10.41,,,,,ARKK,2026-04-01,,,,,,,,,,,,04/01/2026,
CRISPR THERAPEUTICS AG,CRSP,,H17182108,,,7798512.0,370975215.8,6.21,,,,,ARKK,2026-04-01,,,,,,,,,,,,04/01/2026,
TEMPUS AI INC-CL A,TEM,,88023B103,,,6458569.0,292056490.2,4.89,,,,,ARKK,2026-04-01,,,,,,,,,,,,04/01/2026,
SHOPIFY INC - CLASS A,SHOP,,82509L107,,,2416180.0,286607271.6,4.8,,,,,ARKK,2026-04-01,,,,,,,,,,,,04/01/2026,
CIRCLE INTERNET GROUP INC,CRCL,,172573107,,,2828801.0,269895903.4,4.52,,,,,ARKK,2026-04-01,,,,,,,,,,,,04/01/2026,
COINBASE GLOBAL INC -CLASS A,COIN,,19260Q107,,,1507893.0,263293196.7,4.41,,,,,ARKK,2026-04-01,,,,,,,,,,,,04/01/2026,
ROBINHOOD MARKETS INC - A,HOOD,,770700102,,,3679769.0,255007991.7,4.27,,,,,ARKK,2026-04-01,,,,,,,,,,,,04/01/2026,
ROKU INC,ROKU,,77543R102,,,2516237.0,238086344.9,3.99,,,,,ARKK,2026-04-01,,,,,,,,,,,,04/01/2026,
ADVANCED MICRO DEVICES,AMD,,7903107,,,1164230.0,236839308.9,3.97,,,,,ARKK,2026-04-01,,,,,,,,,,,,04/01/2026,
PALANTIR TECHNOLOGIES INC-A,PLTR,,69608A108,,,1459291.0,213465087.5,3.57,,,,,ARKK,2026-04-01,,,,,,,,,,,,04/01/2026,
ROBLOX CORP -CLASS A,RBLX,,771049103,,,3722855.0,210564678.8,3.53,,,,,ARKK,2026-04-01,,,,,,,,,,,,04/01/2026,
BEAM THERAPEUTICS INC,BEAM,,07373V105,,,8410692.0,200426790.4,3.36,,,,,ARKK,2026-04-01,,,,,,,,,,,,04/01/2026,
OpenAI Group PBC - Series C,OTHER,,PPOPENAIC,,,254476.0,174999811.6,2.93,,,,,ARKK,2026-04-01,,,,,,,,,,,,04/01/2026,
TWIST BIOSCIENCE CORP,TWST,,90184D100,,,3552537.0,168816558.2,2.83,,,,,ARKK,2026-04-01,,,,,,,,,,,,04/01/2026,
10X GENOMICS INC-CLASS A,TXG,,88025U109,,,7004755.0,148710948.7,2.49,,,,,ARKK,2026-04-01,,,,,,,,,,,,04/01/2026,
BULLISH,BLSH,,G16910120,,,4118798.0,147164652.5,2.46,,,,,ARKK,2026-04-01,,,,,,,,,,,,04/01/2026,
BITMINE IMMERSION TECHNOLOGI,BMNR,,09175A206,,,6339483.0,125394973.7,2.1,,,,,ARKK,2026-04-01,,,,,,,,,,,,04/01/2026,
AMAZON.COM INC,AMZN,,23135106,,,591703.0,123233983.8,2.06,,,,,ARKK,2026-04-01,,,,,,,,,,,,04/01/2026,
COREWEAVE INC-CL A,CRWV,,21873S108,,,1561034.0,120933304.0,2.03,,,,,ARKK,2026-04-01,,,,,,,,,,,,04/01/2026,
TERADYNE INC,TER,,880770102,,,409666.0,121449582.4,2.03,,,,,ARKK,2026-04-01,,,,,,,,,,,,04/01/2026,
INTELLIA THERAPEUTICS INC,NTLA,,45826J105,,,9307927.0,119327624.1,2.0,,,,,ARKK,2026-04-01,,,,,,,,,,,,04/01/2026,
ARCHER AVIATION INC-A,ACHR,,03945R102,,,18108239.0,93619595.63,1.57,,,,,ARKK,2026-04-01,,,,,,,,,,,,04/01/2026,
BLOCK INC,XYZ,,852234103,,,1456483.0,87651146.94,1.47,,,,,ARKK,2026-04-01,,,,,,,,,,,,04/01/2026,
TAIWAN SEMICONDUCTOR-SP ADR,TSM,,874039100,,,244839.0,82743340.05,1.39,,,,,ARKK,2026-04-01,,,,,,,,,,,,04/01/2026,
ILLUMINA INC,ILMN,,452327109,,,633974.0,78143635.24,1.31,,,,,ARKK,2026-04-01,,,,,,,,,,,,04/01/2026,
DEERE & CO,DE,,244199105,,,138150.0,77819895.0,1.3,,,,,ARKK,2026-04-01,,,,,,,,,,,,04/01/2026,
NATERA INC,NTRA,,632307104,,,381229.0,76241987.71,1.28,,,,,ARKK,2026-04-01,,,,,,,,,,,,04/01/2026,
BWX TECHNOLOGIES INC,BWXT,,05605H100,,,338182.0,69154837.18,1.16,,,,,ARKK,2026-04-01,,,,,,,,,,,,04/01/2026,
NVIDIA CORP,NVDA,,67066G104,,,398177.0,69442068.8,1.16,,,,,ARKK,2026-04-01,,,,,,,,,,,,04/01/2026,
RECURSION PHARMACEUTICALS-A,RXRX,,75629V104,,,22432199.0,68866850.93,1.15,,,,,ARKK,2026-04-01,,,,,,,,,,,,04/01/2026,
BAIDU INC - SPON ADR,BIDU,,56752108,,,547261.0,60975820.62,1.02,,,,,ARKK,2026-04-01,,,,,,,,,,,,04/01/2026,
ALIBABA GROUP HOLDING-SP ADR,BABA,,01609W102,,,466006.0,58465112.76,0.98,,,,,ARKK,2026-04-01,,,,,,,,,,,,04/01/2026,
VERACYTE INC,VCYT,,92337F107,,,1818562.0,58575882.02,0.98,,,,,ARKK,2026-04-01,,,,,,,,,,,,04/01/2026,
BROADCOM INC,AVGO,,11135F101,,,186686.0,57781183.86,0.97,,,,,ARKK,2026-04-01,,,,,,,,,,,,04/01/2026,
KRATOS DEFENSE & SECURITY,KTOS,,50077B207,,,825607.0,58213549.57,0.97,,,,,ARKK,2026-04-01,,,,,,,,,,,,04/01/2026,
GENEDX HOLDINGS CORP,WGS,,81663L200,,,822415.0,52815491.3,0.88,,,,,ARKK,2026-04-01,,,,,,,,,,,,04/01/2026,
ALPHABET INC-CL C,GOOG,,02079K107,,,174219.0,49976462.34,0.84,,,,,ARKK,2026-04-01,,,,,,,,,,,,04/01/2026,
FIGMA INC-CL A,FIG,,316841105,,,1810388.0,38271602.32,0.64,,,,,ARKK,2026-04-01,,,,,,,,,,,,04/01/2026,
SOFI TECHNOLOGIES INC,SOFI,,83406F102,,,2246382.0,35672546.16,0.6,,,,,ARKK,2026-04-01,,,,,,,,,,,,04/01/2026,
PACIFIC BIOSCIENCES OF CALIF,PACB,,69404D108,,,20822908.0,27486238.56,0.46,,,,,ARKK,2026-04-01,,,,,,,,,,,,04/01/2026,
META PLATFORMS INC-CLASS A,META,,30303M102,,,38137.0,21819321.81,0.37,,,,,ARKK,2026-04-01,,,,,,,,,,,,04/01/2026,
CERUS CORP,CERS,,157085101,,,9952495.0,18113540.9,0.3,,,,,ARKK,2026-04-01,,,,,,,,,,,,04/01/2026,
GOLDMAN FS TRSY OBLIG INST 468,OTHER,,X9USDGSFT,,,12875500.0,12875500.29,0.22,,,,,ARKK,2026-04-01,,,,,,,,,,,,04/01/2026,
BRERA HOLDINGS PLC-CL B,SLMT,,G13311116,,,6966884.0,5462037.06,0.09,,,,,ARKK,2026-04-01,,,,,,,,,,,,04/01/2026,
BRERA HOLDINGS PLC WTS,OTHER,,BREADUMMY,,,4316257.0,2244453.64,0.04,,,,,ARKK,2026-04-01,,,,,,,,,,,,04/01/2026,
TESLA INC,TSLA,,88160R101,,,496495.0,184572016.3,10.09,,,,,ARKQ,2026-04-01,,,,,,,,,,,,04/01/2026,
TERADYNE INC,TER,,880770102,,,546299.0,161955801.5,8.86,,,,,ARKQ,2026-04-01,,,,,,,,,,,,04/01/2026,
KRATOS DEFENSE & SECURITY,KTOS,,50077B207,,,1687538.0,118988304.4,6.51,,,,,ARKQ,2026-04-01,,,,,,,,,,,,04/01/2026,
ADVANCED MICRO DEVICES,AMD,,7903107,,,431861.0,87853483.23,4.8,,,,,ARKQ,2026-04-01,,,,,,,,,,,,04/01/2026,
ROCKET LAB,RKLB,,773121108,,,1314196.0,84397667.12,4.61,,,,,ARKQ,2026-04-01,,,,,,,,,,,,04/01/2026,
DEERE & CO,DE,,244199105,,,145601.0,82017043.3,4.48,,,,,ARKQ,2026-04-01,,,,,,,,,,,,04/01/2026,
PALANTIR TECHNOLOGIES INC-A,PLTR,,69608A108,,,558639.0,81717712.92,4.47,,,,,ARKQ,2026-04-01,,,,,,,,,,,,04/01/2026,
ALPHABET INC-CL C,GOOG,,02079K107,,,225932.0,64810853.52,3.54,,,,,ARKQ,2026-04-01,,,,,,,,,,,,04/01/2026,
L3HARRIS TECHNOLOGIES INC,LHX,,502431109,,,183845.0,63454101.75,3.47,,,,,ARKQ,2026-04-01,,,,,,,,,,,,04/01/2026,
AEROVIRONMENT INC,AVAV,,8073108,,,315443.0,57741841.15,3.16,,,,,ARKQ,2026-04-01,,,,,,,,,,,,04/01/2026,
TAIWAN SEMICONDUCTOR-SP ADR,TSM,,874039100,,,159918.0,54044288.1,2.95,,,,,ARKQ,2026-04-01,,,,,,,,,,,,04/01/2026,
ARCHER AVIATION INC-A,ACHR,,03945R102,,,10401177.0,53774085.09,2.94,,,,,ARKQ,2026-04-01,,,,,,,,,,,,04/01/2026,
AMAZON.COM INC,AMZN,,23135106,,,235015.0,48946574.05,2.68,,,,,ARKQ,2026-04-01,,,,,,,,,,,,04/01/2026,
TRIMBLE INC,TRMB,,896239100,,,741514.0,48368958.22,2.64,,,,,ARKQ,2026-04-01,,,,,,,,,,,,04/01/2026,
CATERPILLAR INC,CAT,,149123101,,,58578.0,41500169.88,2.27,,,,,ARKQ,2026-04-01,,,,,,,,,,,,04/01/2026,
NVIDIA CORP,NVDA,,67066G104,,,238021.0,41510862.4,2.27,,,,,ARKQ,2026-04-01,,,,,,,,,,,,04/01/2026,
BWX TECHNOLOGIES INC,BWXT,,05605H100,,,181823.0,37180985.27,2.03,,,,,ARKQ,2026-04-01,,,,,,,,,,,,04/01/2026,
CAMECO CORP,CCJ,,13321L108,,,338797.0,36796742.17,2.01,,,,,ARKQ,2026-04-01,,,,,,,,,,,,04/01/2026,
KOMATSU LTD -SPONS ADR,KMTUY,,500458401,,,903073.0,35454645.98,1.94,,,,,ARKQ,2026-04-01,,,,,,,,,,,,04/01/2026,
SYMBOTIC INC,SYM,,87151X101,,,667710.0,35522172.0,1.94,,,,,ARKQ,2026-04-01,,,,,,,,,,,,04/01/2026,
BAIDU INC - SPON ADR,BIDU,,56752108,,,309727.0,34509782.34,1.89,,,,,ARKQ,2026-04-01,,,,,,,,,,,,04/01/2026,
INTUITIVE MACHINES INC,LUNR,,46125A100,,,1859261.0,34507884.16,1.89,,,,,ARKQ,2026-04-01,,,,,,,,,,,,04/01/2026,
ELBIT SYSTEMS LTD,ESLT,,M3760D101,,,39925.0,33899918.25,1.85,,,,,ARKQ,2026-04-01,,,,,,,,,,,,04/01/2026,
INTUITIVE SURGICAL INC,ISRG,,46120E602,,,60581.0,27927235.19,1.53,,,,,ARKQ,2026-04-01,,,,,,,,,,,,04/01/2026,
JOBY AVIATION INC,JOBY,,G65163100,,,3371034.0,27844740.84,1.52,,,,,ARKQ,2026-04-01,,,,,,,,,,,,04/01/2026,
WERIDE INC-ADR,WRD,,950915108,,,3380897.0,27351456.73,1.5,,,,,ARKQ,2026-04-01,,,,,,,,,,,,04/01/2026,
BROADCOM INC,AVGO,,11135F101,,,78107.0,24174897.57,1.32,,,,,ARKQ,2026-04-01,,,,,,,,,,,,04/01/2026,
IRIDIUM COMMUNICATIONS INC,IRDM,,46269C102,,,842669.0,23375638.06,1.28,,,,,ARKQ,2026-04-01,,,,,,,,,,,,04/01/2026,
AURORA INNOVATION INC,AUR,,51774107,,,5649309.0,23275153.08,1.27,,,,,ARKQ,2026-04-01,,,,,,,,,,,,04/01/2026,
BYD CO LTD-UNSPONSORED ADR,BYDDY,,05606L100,,,1674959.0,22829691.17,1.25,,,,,ARKQ,2026-04-01,,,,,,,,,,,,04/01/2026,
TELEDYNE TECHNOLOGIES INC,TDY,,879360105,,,34493.0,20868609.93,1.14,,,,,ARKQ,2026-04-01,,,,,,,,,,,,04/01/2026,
DOORDASH INC - A,DASH,,25809K105,,,129986.0,19517397.9,1.07,,,,,ARKQ,2026-04-01,,,,,,,,,,,,04/01/2026,
STRATA CRITICAL MEDICAL INC,SRTA,,92667104,,,4191394.0,17520026.92,0.96,,,,,ARKQ,2026-04-01,,,,,,,,,,,,04/01/2026,
SYNOPSYS INC,SNPS,,871607107,,,44477.0,17634240.96,0.96,,,,,ARKQ,2026-04-01,,,,,,,,,,,,04/01/2026,
OKLO INC,OKLO,,02156V109,,,351169.0,17414470.71,0.95,,,,,ARKQ,2026-04-01,,,,,,,,,,,,04/01/2026,
KODIAK AI INC,KDK,,500081104,,,2442838.0,16953295.72,0.93,,,,,ARKQ,2026-04-01,,,,,,,,,,,,04/01/2026,
PONY AI INC,PONY,,732908108,,,1774873.0,16754801.12,0.92,,,,,ARKQ,2026-04-01,,,,,,,,,,,,04/01/2026,
GOLDMAN FS TRSY OBLIG INST 468,OTHER,,X9USDGSFT,,,1991160.0,1991159.99,0.11,,,,,ARKQ,2026-04-01,,,,,,,,,,,,04/01/2026,
TESLA INC,TSLA,,88160R101,,,389017.0,144617069.8,9.55,,,,,ARKW,2026-04-01,,,,,,,,,,,,04/01/2026,
ADVANCED MICRO DEVICES,AMD,,7903107,,,535670.0,108971348.1,7.2,,,,,ARKW,2026-04-01,,,,,,,,,,,,04/01/2026,
ARK BITCOIN ETF HOLDCO (ARKW),OTHER,,MM0051EWE,,,3937558.0,88555285.66,5.85,,,,,ARKW,2026-04-01,,,,,,,,,,,,04/01/2026,
SHOPIFY INC - CLASS A,SHOP,,82509L107,,,641860.0,76137433.2,5.03,,,,,ARKW,2026-04-01,,,,,,,,,,,,04/01/2026,
CIRCLE INTERNET GROUP INC,CRCL,,172573107,,,756615.0,72188637.15,4.77,,,,,ARKW,2026-04-01,,,,,,,,,,,,04/01/2026,
ROBINHOOD MARKETS INC - A,HOOD,,770700102,,,1005754.0,69698752.2,4.6,,,,,ARKW,2026-04-01,,,,,,,,,,,,04/01/2026,
ROKU INC,ROKU,,77543R102,,,668394.0,63243440.28,4.18,,,,,ARKW,2026-04-01,,,,,,,,,,,,04/01/2026,
COINBASE GLOBAL INC -CLASS A,COIN,,19260Q107,,,342410.0,59788210.1,3.95,,,,,ARKW,2026-04-01,,,,,,,,,,,,04/01/2026,
ROBLOX CORP -CLASS A,RBLX,,771049103,,,948774.0,53662657.44,3.54,,,,,ARKW,2026-04-01,,,,,,,,,,,,04/01/2026,
ALPHABET INC-CL C,GOOG,,02079K107,,,177390.0,50886095.4,3.36,,,,,ARKW,2026-04-01,,,,,,,,,,,,04/01/2026,
PALANTIR TECHNOLOGIES INC-A,PLTR,,69608A108,,,337624.0,49387638.72,3.26,,,,,ARKW,2026-04-01,,,,,,,,,,,,04/01/2026,
COREWEAVE INC-CL A,CRWV,,21873S108,,,625185.0,48433081.95,3.2,,,,,ARKW,2026-04-01,,,,,,,,,,,,04/01/2026,
OpenAI Group PBC Series C,OTHER,,PPOPENAIC,,,62528.0,42999686.48,2.84,,,,,ARKW,2026-04-01,,,,,,,,,,,,04/01/2026,
BLOCK INC,XYZ,,852234103,,,691701.0,41626566.18,2.75,,,,,ARKW,2026-04-01,,,,,,,,,,,,04/01/2026,
TAIWAN SEMICONDUCTOR-SP ADR,TSM,,874039100,,,122125.0,41272143.75,2.73,,,,,ARKW,2026-04-01,,,,,,,,,,,,04/01/2026,
AMAZON.COM INC,AMZN,,23135106,,,173467.0,36127972.09,2.39,,,,,ARKW,2026-04-01,,,,,,,,,,,,04/01/2026,
BULLISH,BLSH,,G16910120,,,968919.0,34619475.87,2.29,,,,,ARKW,2026-04-01,,,,,,,,,,,,04/01/2026,
BITMINE IMMERSION TECHNOLOGI,BMNR,,09175A206,,,1616911.0,31982499.58,2.11,,,,,ARKW,2026-04-01,,,,,,,,,,,,04/01/2026,
CLOUDFLARE INC - CLASS A,NET,,18915M107,,,151984.0,31360378.56,2.07,,,,,ARKW,2026-04-01,,,,,,,,,,,,04/01/2026,
BROADCOM INC,AVGO,,11135F101,,,96447.0,29851310.97,1.97,,,,,ARKW,2026-04-01,,,,,,,,,,,,04/01/2026,
CROWDSTRIKE HOLDINGS INC - A,CRWD,,22788C105,,,69430.0,27106166.3,1.79,,,,,ARKW,2026-04-01,,,,,,,,,,,,04/01/2026,
META PLATFORMS INC-CLASS A,META,,30303M102,,,46823.0,26788842.99,1.77,,,,,ARKW,2026-04-01,,,,,,,,,,,,04/01/2026,
FIGMA INC-CL A,FIG,,316841105,,,1072199.0,22666286.86,1.5,,,,,ARKW,2026-04-01,,,,,,,,,,,,04/01/2026,
DATADOG INC - CLASS A,DDOG,,23804L103,,,191518.0,22608699.9,1.49,,,,,ARKW,2026-04-01,,,,,,,,,,,,04/01/2026,
NETFLIX INC,NFLX,,64110L106,,,217421.0,20905029.15,1.38,,,,,ARKW,2026-04-01,,,,,,,,,,,,04/01/2026,
EVERPURE INC-A,PSTG,,74624M102,,,351559.0,20756043.36,1.37,,,,,ARKW,2026-04-01,,,,,,,,,,,,04/01/2026,
ALIBABA GROUP HOLDING-SP ADR,BABA,,01609W102,,,138559.0,17383612.14,1.15,,,,,ARKW,2026-04-01,,,,,,,,,,,,04/01/2026,
RUBRIK INC-A,RBRK,,781154109,,,353966.0,17333715.02,1.14,,,,,ARKW,2026-04-01,,,,,,,,,,,,04/01/2026,
TOAST INC-CLASS A,TOST,,888787108,,,615056.0,16305134.56,1.08,,,,,ARKW,2026-04-01,,,,,,,,,,,,04/01/2026,
NVIDIA CORP,NVDA,,67066G104,,,92814.0,16186761.6,1.07,,,,,ARKW,2026-04-01,,,,,,,,,,,,04/01/2026,
MERCADOLIBRE INC,MELI,,58733R102,,,9264.0,16017641.28,1.06,,,,,ARKW,2026-04-01,,,,,,,,,,,,04/01/2026,
SPOTIFY TECHNOLOGY SA,SPOT,,L8681T102,,,32396.0,15709144.36,1.04,,,,,ARKW,2026-04-01,,,,,,,,,,,,04/01/2026,
BAIDU INC - SPON ADR,BIDU,,56752108,,,138480.0,15429441.6,1.02,,,,,ARKW,2026-04-01,,,,,,,,,,,,04/01/2026,
DRAFTKINGS INC-CL A,DKNG,,26142V105,,,702645.0,15191184.9,1.0,,,,,ARKW,2026-04-01,,,,,,,,,,,,04/01/2026,
DOORDASH INC - A,DASH,,25809K105,,,100260.0,15054039.0,0.99,,,,,ARKW,2026-04-01,,,,,,,,,,,,04/01/2026,
GENIUS SPORTS LTD,GENI,,G3934V109,,,3331190.0,14757171.7,0.97,,,,,ARKW,2026-04-01,,,,,,,,,,,,04/01/2026,
GITLAB INC-CL A,GTLB,,37637K108,,,671681.0,14535176.84,0.96,,,,,ARKW,2026-04-01,,,,,,,,,,,,04/01/2026,
AIRBNB INC-CLASS A,ABNB,,9066101,,,68178.0,8609517.84,0.57,,,,,ARKW,2026-04-01,,,,,,,,,,,,04/01/2026,
3IQ ETHER STAKING ETF,ETHQ/U,,BQ84B35,,,849385.0,6897006.2,0.46,,,,,ARKW,2026-04-01,,,,,,,,,,,,04/01/2026,
GOLDMAN FS TRSY OBLIG INST 468,OTHER,,X9USDGSFT,,,3332448.0,3332447.82,0.22,,,,,ARKW,2026-04-01,,,,,,,,,,,,04/01/2026,
3IQ SOLANA STAKING ETF,SOLQ/U,,BTRDQ40,,,453818.0,3020158.79,0.2,,,,,ARKW,2026-04-01,,,,,,,,,,,,04/01/2026,
BRERA HOLDINGS PLC-CL B,SLMT,,G13311116,,,1762356.0,1381687.1,0.09,,,,,ARKW,2026-04-01,,,,,,,,,,,,04/01/2026,
BRERA HOLDINGS PLC WTS,OTHER,,BREADUMMY,,,1395691.0,725759.32,0.05,,,,,ARKW,2026-04-01,,,,,,,,,,,,04/01/2026,
CRISPR THERAPEUTICS AG,CRSP,,H17182108,,,1991865.0,94753018.05,9.23,,,,,ARKG,2026-04-01,,,,,,,,,,,,04/01/2026,
TWIST BIOSCIENCE CORP,TWST,,90184D100,,,1956721.0,92983381.92,9.05,,,,,ARKG,2026-04-01,,,,,,,,,,,,04/01/2026,
TEMPUS AI INC-CL A,TEM,,88023B103,,,1979216.0,89500147.52,8.71,,,,,ARKG,2026-04-01,,,,,,,,,,,,04/01/2026,
10X GENOMICS INC-CLASS A,TXG,,88025U109,,,3048865.0,64727403.95,6.3,,,,,ARKG,2026-04-01,,,,,,,,,,,,04/01/2026,
BEAM THERAPEUTICS INC,BEAM,,07373V105,,,2094552.0,49913174.16,4.86,,,,,ARKG,2026-04-01,,,,,,,,,,,,04/01/2026,
PERSONALIS INC,PSNL,,71535D106,,,7561624.0,48167544.88,4.69,,,,,ARKG,2026-04-01,,,,,,,,,,,,04/01/2026,
NATERA INC,NTRA,,632307104,,,229900.0,45977701.0,4.48,,,,,ARKG,2026-04-01,,,,,,,,,,,,04/01/2026,
ILLUMINA INC,ILMN,,452327109,,,370475.0,45664748.5,4.45,,,,,ARKG,2026-04-01,,,,,,,,,,,,04/01/2026,
GUARDANT HEALTH INC,GH,,40131M109,,,467847.0,43215027.39,4.21,,,,,ARKG,2026-04-01,,,,,,,,,,,,04/01/2026,
INTELLIA THERAPEUTICS INC,NTLA,,45826J105,,,2866253.0,36745363.46,3.58,,,,,ARKG,2026-04-01,,,,,,,,,,,,04/01/2026,
CAREDX INC,CDNA,,14167L103,,,2108878.0,36610122.08,3.56,,,,,ARKG,2026-04-01,,,,,,,,,,,,04/01/2026,
RECURSION PHARMACEUTICALS-A,RXRX,,75629V104,,,11836062.0,36336710.34,3.54,,,,,ARKG,2026-04-01,,,,,,,,,,,,04/01/2026,
ABSCI CORP,ABSI,,9.10E+110,,,11201282.0,33603846.0,3.27,,,,,ARKG,2026-04-01,,,,,,,,,,,,04/01/2026,
VERACYTE INC,VCYT,,92337F107,,,950807.0,30625493.47,2.98,,,,,ARKG,2026-04-01,,,,,,,,,,,,04/01/2026,
ADAPTIVE BIOTECHNOLOGIES,ADPT,,00650F109,,,2002912.0,27800418.56,2.71,,,,,ARKG,2026-04-01,,,,,,,,,,,,04/01/2026,
NURIX THERAPEUTICS INC,NRIX,,67080M103,,,1625786.0,25199683.0,2.45,,,,,ARKG,2026-04-01,,,,,,,,,,,,04/01/2026,
GENEDX HOLDINGS CORP,WGS,,81663L200,,,350202.0,22489972.44,2.19,,,,,ARKG,2026-04-01,,,,,,,,,,,,04/01/2026,
SCHRODINGER INC,SDGR,,80810D103,,,1974242.0,22427389.12,2.18,,,,,ARKG,2026-04-01,,,,,,,,,,,,04/01/2026,
IONIS PHARMACEUTICALS INC,IONS,,462222100,,,271874.0,20415018.66,1.99,,,,,ARKG,2026-04-01,,,,,,,,,,,,04/01/2026,
ARCTURUS THERAPEUTICS HOLDIN,ARCT,,03969T109,,,2633423.0,20330025.56,1.98,,,,,ARKG,2026-04-01,,,,,,,,,,,,04/01/2026,
BUTTERFLY NETWORK INC,BFLY,,124155102,,,4953069.0,20010398.76,1.95,,,,,ARKG,2026-04-01,,,,,,,,,,,,04/01/2026,
COMPASS PATHWAYS PLC,CMPS,,20451W101,,,3127653.0,17295921.09,1.68,,,,,ARKG,2026-04-01,,,,,,,,,,,,04/01/2026,
PRIME MEDICINE INC,PRME,,74168J101,,,4645932.0,16167843.36,1.57,,,,,ARKG,2026-04-01,,,,,,,,,,,,04/01/2026,
ATAIBECKLEY INC,ATAI,,04650F101,,,4133551.0,14632770.54,1.42,,,,,ARKG,2026-04-01,,,,,,,,,,,,04/01/2026,
PACIFIC BIOSCIENCES OF CALIF,PACB,,69404D108,,,10381803.0,13703979.96,1.33,,,,,ARKG,2026-04-01,,,,,,,,,,,,04/01/2026,
CERUS CORP,CERS,,157085101,,,7027111.0,12789342.02,1.25,,,,,ARKG,2026-04-01,,,,,,,,,,,,04/01/2026,
908 DEVICES INC,MASS,,65443P102,,,1841585.0,11270500.2,1.1,,,,,ARKG,2026-04-01,,,,,,,,,,,,04/01/2026,
ELI LILLY & CO,LLY,,532457108,,,11866.0,10913990.82,1.06,,,,,ARKG,2026-04-01,,,,,,,,,,,,04/01/2026,
BIONTECH SE-ADR,BNTX,,09075V102,,,119738.0,10642313.44,1.04,,,,,ARKG,2026-04-01,,,,,,,,,,,,04/01/2026,
GENERATE BIOMEDICINES INC,GENB,,370920100,,,474955.0,5936937.5,0.58,,,,,ARKG,2026-04-01,,,,,,,,,,,,04/01/2026,
QUANTUM-SI INC,QSI,,74765K105,,,6534624.0,5057798.98,0.49,,,,,ARKG,2026-04-01,,,,,,,,,,,,04/01/2026,
GOLDMAN FS TRSY OBLIG INST 468,OTHER,,X9USDGSFT,,,1136971.0,1136970.51,0.11,,,,,ARKG,2026-04-01,,,,,,,,,,,,04/01/2026,
SHOPIFY INC - CLASS A,SHOP,,82509L107,,,662061.0,106571959.17,9.65,,,,,ARKF,2026-04-01,,,,,,,,,,,,01/02/2026,
COINBASE GLOBAL INC -CLASS A,COIN,,19260Q107,,,276957.0,62631055.98,5.67,,,,,ARKF,2026-04-01,,,,,,,,,,,,01/02/2026,
ARK BITCOIN ETF HOLDCO (ARKF),OTHER,,MM005473T,,,2082290.0,60461580.67,5.47,,,,,ARKF,2026-04-01,,,,,,,,,,,,01/02/2026,
ROBINHOOD MARKETS INC - A,HOOD,,770700102,,,492638.0,55717357.8,5.05,,,,,ARKF,2026-04-01,,,,,,,,,,,,01/02/2026,
PALANTIR TECHNOLOGIES INC-A,PLTR,,69608A108,,,281162.0,49976545.5,4.53,,,,,ARKF,2026-04-01,,,,,,,,,,,,01/02/2026,
TOAST INC-CLASS A,TOST,,888787108,,,1351034.0,47975217.34,4.34,,,,,ARKF,2026-04-01,,,,,,,,,,,,01/02/2026,
BLOCK INC,XYZ,,852234103,,,652416.0,42465757.44,3.85,,,,,ARKF,2026-04-01,,,,,,,,,,,,01/02/2026,
SOFI TECHNOLOGIES INC,SOFI,,83406F102,,,1488338.0,38964688.84,3.53,,,,,ARKF,2026-04-01,,,,,,,,,,,,01/02/2026,
ROKU INC,ROKU,,77543R102,,,350640.0,38040933.6,3.44,,,,,ARKF,2026-04-01,,,,,,,,,,,,01/02/2026,
CIRCLE INTERNET GROUP INC,CRCL,,172573107,,,467606.0,37081155.8,3.36,,,,,ARKF,2026-04-01,,,,,,,,,,,,01/02/2026,
ROBLOX CORP -CLASS A,RBLX,,771049103,,,389598.0,31569125.94,2.86,,,,,ARKF,2026-04-01,,,,,,,,,,,,01/02/2026,
MERCADOLIBRE INC,MELI,,58733R102,,,15628.0,31478855.28,2.85,,,,,ARKF,2026-04-01,,,,,,,,,,,,01/02/2026,
ADYEN NV,ADYEN,,BZ1HM42,,,17603.0,28444654.02,2.58,,,,,ARKF,2026-04-01,,,,,,,,,,,,01/02/2026,
META PLATFORMS INC-CLASS A,META,,30303M102,,,41109.0,27135639.81,2.46,,,,,ARKF,2026-04-01,,,,,,,,,,,,01/02/2026,
ADVANCED MICRO DEVICES,AMD,,007903107,,,121685.0,26060059.6,2.36,,,,,ARKF,2026-04-01,,,,,,,,,,,,01/02/2026,
DRAFTKINGS INC-CL A,DKNG,,26142V105,,,756511.0,26069369.06,2.36,,,,,ARKF,2026-04-01,,,,,,,,,,,,01/02/2026,
AMAZON.COM INC,AMZN,,023135106,,,110561.0,25519690.02,2.31,,,,,ARKF,2026-04-01,,,,,,,,,,,,01/02/2026,
BITMINE IMMERSION TECHNOLOGI,BMNR,,09175A206,,,938829.0,25489207.35,2.31,,,,,ARKF,2026-04-01,,,,,,,,,,,,01/02/2026,
PINTEREST INC- CLASS A,PINS,,72352L106,,,876967.0,22704675.63,2.06,,,,,ARKF,2026-04-01,,,,,,,,,,,,01/02/2026,
NU HOLDINGS LTD/CAYMAN ISL-A,NU,,G6683N103,,,1327232.0,22217863.68,2.01,,,,,ARKF,2026-04-01,,,,,,,,,,,,01/02/2026,
KLARNA GROUP PLC,KLAR,,G5279N105,,,736657.0,21296753.87,1.93,,,,,ARKF,2026-04-01,,,,,,,,,,,,01/02/2026,
BULLISH,BLSH,,G16910120,,,508905.0,19272232.35,1.75,,,,,ARKF,2026-04-01,,,,,,,,,,,,01/02/2026,
SEA LTD-ADR,SE,,81141R100,,,148096.0,18892606.72,1.71,,,,,ARKF,2026-04-01,,,,,,,,,,,,01/02/2026,
AIRBNB INC-CLASS A,ABNB,,009066101,,,136311.0,18500128.92,1.68,,,,,ARKF,2026-04-01,,,,,,,,,,,,01/02/2026,
FUTU HOLDINGS LTD-ADR,FUTU,,36118L106,,,106024.0,17410201.04,1.58,,,,,ARKF,2026-04-01,,,,,,,,,,,,01/02/2026,
DOORDASH INC - A,DASH,,25809K105,,,76196.0,17256870.08,1.56,,,,,ARKF,2026-04-01,,,,,,,,,,,,01/02/2026,
SPOTIFY TECHNOLOGY SA,SPOT,,L8681T102,,,29020.0,16852204.2,1.53,,,,,ARKF,2026-04-01,,,,,,,,,,,,01/02/2026,
ZILLOW GROUP INC - C,Z,,98954M200,,,246266.0,16800266.52,1.52,,,,,ARKF,2026-04-01,,,,,,,,,,,,01/02/2026,
NVIDIA CORP,NVDA,,67066G104,,,89295.0,16653517.5,1.51,,,,,ARKF,2026-04-01,,,,,,,,,,,,01/02/2026,
DISCOVERY LTD,DSY,,6177878,,,1125052.0,15461312.45,1.4,,,,,ARKF,2026-04-01,,,,,,,,,,,,01/02/2026,
GLOBAL-E ONLINE LTD,GLBE,,M5216V106,,,364781.0,14339541.11,1.3,,,,,ARKF,2026-04-01,,,,,,,,,,,,01/02/2026,
CROWDSTRIKE HOLDINGS INC - A,CRWD,,22788C105,,,28997.0,13592633.72,1.23,,,,,ARKF,2026-04-01,,,,,,,,,,,,01/02/2026,
LY CORP,4689,,6084848,,,5074096.0,13514510.03,1.22,,,,,ARKF,2026-04-01,,,,,,,,,,,,01/02/2026,
ALIBABA GROUP HOLDING-SP ADR,BABA,,01609W102,,,85622.0,12550472.76,1.14,,,,,ARKF,2026-04-01,,,,,,,,,,,,01/02/2026,
ETORO GROUP LTD-A,ETOR,,G32089107,,,333445.0,11713922.85,1.06,,,,,ARKF,2026-04-01,,,,,,,,,,,,01/02/2026,
JSC KASPI.KZ ADR,KSPI,,BJY21K1,,,133688.0,10445043.44,0.95,,,,,ARKF,2026-04-01,,,,,,,,,,,,01/02/2026,
INTUIT INC,INTU,,461202103,,,14562.0,9646160.04,0.87,,,,,ARKF,2026-04-01,,,,,,,,,,,,01/02/2026,
PAYPAL HOLDINGS INC,PYPL,,70450Y103,,,151471.0,8842876.98,0.8,,,,,ARKF,2026-04-01,,,,,,,,,,,,01/02/2026,
INTERCONTINENTAL EXCHANGE IN,ICE,,45866F104,,,53595.0,8680246.2,0.79,,,,,ARKF,2026-04-01,,,,,,,,,,,,01/02/2026,
3IQ ETHER STAKING ETF,ETHQ/U,,BQ84B35,,,650997.0,7538545.26,0.68,,,,,ARKF,2026-04-01,,,,,,,,,,,,01/02/2026,
3IQ SOLANA STAKING ETF,SOLQ/U,,BTRDQ40,,,452253.0,4499917.35,0.41,,,,,ARKF,2026-04-01,,,,,,,,,,,,01/02/2026,
BRERA HOLDINGS PLC-CL B,SLMT,,G13311116,,,1018952.0,1905440.24,0.17,,,,,ARKF,2026-04-01,,,,,,,,,,,,01/02/2026,
BRERA HOLDINGS PLC WTS,OTHER,,BREADUMMY,,,788053.0,1134796.32,0.1,,,,,ARKF,2026-04-01,,,,,,,,,,,,01/02/2026,
GOLDMAN FS TRSY OBLIG INST 468,OTHER,,X9USDGSFT,,,989040.0,989039.68,0.09,,,,,ARKF,2026-04-01,,,,,,,,,,,,01/02/2026,
ROCKET LAB,RKLB,,773121108,,,659546.0,46009928.96,8.9,,,,,ARKX,2026-04-01,,,,,,,,,,,,01/02/2026,
L3HARRIS TECHNOLOGIES INC,LHX,,502431109,,,146728.0,43074938.96,8.34,,,,,ARKX,2026-04-01,,,,,,,,,,,,01/02/2026,
KRATOS DEFENSE & SECURITY,KTOS,,50077B207,,,527748.0,40061350.68,7.75,,,,,ARKX,2026-04-01,,,,,,,,,,,,01/02/2026,
TERADYNE INC,TER,,880770102,,,192651.0,37289527.56,7.22,,,,,ARKX,2026-04-01,,,,,,,,,,,,01/02/2026,
AEROVIRONMENT INC,AVAV,,008073108,,,140659.0,34024005.51,6.58,,,,,ARKX,2026-04-01,,,,,,,,,,,,01/02/2026,
DEERE & CO,DE,,244199105,,,58643.0,27302421.51,5.28,,,,,ARKX,2026-04-01,,,,,,,,,,,,01/02/2026,
ARCHER AVIATION INC-A,ACHR,,03945R102,,,3494036.0,26275150.72,5.08,,,,,ARKX,2026-04-01,,,,,,,,,,,,01/02/2026,
PALANTIR TECHNOLOGIES INC-A,PLTR,,69608A108,,,126096.0,22413564.0,4.34,,,,,ARKX,2026-04-01,,,,,,,,,,,,01/02/2026,
ADVANCED MICRO DEVICES,AMD,,007903107,,,100401.0,21501878.16,4.16,,,,,ARKX,2026-04-01,,,,,,,,,,,,01/02/2026,
TRIMBLE INC,TRMB,,896239100,,,272441.0,21345752.35,4.13,,,,,ARKX,2026-04-01,,,,,,,,,,,,01/02/2026,
IRIDIUM COMMUNICATIONS INC,IRDM,,46269C102,,,1077332.0,18724030.16,3.62,,,,,ARKX,2026-04-01,,,,,,,,,,,,01/02/2026,
AMAZON.COM INC,AMZN,,023135106,,,75711.0,17475613.02,3.38,,,,,ARKX,2026-04-01,,,,,,,,,,,,01/02/2026,
ALPHABET INC-CL C,GOOG,,02079K107,,,45846.0,14386474.8,2.78,,,,,ARKX,2026-04-01,,,,,,,,,,,,01/02/2026,
NVIDIA CORP,NVDA,,67066G104,,,70102.0,13074023.0,2.53,,,,,ARKX,2026-04-01,,,,,,,,,,,,01/02/2026,
JOBY AVIATION INC,JOBY,,G65163100,,,955434.0,12611728.8,2.44,,,,,ARKX,2026-04-01,,,,,,,,,,,,01/02/2026,
THALES SA,HO,,4162791,,,40981.0,11067355.1,2.14,,,,,ARKX,2026-04-01,,,,,,,,,,,,01/02/2026,
KOMATSU LTD,6301,,6496584,,,327675.0,10459493.11,2.02,,,,,ARKX,2026-04-01,,,,,,,,,,,,01/02/2026,
STRATA CRITICAL MEDICAL INC,SRTA,,092667104,,,1916557.0,9218639.17,1.78,,,,,ARKX,2026-04-01,,,,,,,,,,,,01/02/2026,
INTUITIVE MACHINES INC,LUNR,,46125A100,,,561934.0,9120188.82,1.76,,,,,ARKX,2026-04-01,,,,,,,,,,,,01/02/2026,
BWX TECHNOLOGIES INC,BWXT,,05605H100,,,49355.0,8530518.2,1.65,,,,,ARKX,2026-04-01,,,,,,,,,,,,01/02/2026,
GARMIN LTD,GRMN,,B3Z5T14,,,37855.0,7678886.75,1.49,,,,,ARKX,2026-04-01,,,,,,,,,,,,01/02/2026,
ELBIT SYSTEMS LTD,ESLT,,M3760D101,,,13283.0,7673721.93,1.48,,,,,ARKX,2026-04-01,,,,,,,,,,,,01/02/2026,
TELEDYNE TECHNOLOGIES INC,TDY,,879360105,,,12009.0,6133356.57,1.19,,,,,ARKX,2026-04-01,,,,,,,,,,,,01/02/2026,
SYNOPSYS INC,SNPS,,871607107,,,12975.0,6094617.0,1.18,,,,,ARKX,2026-04-01,,,,,,,,,,,,01/02/2026,
HEICO CORP,HEI,,422806109,,,18577.0,6011331.43,1.16,,,,,ARKX,2026-04-01,,,,,,,,,,,,01/02/2026,
DOORDASH INC - A,DASH,,25809K105,,,26120.0,5915657.6,1.14,,,,,ARKX,2026-04-01,,,,,,,,,,,,01/02/2026,
TAIWAN SEMICONDUCTOR-SP ADR,TSM,,874039100,,,17725.0,5386450.25,1.04,,,,,ARKX,2026-04-01,,,,,,,,,,,,01/02/2026,
HONEYWELL INTERNATIONAL INC,HON,,438516106,,,27407.0,5346831.63,1.03,,,,,ARKX,2026-04-01,,,,,,,,,,,,01/02/2026,
AIRBUS SE,AIR,,4012250,,,22634.0,5277329.95,1.02,,,,,ARKX,2026-04-01,,,,,,,,,,,,01/02/2026,
DASSAULT SYSTEMES SE,DSY,,BM8H5Y5,,,188577.0,5283311.8,1.02,,,,,ARKX,2026-04-01,,,,,,,,,,,,01/02/2026,
JD LOGISTICS INC,2618,,BNMBPD9,,,3251025.0,4770414.57,0.92,,,,,ARKX,2026-04-01,,,,,,,,,,,,01/02/2026,
THE 3D PRINTING ETF,PRNT,,00214Q500,,,135556.0,3028321.04,0.59,,,,,ARKX,2026-04-01,,,,,,,,,,,,01/02/2026,
LOCKHEED MARTIN CORP,LMT,,539830109,,,6123.0,2961511.41,0.57,,,,,ARKX,2026-04-01,,,,,,,,,,,,01/02/2026,
GOLDMAN FS TRSY OBLIG INST 468,OTHER,,X9USDGSFT,,,1227741.0,1227740.5,0.24,,,,,ARKX,2026-04-01,,,,,,,,,,,,01/02/2026,
MSTR 04/02/2026 99.84 C,2MSTR 260402C00099840,,2MSTR 260402C00099840,,,3822.0,9612330.0,24.26,,,,,MSTW,2026-04-01,MSTR,99.84,2026-04-02,Call,,1.0,,25.15,39617015.0,6350000.0,635.0,,
First American Government Obligations Fund 12/01/2031,FGXXX,,31846V336,,,6401195.68,6401195.68,16.16,,,,,MSTW,2026-04-01,,,,,,,,100.0,39617015.0,6350000.0,635.0,,Y
Cash & Other,Cash&Other,,Cash&Other,,,23591535.06,23591535.06,59.55,,,,,MSTW,2026-04-01,,,,,,,,1.0,39617015.0,6350000.0,635.0,,Y
NVIDIA CORP WEEKLYPAY SWAP NM,67066G104 TRS 042027 NM,,67066G104 TRS 042027 NM,,,606747.0,105816676.8,100.13,,,,,NVDW,2026-04-01,,,,,,,,174.4,105678380.0,3100000.0,310.0,,
United States Treasury Bill 05/19/2026,912797TS6,,912797TS6,,,80000000.0,79620436.93,75.34,,,,,NVDW,2026-04-01,,,,,,,,99.525546,105678380.0,3100000.0,310.0,,
First American Government Obligations Fund 12/01/2031,FGXXX,,31846V336,,,7357393.14,7357393.14,6.96,,,,,NVDW,2026-04-01,,,,,,,,100.0,105678380.0,3100000.0,310.0,,Y
NVIDIA Corp,NVDA,,67066G104,,,114902.0,20038908.8,18.96,,,,,NVDW,2026-04-01,,,,,,,,174.4,105678380.0,3100000.0,310.0,,
Cash & Other,Cash&Other,,Cash&Other,,,-107174112.24,-107174112.24,-101.42,,,,,NVDW,2026-04-01,,,,,,,,1.0,105678380.0,3100000.0,310.0,,Y
COINBASE GLOBAL INC WEEKLYPAY SWAP NM,19260Q107 TRS 042027 NM,,19260Q107 TRS 042027 NM,,,212939.0,37181278.79,113.07,,,,,COIW,2026-04-01,,,,,,,,174.61,32883840.0,2700000.0,270.0,,
United States Treasury Bill 05/19/2026,912797TS6,,912797TS6,,,55500000.0,55236678.12,167.98,,,,,COIW,2026-04-01,,,,,,,,99.525546,32883840.0,2700000.0,270.0,,
Coinbase Global Inc,COIN,,19260Q107,,,9629.0,1681319.69,5.11,,,,,COIW,2026-04-01,,,,,,,,174.61,32883840.0,2700000.0,270.0,,
First American Government Obligations Fund 12/01/2031,FGXXX,,31846V336,,,16330.54,16330.54,0.05,,,,,COIW,2026-04-01,,,,,,,,100.0,32883840.0,2700000.0,270.0,,Y
Cash & Other,Cash&Other,,Cash&Other,,,-61243221.36,-61243221.36,-186.24,,,,,COIW,2026-04-01,,,,,,,,1.0,32883840.0,2700000.0,270.0,,Y
TESLA INC WEEKLYPAY SWAP NM,88160R101 TRS 042027 NM,,88160R101 TRS 042027 NM,,,283737.0,105479229.75,105.81,,,,,TSLW,2026-04-01,,,,,,,,371.75,99685025.0,4250000.0,425.0,,
United States Treasury Bill 05/19/2026,912797TS6,,912797TS6,,,85000000.0,84596714.24,84.86,,,,,TSLW,2026-04-01,,,,,,,,99.525546,99685025.0,4250000.0,425.0,,
First American Government Obligations Fund 12/01/2031,FGXXX,,31846V336,,,3844131.55,3844131.55,3.86,,,,,TSLW,2026-04-01,,,,,,,,100.0,99685025.0,4250000.0,425.0,,Y
Tesla Inc,TSLA,,88160R101,,,36422.0,13539878.5,13.58,,,,,TSLW,2026-04-01,,,,,,,,371.75,99685025.0,4250000.0,425.0,,
Cash & Other,Cash&Other,,Cash&Other,,,-107794184.53,-107794184.53,-108.13,,,,,TSLW,2026-04-01,,,,,,,,1.0,99685025.0,4250000.0,425.0,,Y
ROBINHOOD MKTS INC SWAP NM,770700102 TRS 072026 NM,,770700102 TRS 072026 NM,,,1805641.0,125130921.3,115.62,,,,,HOOW,2026-04-01,,,,,,,,69.3,108229176.0,4840000.0,484.0,,
United States Treasury Bill 05/19/2026,912797TS6,,912797TS6,,,168000000.0,167202917.55,154.49,,,,,HOOW,2026-04-01,,,,,,,,99.525546,108229176.0,4840000.0,484.0,,
First American Government Obligations Fund 12/01/2031,FGXXX,,31846V336,,,6347222.06,6347222.06,5.86,,,,,HOOW,2026-04-01,,,,,,,,100.0,108229176.0,4840000.0,484.0,,Y
Robinhood Markets Inc,HOOD,,770700102,,,52149.0,3613925.7,3.34,,,,,HOOW,2026-04-01,,,,,,,,69.3,108229176.0,4840000.0,484.0,,
Cash & Other,Cash&Other,,Cash&Other,,,-194102283.17,-194102283.17,-179.34,,,,,HOOW,2026-04-01,,,,,,,,1.0,108229176.0,4840000.0,484.0,,Y
PALANTIR TECHNOLOGIES INC WEEKLYPAY SWAP NM,69608A108 TRS 042027 NM,,69608A108 TRS 042027 NM,,,970299.0,141935337.72,99.58,,,,,PLTW,2026-04-01,,,,,,,,146.28,142527696.0,5620000.0,562.0,,
United States Treasury Bill 05/19/2026,912797TS6,,912797TS6,,,114000000.0,113459122.62,79.6,,,,,PLTW,2026-04-01,,,,,,,,99.525546,142527696.0,5620000.0,562.0,,
First American Government Obligations Fund 12/01/2031,FGXXX,,31846V336,,,5066444.3,5066444.3,3.55,,,,,PLTW,2026-04-01,,,,,,,,100.0,142527696.0,5620000.0,562.0,,Y
Palantir Technologies Inc,PLTR,,69608A108,,,194060.0,28387096.8,19.92,,,,,PLTW,2026-04-01,,,,,,,,146.28,142527696.0,5620000.0,562.0,,
Cash & Other,Cash&Other,,Cash&Other,,,-146348168.4,-146348168.4,-102.68,,,,,PLTW,2026-04-01,,,,,,,,1.0,142527696.0,5620000.0,562.0,,Y
NDX 06/18/2026 2177 C,4NDX  260618C02177000,,4NDX  260618C02177000,,,84.0,180971437.92,22.78,,,,,QDTE,2026-04-01,NDX,2177.0,2026-06-18,Call,,78.0,,21544.2188,794356606.25,28750000.0,2875.0,,
NDX 09/18/2026 2250 C,4NDX  260918C02250000,,4NDX  260918C02250000,,,71.0,152446990.41,19.19,,,,,QDTE,2026-04-01,NDX,2250.0,2026-09-18,Call,,170.0,,21471.4071,794356606.25,28750000.0,2875.0,,
NDX 12/18/2026 2450.1 C,4NDX  261218C02450100,,4NDX  261218C02450100,,,89.0,189228962.68,23.82,,,,,QDTE,2026-04-01,NDX,2450.1,2026-12-18,Call,,261.0,,21261.6812,794356606.25,28750000.0,2875.0,,
NDX 03/19/2027 2510.15 C,4NDX  270319C02510150,,4NDX  270319C02510150,,,92.0,195296760.04,24.59,,,,,QDTE,2026-04-01,NDX,2510.15,2027-03-19,Call,,352.0,,21227.9087,794356606.25,28750000.0,2875.0,,
First American Government Obligations Fund 12/01/2031,FGXXX,,31846V336,,,32019335.02,32019335.02,4.03,,,,,QDTE,2026-04-01,,,,,,,,100.0,794356606.25,28750000.0,2875.0,,Y
Roundhill Weekly T-Bill ETF,WEEK,,77926X676,,,479558.0,47970186.74,6.04,,,,,QDTE,2026-04-01,,,,,,,,100.03,794356606.25,28750000.0,2875.0,,
Cash & Other,Cash&Other,,Cash&Other,,,-13060418.86,-13060418.86,-1.64,,,,,QDTE,2026-04-01,,,,,,,,1.0,794356606.25,28750000.0,2875.0,,Y
SPX 12/18/2026 663.6 C,4SPX  261218C00663600,,4SPX  261218C00663600,,,89.0,51921815.02,17.73,,,,,XDTE,2026-04-01,SPX,663.6,2026-12-18,Call,,261.0,,5833.9118,292843015.04,7945000.0,794.5,,
SPX 03/19/2027 678.8 C,4SPX  270319C00678800,,4SPX  270319C00678800,,,363.0,211074063.75,72.08,,,,,XDTE,2026-04-01,SPX,678.8,2027-03-19,Call,,352.0,,5814.7125,292843015.04,7945000.0,794.5,,
First American Government Obligations Fund 12/01/2031,FGXXX,,31846V336,,,4737728.86,4737728.86,1.62,,,,,XDTE,2026-04-01,,,,,,,,100.0,292843015.04,7945000.0,794.5,,Y
Roundhill Weekly T-Bill ETF,WEEK,,77926X676,,,264576.0,26465537.28,9.04,,,,,XDTE,2026-04-01,,,,,,,,100.03,292843015.04,7945000.0,794.5,,
Cash & Other,Cash&Other,,Cash&Other,,,-4108647.28,-4108647.28,-1.4,,,,,XDTE,2026-04-01,,,,,,,,1.0,292843015.04,7945000.0,794.5,,Y
RUT 09/18/2026 225.17 C,4RUT  260918C00225170,,4RUT  260918C00225170,,,30.0,6776985.9,4.5,,,,,RDTE,2026-04-01,RUT,225.17,2026-09-18,Call,,170.0,,2258.9953,150751799.35,5570000.0,557.0,,
RUT 12/18/2026 246.2 C,4RUT  261218C00246200,,4RUT  261218C00246200,,,348.0,77688344.76,51.53,,,,,RDTE,2026-04-01,RUT,246.2,2026-12-18,Call,,261.0,,2232.4237,150751799.35,5570000.0,557.0,,
RUT 03/19/2027 252.3 C,4RUT  270319C00252300,,4RUT  270319C00252300,,,238.0,52899707.84,35.09,,,,,RDTE,2026-04-01,RUT,252.3,2027-03-19,Call,,352.0,,2222.6768,150751799.35,5570000.0,557.0,,
First American Government Obligations Fund 12/01/2031,FGXXX,,31846V336,,,2802207.79,2802207.79,1.86,,,,,RDTE,2026-04-01,,,,,,,,100.0,150751799.35,5570000.0,557.0,,Y
Roundhill Weekly T-Bill ETF,WEEK,,77926X676,,,118679.0,11871460.37,7.87,,,,,RDTE,2026-04-01,,,,,,,,100.03,150751799.35,5570000.0,557.0,,
Cash & Other,Cash&Other,,Cash&Other,,,-2596148.46,-2596148.46,-1.72,,,,,RDTE,2026-04-01,,,,,,,,1.0,150751799.35,5570000.0,557.0,,Y
IBIT 04/02/2026 39.41 C,4IBIT 260402C00039410,,4IBIT 260402C00039410,,,-41150.0,-1069077.0,-0.69,,,,,YBTC,2026-04-01,IBIT,39.41,2026-04-02,Call,,1.0,,0.2598,155951342.26,7490000.0,749.0,,
IBIT 04/17/2026 39.56 C,4IBIT 260417C00039560,,4IBIT 260417C00039560,,,41150.0,5304646.5,3.4,,,,,YBTC,2026-04-01,IBIT,39.56,2026-04-17,Call,,16.0,,1.2891,155951342.26,7490000.0,749.0,,
IBIT 04/17/2026 39.56 P,4IBIT 260417P00039560,,4IBIT 260417P00039560,,,-41150.0,-8808569.0,-5.65,,,,,YBTC,2026-04-01,IBIT,39.56,2026-04-17,Put,,16.0,,2.1406,155951342.26,7490000.0,749.0,,
United States Treasury Bill 05/19/2026,912797TS6,,912797TS6,,,154000000.0,153269341.09,98.28,,,,,YBTC,2026-04-01,,,,,,,,99.525546,155951342.26,7490000.0,749.0,,
First American Government Obligations Fund 12/01/2031,FGXXX,,31846V336,,,5658768.26,5658768.26,3.63,,,,,YBTC,2026-04-01,,,,,,,,100.0,155951342.26,7490000.0,749.0,,Y
Cash & Other,Cash&Other,,Cash&Other,,,1592696.1,1592696.1,1.02,,,,,YBTC,2026-04-01,,,,,,,,1.0,155951342.26,7490000.0,749.0,,Y
Cash & Other,Cash&Other,,Cash&Other,,,487786910.0,487786910.25,46.13,,,,,MSTY,2026-04-01,,,,,,,,1.0,1057409161.34,49594959.0,1983.8,,
First American Government Obligations Fund 12/01/2031,FGXXX,,31846V336,,,34977820.0,34977820.15,3.31,,,,,MSTY,2026-04-01,,,,,,,,100.0,1057409161.34,49594959.0,1983.8,,
MSTR 04/17/2026 130.01 P,2MSTR 260417P00130010,,2MSTR 260417P00130010,,,-20175.0,-21143400.0,-2.0,,,,,MSTY,2026-04-01,MSTR,130.01,2026-04-17,Put,,16.0,,10.48,1057409161.34,49594959.0,1983.8,,
MSTR 04/17/2026 135.01 P,2MSTR 260417P00135010,,2MSTR 260417P00135010,,,-31540.0,-42974511.6,-4.06,,,,,MSTY,2026-04-01,MSTR,135.01,2026-04-17,Put,,16.0,,13.6254,1057409161.34,49594959.0,1983.8,,
MSTR 05/15/2026 140.01 P,2MSTR 260515P00140010,,2MSTR 260515P00140010,,,-31500.0,-68332635.0,-6.46,,,,,MSTY,2026-04-01,MSTR,140.01,2026-05-15,Put,,44.0,,21.6929,1057409161.34,49594959.0,1983.8,,
MSTR US 04/02/26 C130,MSTR  260402C00130000,,MSTR  260402C00130000,,,-21540.0,-2767890.0,-0.26,,,,,MSTY,2026-04-01,MSTR,130.0,2026-04-02,Call,,1.0,,1.285,1057409161.34,49594959.0,1983.8,,
MSTR US 04/02/26 C131,MSTR  260402C00131000,,MSTR  260402C00131000,,,-17500.0,-1828750.0,-0.17,,,,,MSTY,2026-04-01,MSTR,131.0,2026-04-02,Call,,1.0,,1.045,1057409161.34,49594959.0,1983.8,,
MSTR US 04/02/26 C137,MSTR  260402C00137000,,MSTR  260402C00137000,,,21540.0,603120.0,0.06,,,,,MSTY,2026-04-01,MSTR,137.0,2026-04-02,Call,,1.0,,0.28,1057409161.34,49594959.0,1983.8,,
MSTR US 04/02/26 C138,MSTR  260402C00138000,,MSTR  260402C00138000,,,17500.0,411250.0,0.04,,,,,MSTY,2026-04-01,MSTR,138.0,2026-04-02,Call,,1.0,,0.235,1057409161.34,49594959.0,1983.8,,
MSTR US 04/10/26 C130,MSTR  260410C00130000,,MSTR  260410C00130000,,,-7185.0,-2820112.5,-0.27,,,,,MSTY,2026-04-01,MSTR,130.0,2026-04-10,Call,,9.0,,3.925,1057409161.34,49594959.0,1983.8,,
MSTR US 04/10/26 C131,MSTR  260410C00131000,,MSTR  260410C00131000,,,-2500.0,-900000.0,-0.09,,,,,MSTY,2026-04-01,MSTR,131.0,2026-04-10,Call,,9.0,,3.6,1057409161.34,49594959.0,1983.8,,
MSTR US 04/10/26 C132,MSTR  260410C00132000,,MSTR  260410C00132000,,,-5000.0,-1612500.0,-0.15,,,,,MSTY,2026-04-01,MSTR,132.0,2026-04-10,Call,,9.0,,3.225,1057409161.34,49594959.0,1983.8,,
MSTR US 04/10/26 C137,MSTR  260410C00137000,,MSTR  260410C00137000,,,7185.0,1340002.5,0.13,,,,,MSTY,2026-04-01,MSTR,137.0,2026-04-10,Call,,9.0,,1.865,1057409161.34,49594959.0,1983.8,,
MSTR US 04/10/26 C138,MSTR  260410C00138000,,MSTR  260410C00138000,,,2500.0,420000.0,0.04,,,,,MSTY,2026-04-01,MSTR,138.0,2026-04-10,Call,,9.0,,1.68,1057409161.34,49594959.0,1983.8,,
MSTR US 04/10/26 C139,MSTR  260410C00139000,,MSTR  260410C00139000,,,5000.0,775000.0,0.07,,,,,MSTY,2026-04-01,MSTR,139.0,2026-04-10,Call,,9.0,,1.55,1057409161.34,49594959.0,1983.8,,
MSTR US 04/17/26 C130,MSTR  260417C00130000,,MSTR  260417C00130000,,,20175.0,11651062.5,1.1,,,,,MSTY,2026-04-01,MSTR,130.0,2026-04-17,Call,,16.0,,5.775,1057409161.34,49594959.0,1983.8,,
MSTR US 04/17/26 C135,MSTR  260417C00135000,,MSTR  260417C00135000,,,31540.0,12537150.0,1.19,,,,,MSTY,2026-04-01,MSTR,135.0,2026-04-17,Call,,16.0,,3.975,1057409161.34,49594959.0,1983.8,,
MSTR US 05/15/26 C140,MSTR  260515C00140000,,MSTR  260515C00140000,,,31500.0,23625000.0,2.23,,,,,MSTY,2026-04-01,MSTR,140.0,2026-05-15,Call,,44.0,,7.5,1057409161.34,49594959.0,1983.8,,
STRATEGY CLL OPT 04/26 127,MSTR  260410C00127000,,MSTR  260410C00127000,,,-5000.0,-2612500.0,-0.25,,,,,MSTY,2026-04-01,MSTR,127.0,2026-04-10,Call,,9.0,,5.225,1057409161.34,49594959.0,1983.8,,
STRATEGY CLL OPT 04/26 128,MSTR  260410C00128000,,MSTR  260410C00128000,,,-3000.0,-1432500.0,-0.14,,,,,MSTY,2026-04-01,MSTR,128.0,2026-04-10,Call,,9.0,,4.775,1057409161.34,49594959.0,1983.8,,
STRATEGY CLL OPT 04/26 129,MSTR  260410C00129000,,MSTR  260410C00129000,,,-7500.0,-3318750.0,-0.31,,,,,MSTY,2026-04-01,MSTR,129.0,2026-04-10,Call,,9.0,,4.425,1057409161.34,49594959.0,1983.8,,
STRATEGY CLL OPT 04/26 134,MSTR  260410C00134000,,MSTR  260410C00134000,,,5000.0,1307500.0,0.12,,,,,MSTY,2026-04-01,MSTR,134.0,2026-04-10,Call,,9.0,,2.615,1057409161.34,49594959.0,1983.8,,
STRATEGY CLL OPT 04/26 135,MSTR  260410C00135000,,MSTR  260410C00135000,,,3000.0,714000.0,0.07,,,,,MSTY,2026-04-01,MSTR,135.0,2026-04-10,Call,,9.0,,2.38,1057409161.34,49594959.0,1983.8,,
STRATEGY CLL OPT 04/26 136,MSTR  260410C00136000,,MSTR  260410C00136000,,,7500.0,1575000.0,0.15,,,,,MSTY,2026-04-01,MSTR,136.0,2026-04-10,Call,,9.0,,2.1,1057409161.34,49594959.0,1983.8,,
United States Treasury Bill 04/09/2026,912797SL2,,912797SL2,,,33848000.0,33820853.9,3.2,,,,,MSTY,2026-04-01,,,,,,,,99.9198,1057409161.34,49594959.0,1983.8,,
United States Treasury Bill 05/12/2026,912797TR8,,912797TR8,,,33049000.0,32912610.08,3.11,,,,,MSTY,2026-04-01,,,,,,,,99.58731,1057409161.34,49594959.0,1983.8,,
United States Treasury Bill 06/11/2026,912797QX8,,912797QX8,,,121688000.0,120824975.32,11.43,,,,,MSTY,2026-04-01,,,,,,,,99.290789,1057409161.34,49594959.0,1983.8,,
United States Treasury Bill 07/09/2026,912797RF6,,912797RF6,,,169519000.0,167840341.49,15.87,,,,,MSTY,2026-04-01,,,,,,,,99.009752,1057409161.34,49594959.0,1983.8,,
United States Treasury Bill 08/06/2026,912797RG4,,912797RG4,,,178441000.0,176188690.93,16.66,,,,,MSTY,2026-04-01,,,,,,,,98.737785,1057409161.34,49594959.0,1983.8,,
United States Treasury Bill 09/03/2026,912797RS8,,912797RS8,,,98411000.0,96894410.71,9.16,,,,,MSTY,2026-04-01,,,,,,,,98.458923,1057409161.34,49594959.0,1983.8,,
Cash & Other,Cash&Other,,Cash&Other,,,150883138.0,150883137.72,11.36,,,,,NVDY,2026-04-01,,,,,,,,1.0,1328252185.0,102050000.0,4082.0,,
First American Government Obligations Fund 12/01/2031,FGXXX,,31846V336,,,17927300.0,17927299.87,1.35,,,,,NVDY,2026-04-01,,,,,,,,100.0,1328252185.0,102050000.0,4082.0,,
NVDA 05/15/2026 195.01 P,2NVDA 260515P00195010,,2NVDA 260515P00195010,,,-28140.0,-60977128.8,-4.59,,,,,NVDY,2026-04-01,NVDA,195.01,2026-05-15,Put,,44.0,,21.6692,1328252185.0,102050000.0,4082.0,,
NVDA 05/15/2026 200.01 P,2NVDA 260515P00200010,,2NVDA 260515P00200010,,,-47410.0,-122583770.1,-9.23,,,,,NVDY,2026-04-01,NVDA,200.01,2026-05-15,Put,,44.0,,25.8561,1328252185.0,102050000.0,4082.0,,
NVDA US 04/02/26 C172.5,NVDA  260402C00172500,,NVDA  260402C00172500,,,-25110.0,-8035200.0,-0.6,,,,,NVDY,2026-04-01,NVDA,172.5,2026-04-02,Call,,1.0,,3.2,1328252185.0,102050000.0,4082.0,,
NVDA US 04/02/26 C175,NVDA  260402C00175000,,NVDA  260402C00175000,,,-12500.0,-2137500.0,-0.16,,,,,NVDY,2026-04-01,NVDA,175.0,2026-04-02,Call,,1.0,,1.71,1328252185.0,102050000.0,4082.0,,
NVDA US 04/02/26 C177.5,NVDA  260402C00177500,,NVDA  260402C00177500,,,-17940.0,-1318590.0,-0.1,,,,,NVDY,2026-04-01,NVDA,177.5,2026-04-02,Call,,1.0,,0.735,1328252185.0,102050000.0,4082.0,,
NVDA US 04/02/26 C180,NVDA  260402C00180000,,NVDA  260402C00180000,,,37610.0,959055.0,0.07,,,,,NVDY,2026-04-01,NVDA,180.0,2026-04-02,Call,,1.0,,0.255,1328252185.0,102050000.0,4082.0,,
NVDA US 04/02/26 C182.5,NVDA  260402C00182500,,NVDA  260402C00182500,,,17940.0,152490.0,0.01,,,,,NVDY,2026-04-01,NVDA,182.5,2026-04-02,Call,,1.0,,0.085,1328252185.0,102050000.0,4082.0,,
NVDA US 04/10/26 C180,NVDA  260410C00180000,,NVDA  260410C00180000,,,10000.0,1610000.0,0.12,,,,,NVDY,2026-04-01,NVDA,180.0,2026-04-10,Call,,9.0,,1.61,1328252185.0,102050000.0,4082.0,,
NVDA US 05/15/26 C195,NVDA  260515C00195000,,NVDA  260515C00195000,,,28140.0,6261150.0,0.47,,,,,NVDY,2026-04-01,NVDA,195.0,2026-05-15,Call,,44.0,,2.225,1328252185.0,102050000.0,4082.0,,
NVDA US 05/15/26 C200,NVDA  260515C00200000,,NVDA  260515C00200000,,,47410.0,6898155.0,0.52,,,,,NVDY,2026-04-01,NVDA,200.0,2026-05-15,Call,,44.0,,1.455,1328252185.0,102050000.0,4082.0,,
NVIDIA C CLL OPT 04/26 172.500,NVDA  260410C00172500,,NVDA  260410C00172500,,,-10000.0,-5250000.0,-0.4,,,,,NVDY,2026-04-01,NVDA,172.5,2026-04-10,Call,,9.0,,5.25,1328252185.0,102050000.0,4082.0,,
NVIDIA C CLL OPT 04/26 175,NVDA  260410C00175000,,NVDA  260410C00175000,,,-10000.0,-3750000.0,-0.28,,,,,NVDY,2026-04-01,NVDA,175.0,2026-04-10,Call,,9.0,,3.75,1328252185.0,102050000.0,4082.0,,
NVIDIA C CLL OPT 04/26 177.500,NVDA  260410C00177500,,NVDA  260410C00177500,,,10000.0,2535000.0,0.19,,,,,NVDY,2026-04-01,NVDA,177.5,2026-04-10,Call,,9.0,,2.535,1328252185.0,102050000.0,4082.0,,
United States Treasury Bill 04/09/2026,912797SL2,,912797SL2,,,103130000.0,103047289.74,7.76,,,,,NVDY,2026-04-01,,,,,,,,99.9198,1328252185.0,102050000.0,4082.0,,
United States Treasury Bill 05/12/2026,912797TR8,,912797TR8,,,302468000.0,301219744.81,22.68,,,,,NVDY,2026-04-01,,,,,,,,99.58731,1328252185.0,102050000.0,4082.0,,
United States Treasury Bill 06/11/2026,912797QX8,,912797QX8,,,194976000.0,193593208.76,14.58,,,,,NVDY,2026-04-01,,,,,,,,99.290789,1328252185.0,102050000.0,4082.0,,
United States Treasury Bill 07/09/2026,912797RF6,,912797RF6,,,402865000.0,398875637.39,30.03,,,,,NVDY,2026-04-01,,,,,,,,99.009752,1328252185.0,102050000.0,4082.0,,
United States Treasury Bill 08/06/2026,912797RG4,,912797RG4,,,146533000.0,144683438.49,10.89,,,,,NVDY,2026-04-01,,,,,,,,98.737785,1328252185.0,102050000.0,4082.0,,
United States Treasury Bill 09/03/2026,912797RS8,,912797RS8,,,204616000.0,201462709.89,15.17,,,,,NVDY,2026-04-01,,,,,,,,98.458923,1328252185.0,102050000.0,4082.0,,
Cash & Other,Cash&Other,,Cash&Other,,,3783868.0,3783868.31,0.96,,,,,CONY,2026-04-01,,,,,,,,1.0,393267437.98,14882457.0,595.3,,
COIN 04/17/2026 170.01 P,2COIN 260417P00170010,,2COIN 260417P00170010,,,-12090.0,-10327519.8,-2.63,,,,,CONY,2026-04-01,COIN,170.01,2026-04-17,Put,,16.0,,8.5422,393267437.98,14882457.0,595.3,,
COIN 05/15/2026 190.01 P,2COIN 260515P00190010,,2COIN 260515P00190010,,,-10265.0,-27416480.55,-6.97,,,,,CONY,2026-04-01,COIN,190.01,2026-05-15,Put,,44.0,,26.7087,393267437.98,14882457.0,595.3,,
COIN US 04/02/26 C167.5,COIN  260402C00167500,,COIN  260402C00167500,,,-3000.0,-2655000.0,-0.68,,,,,CONY,2026-04-01,COIN,167.5,2026-04-02,Call,,1.0,,8.85,393267437.98,14882457.0,595.3,,
COIN US 04/02/26 C177.5,COIN  260402C00177500,,COIN  260402C00177500,,,3000.0,907500.0,0.23,,,,,CONY,2026-04-01,COIN,177.5,2026-04-02,Call,,1.0,,3.025,393267437.98,14882457.0,595.3,,
COIN US 04/02/26 C180,COIN  260402C00180000,,COIN  260402C00180000,,,-4000.0,-864000.0,-0.22,,,,,CONY,2026-04-01,COIN,180.0,2026-04-02,Call,,1.0,,2.16,393267437.98,14882457.0,595.3,,
COIN US 04/02/26 C190,COIN  260402C00190000,,COIN  260402C00190000,,,4000.0,176000.0,0.04,,,,,CONY,2026-04-01,COIN,190.0,2026-04-02,Call,,1.0,,0.44,393267437.98,14882457.0,595.3,,
COIN US 04/10/26 C165,COIN  260410C00165000,,COIN  260410C00165000,,,-1660.0,-2452650.0,-0.62,,,,,CONY,2026-04-01,COIN,165.0,2026-04-10,Call,,9.0,,14.775,393267437.98,14882457.0,595.3,,
COIN US 04/10/26 C167.5,COIN  260410C00167500,,COIN  260410C00167500,,,-1340.0,-1678350.0,-0.43,,,,,CONY,2026-04-01,COIN,167.5,2026-04-10,Call,,9.0,,12.525,393267437.98,14882457.0,595.3,,
COIN US 04/10/26 C170,COIN  260410C00170000,,COIN  260410C00170000,,,-2090.0,-2330350.0,-0.59,,,,,CONY,2026-04-01,COIN,170.0,2026-04-10,Call,,9.0,,11.15,393267437.98,14882457.0,595.3,,
COIN US 04/10/26 C172.5,COIN  260410C00172500,,COIN  260410C00172500,,,1660.0,1610200.0,0.41,,,,,CONY,2026-04-01,COIN,172.5,2026-04-10,Call,,9.0,,9.7,393267437.98,14882457.0,595.3,,
COIN US 04/10/26 C175,COIN  260410C00175000,,COIN  260410C00175000,,,-175.0,-147437.5,-0.04,,,,,CONY,2026-04-01,COIN,175.0,2026-04-10,Call,,9.0,,8.425,393267437.98,14882457.0,595.3,,
COIN US 04/10/26 C177.5,COIN  260410C00177500,,COIN  260410C00177500,,,2090.0,1510025.0,0.38,,,,,CONY,2026-04-01,COIN,177.5,2026-04-10,Call,,9.0,,7.225,393267437.98,14882457.0,595.3,,
COIN US 04/17/26 C170,COIN  260417C00170000,,COIN  260417C00170000,,,12090.0,16653975.0,4.23,,,,,CONY,2026-04-01,COIN,170.0,2026-04-17,Call,,16.0,,13.775,393267437.98,14882457.0,595.3,,
COIN US 05/15/26 C190,COIN  260515C00190000,,COIN  260515C00190000,,,10265.0,12856912.5,3.27,,,,,CONY,2026-04-01,COIN,190.0,2026-05-15,Call,,44.0,,12.525,393267437.98,14882457.0,595.3,,
COINBASE CLL OPT 04/26 180,COIN  260410C00180000,,COIN  260410C00180000,,,-1000.0,-607500.0,-0.15,,,,,CONY,2026-04-01,COIN,180.0,2026-04-10,Call,,9.0,,6.075,393267437.98,14882457.0,595.3,,
COINBASE CLL OPT 04/26 182.500,COIN  260410C00182500,,COIN  260410C00182500,,,250.0,129375.0,0.03,,,,,CONY,2026-04-01,COIN,182.5,2026-04-10,Call,,9.0,,5.175,393267437.98,14882457.0,595.3,,
COINBASE CLL OPT 04/26 185,COIN  260410C00185000,,COIN  260410C00185000,,,765.0,327037.5,0.08,,,,,CONY,2026-04-01,COIN,185.0,2026-04-10,Call,,9.0,,4.275,393267437.98,14882457.0,595.3,,
COINBASE CLL OPT 04/26 190,COIN  260410C00190000,,COIN  260410C00190000,,,1500.0,430500.0,0.11,,,,,CONY,2026-04-01,COIN,190.0,2026-04-10,Call,,9.0,,2.87,393267437.98,14882457.0,595.3,,
First American Government Obligations Fund 12/01/2031,FGXXX,,31846V336,,,17068439.0,17068439.34,4.34,,,,,CONY,2026-04-01,,,,,,,,100.0,393267437.98,14882457.0,595.3,,
United States Treasury Bill 04/09/2026,912797SL2,,912797SL2,,,23117000.0,23098460.17,5.87,,,,,CONY,2026-04-01,,,,,,,,99.9198,393267437.98,14882457.0,595.3,,
United States Treasury Bill 05/12/2026,912797TR8,,912797TR8,,,1000000.0,995873.1,0.25,,,,,CONY,2026-04-01,,,,,,,,99.58731,393267437.98,14882457.0,595.3,,
United States Treasury Bill 06/11/2026,912797QX8,,912797QX8,,,94702000.0,94030363.0,23.91,,,,,CONY,2026-04-01,,,,,,,,99.290789,393267437.98,14882457.0,595.3,,
United States Treasury Bill 07/09/2026,912797RF6,,912797RF6,,,148005000.0,146539383.45,37.26,,,,,CONY,2026-04-01,,,,,,,,99.009752,393267437.98,14882457.0,595.3,,
United States Treasury Bill 08/06/2026,912797RG4,,912797RG4,,,106449000.0,105105384.75,26.73,,,,,CONY,2026-04-01,,,,,,,,98.737785,393267437.98,14882457.0,595.3,,
United States Treasury Bill 09/03/2026,912797RS8,,912797RS8,,,16265000.0,16014343.83,4.07,,,,,CONY,2026-04-01,,,,,,,,98.458923,393267437.98,14882457.0,595.3,,
Cash & Other,Cash&Other,,Cash&Other,,,16010291.0,16010290.92,1.86,,,,,TSLY,2026-04-01,,,,,,,,1.0,862725498.82,28779965.0,1151.2,,
First American Government Obligations Fund 12/01/2031,FGXXX,,31846V336,,,9462617.0,9462617.46,1.1,,,,,TSLY,2026-04-01,,,,,,,,100.0,862725498.82,28779965.0,1151.2,,
TESLA  I CLL OPT 04/26 375,TSLA  260410C00375000,,TSLA  260410C00375000,,,-2000.0,-1790000.0,-0.21,,,,,TSLY,2026-04-01,TSLA,375.0,2026-04-10,Call,,9.0,,8.95,862725498.82,28779965.0,1151.2,,
TESLA  I CLL OPT 04/26 390,TSLA  260410C00390000,,TSLA  260410C00390000,,,2000.0,700000.0,0.08,,,,,TSLY,2026-04-01,TSLA,390.0,2026-04-10,Call,,9.0,,3.5,862725498.82,28779965.0,1151.2,,
TESLA IN CLL OPT 04/26 382.500,TSLA  260410C00382500,,TSLA  260410C00382500,,,-4000.0,-2300000.0,-0.27,,,,,TSLY,2026-04-01,TSLA,382.5,2026-04-10,Call,,9.0,,5.75,862725498.82,28779965.0,1151.2,,
TESLA IN CLL OPT 04/26 397.500,TSLA  260410C00397500,,TSLA  260410C00397500,,,4000.0,820000.0,0.1,,,,,TSLY,2026-04-01,TSLA,397.5,2026-04-10,Call,,9.0,,2.05,862725498.82,28779965.0,1151.2,,
TSLA 05/15/2026 405.01 P,2TSLA 260515P00405010,,2TSLA 260515P00405010,,,-11611.0,-49088869.69,-5.69,,,,,TSLY,2026-04-01,TSLA,405.01,2026-05-15,Put,,44.0,,42.2779,862725498.82,28779965.0,1151.2,,
TSLA 05/15/2026 410.01 P,2TSLA 260515P00410010,,2TSLA 260515P00410010,,,-11408.0,-52295755.04,-6.06,,,,,TSLY,2026-04-01,TSLA,410.01,2026-05-15,Put,,44.0,,45.8413,862725498.82,28779965.0,1151.2,,
TSLA US 04/02/26 C372.5,TSLA  260402C00372500,,TSLA  260402C00372500,,,-4000.0,-2080000.0,-0.24,,,,,TSLY,2026-04-01,TSLA,372.5,2026-04-02,Call,,1.0,,5.2,862725498.82,28779965.0,1151.2,,
TSLA US 04/02/26 C375,TSLA  260402C00375000,,TSLA  260402C00375000,,,-4019.0,-1607600.0,-0.19,,,,,TSLY,2026-04-01,TSLA,375.0,2026-04-02,Call,,1.0,,4.0,862725498.82,28779965.0,1151.2,,
TSLA US 04/02/26 C382.5,TSLA  260402C00382500,,TSLA  260402C00382500,,,-3000.0,-483000.0,-0.06,,,,,TSLY,2026-04-01,TSLA,382.5,2026-04-02,Call,,1.0,,1.61,862725498.82,28779965.0,1151.2,,
TSLA US 04/02/26 C385,TSLA  260402C00385000,,TSLA  260402C00385000,,,-6000.0,-678000.0,-0.08,,,,,TSLY,2026-04-01,TSLA,385.0,2026-04-02,Call,,1.0,,1.13,862725498.82,28779965.0,1151.2,,
TSLA US 04/02/26 C390,TSLA  260402C00390000,,TSLA  260402C00390000,,,4000.0,214000.0,0.02,,,,,TSLY,2026-04-01,TSLA,390.0,2026-04-02,Call,,1.0,,0.535,862725498.82,28779965.0,1151.2,,
TSLA US 04/02/26 C392.5,TSLA  260402C00392500,,TSLA  260402C00392500,,,4019.0,148703.0,0.02,,,,,TSLY,2026-04-01,TSLA,392.5,2026-04-02,Call,,1.0,,0.37,862725498.82,28779965.0,1151.2,,
TSLA US 04/02/26 C397.5,TSLA  260402C00397500,,TSLA  260402C00397500,,,3000.0,52500.0,0.01,,,,,TSLY,2026-04-01,TSLA,397.5,2026-04-02,Call,,1.0,,0.175,862725498.82,28779965.0,1151.2,,
TSLA US 04/02/26 C400,TSLA  260402C00400000,,TSLA  260402C00400000,,,6000.0,75000.0,0.01,,,,,TSLY,2026-04-01,TSLA,400.0,2026-04-02,Call,,1.0,,0.125,862725498.82,28779965.0,1151.2,,
TSLA US 05/15/26 C405,TSLA  260515C00405000,,TSLA  260515C00405000,,,11611.0,12975292.5,1.5,,,,,TSLY,2026-04-01,TSLA,405.0,2026-05-15,Call,,44.0,,11.175,862725498.82,28779965.0,1151.2,,
TSLA US 05/15/26 C410,TSLA  260515C00410000,,TSLA  260515C00410000,,,11408.0,11151320.0,1.29,,,,,TSLY,2026-04-01,TSLA,410.0,2026-05-15,Call,,44.0,,9.775,862725498.82,28779965.0,1151.2,,
United States Treasury Bill 04/09/2026,912797SL2,,912797SL2,,,143604000.0,143488829.59,16.63,,,,,TSLY,2026-04-01,,,,,,,,99.9198,862725498.82,28779965.0,1151.2,,
United States Treasury Bill 05/12/2026,912797TR8,,912797TR8,,,79744000.0,79414904.49,9.21,,,,,TSLY,2026-04-01,,,,,,,,99.58731,862725498.82,28779965.0,1151.2,,
United States Treasury Bill 06/11/2026,912797QX8,,912797QX8,,,187590000.0,186259591.09,21.59,,,,,TSLY,2026-04-01,,,,,,,,99.290789,862725498.82,28779965.0,1151.2,,
United States Treasury Bill 07/09/2026,912797RF6,,912797RF6,,,192794000.0,190884861.27,22.13,,,,,TSLY,2026-04-01,,,,,,,,99.009752,862725498.82,28779965.0,1151.2,,
United States Treasury Bill 08/06/2026,912797RG4,,912797RG4,,,171531000.0,169365909.99,19.63,,,,,TSLY,2026-04-01,,,,,,,,98.737785,862725498.82,28779965.0,1151.2,,
United States Treasury Bill 09/03/2026,912797RS8,,912797RS8,,,154071000.0,151696647.26,17.58,,,,,TSLY,2026-04-01,,,,,,,,98.458923,862725498.82,28779965.0,1151.2,,
Cash & Other,Cash&Other,,Cash&Other,,,6228123.0,6228123.4,6.42,,,,,HOOY,2026-04-01,,,,,,,,1.0,97034355.0,3450000.0,138.0,,
First American Government Obligations Fund 12/01/2031,FGXXX,,31846V336,,,1850830.0,1850830.09,1.91,,,,,HOOY,2026-04-01,,,,,,,,100.0,97034355.0,3450000.0,138.0,,
HOOD 04/17/2026 80.01 P,2HOOD 260417P00080010,,2HOOD 260417P00080010,,,-13820.0,-15144923.4,-15.61,,,,,HOOY,2026-04-01,HOOD,80.01,2026-04-17,Put,,16.0,,10.9587,97034355.0,3450000.0,138.0,,
HOOD US 04/02/26 C70,HOOD  260402C00070000,,HOOD  260402C00070000,,,-1580.0,-191970.0,-0.2,,,,,HOOY,2026-04-01,HOOD,70.0,2026-04-02,Call,,1.0,,1.215,97034355.0,3450000.0,138.0,,
HOOD US 04/02/26 C73,HOOD  260402C00073000,,HOOD  260402C00073000,,,-6330.0,-215220.0,-0.22,,,,,HOOY,2026-04-01,HOOD,73.0,2026-04-02,Call,,1.0,,0.34,97034355.0,3450000.0,138.0,,
HOOD US 04/02/26 C76,HOOD  260402C00076000,,HOOD  260402C00076000,,,1580.0,11060.0,0.01,,,,,HOOY,2026-04-01,HOOD,76.0,2026-04-02,Call,,1.0,,0.07,97034355.0,3450000.0,138.0,,
HOOD US 04/02/26 C78,HOOD  260402C00078000,,HOOD  260402C00078000,,,6330.0,22155.0,0.02,,,,,HOOY,2026-04-01,HOOD,78.0,2026-04-02,Call,,1.0,,0.035,97034355.0,3450000.0,138.0,,
HOOD US 04/10/26 C68,HOOD  260410C00068000,,HOOD  260410C00068000,,,-1550.0,-581250.0,-0.6,,,,,HOOY,2026-04-01,HOOD,68.0,2026-04-10,Call,,9.0,,3.75,97034355.0,3450000.0,138.0,,
HOOD US 04/10/26 C72,HOOD  260410C00072000,,HOOD  260410C00072000,,,1550.0,287525.0,0.3,,,,,HOOY,2026-04-01,HOOD,72.0,2026-04-10,Call,,9.0,,1.855,97034355.0,3450000.0,138.0,,
HOOD US 04/17/26 C80,HOOD  260417C00080000,,HOOD  260417C00080000,,,13820.0,1050320.0,1.08,,,,,HOOY,2026-04-01,HOOD,80.0,2026-04-17,Call,,16.0,,0.76,97034355.0,3450000.0,138.0,,
ROBINHOO CLL OPT 04/26 70,HOOD  260410C00070000,,HOOD  260410C00070000,,,-2000.0,-535000.0,-0.55,,,,,HOOY,2026-04-01,HOOD,70.0,2026-04-10,Call,,9.0,,2.675,97034355.0,3450000.0,138.0,,
ROBINHOO CLL OPT 04/26 71,HOOD  260410C00071000,,HOOD  260410C00071000,,,-1000.0,-226000.0,-0.23,,,,,HOOY,2026-04-01,HOOD,71.0,2026-04-10,Call,,9.0,,2.26,97034355.0,3450000.0,138.0,,
ROBINHOO CLL OPT 04/26 73,HOOD  260410C00073000,,HOOD  260410C00073000,,,-1000.0,-151500.0,-0.16,,,,,HOOY,2026-04-01,HOOD,73.0,2026-04-10,Call,,9.0,,1.515,97034355.0,3450000.0,138.0,,
ROBINHOO CLL OPT 04/26 75,HOOD  260410C00075000,,HOOD  260410C00075000,,,2000.0,199000.0,0.21,,,,,HOOY,2026-04-01,HOOD,75.0,2026-04-10,Call,,9.0,,0.995,97034355.0,3450000.0,138.0,,
ROBINHOO CLL OPT 04/26 76,HOOD  260410C00076000,,HOOD  260410C00076000,,,1000.0,77000.0,0.08,,,,,HOOY,2026-04-01,HOOD,76.0,2026-04-10,Call,,9.0,,0.77,97034355.0,3450000.0,138.0,,
ROBINHOO CLL OPT 04/26 78,HOOD  260410C00078000,,HOOD  260410C00078000,,,1000.0,49500.0,0.05,,,,,HOOY,2026-04-01,HOOD,78.0,2026-04-10,Call,,9.0,,0.495,97034355.0,3450000.0,138.0,,
United States Treasury Bill 05/12/2026,912797TR8,,912797TR8,,,11376000.0,11329052.39,11.68,,,,,HOOY,2026-04-01,,,,,,,,99.58731,97034355.0,3450000.0,138.0,,
United States Treasury Bill 06/11/2026,912797QX8,,912797QX8,,,37124000.0,36860712.51,37.99,,,,,HOOY,2026-04-01,,,,,,,,99.290789,97034355.0,3450000.0,138.0,,
United States Treasury Bill 07/09/2026,912797RF6,,912797RF6,,,26752000.0,26487088.86,27.3,,,,,HOOY,2026-04-01,,,,,,,,99.009752,97034355.0,3450000.0,138.0,,
United States Treasury Bill 08/06/2026,912797RG4,,912797RG4,,,14068000.0,13890431.59,14.31,,,,,HOOY,2026-04-01,,,,,,,,98.737785,97034355.0,3450000.0,138.0,,
United States Treasury Bill 09/03/2026,912797RS8,,912797RS8,,,15761000.0,15518110.85,15.99,,,,,HOOY,2026-04-01,,,,,,,,98.458923,97034355.0,3450000.0,138.0,,
Cash & Other,Cash&Other,,Cash&Other,,,14164777.0,14164777.2,3.61,,,,,PLTY,2026-04-01,,,,,,,,1.0,392124420.0,10100000.0,404.0,,
First American Government Obligations Fund 12/01/2031,FGXXX,,31846V336,,,11412669.0,11412669.49,2.91,,,,,PLTY,2026-04-01,,,,,,,,100.0,392124420.0,10100000.0,404.0,,
PALANTIR CLL OPT 04/26 149,PLTR  260410C00149000,,PLTR  260410C00149000,,,-1500.0,-540000.0,-0.14,,,,,PLTY,2026-04-01,PLTR,149.0,2026-04-10,Call,,9.0,,3.6,392124420.0,10100000.0,404.0,,
PALANTIR CLL OPT 04/26 155,PLTR  260410C00155000,,PLTR  260410C00155000,,,4500.0,702000.0,0.18,,,,,PLTY,2026-04-01,PLTR,155.0,2026-04-10,Call,,9.0,,1.56,392124420.0,10100000.0,404.0,,
PLTR 04/17/2026 140.01 P,2PLTR 260417P00140010,,2PLTR 260417P00140010,,,-13851.0,-5118360.03,-1.31,,,,,PLTY,2026-04-01,PLTR,140.01,2026-04-17,Put,,16.0,,3.6953,392124420.0,10100000.0,404.0,,
PLTR 04/17/2026 150.01 P,2PLTR 260417P00150010,,2PLTR 260417P00150010,,,-12680.0,-10044081.6,-2.56,,,,,PLTY,2026-04-01,PLTR,150.01,2026-04-17,Put,,16.0,,7.9212,392124420.0,10100000.0,404.0,,
PLTR US 04/02/26 C142,PLTR  260402C00142000,,PLTR  260402C00142000,,,-3750.0,-1996875.0,-0.51,,,,,PLTY,2026-04-01,PLTR,142.0,2026-04-02,Call,,1.0,,5.325,392124420.0,10100000.0,404.0,,
PLTR US 04/02/26 C145,PLTR  260402C00145000,,PLTR  260402C00145000,,,3750.0,1228125.0,0.31,,,,,PLTY,2026-04-01,PLTR,145.0,2026-04-02,Call,,1.0,,3.275,392124420.0,10100000.0,404.0,,
PLTR US 04/10/26 C143,PLTR  260410C00143000,,PLTR  260410C00143000,,,-500.0,-345000.0,-0.09,,,,,PLTY,2026-04-01,PLTR,143.0,2026-04-10,Call,,9.0,,6.9,392124420.0,10100000.0,404.0,,
PLTR US 04/10/26 C144,PLTR  260410C00144000,,PLTR  260410C00144000,,,-500.0,-312500.0,-0.08,,,,,PLTY,2026-04-01,PLTR,144.0,2026-04-10,Call,,9.0,,6.25,392124420.0,10100000.0,404.0,,
PLTR US 04/10/26 C145,PLTR  260410C00145000,,PLTR  260410C00145000,,,-2601.0,-1482570.0,-0.38,,,,,PLTY,2026-04-01,PLTR,145.0,2026-04-10,Call,,9.0,,5.7,392124420.0,10100000.0,404.0,,
PLTR US 04/10/26 C147,PLTR  260410C00147000,,PLTR  260410C00147000,,,-4180.0,-1901900.0,-0.49,,,,,PLTY,2026-04-01,PLTR,147.0,2026-04-10,Call,,9.0,,4.55,392124420.0,10100000.0,404.0,,
PLTR US 04/10/26 C148,PLTR  260410C00148000,,PLTR  260410C00148000,,,500.0,203750.0,0.05,,,,,PLTY,2026-04-01,PLTR,148.0,2026-04-10,Call,,9.0,,4.075,392124420.0,10100000.0,404.0,,
PLTR US 04/10/26 C150,PLTR  260410C00150000,,PLTR  260410C00150000,,,101.0,32067.5,0.01,,,,,PLTY,2026-04-01,PLTR,150.0,2026-04-10,Call,,9.0,,3.175,392124420.0,10100000.0,404.0,,
PLTR US 04/10/26 C152.5,PLTR  260410C00152500,,PLTR  260410C00152500,,,4180.0,946770.0,0.24,,,,,PLTY,2026-04-01,PLTR,152.5,2026-04-10,Call,,9.0,,2.265,392124420.0,10100000.0,404.0,,
PLTR US 04/17/26 C140,PLTR  260417C00140000,,PLTR  260417C00140000,,,13851.0,14370412.5,3.66,,,,,PLTY,2026-04-01,PLTR,140.0,2026-04-17,Call,,16.0,,10.375,392124420.0,10100000.0,404.0,,
PLTR US 04/17/26 C150,PLTR  260417C00150000,,PLTR  260417C00150000,,,12680.0,5864500.0,1.5,,,,,PLTY,2026-04-01,PLTR,150.0,2026-04-17,Call,,16.0,,4.625,392124420.0,10100000.0,404.0,,
United States Treasury Bill 04/09/2026,912797SL2,,912797SL2,,,8827000.0,8819920.75,2.25,,,,,PLTY,2026-04-01,,,,,,,,99.9198,392124420.0,10100000.0,404.0,,
United States Treasury Bill 05/12/2026,912797TR8,,912797TR8,,,19444000.0,19363756.56,4.94,,,,,PLTY,2026-04-01,,,,,,,,99.58731,392124420.0,10100000.0,404.0,,
United States Treasury Bill 06/11/2026,912797QX8,,912797QX8,,,69299000.0,68807523.87,17.55,,,,,PLTY,2026-04-01,,,,,,,,99.290789,392124420.0,10100000.0,404.0,,
United States Treasury Bill 07/09/2026,912797RF6,,912797RF6,,,99457000.0,98472129.05,25.11,,,,,PLTY,2026-04-01,,,,,,,,99.009752,392124420.0,10100000.0,404.0,,
United States Treasury Bill 08/06/2026,912797RG4,,912797RG4,,,130884000.0,129231962.52,32.96,,,,,PLTY,2026-04-01,,,,,,,,98.737785,392124420.0,10100000.0,404.0,,
United States Treasury Bill 09/03/2026,912797RS8,,912797RS8,,,40379000.0,39756728.52,10.14,,,,,PLTY,2026-04-01,,,,,,,,98.458923,392124420.0,10100000.0,404.0,,
TREASURY BILL,TBILL,,912797SP3,,,3389000.0,3376672.51,110.21,,,,,MSII,2026-04-01,,,,,,,,,,,,,
FIRST AMERICAN GOVERNMENT OBLI FIRST AM GOV OBLIG X,FGXXX,,31846V336,,,116488.0,116487.62,3.8,,,,,MSII,2026-04-01,,,,,,,,,,,,,
MSTR 04/17/2026 138.24 C,2MSTR 260417C00138240,,,,,305.0,94781.8,3.09,,,,,MSII,2026-04-01,MSTR,138.24,2026-04-17,Call,,16.0,,,,,,,
MSTR 04/02/2026 135.59 C,2MSTR 260402C00135590,,,,,-152.0,-5567.76,-0.18,,,,,MSII,2026-04-01,MSTR,135.59,2026-04-02,Call,,1.0,,,,,,,
Cash & Other,Cash&Other,,,,,-25105.0,-25104.58,-0.82,,,,,MSII,2026-04-01,,,,,,,,,,,,,
MSTR 04/17/2026 138.24 P,2MSTR 260417P00138240,,,,,-305.0,-493746.2,-16.12,,,,,MSII,2026-04-01,MSTR,138.24,2026-04-17,Put,,16.0,,,,,,,
TREASURY BILL,TBILL,,912797SP3,,,87644000.0,87325194.95,103.36,,,,,NVII,2026-04-01,,,,,,,,,,,,,
NVDA 04/17/2026 178.56 C,2NVDA 260417C00178560,,,,,6106.0,2109561.94,2.5,,,,,NVII,2026-04-01,NVDA,178.56,2026-04-17,Call,,16.0,,,,,,,
FIRST AMERICAN GOVERNMENT OBLI FIRST AM GOV OBLIG X,FGXXX,,31846V336,,,855290.0,855290.17,1.01,,,,,NVII,2026-04-01,,,,,,,,,,,,,
NVDA 04/02/2026 177.89 C,2NVDA 260402C00177890,,,,,-51.0,-3723.0,0.0,,,,,NVII,2026-04-01,NVDA,177.89,2026-04-02,Call,,1.0,,,,,,,
NVDA 04/02/2026 174.66 C,2NVDA 260402C00174660,,,,,-3002.0,-554949.72,-0.66,,,,,NVII,2026-04-01,NVDA,174.66,2026-04-02,Call,,1.0,,,,,,,
Cash & Other,Cash&Other,,,,,-783066.0,-783066.23,-0.93,,,,,NVII,2026-04-01,,,,,,,,,,,,,
NVDA 04/17/2026 178.56 P,2NVDA 260417P00178560,,,,,-6106.0,-4467149.6,-5.29,,,,,NVII,2026-04-01,NVDA,178.56,2026-04-17,Put,,16.0,,,,,,,
TREASURY BILL,TBILL,,912797SP3,,,3181000.0,3169429.11,117.96,,,,,COII,2026-04-01,,,,,,,,,,,,,
Cash & Other,Cash&Other,,,,,62182.0,62182.41,2.31,,,,,COII,2026-04-01,,,,,,,,,,,,,
COIN 04/17/2026 202.91 C,2COIN 260417C00202910,,,,,195.0,46183.8,1.72,,,,,COII,2026-04-01,COIN,202.91,2026-04-17,Call,,16.0,,,,,,,
FIRST AMERICAN GOVERNMENT OBLI FIRST AM GOV OBLIG X,FGXXX,,31846V336,,,39163.0,39163.29,1.46,,,,,COII,2026-04-01,,,,,,,,,,,,,
COIN 04/02/2026 164.01 C,2COIN 260402C00164010,,,,,-9.0,-10451.61,-0.39,,,,,COII,2026-04-01,COIN,164.01,2026-04-02,Call,,1.0,,,,,,,
COIN 04/02/2026 176.85 C,2COIN 260402C00176850,,,,,-88.0,-28852.56,-1.07,,,,,COII,2026-04-01,COIN,176.85,2026-04-02,Call,,1.0,,,,,,,
COIN 04/17/2026 202.91 P,2COIN 260417P00202910,,,,,-195.0,-590904.6,-21.99,,,,,COII,2026-04-01,COIN,202.91,2026-04-17,Put,,16.0,,,,,,,
TREASURY BILL,TBILL,,912797SP3,,,42005000.0,41852206.81,102.83,,,,,TSII,2026-04-01,,,,,,,,,,,,,
TSLA 04/17/2026 380.3 C,2TSLA 260417C00380300,,,,,1374.0,1310713.56,3.22,,,,,TSII,2026-04-01,TSLA,380.3,2026-04-17,Call,,16.0,,,,,,,
FIRST AMERICAN GOVERNMENT OBLI FIRST AM GOV OBLIG X,FGXXX,,31846V336,,,538897.0,538897.04,1.32,,,,,TSII,2026-04-01,,,,,,,,,,,,,
TSLA 04/02/2026 379.55 C,2TSLA 260402C00379550,,,,,-687.0,-160703.04,-0.39,,,,,TSII,2026-04-01,TSLA,379.55,2026-04-02,Call,,1.0,,,,,,,
Cash & Other,Cash&Other,,,,,-478213.0,-478213.08,-1.17,,,,,TSII,2026-04-01,,,,,,,,,,,,,
TSLA 04/17/2026 380.3 P,2TSLA 260417P00380300,,,,,-1374.0,-2366371.5,-5.81,,,,,TSII,2026-04-01,TSLA,380.3,2026-04-17,Put,,16.0,,,,,,,
TREASURY BILL,TBILL,,912797QN0,,,1044000.0,1039470.63,111.1,,,,,HOII,2026-04-01,,,,,,,,,,,,,
FIRST AMERICAN GOVERNMENT OBLI FIRST AM GOV OBLIG X,FGXXX,,31846V336,,,62986.0,62985.54,6.73,,,,,HOII,2026-04-01,,,,,,,,,,,,,
HOOD US 05/15/26 C80,HOOD  260515C00080000,,,,,164.0,49528.0,5.29,,,,,HOII,2026-04-01,HOOD,80.0,2026-05-15,Call,,44.0,,,,,,,
Cash & Other,Cash&Other,,,,,10082.0,10082.02,1.08,,,,,HOII,2026-04-01,,,,,,,,,,,,,
HOOD 04/02/2026 71 C,2HOOD 260402C00071000,,,,,-82.0,-6654.3,-0.71,,,,,HOII,2026-04-01,HOOD,71.0,2026-04-02,Call,,1.0,,,,,,,
HOOD 05/15/2026 80 P,2HOOD 260515P00080000,,,,,-164.0,-219773.12,-23.49,,,,,HOII,2026-04-01,HOOD,80.0,2026-05-15,Put,,44.0,,,,,,,
TREASURY BILL,TBILL,,912797QN0,,,1762000.0,1754355.6,100.66,,,,,PLTI,2026-04-01,,,,,,,,,,,,,
PLTR US 05/15/26 C150,PLTR  260515C00150000,,,,,148.0,159692.0,9.16,,,,,PLTI,2026-04-01,PLTR,150.0,2026-05-15,Call,,44.0,,,,,,,
FIRST AMERICAN GOVERNMENT OBLI FIRST AM GOV OBLIG X,FGXXX,,31846V336,,,31325.0,31324.54,1.8,,,,,PLTI,2026-04-01,,,,,,,,,,,,,
Cash & Other,Cash&Other,,,,,7117.0,7117.46,0.41,,,,,PLTI,2026-04-01,,,,,,,,,,,,,
PLTR 04/02/2026 150 C,2PLTR 260402C00150000,,,,,-74.0,-7321.56,-0.42,,,,,PLTI,2026-04-01,PLTR,150.0,2026-04-02,Call,,1.0,,,,,,,
PLTR 05/15/2026 150 P,2PLTR 260515P00150000,,,,,-148.0,-202295.28,-11.61,,,,,PLTI,2026-04-01,PLTR,150.0,2026-05-15,Put,,44.0,,,,,,,
