Name,Ticker,Security Type,CUSIP,ISIN,SEDOL,Share Quantity,Market Value,Weight,Coupon,Maturity Date,Sector,Country,ETF Ticker,Date,Underlying_Ticker,Option_Strike,Option_Expiry,Option_Type,Underlying_Price,DTE,Moneyness,Price,NetAssets,SharesOutstanding,CreationUnits,date,MoneyMarketFlag
VIASAT INC COMMON STOCK USD.0001,VSAT,COMMON STOCK,92552V100,US92552V1008,2946243,4798684.0,338691116.72,1.2891095492929578,0,,INFORMATION TECHNOLOGY,UNITED STATES,AVUV,2026-05-14,,,,,,,,,,,,,
MATSON INC COMMON STOCK,MATX,COMMON STOCK,57686G105,US57686G1058,B8GNC91,1432419.0,260299180.68,0.9907379996775281,0,,INDUSTRIALS,UNITED STATES,AVUV,2026-05-14,,,,,,,,,,,,,
AVNET INC COMMON STOCK USD1.0,AVT,COMMON STOCK,053807103,US0538071038,2066505,2791051.0,240644417.22,0.9159290011104743,0,,INFORMATION TECHNOLOGY,UNITED STATES,AVUV,2026-05-14,,,,,,,,,,,,,
SM ENERGY CO COMMON STOCK USD.01,SM,COMMON STOCK,78454L100,US78454L1008,2764188,7616776.0,237414907.92,0.90363700089955,0,,ENERGY,UNITED STATES,AVUV,2026-05-14,,,,,,,,,,,,,
LEAR CORP COMMON STOCK USD.01,LEA,COMMON STOCK,521865204,US5218652049,B570P91,1695985.0,233384495.85,0.8882966437702018,0,,CONSUMER DISCRETIONARY,UNITED STATES,AVUV,2026-05-14,,,,,,,,,,,,,
STONEX GROUP INC COMMON STOCK USD.01,SNEX,COMMON STOCK,861896108,US8618961085,BMQ8XV3,1895159.0,219895298.77,0.8369547221499237,0,,FINANCIALS,UNITED STATES,AVUV,2026-05-14,,,,,,,,,,,,,
PLEXUS CORP COMMON STOCK USD.01,PLXS,COMMON STOCK,729132100,US7291321005,2692160,773205.0,202510121.55,0.7707841116317264,0,,INFORMATION TECHNOLOGY,UNITED STATES,AVUV,2026-05-14,,,,,,,,,,,,,
GATX CORP COMMON STOCK USD.625,GATX,COMMON STOCK,361448103,US3614481030,2362128,1050990.0,188883922.8,0.7189207409614219,0,,INDUSTRIALS,UNITED STATES,AVUV,2026-05-14,,,,,,,,,,,,,
FIVE BELOW COMMON STOCK USD.01,FIVE,COMMON STOCK,33829M101,US33829M1018,B85KFY9,875398.0,183824826.02,0.6996650544437066,0,,CONSUMER DISCRETIONARY,UNITED STATES,AVUV,2026-05-14,,,,,,,,,,,,,
ARCHROCK INC COMMON STOCK USD.01,AROC,COMMON STOCK,03957W106,US03957W1062,BYRGSX7,4987126.0,183526236.8,0.6985285787706934,0,,ENERGY,UNITED STATES,AVUV,2026-05-14,,,,,,,,,,,,,
MAGNOLIA OIL + GAS CORP   A COMMON STOCK USD.0001,MGY,COMMON STOCK,559663109,US5596631094,BF2GC59,6260967.0,179001046.53,0.6813050210762436,0,,ENERGY,UNITED STATES,AVUV,2026-05-14,,,,,,,,,,,,,
MACY S INC COMMON STOCK USD.01,M,COMMON STOCK,55616P104,US55616P1049,2345022,9691667.0,178617422.81,0.6798448912518286,0,,CONSUMER DISCRETIONARY,UNITED STATES,AVUV,2026-05-14,,,,,,,,,,,,,
LIBERTY ENERGY INC COMMON STOCK,LBRT,COMMON STOCK,53115L104,US53115L1044,BDCWFT8,5322802.0,178207410.96,0.678284324218725,0,,ENERGY,UNITED STATES,AVUV,2026-05-14,,,,,,,,,,,,,
CABOT CORP COMMON STOCK USD1.0,CBT,COMMON STOCK,127055101,US1270551013,2162500,2119580.0,175713182.0,0.6687909120454225,0,,MATERIALS,UNITED STATES,AVUV,2026-05-14,,,,,,,,,,,,,
KODIAK GAS SERVICES INC COMMON STOCK USD.01,KGS,COMMON STOCK,50012A108,US50012A1088,BQLSDK5,2274265.0,172252831.1,0.6556202938364357,0,,ENERGY,UNITED STATES,AVUV,2026-05-14,,,,,,,,,,,,,
DANA INC COMMON STOCK USD.01,DAN,COMMON STOCK,235825205,US2358252052,B2PFJR3,5010772.0,171819371.88,0.6539704825714033,0,,CONSUMER DISCRETIONARY,UNITED STATES,AVUV,2026-05-14,,,,,,,,,,,,,
NOBLE CORP PLC COMMON STOCK USD.00001,NE,COMMON STOCK,G65431127,GB00BMXNWH07,BN2QTL0,3326212.0,170435102.88,0.6487017456645376,0,,ENERGY,UNITED STATES,AVUV,2026-05-14,,,,,,,,,,,,,
LANTHEUS HOLDINGS INC COMMON STOCK USD.01,LNTH,COMMON STOCK,516544103,US5165441032,BP8S8J5,1759531.0,169724360.26,0.6459965518956412,0,,HEALTH CARE,UNITED STATES,AVUV,2026-05-14,,,,,,,,,,,,,
CALIFORNIA RESOURCES CORP COMMON STOCK USD.01,CRC,COMMON STOCK,13057Q305,US13057Q3056,BMBK002,2808898.0,166623829.36,0.6341954629572143,0,,ENERGY,UNITED STATES,AVUV,2026-05-14,,,,,,,,,,,,,
PATTERSON UTI ENERGY INC COMMON STOCK USD.01,PTEN,COMMON STOCK,703481101,US7034811015,2672537,13761705.0,165140460.0,0.6285495351111484,0,,ENERGY,UNITED STATES,AVUV,2026-05-14,,,,,,,,,,,,,
NOV INC COMMON STOCK USD.01,NOV,COMMON STOCK,62955J103,US62955J1034,BN2RYW9,7931366.0,162513689.34,0.6185516492073149,0,,ENERGY,UNITED STATES,AVUV,2026-05-14,,,,,,,,,,,,,
WEATHERFORD INTERNATIONAL PL COMMON STOCK USD.001,WFRD,COMMON STOCK,G48833118,IE00BLNN3691,BLNN369,1483600.0,161831088.0,0.6159535654008191,0,,ENERGY,UNITED STATES,AVUV,2026-05-14,,,,,,,,,,,,,
MURPHY OIL CORP COMMON STOCK USD1.0,MUR,COMMON STOCK,626717102,US6267171022,2611206,4168553.0,160322548.38,0.610211835743243,0,,ENERGY,UNITED STATES,AVUV,2026-05-14,,,,,,,,,,,,,
SKYWEST INC COMMON STOCK,SKYW,COMMON STOCK,830879102,US8308791024,2814210,1853749.0,157420365.08,0.5991656877306826,0,,INDUSTRIALS,UNITED STATES,AVUV,2026-05-14,,,,,,,,,,,,,
UNITED NATURAL FOODS INC COMMON STOCK USD.01,UNFI,COMMON STOCK,911163103,US9111631035,2895163,3009882.0,156875049.84,0.5970901355577564,0,,CONSUMER STAPLES,UNITED STATES,AVUV,2026-05-14,,,,,,,,,,,,,
CAL MAINE FOODS INC COMMON STOCK USD.01,CALM,COMMON STOCK,128030202,US1280302027,2158781,1970932.0,156708803.32,0.5964573761912155,0,,CONSUMER STAPLES,UNITED STATES,AVUV,2026-05-14,,,,,,,,,,,,,
TELEPHONE AND DATA SYSTEMS COMMON STOCK USD.01,TDS,COMMON STOCK,879433829,US8794338298,B6YR5K3,3671998.0,155068475.54,0.59021404089017,0,,COMMUNICATION SERVICES,UNITED STATES,AVUV,2026-05-14,,,,,,,,,,,,,
RADIAN GROUP INC COMMON STOCK USD.001,RDN,COMMON STOCK,750236101,US7502361014,2173911,4195709.0,153856649.03,0.585601646147562,0,,FINANCIALS,UNITED STATES,AVUV,2026-05-14,,,,,,,,,,,,,
OSCAR HEALTH INC   CLASS A COMMON STOCK USD.00001,OSCR,COMMON STOCK,687793109,US6877931096,BKY83Q6,6451949.0,152395035.38,0.580038523819941,0,,FINANCIALS,UNITED STATES,AVUV,2026-05-14,,,,,,,,,,,,,
RUSH ENTERPRISES INC CL A COMMON STOCK USD.01,RUSHA,COMMON STOCK,781846209,US7818462092,2966876,2173084.0,152289726.72,0.5796377031531814,0,,INDUSTRIALS,UNITED STATES,AVUV,2026-05-14,,,,,,,,,,,,,
PRICESMART INC COMMON STOCK USD.0001,PSMT,COMMON STOCK,741511109,US7415111092,2092942,950427.0,150272012.97,0.5719579798464287,0,,CONSUMER STAPLES,UNITED STATES,AVUV,2026-05-14,,,,,,,,,,,,,
INTERNATIONAL SEAWAYS INC COMMON STOCK,INSW,COMMON STOCK,Y41053102,MHY410531021,BYX60M4,1751032.0,149380539.92,0.5685648987617471,0,,ENERGY,UNITED STATES,AVUV,2026-05-14,,,,,,,,,,,,,
IRIDIUM COMMUNICATIONS INC COMMON STOCK USD.001,IRDM,COMMON STOCK,46269C102,US46269C1027,B2QH310,3439631.0,148213699.79,0.5641237289765804,0,,COMMUNICATION SERVICES,UNITED STATES,AVUV,2026-05-14,,,,,,,,,,,,,
RYDER SYSTEM INC COMMON STOCK USD.5,R,COMMON STOCK,783549108,US7835491082,2760669,645172.0,146647595.6,0.5581628998704963,0,,INDUSTRIALS,UNITED STATES,AVUV,2026-05-14,,,,,,,,,,,,,
ALKERMES PLC COMMON STOCK USD.01,ALKS,COMMON STOCK,G01767105,IE00B56GVS15,B3P6D26,3746477.0,145775420.07,0.5548432680618115,0,,HEALTH CARE,UNITED STATES,AVUV,2026-05-14,,,,,,,,,,,,,
ALASKA AIR GROUP INC COMMON STOCK USD.01,ALK,COMMON STOCK,011659109,US0116591092,2012605,3746753.0,144474795.68,0.5498928951750659,0,,INDUSTRIALS,UNITED STATES,AVUV,2026-05-14,,,,,,,,,,,,,
VALARIS LTD COMMON STOCK USD.01,VAL,COMMON STOCK,G9460G101,BMG9460G1015,BMY0YX0,1449525.0,143430498.75,0.5459181433191639,0,,ENERGY,UNITED STATES,AVUV,2026-05-14,,,,,,,,,,,,,
AXOS FINANCIAL INC COMMON STOCK USD.01,AX,COMMON STOCK,05465C100,US05465C1009,BGK38H3,1706407.0,141324627.74,0.5379028801647586,0,,FINANCIALS,UNITED STATES,AVUV,2026-05-14,,,,,,,,,,,,,
BANK OZK COMMON STOCK,OZK,COMMON STOCK,06417N103,US06417N1037,BZ56Q65,3012311.0,140403815.71,0.5343981304905646,0,,FINANCIALS,UNITED STATES,AVUV,2026-05-14,,,,,,,,,,,,,
CNO FINANCIAL GROUP INC COMMON STOCK USD.01,CNO,COMMON STOCK,12621E103,US12621E1038,2657750,3032915.0,139574748.3,0.5312425746980514,0,,FINANCIALS,UNITED STATES,AVUV,2026-05-14,,,,,,,,,,,,,
HANOVER INSURANCE GROUP INC/ COMMON STOCK USD.01,THG,COMMON STOCK,410867105,US4108671052,2020415,727330.0,137683569.0,0.5240444606209389,0,,FINANCIALS,UNITED STATES,AVUV,2026-05-14,,,,,,,,,,,,,
PHOTRONICS INC COMMON STOCK USD.01,PLAB,COMMON STOCK,719405102,US7194051022,2687315,2645075.0,137173589.5,0.5221034016118915,0,,INFORMATION TECHNOLOGY,UNITED STATES,AVUV,2026-05-14,,,,,,,,,,,,,
MGIC INVESTMENT CORP COMMON STOCK USD1.0,MTG,COMMON STOCK,552848103,US5528481030,2548616,5188771.0,133766516.38,0.5091355666811562,0,,FINANCIALS,UNITED STATES,AVUV,2026-05-14,,,,,,,,,,,,,
TUTOR PERINI CORP COMMON STOCK USD1.0,TPC,COMMON STOCK,901109108,US9011091082,2681760,1656934.0,133615157.76,0.5085594729108225,0,,INDUSTRIALS,UNITED STATES,AVUV,2026-05-14,,,,,,,,,,,,,
BRIGHTHOUSE FINANCIAL INC COMMON STOCK USD.01,BHF,COMMON STOCK,10922N103,US10922N1037,BF429K9,2112934.0,129501724.86,0.4929031259622557,0,,FINANCIALS,UNITED STATES,AVUV,2026-05-14,,,,,,,,,,,,,
URBAN OUTFITTERS INC COMMON STOCK USD.0001,URBN,COMMON STOCK,917047102,US9170471026,2933438,1933727.0,128418810.07,0.488781388697993,0,,CONSUMER DISCRETIONARY,UNITED STATES,AVUV,2026-05-14,,,,,,,,,,,,,
VISHAY INTERTECHNOLOGY INC COMMON STOCK USD.1,VSH,COMMON STOCK,928298108,US9282981086,2930149,3286630.0,126535255.0,0.48161229359189517,0,,INFORMATION TECHNOLOGY,UNITED STATES,AVUV,2026-05-14,,,,,,,,,,,,,
CNX RESOURCES CORP COMMON STOCK USD.01,CNX,COMMON STOCK,12653C108,US12653C1080,BF3FTF4,3573397.0,126533987.77,0.4816074703231009,0,,ENERGY,UNITED STATES,AVUV,2026-05-14,,,,,,,,,,,,,
BRUNSWICK CORP COMMON STOCK USD.75,BC,COMMON STOCK,117043109,US1170431092,2149309,1614836.0,126247878.48,0.48051849514875256,0,,CONSUMER DISCRETIONARY,UNITED STATES,AVUV,2026-05-14,,,,,,,,,,,,,
TEREX CORP COMMON STOCK USD.01,TEX,COMMON STOCK,880779103,US8807791038,2884224,1998685.0,125197628.4,0.4765210847047315,0,,INDUSTRIALS,UNITED STATES,AVUV,2026-05-14,,,,,,,,,,,,,
CATALYST PHARMACEUTICALS INC COMMON STOCK USD.001,CPRX,COMMON STOCK,14888U101,US14888U1016,B1G7Q03,3998973.0,124607998.68,0.47427686492725407,0,,HEALTH CARE,UNITED STATES,AVUV,2026-05-14,,,,,,,,,,,,,
TRANSOCEAN LTD COMMON STOCK CHF.1,RIG,COMMON STOCK,H8817H100,CH0048265513,B3KFWW1,18561762.0,122878864.44,0.4676955188252947,0,,ENERGY,UNITED STATES,AVUV,2026-05-14,,,,,,,,,,,,,
OCEANEERING INTL INC COMMON STOCK USD.25,OII,COMMON STOCK,675232102,US6752321025,2655583,3149935.0,122437973.45,0.46601742112107863,0,,ENERGY,UNITED STATES,AVUV,2026-05-14,,,,,,,,,,,,,
ESSENT GROUP LTD COMMON STOCK USD.015,ESNT,COMMON STOCK,G3198U102,BMG3198U1027,BFWGXR8,2036728.0,122081476.32,0.4646605391956561,0,,FINANCIALS,UNITED STATES,AVUV,2026-05-14,,,,,,,,,,,,,
BENCHMARK ELECTRONICS INC COMMON STOCK USD.1,BHE,COMMON STOCK,08160H101,US08160H1014,2090816,1417197.0,121978145.79,0.4642672475904717,0,,INFORMATION TECHNOLOGY,UNITED STATES,AVUV,2026-05-14,,,,,,,,,,,,,
TRINITY INDUSTRIES INC COMMON STOCK USD.01,TRN,COMMON STOCK,896522109,US8965221091,2904627,3332430.0,121800316.5,0.46359040245174166,0,,INDUSTRIALS,UNITED STATES,AVUV,2026-05-14,,,,,,,,,,,,,
CHORD ENERGY CORP COMMON STOCK,CHRD,COMMON STOCK,674215207,US6742152076,BLDDYB1,847791.0,120411755.73,0.4583053304199871,0,,ENERGY,UNITED STATES,AVUV,2026-05-14,,,,,,,,,,,,,
INTERNATIONAL BANCSHARES CRP COMMON STOCK USD1.0,IBOC,COMMON STOCK,459044103,US4590441030,2243911,1687167.0,120244392.09,0.4576683191259862,0,,FINANCIALS,UNITED STATES,AVUV,2026-05-14,,,,,,,,,,,,,
JACKSON FINANCIAL INC A COMMON STOCK USD.01,JXN,COMMON STOCK,46817M107,US46817M1071,BMFX6P4,1105185.0,119680483.65,0.4555219984253701,0,,FINANCIALS,UNITED STATES,AVUV,2026-05-14,,,,,,,,,,,,,
HELMERICH + PAYNE COMMON STOCK USD.1,HP,COMMON STOCK,423452101,US4234521015,2420101,3116333.0,119168573.92,0.4535735926693829,0,,ENERGY,UNITED STATES,AVUV,2026-05-14,,,,,,,,,,,,,
BREAD FINANCIAL HOLDINGS INC COMMON STOCK USD.01,BFH,COMMON STOCK,018581108,US0185811082,2762030,1428538.0,119125783.82,0.4534107270853682,0,,FINANCIALS,UNITED STATES,AVUV,2026-05-14,,,,,,,,,,,,,
SLM CORP COMMON STOCK USD.2,SLM,COMMON STOCK,78442P106,US78442P1066,2101967,5508384.0,117438746.88,0.4469896096659766,0,,FINANCIALS,UNITED STATES,AVUV,2026-05-14,,,,,,,,,,,,,
LIVANOVA PLC COMMON STOCK GBP1.0,LIVN,COMMON STOCK,G5509L101,GB00BYMT0J19,BYMT0J1,1618722.0,117260221.68,0.4463101157886699,0,,HEALTH CARE,UNITED STATES,AVUV,2026-05-14,,,,,,,,,,,,,
PHINIA INC COMMON STOCK USD.01,PHIN,COMMON STOCK,71880K101,US71880K1016,BPW7PC0,1472163.0,116403928.41,0.44305093426054953,0,,CONSUMER DISCRETIONARY,UNITED STATES,AVUV,2026-05-14,,,,,,,,,,,,,
KIRBY CORP COMMON STOCK USD.1,KEX,COMMON STOCK,497266106,US4972661064,2493534,776787.0,113954652.9,0.43372862170813437,0,,INDUSTRIALS,UNITED STATES,AVUV,2026-05-14,,,,,,,,,,,,,
SIGNET JEWELERS LTD COMMON STOCK USD.18,SIG,COMMON STOCK,G81276100,BMG812761002,B3CTNK6,1457724.0,113731626.48,0.4328797494656293,0,,CONSUMER DISCRETIONARY,UNITED STATES,AVUV,2026-05-14,,,,,,,,,,,,,
FIRST BANCORP PUERTO RICO COMMON STOCK USD.1,FBP,COMMON STOCK,318672706,PR3186727065,2296926,4862418.0,112273231.62,0.4273288783389443,0,,FINANCIALS,UNITED STATES,AVUV,2026-05-14,,,,,,,,,,,,,
HARLEY DAVIDSON INC COMMON STOCK USD.01,HOG,COMMON STOCK,412822108,US4128221086,2411053,4364252.0,111724851.2,0.4252416596279448,0,,CONSUMER DISCRETIONARY,UNITED STATES,AVUV,2026-05-14,,,,,,,,,,,,,
VISTEON CORP COMMON STOCK,VC,COMMON STOCK,92839U206,US92839U2069,B4N0JJ6,971791.0,111707375.45,0.425175144283745,0,,CONSUMER DISCRETIONARY,UNITED STATES,AVUV,2026-05-14,,,,,,,,,,,,,
POLARIS INC COMMON STOCK USD.01,PII,COMMON STOCK,731068102,US7310681025,2692933,1717699.0,109228479.41,0.41574009151998936,0,,CONSUMER DISCRETIONARY,UNITED STATES,AVUV,2026-05-14,,,,,,,,,,,,,
PVH CORP COMMON STOCK USD1.0,PVH,COMMON STOCK,693656100,US6936561009,B3V9F12,1359357.0,109142773.53,0.4154138819948961,0,,CONSUMER DISCRETIONARY,UNITED STATES,AVUV,2026-05-14,,,,,,,,,,,,,
HANCOCK WHITNEY CORP COMMON STOCK USD3.33,HWC,COMMON STOCK,410120109,US4101201097,2415497,1651751.0,107677647.69,0.4098373917416212,0,,FINANCIALS,UNITED STATES,AVUV,2026-05-14,,,,,,,,,,,,,
GRANITE CONSTRUCTION INC COMMON STOCK USD.01,GVA,COMMON STOCK,387328107,US3873281071,2381189,752077.0,107644781.01,0.4097122961930521,0,,INDUSTRIALS,UNITED STATES,AVUV,2026-05-14,,,,,,,,,,,,,
GENTEX CORP COMMON STOCK USD.06,GNTX,COMMON STOCK,371901109,US3719011096,2366799,4693511.0,107481401.9,0.4090904506220917,0,,CONSUMER DISCRETIONARY,UNITED STATES,AVUV,2026-05-14,,,,,,,,,,,,,
COLUMBIA BANKING SYSTEM INC COMMON STOCK,COLB,COMMON STOCK,197236102,US1972361026,2176608,3679605.0,105641459.55,0.40208735211598473,0,,FINANCIALS,UNITED STATES,AVUV,2026-05-14,,,,,,,,,,,,,
ACADEMY SPORTS + OUTDOORS IN COMMON STOCK USD.01,ASO,COMMON STOCK,00402L107,US00402L1070,BN7K304,2103832.0,105128485.04,0.4001348936464833,0,,CONSUMER DISCRETIONARY,UNITED STATES,AVUV,2026-05-14,,,,,,,,,,,,,
SELECTIVE INSURANCE GROUP COMMON STOCK USD2.0,SIGI,COMMON STOCK,816300107,US8163001071,2766173,1230969.0,104841629.73,0.39904307900732905,0,,FINANCIALS,UNITED STATES,AVUV,2026-05-14,,,,,,,,,,,,,
ARGAN INC COMMON STOCK USD.15,AGX,COMMON STOCK,04010E109,US04010E1091,2804501,145071.0,104439514.32,0.39751256701761717,0,,INDUSTRIALS,UNITED STATES,AVUV,2026-05-14,,,,,,,,,,,,,
ABERCROMBIE + FITCH CO CL A COMMON STOCK USD.01,ANF,COMMON STOCK,002896207,US0028962076,2004185,1452066.0,104403545.4,0.39737566387501694,0,,CONSUMER DISCRETIONARY,UNITED STATES,AVUV,2026-05-14,,,,,,,,,,,,,
ARCBEST CORP COMMON STOCK USD.01,ARCB,COMMON STOCK,03937C105,US03937C1053,BLTFST7,928527.0,103512189.96,0.39398303043176025,0,,INDUSTRIALS,UNITED STATES,AVUV,2026-05-14,,,,,,,,,,,,,
TAYLOR MORRISON HOME CORP COMMON STOCK USD.00001,TMHC,COMMON STOCK,87724P106,US87724P1066,B832462,1813778.0,102986314.84,0.39198147029197067,0,,CONSUMER DISCRETIONARY,UNITED STATES,AVUV,2026-05-14,,,,,,,,,,,,,
ATKORE INC COMMON STOCK USD.01,ATKR,COMMON STOCK,047649108,US0476491081,BDHF495,1324393.0,99925451.85,0.3803313634108137,0,,INDUSTRIALS,UNITED STATES,AVUV,2026-05-14,,,,,,,,,,,,,
BANKUNITED INC COMMON STOCK USD.01,BKU,COMMON STOCK,06652K103,US06652K1034,B3NNTZ4,2157726.0,98910159.84,0.3764670086616047,0,,FINANCIALS,UNITED STATES,AVUV,2026-05-14,,,,,,,,,,,,,
PAR PACIFIC HOLDINGS INC COMMON STOCK USD.01,PARR,COMMON STOCK,69888T207,US69888T2078,BJH08C3,1607750.0,97301030.0,0.37034241743262614,0,,ENERGY,UNITED STATES,AVUV,2026-05-14,,,,,,,,,,,,,
FULTON FINANCIAL CORP COMMON STOCK USD2.5,FULT,COMMON STOCK,360271100,US3602711000,2356585,4701891.0,97188086.97,0.3699125392004804,0,,FINANCIALS,UNITED STATES,AVUV,2026-05-14,,,,,,,,,,,,,
TIDEWATER INC COMMON STOCK,TDW,COMMON STOCK,88642R109,US88642R1095,BDFGDQ0,1198346.0,97173877.14,0.3698584544411155,0,,ENERGY,UNITED STATES,AVUV,2026-05-14,,,,,,,,,,,,,
NEWMARKET CORP COMMON STOCK,NEU,COMMON STOCK,651587107,US6515871076,B01CGF1,140249.0,96869984.3,0.3687017923892742,0,,MATERIALS,UNITED STATES,AVUV,2026-05-14,,,,,,,,,,,,,
CRESCENT ENERGY INC A COMMON STOCK USD.0001,CRGY,COMMON STOCK,44952J104,US44952J1043,BNR4QY1,7580275.0,95511465.0,0.3635310627300828,0,,ENERGY,UNITED STATES,AVUV,2026-05-14,,,,,,,,,,,,,
KENNAMETAL INC COMMON STOCK USD1.25,KMT,COMMON STOCK,489170100,US4891701009,2488121,2599178.0,91179164.24,0.3470416716465186,0,,INDUSTRIALS,UNITED STATES,AVUV,2026-05-14,,,,,,,,,,,,,
NMI HOLDINGS INC COMMON STOCK USD.01,NMIH,COMMON STOCK,629209305,US6292093050,BGDW5G5,2450192.0,90853119.36,0.34580069558438725,0,,FINANCIALS,UNITED STATES,AVUV,2026-05-14,,,,,,,,,,,,,
CHEMOURS CO/THE COMMON STOCK USD.01,CC,COMMON STOCK,163851108,US1638511089,BZ0CTP8,3563453.0,89727746.54,0.3415173566446888,0,,MATERIALS,UNITED STATES,AVUV,2026-05-14,,,,,,,,,,,,,
ASSURED GUARANTY LTD COMMON STOCK USD.01,AGO,COMMON STOCK,G0585R106,BMG0585R1060,B00V7H8,1185588.0,89085082.32,0.33907127954938715,0,,FINANCIALS,UNITED STATES,AVUV,2026-05-14,,,,,,,,,,,,,
CHEESECAKE FACTORY INC/THE COMMON STOCK USD.01,CAKE,COMMON STOCK,163072101,US1630721017,2192392,1558260.0,88088437.8,0.33527789996380847,0,,CONSUMER DISCRETIONARY,UNITED STATES,AVUV,2026-05-14,,,,,,,,,,,,,
ALLEGIANT TRAVEL CO COMMON STOCK USD.001,ALGT,COMMON STOCK,01748X102,US01748X1028,B15M2C3,1167105.0,87777948.62,0.3340961312455547,0,,INDUSTRIALS,UNITED STATES,AVUV,2026-05-14,,,,,,,,,,,,,
MATERION CORP COMMON STOCK,MTRN,COMMON STOCK,576690101,US5766901012,2149622,415336.0,87656662.8,0.3336344990944963,0,,MATERIALS,UNITED STATES,AVUV,2026-05-14,,,,,,,,,,,,,
MYR GROUP INC/DELAWARE COMMON STOCK USD.01,MYRG,COMMON STOCK,55405W104,US55405W1045,B3CLS18,186552.0,87300739.44,0.33227980102436133,0,,INDUSTRIALS,UNITED STATES,AVUV,2026-05-14,,,,,,,,,,,,,
PEABODY ENERGY CORP COMMON STOCK,BTU,COMMON STOCK,704551100,US7045511000,BDVPZV0,3622168.0,87113140.4,0.33156577074141735,0,,ENERGY,UNITED STATES,AVUV,2026-05-14,,,,,,,,,,,,,
VERSANT MEDIA GROUP INC COMMON STOCK USD.01,VSNT,COMMON STOCK,925283103,US9252831030,BVV5S84,2152696.0,87055026.24,0.331344579470354,0,,COMMUNICATION SERVICES,UNITED STATES,AVUV,2026-05-14,,,,,,,,,,,,,
GENWORTH FINANCIAL INC COMMON STOCK USD.001,GNW,COMMON STOCK,37247D106,US37247D1063,B011WL6,9422164.0,86118578.96,0.32778031967296645,0,,FINANCIALS,UNITED STATES,AVUV,2026-05-14,,,,,,,,,,,,,
SIRIUSPOINT LTD COMMON STOCK USD.1,SPNT,COMMON STOCK,G8192H106,BMG8192H1060,BMCQX44,3827052.0,85879046.88,0.32686862439533304,0,,FINANCIALS,UNITED STATES,AVUV,2026-05-14,,,,,,,,,,,,,
MATADOR RESOURCES CO COMMON STOCK USD.01,MTDR,COMMON STOCK,576485205,US5764852050,B7MSLL8,1486111.0,85169021.41,0.32416616020766165,0,,ENERGY,UNITED STATES,AVUV,2026-05-14,,,,,,,,,,,,,
CATHAY GENERAL BANCORP COMMON STOCK USD.01,CATY,COMMON STOCK,149150104,US1491501045,2264235,1517262.0,84693564.84,0.3223565006848589,0,,FINANCIALS,UNITED STATES,AVUV,2026-05-14,,,,,,,,,,,,,
WERNER ENTERPRISES INC COMMON STOCK USD.01,WERN,COMMON STOCK,950755108,US9507551086,2948852,2427090.0,83928772.2,0.3194455843756247,0,,INDUSTRIALS,UNITED STATES,AVUV,2026-05-14,,,,,,,,,,,,,
NORTHERN OIL AND GAS INC COMMON STOCK USD.001,NOG,COMMON STOCK,665531307,US6655313079,BN6RJM0,3527323.0,82327718.82,0.3133517333733498,0,,ENERGY,UNITED STATES,AVUV,2026-05-14,,,,,,,,,,,,,
ASSOCIATED BANC CORP COMMON STOCK USD.01,ASB,COMMON STOCK,045487105,US0454871056,2055718,2980945.0,81797130.8,0.31133223522428,0,,FINANCIALS,UNITED STATES,AVUV,2026-05-14,,,,,,,,,,,,,
CALLAWAY GOLF COMPANY COMMON STOCK USD.01,CALY,COMMON STOCK,131193104,US1311931042,2173933,5285919.0,81085997.46,0.3086255543160456,0,,CONSUMER DISCRETIONARY,UNITED STATES,AVUV,2026-05-14,,,,,,,,,,,,,
TEXAS CAPITAL BANCSHARES INC COMMON STOCK USD.01,TCBI,COMMON STOCK,88224Q107,US88224Q1076,2977209,842271.0,80849593.29,0.3077257643363409,0,,FINANCIALS,UNITED STATES,AVUV,2026-05-14,,,,,,,,,,,,,
YETI HOLDINGS INC COMMON STOCK USD.01,YETI,COMMON STOCK,98585X104,US98585X1046,BGR7KH2,2105077.0,80687601.41,0.30710919877230053,0,,CONSUMER DISCRETIONARY,UNITED STATES,AVUV,2026-05-14,,,,,,,,,,,,,
LOUISIANA PACIFIC CORP COMMON STOCK USD1.0,LPX,COMMON STOCK,546347105,US5463471053,2535243,1146223.0,80166836.62,0.3051270893204027,0,,MATERIALS,UNITED STATES,AVUV,2026-05-14,,,,,,,,,,,,,
AMERICAN EAGLE OUTFITTERS COMMON STOCK USD.01,AEO,COMMON STOCK,02553E106,US02553E1064,2048592,5168808.0,79703019.36,0.3033617307695695,0,,CONSUMER DISCRETIONARY,UNITED STATES,AVUV,2026-05-14,,,,,,,,,,,,,
CARMAX INC COMMON STOCK USD.5,KMX,COMMON STOCK,143130102,US1431301027,2983563,2145960.0,79550737.2,0.3027821218664956,0,,CONSUMER DISCRETIONARY,UNITED STATES,AVUV,2026-05-14,,,,,,,,,,,,,
SCORPIO TANKERS INC COMMON STOCK USD.01,STNG,COMMON STOCK,Y7542C130,MHY7542C1306,BHXD297,954040.0,78355305.2,0.29823212710532687,0,,ENERGY,UNITED STATES,AVUV,2026-05-14,,,,,,,,,,,,,
LCI INDUSTRIES COMMON STOCK USD.01,LCII,COMMON STOCK,50189K103,US50189K1034,BYQ44Y5,697973.0,77447084.08,0.29477530033644106,0,,CONSUMER DISCRETIONARY,UNITED STATES,AVUV,2026-05-14,,,,,,,,,,,,,
CROCS INC COMMON STOCK USD.001,CROX,COMMON STOCK,227046109,US2270461096,B0T7Z62,789089.0,76486396.77,0.2911187793234338,0,,CONSUMER DISCRETIONARY,UNITED STATES,AVUV,2026-05-14,,,,,,,,,,,,,
MERCURY GENERAL CORP COMMON STOCK,MCY,COMMON STOCK,589400100,US5894001008,2578464,760762.0,75749072.34,0.2883124111705136,0,,FINANCIALS,UNITED STATES,AVUV,2026-05-14,,,,,,,,,,,,,
BANK OF N.T. BUTTERFIELD+SON COMMON STOCK BMD1.0,NTB,COMMON STOCK,G0772R208,BMG0772R2087,BD8FF02,1386528.0,75635102.4,0.2878786243637938,0,,FINANCIALS,UNITED STATES,AVUV,2026-05-14,,,,,,,,,,,,,
HUNTSMAN CORP COMMON STOCK USD.01,HUN,COMMON STOCK,447011107,US4470111075,B0650B9,5225796.0,75199204.44,0.2862195308859513,0,,MATERIALS,UNITED STATES,AVUV,2026-05-14,,,,,,,,,,,,,
TALOS ENERGY INC COMMON STOCK,TALO,COMMON STOCK,87484T108,US87484T1088,BDT56V9,4900315.0,75023822.65,0.28555200130191444,0,,ENERGY,UNITED STATES,AVUV,2026-05-14,,,,,,,,,,,,,
HOWARD HUGHES HOLDINGS INC COMMON STOCK,HHH,COMMON STOCK,44267T102,US44267T1025,BR1W702,1159282.0,74437497.22,0.2833203581512877,0,,REAL ESTATE,UNITED STATES,AVUV,2026-05-14,,,,,,,,,,,,,
SPECTRUM BRANDS HOLDINGS INC COMMON STOCK USD.01,SPB,COMMON STOCK,84790A105,US84790A1051,BDRYFB1,932844.0,74142441.12,0.2821973300666699,0,,CONSUMER STAPLES,UNITED STATES,AVUV,2026-05-14,,,,,,,,,,,,,
BLUE BIRD CORP COMMON STOCK USD.0001,BLBD,COMMON STOCK,095306106,US0953061068,BW0FQV1,1033675.0,73390925.0,0.2793369461979648,0,,INDUSTRIALS,UNITED STATES,AVUV,2026-05-14,,,,,,,,,,,,,
GOODYEAR TIRE + RUBBER CO COMMON STOCK,GT,COMMON STOCK,382550101,US3825501014,2378200,12360566.0,71814888.46,0.2733383130675061,0,,CONSUMER DISCRETIONARY,UNITED STATES,AVUV,2026-05-14,,,,,,,,,,,,,
FIRST AMERICAN FINANCIAL COMMON STOCK USD.00001,FAF,COMMON STOCK,31847R102,US31847R1023,B4NFPK4,1066541.0,71308931.26,0.27141256353982446,0,,FINANCIALS,UNITED STATES,AVUV,2026-05-14,,,,,,,,,,,,,
AMKOR TECHNOLOGY INC COMMON STOCK USD.001,AMKR,COMMON STOCK,031652100,US0316521006,2242929,955611.0,71298136.71,0.2713714778520152,0,,INFORMATION TECHNOLOGY,UNITED STATES,AVUV,2026-05-14,,,,,,,,,,,,,
CENTRAL GARDEN AND PET CO A COMMON STOCK USD.01,CENTA,COMMON STOCK,153527205,US1535272058,B1P36Y6,2059626.0,70768749.36,0.26935654963432576,0,,CONSUMER STAPLES,UNITED STATES,AVUV,2026-05-14,,,,,,,,,,,,,
DXC TECHNOLOGY CO COMMON STOCK USD.01,DXC,COMMON STOCK,23355L106,US23355L1061,BYXD7B3,8580418.0,70531035.96,0.26845177652748264,0,,INFORMATION TECHNOLOGY,UNITED STATES,AVUV,2026-05-14,,,,,,,,,,,,,
MUELLER WATER PRODUCTS INC A COMMON STOCK USD.01,MWA,COMMON STOCK,624758108,US6247581084,B15RZR4,2765505.0,70354447.2,0.2677796530333138,0,,INDUSTRIALS,UNITED STATES,AVUV,2026-05-14,,,,,,,,,,,,,
GREENBRIER COMPANIES INC COMMON STOCK,GBX,COMMON STOCK,393657101,US3936571013,2387530,1413891.0,70341077.25,0.2677287649840922,0,,INDUSTRIALS,UNITED STATES,AVUV,2026-05-14,,,,,,,,,,,,,
VALLEY NATIONAL BANCORP COMMON STOCK,VLY,COMMON STOCK,919794107,US9197941076,2935326,5366035.0,69758455.0,0.2655112166959082,0,,FINANCIALS,UNITED STATES,AVUV,2026-05-14,,,,,,,,,,,,,
BANCORP INC/THE COMMON STOCK USD1.0,TBBK,COMMON STOCK,05969A105,US05969A1051,B05BRL7,1323396.0,69637097.52,0.2650493117960656,0,,FINANCIALS,UNITED STATES,AVUV,2026-05-14,,,,,,,,,,,,,
INTERFACE INC COMMON STOCK USD.1,TILE,COMMON STOCK,458665304,US4586653044,B86V808,2427262.0,67259430.02,0.2559995501460503,0,,INDUSTRIALS,UNITED STATES,AVUV,2026-05-14,,,,,,,,,,,,,
PROVIDENT FINANCIAL SERVICES COMMON STOCK USD.01,PFS,COMMON STOCK,74386T105,US74386T1051,2171603,3063095.0,66652947.2,0.25369118492432396,0,,FINANCIALS,UNITED STATES,AVUV,2026-05-14,,,,,,,,,,,,,
BANK OF HAWAII CORP COMMON STOCK USD.01,BOH,COMMON STOCK,062540109,US0625401098,2074070,878536.0,66557887.36,0.2533293728145615,0,,FINANCIALS,UNITED STATES,AVUV,2026-05-14,,,,,,,,,,,,,
CUSTOMERS BANCORP INC COMMON STOCK USD1.0,CUBI,COMMON STOCK,23204G100,US23204G1004,B6XHXY4,908322.0,65962343.64,0.2510626434597785,0,,FINANCIALS,UNITED STATES,AVUV,2026-05-14,,,,,,,,,,,,,
PRIMORIS SERVICES CORP COMMON STOCK USD.0001,PRIM,COMMON STOCK,74164F103,US74164F1030,B1GC200,580593.0,65572173.42,0.2495775966675193,0,,INDUSTRIALS,UNITED STATES,AVUV,2026-05-14,,,,,,,,,,,,,
WAFD INC COMMON STOCK USD1.0,WAFD,COMMON STOCK,938824109,US9388241096,2941981,1832685.0,63392574.15,0.2412817126189518,0,,FINANCIALS,UNITED STATES,AVUV,2026-05-14,,,,,,,,,,,,,
KAISER ALUMINUM CORP COMMON STOCK USD.01,KALU,COMMON STOCK,483007704,US4830077040,B15CJ33,350211.0,62834857.62,0.23915895926307945,0,,MATERIALS,UNITED STATES,AVUV,2026-05-14,,,,,,,,,,,,,
ACADIA HEALTHCARE CO INC COMMON STOCK USD.01,ACHC,COMMON STOCK,00404A109,US00404A1097,B65VZ37,2304993.0,62580559.95,0.23819106391957404,0,,HEALTH CARE,UNITED STATES,AVUV,2026-05-14,,,,,,,,,,,,,
KOHLS CORP COMMON STOCK USD.01,KSS,COMMON STOCK,500255104,US5002551043,2496113,5179051.0,62562936.08,0.23812398480828073,0,,CONSUMER DISCRETIONARY,UNITED STATES,AVUV,2026-05-14,,,,,,,,,,,,,
SELECT WATER SOLUTIONS INC COMMON STOCK USD.01,WTTR,COMMON STOCK,81617J301,US81617J3014,BDHSLL5,3405112.0,62449754.08,0.23769319702021868,0,,ENERGY,UNITED STATES,AVUV,2026-05-14,,,,,,,,,,,,,
EPLUS INC COMMON STOCK USD.01,PLUS,COMMON STOCK,294268107,US2942681071,2597748,745265.0,62020953.3,0.23606111648148037,0,,INFORMATION TECHNOLOGY,UNITED STATES,AVUV,2026-05-14,,,,,,,,,,,,,
TEEKAY TANKERS LTD CLASS A COMMON STOCK USD.01,TNK,COMMON STOCK,G8726X106,BMG8726X1065,BL54JK6,792942.0,61508510.94,0.23411068345525976,0,,ENERGY,UNITED STATES,AVUV,2026-05-14,,,,,,,,,,,,,
HARMONY BIOSCIENCES HOLDINGS COMMON STOCK USD.00001,HRMY,COMMON STOCK,413197104,US4131971040,BKSGZN7,1978040.0,60982973.2,0.23211040743471117,0,,HEALTH CARE,UNITED STATES,AVUV,2026-05-14,,,,,,,,,,,,,
AXIS CAPITAL HOLDINGS LTD COMMON STOCK USD.0125,AXS,COMMON STOCK,G0692U109,BMG0692U1099,2677606,625735.0,60858986.1,0.23163849380394633,0,,FINANCIALS,UNITED STATES,AVUV,2026-05-14,,,,,,,,,,,,,
OFG BANCORP COMMON STOCK USD1.0,OFG,COMMON STOCK,67103X102,PR67103X1020,B87LKR8,1371287.0,60528608.18,0.23038102553707224,0,,FINANCIALS,UNITED STATES,AVUV,2026-05-14,,,,,,,,,,,,,
WARRIOR MET COAL INC COMMON STOCK USD.01,HCC,COMMON STOCK,93627C101,US93627C1018,BF2X272,703102.0,59819918.16,0.22768364427381962,0,,MATERIALS,UNITED STATES,AVUV,2026-05-14,,,,,,,,,,,,,
PERDOCEO EDUCATION CORP COMMON STOCK USD.01,PRDO,COMMON STOCK,71363P106,US71363P1066,BKRQQR9,1706254.0,59582389.68,0.22677957500042864,0,,CONSUMER DISCRETIONARY,UNITED STATES,AVUV,2026-05-14,,,,,,,,,,,,,
BANC OF CALIFORNIA INC COMMON STOCK USD.01,BANC,COMMON STOCK,05990K106,US05990K1060,BCD47X4,3163334.0,58236978.94,0.221658738500636,0,,FINANCIALS,UNITED STATES,AVUV,2026-05-14,,,,,,,,,,,,,
LITHIA MOTORS INC COMMON STOCK,LAD,COMMON STOCK,536797103,US5367971034,2515030,210649.0,57553519.78,0.21905738970164723,0,,CONSUMER DISCRETIONARY,UNITED STATES,AVUV,2026-05-14,,,,,,,,,,,,,
PALOMAR HOLDINGS INC COMMON STOCK USD.0001,PLMR,COMMON STOCK,69753M105,US69753M1053,BJYLZK6,531806.0,57520136.96,0.2189303296462756,0,,FINANCIALS,UNITED STATES,AVUV,2026-05-14,,,,,,,,,,,,,
SEADRILL LIMITED COMMON STOCK USD.01,SDRL,COMMON STOCK,G7997W102,BMG7997W1029,BNTBRX6,1145270.0,57320763.5,0.2181714841422937,0,,ENERGY,UNITED STATES,AVUV,2026-05-14,,,,,,,,,,,,,
BOYD GAMING CORP COMMON STOCK USD.01,BYD,COMMON STOCK,103304101,US1033041013,2117232,696387.0,56107900.59,0.21355514470473821,0,,CONSUMER DISCRETIONARY,UNITED STATES,AVUV,2026-05-14,,,,,,,,,,,,,
FRESH DEL MONTE PRODUCE INC COMMON STOCK USD.01,FDP,COMMON STOCK,G36738105,KYG367381053,2118707,1572131.0,55857814.43,0.2126032790044384,0,,CONSUMER STAPLES,UNITED STATES,AVUV,2026-05-14,,,,,,,,,,,,,
SYLVAMO CORP COMMON STOCK USD1.0,SLVM,COMMON STOCK,871332102,US8713321029,BMW72C8,1456784.0,55736555.84,0.21214175049487308,0,,MATERIALS,UNITED STATES,AVUV,2026-05-14,,,,,,,,,,,,,
DHT HOLDINGS INC COMMON STOCK USD.01,DHT,COMMON STOCK,Y2065G121,MHY2065G1219,B7JB336,3119577.0,55559666.37,0.21146848245302213,0,,ENERGY,UNITED STATES,AVUV,2026-05-14,,,,,,,,,,,,,
SUPER GROUP SGHC LTD COMMON STOCK,SGHC,COMMON STOCK,G8588X103,GG00BMG42V42,BMG42V4,4238736.0,55315504.8,0.2105391666371675,0,,CONSUMER DISCRETIONARY,UNITED STATES,AVUV,2026-05-14,,,,,,,,,,,,,
ENERSYS COMMON STOCK USD.01,ENS,COMMON STOCK,29275Y102,US29275Y1029,B020GQ5,237337.0,55294774.26,0.21046026307059396,0,,INDUSTRIALS,UNITED STATES,AVUV,2026-05-14,,,,,,,,,,,,,
ENTERPRISE FINANCIAL SERVICE COMMON STOCK USD.01,EFSC,COMMON STOCK,293712105,US2937121059,2768889,938099.0,54860029.52,0.2088055589222646,0,,FINANCIALS,UNITED STATES,AVUV,2026-05-14,,,,,,,,,,,,,
BUCKLE INC/THE COMMON STOCK USD.01,BKE,COMMON STOCK,118440106,US1184401065,2149934,1125032.0,54519050.72,0.207507742104855,0,,CONSUMER DISCRETIONARY,UNITED STATES,AVUV,2026-05-14,,,,,,,,,,,,,
BOSTON BEER COMPANY INC A COMMON STOCK USD.01,SAM,COMMON STOCK,100557107,US1005571070,2113393,302748.0,54249414.12,0.20648146447683488,0,,CONSUMER STAPLES,UNITED STATES,AVUV,2026-05-14,,,,,,,,,,,,,
SANMINA CORP COMMON STOCK USD.01,SANM,COMMON STOCK,801056102,US8010561020,B92RRW2,225187.0,53734121.94,0.20452018460523097,0,,INFORMATION TECHNOLOGY,UNITED STATES,AVUV,2026-05-14,,,,,,,,,,,,,
MONARCH CASINO + RESORT INC COMMON STOCK USD.01,MCRI,COMMON STOCK,609027107,US6090271072,2599197,462364.0,53698954.96,0.2043863337674032,0,,CONSUMER DISCRETIONARY,UNITED STATES,AVUV,2026-05-14,,,,,,,,,,,,,
BOISE CASCADE CO COMMON STOCK USD.01,BCC,COMMON STOCK,09739D100,US09739D1000,B9BP4R1,800877.0,53642741.46,0.20417237669539326,0,,INDUSTRIALS,UNITED STATES,AVUV,2026-05-14,,,,,,,,,,,,,
ALBANY INTL CORP CL A COMMON STOCK USD.001,AIN,COMMON STOCK,012348108,US0123481089,2012757,843987.0,53399057.49,0.2032448786972798,0,,INDUSTRIALS,UNITED STATES,AVUV,2026-05-14,,,,,,,,,,,,,
TRUSTMARK CORP COMMON STOCK,TRMK,COMMON STOCK,898402102,US8984021027,2340210,1225712.0,53269443.52,0.20275154834936016,0,,FINANCIALS,UNITED STATES,AVUV,2026-05-14,,,,,,,,,,,,,
LYFT INC A COMMON STOCK USD.00001,LYFT,COMMON STOCK,55087P104,US55087P1049,BJT1RW7,3855043.0,52736988.24,0.200724943126682,0,,INDUSTRIALS,UNITED STATES,AVUV,2026-05-14,,,,,,,,,,,,,
PROPETRO HOLDING CORP COMMON STOCK,PUMP,COMMON STOCK,74347M108,US74347M1080,BYXR9C0,3179494.0,52620625.7,0.20028204972296162,0,,ENERGY,UNITED STATES,AVUV,2026-05-14,,,,,,,,,,,,,
DORIAN LPG LTD COMMON STOCK USD.01,LPG,COMMON STOCK,Y2106R110,MHY2106R1100,BM4QJF5,1293806.0,52567337.78,0.2000792278503385,0,,ENERGY,UNITED STATES,AVUV,2026-05-14,,,,,,,,,,,,,
OPENDOOR TECHNOLOGIES INC COMMON STOCK USD.0001,OPEN,COMMON STOCK,683712103,US6837121036,BL96T19,11234809.0,51455425.22,0.19584712069336285,0,,REAL ESTATE,UNITED STATES,AVUV,2026-05-14,,,,,,,,,,,,,
PATHWARD FINANCIAL INC COMMON STOCK USD.01,CASH,COMMON STOCK,59100U108,US59100U1088,2420316,641435.0,51269899.55,0.19514098196982,0,,FINANCIALS,UNITED STATES,AVUV,2026-05-14,,,,,,,,,,,,,
COLUMBIA SPORTSWEAR CO COMMON STOCK,COLM,COMMON STOCK,198516106,US1985161066,2229126,875950.0,50848897.5,0.19353858457545436,0,,CONSUMER DISCRETIONARY,UNITED STATES,AVUV,2026-05-14,,,,,,,,,,,,,
INGLES MARKETS INC CLASS A COMMON STOCK USD.05,IMKTA,COMMON STOCK,457030104,US4570301048,2460550,595848.0,50790083.52,0.19331472968376376,0,,CONSUMER STAPLES,UNITED STATES,AVUV,2026-05-14,,,,,,,,,,,,,
M/I HOMES INC COMMON STOCK USD.01,MHO,COMMON STOCK,55305B101,US55305B1017,2549385,399386.0,50753972.88,0.19317728713343682,0,,CONSUMER DISCRETIONARY,UNITED STATES,AVUV,2026-05-14,,,,,,,,,,,,,
GLOBALSTAR INC COMMON STOCK USD.0001,GSAT,COMMON STOCK,378973507,US3789735079,BRJMM32,608391.0,50088831.03,0.1906456567831249,0,,COMMUNICATION SERVICES,UNITED STATES,AVUV,2026-05-14,,,,,,,,,,,,,
LA Z BOY INC COMMON STOCK USD1.0,LZB,COMMON STOCK,505336107,US5053361078,2508405,1452058.0,50052439.26,0.19050714420955345,0,,CONSUMER DISCRETIONARY,UNITED STATES,AVUV,2026-05-14,,,,,,,,,,,,,
PACS GROUP INC COMMON STOCK USD.001,PACS,COMMON STOCK,69380Q107,US69380Q1076,BPW6WD7,1209640.0,49958132.0,0.1901481965329477,0,,HEALTH CARE,UNITED STATES,AVUV,2026-05-14,,,,,,,,,,,,,
RYERSON HOLDING CORP COMMON STOCK USD.01,RYZ,COMMON STOCK,783754104,US7837541041,B3TPPZ6,1887484.0,49565329.84,0.18865313217949578,0,,MATERIALS,UNITED STATES,AVUV,2026-05-14,,,,,,,,,,,,,
THOR INDUSTRIES INC COMMON STOCK USD.1,THO,COMMON STOCK,885160101,US8851601018,2889876,660777.0,49465766.22,0.18827417800276047,0,,CONSUMER DISCRETIONARY,UNITED STATES,AVUV,2026-05-14,,,,,,,,,,,,,
LIBERTY GLOBAL LTD A COMMON STOCK USD.01,LBTYA,COMMON STOCK,G61188101,BMG611881019,BS71B31,4213562.0,49172268.54,0.1871570815000609,0,,COMMUNICATION SERVICES,UNITED STATES,AVUV,2026-05-14,,,,,,,,,,,,,
SCHNEIDER NATIONAL INC CL B COMMON STOCK,SNDR,COMMON STOCK,80689H102,US80689H1023,BYVN953,1683946.0,49120704.82,0.18696082219307703,0,,INDUSTRIALS,UNITED STATES,AVUV,2026-05-14,,,,,,,,,,,,,
ADVANCE AUTO PARTS INC COMMON STOCK USD.0001,AAP,COMMON STOCK,00751Y106,US00751Y1064,2822019,995795.0,49052861.7,0.18670260103070116,0,,CONSUMER DISCRETIONARY,UNITED STATES,AVUV,2026-05-14,,,,,,,,,,,,,
COMPASS MINERALS INTERNATION COMMON STOCK USD.01,CMP,COMMON STOCK,20451N101,US20451N1019,2202763,1620651.0,48959866.71,0.18634864805193285,0,,MATERIALS,UNITED STATES,AVUV,2026-05-14,,,,,,,,,,,,,
HCI GROUP INC COMMON STOCK,HCI,COMMON STOCK,40416E103,US40416E1038,BBN23F5,317295.0,48787279.2,0.18569175391965,0,,FINANCIALS,UNITED STATES,AVUV,2026-05-14,,,,,,,,,,,,,
FEDERAL AGRIC MTG CORP CL C COMMON STOCK USD1.0,AGM,COMMON STOCK,313148306,US3131483063,2363381,281978.0,48297191.84,0.18382640740013653,0,,FINANCIALS,UNITED STATES,AVUV,2026-05-14,,,,,,,,,,,,,
NABORS INDUSTRIES LTD COMMON STOCK USD.001,NBR,COMMON STOCK,G6359F137,BMG6359F1370,BK953M8,473937.0,48033514.95,0.18282281332858646,0,,ENERGY,UNITED STATES,AVUV,2026-05-14,,,,,,,,,,,,,
VICTORIA S SECRET + CO COMMON STOCK USD.01,VSCO,COMMON STOCK,926400102,US9264001028,BNNTGH3,1060885.0,47941393.15,0.18247218384285288,0,,CONSUMER DISCRETIONARY,UNITED STATES,AVUV,2026-05-14,,,,,,,,,,,,,
ONEMAIN HOLDINGS INC COMMON STOCK USD.01,OMF,COMMON STOCK,68268W103,US68268W1036,BYSZB89,903847.0,47397736.68,0.1804029451991028,0,,FINANCIALS,UNITED STATES,AVUV,2026-05-14,,,,,,,,,,,,,
CREDIT ACCEPTANCE CORP COMMON STOCK USD.01,CACC,COMMON STOCK,225310101,US2253101016,2232050,90193.0,47351325.0,0.18022629533457094,0,,FINANCIALS,UNITED STATES,AVUV,2026-05-14,,,,,,,,,,,,,
LIFE TIME GROUP HOLDINGS INC COMMON STOCK USD.01,LTH,COMMON STOCK,53190C102,US53190C1027,BPH0546,1384872.0,46794824.88,0.1781081718188965,0,,CONSUMER DISCRETIONARY,UNITED STATES,AVUV,2026-05-14,,,,,,,,,,,,,
DIEBOLD NIXDORF INC COMMON STOCK,DBD,COMMON STOCK,253651202,US2536512021,BPLJQW4,644371.0,46414043.13,0.1766588589615791,0,,INFORMATION TECHNOLOGY,UNITED STATES,AVUV,2026-05-14,,,,,,,,,,,,,
G III APPAREL GROUP LTD COMMON STOCK USD.01,GIII,COMMON STOCK,36237H101,US36237H1014,2369721,1576761.0,46404076.23,0.17662092343468577,0,,CONSUMER DISCRETIONARY,UNITED STATES,AVUV,2026-05-14,,,,,,,,,,,,,
VICTORY CAPITAL HOLDING   A COMMON STOCK USD.01,VCTR,COMMON STOCK,92645B103,US92645B1035,BFYVKR0,528594.0,45987678.0,0.17503604887464397,0,,FINANCIALS,UNITED STATES,AVUV,2026-05-14,,,,,,,,,,,,,
SKYWATER TECHNOLOGY INC COMMON STOCK USD.01,SKYT,COMMON STOCK,83089J108,US83089J1088,BMDXB06,1306294.0,45589660.6,0.17352113452999368,0,,INFORMATION TECHNOLOGY,UNITED STATES,AVUV,2026-05-14,,,,,,,,,,,,,
HEALTHCARE SERVICES GROUP COMMON STOCK USD.01,HCSG,COMMON STOCK,421906108,US4219061086,2417619,2088021.0,44892451.5,0.17086745138244605,0,,INDUSTRIALS,UNITED STATES,AVUV,2026-05-14,,,,,,,,,,,,,
HELIX ENERGY SOLUTIONS GROUP COMMON STOCK,HLX,COMMON STOCK,42330P107,US42330P1075,2037062,4365264.0,44263776.96,0.16847462112235587,0,,ENERGY,UNITED STATES,AVUV,2026-05-14,,,,,,,,,,,,,
ALAMO GROUP INC COMMON STOCK USD.1,ALG,COMMON STOCK,011311107,US0113111076,2021634,285253.0,43252912.39,0.16462711787854856,0,,INDUSTRIALS,UNITED STATES,AVUV,2026-05-14,,,,,,,,,,,,,
UNIVERSAL TECHNICAL INSTITUT COMMON STOCK USD.0001,UTI,COMMON STOCK,913915104,US9139151040,2002543,1072032.0,42613272.0,0.16219254993697438,0,,CONSUMER DISCRETIONARY,UNITED STATES,AVUV,2026-05-14,,,,,,,,,,,,,
MUELLER INDUSTRIES INC COMMON STOCK USD.01,MLI,COMMON STOCK,624756102,US6247561029,2609717,300185.0,41890816.75,0.15944277612911342,0,,INDUSTRIALS,UNITED STATES,AVUV,2026-05-14,,,,,,,,,,,,,
LIBERTY GLOBAL LTD C COMMON STOCK USD.01,LBTYK,COMMON STOCK,G61188127,BMG611881274,BS71BR5,3639745.0,41383900.65,0.15751337688319056,0,,COMMUNICATION SERVICES,UNITED STATES,AVUV,2026-05-14,,,,,,,,,,,,,
WEIS MARKETS INC COMMON STOCK,WMK,COMMON STOCK,948849104,US9488491047,2946845,587312.0,41064855.04,0.15629904109991397,0,,CONSUMER STAPLES,UNITED STATES,AVUV,2026-05-14,,,,,,,,,,,,,
WESTAMERICA BANCORPORATION COMMON STOCK,WABC,COMMON STOCK,957090103,US9570901036,2950374,756413.0,40732840.05,0.1550353418973416,0,,FINANCIALS,UNITED STATES,AVUV,2026-05-14,,,,,,,,,,,,,
SKYWARD SPECIALTY INSURANCE COMMON STOCK USD.01,SKWD,COMMON STOCK,830940102,US8309401029,BNNMQS3,921710.0,40582891.3,0.15446461430518765,0,,FINANCIALS,UNITED STATES,AVUV,2026-05-14,,,,,,,,,,,,,
GREIF INC CL A COMMON STOCK,GEF,COMMON STOCK,397624107,US3976241071,2388016,620475.0,40560450.75,0.15437920218225826,0,,MATERIALS,UNITED STATES,AVUV,2026-05-14,,,,,,,,,,,,,
WSFS FINANCIAL CORP COMMON STOCK USD.01,WSFS,COMMON STOCK,929328102,US9293281021,2940375,581602.0,40555107.46,0.15435886481341804,0,,FINANCIALS,UNITED STATES,AVUV,2026-05-14,,,,,,,,,,,,,
KIMBELL ROYALTY PARTNERS LP UNIT,KRP,COMMON STOCK,49435R102,US49435R1023,BYQFVW5,2646016.0,40536965.12,0.15428981232699024,0,,ENERGY,UNITED STATES,AVUV,2026-05-14,,,,,,,,,,,,,
NPK INTERNATIONAL INC COMMON STOCK,NPKI,COMMON STOCK,651718504,US6517185046,2636878,2593625.0,40460550.0,0.15399896483781975,0,,INDUSTRIALS,UNITED STATES,AVUV,2026-05-14,,,,,,,,,,,,,
ECOVYST INC COMMON STOCK,ECVT,COMMON STOCK,27923Q109,US27923Q1094,BM8NHT2,2751999.0,40399345.32,0.15376601058081557,0,,MATERIALS,UNITED STATES,AVUV,2026-05-14,,,,,,,,,,,,,
WHITE MOUNTAINS INSURANCE GP COMMON STOCK USD1.0,WTM,COMMON STOCK,G9618E107,BMG9618E1075,2339252,19052.0,40388525.32,0.15372482802646215,0,,FINANCIALS,UNITED STATES,AVUV,2026-05-14,,,,,,,,,,,,,
NELNET INC CL A COMMON STOCK USD.01,NNI,COMMON STOCK,64031N108,US64031N1081,2196190,320040.0,39492936.0,0.15031607979640083,0,,FINANCIALS,UNITED STATES,AVUV,2026-05-14,,,,,,,,,,,,,
ASTRONICS CORP COMMON STOCK USD.01,ATRO,COMMON STOCK,046433108,US0464331083,2060518,485913.0,38916772.17,0.1481231132302767,0,,INDUSTRIALS,UNITED STATES,AVUV,2026-05-14,,,,,,,,,,,,,
HORACE MANN EDUCATORS COMMON STOCK USD.001,HMN,COMMON STOCK,440327104,US4403271046,2437112,872372.0,38454157.76,0.14636233290823314,0,,FINANCIALS,UNITED STATES,AVUV,2026-05-14,,,,,,,,,,,,,
GENCO SHIPPING + TRADING LTD COMMON STOCK USD.01,GNK,COMMON STOCK,Y2685T131,MHY2685T1313,BD08758,1494425.0,38077949.0,0.1449304255416027,0,,INDUSTRIALS,UNITED STATES,AVUV,2026-05-14,,,,,,,,,,,,,
TETRA TECHNOLOGIES INC COMMON STOCK USD.01,TTI,COMMON STOCK,88162F105,US88162F1057,2884280,3530822.0,37603254.3,0.14312366581109978,0,,ENERGY,UNITED STATES,AVUV,2026-05-14,,,,,,,,,,,,,
MOHAWK INDUSTRIES INC COMMON STOCK USD.01,MHK,COMMON STOCK,608190104,US6081901042,2598699,383294.0,37532148.48,0.14285302631969532,0,,CONSUMER DISCRETIONARY,UNITED STATES,AVUV,2026-05-14,,,,,,,,,,,,,
TENNANT CO COMMON STOCK USD.375,TNC,COMMON STOCK,880345103,US8803451033,2883641,451765.0,37284165.45,0.14190916544985188,0,,INDUSTRIALS,UNITED STATES,AVUV,2026-05-14,,,,,,,,,,,,,
AMERIS BANCORP COMMON STOCK USD1.0,ABCB,COMMON STOCK,03076K108,US03076K1088,2038849,449219.0,37226778.53,0.14169074216407768,0,,FINANCIALS,UNITED STATES,AVUV,2026-05-14,,,,,,,,,,,,,
SOLAREDGE TECHNOLOGIES INC COMMON STOCK USD.0001,SEDG,COMMON STOCK,83417M104,US83417M1045,BWC52Q6,867534.0,37104429.18,0.1412250620571938,0,,INFORMATION TECHNOLOGY,UNITED STATES,AVUV,2026-05-14,,,,,,,,,,,,,
VF CORP COMMON STOCK,VFC,COMMON STOCK,918204108,US9182041080,2928683,2159124.0,36985794.12,0.14077351909909083,0,,CONSUMER DISCRETIONARY,UNITED STATES,AVUV,2026-05-14,,,,,,,,,,,,,
BANNER CORPORATION COMMON STOCK USD.01,BANR,COMMON STOCK,06652V208,US06652V2088,2346003,577715.0,36546250.9,0.13910055121107442,0,,FINANCIALS,UNITED STATES,AVUV,2026-05-14,,,,,,,,,,,,,
GULFPORT ENERGY CORP COMMON STOCK USD.0001,GPOR,COMMON STOCK,402635502,US4026355028,BND7X43,203554.0,36456521.4,0.13875902718049613,0,,ENERGY,UNITED STATES,AVUV,2026-05-14,,,,,,,,,,,,,
FIRST BUSEY CORP COMMON STOCK USD.001,BUSE,COMMON STOCK,319383204,US3193832041,BZ1LBM5,1405451.0,36443344.43,0.13870887364230403,0,,FINANCIALS,UNITED STATES,AVUV,2026-05-14,,,,,,,,,,,,,
MARTEN TRANSPORT LTD COMMON STOCK USD.01,MRTN,COMMON STOCK,573075108,US5730751089,2568357,2390780.0,35861700.0,0.13649504708473909,0,,INDUSTRIALS,UNITED STATES,AVUV,2026-05-14,,,,,,,,,,,,,
MONTE ROSA THERAPEUTICS INC COMMON STOCK USD.0001,GLUE,COMMON STOCK,61225M102,US61225M1027,BP7KZP7,1883620.0,35713435.2,0.1359307288606446,0,,HEALTH CARE,UNITED STATES,AVUV,2026-05-14,,,,,,,,,,,,,
STEPAN CO COMMON STOCK USD1.0,SCL,COMMON STOCK,858586100,US8585861003,2845005,703862.0,35622455.82,0.1355844475979928,0,,MATERIALS,UNITED STATES,AVUV,2026-05-14,,,,,,,,,,,,,
EXPRO GROUP HOLDINGS NV COMMON STOCK EUR.01,XPRO,COMMON STOCK,N3144W105,NL0010556684,BCRY5H0,2264852.0,35467582.32,0.13499497566345878,0,,ENERGY,UNITED STATES,AVUV,2026-05-14,,,,,,,,,,,,,
ENACT HOLDINGS INC COMMON STOCK USD.01,ACT,COMMON STOCK,29249E109,US29249E1091,BNZFTG9,826533.0,35268163.11,0.1342359560280664,0,,FINANCIALS,UNITED STATES,AVUV,2026-05-14,,,,,,,,,,,,,
LSB INDUSTRIES INC COMMON STOCK USD.1,LXU,COMMON STOCK,502160104,US5021601043,2536882,2392896.0,35223429.12,0.13406569170508842,0,,MATERIALS,UNITED STATES,AVUV,2026-05-14,,,,,,,,,,,,,
ANDERSONS INC/THE COMMON STOCK,ANDE,COMMON STOCK,034164103,US0341641035,2274922,491673.0,35213620.26,0.13402835770230698,0,,CONSUMER STAPLES,UNITED STATES,AVUV,2026-05-14,,,,,,,,,,,,,
LENDINGCLUB CORP COMMON STOCK USD.01,LC,COMMON STOCK,52603A208,US52603A2087,BK95GR4,2283971.0,35013275.43,0.13326581501738033,0,,FINANCIALS,UNITED STATES,AVUV,2026-05-14,,,,,,,,,,,,,
INNOVIVA INC COMMON STOCK USD.01,INVA,COMMON STOCK,45781M101,US45781M1018,BDDXF67,1504296.0,34809409.44,0.13248987026562492,0,,HEALTH CARE,UNITED STATES,AVUV,2026-05-14,,,,,,,,,,,,,
GCI LIBERTY INC CL C COMMON STOCK USD.01,GLIBK,COMMON STOCK,36164V800,US36164V8000,BRJW0G1,1268524.0,34618019.96,0.13176141299549765,0,,COMMUNICATION SERVICES,UNITED STATES,AVUV,2026-05-14,,,,,,,,,,,,,
KB HOME COMMON STOCK USD1.0,KBH,COMMON STOCK,48666K109,US48666K1097,2485070,738273.0,34440435.45,0.13108549952642143,0,,CONSUMER DISCRETIONARY,UNITED STATES,AVUV,2026-05-14,,,,,,,,,,,,,
BJ S RESTAURANTS INC COMMON STOCK,BJRI,COMMON STOCK,09180C106,US09180C1062,2200552,827427.0,34205832.18,0.13019256404414134,0,,CONSUMER DISCRETIONARY,UNITED STATES,AVUV,2026-05-14,,,,,,,,,,,,,
CARTER S INC COMMON STOCK USD.01,CRI,COMMON STOCK,146229109,US1462291097,2980939,1022045.0,34146523.45,0.1299668260592191,0,,CONSUMER DISCRETIONARY,UNITED STATES,AVUV,2026-05-14,,,,,,,,,,,,,
UNIVERSAL INSURANCE HOLDINGS COMMON STOCK USD.01,UVE,COMMON STOCK,91359V107,US91359V1070,2912374,855793.0,33512853.88,0.12755498396045312,0,,FINANCIALS,UNITED STATES,AVUV,2026-05-14,,,,,,,,,,,,,
BRISTOW GROUP INC COMMON STOCK USD.01,VTOL,COMMON STOCK,11040G103,US11040G1031,BMBT0Z4,791971.0,33349898.81,0.12693475234978358,0,,ENERGY,UNITED STATES,AVUV,2026-05-14,,,,,,,,,,,,,
WORLD KINECT CORP COMMON STOCK USD.01,WKC,COMMON STOCK,981475106,US9814751064,2469450,1205469.0,33005741.22,0.12562483657747997,0,,ENERGY,UNITED STATES,AVUV,2026-05-14,,,,,,,,,,,,,
LINCOLN EDUCATIONAL SERVICES COMMON STOCK,LINC,COMMON STOCK,533535100,US5335351004,B0BV2Y9,624618.0,32492628.36,0.12367185152698083,0,,CONSUMER DISCRETIONARY,UNITED STATES,AVUV,2026-05-14,,,,,,,,,,,,,
OIL DRI CORP OF AMERICA COMMON STOCK USD.1,ODC,COMMON STOCK,677864100,US6778641000,2657794,414708.0,32272576.56,0.12283430113751012,0,,CONSUMER STAPLES,UNITED STATES,AVUV,2026-05-14,,,,,,,,,,,,,
PENNYMAC FINANCIAL SERVICES COMMON STOCK USD.0001,PFSI,COMMON STOCK,70932M107,US70932M1071,BGYTGH3,367010.0,32201457.4,0.12256361087205067,0,,FINANCIALS,UNITED STATES,AVUV,2026-05-14,,,,,,,,,,,,,
FMC CORP COMMON STOCK USD.1,FMC,COMMON STOCK,302491303,US3024913036,2328603,2504411.0,31881152.03,0.12134448025192825,0,,MATERIALS,UNITED STATES,AVUV,2026-05-14,,,,,,,,,,,,,
HOPE BANCORP INC COMMON STOCK USD.001,HOPE,COMMON STOCK,43940T109,US43940T1097,BYN87K7,2655892.0,31791027.24,0.12100145168790165,0,,FINANCIALS,UNITED STATES,AVUV,2026-05-14,,,,,,,,,,,,,
PREFERRED BANK/LOS ANGELES COMMON STOCK,PFBC,COMMON STOCK,740367404,US7403674044,2763602,346185.0,31527067.95,0.11999678275929525,0,,FINANCIALS,UNITED STATES,AVUV,2026-05-14,,,,,,,,,,,,,
ARRAY DIGITAL INFRASTRUCTURE COMMON STOCK USD1.0,AD,COMMON STOCK,911684108,US9116841084,2918996,608751.0,30948900.84,0.11779619140689708,0,,COMMUNICATION SERVICES,UNITED STATES,AVUV,2026-05-14,,,,,,,,,,,,,
SEABOARD CORP COMMON STOCK USD1.0,SEB,COMMON STOCK,811543107,US8115431079,2786687,6481.0,30792851.25,0.1172022430961755,0,,CONSUMER STAPLES,UNITED STATES,AVUV,2026-05-14,,,,,,,,,,,,,
ALPHA METALLURGICAL RESOURCE COMMON STOCK USD.01,AMR,COMMON STOCK,020764106,US0207641061,BMFND53,171088.0,30700030.72,0.11684895413851926,0,,MATERIALS,UNITED STATES,AVUV,2026-05-14,,,,,,,,,,,,,
YELP INC COMMON STOCK USD.000001,YELP,COMMON STOCK,985817105,US9858171054,B7KCD72,1337295.0,30570563.7,0.11635618310449632,0,,COMMUNICATION SERVICES,UNITED STATES,AVUV,2026-05-14,,,,,,,,,,,,,
SLIDE INSURANCE HOLDINGS INC COMMON STOCK USD.01,SLDE,COMMON STOCK,831349105,US8313491057,BT18HJ3,1671264.0,30417004.8,0.11577171473613171,0,,FINANCIALS,UNITED STATES,AVUV,2026-05-14,,,,,,,,,,,,,
SALLY BEAUTY HOLDINGS INC COMMON STOCK USD.01,SBH,COMMON STOCK,79546E104,US79546E1047,B1GZ005,2480932.0,30292179.72,0.11529661162691054,0,,CONSUMER DISCRETIONARY,UNITED STATES,AVUV,2026-05-14,,,,,,,,,,,,,
COMSTOCK RESOURCES INC COMMON STOCK USD.5,CRK,COMMON STOCK,205768302,US2057683029,BD82PS1,2081377.0,30284035.35,0.11526561292448917,0,,ENERGY,UNITED STATES,AVUV,2026-05-14,,,,,,,,,,,,,
SENECA FOODS CORP   CL A COMMON STOCK USD.25,SENEA,COMMON STOCK,817070501,US8170705011,2781626,218983.0,30143009.95,0.11472884895030097,0,,CONSUMER STAPLES,UNITED STATES,AVUV,2026-05-14,,,,,,,,,,,,,
MERCHANTS BANCORP/IN COMMON STOCK,MBIN,COMMON STOCK,58844R108,US58844R1086,BYZ1PQ6,659110.0,29712678.8,0.11309094359218132,0,,FINANCIALS,UNITED STATES,AVUV,2026-05-14,,,,,,,,,,,,,
CORE NATURAL RESOURCES INC COMMON STOCK USD.01,CNR,COMMON STOCK,218937100,US2189371006,BR1Z682,358248.0,29523217.68,0.11236982595149146,0,,ENERGY,UNITED STATES,AVUV,2026-05-14,,,,,,,,,,,,,
DAKTRONICS INC COMMON STOCK,DAKT,COMMON STOCK,234264109,US2342641097,2254010,1466105.0,29336761.05,0.11166014385356772,0,,INFORMATION TECHNOLOGY,UNITED STATES,AVUV,2026-05-14,,,,,,,,,,,,,
COMMUNITY TRUST BANCORP INC COMMON STOCK USD5.0,CTBI,COMMON STOCK,204149108,US2041491083,2706470,452607.0,29202203.64,0.11114799802630491,0,,FINANCIALS,UNITED STATES,AVUV,2026-05-14,,,,,,,,,,,,,
1ST SOURCE CORP COMMON STOCK,SRCE,COMMON STOCK,336901103,US3369011032,2341848,406641.0,29103296.37,0.11077154201681086,0,,FINANCIALS,UNITED STATES,AVUV,2026-05-14,,,,,,,,,,,,,
PEOPLES BANCORP INC COMMON STOCK,PEBO,COMMON STOCK,709789101,US7097891011,2679419,878341.0,29037953.46,0.11052283703134995,0,,FINANCIALS,UNITED STATES,AVUV,2026-05-14,,,,,,,,,,,,,
OLD SECOND BANCORP INC COMMON STOCK USD1.0,OSBC,COMMON STOCK,680277100,US6802771005,2658429,1399793.0,28905725.45,0.11001955725234139,0,,FINANCIALS,UNITED STATES,AVUV,2026-05-14,,,,,,,,,,,,,
QUIDELORTHO CORP COMMON STOCK USD.001,QDEL,COMMON STOCK,219798105,US2197981051,BM9VY27,2613123.0,28875009.15,0.10990264637486573,0,,HEALTH CARE,UNITED STATES,AVUV,2026-05-14,,,,,,,,,,,,,
UMB FINANCIAL CORP COMMON STOCK USD1.0,UMBF,COMMON STOCK,902788108,US9027881088,2918510,228102.0,28825249.74,0.10971325454428159,0,,FINANCIALS,UNITED STATES,AVUV,2026-05-14,,,,,,,,,,,,,
AMERICAN PUBLIC EDUCATION COMMON STOCK USD.01,APEI,COMMON STOCK,02913V103,US02913V1035,B292GM4,543609.0,28762352.19,0.10947385696835059,0,,CONSUMER DISCRETIONARY,UNITED STATES,AVUV,2026-05-14,,,,,,,,,,,,,
TRONOX HOLDINGS PLC COMMON STOCK USD.01,TROX,COMMON STOCK,G9087Q102,GB00BJT16S69,BJT16S6,3254869.0,28610298.51,0.10889511769466842,0,,MATERIALS,UNITED STATES,AVUV,2026-05-14,,,,,,,,,,,,,
APOGEE ENTERPRISES INC COMMON STOCK USD.333,APOG,COMMON STOCK,037598109,US0375981091,2046176,804513.0,28326902.73,0.10781647054925378,0,,INDUSTRIALS,UNITED STATES,AVUV,2026-05-14,,,,,,,,,,,,,
TECNOGLASS INC COMMON STOCK USD.0001,TGLS,COMMON STOCK,G87264100,KYG872641009,BHCVTN5,734573.0,28310443.42,0.10775382392922651,0,,INDUSTRIALS,UNITED STATES,AVUV,2026-05-14,,,,,,,,,,,,,
SUNCOKE ENERGY INC COMMON STOCK USD.01,SXC,COMMON STOCK,86722A103,US86722A1034,B3R0638,3631857.0,28255847.46,0.10754602345878488,0,,MATERIALS,UNITED STATES,AVUV,2026-05-14,,,,,,,,,,,,,
SFL CORP LTD COMMON STOCK USD.01,SFL,COMMON STOCK,G7738W106,BMG7738W1064,BJXT857,2273827.0,28240931.34,0.10748925045299537,0,,ENERGY,UNITED STATES,AVUV,2026-05-14,,,,,,,,,,,,,
ARROW ELECTRONICS INC COMMON STOCK USD1.0,ARW,COMMON STOCK,042735100,US0427351004,2051404,131919.0,27943082.58,0.10635559308258817,0,,INFORMATION TECHNOLOGY,UNITED STATES,AVUV,2026-05-14,,,,,,,,,,,,,
CLARIVATE PLC COMMON STOCK USD.01,CLVT,COMMON STOCK,G21810109,JE00BJJN4441,BJJN444,11431473.0,27892794.12,0.10616418760779144,0,,INDUSTRIALS,UNITED STATES,AVUV,2026-05-14,,,,,,,,,,,,,
OPPENHEIMER HOLDINGS CL A COMMON STOCK USD.001,OPY,COMMON STOCK,683797104,US6837971042,B42G8D2,294852.0,27816337.68,0.10587318284845956,0,,FINANCIALS,UNITED STATES,AVUV,2026-05-14,,,,,,,,,,,,,
SCHOLASTIC CORP COMMON STOCK USD.01,SCHL,COMMON STOCK,807066105,US8070661058,2779234,701992.0,27181130.24,0.10345548738417937,0,,COMMUNICATION SERVICES,UNITED STATES,AVUV,2026-05-14,,,,,,,,,,,,,
ENCORE CAPITAL GROUP INC COMMON STOCK USD.01,ECPG,COMMON STOCK,292554102,US2925541029,2443078,341285.0,26968340.7,0.10264557825322798,0,,FINANCIALS,UNITED STATES,AVUV,2026-05-14,,,,,,,,,,,,,
ARDMORE SHIPPING CORP COMMON STOCK USD.01,ASC,COMMON STOCK,Y0207T100,MHY0207T1001,BCGCR57,1420702.0,26638162.5,0.10138887015084146,0,,ENERGY,UNITED STATES,AVUV,2026-05-14,,,,,,,,,,,,,
GOLD.COM INC COMMON STOCK USD.01,GOLD,COMMON STOCK,00181T107,US00181T1079,BK6MJ46,644592.0,26621649.6,0.10132601955917944,0,,CONSUMER DISCRETIONARY,UNITED STATES,AVUV,2026-05-14,,,,,,,,,,,,,
CENTRAL PACIFIC FINANCIAL CO COMMON STOCK,CPF,COMMON STOCK,154760409,US1547604090,2230946,787842.0,26518761.72,0.10093441274675703,0,,FINANCIALS,UNITED STATES,AVUV,2026-05-14,,,,,,,,,,,,,
PROG HOLDINGS INC COMMON STOCK USD.5,PRG,COMMON STOCK,74319R101,US74319R1014,BLFGN66,784102.0,26432078.42,0.10060448301350512,0,,FINANCIALS,UNITED STATES,AVUV,2026-05-14,,,,,,,,,,,,,
QCR HOLDINGS INC COMMON STOCK USD1.0,QCRH,COMMON STOCK,74727A104,US74727A1043,2714257,297042.0,26365447.92,0.1003508772660146,0,,FINANCIALS,UNITED STATES,AVUV,2026-05-14,,,,,,,,,,,,,
WORTHINGTON ENTERPRISES INC COMMON STOCK,WOR,COMMON STOCK,981811102,US9818111026,2981932,478999.0,26182085.34,0.09965297158974497,0,,INDUSTRIALS,UNITED STATES,AVUV,2026-05-14,,,,,,,,,,,,,
ALARM.COM HOLDINGS INC COMMON STOCK,ALRM,COMMON STOCK,011642105,US0116421050,BYN7H26,617100.0,26128014.0,0.09944716790226682,0,,INFORMATION TECHNOLOGY,UNITED STATES,AVUV,2026-05-14,,,,,,,,,,,,,
PAYONEER GLOBAL INC COMMON STOCK USD.01,PAYO,COMMON STOCK,70451X104,US70451X1046,BLSPX60,5289987.0,26079635.91,0.09926303358425012,0,,FINANCIALS,UNITED STATES,AVUV,2026-05-14,,,,,,,,,,,,,
PENGUIN SOLUTIONS INC COMMON STOCK USD.01,PENG,COMMON STOCK,706915105,US7069151055,BRJHSZ1,539581.0,26045574.87,0.0991333921211138,0,,INFORMATION TECHNOLOGY,UNITED STATES,AVUV,2026-05-14,,,,,,,,,,,,,
NORTHEAST BANK COMMON STOCK USD1.0,NBN,COMMON STOCK,66405S100,US66405S1006,BJXSDM6,218140.0,25873585.4,0.09847877421940447,0,,FINANCIALS,UNITED STATES,AVUV,2026-05-14,,,,,,,,,,,,,
HANMI FINANCIAL CORPORATION COMMON STOCK USD.001,HAFC,COMMON STOCK,410495204,US4104952043,B6TPXR5,884534.0,25695712.7,0.09780176385565738,0,,FINANCIALS,UNITED STATES,AVUV,2026-05-14,,,,,,,,,,,,,
KIMBALL ELECTRONICS INC COMMON STOCK,KE,COMMON STOCK,49428J109,US49428J1097,BRKFN59,1024288.0,25555985.6,0.0972699414073765,0,,INFORMATION TECHNOLOGY,UNITED STATES,AVUV,2026-05-14,,,,,,,,,,,,,
DIME COMMUNITY BANCSHARES IN COMMON STOCK USD.01,DCOM,COMMON STOCK,25432X102,US25432X1028,BMFZ702,702764.0,25404918.6,0.09669495758681167,0,,FINANCIALS,UNITED STATES,AVUV,2026-05-14,,,,,,,,,,,,,
METALLUS INC COMMON STOCK,MTUS,COMMON STOCK,887399103,US8873991033,BNBPMX1,1411432.0,25306975.76,0.09632217234357408,0,,MATERIALS,UNITED STATES,AVUV,2026-05-14,,,,,,,,,,,,,
VAALCO ENERGY INC COMMON STOCK USD.1,EGY,COMMON STOCK,91851C201,US91851C2017,2933353,4175067.0,25300906.02,0.0962990699963041,0,,ENERGY,UNITED STATES,AVUV,2026-05-14,,,,,,,,,,,,,
COSTAMARE INC COMMON STOCK USD.0001,CMRE,COMMON STOCK,Y1771G102,MHY1771G1026,B566T98,1503284.0,25255171.2,0.09612499636317147,0,,INDUSTRIALS,UNITED STATES,AVUV,2026-05-14,,,,,,,,,,,,,
BYLINE BANCORP INC COMMON STOCK USD.01,BY,COMMON STOCK,124411109,US1244111092,BD5G2C9,780258.0,25225741.14,0.09601298110942147,0,,FINANCIALS,UNITED STATES,AVUV,2026-05-14,,,,,,,,,,,,,
UNIVEST FINANCIAL CORP COMMON STOCK USD5.0,UVSP,COMMON STOCK,915271100,US9152711001,2690636,666437.0,25184654.23,0.0958565981238124,0,,FINANCIALS,UNITED STATES,AVUV,2026-05-14,,,,,,,,,,,,,
CONNECTONE BANCORP INC COMMON STOCK,CNOB,COMMON STOCK,20786W107,US20786W1071,BNQ4YF9,858627.0,25132012.29,0.09565623494864413,0,,FINANCIALS,UNITED STATES,AVUV,2026-05-14,,,,,,,,,,,,,
UNITED FIRE GROUP INC COMMON STOCK USD.001,UFCS,COMMON STOCK,910340108,US9103401082,B4WXG84,514404.0,25041186.72,0.0953105391100852,0,,FINANCIALS,UNITED STATES,AVUV,2026-05-14,,,,,,,,,,,,,
ANI PHARMACEUTICALS INC COMMON STOCK USD.0001,ANIP,COMMON STOCK,00182C103,US00182C1036,BCDWBX6,309021.0,24993618.48,0.09512948720349579,0,,HEALTH CARE,UNITED STATES,AVUV,2026-05-14,,,,,,,,,,,,,
NWPX INFRASTRUCTURE INC COMMON STOCK USD.01,NWPX,COMMON STOCK,667746101,US6677461013,2035925,218794.0,24828743.12,0.09450194667902781,0,,INDUSTRIALS,UNITED STATES,AVUV,2026-05-14,,,,,,,,,,,,,
FIRST COMMONWEALTH FINL CORP COMMON STOCK USD1.0,FCF,COMMON STOCK,319829107,US3198291078,2351546,1367775.0,24702016.5,0.09401960602134037,0,,FINANCIALS,UNITED STATES,AVUV,2026-05-14,,,,,,,,,,,,,
MERCANTILE BANK CORP COMMON STOCK,MBWM,COMMON STOCK,587376104,US5873761044,2620257,486028.0,24593016.8,0.09360473669881181,0,,FINANCIALS,UNITED STATES,AVUV,2026-05-14,,,,,,,,,,,,,
CRACKER BARREL OLD COUNTRY COMMON STOCK USD.01,CBRL,COMMON STOCK,22410J106,US22410J1060,2231091,848981.0,24577999.95,0.0935475802994271,0,,CONSUMER DISCRETIONARY,UNITED STATES,AVUV,2026-05-14,,,,,,,,,,,,,
CENTURY COMMUNITIES INC COMMON STOCK USD.01,CCS,COMMON STOCK,156504300,US1565043007,BN7ZZ47,469038.0,24366524.1,0.09274267127104767,0,,CONSUMER DISCRETIONARY,UNITED STATES,AVUV,2026-05-14,,,,,,,,,,,,,
ADVANSIX INC COMMON STOCK USD.01,ASIX,COMMON STOCK,00773T101,US00773T1016,BYMMZL7,1084402.0,24258072.74,0.09232988901338547,0,,MATERIALS,UNITED STATES,AVUV,2026-05-14,,,,,,,,,,,,,
FIRST MID BANCSHARES INC COMMON STOCK USD4.0,FMBH,COMMON STOCK,320866106,US3208661062,B016HX8,574482.0,24231650.76,0.09222932296648385,0,,FINANCIALS,UNITED STATES,AVUV,2026-05-14,,,,,,,,,,,,,
TOMPKINS FINANCIAL CORP COMMON STOCK USD.1,TMP,COMMON STOCK,890110109,US8901101092,2888613,291666.0,24141194.82,0.09188503399553728,0,,FINANCIALS,UNITED STATES,AVUV,2026-05-14,,,,,,,,,,,,,
HALLADOR ENERGY CO COMMON STOCK USD.01,HNRG,COMMON STOCK,40609P105,US40609P1057,2404978,1242763.0,24134457.46,0.09185939058570376,0,,UTILITIES,UNITED STATES,AVUV,2026-05-14,,,,,,,,,,,,,
TRUSTCO BANK CORP NY COMMON STOCK USD1.0,TRST,COMMON STOCK,898349204,US8983492047,BN0ZBP7,495695.0,23996594.95,0.0913346650486079,0,,FINANCIALS,UNITED STATES,AVUV,2026-05-14,,,,,,,,,,,,,
ORIGIN BANCORP INC COMMON STOCK,OBK,COMMON STOCK,68621T102,US68621T1025,BDFFBM9,522333.0,23881064.76,0.09089493969471339,0,,FINANCIALS,UNITED STATES,AVUV,2026-05-14,,,,,,,,,,,,,
RPC INC COMMON STOCK USD.1,RES,COMMON STOCK,749660106,US7496601060,2719456,3427045.0,23783692.3,0.09052432540391132,0,,ENERGY,UNITED STATES,AVUV,2026-05-14,,,,,,,,,,,,,
KOPPERS HOLDINGS INC COMMON STOCK USD.01,KOP,COMMON STOCK,50060P106,US50060P1066,B0X46B1,556956.0,23776451.64,0.09049676635825468,0,,MATERIALS,UNITED STATES,AVUV,2026-05-14,,,,,,,,,,,,,
REX AMERICAN RESOURCES CORP COMMON STOCK USD.01,REX,COMMON STOCK,761624105,US7616241052,2063670,487770.0,23734888.2,0.0903385696274861,0,,ENERGY,UNITED STATES,AVUV,2026-05-14,,,,,,,,,,,,,
AMALGAMATED FINANCIAL CORP COMMON STOCK USD.01,AMAL,COMMON STOCK,022671101,US0226711010,BLR7B41,591785.0,23677317.85,0.09011944817942494,0,,FINANCIALS,UNITED STATES,AVUV,2026-05-14,,,,,,,,,,,,,
NUTEX HEALTH INC COMMON STOCK,NUTX,COMMON STOCK,67079U306,US67079U3068,BSMNX92,178888.0,23595327.2,0.08980737938089452,0,,HEALTH CARE,UNITED STATES,AVUV,2026-05-14,,,,,,,,,,,,,
GREEN DOT CORP CLASS A COMMON STOCK USD.001,GDOT,COMMON STOCK,39304D102,US39304D1028,B3WNNP3,1864309.0,23564865.76,0.08969143853907528,0,,FINANCIALS,UNITED STATES,AVUV,2026-05-14,,,,,,,,,,,,,
OXFORD INDUSTRIES INC COMMON STOCK USD1.0,OXM,COMMON STOCK,691497309,US6914973093,2665300,586934.0,23401058.58,0.08906796366903513,0,,CONSUMER DISCRETIONARY,UNITED STATES,AVUV,2026-05-14,,,,,,,,,,,,,
LINDSAY CORP COMMON STOCK USD1.0,LNN,COMMON STOCK,535555106,US5355551061,2516613,219942.0,23203881.0,0.08831747601601939,0,,INDUSTRIALS,UNITED STATES,AVUV,2026-05-14,,,,,,,,,,,,,
METROPOLITAN BANK HOLDING CO COMMON STOCK USD.01,MCB,COMMON STOCK,591774104,US5917741044,BDBRDR8,264527.0,22900102.39,0.08716124874081252,0,,FINANCIALS,UNITED STATES,AVUV,2026-05-14,,,,,,,,,,,,,
VIRTUS INVESTMENT PARTNERS COMMON STOCK USD.01,VRTS,COMMON STOCK,92828Q109,US92828Q1094,B3KKGQ8,161343.0,22788085.32,0.08673489485229233,0,,FINANCIALS,UNITED STATES,AVUV,2026-05-14,,,,,,,,,,,,,
S + T BANCORP INC COMMON STOCK USD2.5,STBA,COMMON STOCK,783859101,US7838591011,2781109,512447.0,22214577.45,0.08455203727110909,0,,FINANCIALS,UNITED STATES,AVUV,2026-05-14,,,,,,,,,,,,,
GIGACLOUD TECHNOLOGY INC   A COMMON STOCK USD.05,GCT,COMMON STOCK,G38644103,KYG386441037,BP0WTV4,582545.0,22194964.5,0.0844773874208867,0,,CONSUMER DISCRETIONARY,UNITED STATES,AVUV,2026-05-14,,,,,,,,,,,,,
TRIMAS CORP COMMON STOCK USD.01,TRS,COMMON STOCK,896215209,US8962152091,B1XHRL4,549211.0,21929995.23,0.08346887435584352,0,,MATERIALS,UNITED STATES,AVUV,2026-05-14,,,,,,,,,,,,,
HARMONIC INC COMMON STOCK USD.001,HLIT,COMMON STOCK,413160102,US4131601027,2510659,1634256.0,21817317.6,0.08304000627618621,0,,INFORMATION TECHNOLOGY,UNITED STATES,AVUV,2026-05-14,,,,,,,,,,,,,
MATIV HOLDINGS INC COMMON STOCK USD.1,MATV,COMMON STOCK,808541106,US8085411069,2782038,2498375.0,21785830.0,0.08292015971440622,0,,MATERIALS,UNITED STATES,AVUV,2026-05-14,,,,,,,,,,,,,
BUSINESS FIRST BANCSHARES COMMON STOCK USD1.0,BFST,COMMON STOCK,12326C105,US12326C1053,BF5HDJ0,799702.0,21623942.08,0.08230398983782895,0,,FINANCIALS,UNITED STATES,AVUV,2026-05-14,,,,,,,,,,,,,
PELAGOS INSURANCE CAPITAL LT COMMON STOCK USD.01,PLGO,COMMON STOCK,G3398L118,BMG3398L1182,BQLSDH2,1063549.0,21526231.76,0.08193208960083337,0,,FINANCIALS,UNITED STATES,AVUV,2026-05-14,,,,,,,,,,,,,
XPLR INFRASTRUCTURE LP COMMON STOCK,XIFR,COMMON STOCK,65341B106,US65341B1061,BNGY4Q0,1839971.0,21472461.57,0.08172743213574372,0,,UTILITIES,UNITED STATES,AVUV,2026-05-14,,,,,,,,,,,,,
BURKE + HERBERT FINANCIAL SE COMMON STOCK,BHRB,COMMON STOCK,12135Y108,US12135Y1082,BQ1PC32,338578.0,21005379.12,0.07994964577856586,0,,FINANCIALS,UNITED STATES,AVUV,2026-05-14,,,,,,,,,,,,,
DOLE PLC COMMON STOCK USD.01,DOLE,COMMON STOCK,G27907107,IE0003LFZ4U7,BMCLHR0,1438897.0,20964729.29,0.07979492638545742,0,,CONSUMER STAPLES,UNITED STATES,AVUV,2026-05-14,,,,,,,,,,,,,
COVENANT LOGISTICS GROUP INC COMMON STOCK USD.01,CVLG,COMMON STOCK,22284P105,US22284P1057,2200853,654647.0,20915971.65,0.07960934744280995,0,,INDUSTRIALS,UNITED STATES,AVUV,2026-05-14,,,,,,,,,,,,,
FIRST FINANCIAL CORP COMMON STOCK,THFF,COMMON STOCK,320218100,US3202181000,2362515,317253.0,20894282.58,0.07952679556627107,0,,FINANCIALS,UNITED STATES,AVUV,2026-05-14,,,,,,,,,,,,,
INDEPENDENT BANK CORP   MICH COMMON STOCK USD1.0,IBCP,COMMON STOCK,453838609,US4538386099,2492133,624300.0,20708031.0,0.07881789391962,0,,FINANCIALS,UNITED STATES,AVUV,2026-05-14,,,,,,,,,,,,,
DUCOMMUN INC COMMON STOCK USD.01,DCO,COMMON STOCK,264147109,US2641471097,2283229,136122.0,20574840.3,0.07831094999705779,0,,INDUSTRIALS,UNITED STATES,AVUV,2026-05-14,,,,,,,,,,,,,
GENTHERM INC COMMON STOCK,THRM,COMMON STOCK,37253A103,US37253A1034,B8JFD24,668066.0,20549710.16,0.07821530088832769,0,,CONSUMER DISCRETIONARY,UNITED STATES,AVUV,2026-05-14,,,,,,,,,,,,,
DNOW INC COMMON STOCK USD.01,DNOW,COMMON STOCK,67011P100,US67011P1003,BMH0MV1,1563795.0,20548266.3,0.07820980533907365,0,,INDUSTRIALS,UNITED STATES,AVUV,2026-05-14,,,,,,,,,,,,,
HOMETRUST BANCSHARES INC COMMON STOCK,HTB,COMMON STOCK,437872104,US4378721041,B84T2F7,442693.0,20169093.08,0.07676661478990357,0,,FINANCIALS,UNITED STATES,AVUV,2026-05-14,,,,,,,,,,,,,
FORESTAR GROUP INC COMMON STOCK USD1.0,FOR,COMMON STOCK,346232101,US3462321015,BF16ZX9,757454.0,20110403.7,0.07654323414463371,0,,REAL ESTATE,UNITED STATES,AVUV,2026-05-14,,,,,,,,,,,,,
SCANSOURCE INC COMMON STOCK,SCSC,COMMON STOCK,806037107,US8060371072,2767756,477590.0,20063555.9,0.07636492434150624,0,,INFORMATION TECHNOLOGY,UNITED STATES,AVUV,2026-05-14,,,,,,,,,,,,,
FORUM ENERGY TECHNOLOGIES IN COMMON STOCK USD.01,FET,COMMON STOCK,34984V209,US34984V2097,BMCKSV8,357706.0,19995765.4,0.07610690345879856,0,,ENERGY,UNITED STATES,AVUV,2026-05-14,,,,,,,,,,,,,
TEEKAY CORP LTD COMMON STOCK USD.001,TK,COMMON STOCK,G8726T105,BMG8726T1053,BL54JF1,1510959.0,19899330.03,0.07573985587408329,0,,ENERGY,UNITED STATES,AVUV,2026-05-14,,,,,,,,,,,,,
REPUBLIC BANCORP INC CLASS A COMMON STOCK,RBCAA,COMMON STOCK,760281204,US7602812049,2277114,261045.0,19805484.15,0.07538266427944865,0,,FINANCIALS,UNITED STATES,AVUV,2026-05-14,,,,,,,,,,,,,
EMPLOYERS HOLDINGS INC COMMON STOCK USD.01,EIG,COMMON STOCK,292218104,US2922181043,B1Q1RR9,470888.0,19518307.6,0.07428962695233135,0,,FINANCIALS,UNITED STATES,AVUV,2026-05-14,,,,,,,,,,,,,
ERMENEGILDO ZEGNA NV COMMON STOCK,ZGN,COMMON STOCK,N30577105,NL0015000PB5,BLCY7G1,1529919.0,19445270.49,0.07401163667946688,0,,CONSUMER DISCRETIONARY,UNITED STATES,AVUV,2026-05-14,,,,,,,,,,,,,
TELADOC HEALTH INC COMMON STOCK USD.001,TDOC,COMMON STOCK,87918A105,US87918A1051,BYQRFY1,2810129.0,19080775.91,0.07262431525133513,0,,HEALTH CARE,UNITED STATES,AVUV,2026-05-14,,,,,,,,,,,,,
HERITAGE INSURANCE HOLDINGS COMMON STOCK USD.0001,HRTG,COMMON STOCK,42727J102,US42727J1025,BMN9870,859941.0,18935900.82,0.07207289877551397,0,,FINANCIALS,UNITED STATES,AVUV,2026-05-14,,,,,,,,,,,,,
PAGAYA TECHNOLOGIES LTD  A COMMON STOCK USD.0001,PGY,COMMON STOCK,M7S64L123,IL0011858912,BQ5J6B6,1435821.0,18895404.36,0.07191876313179198,0,,INFORMATION TECHNOLOGY,UNITED STATES,AVUV,2026-05-14,,,,,,,,,,,,,
ESQUIRE FINANCIAL HOLDINGS I COMMON STOCK USD.01,ESQ,COMMON STOCK,29667J101,US29667J1016,BD5G1Z5,180163.0,18812620.46,0.0716036751039417,0,,FINANCIALS,UNITED STATES,AVUV,2026-05-14,,,,,,,,,,,,,
SOUTHERN MISSOURI BANCORP COMMON STOCK USD.01,SMBC,COMMON STOCK,843380106,US8433801060,2570501,279168.0,18807548.16,0.07158436916397433,0,,FINANCIALS,UNITED STATES,AVUV,2026-05-14,,,,,,,,,,,,,
RILEY EXPLORATION PERMIAN IN COMMON STOCK USD.001,REPX,COMMON STOCK,76665T102,US76665T1025,BNW2543,515600.0,18638940.0,0.07094262103886952,0,,ENERGY,UNITED STATES,AVUV,2026-05-14,,,,,,,,,,,,,
RIGEL PHARMACEUTICALS INC COMMON STOCK USD.001,RIGL,COMMON STOCK,766559702,US7665597024,BQD3J33,578599.0,18590385.87,0.07075781668602209,0,,HEALTH CARE,UNITED STATES,AVUV,2026-05-14,,,,,,,,,,,,,
VILLAGE SUPER MARKET CLASS A COMMON STOCK,VLGEA,COMMON STOCK,927107409,US9271074091,2929211,408907.0,18507130.82,0.07044093539010493,0,,CONSUMER STAPLES,UNITED STATES,AVUV,2026-05-14,,,,,,,,,,,,,
EMERGENT BIOSOLUTIONS INC COMMON STOCK USD.001,EBS,COMMON STOCK,29089Q105,US29089Q1058,B1HJLW5,2209993.0,18409241.69,0.07006835457524022,0,,HEALTH CARE,UNITED STATES,AVUV,2026-05-14,,,,,,,,,,,,,
GREAT SOUTHERN BANCORP INC COMMON STOCK USD.01,GSBC,COMMON STOCK,390905107,US3909051076,2387002,266658.0,18108744.78,0.06892461794593183,0,,FINANCIALS,UNITED STATES,AVUV,2026-05-14,,,,,,,,,,,,,
RAYONIER ADVANCED MATERIALS COMMON STOCK USD.01,RYAM,COMMON STOCK,75508B104,US75508B1044,BN458W9,1903222.0,18080609.0,0.0688175289173619,0,,MATERIALS,UNITED STATES,AVUV,2026-05-14,,,,,,,,,,,,,
INNOVEX INTERNATIONAL INC COMMON STOCK USD.01,INVX,COMMON STOCK,457651107,US4576511079,BSPRSL8,658818.0,18064789.56,0.06875731773920654,0,,ENERGY,UNITED STATES,AVUV,2026-05-14,,,,,,,,,,,,,
SONIC AUTOMOTIVE INC CLASS A COMMON STOCK USD.01,SAH,COMMON STOCK,83545G102,US83545G1022,2125246,236957.0,18037166.84,0.06865218149449397,0,,CONSUMER DISCRETIONARY,UNITED STATES,AVUV,2026-05-14,,,,,,,,,,,,,
OCEANFIRST FINANCIAL CORP COMMON STOCK USD.01,OCFC,COMMON STOCK,675234108,US6752341080,2125901,990592.0,18008962.56,0.06854483174457716,0,,FINANCIALS,UNITED STATES,AVUV,2026-05-14,,,,,,,,,,,,,
F+G ANNUITIES + LIFE INC COMMON STOCK USD.001,FG,COMMON STOCK,30190A104,US30190A1043,BM9XCN0,639213.0,17955493.17,0.06834131916972316,0,,FINANCIALS,UNITED STATES,AVUV,2026-05-14,,,,,,,,,,,,,
TARGET HOSPITALITY CORP COMMON STOCK USD.0001,TH,COMMON STOCK,87615L107,US87615L1070,BJMYWL7,1007736.0,17635380.0,0.0671229200918324,0,,CONSUMER DISCRETIONARY,UNITED STATES,AVUV,2026-05-14,,,,,,,,,,,,,
RUSH ENTERPRISES INC   CL B COMMON STOCK USD.01,RUSHB,COMMON STOCK,781846308,US7818463082,2966865,273965.0,17613209.85,0.06703853715214673,0,,INDUSTRIALS,UNITED STATES,AVUV,2026-05-14,,,,,,,,,,,,,
PACIRA BIOSCIENCES INC COMMON STOCK USD.001,PCRX,COMMON STOCK,695127100,US6951271005,B3X26D8,763266.0,17585648.64,0.0669336350237852,0,,HEALTH CARE,UNITED STATES,AVUV,2026-05-14,,,,,,,,,,,,,
CIVEO CORP COMMON STOCK USD.01,CVEO,COMMON STOCK,17878Y207,CA17878Y2078,BN0TDP3,527279.0,17542572.33,0.06676968008127866,0,,INDUSTRIALS,UNITED STATES,AVUV,2026-05-14,,,,,,,,,,,,,
CNB FINANCIAL CORP/PA COMMON STOCK,CCNE,COMMON STOCK,126128107,US1261281075,2619705,577614.0,17507480.34,0.0666361146667181,0,,FINANCIALS,UNITED STATES,AVUV,2026-05-14,,,,,,,,,,,,,
HEARTLAND EXPRESS INC COMMON STOCK USD.01,HTLD,COMMON STOCK,422347104,US4223471040,2414018,1419497.0,17488203.04,0.06656274235109537,0,,INDUSTRIALS,UNITED STATES,AVUV,2026-05-14,,,,,,,,,,,,,
ORION SA COMMON STOCK,OEC,COMMON STOCK,L72967109,LU1092234845,BP8FKJ0,2395096.0,17364446.0,0.06609170436344093,0,,MATERIALS,UNITED STATES,AVUV,2026-05-14,,,,,,,,,,,,,
METROCITY BANKSHARES INC COMMON STOCK,MCBS,COMMON STOCK,59165J105,US59165J1051,BD9MTK0,552143.0,17342811.63,0.06600936068336444,0,,FINANCIALS,UNITED STATES,AVUV,2026-05-14,,,,,,,,,,,,,
BUILD A BEAR WORKSHOP INC COMMON STOCK USD.01,BBW,COMMON STOCK,120076104,US1200761047,B034L50,480687.0,17179753.38,0.06538873635402966,0,,CONSUMER DISCRETIONARY,UNITED STATES,AVUV,2026-05-14,,,,,,,,,,,,,
INGRAM MICRO HOLDING CORP COMMON STOCK USD.01,INGM,COMMON STOCK,457152106,US4571521065,BS5YN47,659336.0,17030648.88,0.06482122210489906,0,,INFORMATION TECHNOLOGY,UNITED STATES,AVUV,2026-05-14,,,,,,,,,,,,,
BEACON FINANCIAL CORP COMMON STOCK USD.01,BBT,COMMON STOCK,084680107,US0846801076,2606570,598969.0,16998740.22,0.06469977292515826,0,,FINANCIALS,UNITED STATES,AVUV,2026-05-14,,,,,,,,,,,,,
CAPITAL CITY BANK GROUP INC COMMON STOCK USD.01,CCBG,COMMON STOCK,139674105,US1396741050,2186759,368069.0,16868602.27,0.06420444823021179,0,,FINANCIALS,UNITED STATES,AVUV,2026-05-14,,,,,,,,,,,,,
AMPHASTAR PHARMACEUTICALS IN COMMON STOCK USD.0001,AMPH,COMMON STOCK,03209R103,US03209R1032,BNFWZS4,918723.0,16831005.36,0.0640613487117648,0,,HEALTH CARE,UNITED STATES,AVUV,2026-05-14,,,,,,,,,,,,,
CARS.COM INC COMMON STOCK USD.01,CARS,COMMON STOCK,14575E105,US14575E1055,BYXHTC0,1602160.0,16662464.0,0.0634198548375501,0,,COMMUNICATION SERVICES,UNITED STATES,AVUV,2026-05-14,,,,,,,,,,,,,
IMAX CORP COMMON STOCK,IMAX,COMMON STOCK,45245E109,CA45245E1097,2473859,492934.0,16656239.86,0.06339616482055808,0,,COMMUNICATION SERVICES,UNITED STATES,AVUV,2026-05-14,,,,,,,,,,,,,
MARCUS CORPORATION COMMON STOCK USD1.0,MCS,COMMON STOCK,566330106,US5663301068,2564827,969347.0,16653381.46,0.06338528531839877,0,,COMMUNICATION SERVICES,UNITED STATES,AVUV,2026-05-14,,,,,,,,,,,,,
ASTEC INDUSTRIES INC COMMON STOCK USD.2,ASTE,COMMON STOCK,046224101,US0462241011,2060370,338325.0,16594841.25,0.06316247243668092,0,,INDUSTRIALS,UNITED STATES,AVUV,2026-05-14,,,,,,,,,,,,,
QUANEX BUILDING PRODUCTS COMMON STOCK USD.01,NX,COMMON STOCK,747619104,US7476191041,B2QXCJ9,862619.0,16553658.61,0.06300572508823192,0,,INDUSTRIALS,UNITED STATES,AVUV,2026-05-14,,,,,,,,,,,,,
FIVE STAR BANCORP COMMON STOCK,FSBC,COMMON STOCK,33830T103,US33830T1034,BP2C8W6,406380.0,16499028.0,0.06279779273465642,0,,FINANCIALS,UNITED STATES,AVUV,2026-05-14,,,,,,,,,,,,,
TRICO BANCSHARES COMMON STOCK,TCBK,COMMON STOCK,896095106,US8960951064,2904133,332336.0,16377518.08,0.06233530762514788,0,,FINANCIALS,UNITED STATES,AVUV,2026-05-14,,,,,,,,,,,,,
SHORE BANCSHARES INC COMMON STOCK USD.01,SHBI,COMMON STOCK,825107105,US8251071051,2748869,847682.0,16292448.04,0.062011518203137744,0,,FINANCIALS,UNITED STATES,AVUV,2026-05-14,,,,,,,,,,,,,
VOYA FINANCIAL INC COMMON STOCK USD.01,VOYA,COMMON STOCK,929089100,US9290891004,BKWQ2N2,199142.0,16234055.84,0.06178926866983672,0,,FINANCIALS,UNITED STATES,AVUV,2026-05-14,,,,,,,,,,,,,
ORRSTOWN FINL SERVICES INC COMMON STOCK,ORRF,COMMON STOCK,687380105,US6873801053,B019FW2,453646.0,16149797.6,0.06146856908124842,0,,FINANCIALS,UNITED STATES,AVUV,2026-05-14,,,,,,,,,,,,,
INTREPID POTASH INC COMMON STOCK USD.001,IPI,COMMON STOCK,46121Y201,US46121Y2019,BMDNMT2,353250.0,16037550.0,0.06104133776072684,0,,MATERIALS,UNITED STATES,AVUV,2026-05-14,,,,,,,,,,,,,
SANDRIDGE ENERGY INC COMMON STOCK USD.001,SD,COMMON STOCK,80007P869,US80007P8692,BD1XH30,1069069.0,15907746.72,0.06054728687035204,0,,ENERGY,UNITED STATES,AVUV,2026-05-14,,,,,,,,,,,,,
SHENANDOAH TELECOMMUNICATION COMMON STOCK,SHEN,COMMON STOCK,82312B106,US82312B1061,2676692,1003379.0,15903557.15,0.060531340734100415,0,,COMMUNICATION SERVICES,UNITED STATES,AVUV,2026-05-14,,,,,,,,,,,,,
NORTHRIM BANCORP INC COMMON STOCK USD1.0,NRIM,COMMON STOCK,666762109,US6667621097,2640277,676048.0,15826283.68,0.06023722623517674,0,,FINANCIALS,UNITED STATES,AVUV,2026-05-14,,,,,,,,,,,,,
VITESSE ENERGY INC COMMON STOCK USD.01,VTS,COMMON STOCK,92852X103,US92852X1037,BMBX3P7,855266.0,15505972.58,0.05901807380580879,0,,ENERGY,UNITED STATES,AVUV,2026-05-14,,,,,,,,,,,,,
MISSION PRODUCE INC COMMON STOCK USD.001,AVO,COMMON STOCK,60510V108,US60510V1089,BLNPMM4,1220013.0,15201361.98,0.05785867985099041,0,,CONSUMER STAPLES,UNITED STATES,AVUV,2026-05-14,,,,,,,,,,,,,
OIL STATES INTERNATIONAL INC COMMON STOCK USD.01,OIS,COMMON STOCK,678026105,US6780261052,2724472,1672496.0,15069188.96,0.05735560937222805,0,,ENERGY,UNITED STATES,AVUV,2026-05-14,,,,,,,,,,,,,
MALIBU BOATS INC   A COMMON STOCK USD.01,MBUU,COMMON STOCK,56117J100,US56117J1007,BJ38KJ2,524249.0,14752366.86,0.056149736603871105,0,,CONSUMER DISCRETIONARY,UNITED STATES,AVUV,2026-05-14,,,,,,,,,,,,,
NORDIC AMERICAN TANKERS LTD COMMON STOCK USD.01,NAT,COMMON STOCK,G65773106,BMG657731060,2113876,2564667.0,14362135.2,0.0546644559616914,0,,ENERGY,UNITED STATES,AVUV,2026-05-14,,,,,,,,,,,,,
NATURAL GROCERS BY VITAMIN C COMMON STOCK USD.001,NGVC,COMMON STOCK,63888U108,US63888U1088,B82C9Z7,510075.0,14328006.75,0.054534557925912865,0,,CONSUMER STAPLES,UNITED STATES,AVUV,2026-05-14,,,,,,,,,,,,,
ACCEL ENTERTAINMENT INC COMMON STOCK USD.0001,ACEL,COMMON STOCK,00436Q106,US00436Q1067,BK7FYL6,1234873.0,14225736.96,0.05414530365739252,0,,CONSUMER DISCRETIONARY,UNITED STATES,AVUV,2026-05-14,,,,,,,,,,,,,
SSC GOVERNMENT MM GVMXX,OTHER,SWEEP INVESTMENT VEHICLE,7839989D1,,,14212936.0,14212936.27,0.05409658229771722,3.5593705,12/31/2030,MISCELLANEOUS,UNITED STATES,AVUV,2026-05-14,,,,,,,,,,,,,
PEAPACK GLADSTONE FINL CORP COMMON STOCK,PGC,COMMON STOCK,704699107,US7046991078,2307732,339812.0,14132781.08,0.05379149953719176,0,,FINANCIALS,UNITED STATES,AVUV,2026-05-14,,,,,,,,,,,,,
PAYCOM SOFTWARE INC COMMON STOCK USD.01,PAYC,COMMON STOCK,70432V102,US70432V1026,BL95MY0,104324.0,14073307.6,0.05356513448888414,0,,INDUSTRIALS,UNITED STATES,AVUV,2026-05-14,,,,,,,,,,,,,
SMARTFINANCIAL INC COMMON STOCK USD1.0,SMBK,COMMON STOCK,83190L208,US83190L2088,BYVYKX1,347759.0,14045986.01,0.05346114439043705,0,,FINANCIALS,UNITED STATES,AVUV,2026-05-14,,,,,,,,,,,,,
SOUTH PLAINS FINANCIAL INC COMMON STOCK USD1.0,SPFI,COMMON STOCK,83946P107,US83946P1075,BGV1W52,359888.0,14032033.12,0.053408037583522756,0,,FINANCIALS,UNITED STATES,AVUV,2026-05-14,,,,,,,,,,,,,
JOHN B. SANFILIPPO + SON INC COMMON STOCK USD.01,JBSS,COMMON STOCK,800422107,US8004221078,2772998,182936.0,13844596.48,0.0526946254195092,0,,CONSUMER STAPLES,UNITED STATES,AVUV,2026-05-14,,,,,,,,,,,,,
LUXFER HOLDINGS PLC COMMON STOCK USD.5,LXFR,COMMON STOCK,G5698W116,GB00BNK03D49,BF5GRT5,896428.0,13822919.76,0.05261212054893578,0,,INDUSTRIALS,UNITED STATES,AVUV,2026-05-14,,,,,,,,,,,,,
GRAPHIC PACKAGING HOLDING CO COMMON STOCK USD.01,GPK,COMMON STOCK,388689101,US3886891015,B2Q8249,1392666.0,13648126.8,0.05194683214082125,0,,MATERIALS,UNITED STATES,AVUV,2026-05-14,,,,,,,,,,,,,
ETHAN ALLEN INTERIORS INC COMMON STOCK USD.01,ETD,COMMON STOCK,297602104,US2976021046,2320825,728963.0,13617028.84,0.05182846860773611,0,,CONSUMER DISCRETIONARY,UNITED STATES,AVUV,2026-05-14,,,,,,,,,,,,,
NAVIENT CORP COMMON STOCK USD.01,NAVI,COMMON STOCK,63938C108,US63938C1080,BLP5GX1,1711309.0,13502228.01,0.051391519308170916,0,,FINANCIALS,UNITED STATES,AVUV,2026-05-14,,,,,,,,,,,,,
ENNIS INC COMMON STOCK USD2.5,EBF,COMMON STOCK,293389102,US2933891028,2316103,667685.0,13480560.15,0.0513090481600958,0,,INDUSTRIALS,UNITED STATES,AVUV,2026-05-14,,,,,,,,,,,,,
CAPITOL FEDERAL FINANCIAL IN COMMON STOCK USD.01,CFFN,COMMON STOCK,14057J101,US14057J1016,B3KWJV0,1775764.0,13460291.12,0.051231901170292964,0,,FINANCIALS,UNITED STATES,AVUV,2026-05-14,,,,,,,,,,,,,
PUMA BIOTECHNOLOGY INC COMMON STOCK USD.0001,PBYI,COMMON STOCK,74587V107,US74587V1070,B7F2TY6,1862379.0,13353257.43,0.05082451477878884,0,,HEALTH CARE,UNITED STATES,AVUV,2026-05-14,,,,,,,,,,,,,
NATURAL GAS SERVICES GROUP COMMON STOCK USD.01,NGS,COMMON STOCK,63886Q109,US63886Q1094,2986153,314738.0,13156048.4,0.0500739074223226,0,,ENERGY,UNITED STATES,AVUV,2026-05-14,,,,,,,,,,,,,
TITAN MACHINERY INC COMMON STOCK USD.00001,TITN,COMMON STOCK,88830R101,US88830R1014,B29H3T5,660564.0,13059350.28,0.04970585977141911,0,,INDUSTRIALS,UNITED STATES,AVUV,2026-05-14,,,,,,,,,,,,,
GRANITE RIDGE RESOURCES INC COMMON STOCK USD.0001,GRNT,COMMON STOCK,387432107,US3874321074,BPJKCW1,2502698.0,12913921.68,0.04915233655293065,0,,ENERGY,UNITED STATES,AVUV,2026-05-14,,,,,,,,,,,,,
CARTER BANKSHARES INC COMMON STOCK USD1.0,CARE,COMMON STOCK,146103106,US1461031064,BMWKK45,482846.0,12843703.6,0.048885075934058705,0,,FINANCIALS,UNITED STATES,AVUV,2026-05-14,,,,,,,,,,,,,
MIDLAND STATES BANCORP INC COMMON STOCK USD.01,MSBI,COMMON STOCK,597742105,US5977421057,B6VRG58,476913.0,12719269.71,0.04841146175306652,0,,FINANCIALS,UNITED STATES,AVUV,2026-05-14,,,,,,,,,,,,,
METHODE ELECTRONICS INC COMMON STOCK USD.5,MEI,COMMON STOCK,591520200,US5915202007,2583297,915792.0,12702035.04,0.04834586399576165,0,,INFORMATION TECHNOLOGY,UNITED STATES,AVUV,2026-05-14,,,,,,,,,,,,,
PREFORMED LINE PRODUCTS CO COMMON STOCK USD2.0,PLPC,COMMON STOCK,740444104,US7404441047,2798466,36574.0,12695566.88,0.04832124520179061,0,,INDUSTRIALS,UNITED STATES,AVUV,2026-05-14,,,,,,,,,,,,,
NATURES SUNSHINE PRODS INC COMMON STOCK,NATR,COMMON STOCK,639027101,US6390271012,2627816,567561.0,12673637.13,0.04823777726081718,0,,CONSUMER STAPLES,UNITED STATES,AVUV,2026-05-14,,,,,,,,,,,,,
ATN INTERNATIONAL INC COMMON STOCK USD.01,ATNI,COMMON STOCK,00215F107,US00215F1075,BDC84D3,467227.0,12573078.57,0.047855036192156926,0,,COMMUNICATION SERVICES,UNITED STATES,AVUV,2026-05-14,,,,,,,,,,,,,
ATLANTICUS HOLDINGS CORP COMMON STOCK,ATLC,COMMON STOCK,04914Y102,US04914Y1029,B9B9F36,164526.0,12556624.32,0.047792408831253956,0,,FINANCIALS,UNITED STATES,AVUV,2026-05-14,,,,,,,,,,,,,
DAUCH CORPORATION COMMON STOCK USD.01,DCH,COMMON STOCK,024061103,US0240611030,2382416,1916757.0,12554758.35,0.04778530666758049,0,,CONSUMER DISCRETIONARY,UNITED STATES,AVUV,2026-05-14,,,,,,,,,,,,,
GRAN TIERRA ENERGY INC COMMON STOCK USD.001,GTE,COMMON STOCK,38500T200,US38500T2006,BQ84Y47,1383753.0,12522964.65,0.04766429504296431,0,,ENERGY,UNITED STATES,AVUV,2026-05-14,,,,,,,,,,,,,
HYSTER YALE INC COMMON STOCK USD.01,HY,COMMON STOCK,449172105,US4491721050,B7LG306,343614.0,12476624.34,0.04748791682343285,0,,INDUSTRIALS,UNITED STATES,AVUV,2026-05-14,,,,,,,,,,,,,
HOVNANIAN ENTERPRISES A COMMON STOCK USD.01,HOV,COMMON STOCK,442487401,US4424874018,BJ5KPZ7,120681.0,12460313.25,0.047425834351114096,0,,CONSUMER DISCRETIONARY,UNITED STATES,AVUV,2026-05-14,,,,,,,,,,,,,
TREX COMPANY INC COMMON STOCK USD.01,TREX,COMMON STOCK,89531P105,US89531P1057,2483074,325702.0,12370161.96,0.04708270492408471,0,,INDUSTRIALS,UNITED STATES,AVUV,2026-05-14,,,,,,,,,,,,,
IBEX LTD COMMON STOCK USD.0001,IBEX,COMMON STOCK,G4690M101,BMG4690M1010,BLF81K2,403427.0,12280317.88,0.046740744784719165,0,,INDUSTRIALS,UNITED STATES,AVUV,2026-05-14,,,,,,,,,,,,,
CENTRAL GARDEN + PET CO COMMON STOCK USD.01,CENT,COMMON STOCK,153527106,US1535271068,2183868,319148.0,12201028.04,0.04643895567700421,0,,CONSUMER STAPLES,UNITED STATES,AVUV,2026-05-14,,,,,,,,,,,,,
ZIONS BANCORP NA COMMON STOCK USD.001,ZION,COMMON STOCK,989701107,US9897011071,2989828,205825.0,12182781.75,0.046369507541174845,0,,FINANCIALS,UNITED STATES,AVUV,2026-05-14,,,,,,,,,,,,,
THIRD COAST BANCSHARES INC COMMON STOCK USD1.0,TCBX,COMMON STOCK,88422P109,US88422P1093,BL55Q42,325507.0,11946106.9,0.04546868731250405,0,,FINANCIALS,UNITED STATES,AVUV,2026-05-14,,,,,,,,,,,,,
CALERES INC COMMON STOCK USD.01,CAL,COMMON STOCK,129500104,US1295001044,BWX4MD9,1082589.0,11940956.67,0.04544908475918541,0,,CONSUMER DISCRETIONARY,UNITED STATES,AVUV,2026-05-14,,,,,,,,,,,,,
NU SKIN ENTERPRISES INC   A COMMON STOCK USD.001,NUS,COMMON STOCK,67018T105,US67018T1051,2616870,1886191.0,11845279.48,0.04508492292207268,0,,CONSUMER STAPLES,UNITED STATES,AVUV,2026-05-14,,,,,,,,,,,,,
LEGGETT + PLATT INC COMMON STOCK USD.01,LEG,COMMON STOCK,524660107,US5246601075,2510682,1252991.0,11790645.31,0.04487697701859946,0,,CONSUMER DISCRETIONARY,UNITED STATES,AVUV,2026-05-14,,,,,,,,,,,,,
ACCO BRANDS CORP COMMON STOCK USD.01,ACCO,COMMON STOCK,00081T108,US00081T1088,B0G7SZ5,3028159.0,11718975.33,0.04460419024901903,0,,INDUSTRIALS,UNITED STATES,AVUV,2026-05-14,,,,,,,,,,,,,
INGREDION INC COMMON STOCK USD.01,INGR,COMMON STOCK,457187102,US4571871023,B7K24P7,110426.0,11704051.74,0.04454738881128119,0,,CONSUMER STAPLES,UNITED STATES,AVUV,2026-05-14,,,,,,,,,,,,,
FIRST BUSINESS FINANCIAL SER COMMON STOCK USD.01,FBIZ,COMMON STOCK,319390100,US3193901002,B0M02F6,211952.0,11559862.08,0.04399858118557374,0,,FINANCIALS,UNITED STATES,AVUV,2026-05-14,,,,,,,,,,,,,
ARROW FINANCIAL CORP COMMON STOCK USD1.0,AROW,COMMON STOCK,042744102,US0427441029,2051374,324011.0,11489430.06,0.04373050627874631,0,,FINANCIALS,UNITED STATES,AVUV,2026-05-14,,,,,,,,,,,,,
AMERANT BANCORP INC COMMON STOCK USD.1,AMTB,COMMON STOCK,023576101,US0235761014,BKDSMB5,509676.0,11467710.0,0.04364783644958642,0,,FINANCIALS,UNITED STATES,AVUV,2026-05-14,,,,,,,,,,,,,
KFORCE INC COMMON STOCK USD.01,KFRC,COMMON STOCK,493732101,US4937321010,2746982,288232.0,11359223.12,0.043234918997438955,0,,INDUSTRIALS,UNITED STATES,AVUV,2026-05-14,,,,,,,,,,,,,
HNI CORP COMMON STOCK USD1.0,HNI,COMMON STOCK,404251100,US4042511000,2435246,363002.0,11274842.12,0.04291375216574784,0,,INDUSTRIALS,UNITED STATES,AVUV,2026-05-14,,,,,,,,,,,,,
AMC GLOBAL MEDIA INC COMMON STOCK,AMCX,COMMON STOCK,00164V103,US00164V1035,B4MG4Z6,1342936.0,11267233.04,0.04288479085792162,0,,COMMUNICATION SERVICES,UNITED STATES,AVUV,2026-05-14,,,,,,,,,,,,,
COLLEGIUM PHARMACEUTICAL INC COMMON STOCK USD.001,COLL,COMMON STOCK,19459J104,US19459J1043,BX7RSN3,320299.0,11168826.13,0.0425102392941666,0,,HEALTH CARE,UNITED STATES,AVUV,2026-05-14,,,,,,,,,,,,,
HILLTOP HOLDINGS INC COMMON STOCK USD.01,HTH,COMMON STOCK,432748101,US4327481010,2365428,304372.0,11140015.2,0.04240058054271574,0,,FINANCIALS,UNITED STATES,AVUV,2026-05-14,,,,,,,,,,,,,
CROSS COUNTRY HEALTHCARE INC COMMON STOCK USD.0001,CCRN,COMMON STOCK,227483104,US2274831047,2809056,838369.0,10999401.28,0.04186538272356133,0,,HEALTH CARE,UNITED STATES,AVUV,2026-05-14,,,,,,,,,,,,,
NORTHFIELD BANCORP INC COMMON STOCK USD.01,NFBK,COMMON STOCK,66611T108,US66611T1088,B8NB2R6,784505.0,10959534.85,0.04171364506918492,0,,FINANCIALS,UNITED STATES,AVUV,2026-05-14,,,,,,,,,,,,,
WORLD ACCEPTANCE CORP COMMON STOCK,WRLD,COMMON STOCK,981419104,US9814191048,2981181,73104.0,10956827.52,0.041703340562264615,0,,FINANCIALS,UNITED STATES,AVUV,2026-05-14,,,,,,,,,,,,,
PURSUIT ATTRACTIONS AND HOSP COMMON STOCK USD1.5,PRSU,COMMON STOCK,92552R406,US92552R4065,B01KGF5,259223.0,10939210.6,0.041636287903721154,0,,CONSUMER DISCRETIONARY,UNITED STATES,AVUV,2026-05-14,,,,,,,,,,,,,
CVB FINANCIAL CORP COMMON STOCK,CVBF,COMMON STOCK,126600105,US1266001056,2160645,556590.0,10909164.0,0.041521926005603206,0,,FINANCIALS,UNITED STATES,AVUV,2026-05-14,,,,,,,,,,,,,
IDT CORP CLASS B COMMON STOCK USD.01,IDT,COMMON STOCK,448947507,US4489475073,2757304,208493.0,10833296.28,0.041233162003517086,0,,COMMUNICATION SERVICES,UNITED STATES,AVUV,2026-05-14,,,,,,,,,,,,,
CAMDEN NATIONAL CORP COMMON STOCK,CAC,COMMON STOCK,133034108,US1330341082,2116659,227582.0,10814696.64,0.04116236896421446,0,,FINANCIALS,UNITED STATES,AVUV,2026-05-14,,,,,,,,,,,,,
UNITY BANCORP INC COMMON STOCK,UNTY,COMMON STOCK,913290102,US9132901029,2083968,205646.0,10705930.76,0.04074838959592424,0,,FINANCIALS,UNITED STATES,AVUV,2026-05-14,,,,,,,,,,,,,
AMERESCO INC CL A COMMON STOCK USD.0001,AMRC,COMMON STOCK,02361E108,US02361E1082,B3SWPT2,368807.0,10688026.86,0.04068024464815265,0,,INDUSTRIALS,UNITED STATES,AVUV,2026-05-14,,,,,,,,,,,,,
HOME BANCORP INC COMMON STOCK USD.01,HBCP,COMMON STOCK,43689E107,US43689E1073,B39XGV3,170217.0,10681116.75,0.04065394372572537,0,,FINANCIALS,UNITED STATES,AVUV,2026-05-14,,,,,,,,,,,,,
MATRIX SERVICE CO COMMON STOCK USD.01,MTRX,COMMON STOCK,576853105,US5768531056,2572068,896787.0,10582086.6,0.040277020016390365,0,,INDUSTRIALS,UNITED STATES,AVUV,2026-05-14,,,,,,,,,,,,,
SIERRA BANCORP COMMON STOCK,BSRR,COMMON STOCK,82620P102,US82620P1021,2586315,283949.0,10489076.06,0.039923007851973266,0,,FINANCIALS,UNITED STATES,AVUV,2026-05-14,,,,,,,,,,,,,
ASBURY AUTOMOTIVE GROUP COMMON STOCK USD.01,ABG,COMMON STOCK,043436104,US0434361046,2855855,53780.0,10371473.0,0.039475392841753186,0,,CONSUMER DISCRETIONARY,UNITED STATES,AVUV,2026-05-14,,,,,,,,,,,,,
UPBOUND GROUP INC COMMON STOCK USD.01,UPBD,COMMON STOCK,76009N100,US76009N1000,2733092,586358.0,10132266.24,0.03856493578117915,0,,CONSUMER DISCRETIONARY,UNITED STATES,AVUV,2026-05-14,,,,,,,,,,,,,
BRIDGEWATER BANCSHARES INC COMMON STOCK USD.001,BWB,COMMON STOCK,108621103,US1086211034,BFMZC67,553804.0,10040466.52,0.03821553218057556,0,,FINANCIALS,UNITED STATES,AVUV,2026-05-14,,,,,,,,,,,,,
RBB BANCORP COMMON STOCK,RBB,COMMON STOCK,74930B105,US74930B1052,B8BBRW8,425270.0,9883274.8,0.03761723675055603,0,,FINANCIALS,UNITED STATES,AVUV,2026-05-14,,,,,,,,,,,,,
STELLAR BANCORP INC COMMON STOCK USD.01,STEL,COMMON STOCK,858927106,US8589271068,BQBCZY5,270342.0,9816118.02,0.03736162790189131,0,,FINANCIALS,UNITED STATES,AVUV,2026-05-14,,,,,,,,,,,,,
MARINEMAX INC COMMON STOCK USD.001,HZO,COMMON STOCK,567908108,US5679081084,2250353,293311.0,9781921.85,0.03723147211356372,0,,CONSUMER DISCRETIONARY,UNITED STATES,AVUV,2026-05-14,,,,,,,,,,,,,
HAVERTY FURNITURE COMMON STOCK USD1.0,HVT,COMMON STOCK,419596101,US4195961010,2414245,475028.0,9752324.84,0.037118821422896034,0,,CONSUMER DISCRETIONARY,UNITED STATES,AVUV,2026-05-14,,,,,,,,,,,,,
LIVE OAK BANCSHARES INC COMMON STOCK,LOB,COMMON STOCK,53803X105,US53803X1054,BYN5Z59,270928.0,9680257.44,0.03684452201276559,0,,FINANCIALS,UNITED STATES,AVUV,2026-05-14,,,,,,,,,,,,,
HUB GROUP INC CL A COMMON STOCK USD.01,HUBG,COMMON STOCK,443320106,US4433201062,2407632,253031.0,9602526.45,0.036548666123613835,0,,INDUSTRIALS,UNITED STATES,AVUV,2026-05-14,,,,,,,,,,,,,
SHOE CARNIVAL INC COMMON STOCK USD.01,SCVL,COMMON STOCK,824889109,US8248891090,2805474,593231.0,9533222.17,0.03628488356557075,0,,CONSUMER DISCRETIONARY,UNITED STATES,AVUV,2026-05-14,,,,,,,,,,,,,
ACNB CORP COMMON STOCK USD2.5,ACNB,COMMON STOCK,000868109,US0008681092,2412012,181273.0,9522270.69,0.03624320057847734,0,,FINANCIALS,UNITED STATES,AVUV,2026-05-14,,,,,,,,,,,,,
HERC HOLDINGS INC COMMON STOCK USD.01,HRI,COMMON STOCK,42704L104,US42704L1044,BZBZ020,69202.0,9474445.82,0.03606117189934413,0,,INDUSTRIALS,UNITED STATES,AVUV,2026-05-14,,,,,,,,,,,,,
WORTHINGTON STEEL INC COMMON STOCK USD.0001,WS,COMMON STOCK,982104101,US9821041012,BS70KN1,234367.0,9444990.1,0.0359490589797582,0,,MATERIALS,UNITED STATES,AVUV,2026-05-14,,,,,,,,,,,,,
BLOOMIN  BRANDS INC COMMON STOCK USD.01,BLMN,COMMON STOCK,094235108,US0942351083,B847RJ0,1138058.0,9423120.24,0.035865818989171114,0,,CONSUMER DISCRETIONARY,UNITED STATES,AVUV,2026-05-14,,,,,,,,,,,,,
NORTHWEST BANCSHARES INC COMMON STOCK USD.01,NWBI,COMMON STOCK,667340103,US6673401039,B523Z73,694088.0,9384069.76,0.03571718696374339,0,,FINANCIALS,UNITED STATES,AVUV,2026-05-14,,,,,,,,,,,,,
NATIONAL HEALTHCARE CORP COMMON STOCK USD.01,NHC,COMMON STOCK,635906100,US6359061008,2139731,47964.0,9339070.44,0.035545912754707525,0,,HEALTH CARE,UNITED STATES,AVUV,2026-05-14,,,,,,,,,,,,,
DESIGNER BRANDS INC CLASS A COMMON STOCK,DBI,COMMON STOCK,250565108,US2505651081,BJ9J282,1460983.0,9335681.37,0.03553301344237087,0,,CONSUMER DISCRETIONARY,UNITED STATES,AVUV,2026-05-14,,,,,,,,,,,,,
RANGER ENERGY SERVICES CL A COMMON STOCK,RNGR,COMMON STOCK,75282U104,US75282U1043,BF8G134,573279.0,9304318.17,0.035413640365781415,0,,ENERGY,UNITED STATES,AVUV,2026-05-14,,,,,,,,,,,,,
NAVIGATOR HOLDINGS LTD COMMON STOCK,NVGS,COMMON STOCK,Y62132108,MHY621321089,B7KN3P3,394825.0,9187577.75,0.0349693086937025,0,,ENERGY,UNITED STATES,AVUV,2026-05-14,,,,,,,,,,,,,
SAFETY INSURANCE GROUP INC COMMON STOCK USD.01,SAFT,COMMON STOCK,78648T100,US78648T1007,2958538,129632.0,9035350.4,0.034389908405767604,0,,FINANCIALS,UNITED STATES,AVUV,2026-05-14,,,,,,,,,,,,,
BKV CORPORATION COMMON STOCK USD.01,BKV,COMMON STOCK,05603J108,US05603J1088,BSRK6R7,322431.0,8950684.56,0.03406765743001161,0,,ENERGY,UNITED STATES,AVUV,2026-05-14,,,,,,,,,,,,,
MOVADO GROUP INC COMMON STOCK USD.01,MOV,COMMON STOCK,624580106,US6245801062,2643168,330578.0,8945440.68,0.03404769843064719,0,,CONSUMER DISCRETIONARY,UNITED STATES,AVUV,2026-05-14,,,,,,,,,,,,,
GREIF INC CL B COMMON STOCK,GEF.B,COMMON STOCK,397624206,US3976242061,2394080,107830.0,8860391.1,0.03372398688248753,0,,MATERIALS,UNITED STATES,AVUV,2026-05-14,,,,,,,,,,,,,
BIOVENTUS INC   A COMMON STOCK USD.001,BVS,COMMON STOCK,09075A108,US09075A1088,BD6P6L2,836749.0,8702189.6,0.03312184807726145,0,,HEALTH CARE,UNITED STATES,AVUV,2026-05-14,,,,,,,,,,,,,
HBT FINANCIAL INC/DE COMMON STOCK USD.01,HBT,COMMON STOCK,404111106,US4041111067,BJBZRJ4,320645.0,8689479.5,0.03307347151680972,0,,FINANCIALS,UNITED STATES,AVUV,2026-05-14,,,,,,,,,,,,,
GRAHAM CORP COMMON STOCK USD.1,GHM,COMMON STOCK,384556106,US3845561063,2380904,84263.0,8597353.89,0.03272282752964067,0,,INDUSTRIALS,UNITED STATES,AVUV,2026-05-14,,,,,,,,,,,,,
PRA GROUP INC COMMON STOCK USD.01,PRAA,COMMON STOCK,69354N106,US69354N1063,BSHZ3P9,583480.0,8577156.0,0.032645951309423486,0,,FINANCIALS,UNITED STATES,AVUV,2026-05-14,,,,,,,,,,,,,
STURM RUGER + CO INC COMMON STOCK USD1.0,RGR,COMMON STOCK,864159108,US8641591081,2856289,213890.0,8367376.8,0.03184749998722184,0,,CONSUMER DISCRETIONARY,UNITED STATES,AVUV,2026-05-14,,,,,,,,,,,,,
CABLE ONE INC COMMON STOCK USD.01,CABO,COMMON STOCK,12685J105,US12685J1051,BZ07DS4,158607.0,8290387.89,0.03155446856664075,0,,COMMUNICATION SERVICES,UNITED STATES,AVUV,2026-05-14,,,,,,,,,,,,,
TACTILE SYSTEMS TECHNOLOGY I COMMON STOCK USD.001,TCMD,COMMON STOCK,87357P100,US87357P1003,BZB1XF2,354875.0,8265038.75,0.03145798591083086,0,,HEALTH CARE,UNITED STATES,AVUV,2026-05-14,,,,,,,,,,,,,
PRESTIGE CONSUMER HEALTHCARE COMMON STOCK USD.01,PBH,COMMON STOCK,74112D101,US74112D1019,B0650P3,158723.0,8223438.63,0.03129964957044179,0,,HEALTH CARE,UNITED STATES,AVUV,2026-05-14,,,,,,,,,,,,,
COMMERCIAL METALS CO COMMON STOCK USD.01,CMC,COMMON STOCK,201723103,US2017231034,2213260,116734.0,8209902.22,0.031248127949316515,0,,MATERIALS,UNITED STATES,AVUV,2026-05-14,,,,,,,,,,,,,
INTERNATIONAL MONEY EXPRESS COMMON STOCK USD.0001,IMXI,COMMON STOCK,46005L101,US46005L1017,BG216W6,541204.0,8199240.6,0.031207548213166254,0,,FINANCIALS,UNITED STATES,AVUV,2026-05-14,,,,,,,,,,,,,
KELLY SERVICES INC  A COMMON STOCK USD1.0,KELYA,COMMON STOCK,488152208,US4881522084,2487117,836881.0,8176327.37,0.031120336998758873,0,,INDUSTRIALS,UNITED STATES,AVUV,2026-05-14,,,,,,,,,,,,,
REGIONAL MANAGEMENT CORP COMMON STOCK USD.1,RM,COMMON STOCK,75902K106,US75902K1060,B719DK5,233457.0,7970221.98,0.030335868752343655,0,,FINANCIALS,UNITED STATES,AVUV,2026-05-14,,,,,,,,,,,,,
STRATTEC SECURITY CORP COMMON STOCK USD.01,STRT,COMMON STOCK,863111100,US8631111007,2848714,126038.0,7871073.1,0.029958493138694572,0,,CONSUMER DISCRETIONARY,UNITED STATES,AVUV,2026-05-14,,,,,,,,,,,,,
STRIDE INC COMMON STOCK USD.0001,LRN,COMMON STOCK,86333M108,US86333M1080,BLD5321,88223.0,7775092.99,0.02959317834230599,0,,CONSUMER DISCRETIONARY,UNITED STATES,AVUV,2026-05-14,,,,,,,,,,,,,
SAFE BULKERS INC COMMON STOCK USD.001,SB,COMMON STOCK,Y7388L103,MHY7388L1039,B39GTS0,1063099.0,7728729.73,0.029416712771607952,0,,INDUSTRIALS,UNITED STATES,AVUV,2026-05-14,,,,,,,,,,,,,
ENOVIS CORP COMMON STOCK USD.001,ENOV,COMMON STOCK,194014502,US1940145022,BJLTMX5,299511.0,7697432.7,0.02929759154803343,0,,HEALTH CARE,UNITED STATES,AVUV,2026-05-14,,,,,,,,,,,,,
STANDARD MOTOR PRODS COMMON STOCK USD2.0,SMP,COMMON STOCK,853666105,US8536661056,2838306,199709.0,7650851.79,0.029120297568559505,0,,CONSUMER DISCRETIONARY,UNITED STATES,AVUV,2026-05-14,,,,,,,,,,,,,
RED RIVER BANCSHARES INC COMMON STOCK,RRBI,COMMON STOCK,75686R202,US75686R2022,BJRFD78,85654.0,7620636.38,0.029005293154082925,0,,FINANCIALS,UNITED STATES,AVUV,2026-05-14,,,,,,,,,,,,,
SOUTHSIDE BANCSHARES INC COMMON STOCK USD1.25,SBSI,COMMON STOCK,84470P109,US84470P1093,2485876,237397.0,7606199.88,0.028950345654459683,0,,FINANCIALS,UNITED STATES,AVUV,2026-05-14,,,,,,,,,,,,,
VISHAY PRECISION GROUP COMMON STOCK,VPG,COMMON STOCK,92835K103,US92835K1034,B603LG3,76313.0,7600774.8,0.028929696980525138,0,,INFORMATION TECHNOLOGY,UNITED STATES,AVUV,2026-05-14,,,,,,,,,,,,,
MASTERCRAFT BOAT HOLDINGS IN COMMON STOCK USD.01,MCFT,COMMON STOCK,57637H103,US57637H1032,BDTYR13,302743.0,7535273.27,0.028680388263384777,0,,CONSUMER DISCRETIONARY,UNITED STATES,AVUV,2026-05-14,,,,,,,,,,,,,
MID PENN BANCORP INC COMMON STOCK USD1.0,MPB,COMMON STOCK,59540G107,US59540G1076,2618348,240816.0,7523091.84,0.02863402390080828,0,,FINANCIALS,UNITED STATES,AVUV,2026-05-14,,,,,,,,,,,,,
ROCKY BRANDS INC COMMON STOCK,RCKY,COMMON STOCK,774515100,US7745151008,2746915,225868.0,7494300.24,0.02852443872225721,0,,CONSUMER DISCRETIONARY,UNITED STATES,AVUV,2026-05-14,,,,,,,,,,,,,
EAGLE BANCORP INC COMMON STOCK USD.01,EGBN,COMMON STOCK,268948106,US2689481065,2648055,298675.0,7457914.75,0.02838595005131436,0,,FINANCIALS,UNITED STATES,AVUV,2026-05-14,,,,,,,,,,,,,
COLONY BANKCORP COMMON STOCK USD1.0,CBAN,COMMON STOCK,19623P101,US19623P1012,2492917,384693.0,7451503.41,0.02836154752284593,0,,FINANCIALS,UNITED STATES,AVUV,2026-05-14,,,,,,,,,,,,,
SOUTHERN FIRST BANCSHARES COMMON STOCK USD.01,SFST,COMMON STOCK,842873101,US8428731017,2508030,133575.0,7445470.5,0.02833858535611909,0,,FINANCIALS,UNITED STATES,AVUV,2026-05-14,,,,,,,,,,,,,
GREENLIGHT CAPITAL RE LTD A COMMON STOCK USD.01,GLRE,COMMON STOCK,G4095J109,KYG4095J1094,B1XRCZ3,426522.0,7434278.46,0.028295986761329262,0,,FINANCIALS,UNITED STATES,AVUV,2026-05-14,,,,,,,,,,,,,
NORTHPOINTE BANCSHARES INC COMMON STOCK NPV,NPB,COMMON STOCK,66661N886,US66661N8864,BSNQ293,436501.0,7429247.02,0.02827683634069376,0,,FINANCIALS,UNITED STATES,AVUV,2026-05-14,,,,,,,,,,,,,
BLUELINX HOLDINGS INC COMMON STOCK USD.01,BXC,COMMON STOCK,09624H208,US09624H2085,BYQLZ65,152080.0,7403254.4,0.028177904502806668,0,,INDUSTRIALS,UNITED STATES,AVUV,2026-05-14,,,,,,,,,,,,,
J + J SNACK FOODS CORP COMMON STOCK,JJSF,COMMON STOCK,466032109,US4660321096,2469171,102772.0,7355392.04,0.027995733131070615,0,,CONSUMER STAPLES,UNITED STATES,AVUV,2026-05-14,,,,,,,,,,,,,
ORANGE COUNTY BANCORP INC COMMON STOCK USD.25,OBT,COMMON STOCK,68417L107,US68417L1070,B02VKG6,220611.0,7313254.65,0.02783535185990729,0,,FINANCIALS,UNITED STATES,AVUV,2026-05-14,,,,,,,,,,,,,
COMMUNITY WEST BANCSHARES COMMON STOCK,CWBC,COMMON STOCK,203937107,US2039371073,BNK9G76,309381.0,7224046.35,0.02749581159525587,0,,FINANCIALS,UNITED STATES,AVUV,2026-05-14,,,,,,,,,,,,,
CALEDONIA MINING CORP PLC COMMON STOCK,CMCL,COMMON STOCK,G1757E113,JE00BF0XVB15,BF0XVC2,290999.0,7202225.25,0.027412757192593958,0,,MATERIALS,UNITED STATES,AVUV,2026-05-14,,,,,,,,,,,,,
AMERICAN COASTAL INSURANCE C COMMON STOCK USD.0001,ACIC,COMMON STOCK,910710102,US9107101027,B292PW7,665688.0,7146160.68,0.027199366970659812,0,,FINANCIALS,UNITED STATES,AVUV,2026-05-14,,,,,,,,,,,,,
FLEXSTEEL INDS COMMON STOCK USD1.0,FLXS,COMMON STOCK,339382103,US3393821034,2342926,131956.0,7140139.16,0.027176448155993425,0,,CONSUMER DISCRETIONARY,UNITED STATES,AVUV,2026-05-14,,,,,,,,,,,,,
PARK OHIO HOLDINGS CORP COMMON STOCK USD1.0,PKOH,COMMON STOCK,700666100,US7006661000,2671363,234923.0,7064134.61,0.026887163358259233,0,,INDUSTRIALS,UNITED STATES,AVUV,2026-05-14,,,,,,,,,,,,,
PEOPLES FINANCIAL SERVICES COMMON STOCK USD2.0,PFIS,COMMON STOCK,711040105,US7110401053,2956907,122498.0,7042410.02,0.02680447628723508,0,,FINANCIALS,UNITED STATES,AVUV,2026-05-14,,,,,,,,,,,,,
FIRST BANK/HAMILTON NJ COMMON STOCK USD.01,FRBA,COMMON STOCK,31931U102,US31931U1025,B1VQ1H7,476005.0,7040113.95,0.026795737097995313,0,,FINANCIALS,UNITED STATES,AVUV,2026-05-14,,,,,,,,,,,,,
CALIFORNIA BANCORP COMMON STOCK USD.01,BCAL,COMMON STOCK,84252A106,US84252A1060,BLBCWZ0,369947.0,6881014.2,0.026190179417589193,0,,FINANCIALS,UNITED STATES,AVUV,2026-05-14,,,,,,,,,,,,,
BEAZER HOMES USA INC COMMON STOCK USD.001,BZH,COMMON STOCK,07556Q881,US07556Q8814,B8KHZT0,288970.0,6825471.4,0.025978775131088042,0,,CONSUMER DISCRETIONARY,UNITED STATES,AVUV,2026-05-14,,,,,,,,,,,,,
CARGURUS INC COMMON STOCK USD.001,CARG,COMMON STOCK,141788109,US1417881091,BF5D6S8,217870.0,6801901.4,0.025889064150856005,0,,COMMUNICATION SERVICES,UNITED STATES,AVUV,2026-05-14,,,,,,,,,,,,,
BAR HARBOR BANKSHARES COMMON STOCK USD2.0,BHB,COMMON STOCK,066849100,US0668491006,2618111,200618.0,6784900.76,0.025824357147081204,0,,FINANCIALS,UNITED STATES,AVUV,2026-05-14,,,,,,,,,,,,,
CRICUT INC   CLASS A COMMON STOCK USD.001,CRCT,COMMON STOCK,22658D100,US22658D1000,BMXDS27,1716561.0,6763250.34,0.025741952378280385,0,,CONSUMER DISCRETIONARY,UNITED STATES,AVUV,2026-05-14,,,,,,,,,,,,,
NATIONAL BEVERAGE CORP COMMON STOCK USD.01,FIZZ,COMMON STOCK,635017106,US6350171061,2638625,193600.0,6739216.0,0.02565047404987011,0,,CONSUMER STAPLES,UNITED STATES,AVUV,2026-05-14,,,,,,,,,,,,,
ARHAUS INC COMMON STOCK USD.001,ARHS,COMMON STOCK,04035M102,US04035M1027,BNV08M7,1137462.0,6676901.94,0.025413297325014874,0,,CONSUMER DISCRETIONARY,UNITED STATES,AVUV,2026-05-14,,,,,,,,,,,,,
MOTORCAR PARTS OF AMERICA IN COMMON STOCK USD.01,MPAA,COMMON STOCK,620071100,US6200711009,2861993,595829.0,6667326.51,0.02537685179207285,0,,CONSUMER DISCRETIONARY,UNITED STATES,AVUV,2026-05-14,,,,,,,,,,,,,
ONITY GROUP INC COMMON STOCK USD.01,ONIT,COMMON STOCK,675746606,US6757466064,BMDNMR0,177547.0,6578116.35,0.02503730444798049,0,,FINANCIALS,UNITED STATES,AVUV,2026-05-14,,,,,,,,,,,,,
SERVISFIRST BANCSHARES INC COMMON STOCK USD.001,SFBS,COMMON STOCK,81768T108,US81768T1088,BMH0MP5,87069.0,6572838.81,0.02501721733357176,0,,FINANCIALS,UNITED STATES,AVUV,2026-05-14,,,,,,,,,,,,,
PROASSURANCE CORP COMMON STOCK USD.01,PRA,COMMON STOCK,74267C106,US74267C1062,2612737,264821.0,6514596.6,0.024795538684866617,0,,FINANCIALS,UNITED STATES,AVUV,2026-05-14,,,,,,,,,,,,,
BK TECHNOLOGIES CORP COMMON STOCK USD.6,BKTI,COMMON STOCK,05587G203,US05587G2030,BM8NGX9,74314.0,6489098.48,0.0246984889886734,0,,INFORMATION TECHNOLOGY,UNITED STATES,AVUV,2026-05-14,,,,,,,,,,,,,
WEST BANCORPORATION COMMON STOCK,WTBA,COMMON STOCK,95123P106,US95123P1066,2408840,281005.0,6485595.4,0.024685155737055615,0,,FINANCIALS,UNITED STATES,AVUV,2026-05-14,,,,,,,,,,,,,
CITY HOLDING CO COMMON STOCK USD2.5,CHCO,COMMON STOCK,177835105,US1778351056,2161778,52776.0,6414395.04,0.024414156412130957,0,,FINANCIALS,UNITED STATES,AVUV,2026-05-14,,,,,,,,,,,,,
PC CONNECTION INC COMMON STOCK USD.01,CNXN,COMMON STOCK,69318J100,US69318J1007,2157175,100849.0,6337351.16,0.024120915767426695,0,,INFORMATION TECHNOLOGY,UNITED STATES,AVUV,2026-05-14,,,,,,,,,,,,,
EAGLE MATERIALS INC COMMON STOCK USD.01,EXP,COMMON STOCK,26969P108,US26969P1084,2191399,31424.0,6264688.64,0.023844351240683796,0,,MATERIALS,UNITED STATES,AVUV,2026-05-14,,,,,,,,,,,,,
DONEGAL GROUP INC CL A COMMON STOCK USD.01,DGICA,COMMON STOCK,257701201,US2577012014,2752730,365411.0,6215641.11,0.023657668932908642,0,,FINANCIALS,UNITED STATES,AVUV,2026-05-14,,,,,,,,,,,,,
ANTERO MIDSTREAM CORP COMMON STOCK,AM,COMMON STOCK,03676B102,US03676B1026,BJBT0Q4,285694.0,6159562.64,0.023444225805474915,0,,ENERGY,UNITED STATES,AVUV,2026-05-14,,,,,,,,,,,,,
MILLER INDUSTRIES INC/TENN COMMON STOCK USD.01,MLR,COMMON STOCK,600551204,US6005512040,2801193,130961.0,6149928.56,0.023407557041773858,0,,INDUSTRIALS,UNITED STATES,AVUV,2026-05-14,,,,,,,,,,,,,
ASPEN AEROGELS INC COMMON STOCK USD.00001,ASPN,COMMON STOCK,04523Y105,US04523Y1055,BN65SM7,1135665.0,6132591.0,0.023341567669587532,0,,MATERIALS,UNITED STATES,AVUV,2026-05-14,,,,,,,,,,,,,
WABASH NATIONAL CORP COMMON STOCK USD.01,WNC,COMMON STOCK,929566107,US9295661071,2932048,893516.0,6129519.76,0.023329878066238874,0,,INDUSTRIALS,UNITED STATES,AVUV,2026-05-14,,,,,,,,,,,,,
CAPITAL BANCORP INC/MD COMMON STOCK USD.01,CBNK,COMMON STOCK,139737100,US1397371006,BGQT8S6,199937.0,6018103.7,0.022905811712560824,0,,FINANCIALS,UNITED STATES,AVUV,2026-05-14,,,,,,,,,,,,,
KARAT PACKAGING INC COMMON STOCK USD.001,KRT,COMMON STOCK,48563L101,US48563L1017,BKDZ6W5,217532.0,5923396.36,0.02254534127104326,0,,INDUSTRIALS,UNITED STATES,AVUV,2026-05-14,,,,,,,,,,,,,
AMPLIFY ENERGY CORP COMMON STOCK USD.01,AMPY,COMMON STOCK,03212B103,US03212B1035,BK598S5,1151963.0,5875011.3,0.02236118042415374,0,,ENERGY,UNITED STATES,AVUV,2026-05-14,,,,,,,,,,,,,
HUDSON TECHNOLOGIES INC COMMON STOCK USD.01,HDSN,COMMON STOCK,444144109,US4441441098,2730532,1187148.0,5840768.16,0.02223084586091136,0,,INDUSTRIALS,UNITED STATES,AVUV,2026-05-14,,,,,,,,,,,,,
JEFFERSON CAPITAL INC COMMON STOCK USD.0001,JCAP,COMMON STOCK,47248R103,US47248R1032,BV4K5N0,308297.0,5752822.02,0.021896109567868333,0,,FINANCIALS,UNITED STATES,AVUV,2026-05-14,,,,,,,,,,,,,
STONERIDGE INC COMMON STOCK,SRI,COMMON STOCK,86183P102,US86183P1021,2111977,819888.0,5722818.24,0.02178191064913832,0,,CONSUMER DISCRETIONARY,UNITED STATES,AVUV,2026-05-14,,,,,,,,,,,,,
LAKELAND FINANCIAL CORP COMMON STOCK,LKFN,COMMON STOCK,511656100,US5116561003,2537528,97053.0,5639749.83,0.021465739733253004,0,,FINANCIALS,UNITED STATES,AVUV,2026-05-14,,,,,,,,,,,,,
PROFRAC HOLDING CORP A COMMON STOCK USD.01,ACDC,COMMON STOCK,74319N100,US74319N1000,BPCJW03,791492.0,5627508.12,0.021419145935891257,0,,ENERGY,UNITED STATES,AVUV,2026-05-14,,,,,,,,,,,,,
UPWORK INC COMMON STOCK USD.0001,UPWK,COMMON STOCK,91688F104,US91688F1049,BGRFWV4,670129.0,5622382.31,0.021399636328781238,0,,INDUSTRIALS,UNITED STATES,AVUV,2026-05-14,,,,,,,,,,,,,
MGP INGREDIENTS INC COMMON STOCK,MGPI,COMMON STOCK,55303J106,US55303J1060,B6ZJTH3,309980.0,5610638.0,0.021354935710951414,0,,CONSUMER STAPLES,UNITED STATES,AVUV,2026-05-14,,,,,,,,,,,,,
FIRSTSUN CAPITAL BANCORP COMMON STOCK,FSUN,COMMON STOCK,33767U107,US33767U1079,BPQYJV4,159282.0,5605133.58,0.02133398505699262,0,,FINANCIALS,UNITED STATES,AVUV,2026-05-14,,,,,,,,,,,,,
BANKWELL FINANCIAL GROUP INC COMMON STOCK,BWFG,COMMON STOCK,06654A103,US06654A1034,BCRXSS9,110987.0,5603733.63,0.021328656635831146,0,,FINANCIALS,UNITED STATES,AVUV,2026-05-14,,,,,,,,,,,,,
NATIONAL BANK HOLD CL A COMMON STOCK,NBHC,COMMON STOCK,633707104,US6337071046,B888DV3,136588.0,5583717.44,0.02125247199325963,0,,FINANCIALS,UNITED STATES,AVUV,2026-05-14,,,,,,,,,,,,,
ALERUS FINANCIAL CORP COMMON STOCK USD1.0,ALRS,COMMON STOCK,01446U103,US01446U1034,2679141,203289.0,5409520.29,0.02058945132800178,0,,FINANCIALS,UNITED STATES,AVUV,2026-05-14,,,,,,,,,,,,,
COSTAMARE BULKERS HOLDING COMMON STOCK USD.0001,CMDB,COMMON STOCK,Y2001C101,MHY2001C1012,BPK4SX5,286100.0,5407290.0,0.020580962507378033,0,,INDUSTRIALS,UNITED STATES,AVUV,2026-05-14,,,,,,,,,,,,,
HIGHPEAK ENERGY INC COMMON STOCK USD.0001,HPK,COMMON STOCK,43114Q105,US43114Q1058,BN0VNB5,806081.0,5392681.89,0.02052536183417322,0,,ENERGY,UNITED STATES,AVUV,2026-05-14,,,,,,,,,,,,,
AVANOS MEDICAL INC COMMON STOCK USD.01,AVNS,COMMON STOCK,05350V106,US05350V1061,BFFVV54,217539.0,5377564.08,0.02046782116577858,0,,HEALTH CARE,UNITED STATES,AVUV,2026-05-14,,,,,,,,,,,,,
PARKE BANCORP INC COMMON STOCK USD.1,PKBK,COMMON STOCK,700885106,US7008851062,2095145,175279.0,5267133.95,0.020047507410604567,0,,FINANCIALS,UNITED STATES,AVUV,2026-05-14,,,,,,,,,,,,,
SIGA TECHNOLOGIES INC COMMON STOCK USD.0001,SIGA,COMMON STOCK,826917106,US8269171067,2107437,1221033.0,5262652.23,0.02003044930732389,0,,HEALTH CARE,UNITED STATES,AVUV,2026-05-14,,,,,,,,,,,,,
FIRST MERCHANTS CORP COMMON STOCK,FRME,COMMON STOCK,320817109,US3208171096,2342410,133306.0,5258921.7,0.02001625034664994,0,,FINANCIALS,UNITED STATES,AVUV,2026-05-14,,,,,,,,,,,,,
CORE MOLDING TECHNOLOGIES IN COMMON STOCK USD.01,CMT,COMMON STOCK,218683100,US2186831002,2761123,216683.0,5235061.28,0.019925433984030162,0,,MATERIALS,UNITED STATES,AVUV,2026-05-14,,,,,,,,,,,,,
FINANCIAL INSTITUTIONS INC COMMON STOCK USD.01,FISI,COMMON STOCK,317585404,US3175854047,2596949,152751.0,5230194.24,0.01990690929462717,0,,FINANCIALS,UNITED STATES,AVUV,2026-05-14,,,,,,,,,,,,,
RCI HOSPITALITY HOLDINGS INC COMMON STOCK USD.01,RICK,COMMON STOCK,74934Q108,US74934Q1085,BQ0QT80,211286.0,5149039.82,0.01959802331378871,0,,CONSUMER DISCRETIONARY,UNITED STATES,AVUV,2026-05-14,,,,,,,,,,,,,
FOSSIL GROUP INC COMMON STOCK USD.01,FOSL,COMMON STOCK,34988V106,US34988V1061,BBGT609,1251722.0,5132060.2,0.019533396315308964,0,,CONSUMER DISCRETIONARY,UNITED STATES,AVUV,2026-05-14,,,,,,,,,,,,,
TITAN INTERNATIONAL INC COMMON STOCK,TWI,COMMON STOCK,88830M102,US88830M1027,2890265,675366.0,5112520.62,0.019459025722389053,0,,INDUSTRIALS,UNITED STATES,AVUV,2026-05-14,,,,,,,,,,,,,
HINGHAM INSTITUTION FOR SVGS COMMON STOCK USD1.0,HIFS,COMMON STOCK,433323102,US4333231029,2428439,19040.0,4994382.4,0.01900937381237343,0,,FINANCIALS,UNITED STATES,AVUV,2026-05-14,,,,,,,,,,,,,
SPROUTS FARMERS MARKET INC COMMON STOCK USD.001,SFM,COMMON STOCK,85208M102,US85208M1027,BCGCR79,56243.0,4964569.61,0.018895901830432323,0,,CONSUMER STAPLES,UNITED STATES,AVUV,2026-05-14,,,,,,,,,,,,,
VELOCITY FINANCIAL INC COMMON STOCK,VEL,COMMON STOCK,92262D101,US92262D1019,BKFVZS0,283052.0,4913782.72,0.018702599255768056,0,,FINANCIALS,UNITED STATES,AVUV,2026-05-14,,,,,,,,,,,,,
AERSALE CORP COMMON STOCK USD.0001,ASLE,COMMON STOCK,00810F106,US00810F1066,BN2RY85,748347.0,4849288.56,0.01845712474101023,0,,INDUSTRIALS,UNITED STATES,AVUV,2026-05-14,,,,,,,,,,,,,
POPULAR INC COMMON STOCK USD.01,BPOP,COMMON STOCK,733174700,PR7331747001,B86QM90,33844.0,4841722.64,0.018428327706663295,0,,FINANCIALS,UNITED STATES,AVUV,2026-05-14,,,,,,,,,,,,,
FERROGLOBE PLC COMMON STOCK USD7.5,GSM,COMMON STOCK,G33856108,GB00BYW6GV68,BYW6GV6,1242637.0,4821431.56,0.018351096791229836,0,,MATERIALS,UNITED STATES,AVUV,2026-05-14,,,,,,,,,,,,,
TOWNE BANK COMMON STOCK USD1.667,TOWN,COMMON STOCK,89214P109,US89214P1093,B018PR4,141292.0,4812405.52,0.018316742319612795,0,,FINANCIALS,UNITED STATES,AVUV,2026-05-14,,,,,,,,,,,,,
EQUITY BANCSHARES INC   CL A COMMON STOCK USD.01,EQBK,COMMON STOCK,29460X109,US29460X1090,BYZG9Q9,107150.0,4812106.5,0.018315604204326034,0,,FINANCIALS,UNITED STATES,AVUV,2026-05-14,,,,,,,,,,,,,
WASHINGTON TRUST BANCORP COMMON STOCK USD.0625,WASH,COMMON STOCK,940610108,US9406101082,2942025,152211.0,4774859.07,0.01817383485954775,0,,FINANCIALS,UNITED STATES,AVUV,2026-05-14,,,,,,,,,,,,,
LANDS  END INC COMMON STOCK USD.01,LE,COMMON STOCK,51509F105,US51509F1057,BKWQKM7,426947.0,4743381.17,0.018054025217432938,0,,CONSUMER DISCRETIONARY,UNITED STATES,AVUV,2026-05-14,,,,,,,,,,,,,
ESPEY MFG + ELECTRONICS CORP COMMON STOCK USD.333,ESP,COMMON STOCK,296650104,US2966501049,2321679,66243.0,4659532.62,0.01773488497086802,0,,INDUSTRIALS,UNITED STATES,AVUV,2026-05-14,,,,,,,,,,,,,
VISTANCE NETWORKS INC COMMON STOCK USD.01,VISN,COMMON STOCK,20337X109,US20337X1090,BFRBX34,402056.0,4627664.56,0.017613590320859813,0,,INFORMATION TECHNOLOGY,UNITED STATES,AVUV,2026-05-14,,,,,,,,,,,,,
WATERSTONE FINANCIAL INC COMMON STOCK USD.01,WSBF,COMMON STOCK,94188P101,US94188P1012,BJ7BVV6,251229.0,4625125.89,0.01760392775937548,0,,FINANCIALS,UNITED STATES,AVUV,2026-05-14,,,,,,,,,,,,,
SMITH + WESSON BRANDS INC COMMON STOCK USD.001,SWBI,COMMON STOCK,831754106,US8317541063,BMYGG87,309680.0,4533715.2,0.017256004865714603,0,,CONSUMER DISCRETIONARY,UNITED STATES,AVUV,2026-05-14,,,,,,,,,,,,,
MYERS INDUSTRIES INC COMMON STOCK,MYE,COMMON STOCK,628464109,US6284641098,2613086,195087.0,4440180.12,0.01689999622282609,0,,MATERIALS,UNITED STATES,AVUV,2026-05-14,,,,,,,,,,,,,
LINCOLN NATIONAL CORP COMMON STOCK,LNC,COMMON STOCK,534187109,US5341871094,2516378,129566.0,4414313.62,0.016801544416709332,0,,FINANCIALS,UNITED STATES,AVUV,2026-05-14,,,,,,,,,,,,,
KINGSTONE COS INC COMMON STOCK USD.01,KINS,COMMON STOCK,496719105,US4967191051,B02NVQ9,303822.0,4302119.52,0.016374516725268882,0,,FINANCIALS,UNITED STATES,AVUV,2026-05-14,,,,,,,,,,,,,
MAGNERA CORP COMMON STOCK USD.01,MAGN,COMMON STOCK,55939A107,US55939A1079,BT9NC28,407821.0,4269885.87,0.016251830584498562,0,,MATERIALS,UNITED STATES,AVUV,2026-05-14,,,,,,,,,,,,,
INFUSYSTEM HOLDINGS INC COMMON STOCK USD.0001,INFU,COMMON STOCK,45685K102,US45685K1025,B17FVR8,511277.0,4197584.17,0.015976639393177273,0,,HEALTH CARE,UNITED STATES,AVUV,2026-05-14,,,,,,,,,,,,,
EVERUS CONSTRUCTION GROUP COMMON STOCK,ECG,COMMON STOCK,300426103,US3004261034,BSVLTM2,25437.0,4089506.49,0.015565279418039193,0,,INDUSTRIALS,UNITED STATES,AVUV,2026-05-14,,,,,,,,,,,,,
CIVISTA BANCSHARES INC COMMON STOCK,CIVB,COMMON STOCK,178867107,US1788671071,BWT3JH3,166324.0,4066621.8,0.015478176831182749,0,,FINANCIALS,UNITED STATES,AVUV,2026-05-14,,,,,,,,,,,,,
ZUMIEZ INC COMMON STOCK,ZUMZ,COMMON STOCK,989817101,US9898171015,B081QB7,173531.0,4039801.68,0.015376095403302356,0,,CONSUMER DISCRETIONARY,UNITED STATES,AVUV,2026-05-14,,,,,,,,,,,,,
PERMA PIPE INTERNATIONAL HOL COMMON STOCK USD.01,PPIH,COMMON STOCK,714167103,US7141671039,BDD0V60,123590.0,4030269.9,0.015339816008853643,0,,INDUSTRIALS,UNITED STATES,AVUV,2026-05-14,,,,,,,,,,,,,
ONESPAN INC COMMON STOCK USD.001,OSPN,COMMON STOCK,68287N100,US68287N1000,BFNSSD4,332641.0,3968407.13,0.015104356961905438,0,,INFORMATION TECHNOLOGY,UNITED STATES,AVUV,2026-05-14,,,,,,,,,,,,,
MAYVILLE ENGINEERING CO INC COMMON STOCK,MEC,COMMON STOCK,578605107,US5786051079,BJLD0Y4,152476.0,3911009.4,0.01488589253163841,0,,INDUSTRIALS,UNITED STATES,AVUV,2026-05-14,,,,,,,,,,,,,
SUMMIT MIDSTREAM CORP COMMON STOCK USD.01,SMC,COMMON STOCK,86614G101,US86614G1013,BNM9H26,128701.0,3906075.35,0.014867112792053605,0,,ENERGY,UNITED STATES,AVUV,2026-05-14,,,,,,,,,,,,,
CONDUENT INC COMMON STOCK USD.01,CNDT,COMMON STOCK,206787103,US2067871036,BYWLRV8,2650427.0,3816614.88,0.014526612730292088,0,,INDUSTRIALS,UNITED STATES,AVUV,2026-05-14,,,,,,,,,,,,,
EVOLUTION PETROLEUM CORP COMMON STOCK USD.001,EPM,COMMON STOCK,30049A107,US30049A1079,2367781,902468.0,3799390.28,0.014461053300928289,0,,ENERGY,UNITED STATES,AVUV,2026-05-14,,,,,,,,,,,,,
SUPERIOR GROUP OF COS INC COMMON STOCK,SGC,COMMON STOCK,868358102,US8683581024,2864301,314762.0,3698453.5,0.014076872669818165,0,,CONSUMER DISCRETIONARY,UNITED STATES,AVUV,2026-05-14,,,,,,,,,,,,,
TITAN AMERICA SA COMMON STOCK,TTAM,COMMON STOCK,B9151N105,BE6360403164,BNM4XQ7,230975.0,3660953.75,0.013934142957007116,0,,MATERIALS,UNITED STATES,AVUV,2026-05-14,,,,,,,,,,,,,
JOHNSON OUTDOORS INC A COMMON STOCK USD.05,JOUT,COMMON STOCK,479167108,US4791671088,2476847,92014.0,3628112.02,0.013809142371906736,0,,CONSUMER DISCRETIONARY,UNITED STATES,AVUV,2026-05-14,,,,,,,,,,,,,
FIRST UNITED CORP COMMON STOCK USD.01,FUNC,COMMON STOCK,33741H107,US33741H1077,2420736,97066.0,3594353.98,0.013680654172538371,0,,FINANCIALS,UNITED STATES,AVUV,2026-05-14,,,,,,,,,,,,,
STOCK YARDS BANCORP INC COMMON STOCK,SYBT,COMMON STOCK,861025104,US8610251048,BLY2FB4,51210.0,3569337.0,0.013585435767861014,0,,FINANCIALS,UNITED STATES,AVUV,2026-05-14,,,,,,,,,,,,,
LAMB WESTON HOLDINGS INC COMMON STOCK USD1.0,LW,COMMON STOCK,513272104,US5132721045,BDQZFJ3,85874.0,3567205.96,0.01357732470772891,0,,CONSUMER STAPLES,UNITED STATES,AVUV,2026-05-14,,,,,,,,,,,,,
INNOVATIVE SOLUTIONS + SUPP COMMON STOCK USD.001,ISSC,COMMON STOCK,45769N105,US45769N1054,2616397,171575.0,3532729.25,0.013446101141785944,0,,INDUSTRIALS,UNITED STATES,AVUV,2026-05-14,,,,,,,,,,,,,
TIPTREE INC COMMON STOCK USD.001,TIPT,COMMON STOCK,88822Q103,US88822Q1031,BC30V41,207296.0,3497083.52,0.013310428109143324,0,,FINANCIALS,UNITED STATES,AVUV,2026-05-14,,,,,,,,,,,,,
INSTEEL INDUSTRIES INC COMMON STOCK,IIIN,COMMON STOCK,45774W108,US45774W1080,2325875,129969.0,3455875.71,0.013153584959872401,0,,INDUSTRIALS,UNITED STATES,AVUV,2026-05-14,,,,,,,,,,,,,
PLUMAS BANCORP COMMON STOCK,PLBC,COMMON STOCK,729273102,US7292731020,2025056,66166.0,3387037.54,0.0128915764868949,0,,FINANCIALS,UNITED STATES,AVUV,2026-05-14,,,,,,,,,,,,,
BAYCOM CORP COMMON STOCK,BCML,COMMON STOCK,07272M107,US07272M1071,BYSTY59,111191.0,3375758.76,0.012848647746563057,0,,FINANCIALS,UNITED STATES,AVUV,2026-05-14,,,,,,,,,,,,,
MERIDIAN CORP COMMON STOCK,MRBK,COMMON STOCK,58958P104,US58958P1049,BF5R077,193052.0,3355243.76,0.012770564557786634,0,,FINANCIALS,UNITED STATES,AVUV,2026-05-14,,,,,,,,,,,,,
GCI LIBERTY INC CL A COMMON STOCK,GLIBA,COMMON STOCK,36164V602,US36164V6020,BRJW0F0,121039.0,3321310.16,0.012641408150540056,0,,COMMUNICATION SERVICES,UNITED STATES,AVUV,2026-05-14,,,,,,,,,,,,,
UNIVERSAL LOGISTICS HOLDINGS COMMON STOCK,ULH,COMMON STOCK,91388P105,US91388P1057,B066PX9,268460.0,3312796.4,0.012609003493982553,0,,INDUSTRIALS,UNITED STATES,AVUV,2026-05-14,,,,,,,,,,,,,
CORE LABORATORIES INC COMMON STOCK USD.01,CLB,COMMON STOCK,21867A105,US21867A1051,BNKT9M2,249662.0,3278062.06,0.012476799349344755,0,,ENERGY,UNITED STATES,AVUV,2026-05-14,,,,,,,,,,,,,
AMERICAN INTEGRITY INSURANCE COMMON STOCK USD.001,AII,COMMON STOCK,026948109,US0269481091,BTRVNC1,190665.0,3216518.55,0.012242555454180553,0,,FINANCIALS,UNITED STATES,AVUV,2026-05-14,,,,,,,,,,,,,
FRANKLIN FINANCIAL SERVICES COMMON STOCK USD1.0,FRAF,COMMON STOCK,353525108,US3535251082,B019C32,56431.0,3148849.8,0.011984997970363124,0,,FINANCIALS,UNITED STATES,AVUV,2026-05-14,,,,,,,,,,,,,
FIRST COMMUNITY CORP COMMON STOCK USD1.0,FCCO,COMMON STOCK,319835104,US3198351047,2863074,104850.0,3092026.5,0.011768719907443345,0,,FINANCIALS,UNITED STATES,AVUV,2026-05-14,,,,,,,,,,,,,
NB BANCORP INC COMMON STOCK USD.01,NBBK,COMMON STOCK,63945M107,US63945M1071,BQT2053,155389.0,3064271.08,0.011663078586486538,0,,FINANCIALS,UNITED STATES,AVUV,2026-05-14,,,,,,,,,,,,,
BANK7 CORP COMMON STOCK USD.01,BSVN,COMMON STOCK,06652N107,US06652N1072,BFMN421,72118.0,3013090.04,0.011468275817386192,0,,FINANCIALS,UNITED STATES,AVUV,2026-05-14,,,,,,,,,,,,,
FS BANCORP INC COMMON STOCK USD.01,FSBW,COMMON STOCK,30263Y104,US30263Y1047,B4Z5FD5,74556.0,2984476.68,0.011359369047198148,0,,FINANCIALS,UNITED STATES,AVUV,2026-05-14,,,,,,,,,,,,,
TIMBERLAND BANCORP INC COMMON STOCK USD.01,TSBK,COMMON STOCK,887098101,US8870981011,2147734,75215.0,2979266.15,0.01133953698297123,0,,FINANCIALS,UNITED STATES,AVUV,2026-05-14,,,,,,,,,,,,,
HAMILTON BEACH BRAND A COMMON STOCK USD.01,HBB,COMMON STOCK,40701T104,US40701T1043,BF22688,165171.0,2936740.38,0.01117767747886337,0,,CONSUMER DISCRETIONARY,UNITED STATES,AVUV,2026-05-14,,,,,,,,,,,,,
ASCENT INDUSTRIES CO COMMON STOCK USD1.0,ACNT,COMMON STOCK,871565107,US8715651076,2867805,210190.0,2927946.7,0.01114420740450415,0,,MATERIALS,UNITED STATES,AVUV,2026-05-14,,,,,,,,,,,,,
SONOCO PRODUCTS CO COMMON STOCK,SON,COMMON STOCK,835495102,US8354951027,2821395,58615.0,2917854.7,0.011105795728114598,0,,MATERIALS,UNITED STATES,AVUV,2026-05-14,,,,,,,,,,,,,
FINANCE OF AMERICA COS INC A COMMON STOCK USD.0001,FOA,COMMON STOCK,31738L206,US31738L2060,BT06V07,145403.0,2912422.09,0.011085118393862649,0,,FINANCIALS,UNITED STATES,AVUV,2026-05-14,,,,,,,,,,,,,
IES HOLDINGS INC COMMON STOCK USD.01,IESC,COMMON STOCK,44951W106,US44951W1062,BD978B9,4190.0,2839898.2,0.010809081513839717,0,,INDUSTRIALS,UNITED STATES,AVUV,2026-05-14,,,,,,,,,,,,,
USANA HEALTH SCIENCES INC COMMON STOCK USD.001,USNA,COMMON STOCK,90328M107,US90328M1071,2267698,159729.0,2812827.69,0.010706047063798088,0,,CONSUMER STAPLES,UNITED STATES,AVUV,2026-05-14,,,,,,,,,,,,,
VAREX IMAGING CORP COMMON STOCK USD.01,VREX,COMMON STOCK,92214X106,US92214X1063,BDQYWV1,273032.0,2749432.24,0.010464754405259642,0,,HEALTH CARE,UNITED STATES,AVUV,2026-05-14,,,,,,,,,,,,,
MEDIFAST INC COMMON STOCK USD.001,MED,COMMON STOCK,58470H101,US58470H1014,2934033,218259.0,2723872.32,0.010367469488931575,0,,CONSUMER STAPLES,UNITED STATES,AVUV,2026-05-14,,,,,,,,,,,,,
FOSTER (LB) CO A COMMON STOCK USD.01,FSTR,COMMON STOCK,350060109,US3500601097,2348225,65620.0,2685170.4,0.010220164135513589,0,,INDUSTRIALS,UNITED STATES,AVUV,2026-05-14,,,,,,,,,,,,,
MANITOWOC COMPANY INC COMMON STOCK USD.01,MTW,COMMON STOCK,563571405,US5635714059,BDFCGV4,207296.0,2626440.32,0.009996628579896022,0,,INDUSTRIALS,UNITED STATES,AVUV,2026-05-14,,,,,,,,,,,,,
FARMERS + MERCHANTS BANCO/OH COMMON STOCK,FMAO,COMMON STOCK,30779N105,US30779N1054,2120865,97377.0,2599965.9,0.009895862938433371,0,,FINANCIALS,UNITED STATES,AVUV,2026-05-14,,,,,,,,,,,,,
AMPCO PITTSBURGH CORP COMMON STOCK USD1.0,AP,COMMON STOCK,032037103,US0320371034,2031688,230164.0,2582440.08,0.0098291570202505,0,,MATERIALS,UNITED STATES,AVUV,2026-05-14,,,,,,,,,,,,,
C + F FINANCIAL CORP COMMON STOCK USD1.0,CFFI,COMMON STOCK,12466Q104,US12466Q1040,2494515,34255.0,2560218.7,0.009744579091446572,0,,FINANCIALS,UNITED STATES,AVUV,2026-05-14,,,,,,,,,,,,,
OPORTUN FINANCIAL CORP COMMON STOCK USD.0001,OPRT,COMMON STOCK,68376D104,US68376D1046,BKTC5L2,478662.0,2536908.6,0.009655857329872246,0,,FINANCIALS,UNITED STATES,AVUV,2026-05-14,,,,,,,,,,,,,
PCB BANCORP COMMON STOCK,PCB,COMMON STOCK,69320M109,US69320M1099,BKLTT20,106449.0,2527099.26,0.009618521500138288,0,,FINANCIALS,UNITED STATES,AVUV,2026-05-14,,,,,,,,,,,,,
INFINITY NATURAL RESOUR CL A COMMON STOCK USD.01,INR,COMMON STOCK,456941103,US4569411030,BS893G1,167782.0,2481495.78,0.009444947766884485,0,,ENERGY,UNITED STATES,AVUV,2026-05-14,,,,,,,,,,,,,
ACACIA RESEARCH CORP COMMON STOCK USD.001,ACTG,COMMON STOCK,003881307,US0038813079,2169589,523322.0,2470079.84,0.00940149697487472,0,,FINANCIALS,UNITED STATES,AVUV,2026-05-14,,,,,,,,,,,,,
GENESCO INC COMMON STOCK USD1.0,GCO,COMMON STOCK,371532102,US3715321028,2367101,77646.0,2462931.12,0.009374287866745558,0,,CONSUMER DISCRETIONARY,UNITED STATES,AVUV,2026-05-14,,,,,,,,,,,,,
ENERGY SERVICES OF AMERICA COMMON STOCK USD.0001,ESOA,COMMON STOCK,29271Q103,US29271Q1031,B1FL1D4,142966.0,2401828.8,0.009141723207362796,0,,ENERGY,UNITED STATES,AVUV,2026-05-14,,,,,,,,,,,,,
CLEARWATER PAPER CORP COMMON STOCK USD.0001,CLW,COMMON STOCK,18538R103,US18538R1032,B3K9Z35,173985.0,2350537.35,0.008946500201125095,0,,MATERIALS,UNITED STATES,AVUV,2026-05-14,,,,,,,,,,,,,
CHOICEONE FINANCIAL SVCS INC COMMON STOCK,COFS,COMMON STOCK,170386106,US1703861062,2713395,76915.0,2339754.3,0.008905458284052923,0,,FINANCIALS,UNITED STATES,AVUV,2026-05-14,,,,,,,,,,,,,
PUBMATIC INC CLASS A COMMON STOCK USD.0001,PUBM,COMMON STOCK,74467Q103,US74467Q1031,BNHP503,246182.0,2333805.36,0.008882815719829691,0,,COMMUNICATION SERVICES,UNITED STATES,AVUV,2026-05-14,,,,,,,,,,,,,
PANGAEA LOGISTICS SOLUTIONS COMMON STOCK USD.0001,PANL,COMMON STOCK,G6891L105,BMG6891L1054,BRGCNJ8,281486.0,2325074.36,0.00884958421501824,0,,INDUSTRIALS,UNITED STATES,AVUV,2026-05-14,,,,,,,,,,,,,
CITI TRENDS INC COMMON STOCK USD.01,CTRN,COMMON STOCK,17306X102,US17306X1028,B06FLD8,56015.0,2324622.5,0.008847864367605101,0,,CONSUMER DISCRETIONARY,UNITED STATES,AVUV,2026-05-14,,,,,,,,,,,,,
EAGLE BANCORP MONTANA INC COMMON STOCK USD.01,EBMT,COMMON STOCK,26942G100,US26942G1004,B57M9P1,102543.0,2269276.59,0.00863720947418405,0,,FINANCIALS,UNITED STATES,AVUV,2026-05-14,,,,,,,,,,,,,
PRIMEENERGY RESOURCES CORP COMMON STOCK USD.1,PNRG,COMMON STOCK,74158E104,US74158E1047,2480365,8958.0,2252937.0,0.008575018526560393,0,,ENERGY,UNITED STATES,AVUV,2026-05-14,,,,,,,,,,,,,
VIRCO MFG CORPORATION COMMON STOCK USD.01,VIRC,COMMON STOCK,927651109,US9276511097,2929705,368589.0,2222591.67,0.008459519616939488,0,,INDUSTRIALS,UNITED STATES,AVUV,2026-05-14,,,,,,,,,,,,,
COMMERCIAL BANCGROUP INC COMMON STOCK USD.01,CBK,COMMON STOCK,20112C106,US20112C1062,BTLP0D9,77068.0,2183336.44,0.008310108282084413,0,,FINANCIALS,UNITED STATES,AVUV,2026-05-14,,,,,,,,,,,,,
FLUSHING FINANCIAL CORP COMMON STOCK USD.01,FFIC,COMMON STOCK,343873105,US3438731057,2360111,141176.0,2172698.64,0.008269619208452154,0,,FINANCIALS,UNITED STATES,AVUV,2026-05-14,,,,,,,,,,,,,
AMES NATIONAL CORP COMMON STOCK USD2.0,ATLO,COMMON STOCK,031001100,US0310011004,B00MZ00,78274.0,2171320.76,0.008264374789044342,0,,FINANCIALS,UNITED STATES,AVUV,2026-05-14,,,,,,,,,,,,,
CIRRUS LOGIC INC COMMON STOCK USD.001,CRUS,COMMON STOCK,172755100,US1727551004,2197308,13008.0,2165116.56,0.008240760666704264,0,,INFORMATION TECHNOLOGY,UNITED STATES,AVUV,2026-05-14,,,,,,,,,,,,,
N B T BANCORP INC COMMON STOCK USD.01,NBTB,COMMON STOCK,628778102,US6287781024,2626459,48555.0,2162639.7,0.008231333363416292,0,,FINANCIALS,UNITED STATES,AVUV,2026-05-14,,,,,,,,,,,,,
CITIZENS FINANCIAL SERVICES COMMON STOCK USD1.0,CZFS,COMMON STOCK,174615104,US1746151042,2651592,33903.0,2134532.88,0.00812435456098076,0,,FINANCIALS,UNITED STATES,AVUV,2026-05-14,,,,,,,,,,,,,
HELEN OF TROY LTD COMMON STOCK USD.1,HELE,COMMON STOCK,G4388N106,BMG4388N1065,2419530,94587.0,2118748.8,0.008064277968326499,0,,CONSUMER DISCRETIONARY,UNITED STATES,AVUV,2026-05-14,,,,,,,,,,,,,
VILLAGE FARMS INTERNATIONAL COMMON STOCK,VFF,COMMON STOCK,92707Y108,CA92707Y1088,B5NTJ67,772327.0,2008050.2,0.0076429423757802826,0,,CONSUMER STAPLES,UNITED STATES,AVUV,2026-05-14,,,,,,,,,,,,,
WESBANCO INC COMMON STOCK USD2.0833,WSBC,COMMON STOCK,950810101,US9508101014,2953782,60196.0,1996099.36,0.007597455673574247,0,,FINANCIALS,UNITED STATES,AVUV,2026-05-14,,,,,,,,,,,,,
TREDEGAR CORP COMMON STOCK,TG,COMMON STOCK,894650100,US8946501009,2903345,233280.0,1912896.0,0.007280771117604828,0,,MATERIALS,UNITED STATES,AVUV,2026-05-14,,,,,,,,,,,,,
TRUEBLUE INC COMMON STOCK,TBI,COMMON STOCK,89785X101,US89785X1019,2519849,322058.0,1871156.98,0.007121906102835008,0,,INDUSTRIALS,UNITED STATES,AVUV,2026-05-14,,,,,,,,,,,,,
KEARNY FINANCIAL CORP/MD COMMON STOCK USD.01,KRNY,COMMON STOCK,48716P108,US48716P1084,BY3H7G0,230517.0,1818779.13,0.006922548094097345,0,,FINANCIALS,UNITED STATES,AVUV,2026-05-14,,,,,,,,,,,,,
EVERQUOTE INC   CLASS A COMMON STOCK USD.001,EVER,COMMON STOCK,30041R108,US30041R1086,BG88WS9,96229.0,1814878.94,0.006907703381836371,0,,COMMUNICATION SERVICES,UNITED STATES,AVUV,2026-05-14,,,,,,,,,,,,,
FIRST FINANCIAL BANCORP COMMON STOCK,FFBC,COMMON STOCK,320209109,US3202091092,2352806,60366.0,1796492.16,0.006837720519846093,0,,FINANCIALS,UNITED STATES,AVUV,2026-05-14,,,,,,,,,,,,,
PEOPLES BANCORP OF NC COMMON STOCK,PEBK,COMMON STOCK,710577107,US7105771072,2620503,44814.0,1788078.6,0.006805697239623732,0,,FINANCIALS,UNITED STATES,AVUV,2026-05-14,,,,,,,,,,,,,
JAKKS PACIFIC INC COMMON STOCK USD.001,JAKK,COMMON STOCK,47012E403,US47012E4035,BN2R7Z3,81765.0,1758765.15,0.006694125821147581,0,,CONSUMER DISCRETIONARY,UNITED STATES,AVUV,2026-05-14,,,,,,,,,,,,,
NACCO INDUSTRIES CL A COMMON STOCK USD1.0,NC,COMMON STOCK,629579103,US6295791031,2616977,35345.0,1722361.85,0.006555569362654541,0,,ENERGY,UNITED STATES,AVUV,2026-05-14,,,,,,,,,,,,,
MEDALLION FINANCIAL CORP COMMON STOCK USD.01,MFIN,COMMON STOCK,583928106,US5839281061,2580447,181711.0,1702632.07,0.006480474839805051,0,,FINANCIALS,UNITED STATES,AVUV,2026-05-14,,,,,,,,,,,,,
COMMERCIAL VEHICLE GROUP INC COMMON STOCK USD.01,CVGI,COMMON STOCK,202608105,US2026081057,B02GMS7,320639.0,1702593.09,0.006480326476037149,0,,INDUSTRIALS,UNITED STATES,AVUV,2026-05-14,,,,,,,,,,,,,
OAK VALLEY BANCORP COMMON STOCK,OVLY,COMMON STOCK,671807105,US6718071052,B019FQ6,51422.0,1690755.36,0.0064352702875763,0,,FINANCIALS,UNITED STATES,AVUV,2026-05-14,,,,,,,,,,,,,
VERA BRADLEY INC COMMON STOCK,VRA,COMMON STOCK,92335C106,US92335C1062,B4626P4,500165.0,1680554.4,0.006396443892968415,0,,CONSUMER DISCRETIONARY,UNITED STATES,AVUV,2026-05-14,,,,,,,,,,,,,
NERDWALLET INC CL A COMMON STOCK USD.0001,NRDS,COMMON STOCK,64082B102,US64082B1026,BMTW8S4,213028.0,1659488.12,0.006316262449241536,0,,FINANCIALS,UNITED STATES,AVUV,2026-05-14,,,,,,,,,,,,,
FIRST NATIONAL CORP/VA COMMON STOCK USD1.25,FXNC,COMMON STOCK,32106V107,US32106V1070,B018Y33,61572.0,1642740.96,0.006252520228634713,0,,FINANCIALS,UNITED STATES,AVUV,2026-05-14,,,,,,,,,,,,,
RESOURCES CONNECTION INC COMMON STOCK USD.01,RGP,COMMON STOCK,76122Q105,US76122Q1058,2697853,376643.0,1634630.62,0.00622165104953352,0,,INDUSTRIALS,UNITED STATES,AVUV,2026-05-14,,,,,,,,,,,,,
FVCBANKCORP INC COMMON STOCK USD.01,FVCB,COMMON STOCK,36120Q101,US36120Q1013,BY7RH33,106245.0,1632985.65,0.006215390045241951,0,,FINANCIALS,UNITED STATES,AVUV,2026-05-14,,,,,,,,,,,,,
CF BANKSHARES INC COMMON STOCK USD.01,CFBK,COMMON STOCK,12520L109,US12520L1098,BN2XDN1,59668.0,1598505.72,0.006084154223492605,0,,FINANCIALS,UNITED STATES,AVUV,2026-05-14,,,,,,,,,,,,,
PHOENIX EDUCATION PARTNERS I COMMON STOCK USD.01,PXED,COMMON STOCK,718968100,US7189681007,BSNRFP3,54267.0,1556920.23,0.005925873567093384,0,,CONSUMER DISCRETIONARY,UNITED STATES,AVUV,2026-05-14,,,,,,,,,,,,,
FONAR CORP COMMON STOCK USD.0001,FONR,COMMON STOCK,344437405,US3444374058,B1W52D6,81622.0,1539390.92,0.00585915436544335,0,,HEALTH CARE,UNITED STATES,AVUV,2026-05-14,,,,,,,,,,,,,
OP BANCORP COMMON STOCK,OPBK,COMMON STOCK,67109R109,US67109R1095,BD06KV9,109740.0,1530873.0,0.0058267338752974835,0,,FINANCIALS,UNITED STATES,AVUV,2026-05-14,,,,,,,,,,,,,
ACME UNITED CORP COMMON STOCK USD2.5,ACU,COMMON STOCK,004816104,US0048161048,2006329,37441.0,1517483.73,0.005775772291237601,0,,HEALTH CARE,UNITED STATES,AVUV,2026-05-14,,,,,,,,,,,,,
ANIKA THERAPEUTICS INC COMMON STOCK USD.01,ANIK,COMMON STOCK,035255108,US0352551081,2035754,102073.0,1510680.4,0.0057498777896193565,0,,HEALTH CARE,UNITED STATES,AVUV,2026-05-14,,,,,,,,,,,,,
DOUGLAS ELLIMAN INC COMMON STOCK,DOUG,COMMON STOCK,25961D105,US25961D1054,BNZHLY7,874762.0,1504590.64,0.005726699243205361,0,,REAL ESTATE,UNITED STATES,AVUV,2026-05-14,,,,,,,,,,,,,
INVESTAR HOLDING CORP COMMON STOCK USD1.0,ISTR,COMMON STOCK,46134L105,US46134L1052,BNGY4R1,53751.0,1485140.13,0.00565266766415941,0,,FINANCIALS,UNITED STATES,AVUV,2026-05-14,,,,,,,,,,,,,
PONCE FINANCIAL GROUP INC COMMON STOCK USD.01,PDLB,COMMON STOCK,732344106,US7323441060,BMF8HX4,83786.0,1471282.16,0.00559992213710272,0,,FINANCIALS,UNITED STATES,AVUV,2026-05-14,,,,,,,,,,,,,
MAINSTREET BANCSHARES INC COMMON STOCK USD4.0,MNSB,COMMON STOCK,56064Y100,US56064Y1001,BD0R8C9,65354.0,1466543.76,0.005581887070970709,0,,FINANCIALS,UNITED STATES,AVUV,2026-05-14,,,,,,,,,,,,,
FIRST INTERNET BANCORP COMMON STOCK,INBK,COMMON STOCK,320557101,US3205571017,B0406N0,61232.0,1465894.08,0.005579414290757,0,,FINANCIALS,UNITED STATES,AVUV,2026-05-14,,,,,,,,,,,,,
KEWAUNEE SCIENTIFIC CP COMMON STOCK USD2.5,KEQU,COMMON STOCK,492854104,US4928541048,2490728,38810.0,1461972.7,0.005564488926155289,0,,HEALTH CARE,UNITED STATES,AVUV,2026-05-14,,,,,,,,,,,,,
AVIAT NETWORKS INC COMMON STOCK USD.01,AVNW,COMMON STOCK,05366Y201,US05366Y2019,BZ9NWS6,93117.0,1429345.95,0.005440306587407488,0,,INFORMATION TECHNOLOGY,UNITED STATES,AVUV,2026-05-14,,,,,,,,,,,,,
LIFETIME BRANDS INC COMMON STOCK USD.01,LCUT,COMMON STOCK,53222Q103,US53222Q1031,2515773,204076.0,1428532.0,0.00543720857076091,0,,CONSUMER DISCRETIONARY,UNITED STATES,AVUV,2026-05-14,,,,,,,,,,,,,
J. JILL INC COMMON STOCK USD.01,JILL,COMMON STOCK,46620W201,US46620W2017,BN941G6,119246.0,1420219.86,0.005405571310377968,0,,CONSUMER DISCRETIONARY,UNITED STATES,AVUV,2026-05-14,,,,,,,,,,,,,
TAYLOR DEVICES INC COMMON STOCK USD.025,TAYD,COMMON STOCK,877163105,US8771631053,2877127,27621.0,1392098.4,0.005298536785891074,0,,INDUSTRIALS,UNITED STATES,AVUV,2026-05-14,,,,,,,,,,,,,
USCB FINANCIAL HOLDINGS INC COMMON STOCK,USCB,COMMON STOCK,90355N101,US90355N1019,BPCK3Z8,76123.0,1385438.6,0.005273188581132936,0,,FINANCIALS,UNITED STATES,AVUV,2026-05-14,,,,,,,,,,,,,
ORION GROUP HOLDINGS INC COMMON STOCK USD.01,ORN,COMMON STOCK,68628V308,US68628V3087,B1WTHL1,89894.0,1379872.9,0.005252004686237838,0,,INDUSTRIALS,UNITED STATES,AVUV,2026-05-14,,,,,,,,,,,,,
FRANKLIN COVEY CO COMMON STOCK USD.05,FC,COMMON STOCK,353469109,US3534691098,2352839,64578.0,1374219.84,0.005230488285987074,0,,INDUSTRIALS,UNITED STATES,AVUV,2026-05-14,,,,,,,,,,,,,
DMC GLOBAL INC COMMON STOCK,BOOM,COMMON STOCK,23291C103,US23291C1036,BYN8NH6,183851.0,1356820.38,0.0051642633130507916,0,,ENERGY,UNITED STATES,AVUV,2026-05-14,,,,,,,,,,,,,
SMART SAND INC COMMON STOCK USD.001,SND,COMMON STOCK,83191H107,US83191H1077,BYXM5L6,293404.0,1352592.44,0.0051481711347834075,0,,ENERGY,UNITED STATES,AVUV,2026-05-14,,,,,,,,,,,,,
CRAWFORD + COMPANY  CL A COMMON STOCK USD1.0,CRD.A,COMMON STOCK,224633206,US2246332066,2232094,134136.0,1342701.36,0.005110524190262682,0,,FINANCIALS,UNITED STATES,AVUV,2026-05-14,,,,,,,,,,,,,
DOUGLAS DYNAMICS INC COMMON STOCK USD.01,PLOW,COMMON STOCK,25960R105,US25960R1059,B3N5WD9,29681.0,1330005.61,0.005062202248078512,0,,INDUSTRIALS,UNITED STATES,AVUV,2026-05-14,,,,,,,,,,,,,
FUTUREFUEL CORP COMMON STOCK USD.0001,FF,COMMON STOCK,36116M106,US36116M1062,B3BBRD4,319773.0,1298278.38,0.004941443618322577,0,,ENERGY,UNITED STATES,AVUV,2026-05-14,,,,,,,,,,,,,
INVESTORS TITLE CO COMMON STOCK,ITIC,COMMON STOCK,461804106,US4618041069,2469892,5530.0,1282960.0,0.004883139550211977,0,,FINANCIALS,UNITED STATES,AVUV,2026-05-14,,,,,,,,,,,,,
BCB BANCORP INC COMMON STOCK,BCBP,COMMON STOCK,055298103,US0552981039,2848253,133142.0,1280826.04,0.004875017376118809,0,,FINANCIALS,UNITED STATES,AVUV,2026-05-14,,,,,,,,,,,,,
UNITED COMMUNITY BANKS/GA COMMON STOCK USD1.0,UCB,COMMON STOCK,90984P303,US90984P3038,2862156,39038.0,1256633.22,0.004782935848890245,0,,FINANCIALS,UNITED STATES,AVUV,2026-05-14,,,,,,,,,,,,,
CHEMUNG FINANCIAL CORP COMMON STOCK USD.01,CHMG,COMMON STOCK,164024101,US1640241014,2190921,18787.0,1247081.06,0.004746578885083148,0,,FINANCIALS,UNITED STATES,AVUV,2026-05-14,,,,,,,,,,,,,
NATIONAL ENERGY SERVICES REU COMMON STOCK,NESR,COMMON STOCK,G6375R107,VGG6375R1073,BYZLFM2,46267.0,1234866.23,0.004700087397061608,0,,ENERGY,UNITED STATES,AVUV,2026-05-14,,,,,,,,,,,,,
KEROS THERAPEUTICS INC COMMON STOCK USD.0001,KROS,COMMON STOCK,492327101,US4923271013,BM7V485,102453.0,1228411.47,0.004675519605514617,0,,HEALTH CARE,UNITED STATES,AVUV,2026-05-14,,,,,,,,,,,,,
BANCFIRST CORP COMMON STOCK USD1.0,BANF,COMMON STOCK,05945F103,US05945F1030,2078782,11245.0,1218958.0,0.004639538270754576,0,,FINANCIALS,UNITED STATES,AVUV,2026-05-14,,,,,,,,,,,,,
FARMERS NATL BANC CORP COMMON STOCK,FMNB,COMMON STOCK,309627107,US3096271073,B019BK2,88575.0,1218792.0,0.004638906449680392,0,,FINANCIALS,UNITED STATES,AVUV,2026-05-14,,,,,,,,,,,,,
MONTAUK RENEWABLES INC COMMON STOCK USD.01,MNTK,COMMON STOCK,61218C103,US61218C1036,BN6HHQ0,774101.0,1176633.52,0.004478444906791432,0,,UTILITIES,UNITED STATES,AVUV,2026-05-14,,,,,,,,,,,,,
RAMACO RESOURCES INC B COMMON STOCK,METCB,COMMON STOCK,75134P501,US75134P5017,BRXYZ79,112137.0,1134826.44,0.004319320845381195,0,,MATERIALS,UNITED STATES,AVUV,2026-05-14,,,,,,,,,,,,,
CLARUS CORP COMMON STOCK USD.0001,CLAR,COMMON STOCK,18270P109,US18270P1093,BF5QHG2,434945.0,1100410.85,0.004188329911390363,0,,CONSUMER DISCRETIONARY,UNITED STATES,AVUV,2026-05-14,,,,,,,,,,,,,
LEGACY HOUSING CORP COMMON STOCK USD.001,LEGH,COMMON STOCK,52472M101,US52472M1018,BG5HXX1,48360.0,1083747.6,0.004124907064918088,0,,CONSUMER DISCRETIONARY,UNITED STATES,AVUV,2026-05-14,,,,,,,,,,,,,
AMERICAN VANGUARD CORP COMMON STOCK USD.1,AVD,COMMON STOCK,030371108,US0303711081,2025711,363364.0,1071923.8,0.004079903896141356,0,,MATERIALS,UNITED STATES,AVUV,2026-05-14,,,,,,,,,,,,,
JAMES RIVER GROUP HOLDINGS I COMMON STOCK USD.0002,JRVR,COMMON STOCK,46990A102,US46990A1025,BV96YL4,258509.0,1059886.9,0.004034089636576016,0,,FINANCIALS,UNITED STATES,AVUV,2026-05-14,,,,,,,,,,,,,
SIFCO INDUSTRIES COMMON STOCK USD1.0,SIF,COMMON STOCK,826546103,US8265461033,2807500,55477.0,1054617.77,0.004014034531897611,0,,INDUSTRIALS,UNITED STATES,AVUV,2026-05-14,,,,,,,,,,,,,
CARECLOUD INC COMMON STOCK USD.001,CCLD,COMMON STOCK,14167R100,US14167R1005,BKP32B8,484987.0,1028172.44,0.003913379611368983,0,,HEALTH CARE,UNITED STATES,AVUV,2026-05-14,,,,,,,,,,,,,
MVB FINANCIAL CORP COMMON STOCK USD1.0,MVBF,COMMON STOCK,553810102,US5538101024,B00BYZ5,36786.0,942457.32,0.003587134917439971,0,,FINANCIALS,UNITED STATES,AVUV,2026-05-14,,,,,,,,,,,,,
FRONTIER GROUP HOLDINGS INC COMMON STOCK USD.001,ULCC,COMMON STOCK,35909R108,US35909R1086,BFMKYK0,196634.0,928112.48,0.0035325362896219074,0,,INDUSTRIALS,UNITED STATES,AVUV,2026-05-14,,,,,,,,,,,,,
AVIDBANK HOLDINGS INC COMMON STOCK,AVBH,COMMON STOCK,05368J103,US05368J1034,B3XR1X8,31064.0,907068.8,0.0034524408649087403,0,,FINANCIALS,UNITED STATES,AVUV,2026-05-14,,,,,,,,,,,,,
BARNES + NOBLE EDUCATION INC COMMON STOCK USD.01,BNED,COMMON STOCK,06777U200,US06777U2006,BNNRMX5,95698.0,900518.18,0.0034275082157221646,0,,CONSUMER DISCRETIONARY,UNITED STATES,AVUV,2026-05-14,,,,,,,,,,,,,
EXZEO GROUP INC COMMON STOCK,XZO,COMMON STOCK,30234F101,US30234F1012,BV3P7K7,65431.0,875466.78,0.0033321588033256907,0,,FINANCIALS,UNITED STATES,AVUV,2026-05-14,,,,,,,,,,,,,
FIRST BANCORP INC/ME COMMON STOCK USD.01,FNLC,COMMON STOCK,31866P102,US31866P1021,2353047,30966.0,870454.26,0.003313080395068045,0,,FINANCIALS,UNITED STATES,AVUV,2026-05-14,,,,,,,,,,,,,
GAMBLING.COM GROUP LTD COMMON STOCK,GAMB,COMMON STOCK,G3R239101,JE00BL970N11,BL970N1,207551.0,855110.12,0.0032546782805064145,0,,COMMUNICATION SERVICES,UNITED STATES,AVUV,2026-05-14,,,,,,,,,,,,,
CLEAN ENERGY FUELS CORP COMMON STOCK USD.0001,CLNE,COMMON STOCK,184499101,US1844991018,B1Y1PC2,407441.0,835254.05,0.003179103078840909,0,,ENERGY,UNITED STATES,AVUV,2026-05-14,,,,,,,,,,,,,
UNIVERSAL ELECTRONICS INC COMMON STOCK USD.01,UEIC,COMMON STOCK,913483103,US9134831034,2911683,210159.0,809112.15,0.003079603058725171,0,,CONSUMER DISCRETIONARY,UNITED STATES,AVUV,2026-05-14,,,,,,,,,,,,,
MIMEDX GROUP INC COMMON STOCK USD.001,MDXG,COMMON STOCK,602496101,US6024961012,B1Z3TW5,225747.0,794629.44,0.0030244796768619403,0,,HEALTH CARE,UNITED STATES,AVUV,2026-05-14,,,,,,,,,,,,,
BASSETT FURNITURE INDS COMMON STOCK USD5.0,BSET,COMMON STOCK,070203104,US0702031040,2083526,53724.0,766104.24,0.0029159084569504025,0,,CONSUMER DISCRETIONARY,UNITED STATES,AVUV,2026-05-14,,,,,,,,,,,,,
HONEST CO INC/THE COMMON STOCK USD.001,HNST,COMMON STOCK,438333106,US4383331067,BMF1LH5,228936.0,757778.16,0.002884218138821834,0,,CONSUMER STAPLES,UNITED STATES,AVUV,2026-05-14,,,,,,,,,,,,,
ESCALADE INC COMMON STOCK,ESCA,COMMON STOCK,296056104,US2960561049,2321561,39811.0,731328.07,0.0027835451010142114,0,,CONSUMER DISCRETIONARY,UNITED STATES,AVUV,2026-05-14,,,,,,,,,,,,,
HAWTHORN BANCSHARES INC COMMON STOCK USD1.0,HWBK,COMMON STOCK,420476103,US4204761039,2604217,19986.0,729688.86,0.002777306020152686,0,,FINANCIALS,UNITED STATES,AVUV,2026-05-14,,,,,,,,,,,,,
CASS INFORMATION SYSTEMS INC COMMON STOCK USD.5,CASS,COMMON STOCK,14808P109,US14808P1093,2086558,15704.0,717829.84,0.0027321687987359976,0,,FINANCIALS,UNITED STATES,AVUV,2026-05-14,,,,,,,,,,,,,
TSS INC COMMON STOCK USD.0001,TSSI,COMMON STOCK,87288V101,US87288V1017,BBK3WF4,61391.0,710907.78,0.002705822392803669,0,,INFORMATION TECHNOLOGY,UNITED STATES,AVUV,2026-05-14,,,,,,,,,,,,,
AMERISAFE INC COMMON STOCK USD.01,AMSF,COMMON STOCK,03071H100,US03071H1005,B0PPHS6,22287.0,672621.66,0.0025600996369919823,0,,FINANCIALS,UNITED STATES,AVUV,2026-05-14,,,,,,,,,,,,,
CENTRAL BANCOMPANY COMMON STOCK,CBC,COMMON STOCK,152413100,US1524131000,B3KKGR9,24625.0,669800.0,0.0025493599728222097,0,,FINANCIALS,UNITED STATES,AVUV,2026-05-14,,,,,,,,,,,,,
GROCERY OUTLET HOLDING CORP COMMON STOCK USD.001,GO,COMMON STOCK,39874R101,US39874R1014,BK1KWF7,84479.0,653867.46,0.0024887183189831697,0,,CONSUMER STAPLES,UNITED STATES,AVUV,2026-05-14,,,,,,,,,,,,,
LOVESAC CO/THE COMMON STOCK USD.00001,LOVE,COMMON STOCK,54738L109,US54738L1098,BG88WJ0,41985.0,635862.83,0.002420189977616383,0,,CONSUMER DISCRETIONARY,UNITED STATES,AVUV,2026-05-14,,,,,,,,,,,,,
INTERPARFUMS INC COMMON STOCK USD.001,IPAR,COMMON STOCK,458334109,US4583341098,2473150,7066.0,627178.16,0.0023871348117830453,0,,CONSUMER STAPLES,UNITED STATES,AVUV,2026-05-14,,,,,,,,,,,,,
WEBULL CORP COMMON STOCK USD.0001,BULL,COMMON STOCK,G9572D103,KYG9572D1034,BQH7NB7,86978.0,615804.24,0.002343843954240373,0,,FINANCIALS,UNITED STATES,AVUV,2026-05-14,,,,,,,,,,,,,
TECHTARGET INC COMMON STOCK USD.001,TTGT,COMMON STOCK,87874R308,US87874R3084,BPG4DP6,111052.0,610230.74,0.00232263037136709,0,,COMMUNICATION SERVICES,UNITED STATES,AVUV,2026-05-14,,,,,,,,,,,,,
CONSUMER PORTFOLIO SERVICES COMMON STOCK,CPSS,COMMON STOCK,210502100,US2105021008,2223872,62332.0,605243.72,0.002303649019961202,0,,FINANCIALS,UNITED STATES,AVUV,2026-05-14,,,,,,,,,,,,,
Q32 BIO INC COMMON STOCK USD.0001,QTTB,COMMON STOCK,746964105,US7469641051,BS2FKQ4,89985.0,534510.9,0.0020344292228981413,0,,HEALTH CARE,UNITED STATES,AVUV,2026-05-14,,,,,,,,,,,,,
FULL HOUSE RESORTS INC COMMON STOCK USD.0001,FLL,COMMON STOCK,359678109,US3596781092,2357566,180878.0,529972.54,0.002017155539222033,0,,CONSUMER DISCRETIONARY,UNITED STATES,AVUV,2026-05-14,,,,,,,,,,,,,
RIVERVIEW BANCORP INC COMMON STOCK USD.01,RVSB,COMMON STOCK,769397100,US7693971001,2117920,97669.0,529365.98,0.0020148468802415683,0,,FINANCIALS,UNITED STATES,AVUV,2026-05-14,,,,,,,,,,,,,
FUNKO INC CLASS A COMMON STOCK USD.0001,FNKO,COMMON STOCK,361008105,US3610081057,BF329J9,97769.0,512309.56,0.0019499275693612397,0,,CONSUMER DISCRETIONARY,UNITED STATES,AVUV,2026-05-14,,,,,,,,,,,,,
AMERICAN OUTDOOR BRANDS INC COMMON STOCK,AOUT,COMMON STOCK,02875D109,US02875D1090,BMDMZV2,58677.0,511663.44,0.001947468339045265,0,,CONSUMER DISCRETIONARY,UNITED STATES,AVUV,2026-05-14,,,,,,,,,,,,,
ISABELLA BANK CORP COMMON STOCK,ISBA,COMMON STOCK,464214105,US4642141059,2521941,12370.0,502840.5,0.0019138868967063397,0,,FINANCIALS,UNITED STATES,AVUV,2026-05-14,,,,,,,,,,,,,
CB FINANCIAL SERVICES INC COMMON STOCK,CBFV,COMMON STOCK,12479G101,US12479G1013,B032TT4,13879.0,487708.06,0.001856290544321846,0,,FINANCIALS,UNITED STATES,AVUV,2026-05-14,,,,,,,,,,,,,
ARDENT HEALTH INC COMMON STOCK USD.01,ARDT,COMMON STOCK,03980N107,US03980N1072,BSF1W07,48412.0,479762.92,0.001826050141373998,0,,HEALTH CARE,UNITED STATES,AVUV,2026-05-14,,,,,,,,,,,,,
RESERVOIR MEDIA INC COMMON STOCK USD.0001,RSVR,COMMON STOCK,76119X105,US76119X1054,BP0B9H7,45747.0,464789.52,0.0017690591192523859,0,,COMMUNICATION SERVICES,UNITED STATES,AVUV,2026-05-14,,,,,,,,,,,,,
VIRGINIA NATIONAL BANKSHARES COMMON STOCK USD2.5,VABK,COMMON STOCK,928031103,US9280311039,BHBFXS1,10619.0,455767.48,0.0017347198722395447,0,,FINANCIALS,UNITED STATES,AVUV,2026-05-14,,,,,,,,,,,,,
NICOLET BANKSHARES INC COMMON STOCK USD.01,NIC,COMMON STOCK,65406E102,US65406E1029,2012865,3207.0,449557.26,0.0017110828368701511,0,,FINANCIALS,UNITED STATES,AVUV,2026-05-14,,,,,,,,,,,,,
RING ENERGY INC COMMON STOCK,REI,COMMON STOCK,76680V108,US76680V1089,B1TGYD6,354527.0,446704.02,0.0017002229744502418,0,,ENERGY,UNITED STATES,AVUV,2026-05-14,,,,,,,,,,,,,
EPSILON ENERGY LTD COMMON STOCK,EPSN,COMMON STOCK,294375209,CA2943752097,BGPYWG8,70950.0,436342.5,0.001660785464229882,0,,ENERGY,UNITED STATES,AVUV,2026-05-14,,,,,,,,,,,,,
CRAWFORD + CO   CL B COMMON STOCK USD1.0,CRD.B,COMMON STOCK,224633107,US2246331076,2232072,44723.0,435154.79,0.001656264860567116,0,,FINANCIALS,UNITED STATES,AVUV,2026-05-14,,,,,,,,,,,,,
RADIANT LOGISTICS INC COMMON STOCK USD.001,RLGT,COMMON STOCK,75025X100,US75025X1000,B065G33,51729.0,432971.73,0.0016479558044574277,0,,INDUSTRIALS,UNITED STATES,AVUV,2026-05-14,,,,,,,,,,,,,
ELECTROMED INC COMMON STOCK USD.01,ELMD,COMMON STOCK,285409108,US2854091087,B3WLLH5,12514.0,425851.42,0.0016208548290795753,0,,HEALTH CARE,UNITED STATES,AVUV,2026-05-14,,,,,,,,,,,,,
LIFEVANTAGE CORP COMMON STOCK USD.0001,LFVN,COMMON STOCK,53222K205,US53222K2050,BYYMYP2,77413.0,407966.51,0.0015527821601164105,0,,CONSUMER STAPLES,UNITED STATES,AVUV,2026-05-14,,,,,,,,,,,,,
RICHARDSON ELEC LTD COMMON STOCK USD.05,RELL,COMMON STOCK,763165107,US7631651079,2736109,22312.0,364578.08,0.0013876392417443617,0,,INFORMATION TECHNOLOGY,UNITED STATES,AVUV,2026-05-14,,,,,,,,,,,,,
OMEGA FLEX INC COMMON STOCK USD.01,OFLX,COMMON STOCK,682095104,US6820951043,B0FPH75,12540.0,349489.8,0.0013302109689902052,0,,INDUSTRIALS,UNITED STATES,AVUV,2026-05-14,,,,,,,,,,,,,
SERES THERAPEUTICS INC COMMON STOCK USD.001,MCRB,COMMON STOCK,81750R201,US81750R2013,BPJMTC6,42243.0,327805.68,0.0012476779328990236,0,,HEALTH CARE,UNITED STATES,AVUV,2026-05-14,,,,,,,,,,,,,
DRILLING TOOLS INTERNATIONAL COMMON STOCK USD.0001,DTI,COMMON STOCK,26205E107,US26205E1073,BQLSC31,104222.0,318919.32,0.001213855104460552,0,,ENERGY,UNITED STATES,AVUV,2026-05-14,,,,,,,,,,,,,
MARINE PRODUCTS CORP COMMON STOCK USD.1,MPX,COMMON STOCK,568427108,US5684271084,2737102,37252.0,306583.96,0.001166904861053039,0,,CONSUMER DISCRETIONARY,UNITED STATES,AVUV,2026-05-14,,,,,,,,,,,,,
GREEN PLAINS INC COMMON STOCK USD.001,GPRE,COMMON STOCK,393222104,US3932221043,B11FJD6,16682.0,280424.42,0.0010673377004327916,0,,ENERGY,UNITED STATES,AVUV,2026-05-14,,,,,,,,,,,,,
NORWOOD FINANCIAL CORP COMMON STOCK USD.1,NWFL,COMMON STOCK,669549107,US6695491075,2549233,9491.0,278276.12,0.001059160946133577,0,,FINANCIALS,UNITED STATES,AVUV,2026-05-14,,,,,,,,,,,,,
PEDEVCO CORP COMMON STOCK USD.001,PED,COMMON STOCK,70532Y402,US70532Y4026,BSHX2B2,19039.0,265213.27,0.001009441765899208,0,,ENERGY,UNITED STATES,AVUV,2026-05-14,,,,,,,,,,,,,
AMTECH SYSTEMS INC COMMON STOCK USD.01,ASYS,COMMON STOCK,032332504,US0323325045,2400619,11848.0,245372.08,0.0009339231997613154,0,,INFORMATION TECHNOLOGY,UNITED STATES,AVUV,2026-05-14,,,,,,,,,,,,,
FOX FACTORY HOLDING CORP COMMON STOCK USD.001,FOXF,COMMON STOCK,35138V102,US35138V1026,BCRY5K3,13594.0,220902.5,0.0008407882821683461,0,,CONSUMER DISCRETIONARY,UNITED STATES,AVUV,2026-05-14,,,,,,,,,,,,,
EASTERN CO/THE COMMON STOCK,EML,COMMON STOCK,276317104,US2763171046,2300087,10264.0,213696.48,0.0008133610815840578,0,,INDUSTRIALS,UNITED STATES,AVUV,2026-05-14,,,,,,,,,,,,,
OPENDOOR TECHNOLOGIES INC OPENDOOR TECHNOLOGIES INC 26,OPENW,WARRANTS,683712129,US6837121291,BLGXLN9,366490.0,204208.23,0.000777247368890522,0,,REAL ESTATE,UNITED STATES,AVUV,2026-05-14,,,,,,,,,,,,,
IMMERSION CORPORATION COMMON STOCK USD.001,IMMR,COMMON STOCK,452521107,US4525211078,2517854,31320.0,200134.8,0.0007617432790217653,0,,INFORMATION TECHNOLOGY,UNITED STATES,AVUV,2026-05-14,,,,,,,,,,,,,
WEYCO GROUP INC COMMON STOCK USD1.0,WEYS,COMMON STOCK,962149100,US9621491003,2947774,5536.0,187725.76,0.0007145125984049398,0,,CONSUMER DISCRETIONARY,UNITED STATES,AVUV,2026-05-14,,,,,,,,,,,,,
HANOVER BANCORP INC COMMON STOCK,HNVR,COMMON STOCK,410709109,US4107091096,BQB4DZ8,8199.0,185707.35,0.000706830225065519,0,,FINANCIALS,UNITED STATES,AVUV,2026-05-14,,,,,,,,,,,,,
BOWHEAD SPECIALTY HOLDINGS I COMMON STOCK USD.01,BOW,COMMON STOCK,10240L102,US10240L1026,BNRR231,6696.0,183604.32,0.0006988257752243062,0,,FINANCIALS,UNITED STATES,AVUV,2026-05-14,,,,,,,,,,,,,
ONE GROUP HOSPITALITY INC/TH COMMON STOCK USD.0001,STKS,COMMON STOCK,88338K103,US88338K1034,BNKH4B0,92315.0,174475.35,0.0006640795364797634,0,,CONSUMER DISCRETIONARY,UNITED STATES,AVUV,2026-05-14,,,,,,,,,,,,,
TILE SHOP HLDGS INC COMMON STOCK USD.0001,TTSH,COMMON STOCK,88677Q208,US88677Q2084,BVFDHJ8,53061.0,153876.9,0.0005856787243982769,0,,CONSUMER DISCRETIONARY,UNITED STATES,AVUV,2026-05-14,,,,,,,,,,,,,
VICI PROPERTIES INC REIT USD.01,VICI,COMMON STOCK,925652109,US9256521090,BYWH073,5209.0,146945.89,0.0005592982534140571,0,,REAL ESTATE,UNITED STATES,AVUV,2026-05-14,,,,,,,,,,,,,
RCM TECHNOLOGIES INC COMMON STOCK USD.05,RCMT,COMMON STOCK,749360400,US7493604000,2718969,4950.0,143599.5,0.0005465613876041847,0,,INDUSTRIALS,UNITED STATES,AVUV,2026-05-14,,,,,,,,,,,,,
FINWARD BANCORP COMMON STOCK,FNWD,COMMON STOCK,31812F109,US31812F1093,BN0TRH3,4543.0,143558.8,0.0005464064772564781,0,,FINANCIALS,UNITED STATES,AVUV,2026-05-14,,,,,,,,,,,,,
RMR GROUP INC/THE   A COMMON STOCK,RMR,COMMON STOCK,74967R106,US74967R1068,BZ1N455,7316.0,141784.08,0.0005396516248662615,0,,REAL ESTATE,UNITED STATES,AVUV,2026-05-14,,,,,,,,,,,,,
CLEARFIELD INC COMMON STOCK USD.01,CLFD,COMMON STOCK,18482P103,US18482P1030,2002059,3329.0,141515.79,0.0005386304726012445,0,,INFORMATION TECHNOLOGY,UNITED STATES,AVUV,2026-05-14,,,,,,,,,,,,,
TWIN DISC INC COMMON STOCK,TWIN,COMMON STOCK,901476101,US9014761012,2908685,7779.0,140877.69,0.0005362017676166851,0,,INDUSTRIALS,UNITED STATES,AVUV,2026-05-14,,,,,,,,,,,,,
TASKUS INC A COMMON STOCK USD.01,TASK,COMMON STOCK,87652V109,US87652V1098,BN44TB2,24566.0,136095.64,0.0005180005629913724,0,,INDUSTRIALS,UNITED STATES,AVUV,2026-05-14,,,,,,,,,,,,,
ASTRONOVA INC COMMON STOCK USD.05,ALOT,COMMON STOCK,04638F108,US04638F1084,2060358,9228.0,134267.4,0.0005110420053969973,0,,INFORMATION TECHNOLOGY,UNITED STATES,AVUV,2026-05-14,,,,,,,,,,,,,
DULUTH HOLDINGS INC   CL B COMMON STOCK,DLTH,COMMON STOCK,26443V101,US26443V1017,BYP97Q4,41918.0,127849.9,0.0004866160310381042,0,,CONSUMER DISCRETIONARY,UNITED STATES,AVUV,2026-05-14,,,,,,,,,,,,,
ATEGRITY SPECIALTY HOLDINGS COMMON STOCK,ASIC,COMMON STOCK,04681Y103,US04681Y1038,BRQQ033,6000.0,116220.0,0.0004423508749498316,0,,FINANCIALS,UNITED STATES,AVUV,2026-05-14,,,,,,,,,,,,,
AMREP CORP COMMON STOCK USD.1,AXR,COMMON STOCK,032159105,US0321591051,2031804,4124.0,102275.2,0.0003892748597975307,0,,REAL ESTATE,UNITED STATES,AVUV,2026-05-14,,,,,,,,,,,,,
VALHI INC COMMON STOCK USD.01,VHI,COMMON STOCK,918905209,US9189052098,BMG4NS8,7411.0,102271.8,0.0003892619188839631,0,,MATERIALS,UNITED STATES,AVUV,2026-05-14,,,,,,,,,,,,,
UNIFI INC COMMON STOCK USD.1,UFI,COMMON STOCK,904677200,US9046772003,2911865,23563.0,96843.93,0.0003686026257879904,0,,CONSUMER DISCRETIONARY,UNITED STATES,AVUV,2026-05-14,,,,,,,,,,,,,
FIRST WESTERN FINANCIAL INC COMMON STOCK,MYFW,COMMON STOCK,33751L105,US33751L1052,BDD1B52,3274.0,93538.18,0.00035602044195676163,0,,FINANCIALS,UNITED STATES,AVUV,2026-05-14,,,,,,,,,,,,,
HF FOODS GROUP INC COMMON STOCK USD.0001,HFFG,COMMON STOCK,40417F109,US40417F1093,BYZLWZ4,38022.0,76424.22,0.0002908821251450561,0,,CONSUMER STAPLES,UNITED STATES,AVUV,2026-05-14,,,,,,,,,,,,,
BLACK DIAMOND THERAPEUTICS I COMMON STOCK,BDTX,COMMON STOCK,09203E105,US09203E1055,BKTV702,25623.0,73281.78,0.0002789215238416888,0,,HEALTH CARE,UNITED STATES,AVUV,2026-05-14,,,,,,,,,,,,,
TILLY S INC CLASS A SHRS COMMON STOCK USD.001,TLYS,COMMON STOCK,886885102,US8868851028,B7TN3D2,18152.0,65710.24,0.0002501030989258598,0,,CONSUMER DISCRETIONARY,UNITED STATES,AVUV,2026-05-14,,,,,,,,,,,,,
PRO DEX INC COMMON STOCK,PDEX,COMMON STOCK,74265M205,US74265M2052,2704292,1065.0,61173.6,0.0002328359618295562,0,,HEALTH CARE,UNITED STATES,AVUV,2026-05-14,,,,,,,,,,,,,
WESTERN NEW ENGLAND BANCORP COMMON STOCK USD.01,WNEB,COMMON STOCK,958892101,US9588921018,BZCNLM0,3560.0,47134.4,0.00017940064601820122,0,,FINANCIALS,UNITED STATES,AVUV,2026-05-14,,,,,,,,,,,,,
M TRON INDUSTRIES INC COMMON STOCK USD.01,MPTI,COMMON STOCK,55380K109,US55380K1097,BMQ67R1,506.0,37484.48,0.00014267159288452474,0,,INFORMATION TECHNOLOGY,UNITED STATES,AVUV,2026-05-14,,,,,,,,,,,,,
JOINT CORP/THE COMMON STOCK USD.001,JYNT,COMMON STOCK,47973J102,US47973J1025,BRK0127,4120.0,34196.0,0.00013015514128191742,0,,HEALTH CARE,UNITED STATES,AVUV,2026-05-14,,,,,,,,,,,,,
FIDELITY D+D BANCORP INC COMMON STOCK,FDBC,COMMON STOCK,31609R100,US31609R1005,2610913,711.0,32279.4,0.00012286027218082597,0,,FINANCIALS,UNITED STATES,AVUV,2026-05-14,,,,,,,,,,,,,
WW INTERNATIONAL INC NEW COMMON STOCK,WW,COMMON STOCK,98262P200,US98262P2002,BNC29P2,2356.0,22711.84,8.644469364757e-05,0,,CONSUMER DISCRETIONARY,UNITED STATES,AVUV,2026-05-14,,,,,,,,,,,,,
MERCER INTERNATIONAL INC COMMON STOCK USD1.0,MERC,COMMON STOCK,588056101,US5880561015,2053024,26466.0,21514.21,8.18863329663949e-05,0,,MATERIALS,UNITED STATES,AVUV,2026-05-14,,,,,,,,,,,,,
SIEBERT FINANCIAL CORP COMMON STOCK USD.01,SIEB,COMMON STOCK,826176109,US8261761097,2799384,10547.0,18457.25,7.02510814547219e-05,0,,FINANCIALS,UNITED STATES,AVUV,2026-05-14,,,,,,,,,,,,,
TEAM INC COMMON STOCK USD.3,TISI,COMMON STOCK,878155308,US8781553081,BQZBQP6,1115.0,17561.25,6.684077011454767e-05,0,,INDUSTRIALS,UNITED STATES,AVUV,2026-05-14,,,,,,,,,,,,,
GEN DIGITAL INC RIGHT,GENVR,RIGHTS,668771116,US6687711167,BN12P88,21590.0,16840.2,6.409634490044877e-05,0,,INFORMATION TECHNOLOGY,UNITED STATES,AVUV,2026-05-14,,,,,,,,,,,,,
CINEVERSE CORP COMMON STOCK USD.001,CNVS,COMMON STOCK,172406308,US1724063086,BQKRDP8,5804.0,14916.28,5.677361477367643e-05,0,,COMMUNICATION SERVICES,UNITED STATES,AVUV,2026-05-14,,,,,,,,,,,,,
NCS MULTISTAGE HOLDINGS INC COMMON STOCK USD.01,NCSM,COMMON STOCK,628877201,US6288772014,BLGZCF4,354.0,14878.62,5.663027512515973e-05,0,,ENERGY,UNITED STATES,AVUV,2026-05-14,,,,,,,,,,,,,
XBIOTECH INC COMMON STOCK,XBIT,COMMON STOCK,98400H102,CA98400H1029,BWD1LM2,5371.0,13427.5,5.11070932144972e-05,0,,HEALTH CARE,UNITED STATES,AVUV,2026-05-14,,,,,,,,,,,,,
SEAPORT ENTERTAINMENT GROUP COMMON STOCK,SEG,COMMON STOCK,812215200,US8122152007,BRXXTF2,504.0,11733.12,4.465802699958156e-05,0,,REAL ESTATE,UNITED STATES,AVUV,2026-05-14,,,,,,,,,,,,,
PETMED EXPRESS INC COMMON STOCK USD.001,PETS,COMMON STOCK,716382106,US7163821066,2143099,4286.0,9686.36,3.686774927791302e-05,0,,CONSUMER DISCRETIONARY,UNITED STATES,AVUV,2026-05-14,,,,,,,,,,,,,
GEOSPACE TECHNOLOGIES CORP COMMON STOCK USD.01,GEOS,COMMON STOCK,37364X109,US37364X1090,B89MJ94,1118.0,8910.46,3.3914556678759907e-05,0,,ENERGY,UNITED STATES,AVUV,2026-05-14,,,,,,,,,,,,,
ALTA EQUIPMENT GROUP INC COMMON STOCK,ALTG,COMMON STOCK,02128L106,US02128L1061,BLLCYB0,1118.0,7278.18,2.77018524440059e-05,0,,INDUSTRIALS,UNITED STATES,AVUV,2026-05-14,,,,,,,,,,,,,
UNITED STATES LIME + MINERAL COMMON STOCK USD.1,USLM,COMMON STOCK,911922102,US9119221029,2724115,52.0,5686.2,2.1642536096538744e-05,0,,MATERIALS,UNITED STATES,AVUV,2026-05-14,,,,,,,,,,,,,
PAMT CORP COMMON STOCK USD.01,PAMT,COMMON STOCK,693149106,US6931491061,2669090,247.0,2625.61,9.993468256556767e-06,0,,INDUSTRIALS,UNITED STATES,AVUV,2026-05-14,,,,,,,,,,,,,
FIGS INC CLASS A COMMON STOCK USD.0001,FIGS,COMMON STOCK,30260D103,US30260D1037,BMXXBD9,172.0,2100.12,7.99337394165927e-06,0,,CONSUMER DISCRETIONARY,UNITED STATES,AVUV,2026-05-14,,,,,,,,,,,,,
CANTERBURY PARK HOLDING CORP COMMON STOCK USD.01,CPHC,COMMON STOCK,13811E101,US13811E1010,2586865,118.0,1879.74,7.154574373414184e-06,0,,CONSUMER DISCRETIONARY,UNITED STATES,AVUV,2026-05-14,,,,,,,,,,,,,
B+G FOODS INC COMMON STOCK USD.01,BGS,COMMON STOCK,05508R106,US05508R1068,B034L49,274.0,1202.86,4.578266851162919e-06,0,,CONSUMER STAPLES,UNITED STATES,AVUV,2026-05-14,,,,,,,,,,,,,
CONTRA CARGO THERAPEUT COMMON STOCK,OTHER,RIGHTS,141CVR019,US141CVR0196,,54092.0,540.92,2.05882322558822e-06,0,,HEALTH CARE,UNITED STATES,AVUV,2026-05-14,,,,,,,,,,,,,
OMNIAB INC   12.5 EARNOUT COMMON STOCK,2200963D,COMMON STOCK,68218J202,US68218J2024,BP0VHM8,21075.0,240.26,9.144658511052017e-07,0,,HEALTH CARE,UNITED STATES,AVUV,2026-05-14,,,,,,,,,,,,,
OMNIAB INC   15.00 EARNOUT COMMON STOCK,2200964D,COMMON STOCK,68218J301,US68218J3014,BP0VHL7,21075.0,126.45,4.81287800184187e-07,0,,HEALTH CARE,UNITED STATES,AVUV,2026-05-14,,,,,,,,,,,,,
MICRON TECHNOLOGY INC COMMON STOCK USD.1,MU,COMMON STOCK,595112103,US5951121038,2588184,882346.0,709079715.98,5.901104823557823,0,,INFORMATION TECHNOLOGY,UNITED STATES,AVLV,2026-05-14,,,,,,,,,,,,,
AMAZON.COM INC COMMON STOCK USD.01,AMZN,COMMON STOCK,023135106,US0231351067,2000019,1429616.0,386182170.08,3.213886133354565,0,,CONSUMER DISCRETIONARY,UNITED STATES,AVLV,2026-05-14,,,,,,,,,,,,,
APPLE INC COMMON STOCK USD.00001,AAPL,COMMON STOCK,037833100,US0378331005,2046251,1240144.0,370641837.28,3.084556340414387,0,,INFORMATION TECHNOLOGY,UNITED STATES,AVLV,2026-05-14,,,,,,,,,,,,,
EXXON MOBIL CORP COMMON STOCK,XOM,COMMON STOCK,30231G102,US30231G1022,2326618,2287370.0,346696670.9,2.8852798223565808,0,,ENERGY,UNITED STATES,AVLV,2026-05-14,,,,,,,,,,,,,
CATERPILLAR INC COMMON STOCK USD1.0,CAT,COMMON STOCK,149123101,US1491231015,2180201,371480.0,335186404.0,2.789489053006829,0,,INDUSTRIALS,UNITED STATES,AVLV,2026-05-14,,,,,,,,,,,,,
LAM RESEARCH CORP COMMON STOCK USD.001,LRCX,COMMON STOCK,512807306,US5128073062,BSML4N7,1114202.0,329179838.88,2.739501203116555,0,,INFORMATION TECHNOLOGY,UNITED STATES,AVLV,2026-05-14,,,,,,,,,,,,,
META PLATFORMS INC CLASS A COMMON STOCK USD.000006,META,COMMON STOCK,30303M102,US30303M1027,B7TL820,528117.0,325652785.71,2.7101483532107213,0,,COMMUNICATION SERVICES,UNITED STATES,AVLV,2026-05-14,,,,,,,,,,,,,
COSTCO WHOLESALE CORP COMMON STOCK USD.005,COST,COMMON STOCK,22160K105,US22160K1051,2701271,257382.0,265896196.56,2.2128419312027705,0,,CONSUMER STAPLES,UNITED STATES,AVLV,2026-05-14,,,,,,,,,,,,,
MERCK + CO. INC. COMMON STOCK USD.5,MRK,COMMON STOCK,58933Y105,US58933Y1055,2778844,2175498.0,246810248.1,2.0540048075603017,0,,HEALTH CARE,UNITED STATES,AVLV,2026-05-14,,,,,,,,,,,,,
JPMORGAN CHASE + CO COMMON STOCK USD1.0,JPM,COMMON STOCK,46625H100,US46625H1005,2190385,767121.0,230328080.25,1.916836872826898,0,,FINANCIALS,UNITED STATES,AVLV,2026-05-14,,,,,,,,,,,,,
VERIZON COMMUNICATIONS INC COMMON STOCK USD.1,VZ,COMMON STOCK,92343V104,US92343V1044,2090571,4025207.0,190030022.47,1.5814682848016313,0,,COMMUNICATION SERVICES,UNITED STATES,AVLV,2026-05-14,,,,,,,,,,,,,
GILEAD SCIENCES INC COMMON STOCK USD.001,GILD,COMMON STOCK,375558103,US3755581036,2369174,1396794.0,185843441.7,1.5466267128044453,0,,HEALTH CARE,UNITED STATES,AVLV,2026-05-14,,,,,,,,,,,,,
UNION PACIFIC CORP COMMON STOCK USD2.5,UNP,COMMON STOCK,907818108,US9078181081,2914734,687762.0,182016213.3,1.5147757439174232,0,,INDUSTRIALS,UNITED STATES,AVLV,2026-05-14,,,,,,,,,,,,,
TJX COMPANIES INC COMMON STOCK USD1.0,TJX,COMMON STOCK,872540109,US8725401090,2989301,1162949.0,170430175.95,1.418354397556509,0,,CONSUMER DISCRETIONARY,UNITED STATES,AVLV,2026-05-14,,,,,,,,,,,,,
MICROSOFT CORP COMMON STOCK USD.00000625,MSFT,COMMON STOCK,594918104,US5949181045,2588173,403910.0,163668371.1,1.3620812898691117,0,,INFORMATION TECHNOLOGY,UNITED STATES,AVLV,2026-05-14,,,,,,,,,,,,,
APPLIED MATERIALS INC COMMON STOCK USD.01,AMAT,COMMON STOCK,038222105,US0382221051,2046552,365212.0,159455211.32,1.3270185219745088,0,,INFORMATION TECHNOLOGY,UNITED STATES,AVLV,2026-05-14,,,,,,,,,,,,,
WALMART INC COMMON STOCK USD.1,WMT,COMMON STOCK,931142103,US9311421039,2936921,1179790.0,155106991.3,1.2908317554436828,0,,CONSUMER STAPLES,UNITED STATES,AVLV,2026-05-14,,,,,,,,,,,,,
CONOCOPHILLIPS COMMON STOCK USD.01,COP,COMMON STOCK,20825C104,US20825C1045,2685717,1319656.0,154927614.4,1.2893389445989079,0,,ENERGY,UNITED STATES,AVLV,2026-05-14,,,,,,,,,,,,,
MORGAN STANLEY COMMON STOCK USD.01,MS,COMMON STOCK,617446448,US6174464486,2262314,734169.0,142303977.27,1.1842824829911587,0,,FINANCIALS,UNITED STATES,AVLV,2026-05-14,,,,,,,,,,,,,
KLA CORP COMMON STOCK USD.001,KLAC,COMMON STOCK,482480100,US4824801009,2480138,76746.0,141957843.66,1.1814018890755034,0,,INFORMATION TECHNOLOGY,UNITED STATES,AVLV,2026-05-14,,,,,,,,,,,,,
FLEX LTD COMMON STOCK,FLEX,COMMON STOCK,Y2573F102,SG9999000020,2353058,865823.0,124505347.4,1.0361586850435385,0,,INFORMATION TECHNOLOGY,UNITED STATES,AVLV,2026-05-14,,,,,,,,,,,,,
CSX CORP COMMON STOCK USD1.0,CSX,COMMON STOCK,126408103,US1264081035,2160753,2768899.0,122939115.6,1.023124187198658,0,,INDUSTRIALS,UNITED STATES,AVLV,2026-05-14,,,,,,,,,,,,,
PROGRESSIVE CORP COMMON STOCK USD1.0,PGR,COMMON STOCK,743315103,US7433151039,2705024,623857.0,122251017.72,1.0173976974581695,0,,FINANCIALS,UNITED STATES,AVLV,2026-05-14,,,,,,,,,,,,,
GENERAL MOTORS CO COMMON STOCK USD.01,GM,COMMON STOCK,37045V100,US37045V1008,B665KZ5,1593792.0,120825371.52,1.0055331814130595,0,,CONSUMER DISCRETIONARY,UNITED STATES,AVLV,2026-05-14,,,,,,,,,,,,,
AMERICAN EXPRESS CO COMMON STOCK USD.2,AXP,COMMON STOCK,025816109,US0258161092,2026082,390131.0,120788458.91,1.0052259872062417,0,,FINANCIALS,UNITED STATES,AVLV,2026-05-14,,,,,,,,,,,,,
ROSS STORES INC COMMON STOCK USD.01,ROST,COMMON STOCK,778296103,US7782961038,2746711,539817.0,114311647.92,0.9513246560681227,0,,CONSUMER DISCRETIONARY,UNITED STATES,AVLV,2026-05-14,,,,,,,,,,,,,
DEVON ENERGY CORP COMMON STOCK USD.1,DVN,COMMON STOCK,25179M103,US25179M1036,2480677,2420550.0,113523809.07,0.9447681018004606,0,,ENERGY,UNITED STATES,AVLV,2026-05-14,,,,,,,,,,,,,
EOG RESOURCES INC COMMON STOCK USD.01,EOG,COMMON STOCK,26875P101,US26875P1012,2318024,812766.0,109666516.38,0.9126669318108859,0,,ENERGY,UNITED STATES,AVLV,2026-05-14,,,,,,,,,,,,,
DEERE + CO COMMON STOCK USD1.0,DE,COMMON STOCK,244199105,US2441991054,2261203,184385.0,107063150.25,0.891001192288218,0,,INDUSTRIALS,UNITED STATES,AVLV,2026-05-14,,,,,,,,,,,,,
TRAVELERS COS INC/THE COMMON STOCK,TRV,COMMON STOCK,89417E109,US89417E1091,2769503,361449.0,106634683.98,0.8874354093224278,0,,FINANCIALS,UNITED STATES,AVLV,2026-05-14,,,,,,,,,,,,,
WILLIAMS COS INC COMMON STOCK USD1.0,WMB,COMMON STOCK,969457100,US9694571004,2967181,1404126.0,106306379.46,0.8847031927000834,0,,ENERGY,UNITED STATES,AVLV,2026-05-14,,,,,,,,,,,,,
TARGA RESOURCES CORP COMMON STOCK USD.001,TRGP,COMMON STOCK,87612G101,US87612G1013,B55PZY3,401298.0,105657750.42,0.8793051706295274,0,,ENERGY,UNITED STATES,AVLV,2026-05-14,,,,,,,,,,,,,
FEDEX CORP COMMON STOCK USD.1,FDX,COMMON STOCK,31428X106,US31428X1063,2142784,282030.0,104266491.0,0.8677268283230696,0,,INDUSTRIALS,UNITED STATES,AVLV,2026-05-14,,,,,,,,,,,,,
UNITED PARCEL SERVICE CL B COMMON STOCK USD.01,UPS,COMMON STOCK,911312106,US9113121068,2517382,1026733.0,101081863.85,0.8412237170189687,0,,INDUSTRIALS,UNITED STATES,AVLV,2026-05-14,,,,,,,,,,,,,
FREEPORT MCMORAN INC COMMON STOCK USD.1,FCX,COMMON STOCK,35671D857,US35671D8570,2352118,1463046.0,98258169.36,0.8177243603180605,0,,MATERIALS,UNITED STATES,AVLV,2026-05-14,,,,,,,,,,,,,
COMCAST CORP CLASS A COMMON STOCK USD.01,CMCSA,COMMON STOCK,20030N101,US20030N1019,2044545,3838902.0,95742215.88,0.7967860865498487,0,,COMMUNICATION SERVICES,UNITED STATES,AVLV,2026-05-14,,,,,,,,,,,,,
NORFOLK SOUTHERN CORP COMMON STOCK USD1.0,NSC,COMMON STOCK,655844108,US6558441084,2641894,298116.0,92588867.28,0.7705432816656316,0,,INDUSTRIALS,UNITED STATES,AVLV,2026-05-14,,,,,,,,,,,,,
ALLSTATE CORP COMMON STOCK USD.01,ALL,COMMON STOCK,020002101,US0200021014,2019952,417268.0,89937944.72,0.7484817679131559,0,,FINANCIALS,UNITED STATES,AVLV,2026-05-14,,,,,,,,,,,,,
DELTA AIR LINES INC COMMON STOCK USD.0001,DAL,COMMON STOCK,247361702,US2473617023,B1W9D46,1267891.0,89845925.99,0.7477159694292573,0,,INDUSTRIALS,UNITED STATES,AVLV,2026-05-14,,,,,,,,,,,,,
TARGET CORP COMMON STOCK USD.0833,TGT,COMMON STOCK,87612E106,US87612E1064,2259101,738075.0,89661351.0,0.746179899028073,0,,CONSUMER STAPLES,UNITED STATES,AVLV,2026-05-14,,,,,,,,,,,,,
WW GRAINGER INC COMMON STOCK USD.5,GWW,COMMON STOCK,384802104,US3848021040,2380863,71480.0,89553718.0,0.7452841554309005,0,,INDUSTRIALS,UNITED STATES,AVLV,2026-05-14,,,,,,,,,,,,,
CHENIERE ENERGY INC COMMON STOCK USD.003,LNG,COMMON STOCK,16411R208,US16411R2085,2654364,360460.0,86286914.8,0.7180971584167624,0,,ENERGY,UNITED STATES,AVLV,2026-05-14,,,,,,,,,,,,,
ROYAL CARIBBEAN CRUISES LTD COMMON STOCK USD.01,RCL,COMMON STOCK,V7780T103,LR0008862868,2754907,321969.0,85064209.8,0.7079215600874318,0,,CONSUMER DISCRETIONARY,UNITED STATES,AVLV,2026-05-14,,,,,,,,,,,,,
AMERIPRISE FINANCIAL INC COMMON STOCK USD.01,AMP,COMMON STOCK,03076C106,US03076C1062,B0J7D57,173784.0,81535977.12,0.6785588940607964,0,,FINANCIALS,UNITED STATES,AVLV,2026-05-14,,,,,,,,,,,,,
NETFLIX INC COMMON STOCK USD.001,NFLX,COMMON STOCK,64110L106,US64110L1061,2857817,929029.0,81345779.24,0.6769760288316771,0,,COMMUNICATION SERVICES,UNITED STATES,AVLV,2026-05-14,,,,,,,,,,,,,
T MOBILE US INC COMMON STOCK USD.0001,TMUS,COMMON STOCK,872590104,US8725901040,B94Q9V0,427473.0,81339562.44,0.6769242913645908,0,,COMMUNICATION SERVICES,UNITED STATES,AVLV,2026-05-14,,,,,,,,,,,,,
ON SEMICONDUCTOR COMMON STOCK USD.01,ON,COMMON STOCK,682189105,US6821891057,2583576,690051.0,79845801.21,0.6644929082620379,0,,INFORMATION TECHNOLOGY,UNITED STATES,AVLV,2026-05-14,,,,,,,,,,,,,
HARTFORD INSURANCE GROUP INC COMMON STOCK USD.01,HIG,COMMON STOCK,416515104,US4165151048,2476193,561561.0,74479835.43,0.6198362556547347,0,,FINANCIALS,UNITED STATES,AVLV,2026-05-14,,,,,,,,,,,,,
KROGER CO COMMON STOCK USD1.0,KR,COMMON STOCK,501044101,US5010441013,2497406,1118990.0,74121897.6,0.6168574246325729,0,,CONSUMER STAPLES,UNITED STATES,AVLV,2026-05-14,,,,,,,,,,,,,
CUMMINS INC COMMON STOCK USD2.5,CMI,COMMON STOCK,231021106,US2310211063,2240202,103193.0,73222657.01,0.6093737625511467,0,,INDUSTRIALS,UNITED STATES,AVLV,2026-05-14,,,,,,,,,,,,,
TECHNIPFMC PLC COMMON STOCK USD1.0,FTI,COMMON STOCK,G87110105,GB00BDSFG982,BDSFG98,977487.0,71043755.16,0.5912405006239972,0,,ENERGY,UNITED STATES,AVLV,2026-05-14,,,,,,,,,,,,,
UNITED AIRLINES HOLDINGS INC COMMON STOCK USD.01,UAL,COMMON STOCK,910047109,US9100471096,B4QG225,708798.0,67831968.6,0.5645113632162805,0,,INDUSTRIALS,UNITED STATES,AVLV,2026-05-14,,,,,,,,,,,,,
AMERICAN INTERNATIONAL GROUP COMMON STOCK USD2.5,AIG,COMMON STOCK,026874784,US0268747849,2027342,860650.0,65220057.0,0.5427745065637608,0,,FINANCIALS,UNITED STATES,AVLV,2026-05-14,,,,,,,,,,,,,
METLIFE INC COMMON STOCK USD.01,MET,COMMON STOCK,59156R108,US59156R1086,2573209,824704.0,64392888.32,0.5358906414955044,0,,FINANCIALS,UNITED STATES,AVLV,2026-05-14,,,,,,,,,,,,,
OCCIDENTAL PETROLEUM CORP COMMON STOCK USD.2,OXY,COMMON STOCK,674599105,US6745991058,2655408,1108411.0,62270529.98,0.5182279460957597,0,,ENERGY,UNITED STATES,AVLV,2026-05-14,,,,,,,,,,,,,
EMCOR GROUP INC COMMON STOCK USD.01,EME,COMMON STOCK,29084Q100,US29084Q1004,2474164,65653.0,60598375.53,0.5043119385323633,0,,INDUSTRIALS,UNITED STATES,AVLV,2026-05-14,,,,,,,,,,,,,
OLD DOMINION FREIGHT LINE COMMON STOCK USD.1,ODFL,COMMON STOCK,679580100,US6795801009,2656423,319004.0,60349176.72,0.5022380556295313,0,,INDUSTRIALS,UNITED STATES,AVLV,2026-05-14,,,,,,,,,,,,,
HALLIBURTON CO COMMON STOCK USD2.5,HAL,COMMON STOCK,406216101,US4062161017,2405302,1434849.0,58857505.98,0.48982407000760675,0,,ENERGY,UNITED STATES,AVLV,2026-05-14,,,,,,,,,,,,,
SYNCHRONY FINANCIAL COMMON STOCK USD.001,SYF,COMMON STOCK,87165B103,US87165B1035,BP96PS6,798134.0,55717734.54,0.4636942569951927,0,,FINANCIALS,UNITED STATES,AVLV,2026-05-14,,,,,,,,,,,,,
PRUDENTIAL FINANCIAL INC COMMON STOCK USD.01,PRU,COMMON STOCK,744320102,US7443201022,2819118,539170.0,55200224.6,0.4593874345965962,0,,FINANCIALS,UNITED STATES,AVLV,2026-05-14,,,,,,,,,,,,,
ARCH CAPITAL GROUP LTD COMMON STOCK USD.01,ACGL,COMMON STOCK,G0450A105,BMG0450A1053,2740542,579596.0,54087898.72,0.45013043363054206,0,,FINANCIALS,UNITED STATES,AVLV,2026-05-14,,,,,,,,,,,,,
NEXTPOWER INC CL A COMMON STOCK USD.0001,NXT,COMMON STOCK,65290E101,US65290E1010,BR1GTS6,377460.0,51474220.2,0.4283788723123834,0,,INDUSTRIALS,UNITED STATES,AVLV,2026-05-14,,,,,,,,,,,,,
CARNIVAL CORP LTD COMMON STOCK USD.01,CCL,COMMON STOCK,G2004J103,BMG2004J1036,BVV7RC7,2050874.0,51333376.22,0.42720674022199023,0,,CONSUMER DISCRETIONARY,UNITED STATES,AVLV,2026-05-14,,,,,,,,,,,,,
VIATRIS INC COMMON STOCK,VTRS,COMMON STOCK,92556V106,US92556V1061,BMWS3X9,2917525.0,50677409.25,0.4217476504137143,0,,HEALTH CARE,UNITED STATES,AVLV,2026-05-14,,,,,,,,,,,,,
ULTA BEAUTY INC COMMON STOCK,ULTA,COMMON STOCK,90384S303,US90384S3031,B28TS42,102921.0,50652055.55,0.4215366517939635,0,,CONSUMER DISCRETIONARY,UNITED STATES,AVLV,2026-05-14,,,,,,,,,,,,,
CHIPOTLE MEXICAN GRILL INC COMMON STOCK USD.01,CMG,COMMON STOCK,169656105,US1696561059,B0X7DZ3,1555380.0,49943251.8,0.41563784361511147,0,,CONSUMER DISCRETIONARY,UNITED STATES,AVLV,2026-05-14,,,,,,,,,,,,,
EXPEDITORS INTL WASH INC COMMON STOCK USD.01,EXPD,COMMON STOCK,302130109,US3021301094,2325507,313104.0,48781603.2,0.4059703689965984,0,,INDUSTRIALS,UNITED STATES,AVLV,2026-05-14,,,,,,,,,,,,,
NORTHERN TRUST CORP COMMON STOCK USD1.666666,NTRS,COMMON STOCK,665859104,US6658591044,2648668,298945.0,48719066.65,0.4054499271780877,0,,FINANCIALS,UNITED STATES,AVLV,2026-05-14,,,,,,,,,,,,,
CENTENE CORP COMMON STOCK USD.001,CNC,COMMON STOCK,15135B101,US15135B1017,2807061,810723.0,47678619.63,0.39679111662405464,0,,HEALTH CARE,UNITED STATES,AVLV,2026-05-14,,,,,,,,,,,,,
CF INDUSTRIES HOLDINGS INC COMMON STOCK USD.01,CF,COMMON STOCK,125269100,US1252691001,B0G4K50,366723.0,46023736.5,0.38301884447920753,0,,MATERIALS,UNITED STATES,AVLV,2026-05-14,,,,,,,,,,,,,
HUNT (JB) TRANSPRT SVCS INC COMMON STOCK USD.01,JBHT,COMMON STOCK,445658107,US4456581077,2445416,190869.0,45388648.2,0.37773351118584786,0,,INDUSTRIALS,UNITED STATES,AVLV,2026-05-14,,,,,,,,,,,,,
WILLIAMS SONOMA INC COMMON STOCK USD.01,WSM,COMMON STOCK,969904101,US9699041011,2967589,262149.0,45105356.94,0.3753759040181582,0,,CONSUMER DISCRETIONARY,UNITED STATES,AVLV,2026-05-14,,,,,,,,,,,,,
DOLLAR GENERAL CORP COMMON STOCK USD.875,DG,COMMON STOCK,256677105,US2566771059,B5B1S13,442519.0,45026308.25,0.37471804483061927,0,,CONSUMER STAPLES,UNITED STATES,AVLV,2026-05-14,,,,,,,,,,,,,
DIAMONDBACK ENERGY INC COMMON STOCK USD.01,FANG,COMMON STOCK,25278X109,US25278X1090,B7Y8YR3,220199.0,44039800.0,0.36650812363084434,0,,ENERGY,UNITED STATES,AVLV,2026-05-14,,,,,,,,,,,,,
BURLINGTON STORES INC COMMON STOCK USD.0001,BURL,COMMON STOCK,122017106,US1220171060,BF311Y5,150951.0,43211233.26,0.35961262362447904,0,,CONSUMER DISCRETIONARY,UNITED STATES,AVLV,2026-05-14,,,,,,,,,,,,,
ONEOK INC COMMON STOCK USD.01,OKE,COMMON STOCK,682680103,US6826801036,2130109,466665.0,41435185.35,0.3448319936721954,0,,ENERGY,UNITED STATES,AVLV,2026-05-14,,,,,,,,,,,,,
LYONDELLBASELL INDU CL A COMMON STOCK EUR.04,LYB,COMMON STOCK,N53745100,NL0009434992,B3SPXZ3,548490.0,40445652.6,0.336596901971648,0,,MATERIALS,UNITED STATES,AVLV,2026-05-14,,,,,,,,,,,,,
DOLLAR TREE INC COMMON STOCK USD.01,DLTR,COMMON STOCK,256746108,US2567461080,2272476,437502.0,37975173.6,0.31603707602422304,0,,CONSUMER STAPLES,UNITED STATES,AVLV,2026-05-14,,,,,,,,,,,,,
LPL FINANCIAL HOLDINGS INC COMMON STOCK,LPLA,COMMON STOCK,50212V100,US50212V1008,B75JX34,124843.0,37600214.74,0.31291659254751875,0,,FINANCIALS,UNITED STATES,AVLV,2026-05-14,,,,,,,,,,,,,
BORGWARNER INC COMMON STOCK USD.01,BWA,COMMON STOCK,099724106,US0997241064,2111955,558814.0,37367892.18,0.31098315721078434,0,,CONSUMER DISCRETIONARY,UNITED STATES,AVLV,2026-05-14,,,,,,,,,,,,,
APA CORP COMMON STOCK USD.625,APA,COMMON STOCK,03743Q108,US03743Q1085,BNNF1C1,989434.0,36579374.98,0.30442095757721094,0,,ENERGY,UNITED STATES,AVLV,2026-05-14,,,,,,,,,,,,,
PACKAGING CORP OF AMERICA COMMON STOCK USD.01,PKG,COMMON STOCK,695156109,US6951561090,2504566,167249.0,36497076.78,0.30373605531016623,0,,MATERIALS,UNITED STATES,AVLV,2026-05-14,,,,,,,,,,,,,
PRINCIPAL FINANCIAL GROUP COMMON STOCK USD.01,PFG,COMMON STOCK,74251V102,US74251V1026,2803014,360463.0,36197694.46,0.30124453508638116,0,,FINANCIALS,UNITED STATES,AVLV,2026-05-14,,,,,,,,,,,,,
CONSTELLATION BRANDS INC A COMMON STOCK USD.01,STZ,COMMON STOCK,21036P108,US21036P1084,2170473,249818.0,35104425.36,0.2921461284981455,0,,CONSUMER STAPLES,UNITED STATES,AVLV,2026-05-14,,,,,,,,,,,,,
PERMIAN RESOURCES CORP CL A COMMON STOCK USD.0001,PR,COMMON STOCK,71424F105,US71424F1057,BQPCHB2,1713972.0,34690793.28,0.28870379866208074,0,,ENERGY,UNITED STATES,AVLV,2026-05-14,,,,,,,,,,,,,
OVINTIV INC COMMON STOCK,OVV,COMMON STOCK,69047Q102,US69047Q1022,BJ01KB6,598987.0,34615458.73,0.2880768492988894,0,,ENERGY,UNITED STATES,AVLV,2026-05-14,,,,,,,,,,,,,
JAZZ PHARMACEUTICALS PLC COMMON STOCK USD.0001,JAZZ,COMMON STOCK,G50871105,IE00B4Q5ZN47,B4Q5ZN4,147444.0,34255664.52,0.2850825691068735,0,,HEALTH CARE,UNITED STATES,AVLV,2026-05-14,,,,,,,,,,,,,
T ROWE PRICE GROUP INC COMMON STOCK USD.2,TROW,COMMON STOCK,74144T108,US74144T1088,2702337,331607.0,34158837.07,0.28427675148246423,0,,FINANCIALS,UNITED STATES,AVLV,2026-05-14,,,,,,,,,,,,,
TALEN ENERGY CORP COMMON STOCK USD.001,TLN,COMMON STOCK,87422Q109,US87422Q1094,BRRF114,96171.0,33758906.13,0.2809484453048404,0,,UTILITIES,UNITED STATES,AVLV,2026-05-14,,,,,,,,,,,,,
RENAISSANCERE HOLDINGS LTD COMMON STOCK USD1.0,RNR,COMMON STOCK,G7496G103,BMG7496G1033,2728429,115958.0,33628979.58,0.2798671702752006,0,,FINANCIALS,UNITED STATES,AVLV,2026-05-14,,,,,,,,,,,,,
SOLSTICE ADV MATERIALS INC COMMON STOCK USD.01,SOLS,COMMON STOCK,83443Q103,US83443Q1031,BW2K5V7,377744.0,33456786.08,0.2784341411382284,0,,MATERIALS,UNITED STATES,AVLV,2026-05-14,,,,,,,,,,,,,
DECKERS OUTDOOR CORP COMMON STOCK USD.01,DECK,COMMON STOCK,243537107,US2435371073,2267278,352837.0,33141979.41,0.2758142563538249,0,,CONSUMER DISCRETIONARY,UNITED STATES,AVLV,2026-05-14,,,,,,,,,,,,,
EAST WEST BANCORP INC COMMON STOCK USD.001,EWBC,COMMON STOCK,27579R104,US27579R1041,2487407,271968.0,32375070.72,0.2694318871112741,0,,FINANCIALS,UNITED STATES,AVLV,2026-05-14,,,,,,,,,,,,,
ARCHER DANIELS MIDLAND CO COMMON STOCK,ADM,COMMON STOCK,039483102,US0394831020,2047317,383214.0,31764608.46,0.2643514967039597,0,,CONSUMER STAPLES,UNITED STATES,AVLV,2026-05-14,,,,,,,,,,,,,
TRACTOR SUPPLY COMPANY COMMON STOCK USD.008,TSCO,COMMON STOCK,892356106,US8923561067,2900335,1059814.0,31635447.9,0.26327659639803846,0,,CONSUMER DISCRETIONARY,UNITED STATES,AVLV,2026-05-14,,,,,,,,,,,,,
EXELIXIS INC COMMON STOCK USD.001,EXEL,COMMON STOCK,30161Q104,US30161Q1040,2576941,611613.0,31369630.77,0.261064412474741,0,,HEALTH CARE,UNITED STATES,AVLV,2026-05-14,,,,,,,,,,,,,
BJ S WHOLESALE CLUB HOLDINGS COMMON STOCK USD.01,BJ,COMMON STOCK,05550J101,US05550J1016,BFZNZF8,325910.0,30961450.0,0.2576674495431452,0,,CONSUMER STAPLES,UNITED STATES,AVLV,2026-05-14,,,,,,,,,,,,,
TEXAS ROADHOUSE INC COMMON STOCK USD.001,TXRH,COMMON STOCK,882681109,US8826811098,B033TJ7,169817.0,30448188.1,0.25339598019268944,0,,CONSUMER DISCRETIONARY,UNITED STATES,AVLV,2026-05-14,,,,,,,,,,,,,
LAS VEGAS SANDS CORP COMMON STOCK USD.001,LVS,COMMON STOCK,517834107,US5178341070,B02T2J7,586767.0,30112882.44,0.25060549866712845,0,,CONSUMER DISCRETIONARY,UNITED STATES,AVLV,2026-05-14,,,,,,,,,,,,,
ASSURANT INC COMMON STOCK USD.01,AIZ,COMMON STOCK,04621X108,US04621X1081,2331430,123600.0,29986596.0,0.249554517369202,0,,FINANCIALS,UNITED STATES,AVLV,2026-05-14,,,,,,,,,,,,,
GLOBE LIFE INC COMMON STOCK USD1.0,GL,COMMON STOCK,37959E102,US37959E1029,BK6YKG1,195308.0,29880170.92,0.24866882632659823,0,,FINANCIALS,UNITED STATES,AVLV,2026-05-14,,,,,,,,,,,,,
EXPAND ENERGY CORP COMMON STOCK USD.01,EXE,COMMON STOCK,165167735,US1651677353,BMZ5LZ5,313449.0,29801163.68,0.2480113120943435,0,,ENERGY,UNITED STATES,AVLV,2026-05-14,,,,,,,,,,,,,
RALPH LAUREN CORP COMMON STOCK USD.01,RL,COMMON STOCK,751212101,US7512121010,B4V9661,88457.0,29334110.34,0.24412439972691857,0,,CONSUMER DISCRETIONARY,UNITED STATES,AVLV,2026-05-14,,,,,,,,,,,,,
ALLY FINANCIAL INC COMMON STOCK USD.01,ALLY,COMMON STOCK,02005N100,US02005N1000,B72XK05,657498.0,27424241.58,0.2282300855926862,0,,FINANCIALS,UNITED STATES,AVLV,2026-05-14,,,,,,,,,,,,,
BEST BUY CO INC COMMON STOCK USD.1,BBY,COMMON STOCK,086516101,US0865161014,2094670,475080.0,26376441.6,0.2195100822182332,0,,CONSUMER DISCRETIONARY,UNITED STATES,AVLV,2026-05-14,,,,,,,,,,,,,
DEXCOM INC COMMON STOCK USD.001,DXCM,COMMON STOCK,252131107,US2521311074,B0796X4,441828.0,25877865.96,0.21536083489412075,0,,HEALTH CARE,UNITED STATES,AVLV,2026-05-14,,,,,,,,,,,,,
MURPHY USA INC COMMON STOCK USD.01,MUSA,COMMON STOCK,626755102,US6267551025,BCZWJ63,43499.0,25604816.37,0.21308846097577708,0,,CONSUMER DISCRETIONARY,UNITED STATES,AVLV,2026-05-14,,,,,,,,,,,,,
OWENS CORNING COMMON STOCK USD.001,OC,COMMON STOCK,690742101,US6907421019,B1FW7Q2,209106.0,24791607.36,0.2063207711049149,0,,INDUSTRIALS,UNITED STATES,AVLV,2026-05-14,,,,,,,,,,,,,
RYDER SYSTEM INC COMMON STOCK USD.5,R,COMMON STOCK,783549108,US7835491082,2760669,108824.0,24735695.2,0.2058554587999147,0,,INDUSTRIALS,UNITED STATES,AVLV,2026-05-14,,,,,,,,,,,,,
DYCOM INDUSTRIES INC COMMON STOCK USD.3333333,DY,COMMON STOCK,267475101,US2674751019,2289841,54003.0,24021074.43,0.19990824020400078,0,,INDUSTRIALS,UNITED STATES,AVLV,2026-05-14,,,,,,,,,,,,,
PRIMERICA INC COMMON STOCK,PRI,COMMON STOCK,74164M108,US74164M1080,B50K3X8,89403.0,23880435.33,0.1987378131664091,0,,FINANCIALS,UNITED STATES,AVLV,2026-05-14,,,,,,,,,,,,,
QUALCOMM INC COMMON STOCK USD.0001,QCOM,COMMON STOCK,747525103,US7475251036,2714923,110591.0,23574683.47,0.19619328434236266,0,,INFORMATION TECHNOLOGY,UNITED STATES,AVLV,2026-05-14,,,,,,,,,,,,,
MUELLER INDUSTRIES INC COMMON STOCK USD.01,MLI,COMMON STOCK,624756102,US6247561029,2609717,164675.0,22980396.25,0.1912475058896905,0,,INDUSTRIALS,UNITED STATES,AVLV,2026-05-14,,,,,,,,,,,,,
AUTOLIV INC COMMON STOCK USD1.0,ALV,COMMON STOCK,052800109,US0528001094,2064253,189193.0,22964246.34,0.19111310307199136,0,,CONSUMER DISCRETIONARY,UNITED STATES,AVLV,2026-05-14,,,,,,,,,,,,,
FORD MOTOR CO COMMON STOCK USD.01,F,COMMON STOCK,345370860,US3453708600,2615468,1678461.0,22776715.77,0.189552435736215,0,,CONSUMER DISCRETIONARY,UNITED STATES,AVLV,2026-05-14,,,,,,,,,,,,,
EQT CORP COMMON STOCK,EQT,COMMON STOCK,26884L109,US26884L1098,2319414,407092.0,22768655.56,0.18948535703823793,0,,ENERGY,UNITED STATES,AVLV,2026-05-14,,,,,,,,,,,,,
VALMONT INDUSTRIES COMMON STOCK USD1.0,VMI,COMMON STOCK,920253101,US9202531011,2926825,44260.0,22733263.8,0.1891908196527459,0,,INDUSTRIALS,UNITED STATES,AVLV,2026-05-14,,,,,,,,,,,,,
TORO CO COMMON STOCK USD1.0,TTC,COMMON STOCK,891092108,US8910921084,2897040,248137.0,22582948.37,0.18793986423964085,0,,INDUSTRIALS,UNITED STATES,AVLV,2026-05-14,,,,,,,,,,,,,
ESTEE LAUDER COMPANIES CL A COMMON STOCK USD.01,EL,COMMON STOCK,518439104,US5184391044,2320524,274313.0,22529326.69,0.1874936137725013,0,,CONSUMER STAPLES,UNITED STATES,AVLV,2026-05-14,,,,,,,,,,,,,
FIVE BELOW COMMON STOCK USD.01,FIVE,COMMON STOCK,33829M101,US33829M1018,B85KFY9,107063.0,22482159.37,0.18710107779481983,0,,CONSUMER DISCRETIONARY,UNITED STATES,AVLV,2026-05-14,,,,,,,,,,,,,
ADVANCED DRAINAGE SYSTEMS IN COMMON STOCK USD.01,WMS,COMMON STOCK,00790R104,US00790R1041,BP7RS59,157978.0,21791485.32,0.18135314864650362,0,,INDUSTRIALS,UNITED STATES,AVLV,2026-05-14,,,,,,,,,,,,,
JACKSON FINANCIAL INC A COMMON STOCK USD.01,JXN,COMMON STOCK,46817M107,US46817M1071,BMFX6P4,201013.0,21767697.77,0.18115518384384158,0,,FINANCIALS,UNITED STATES,AVLV,2026-05-14,,,,,,,,,,,,,
NVR INC COMMON STOCK USD.01,NVR,COMMON STOCK,62944T105,US62944T1051,2637785,3762.0,21519016.2,0.1790856055169129,0,,CONSUMER DISCRETIONARY,UNITED STATES,AVLV,2026-05-14,,,,,,,,,,,,,
RANGE RESOURCES CORP COMMON STOCK USD.01,RRC,COMMON STOCK,75281A109,US75281A1097,2523334,518045.0,21374536.7,0.17788321789371475,0,,ENERGY,UNITED STATES,AVLV,2026-05-14,,,,,,,,,,,,,
HF SINCLAIR CORP COMMON STOCK,DINO,COMMON STOCK,403949100,US4039491000,BMZQ9C1,304341.0,21115178.58,0.17572478715811596,0,,ENERGY,UNITED STATES,AVLV,2026-05-14,,,,,,,,,,,,,
MARATHON PETROLEUM CORP COMMON STOCK USD.01,MPC,COMMON STOCK,56585A102,US56585A1025,B3K3L40,84412.0,21026185.08,0.17498416525019764,0,,ENERGY,UNITED STATES,AVLV,2026-05-14,,,,,,,,,,,,,
APTIV PLC COMMON STOCK USD.01,APTV,COMMON STOCK,G3265R107,JE00BTDN8H13,BTDN8H1,381726.0,20693366.46,0.17221438137457593,0,,CONSUMER DISCRETIONARY,UNITED STATES,AVLV,2026-05-14,,,,,,,,,,,,,
AXIS CAPITAL HOLDINGS LTD COMMON STOCK USD.0125,AXS,COMMON STOCK,G0692U109,BMG0692U1099,2677606,212637.0,20681074.62,0.17211208619579738,0,,FINANCIALS,UNITED STATES,AVLV,2026-05-14,,,,,,,,,,,,,
SPROUTS FARMERS MARKET INC COMMON STOCK USD.001,SFM,COMMON STOCK,85208M102,US85208M1027,BCGCR79,233235.0,20587653.45,0.17133461632254413,0,,CONSUMER STAPLES,UNITED STATES,AVLV,2026-05-14,,,,,,,,,,,,,
LULULEMON ATHLETICA INC COMMON STOCK USD.005,LULU,COMMON STOCK,550021109,US5500211090,B23FN39,168752.0,20454429.92,0.17022590315845673,0,,CONSUMER DISCRETIONARY,UNITED STATES,AVLV,2026-05-14,,,,,,,,,,,,,
MASIMO CORP COMMON STOCK USD.001,MASI,COMMON STOCK,574795100,US5747951003,B1YWR63,112919.0,20145878.79,0.16765807824325552,0,,HEALTH CARE,UNITED STATES,AVLV,2026-05-14,,,,,,,,,,,,,
NORWEGIAN CRUISE LINE HOLDIN COMMON STOCK USD.001,NCLH,COMMON STOCK,G66721104,BMG667211046,B9CGTC3,1252214.0,20110556.84,0.1673641218307041,0,,CONSUMER DISCRETIONARY,UNITED STATES,AVLV,2026-05-14,,,,,,,,,,,,,
SANMINA CORP COMMON STOCK USD.01,SANM,COMMON STOCK,801056102,US8010561020,B92RRW2,80636.0,19241362.32,0.16013050922130506,0,,INFORMATION TECHNOLOGY,UNITED STATES,AVLV,2026-05-14,,,,,,,,,,,,,
VF CORP COMMON STOCK,VFC,COMMON STOCK,918204108,US9182041080,2928683,1120487.0,19193942.31,0.1597358703063314,0,,CONSUMER DISCRETIONARY,UNITED STATES,AVLV,2026-05-14,,,,,,,,,,,,,
CHUBB LTD COMMON STOCK,CB,COMMON STOCK,H1467J104,CH0044328745,B3BQMF6,60632.0,19160318.32,0.15945604466035024,0,,FINANCIALS,UNITED STATES,AVLV,2026-05-14,,,,,,,,,,,,,
INTERDIGITAL INC COMMON STOCK USD.01,IDCC,COMMON STOCK,45867G101,US45867G1013,2465737,70866.0,19148701.86,0.15935937013054233,0,,INFORMATION TECHNOLOGY,UNITED STATES,AVLV,2026-05-14,,,,,,,,,,,,,
FOX CORP   CLASS A COMMON STOCK USD.01,FOXA,COMMON STOCK,35137L105,US35137L1052,BJJMGL2,284787.0,18929791.89,0.15753755708078318,0,,COMMUNICATION SERVICES,UNITED STATES,AVLV,2026-05-14,,,,,,,,,,,,,
UNIVERSAL HEALTH SERVICES B COMMON STOCK USD.01,UHS,COMMON STOCK,913903100,US9139031002,2923785,108750.0,18597337.5,0.15477080440089505,0,,HEALTH CARE,UNITED STATES,AVLV,2026-05-14,,,,,,,,,,,,,
ARMSTRONG WORLD INDUSTRIES COMMON STOCK USD.01,AWI,COMMON STOCK,04247X102,US04247X1028,B1FT462,115502.0,18253936.08,0.15191294832306618,0,,INDUSTRIALS,UNITED STATES,AVLV,2026-05-14,,,,,,,,,,,,,
VISA INC CLASS A SHARES COMMON STOCK USD.0001,V,COMMON STOCK,92826C839,US92826C8394,B2PZN04,55824.0,17880985.44,0.14880917765940918,0,,FINANCIALS,UNITED STATES,AVLV,2026-05-14,,,,,,,,,,,,,
GALAXY DIGITAL INC A COMMON STOCK USD.001,GLXY,COMMON STOCK,36317J209,US36317J2096,BV97X10,550444.0,16959179.64,0.14113772333604646,0,,FINANCIALS,UNITED STATES,AVLV,2026-05-14,,,,,,,,,,,,,
COREBRIDGE FINANCIAL INC COMMON STOCK USD.01,CRBG,COMMON STOCK,21871X109,US21871X1090,BMTX0G9,641403.0,16958695.32,0.14113369272704193,0,,FINANCIALS,UNITED STATES,AVLV,2026-05-14,,,,,,,,,,,,,
INGREDION INC COMMON STOCK USD.01,INGR,COMMON STOCK,457187102,US4571871023,B7K24P7,159617.0,16917805.83,0.14079340212045147,0,,CONSUMER STAPLES,UNITED STATES,AVLV,2026-05-14,,,,,,,,,,,,,
ARGAN INC COMMON STOCK USD.15,AGX,COMMON STOCK,04010E109,US04010E1091,2804501,23478.0,16902281.76,0.14066420766982243,0,,INDUSTRIALS,UNITED STATES,AVLV,2026-05-14,,,,,,,,,,,,,
PULTEGROUP INC COMMON STOCK USD.01,PHM,COMMON STOCK,745867101,US7458671010,2708841,149596.0,16899860.12,0.1406440542919118,0,,CONSUMER DISCRETIONARY,UNITED STATES,AVLV,2026-05-14,,,,,,,,,,,,,
AMERICAN FINANCIAL GROUP INC COMMON STOCK,AFG,COMMON STOCK,025932104,US0259321042,2134532,127014.0,16812843.18,0.13991988171611675,0,,FINANCIALS,UNITED STATES,AVLV,2026-05-14,,,,,,,,,,,,,
SMURFIT WESTROCK PLC COMMON STOCK,SW,COMMON STOCK,G8267P108,IE00028FXN24,BRK49M5,402000.0,16256880.0,0.1352930436762156,0,,MATERIALS,UNITED STATES,AVLV,2026-05-14,,,,,,,,,,,,,
ONEMAIN HOLDINGS INC COMMON STOCK USD.01,OMF,COMMON STOCK,68268W103,US68268W1036,BYSZB89,304782.0,15982768.08,0.13301182883273205,0,,FINANCIALS,UNITED STATES,AVLV,2026-05-14,,,,,,,,,,,,,
CHORD ENERGY CORP COMMON STOCK,CHRD,COMMON STOCK,674215207,US6742152076,BLDDYB1,109350.0,15530980.5,0.12925196120786728,0,,ENERGY,UNITED STATES,AVLV,2026-05-14,,,,,,,,,,,,,
EAGLE MATERIALS INC COMMON STOCK USD.01,EXP,COMMON STOCK,26969P108,US26969P1084,2191399,76724.0,15295696.64,0.127293881333544,0,,MATERIALS,UNITED STATES,AVLV,2026-05-14,,,,,,,,,,,,,
AUTONATION INC COMMON STOCK USD.01,AN,COMMON STOCK,05329W102,US05329W1027,2732635,77997.0,14906006.67,0.12405080257972448,0,,CONSUMER DISCRETIONARY,UNITED STATES,AVLV,2026-05-14,,,,,,,,,,,,,
ANTERO MIDSTREAM CORP COMMON STOCK,AM,COMMON STOCK,03676B102,US03676B1026,BJBT0Q4,689167.0,14858440.52,0.12365494745811077,0,,ENERGY,UNITED STATES,AVLV,2026-05-14,,,,,,,,,,,,,
MATADOR RESOURCES CO COMMON STOCK USD.01,MTDR,COMMON STOCK,576485205,US5764852050,B7MSLL8,258289.0,14802542.59,0.12318975357804893,0,,ENERGY,UNITED STATES,AVLV,2026-05-14,,,,,,,,,,,,,
COCA COLA CONSOLIDATED INC COMMON STOCK USD1.0,COKE,COMMON STOCK,191098102,US1910981026,2206721,88327.0,14572188.46,0.12127269991393338,0,,CONSUMER STAPLES,UNITED STATES,AVLV,2026-05-14,,,,,,,,,,,,,
WEATHERFORD INTERNATIONAL PL COMMON STOCK USD.001,WFRD,COMMON STOCK,G48833118,IE00BLNN3691,BLNN369,132305.0,14431829.4,0.12010460342586603,0,,ENERGY,UNITED STATES,AVLV,2026-05-14,,,,,,,,,,,,,
ZIONS BANCORP NA COMMON STOCK USD.001,ZION,COMMON STOCK,989701107,US9897011071,2989828,242220.0,14337001.8,0.11931542895767097,0,,FINANCIALS,UNITED STATES,AVLV,2026-05-14,,,,,,,,,,,,,
GAP INC/THE COMMON STOCK USD.05,GAP,COMMON STOCK,364760108,US3647601083,2360326,680734.0,14309028.68,0.11908263099484416,0,,CONSUMER DISCRETIONARY,UNITED STATES,AVLV,2026-05-14,,,,,,,,,,,,,
VALERO ENERGY CORP COMMON STOCK USD.01,VLO,COMMON STOCK,91913Y100,US91913Y1001,2041364,56843.0,13875376.3,0.11547368817262765,0,,ENERGY,UNITED STATES,AVLV,2026-05-14,,,,,,,,,,,,,
PRIMORIS SERVICES CORP COMMON STOCK USD.0001,PRIM,COMMON STOCK,74164F103,US74164F1030,B1GC200,119673.0,13515868.62,0.11248179254122882,0,,INDUSTRIALS,UNITED STATES,AVLV,2026-05-14,,,,,,,,,,,,,
IES HOLDINGS INC COMMON STOCK USD.01,IESC,COMMON STOCK,44951W106,US44951W1062,BD978B9,19321.0,13095387.38,0.1089824626102489,0,,INDUSTRIALS,UNITED STATES,AVLV,2026-05-14,,,,,,,,,,,,,
NEWMARKET CORP COMMON STOCK,NEU,COMMON STOCK,651587107,US6515871076,B01CGF1,18815.0,12995520.5,0.10815135023458718,0,,MATERIALS,UNITED STATES,AVLV,2026-05-14,,,,,,,,,,,,,
HESS MIDSTREAM LP   CLASS A COMMON STOCK,HESM,COMMON STOCK,428103105,US4281031058,BKPK695,332782.0,12918597.24,0.10751117930542382,0,,ENERGY,UNITED STATES,AVLV,2026-05-14,,,,,,,,,,,,,
NOV INC COMMON STOCK USD.01,NOV,COMMON STOCK,62955J103,US62955J1034,BN2RYW9,587889.0,12045845.61,0.10024796370710003,0,,ENERGY,UNITED STATES,AVLV,2026-05-14,,,,,,,,,,,,,
FOX CORP   CLASS B COMMON STOCK USD.01,FOX,COMMON STOCK,35137L204,US35137L2043,BJJMGY5,201546.0,11985940.62,0.09974942226320099,0,,COMMUNICATION SERVICES,UNITED STATES,AVLV,2026-05-14,,,,,,,,,,,,,
HERSHEY CO/THE COMMON STOCK USD1.0,HSY,COMMON STOCK,427866108,US4278661081,2422806,60496.0,11837252.32,0.09851200815507925,0,,CONSUMER STAPLES,UNITED STATES,AVLV,2026-05-14,,,,,,,,,,,,,
LAMB WESTON HOLDINGS INC COMMON STOCK USD1.0,LW,COMMON STOCK,513272104,US5132721045,BDQZFJ3,284304.0,11809988.16,0.09828511030077539,0,,CONSUMER STAPLES,UNITED STATES,AVLV,2026-05-14,,,,,,,,,,,,,
GOLDMAN SACHS GROUP INC COMMON STOCK USD.01,GS,COMMON STOCK,38141G104,US38141G1040,2407966,12163.0,11620773.46,0.09671042729448623,0,,FINANCIALS,UNITED STATES,AVLV,2026-05-14,,,,,,,,,,,,,
LANTHEUS HOLDINGS INC COMMON STOCK USD.01,LNTH,COMMON STOCK,516544103,US5165441032,BP8S8J5,119109.0,11489254.14,0.09561589691073324,0,,HEALTH CARE,UNITED STATES,AVLV,2026-05-14,,,,,,,,,,,,,
BOYD GAMING CORP COMMON STOCK USD.01,BYD,COMMON STOCK,103304101,US1033041013,2117232,141403.0,11392839.71,0.09481351652230649,0,,CONSUMER DISCRETIONARY,UNITED STATES,AVLV,2026-05-14,,,,,,,,,,,,,
UNITED THERAPEUTICS CORP COMMON STOCK USD.01,UTHR,COMMON STOCK,91307C102,US91307C1027,2430412,19213.0,11134702.02,0.09266524245202684,0,,HEALTH CARE,UNITED STATES,AVLV,2026-05-14,,,,,,,,,,,,,
LENNAR CORP W/D COMMON STOCK USD.1,LEN,COMMON STOCK,526057104,US5260571048,2511920,129692.0,11019929.24,0.09171008016151473,0,,CONSUMER DISCRETIONARY,UNITED STATES,AVLV,2026-05-14,,,,,,,,,,,,,
MOLSON COORS BEVERAGE CO   B COMMON STOCK USD.01,TAP,COMMON STOCK,60871R209,US60871R2094,B067BM3,263681.0,10921667.02,0.09089232209095126,0,,CONSUMER STAPLES,UNITED STATES,AVLV,2026-05-14,,,,,,,,,,,,,
SMITH (A.O.) CORP COMMON STOCK USD1.0,AOS,COMMON STOCK,831865209,US8318652091,2816023,186244.0,10612183.12,0.08831673447513656,0,,INDUSTRIALS,UNITED STATES,AVLV,2026-05-14,,,,,,,,,,,,,
MARKEL GROUP INC COMMON STOCK,MKL,COMMON STOCK,570535104,US5705351048,2566436,5731.0,10433743.98,0.08683172785876453,0,,FINANCIALS,UNITED STATES,AVLV,2026-05-14,,,,,,,,,,,,,
WINTRUST FINANCIAL CORP COMMON STOCK,WTFC,COMMON STOCK,97650W108,US97650W1080,2425258,71263.0,10410099.04,0.08663494988536855,0,,FINANCIALS,UNITED STATES,AVLV,2026-05-14,,,,,,,,,,,,,
GLOBALSTAR INC COMMON STOCK USD.0001,GSAT,COMMON STOCK,378973507,US3789735079,BRJMM32,125796.0,10356784.68,0.0861912569974313,0,,COMMUNICATION SERVICES,UNITED STATES,AVLV,2026-05-14,,,,,,,,,,,,,
MGIC INVESTMENT CORP COMMON STOCK USD1.0,MTG,COMMON STOCK,552848103,US5528481030,2548616,388073.0,10004521.94,0.08325965522216301,0,,FINANCIALS,UNITED STATES,AVLV,2026-05-14,,,,,,,,,,,,,
LITHIA MOTORS INC COMMON STOCK,LAD,COMMON STOCK,536797103,US5367971034,2515030,34662.0,9470351.64,0.07881418193771747,0,,CONSUMER DISCRETIONARY,UNITED STATES,AVLV,2026-05-14,,,,,,,,,,,,,
CROCS INC COMMON STOCK USD.001,CROX,COMMON STOCK,227046109,US2270461096,B0T7Z62,97094.0,9411321.42,0.07832292050670016,0,,CONSUMER DISCRETIONARY,UNITED STATES,AVLV,2026-05-14,,,,,,,,,,,,,
INTERNATIONAL PAPER CO COMMON STOCK USD1.0,IP,COMMON STOCK,460146103,US4601461035,2465254,287677.0,9199910.46,0.07656351573500285,0,,MATERIALS,UNITED STATES,AVLV,2026-05-14,,,,,,,,,,,,,
URBAN OUTFITTERS INC COMMON STOCK USD.0001,URBN,COMMON STOCK,917047102,US9170471026,2933438,138435.0,9193468.35,0.07650990319252254,0,,CONSUMER DISCRETIONARY,UNITED STATES,AVLV,2026-05-14,,,,,,,,,,,,,
SSC GOVERNMENT MM GVMXX,OTHER,SWEEP INVESTMENT VEHICLE,7839989D1,,,8942069.0,8942068.55,0.07441770320571132,3.5722185,12/31/2030,MISCELLANEOUS,UNITED STATES,AVLV,2026-05-14,,,,,,,,,,,,,
SLM CORP COMMON STOCK USD.2,SLM,COMMON STOCK,78442P106,US78442P1066,2101967,414957.0,8846883.24,0.07362555180254145,0,,FINANCIALS,UNITED STATES,AVLV,2026-05-14,,,,,,,,,,,,,
VIASAT INC COMMON STOCK USD.0001,VSAT,COMMON STOCK,92552V100,US92552V1008,2946243,124514.0,8788198.12,0.0731371623635283,0,,INFORMATION TECHNOLOGY,UNITED STATES,AVLV,2026-05-14,,,,,,,,,,,,,
ALPHABET INC CL A COMMON STOCK USD.001,GOOGL,COMMON STOCK,02079K305,US02079K3059,BYVY8G0,21286.0,8570169.32,0.07132268258874538,0,,COMMUNICATION SERVICES,UNITED STATES,AVLV,2026-05-14,,,,,,,,,,,,,
FIRST CITIZENS BCSHS   CL A COMMON STOCK USD1.0,FCNCA,COMMON STOCK,31946M103,US31946M1036,2355582,4406.0,8413389.18,0.0700179265513887,0,,FINANCIALS,UNITED STATES,AVLV,2026-05-14,,,,,,,,,,,,,
LEAR CORP COMMON STOCK USD.01,LEA,COMMON STOCK,521865204,US5218652049,B570P91,60770.0,8362559.7,0.06959491333743378,0,,CONSUMER DISCRETIONARY,UNITED STATES,AVLV,2026-05-14,,,,,,,,,,,,,
LINCOLN NATIONAL CORP COMMON STOCK,LNC,COMMON STOCK,534187109,US5341871094,2516378,228965.0,7800837.55,0.06492014798431266,0,,FINANCIALS,UNITED STATES,AVLV,2026-05-14,,,,,,,,,,,,,
BRINKER INTERNATIONAL INC COMMON STOCK USD.1,EAT,COMMON STOCK,109641100,US1096411004,2193544,58610.0,7405959.6,0.0616338938115486,0,,CONSUMER DISCRETIONARY,UNITED STATES,AVLV,2026-05-14,,,,,,,,,,,,,
CIRRUS LOGIC INC COMMON STOCK USD.001,CRUS,COMMON STOCK,172755100,US1727551004,2197308,44236.0,7362861.02,0.06127521871114047,0,,INFORMATION TECHNOLOGY,UNITED STATES,AVLV,2026-05-14,,,,,,,,,,,,,
ALASKA AIR GROUP INC COMMON STOCK USD.01,ALK,COMMON STOCK,011659109,US0116591092,2012605,189709.0,7315179.04,0.06087839962883758,0,,INDUSTRIALS,UNITED STATES,AVLV,2026-05-14,,,,,,,,,,,,,
PAYPAL HOLDINGS INC COMMON STOCK,PYPL,COMMON STOCK,70450Y103,US70450Y1038,BYW36M8,154651.0,6994864.73,0.05821267915031114,0,,FINANCIALS,UNITED STATES,AVLV,2026-05-14,,,,,,,,,,,,,
NOBLE CORP PLC COMMON STOCK USD.00001,NE,COMMON STOCK,G65431127,GB00BMXNWH07,BN2QTL0,135327.0,6934155.48,0.057707444492012615,0,,ENERGY,UNITED STATES,AVLV,2026-05-14,,,,,,,,,,,,,
LANDSTAR SYSTEM INC COMMON STOCK USD.01,LSTR,COMMON STOCK,515098101,US5150981018,2503994,36199.0,6334463.01,0.0527166824555082,0,,INDUSTRIALS,UNITED STATES,AVLV,2026-05-14,,,,,,,,,,,,,
OPENDOOR TECHNOLOGIES INC COMMON STOCK USD.0001,OPEN,COMMON STOCK,683712103,US6837121036,BL96T19,1368844.0,6269305.52,0.05217442864417401,0,,REAL ESTATE,UNITED STATES,AVLV,2026-05-14,,,,,,,,,,,,,
VIKING HOLDINGS LTD COMMON STOCK USD.01,VIK,COMMON STOCK,G93A5A101,BMG93A5A1010,BRDXKH1,75531.0,6206382.27,0.05165076863004464,0,,CONSUMER DISCRETIONARY,UNITED STATES,AVLV,2026-05-14,,,,,,,,,,,,,
ANTERO RESOURCES CORP COMMON STOCK USD.01,AR,COMMON STOCK,03674X106,US03674X1063,BFD2WR8,162224.0,5960109.76,0.049601238987722056,0,,ENERGY,UNITED STATES,AVLV,2026-05-14,,,,,,,,,,,,,
FIDELITY NATIONAL FINANCIAL COMMON STOCK USD.0001,FNF,COMMON STOCK,31620R303,US31620R3030,BNBRDD4,121260.0,5756212.2,0.04790436225057731,0,,FINANCIALS,UNITED STATES,AVLV,2026-05-14,,,,,,,,,,,,,
LEVI STRAUSS + CO  CLASS A COMMON STOCK USD.001,LEVI,COMMON STOCK,52736R102,US52736R1023,BHRWS81,261490.0,5588041.3,0.046504810004465595,0,,CONSUMER DISCRETIONARY,UNITED STATES,AVLV,2026-05-14,,,,,,,,,,,,,
BANK OZK COMMON STOCK,OZK,COMMON STOCK,06417N103,US06417N1037,BZ56Q65,116298.0,5420649.78,0.045111743916360865,0,,FINANCIALS,UNITED STATES,AVLV,2026-05-14,,,,,,,,,,,,,
AGCO CORP COMMON STOCK USD.01,AGCO,COMMON STOCK,001084102,US0010841023,2010278,44375.0,5145725.0,0.04282376428753824,0,,INDUSTRIALS,UNITED STATES,AVLV,2026-05-14,,,,,,,,,,,,,
GRAND CANYON EDUCATION INC COMMON STOCK USD.01,LOPE,COMMON STOCK,38526M106,US38526M1062,B3F1XM1,31795.0,5110728.3,0.04253251467127586,0,,CONSUMER DISCRETIONARY,UNITED STATES,AVLV,2026-05-14,,,,,,,,,,,,,
PARAMOUNT SKYDANCE CL B COMMON STOCK USD.001,PSKY,COMMON STOCK,69932A204,US69932A2042,BSNMNQ5,464756.0,4865995.32,0.04049579730901753,0,,COMMUNICATION SERVICES,UNITED STATES,AVLV,2026-05-14,,,,,,,,,,,,,
PEGASYSTEMS INC COMMON STOCK USD.01,PEGA,COMMON STOCK,705573103,US7055731035,2675860,145027.0,4745283.44,0.0394912086269901,0,,INFORMATION TECHNOLOGY,UNITED STATES,AVLV,2026-05-14,,,,,,,,,,,,,
ABERCROMBIE + FITCH CO CL A COMMON STOCK USD.01,ANF,COMMON STOCK,002896207,US0028962076,2004185,63441.0,4561407.9,0.037960959190185016,0,,CONSUMER DISCRETIONARY,UNITED STATES,AVLV,2026-05-14,,,,,,,,,,,,,
VIRTU FINANCIAL INC CLASS A COMMON STOCK USD.00001,VIRT,COMMON STOCK,928254101,US9282541013,BWTVWD4,83748.0,4488055.32,0.03735050418223127,0,,FINANCIALS,UNITED STATES,AVLV,2026-05-14,,,,,,,,,,,,,
DILLARDS INC CL A COMMON STOCK,DDS,COMMON STOCK,254067101,US2540671011,2269768,8346.0,4447750.32,0.03701507781964695,0,,CONSUMER DISCRETIONARY,UNITED STATES,AVLV,2026-05-14,,,,,,,,,,,,,
MURPHY OIL CORP COMMON STOCK USD1.0,MUR,COMMON STOCK,626717102,US6267171022,2611206,105933.0,4074183.18,0.03390617651828906,0,,ENERGY,UNITED STATES,AVLV,2026-05-14,,,,,,,,,,,,,
MACY S INC COMMON STOCK USD.01,M,COMMON STOCK,55616P104,US55616P1049,2345022,219502.0,4045421.86,0.033666818995631224,0,,CONSUMER DISCRETIONARY,UNITED STATES,AVLV,2026-05-14,,,,,,,,,,,,,
CABOT CORP COMMON STOCK USD1.0,CBT,COMMON STOCK,127055101,US1270551013,2162500,46686.0,3870269.4,0.03220916479502345,0,,MATERIALS,UNITED STATES,AVLV,2026-05-14,,,,,,,,,,,,,
GATX CORP COMMON STOCK USD.625,GATX,COMMON STOCK,361448103,US3614481030,2362128,20503.0,3684799.16,0.030665643942254767,0,,INDUSTRIALS,UNITED STATES,AVLV,2026-05-14,,,,,,,,,,,,,
SM ENERGY CO COMMON STOCK USD.01,SM,COMMON STOCK,78454L100,US78454L1008,2764188,114648.0,3573578.16,0.02974004028332929,0,,ENERGY,UNITED STATES,AVLV,2026-05-14,,,,,,,,,,,,,
PILGRIM S PRIDE CORP COMMON STOCK USD.01,PPC,COMMON STOCK,72147K108,US72147K1088,B5L3PZ2,117824.0,3282576.64,0.027318266772347777,0,,CONSUMER STAPLES,UNITED STATES,AVLV,2026-05-14,,,,,,,,,,,,,
ERIE INDEMNITY COMPANY CL A COMMON STOCK,ERIE,COMMON STOCK,29530P102,US29530P1021,2311711,14280.0,3036784.8,0.0252727373629914,0,,FINANCIALS,UNITED STATES,AVLV,2026-05-14,,,,,,,,,,,,,
CAL MAINE FOODS INC COMMON STOCK USD.01,CALM,COMMON STOCK,128030202,US1280302027,2158781,38035.0,3024162.85,0.025167694942020775,0,,CONSUMER STAPLES,UNITED STATES,AVLV,2026-05-14,,,,,,,,,,,,,
MAGNOLIA OIL + GAS CORP   A COMMON STOCK USD.0001,MGY,COMMON STOCK,559663109,US5596631094,BF2GC59,101565.0,2903743.35,0.024165539505493716,0,,ENERGY,UNITED STATES,AVLV,2026-05-14,,,,,,,,,,,,,
VERSIGENT PLC COMMON STOCK USD.01,VGNT,COMMON STOCK,G9600F104,JE00BWK75100,BWK7510,61787.0,2706270.6,0.022522131336729943,0,,CONSUMER DISCRETIONARY,UNITED STATES,AVLV,2026-05-14,,,,,,,,,,,,,
UBIQUITI INC COMMON STOCK USD.001,UI,COMMON STOCK,90353W103,US90353W1036,BK9Z6V8,3907.0,2597256.39,0.021614893030556918,0,,INFORMATION TECHNOLOGY,UNITED STATES,AVLV,2026-05-14,,,,,,,,,,,,,
TEREX CORP COMMON STOCK USD.01,TEX,COMMON STOCK,880779103,US8807791038,2884224,41086.0,2573627.04,0.021418244800294372,0,,INDUSTRIALS,UNITED STATES,AVLV,2026-05-14,,,,,,,,,,,,,
ATI INC COMMON STOCK USD.1,ATI,COMMON STOCK,01741R102,US01741R1023,2526117,12358.0,2036969.14,0.01695206920547629,0,,INDUSTRIALS,UNITED STATES,AVLV,2026-05-14,,,,,,,,,,,,,
INSTALLED BUILDING PRODUCTS COMMON STOCK USD.01,IBP,COMMON STOCK,45780R101,US45780R1014,BJSP4C9,9447.0,1949482.92,0.016223991186598927,0,,CONSUMER DISCRETIONARY,UNITED STATES,AVLV,2026-05-14,,,,,,,,,,,,,
SUPER GROUP SGHC LTD COMMON STOCK,SGHC,COMMON STOCK,G8588X103,GG00BMG42V42,BMG42V4,148027.0,1931752.35,0.016076433796656072,0,,CONSUMER DISCRETIONARY,UNITED STATES,AVLV,2026-05-14,,,,,,,,,,,,,
AUTOMATIC DATA PROCESSING COMMON STOCK USD.1,ADP,COMMON STOCK,053015103,US0530151036,2065308,9155.0,1910007.65,0.01589547000490598,0,,INDUSTRIALS,UNITED STATES,AVLV,2026-05-14,,,,,,,,,,,,,
KINSALE CAPITAL GROUP INC COMMON STOCK USD.01,KNSL,COMMON STOCK,49714P108,US49714P1084,BD1MGQ3,6351.0,1908221.46,0.015880604970429254,0,,FINANCIALS,UNITED STATES,AVLV,2026-05-14,,,,,,,,,,,,,
JEFFERIES FINANCIAL GROUP IN COMMON STOCK USD1.0,JEF,COMMON STOCK,47233W109,US47233W1099,BG0Q4Z2,34075.0,1816879.0,0.015120434542261429,0,,FINANCIALS,UNITED STATES,AVLV,2026-05-14,,,,,,,,,,,,,
CLEAR SECURE INC  CLASS A COMMON STOCK USD.00001,YOU,COMMON STOCK,18467V109,US18467V1098,BLD30T1,30186.0,1676530.44,0.013952425437317922,0,,INFORMATION TECHNOLOGY,UNITED STATES,AVLV,2026-05-14,,,,,,,,,,,,,
CIRCLE INTERNET GROUP INC COMMON STOCK,CRCL,COMMON STOCK,172573107,US1725731079,BL6K237,12723.0,1610350.11,0.013401659344611553,0,,INFORMATION TECHNOLOGY,UNITED STATES,AVLV,2026-05-14,,,,,,,,,,,,,
ALPHABET INC CL C COMMON STOCK USD.001,GOOG,COMMON STOCK,02079K107,US02079K1079,BYY88Y7,3874.0,1545880.96,0.012865134037989463,0,,COMMUNICATION SERVICES,UNITED STATES,AVLV,2026-05-14,,,,,,,,,,,,,
COMMERCIAL METALS CO COMMON STOCK USD.01,CMC,COMMON STOCK,201723103,US2017231034,2213260,21339.0,1500771.87,0.01248972706669089,0,,MATERIALS,UNITED STATES,AVLV,2026-05-14,,,,,,,,,,,,,
ARCHROCK INC COMMON STOCK USD.01,AROC,COMMON STOCK,03957W106,US03957W1062,BYRGSX7,40683.0,1497134.4,0.01245945530559153,0,,ENERGY,UNITED STATES,AVLV,2026-05-14,,,,,,,,,,,,,
HANOVER INSURANCE GROUP INC/ COMMON STOCK USD.01,THG,COMMON STOCK,410867105,US4108671052,2020415,6632.0,1255437.6,0.010448005647428248,0,,FINANCIALS,UNITED STATES,AVLV,2026-05-14,,,,,,,,,,,,,
FLUOR CORP COMMON STOCK USD.01,FLR,COMMON STOCK,343412102,US3434121022,2696838,22260.0,1002367.8,0.008341907582822298,0,,INDUSTRIALS,UNITED STATES,AVLV,2026-05-14,,,,,,,,,,,,,
U HAUL HOLDING CO NON VOTING COMMON STOCK USD.001,UHAL.B,COMMON STOCK,023586506,US0235865062,BP0VMC3,19117.0,878617.32,0.007312031056970311,0,,INDUSTRIALS,UNITED STATES,AVLV,2026-05-14,,,,,,,,,,,,,
BROWN FORMAN CORP CLASS B COMMON STOCK USD.15,BF.B,COMMON STOCK,115637209,US1156372096,2146838,32329.0,845726.64,0.007038308165137412,0,,CONSUMER STAPLES,UNITED STATES,AVLV,2026-05-14,,,,,,,,,,,,,
CARMAX INC COMMON STOCK USD.5,KMX,COMMON STOCK,143130102,US1431301027,2983563,22014.0,816058.98,0.006791407897672123,0,,CONSUMER DISCRETIONARY,UNITED STATES,AVLV,2026-05-14,,,,,,,,,,,,,
FIRST AMERICAN FINANCIAL COMMON STOCK USD.00001,FAF,COMMON STOCK,31847R102,US31847R1023,B4NFPK4,11189.0,748096.54,0.006225810725074294,0,,FINANCIALS,UNITED STATES,AVLV,2026-05-14,,,,,,,,,,,,,
AMKOR TECHNOLOGY INC COMMON STOCK USD.001,AMKR,COMMON STOCK,031652100,US0316521006,2242929,9145.0,682308.45,0.005678308932987201,0,,INFORMATION TECHNOLOGY,UNITED STATES,AVLV,2026-05-14,,,,,,,,,,,,,
COUPANG INC COMMON STOCK USD.0001,CPNG,COMMON STOCK,22266T109,US22266T1097,BNYHDF3,41720.0,665851.2,0.005541348369641689,0,,CONSUMER DISCRETIONARY,UNITED STATES,AVLV,2026-05-14,,,,,,,,,,,,,
MYR GROUP INC/DELAWARE COMMON STOCK USD.01,MYRG,COMMON STOCK,55405W104,US55405W1045,B3CLS18,1316.0,615848.52,0.0051252159525255,0,,INDUSTRIALS,UNITED STATES,AVLV,2026-05-14,,,,,,,,,,,,,
FACTSET RESEARCH SYSTEMS INC COMMON STOCK USD.01,FDS,COMMON STOCK,303075105,US3030751057,2329770,2925.0,590469.75,0.004914008695163778,0,,FINANCIALS,UNITED STATES,AVLV,2026-05-14,,,,,,,,,,,,,
LENNAR CORP   B SHS COMMON STOCK USD.1,LEN.B,COMMON STOCK,526057302,US5260573028,2578293,6730.0,558522.7,0.004648138883061071,0,,CONSUMER DISCRETIONARY,UNITED STATES,AVLV,2026-05-14,,,,,,,,,,,,,
SOUTHWEST AIRLINES CO COMMON STOCK USD1.0,LUV,COMMON STOCK,844741108,US8447411088,2831543,14037.0,553198.17,0.004603827067396238,0,,INDUSTRIALS,UNITED STATES,AVLV,2026-05-14,,,,,,,,,,,,,
CULLEN/FROST BANKERS INC COMMON STOCK USD.01,CFR,COMMON STOCK,229899109,US2298991090,2239556,3856.0,519210.4,0.0043209739706724405,0,,FINANCIALS,UNITED STATES,AVLV,2026-05-14,,,,,,,,,,,,,
POPULAR INC COMMON STOCK USD.01,BPOP,COMMON STOCK,733174700,PR7331747001,B86QM90,3472.0,496704.32,0.00413367382055628,0,,FINANCIALS,UNITED STATES,AVLV,2026-05-14,,,,,,,,,,,,,
SKYWORKS SOLUTIONS INC COMMON STOCK USD.25,SWKS,COMMON STOCK,83088M102,US83088M1027,2961053,6812.0,464169.68,0.0038629139656204035,0,,INFORMATION TECHNOLOGY,UNITED STATES,AVLV,2026-05-14,,,,,,,,,,,,,
CHEWY INC   CLASS A COMMON STOCK USD.01,CHWY,COMMON STOCK,16679L109,US16679L1098,BJLFHW7,19740.0,427371.0,0.003556667907307426,0,,CONSUMER DISCRETIONARY,UNITED STATES,AVLV,2026-05-14,,,,,,,,,,,,,
JABIL INC COMMON STOCK USD.001,JBL,COMMON STOCK,466313103,US4663131039,2471789,1077.0,382798.11,0.0031857233008672505,0,,INFORMATION TECHNOLOGY,UNITED STATES,AVLV,2026-05-14,,,,,,,,,,,,,
ENACT HOLDINGS INC COMMON STOCK USD.01,ACT,COMMON STOCK,29249E109,US29249E1091,BNZFTG9,8630.0,368242.1,0.0030645852413698914,0,,FINANCIALS,UNITED STATES,AVLV,2026-05-14,,,,,,,,,,,,,
COMSTOCK RESOURCES INC COMMON STOCK USD.5,CRK,COMMON STOCK,205768302,US2057683029,BD82PS1,15456.0,224884.8,0.0018715367935616806,0,,ENERGY,UNITED STATES,AVLV,2026-05-14,,,,,,,,,,,,,
OSCAR HEALTH INC   CLASS A COMMON STOCK USD.00001,OSCR,COMMON STOCK,687793109,US6877931096,BKY83Q6,8636.0,203982.32,0.001697582127009352,0,,FINANCIALS,UNITED STATES,AVLV,2026-05-14,,,,,,,,,,,,,
FIRST SOLAR INC COMMON STOCK USD.001,FSLR,COMMON STOCK,336433107,US3364331070,B1HMF22,582.0,136537.2,0.0011362901960910205,0,,INFORMATION TECHNOLOGY,UNITED STATES,AVLV,2026-05-14,,,,,,,,,,,,,
MANHATTAN ASSOCIATES INC COMMON STOCK USD.01,MANH,COMMON STOCK,562750109,US5627501092,2239471,1022.0,128322.32,0.0010679243030884966,0,,INFORMATION TECHNOLOGY,UNITED STATES,AVLV,2026-05-14,,,,,,,,,,,,,
INGRAM MICRO HOLDING CORP COMMON STOCK USD.01,INGM,COMMON STOCK,457152106,US4571521065,BS5YN47,4556.0,117681.48,0.0009793690802615074,0,,INFORMATION TECHNOLOGY,UNITED STATES,AVLV,2026-05-14,,,,,,,,,,,,,
SMITHFIELD FOODS INC COMMON STOCK NPV,SFD,COMMON STOCK,832248207,US8322482071,BS893N8,3772.0,93988.81,0.0007821938881510801,0,,CONSUMER STAPLES,UNITED STATES,AVLV,2026-05-14,,,,,,,,,,,,,
PAYCOM SOFTWARE INC COMMON STOCK USD.01,PAYC,COMMON STOCK,70432V102,US70432V1026,BL95MY0,534.0,72036.6,0.0005995031562074688,0,,INDUSTRIALS,UNITED STATES,AVLV,2026-05-14,,,,,,,,,,,,,
CREDIT ACCEPTANCE CORP COMMON STOCK USD.01,CACC,COMMON STOCK,225310101,US2253101016,2232050,90.0,47250.0,0.00039322405736532404,0,,FINANCIALS,UNITED STATES,AVLV,2026-05-14,,,,,,,,,,,,,
UNUM GROUP COMMON STOCK USD.1,UNM,COMMON STOCK,91529Y106,US91529Y1064,2433842,554.0,44558.22,0.0003708225197328408,0,,FINANCIALS,UNITED STATES,AVLV,2026-05-14,,,,,,,,,,,,,
AIR PRODUCTS + CHEMICALS INC COMMON STOCK USD1.0,APD,COMMON STOCK,009158106,US0091581068,2011602,133.0,40724.6,0.00033891835865777504,0,,MATERIALS,UNITED STATES,AVLV,2026-05-14,,,,,,,,,,,,,
BROWN FORMAN CORP CLASS A COMMON STOCK USD.15,BF.A,COMMON STOCK,115637100,US1156371007,2146816,1245.0,33639.9,0.0002799580522193389,0,,CONSUMER STAPLES,UNITED STATES,AVLV,2026-05-14,,,,,,,,,,,,,
OPENDOOR TECHNOLOGIES INC OPENDOOR TECHNOLOGIES INC 26,OPENW,WARRANTS,683712129,US6837121291,BLGXLN9,48204.0,26859.27,0.0002235282778258355,0,,REAL ESTATE,UNITED STATES,AVLV,2026-05-14,,,,,,,,,,,,,
EDWARDS LIFESCIENCES CORP COMMON STOCK USD1.0,EW,COMMON STOCK,28176E108,US28176E1082,2567116,253.0,20591.67,0.00017136804286408086,0,,HEALTH CARE,UNITED STATES,AVLV,2026-05-14,,,,,,,,,,,,,
RADIAN GROUP INC COMMON STOCK USD.001,RDN,COMMON STOCK,750236101,US7502361014,2173911,465.0,17051.55,0.00014190644815592995,0,,FINANCIALS,UNITED STATES,AVLV,2026-05-14,,,,,,,,,,,,,
MARKETAXESS HOLDINGS INC COMMON STOCK USD.003,MKTX,COMMON STOCK,57060D108,US57060D1081,B03Q9D0,120.0,16713.6,0.00013909395989801222,0,,FINANCIALS,UNITED STATES,AVLV,2026-05-14,,,,,,,,,,,,,
SCHNEIDER NATIONAL INC CL B COMMON STOCK,SNDR,COMMON STOCK,80689H102,US80689H1023,BYVN953,483.0,14089.11,0.0001172524232564309,0,,INDUSTRIALS,UNITED STATES,AVLV,2026-05-14,,,,,,,,,,,,,
CNA FINANCIAL CORP COMMON STOCK USD2.5,CNA,COMMON STOCK,126117100,US1261171003,2204866,230.0,9809.5,8.163664318995017e-05,0,,FINANCIALS,UNITED STATES,AVLV,2026-05-14,,,,,,,,,,,,,
FASTENAL CO COMMON STOCK USD.01,FAST,COMMON STOCK,311900104,US3119001044,2332262,200.0,8754.0,7.285255869155653e-05,0,,INDUSTRIALS,UNITED STATES,AVLV,2026-05-14,,,,,,,,,,,,,
U HAUL HOLDING CO COMMON STOCK USD.25,UHAL,COMMON STOCK,023586100,US0235861004,2028174,100.0,4955.0,4.1236512259157255e-05,0,,INDUSTRIALS,UNITED STATES,AVLV,2026-05-14,,,,,,,,,,,,,
GRACO INC COMMON STOCK USD1.0,GGG,COMMON STOCK,384109104,US3841091040,2380443,61.0,4673.82,3.889647542423701e-05,0,,INDUSTRIALS,UNITED STATES,AVLV,2026-05-14,,,,,,,,,,,,,
CIPHER DIGITAL INC COMMON STOCK USD1.0,CIFR,COMMON STOCK,17253J106,US17253J1060,BMZ8604,205.0,4354.2,3.6236533133970236e-05,0,,INFORMATION TECHNOLOGY,UNITED STATES,AVLV,2026-05-14,,,,,,,,,,,,,
DEVON ENERGY CORP COMMON STOCK USD.1,DVN,COMMON STOCK,25179M103,US25179M1036,2480677,223031.0,10460167.97,1.7647860324827174,0,,ENERGY,UNITED STATES,AVMV,2026-05-14,,,,,,,,,,,,,
FLEX LTD COMMON STOCK,FLEX,COMMON STOCK,Y2573F102,SG9999000020,2353058,68307.0,9822546.6,1.6572098165925153,0,,INFORMATION TECHNOLOGY,UNITED STATES,AVMV,2026-05-14,,,,,,,,,,,,,
ON SEMICONDUCTOR COMMON STOCK USD.01,ON,COMMON STOCK,682189105,US6821891057,2583576,72065.0,8338641.15,1.4068528797636146,0,,INFORMATION TECHNOLOGY,UNITED STATES,AVMV,2026-05-14,,,,,,,,,,,,,
DELTA AIR LINES INC COMMON STOCK USD.0001,DAL,COMMON STOCK,247361702,US2473617023,B1W9D46,111802.0,7922569.22,1.336655352087381,0,,INDUSTRIALS,UNITED STATES,AVMV,2026-05-14,,,,,,,,,,,,,
TARGA RESOURCES CORP COMMON STOCK USD.001,TRGP,COMMON STOCK,87612G101,US87612G1013,B55PZY3,29710.0,7822345.9,1.3197461862142974,0,,ENERGY,UNITED STATES,AVMV,2026-05-14,,,,,,,,,,,,,
NUCOR CORP COMMON STOCK USD.4,NUE,COMMON STOCK,670346105,US6703461052,2651086,33244.0,7723910.96,1.3031387466666249,0,,MATERIALS,UNITED STATES,AVMV,2026-05-14,,,,,,,,,,,,,
COMFORT SYSTEMS USA INC COMMON STOCK USD.01,FIX,COMMON STOCK,199908104,US1999081045,2036047,3519.0,7159862.97,1.2079754550964656,0,,INDUSTRIALS,UNITED STATES,AVMV,2026-05-14,,,,,,,,,,,,,
ARCHER DANIELS MIDLAND CO COMMON STOCK,ADM,COMMON STOCK,039483102,US0394831020,2047317,83765.0,6943280.85,1.171434827703319,0,,CONSUMER STAPLES,UNITED STATES,AVMV,2026-05-14,,,,,,,,,,,,,
EMCOR GROUP INC COMMON STOCK USD.01,EME,COMMON STOCK,29084Q100,US29084Q1004,2474164,7465.0,6890269.65,1.1624910492101381,0,,INDUSTRIALS,UNITED STATES,AVMV,2026-05-14,,,,,,,,,,,,,
OCCIDENTAL PETROLEUM CORP COMMON STOCK USD.2,OXY,COMMON STOCK,674599105,US6745991058,2655408,119523.0,6714802.14,1.1328870685005892,0,,ENERGY,UNITED STATES,AVMV,2026-05-14,,,,,,,,,,,,,
AMERIPRISE FINANCIAL INC COMMON STOCK USD.01,AMP,COMMON STOCK,03076C106,US03076C1062,B0J7D57,13960.0,6549752.8,1.1050407881408588,0,,FINANCIALS,UNITED STATES,AVMV,2026-05-14,,,,,,,,,,,,,
CHIPOTLE MEXICAN GRILL INC COMMON STOCK USD.01,CMG,COMMON STOCK,169656105,US1696561059,B0X7DZ3,197188.0,6331706.68,1.068253162156584,0,,CONSUMER DISCRETIONARY,UNITED STATES,AVMV,2026-05-14,,,,,,,,,,,,,
HARTFORD INSURANCE GROUP INC COMMON STOCK USD.01,HIG,COMMON STOCK,416515104,US4165151048,2476193,47722.0,6329368.86,1.0678587371249506,0,,FINANCIALS,UNITED STATES,AVMV,2026-05-14,,,,,,,,,,,,,
KROGER CO COMMON STOCK USD1.0,KR,COMMON STOCK,501044101,US5010441013,2497406,95279.0,6311280.96,1.064807039162882,0,,CONSUMER STAPLES,UNITED STATES,AVMV,2026-05-14,,,,,,,,,,,,,
OLD DOMINION FREIGHT LINE COMMON STOCK USD.1,ODFL,COMMON STOCK,679580100,US6795801009,2656423,33260.0,6292126.8,1.061575447267906,0,,INDUSTRIALS,UNITED STATES,AVMV,2026-05-14,,,,,,,,,,,,,
TARGET CORP COMMON STOCK USD.0833,TGT,COMMON STOCK,87612E106,US87612E1064,2259101,51514.0,6257920.72,1.0558043724263624,0,,CONSUMER STAPLES,UNITED STATES,AVMV,2026-05-14,,,,,,,,,,,,,
JABIL INC COMMON STOCK USD.001,JBL,COMMON STOCK,466313103,US4663131039,2471789,17239.0,6127257.77,1.0337595878890269,0,,INFORMATION TECHNOLOGY,UNITED STATES,AVMV,2026-05-14,,,,,,,,,,,,,
AMERICAN INTERNATIONAL GROUP COMMON STOCK USD2.5,AIG,COMMON STOCK,026874784,US0268747849,2027342,80825.0,6124918.5,1.033364918220811,0,,FINANCIALS,UNITED STATES,AVMV,2026-05-14,,,,,,,,,,,,,
TECHNIPFMC PLC COMMON STOCK USD1.0,FTI,COMMON STOCK,G87110105,GB00BDSFG982,BDSFG98,82370.0,5986651.6,1.0100372341363377,0,,ENERGY,UNITED STATES,AVMV,2026-05-14,,,,,,,,,,,,,
HALLIBURTON CO COMMON STOCK USD2.5,HAL,COMMON STOCK,406216101,US4062161017,2405302,144517.0,5928087.34,1.0001565717657996,0,,ENERGY,UNITED STATES,AVMV,2026-05-14,,,,,,,,,,,,,
CENTENE CORP COMMON STOCK USD.001,CNC,COMMON STOCK,15135B101,US15135B1017,2807061,100019.0,5882117.39,0.9924007569541635,0,,HEALTH CARE,UNITED STATES,AVMV,2026-05-14,,,,,,,,,,,,,
STATE STREET CORP COMMON STOCK USD1.0,STT,COMMON STOCK,857477103,US8574771031,2842040,38137.0,5780806.46,0.9753080950853853,0,,FINANCIALS,UNITED STATES,AVMV,2026-05-14,,,,,,,,,,,,,
CASEY S GENERAL STORES INC COMMON STOCK,CASY,COMMON STOCK,147528103,US1475281036,2179414,6446.0,5726368.56,0.9661236110662732,0,,CONSUMER STAPLES,UNITED STATES,AVMV,2026-05-14,,,,,,,,,,,,,
IDEXX LABORATORIES INC COMMON STOCK USD.1,IDXX,COMMON STOCK,45168D104,US45168D1046,2459202,10735.0,5675379.8,0.9575210483044047,0,,HEALTH CARE,UNITED STATES,AVMV,2026-05-14,,,,,,,,,,,,,
PRUDENTIAL FINANCIAL INC COMMON STOCK USD.01,PRU,COMMON STOCK,744320102,US7443201022,2819118,55289.0,5660487.82,0.9550085496164882,0,,FINANCIALS,UNITED STATES,AVMV,2026-05-14,,,,,,,,,,,,,
DR HORTON INC COMMON STOCK USD.01,DHI,COMMON STOCK,23331A109,US23331A1097,2250687,39722.0,5590077.06,0.9431292063649387,0,,CONSUMER DISCRETIONARY,UNITED STATES,AVMV,2026-05-14,,,,,,,,,,,,,
ONEOK INC COMMON STOCK USD.01,OKE,COMMON STOCK,682680103,US6826801036,2130109,62488.0,5548309.52,0.9360824006717063,0,,ENERGY,UNITED STATES,AVMV,2026-05-14,,,,,,,,,,,,,
CBRE GROUP INC   A COMMON STOCK USD.01,CBRE,COMMON STOCK,12504L109,US12504L1098,B6WVMH3,39437.0,5546814.05,0.9358300926231581,0,,REAL ESTATE,UNITED STATES,AVMV,2026-05-14,,,,,,,,,,,,,
UNITED AIRLINES HOLDINGS INC COMMON STOCK USD.01,UAL,COMMON STOCK,910047109,US9100471096,B4QG225,57338.0,5487246.6,0.9257801771674876,0,,INDUSTRIALS,UNITED STATES,AVMV,2026-05-14,,,,,,,,,,,,,
FIFTH THIRD BANCORP COMMON STOCK,FITB,COMMON STOCK,316773100,US3167731005,2336747,114556.0,5403606.52,0.9116688507181345,0,,FINANCIALS,UNITED STATES,AVMV,2026-05-14,,,,,,,,,,,,,
CARNIVAL CORP LTD COMMON STOCK USD.01,CCL,COMMON STOCK,G2004J103,BMG2004J1036,BVV7RC7,211247.0,5287512.41,0.8920820463408897,0,,CONSUMER DISCRETIONARY,UNITED STATES,AVMV,2026-05-14,,,,,,,,,,,,,
EQT CORP COMMON STOCK,EQT,COMMON STOCK,26884L109,US26884L1098,2319414,93085.0,5206244.05,0.8783708643577597,0,,ENERGY,UNITED STATES,AVMV,2026-05-14,,,,,,,,,,,,,
CHENIERE ENERGY INC COMMON STOCK USD.003,LNG,COMMON STOCK,16411R208,US16411R2085,2654364,21106.0,5052354.28,0.8524073695633279,0,,ENERGY,UNITED STATES,AVMV,2026-05-14,,,,,,,,,,,,,
ARCH CAPITAL GROUP LTD COMMON STOCK USD.01,ACGL,COMMON STOCK,G0450A105,BMG0450A1053,2740542,53595.0,5001485.4,0.843825032341831,0,,FINANCIALS,UNITED STATES,AVMV,2026-05-14,,,,,,,,,,,,,
HERSHEY CO/THE COMMON STOCK USD1.0,HSY,COMMON STOCK,427866108,US4278661081,2422806,23922.0,4680817.74,0.7897236250738064,0,,CONSUMER STAPLES,UNITED STATES,AVMV,2026-05-14,,,,,,,,,,,,,
UNITED THERAPEUTICS CORP COMMON STOCK USD.01,UTHR,COMMON STOCK,91307C102,US91307C1027,2430412,8059.0,4670512.86,0.7879850384332698,0,,HEALTH CARE,UNITED STATES,AVMV,2026-05-14,,,,,,,,,,,,,
NORTHERN TRUST CORP COMMON STOCK USD1.666666,NTRS,COMMON STOCK,665859104,US6658591044,2648668,28247.0,4603413.59,0.7766643928350915,0,,FINANCIALS,UNITED STATES,AVMV,2026-05-14,,,,,,,,,,,,,
DIAMONDBACK ENERGY INC COMMON STOCK USD.01,FANG,COMMON STOCK,25278X109,US25278X1090,B7Y8YR3,22749.0,4549800.0,0.7676189821825459,0,,ENERGY,UNITED STATES,AVMV,2026-05-14,,,,,,,,,,,,,
SYNCHRONY FINANCIAL COMMON STOCK USD.001,SYF,COMMON STOCK,87165B103,US87165B1035,BP96PS6,61001.0,4258479.81,0.7184689299303532,0,,FINANCIALS,UNITED STATES,AVMV,2026-05-14,,,,,,,,,,,,,
VIATRIS INC COMMON STOCK,VTRS,COMMON STOCK,92556V106,US92556V1061,BMWS3X9,242986.0,4220666.82,0.7120893156842153,0,,HEALTH CARE,UNITED STATES,AVMV,2026-05-14,,,,,,,,,,,,,
DOLLAR GENERAL CORP COMMON STOCK USD.875,DG,COMMON STOCK,256677105,US2566771059,B5B1S13,41062.0,4178058.5,0.7049006578902665,0,,CONSUMER STAPLES,UNITED STATES,AVMV,2026-05-14,,,,,,,,,,,,,
BIOGEN INC COMMON STOCK USD.0005,BIIB,COMMON STOCK,09062X103,US09062X1037,2455965,20309.0,4153799.77,0.7008078490565504,0,,HEALTH CARE,UNITED STATES,AVMV,2026-05-14,,,,,,,,,,,,,
EXPAND ENERGY CORP COMMON STOCK USD.01,EXE,COMMON STOCK,165167735,US1651677353,BMZ5LZ5,43141.0,4101630.58,0.6920061301833937,0,,ENERGY,UNITED STATES,AVMV,2026-05-14,,,,,,,,,,,,,
RAYMOND JAMES FINANCIAL INC COMMON STOCK USD.01,RJF,COMMON STOCK,754730109,US7547301090,2718992,26591.0,4093950.36,0.6907103627520038,0,,FINANCIALS,UNITED STATES,AVMV,2026-05-14,,,,,,,,,,,,,
EXPEDITORS INTL WASH INC COMMON STOCK USD.01,EXPD,COMMON STOCK,302130109,US3021301094,2325507,25746.0,4011226.8,0.6767536668687305,0,,INDUSTRIALS,UNITED STATES,AVMV,2026-05-14,,,,,,,,,,,,,
ULTA BEAUTY INC COMMON STOCK,ULTA,COMMON STOCK,90384S303,US90384S3031,B28TS42,8121.0,3996709.55,0.674304390709539,0,,CONSUMER DISCRETIONARY,UNITED STATES,AVMV,2026-05-14,,,,,,,,,,,,,
M + T BANK CORP COMMON STOCK USD.5,MTB,COMMON STOCK,55261F104,US55261F1049,2340168,19320.0,3942825.6,0.6652133663007793,0,,FINANCIALS,UNITED STATES,AVMV,2026-05-14,,,,,,,,,,,,,
ATI INC COMMON STOCK USD.1,ATI,COMMON STOCK,01741R102,US01741R1023,2526117,23604.0,3890647.32,0.6564101138093211,0,,INDUSTRIALS,UNITED STATES,AVMV,2026-05-14,,,,,,,,,,,,,
NEXTPOWER INC CL A COMMON STOCK USD.0001,NXT,COMMON STOCK,65290E101,US65290E1010,BR1GTS6,28345.0,3865407.65,0.6521518057966562,0,,INDUSTRIALS,UNITED STATES,AVMV,2026-05-14,,,,,,,,,,,,,
HUNT (JB) TRANSPRT SVCS INC COMMON STOCK USD.01,JBHT,COMMON STOCK,445658107,US4456581077,2445416,15755.0,3746539.0,0.6320968952233533,0,,INDUSTRIALS,UNITED STATES,AVMV,2026-05-14,,,,,,,,,,,,,
PULTEGROUP INC COMMON STOCK USD.01,PHM,COMMON STOCK,745867101,US7458671010,2708841,32945.0,3721796.65,0.6279224924971226,0,,CONSUMER DISCRETIONARY,UNITED STATES,AVMV,2026-05-14,,,,,,,,,,,,,
LPL FINANCIAL HOLDINGS INC COMMON STOCK,LPLA,COMMON STOCK,50212V100,US50212V1008,B75JX34,12042.0,3626809.56,0.6118967565644923,0,,FINANCIALS,UNITED STATES,AVMV,2026-05-14,,,,,,,,,,,,,
CF INDUSTRIES HOLDINGS INC COMMON STOCK USD.01,CF,COMMON STOCK,125269100,US1252691001,B0G4K50,28477.0,3573863.5,0.6029639681588973,0,,MATERIALS,UNITED STATES,AVMV,2026-05-14,,,,,,,,,,,,,
CARPENTER TECHNOLOGY COMMON STOCK USD5.0,CRS,COMMON STOCK,144285103,US1442851036,2177504,8143.0,3553116.62,0.5994636606928408,0,,INDUSTRIALS,UNITED STATES,AVMV,2026-05-14,,,,,,,,,,,,,
LYONDELLBASELL INDU CL A COMMON STOCK EUR.04,LYB,COMMON STOCK,N53745100,NL0009434992,B3SPXZ3,47982.0,3538192.68,0.5969457698772109,0,,MATERIALS,UNITED STATES,AVMV,2026-05-14,,,,,,,,,,,,,
WILLIAMS SONOMA INC COMMON STOCK USD.01,WSM,COMMON STOCK,969904101,US9699041011,2967589,20494.0,3526197.64,0.5949220280872336,0,,CONSUMER DISCRETIONARY,UNITED STATES,AVMV,2026-05-14,,,,,,,,,,,,,
PRINCIPAL FINANCIAL GROUP COMMON STOCK USD.01,PFG,COMMON STOCK,74251V102,US74251V1026,2803014,35033.0,3518013.86,0.593541302588529,0,,FINANCIALS,UNITED STATES,AVMV,2026-05-14,,,,,,,,,,,,,
T ROWE PRICE GROUP INC COMMON STOCK USD.2,TROW,COMMON STOCK,74144T108,US74144T1088,2702337,33039.0,3403347.39,0.5741953623292065,0,,FINANCIALS,UNITED STATES,AVMV,2026-05-14,,,,,,,,,,,,,
FIRST SOLAR INC COMMON STOCK USD.001,FSLR,COMMON STOCK,336433107,US3364331070,B1HMF22,14461.0,3392550.6,0.5723737831497616,0,,INFORMATION TECHNOLOGY,UNITED STATES,AVMV,2026-05-14,,,,,,,,,,,,,
PAYPAL HOLDINGS INC COMMON STOCK,PYPL,COMMON STOCK,70450Y103,US70450Y1038,BYW36M8,73763.0,3336300.49,0.5628835523295374,0,,FINANCIALS,UNITED STATES,AVMV,2026-05-14,,,,,,,,,,,,,
PACKAGING CORP OF AMERICA COMMON STOCK USD.01,PKG,COMMON STOCK,695156109,US6951561090,2504566,15088.0,3292503.36,0.5554943245935673,0,,MATERIALS,UNITED STATES,AVMV,2026-05-14,,,,,,,,,,,,,
DARDEN RESTAURANTS INC COMMON STOCK,DRI,COMMON STOCK,237194105,US2371941053,2289874,17045.0,3286446.45,0.5544724337215792,0,,CONSUMER DISCRETIONARY,UNITED STATES,AVMV,2026-05-14,,,,,,,,,,,,,
CONSTELLATION BRANDS INC A COMMON STOCK USD.01,STZ,COMMON STOCK,21036P108,US21036P1084,2170473,23296.0,3273553.92,0.5522972720097769,0,,CONSUMER STAPLES,UNITED STATES,AVMV,2026-05-14,,,,,,,,,,,,,
LENNAR CORP W/D COMMON STOCK USD.1,LEN,COMMON STOCK,526057104,US5260571048,2511920,38071.0,3234892.87,0.5457745774185623,0,,CONSUMER DISCRETIONARY,UNITED STATES,AVMV,2026-05-14,,,,,,,,,,,,,
ESTEE LAUDER COMPANIES CL A COMMON STOCK USD.01,EL,COMMON STOCK,518439104,US5184391044,2320524,39043.0,3206601.59,0.5410014173767491,0,,CONSUMER STAPLES,UNITED STATES,AVMV,2026-05-14,,,,,,,,,,,,,
BURLINGTON STORES INC COMMON STOCK USD.0001,BURL,COMMON STOCK,122017106,US1220171060,BF311Y5,11116.0,3182066.16,0.5368619251344503,0,,CONSUMER DISCRETIONARY,UNITED STATES,AVMV,2026-05-14,,,,,,,,,,,,,
DOLLAR TREE INC COMMON STOCK USD.01,DLTR,COMMON STOCK,256746108,US2567461080,2272476,36193.0,3141552.4,0.530026650789295,0,,CONSUMER STAPLES,UNITED STATES,AVMV,2026-05-14,,,,,,,,,,,,,
TYSON FOODS INC CL A COMMON STOCK USD.1,TSN,COMMON STOCK,902494103,US9024941034,2909730,45779.0,3062157.31,0.5166315173381341,0,,CONSUMER STAPLES,UNITED STATES,AVMV,2026-05-14,,,,,,,,,,,,,
PERMIAN RESOURCES CORP CL A COMMON STOCK USD.0001,PR,COMMON STOCK,71424F105,US71424F1057,BQPCHB2,149193.0,3019666.32,0.5094626548616014,0,,ENERGY,UNITED STATES,AVMV,2026-05-14,,,,,,,,,,,,,
CIRCLE INTERNET GROUP INC COMMON STOCK,CRCL,COMMON STOCK,172573107,US1725731079,BL6K237,23807.0,3013251.99,0.5083804619155415,0,,INFORMATION TECHNOLOGY,UNITED STATES,AVMV,2026-05-14,,,,,,,,,,,,,
APA CORP COMMON STOCK USD.625,APA,COMMON STOCK,03743Q108,US03743Q1085,BNNF1C1,80663.0,2982111.11,0.5031265319384285,0,,ENERGY,UNITED STATES,AVMV,2026-05-14,,,,,,,,,,,,,
DEXCOM INC COMMON STOCK USD.001,DXCM,COMMON STOCK,252131107,US2521311074,B0796X4,50858.0,2978753.06,0.5025599789200281,0,,HEALTH CARE,UNITED STATES,AVMV,2026-05-14,,,,,,,,,,,,,
SMURFIT WESTROCK PLC COMMON STOCK,SW,COMMON STOCK,G8267P108,IE00028FXN24,BRK49M5,73050.0,2954142.0,0.4984077267710032,0,,MATERIALS,UNITED STATES,AVMV,2026-05-14,,,,,,,,,,,,,
BORGWARNER INC COMMON STOCK USD.01,BWA,COMMON STOCK,099724106,US0997241064,2111955,44048.0,2945489.76,0.49694796509743533,0,,CONSUMER DISCRETIONARY,UNITED STATES,AVMV,2026-05-14,,,,,,,,,,,,,
MUELLER INDUSTRIES INC COMMON STOCK USD.01,MLI,COMMON STOCK,624756102,US6247561029,2609717,20595.0,2874032.25,0.484892019540378,0,,INDUSTRIALS,UNITED STATES,AVMV,2026-05-14,,,,,,,,,,,,,
WR BERKLEY CORP COMMON STOCK USD.2,WRB,COMMON STOCK,084423102,US0844231029,2093644,43717.0,2860403.31,0.4825926145003704,0,,FINANCIALS,UNITED STATES,AVMV,2026-05-14,,,,,,,,,,,,,
JAZZ PHARMACEUTICALS PLC COMMON STOCK USD.0001,JAZZ,COMMON STOCK,G50871105,IE00B4Q5ZN47,B4Q5ZN4,12233.0,2842092.89,0.4795033741021694,0,,HEALTH CARE,UNITED STATES,AVMV,2026-05-14,,,,,,,,,,,,,
TALEN ENERGY CORP COMMON STOCK USD.001,TLN,COMMON STOCK,87422Q109,US87422Q1094,BRRF114,8014.0,2813154.42,0.4746210234741593,0,,UTILITIES,UNITED STATES,AVMV,2026-05-14,,,,,,,,,,,,,
TD SYNNEX CORP COMMON STOCK USD.001,SNX,COMMON STOCK,87162W100,US87162W1009,2002554,11798.0,2734186.5,0.46129795996027456,0,,INFORMATION TECHNOLOGY,UNITED STATES,AVMV,2026-05-14,,,,,,,,,,,,,
LAS VEGAS SANDS CORP COMMON STOCK USD.001,LVS,COMMON STOCK,517834107,US5178341070,B02T2J7,52730.0,2706103.6,0.4565599567261249,0,,CONSUMER DISCRETIONARY,UNITED STATES,AVMV,2026-05-14,,,,,,,,,,,,,
TRACTOR SUPPLY COMPANY COMMON STOCK USD.008,TSCO,COMMON STOCK,892356106,US8923561067,2900335,90548.0,2702857.8,0.4560123419535265,0,,CONSUMER DISCRETIONARY,UNITED STATES,AVMV,2026-05-14,,,,,,,,,,,,,
LOEWS CORP COMMON STOCK USD.01,L,COMMON STOCK,540424108,US5404241086,2523022,25471.0,2651021.68,0.4472668169470005,0,,FINANCIALS,UNITED STATES,AVMV,2026-05-14,,,,,,,,,,,,,
WW GRAINGER INC COMMON STOCK USD.5,GWW,COMMON STOCK,384802104,US3848021040,2380863,2098.0,2628479.3,0.4434635819055541,0,,INDUSTRIALS,UNITED STATES,AVMV,2026-05-14,,,,,,,,,,,,,
EAST WEST BANCORP INC COMMON STOCK USD.001,EWBC,COMMON STOCK,27579R104,US27579R1041,2487407,21951.0,2613047.04,0.44085992993975864,0,,FINANCIALS,UNITED STATES,AVMV,2026-05-14,,,,,,,,,,,,,
METLIFE INC COMMON STOCK USD.01,MET,COMMON STOCK,59156R108,US59156R1086,2573209,32832.0,2563522.56,0.4325044130091859,0,,FINANCIALS,UNITED STATES,AVMV,2026-05-14,,,,,,,,,,,,,
DECKERS OUTDOOR CORP COMMON STOCK USD.01,DECK,COMMON STOCK,243537107,US2435371073,2267278,26711.0,2508964.23,0.4232996106565156,0,,CONSUMER DISCRETIONARY,UNITED STATES,AVMV,2026-05-14,,,,,,,,,,,,,
OVINTIV INC COMMON STOCK,OVV,COMMON STOCK,69047Q102,US69047Q1022,BJ01KB6,43301.0,2502364.79,0.4221861868981581,0,,ENERGY,UNITED STATES,AVMV,2026-05-14,,,,,,,,,,,,,
LENNOX INTERNATIONAL INC COMMON STOCK USD.01,LII,COMMON STOCK,526107107,US5261071071,2442053,4881.0,2477107.5,0.4179249061292256,0,,INDUSTRIALS,UNITED STATES,AVMV,2026-05-14,,,,,,,,,,,,,
COUPANG INC COMMON STOCK USD.0001,CPNG,COMMON STOCK,22266T109,US22266T1097,BNYHDF3,154433.0,2464750.68,0.41584012666827946,0,,CONSUMER DISCRETIONARY,UNITED STATES,AVMV,2026-05-14,,,,,,,,,,,,,
LULULEMON ATHLETICA INC COMMON STOCK USD.005,LULU,COMMON STOCK,550021109,US5500211090,B23FN39,19963.0,2419715.23,0.40824197591634903,0,,CONSUMER DISCRETIONARY,UNITED STATES,AVMV,2026-05-14,,,,,,,,,,,,,
FIVE BELOW COMMON STOCK USD.01,FIVE,COMMON STOCK,33829M101,US33829M1018,B85KFY9,11196.0,2351048.04,0.39665679887622957,0,,CONSUMER DISCRETIONARY,UNITED STATES,AVMV,2026-05-14,,,,,,,,,,,,,
EXELIXIS INC COMMON STOCK USD.001,EXEL,COMMON STOCK,30161Q104,US30161Q1040,2576941,45391.0,2328104.39,0.39278586361301965,0,,HEALTH CARE,UNITED STATES,AVMV,2026-05-14,,,,,,,,,,,,,
VIKING HOLDINGS LTD COMMON STOCK USD.01,VIK,COMMON STOCK,G93A5A101,BMG93A5A1010,BRDXKH1,28142.0,2312428.14,0.3901410469025183,0,,CONSUMER DISCRETIONARY,UNITED STATES,AVMV,2026-05-14,,,,,,,,,,,,,
INTERNATIONAL PAPER CO COMMON STOCK USD1.0,IP,COMMON STOCK,460146103,US4601461035,2465254,71424.0,2284139.52,0.3853683356422983,0,,MATERIALS,UNITED STATES,AVMV,2026-05-14,,,,,,,,,,,,,
FIRST CITIZENS BCSHS   CL A COMMON STOCK USD1.0,FCNCA,COMMON STOCK,31946M103,US31946M1036,2355582,1191.0,2274250.23,0.3836998652206736,0,,FINANCIALS,UNITED STATES,AVMV,2026-05-14,,,,,,,,,,,,,
RALPH LAUREN CORP COMMON STOCK USD.01,RL,COMMON STOCK,751212101,US7512121010,B4V9661,6759.0,2241419.58,0.37816084589292487,0,,CONSUMER DISCRETIONARY,UNITED STATES,AVMV,2026-05-14,,,,,,,,,,,,,
RENAISSANCERE HOLDINGS LTD COMMON STOCK USD1.0,RNR,COMMON STOCK,G7496G103,BMG7496G1033,2728429,7603.0,2204946.03,0.37200721511188295,0,,FINANCIALS,UNITED STATES,AVMV,2026-05-14,,,,,,,,,,,,,
SANMINA CORP COMMON STOCK USD.01,SANM,COMMON STOCK,801056102,US8010561020,B92RRW2,9226.0,2201508.12,0.37142718852279444,0,,INFORMATION TECHNOLOGY,UNITED STATES,AVMV,2026-05-14,,,,,,,,,,,,,
FOX CORP   CLASS A COMMON STOCK USD.01,FOXA,COMMON STOCK,35137L105,US35137L1052,BJJMGL2,33101.0,2200223.47,0.3712104489462283,0,,COMMUNICATION SERVICES,UNITED STATES,AVMV,2026-05-14,,,,,,,,,,,,,
TEXAS ROADHOUSE INC COMMON STOCK USD.001,TXRH,COMMON STOCK,882681109,US8826811098,B033TJ7,11779.0,2111974.7,0.3563215678951355,0,,CONSUMER DISCRETIONARY,UNITED STATES,AVMV,2026-05-14,,,,,,,,,,,,,
TOLL BROTHERS INC COMMON STOCK USD.01,TOL,COMMON STOCK,889478103,US8894781033,2896092,15827.0,2103091.76,0.3548228836976787,0,,CONSUMER DISCRETIONARY,UNITED STATES,AVMV,2026-05-14,,,,,,,,,,,,,
APTIV PLC COMMON STOCK USD.01,APTV,COMMON STOCK,G3265R107,JE00BTDN8H13,BTDN8H1,38626.0,2093915.46,0.353274705301661,0,,CONSUMER DISCRETIONARY,UNITED STATES,AVMV,2026-05-14,,,,,,,,,,,,,
NEW YORK TIMES CO A COMMON STOCK USD.1,NYT,COMMON STOCK,650111107,US6501111073,2632003,26911.0,2072147.0,0.3496020420837434,0,,COMMUNICATION SERVICES,UNITED STATES,AVMV,2026-05-14,,,,,,,,,,,,,
EVEREST GROUP LTD COMMON STOCK USD.01,EG,COMMON STOCK,G3223R108,BMG3223R1088,2556868,5933.0,2064506.01,0.3483128933372783,0,,FINANCIALS,UNITED STATES,AVMV,2026-05-14,,,,,,,,,,,,,
NVR INC COMMON STOCK USD.01,NVR,COMMON STOCK,62944T105,US62944T1051,2637785,359.0,2053515.9,0.3464586981963327,0,,CONSUMER DISCRETIONARY,UNITED STATES,AVMV,2026-05-14,,,,,,,,,,,,,
REINSURANCE GROUP OF AMERICA COMMON STOCK USD.01,RGA,COMMON STOCK,759351604,US7593516047,2731193,9859.0,2050376.23,0.34592898913444226,0,,FINANCIALS,UNITED STATES,AVMV,2026-05-14,,,,,,,,,,,,,
GLOBE LIFE INC COMMON STOCK USD1.0,GL,COMMON STOCK,37959E102,US37959E1029,BK6YKG1,13318.0,2037520.82,0.34376009011915826,0,,FINANCIALS,UNITED STATES,AVMV,2026-05-14,,,,,,,,,,,,,
SAIA INC COMMON STOCK USD.001,SAIA,COMMON STOCK,78709Y105,US78709Y1055,2982399,4697.0,2026379.74,0.341880424092077,0,,INDUSTRIALS,UNITED STATES,AVMV,2026-05-14,,,,,,,,,,,,,
BEST BUY CO INC COMMON STOCK USD.1,BBY,COMMON STOCK,086516101,US0865161014,2094670,36029.0,2000330.08,0.33748545870999397,0,,CONSUMER DISCRETIONARY,UNITED STATES,AVMV,2026-05-14,,,,,,,,,,,,,
ALLY FINANCIAL INC COMMON STOCK USD.01,ALLY,COMMON STOCK,02005N100,US02005N1000,B72XK05,47778.0,1992820.38,0.33621846054073457,0,,FINANCIALS,UNITED STATES,AVMV,2026-05-14,,,,,,,,,,,,,
BJ S WHOLESALE CLUB HOLDINGS COMMON STOCK USD.01,BJ,COMMON STOCK,05550J101,US05550J1016,BFZNZF8,20909.0,1986355.0,0.33512765469981337,0,,CONSUMER STAPLES,UNITED STATES,AVMV,2026-05-14,,,,,,,,,,,,,
ADVANCED DRAINAGE SYSTEMS IN COMMON STOCK USD.01,WMS,COMMON STOCK,00790R104,US00790R1041,BP7RS59,14220.0,1961506.8,0.3309353935030424,0,,INDUSTRIALS,UNITED STATES,AVMV,2026-05-14,,,,,,,,,,,,,
SOLSTICE ADV MATERIALS INC COMMON STOCK USD.01,SOLS,COMMON STOCK,83443Q103,US83443Q1031,BW2K5V7,21748.0,1926220.36,0.324982045848718,0,,MATERIALS,UNITED STATES,AVMV,2026-05-14,,,,,,,,,,,,,
AMKOR TECHNOLOGY INC COMMON STOCK USD.001,AMKR,COMMON STOCK,031652100,US0316521006,2242929,25536.0,1905240.96,0.3214425087976826,0,,INFORMATION TECHNOLOGY,UNITED STATES,AVMV,2026-05-14,,,,,,,,,,,,,
GRACO INC COMMON STOCK USD1.0,GGG,COMMON STOCK,384109104,US3841091040,2380443,24533.0,1879718.46,0.31713648315419196,0,,INDUSTRIALS,UNITED STATES,AVMV,2026-05-14,,,,,,,,,,,,,
ASSURANT INC COMMON STOCK USD.01,AIZ,COMMON STOCK,04621X108,US04621X1081,2331430,7545.0,1830492.45,0.3088313225552408,0,,FINANCIALS,UNITED STATES,AVMV,2026-05-14,,,,,,,,,,,,,
HF SINCLAIR CORP COMMON STOCK,DINO,COMMON STOCK,403949100,US4039491000,BMZQ9C1,25941.0,1799786.58,0.3036507852400996,0,,ENERGY,UNITED STATES,AVMV,2026-05-14,,,,,,,,,,,,,
ROBLOX CORP  CLASS A COMMON STOCK USD.0001,RBLX,COMMON STOCK,771049103,US7710491033,BMWBC20,42533.0,1784684.68,0.3011028699235972,0,,COMMUNICATION SERVICES,UNITED STATES,AVMV,2026-05-14,,,,,,,,,,,,,
MURPHY USA INC COMMON STOCK USD.01,MUSA,COMMON STOCK,626755102,US6267551025,BCZWJ63,2990.0,1760003.7,0.2969388212298375,0,,CONSUMER DISCRETIONARY,UNITED STATES,AVMV,2026-05-14,,,,,,,,,,,,,
RANGE RESOURCES CORP COMMON STOCK USD.01,RRC,COMMON STOCK,75281A109,US75281A1097,2523334,42604.0,1757841.04,0.2965739482973994,0,,ENERGY,UNITED STATES,AVMV,2026-05-14,,,,,,,,,,,,,
SKYWORKS SOLUTIONS INC COMMON STOCK USD.25,SWKS,COMMON STOCK,83088M102,US83088M1027,2961053,25716.0,1752288.24,0.29563710828591244,0,,INFORMATION TECHNOLOGY,UNITED STATES,AVMV,2026-05-14,,,,,,,,,,,,,
MARKEL GROUP INC COMMON STOCK,MKL,COMMON STOCK,570535104,US5705351048,2566436,960.0,1747756.8,0.29487258690901214,0,,FINANCIALS,UNITED STATES,AVMV,2026-05-14,,,,,,,,,,,,,
VALMONT INDUSTRIES COMMON STOCK USD1.0,VMI,COMMON STOCK,920253101,US9202531011,2926825,3346.0,1718605.98,0.28995440967524655,0,,INDUSTRIALS,UNITED STATES,AVMV,2026-05-14,,,,,,,,,,,,,
TEXTRON INC COMMON STOCK USD.125,TXT,COMMON STOCK,883203101,US8832031012,2885937,18752.0,1713557.76,0.28910269982025655,0,,INDUSTRIALS,UNITED STATES,AVMV,2026-05-14,,,,,,,,,,,,,
DONALDSON CO INC COMMON STOCK USD5.0,DCI,COMMON STOCK,257651109,US2576511099,2276467,20311.0,1704702.23,0.2876086400977881,0,,INDUSTRIALS,UNITED STATES,AVMV,2026-05-14,,,,,,,,,,,,,
RYDER SYSTEM INC COMMON STOCK USD.5,R,COMMON STOCK,783549108,US7835491082,2760669,7434.0,1689748.2,0.28508567265127893,0,,INDUSTRIALS,UNITED STATES,AVMV,2026-05-14,,,,,,,,,,,,,
APPLIED INDUSTRIAL TECH INC COMMON STOCK,AIT,COMMON STOCK,03820C105,US03820C1053,2086309,5363.0,1667195.81,0.2812807487738373,0,,INDUSTRIALS,UNITED STATES,AVMV,2026-05-14,,,,,,,,,,,,,
TORO CO COMMON STOCK USD1.0,TTC,COMMON STOCK,891092108,US8910921084,2897040,18211.0,1657383.11,0.279625200225228,0,,INDUSTRIALS,UNITED STATES,AVMV,2026-05-14,,,,,,,,,,,,,
UNIVERSAL HEALTH SERVICES B COMMON STOCK USD.01,UHS,COMMON STOCK,913903100,US9139031002,2923785,9688.0,1656744.88,0.27951752132439756,0,,HEALTH CARE,UNITED STATES,AVMV,2026-05-14,,,,,,,,,,,,,
EVERCORE INC   A COMMON STOCK USD.01,EVR,COMMON STOCK,29977A105,US29977A1051,B1BHXZ2,4860.0,1634661.0,0.2757916420575635,0,,FINANCIALS,UNITED STATES,AVMV,2026-05-14,,,,,,,,,,,,,
FIDELITY NATIONAL FINANCIAL COMMON STOCK USD.0001,FNF,COMMON STOCK,31620R303,US31620R3030,BNBRDD4,33765.0,1602824.55,0.2704203590681342,0,,FINANCIALS,UNITED STATES,AVMV,2026-05-14,,,,,,,,,,,,,
STIFEL FINANCIAL CORP COMMON STOCK USD.15,SF,COMMON STOCK,860630102,US8606301021,2849234,21483.0,1599839.01,0.26991665403141496,0,,FINANCIALS,UNITED STATES,AVMV,2026-05-14,,,,,,,,,,,,,
AUTOLIV INC COMMON STOCK USD1.0,ALV,COMMON STOCK,052800109,US0528001094,2064253,12777.0,1550872.26,0.2616552344534583,0,,CONSUMER DISCRETIONARY,UNITED STATES,AVMV,2026-05-14,,,,,,,,,,,,,
AMERICAN FINANCIAL GROUP INC COMMON STOCK,AFG,COMMON STOCK,025932104,US0259321042,2134532,11565.0,1530859.05,0.2582787080368234,0,,FINANCIALS,UNITED STATES,AVMV,2026-05-14,,,,,,,,,,,,,
JACK HENRY + ASSOCIATES INC COMMON STOCK USD.01,JKHY,COMMON STOCK,426281101,US4262811015,2469193,10817.0,1529848.31,0.25810818115431183,0,,FINANCIALS,UNITED STATES,AVMV,2026-05-14,,,,,,,,,,,,,
WINTRUST FINANCIAL CORP COMMON STOCK,WTFC,COMMON STOCK,97650W108,US97650W1080,2425258,10331.0,1509152.48,0.2546164865831168,0,,FINANCIALS,UNITED STATES,AVMV,2026-05-14,,,,,,,,,,,,,
PRIMERICA INC COMMON STOCK,PRI,COMMON STOCK,74164M108,US74164M1080,B50K3X8,5614.0,1499555.54,0.25299733995801965,0,,FINANCIALS,UNITED STATES,AVMV,2026-05-14,,,,,,,,,,,,,
OWENS CORNING COMMON STOCK USD.001,OC,COMMON STOCK,690742101,US6907421019,B1FW7Q2,12353.0,1464571.68,0.24709504205349272,0,,INDUSTRIALS,UNITED STATES,AVMV,2026-05-14,,,,,,,,,,,,,
NORWEGIAN CRUISE LINE HOLDIN COMMON STOCK USD.001,NCLH,COMMON STOCK,G66721104,BMG667211046,B9CGTC3,90545.0,1454152.7,0.24533720504461756,0,,CONSUMER DISCRETIONARY,UNITED STATES,AVMV,2026-05-14,,,,,,,,,,,,,
POPULAR INC COMMON STOCK USD.01,BPOP,COMMON STOCK,733174700,PR7331747001,B86QM90,10107.0,1445907.42,0.24394610358050697,0,,FINANCIALS,UNITED STATES,AVMV,2026-05-14,,,,,,,,,,,,,
FOX CORP   CLASS B COMMON STOCK USD.01,FOX,COMMON STOCK,35137L204,US35137L2043,BJJMGY5,23995.0,1426982.65,0.240753213192921,0,,COMMUNICATION SERVICES,UNITED STATES,AVMV,2026-05-14,,,,,,,,,,,,,
ENCOMPASS HEALTH CORP COMMON STOCK USD.01,EHC,COMMON STOCK,29261A100,US29261A1007,BYX2YJ7,13175.0,1416180.75,0.23893077188041548,0,,HEALTH CARE,UNITED STATES,AVMV,2026-05-14,,,,,,,,,,,,,
OLD REPUBLIC INTL CORP COMMON STOCK USD1.0,ORI,COMMON STOCK,680223104,US6802231042,2659109,36200.0,1404560.0,0.23697017838461396,0,,FINANCIALS,UNITED STATES,AVMV,2026-05-14,,,,,,,,,,,,,
ZIONS BANCORP NA COMMON STOCK USD.001,ZION,COMMON STOCK,989701107,US9897011071,2989828,23396.0,1384809.24,0.23363793118945553,0,,FINANCIALS,UNITED STATES,AVMV,2026-05-14,,,,,,,,,,,,,
ANTERO RESOURCES CORP COMMON STOCK USD.01,AR,COMMON STOCK,03674X106,US03674X1063,BFD2WR8,37534.0,1378999.16,0.23265768421244573,0,,ENERGY,UNITED STATES,AVMV,2026-05-14,,,,,,,,,,,,,
PARAMOUNT SKYDANCE CL B COMMON STOCK USD.001,PSKY,COMMON STOCK,69932A204,US69932A2042,BSNMNQ5,131150.0,1373140.5,0.23166924106633965,0,,COMMUNICATION SERVICES,UNITED STATES,AVMV,2026-05-14,,,,,,,,,,,,,
VF CORP COMMON STOCK,VFC,COMMON STOCK,918204108,US9182041080,2928683,77044.0,1319763.72,0.222663783785628,0,,CONSUMER DISCRETIONARY,UNITED STATES,AVMV,2026-05-14,,,,,,,,,,,,,
ANTERO MIDSTREAM CORP COMMON STOCK,AM,COMMON STOCK,03676B102,US03676B1026,BJBT0Q4,60399.0,1302202.44,0.21970093445611402,0,,ENERGY,UNITED STATES,AVMV,2026-05-14,,,,,,,,,,,,,
AXIS CAPITAL HOLDINGS LTD COMMON STOCK USD.0125,AXS,COMMON STOCK,G0692U109,BMG0692U1099,2677606,13361.0,1299490.86,0.21924345054919364,0,,FINANCIALS,UNITED STATES,AVMV,2026-05-14,,,,,,,,,,,,,
INTERDIGITAL INC COMMON STOCK USD.01,IDCC,COMMON STOCK,45867G101,US45867G1013,2465737,4802.0,1297548.42,0.21891573200865322,0,,INFORMATION TECHNOLOGY,UNITED STATES,AVMV,2026-05-14,,,,,,,,,,,,,
SIMPSON MANUFACTURING CO INC COMMON STOCK USD.01,SSD,COMMON STOCK,829073105,US8290731053,2809250,6957.0,1282940.37,0.2164511365379355,0,,INDUSTRIALS,UNITED STATES,AVMV,2026-05-14,,,,,,,,,,,,,
AGCO CORP COMMON STOCK USD.01,AGCO,COMMON STOCK,001084102,US0010841023,2010278,10985.0,1273820.6,0.214912495594347,0,,INDUSTRIALS,UNITED STATES,AVMV,2026-05-14,,,,,,,,,,,,,
INGREDION INC COMMON STOCK USD.01,INGR,COMMON STOCK,457187102,US4571871023,B7K24P7,12007.0,1272621.93,0.21471026212356303,0,,CONSUMER STAPLES,UNITED STATES,AVMV,2026-05-14,,,,,,,,,,,,,
JACKSON FINANCIAL INC A COMMON STOCK USD.01,JXN,COMMON STOCK,46817M107,US46817M1071,BMFX6P4,11507.0,1246093.03,0.21023444182016013,0,,FINANCIALS,UNITED STATES,AVMV,2026-05-14,,,,,,,,,,,,,
MASIMO CORP COMMON STOCK USD.001,MASI,COMMON STOCK,574795100,US5747951003,B1YWR63,6976.0,1244588.16,0.20998054785169623,0,,HEALTH CARE,UNITED STATES,AVMV,2026-05-14,,,,,,,,,,,,,
TAPESTRY INC COMMON STOCK USD.01,TPR,COMMON STOCK,876030107,US8760301072,BF09HX3,9204.0,1221370.8,0.20606343363740862,0,,CONSUMER DISCRETIONARY,UNITED STATES,AVMV,2026-05-14,,,,,,,,,,,,,
CULLEN/FROST BANKERS INC COMMON STOCK USD.01,CFR,COMMON STOCK,229899109,US2298991090,2239556,9055.0,1219255.75,0.20570659322062873,0,,FINANCIALS,UNITED STATES,AVMV,2026-05-14,,,,,,,,,,,,,
WESTERN ALLIANCE BANCORP COMMON STOCK USD.0001,WAL,COMMON STOCK,957638109,US9576381092,B0CCGJ4,16170.0,1205473.5,0.2033813225016553,0,,FINANCIALS,UNITED STATES,AVMV,2026-05-14,,,,,,,,,,,,,
HUNTINGTON INGALLS INDUSTRIE COMMON STOCK USD.01,HII,COMMON STOCK,446413106,US4464131063,B40SSC9,3574.0,1194502.28,0.20153031438488073,0,,INDUSTRIALS,UNITED STATES,AVMV,2026-05-14,,,,,,,,,,,,,
COREBRIDGE FINANCIAL INC COMMON STOCK USD.01,CRBG,COMMON STOCK,21871X109,US21871X1090,BMTX0G9,44207.0,1168833.08,0.1971995382678118,0,,FINANCIALS,UNITED STATES,AVMV,2026-05-14,,,,,,,,,,,,,
ARMSTRONG WORLD INDUSTRIES COMMON STOCK USD.01,AWI,COMMON STOCK,04247X102,US04247X1028,B1FT462,7291.0,1152269.64,0.1944050393987974,0,,INDUSTRIALS,UNITED STATES,AVMV,2026-05-14,,,,,,,,,,,,,
HUNTINGTON BANCSHARES INC COMMON STOCK USD.01,HBAN,COMMON STOCK,446150104,US4461501045,2445966,75065.0,1152247.75,0.1944013462299724,0,,FINANCIALS,UNITED STATES,AVMV,2026-05-14,,,,,,,,,,,,,
SPROUTS FARMERS MARKET INC COMMON STOCK USD.001,SFM,COMMON STOCK,85208M102,US85208M1027,BCGCR79,12910.0,1139565.7,0.19226169562709136,0,,CONSUMER STAPLES,UNITED STATES,AVMV,2026-05-14,,,,,,,,,,,,,
MOSAIC CO/THE COMMON STOCK USD.01,MOS,COMMON STOCK,61945C103,US61945C1036,B3NPHP6,50000.0,1139000.0,0.1921662536168446,0,,MATERIALS,UNITED STATES,AVMV,2026-05-14,,,,,,,,,,,,,
BROWN FORMAN CORP CLASS B COMMON STOCK USD.15,BF.B,COMMON STOCK,115637209,US1156372096,2146838,43314.0,1133094.24,0.19116986399967148,0,,CONSUMER STAPLES,UNITED STATES,AVMV,2026-05-14,,,,,,,,,,,,,
MOLSON COORS BEVERAGE CO   B COMMON STOCK USD.01,TAP,COMMON STOCK,60871R209,US60871R2094,B067BM3,27111.0,1122937.62,0.1894562910279332,0,,CONSUMER STAPLES,UNITED STATES,AVMV,2026-05-14,,,,,,,,,,,,,
CIRRUS LOGIC INC COMMON STOCK USD.001,CRUS,COMMON STOCK,172755100,US1727551004,2197308,6730.0,1120174.85,0.18899017060606751,0,,INFORMATION TECHNOLOGY,UNITED STATES,AVMV,2026-05-14,,,,,,,,,,,,,
KIRBY CORP COMMON STOCK USD.1,KEX,COMMON STOCK,497266106,US4972661064,2493534,7608.0,1116093.6,0.18830160298308796,0,,INDUSTRIALS,UNITED STATES,AVMV,2026-05-14,,,,,,,,,,,,,
COMMERCE BANCSHARES INC COMMON STOCK USD5.0,CBSH,COMMON STOCK,200525103,US2005251036,2213204,21925.0,1103266.0,0.186137395928746,0,,FINANCIALS,UNITED STATES,AVMV,2026-05-14,,,,,,,,,,,,,
CLEAN HARBORS INC COMMON STOCK USD.01,CLH,COMMON STOCK,184496107,US1844961078,2202473,3628.0,1099102.6,0.18543496837799242,0,,INDUSTRIALS,UNITED STATES,AVMV,2026-05-14,,,,,,,,,,,,,
PAYCOM SOFTWARE INC COMMON STOCK USD.01,PAYC,COMMON STOCK,70432V102,US70432V1026,BL95MY0,8038.0,1084326.2,0.1829419697564437,0,,INDUSTRIALS,UNITED STATES,AVMV,2026-05-14,,,,,,,,,,,,,
GAP INC/THE COMMON STOCK USD.05,GAP,COMMON STOCK,364760108,US3647601083,2360326,51155.0,1075278.1,0.18141542060863813,0,,CONSUMER DISCRETIONARY,UNITED STATES,AVMV,2026-05-14,,,,,,,,,,,,,
MANHATTAN ASSOCIATES INC COMMON STOCK USD.01,MANH,COMMON STOCK,562750109,US5627501092,2239471,8324.0,1045161.44,0.17633429179068177,0,,INFORMATION TECHNOLOGY,UNITED STATES,AVMV,2026-05-14,,,,,,,,,,,,,
ONEMAIN HOLDINGS INC COMMON STOCK USD.01,OMF,COMMON STOCK,68268W103,US68268W1036,BYSZB89,19795.0,1038049.8,0.17513445226840638,0,,FINANCIALS,UNITED STATES,AVMV,2026-05-14,,,,,,,,,,,,,
AUTONATION INC COMMON STOCK USD.01,AN,COMMON STOCK,05329W102,US05329W1027,2732635,5306.0,1014029.66,0.17108189711901908,0,,CONSUMER DISCRETIONARY,UNITED STATES,AVMV,2026-05-14,,,,,,,,,,,,,
COLUMBIA BANKING SYSTEM INC COMMON STOCK,COLB,COMMON STOCK,197236102,US1972361026,2176608,35258.0,1012257.18,0.17078285336027388,0,,FINANCIALS,UNITED STATES,AVMV,2026-05-14,,,,,,,,,,,,,
LITHIA MOTORS INC COMMON STOCK,LAD,COMMON STOCK,536797103,US5367971034,2515030,3702.0,1011460.44,0.17064843146307748,0,,CONSUMER DISCRETIONARY,UNITED STATES,AVMV,2026-05-14,,,,,,,,,,,,,
MAPLEBEAR INC COMMON STOCK USD.0001,CART,COMMON STOCK,565394103,US5653941030,BN4L6W3,25033.0,1000068.35,0.16872641631280014,0,,CONSUMER STAPLES,UNITED STATES,AVMV,2026-05-14,,,,,,,,,,,,,
CLEAR SECURE INC  CLASS A COMMON STOCK USD.00001,YOU,COMMON STOCK,18467V109,US18467V1098,BLD30T1,17942.0,996498.68,0.16812415985051002,0,,INFORMATION TECHNOLOGY,UNITED STATES,AVMV,2026-05-14,,,,,,,,,,,,,
SMITH (A.O.) CORP COMMON STOCK USD1.0,AOS,COMMON STOCK,831865209,US8318652091,2816023,17365.0,989457.7,0.16693624172198399,0,,INDUSTRIALS,UNITED STATES,AVMV,2026-05-14,,,,,,,,,,,,,
CHORD ENERGY CORP COMMON STOCK,CHRD,COMMON STOCK,674215207,US6742152076,BLDDYB1,6965.0,989238.95,0.1668993353409667,0,,ENERGY,UNITED STATES,AVMV,2026-05-14,,,,,,,,,,,,,
PRIMORIS SERVICES CORP COMMON STOCK USD.0001,PRIM,COMMON STOCK,74164F103,US74164F1030,B1GC200,8730.0,985966.2,0.16634717370222699,0,,INDUSTRIALS,UNITED STATES,AVMV,2026-05-14,,,,,,,,,,,,,
LINCOLN NATIONAL CORP COMMON STOCK,LNC,COMMON STOCK,534187109,US5341871094,2516378,28837.0,982476.59,0.165758424553602,0,,FINANCIALS,UNITED STATES,AVMV,2026-05-14,,,,,,,,,,,,,
WEATHERFORD INTERNATIONAL PL COMMON STOCK USD.001,WFRD,COMMON STOCK,G48833118,IE00BLNN3691,BLNN369,8988.0,980411.04,0.1654099355236123,0,,ENERGY,UNITED STATES,AVMV,2026-05-14,,,,,,,,,,,,,
WEBSTER FINANCIAL CORP COMMON STOCK USD.01,WBS,COMMON STOCK,947890109,US9478901096,2945143,13609.0,975357.03,0.16455724880944017,0,,FINANCIALS,UNITED STATES,AVMV,2026-05-14,,,,,,,,,,,,,
IES HOLDINGS INC COMMON STOCK USD.01,IESC,COMMON STOCK,44951W106,US44951W1062,BD978B9,1423.0,964480.94,0.1627222905396424,0,,INDUSTRIALS,UNITED STATES,AVMV,2026-05-14,,,,,,,,,,,,,
ILLUMINA INC COMMON STOCK USD.01,ILMN,COMMON STOCK,452327109,US4523271090,2613990,6503.0,942935.0,0.15908716975785725,0,,HEALTH CARE,UNITED STATES,AVMV,2026-05-14,,,,,,,,,,,,,
KINSALE CAPITAL GROUP INC COMMON STOCK USD.01,KNSL,COMMON STOCK,49714P108,US49714P1084,BD1MGQ3,3082.0,926017.72,0.15623297281405812,0,,FINANCIALS,UNITED STATES,AVMV,2026-05-14,,,,,,,,,,,,,
ENSIGN GROUP INC/THE COMMON STOCK USD.001,ENSG,COMMON STOCK,29358P101,US29358P1012,B1YWPP8,5156.0,917768.0,0.15484112225585975,0,,HEALTH CARE,UNITED STATES,AVMV,2026-05-14,,,,,,,,,,,,,
EAGLE MATERIALS INC COMMON STOCK USD.01,EXP,COMMON STOCK,26969P108,US26969P1084,2191399,4518.0,900708.48,0.15196292730686797,0,,MATERIALS,UNITED STATES,AVMV,2026-05-14,,,,,,,,,,,,,
VOYA FINANCIAL INC COMMON STOCK USD.01,VOYA,COMMON STOCK,929089100,US9290891004,BKWQ2N2,11040.0,899980.8,0.15184015685960556,0,,FINANCIALS,UNITED STATES,AVMV,2026-05-14,,,,,,,,,,,,,
NOV INC COMMON STOCK USD.01,NOV,COMMON STOCK,62955J103,US62955J1034,BN2RYW9,43377.0,888794.73,0.14995290034986386,0,,ENERGY,UNITED STATES,AVMV,2026-05-14,,,,,,,,,,,,,
LEAR CORP COMMON STOCK USD.01,LEA,COMMON STOCK,521865204,US5218652049,B570P91,6389.0,879190.29,0.14833248836313184,0,,CONSUMER DISCRETIONARY,UNITED STATES,AVMV,2026-05-14,,,,,,,,,,,,,
HESS MIDSTREAM LP   CLASS A COMMON STOCK,HESM,COMMON STOCK,428103105,US4281031058,BKPK695,22596.0,877176.72,0.14799276913284629,0,,ENERGY,UNITED STATES,AVMV,2026-05-14,,,,,,,,,,,,,
SOUTHWEST AIRLINES CO COMMON STOCK USD1.0,LUV,COMMON STOCK,844741108,US8447411088,2831543,22003.0,867138.23,0.14629912645043175,0,,INDUSTRIALS,UNITED STATES,AVMV,2026-05-14,,,,,,,,,,,,,
U HAUL HOLDING CO NON VOTING COMMON STOCK USD.001,UHAL.B,COMMON STOCK,023586506,US0235865062,BP0VMC3,17852.0,820477.92,0.13842683763102823,0,,INDUSTRIALS,UNITED STATES,AVMV,2026-05-14,,,,,,,,,,,,,
MOHAWK INDUSTRIES INC COMMON STOCK USD.01,MHK,COMMON STOCK,608190104,US6081901042,2598699,8017.0,785024.64,0.13244534158534868,0,,CONSUMER DISCRETIONARY,UNITED STATES,AVMV,2026-05-14,,,,,,,,,,,,,
GLOBALSTAR INC COMMON STOCK USD.0001,GSAT,COMMON STOCK,378973507,US3789735079,BRJMM32,9427.0,776124.91,0.13094382466497867,0,,COMMUNICATION SERVICES,UNITED STATES,AVMV,2026-05-14,,,,,,,,,,,,,
TIMKEN CO COMMON STOCK,TKR,COMMON STOCK,887389104,US8873891043,2892807,6509.0,753351.66,0.12710163841811317,0,,INDUSTRIALS,UNITED STATES,AVMV,2026-05-14,,,,,,,,,,,,,
TEREX CORP COMMON STOCK USD.01,TEX,COMMON STOCK,880779103,US8807791038,2884224,11923.0,746856.72,0.12600584536520168,0,,INDUSTRIALS,UNITED STATES,AVMV,2026-05-14,,,,,,,,,,,,,
NEWMARKET CORP COMMON STOCK,NEU,COMMON STOCK,651587107,US6515871076,B01CGF1,1080.0,745956.0,0.12585388049429932,0,,MATERIALS,UNITED STATES,AVMV,2026-05-14,,,,,,,,,,,,,
CARLYLE GROUP INC/THE COMMON STOCK USD1.0,CG,COMMON STOCK,14316J108,US14316J1088,BKRTG56,15101.0,742365.16,0.12524805233790118,0,,FINANCIALS,UNITED STATES,AVMV,2026-05-14,,,,,,,,,,,,,
ENERSYS COMMON STOCK USD.01,ENS,COMMON STOCK,29275Y102,US29275Y1029,B020GQ5,3136.0,730625.28,0.12326735983789125,0,,INDUSTRIALS,UNITED STATES,AVMV,2026-05-14,,,,,,,,,,,,,
EASTMAN CHEMICAL CO COMMON STOCK USD.01,EMN,COMMON STOCK,277432100,US2774321002,2298386,9708.0,716741.64,0.1209249831167631,0,,MATERIALS,UNITED STATES,AVMV,2026-05-14,,,,,,,,,,,,,
BOYD GAMING CORP COMMON STOCK USD.01,BYD,COMMON STOCK,103304101,US1033041013,2117232,8833.0,711674.81,0.12007013347776974,0,,CONSUMER DISCRETIONARY,UNITED STATES,AVMV,2026-05-14,,,,,,,,,,,,,
GALAXY DIGITAL INC A COMMON STOCK USD.001,GLXY,COMMON STOCK,36317J209,US36317J2096,BV97X10,22992.0,708383.52,0.1195148438650686,0,,FINANCIALS,UNITED STATES,AVMV,2026-05-14,,,,,,,,,,,,,
MGIC INVESTMENT CORP COMMON STOCK USD1.0,MTG,COMMON STOCK,552848103,US5528481030,2548616,27239.0,702221.42,0.11847520587436415,0,,FINANCIALS,UNITED STATES,AVMV,2026-05-14,,,,,,,,,,,,,
NOBLE CORP PLC COMMON STOCK USD.00001,NE,COMMON STOCK,G65431127,GB00BMXNWH07,BN2QTL0,13646.0,699221.04,0.11796899710875669,0,,ENERGY,UNITED STATES,AVMV,2026-05-14,,,,,,,,,,,,,
VIASAT INC COMMON STOCK USD.0001,VSAT,COMMON STOCK,92552V100,US92552V1008,2946243,9173.0,647430.34,0.10923113513229142,0,,INFORMATION TECHNOLOGY,UNITED STATES,AVMV,2026-05-14,,,,,,,,,,,,,
ESSENT GROUP LTD COMMON STOCK USD.015,ESNT,COMMON STOCK,G3198U102,BMG3198U1027,BFWGXR8,10779.0,646093.26,0.10900554983432303,0,,FINANCIALS,UNITED STATES,AVMV,2026-05-14,,,,,,,,,,,,,
OSHKOSH CORP COMMON STOCK USD.01,OSK,COMMON STOCK,688239201,US6882392011,2663520,5118.0,641336.58,0.10820302711680399,0,,INDUSTRIALS,UNITED STATES,AVMV,2026-05-14,,,,,,,,,,,,,
INSTALLED BUILDING PRODUCTS COMMON STOCK USD.01,IBP,COMMON STOCK,45780R101,US45780R1014,BJSP4C9,3073.0,634144.28,0.10698957905193271,0,,CONSUMER DISCRETIONARY,UNITED STATES,AVMV,2026-05-14,,,,,,,,,,,,,
BRINKER INTERNATIONAL INC COMMON STOCK USD.1,EAT,COMMON STOCK,109641100,US1096411004,2193544,4989.0,630410.04,0.10635955718107566,0,,CONSUMER DISCRETIONARY,UNITED STATES,AVMV,2026-05-14,,,,,,,,,,,,,
ARGAN INC COMMON STOCK USD.15,AGX,COMMON STOCK,04010E109,US04010E1091,2804501,837.0,602573.04,0.10166304093706152,0,,INDUSTRIALS,UNITED STATES,AVMV,2026-05-14,,,,,,,,,,,,,
MATADOR RESOURCES CO COMMON STOCK USD.01,MTDR,COMMON STOCK,576485205,US5764852050,B7MSLL8,10479.0,600551.49,0.10132197536199643,0,,ENERGY,UNITED STATES,AVMV,2026-05-14,,,,,,,,,,,,,
LAMB WESTON HOLDINGS INC COMMON STOCK USD1.0,LW,COMMON STOCK,513272104,US5132721045,BDQZFJ3,14447.0,600128.38,0.10125059040715198,0,,CONSUMER STAPLES,UNITED STATES,AVMV,2026-05-14,,,,,,,,,,,,,
JEFFERIES FINANCIAL GROUP IN COMMON STOCK USD1.0,JEF,COMMON STOCK,47233W109,US47233W1099,BG0Q4Z2,10992.0,586093.44,0.09888268712397622,0,,FINANCIALS,UNITED STATES,AVMV,2026-05-14,,,,,,,,,,,,,
GENPACT LTD COMMON STOCK USD.01,G,COMMON STOCK,G3922B107,BMG3922B1072,B23DBK6,19489.0,573756.16,0.09680120435187611,0,,INDUSTRIALS,UNITED STATES,AVMV,2026-05-14,,,,,,,,,,,,,
UMB FINANCIAL CORP COMMON STOCK USD1.0,UMBF,COMMON STOCK,902788108,US9027881088,2918510,4535.0,573087.95,0.09668846737880382,0,,FINANCIALS,UNITED STATES,AVMV,2026-05-14,,,,,,,,,,,,,
URBAN OUTFITTERS INC COMMON STOCK USD.0001,URBN,COMMON STOCK,917047102,US9170471026,2933438,8621.0,572520.61,0.09659274867614626,0,,CONSUMER DISCRETIONARY,UNITED STATES,AVMV,2026-05-14,,,,,,,,,,,,,
VERSIGENT PLC COMMON STOCK USD.01,VGNT,COMMON STOCK,G9600F104,JE00BWK75100,BWK7510,11729.0,513730.2,0.08667393143444453,0,,CONSUMER DISCRETIONARY,UNITED STATES,AVMV,2026-05-14,,,,,,,,,,,,,
WEST PHARMACEUTICAL SERVICES COMMON STOCK USD.25,WST,COMMON STOCK,955306105,US9553061055,2950482,1696.0,512870.4,0.08652887037662209,0,,HEALTH CARE,UNITED STATES,AVMV,2026-05-14,,,,,,,,,,,,,
ALBEMARLE CORP COMMON STOCK USD.01,ALB,COMMON STOCK,012653101,US0126531013,2046853,2544.0,511191.36,0.08624559133669861,0,,MATERIALS,UNITED STATES,AVMV,2026-05-14,,,,,,,,,,,,,
FLUOR CORP COMMON STOCK USD.01,FLR,COMMON STOCK,343412102,US3434121022,2696838,10920.0,491727.6,0.08296176531343487,0,,INDUSTRIALS,UNITED STATES,AVMV,2026-05-14,,,,,,,,,,,,,
FERGUSON ENTERPRISES INC COMMON STOCK USD.0001,FERG,COMMON STOCK,31488V107,US31488V1070,BS6VHW3,2087.0,487564.94,0.08225946261169591,0,,INDUSTRIALS,UNITED STATES,AVMV,2026-05-14,,,,,,,,,,,,,
SM ENERGY CO COMMON STOCK USD.01,SM,COMMON STOCK,78454L100,US78454L1008,2764188,13469.0,419828.73,0.0708313557548883,0,,ENERGY,UNITED STATES,AVMV,2026-05-14,,,,,,,,,,,,,
TEXAS PACIFIC LAND CORP COMMON STOCK USD.01,TPL,COMMON STOCK,88262P102,US88262P1021,BM99VY2,1052.0,406608.52,0.0686009095496838,0,,ENERGY,UNITED STATES,AVMV,2026-05-14,,,,,,,,,,,,,
PEGASYSTEMS INC COMMON STOCK USD.01,PEGA,COMMON STOCK,705573103,US7055731035,2675860,12373.0,404844.56,0.0683033032417558,0,,INFORMATION TECHNOLOGY,UNITED STATES,AVMV,2026-05-14,,,,,,,,,,,,,
ARROWHEAD PHARMACEUTICALS IN COMMON STOCK USD.001,ARWR,COMMON STOCK,04280A100,US04280A1007,BYQBFJ8,5034.0,392047.92,0.06614431960024268,0,,HEALTH CARE,UNITED STATES,AVMV,2026-05-14,,,,,,,,,,,,,
FIRST AMERICAN FINANCIAL COMMON STOCK USD.00001,FAF,COMMON STOCK,31847R102,US31847R1023,B4NFPK4,5780.0,386450.8,0.06520000214506805,0,,FINANCIALS,UNITED STATES,AVMV,2026-05-14,,,,,,,,,,,,,
KEYCORP COMMON STOCK USD1.0,KEY,COMMON STOCK,493267108,US4932671088,2490911,18461.0,383065.75,0.06462889382478208,0,,FINANCIALS,UNITED STATES,AVMV,2026-05-14,,,,,,,,,,,,,
SOUTHSTATE BANK CORP COMMON STOCK USD2.5,SSB,COMMON STOCK,84472E102,US84472E1029,BVDCQB2,4094.0,376279.54,0.06348395918741846,0,,FINANCIALS,UNITED STATES,AVMV,2026-05-14,,,,,,,,,,,,,
BOK FINANCIAL CORPORATION COMMON STOCK USD.00006,BOKF,COMMON STOCK,05561Q201,US05561Q2012,2109091,2773.0,351976.89,0.059383740395968596,0,,FINANCIALS,UNITED STATES,AVMV,2026-05-14,,,,,,,,,,,,,
STONEX GROUP INC COMMON STOCK USD.01,SNEX,COMMON STOCK,861896108,US8618961085,BMQ8XV3,3011.0,349366.33,0.058943300066695556,0,,FINANCIALS,UNITED STATES,AVMV,2026-05-14,,,,,,,,,,,,,
WESTLAKE CORP COMMON STOCK USD.01,WLK,COMMON STOCK,960413102,US9604131022,B01ZP20,3752.0,346197.04,0.05840859366992178,0,,MATERIALS,UNITED STATES,AVMV,2026-05-14,,,,,,,,,,,,,
LEVI STRAUSS + CO  CLASS A COMMON STOCK USD.001,LEVI,COMMON STOCK,52736R102,US52736R1023,BHRWS81,16068.0,343373.16,0.0579321630814551,0,,CONSUMER DISCRETIONARY,UNITED STATES,AVMV,2026-05-14,,,,,,,,,,,,,
SSC GOVERNMENT MM GVMXX,OTHER,SWEEP INVESTMENT VEHICLE,7839989D1,,,327999.0,327998.58,0.055338242590206234,3.556122,12/31/2030,MISCELLANEOUS,UNITED STATES,AVMV,2026-05-14,,,,,,,,,,,,,
DILLARDS INC CL A COMMON STOCK,DDS,COMMON STOCK,254067101,US2540671011,2269768,601.0,320284.92,0.05403683333307357,0,,CONSUMER DISCRETIONARY,UNITED STATES,AVMV,2026-05-14,,,,,,,,,,,,,
VALARIS LTD COMMON STOCK USD.01,VAL,COMMON STOCK,G9460G101,BMG9460G1015,BMY0YX0,3143.0,310999.85,0.05247030381905235,0,,ENERGY,UNITED STATES,AVMV,2026-05-14,,,,,,,,,,,,,
FACTSET RESEARCH SYSTEMS INC COMMON STOCK USD.01,FDS,COMMON STOCK,303075105,US3030751057,2329770,1455.0,293720.85,0.049555079327177495,0,,FINANCIALS,UNITED STATES,AVMV,2026-05-14,,,,,,,,,,,,,
ERIE INDEMNITY COMPANY CL A COMMON STOCK,ERIE,COMMON STOCK,29530P102,US29530P1021,2311711,1366.0,290493.56,0.04901058746709401,0,,FINANCIALS,UNITED STATES,AVMV,2026-05-14,,,,,,,,,,,,,
AXALTA COATING SYSTEMS LTD COMMON STOCK USD1.0,AXTA,COMMON STOCK,G0750C108,BMG0750C1082,BSFWCF5,9985.0,278681.35,0.0470176918194773,0,,MATERIALS,UNITED STATES,AVMV,2026-05-14,,,,,,,,,,,,,
CINCINNATI FINANCIAL CORP COMMON STOCK USD2.0,CINF,COMMON STOCK,172062101,US1720621010,2196888,1687.0,275419.62,0.046467389418766436,0,,FINANCIALS,UNITED STATES,AVMV,2026-05-14,,,,,,,,,,,,,
PAYLOCITY HOLDING CORP COMMON STOCK USD.001,PCTY,COMMON STOCK,70438V106,US70438V1061,BKM4N88,2523.0,262972.29,0.04436733957361055,0,,INDUSTRIALS,UNITED STATES,AVMV,2026-05-14,,,,,,,,,,,,,
UNUM GROUP COMMON STOCK USD.1,UNM,COMMON STOCK,91529Y106,US91529Y1064,2433842,3136.0,252228.48,0.04255469890875437,0,,FINANCIALS,UNITED STATES,AVMV,2026-05-14,,,,,,,,,,,,,
MARKETAXESS HOLDINGS INC COMMON STOCK USD.003,MKTX,COMMON STOCK,57060D108,US57060D1081,B03Q9D0,1776.0,247361.28,0.04173352982218377,0,,FINANCIALS,UNITED STATES,AVMV,2026-05-14,,,,,,,,,,,,,
FIRST HORIZON CORP COMMON STOCK USD.625,FHN,COMMON STOCK,320517105,US3205171057,2341484,10465.0,245194.95,0.041368037706119,0,,FINANCIALS,UNITED STATES,AVMV,2026-05-14,,,,,,,,,,,,,
UBIQUITI INC COMMON STOCK USD.001,UI,COMMON STOCK,90353W103,US90353W1036,BK9Z6V8,360.0,239317.2,0.040376373792864906,0,,INFORMATION TECHNOLOGY,UNITED STATES,AVMV,2026-05-14,,,,,,,,,,,,,
VIRTU FINANCIAL INC CLASS A COMMON STOCK USD.00001,VIRT,COMMON STOCK,928254101,US9282541013,BWTVWD4,4450.0,238475.5,0.040234366474454636,0,,FINANCIALS,UNITED STATES,AVMV,2026-05-14,,,,,,,,,,,,,
GLOBALFOUNDRIES INC COMMON STOCK USD.02,GFS,COMMON STOCK,G39387108,KYG393871085,BMW7F63,3031.0,227294.69,0.03834799740500622,0,,INFORMATION TECHNOLOGY,UNITED STATES,AVMV,2026-05-14,,,,,,,,,,,,,
PILGRIM S PRIDE CORP COMMON STOCK USD.01,PPC,COMMON STOCK,72147K108,US72147K1088,B5L3PZ2,7913.0,220456.18,0.03719423897917537,0,,CONSUMER STAPLES,UNITED STATES,AVMV,2026-05-14,,,,,,,,,,,,,
ARCHROCK INC COMMON STOCK USD.01,AROC,COMMON STOCK,03957W106,US03957W1062,BYRGSX7,5431.0,199860.8,0.03371949181814351,0,,ENERGY,UNITED STATES,AVMV,2026-05-14,,,,,,,,,,,,,
SNAP ON INC COMMON STOCK USD1.0,SNA,COMMON STOCK,833034101,US8330341012,2818740,520.0,190632.0,0.032162455890681584,0,,INDUSTRIALS,UNITED STATES,AVMV,2026-05-14,,,,,,,,,,,,,
BROWN FORMAN CORP CLASS A COMMON STOCK USD.15,BF.A,COMMON STOCK,115637100,US1156371007,2146816,6693.0,180844.86,0.03051121969452393,0,,CONSUMER STAPLES,UNITED STATES,AVMV,2026-05-14,,,,,,,,,,,,,
SEI INVESTMENTS COMPANY COMMON STOCK USD.01,SEIC,COMMON STOCK,784117103,US7841171033,2793610,1935.0,178484.4,0.03011297495790197,0,,FINANCIALS,UNITED STATES,AVMV,2026-05-14,,,,,,,,,,,,,
RED ROCK RESORTS INC CLASS A COMMON STOCK USD.01,RRR,COMMON STOCK,75700L108,US75700L1089,BYY9947,3222.0,164450.88,0.027745311249862407,0,,CONSUMER DISCRETIONARY,UNITED STATES,AVMV,2026-05-14,,,,,,,,,,,,,
SMITHFIELD FOODS INC COMMON STOCK NPV,SFD,COMMON STOCK,832248207,US8322482071,BS893N8,6530.0,162711.27,0.027451813149375667,0,,CONSUMER STAPLES,UNITED STATES,AVMV,2026-05-14,,,,,,,,,,,,,
LENNAR CORP   B SHS COMMON STOCK USD.1,LEN.B,COMMON STOCK,526057302,US5260573028,2578293,1900.0,157681.0,0.026603131726565126,0,,CONSUMER DISCRETIONARY,UNITED STATES,AVMV,2026-05-14,,,,,,,,,,,,,
CHEWY INC   CLASS A COMMON STOCK USD.01,CHWY,COMMON STOCK,16679L109,US16679L1098,BJLFHW7,6976.0,151030.4,0.025481076514708947,0,,CONSUMER DISCRETIONARY,UNITED STATES,AVMV,2026-05-14,,,,,,,,,,,,,
TRANSOCEAN LTD COMMON STOCK CHF.1,RIG,COMMON STOCK,H8817H100,CH0048265513,B3KFWW1,21472.0,142144.64,0.023981916541277504,0,,ENERGY,UNITED STATES,AVMV,2026-05-14,,,,,,,,,,,,,
CNA FINANCIAL CORP COMMON STOCK USD2.5,CNA,COMMON STOCK,126117100,US1261171003,2204866,3112.0,132726.8,0.022392986752021254,0,,FINANCIALS,UNITED STATES,AVMV,2026-05-14,,,,,,,,,,,,,
RPM INTERNATIONAL INC COMMON STOCK USD.01,RPM,COMMON STOCK,749685103,US7496851038,2756174,1316.0,127849.4,0.02157009677362723,0,,MATERIALS,UNITED STATES,AVMV,2026-05-14,,,,,,,,,,,,,
ENACT HOLDINGS INC COMMON STOCK USD.01,ACT,COMMON STOCK,29249E109,US29249E1091,BNZFTG9,2726.0,116318.42,0.019624648813020767,0,,FINANCIALS,UNITED STATES,AVMV,2026-05-14,,,,,,,,,,,,,
MOOG INC CLASS A COMMON STOCK USD1.0,MOG.A,COMMON STOCK,615394202,US6153942023,2601218,374.0,115150.86,0.019427664062298306,0,,INDUSTRIALS,UNITED STATES,AVMV,2026-05-14,,,,,,,,,,,,,
OLD NATIONAL BANCORP COMMON STOCK,ONB,COMMON STOCK,680033107,US6800331075,2658441,4730.0,110871.2,0.018705621719055227,0,,FINANCIALS,UNITED STATES,AVMV,2026-05-14,,,,,,,,,,,,,
HEXCEL CORP COMMON STOCK USD.01,HXL,COMMON STOCK,428291108,US4282911084,2416779,967.0,89515.19,0.015102544955311705,0,,INDUSTRIALS,UNITED STATES,AVMV,2026-05-14,,,,,,,,,,,,,
HANOVER INSURANCE GROUP INC/ COMMON STOCK USD.01,THG,COMMON STOCK,410867105,US4108671052,2020415,401.0,75909.3,0.01280702879339521,0,,FINANCIALS,UNITED STATES,AVMV,2026-05-14,,,,,,,,,,,,,
COMSTOCK RESOURCES INC COMMON STOCK USD.5,CRK,COMMON STOCK,205768302,US2057683029,BD82PS1,5173.0,75267.15,0.012698688530216933,0,,ENERGY,UNITED STATES,AVMV,2026-05-14,,,,,,,,,,,,,
DOCUSIGN INC COMMON STOCK USD.0001,DOCU,COMMON STOCK,256163106,US2561631068,BFYT7B7,1575.0,70985.25,0.011976268265632238,0,,INFORMATION TECHNOLOGY,UNITED STATES,AVMV,2026-05-14,,,,,,,,,,,,,
U HAUL HOLDING CO COMMON STOCK USD.25,UHAL,COMMON STOCK,023586100,US0235861004,2028174,1430.0,70856.5,0.011954546224233495,0,,INDUSTRIALS,UNITED STATES,AVMV,2026-05-14,,,,,,,,,,,,,
LYFT INC A COMMON STOCK USD.00001,LYFT,COMMON STOCK,55087P104,US55087P1049,BJT1RW7,5158.0,70561.44,0.01190476521036854,0,,INDUSTRIALS,UNITED STATES,AVMV,2026-05-14,,,,,,,,,,,,,
CARLISLE COS INC COMMON STOCK USD1.0,CSL,COMMON STOCK,142339100,US1423391002,2176318,194.0,67089.08,0.011318926393503757,0,,INDUSTRIALS,UNITED STATES,AVMV,2026-05-14,,,,,,,,,,,,,
CARMAX INC COMMON STOCK USD.5,KMX,COMMON STOCK,143130102,US1431301027,2983563,1381.0,51193.67,0.008637134128882397,0,,CONSUMER DISCRETIONARY,UNITED STATES,AVMV,2026-05-14,,,,,,,,,,,,,
TAKE TWO INTERACTIVE SOFTWRE COMMON STOCK USD.01,TTWO,COMMON STOCK,874054109,US8740541094,2122117,151.0,34275.49,0.005782785341687113,0,,COMMUNICATION SERVICES,UNITED STATES,AVMV,2026-05-14,,,,,,,,,,,,,
STERLING INFRASTRUCTURE INC COMMON STOCK USD.01,STRL,COMMON STOCK,859241101,US8592411016,2632876,40.0,34171.2,0.005765190066366919,0,,INDUSTRIALS,UNITED STATES,AVMV,2026-05-14,,,,,,,,,,,,,
FASTENAL CO COMMON STOCK USD.01,FAST,COMMON STOCK,311900104,US3119001044,2332262,728.0,31864.56,0.005376025564836842,0,,INDUSTRIALS,UNITED STATES,AVMV,2026-05-14,,,,,,,,,,,,,
INGRAM MICRO HOLDING CORP COMMON STOCK USD.01,INGM,COMMON STOCK,457152106,US4571521065,BS5YN47,698.0,18029.34,0.0030418180184234606,0,,INFORMATION TECHNOLOGY,UNITED STATES,AVMV,2026-05-14,,,,,,,,,,,,,
MATTEL INC COMMON STOCK USD1.0,MAT,COMMON STOCK,577081102,US5770811025,2572303,996.0,14760.72,0.002490353172157358,0,,CONSUMER DISCRETIONARY,UNITED STATES,AVMV,2026-05-14,,,,,,,,,,,,,
JONES LANG LASALLE INC COMMON STOCK USD.01,JLL,COMMON STOCK,48020Q107,US48020Q1076,2040640,47.0,14601.02,0.002463409405078684,0,,REAL ESTATE,UNITED STATES,AVMV,2026-05-14,,,,,,,,,,,,,
ALIGN TECHNOLOGY INC COMMON STOCK USD.0001,ALGN,COMMON STOCK,016255101,US0162551016,2679204,86.0,13910.5,0.0023469084029298657,0,,HEALTH CARE,UNITED STATES,AVMV,2026-05-14,,,,,,,,,,,,,
FLOWSERVE CORP COMMON STOCK USD1.25,FLS,COMMON STOCK,34354P105,US34354P1057,2288406,175.0,11630.5,0.001962238465926876,0,,INDUSTRIALS,UNITED STATES,AVMV,2026-05-14,,,,,,,,,,,,,
MYR GROUP INC/DELAWARE COMMON STOCK USD.01,MYRG,COMMON STOCK,55405W104,US55405W1045,B3CLS18,22.0,10295.34,0.0017369771005370021,0,,INDUSTRIALS,UNITED STATES,AVMV,2026-05-14,,,,,,,,,,,,,
APTARGROUP INC COMMON STOCK USD.01,ATR,COMMON STOCK,038336103,US0383361039,2045247,85.0,10019.8,0.0016904894012204211,0,,MATERIALS,UNITED STATES,AVMV,2026-05-14,,,,,,,,,,,,,
LIFE TIME GROUP HOLDINGS INC COMMON STOCK USD.01,LTH,COMMON STOCK,53190C102,US53190C1027,BPH0546,188.0,6352.52,0.0010717646790395767,0,,CONSUMER DISCRETIONARY,UNITED STATES,AVMV,2026-05-14,,,,,,,,,,,,,
NATIONAL BEVERAGE CORP COMMON STOCK USD.01,FIZZ,COMMON STOCK,635017106,US6350171061,2638625,5.0,174.05,2.9364825673408085e-05,0,,CONSUMER STAPLES,UNITED STATES,AVMV,2026-05-14,,,,,,,,,,,,,
OLIN CORP COMMON STOCK USD1.0,OLN,COMMON STOCK,680665205,US6806652052,2658526,6.0,169.14,2.8536435589774448e-05,0,,MATERIALS,UNITED STATES,AVMV,2026-05-14,,,,,,,,,,,,,
C.H. ROBINSON WORLDWIDE INC COMMON STOCK USD.1,CHRW,COMMON STOCK,12541W209,US12541W2098,2116228,1.0,163.26,2.7544392068029897e-05,0,,INDUSTRIALS,UNITED STATES,AVMV,2026-05-14,,,,,,,,,,,,,
CLARIVATE PLC COMMON STOCK USD.01,CLVT,COMMON STOCK,G21810109,JE00BJJN4441,BJJN444,40.0,97.6,1.6466572741882385e-05,0,,INDUSTRIALS,UNITED STATES,AVMV,2026-05-14,,,,,,,,,,,,,
PINNACLE FINANCIAL PARTNERS COMMON STOCK USD1.0,PNFP,COMMON STOCK,72348N109,US72348N1090,BV6GRD0,1.0,94.3,1.590981362253595e-05,0,,FINANCIALS,UNITED STATES,AVMV,2026-05-14,,,,,,,,,,,,,
BRUNSWICK CORP COMMON STOCK USD.75,BC,COMMON STOCK,117043109,US1170431092,2149309,1.0,78.18,1.3190129681970951e-05,0,,CONSUMER DISCRETIONARY,UNITED STATES,AVMV,2026-05-14,,,,,,,,,,,,,
MERITAGE HOMES CORP COMMON STOCK USD.01,MTH,COMMON STOCK,59001A102,US59001A1025,2601326,1.0,61.53,1.038102685254122e-05,0,,CONSUMER DISCRETIONARY,UNITED STATES,AVMV,2026-05-14,,,,,,,,,,,,,
PATTERSON UTI ENERGY INC COMMON STOCK USD.01,PTEN,COMMON STOCK,703481101,US7034811015,2672537,4.0,48.0,8.098314463220845e-06,0,,ENERGY,UNITED STATES,AVMV,2026-05-14,,,,,,,,,,,,,
United States Treasury Bill 06/11/2026,912797QX8,,912797QX8,,,100000.0,99720.78,0.25032305070388305,,,,,KYLD,2026-05-14,,,,,,,,,,,,,
United States Treasury Bill 09/03/2026,912797RS8,,912797RS8,,,4200000.0,4153150.01,10.42540161172087,,,,,KYLD,2026-05-14,,,,,,,,,,,,,
United States Treasury Bill 12/24/2026,912797TC1,,912797TC1,,,3000000.0,2933405.73,7.363551220576604,,,,,KYLD,2026-05-14,,,,,,,,,,,,,
AMAT US 05/15/26 C450,AMAT  260515C00450000,,AMAT  260515C00450000,,,-17.0,-19465.0,-0.048861813775936,,,,,KYLD,2026-05-14,AMAT,450.0,2026-05-15,Call,440.0400085449219,1.0,-0.022133314344618054,,,,,,
AMAT US 06/18/26 C360,AMAT  260618C00360000,,AMAT  260618C00360000,,,34.0,288575.0,0.7243923920056887,,,,,KYLD,2026-05-14,AMAT,360.0,2026-06-18,Call,440.0400085449219,35.0,0.22233335706922744,,,,,,
AMAT US 06/18/26 P360,AMAT  260618P00360000,,AMAT  260618P00360000,,,-34.0,-27030.0,-0.06785177633514257,,,,,KYLD,2026-05-14,AMAT,360.0,2026-06-18,Put,440.0400085449219,35.0,-0.22233335706922744,,,,,,
Advanced Micro Devices Inc,AMD,,007903107,,,5642.0,2513511.0,6.309514842320405,,,,,KYLD,2026-05-14,,,,,,,,,,,,,
AMD US 05/15/26 C400,AMD   260515C00400000,,AMD   260515C00400000,,,-28.0,-129640.0,-0.32542746149048773,,,,,KYLD,2026-05-14,AMD,400.0,2026-05-15,Call,446.5400085449219,1.0,0.11635002136230468,,,,,,
AppLovin Corp,APP,,03831W108,,,3276.0,1485764.28,3.729624329016062,,,,,KYLD,2026-05-14,,,,,,,,,,,,,
APP US 05/15/26 C540,APP   260515C00540000,,APP   260515C00540000,,,-32.0,-560.0,-0.0014057341749049146,,,,,KYLD,2026-05-14,APP,540.0,2026-05-15,Call,454.75,1.0,-0.15787037037037038,,,,,,
Broadcom Inc,AVGO,,11135F101,,,4550.0,1896394.5,4.760404567413782,,,,,KYLD,2026-05-14,,,,,,,,,,,,,
AVGO US 05/15/26 C440,AVGO  260515C00440000,,AVGO  260515C00440000,,,-26.0,-2262.0,-0.005678161970776637,,,,,KYLD,2026-05-14,AVGO,440.0,2026-05-15,Call,433.8349914550781,1.0,-0.014011383056640625,,,,,,
BE US 05/15/26 C320,BE    260515C00320000,,BE    260515C00320000,,,-24.0,-4800.0,-0.012049150070613555,,,,,KYLD,2026-05-14,BE,320.0,2026-05-15,Call,288.30999755859375,1.0,-0.09903125762939453,,,,,,
BE US 06/18/26 C165,BE    260618C00165000,,BE    260618C00165000,,,24.0,308640.0,0.7747603495404515,,,,,KYLD,2026-05-14,BE,165.0,2026-06-18,Call,288.30999755859375,35.0,0.7473333185369319,,,,,,
BE US 06/18/26 P165,BE    260618P00165000,,BE    260618P00165000,,,-24.0,-5916.0,-0.014850577462031203,,,,,KYLD,2026-05-14,BE,165.0,2026-06-18,Put,288.30999755859375,35.0,-0.7473333185369319,,,,,,
BWX Technologies Inc,BWXT,,05605H100,,,10374.0,2145654.42,5.386106688803183,,,,,KYLD,2026-05-14,,,,,,,,,,,,,
BWXT US 05/15/26 C270,BWXT  260515C00270000,,BWXT  260515C00270000,,,-100.0,-3750.0,-0.009413398492666838,,,,,KYLD,2026-05-14,BWXT,270.0,2026-05-15,Call,,1.0,,,,,,,
EEM US 06/18/26 C70,EEM   260618C00070000,,EEM   260618C00070000,,,320.0,38560.0,0.09679483890059554,,,,,KYLD,2026-05-14,EEM,70.0,2026-06-18,Call,67.3550033569336,35.0,-0.03778566632952009,,,,,,
EEM US 06/18/26 P58,EEM   260618P00058000,,EEM   260618P00058000,,,-160.0,-4720.0,-0.011848330902769993,,,,,KYLD,2026-05-14,EEM,58.0,2026-06-18,Put,67.3550033569336,35.0,-0.16129316132644128,,,,,,
FIDELITY INV MMKT GOVT-I  12/31/2031,FIGXX,,316175108,,,2756735.42,2756735.42,6.920066412615809,,,,,KYLD,2026-05-14,,,,,,,,,,,,,
VanEck Gold Miners ETF/USA,GDX,,92189F106,,,26936.0,2592051.28,6.506669763217906,,,,,KYLD,2026-05-14,,,,,,,,,,,,,
GDX US 05/15/26 C95,GDX   260515C00095000,,GDX   260515C00095000,,,-270.0,-61830.0,-0.15520811434709084,,,,,KYLD,2026-05-14,GDX,95.0,2026-05-15,Call,94.19000244140625,1.0,-0.008526290090460527,,,,,,
Hims & Hers Health Inc,HIMS,,433000106,,,46046.0,1111550.44,2.790257929711776,,,,,KYLD,2026-05-14,,,,,,,,,,,,,
HIMS US 05/15/26 C28,HIMS  260515C00028000,,HIMS  260515C00028000,,,-460.0,-2070.0,-0.005196195967952095,,,,,KYLD,2026-05-14,HIMS,28.0,2026-05-15,Call,24.079999923706055,1.0,-0.14000000272478377,,,,,,
Robinhood Markets Inc,HOOD,,770700102,,,15288.0,1173354.0,2.945399673323895,,,,,KYLD,2026-05-14,,,,,,,,,,,,,
HOOD US 05/15/26 C75,HOOD  260515C00075000,,HOOD  260515C00075000,,,-151.0,-40694.5,-0.1021529453226215,,,,,KYLD,2026-05-14,HOOD,75.0,2026-05-15,Call,76.25,1.0,0.016666666666666666,,,,,,
Howmet Aerospace Inc,HWM,,443201108,,,8736.0,2385801.6,5.988933649397902,,,,,KYLD,2026-05-14,,,,,,,,,,,,,
HWM US 05/15/26 C280,HWM   260515C00280000,,HWM   260515C00280000,,,-84.0,-6510.0,-0.01634165978326963,,,,,KYLD,2026-05-14,HWM,280.0,2026-05-15,Call,269.3949890136719,1.0,-0.03787503923688616,,,,,,
IBIT US 06/18/26 C46,IBIT  260618C00046000,,IBIT  260618C00046000,,,400.0,76000.0,0.19077820945138127,,,,,KYLD,2026-05-14,IBIT,46.0,2026-06-18,Call,45.39500045776367,35.0,-0.013152163961659307,,,,,,
Intel Corp,INTC,,458140100,,,29848.0,3590415.92,9.012804215833338,,,,,KYLD,2026-05-14,,,,,,,,,,,,,
INTC US 05/15/26 C105,INTC  260515C00105000,,INTC  260515C00105000,,,-150.0,-232875.0,-0.5845720463946107,,,,,KYLD,2026-05-14,INTC,105.0,2026-05-15,Call,114.56999969482422,1.0,0.09114285423642113,,,,,,
MU US 05/15/26 C800,MU    260515C00800000,,MU    260515C00800000,,,-13.0,-37602.5,-0.09439128448546795,,,,,KYLD,2026-05-14,MU,800.0,2026-05-15,Call,797.7199096679688,1.0,-0.0028501129150390624,,,,,,
MU US 06/18/26 C430,MU    260618C00430000,,MU    260618C00430000,,,27.0,1020735.0,2.5622894161099428,,,,,KYLD,2026-05-14,MU,430.0,2026-06-18,Call,797.7199096679688,35.0,0.8551625806231832,,,,,,
MU US 06/18/26 P430,MU    260618P00430000,,MU    260618P00430000,,,-27.0,-9517.5,-0.023891205374388436,,,,,KYLD,2026-05-14,MU,430.0,2026-06-18,Put,797.7199096679688,35.0,-0.8551625806231832,,,,,,
NFLX US 06/18/26 C100,NFLX  260618C00100000,,NFLX  260618C00100000,,,185.0,8972.5,0.02252312479345419,,,,,KYLD,2026-05-14,NFLX,100.0,2026-06-18,Call,87.76000213623047,35.0,-0.1223999786376953,,,,,,
PLTR US 06/18/26 C170,PLTR  260618C00170000,,PLTR  260618C00170000,,,74.0,6808.0,0.01708971118348689,,,,,KYLD,2026-05-14,PLTR,170.0,2026-06-18,Call,131.55999755859375,35.0,-0.22611766142003675,,,,,,
QQQ US 06/18/26 P625,QQQ   260618P00625000,,QQQ   260618P00625000,,,-150.0,-33450.0,-0.0839675145545882,,,,,KYLD,2026-05-14,QQQ,625.0,2026-06-18,Put,717.9500122070312,35.0,-0.14872001953125,,,,,,
QQQ US 06/18/26 P665,QQQ   260618P00665000,,QQQ   260618P00665000,,,150.0,83400.0,0.20935398247691048,,,,,KYLD,2026-05-14,QQQ,665.0,2026-06-18,Put,717.9500122070312,35.0,-0.07962407850681391,,,,,,
Reddit Inc,RDDT,,75734B100,,,8918.0,1374442.16,3.450179135253801,,,,,KYLD,2026-05-14,,,,,,,,,,,,,
RDDT US 05/15/26 C185,RDDT  260515C00185000,,RDDT  260515C00185000,,,-89.0,-311.5,-0.0007819396347908587,,,,,KYLD,2026-05-14,RDDT,185.0,2026-05-15,Call,151.9499969482422,1.0,-0.17864866514463681,,,,,,
Shopify Inc,SHOP,,82509L107,,,10920.0,1041768.0,2.6150872855756124,,,,,KYLD,2026-05-14,,,,,,,,,,,,,
SHOP US 05/15/26 C140,SHOP  260515C00140000,,SHOP  260515C00140000,,,-109.0,-54.5,-0.00013680805809342472,,,,,KYLD,2026-05-14,SHOP,140.0,2026-05-15,Call,94.71800231933594,1.0,-0.3234428405761719,,,,,,
Global X Silver Miners ETF,SIL,,37954Y848,,,28574.0,2932263.88,7.360684903491577,,,,,KYLD,2026-05-14,,,,,,,,,,,,,
SIL US 05/15/26 C115,SIL   260515C00115000,,SIL   260515C00115000,,,-276.0,-3450.0,-0.00866032661325349,,,,,KYLD,2026-05-14,SIL,115.0,2026-05-15,Call,99.48500061035156,1.0,-0.13491303817085598,,,,,,
Teradyne Inc,TER,,880770102,,,5824.0,2116325.12,5.312483118560258,,,,,KYLD,2026-05-14,,,,,,,,,,,,,
TER US 05/15/26 C360,TER   260515C00360000,,TER   260515C00360000,,,-54.0,-58860.0,-0.1477527027408987,,,,,KYLD,2026-05-14,TER,360.0,2026-05-15,Call,356.2900085449219,1.0,-0.010305531819661458,,,,,,
Vanguard FTSE Europe ETF,VGK,,922042874,,,12740.0,1116024.0,2.8014876371680044,,,,,KYLD,2026-05-14,,,,,,,,,,,,,
Vistra Corp,VST,,92840M102,,,11102.0,1583256.22,3.974352457294239,,,,,KYLD,2026-05-14,,,,,,,,,,,,,
Cash & Other,Cash&Other,,Cash&Other,,,-311076.03,-311076.03,-0.7808753685084758,,,,,KYLD,2026-05-14,,,,,,,,,,,,,
AAPL 06/18/2026 265 C,2AAPL 260618C00265000,,2AAPL 260618C00265000,,,176.0,635316.0,0.5281319952076823,,,,,KQQQ,2026-05-14,AAPL,265.0,2026-06-18,Call,297.8500061035156,35.0,0.12396228718307784,,,,,,
AAPL 06/18/2026 265 P,2AAPL 260618P00265000,,2AAPL 260618P00265000,,,-176.0,-19675.04,-0.01635566888129837,,,,,KQQQ,2026-05-14,AAPL,265.0,2026-06-18,Put,297.8500061035156,35.0,-0.12396228718307784,,,,,,
MSFT 06/18/2026 410 C,2MSFT 260618C00410000,,2MSFT 260618C00410000,,,179.0,225853.25,0.18774960420741718,,,,,KQQQ,2026-05-14,MSFT,410.0,2026-06-18,Call,407.7699890136719,35.0,-0.005439051186166158,,,,,,
MSFT 06/18/2026 410 P,2MSFT 260618P00410000,,2MSFT 260618P00410000,,,-179.0,-295242.6,-0.24543229417849327,,,,,KQQQ,2026-05-14,MSFT,410.0,2026-06-18,Put,407.7699890136719,35.0,0.005439051186166158,,,,,,
NVDA 06/18/2026 186 C,2NVDA 260618C00186000,,2NVDA 260618C00186000,,,307.0,1299230.14,1.0800373453087222,,,,,KQQQ,2026-05-14,NVDA,186.0,2026-06-18,Call,233.7198944091797,35.0,0.25655857209236393,,,,,,
NVDA 06/18/2026 186 P,2NVDA 260618P00186000,,2NVDA 260618P00186000,,,-307.0,-51176.9,-0.04254285789362149,,,,,KQQQ,2026-05-14,NVDA,186.0,2026-06-18,Put,233.7198944091797,35.0,-0.25655857209236393,,,,,,
United States Treasury Bill 06/11/2026,912797QX8,,912797QX8,,,5000000.0,4986038.9,4.144845513791746,,,,,KQQQ,2026-05-14,,,,,,,,,,,,,
United States Treasury Bill 09/03/2026,912797RS8,,912797RS8,,,6100000.0,6031955.96,5.014306166001911,,,,,KQQQ,2026-05-14,,,,,,,,,,,,,
United States Treasury Bill 12/24/2026,912797TC1,,912797TC1,,,3000000.0,2933405.73,2.4385115768193266,,,,,KQQQ,2026-05-14,,,,,,,,,,,,,
Apple Inc,AAPL,,037833100,,,22794.0,6812442.78,5.663117248171885,,,,,KQQQ,2026-05-14,,,,,,,,,,,,,
AAPL US 05/15/26 C305,AAPL  260515C00305000,,AAPL  260515C00305000,,,-200.0,-15500.0,-0.012884998844227242,,,,,KQQQ,2026-05-14,AAPL,305.0,2026-05-15,Call,297.8500061035156,1.0,-0.023442602939293032,,,,,,
AAPL US 06/18/26 P270,AAPL  260618P00270000,,AAPL  260618P00270000,,,40.0,5920.0,0.004921238268246792,,,,,KQQQ,2026-05-14,AAPL,270.0,2026-06-18,Put,297.8500061035156,35.0,-0.10314817075376158,,,,,,
Applied Materials Inc,AMAT,,038222105,,,7020.0,3065002.2,2.547906439003481,,,,,KQQQ,2026-05-14,,,,,,,,,,,,,
Advanced Micro Devices Inc,AMD,,007903107,,,16770.0,7471035.0,6.210598538076211,,,,,KQQQ,2026-05-14,,,,,,,,,,,,,
AMD US 05/15/26 C490,AMD   260515C00490000,,AMD   260515C00490000,,,-50.0,-6200.0,-0.005153999537690896,,,,,KQQQ,2026-05-14,AMD,490.0,2026-05-15,Call,446.7300109863281,1.0,-0.08830610002790179,,,,,,
Amazon.com Inc,AMZN,,023135106,,,46020.0,12431382.6,10.334087124719138,,,,,KQQQ,2026-05-14,,,,,,,,,,,,,
AMZN US 06/18/26 P255,AMZN  260618P00255000,,AMZN  260618P00255000,,,45.0,18675.0,0.015524345381673792,,,,,KQQQ,2026-05-14,AMZN,255.0,2026-06-18,Put,267.4200134277344,35.0,-0.04870593501072304,,,,,,
Broadcom Inc,AVGO,,11135F101,,,23400.0,9752886.0,8.107479021798712,,,,,KQQQ,2026-05-14,,,,,,,,,,,,,
AVGO US 05/15/26 C455,AVGO  260515C00455000,,AVGO  260515C00455000,,,-60.0,-1380.0,-0.0011471805422602318,,,,,KQQQ,2026-05-14,AVGO,455.0,2026-05-15,Call,433.9624938964844,1.0,-0.046236277150583795,,,,,,
AVGO US 06/18/26 C175,AVGO  260618C00175000,,AVGO  260618C00175000,,,21.0,508777.5,0.4229417741592791,,,,,KQQQ,2026-05-14,AVGO,175.0,2026-06-18,Call,433.9624938964844,35.0,1.479785679408482,,,,,,
AVGO US 06/18/26 P370,AVGO  260618P00370000,,AVGO  260618P00370000,,,22.0,21120.0,0.017556850038069633,,,,,KQQQ,2026-05-14,AVGO,370.0,2026-06-18,Put,433.9624938964844,35.0,-0.17287160512563346,,,,,,
Cisco Systems Inc,CSCO,,17275R102,,,17940.0,1827547.8,1.5192226639206476,,,,,KQQQ,2026-05-14,,,,,,,,,,,,,
FIDELITY INV MMKT GOVT-I  12/31/2031,FIGXX,,316175108,,,3299366.38,3299366.38,2.7427310963214335,,,,,KQQQ,2026-05-14,,,,,,,,,,,,,
Alphabet Inc,GOOGL,,02079K305,,,38220.0,15388136.4,12.792007724439431,,,,,KQQQ,2026-05-14,,,,,,,,,,,,,
GOOGL US 05/15/26 C425,GOOGL 260515C00425000,,GOOGL 260515C00425000,,,-180.0,-3240.0,-0.002693380403567501,,,,,KQQQ,2026-05-14,GOOGL,425.0,2026-05-15,Call,396.6499938964844,1.0,-0.06670589671415442,,,,,,
GOOGL US 06/18/26 P365,GOOGL 260618P00365000,,GOOGL 260618P00365000,,,42.0,16800.0,0.013965676166646302,,,,,KQQQ,2026-05-14,GOOGL,365.0,2026-06-18,Put,396.6499938964844,35.0,-0.08671231204516266,,,,,,
Kurv Yield Premium Strategy Google Googl Etf/DE,GOOP,,500948609,,,15311.0,726032.31,0.6035435790465571,,,,,KQQQ,2026-05-14,,,,,,,,,,,,,
International Business Machines Corp,IBM,,459200101,,,8970.0,1925320.8,1.600500405339785,,,,,KQQQ,2026-05-14,,,,,,,,,,,,,
Intel Corp,INTC,,458140100,,,92430.0,11118404.7,9.24262140059037,,,,,KQQQ,2026-05-14,,,,,,,,,,,,,
INTC US 05/15/26 C140,INTC  260515C00140000,,INTC  260515C00140000,,,-300.0,-6450.0,-0.005361822099694562,,,,,KQQQ,2026-05-14,INTC,140.0,2026-05-15,Call,114.61000061035156,1.0,-0.18135713849748883,,,,,,
INTC US 06/18/26 P90,INTC  260618P00090000,,INTC  260618P00090000,,,180.0,37440.0,0.0311235068856689,,,,,KQQQ,2026-05-14,INTC,90.0,2026-06-18,Put,114.61000061035156,35.0,-0.2734444512261285,,,,,,
Intuitive Surgical Inc,ISRG,,46120E602,,,2747.0,1187445.69,0.9871120221440399,,,,,KQQQ,2026-05-14,,,,,,,,,,,,,
Meta Platforms Inc,META,,30303M102,,,8704.0,5367147.52,4.461657393032071,,,,,KQQQ,2026-05-14,,,,,,,,,,,,,
META US 05/15/26 C650,META  260515C00650000,,META  260515C00650000,,,-40.0,-1880.0,-0.0015628256662675623,,,,,KQQQ,2026-05-14,META,650.0,2026-05-15,Call,620.0079956054688,1.0,-0.04614154522235577,,,,,,
META US 06/18/26 P560,META  260618P00560000,,META  260618P00560000,,,9.0,5040.0,0.00418970284999389,,,,,KQQQ,2026-05-14,META,560.0,2026-06-18,Put,620.0079956054688,35.0,-0.10715713500976562,,,,,,
Microsoft Corp,MSFT,,594918104,,,4290.0,1738350.9,1.4450741507975087,,,,,KQQQ,2026-05-14,,,,,,,,,,,,,
MSFT US 05/15/26 C435,MSFT  260515C00435000,,MSFT  260515C00435000,,,-110.0,-825.0,-0.0006858144546120951,,,,,KQQQ,2026-05-14,MSFT,435.0,2026-05-15,Call,407.7699890136719,1.0,-0.06259772640535201,,,,,,
MSFT US 06/18/26 P375,MSFT  260618P00375000,,MSFT  260618P00375000,,,23.0,9487.5,0.007886866228039094,,,,,KQQQ,2026-05-14,MSFT,375.0,2026-06-18,Put,407.7699890136719,35.0,-0.08738663736979167,,,,,,
MU US 05/15/26 C800,MU    260515C00800000,,MU    260515C00800000,,,-40.0,-115700.0,-0.09618028169529626,,,,,KQQQ,2026-05-14,MU,800.0,2026-05-15,Call,798.0211791992188,1.0,-0.0024735260009765623,,,,,,
MU US 06/18/26 C430,MU    260618C00430000,,MU    260618C00430000,,,120.0,4536600.0,3.7712313391433097,,,,,KQQQ,2026-05-14,MU,430.0,2026-06-18,Call,798.0211791992188,35.0,0.8558632074400436,,,,,,
MU US 06/18/26 P430,MU    260618P00430000,,MU    260618P00430000,,,-120.0,-42300.0,-0.03516357749102015,,,,,KQQQ,2026-05-14,MU,430.0,2026-06-18,Put,798.0211791992188,35.0,-0.8558632074400436,,,,,,
Netflix Inc,NFLX,,64110L106,,,45240.0,3961214.4,3.2929189010152453,,,,,KQQQ,2026-05-14,,,,,,,,,,,,,
NFLX US 06/18/26 C100,NFLX  260618C00100000,,NFLX  260618C00100000,,,206.0,9991.0,0.008305420867914476,,,,,KQQQ,2026-05-14,NFLX,100.0,2026-06-18,Call,87.75,35.0,-0.1225,,,,,,
NVIDIA Corp,NVDA,,67066G104,,,16611.0,3751262.13,3.1183876264157044,,,,,KQQQ,2026-05-14,,,,,,,,,,,,,
NVDA US 05/15/26 C230,NVDA  260515C00230000,,NVDA  260515C00230000,,,-120.0,-23400.0,-0.019452191803543063,,,,,KQQQ,2026-05-14,NVDA,230.0,2026-05-15,Call,233.7198944091797,1.0,0.016173453952955164,,,,,,
NVDA US 06/18/26 P183,NVDA  260618P00183000,,NVDA  260618P00183000,,,47.0,6697.5,0.00556756643607819,,,,,KQQQ,2026-05-14,NVDA,183.0,2026-06-18,Put,233.7198944091797,35.0,-0.2771578929463371,,,,,,
PLTR US 06/18/26 C170,PLTR  260618C00170000,,PLTR  260618C00170000,,,140.0,12880.0,0.010707018394428832,,,,,KQQQ,2026-05-14,PLTR,170.0,2026-06-18,Call,131.57000732421875,35.0,-0.22605878044577205,,,,,,
QQQ US 06/18/26 P625,QQQ   260618P00625000,,QQQ   260618P00625000,,,-300.0,-66900.0,-0.05561331759218081,,,,,KQQQ,2026-05-14,QQQ,625.0,2026-06-18,Put,718.0700073242188,35.0,-0.14891201171875,,,,,,
QQQ US 06/18/26 P665,QQQ   260618P00665000,,QQQ   260618P00665000,,,300.0,166800.0,0.1386592133688454,,,,,KQQQ,2026-05-14,QQQ,665.0,2026-06-18,Put,718.0700073242188,35.0,-0.07980452229205827,,,,,,
RTX Corp,RTX,,75513E101,,,12870.0,2292275.7,1.90554643517098,,,,,KQQQ,2026-05-14,,,,,,,,,,,,,
Spotify Technology SA,SPOT,,L8681T102,,,4290.0,1848561.0,1.5366907321602292,,,,,KQQQ,2026-05-14,,,,,,,,,,,,,
SPOT US 05/15/26 C425,SPOT  260515C00425000,,SPOT  260515C00425000,,,-42.0,-40530.0,-0.0336921937520342,,,,,KQQQ,2026-05-14,SPOT,425.0,2026-05-15,Call,436.8699951171875,1.0,0.027929400275735296,,,,,,
Tesla Inc,TSLA,,88160R101,,,8683.0,3866279.41,3.2140003696328767,,,,,KQQQ,2026-05-14,,,,,,,,,,,,,
TSLA US 05/15/26 C460,TSLA  260515C00460000,,TSLA  260515C00460000,,,-43.0,-12964.5,-0.010777262420386069,,,,,KQQQ,2026-05-14,TSLA,460.0,2026-05-15,Call,442.7550048828125,1.0,-0.03748911981997283,,,,,,
Kurv Yield Premium Strategy Tesla Tsla Etf/DE,TSLP,,500948880,,,44516.0,922749.91,0.7670730015394059,,,,,KQQQ,2026-05-14,,,,,,,,,,,,,
Uber Technologies Inc,UBER,,90353T100,,,37440.0,2796768.0,2.324925964359467,,,,,KQQQ,2026-05-14,,,,,,,,,,,,,
Cash & Other,Cash&Other,,Cash&Other,,,-2019348.71,-2019348.71,-1.6786648899639853,,,,,KQQQ,2026-05-14,,,,,,,,,,,,,
HUT 8 CORP,HUT,,44812J104,,,267539.0,28979824.48,9.282797223218665,,,,,BLOX,2026-05-14,,,,,,,,108.32,312195962.5,17825000.0,713.0,,
Nicholas Bitcoin and Treasuries AfterDark ETF,NGHT,,88636X237,,,1000775.0,26736905.06,8.564346834457744,,,,,BLOX,2026-05-14,,,,,,,,26.7162,312195962.5,17825000.0,713.0,,
Riot Platforms Inc,RIOT,,767292105,,,1047431.0,26101980.52,8.360968247367511,,,,,BLOX,2026-05-14,,,,,,,,24.92,312195962.5,17825000.0,713.0,,
VanEck Bitcoin ETF/US,HODL,,92189K105,,,1025042.0,23063445.0,7.387666662771189,,,,,BLOX,2026-05-14,,,,,,,,22.5,312195962.5,17825000.0,713.0,,
Taiwan Semiconductor Manufacturing Co Ltd,TSM,,874039100,,,53904.0,21550819.2,6.903143418481031,,,,,BLOX,2026-05-14,,,,,,,,399.8,312195962.5,17825000.0,713.0,,
IREN Ltd,IREN,,Q4982L109,,,382920.0,21125696.4,6.766968378839558,,,,,BLOX,2026-05-14,,,,,,,,55.17,312195962.5,17825000.0,713.0,,
Galaxy Digital Inc,GLXY,,36317J209,,,665445.0,20502360.45,6.56730184083876,,,,,BLOX,2026-05-14,,,,,,,,30.81,312195962.5,17825000.0,713.0,,
Fidelity Wise Origin Bitcoin Fund,FBTC,,315948109,,,293507.0,20340035.1,6.515305897617023,,,,,BLOX,2026-05-14,,,,,,,,69.3,312195962.5,17825000.0,713.0,,
Cipher Digital Inc,CIFR,,17253J106,,,953507.0,20252488.68,6.4872630892473735,,,,,BLOX,2026-05-14,,,,,,,,21.24,312195962.5,17825000.0,713.0,,
iShares Ethereum Trust ETF,ETHA,,46438R105,,,1175494.0,20006907.88,6.408598818182202,,,,,BLOX,2026-05-14,,,,,,,,17.02,312195962.5,17825000.0,713.0,,
NVIDIA Corp,NVDA,,67066G104,,,78551.0,17739172.33,5.682199343918226,,,,,BLOX,2026-05-14,,,,,,,,225.83,312195962.5,17825000.0,713.0,,
Nicholas Bitcoin Tail ETF,BHDG,,88636X245,,,544384.0,12509944.32,4.007176664457013,,,,,BLOX,2026-05-14,,,,,,,,22.98,312195962.5,17825000.0,713.0,,
Terawulf Inc,WULF,,88080T104,,,467924.0,10818402.88,3.4653432867901484,,,,,BLOX,2026-05-14,,,,,,,,23.12,312195962.5,17825000.0,713.0,,
Coinbase Global Inc,COIN,,19260Q107,,,44618.0,9003912.4,2.8841269581362248,,,,,BLOX,2026-05-14,,,,,,,,201.8,312195962.5,17825000.0,713.0,,
Bullish,BLSH,,G16910120,,,144502.0,6041628.62,1.9352502778669147,,,,,BLOX,2026-05-14,,,,,,,,41.81,312195962.5,17825000.0,713.0,,
Robinhood Markets Inc,HOOD,,770700102,,,69402.0,5326603.5,1.7062139286975704,,,,,BLOX,2026-05-14,,,,,,,,76.75,312195962.5,17825000.0,713.0,,
Circle Internet Group Inc,CRCL,,172573107,,,40634.0,5143045.38,1.6474167193559062,,,,,BLOX,2026-05-14,,,,,,,,126.57,312195962.5,17825000.0,713.0,,
MARA Holdings Inc,MARA,,565788106,,,375253.0,4784475.75,1.5325599448439806,,,,,BLOX,2026-05-14,,,,,,,,12.75,312195962.5,17825000.0,713.0,,
CoreWeave Inc,CRWV,,21873S108,,,27420.0,3052120.2,0.9776530198463643,,,,,BLOX,2026-05-14,,,,,,,,111.31,312195962.5,17825000.0,713.0,,
Cash & Other,Cash&Other,,Cash&Other,,,2969434.0,2969433.51,0.9511668768105821,,,,,BLOX,2026-05-14,,,,,,,,1.0,312195962.5,17825000.0,713.0,,
BitMine Immersion Technologies Inc,BMNR,,09175A206,,,122232.0,2588873.76,0.829266242353434,,,,,BLOX,2026-05-14,,,,,,,,21.18,312195962.5,17825000.0,713.0,,
HOOD US 06/18/26 C30,HOOD  260618C00030000,,HOOD  260618C00030000,,,520.0,2446600.0,0.7836932104954828,,,,,BLOX,2026-05-14,HOOD,30.0,2026-06-18,Call,76.2300033569336,35.0,1.5410001118977865,47.05,312195962.5,17825000.0,713.0,,
Strategy Inc,MSTR,,594972408,,,11929.0,2123719.87,0.6802684718030529,,,,,BLOX,2026-05-14,,,,,,,,178.03,312195962.5,17825000.0,713.0,,
First American Government Obligations Fund 12/01/2031,FGXXX,,31846V336,,,1759664.0,1759664.19,0.5636544095704378,,,,,BLOX,2026-05-14,,,,,,,,100.0,312195962.5,17825000.0,713.0,,
IBIT US 05/15/26 P45,IBIT  260515P00045000,,IBIT  260515P00045000,,,33000.0,1584000.0,0.5073857783964869,,,,,BLOX,2026-05-14,IBIT,45.0,2026-05-15,Put,45.39500045776367,1.0,-0.008777787950303819,0.48,312195962.5,17825000.0,713.0,,
IREN US 05/15/26 P58,IREN  260515P00058000,,IREN  260515P00058000,,,3829.0,1455020.0,0.4660709944965002,,,,,BLOX,2026-05-14,IREN,58.0,2026-05-15,Put,58.66999816894531,1.0,-0.01155169256802263,3.8,312195962.5,17825000.0,713.0,,
BLSH US 05/15/26 P44,BLSH  260515P00044000,,BLSH  260515P00044000,,,1445.0,643025.0,0.20597332080391473,,,,,BLOX,2026-05-14,BLSH,44.0,2026-05-15,Put,,1.0,,4.45,312195962.5,17825000.0,713.0,,
RIOT US 05/22/26 P23,RIOT  260522P00023000,,RIOT  260522P00023000,,,10372.0,554902.0,0.17774582272965112,,,,,BLOX,2026-05-14,RIOT,23.0,2026-05-22,Put,,8.0,,0.535,312195962.5,17825000.0,713.0,,
NVIDIA C PUT OPT 05/26 220,NVDA  260522P00220000,,NVDA  260522P00220000,,,785.0,486700.0,0.15589940552119327,,,,,BLOX,2026-05-14,NVDA,220.0,2026-05-22,Put,233.6750030517578,8.0,-0.06215910478071733,6.2,312195962.5,17825000.0,713.0,,
WULF US 05/15/26 P23,WULF  260515P00023000,,WULF  260515P00023000,,,4679.0,343906.5,0.11015989090789863,,,,,BLOX,2026-05-14,WULF,23.0,2026-05-15,Put,,1.0,,0.735,312195962.5,17825000.0,713.0,,
TSM US 05/15/26 P407.5,TSM   260515P00407500,,TSM   260515P00407500,,,300.0,333000.0,0.1066663284128978,,,,,BLOX,2026-05-14,TSM,407.5,2026-05-15,Put,417.9100036621094,1.0,-0.025546021256710124,11.1,312195962.5,17825000.0,713.0,,
CIFR US 05/15/26 P20,CIFR  260515P00020000,,CIFR  260515P00020000,,,9535.0,324190.0,0.10384431533987189,,,,,BLOX,2026-05-14,CIFR,20.0,2026-05-15,Put,,1.0,,0.34,312195962.5,17825000.0,713.0,,
BLSH US 05/22/26 P40.5,BLSH  260522P00040500,,BLSH  260522P00040500,,,1445.0,308507.5,0.09882090784637258,,,,,BLOX,2026-05-14,BLSH,40.5,2026-05-22,Put,,8.0,,2.135,312195962.5,17825000.0,713.0,,
TAIWAN S PUT OPT 05/26 385,TSM   260522P00385000,,TSM   260522P00385000,,,539.0,303187.5,0.09711680914620256,,,,,BLOX,2026-05-14,TSM,385.0,2026-05-22,Put,417.9100036621094,8.0,-0.08548052899249188,5.625,312195962.5,17825000.0,713.0,,
GLXY US 05/15/26 P28.5,GLXY  260515P00028500,,GLXY  260515P00028500,,,6654.0,279468.0,0.08951899540208925,,,,,BLOX,2026-05-14,GLXY,28.5,2026-05-15,Put,31.350000381469727,1.0,-0.10000001338490269,0.42,312195962.5,17825000.0,713.0,,
HUT US 05/15/26 P100,HUT   260515P00100000,,HUT   260515P00100000,,,2675.0,207312.5,0.06640619582311975,,,,,BLOX,2026-05-14,HUT,100.0,2026-05-15,Put,,1.0,,0.775,312195962.5,17825000.0,713.0,,
MBTXW US 05/15/26 P180,MBTXW 260515P00180000,,MBTXW 260515P00180000,,,1235.0,68542.51,0.021955489134847843,,,,,BLOX,2026-05-14,MBTXW,180.0,2026-05-15,Put,,1.0,,0.555,312195962.5,17825000.0,713.0,,
MSTR US 05/15/26 P180,MSTR  260515P00180000,,MSTR  260515P00180000,,,119.0,60392.5,0.01934488359962742,,,,,BLOX,2026-05-14,MSTR,180.0,2026-05-15,Put,,1.0,,5.075,312195962.5,17825000.0,713.0,,
CRWV US 05/15/26 P110,CRWV  260515P00110000,,CRWV  260515P00110000,,,274.0,76583.0,0.024531013299834693,,,,,BLOX,2026-05-14,CRWV,110.0,2026-05-15,Put,,1.0,,2.795,312195962.5,17825000.0,713.0,,
ETHA US 05/15/26 P16.5,ETHA  260515P00016500,,ETHA  260515P00016500,,,5877.0,55831.5,0.017883907251605716,,,,,BLOX,2026-05-14,ETHA,16.5,2026-05-15,Put,,1.0,,0.095,312195962.5,17825000.0,713.0,,
CRCL US 05/15/26 P116,CRCL  260515P00116000,,CRCL  260515P00116000,,,406.0,65772.0,0.02106804129841776,,,,,BLOX,2026-05-14,CRCL,116.0,2026-05-15,Put,,1.0,,1.62,312195962.5,17825000.0,713.0,,
HOOD US 05/15/26 P74,HOOD  260515P00074000,,HOOD  260515P00074000,,,1164.0,69840.0,0.022371100229299647,,,,,BLOX,2026-05-14,HOOD,74.0,2026-05-15,Put,76.2300033569336,1.0,-0.030135180499102618,0.6,312195962.5,17825000.0,713.0,,
MARA US 05/15/26 P12,MARA  260515P00012000,,MARA  260515P00012000,,,3752.0,45024.0,0.014422056367754685,,,,,BLOX,2026-05-14,MARA,12.0,2026-05-15,Put,,1.0,,0.12,312195962.5,17825000.0,713.0,,
FBTC US 05/15/26 C72.5,FBTC  260515C00072500,,FBTC  260515C00072500,,,900.0,18000.0,0.0057657474817782595,,,,,BLOX,2026-05-14,FBTC,72.5,2026-05-15,Call,,1.0,,0.2,312195962.5,17825000.0,713.0,,
FBTC US 05/15/26 C74.5,FBTC  260515C00074500,,FBTC  260515C00074500,,,5929.0,23716.0,0.0075966926265474,,,,,BLOX,2026-05-14,FBTC,74.5,2026-05-15,Call,,1.0,,0.04,312195962.5,17825000.0,713.0,,
BMNR US 05/15/26 P20.5,BMNR  260515P00020500,,BMNR  260515P00020500,,,1222.0,26884.0,0.008611464183340373,,,,,BLOX,2026-05-14,BMNR,20.5,2026-05-15,Put,,1.0,,0.22,312195962.5,17825000.0,713.0,,
COIN US 05/15/26 P185,COIN  260515P00185000,,COIN  260515P00185000,,,446.0,35234.0,0.011286130376276399,,,,,BLOX,2026-05-14,COIN,185.0,2026-05-15,Put,,1.0,,0.79,312195962.5,17825000.0,713.0,,
RIOT US 05/15/26 P23,RIOT  260515P00023000,,RIOT  260515P00023000,,,-102.0,-969.0,-0.0003103894061023963,,,,,BLOX,2026-05-14,RIOT,23.0,2026-05-15,Put,,1.0,,0.095,312195962.5,17825000.0,713.0,,
HOOD US 05/15/26 P79,HOOD  260515P00079000,,HOOD  260515P00079000,,,-50.0,-15125.0,-0.004844829481216454,,,,,BLOX,2026-05-14,HOOD,79.0,2026-05-15,Put,76.2300033569336,1.0,0.03506324864641021,3.025,312195962.5,17825000.0,713.0,,
RIOT US 05/15/26 P21.5,RIOT  260515P00021500,,RIOT  260515P00021500,,,102.0,459.0,0.00014702656078534562,,,,,BLOX,2026-05-14,RIOT,21.5,2026-05-15,Put,,1.0,,0.045,312195962.5,17825000.0,713.0,,
HOOD US 05/15/26 P75,HOOD  260515P00075000,,HOOD  260515P00075000,,,50.0,4550.0,0.0014574528356717268,,,,,BLOX,2026-05-14,HOOD,75.0,2026-05-15,Put,76.2300033569336,1.0,-0.016400044759114583,0.91,312195962.5,17825000.0,713.0,,
ETHA US 05/15/26 C18.5,ETHA  260515C00018500,,ETHA  260515C00018500,,,5877.0,14692.5,0.004706291382001505,,,,,BLOX,2026-05-14,ETHA,18.5,2026-05-15,Call,,1.0,,0.025,312195962.5,17825000.0,713.0,,
ETHA US 05/15/26 C17.5,ETHA  260515C00017500,,ETHA  260515C00017500,,,-5877.0,-64647.0,-0.02070768208080662,,,,,BLOX,2026-05-14,ETHA,17.5,2026-05-15,Call,,1.0,,0.11,312195962.5,17825000.0,713.0,,
FBTC US 05/15/26 C70,FBTC  260515C00070000,,FBTC  260515C00070000,,,-900.0,-47250.0,-0.01513508713966793,,,,,BLOX,2026-05-14,FBTC,70.0,2026-05-15,Call,,1.0,,0.525,312195962.5,17825000.0,713.0,,
CRCL US 05/15/26 P120,CRCL  260515P00120000,,CRCL  260515P00120000,,,-406.0,-108199.0,-0.03465822843227367,,,,,BLOX,2026-05-14,CRCL,120.0,2026-05-15,Put,,1.0,,2.665,312195962.5,17825000.0,713.0,,
COIN US 05/15/26 P192.5,COIN  260515P00192500,,COIN  260515P00192500,,,-446.0,-91653.0,-0.02935822521930127,,,,,BLOX,2026-05-14,COIN,192.5,2026-05-15,Put,,1.0,,2.055,312195962.5,17825000.0,713.0,,
MSTR US 05/15/26 P185,MSTR  260515P00185000,,MSTR  260515P00185000,,,-119.0,-100257.5,-0.032114412675243544,,,,,BLOX,2026-05-14,MSTR,185.0,2026-05-15,Put,,1.0,,8.425,312195962.5,17825000.0,713.0,,
IBIT US 05/15/26 P41,IBIT  260515P00041000,,IBIT  260515P00041000,,,-33000.0,-82500.0,-0.02642634262481702,,,,,BLOX,2026-05-14,IBIT,41.0,2026-05-15,Put,45.39500045776367,1.0,-0.10719513311618711,0.025,312195962.5,17825000.0,713.0,,
BMNR US 05/15/26 P22,BMNR  260515P00022000,,BMNR  260515P00022000,,,-1222.0,-125866.0,-0.040317309585639026,,,,,BLOX,2026-05-14,BMNR,22.0,2026-05-15,Put,,1.0,,1.03,312195962.5,17825000.0,713.0,,
CRWV US 05/15/26 P113,CRWV  260515P00113000,,CRWV  260515P00113000,,,-274.0,-117135.0,-0.03752060173767202,,,,,BLOX,2026-05-14,CRWV,113.0,2026-05-15,Put,,1.0,,4.275,312195962.5,17825000.0,713.0,,
ETHA US 05/15/26 P17,ETHA  260515P00017000,,ETHA  260515P00017000,,,-5877.0,-152802.0,-0.04894543037281565,,,,,BLOX,2026-05-14,ETHA,17.0,2026-05-15,Put,,1.0,,0.26,312195962.5,17825000.0,713.0,,
MARA US 05/15/26 P13,MARA  260515P00013000,,MARA  260515P00013000,,,-3752.0,-198856.0,-0.06369741562424987,,,,,BLOX,2026-05-14,MARA,13.0,2026-05-15,Put,,1.0,,0.53,312195962.5,17825000.0,713.0,,
HOOD US 05/15/26 P77,HOOD  260515P00077000,,HOOD  260515P00077000,,,-1164.0,-203118.0,-0.06506261650021314,,,,,BLOX,2026-05-14,HOOD,77.0,2026-05-15,Put,76.2300033569336,1.0,0.009999956403459822,1.745,312195962.5,17825000.0,713.0,,
FBTC US 05/15/26 C72,FBTC  260515C00072000,,FBTC  260515C00072000,,,-5929.0,-251982.5,-0.08071485915706614,,,,,BLOX,2026-05-14,FBTC,72.0,2026-05-15,Call,,1.0,,0.425,312195962.5,17825000.0,713.0,,
HUT US 05/15/26 P103,HUT   260515P00103000,,HUT   260515P00103000,,,-2675.0,-325012.5,-0.1041077779678587,,,,,BLOX,2026-05-14,HUT,103.0,2026-05-15,Put,,1.0,,1.215,312195962.5,17825000.0,713.0,,
GLXY US 05/15/26 P30,GLXY  260515P00030000,,GLXY  260515P00030000,,,-6654.0,-409221.0,-0.13108138612448783,,,,,BLOX,2026-05-14,GLXY,30.0,2026-05-15,Put,31.350000381469727,1.0,-0.04500001271565755,0.615,312195962.5,17825000.0,713.0,,
MBTXW US 05/15/26 P190,MBTXW 260515P00190000,,MBTXW 260515P00190000,,,-1235.0,-417430.0,-0.13371088729548328,,,,,BLOX,2026-05-14,MBTXW,190.0,2026-05-15,Put,,1.0,,3.38,312195962.5,17825000.0,713.0,,
BLSH US 05/22/26 P42.5,BLSH  260522P00042500,,BLSH  260522P00042500,,,-1445.0,-462400.0,-0.1481156464207926,,,,,BLOX,2026-05-14,BLSH,42.5,2026-05-22,Put,,8.0,,3.2,312195962.5,17825000.0,713.0,,
TAIWAN S PUT OPT 05/26 395,TSM   260522P00395000,,TSM   260522P00395000,,,-539.0,-537652.5,-0.17222047488593253,,,,,BLOX,2026-05-14,TSM,395.0,2026-05-22,Put,417.9100036621094,8.0,-0.05800000927116297,9.975,312195962.5,17825000.0,713.0,,
WULF US 05/15/26 P24,WULF  260515P00024000,,WULF  260515P00024000,,,-4679.0,-624646.5,-0.2000863324653669,,,,,BLOX,2026-05-14,WULF,24.0,2026-05-15,Put,,1.0,,1.335,312195962.5,17825000.0,713.0,,
TSM US 05/15/26 P420,TSM   260515P00420000,,TSM   260515P00420000,,,-300.0,-645750.0,-0.20684619090879505,,,,,BLOX,2026-05-14,TSM,420.0,2026-05-15,Put,417.9100036621094,1.0,0.00497618175688244,21.525,312195962.5,17825000.0,713.0,,
CIFR US 05/15/26 P21,CIFR  260515P00021000,,CIFR  260515P00021000,,,-9535.0,-648380.0,-0.20768863067974377,,,,,BLOX,2026-05-14,CIFR,21.0,2026-05-15,Put,,1.0,,0.68,312195962.5,17825000.0,713.0,,
BLSH US 05/15/26 P45.5,BLSH  260515P00045500,,BLSH  260515P00045500,,,-1445.0,-776687.5,-0.24878799984742514,,,,,BLOX,2026-05-14,BLSH,45.5,2026-05-15,Put,,1.0,,5.375,312195962.5,17825000.0,713.0,,
NVIDIA C PUT OPT 05/26 227.500,NVDA  260522P00227500,,NVDA  260522P00227500,,,-785.0,-775187.5,-0.24830752089061026,,,,,BLOX,2026-05-14,NVDA,227.5,2026-05-22,Put,233.6750030517578,8.0,-0.027142870557177196,9.875,312195962.5,17825000.0,713.0,,
RIOT US 05/22/26 P24,RIOT  260522P00024000,,RIOT  260522P00024000,,,-10372.0,-917922.0,-0.2940281366649369,,,,,BLOX,2026-05-14,RIOT,24.0,2026-05-22,Put,,8.0,,0.885,312195962.5,17825000.0,713.0,,
IREN US 05/15/26 P60,IREN  260515P00060000,,IREN  260515P00060000,,,-3829.0,-2067660.0,-0.6623114132318687,,,,,BLOX,2026-05-14,IREN,60.0,2026-05-15,Put,58.66999816894531,1.0,0.022166697184244792,5.4,312195962.5,17825000.0,713.0,,
Seagate Technology Holdings PLC,STX,,G7997R103,,,9715.0,7857443.43,9.45160493479604,,,,,EGGQ,2026-05-13,,,,,,,,808.795,83135867.5,1475000.0,59.0,,
Lumentum Holdings Inc,LITE,,55024U109,,,7761.0,7701783.57,9.264363942985849,,,,,EGGQ,2026-05-13,,,,,,,,992.37,83135867.5,1475000.0,59.0,,
Bloom Energy Corp,BE,,093712107,,,26233.0,7363340.77,8.85725599914588,,,,,EGGQ,2026-05-13,,,,,,,,280.69,83135867.5,1475000.0,59.0,,
Sandisk Corp/DE,SNDK,,80004C200,,,4392.0,6377271.84,7.671127960443975,,,,,EGGQ,2026-05-13,,,,,,,,1452.02,83135867.5,1475000.0,59.0,,
Western Digital Corp,WDC,,958102105,,,10172.0,4971463.28,5.980101198183911,,,,,EGGQ,2026-05-13,,,,,,,,488.74,83135867.5,1475000.0,59.0,,
Micron Technology Inc,MU,,595112103,,,6164.0,4725199.12,5.683873605754474,,,,,EGGQ,2026-05-13,,,,,,,,766.58,83135867.5,1475000.0,59.0,,
Vertiv Holdings Co,VRT,,92537N108,,,12318.0,4522307.34,5.439818021242611,,,,,EGGQ,2026-05-13,,,,,,,,367.13,83135867.5,1475000.0,59.0,,
Cash & Other,Cash&Other,,Cash&Other,,,4190386.0,4190386.18,5.0405548637324555,,,,,EGGQ,2026-05-13,,,,,,,,1.0,83135867.5,1475000.0,59.0,,
Alphabet Inc,GOOGL,,02079K305,,,8557.0,3314553.95,3.9870289553542113,,,,,EGGQ,2026-05-13,,,,,,,,387.35,83135867.5,1475000.0,59.0,,
Advanced Micro Devices Inc,AMD,,007903107,,,7357.0,3298069.53,3.967200085212507,,,,,EGGQ,2026-05-13,,,,,,,,448.29,83135867.5,1475000.0,59.0,,
Coherent Corp,COHR,,19247G107,,,8700.0,3253887.0,3.914053559590015,,,,,EGGQ,2026-05-13,,,,,,,,374.01,83135867.5,1475000.0,59.0,,
Credo Technology Group Holding Ltd,CRDO,,G25457105,,,15873.0,3151901.61,3.791376810595451,,,,,EGGQ,2026-05-13,,,,,,,,198.57,83135867.5,1475000.0,59.0,,
Astera Labs Inc,ALAB,,04626A103,,,15253.0,3118018.26,3.750619019474145,,,,,EGGQ,2026-05-13,,,,,,,,204.42,83135867.5,1475000.0,59.0,,
Teradyne Inc,TER,,880770102,,,7803.0,2796985.35,3.3644531802390882,,,,,EGGQ,2026-05-13,,,,,,,,358.45,83135867.5,1475000.0,59.0,,
Ciena Corp,CIEN,,171779309,,,4771.0,2753582.65,3.3122447008325144,,,,,EGGQ,2026-05-13,,,,,,,,577.15,83135867.5,1475000.0,59.0,,
Vistra Corp,VST,,92840M102,,,18043.0,2649975.41,3.1876170519555567,,,,,EGGQ,2026-05-13,,,,,,,,146.87,83135867.5,1475000.0,59.0,,
Taiwan Semiconductor Manufacturing Co Ltd,TSM,,874039100,,,6575.0,2612116.0,3.142076515829232,,,,,EGGQ,2026-05-13,,,,,,,,397.28,83135867.5,1475000.0,59.0,,
Eli Lilly & Co,LLY,,532457108,,,2523.0,2497442.01,3.0041368336116596,,,,,EGGQ,2026-05-13,,,,,,,,989.87,83135867.5,1475000.0,59.0,,
Celestica Inc,CLS,,15101Q207,,,6090.0,2278086.3,2.74027702608242,,,,,EGGQ,2026-05-13,,,,,,,,374.07,83135867.5,1475000.0,59.0,,
First American Government Obligations Fund 12/01/2031,FGXXX,,31846V336,,,1775653.0,1775652.51,2.135906694780872,,,,,EGGQ,2026-05-13,,,,,,,,100.0,83135867.5,1475000.0,59.0,,
CoreWeave Inc,CRWV,,21873S108,,,16388.0,1765807.0,2.1240636733540432,,,,,EGGQ,2026-05-13,,,,,,,,107.75,83135867.5,1475000.0,59.0,,
LITE US 05/15/26 C995,LITE  260515C00995000,,LITE  260515C00995000,,,50.0,205500.0,0.2471929745857026,,,,,EGGQ,2026-05-13,LITE,995.0,2026-05-15,Call,991.7199096679688,1.0,-0.003296573198021357,41.1,83135867.5,1475000.0,59.0,,
APP US 05/15/26 C495,APP   260515C00495000,,APP   260515C00495000,,,75.0,91125.0,0.10961294311008346,,,,,EGGQ,2026-05-13,APP,495.0,2026-05-15,Call,454.8900146484375,1.0,-0.0810302734375,12.15,83135867.5,1475000.0,59.0,,
AMD US 05/15/26 P400,AMD   260515P00400000,,AMD   260515P00400000,,,72.0,8280.0,0.009959892114694004,,,,,EGGQ,2026-05-13,AMD,400.0,2026-05-15,Put,,1.0,,1.15,83135867.5,1475000.0,59.0,,
AMD US 05/15/26 P380,AMD   260515P00380000,,AMD   260515P00380000,,,-72.0,-3060.0,-0.0036808296945608277,,,,,EGGQ,2026-05-13,AMD,380.0,2026-05-15,Put,,1.0,,0.425,83135867.5,1475000.0,59.0,,
APP US 05/15/26 C525,APP   260515C00525000,,APP   260515C00525000,,,-75.0,-24937.5,-0.029996957682389098,,,,,EGGQ,2026-05-13,APP,525.0,2026-05-15,Call,454.8900146484375,1.0,-0.13354282924107144,3.325,83135867.5,1475000.0,59.0,,
LITE US 05/15/26 C1040,LITE  260515C01040000,,LITE  260515C01040000,,,-50.0,-118750.0,-0.14284265563042428,,,,,EGGQ,2026-05-13,LITE,1040.0,2026-05-15,Call,991.7199096679688,1.0,-0.046423163780799276,23.75,83135867.5,1475000.0,59.0,,
Seagate Technology Holdings PLC,STX,,G7997R103,,,14319.0,11581135.61,10.265858994363501,,,,,EGGY,2026-05-13,,,,,,,,808.795,112815000.0,2875000.0,115.0,,
Bloom Energy Corp,BE,,093712107,,,38678.0,10856527.82,9.623545351827943,,,,,EGGY,2026-05-13,,,,,,,,280.69,112815000.0,2875000.0,115.0,,
Sandisk Corp/DE,SNDK,,80004C200,,,6473.0,9398925.46,8.33148377846282,,,,,EGGY,2026-05-13,,,,,,,,1452.02,112815000.0,2875000.0,115.0,,
Lumentum Holdings Inc,LITE,,55024U109,,,8213.0,8150334.81,7.224696328058318,,,,,EGGY,2026-05-13,,,,,,,,992.37,112815000.0,2875000.0,115.0,,
Vertiv Holdings Co,VRT,,92537N108,,,18152.0,6664143.76,5.907292899606017,,,,,EGGY,2026-05-13,,,,,,,,367.13,112815000.0,2875000.0,115.0,,
Micron Technology Inc,MU,,595112103,,,8379.0,6423173.82,5.693690062265593,,,,,EGGY,2026-05-13,,,,,,,,766.58,112815000.0,2875000.0,115.0,,
Coherent Corp,COHR,,19247G107,,,16449.0,6152090.49,5.453393830944413,,,,,EGGY,2026-05-13,,,,,,,,374.01,112815000.0,2875000.0,115.0,,
Alphabet Inc,GOOGL,,02079K305,,,12606.0,4882934.1,4.328376304141148,,,,,EGGY,2026-05-13,,,,,,,,387.35,112815000.0,2875000.0,115.0,,
Cash & Other,Cash&Other,,Cash&Other,,,4438756.0,4438756.07,3.934643843186557,,,,,EGGY,2026-05-13,,,,,,,,1.0,112815000.0,2875000.0,115.0,,
Advanced Micro Devices Inc,AMD,,007903107,,,9647.0,4324653.63,3.8335000867019695,,,,,EGGY,2026-05-13,,,,,,,,448.29,112815000.0,2875000.0,115.0,,
Astera Labs Inc,ALAB,,04626A103,,,20439.0,4178140.38,3.7036264356234696,,,,,EGGY,2026-05-13,,,,,,,,204.42,112815000.0,2875000.0,115.0,,
Credo Technology Group Holding Ltd,CRDO,,G25457105,,,20768.0,4123901.76,3.6555477286883673,,,,,EGGY,2026-05-13,,,,,,,,198.57,112815000.0,2875000.0,115.0,,
Western Digital Corp,WDC,,958102105,,,8213.0,4014021.62,3.5581467430245,,,,,EGGY,2026-05-13,,,,,,,,488.74,112815000.0,2875000.0,115.0,,
Vistra Corp,VST,,92840M102,,,26604.0,3907329.48,3.4635716942614803,,,,,EGGY,2026-05-13,,,,,,,,146.87,112815000.0,2875000.0,115.0,,
Teradyne Inc,TER,,880770102,,,10716.0,3841150.2,3.4049084353456736,,,,,EGGY,2026-05-13,,,,,,,,358.45,112815000.0,2875000.0,115.0,,
Ciena Corp,CIEN,,171779309,,,6617.0,3819001.55,3.3852752209984396,,,,,EGGY,2026-05-13,,,,,,,,577.15,112815000.0,2875000.0,115.0,,
Eli Lilly & Co,LLY,,532457108,,,3719.0,3681326.53,3.263236036762847,,,,,EGGY,2026-05-13,,,,,,,,989.87,112815000.0,2875000.0,115.0,,
Taiwan Semiconductor Manufacturing Co Ltd,TSM,,874039100,,,8922.0,3544532.16,3.1419774865710846,,,,,EGGY,2026-05-13,,,,,,,,397.28,112815000.0,2875000.0,115.0,,
Celestica Inc,CLS,,15101Q207,,,8446.0,3159395.22,2.8005807831125167,,,,,EGGY,2026-05-13,,,,,,,,374.07,112815000.0,2875000.0,115.0,,
First American Government Obligations Fund 12/01/2031,FGXXX,,31846V336,,,2940937.0,2940936.51,2.60693256168818,,,,,EGGY,2026-05-13,,,,,,,,100.0,112815000.0,2875000.0,115.0,,
CoreWeave Inc,CRWV,,21873S108,,,24125.0,2599468.75,2.3042455028945428,,,,,EGGY,2026-05-13,,,,,,,,107.75,112815000.0,2875000.0,115.0,,
LITE US 05/15/26 C995,LITE  260515C00995000,,LITE  260515C00995000,,,50.0,205500.0,0.18216124000137665,,,,,EGGY,2026-05-13,LITE,995.0,2026-05-15,Call,990.0,1.0,-0.005025125628140704,41.1,112815000.0,2875000.0,115.0,,
APP US 05/15/26 C495,APP   260515C00495000,,APP   260515C00495000,,,75.0,91125.0,0.08077587832177832,,,,,EGGY,2026-05-13,APP,495.0,2026-05-15,Call,,1.0,,12.15,112815000.0,2875000.0,115.0,,
QQQ US 05/15/26 P678,QQQ   260515P00678000,,QQQ   260515P00678000,,,1000.0,48000.0,0.04254861080324126,,,,,EGGY,2026-05-13,QQQ,678.0,2026-05-15,Put,717.9600830078125,1.0,-0.05893817552774705,0.48,112815000.0,2875000.0,115.0,,
AMD US 05/15/26 P400,AMD   260515P00400000,,AMD   260515P00400000,,,93.0,10695.0,0.009480362344597192,,,,,EGGY,2026-05-13,AMD,400.0,2026-05-15,Put,446.7250061035156,1.0,-0.11681251525878907,1.15,112815000.0,2875000.0,115.0,,
Alnylam Pharmaceuticals Inc,ALNY,,02043Q107,,,2.0,584.06,0.0005177279505362727,,,,,EGGY,2026-05-13,,,,,,,,292.03,112815000.0,2875000.0,115.0,,
AMD US 05/15/26 P380,AMD   260515P00380000,,AMD   260515P00380000,,,-93.0,-3952.5,-0.0035036121708293976,,,,,EGGY,2026-05-13,AMD,380.0,2026-05-15,Put,446.7250061035156,1.0,-0.17559212132504112,0.425,112815000.0,2875000.0,115.0,,
QQQ US 05/15/26 C780,QQQ   260515C00780000,,QQQ   260515C00780000,,,1000.0,1000.0,0.0008864293917341928,,,,,EGGY,2026-05-13,QQQ,780.0,2026-05-15,Call,717.9600830078125,1.0,-0.0795383551181891,0.01,112815000.0,2875000.0,115.0,,
APP US 05/15/26 C525,APP   260515C00525000,,APP   260515C00525000,,,-75.0,-24937.5,-0.022105332956371435,,,,,EGGY,2026-05-13,APP,525.0,2026-05-15,Call,,1.0,,3.325,112815000.0,2875000.0,115.0,,
QQQ US 05/15/26 P674,QQQ   260515P00674000,,QQQ   260515P00674000,,,-1000.0,-36000.0,-0.03191145810243094,,,,,EGGY,2026-05-13,QQQ,674.0,2026-05-15,Put,717.9600830078125,1.0,-0.06522267508577523,0.36,112815000.0,2875000.0,115.0,,
QQQ US 05/15/26 C725,QQQ   260515C00725000,,QQQ   260515C00725000,,,-1000.0,-43000.0,-0.0381164638445703,,,,,EGGY,2026-05-13,QQQ,725.0,2026-05-15,Call,717.9600830078125,1.0,-0.009710230334051724,0.43,112815000.0,2875000.0,115.0,,
LITE US 05/15/26 C1040,LITE  260515C01040000,,LITE  260515C01040000,,,-50.0,-118750.0,-0.10526349026843541,,,,,EGGY,2026-05-13,LITE,1040.0,2026-05-15,Call,990.0,1.0,-0.04807692307692308,23.75,112815000.0,2875000.0,115.0,,
Coherent Corp,COHR,,19247G107,,,11218.0,4195644.18,7.855963675748617,,,,,EGGS,2026-05-13,,,,,,,,374.01,53408232.5,1325000.0,53.0,,
Lumentum Holdings Inc,LITE,,55024U109,,,4190.0,4158030.3,7.785535092602188,,,,,EGGS,2026-05-13,,,,,,,,992.37,53408232.5,1325000.0,53.0,,
Seagate Technology Holdings PLC,STX,,G7997R103,,,4796.0,3878980.82,7.263040218259306,,,,,EGGS,2026-05-13,,,,,,,,808.795,53408232.5,1325000.0,53.0,,
Western Digital Corp,WDC,,958102105,,,7846.0,3834654.04,7.180042337933119,,,,,EGGS,2026-05-13,,,,,,,,488.74,53408232.5,1325000.0,53.0,,
Credo Technology Group Holding Ltd,CRDO,,G25457105,,,18165.0,3607024.05,6.753825800917099,,,,,EGGS,2026-05-13,,,,,,,,198.57,53408232.5,1325000.0,53.0,,
Bloom Energy Corp,BE,,093712107,,,12141.0,3407857.29,6.380904083809873,,,,,EGGS,2026-05-13,,,,,,,,280.69,53408232.5,1325000.0,53.0,,
Intel Corp,INTC,,458140100,,,22371.0,2698166.31,5.052072009235227,,,,,EGGS,2026-05-13,,,,,,,,120.61,53408232.5,1325000.0,53.0,,
Lockheed Martin Corp,LMT,,539830109,,,4090.0,2130890.0,3.9898985039803763,,,,,EGGS,2026-05-13,,,,,,,,521.0,53408232.5,1325000.0,53.0,,
Costco Wholesale Corp,COST,,22160K105,,,2078.0,2123466.64,3.9759989348057556,,,,,EGGS,2026-05-13,,,,,,,,1021.88,53408232.5,1325000.0,53.0,,
Amgen Inc,AMGN,,031162100,,,6324.0,2126697.96,3.982049288805203,,,,,EGGS,2026-05-13,,,,,,,,336.29,53408232.5,1325000.0,53.0,,
Eli Lilly & Co,LLY,,532457108,,,2134.0,2112382.58,3.9552450364759357,,,,,EGGS,2026-05-13,,,,,,,,989.87,53408232.5,1325000.0,53.0,,
Walmart Inc,WMT,,931142103,,,16019.0,2088076.65,3.909734384239147,,,,,EGGS,2026-05-13,,,,,,,,130.35,53408232.5,1325000.0,53.0,,
Boeing Co/The,BA,,097023105,,,8824.0,2090140.88,3.913599467931346,,,,,EGGS,2026-05-13,,,,,,,,236.87,53408232.5,1325000.0,53.0,,
Caterpillar Inc,CAT,,149123101,,,2292.0,2090624.88,3.91450571408949,,,,,EGGS,2026-05-13,,,,,,,,912.14,53408232.5,1325000.0,53.0,,
McKesson Corp,MCK,,58155Q103,,,2814.0,2067417.66,3.8710522968039687,,,,,EGGS,2026-05-13,,,,,,,,734.69,53408232.5,1325000.0,53.0,,
Cardinal Health Inc,CAH,,14149Y108,,,11006.0,2009255.36,3.762148658531671,,,,,EGGS,2026-05-13,,,,,,,,182.56,53408232.5,1325000.0,53.0,,
Amazon.com Inc,AMZN,,023135106,,,7008.0,1862866.56,3.4880488907729026,,,,,EGGS,2026-05-13,,,,,,,,265.82,53408232.5,1325000.0,53.0,,
Ciena Corp,CIEN,,171779309,,,3161.0,1824371.15,3.415969722552529,,,,,EGGS,2026-05-13,,,,,,,,577.15,53408232.5,1325000.0,53.0,,
Alphabet Inc,GOOGL,,02079K305,,,4549.0,1762055.15,3.29928865728213,,,,,EGGS,2026-05-13,,,,,,,,387.35,53408232.5,1325000.0,53.0,,
First American Government Obligations Fund 12/01/2031,FGXXX,,31846V336,,,1732159.0,1732159.1,3.243311011711536,,,,,EGGS,2026-05-13,,,,,,,,100.0,53408232.5,1325000.0,53.0,,
Celestica Inc,CLS,,15101Q207,,,4037.0,1510120.59,2.827564014506128,,,,,EGGS,2026-05-13,,,,,,,,374.07,53408232.5,1325000.0,53.0,,
Cash & Other,Cash&Other,,Cash&Other,,,126241.0,126240.81,0.2363744815360112,,,,,EGGS,2026-05-13,,,,,,,,1.0,53408232.5,1325000.0,53.0,,
QQQ US 05/15/26 P678,QQQ   260515P00678000,,QQQ   260515P00678000,,,1000.0,48000.0,0.08987565204729388,,,,,EGGS,2026-05-13,QQQ,678.0,2026-05-15,Put,,1.0,,0.48,53408232.5,1325000.0,53.0,,
QQQ US 05/15/26 C780,QQQ   260515C00780000,,QQQ   260515C00780000,,,1000.0,1000.0,0.0018724094176519558,,,,,EGGS,2026-05-13,QQQ,780.0,2026-05-15,Call,,1.0,,0.01,53408232.5,1325000.0,53.0,,
QQQ US 05/15/26 P674,QQQ   260515P00674000,,QQQ   260515P00674000,,,-1000.0,-36000.0,-0.06740673903547041,,,,,EGGS,2026-05-13,QQQ,674.0,2026-05-15,Put,,1.0,,0.36,53408232.5,1325000.0,53.0,,
QQQ US 05/15/26 C725,QQQ   260515C00725000,,QQQ   260515C00725000,,,-1000.0,-43000.0,-0.08051360495903409,,,,,EGGS,2026-05-13,QQQ,725.0,2026-05-15,Call,,1.0,,0.43,53408232.5,1325000.0,53.0,,
Cash & Other,Cash&Other,,,,,5925589.0,5925589.16,17.49830900235762,,,,,ULTI,2026-05-14,,,,,,,,,,,,,
FIRST AMERICAN GOVERNMENT OBLI FIRST AM GOV OBLIG X,FGXXX,,31846V336,,,2531406.0,2531406.03,7.475260894289093,,,,,ULTI,2026-05-14,,,,,,,,,,,,,
INTUITIVE MACHINES INC COMMON STOCK USD.0001,LUNR,,46125A100,,,52400.0,1869632.0,5.52103724597334,,,,,ULTI,2026-05-14,,,,,,,,,,,,,
ROCKET LAB CORP,RKLB,,773121108,,,14900.0,1849835.0,5.462576557261051,,,,,ULTI,2026-05-14,,,,,,,,,,,,,
LIGHTWAVE LOGIC INC,LWLG,,532275104,,,98800.0,1799642.0,5.314356253753655,,,,,ULTI,2026-05-14,,,,,,,,,,,,,
ASTERA LABS INC,ALAB,,04626A103,,,7800.0,1747902.0,5.161567647703555,,,,,ULTI,2026-05-14,,,,,,,,,,,,,
AXT INC,AXTI,,00246W103,,,13900.0,1694896.5,5.00504201071112,,,,,ULTI,2026-05-14,,,,,,,,,,,,,
APPLIED DIGITAL CORP COMMON STOCK USD 0.001,APLD,,038169207,,,37300.0,1696404.0,5.009493669459101,,,,,ULTI,2026-05-14,,,,,,,,,,,,,
AEHR TEST SYSTEMS,AEHR,,00760J108,,,16000.0,1652000.0,4.878368326145443,,,,,ULTI,2026-05-14,,,,,,,,,,,,,
URANIUM ENERGY CORP,UEC,,916896103,,,106200.0,1632294.0,4.820176361112137,,,,,ULTI,2026-05-14,,,,,,,,,,,,,
TERAWULF INC,WULF,,88080T104,,,69100.0,1597592.0,4.717701096188469,,,,,ULTI,2026-05-14,,,,,,,,,,,,,
MARATHON DIGITAL HOLDINGS INC,MARA,,565788106,,,124300.0,1584825.0,4.6800000499294505,,,,,ULTI,2026-05-14,,,,,,,,,,,,,
BITDEER TECHNOLOGIES GROUP A COMMON STOCK,BTDR,,G11448100,,,119400.0,1578468.0,4.661227781497667,,,,,ULTI,2026-05-14,,,,,,,,,,,,,
NUSCALE POWER CORP SMR,SMR,,67079K100,,,131500.0,1572740.0,4.644312954759071,,,,,ULTI,2026-05-14,,,,,,,,,,,,,
OKLO INC,OKLO,,02156V109,,,22300.0,1553418.0,4.587254944590922,,,,,ULTI,2026-05-14,,,,,,,,,,,,,
CLEANSPARK INC.,CLSK,,18452B209,,,114100.0,1517530.0,4.481277412818096,,,,,ULTI,2026-05-14,,,,,,,,,,,,,
USA RARE EARTH INC A,USAR,,91733P107,,,59500.0,1512490.0,4.466394255212906,,,,,ULTI,2026-05-14,,,,,,,,,,,,,
UNITED STATES ANTIMONY CORP,UAMY,,911549103,,,149600.0,1491512.0,4.404446064688767,,,,,ULTI,2026-05-14,,,,,,,,,,,,,
Critical Metals Corp.,CRML,,G2662B103,,,128000.0,1466880.0,4.331707584900864,,,,,ULTI,2026-05-14,,,,,,,,,,,,,
AAOI US 05/15/26 C172.5,AAOI  260515C00172500,,,,,103.0,541780.0,1.599880382408643,,,,,ULTI,2026-05-14,AAOI,172.5,2026-05-15,Call,206.25,1.0,0.1956521739130435,,,,,,
FCEL US 05/15/26 C16,FCEL  260515C00016000,,,,,1121.0,462973.0,1.3671627234022605,,,,,ULTI,2026-05-14,FCEL,16.0,2026-05-15,Call,,1.0,,,,,,,
LUNR US 05/15/26 C34,LUNR  260515C00034000,,,,,524.0,165060.0,0.4874234115699557,,,,,ULTI,2026-05-14,LUNR,34.0,2026-05-15,Call,35.154998779296875,1.0,0.03397055233226103,,,,,,
NVTS US 05/15/26 C20,NVTS  260515C00020000,,,,,875.0,148750.0,0.4392598598753842,,,,,ULTI,2026-05-14,NVTS,20.0,2026-05-15,Call,21.899999618530273,1.0,0.09499998092651367,,,,,,
RKLB US 05/15/26 C115,RKLB  260515C00115000,,,,,149.0,146765.0,0.4333981400646102,,,,,ULTI,2026-05-14,RKLB,115.0,2026-05-15,Call,126.78500366210938,1.0,0.10247829271399457,,,,,,
LWLG US 05/15/26 C19,LWLG  260515C00019000,,,,,988.0,106704.0,0.3150977081555832,,,,,ULTI,2026-05-14,LWLG,19.0,2026-05-15,Call,15.007499694824219,1.0,-0.21013159500925163,,,,,,
ALAB US 05/15/26 C217.5,ALAB  260515C00217500,,,,,78.0,88140.0,0.2602780776431352,,,,,ULTI,2026-05-14,ALAB,217.5,2026-05-15,Call,222.27499389648438,1.0,0.021953994926364944,,,,,,
APLD US 05/15/26 C45,APLD  260515C00045000,,,,,373.0,67513.0,0.19936639273792817,,,,,ULTI,2026-05-14,APLD,45.0,2026-05-15,Call,46.224998474121094,1.0,0.027222188313802083,,,,,,
USAR US 05/15/26 P23.5,USAR  260515P00023500,,,,,1190.0,52360.0,0.15461947067613524,,,,,ULTI,2026-05-14,USAR,23.5,2026-05-15,Put,23.90999984741211,1.0,-0.01744680201753657,,,,,,
LWLG US 05/15/26 P15,LWLG  260515P00015000,,,,,1976.0,51376.0,0.15171371133416967,,,,,ULTI,2026-05-14,LWLG,15.0,2026-05-15,Put,15.007499694824219,1.0,-0.0004999796549479167,,,,,,
AEHR US 05/15/26 C110,AEHR  260515C00110000,,,,,160.0,48960.0,0.144579245307555,,,,,ULTI,2026-05-14,AEHR,110.0,2026-05-15,Call,,1.0,,,,,,,
UAMY US 05/15/26 P9,UAMY  260515P00009000,,,,,2992.0,44880.0,0.13253097486525878,,,,,ULTI,2026-05-14,UAMY,9.0,2026-05-15,Put,9.319899559020996,1.0,-0.035544395446777344,,,,,,
BTDR US 05/15/26 P11,BTDR  260515P00011000,,,,,2388.0,40596.0,0.11988029090084772,,,,,ULTI,2026-05-14,BTDR,11.0,2026-05-15,Put,13.220000267028809,1.0,-0.20181820609352805,,,,,,
BTDR US 05/15/26 C16,BTDR  260515C00016000,,,,,1194.0,41790.0,0.12340618180969617,,,,,ULTI,2026-05-14,BTDR,16.0,2026-05-15,Call,13.220000267028809,1.0,-0.17374998331069946,,,,,,
CRML US 05/15/26 P10.5,CRML  260515P00010500,,,,,2560.0,38400.0,0.11339548651572942,,,,,ULTI,2026-05-14,CRML,10.5,2026-05-15,Put,,1.0,,,,,,,
AXTI US 05/15/26 C135,AXTI  260515C00135000,,,,,139.0,29190.0,0.08619828779672245,,,,,ULTI,2026-05-14,AXTI,135.0,2026-05-15,Call,,1.0,,,,,,,
CLSK US 05/15/26 P12.5,CLSK  260515P00012500,,,,,2174.0,26088.0,0.07703805865162368,,,,,ULTI,2026-05-14,CLSK,12.5,2026-05-15,Put,13.430000305175781,1.0,-0.0744000244140625,,,,,,
MARA US 05/15/26 P12,MARA  260515P00012000,,,,,2374.0,26114.0,0.0771148368456187,,,,,ULTI,2026-05-14,MARA,12.0,2026-05-15,Put,12.789999961853027,1.0,-0.06583333015441895,,,,,,
UAMY US 05/15/26 C12,UAMY  260515C00012000,,,,,1496.0,16456.0,0.04859469078392822,,,,,ULTI,2026-05-14,UAMY,12.0,2026-05-15,Call,9.319899559020996,1.0,-0.223341703414917,,,,,,
WULF US 05/15/26 P20.5,WULF  260515P00020500,,,,,1382.0,16584.0,0.04897267573898065,,,,,ULTI,2026-05-14,WULF,20.5,2026-05-15,Put,23.329999923706055,1.0,-0.13804877676614902,,,,,,
AXTI US 05/15/26 P95,AXTI  260515P00095000,,,,,278.0,11954.0,0.03530025119294348,,,,,ULTI,2026-05-14,AXTI,95.0,2026-05-15,Put,,1.0,,,,,,,
SMR US 05/15/26 C13.5,SMR   260515C00013500,,,,,1315.0,10520.0,0.031065638493371708,,,,,ULTI,2026-05-14,SMR,13.5,2026-05-15,Call,11.585000038146973,1.0,-0.14185184902615017,,,,,,
UEC US 05/15/26 C16.5,UEC   260515C00016500,,,,,1062.0,10620.0,0.03136093923950642,,,,,ULTI,2026-05-14,UEC,16.5,2026-05-15,Call,14.668700218200684,1.0,-0.11098786556359494,,,,,,
USAR US 05/15/26 C31,USAR  260515C00031000,,,,,595.0,8925.0,0.026355591592523053,,,,,ULTI,2026-05-14,USAR,31.0,2026-05-15,Call,23.90999984741211,1.0,-0.22870968234154485,,,,,,
LUNR US 05/15/26 P26.5,LUNR  260515P00026500,,,,,524.0,5240.0,0.015473759097458913,,,,,ULTI,2026-05-14,LUNR,26.5,2026-05-15,Put,35.154998779296875,1.0,-0.32660372752063677,,,,,,
UEC US 05/15/26 P13.5,UEC   260515P00013500,,,,,1062.0,5310.0,0.01568046961975321,,,,,ULTI,2026-05-14,UEC,13.5,2026-05-15,Put,14.668700218200684,1.0,-0.08657038653338398,,,,,,
OKLO US 05/15/26 P63,OKLO  260515P00063000,,,,,223.0,8251.0,0.024365264563575094,,,,,ULTI,2026-05-14,OKLO,63.0,2026-05-15,Put,65.0199966430664,1.0,-0.032063438778831846,,,,,,
AEHR US 05/15/26 P80,AEHR  260515P00080000,,,,,320.0,6400.0,0.018899247752621574,,,,,ULTI,2026-05-14,AEHR,80.0,2026-05-15,Put,,1.0,,,,,,,
CRML US 05/15/26 C14.5,CRML  260515C00014500,,,,,1280.0,6400.0,0.018899247752621574,,,,,ULTI,2026-05-14,CRML,14.5,2026-05-15,Call,,1.0,,,,,,,
WULF US 05/15/26 C25.5,WULF  260515C00025500,,,,,691.0,6910.0,0.020405281557908606,,,,,ULTI,2026-05-14,WULF,25.5,2026-05-15,Call,23.329999923706055,1.0,-0.0850980422076057,,,,,,
APLD US 05/15/26 P36.5,APLD  260515P00036500,,,,,373.0,1865.0,0.00550735891541238,,,,,ULTI,2026-05-14,APLD,36.5,2026-05-15,Put,46.224998474121094,1.0,-0.266438314359482,,,,,,
OKLO US 05/15/26 C81,OKLO  260515C00081000,,,,,223.0,4460.0,0.01317041327760816,,,,,ULTI,2026-05-14,OKLO,81.0,2026-05-15,Call,65.0199966430664,1.0,-0.19728399206090858,,,,,,
ALAB US 05/15/26 P177.5,ALAB  260515P00177500,,,,,156.0,3744.0,0.01105605993528362,,,,,ULTI,2026-05-14,ALAB,177.5,2026-05-15,Put,222.27499389648438,1.0,-0.25225348674075704,,,,,,
SMR US 05/15/26 P10.5,SMR   260515P00010500,,,,,1315.0,2630.0,0.007766409623342927,,,,,ULTI,2026-05-14,SMR,10.5,2026-05-15,Put,11.585000038146973,1.0,-0.10333333696637835,,,,,,
MARA US 05/15/26 C14.5,MARA  260515C00014500,,,,,1243.0,4972.0,0.014682353097817884,,,,,ULTI,2026-05-14,MARA,14.5,2026-05-15,Call,12.789999961853027,1.0,-0.11793103711358432,,,,,,
NVTS US 05/15/26 P14.5,NVTS  260515P00014500,,,,,875.0,2625.0,0.007751644586036192,,,,,ULTI,2026-05-14,NVTS,14.5,2026-05-15,Put,21.899999618530273,1.0,-0.5103448012779499,,,,,,
CLSK US 05/15/26 C16,CLSK  260515C00016000,,,,,1141.0,1141.0,0.0033693815133970647,,,,,ULTI,2026-05-14,CLSK,16.0,2026-05-15,Call,13.430000305175781,1.0,-0.16062498092651367,,,,,,
CLSK US 05/15/26 P12,CLSK  260515P00012000,,,,,108.0,540.0,0.001594624029127445,,,,,ULTI,2026-05-14,CLSK,12.0,2026-05-15,Put,13.430000305175781,1.0,-0.11916669209798177,,,,,,
AAOI US 05/15/26 P127,AAOI  260515P00127000,,,,,103.0,515.0,0.0015207988425937672,,,,,ULTI,2026-05-14,AAOI,127.0,2026-05-15,Put,206.25,1.0,-0.6240157480314961,,,,,,
MARA US 05/15/26 P11.5,MARA  260515P00011500,,,,,112.0,448.0,0.00132294734268351,,,,,ULTI,2026-05-14,MARA,11.5,2026-05-15,Put,12.789999961853027,1.0,-0.1121739097263502,,,,,,
RKLB US 05/15/26 P92,RKLB  260515P00092000,,,,,149.0,745.0,0.002199990558703605,,,,,ULTI,2026-05-14,RKLB,92.0,2026-05-15,Put,126.78500366210938,1.0,-0.3780978658924932,,,,,,
FCEL US 05/15/26 P12,FCEL  260515P00012000,,,,,1121.0,1121.0,0.0033103213641701226,,,,,ULTI,2026-05-14,FCEL,12.0,2026-05-15,Put,,1.0,,,,,,,
CLSK US 05/15/26 C14,CLSK  260515C00014000,,,,,-1141.0,-20538.0,-0.06064886724114717,,,,,ULTI,2026-05-14,CLSK,14.0,2026-05-15,Call,13.430000305175781,1.0,-0.040714263916015625,,,,,,
CRML US 05/15/26 C12.5,CRML  260515C00012500,,,,,-1280.0,-23040.0,-0.06803729190943766,,,,,ULTI,2026-05-14,CRML,12.5,2026-05-15,Call,,1.0,,,,,,,
OKLO US 05/15/26 C72,OKLO  260515C00072000,,,,,-223.0,-32335.0,-0.09548549626265915,,,,,ULTI,2026-05-14,OKLO,72.0,2026-05-15,Call,65.0199966430664,1.0,-0.09694449106852214,,,,,,
MARA US 05/15/26 C13,MARA  260515C00013000,,,,,-1243.0,-33561.0,-0.09910588341027073,,,,,ULTI,2026-05-14,MARA,13.0,2026-05-15,Call,12.789999961853027,1.0,-0.016153849088228665,,,,,,
USAR US 05/15/26 C27,USAR  260515C00027000,,,,,-595.0,-42245.0,-0.1247498002046091,,,,,ULTI,2026-05-14,USAR,27.0,2026-05-15,Call,23.90999984741211,1.0,-0.1144444500958478,,,,,,
LWLG US 05/15/26 P16,LWLG  260515P00016000,,,,,-988.0,-49400.0,-0.14587856859054776,,,,,ULTI,2026-05-14,LWLG,16.0,2026-05-15,Put,15.007499694824219,1.0,0.06203126907348633,,,,,,
SMR US 05/15/26 C12,SMR   260515C00012000,,,,,-1315.0,-52600.0,-0.15532819246685856,,,,,ULTI,2026-05-14,SMR,12.0,2026-05-15,Call,11.585000038146973,1.0,-0.034583330154418945,,,,,,
WULF US 05/15/26 P23,WULF  260515P00023000,,,,,-691.0,-53207.0,-0.15712066799589625,,,,,ULTI,2026-05-14,WULF,23.0,2026-05-15,Put,23.329999923706055,1.0,-0.014347822769828465,,,,,,
UAMY US 05/15/26 C10.5,UAMY  260515C00010500,,,,,-1496.0,-56848.0,-0.1678725681626611,,,,,ULTI,2026-05-14,UAMY,10.5,2026-05-15,Call,9.319899559020996,1.0,-0.11239051818847656,,,,,,
WULF US 05/15/26 C23,WULF  260515C00023000,,,,,-691.0,-57353.0,-0.16936383693064141,,,,,ULTI,2026-05-14,WULF,23.0,2026-05-15,Call,23.329999923706055,1.0,0.014347822769828465,,,,,,
MARA US 05/15/26 P13,MARA  260515P00013000,,,,,-1243.0,-64636.0,-0.1908705902716325,,,,,ULTI,2026-05-14,MARA,13.0,2026-05-15,Put,12.789999961853027,1.0,0.016153849088228665,,,,,,
UEC US 05/15/26 C15,UEC   260515C00015000,,,,,-1062.0,-65844.0,-0.1944378232849398,,,,,ULTI,2026-05-14,UEC,15.0,2026-05-15,Call,14.668700218200684,1.0,-0.022086652119954427,,,,,,
BTDR US 05/15/26 C13.5,BTDR  260515C00013500,,,,,-1194.0,-95520.0,-0.28207127270787696,,,,,ULTI,2026-05-14,BTDR,13.5,2026-05-15,Call,13.220000267028809,1.0,-0.020740720960828993,,,,,,
CLSK US 05/15/26 P14,CLSK  260515P00014000,,,,,-1141.0,-102690.0,-0.3032443362057358,,,,,ULTI,2026-05-14,CLSK,14.0,2026-05-15,Put,13.430000305175781,1.0,0.040714263916015625,,,,,,
USAR US 05/15/26 P27,USAR  260515P00027000,,,,,-595.0,-134470.0,-0.3970909133273473,,,,,ULTI,2026-05-14,USAR,27.0,2026-05-15,Put,23.90999984741211,1.0,0.1144444500958478,,,,,,
BTDR US 05/15/26 P13.5,BTDR  260515P00013500,,,,,-1194.0,-139698.0,-0.41252923633527006,,,,,ULTI,2026-05-14,BTDR,13.5,2026-05-15,Put,13.220000267028809,1.0,0.020740720960828993,,,,,,
AXTI US 05/15/26 C115,AXTI  260515C00115000,,,,,-139.0,-144560.0,-0.4268867586123397,,,,,ULTI,2026-05-14,AXTI,115.0,2026-05-15,Call,,1.0,,,,,,,
UAMY US 05/15/26 P10.5,UAMY  260515P00010500,,,,,-1496.0,-146608.0,-0.4329345178931787,,,,,ULTI,2026-05-14,UAMY,10.5,2026-05-15,Put,9.319899559020996,1.0,0.11239051818847656,,,,,,
CRML US 05/15/26 P12.5,CRML  260515P00012500,,,,,-1280.0,-154880.0,-0.45736179561344203,,,,,ULTI,2026-05-14,CRML,12.5,2026-05-15,Put,,1.0,,,,,,,
AEHR US 05/15/26 C95,AEHR  260515C00095000,,,,,-160.0,-164320.0,-0.48523818604855884,,,,,ULTI,2026-05-14,AEHR,95.0,2026-05-15,Call,,1.0,,,,,,,
APLD US 05/15/26 C41,APLD  260515C00041000,,,,,-373.0,-179040.0,-0.5287064558795884,,,,,ULTI,2026-05-14,APLD,41.0,2026-05-15,Call,46.224998474121094,1.0,0.1274389871736852,,,,,,
ALAB US 05/15/26 C197.5,ALAB  260515C00197500,,,,,-78.0,-205920.0,-0.6080832964405991,,,,,ULTI,2026-05-14,ALAB,197.5,2026-05-15,Call,222.27499389648438,1.0,0.12544300707080697,,,,,,
LWLG US 05/15/26 C16,LWLG  260515C00016000,,,,,-988.0,-271700.0,-0.8023321272480127,,,,,ULTI,2026-05-14,LWLG,16.0,2026-05-15,Call,15.007499694824219,1.0,-0.06203126907348633,,,,,,
LUNR US 05/15/26 C29.5,LUNR  260515C00029500,,,,,-524.0,-327500.0,-0.967109943591182,,,,,ULTI,2026-05-14,LUNR,29.5,2026-05-15,Call,35.154998779296875,1.0,0.19169487387447035,,,,,,
NVTS US 05/15/26 C17.5,NVTS  260515C00017500,,,,,-875.0,-328125.0,-0.9689555732545241,,,,,ULTI,2026-05-14,NVTS,17.5,2026-05-15,Call,21.899999618530273,1.0,0.2514285496303013,,,,,,
RKLB US 05/15/26 C103,RKLB  260515C00103000,,,,,-149.0,-342551.0,-1.0115556588919175,,,,,ULTI,2026-05-14,RKLB,103.0,2026-05-15,Call,126.78500366210938,1.0,0.23092236565154733,,,,,,
FCEL US 05/15/26 C14,FCEL  260515C00014000,,,,,-1121.0,-627760.0,-1.8537799639352686,,,,,ULTI,2026-05-14,FCEL,14.0,2026-05-15,Call,,1.0,,,,,,,
AAOI US 05/15/26 C150,AAOI  260515C00150000,,,,,-103.0,-760140.0,-2.2446990916684,,,,,ULTI,2026-05-14,AAOI,150.0,2026-05-15,Call,206.25,1.0,0.375,,,,,,
TESLA INC,TSLA,,88160R101,,,1989473.0,885852642.71,11.070763060773805,,,,,ARKK,2026-05-14,,,,,,,,,,,,05/14/2026,
ADVANCED MICRO DEVICES,AMD,,007903107,,,978902.0,436100841.0,5.450081479178602,,,,,ARKK,2026-05-14,,,,,,,,,,,,05/14/2026,
CIRCLE INTERNET GROUP INC,CRCL,,172573107,,,3333631.0,421937675.67,5.273080203797944,,,,,ARKK,2026-05-14,,,,,,,,,,,,05/14/2026,
CRISPR THERAPEUTICS AG,CRSP,,H17182108,,,7421747.0,391497154.25,4.8926559844195605,,,,,ARKK,2026-05-14,,,,,,,,,,,,05/14/2026,
TEMPUS AI INC-CL A,TEM,,88023B103,,,8006592.0,367502572.8,4.592788587554606,,,,,ARKK,2026-05-14,,,,,,,,,,,,05/14/2026,
ROKU INC,ROKU,,77543R102,,,2897281.0,364130276.08,4.5506439958271,,,,,ARKK,2026-05-14,,,,,,,,,,,,05/14/2026,
COINBASE GLOBAL INC -CLASS A,COIN,,19260Q107,,,1757822.0,354728479.6,4.433146958331926,,,,,ARKK,2026-05-14,,,,,,,,,,,,05/14/2026,
ROBINHOOD MARKETS INC - A,HOOD,,770700102,,,4603267.0,353300742.25,4.415304101458447,,,,,ARKK,2026-05-14,,,,,,,,,,,,05/14/2026,
SHOPIFY INC - CLASS A,SHOP,,82509L107,,,3106501.0,296360195.4,3.7037012091322508,,,,,ARKK,2026-05-14,,,,,,,,,,,,05/14/2026,
BEAM THERAPEUTICS INC,BEAM,,07373V105,,,7867316.0,250574014.6,3.131497735714957,,,,,ARKK,2026-05-14,,,,,,,,,,,,05/14/2026,
PALANTIR TECHNOLOGIES INC-A,PLTR,,69608A108,,,1756381.0,228417349.05,2.854599318648136,,,,,ARKK,2026-05-14,,,,,,,,,,,,05/14/2026,
AMAZON.COM INC,AMZN,,023135106,,,787502.0,212727915.26,2.6585238139056946,,,,,ARKK,2026-05-14,,,,,,,,,,,,05/14/2026,
COREWEAVE INC-CL A,CRWV,,21873S108,,,1900992.0,211599419.52,2.6444206681337157,,,,,ARKK,2026-05-14,,,,,,,,,,,,05/14/2026,
BULLISH,BLSH,,G16910120,,,4801869.0,200766142.89,2.5090339988840187,,,,,ARKK,2026-05-14,,,,,,,,,,,,05/14/2026,
TWIST BIOSCIENCE CORP,TWST,,90184D100,,,3674490.0,199855511.1,2.4976535634745165,,,,,ARKK,2026-05-14,,,,,,,,,,,,05/14/2026,
ROBLOX CORP -CLASS A,RBLX,,771049103,,,4606984.0,193309048.64,2.415840481606637,,,,,ARKK,2026-05-14,,,,,,,,,,,,05/14/2026,
INTELLIA THERAPEUTICS INC,NTLA,,45826J105,,,12698289.0,181331566.92,2.2661543421814385,,,,,ARKK,2026-05-14,,,,,,,,,,,,05/14/2026,
OPENAI GROUP PBC SERIES C,OTHER,,PPOPENAIC,,,254476.0,174999811.56,2.1870245185858317,,,,,ARKK,2026-05-14,,,,,,,,,,,,05/14/2026,
10X GENOMICS INC-CLASS A,TXG,,88025U109,,,8166207.0,172061981.49,2.1503095853681704,,,,,ARKK,2026-05-14,,,,,,,,,,,,05/14/2026,
BITMINE IMMERSION TECHNOLOGI,BMNR,,09175A206,,,7390474.0,156530239.32,1.9562047995438883,,,,,ARKK,2026-05-14,,,,,,,,,,,,05/14/2026,
TERADYNE INC,TER,,880770102,,,406096.0,147567164.48,1.8441905964298528,,,,,ARKK,2026-05-14,,,,,,,,,,,,05/14/2026,
ARCHER AVIATION INC-A,ACHR,,03945R102,,,21110903.0,137643087.56,1.7201664654614015,,,,,ARKK,2026-05-14,,,,,,,,,,,,05/14/2026,
ALPHABET INC-CL C,GOOG,,02079K107,,,301496.0,120308963.84,1.5035367831440438,,,,,ARKK,2026-05-14,,,,,,,,,,,,05/14/2026,
BLOCK INC,XYZ,,852234103,,,1697915.0,118480508.7,1.480686037267993,,,,,ARKK,2026-05-14,,,,,,,,,,,,05/14/2026,
TAIWAN SEMICONDUCTOR-SP ADR,TSM,,874039100,,,285273.0,114052145.4,1.4253434684505115,,,,,ARKK,2026-05-14,,,,,,,,,,,,05/14/2026,
ILLUMINA INC,ILMN,,452327109,,,738868.0,107135860.0,1.3389085996783747,,,,,ARKK,2026-05-14,,,,,,,,,,,,05/14/2026,
NVIDIA CORP,NVDA,,67066G104,,,464102.0,104808154.66,1.309818576064962,,,,,ARKK,2026-05-14,,,,,,,,,,,,05/14/2026,
X-ENERGY INC,XE,,98386P102,,,3149198.0,97593646.02,1.2196567230630828,,,,,ARKK,2026-05-14,,,,,,,,,,,,05/14/2026,
BAIDU INC - SPON ADR,BIDU,,056752108,,,637798.0,95988599.0,1.1995979746854046,,,,,ARKK,2026-05-14,,,,,,,,,,,,05/14/2026,
NATERA INC,NTRA,,632307104,,,484696.0,94670822.72,1.1831293338984246,,,,,ARKK,2026-05-14,,,,,,,,,,,,05/14/2026,
DEERE & CO,DE,,244199105,,,161004.0,93486972.6,1.1683344080314153,,,,,ARKK,2026-05-14,,,,,,,,,,,,05/14/2026,
BROADCOM INC,AVGO,,11135F101,,,217451.0,90631402.29,1.132647499417948,,,,,ARKK,2026-05-14,,,,,,,,,,,,05/14/2026,
VERACYTE INC,VCYT,,92337F107,,,2117886.0,81009139.5,1.0123952290959826,,,,,ARKK,2026-05-14,,,,,,,,,,,,05/14/2026,
RECURSION PHARMACEUTICALS-A,RXRX,,75629V104,,,26151834.0,79763093.7,0.9968230253799429,,,,,ARKK,2026-05-14,,,,,,,,,,,,05/14/2026,
ALIBABA GROUP HOLDING-SP ADR,BABA,,01609W102,,,543065.0,79184307.65,0.9895897645490793,,,,,ARKK,2026-05-14,,,,,,,,,,,,05/14/2026,
BWX TECHNOLOGIES INC,BWXT,,05605H100,,,361408.0,74750016.64,0.934173115382633,,,,,ARKK,2026-05-14,,,,,,,,,,,,05/14/2026,
KRATOS DEFENSE & SECURITY,KTOS,,50077B207,,,1300454.0,68260830.46,0.8530758321637737,,,,,ARKK,2026-05-14,,,,,,,,,,,,05/14/2026,
GENEDX HOLDINGS CORP,WGS,,81663L200,,,1237213.0,48177074.22,0.6020831771967046,,,,,ARKK,2026-05-14,,,,,,,,,,,,05/14/2026,
META PLATFORMS INC-CLASS A,META,,30303M102,,,76611.0,47240640.93,0.59038029279361,,,,,ARKK,2026-05-14,,,,,,,,,,,,05/14/2026,
FIGMA INC-CL A,FIG,,316841105,,,2110420.0,39971354.8,0.49953386926203314,,,,,ARKK,2026-05-14,,,,,,,,,,,,05/14/2026,
SOFI TECHNOLOGIES INC,SOFI,,83406F102,,,2618785.0,40093598.35,0.5010615831418695,,,,,ARKK,2026-05-14,,,,,,,,,,,,05/14/2026,
CERUS CORP,CERS,,157085101,,,11602671.0,30166944.6,0.37700524876508307,,,,,ARKK,2026-05-14,,,,,,,,,,,,05/14/2026,
PACIFIC BIOSCIENCES OF CALIF,PACB,,69404D108,,,17727741.0,22514231.07,0.2813670193599889,,,,,ARKK,2026-05-14,,,,,,,,,,,,05/14/2026,
GOLDMAN FS TRSY OBLIG INST 468,OTHER,,X9USDGSFT,,,11000400.0,11000400.38,0.13747526429234116,,,,,ARKK,2026-05-14,,,,,,,,,,,,05/14/2026,
BRERA HOLDINGS PLC-CL B,OTHER,,G13311132,,,405532.0,2266923.32,0.028330412692439785,,,,,ARKK,2026-05-14,,,,,,,,,,,,05/14/2026,
BRERA HOLDINGS PLC WTS,OTHER,,BREADUMMY,,,4316257.0,1381202.24,0.017261293809850732,,,,,ARKK,2026-05-14,,,,,,,,,,,,05/14/2026,
TESLA INC,TSLA,,88160R101,,,696837.0,310280610.99,10.84889109482976,,,,,ARKQ,2026-05-14,,,,,,,,,,,,05/14/2026,
TERADYNE INC,TER,,880770102,,,599074.0,217691510.12,7.61153421100175,,,,,ARKQ,2026-05-14,,,,,,,,,,,,05/14/2026,
ADVANCED MICRO DEVICES,AMD,,007903107,,,482404.0,214910982.0,7.514313676777122,,,,,ARKQ,2026-05-14,,,,,,,,,,,,05/14/2026,
ROCKET LAB,RKLB,,773121108,,,1387578.0,172267808.7,6.0233048071169994,,,,,ARKQ,2026-05-14,,,,,,,,,,,,05/14/2026,
ALPHABET INC-CL C,GOOG,,02079K107,,,327354.0,130627340.16,4.56735528166404,,,,,ARKQ,2026-05-14,,,,,,,,,,,,05/14/2026,
KRATOS DEFENSE & SECURITY,KTOS,,50077B207,,,2492056.0,130808019.44,4.573672691654815,,,,,ARKQ,2026-05-14,,,,,,,,,,,,05/14/2026,
DEERE & CO,DE,,244199105,,,187713.0,108995553.45,3.8110047721862204,,,,,ARKQ,2026-05-14,,,,,,,,,,,,05/14/2026,
PALANTIR TECHNOLOGIES INC-A,PLTR,,69608A108,,,739629.0,96188751.45,3.363217848834036,,,,,ARKQ,2026-05-14,,,,,,,,,,,,05/14/2026,
AMAZON.COM INC,AMZN,,023135106,,,336499.0,90898474.87,3.1782445296993833,,,,,ARKQ,2026-05-14,,,,,,,,,,,,05/14/2026,
ARCHER AVIATION INC-A,ACHR,,03945R102,,,13409459.0,87429672.68,3.056958648932474,,,,,ARKQ,2026-05-14,,,,,,,,,,,,05/14/2026,
TAIWAN SEMICONDUCTOR-SP ADR,TSM,,874039100,,,206166.0,82425166.8,2.881977237421378,,,,,ARKQ,2026-05-14,,,,,,,,,,,,05/14/2026,
L3HARRIS TECHNOLOGIES INC,LHX,,502431109,,,262806.0,80137433.58,2.801987164955638,,,,,ARKQ,2026-05-14,,,,,,,,,,,,05/14/2026,
INTUITIVE MACHINES INC,LUNR,,46125A100,,,2237346.0,79828505.28,2.7911855571074478,,,,,ARKQ,2026-05-14,,,,,,,,,,,,05/14/2026,
NVIDIA CORP,NVDA,,67066G104,,,306829.0,69291193.07,2.4227508288343547,,,,,ARKQ,2026-05-14,,,,,,,,,,,,05/14/2026,
AEROVIRONMENT INC,AVAV,,008073108,,,406623.0,65462236.77,2.288872241406599,,,,,ARKQ,2026-05-14,,,,,,,,,,,,05/14/2026,
CATERPILLAR INC,CAT,,149123101,,,70203.0,63344166.9,2.214814409441034,,,,,ARKQ,2026-05-14,,,,,,,,,,,,05/14/2026,
BAIDU INC - SPON ADR,BIDU,,056752108,,,399309.0,60096004.5,2.1012431488215406,,,,,ARKQ,2026-05-14,,,,,,,,,,,,05/14/2026,
AURORA INNOVATION INC,AUR,,051774107,,,6791706.0,57050330.4,1.9947518456240345,,,,,ARKQ,2026-05-14,,,,,,,,,,,,05/14/2026,
TRIMBLE INC,TRMB,,896239100,,,955928.0,52480447.2,1.8349669174111338,,,,,ARKQ,2026-05-14,,,,,,,,,,,,05/14/2026,
CAMECO CORP,CCJ,,13321L108,,,425817.0,49135023.63,1.7179949420717648,,,,,ARKQ,2026-05-14,,,,,,,,,,,,05/14/2026,
KOMATSU LTD -SPONS ADR,KMTUY,,500458401,,,1164205.0,49199303.3,1.7202424661346334,,,,,ARKQ,2026-05-14,,,,,,,,,,,,05/14/2026,
JOBY AVIATION INC,JOBY,,G65163100,,,4346002.0,48066782.12,1.6806441202850304,,,,,ARKQ,2026-05-14,,,,,,,,,,,,05/14/2026,
IRIDIUM COMMUNICATIONS INC,IRDM,,46269C102,,,1086317.0,46809399.53,1.6366800235922967,,,,,ARKQ,2026-05-14,,,,,,,,,,,,05/14/2026,
BWX TECHNOLOGIES INC,BWXT,,05605H100,,,223163.0,46156803.29,1.6138621442731031,,,,,ARKQ,2026-05-14,,,,,,,,,,,,05/14/2026,
SYMBOTIC INC,SYM,,87151X101,,,860786.0,42806887.78,1.4967331092718077,,,,,ARKQ,2026-05-14,,,,,,,,,,,,05/14/2026,
BROADCOM INC,AVGO,,11135F101,,,100667.0,41956998.93,1.4670169386514742,,,,,ARKQ,2026-05-14,,,,,,,,,,,,05/14/2026,
ELBIT SYSTEMS LTD,ESLT,,M3760D101,,,51393.0,40056732.06,1.4005745391152447,,,,,ARKQ,2026-05-14,,,,,,,,,,,,05/14/2026,
INTUITIVE SURGICAL INC,ISRG,,46120E602,,,78065.0,33745157.55,1.179891769807109,,,,,ARKQ,2026-05-14,,,,,,,,,,,,05/14/2026,
X-ENERGY INC,XE,,98386P102,,,1093197.0,33878175.03,1.1845426957854495,,,,,ARKQ,2026-05-14,,,,,,,,,,,,05/14/2026,
WERIDE INC-ADR,WRD,,950915108,,,4358685.0,33343940.25,1.165863298033854,,,,,ARKQ,2026-05-14,,,,,,,,,,,,05/14/2026,
OKLO INC,OKLO,,02156V109,,,466947.0,32527528.02,1.1373176298288799,,,,,ARKQ,2026-05-14,,,,,,,,,,,,05/14/2026,
KODIAK AI INC,KDK,,500081104,,,3903101.0,31185776.99,1.0904036097926268,,,,,ARKQ,2026-05-14,,,,,,,,,,,,05/14/2026,
SYNOPSYS INC,SNPS,,871607107,,,57261.0,29161882.08,1.019638583915203,,,,,ARKQ,2026-05-14,,,,,,,,,,,,05/14/2026,
TELEDYNE TECHNOLOGIES INC,TDY,,879360105,,,44457.0,28272873.72,0.9885546085122279,,,,,ARKQ,2026-05-14,,,,,,,,,,,,05/14/2026,
BYD CO LTD-UNSPONSORED ADR,BYDDY,,05606L100,,,2159341.0,27812312.08,0.9724511753686816,,,,,ARKQ,2026-05-14,,,,,,,,,,,,05/14/2026,
STRATA CRITICAL MEDICAL INC,SRTA,,092667104,,,4714865.0,25601716.95,0.8951582187008092,,,,,ARKQ,2026-05-14,,,,,,,,,,,,05/14/2026,
DOORDASH INC - A,DASH,,25809K105,,,167492.0,24968032.44,0.8730015837259859,,,,,ARKQ,2026-05-14,,,,,,,,,,,,05/14/2026,
PONY AI INC,PONY,,732908108,,,2288207.0,20639627.14,0.7216598754440677,,,,,ARKQ,2026-05-14,,,,,,,,,,,,05/14/2026,
GOLDMAN FS TRSY OBLIG INST 468,OTHER,,X9USDGSFT,,,4482276.0,4482275.76,0.15672175396999755,,,,,ARKQ,2026-05-14,,,,,,,,,,,,05/14/2026,
TESLA INC,TSLA,,88160R101,,,430840.0,191840126.8,9.563271677622073,,,,,ARKW,2026-05-14,,,,,,,,,,,,05/14/2026,
ADVANCED MICRO DEVICES,AMD,,007903107,,,425354.0,189495207.0,9.446376920077347,,,,,ARKW,2026-05-14,,,,,,,,,,,,05/14/2026,
CIRCLE INTERNET GROUP INC,CRCL,,172573107,,,834190.0,105583428.3,5.263356662291523,,,,,ARKW,2026-05-14,,,,,,,,,,,,05/14/2026,
ARK BITCOIN ETF HOLDCO (ARKW),OTHER,,MM0051EWE,,,3775474.0,99596626.57,4.964913305424186,,,,,ARKW,2026-05-14,,,,,,,,,,,,05/14/2026,
ROBINHOOD MARKETS INC - A,HOOD,,770700102,,,1215462.0,93286708.5,4.6503625293508515,,,,,ARKW,2026-05-14,,,,,,,,,,,,05/14/2026,
ROKU INC,ROKU,,77543R102,,,671948.0,84450424.64,4.2098718740154055,,,,,ARKW,2026-05-14,,,,,,,,,,,,05/14/2026,
AMAZON.COM INC,AMZN,,023135106,,,302118.0,81611135.34,4.0683326903201555,,,,,ARKW,2026-05-14,,,,,,,,,,,,05/14/2026,
ALPHABET INC-CL C,GOOG,,02079K107,,,196452.0,78392206.08,3.9078683727766212,,,,,ARKW,2026-05-14,,,,,,,,,,,,05/14/2026,
COINBASE GLOBAL INC -CLASS A,COIN,,19260Q107,,,379238.0,76530228.4,3.8150483840259235,,,,,ARKW,2026-05-14,,,,,,,,,,,,05/14/2026,
COREWEAVE INC-CL A,CRWV,,21873S108,,,683081.0,76033746.11,3.7902986348384253,,,,,ARKW,2026-05-14,,,,,,,,,,,,05/14/2026,
SHOPIFY INC - CLASS A,SHOP,,82509L107,,,780433.0,74453308.2,3.7115134643162,,,,,ARKW,2026-05-14,,,,,,,,,,,,05/14/2026,
TAIWAN SEMICONDUCTOR-SP ADR,TSM,,874039100,,,135247.0,54071750.6,2.695488424126835,,,,,ARKW,2026-05-14,,,,,,,,,,,,05/14/2026,
BLOCK INC,XYZ,,852234103,,,766086.0,53457481.08,2.66486695613142,,,,,ARKW,2026-05-14,,,,,,,,,,,,05/14/2026,
PALANTIR TECHNOLOGIES INC-A,PLTR,,69608A108,,,387214.0,50357180.7,2.510316313829745,,,,,ARKW,2026-05-14,,,,,,,,,,,,05/14/2026,
ROBLOX CORP -CLASS A,RBLX,,771049103,,,1116728.0,46857906.88,2.3358767595338996,,,,,ARKW,2026-05-14,,,,,,,,,,,,05/14/2026,
BROADCOM INC,AVGO,,11135F101,,,106815.0,44519423.85,2.2193028763613056,,,,,ARKW,2026-05-14,,,,,,,,,,,,05/14/2026,
DATADOG INC - CLASS A,DDOG,,23804L103,,,212119.0,43550151.89,2.170984460200932,,,,,ARKW,2026-05-14,,,,,,,,,,,,05/14/2026,
CROWDSTRIKE HOLDINGS INC - A,CRWD,,22788C105,,,76882.0,43251506.74,2.1560969350919037,,,,,ARKW,2026-05-14,,,,,,,,,,,,05/14/2026,
OPENAI GROUP PBC SERIES C,OTHER,,PPOPENAIC,,,62528.0,42999686.48,2.143543640843823,,,,,ARKW,2026-05-14,,,,,,,,,,,,05/14/2026,
BULLISH,BLSH,,G16910120,,,1005855.0,42054797.55,2.096440723985411,,,,,ARKW,2026-05-14,,,,,,,,,,,,05/14/2026,
META PLATFORMS INC-CLASS A,META,,30303M102,,,67458.0,41596626.54,2.0736008003650075,,,,,ARKW,2026-05-14,,,,,,,,,,,,05/14/2026,
BITMINE IMMERSION TECHNOLOGI,BMNR,,09175A206,,,1790818.0,37929525.24,1.8907950100111357,,,,,ARKW,2026-05-14,,,,,,,,,,,,05/14/2026,
CLOUDFLARE INC - CLASS A,NET,,18915M107,,,183942.0,35430908.04,1.7662384039425276,,,,,ARKW,2026-05-14,,,,,,,,,,,,05/14/2026,
EVERPURE INC-A,PSTG,,74624M102,,,389359.0,32873580.37,1.638755068287694,,,,,ARKW,2026-05-14,,,,,,,,,,,,05/14/2026,
NETFLIX INC,NFLX,,64110L106,,,270602.0,23693911.12,1.1811465772341778,,,,,ARKW,2026-05-14,,,,,,,,,,,,05/14/2026,
NVIDIA CORP,NVDA,,67066G104,,,102777.0,23210129.91,1.157029979622761,,,,,ARKW,2026-05-14,,,,,,,,,,,,05/14/2026,
RUBRIK INC-A,RBRK,,781154109,,,392036.0,23318301.28,1.1624223457367027,,,,,ARKW,2026-05-14,,,,,,,,,,,,05/14/2026,
BAIDU INC - SPON ADR,BIDU,,056752108,,,153357.0,23080228.5,1.150554366330286,,,,,ARKW,2026-05-14,,,,,,,,,,,,05/14/2026,
ALIBABA GROUP HOLDING-SP ADR,BABA,,01609W102,,,153463.0,22376440.03,1.1154703593789939,,,,,ARKW,2026-05-14,,,,,,,,,,,,05/14/2026,
FIGMA INC-CL A,FIG,,316841105,,,1187516.0,22491553.04,1.121208767743405,,,,,ARKW,2026-05-14,,,,,,,,,,,,05/14/2026,
DRAFTKINGS INC-CL A,DKNG,,26142V105,,,778218.0,19478796.54,0.9710222067323236,,,,,ARKW,2026-05-14,,,,,,,,,,,,05/14/2026,
SPOTIFY TECHNOLOGY SA,SPOT,,L8681T102,,,44629.0,19230636.1,0.9586513553002227,,,,,ARKW,2026-05-14,,,,,,,,,,,,05/14/2026,
TOAST INC-CLASS A,TOST,,888787108,,,845433.0,18878518.89,0.941098236472758,,,,,ARKW,2026-05-14,,,,,,,,,,,,05/14/2026,
DOORDASH INC - A,DASH,,25809K105,,,111033.0,16551689.31,0.8251052802948992,,,,,ARKW,2026-05-14,,,,,,,,,,,,05/14/2026,
GITLAB INC-CL A,GTLB,,37637K108,,,743933.0,16403722.65,0.8177291103954414,,,,,ARKW,2026-05-14,,,,,,,,,,,,05/14/2026,
MERCADOLIBRE INC,MELI,,58733R102,,,10236.0,15988632.0,0.7970367520082453,,,,,ARKW,2026-05-14,,,,,,,,,,,,05/14/2026,
GENIUS SPORTS LTD,GENI,,G3934V109,,,3689507.0,15532824.47,0.7743146483753578,,,,,ARKW,2026-05-14,,,,,,,,,,,,05/14/2026,
AIRBNB INC-CLASS A,ABNB,,009066101,,,75495.0,10038570.15,0.5004248860792421,,,,,ARKW,2026-05-14,,,,,,,,,,,,05/14/2026,
3IQ ETHER STAKING ETF,ETHQ/U,,BQ84B35,,,940753.0,8297441.46,0.41362924553251035,,,,,ARKW,2026-05-14,,,,,,,,,,,,05/14/2026,
3IQ SOLANA STAKING ETF,SOLQ/U,,BTRDQ40,,,502634.0,3699386.24,0.18441520157281718,,,,,ARKW,2026-05-14,,,,,,,,,,,,05/14/2026,
GOLDMAN FS TRSY OBLIG INST 468,OTHER,,X9USDGSFT,,,2122362.0,2122362.33,0.10580021968657803,,,,,ARKW,2026-05-14,,,,,,,,,,,,05/14/2026,
BRERA HOLDINGS PLC-CL B,OTHER,,G13311132,,,169220.0,945942.04,0.047155414618940114,,,,,ARKW,2026-05-14,,,,,,,,,,,,05/14/2026,
BRERA HOLDINGS PLC WTS,OTHER,,BREADUMMY,,,1395691.0,446621.12,0.02226415911399329,,,,,ARKW,2026-05-14,,,,,,,,,,,,05/14/2026,
CRISPR THERAPEUTICS AG,CRSP,,H17182108,,,1984186.0,104665811.5,9.083420525221507,,,,,ARKG,2026-05-14,,,,,,,,,,,,05/14/2026,
TWIST BIOSCIENCE CORP,TWST,,90184D100,,,1736718.0,94460092.02,8.197717347930563,,,,,ARKG,2026-05-14,,,,,,,,,,,,05/14/2026,
TEMPUS AI INC-CL A,TEM,,88023B103,,,2049932.0,94091878.8,8.165761970407829,,,,,ARKG,2026-05-14,,,,,,,,,,,,05/14/2026,
BEAM THERAPEUTICS INC,BEAM,,07373V105,,,2086475.0,66454228.75,5.7672290193394735,,,,,ARKG,2026-05-14,,,,,,,,,,,,05/14/2026,
10X GENOMICS INC-CLASS A,TXG,,88025U109,,,3010936.0,63440421.52,5.505675814336683,,,,,ARKG,2026-05-14,,,,,,,,,,,,05/14/2026,
ABSCI CORP,ABSI,,00091E109,,,11227393.0,59505182.9,5.164156203106683,,,,,ARKG,2026-05-14,,,,,,,,,,,,05/14/2026,
ILLUMINA INC,ILMN,,452327109,,,370510.0,53723950.0,4.662432012252387,,,,,ARKG,2026-05-14,,,,,,,,,,,,05/14/2026,
NATERA INC,NTRA,,632307104,,,247808.0,48401858.56,4.2005544045561845,,,,,ARKG,2026-05-14,,,,,,,,,,,,05/14/2026,
PERSONALIS INC,PSNL,,71535D106,,,7561624.0,48318777.36,4.193344204142843,,,,,ARKG,2026-05-14,,,,,,,,,,,,05/14/2026,
INTELLIA THERAPEUTICS INC,NTLA,,45826J105,,,3299589.0,47118130.92,4.0891461249388215,,,,,ARKG,2026-05-14,,,,,,,,,,,,05/14/2026,
GUARDANT HEALTH INC,GH,,40131M109,,,467847.0,46068894.09,3.998088125952779,,,,,ARKG,2026-05-14,,,,,,,,,,,,05/14/2026,
CAREDX INC,CDNA,,14167L103,,,1801910.0,37137365.1,3.2229655468919276,,,,,ARKG,2026-05-14,,,,,,,,,,,,05/14/2026,
RECURSION PHARMACEUTICALS-A,RXRX,,75629V104,,,11836062.0,36099989.1,3.1329368898192005,,,,,ARKG,2026-05-14,,,,,,,,,,,,05/14/2026,
VERACYTE INC,VCYT,,92337F107,,,904972.0,34615179.0,3.0040776726105687,,,,,ARKG,2026-05-14,,,,,,,,,,,,05/14/2026,
COMPASS PATHWAYS PLC,CMPS,,20451W101,,,3127653.0,34279076.88,2.9749090563105036,,,,,ARKG,2026-05-14,,,,,,,,,,,,05/14/2026,
NURIX THERAPEUTICS INC,NRIX,,67080M103,,,1625786.0,26305217.48,2.2828978149970927,,,,,ARKG,2026-05-14,,,,,,,,,,,,05/14/2026,
ADAPTIVE BIOTECHNOLOGIES,ADPT,,00650F109,,,1956890.0,25693965.7,2.2298503405165633,,,,,ARKG,2026-05-14,,,,,,,,,,,,05/14/2026,
SCHRODINGER INC,SDGR,,80810D103,,,1974242.0,25171585.5,2.1845155844711344,,,,,ARKG,2026-05-14,,,,,,,,,,,,05/14/2026,
ARCTURUS THERAPEUTICS HOLDIN,ARCT,,03969T109,,,2649431.0,21884300.06,1.899228578045375,,,,,ARKG,2026-05-14,,,,,,,,,,,,05/14/2026,
IONIS PHARMACEUTICALS INC,IONS,,462222100,,,271874.0,21097422.4,1.830939414800486,,,,,ARKG,2026-05-14,,,,,,,,,,,,05/14/2026,
CERUS CORP,CERS,,157085101,,,7027111.0,18270488.6,1.5856040169818544,,,,,ARKG,2026-05-14,,,,,,,,,,,,05/14/2026,
BUTTERFLY NETWORK INC,BFLY,,124155102,,,4611212.0,18075951.04,1.5687210784166616,,,,,ARKG,2026-05-14,,,,,,,,,,,,05/14/2026,
ATAIBECKLEY INC,ATAI,,04650F101,,,4133551.0,17526256.24,1.52101582531281,,,,,ARKG,2026-05-14,,,,,,,,,,,,05/14/2026,
GENEDX HOLDINGS CORP,WGS,,81663L200,,,432034.0,16823403.96,1.4600188031251904,,,,,ARKG,2026-05-14,,,,,,,,,,,,05/14/2026,
PRIME MEDICINE INC,PRME,,74168J101,,,4645932.0,15192197.64,1.3184545926574864,,,,,ARKG,2026-05-14,,,,,,,,,,,,05/14/2026,
908 DEVICES INC,MASS,,65443P102,,,1841585.0,13885550.9,1.2050572793683254,,,,,ARKG,2026-05-14,,,,,,,,,,,,05/14/2026,
PACIFIC BIOSCIENCES OF CALIF,PACB,,69404D108,,,10341769.0,13134046.63,1.1398379951237314,,,,,ARKG,2026-05-14,,,,,,,,,,,,05/14/2026,
ALAMAR BIOSCIENCES INC,ALMR,,010911105,,,562698.0,12947680.98,1.1236642556175291,,,,,ARKG,2026-05-14,,,,,,,,,,,,05/14/2026,
ELI LILLY & CO,LLY,,532457108,,,11866.0,12052889.5,1.046009793489508,,,,,ARKG,2026-05-14,,,,,,,,,,,,05/14/2026,
BIONTECH SE-ADR,BNTX,,09075V102,,,119738.0,11043435.74,0.958404367501424,,,,,ARKG,2026-05-14,,,,,,,,,,,,05/14/2026,
GENERATE BIOMEDICINES INC,GENB,,370920100,,,474955.0,7703770.1,0.6685715463824379,,,,,ARKG,2026-05-14,,,,,,,,,,,,05/14/2026,
QUANTUM-SI INC,QSI,,74765K105,,,6534624.0,6073279.55,0.5270694540010138,,,,,ARKG,2026-05-14,,,,,,,,,,,,05/14/2026,
GOLDMAN FS TRSY OBLIG INST 468,OTHER,,X9USDGSFT,,,1010824.0,1010823.99,0.0877243413734226,,,,,ARKG,2026-05-14,,,,,,,,,,,,05/14/2026,
SHOPIFY INC - CLASS A,SHOP,,82509L107,,,662061.0,106571959.17,9.650069919529974,,,,,ARKF,2026-05-14,,,,,,,,,,,,01/02/2026,
COINBASE GLOBAL INC -CLASS A,COIN,,19260Q107,,,276957.0,62631055.98,5.671229787348535,,,,,ARKF,2026-05-14,,,,,,,,,,,,01/02/2026,
ARK BITCOIN ETF HOLDCO (ARKF),OTHER,,MM005473T,,,2082290.0,60461580.67,5.4747842251833685,,,,,ARKF,2026-05-14,,,,,,,,,,,,01/02/2026,
ROBINHOOD MARKETS INC - A,HOOD,,770700102,,,492638.0,55717357.8,5.045195778410956,,,,,ARKF,2026-05-14,,,,,,,,,,,,01/02/2026,
PALANTIR TECHNOLOGIES INC-A,PLTR,,69608A108,,,281162.0,49976545.5,4.525366354973909,,,,,ARKF,2026-05-14,,,,,,,,,,,,01/02/2026,
TOAST INC-CLASS A,TOST,,888787108,,,1351034.0,47975217.34,4.34414648413418,,,,,ARKF,2026-05-14,,,,,,,,,,,,01/02/2026,
BLOCK INC,XYZ,,852234103,,,652416.0,42465757.44,3.845265974965375,,,,,ARKF,2026-05-14,,,,,,,,,,,,01/02/2026,
SOFI TECHNOLOGIES INC,SOFI,,83406F102,,,1488338.0,38964688.84,3.5282449025726152,,,,,ARKF,2026-05-14,,,,,,,,,,,,01/02/2026,
ROKU INC,ROKU,,77543R102,,,350640.0,38040933.6,3.444599047471909,,,,,ARKF,2026-05-14,,,,,,,,,,,,01/02/2026,
CIRCLE INTERNET GROUP INC,CRCL,,172573107,,,467606.0,37081155.8,3.3576913566558058,,,,,ARKF,2026-05-14,,,,,,,,,,,,01/02/2026,
ROBLOX CORP -CLASS A,RBLX,,771049103,,,389598.0,31569125.94,2.8585781381150097,,,,,ARKF,2026-05-14,,,,,,,,,,,,01/02/2026,
MERCADOLIBRE INC,MELI,,58733R102,,,15628.0,31478855.28,2.8504041476257056,,,,,ARKF,2026-05-14,,,,,,,,,,,,01/02/2026,
ADYEN NV,ADYEN,,BZ1HM42,,,17603.0,28444654.02,2.5756578209468546,,,,,ARKF,2026-05-14,,,,,,,,,,,,01/02/2026,
META PLATFORMS INC-CLASS A,META,,30303M102,,,41109.0,27135639.81,2.45712684196759,,,,,ARKF,2026-05-14,,,,,,,,,,,,01/02/2026,
ADVANCED MICRO DEVICES,AMD,,007903107,,,121685.0,26060059.6,2.3597332657267165,,,,,ARKF,2026-05-14,,,,,,,,,,,,01/02/2026,
DRAFTKINGS INC-CL A,DKNG,,26142V105,,,756511.0,26069369.06,2.3605762354967452,,,,,ARKF,2026-05-14,,,,,,,,,,,,01/02/2026,
AMAZON.COM INC,AMZN,,023135106,,,110561.0,25519690.02,2.3108029066529103,,,,,ARKF,2026-05-14,,,,,,,,,,,,01/02/2026,
BITMINE IMMERSION TECHNOLOGI,BMNR,,09175A206,,,938829.0,25489207.35,2.308042706886247,,,,,ARKF,2026-05-14,,,,,,,,,,,,01/02/2026,
PINTEREST INC- CLASS A,PINS,,72352L106,,,876967.0,22704675.63,2.0559039078961154,,,,,ARKF,2026-05-14,,,,,,,,,,,,01/02/2026,
NU HOLDINGS LTD/CAYMAN ISL-A,NU,,G6683N103,,,1327232.0,22217863.68,2.0118231816736674,,,,,ARKF,2026-05-14,,,,,,,,,,,,01/02/2026,
KLARNA GROUP PLC,KLAR,,G5279N105,,,736657.0,21296753.87,1.9284168697385935,,,,,ARKF,2026-05-14,,,,,,,,,,,,01/02/2026,
BULLISH,BLSH,,G16910120,,,508905.0,19272232.35,1.7450968447174837,,,,,ARKF,2026-05-14,,,,,,,,,,,,01/02/2026,
SEA LTD-ADR,SE,,81141R100,,,148096.0,18892606.72,1.7107218186667579,,,,,ARKF,2026-05-14,,,,,,,,,,,,01/02/2026,
AIRBNB INC-CLASS A,ABNB,,009066101,,,136311.0,18500128.92,1.6751830311530398,,,,,ARKF,2026-05-14,,,,,,,,,,,,01/02/2026,
FUTU HOLDINGS LTD-ADR,FUTU,,36118L106,,,106024.0,17410201.04,1.5764902762186264,,,,,ARKF,2026-05-14,,,,,,,,,,,,01/02/2026,
DOORDASH INC - A,DASH,,25809K105,,,76196.0,17256870.08,1.5626061879804778,,,,,ARKF,2026-05-14,,,,,,,,,,,,01/02/2026,
SPOTIFY TECHNOLOGY SA,SPOT,,L8681T102,,,29020.0,16852204.2,1.5259637722225117,,,,,ARKF,2026-05-14,,,,,,,,,,,,01/02/2026,
ZILLOW GROUP INC - C,Z,,98954M200,,,246266.0,16800266.52,1.521260825524697,,,,,ARKF,2026-05-14,,,,,,,,,,,,01/02/2026,
NVIDIA CORP,NVDA,,67066G104,,,89295.0,16653517.5,1.507972730657608,,,,,ARKF,2026-05-14,,,,,,,,,,,,01/02/2026,
DISCOVERY LTD,DSY,,6177878,,,1125052.0,15461312.45,1.400018798117393,,,,,ARKF,2026-05-14,,,,,,,,,,,,01/02/2026,
GLOBAL-E ONLINE LTD,GLBE,,M5216V106,,,364781.0,14339541.11,1.2984426241497466,,,,,ARKF,2026-05-14,,,,,,,,,,,,01/02/2026,
CROWDSTRIKE HOLDINGS INC - A,CRWD,,22788C105,,,28997.0,13592633.72,1.2308103070463694,,,,,ARKF,2026-05-14,,,,,,,,,,,,01/02/2026,
LY CORP,4689,,6084848,,,5074096.0,13514510.03,1.2237362222989068,,,,,ARKF,2026-05-14,,,,,,,,,,,,01/02/2026,
ALIBABA GROUP HOLDING-SP ADR,BABA,,01609W102,,,85622.0,12550472.76,1.1364428373129656,,,,,ARKF,2026-05-14,,,,,,,,,,,,01/02/2026,
ETORO GROUP LTD-A,ETOR,,G32089107,,,333445.0,11713922.85,1.0606934076736072,,,,,ARKF,2026-05-14,,,,,,,,,,,,01/02/2026,
JSC KASPI.KZ ADR,KSPI,,BJY21K1,,,133688.0,10445043.44,0.9457966269320663,,,,,ARKF,2026-05-14,,,,,,,,,,,,01/02/2026,
INTUIT INC,INTU,,461202103,,,14562.0,9646160.04,0.8734578923569211,,,,,ARKF,2026-05-14,,,,,,,,,,,,01/02/2026,
PAYPAL HOLDINGS INC,PYPL,,70450Y103,,,151471.0,8842876.98,0.8007207694350401,,,,,ARKF,2026-05-14,,,,,,,,,,,,01/02/2026,
INTERCONTINENTAL EXCHANGE IN,ICE,,45866F104,,,53595.0,8680246.2,0.7859945843269643,,,,,ARKF,2026-05-14,,,,,,,,,,,,01/02/2026,
3IQ ETHER STAKING ETF,ETHQ/U,,BQ84B35,,,650997.0,7538545.26,0.6826137890033243,,,,,ARKF,2026-05-14,,,,,,,,,,,,01/02/2026,
3IQ SOLANA STAKING ETF,SOLQ/U,,BTRDQ40,,,452253.0,4499917.35,0.40746663003855177,,,,,ARKF,2026-05-14,,,,,,,,,,,,01/02/2026,
BRERA HOLDINGS PLC-CL B,SLMT,,G13311116,,,1018952.0,1905440.24,0.1725372385634259,,,,,ARKF,2026-05-14,,,,,,,,,,,,01/02/2026,
BRERA HOLDINGS PLC WTS,OTHER,,BREADUMMY,,,788053.0,1134796.32,0.10275558334211406,,,,,ARKF,2026-05-14,,,,,,,,,,,,01/02/2026,
GOLDMAN FS TRSY OBLIG INST 468,OTHER,,X9USDGSFT,,,989040.0,989039.68,0.08955734828863195,,,,,ARKF,2026-05-14,,,,,,,,,,,,01/02/2026,
ROCKET LAB,RKLB,,773121108,,,659546.0,46009928.96,8.903606957804989,,,,,ARKX,2026-05-14,,,,,,,,,,,,01/02/2026,
L3HARRIS TECHNOLOGIES INC,LHX,,502431109,,,146728.0,43074938.96,8.335642651496093,,,,,ARKX,2026-05-14,,,,,,,,,,,,01/02/2026,
KRATOS DEFENSE & SECURITY,KTOS,,50077B207,,,527748.0,40061350.68,7.752468406626152,,,,,ARKX,2026-05-14,,,,,,,,,,,,01/02/2026,
TERADYNE INC,TER,,880770102,,,192651.0,37289527.56,7.216079323337363,,,,,ARKX,2026-05-14,,,,,,,,,,,,01/02/2026,
AEROVIRONMENT INC,AVAV,,008073108,,,140659.0,34024005.51,6.584152139304483,,,,,ARKX,2026-05-14,,,,,,,,,,,,01/02/2026,
DEERE & CO,DE,,244199105,,,58643.0,27302421.51,5.283425460897748,,,,,ARKX,2026-05-14,,,,,,,,,,,,01/02/2026,
ARCHER AVIATION INC-A,ACHR,,03945R102,,,3494036.0,26275150.72,5.08463325321263,,,,,ARKX,2026-05-14,,,,,,,,,,,,01/02/2026,
PALANTIR TECHNOLOGIES INC-A,PLTR,,69608A108,,,126096.0,22413564.0,4.337358672148826,,,,,ARKX,2026-05-14,,,,,,,,,,,,01/02/2026,
ADVANCED MICRO DEVICES,AMD,,007903107,,,100401.0,21501878.16,4.160933874896624,,,,,ARKX,2026-05-14,,,,,,,,,,,,01/02/2026,
TRIMBLE INC,TRMB,,896239100,,,272441.0,21345752.35,4.130721203857347,,,,,ARKX,2026-05-14,,,,,,,,,,,,01/02/2026,
IRIDIUM COMMUNICATIONS INC,IRDM,,46269C102,,,1077332.0,18724030.16,3.6233788875366804,,,,,ARKX,2026-05-14,,,,,,,,,,,,01/02/2026,
AMAZON.COM INC,AMZN,,023135106,,,75711.0,17475613.02,3.381791565295637,,,,,ARKX,2026-05-14,,,,,,,,,,,,01/02/2026,
ALPHABET INC-CL C,GOOG,,02079K107,,,45846.0,14386474.8,2.783997281085264,,,,,ARKX,2026-05-14,,,,,,,,,,,,01/02/2026,
NVIDIA CORP,NVDA,,67066G104,,,70102.0,13074023.0,2.530018297800529,,,,,ARKX,2026-05-14,,,,,,,,,,,,01/02/2026,
JOBY AVIATION INC,JOBY,,G65163100,,,955434.0,12611728.8,2.4405574803484673,,,,,ARKX,2026-05-14,,,,,,,,,,,,01/02/2026,
THALES SA,HO,,4162791,,,40981.0,11067355.1,2.1416981529905526,,,,,ARKX,2026-05-14,,,,,,,,,,,,01/02/2026,
KOMATSU LTD,6301,,6496584,,,327675.0,10459493.11,2.024067798719534,,,,,ARKX,2026-05-14,,,,,,,,,,,,01/02/2026,
STRATA CRITICAL MEDICAL INC,SRTA,,092667104,,,1916557.0,9218639.17,1.7839440683958323,,,,,ARKX,2026-05-14,,,,,,,,,,,,01/02/2026,
INTUITIVE MACHINES INC,LUNR,,46125A100,,,561934.0,9120188.82,1.7648924584265928,,,,,ARKX,2026-05-14,,,,,,,,,,,,01/02/2026,
BWX TECHNOLOGIES INC,BWXT,,05605H100,,,49355.0,8530518.2,1.650782405363707,,,,,ARKX,2026-05-14,,,,,,,,,,,,01/02/2026,
GARMIN LTD,GRMN,,B3Z5T14,,,37855.0,7678886.75,1.4859790275906686,,,,,ARKX,2026-05-14,,,,,,,,,,,,01/02/2026,
ELBIT SYSTEMS LTD,ESLT,,M3760D101,,,13283.0,7673721.93,1.4849795579473273,,,,,ARKX,2026-05-14,,,,,,,,,,,,01/02/2026,
TELEDYNE TECHNOLOGIES INC,TDY,,879360105,,,12009.0,6133356.57,1.1868959041172784,,,,,ARKX,2026-05-14,,,,,,,,,,,,01/02/2026,
SYNOPSYS INC,SNPS,,871607107,,,12975.0,6094617.0,1.1793992199712489,,,,,ARKX,2026-05-14,,,,,,,,,,,,01/02/2026,
HEICO CORP,HEI,,422806109,,,18577.0,6011331.43,1.1632822209386826,,,,,ARKX,2026-05-14,,,,,,,,,,,,01/02/2026,
DOORDASH INC - A,DASH,,25809K105,,,26120.0,5915657.6,1.1447679089690115,,,,,ARKX,2026-05-14,,,,,,,,,,,,01/02/2026,
TAIWAN SEMICONDUCTOR-SP ADR,TSM,,874039100,,,17725.0,5386450.25,1.0423583997589903,,,,,ARKX,2026-05-14,,,,,,,,,,,,01/02/2026,
HONEYWELL INTERNATIONAL INC,HON,,438516106,,,27407.0,5346831.63,1.0346916063371334,,,,,ARKX,2026-05-14,,,,,,,,,,,,01/02/2026,
AIRBUS SE,AIR,,4012250,,,22634.0,5277329.95,1.0212419954462946,,,,,ARKX,2026-05-14,,,,,,,,,,,,01/02/2026,
DASSAULT SYSTEMES SE,DSY,,BM8H5Y5,,,188577.0,5283311.8,1.022399572571155,,,,,ARKX,2026-05-14,,,,,,,,,,,,01/02/2026,
JD LOGISTICS INC,2618,,BNMBPD9,,,3251025.0,4770414.57,0.9231463146572592,,,,,ARKX,2026-05-14,,,,,,,,,,,,01/02/2026,
THE 3D PRINTING ETF,PRNT,,00214Q500,,,135556.0,3028321.04,0.5860252534980493,,,,,ARKX,2026-05-14,,,,,,,,,,,,01/02/2026,
LOCKHEED MARTIN CORP,LMT,,539830109,,,6123.0,2961511.41,0.5730965944028893,,,,,ARKX,2026-05-14,,,,,,,,,,,,01/02/2026,
GOLDMAN FS TRSY OBLIG INST 468,OTHER,,X9USDGSFT,,,1227741.0,1227740.5,0.2375860842489546,,,,,ARKX,2026-05-14,,,,,,,,,,,,01/02/2026,
MSTR 05/15/2026 55.97 C,2MSTR 260515C00055970,,2MSTR 260515C00055970,,,4489.0,54756552.66,83.12483258745559,,,,,MSTW,2026-05-14,MSTR,55.97,2026-05-15,Call,,1.0,,121.9794,65873385.0,7650000.0,765.0,,
First American Government Obligations Fund 12/01/2031,FGXXX,,31846V336,,,11152845.75,11152845.75,16.930913120096807,,,,,MSTW,2026-05-14,,,,,,,,100.0,65873385.0,7650000.0,765.0,,Y
Cash & Other,Cash&Other,,Cash&Other,,,-36721.19,-36721.19,-0.05574570755240363,,,,,MSTW,2026-05-14,,,,,,,,1.0,65873385.0,7650000.0,765.0,,Y
NVIDIA CORP WEEKLYPAY SWAP NM,67066G104 TRS 042027 NM,,67066G104 TRS 042027 NM,,,591155.0,133500533.7,98.48298226885609,,,,,NVDW,2026-05-14,,,,,,,,225.83,135576840.0,3090000.0,309.0,,
United States Treasury Bill 05/19/2026,912797TS6,,912797TS6,,,77000000.0,76962308.42,56.774886552360606,,,,,NVDW,2026-05-14,,,,,,,,99.95105,135576840.0,3090000.0,309.0,,
First American Government Obligations Fund 12/01/2031,FGXXX,,31846V336,,,2277639.79,2277639.79,1.6802087065619808,,,,,NVDW,2026-05-14,,,,,,,,100.0,135576840.0,3090000.0,309.0,,Y
NVIDIA Corp,NVDA,,67066G104,,,123102.0,27800124.66,20.508076695147842,,,,,NVDW,2026-05-14,,,,,,,,225.83,135576840.0,3090000.0,309.0,,
Cash & Other,Cash&Other,,Cash&Other,,,-104983649.8,-104983649.8,-77.4461542229265,,,,,NVDW,2026-05-14,,,,,,,,1.0,135576840.0,3090000.0,309.0,,Y
COINBASE GLOBAL INC WEEKLYPAY SWAP NM,19260Q107 TRS 042027 NM,,19260Q107 TRS 042027 NM,,,242363.0,48908853.4,113.61377843795498,,,,,COIW,2026-05-14,,,,,,,,201.8,43060572.0,3240000.0,324.0,,
United States Treasury Bill 05/19/2026,912797TS6,,912797TS6,,,55200000.0,55172979.54,128.16515288046773,,,,,COIW,2026-05-14,,,,,,,,99.95105,43060572.0,3240000.0,324.0,,
Coinbase Global Inc,COIN,,19260Q107,,,12756.0,2574160.8,5.979697221748178,,,,,COIW,2026-05-14,,,,,,,,201.8,43060572.0,3240000.0,324.0,,
First American Government Obligations Fund 12/01/2031,FGXXX,,31846V336,,,1538138.65,1538138.65,3.5730492873904742,,,,,COIW,2026-05-14,,,,,,,,100.0,43060572.0,3240000.0,324.0,,Y
Cash & Other,Cash&Other,,Cash&Other,,,-65145785.55,-65145785.55,-151.33167782756135,,,,,COIW,2026-05-14,,,,,,,,1.0,43060572.0,3240000.0,324.0,,Y
TESLA INC WEEKLYPAY SWAP NM,88160R101 TRS 042027 NM,,88160R101 TRS 042027 NM,,,262209.0,116753801.4,100.83416822141098,,,,,TSLW,2026-05-14,,,,,,,,445.27,115806506.0,4220000.0,422.0,,
United States Treasury Bill 05/19/2026,912797TS6,,912797TS6,,,77200000.0,77162322.3,66.64107287176459,,,,,TSLW,2026-05-14,,,,,,,,99.951195,115806506.0,4220000.0,422.0,,
First American Government Obligations Fund 12/01/2031,FGXXX,,31846V336,,,393158.93,393158.93,0.33955086010047414,,,,,TSLW,2026-05-14,,,,,,,,100.0,115806506.0,4220000.0,422.0,,Y
Tesla Inc,TSLA,,88160R101,,,47661.0,21222013.47,18.328346063009043,,,,,TSLW,2026-05-14,,,,,,,,445.27,115806506.0,4220000.0,422.0,,
Cash & Other,Cash&Other,,Cash&Other,,,-99743360.86,-99743360.86,-86.14313801628509,,,,,TSLW,2026-05-14,,,,,,,,1.0,115806506.0,4220000.0,422.0,,Y
ROBINHOOD MKTS INC SWAP NM,770700102 TRS 072026 NM,,770700102 TRS 072026 NM,,,1796593.0,137888512.8,116.65639478646408,,,,,HOOW,2026-05-14,,,,,,,,76.75,118236628.0,5090000.0,509.0,,
United States Treasury Bill 05/19/2026,912797TS6,,912797TS6,,,163000000.0,162920211.3,137.83370421634532,,,,,HOOW,2026-05-14,,,,,,,,99.95105,118236628.0,5090000.0,509.0,,
First American Government Obligations Fund 12/01/2031,FGXXX,,31846V336,,,2268368.11,2268368.11,1.9190840512218892,,,,,HOOW,2026-05-14,,,,,,,,100.0,118236628.0,5090000.0,509.0,,Y
Robinhood Markets Inc,HOOD,,770700102,,,52149.0,4002435.75,3.3861393924574794,,,,,HOOW,2026-05-14,,,,,,,,76.75,118236628.0,5090000.0,509.0,,
Cash & Other,Cash&Other,,Cash&Other,,,-188878967.2,-188878967.2,-159.7953224464888,,,,,HOOW,2026-05-14,,,,,,,,1.0,118236628.0,5090000.0,509.0,,Y
PALANTIR TECHNOLOGIES INC WEEKLYPAY SWAP NM,69608A108 TRS 042027 NM,,69608A108 TRS 042027 NM,,,1006026.0,130833681.3,101.26052962011435,,,,,PLTW,2026-05-14,,,,,,,,130.05,129232586.0,6310000.0,631.0,,
United States Treasury Bill 05/19/2026,912797TS6,,912797TS6,,,112200000.0,112145240.5,86.79635346624693,,,,,PLTW,2026-05-14,,,,,,,,99.951195,129232586.0,6310000.0,631.0,,
First American Government Obligations Fund 12/01/2031,FGXXX,,31846V336,,,3547813.48,3547813.48,2.7458791070352695,,,,,PLTW,2026-05-14,,,,,,,,100.0,129232586.0,6310000.0,631.0,,Y
Palantir Technologies Inc,PLTR,,69608A108,,,201205.0,26166710.25,20.252085793225135,,,,,PLTW,2026-05-14,,,,,,,,130.05,129232586.0,6310000.0,631.0,,
Cash & Other,Cash&Other,,Cash&Other,,,-143488431.7,-143488431.7,-111.05484798662167,,,,,PLTW,2026-05-14,,,,,,,,1.0,129232586.0,6310000.0,631.0,,Y
NDX 06/18/2026 2177 C,4NDX  260618C02177000,,4NDX  260618C02177000,,,42.0,114285307.5,13.3276639318958,,,,,QDTE,2026-05-14,NDX,2177.0,2026-06-18,Call,,35.0,,27210.7875,860908822.6,27340000.0,2734.0,,
NDX 09/18/2026 2250 C,4NDX  260918C02250000,,4NDX  260918C02250000,,,71.0,192609392.9,22.46162096293679,,,,,QDTE,2026-05-14,NDX,2250.0,2026-09-18,Call,,127.0,,27128.0835,860908822.6,27340000.0,2734.0,,
NDX 12/18/2026 2450.1 C,4NDX  261218C02450100,,4NDX  261218C02450100,,,89.0,239538098.6,27.93432810272764,,,,,QDTE,2026-05-14,NDX,2450.1,2026-12-18,Call,,218.0,,26914.3931,860908822.6,27340000.0,2734.0,,
NDX 03/19/2027 2510.15 C,4NDX  270319C02510150,,4NDX  270319C02510150,,,92.0,247208489.6,28.82882972949395,,,,,QDTE,2026-05-14,NDX,2510.15,2027-03-19,Call,,309.0,,26870.488,860908822.6,27340000.0,2734.0,,
First American Government Obligations Fund 12/01/2031,FGXXX,,31846V336,,,8654588.47,8654588.47,1.0092762501165802,,,,,QDTE,2026-05-14,,,,,,,,100.0,860908822.6,27340000.0,2734.0,,Y
Roundhill Weekly T-Bill ETF,WEEK,,77926X676,,,479558.0,47965391.16,5.593602779975944,,,,,QDTE,2026-05-14,,,,,,,,100.02,860908822.6,27340000.0,2734.0,,
Cash & Other,Cash&Other,,Cash&Other,,,7243153.28,7243153.28,0.8446782428532973,,,,,QDTE,2026-05-14,,,,,,,,1.0,860908822.6,27340000.0,2734.0,,Y
SPX 12/18/2026 663.6 C,4SPX  261218C00663600,,4SPX  261218C00663600,,,34.0,22957627.56,7.861910428381575,,,,,XDTE,2026-05-14,SPX,663.6,2026-12-18,Call,,218.0,,6752.2434,293001591.0,7355000.0,735.5,,
SPX 03/19/2027 678.8 C,4SPX  270319C00678800,,4SPX  270319C00678800,,,363.0,244423164.2,83.70346711740112,,,,,XDTE,2026-05-14,SPX,678.8,2027-03-19,Call,,309.0,,6733.4205,293001591.0,7355000.0,735.5,,
First American Government Obligations Fund 12/01/2031,FGXXX,,31846V336,,,1236928.05,1236928.05,0.42358982913357646,,,,,XDTE,2026-05-14,,,,,,,,100.0,293001591.0,7355000.0,735.5,,Y
Roundhill Weekly T-Bill ETF,WEEK,,77926X676,,,252576.0,25262651.52,8.651272999118975,,,,,XDTE,2026-05-14,,,,,,,,100.02,293001591.0,7355000.0,735.5,,
Cash & Other,Cash&Other,,Cash&Other,,,-1869571.04,-1869571.04,-0.6402403740352423,,,,,XDTE,2026-05-14,,,,,,,,1.0,293001591.0,7355000.0,735.5,,Y
RUT 12/18/2026 246.2 C,4RUT  261218C00246200,,4RUT  261218C00246200,,,319.0,82205767.27,50.367384961970295,,,,,RDTE,2026-05-14,RUT,246.2,2026-12-18,Call,,218.0,,2576.9833,163060293.8,5630000.0,563.0,,
RUT 03/19/2027 252.3 C,4RUT  270319C00252300,,4RUT  270319C00252300,,,258.0,66218034.9,40.571718578808714,,,,,RDTE,2026-05-14,RUT,252.3,2027-03-19,Call,,309.0,,2566.5905,163060293.8,5630000.0,563.0,,
First American Government Obligations Fund 12/01/2031,FGXXX,,31846V336,,,2604116.35,2604116.35,1.5955392795667898,,,,,RDTE,2026-05-14,,,,,,,,100.0,163060293.8,5630000.0,563.0,,Y
Roundhill Weekly T-Bill ETF,WEEK,,77926X676,,,104679.0,10469993.58,6.414953776432498,,,,,RDTE,2026-05-14,,,,,,,,100.02,163060293.8,5630000.0,563.0,,
Cash & Other,Cash&Other,,Cash&Other,,,1714387.55,1714387.55,1.0504034032217007,,,,,RDTE,2026-05-14,,,,,,,,1.0,163060293.8,5630000.0,563.0,,Y
IBIT 05/15/2026 43.8 C,4IBIT 260515C00043800,,4IBIT 260515C00043800,,,36726.0,5429939.1,3.2953578020876435,,,,,YBTC,2026-05-14,IBIT,43.8,2026-05-15,Call,,1.0,,1.4785,164779160.0,7280000.0,728.0,,
IBIT 05/15/2026 47.06 C,4IBIT 260515C00047060,,4IBIT 260515C00047060,,,-36726.0,-302989.5,-0.18388029670086614,,,,,YBTC,2026-05-14,IBIT,47.06,2026-05-15,Call,,1.0,,0.0825,164779160.0,7280000.0,728.0,,
IBIT 05/15/2026 43.8 P,4IBIT 260515P00043800,,4IBIT 260515P00043800,,,-36726.0,-567049.44,-0.3441347613407725,,,,,YBTC,2026-05-14,IBIT,43.8,2026-05-15,Put,,1.0,,0.1544,164779160.0,7280000.0,728.0,,
United States Treasury Bill 05/19/2026,912797TS6,,912797TS6,,,153000000.0,152925327.9,92.80834704611627,,,,,YBTC,2026-05-14,,,,,,,,99.951195,164779160.0,7280000.0,728.0,,
First American Government Obligations Fund 12/01/2031,FGXXX,,31846V336,,,5471044.72,5471044.72,3.3203042560131855,,,,,YBTC,2026-05-14,,,,,,,,100.0,164779160.0,7280000.0,728.0,,Y
Cash & Other,Cash&Other,,Cash&Other,,,1819130.26,1819130.26,1.1040059538245508,,,,,YBTC,2026-05-14,,,,,,,,1.0,164779160.0,7280000.0,728.0,,Y
TREASURY BILL,TBILL,,912797TP2,,,3785000.0,3758578.96,80.57068873126029,,,,,MSII,2026-05-14,,,,,,,,,,,,,
MSTR 05/15/2026 148.94 C,2MSTR 260515C00148940,,,,,314.0,919787.64,19.71700592962945,,,,,MSII,2026-05-14,MSTR,148.94,2026-05-15,Call,,1.0,,,,,,,
FIRST AMERICAN GOVERNMENT OBLI FIRST AM GOV OBLIG X,FGXXX,,31846V336,,,25408.0,25407.67,0.5446509153439681,,,,,MSII,2026-05-14,,,,,,,,,,,,,
MSTR 05/15/2026 148.94 P,2MSTR 260515P00148940,,,,,-314.0,-2935.9,-0.06293535071725806,,,,,MSII,2026-05-14,MSTR,148.94,2026-05-15,Put,,1.0,,,,,,,
Cash & Other,Cash&Other,,,,,-2742.0,-2742.02,-0.058779246695642204,,,,,MSII,2026-05-14,,,,,,,,,,,,,
MSTR 05/15/2026 183.44 C,2MSTR 260515C00183440,,,,,-157.0,-33150.55,-0.7106309788208044,,,,,MSII,2026-05-14,MSTR,183.44,2026-05-15,Call,,1.0,,,,,,,
TREASURY BILL,TBILL,,912797TP2,,,87103000.0,86494980.99,87.78512829576799,,,,,NVII,2026-05-14,,,,,,,,,,,,,
NVDA 05/15/2026 198.35 C,2NVDA 260515C00198350,,,,,5441.0,15042134.19,15.266500606133127,,,,,NVII,2026-05-14,NVDA,198.35,2026-05-15,Call,,1.0,,,,,,,
NVDA 05/15/2026 198.35 P,2NVDA 260515P00198350,,,,,-5441.0,-31340.16,-0.03180762553989084,,,,,NVII,2026-05-14,NVDA,198.35,2026-05-15,Put,,1.0,,,,,,,
Cash & Other,Cash&Other,,,,,-38302.0,-38302.42,-0.03887373365776134,,,,,NVII,2026-05-14,,,,,,,,,,,,,
NVDA 05/15/2026 215.73 C,2NVDA 260515C00215730,,,,,-2720.0,-2937137.6,-2.9809475427034733,,,,,NVII,2026-05-14,NVDA,215.73,2026-05-15,Call,,1.0,,,,,,,
TREASURY BILL,TBILL,,912797TP2,,,3089000.0,3067437.36,100.4748556661917,,,,,COII,2026-05-14,,,,,,,,,,,,,
COIN 05/15/2026 199.83 C,2COIN 260515C00199830,,,,,191.0,128594.57,4.212154754549246,,,,,COII,2026-05-14,COIN,199.83,2026-05-15,Call,,1.0,,,,,,,
FIRST AMERICAN GOVERNMENT OBLI FIRST AM GOV OBLIG X,FGXXX,,31846V336,,,28688.0,28688.49,0.9397003275825605,,,,,COII,2026-05-14,,,,,,,,,,,,,
Cash & Other,Cash&Other,,,,,-1772.0,-1772.0,-0.05804240587344601,,,,,COII,2026-05-14,,,,,,,,,,,,,
COIN 05/15/2026 196.82 C,2COIN 260515C00196820,,,,,-95.0,-80024.2,-2.621217322854299,,,,,COII,2026-05-14,COIN,196.82,2026-05-15,Call,,1.0,,,,,,,
COIN 05/15/2026 199.83 P,2COIN 260515P00199830,,,,,-191.0,-89983.92,-2.947451019595765,,,,,COII,2026-05-14,COIN,199.83,2026-05-15,Put,,1.0,,,,,,,
TREASURY BILL,TBILL,,912797TP2,,,41142000.0,40854809.91,87.71174204690286,,,,,TSII,2026-05-14,,,,,,,,,,,,,
TSLA 05/15/2026 388.9 C,2TSLA 260515C00388900,,,,,1311.0,7418437.71,15.926743907117519,,,,,TSII,2026-05-14,TSLA,388.9,2026-05-15,Call,,1.0,,,,,,,
FIRST AMERICAN GOVERNMENT OBLI FIRST AM GOV OBLIG X,FGXXX,,31846V336,,,68030.0,68029.51,0.14605347193738047,,,,,TSII,2026-05-14,,,,,,,,,,,,,
TSLA 05/15/2026 388.9 P,2TSLA 260515P00388900,,,,,-1311.0,-21421.74,-0.045990622333452955,,,,,TSII,2026-05-14,TSLA,388.9,2026-05-15,Put,,1.0,,,,,,,
Cash & Other,Cash&Other,,,,,-23210.0,-23209.64,-0.0498290889412066,,,,,TSII,2026-05-14,,,,,,,,,,,,,
TSLA 05/15/2026 420.03 C,2TSLA 260515C00420030,,,,,-655.0,-1718150.15,-3.6887197146830997,,,,,TSII,2026-05-14,TSLA,420.03,2026-05-15,Call,,1.0,,,,,,,
TREASURY BILL,TBILL,,912797TE7,,,1324000.0,1318431.22,96.78693058529953,,,,,HOII,2026-05-14,,,,,,,,,,,,,
HOOD US 07/17/26 C75,HOOD  260717C00075000,,,,,222.0,199800.0,14.667453589989204,,,,,HOII,2026-05-14,HOOD,75.0,2026-07-17,Call,,64.0,,,,,,,
FIRST AMERICAN GOVERNMENT OBLI FIRST AM GOV OBLIG X,FGXXX,,31846V336,,,7747.0,7747.22,0.5687286776848657,,,,,HOII,2026-05-14,,,,,,,,,,,,,
Cash & Other,Cash&Other,,,,,5494.0,5493.98,0.4033168001718162,,,,,HOII,2026-05-14,,,,,,,,,,,,,
HOOD 05/22/2026 79 C,2HOOD 260522C00079000,,,,,-111.0,-24420.0,-1.7926887721097917,,,,,HOII,2026-05-14,HOOD,79.0,2026-05-22,Call,,8.0,,,,,,,
HOOD 07/17/2026 75 P,2HOOD 260717P00075000,,,,,-222.0,-144852.78,-10.633740881035617,,,,,HOII,2026-05-14,HOOD,75.0,2026-07-17,Put,,64.0,,,,,,,
TREASURY BILL,TBILL,,912797TE7,,,1892000.0,1884042.19,104.8518541313413,,,,,PLTI,2026-05-14,,,,,,,,,,,,,
PLTR US 07/17/26 C140,PLTR  260717C00140000,,,,,170.0,124100.0,6.906488170362818,,,,,PLTI,2026-05-14,PLTR,140.0,2026-07-17,Call,,64.0,,,,,,,
FIRST AMERICAN GOVERNMENT OBLI FIRST AM GOV OBLIG X,FGXXX,,31846V336,,,58213.0,58213.14,3.2397128345662733,,,,,PLTI,2026-05-14,,,,,,,,,,,,,
Cash & Other,Cash&Other,,,,,30850.0,30849.88,1.716876158558521,,,,,PLTI,2026-05-14,,,,,,,,,,,,,
PLTR 05/22/2026 133 C,2PLTR 260522C00133000,,,,,-85.0,-27285.0,-1.518481303209907,,,,,PLTI,2026-05-14,PLTR,133.0,2026-05-22,Call,,8.0,,,,,,,
PLTR 07/17/2026 140 P,2PLTR 260717P00140000,,,,,-170.0,-273059.1,-15.196449991618996,,,,,PLTI,2026-05-14,PLTR,140.0,2026-07-17,Put,,64.0,,,,,,,
