Name,Ticker,Security Type,CUSIP,ISIN,SEDOL,Share Quantity,Market Value,Weight,Coupon,Maturity Date,Sector,Country,ETF Ticker,Date,Underlying_Ticker,Option_Strike,Option_Expiry,Option_Type,Underlying_Price,DTE,Moneyness,Price,NetAssets,SharesOutstanding,CreationUnits,date,Asset Class,Notional Value,Location,Exchange,Currency,FX Rate,Market Currency,Accrual Date
FIVE BELOW COMMON STOCK USD.01,FIVE,COMMON STOCK,33829M101,US33829M1018,B85KFY9,1024459.0,228556802.9,0.96,0,,CONSUMER DISCRETIONARY,UNITED STATES,AVUV,2026-02-27,,,,,,,,,,,,,,,,,,,,
GATX CORP COMMON STOCK USD.625,GATX,COMMON STOCK,361448103,US3614481030,2362128,1178438.0,222406603.74,0.94,0,,INDUSTRIALS,UNITED STATES,AVUV,2026-02-27,,,,,,,,,,,,,,,,,,,,
VIASAT INC COMMON STOCK USD.0001,VSAT,COMMON STOCK,92552V100,US92552V1008,2946243,4584076.0,218477062.16,0.92,0,,INFORMATION TECHNOLOGY,UNITED STATES,AVUV,2026-02-27,,,,,,,,,,,,,,,,,,,,
MATSON INC COMMON STOCK,MATX,COMMON STOCK,57686G105,US57686G1058,B8GNC91,1255954.0,213574977.7,0.9,0,,INDUSTRIALS,UNITED STATES,AVUV,2026-02-27,,,,,,,,,,,,,,,,,,,,
MACY S INC COMMON STOCK USD.01,M,COMMON STOCK,55616P104,US55616P1049,2345022,10272154.0,208524726.2,0.88,0,,CONSUMER DISCRETIONARY,UNITED STATES,AVUV,2026-02-27,,,,,,,,,,,,,,,,,,,,
LEAR CORP COMMON STOCK USD.01,LEA,COMMON STOCK,521865204,US5218652049,B570P91,1518481.0,202884246.41,0.85,0,,CONSUMER DISCRETIONARY,UNITED STATES,AVUV,2026-02-27,,,,,,,,,,,,,,,,,,,,
AVNET INC COMMON STOCK USD1.0,AVT,COMMON STOCK,053807103,US0538071038,2066505,2820827.0,189954490.18,0.8,0,,INFORMATION TECHNOLOGY,UNITED STATES,AVUV,2026-02-27,,,,,,,,,,,,,,,,,,,,
DANA INC COMMON STOCK USD.01,DAN,COMMON STOCK,235825205,US2358252052,B2PFJR3,5025382.0,179808167.96,0.76,0,,CONSUMER DISCRETIONARY,UNITED STATES,AVUV,2026-02-27,,,,,,,,,,,,,,,,,,,,
ARCHROCK INC COMMON STOCK USD.01,AROC,COMMON STOCK,03957W106,US03957W1062,BYRGSX7,5124093.0,179496977.79,0.76,0,,ENERGY,UNITED STATES,AVUV,2026-02-27,,,,,,,,,,,,,,,,,,,,
PLEXUS CORP COMMON STOCK USD.01,PLXS,COMMON STOCK,729132100,US7291321005,2692160,870554.0,177671365.86,0.75,0,,INFORMATION TECHNOLOGY,UNITED STATES,AVUV,2026-02-27,,,,,,,,,,,,,,,,,,,,
ALASKA AIR GROUP INC COMMON STOCK USD.01,ALK,COMMON STOCK,011659109,US0116591092,2012605,3259093.0,177033931.76,0.75,0,,INDUSTRIALS,UNITED STATES,AVUV,2026-02-27,,,,,,,,,,,,,,,,,,,,
SKYWEST INC COMMON STOCK,SKYW,COMMON STOCK,830879102,US8308791024,2814210,1630595.0,175598775.55,0.74,0,,INDUSTRIALS,UNITED STATES,AVUV,2026-02-27,,,,,,,,,,,,,,,,,,,,
SM ENERGY CO COMMON STOCK USD.01,SM,COMMON STOCK,78454L100,US78454L1008,2764188,7812879.0,172273981.95,0.73,0,,ENERGY,UNITED STATES,AVUV,2026-02-27,,,,,,,,,,,,,,,,,,,,
CALIFORNIA RESOURCES CORP COMMON STOCK USD.01,CRC,COMMON STOCK,13057Q305,US13057Q3056,BMBK002,2826514.0,164276991.3,0.69,0,,ENERGY,UNITED STATES,AVUV,2026-02-27,,,,,,,,,,,,,,,,,,,,
AIR LEASE CORP COMMON STOCK USD.01,AL,COMMON STOCK,00912X302,US00912X3026,B3XS562,2508320.0,162664552.0,0.69,0,,INDUSTRIALS,UNITED STATES,AVUV,2026-02-27,,,,,,,,,,,,,,,,,,,,
NOV INC COMMON STOCK USD.01,NOV,COMMON STOCK,62955J103,US62955J1034,BN2RYW9,7999327.0,161266432.32,0.68,0,,ENERGY,UNITED STATES,AVUV,2026-02-27,,,,,,,,,,,,,,,,,,,,
MAGNOLIA OIL + GAS CORP   A COMMON STOCK USD.0001,MGY,COMMON STOCK,559663109,US5596631094,BF2GC59,5882056.0,158991973.68,0.67,0,,ENERGY,UNITED STATES,AVUV,2026-02-27,,,,,,,,,,,,,,,,,,,,
LIBERTY ENERGY INC COMMON STOCK,LBRT,COMMON STOCK,53115L104,US53115L1044,BDCWFT8,5577177.0,158224511.49,0.67,0,,ENERGY,UNITED STATES,AVUV,2026-02-27,,,,,,,,,,,,,,,,,,,,
STONEX GROUP INC COMMON STOCK USD.01,SNEX,COMMON STOCK,861896108,US8618961085,BMQ8XV3,1233310.0,157987011.0,0.67,0,,FINANCIALS,UNITED STATES,AVUV,2026-02-27,,,,,,,,,,,,,,,,,,,,
TEREX CORP COMMON STOCK USD.01,TEX,COMMON STOCK,880779103,US8807791038,2884224,2277096.0,155275176.24,0.65,0,,INDUSTRIALS,UNITED STATES,AVUV,2026-02-27,,,,,,,,,,,,,,,,,,,,
WEATHERFORD INTERNATIONAL PL COMMON STOCK USD.001,WFRD,COMMON STOCK,G48833118,IE00BLNN3691,BLNN369,1474578.0,154771706.88,0.65,0,,ENERGY,UNITED STATES,AVUV,2026-02-27,,,,,,,,,,,,,,,,,,,,
NOBLE CORP PLC COMMON STOCK USD.00001,NE,COMMON STOCK,G65431127,GB00BMXNWH07,BN2QTL0,3355633.0,153419540.76,0.65,0,,ENERGY,UNITED STATES,AVUV,2026-02-27,,,,,,,,,,,,,,,,,,,,
AMERICAN EAGLE OUTFITTERS COMMON STOCK USD.01,AEO,COMMON STOCK,02553E106,US02553E1064,2048592,6282901.0,151040940.04,0.64,0,,CONSUMER DISCRETIONARY,UNITED STATES,AVUV,2026-02-27,,,,,,,,,,,,,,,,,,,,
AXOS FINANCIAL INC COMMON STOCK USD.01,AX,COMMON STOCK,05465C100,US05465C1009,BGK38H3,1575860.0,149990354.8,0.63,0,,FINANCIALS,UNITED STATES,AVUV,2026-02-27,,,,,,,,,,,,,,,,,,,,
PRICESMART INC COMMON STOCK USD.0001,PSMT,COMMON STOCK,741511109,US7415111092,2092942,922557.0,143337681.09,0.6,0,,CONSUMER STAPLES,UNITED STATES,AVUV,2026-02-27,,,,,,,,,,,,,,,,,,,,
RYDER SYSTEM INC COMMON STOCK USD.5,R,COMMON STOCK,783549108,US7835491082,2760669,648534.0,143274131.28,0.6,0,,INDUSTRIALS,UNITED STATES,AVUV,2026-02-27,,,,,,,,,,,,,,,,,,,,
SIGNET JEWELERS LTD COMMON STOCK USD.18,SIG,COMMON STOCK,G81276100,BMG812761002,B3CTNK6,1451257.0,142615025.39,0.6,0,,CONSUMER DISCRETIONARY,UNITED STATES,AVUV,2026-02-27,,,,,,,,,,,,,,,,,,,,
CAL MAINE FOODS INC COMMON STOCK USD.01,CALM,COMMON STOCK,128030202,US1280302027,2158781,1681269.0,141949541.67,0.6,0,,CONSUMER STAPLES,UNITED STATES,AVUV,2026-02-27,,,,,,,,,,,,,,,,,,,,
TELEPHONE AND DATA SYSTEMS COMMON STOCK USD.01,TDS,COMMON STOCK,879433829,US8794338298,B6YR5K3,3127507.0,141801167.38,0.6,0,,COMMUNICATION SERVICES,UNITED STATES,AVUV,2026-02-27,,,,,,,,,,,,,,,,,,,,
ALKERMES PLC COMMON STOCK USD.01,ALKS,COMMON STOCK,G01767105,IE00B56GVS15,B3P6D26,4500868.0,139706942.72,0.59,0,,HEALTH CARE,UNITED STATES,AVUV,2026-02-27,,,,,,,,,,,,,,,,,,,,
PEABODY ENERGY CORP COMMON STOCK,BTU,COMMON STOCK,704551100,US7045511000,BDVPZV0,4202838.0,138483512.1,0.58,0,,ENERGY,UNITED STATES,AVUV,2026-02-27,,,,,,,,,,,,,,,,,,,,
CABOT CORP COMMON STOCK USD1.0,CBT,COMMON STOCK,127055101,US1270551013,2162500,1822963.0,138308202.81,0.58,0,,MATERIALS,UNITED STATES,AVUV,2026-02-27,,,,,,,,,,,,,,,,,,,,
RADIAN GROUP INC COMMON STOCK USD.001,RDN,COMMON STOCK,750236101,US7502361014,2173911,3881513.0,136435181.95,0.57,0,,FINANCIALS,UNITED STATES,AVUV,2026-02-27,,,,,,,,,,,,,,,,,,,,
CNX RESOURCES CORP COMMON STOCK USD.01,CNX,COMMON STOCK,12653C108,US12653C1080,BF3FTF4,3477025.0,134699948.5,0.57,0,,ENERGY,UNITED STATES,AVUV,2026-02-27,,,,,,,,,,,,,,,,,,,,
VALARIS LTD COMMON STOCK USD.01,VAL,COMMON STOCK,G9460G101,BMG9460G1015,BMY0YX0,1428467.0,134533022.06,0.57,0,,ENERGY,UNITED STATES,AVUV,2026-02-27,,,,,,,,,,,,,,,,,,,,
BANK OZK COMMON STOCK,OZK,COMMON STOCK,06417N103,US06417N1037,BZ56Q65,2722386.0,133478585.58,0.56,0,,FINANCIALS,UNITED STATES,AVUV,2026-02-27,,,,,,,,,,,,,,,,,,,,
GRANITE CONSTRUCTION INC COMMON STOCK USD.01,GVA,COMMON STOCK,387328107,US3873281071,2381189,977967.0,132485189.49,0.56,0,,INDUSTRIALS,UNITED STATES,AVUV,2026-02-27,,,,,,,,,,,,,,,,,,,,
BRIGHTHOUSE FINANCIAL INC COMMON STOCK USD.01,BHF,COMMON STOCK,10922N103,US10922N1037,BF429K9,2124587.0,129089906.12,0.54,0,,FINANCIALS,UNITED STATES,AVUV,2026-02-27,,,,,,,,,,,,,,,,,,,,
ACADEMY SPORTS + OUTDOORS IN COMMON STOCK USD.01,ASO,COMMON STOCK,00402L107,US00402L1070,BN7K304,2101802.0,128609264.38,0.54,0,,CONSUMER DISCRETIONARY,UNITED STATES,AVUV,2026-02-27,,,,,,,,,,,,,,,,,,,,
CNO FINANCIAL GROUP INC COMMON STOCK USD.01,CNO,COMMON STOCK,12621E103,US12621E1038,2657750,3021734.0,127879782.88,0.54,0,,FINANCIALS,UNITED STATES,AVUV,2026-02-27,,,,,,,,,,,,,,,,,,,,
JACKSON FINANCIAL INC A COMMON STOCK USD.01,JXN,COMMON STOCK,46817M107,US46817M1071,BMFX6P4,1114498.0,125849114.16,0.53,0,,FINANCIALS,UNITED STATES,AVUV,2026-02-27,,,,,,,,,,,,,,,,,,,,
MURPHY OIL CORP COMMON STOCK USD1.0,MUR,COMMON STOCK,626717102,US6267171022,2611206,3935372.0,124003571.72,0.52,0,,ENERGY,UNITED STATES,AVUV,2026-02-27,,,,,,,,,,,,,,,,,,,,
RUSH ENTERPRISES INC CL A COMMON STOCK USD.01,RUSHA,COMMON STOCK,781846209,US7818462092,2966876,1712509.0,121896390.62,0.51,0,,INDUSTRIALS,UNITED STATES,AVUV,2026-02-27,,,,,,,,,,,,,,,,,,,,
TRANSOCEAN LTD COMMON STOCK CHF.1,RIG,COMMON STOCK,H8817H100,CH0048265513,B3KFWW1,18835764.0,120737247.24,0.51,0,,ENERGY,UNITED STATES,AVUV,2026-02-27,,,,,,,,,,,,,,,,,,,,
ABERCROMBIE + FITCH CO CL A COMMON STOCK USD.01,ANF,COMMON STOCK,002896207,US0028962076,2004185,1257950.0,120649984.5,0.51,0,,CONSUMER DISCRETIONARY,UNITED STATES,AVUV,2026-02-27,,,,,,,,,,,,,,,,,,,,
TUTOR PERINI CORP COMMON STOCK USD1.0,TPC,COMMON STOCK,901109108,US9011091082,2681760,1386601.0,119386346.1,0.5,0,,INDUSTRIALS,UNITED STATES,AVUV,2026-02-27,,,,,,,,,,,,,,,,,,,,
INTERNATIONAL SEAWAYS INC COMMON STOCK,INSW,COMMON STOCK,Y41053102,MHY410531021,BYX60M4,1711991.0,119017614.32,0.5,0,,ENERGY,UNITED STATES,AVUV,2026-02-27,,,,,,,,,,,,,,,,,,,,
OCEANEERING INTL INC COMMON STOCK USD.25,OII,COMMON STOCK,675232102,US6752321025,2655583,3118235.0,118243471.2,0.5,0,,ENERGY,UNITED STATES,AVUV,2026-02-27,,,,,,,,,,,,,,,,,,,,
MGIC INVESTMENT CORP COMMON STOCK USD1.0,MTG,COMMON STOCK,552848103,US5528481030,2548616,4361097.0,115656292.44,0.49,0,,FINANCIALS,UNITED STATES,AVUV,2026-02-27,,,,,,,,,,,,,,,,,,,,
PATTERSON UTI ENERGY INC COMMON STOCK USD.01,PTEN,COMMON STOCK,703481101,US7034811015,2672537,13815941.0,115224947.94,0.49,0,,ENERGY,UNITED STATES,AVUV,2026-02-27,,,,,,,,,,,,,,,,,,,,
URBAN OUTFITTERS INC COMMON STOCK USD.0001,URBN,COMMON STOCK,917047102,US9170471026,2933438,1758041.0,115081363.86,0.48,0,,CONSUMER DISCRETIONARY,UNITED STATES,AVUV,2026-02-27,,,,,,,,,,,,,,,,,,,,
COLUMBIA BANKING SYSTEM INC COMMON STOCK,COLB,COMMON STOCK,197236102,US1972361026,2176608,3766020.0,114637648.8,0.48,0,,FINANCIALS,UNITED STATES,AVUV,2026-02-27,,,,,,,,,,,,,,,,,,,,
HANCOCK WHITNEY CORP COMMON STOCK USD3.33,HWC,COMMON STOCK,410120109,US4101201097,2415497,1648243.0,113877108.87,0.48,0,,FINANCIALS,UNITED STATES,AVUV,2026-02-27,,,,,,,,,,,,,,,,,,,,
BRUNSWICK CORP COMMON STOCK USD.75,BC,COMMON STOCK,117043109,US1170431092,2149309,1391455.0,112652196.8,0.47,0,,CONSUMER DISCRETIONARY,UNITED STATES,AVUV,2026-02-27,,,,,,,,,,,,,,,,,,,,
KENNAMETAL INC COMMON STOCK USD1.25,KMT,COMMON STOCK,489170100,US4891701009,2488121,2715237.0,108690937.11,0.46,0,,INDUSTRIALS,UNITED STATES,AVUV,2026-02-27,,,,,,,,,,,,,,,,,,,,
PRIMORIS SERVICES CORP COMMON STOCK USD.0001,PRIM,COMMON STOCK,74164F103,US74164F1030,B1GC200,709368.0,108675177.6,0.46,0,,INDUSTRIALS,UNITED STATES,AVUV,2026-02-27,,,,,,,,,,,,,,,,,,,,
INTERNATIONAL BANCSHARES CRP COMMON STOCK USD1.0,IBOC,COMMON STOCK,459044103,US4590441030,2243911,1555057.0,108636282.02,0.46,0,,FINANCIALS,UNITED STATES,AVUV,2026-02-27,,,,,,,,,,,,,,,,,,,,
PHINIA INC COMMON STOCK USD.01,PHIN,COMMON STOCK,71880K101,US71880K1016,BPW7PC0,1386780.0,108210443.4,0.46,0,,CONSUMER DISCRETIONARY,UNITED STATES,AVUV,2026-02-27,,,,,,,,,,,,,,,,,,,,
HANOVER INSURANCE GROUP INC/ COMMON STOCK USD.01,THG,COMMON STOCK,410867105,US4108671052,2020415,612882.0,107934649.02,0.45,0,,FINANCIALS,UNITED STATES,AVUV,2026-02-27,,,,,,,,,,,,,,,,,,,,
HELMERICH + PAYNE COMMON STOCK USD.1,HP,COMMON STOCK,423452101,US4234521015,2420101,3103722.0,106333515.72,0.45,0,,ENERGY,UNITED STATES,AVUV,2026-02-27,,,,,,,,,,,,,,,,,,,,
TRI POINTE HOMES INC COMMON STOCK USD.01,TPH,COMMON STOCK,87265H109,US87265H1095,B92CQF3,2288284.0,106130611.92,0.45,0,,CONSUMER DISCRETIONARY,UNITED STATES,AVUV,2026-02-27,,,,,,,,,,,,,,,,,,,,
KODIAK GAS SERVICES INC COMMON STOCK USD.01,KGS,COMMON STOCK,50012A108,US50012A1088,BQLSDK5,1982876.0,104596709.0,0.44,0,,ENERGY,UNITED STATES,AVUV,2026-02-27,,,,,,,,,,,,,,,,,,,,
UNITED NATURAL FOODS INC COMMON STOCK USD.01,UNFI,COMMON STOCK,911163103,US9111631035,2895163,2669033.0,103638551.39,0.44,0,,CONSUMER STAPLES,UNITED STATES,AVUV,2026-02-27,,,,,,,,,,,,,,,,,,,,
LCI INDUSTRIES COMMON STOCK USD.01,LCII,COMMON STOCK,50189K103,US50189K1034,BYQ44Y5,755772.0,102913473.24,0.43,0,,CONSUMER DISCRETIONARY,UNITED STATES,AVUV,2026-02-27,,,,,,,,,,,,,,,,,,,,
ESSENT GROUP LTD COMMON STOCK USD.015,ESNT,COMMON STOCK,G3198U102,BMG3198U1027,BFWGXR8,1688917.0,102095032.65,0.43,0,,FINANCIALS,UNITED STATES,AVUV,2026-02-27,,,,,,,,,,,,,,,,,,,,
KIRBY CORP COMMON STOCK USD.1,KEX,COMMON STOCK,497266106,US4972661064,2493534,780872.0,101607064.64,0.43,0,,INDUSTRIALS,UNITED STATES,AVUV,2026-02-27,,,,,,,,,,,,,,,,,,,,
SLM CORP COMMON STOCK USD.2,SLM,COMMON STOCK,78442P106,US78442P1066,2101967,4977129.0,101533431.6,0.43,0,,FINANCIALS,UNITED STATES,AVUV,2026-02-27,,,,,,,,,,,,,,,,,,,,
POLARIS INC COMMON STOCK USD.01,PII,COMMON STOCK,731068102,US7310681025,2692933,1615124.0,100509166.52,0.42,0,,CONSUMER DISCRETIONARY,UNITED STATES,AVUV,2026-02-27,,,,,,,,,,,,,,,,,,,,
TRINITY INDUSTRIES INC COMMON STOCK USD.01,TRN,COMMON STOCK,896522109,US8965221091,2904627,2910341.0,100377661.09,0.42,0,,INDUSTRIALS,UNITED STATES,AVUV,2026-02-27,,,,,,,,,,,,,,,,,,,,
FIRST BANCORP PUERTO RICO COMMON STOCK USD.1,FBP,COMMON STOCK,318672706,PR3186727065,2296926,4532108.0,100204907.88,0.42,0,,FINANCIALS,UNITED STATES,AVUV,2026-02-27,,,,,,,,,,,,,,,,,,,,
PHOTRONICS INC COMMON STOCK USD.01,PLAB,COMMON STOCK,719405102,US7194051022,2687315,2285566.0,99582110.62,0.42,0,,INFORMATION TECHNOLOGY,UNITED STATES,AVUV,2026-02-27,,,,,,,,,,,,,,,,,,,,
NORTHERN OIL AND GAS INC COMMON STOCK USD.001,NOG,COMMON STOCK,665531307,US6655313079,BN6RJM0,3686127.0,97608642.96,0.41,0,,ENERGY,UNITED STATES,AVUV,2026-02-27,,,,,,,,,,,,,,,,,,,,
ASSURED GUARANTY LTD COMMON STOCK USD.01,AGO,COMMON STOCK,G0585R106,BMG0585R1060,B00V7H8,1127738.0,97256125.12,0.41,0,,FINANCIALS,UNITED STATES,AVUV,2026-02-27,,,,,,,,,,,,,,,,,,,,
BREAD FINANCIAL HOLDINGS INC COMMON STOCK USD.01,BFH,COMMON STOCK,018581108,US0185811082,2762030,1324022.0,96905170.18,0.41,0,,FINANCIALS,UNITED STATES,AVUV,2026-02-27,,,,,,,,,,,,,,,,,,,,
BANKUNITED INC COMMON STOCK USD.01,BKU,COMMON STOCK,06652K103,US06652K1034,B3NNTZ4,1984572.0,96430353.48,0.41,0,,FINANCIALS,UNITED STATES,AVUV,2026-02-27,,,,,,,,,,,,,,,,,,,,
GOODYEAR TIRE + RUBBER CO COMMON STOCK,GT,COMMON STOCK,382550101,US3825501014,2378200,11358527.0,96206723.69,0.41,0,,CONSUMER DISCRETIONARY,UNITED STATES,AVUV,2026-02-27,,,,,,,,,,,,,,,,,,,,
THOR INDUSTRIES INC COMMON STOCK USD.1,THO,COMMON STOCK,885160101,US8851601018,2889876,917233.0,95162923.75,0.4,0,,CONSUMER DISCRETIONARY,UNITED STATES,AVUV,2026-02-27,,,,,,,,,,,,,,,,,,,,
CHEESECAKE FACTORY INC/THE COMMON STOCK USD.01,CAKE,COMMON STOCK,163072101,US1630721017,2192392,1442876.0,95143243.44,0.4,0,,CONSUMER DISCRETIONARY,UNITED STATES,AVUV,2026-02-27,,,,,,,,,,,,,,,,,,,,
GENTEX CORP COMMON STOCK USD.06,GNTX,COMMON STOCK,371901109,US3719011096,2366799,4008181.0,94472826.17,0.4,0,,CONSUMER DISCRETIONARY,UNITED STATES,AVUV,2026-02-27,,,,,,,,,,,,,,,,,,,,
LOUISIANA PACIFIC CORP COMMON STOCK USD1.0,LPX,COMMON STOCK,546347105,US5463471053,2535243,1144176.0,94200010.08,0.4,0,,MATERIALS,UNITED STATES,AVUV,2026-02-27,,,,,,,,,,,,,,,,,,,,
YETI HOLDINGS INC COMMON STOCK USD.01,YETI,COMMON STOCK,98585X104,US98585X1046,BGR7KH2,2100960.0,93996950.4,0.4,0,,CONSUMER DISCRETIONARY,UNITED STATES,AVUV,2026-02-27,,,,,,,,,,,,,,,,,,,,
WARRIOR MET COAL INC COMMON STOCK USD.01,HCC,COMMON STOCK,93627C101,US93627C1018,BF2X272,1047231.0,91894520.25,0.39,0,,MATERIALS,UNITED STATES,AVUV,2026-02-27,,,,,,,,,,,,,,,,,,,,
DXC TECHNOLOGY CO COMMON STOCK USD.01,DXC,COMMON STOCK,23355L106,US23355L1061,BYXD7B3,7538587.0,90839973.35,0.38,0,,INFORMATION TECHNOLOGY,UNITED STATES,AVUV,2026-02-27,,,,,,,,,,,,,,,,,,,,
NMI HOLDINGS INC COMMON STOCK USD.01,NMIH,COMMON STOCK,629209305,US6292093050,BGDW5G5,2274094.0,90395236.5,0.38,0,,FINANCIALS,UNITED STATES,AVUV,2026-02-27,,,,,,,,,,,,,,,,,,,,
LIVANOVA PLC COMMON STOCK GBP1.0,LIVN,COMMON STOCK,G5509L101,GB00BYMT0J19,BYMT0J1,1285536.0,90360325.44,0.38,0,,HEALTH CARE,UNITED STATES,AVUV,2026-02-27,,,,,,,,,,,,,,,,,,,,
VISTEON CORP COMMON STOCK,VC,COMMON STOCK,92839U206,US92839U2069,B4N0JJ6,892879.0,88921819.61,0.37,0,,CONSUMER DISCRETIONARY,UNITED STATES,AVUV,2026-02-27,,,,,,,,,,,,,,,,,,,,
FULTON FINANCIAL CORP COMMON STOCK USD2.5,FULT,COMMON STOCK,360271100,US3602711000,2356585,4108819.0,87230227.37,0.37,0,,FINANCIALS,UNITED STATES,AVUV,2026-02-27,,,,,,,,,,,,,,,,,,,,
LANTHEUS HOLDINGS INC COMMON STOCK USD.01,LNTH,COMMON STOCK,516544103,US5165441032,BP8S8J5,1146951.0,86847129.72,0.37,0,,HEALTH CARE,UNITED STATES,AVUV,2026-02-27,,,,,,,,,,,,,,,,,,,,
ADVANCE AUTO PARTS INC COMMON STOCK USD.0001,AAP,COMMON STOCK,00751Y106,US00751Y1064,2822019,1716234.0,86566842.96,0.36,0,,CONSUMER DISCRETIONARY,UNITED STATES,AVUV,2026-02-27,,,,,,,,,,,,,,,,,,,,
CHORD ENERGY CORP COMMON STOCK,CHRD,COMMON STOCK,674215207,US6742152076,BLDDYB1,814915.0,84506685.5,0.36,0,,ENERGY,UNITED STATES,AVUV,2026-02-27,,,,,,,,,,,,,,,,,,,,
MATERION CORP COMMON STOCK,MTRN,COMMON STOCK,576690101,US5766901012,2149622,522961.0,84473890.33,0.36,0,,MATERIALS,UNITED STATES,AVUV,2026-02-27,,,,,,,,,,,,,,,,,,,,
PVH CORP COMMON STOCK USD1.0,PVH,COMMON STOCK,693656100,US6936561009,B3V9F12,1219511.0,83756015.48,0.35,0,,CONSUMER DISCRETIONARY,UNITED STATES,AVUV,2026-02-27,,,,,,,,,,,,,,,,,,,,
KOHLS CORP COMMON STOCK USD.01,KSS,COMMON STOCK,500255104,US5002551043,2496113,4871165.0,83589191.4,0.35,0,,CONSUMER DISCRETIONARY,UNITED STATES,AVUV,2026-02-27,,,,,,,,,,,,,,,,,,,,
TAYLOR MORRISON HOME CORP COMMON STOCK USD.00001,TMHC,COMMON STOCK,87724P106,US87724P1066,B832462,1274455.0,83336612.45,0.35,0,,CONSUMER DISCRETIONARY,UNITED STATES,AVUV,2026-02-27,,,,,,,,,,,,,,,,,,,,
CRESCENT ENERGY INC A COMMON STOCK USD.0001,CRGY,COMMON STOCK,44952J104,US44952J1043,BNR4QY1,7913588.0,81589092.28,0.34,0,,ENERGY,UNITED STATES,AVUV,2026-02-27,,,,,,,,,,,,,,,,,,,,
TIDEWATER INC COMMON STOCK,TDW,COMMON STOCK,88642R109,US88642R1095,BDFGDQ0,1037239.0,81475123.45,0.34,0,,ENERGY,UNITED STATES,AVUV,2026-02-27,,,,,,,,,,,,,,,,,,,,
GENWORTH FINANCIAL INC COMMON STOCK USD.001,GNW,COMMON STOCK,37247D106,US37247D1063,B011WL6,9360027.0,79653829.77,0.34,0,,FINANCIALS,UNITED STATES,AVUV,2026-02-27,,,,,,,,,,,,,,,,,,,,
SCORPIO TANKERS INC COMMON STOCK USD.01,STNG,COMMON STOCK,Y7542C130,MHY7542C1306,BHXD297,1076581.0,79451677.8,0.33,0,,ENERGY,UNITED STATES,AVUV,2026-02-27,,,,,,,,,,,,,,,,,,,,
SELECTIVE INSURANCE GROUP COMMON STOCK USD2.0,SIGI,COMMON STOCK,816300107,US8163001071,2766173,949054.0,78648104.98,0.33,0,,FINANCIALS,UNITED STATES,AVUV,2026-02-27,,,,,,,,,,,,,,,,,,,,
CATALYST PHARMACEUTICALS INC COMMON STOCK USD.001,CPRX,COMMON STOCK,14888U101,US14888U1016,B1G7Q03,3157211.0,78488265.46,0.33,0,,HEALTH CARE,UNITED STATES,AVUV,2026-02-27,,,,,,,,,,,,,,,,,,,,
ARCBEST CORP COMMON STOCK USD.01,ARCB,COMMON STOCK,03937C105,US03937C1053,BLTFST7,795378.0,76913052.6,0.32,0,,INDUSTRIALS,UNITED STATES,AVUV,2026-02-27,,,,,,,,,,,,,,,,,,,,
HARLEY DAVIDSON INC COMMON STOCK USD.01,HOG,COMMON STOCK,412822108,US4128221086,2411053,4047922.0,75615182.96,0.32,0,,CONSUMER DISCRETIONARY,UNITED STATES,AVUV,2026-02-27,,,,,,,,,,,,,,,,,,,,
OSCAR HEALTH INC   CLASS A COMMON STOCK USD.00001,OSCR,COMMON STOCK,687793109,US6877931096,BKY83Q6,5815240.0,75307358.0,0.32,0,,FINANCIALS,UNITED STATES,AVUV,2026-02-27,,,,,,,,,,,,,,,,,,,,
SIRIUSPOINT LTD COMMON STOCK USD.1,SPNT,COMMON STOCK,G8192H106,BMG8192H1060,BMCQX44,3534035.0,75098243.75,0.32,0,,FINANCIALS,UNITED STATES,AVUV,2026-02-27,,,,,,,,,,,,,,,,,,,,
ATKORE INC COMMON STOCK USD.01,ATKR,COMMON STOCK,047649108,US0476491081,BDHF495,1145419.0,74475143.38,0.31,0,,INDUSTRIALS,UNITED STATES,AVUV,2026-02-27,,,,,,,,,,,,,,,,,,,,
MATADOR RESOURCES CO COMMON STOCK USD.01,MTDR,COMMON STOCK,576485205,US5764852050,B7MSLL8,1474217.0,73342295.75,0.31,0,,ENERGY,UNITED STATES,AVUV,2026-02-27,,,,,,,,,,,,,,,,,,,,
BANCORP INC/THE COMMON STOCK USD1.0,TBBK,COMMON STOCK,05969A105,US05969A1051,B05BRL7,1256836.0,72544573.92,0.31,0,,FINANCIALS,UNITED STATES,AVUV,2026-02-27,,,,,,,,,,,,,,,,,,,,
WERNER ENTERPRISES INC COMMON STOCK USD.01,WERN,COMMON STOCK,950755108,US9507551086,2948852,2220319.0,72493415.35,0.31,0,,INDUSTRIALS,UNITED STATES,AVUV,2026-02-27,,,,,,,,,,,,,,,,,,,,
ALLEGIANT TRAVEL CO COMMON STOCK USD.001,ALGT,COMMON STOCK,01748X102,US01748X1028,B15M2C3,702809.0,72206596.66,0.3,0,,INDUSTRIALS,UNITED STATES,AVUV,2026-02-27,,,,,,,,,,,,,,,,,,,,
HOWARD HUGHES HOLDINGS INC COMMON STOCK,HHH,COMMON STOCK,44267T102,US44267T1025,BR1W702,991909.0,72181217.93,0.3,0,,REAL ESTATE,UNITED STATES,AVUV,2026-02-27,,,,,,,,,,,,,,,,,,,,
GREENBRIER COMPANIES INC COMMON STOCK,GBX,COMMON STOCK,393657101,US3936571013,2387530,1242212.0,72073140.24,0.3,0,,INDUSTRIALS,UNITED STATES,AVUV,2026-02-27,,,,,,,,,,,,,,,,,,,,
AMKOR TECHNOLOGY INC COMMON STOCK USD.001,AMKR,COMMON STOCK,031652100,US0316521006,2242929,1408116.0,71729429.04,0.3,0,,INFORMATION TECHNOLOGY,UNITED STATES,AVUV,2026-02-27,,,,,,,,,,,,,,,,,,,,
VALLEY NATIONAL BANCORP COMMON STOCK,VLY,COMMON STOCK,919794107,US9197941076,2935326,5407425.0,71215787.25,0.3,0,,FINANCIALS,UNITED STATES,AVUV,2026-02-27,,,,,,,,,,,,,,,,,,,,
BOISE CASCADE CO COMMON STOCK USD.01,BCC,COMMON STOCK,09739D100,US09739D1000,B9BP4R1,849268.0,71015790.16,0.3,0,,INDUSTRIALS,UNITED STATES,AVUV,2026-02-27,,,,,,,,,,,,,,,,,,,,
INTERFACE INC COMMON STOCK USD.1,TILE,COMMON STOCK,458665304,US4586653044,B86V808,2227314.0,70806312.06,0.3,0,,INDUSTRIALS,UNITED STATES,AVUV,2026-02-27,,,,,,,,,,,,,,,,,,,,
BENCHMARK ELECTRONICS INC COMMON STOCK USD.1,BHE,COMMON STOCK,08160H101,US08160H1014,2090816,1149493.0,69383397.48,0.29,0,,INFORMATION TECHNOLOGY,UNITED STATES,AVUV,2026-02-27,,,,,,,,,,,,,,,,,,,,
CATHAY GENERAL BANCORP COMMON STOCK USD.01,CATY,COMMON STOCK,149150104,US1491501045,2264235,1314988.0,68642373.6,0.29,0,,FINANCIALS,UNITED STATES,AVUV,2026-02-27,,,,,,,,,,,,,,,,,,,,
BANK OF N.T. BUTTERFIELD+SON COMMON STOCK BMD1.0,NTB,COMMON STOCK,G0772R208,BMG0772R2087,BD8FF02,1308804.0,67966191.72,0.29,0,,FINANCIALS,UNITED STATES,AVUV,2026-02-27,,,,,,,,,,,,,,,,,,,,
NEWMARKET CORP COMMON STOCK,NEU,COMMON STOCK,651587107,US6515871076,B01CGF1,110116.0,67897525.6,0.29,0,,MATERIALS,UNITED STATES,AVUV,2026-02-27,,,,,,,,,,,,,,,,,,,,
IRIDIUM COMMUNICATIONS INC COMMON STOCK USD.001,IRDM,COMMON STOCK,46269C102,US46269C1027,B2QH310,2846755.0,67297288.2,0.28,0,,COMMUNICATION SERVICES,UNITED STATES,AVUV,2026-02-27,,,,,,,,,,,,,,,,,,,,
VICTORIA S SECRET + CO COMMON STOCK USD.01,VSCO,COMMON STOCK,926400102,US9264001028,BNNTGH3,1071635.0,66612831.6,0.28,0,,CONSUMER DISCRETIONARY,UNITED STATES,AVUV,2026-02-27,,,,,,,,,,,,,,,,,,,,
MUELLER INDUSTRIES INC COMMON STOCK USD.01,MLI,COMMON STOCK,624756102,US6247561029,2609717,557409.0,66103133.31,0.28,0,,INDUSTRIALS,UNITED STATES,AVUV,2026-02-27,,,,,,,,,,,,,,,,,,,,
ASSOCIATED BANC CORP COMMON STOCK USD.01,ASB,COMMON STOCK,045487105,US0454871056,2055718,2394048.0,66099665.28,0.28,0,,FINANCIALS,UNITED STATES,AVUV,2026-02-27,,,,,,,,,,,,,,,,,,,,
EPLUS INC COMMON STOCK USD.01,PLUS,COMMON STOCK,294268107,US2942681071,2597748,848781.0,66094576.47,0.28,0,,INFORMATION TECHNOLOGY,UNITED STATES,AVUV,2026-02-27,,,,,,,,,,,,,,,,,,,,
TEEKAY TANKERS LTD CLASS A COMMON STOCK USD.01,TNK,COMMON STOCK,G8726X106,BMG8726X1065,BL54JK6,869804.0,65035245.08,0.27,0,,ENERGY,UNITED STATES,AVUV,2026-02-27,,,,,,,,,,,,,,,,,,,,
AXIS CAPITAL HOLDINGS LTD COMMON STOCK USD.0125,AXS,COMMON STOCK,G0692U109,BMG0692U1099,2677606,630985.0,64732751.15,0.27,0,,FINANCIALS,UNITED STATES,AVUV,2026-02-27,,,,,,,,,,,,,,,,,,,,
ARGAN INC COMMON STOCK USD.15,AGX,COMMON STOCK,04010E109,US04010E1091,2804501,145737.0,64465304.58,0.27,0,,INDUSTRIALS,UNITED STATES,AVUV,2026-02-27,,,,,,,,,,,,,,,,,,,,
CHEMOURS CO/THE COMMON STOCK USD.01,CC,COMMON STOCK,163851108,US1638511089,BZ0CTP8,3561435.0,64177058.7,0.27,0,,MATERIALS,UNITED STATES,AVUV,2026-02-27,,,,,,,,,,,,,,,,,,,,
DHT HOLDINGS INC COMMON STOCK USD.01,DHT,COMMON STOCK,Y2065G121,MHY2065G1219,B7JB336,3424910.0,63977318.8,0.27,0,,ENERGY,UNITED STATES,AVUV,2026-02-27,,,,,,,,,,,,,,,,,,,,
TEXAS CAPITAL BANCSHARES INC COMMON STOCK USD.01,TCBI,COMMON STOCK,88224Q107,US88224Q1076,2977209,642189.0,63878539.83,0.27,0,,FINANCIALS,UNITED STATES,AVUV,2026-02-27,,,,,,,,,,,,,,,,,,,,
CENTRAL GARDEN AND PET CO A COMMON STOCK USD.01,CENTA,COMMON STOCK,153527205,US1535272058,B1P36Y6,1783275.0,62396792.25,0.26,0,,CONSUMER STAPLES,UNITED STATES,AVUV,2026-02-27,,,,,,,,,,,,,,,,,,,,
MERCURY GENERAL CORP COMMON STOCK,MCY,COMMON STOCK,589400100,US5894001008,2578464,675963.0,59984956.62,0.25,0,,FINANCIALS,UNITED STATES,AVUV,2026-02-27,,,,,,,,,,,,,,,,,,,,
CUSTOMERS BANCORP INC COMMON STOCK USD1.0,CUBI,COMMON STOCK,23204G100,US23204G1004,B6XHXY4,831550.0,59738552.0,0.25,0,,FINANCIALS,UNITED STATES,AVUV,2026-02-27,,,,,,,,,,,,,,,,,,,,
PATHWARD FINANCIAL INC COMMON STOCK USD.01,CASH,COMMON STOCK,59100U108,US59100U1088,2420316,628085.0,59209572.95,0.25,0,,FINANCIALS,UNITED STATES,AVUV,2026-02-27,,,,,,,,,,,,,,,,,,,,
WAFD INC COMMON STOCK USD1.0,WAFD,COMMON STOCK,938824109,US9388241096,2941981,1809413.0,58932581.41,0.25,0,,FINANCIALS,UNITED STATES,AVUV,2026-02-27,,,,,,,,,,,,,,,,,,,,
SYLVAMO CORP COMMON STOCK USD1.0,SLVM,COMMON STOCK,871332102,US8713321029,BMW72C8,1283820.0,58811794.2,0.25,0,,MATERIALS,UNITED STATES,AVUV,2026-02-27,,,,,,,,,,,,,,,,,,,,
FIRST AMERICAN FINANCIAL COMMON STOCK USD.00001,FAF,COMMON STOCK,31847R102,US31847R1023,B4NFPK4,868557.0,58740509.91,0.25,0,,FINANCIALS,UNITED STATES,AVUV,2026-02-27,,,,,,,,,,,,,,,,,,,,
BANK OF HAWAII CORP COMMON STOCK USD.01,BOH,COMMON STOCK,062540109,US0625401098,2074070,741548.0,58003884.56,0.24,0,,FINANCIALS,UNITED STATES,AVUV,2026-02-27,,,,,,,,,,,,,,,,,,,,
KAISER ALUMINUM CORP COMMON STOCK USD.01,KALU,COMMON STOCK,483007704,US4830077040,B15CJ33,433123.0,57224210.76,0.24,0,,MATERIALS,UNITED STATES,AVUV,2026-02-27,,,,,,,,,,,,,,,,,,,,
VISHAY INTERTECHNOLOGY INC COMMON STOCK USD.1,VSH,COMMON STOCK,928298108,US9282981086,2930149,2843090.0,57174539.9,0.24,0,,INFORMATION TECHNOLOGY,UNITED STATES,AVUV,2026-02-27,,,,,,,,,,,,,,,,,,,,
BUCKLE INC/THE COMMON STOCK USD.01,BKE,COMMON STOCK,118440106,US1184401065,2149934,1059924.0,57098105.88,0.24,0,,CONSUMER DISCRETIONARY,UNITED STATES,AVUV,2026-02-27,,,,,,,,,,,,,,,,,,,,
PROVIDENT FINANCIAL SERVICES COMMON STOCK USD.01,PFS,COMMON STOCK,74386T105,US74386T1051,2171603,2598822.0,56940190.02,0.24,0,,FINANCIALS,UNITED STATES,AVUV,2026-02-27,,,,,,,,,,,,,,,,,,,,
ALPHA METALLURGICAL RESOURCE COMMON STOCK USD.01,AMR,COMMON STOCK,020764106,US0207641061,BMFND53,323153.0,56706888.44,0.24,0,,MATERIALS,UNITED STATES,AVUV,2026-02-27,,,,,,,,,,,,,,,,,,,,
PAR PACIFIC HOLDINGS INC COMMON STOCK USD.01,PARR,COMMON STOCK,69888T207,US69888T2078,BJH08C3,1468720.0,56589781.6,0.24,0,,ENERGY,UNITED STATES,AVUV,2026-02-27,,,,,,,,,,,,,,,,,,,,
M/I HOMES INC COMMON STOCK USD.01,MHO,COMMON STOCK,55305B101,US55305B1017,2549385,401628.0,56388571.2,0.24,0,,CONSUMER DISCRETIONARY,UNITED STATES,AVUV,2026-02-27,,,,,,,,,,,,,,,,,,,,
OPENDOOR TECHNOLOGIES INC COMMON STOCK USD.0001,OPEN,COMMON STOCK,683712103,US6837121036,BL96T19,11308897.0,56318307.06,0.24,0,,REAL ESTATE,UNITED STATES,AVUV,2026-02-27,,,,,,,,,,,,,,,,,,,,
TALOS ENERGY INC COMMON STOCK,TALO,COMMON STOCK,87484T108,US87484T1088,BDT56V9,4912332.0,55656721.56,0.23,0,,ENERGY,UNITED STATES,AVUV,2026-02-27,,,,,,,,,,,,,,,,,,,,
FRESH DEL MONTE PRODUCE INC COMMON STOCK USD.01,FDP,COMMON STOCK,G36738105,KYG367381053,2118707,1294729.0,54676405.67,0.23,0,,CONSUMER STAPLES,UNITED STATES,AVUV,2026-02-27,,,,,,,,,,,,,,,,,,,,
OFG BANCORP COMMON STOCK USD1.0,OFG,COMMON STOCK,67103X102,PR67103X1020,B87LKR8,1279532.0,53829911.24,0.23,0,,FINANCIALS,UNITED STATES,AVUV,2026-02-27,,,,,,,,,,,,,,,,,,,,
PALOMAR HOLDINGS INC COMMON STOCK USD.0001,PLMR,COMMON STOCK,69753M105,US69753M1053,BJYLZK6,436806.0,53150554.08,0.22,0,,FINANCIALS,UNITED STATES,AVUV,2026-02-27,,,,,,,,,,,,,,,,,,,,
QUIDELORTHO CORP COMMON STOCK USD.001,QDEL,COMMON STOCK,219798105,US2197981051,BM9VY27,2267121.0,52891932.93,0.22,0,,HEALTH CARE,UNITED STATES,AVUV,2026-02-27,,,,,,,,,,,,,,,,,,,,
COLUMBIA SPORTSWEAR CO COMMON STOCK,COLM,COMMON STOCK,198516106,US1985161066,2229126,853108.0,51920152.88,0.22,0,,CONSUMER DISCRETIONARY,UNITED STATES,AVUV,2026-02-27,,,,,,,,,,,,,,,,,,,,
LIBERTY GLOBAL LTD A COMMON STOCK USD.01,LBTYA,COMMON STOCK,G61188101,BMG611881019,BS71B31,4033456.0,51749240.48,0.22,0,,COMMUNICATION SERVICES,UNITED STATES,AVUV,2026-02-27,,,,,,,,,,,,,,,,,,,,
MUELLER WATER PRODUCTS INC A COMMON STOCK USD.01,MWA,COMMON STOCK,624758108,US6247581084,B15RZR4,1725693.0,51598220.7,0.22,0,,INDUSTRIALS,UNITED STATES,AVUV,2026-02-27,,,,,,,,,,,,,,,,,,,,
BANC OF CALIFORNIA INC COMMON STOCK USD.01,BANC,COMMON STOCK,05990K106,US05990K1060,BCD47X4,2623177.0,51466732.74,0.22,0,,FINANCIALS,UNITED STATES,AVUV,2026-02-27,,,,,,,,,,,,,,,,,,,,
CROCS INC COMMON STOCK USD.001,CROX,COMMON STOCK,227046109,US2270461096,B0T7Z62,538563.0,50608765.11,0.21,0,,CONSUMER DISCRETIONARY,UNITED STATES,AVUV,2026-02-27,,,,,,,,,,,,,,,,,,,,
SEADRILL LIMITED COMMON STOCK USD.01,SDRL,COMMON STOCK,G7997W102,BMG7997W1029,BNTBRX6,1104577.0,49948971.94,0.21,0,,ENERGY,UNITED STATES,AVUV,2026-02-27,,,,,,,,,,,,,,,,,,,,
ENTERPRISE FINANCIAL SERVICE COMMON STOCK USD.01,EFSC,COMMON STOCK,293712105,US2937121059,2768889,841134.0,49584849.3,0.21,0,,FINANCIALS,UNITED STATES,AVUV,2026-02-27,,,,,,,,,,,,,,,,,,,,
RYERSON HOLDING CORP COMMON STOCK USD.01,RYZ,COMMON STOCK,783754104,US7837541041,B3TPPZ6,1782120.0,49453830.0,0.21,0,,MATERIALS,UNITED STATES,AVUV,2026-02-27,,,,,,,,,,,,,,,,,,,,
PERDOCEO EDUCATION CORP COMMON STOCK USD.01,PRDO,COMMON STOCK,71363P106,US71363P1066,BKRQQR9,1469882.0,49035263.52,0.21,0,,CONSUMER DISCRETIONARY,UNITED STATES,AVUV,2026-02-27,,,,,,,,,,,,,,,,,,,,
CARTER S INC COMMON STOCK USD.01,CRI,COMMON STOCK,146229109,US1462291097,2980939,1161118.0,48674066.56,0.21,0,,CONSUMER DISCRETIONARY,UNITED STATES,AVUV,2026-02-27,,,,,,,,,,,,,,,,,,,,
DORIAN LPG LTD COMMON STOCK USD.01,LPG,COMMON STOCK,Y2106R110,MHY2106R1100,BM4QJF5,1337789.0,48374450.24,0.2,0,,ENERGY,UNITED STATES,AVUV,2026-02-27,,,,,,,,,,,,,,,,,,,,
BLUE BIRD CORP COMMON STOCK USD.0001,BLBD,COMMON STOCK,095306106,US0953061068,BW0FQV1,767960.0,47866946.8,0.2,0,,INDUSTRIALS,UNITED STATES,AVUV,2026-02-27,,,,,,,,,,,,,,,,,,,,
HARMONY BIOSCIENCES HOLDINGS COMMON STOCK USD.00001,HRMY,COMMON STOCK,413197104,US4131971040,BKSGZN7,1691797.0,47691757.43,0.2,0,,HEALTH CARE,UNITED STATES,AVUV,2026-02-27,,,,,,,,,,,,,,,,,,,,
LA Z BOY INC COMMON STOCK USD1.0,LZB,COMMON STOCK,505336107,US5053361078,2508405,1323806.0,47551111.52,0.2,0,,CONSUMER DISCRETIONARY,UNITED STATES,AVUV,2026-02-27,,,,,,,,,,,,,,,,,,,,
G III APPAREL GROUP LTD COMMON STOCK USD.01,GIII,COMMON STOCK,36237H101,US36237H1014,2369721,1506246.0,46979812.74,0.2,0,,CONSUMER DISCRETIONARY,UNITED STATES,AVUV,2026-02-27,,,,,,,,,,,,,,,,,,,,
COMMERCIAL METALS CO COMMON STOCK USD.01,CMC,COMMON STOCK,201723103,US2017231034,2213260,629305.0,46933566.9,0.2,0,,MATERIALS,UNITED STATES,AVUV,2026-02-27,,,,,,,,,,,,,,,,,,,,
HCI GROUP INC COMMON STOCK,HCI,COMMON STOCK,40416E103,US40416E1038,BBN23F5,285795.0,46727482.5,0.2,0,,FINANCIALS,UNITED STATES,AVUV,2026-02-27,,,,,,,,,,,,,,,,,,,,
DIEBOLD NIXDORF INC COMMON STOCK,DBD,COMMON STOCK,253651202,US2536512021,BPLJQW4,549030.0,45388310.1,0.19,0,,INFORMATION TECHNOLOGY,UNITED STATES,AVUV,2026-02-27,,,,,,,,,,,,,,,,,,,,
BOSTON BEER COMPANY INC A COMMON STOCK USD.01,SAM,COMMON STOCK,100557107,US1005571070,2113393,208306.0,45360714.56,0.19,0,,CONSUMER STAPLES,UNITED STATES,AVUV,2026-02-27,,,,,,,,,,,,,,,,,,,,
ALAMO GROUP INC COMMON STOCK USD.1,ALG,COMMON STOCK,011311107,US0113111076,2021634,212261.0,45230696.49,0.19,0,,INDUSTRIALS,UNITED STATES,AVUV,2026-02-27,,,,,,,,,,,,,,,,,,,,
INGLES MARKETS INC CLASS A COMMON STOCK USD.05,IMKTA,COMMON STOCK,457030104,US4570301048,2460550,512534.0,45077365.3,0.19,0,,CONSUMER STAPLES,UNITED STATES,AVUV,2026-02-27,,,,,,,,,,,,,,,,,,,,
SELECT WATER SOLUTIONS INC COMMON STOCK USD.01,WTTR,COMMON STOCK,81617J301,US81617J3014,BDHSLL5,3268938.0,45013276.26,0.19,0,,ENERGY,UNITED STATES,AVUV,2026-02-27,,,,,,,,,,,,,,,,,,,,
SUPER GROUP SGHC LTD COMMON STOCK,SGHC,COMMON STOCK,G8588X103,GG00BMG42V42,BMG42V4,4118492.0,44520898.52,0.19,0,,CONSUMER DISCRETIONARY,UNITED STATES,AVUV,2026-02-27,,,,,,,,,,,,,,,,,,,,
HEALTHCARE SERVICES GROUP COMMON STOCK USD.01,HCSG,COMMON STOCK,421906108,US4219061086,2417619,2008782.0,43349515.56,0.18,0,,INDUSTRIALS,UNITED STATES,AVUV,2026-02-27,,,,,,,,,,,,,,,,,,,,
LIBERTY GLOBAL LTD C COMMON STOCK USD.01,LBTYK,COMMON STOCK,G61188127,BMG611881274,BS71BR5,3477133.0,43255534.52,0.18,0,,COMMUNICATION SERVICES,UNITED STATES,AVUV,2026-02-27,,,,,,,,,,,,,,,,,,,,
SANMINA CORP COMMON STOCK USD.01,SANM,COMMON STOCK,801056102,US8010561020,B92RRW2,267899.0,43217466.68,0.18,0,,INFORMATION TECHNOLOGY,UNITED STATES,AVUV,2026-02-27,,,,,,,,,,,,,,,,,,,,
CORE NATURAL RESOURCES INC COMMON STOCK USD.01,CNR,COMMON STOCK,218937100,US2189371006,BR1Z682,484871.0,42106197.64,0.18,0,,ENERGY,UNITED STATES,AVUV,2026-02-27,,,,,,,,,,,,,,,,,,,,
HELIX ENERGY SOLUTIONS GROUP COMMON STOCK,HLX,COMMON STOCK,42330P107,US42330P1075,2037062,4378151.0,42030249.6,0.18,0,,ENERGY,UNITED STATES,AVUV,2026-02-27,,,,,,,,,,,,,,,,,,,,
MONARCH CASINO + RESORT INC COMMON STOCK USD.01,MCRI,COMMON STOCK,609027107,US6090271072,2599197,435339.0,41753363.49,0.18,0,,CONSUMER DISCRETIONARY,UNITED STATES,AVUV,2026-02-27,,,,,,,,,,,,,,,,,,,,
FEDERAL AGRIC MTG CORP CL C COMMON STOCK USD1.0,AGM,COMMON STOCK,313148306,US3131483063,2363381,259661.0,41556146.44,0.18,0,,FINANCIALS,UNITED STATES,AVUV,2026-02-27,,,,,,,,,,,,,,,,,,,,
CALLAWAY GOLF COMPANY COMMON STOCK USD.01,CALY,COMMON STOCK,131193104,US1311931042,2173933,2983806.0,41146684.74,0.17,0,,CONSUMER DISCRETIONARY,UNITED STATES,AVUV,2026-02-27,,,,,,,,,,,,,,,,,,,,
ONEMAIN HOLDINGS INC COMMON STOCK USD.01,OMF,COMMON STOCK,68268W103,US68268W1036,BYSZB89,727259.0,40995589.83,0.17,0,,FINANCIALS,UNITED STATES,AVUV,2026-02-27,,,,,,,,,,,,,,,,,,,,
ENERSYS COMMON STOCK USD.01,ENS,COMMON STOCK,29275Y102,US29275Y1029,B020GQ5,238525.0,40527782.75,0.17,0,,INDUSTRIALS,UNITED STATES,AVUV,2026-02-27,,,,,,,,,,,,,,,,,,,,
INNOVIVA INC COMMON STOCK USD.01,INVA,COMMON STOCK,45781M101,US45781M1018,BDDXF67,1667002.0,40408128.48,0.17,0,,HEALTH CARE,UNITED STATES,AVUV,2026-02-27,,,,,,,,,,,,,,,,,,,,
GREAT LAKES DREDGE + DOCK CO COMMON STOCK USD.0001,GLDD,COMMON STOCK,390607109,US3906071093,B1LDZK9,2374160.0,40123304.0,0.17,0,,INDUSTRIALS,UNITED STATES,AVUV,2026-02-27,,,,,,,,,,,,,,,,,,,,
UNIVERSAL TECHNICAL INSTITUT COMMON STOCK USD.0001,UTI,COMMON STOCK,913915104,US9139151040,2002543,1138063.0,39695637.44,0.17,0,,CONSUMER DISCRETIONARY,UNITED STATES,AVUV,2026-02-27,,,,,,,,,,,,,,,,,,,,
SCHNEIDER NATIONAL INC CL B COMMON STOCK,SNDR,COMMON STOCK,80689H102,US80689H1023,BYVN953,1474982.0,39691765.62,0.17,0,,INDUSTRIALS,UNITED STATES,AVUV,2026-02-27,,,,,,,,,,,,,,,,,,,,
PACS GROUP INC COMMON STOCK USD.001,PACS,COMMON STOCK,69380Q107,US69380Q1076,BPW6WD7,1004273.0,39477971.63,0.17,0,,HEALTH CARE,UNITED STATES,AVUV,2026-02-27,,,,,,,,,,,,,,,,,,,,
HUNTSMAN CORP COMMON STOCK USD.01,HUN,COMMON STOCK,447011107,US4470111075,B0650B9,3142862.0,39002917.42,0.16,0,,MATERIALS,UNITED STATES,AVUV,2026-02-27,,,,,,,,,,,,,,,,,,,,
GLOBALSTAR INC COMMON STOCK USD.0001,GSAT,COMMON STOCK,378973507,US3789735079,BRJMM32,611561.0,38797429.84,0.16,0,,COMMUNICATION SERVICES,UNITED STATES,AVUV,2026-02-27,,,,,,,,,,,,,,,,,,,,
WSFS FINANCIAL CORP COMMON STOCK USD.01,WSFS,COMMON STOCK,929328102,US9293281021,2940375,586434.0,38733965.7,0.16,0,,FINANCIALS,UNITED STATES,AVUV,2026-02-27,,,,,,,,,,,,,,,,,,,,
SUN COUNTRY AIRLINES HOLDING COMMON STOCK USD.01,SNCY,COMMON STOCK,866683105,US8666831057,BM8TFC9,1953036.0,38709173.52,0.16,0,,INDUSTRIALS,UNITED STATES,AVUV,2026-02-27,,,,,,,,,,,,,,,,,,,,
ASTRONICS CORP COMMON STOCK USD.01,ATRO,COMMON STOCK,046433108,US0464331083,2060518,489133.0,38563245.72,0.16,0,,INDUSTRIALS,UNITED STATES,AVUV,2026-02-27,,,,,,,,,,,,,,,,,,,,
COMSTOCK RESOURCES INC COMMON STOCK USD.5,CRK,COMMON STOCK,205768302,US2057683029,BD82PS1,2085538.0,38373899.2,0.16,0,,ENERGY,UNITED STATES,AVUV,2026-02-27,,,,,,,,,,,,,,,,,,,,
TETRA TECHNOLOGIES INC COMMON STOCK USD.01,TTI,COMMON STOCK,88162F105,US88162F1057,2884280,3439323.0,38314058.22,0.16,0,,ENERGY,UNITED STATES,AVUV,2026-02-27,,,,,,,,,,,,,,,,,,,,
DAKTRONICS INC COMMON STOCK,DAKT,COMMON STOCK,234264109,US2342641097,2254010,1402789.0,37973498.23,0.16,0,,INFORMATION TECHNOLOGY,UNITED STATES,AVUV,2026-02-27,,,,,,,,,,,,,,,,,,,,
MONTE ROSA THERAPEUTICS INC COMMON STOCK USD.0001,GLUE,COMMON STOCK,61225M102,US61225M1027,BP7KZP7,2088341.0,37778088.69,0.16,0,,HEALTH CARE,UNITED STATES,AVUV,2026-02-27,,,,,,,,,,,,,,,,,,,,
VF CORP COMMON STOCK,VFC,COMMON STOCK,918204108,US9182041080,2928683,1933308.0,37776838.32,0.16,0,,CONSUMER DISCRETIONARY,UNITED STATES,AVUV,2026-02-27,,,,,,,,,,,,,,,,,,,,
ANDERSONS INC/THE COMMON STOCK,ANDE,COMMON STOCK,034164103,US0341641035,2274922,582126.0,37483093.14,0.16,0,,CONSUMER STAPLES,UNITED STATES,AVUV,2026-02-27,,,,,,,,,,,,,,,,,,,,
SPECTRUM BRANDS HOLDINGS INC COMMON STOCK USD.01,SPB,COMMON STOCK,84790A105,US84790A1051,BDRYFB1,481722.0,37347906.66,0.16,0,,CONSUMER STAPLES,UNITED STATES,AVUV,2026-02-27,,,,,,,,,,,,,,,,,,,,
WEIS MARKETS INC COMMON STOCK,WMK,COMMON STOCK,948849104,US9488491047,2946845,521681.0,37305408.31,0.16,0,,CONSUMER STAPLES,UNITED STATES,AVUV,2026-02-27,,,,,,,,,,,,,,,,,,,,
KIMBELL ROYALTY PARTNERS LP UNIT,KRP,COMMON STOCK,49435R102,US49435R1023,BYQFVW5,2638326.0,37279546.38,0.16,0,,ENERGY,UNITED STATES,AVUV,2026-02-27,,,,,,,,,,,,,,,,,,,,
TRUSTMARK CORP COMMON STOCK,TRMK,COMMON STOCK,898402102,US8984021027,2340210,844826.0,37214585.3,0.16,0,,FINANCIALS,UNITED STATES,AVUV,2026-02-27,,,,,,,,,,,,,,,,,,,,
WESTAMERICA BANCORPORATION COMMON STOCK,WABC,COMMON STOCK,957090103,US9570901036,2950374,704734.0,37026724.36,0.16,0,,FINANCIALS,UNITED STATES,AVUV,2026-02-27,,,,,,,,,,,,,,,,,,,,
CREDIT ACCEPTANCE CORP COMMON STOCK USD.01,CACC,COMMON STOCK,225310101,US2253101016,2232050,74458.0,36806823.14,0.16,0,,FINANCIALS,UNITED STATES,AVUV,2026-02-27,,,,,,,,,,,,,,,,,,,,
AMERIS BANCORP COMMON STOCK USD1.0,ABCB,COMMON STOCK,03076K108,US03076K1088,2038849,453006.0,36639125.28,0.15,0,,FINANCIALS,UNITED STATES,AVUV,2026-02-27,,,,,,,,,,,,,,,,,,,,
PROPETRO HOLDING CORP COMMON STOCK,PUMP,COMMON STOCK,74347M108,US74347M1080,BYXR9C0,3135197.0,36525045.05,0.15,0,,ENERGY,UNITED STATES,AVUV,2026-02-27,,,,,,,,,,,,,,,,,,,,
NELNET INC CL A COMMON STOCK USD.01,NNI,COMMON STOCK,64031N108,US64031N1081,2196190,274495.0,35890221.25,0.15,0,,FINANCIALS,UNITED STATES,AVUV,2026-02-27,,,,,,,,,,,,,,,,,,,,
NPK INTERNATIONAL INC COMMON STOCK,NPKI,COMMON STOCK,651718504,US6517185046,2636878,2480047.0,35464672.1,0.15,0,,INDUSTRIALS,UNITED STATES,AVUV,2026-02-27,,,,,,,,,,,,,,,,,,,,
BOYD GAMING CORP COMMON STOCK USD.01,BYD,COMMON STOCK,103304101,US1033041013,2117232,412691.0,35049846.63,0.15,0,,CONSUMER DISCRETIONARY,UNITED STATES,AVUV,2026-02-27,,,,,,,,,,,,,,,,,,,,
BRISTOW GROUP INC COMMON STOCK USD.01,VTOL,COMMON STOCK,11040G103,US11040G1031,BMBT0Z4,739463.0,34540316.73,0.15,0,,ENERGY,UNITED STATES,AVUV,2026-02-27,,,,,,,,,,,,,,,,,,,,
PAYONEER GLOBAL INC COMMON STOCK USD.01,PAYO,COMMON STOCK,70451X104,US70451X1046,BLSPX60,6499829.0,34059103.96,0.14,0,,FINANCIALS,UNITED STATES,AVUV,2026-02-27,,,,,,,,,,,,,,,,,,,,
PENNYMAC FINANCIAL SERVICES COMMON STOCK USD.0001,PFSI,COMMON STOCK,70932M107,US70932M1071,BGYTGH3,364273.0,33782678.02,0.14,0,,FINANCIALS,UNITED STATES,AVUV,2026-02-27,,,,,,,,,,,,,,,,,,,,
HERC HOLDINGS INC COMMON STOCK USD.01,HRI,COMMON STOCK,42704L104,US42704L1044,BZBZ020,237818.0,33682163.34,0.14,0,,INDUSTRIALS,UNITED STATES,AVUV,2026-02-27,,,,,,,,,,,,,,,,,,,,
GENCO SHIPPING + TRADING LTD COMMON STOCK USD.01,GNK,COMMON STOCK,Y2685T131,MHY2685T1313,BD08758,1425840.0,33649824.0,0.14,0,,INDUSTRIALS,UNITED STATES,AVUV,2026-02-27,,,,,,,,,,,,,,,,,,,,
WORTHINGTON ENTERPRISES INC COMMON STOCK,WOR,COMMON STOCK,981811102,US9818111026,2981932,582842.0,33291935.04,0.14,0,,INDUSTRIALS,UNITED STATES,AVUV,2026-02-27,,,,,,,,,,,,,,,,,,,,
SALLY BEAUTY HOLDINGS INC COMMON STOCK USD.01,SBH,COMMON STOCK,79546E104,US79546E1047,B1GZ005,2058800.0,33002564.0,0.14,0,,CONSUMER DISCRETIONARY,UNITED STATES,AVUV,2026-02-27,,,,,,,,,,,,,,,,,,,,
CARMAX INC COMMON STOCK USD.5,KMX,COMMON STOCK,143130102,US1431301027,2983563,783612.0,32958720.72,0.14,0,,CONSUMER DISCRETIONARY,UNITED STATES,AVUV,2026-02-27,,,,,,,,,,,,,,,,,,,,
SKYWARD SPECIALTY INSURANCE COMMON STOCK USD.01,SKWD,COMMON STOCK,830940102,US8309401029,BNNMQS3,717489.0,32925570.21,0.14,0,,FINANCIALS,UNITED STATES,AVUV,2026-02-27,,,,,,,,,,,,,,,,,,,,
SEABOARD CORP COMMON STOCK USD1.0,SEB,COMMON STOCK,811543107,US8115431079,2786687,6481.0,32469810.0,0.14,0,,CONSUMER STAPLES,UNITED STATES,AVUV,2026-02-27,,,,,,,,,,,,,,,,,,,,
BANNER CORPORATION COMMON STOCK USD.01,BANR,COMMON STOCK,06652V208,US06652V2088,2346003,529230.0,32441799.0,0.14,0,,FINANCIALS,UNITED STATES,AVUV,2026-02-27,,,,,,,,,,,,,,,,,,,,
EXPRO GROUP HOLDINGS NV COMMON STOCK EUR.01,XPRO,COMMON STOCK,N3144W105,NL0010556684,BCRY5H0,1869572.0,32343595.6,0.14,0,,ENERGY,UNITED STATES,AVUV,2026-02-27,,,,,,,,,,,,,,,,,,,,
TECNOGLASS INC COMMON STOCK USD.0001,TGLS,COMMON STOCK,G87264100,KYG872641009,BHCVTN5,657495.0,32283004.5,0.14,0,,INDUSTRIALS,UNITED STATES,AVUV,2026-02-27,,,,,,,,,,,,,,,,,,,,
ENACT HOLDINGS INC COMMON STOCK USD.01,ACT,COMMON STOCK,29249E109,US29249E1091,BNZFTG9,764477.0,32207416.01,0.14,0,,FINANCIALS,UNITED STATES,AVUV,2026-02-27,,,,,,,,,,,,,,,,,,,,
ALBANY INTL CORP CL A COMMON STOCK USD.001,AIN,COMMON STOCK,012348108,US0123481089,2012757,564684.0,32136166.44,0.14,0,,INDUSTRIALS,UNITED STATES,AVUV,2026-02-27,,,,,,,,,,,,,,,,,,,,
NABORS INDUSTRIES LTD COMMON STOCK USD.001,NBR,COMMON STOCK,G6359F137,BMG6359F1370,BK953M8,409000.0,31881550.0,0.13,0,,ENERGY,UNITED STATES,AVUV,2026-02-27,,,,,,,,,,,,,,,,,,,,
DNOW INC COMMON STOCK USD.01,DNOW,COMMON STOCK,67011P100,US67011P1003,BMH0MV1,2709860.0,31651164.8,0.13,0,,INDUSTRIALS,UNITED STATES,AVUV,2026-02-27,,,,,,,,,,,,,,,,,,,,
BJ S RESTAURANTS INC COMMON STOCK,BJRI,COMMON STOCK,09180C106,US09180C1062,2200552,772837.0,31593576.56,0.13,0,,CONSUMER DISCRETIONARY,UNITED STATES,AVUV,2026-02-27,,,,,,,,,,,,,,,,,,,,
LENDINGCLUB CORP COMMON STOCK USD.01,LC,COMMON STOCK,52603A208,US52603A2087,BK95GR4,1960200.0,31559220.0,0.13,0,,FINANCIALS,UNITED STATES,AVUV,2026-02-27,,,,,,,,,,,,,,,,,,,,
COMPASS MINERALS INTERNATION COMMON STOCK USD.01,CMP,COMMON STOCK,20451N101,US20451N1019,2202763,1257631.0,31264706.66,0.13,0,,MATERIALS,UNITED STATES,AVUV,2026-02-27,,,,,,,,,,,,,,,,,,,,
GCI LIBERTY INC CL C COMMON STOCK USD.01,GLIBK,COMMON STOCK,36164V800,US36164V8000,BRJW0G1,798706.0,31221417.54,0.13,0,,COMMUNICATION SERVICES,UNITED STATES,AVUV,2026-02-27,,,,,,,,,,,,,,,,,,,,
GREIF INC CL A COMMON STOCK,GEF,COMMON STOCK,397624107,US3976241071,2388016,420218.0,30726340.16,0.13,0,,MATERIALS,UNITED STATES,AVUV,2026-02-27,,,,,,,,,,,,,,,,,,,,
HORACE MANN EDUCATORS COMMON STOCK USD.001,HMN,COMMON STOCK,440327104,US4403271046,2437112,694257.0,30054385.53,0.13,0,,FINANCIALS,UNITED STATES,AVUV,2026-02-27,,,,,,,,,,,,,,,,,,,,
HOPE BANCORP INC COMMON STOCK USD.001,HOPE,COMMON STOCK,43940T109,US43940T1097,BYN87K7,2510559.0,29674807.38,0.12,0,,FINANCIALS,UNITED STATES,AVUV,2026-02-27,,,,,,,,,,,,,,,,,,,,
TENNANT CO COMMON STOCK USD.375,TNC,COMMON STOCK,880345103,US8803451033,2883641,464749.0,29153704.77,0.12,0,,INDUSTRIALS,UNITED STATES,AVUV,2026-02-27,,,,,,,,,,,,,,,,,,,,
KB HOME COMMON STOCK USD1.0,KBH,COMMON STOCK,48666K109,US48666K1097,2485070,458640.0,28921838.4,0.12,0,,CONSUMER DISCRETIONARY,UNITED STATES,AVUV,2026-02-27,,,,,,,,,,,,,,,,,,,,
STEPAN CO COMMON STOCK USD1.0,SCL,COMMON STOCK,858586100,US8585861003,2845005,567216.0,28667096.64,0.12,0,,MATERIALS,UNITED STATES,AVUV,2026-02-27,,,,,,,,,,,,,,,,,,,,
PREFERRED BANK/LOS ANGELES COMMON STOCK,PFBC,COMMON STOCK,740367404,US7403674044,2763602,313632.0,28584420.48,0.12,0,,FINANCIALS,UNITED STATES,AVUV,2026-02-27,,,,,,,,,,,,,,,,,,,,
SFL CORP LTD COMMON STOCK USD.01,SFL,COMMON STOCK,G7738W106,BMG7738W1064,BJXT857,2621859.0,28394732.97,0.12,0,,ENERGY,UNITED STATES,AVUV,2026-02-27,,,,,,,,,,,,,,,,,,,,
APOGEE ENTERPRISES INC COMMON STOCK USD.333,APOG,COMMON STOCK,037598109,US0375981091,2046176,707947.0,28232926.36,0.12,0,,INDUSTRIALS,UNITED STATES,AVUV,2026-02-27,,,,,,,,,,,,,,,,,,,,
DOLE PLC COMMON STOCK USD.01,DOLE,COMMON STOCK,G27907107,IE0003LFZ4U7,BMCLHR0,1802453.0,28208389.45,0.12,0,,CONSUMER STAPLES,UNITED STATES,AVUV,2026-02-27,,,,,,,,,,,,,,,,,,,,
UMB FINANCIAL CORP COMMON STOCK USD1.0,UMBF,COMMON STOCK,902788108,US9027881088,2918510,230259.0,28068572.1,0.12,0,,FINANCIALS,UNITED STATES,AVUV,2026-02-27,,,,,,,,,,,,,,,,,,,,
MARTEN TRANSPORT LTD COMMON STOCK USD.01,MRTN,COMMON STOCK,573075108,US5730751089,2568357,2111265.0,27742022.1,0.12,0,,INDUSTRIALS,UNITED STATES,AVUV,2026-02-27,,,,,,,,,,,,,,,,,,,,
SKYWATER TECHNOLOGY INC COMMON STOCK USD.01,SKYT,COMMON STOCK,83089J108,US83089J1088,BMDXB06,961198.0,27682502.4,0.12,0,,INFORMATION TECHNOLOGY,UNITED STATES,AVUV,2026-02-27,,,,,,,,,,,,,,,,,,,,
LIFE TIME GROUP HOLDINGS INC COMMON STOCK USD.01,LTH,COMMON STOCK,53190C102,US53190C1027,BPH0546,1038252.0,27482530.44,0.12,0,,CONSUMER DISCRETIONARY,UNITED STATES,AVUV,2026-02-27,,,,,,,,,,,,,,,,,,,,
HNI CORP COMMON STOCK USD1.0,HNI,COMMON STOCK,404251100,US4042511000,2435246,595638.0,27452955.42,0.12,0,,INDUSTRIALS,UNITED STATES,AVUV,2026-02-27,,,,,,,,,,,,,,,,,,,,
WORLD KINECT CORP COMMON STOCK USD.01,WKC,COMMON STOCK,981475106,US9814751064,2469450,1051277.0,26712948.57,0.11,0,,ENERGY,UNITED STATES,AVUV,2026-02-27,,,,,,,,,,,,,,,,,,,,
PEOPLES BANCORP INC COMMON STOCK,PEBO,COMMON STOCK,709789101,US7097891011,2679419,804077.0,26631030.24,0.11,0,,FINANCIALS,UNITED STATES,AVUV,2026-02-27,,,,,,,,,,,,,,,,,,,,
OLD SECOND BANCORP INC COMMON STOCK USD1.0,OSBC,COMMON STOCK,680277100,US6802771005,2658429,1281207.0,26034126.24,0.11,0,,FINANCIALS,UNITED STATES,AVUV,2026-02-27,,,,,,,,,,,,,,,,,,,,
COMMUNITY TRUST BANCORP INC COMMON STOCK USD5.0,CTBI,COMMON STOCK,204149108,US2041491083,2706470,415976.0,25990180.48,0.11,0,,FINANCIALS,UNITED STATES,AVUV,2026-02-27,,,,,,,,,,,,,,,,,,,,
QCR HOLDINGS INC COMMON STOCK USD1.0,QCRH,COMMON STOCK,74727A104,US74727A1043,2714257,285215.0,25840479.0,0.11,0,,FINANCIALS,UNITED STATES,AVUV,2026-02-27,,,,,,,,,,,,,,,,,,,,
ASTEC INDUSTRIES INC COMMON STOCK USD.2,ASTE,COMMON STOCK,046224101,US0462241011,2060370,421393.0,25835604.83,0.11,0,,INDUSTRIALS,UNITED STATES,AVUV,2026-02-27,,,,,,,,,,,,,,,,,,,,
FMC CORP COMMON STOCK USD.1,FMC,COMMON STOCK,302491303,US3024913036,2328603,1717300.0,25707981.0,0.11,0,,MATERIALS,UNITED STATES,AVUV,2026-02-27,,,,,,,,,,,,,,,,,,,,
MERCHANTS BANCORP/IN COMMON STOCK,MBIN,COMMON STOCK,58844R108,US58844R1086,BYZ1PQ6,592872.0,25665428.88,0.11,0,,FINANCIALS,UNITED STATES,AVUV,2026-02-27,,,,,,,,,,,,,,,,,,,,
ARRAY DIGITAL INFRASTRUCTURE COMMON STOCK USD1.0,AD,COMMON STOCK,911684108,US9116841084,2918996,518101.0,25438759.1,0.11,0,,COMMUNICATION SERVICES,UNITED STATES,AVUV,2026-02-27,,,,,,,,,,,,,,,,,,,,
UNIVERSAL INSURANCE HOLDINGS COMMON STOCK USD.01,UVE,COMMON STOCK,91359V107,US91359V1070,2912374,773118.0,25280958.6,0.11,0,,FINANCIALS,UNITED STATES,AVUV,2026-02-27,,,,,,,,,,,,,,,,,,,,
ARROW ELECTRONICS INC COMMON STOCK USD1.0,ARW,COMMON STOCK,042735100,US0427351004,2051404,162818.0,25122817.4,0.11,0,,INFORMATION TECHNOLOGY,UNITED STATES,AVUV,2026-02-27,,,,,,,,,,,,,,,,,,,,
FIRST COMMONWEALTH FINL CORP COMMON STOCK USD1.0,FCF,COMMON STOCK,319829107,US3198291078,2351546,1379375.0,25063243.75,0.11,0,,FINANCIALS,UNITED STATES,AVUV,2026-02-27,,,,,,,,,,,,,,,,,,,,
DAUCH CORPORATION COMMON STOCK USD.01,DCH,COMMON STOCK,024061103,US0240611030,2382416,3602857.0,25003827.58,0.11,0,,CONSUMER DISCRETIONARY,UNITED STATES,AVUV,2026-02-27,,,,,,,,,,,,,,,,,,,,
METROPOLITAN BANK HOLDING CO COMMON STOCK USD.01,MCB,COMMON STOCK,591774104,US5917741044,BDBRDR8,266117.0,24975080.45,0.11,0,,FINANCIALS,UNITED STATES,AVUV,2026-02-27,,,,,,,,,,,,,,,,,,,,
CRACKER BARREL OLD COUNTRY COMMON STOCK USD.01,CBRL,COMMON STOCK,22410J106,US22410J1060,2231091,789906.0,24684562.5,0.1,0,,CONSUMER DISCRETIONARY,UNITED STATES,AVUV,2026-02-27,,,,,,,,,,,,,,,,,,,,
EVERUS CONSTRUCTION GROUP COMMON STOCK,ECG,COMMON STOCK,300426103,US3004261034,BSVLTM2,189513.0,24655641.3,0.1,0,,INDUSTRIALS,UNITED STATES,AVUV,2026-02-27,,,,,,,,,,,,,,,,,,,,
AMERICAN PUBLIC EDUCATION COMMON STOCK USD.01,APEI,COMMON STOCK,02913V103,US02913V1035,B292GM4,539122.0,24605528.08,0.1,0,,CONSUMER DISCRETIONARY,UNITED STATES,AVUV,2026-02-27,,,,,,,,,,,,,,,,,,,,
MATIV HOLDINGS INC COMMON STOCK USD.1,MATV,COMMON STOCK,808541106,US8085411069,2782038,2219762.0,24461777.24,0.1,0,,MATERIALS,UNITED STATES,AVUV,2026-02-27,,,,,,,,,,,,,,,,,,,,
METALLUS INC COMMON STOCK,MTUS,COMMON STOCK,887399103,US8873991033,BNBPMX1,1425691.0,24436343.74,0.1,0,,MATERIALS,UNITED STATES,AVUV,2026-02-27,,,,,,,,,,,,,,,,,,,,
CENTRAL PACIFIC FINANCIAL CO COMMON STOCK,CPF,COMMON STOCK,154760409,US1547604090,2230946,727946.0,24371632.08,0.1,0,,FINANCIALS,UNITED STATES,AVUV,2026-02-27,,,,,,,,,,,,,,,,,,,,
1ST SOURCE CORP COMMON STOCK,SRCE,COMMON STOCK,336901103,US3369011032,2341848,351321.0,24350058.51,0.1,0,,FINANCIALS,UNITED STATES,AVUV,2026-02-27,,,,,,,,,,,,,,,,,,,,
KIMBALL ELECTRONICS INC COMMON STOCK,KE,COMMON STOCK,49428J109,US49428J1097,BRKFN59,916187.0,24311022.05,0.1,0,,INFORMATION TECHNOLOGY,UNITED STATES,AVUV,2026-02-27,,,,,,,,,,,,,,,,,,,,
OIL DRI CORP OF AMERICA COMMON STOCK USD.1,ODC,COMMON STOCK,677864100,US6778641000,2657794,370553.0,24160055.6,0.1,0,,CONSUMER STAPLES,UNITED STATES,AVUV,2026-02-27,,,,,,,,,,,,,,,,,,,,
SENECA FOODS CORP   CL A COMMON STOCK USD.25,SENEA,COMMON STOCK,817070501,US8170705011,2781626,172094.0,24093160.0,0.1,0,,CONSUMER STAPLES,UNITED STATES,AVUV,2026-02-27,,,,,,,,,,,,,,,,,,,,
CLARIVATE PLC COMMON STOCK USD.01,CLVT,COMMON STOCK,G21810109,JE00BJJN4441,BJJN444,10435489.0,24001624.7,0.1,0,,INDUSTRIALS,UNITED STATES,AVUV,2026-02-27,,,,,,,,,,,,,,,,,,,,
MERCANTILE BANK CORP COMMON STOCK,MBWM,COMMON STOCK,587376104,US5873761044,2620257,446045.0,23894630.65,0.1,0,,FINANCIALS,UNITED STATES,AVUV,2026-02-27,,,,,,,,,,,,,,,,,,,,
POPULAR INC COMMON STOCK USD.01,BPOP,COMMON STOCK,733174700,PR7331747001,B86QM90,168867.0,23862595.77,0.1,0,,FINANCIALS,UNITED STATES,AVUV,2026-02-27,,,,,,,,,,,,,,,,,,,,
FIRST BUSEY CORP COMMON STOCK USD.001,BUSE,COMMON STOCK,319383204,US3193832041,BZ1LBM5,917860.0,23763395.4,0.1,0,,FINANCIALS,UNITED STATES,AVUV,2026-02-27,,,,,,,,,,,,,,,,,,,,
GULFPORT ENERGY CORP COMMON STOCK USD.0001,GPOR,COMMON STOCK,402635502,US4026355028,BND7X43,118630.0,23686852.1,0.1,0,,ENERGY,UNITED STATES,AVUV,2026-02-27,,,,,,,,,,,,,,,,,,,,
NORTHEAST BANK COMMON STOCK USD1.0,NBN,COMMON STOCK,66405S100,US66405S1006,BJXSDM6,202765.0,23419357.5,0.1,0,,FINANCIALS,UNITED STATES,AVUV,2026-02-27,,,,,,,,,,,,,,,,,,,,
BYLINE BANCORP INC COMMON STOCK USD.01,BY,COMMON STOCK,124411109,US1244111092,BD5G2C9,720463.0,23321387.31,0.1,0,,FINANCIALS,UNITED STATES,AVUV,2026-02-27,,,,,,,,,,,,,,,,,,,,
OPPENHEIMER HOLDINGS CL A COMMON STOCK USD.001,OPY,COMMON STOCK,683797104,US6837971042,B42G8D2,259035.0,23201764.95,0.1,0,,FINANCIALS,UNITED STATES,AVUV,2026-02-27,,,,,,,,,,,,,,,,,,,,
BUILD A BEAR WORKSHOP INC COMMON STOCK USD.01,BBW,COMMON STOCK,120076104,US1200761047,B034L50,461475.0,23036832.0,0.1,0,,CONSUMER DISCRETIONARY,UNITED STATES,AVUV,2026-02-27,,,,,,,,,,,,,,,,,,,,
FIRST MID BANCSHARES INC COMMON STOCK USD4.0,FMBH,COMMON STOCK,320866106,US3208661062,B016HX8,538830.0,23013429.3,0.1,0,,FINANCIALS,UNITED STATES,AVUV,2026-02-27,,,,,,,,,,,,,,,,,,,,
YELP INC COMMON STOCK USD.000001,YELP,COMMON STOCK,985817105,US9858171054,B7KCD72,1076220.0,22858912.8,0.1,0,,COMMUNICATION SERVICES,UNITED STATES,AVUV,2026-02-27,,,,,,,,,,,,,,,,,,,,
S + T BANCORP INC COMMON STOCK USD2.5,STBA,COMMON STOCK,783859101,US7838591011,2781109,516797.0,22770075.82,0.1,0,,FINANCIALS,UNITED STATES,AVUV,2026-02-27,,,,,,,,,,,,,,,,,,,,
ORIGIN BANCORP INC COMMON STOCK,OBK,COMMON STOCK,68621T102,US68621T1025,BDFFBM9,526597.0,22664734.88,0.1,0,,FINANCIALS,UNITED STATES,AVUV,2026-02-27,,,,,,,,,,,,,,,,,,,,
RAYONIER ADVANCED MATERIALS COMMON STOCK USD.01,RYAM,COMMON STOCK,75508B104,US75508B1044,BN458W9,2206165.0,22569067.95,0.1,0,,MATERIALS,UNITED STATES,AVUV,2026-02-27,,,,,,,,,,,,,,,,,,,,
SCHOLASTIC CORP COMMON STOCK USD.01,SCHL,COMMON STOCK,807066105,US8070661058,2779234,661588.0,22460912.6,0.09,0,,COMMUNICATION SERVICES,UNITED STATES,AVUV,2026-02-27,,,,,,,,,,,,,,,,,,,,
ARDMORE SHIPPING CORP COMMON STOCK USD.01,ASC,COMMON STOCK,Y0207T100,MHY0207T1001,BCGCR57,1433620.0,22364472.0,0.09,0,,ENERGY,UNITED STATES,AVUV,2026-02-27,,,,,,,,,,,,,,,,,,,,
HANMI FINANCIAL CORPORATION COMMON STOCK USD.001,HAFC,COMMON STOCK,410495204,US4104952043,B6TPXR5,824009.0,22248243.0,0.09,0,,FINANCIALS,UNITED STATES,AVUV,2026-02-27,,,,,,,,,,,,,,,,,,,,
PROG HOLDINGS INC COMMON STOCK USD.5,PRG,COMMON STOCK,74319R101,US74319R1014,BLFGN66,597990.0,22185429.0,0.09,0,,FINANCIALS,UNITED STATES,AVUV,2026-02-27,,,,,,,,,,,,,,,,,,,,
EMERGENT BIOSOLUTIONS INC COMMON STOCK USD.001,EBS,COMMON STOCK,29089Q105,US29089Q1058,B1HJLW5,2008881.0,22117779.81,0.09,0,,HEALTH CARE,UNITED STATES,AVUV,2026-02-27,,,,,,,,,,,,,,,,,,,,
TEEKAY CORP LTD COMMON STOCK USD.001,TK,COMMON STOCK,G8726T105,BMG8726T1053,BL54JF1,1752199.0,22060185.41,0.09,0,,ENERGY,UNITED STATES,AVUV,2026-02-27,,,,,,,,,,,,,,,,,,,,
UNIVEST FINANCIAL CORP COMMON STOCK USD5.0,UVSP,COMMON STOCK,915271100,US9152711001,2690636,619712.0,21727102.72,0.09,0,,FINANCIALS,UNITED STATES,AVUV,2026-02-27,,,,,,,,,,,,,,,,,,,,
HERITAGE INSURANCE HOLDINGS COMMON STOCK USD.0001,HRTG,COMMON STOCK,42727J102,US42727J1025,BMN9870,794008.0,21644658.08,0.09,0,,FINANCIALS,UNITED STATES,AVUV,2026-02-27,,,,,,,,,,,,,,,,,,,,
CIPHER DIGITAL INC COMMON STOCK USD1.0,CIFR,COMMON STOCK,17253J106,US17253J1060,BMZ8604,1297217.0,21546774.37,0.09,0,,INFORMATION TECHNOLOGY,UNITED STATES,AVUV,2026-02-27,,,,,,,,,,,,,,,,,,,,
OXFORD INDUSTRIES INC COMMON STOCK USD1.0,OXM,COMMON STOCK,691497309,US6914973093,2665300,533080.0,21360515.6,0.09,0,,CONSUMER DISCRETIONARY,UNITED STATES,AVUV,2026-02-27,,,,,,,,,,,,,,,,,,,,
AMALGAMATED FINANCIAL CORP COMMON STOCK USD.01,AMAL,COMMON STOCK,022671101,US0226711010,BLR7B41,534067.0,21335976.65,0.09,0,,FINANCIALS,UNITED STATES,AVUV,2026-02-27,,,,,,,,,,,,,,,,,,,,
AMPHASTAR PHARMACEUTICALS IN COMMON STOCK USD.0001,AMPH,COMMON STOCK,03209R103,US03209R1032,BNFWZS4,761170.0,21289924.9,0.09,0,,HEALTH CARE,UNITED STATES,AVUV,2026-02-27,,,,,,,,,,,,,,,,,,,,
VAALCO ENERGY INC COMMON STOCK USD.1,EGY,COMMON STOCK,91851C201,US91851C2017,2933353,4153590.0,21224844.9,0.09,0,,ENERGY,UNITED STATES,AVUV,2026-02-27,,,,,,,,,,,,,,,,,,,,
NORDIC AMERICAN TANKERS LTD COMMON STOCK USD.01,NAT,COMMON STOCK,G65773106,BMG657731060,2113876,4190874.0,21122004.96,0.09,0,,ENERGY,UNITED STATES,AVUV,2026-02-27,,,,,,,,,,,,,,,,,,,,
TRUSTCO BANK CORP NY COMMON STOCK USD1.0,TRST,COMMON STOCK,898349204,US8983492047,BN0ZBP7,467784.0,21064313.52,0.09,0,,FINANCIALS,UNITED STATES,AVUV,2026-02-27,,,,,,,,,,,,,,,,,,,,
INDEPENDENT BANK CORP   MICH COMMON STOCK USD1.0,IBCP,COMMON STOCK,453838609,US4538386099,2492133,581198.0,20847572.26,0.09,0,,FINANCIALS,UNITED STATES,AVUV,2026-02-27,,,,,,,,,,,,,,,,,,,,
VIRTUS INVESTMENT PARTNERS COMMON STOCK USD.01,VRTS,COMMON STOCK,92828Q109,US92828Q1094,B3KKGQ8,146197.0,20825762.65,0.09,0,,FINANCIALS,UNITED STATES,AVUV,2026-02-27,,,,,,,,,,,,,,,,,,,,
HUB GROUP INC CL A COMMON STOCK USD.01,HUBG,COMMON STOCK,443320106,US4433201062,2407632,501400.0,20637624.0,0.09,0,,INDUSTRIALS,UNITED STATES,AVUV,2026-02-27,,,,,,,,,,,,,,,,,,,,
SUNCOKE ENERGY INC COMMON STOCK USD.01,SXC,COMMON STOCK,86722A103,US86722A1034,B3R0638,3563588.0,20633174.52,0.09,0,,MATERIALS,UNITED STATES,AVUV,2026-02-27,,,,,,,,,,,,,,,,,,,,
COSTAMARE INC COMMON STOCK USD.0001,CMRE,COMMON STOCK,Y1771G102,MHY1771G1026,B566T98,1208124.0,20562270.48,0.09,0,,INDUSTRIALS,UNITED STATES,AVUV,2026-02-27,,,,,,,,,,,,,,,,,,,,
HALLADOR ENERGY CO COMMON STOCK USD.01,HNRG,COMMON STOCK,40609P105,US40609P1057,2404978,1098843.0,20416502.94,0.09,0,,UTILITIES,UNITED STATES,AVUV,2026-02-27,,,,,,,,,,,,,,,,,,,,
BUSINESS FIRST BANCSHARES COMMON STOCK USD1.0,BFST,COMMON STOCK,12326C105,US12326C1053,BF5HDJ0,713990.0,20255896.3,0.09,0,,FINANCIALS,UNITED STATES,AVUV,2026-02-27,,,,,,,,,,,,,,,,,,,,
GREEN DOT CORP CLASS A COMMON STOCK USD.001,GDOT,COMMON STOCK,39304D102,US39304D1028,B3WNNP3,1701681.0,20198953.47,0.09,0,,FINANCIALS,UNITED STATES,AVUV,2026-02-27,,,,,,,,,,,,,,,,,,,,
LINCOLN EDUCATIONAL SERVICES COMMON STOCK,LINC,COMMON STOCK,533535100,US5335351004,B0BV2Y9,582441.0,20196141.68,0.09,0,,CONSUMER DISCRETIONARY,UNITED STATES,AVUV,2026-02-27,,,,,,,,,,,,,,,,,,,,
FIDELIS INSURANCE HOLDINGS L COMMON STOCK USD.01,FIHL,COMMON STOCK,G3398L118,BMG3398L1182,BQLSDH2,1000266.0,20115349.26,0.08,0,,FINANCIALS,UNITED STATES,AVUV,2026-02-27,,,,,,,,,,,,,,,,,,,,
RPC INC COMMON STOCK USD.1,RES,COMMON STOCK,749660106,US7496601060,2719456,3432522.0,20114578.92,0.08,0,,ENERGY,UNITED STATES,AVUV,2026-02-27,,,,,,,,,,,,,,,,,,,,
CONNECTONE BANCORP INC COMMON STOCK,CNOB,COMMON STOCK,20786W107,US20786W1071,BNQ4YF9,726257.0,20059218.34,0.08,0,,FINANCIALS,UNITED STATES,AVUV,2026-02-27,,,,,,,,,,,,,,,,,,,,
EMPLOYERS HOLDINGS INC COMMON STOCK USD.01,EIG,COMMON STOCK,292218104,US2922181043,B1Q1RR9,476741.0,19832425.6,0.08,0,,FINANCIALS,UNITED STATES,AVUV,2026-02-27,,,,,,,,,,,,,,,,,,,,
DUCOMMUN INC COMMON STOCK USD.01,DCO,COMMON STOCK,264147109,US2641471097,2283229,155943.0,19768894.11,0.08,0,,INDUSTRIALS,UNITED STATES,AVUV,2026-02-27,,,,,,,,,,,,,,,,,,,,
IMAX CORP COMMON STOCK,IMAX,COMMON STOCK,45245E109,CA45245E1097,2473859,539646.0,19707871.92,0.08,0,,COMMUNICATION SERVICES,UNITED STATES,AVUV,2026-02-27,,,,,,,,,,,,,,,,,,,,
ASBURY AUTOMOTIVE GROUP COMMON STOCK USD.01,ABG,COMMON STOCK,043436104,US0434361046,2855855,90322.0,19602583.66,0.08,0,,CONSUMER DISCRETIONARY,UNITED STATES,AVUV,2026-02-27,,,,,,,,,,,,,,,,,,,,
ESQUIRE FINANCIAL HOLDINGS I COMMON STOCK USD.01,ESQ,COMMON STOCK,29667J101,US29667J1016,BD5G1Z5,182052.0,19459538.28,0.08,0,,FINANCIALS,UNITED STATES,AVUV,2026-02-27,,,,,,,,,,,,,,,,,,,,
FORUM ENERGY TECHNOLOGIES IN COMMON STOCK USD.01,FET,COMMON STOCK,34984V209,US34984V2097,BMCKSV8,329231.0,19424629.0,0.08,0,,ENERGY,UNITED STATES,AVUV,2026-02-27,,,,,,,,,,,,,,,,,,,,
FIRST FINANCIAL CORP COMMON STOCK,THFF,COMMON STOCK,320218100,US3202181000,2362515,290074.0,19141983.26,0.08,0,,FINANCIALS,UNITED STATES,AVUV,2026-02-27,,,,,,,,,,,,,,,,,,,,
LSB INDUSTRIES INC COMMON STOCK USD.1,LXU,COMMON STOCK,502160104,US5021601043,2536882,1910044.0,19138640.88,0.08,0,,MATERIALS,UNITED STATES,AVUV,2026-02-27,,,,,,,,,,,,,,,,,,,,
OCEANFIRST FINANCIAL CORP COMMON STOCK USD.01,OCFC,COMMON STOCK,675234108,US6752341080,2125901,998933.0,19029673.65,0.08,0,,FINANCIALS,UNITED STATES,AVUV,2026-02-27,,,,,,,,,,,,,,,,,,,,
OIL STATES INTERNATIONAL INC COMMON STOCK USD.01,OIS,COMMON STOCK,678026105,US6780261052,2724472,1416101.0,19018236.43,0.08,0,,ENERGY,UNITED STATES,AVUV,2026-02-27,,,,,,,,,,,,,,,,,,,,
BEACON FINANCIAL CORP COMMON STOCK USD.01,BBT,COMMON STOCK,084680107,US0846801076,2606570,608553.0,18980768.07,0.08,0,,FINANCIALS,UNITED STATES,AVUV,2026-02-27,,,,,,,,,,,,,,,,,,,,
FORESTAR GROUP INC COMMON STOCK USD1.0,FOR,COMMON STOCK,346232101,US3462321015,BF16ZX9,671715.0,18969231.6,0.08,0,,REAL ESTATE,UNITED STATES,AVUV,2026-02-27,,,,,,,,,,,,,,,,,,,,
VITESSE ENERGY INC COMMON STOCK USD.01,VTS,COMMON STOCK,92852X103,US92852X1037,BMBX3P7,857150.0,18960158.0,0.08,0,,ENERGY,UNITED STATES,AVUV,2026-02-27,,,,,,,,,,,,,,,,,,,,
GENTHERM INC COMMON STOCK,THRM,COMMON STOCK,37253A103,US37253A1034,B8JFD24,567660.0,18931461.0,0.08,0,,CONSUMER DISCRETIONARY,UNITED STATES,AVUV,2026-02-27,,,,,,,,,,,,,,,,,,,,
SLIDE INSURANCE HOLDINGS INC COMMON STOCK USD.01,SLDE,COMMON STOCK,831349105,US8313491057,BT18HJ3,950124.0,18517916.76,0.08,0,,FINANCIALS,UNITED STATES,AVUV,2026-02-27,,,,,,,,,,,,,,,,,,,,
REX AMERICAN RESOURCES CORP COMMON STOCK USD.01,REX,COMMON STOCK,761624105,US7616241052,2063670,526720.0,18508940.8,0.08,0,,ENERGY,UNITED STATES,AVUV,2026-02-27,,,,,,,,,,,,,,,,,,,,
SCANSOURCE INC COMMON STOCK,SCSC,COMMON STOCK,806037107,US8060371072,2767756,500002.0,18435073.74,0.08,0,,INFORMATION TECHNOLOGY,UNITED STATES,AVUV,2026-02-27,,,,,,,,,,,,,,,,,,,,
TOMPKINS FINANCIAL CORP COMMON STOCK USD.1,TMP,COMMON STOCK,890110109,US8901101092,2888613,225147.0,18236907.0,0.08,0,,FINANCIALS,UNITED STATES,AVUV,2026-02-27,,,,,,,,,,,,,,,,,,,,
SANDRIDGE ENERGY INC COMMON STOCK USD.001,SD,COMMON STOCK,80007P869,US80007P8692,BD1XH30,1072001.0,17998896.79,0.08,0,,ENERGY,UNITED STATES,AVUV,2026-02-27,,,,,,,,,,,,,,,,,,,,
LINDSAY CORP COMMON STOCK USD1.0,LNN,COMMON STOCK,535555106,US5355551061,2516613,132738.0,17813439.6,0.08,0,,INDUSTRIALS,UNITED STATES,AVUV,2026-02-27,,,,,,,,,,,,,,,,,,,,
CENTRUS ENERGY CORP CLASS A COMMON STOCK USD.1,LEU,COMMON STOCK,15643U104,US15643U1043,BQXKDH6,84405.0,17778225.15,0.07,0,,ENERGY,UNITED STATES,AVUV,2026-02-27,,,,,,,,,,,,,,,,,,,,
HOMETRUST BANCSHARES INC COMMON STOCK,HTB,COMMON STOCK,437872104,US4378721041,B84T2F7,406152.0,17708227.2,0.07,0,,FINANCIALS,UNITED STATES,AVUV,2026-02-27,,,,,,,,,,,,,,,,,,,,
ANTERO MIDSTREAM CORP COMMON STOCK,AM,COMMON STOCK,03676B102,US03676B1026,BJBT0Q4,786374.0,17520412.72,0.07,0,,ENERGY,UNITED STATES,AVUV,2026-02-27,,,,,,,,,,,,,,,,,,,,
REPUBLIC BANCORP INC CLASS A COMMON STOCK,RBCAA,COMMON STOCK,760281204,US7602812049,2277114,243639.0,17286187.05,0.07,0,,FINANCIALS,UNITED STATES,AVUV,2026-02-27,,,,,,,,,,,,,,,,,,,,
ADVANSIX INC COMMON STOCK USD.01,ASIX,COMMON STOCK,00773T101,US00773T1016,BYMMZL7,936194.0,16991921.1,0.07,0,,MATERIALS,UNITED STATES,AVUV,2026-02-27,,,,,,,,,,,,,,,,,,,,
TRICO BANCSHARES COMMON STOCK,TCBK,COMMON STOCK,896095106,US8960951064,2904133,335129.0,16645857.43,0.07,0,,FINANCIALS,UNITED STATES,AVUV,2026-02-27,,,,,,,,,,,,,,,,,,,,
IES HOLDINGS INC COMMON STOCK USD.01,IESC,COMMON STOCK,44951W106,US44951W1062,BD978B9,32980.0,16644016.6,0.07,0,,INDUSTRIALS,UNITED STATES,AVUV,2026-02-27,,,,,,,,,,,,,,,,,,,,
ETHAN ALLEN INTERIORS INC COMMON STOCK USD.01,ETD,COMMON STOCK,297602104,US2976021046,2320825,719817.0,16577385.51,0.07,0,,CONSUMER DISCRETIONARY,UNITED STATES,AVUV,2026-02-27,,,,,,,,,,,,,,,,,,,,
SOUTHERN MISSOURI BANCORP COMMON STOCK USD.01,SMBC,COMMON STOCK,843380106,US8433801060,2570501,254987.0,16574155.0,0.07,0,,FINANCIALS,UNITED STATES,AVUV,2026-02-27,,,,,,,,,,,,,,,,,,,,
ENNIS INC COMMON STOCK USD2.5,EBF,COMMON STOCK,293389102,US2933891028,2316103,765013.0,16233575.86,0.07,0,,INDUSTRIALS,UNITED STATES,AVUV,2026-02-27,,,,,,,,,,,,,,,,,,,,
PREFORMED LINE PRODUCTS CO COMMON STOCK USD2.0,PLPC,COMMON STOCK,740444104,US7404441047,2798466,61900.0,16186231.0,0.07,0,,INDUSTRIALS,UNITED STATES,AVUV,2026-02-27,,,,,,,,,,,,,,,,,,,,
BURKE + HERBERT FINANCIAL SE COMMON STOCK,BHRB,COMMON STOCK,12135Y108,US12135Y1082,BQ1PC32,243552.0,16164546.24,0.07,0,,FINANCIALS,UNITED STATES,AVUV,2026-02-27,,,,,,,,,,,,,,,,,,,,
UNITED FIRE GROUP INC COMMON STOCK USD.001,UFCS,COMMON STOCK,910340108,US9103401082,B4WXG84,422351.0,16146478.73,0.07,0,,FINANCIALS,UNITED STATES,AVUV,2026-02-27,,,,,,,,,,,,,,,,,,,,
NUTEX HEALTH INC COMMON STOCK,NUTX,COMMON STOCK,67079U306,US67079U3068,BSMNX92,147913.0,16044123.11,0.07,0,,HEALTH CARE,UNITED STATES,AVUV,2026-02-27,,,,,,,,,,,,,,,,,,,,
XPLR INFRASTRUCTURE LP COMMON STOCK,XIFR,COMMON STOCK,65341B106,US65341B1061,BNGY4Q0,1503132.0,15903136.56,0.07,0,,UTILITIES,UNITED STATES,AVUV,2026-02-27,,,,,,,,,,,,,,,,,,,,
GREAT SOUTHERN BANCORP INC COMMON STOCK USD.01,GSBC,COMMON STOCK,390905107,US3909051076,2387002,247408.0,15742571.04,0.07,0,,FINANCIALS,UNITED STATES,AVUV,2026-02-27,,,,,,,,,,,,,,,,,,,,
COVENANT LOGISTICS GROUP INC COMMON STOCK USD.01,CVLG,COMMON STOCK,22284P105,US22284P1057,2200853,557868.0,15703984.2,0.07,0,,INDUSTRIALS,UNITED STATES,AVUV,2026-02-27,,,,,,,,,,,,,,,,,,,,
PAGAYA TECHNOLOGIES LTD  A COMMON STOCK USD.0001,PGY,COMMON STOCK,M7S64L123,IL0011858912,BQ5J6B6,1311713.0,15543799.05,0.07,0,,INFORMATION TECHNOLOGY,UNITED STATES,AVUV,2026-02-27,,,,,,,,,,,,,,,,,,,,
NAVIENT CORP COMMON STOCK USD.01,NAVI,COMMON STOCK,63938C108,US63938C1080,BLP5GX1,1736371.0,15471065.61,0.07,0,,FINANCIALS,UNITED STATES,AVUV,2026-02-27,,,,,,,,,,,,,,,,,,,,
NORTHRIM BANCORP INC COMMON STOCK USD1.0,NRIM,COMMON STOCK,666762109,US6667621097,2640277,622141.0,15422875.39,0.06,0,,FINANCIALS,UNITED STATES,AVUV,2026-02-27,,,,,,,,,,,,,,,,,,,,
NWPX INFRASTRUCTURE INC COMMON STOCK USD.01,NWPX,COMMON STOCK,667746101,US6677461013,2035925,207608.0,15365068.08,0.06,0,,INDUSTRIALS,UNITED STATES,AVUV,2026-02-27,,,,,,,,,,,,,,,,,,,,
HEARTLAND EXPRESS INC COMMON STOCK USD.01,HTLD,COMMON STOCK,422347104,US4223471040,2414018,1435396.0,15315675.32,0.06,0,,INDUSTRIALS,UNITED STATES,AVUV,2026-02-27,,,,,,,,,,,,,,,,,,,,
CARS.COM INC COMMON STOCK USD.01,CARS,COMMON STOCK,14575E105,US14575E1055,BYXHTC0,1425813.0,15313231.62,0.06,0,,COMMUNICATION SERVICES,UNITED STATES,AVUV,2026-02-27,,,,,,,,,,,,,,,,,,,,
STELLAR BANCORP INC COMMON STOCK USD.01,STEL,COMMON STOCK,858927106,US8589271068,BQBCZY5,398682.0,15233639.22,0.06,0,,FINANCIALS,UNITED STATES,AVUV,2026-02-27,,,,,,,,,,,,,,,,,,,,
FIVE STAR BANCORP COMMON STOCK,FSBC,COMMON STOCK,33830T103,US33830T1034,BP2C8W6,367588.0,14824824.04,0.06,0,,FINANCIALS,UNITED STATES,AVUV,2026-02-27,,,,,,,,,,,,,,,,,,,,
SHORE BANCSHARES INC COMMON STOCK USD.01,SHBI,COMMON STOCK,825107105,US8251071051,2748869,759187.0,14735819.67,0.06,0,,FINANCIALS,UNITED STATES,AVUV,2026-02-27,,,,,,,,,,,,,,,,,,,,
COLLEGIUM PHARMACEUTICAL INC COMMON STOCK USD.001,COLL,COMMON STOCK,19459J104,US19459J1043,BX7RSN3,321970.0,14730127.5,0.06,0,,HEALTH CARE,UNITED STATES,AVUV,2026-02-27,,,,,,,,,,,,,,,,,,,,
PACIRA BIOSCIENCES INC COMMON STOCK USD.001,PCRX,COMMON STOCK,695127100,US6951271005,B3X26D8,625612.0,14676857.52,0.06,0,,HEALTH CARE,UNITED STATES,AVUV,2026-02-27,,,,,,,,,,,,,,,,,,,,
RIGEL PHARMACEUTICALS INC COMMON STOCK USD.001,RIGL,COMMON STOCK,766559702,US7665597024,BQD3J33,417878.0,14466936.36,0.06,0,,HEALTH CARE,UNITED STATES,AVUV,2026-02-27,,,,,,,,,,,,,,,,,,,,
NU SKIN ENTERPRISES INC   A COMMON STOCK USD.001,NUS,COMMON STOCK,67018T105,US67018T1051,2616870,1688116.0,14433391.8,0.06,0,,CONSUMER STAPLES,UNITED STATES,AVUV,2026-02-27,,,,,,,,,,,,,,,,,,,,
CAPITAL CITY BANK GROUP INC COMMON STOCK USD.01,CCBG,COMMON STOCK,139674105,US1396741050,2186759,330694.0,14405030.64,0.06,0,,FINANCIALS,UNITED STATES,AVUV,2026-02-27,,,,,,,,,,,,,,,,,,,,
CNB FINANCIAL CORP/PA COMMON STOCK,CCNE,COMMON STOCK,126128107,US1261281075,2619705,483494.0,14354936.86,0.06,0,,FINANCIALS,UNITED STATES,AVUV,2026-02-27,,,,,,,,,,,,,,,,,,,,
ORRSTOWN FINL SERVICES INC COMMON STOCK,ORRF,COMMON STOCK,687380105,US6873801053,B019FW2,385532.0,14303237.2,0.06,0,,FINANCIALS,UNITED STATES,AVUV,2026-02-27,,,,,,,,,,,,,,,,,,,,
DILLARDS INC CL A COMMON STOCK,DDS,COMMON STOCK,254067101,US2540671011,2269768,23801.0,14286550.25,0.06,0,,CONSUMER DISCRETIONARY,UNITED STATES,AVUV,2026-02-27,,,,,,,,,,,,,,,,,,,,
RILEY EXPLORATION PERMIAN IN COMMON STOCK USD.001,REPX,COMMON STOCK,76665T102,US76665T1025,BNW2543,513584.0,14216005.12,0.06,0,,ENERGY,UNITED STATES,AVUV,2026-02-27,,,,,,,,,,,,,,,,,,,,
LEGGETT + PLATT INC COMMON STOCK USD.01,LEG,COMMON STOCK,524660107,US5246601075,2510682,1239549.0,14180440.56,0.06,0,,CONSUMER DISCRETIONARY,UNITED STATES,AVUV,2026-02-27,,,,,,,,,,,,,,,,,,,,
METROCITY BANKSHARES INC COMMON STOCK,MCBS,COMMON STOCK,59165J105,US59165J1051,BD9MTK0,491011.0,14165667.35,0.06,0,,FINANCIALS,UNITED STATES,AVUV,2026-02-27,,,,,,,,,,,,,,,,,,,,
MISSION PRODUCE INC COMMON STOCK USD.001,AVO,COMMON STOCK,60510V108,US60510V1089,BLNPMM4,978664.0,14131908.16,0.06,0,,CONSUMER STAPLES,UNITED STATES,AVUV,2026-02-27,,,,,,,,,,,,,,,,,,,,
TRONOX HOLDINGS PLC COMMON STOCK USD.01,TROX,COMMON STOCK,G9087Q102,GB00BJT16S69,BJT16S6,1955856.0,14082163.2,0.06,0,,MATERIALS,UNITED STATES,AVUV,2026-02-27,,,,,,,,,,,,,,,,,,,,
MALIBU BOATS INC   A COMMON STOCK USD.01,MBUU,COMMON STOCK,56117J100,US56117J1007,BJ38KJ2,469377.0,13940496.9,0.06,0,,CONSUMER DISCRETIONARY,UNITED STATES,AVUV,2026-02-27,,,,,,,,,,,,,,,,,,,,
SOUTH PLAINS FINANCIAL INC COMMON STOCK USD1.0,SPFI,COMMON STOCK,83946P107,US83946P1075,BGV1W52,328843.0,13923212.62,0.06,0,,FINANCIALS,UNITED STATES,AVUV,2026-02-27,,,,,,,,,,,,,,,,,,,,
VILLAGE SUPER MARKET CLASS A COMMON STOCK,VLGEA,COMMON STOCK,927107409,US9271074091,2929211,352070.0,13815226.8,0.06,0,,CONSUMER STAPLES,UNITED STATES,AVUV,2026-02-27,,,,,,,,,,,,,,,,,,,,
ECOVYST INC COMMON STOCK,ECVT,COMMON STOCK,27923Q109,US27923Q1094,BM8NHT2,1210025.0,13697483.0,0.06,0,,MATERIALS,UNITED STATES,AVUV,2026-02-27,,,,,,,,,,,,,,,,,,,,
ERMENEGILDO ZEGNA NV COMMON STOCK,ZGN,COMMON STOCK,N30577105,NL0015000PB5,BLCY7G1,1177358.0,13657352.8,0.06,0,,CONSUMER DISCRETIONARY,UNITED STATES,AVUV,2026-02-27,,,,,,,,,,,,,,,,,,,,
WISDOMTREE INC COMMON STOCK USD.01,WT,COMMON STOCK,97717P104,US97717P1049,2476513,786023.0,13606058.13,0.06,0,,FINANCIALS,UNITED STATES,AVUV,2026-02-27,,,,,,,,,,,,,,,,,,,,
MARCUS CORPORATION COMMON STOCK USD1.0,MCS,COMMON STOCK,566330106,US5663301068,2564827,851551.0,13522629.88,0.06,0,,COMMUNICATION SERVICES,UNITED STATES,AVUV,2026-02-27,,,,,,,,,,,,,,,,,,,,
CIVEO CORP COMMON STOCK USD.01,CVEO,COMMON STOCK,17878Y207,CA17878Y2078,BN0TDP3,476488.0,13227306.88,0.06,0,,INDUSTRIALS,UNITED STATES,AVUV,2026-02-27,,,,,,,,,,,,,,,,,,,,
RUSH ENTERPRISES INC   CL B COMMON STOCK USD.01,RUSHB,COMMON STOCK,781846308,US7818463082,2966865,201850.0,13219156.5,0.06,0,,INDUSTRIALS,UNITED STATES,AVUV,2026-02-27,,,,,,,,,,,,,,,,,,,,
HYSTER YALE INC COMMON STOCK USD.01,HY,COMMON STOCK,449172105,US4491721050,B7LG306,342461.0,13075160.98,0.06,0,,INDUSTRIALS,UNITED STATES,AVUV,2026-02-27,,,,,,,,,,,,,,,,,,,,
CABLE ONE INC COMMON STOCK USD.01,CABO,COMMON STOCK,12685J105,US12685J1051,BZ07DS4,143074.0,13008288.08,0.05,0,,COMMUNICATION SERVICES,UNITED STATES,AVUV,2026-02-27,,,,,,,,,,,,,,,,,,,,
KOPPERS HOLDINGS INC COMMON STOCK USD.01,KOP,COMMON STOCK,50060P106,US50060P1066,B0X46B1,371879.0,12837263.08,0.05,0,,MATERIALS,UNITED STATES,AVUV,2026-02-27,,,,,,,,,,,,,,,,,,,,
GRANITE RIDGE RESOURCES INC COMMON STOCK USD.0001,GRNT,COMMON STOCK,387432107,US3874321074,BPJKCW1,2479368.0,12595189.44,0.05,0,,ENERGY,UNITED STATES,AVUV,2026-02-27,,,,,,,,,,,,,,,,,,,,
NATURES SUNSHINE PRODS INC COMMON STOCK,NATR,COMMON STOCK,639027101,US6390271012,2627816,456704.0,12577628.16,0.05,0,,CONSUMER STAPLES,UNITED STATES,AVUV,2026-02-27,,,,,,,,,,,,,,,,,,,,
LUXFER HOLDINGS PLC COMMON STOCK USD.5,LXFR,COMMON STOCK,G5698W116,GB00BNK03D49,BF5GRT5,970214.0,12573973.44,0.05,0,,INDUSTRIALS,UNITED STATES,AVUV,2026-02-27,,,,,,,,,,,,,,,,,,,,
ZIONS BANCORP NA COMMON STOCK USD.001,ZION,COMMON STOCK,989701107,US9897011071,2989828,207528.0,12534691.2,0.05,0,,FINANCIALS,UNITED STATES,AVUV,2026-02-27,,,,,,,,,,,,,,,,,,,,
SHENANDOAH TELECOMMUNICATION COMMON STOCK,SHEN,COMMON STOCK,82312B106,US82312B1061,2676692,924479.0,12526690.45,0.05,0,,COMMUNICATION SERVICES,UNITED STATES,AVUV,2026-02-27,,,,,,,,,,,,,,,,,,,,
PUMA BIOTECHNOLOGY INC COMMON STOCK USD.0001,PBYI,COMMON STOCK,74587V107,US74587V1070,B7F2TY6,1614893.0,12402378.24,0.05,0,,HEALTH CARE,UNITED STATES,AVUV,2026-02-27,,,,,,,,,,,,,,,,,,,,
ACCO BRANDS CORP COMMON STOCK USD.01,ACCO,COMMON STOCK,00081T108,US00081T1088,B0G7SZ5,2994974.0,12399192.36,0.05,0,,INDUSTRIALS,UNITED STATES,AVUV,2026-02-27,,,,,,,,,,,,,,,,,,,,
CALERES INC COMMON STOCK USD.01,CAL,COMMON STOCK,129500104,US1295001044,BWX4MD9,1042128.0,12380480.64,0.05,0,,CONSUMER DISCRETIONARY,UNITED STATES,AVUV,2026-02-27,,,,,,,,,,,,,,,,,,,,
NATURAL GROCERS BY VITAMIN C COMMON STOCK USD.001,NGVC,COMMON STOCK,63888U108,US63888U1088,B82C9Z7,459080.0,12358433.6,0.05,0,,CONSUMER STAPLES,UNITED STATES,AVUV,2026-02-27,,,,,,,,,,,,,,,,,,,,
WORTHINGTON STEEL INC COMMON STOCK USD.0001,WS,COMMON STOCK,982104101,US9821041012,BS70KN1,285630.0,12344928.6,0.05,0,,MATERIALS,UNITED STATES,AVUV,2026-02-27,,,,,,,,,,,,,,,,,,,,
SMARTFINANCIAL INC COMMON STOCK USD1.0,SMBK,COMMON STOCK,83190L208,US83190L2088,BYVYKX1,299561.0,12314952.71,0.05,0,,FINANCIALS,UNITED STATES,AVUV,2026-02-27,,,,,,,,,,,,,,,,,,,,
F+G ANNUITIES + LIFE INC COMMON STOCK USD.001,FG,COMMON STOCK,30190A104,US30190A1043,BM9XCN0,527148.0,12293091.36,0.05,0,,FINANCIALS,UNITED STATES,AVUV,2026-02-27,,,,,,,,,,,,,,,,,,,,
GOLD.COM INC COMMON STOCK USD.01,GOLD,COMMON STOCK,00181T107,US00181T1079,BK6MJ46,217702.0,12230498.36,0.05,0,,CONSUMER DISCRETIONARY,UNITED STATES,AVUV,2026-02-27,,,,,,,,,,,,,,,,,,,,
CENTURY COMMUNITIES INC COMMON STOCK USD.01,CCS,COMMON STOCK,156504300,US1565043007,BN7ZZ47,182267.0,12228293.03,0.05,0,,CONSUMER DISCRETIONARY,UNITED STATES,AVUV,2026-02-27,,,,,,,,,,,,,,,,,,,,
HOVNANIAN ENTERPRISES A COMMON STOCK USD.01,HOV,COMMON STOCK,442487401,US4424874018,BJ5KPZ7,96013.0,12105319.04,0.05,0,,CONSUMER DISCRETIONARY,UNITED STATES,AVUV,2026-02-27,,,,,,,,,,,,,,,,,,,,
ORION SA COMMON STOCK,OEC,COMMON STOCK,L72967109,LU1092234845,BP8FKJ0,2128858.0,12091913.44,0.05,0,,MATERIALS,UNITED STATES,AVUV,2026-02-27,,,,,,,,,,,,,,,,,,,,
INNOVEX INTERNATIONAL INC COMMON STOCK USD.01,INVX,COMMON STOCK,457651107,US4576511079,BSPRSL8,409061.0,11965034.25,0.05,0,,ENERGY,UNITED STATES,AVUV,2026-02-27,,,,,,,,,,,,,,,,,,,,
GRAPHIC PACKAGING HOLDING CO COMMON STOCK USD.01,GPK,COMMON STOCK,388689101,US3886891015,B2Q8249,994431.0,11943116.31,0.05,0,,MATERIALS,UNITED STATES,AVUV,2026-02-27,,,,,,,,,,,,,,,,,,,,
BROOKDALE SENIOR LIVING INC COMMON STOCK USD.01,BKD,COMMON STOCK,112463104,US1124631045,B0PZN33,786066.0,11885317.92,0.05,0,,HEALTH CARE,UNITED STATES,AVUV,2026-02-27,,,,,,,,,,,,,,,,,,,,
TELADOC HEALTH INC COMMON STOCK USD.001,TDOC,COMMON STOCK,87918A105,US87918A1051,BYQRFY1,2528611.0,11758041.15,0.05,0,,HEALTH CARE,UNITED STATES,AVUV,2026-02-27,,,,,,,,,,,,,,,,,,,,
NATIONAL BANK HOLD CL A COMMON STOCK,NBHC,COMMON STOCK,633707104,US6337071046,B888DV3,286007.0,11723426.93,0.05,0,,FINANCIALS,UNITED STATES,AVUV,2026-02-27,,,,,,,,,,,,,,,,,,,,
WABASH NATIONAL CORP COMMON STOCK USD.01,WNC,COMMON STOCK,929566107,US9295661071,2932048,1120306.0,11438324.26,0.05,0,,INDUSTRIALS,UNITED STATES,AVUV,2026-02-27,,,,,,,,,,,,,,,,,,,,
THIRD COAST BANCSHARES INC COMMON STOCK USD1.0,TCBX,COMMON STOCK,88422P109,US88422P1093,BL55Q42,277747.0,11376517.12,0.05,0,,FINANCIALS,UNITED STATES,AVUV,2026-02-27,,,,,,,,,,,,,,,,,,,,
MIDLAND STATES BANCORP INC COMMON STOCK USD.01,MSBI,COMMON STOCK,597742105,US5977421057,B6VRG58,488826.0,11272327.56,0.05,0,,FINANCIALS,UNITED STATES,AVUV,2026-02-27,,,,,,,,,,,,,,,,,,,,
TACTILE SYSTEMS TECHNOLOGY I COMMON STOCK USD.001,TCMD,COMMON STOCK,87357P100,US87357P1003,BZB1XF2,379585.0,11239511.85,0.05,0,,HEALTH CARE,UNITED STATES,AVUV,2026-02-27,,,,,,,,,,,,,,,,,,,,
ATN INTERNATIONAL INC COMMON STOCK USD.01,ATNI,COMMON STOCK,00215F107,US00215F1075,BDC84D3,390796.0,11149409.88,0.05,0,,COMMUNICATION SERVICES,UNITED STATES,AVUV,2026-02-27,,,,,,,,,,,,,,,,,,,,
HAVERTY FURNITURE COMMON STOCK USD1.0,HVT,COMMON STOCK,419596101,US4195961010,2414245,451675.0,10980219.25,0.05,0,,CONSUMER DISCRETIONARY,UNITED STATES,AVUV,2026-02-27,,,,,,,,,,,,,,,,,,,,
SSC GOVERNMENT MM GVMXX,OTHER,SWEEP INVESTMENT VEHICLE,7839989D1,,,10857637.0,10857637.34,0.05,3.6287327,12/31/2030,MISCELLANEOUS,UNITED STATES,AVUV,2026-02-27,,,,,,,,,,,,,,,,,,,,
SHOE CARNIVAL INC COMMON STOCK USD.01,SCVL,COMMON STOCK,824889109,US8248891090,2805474,551336.0,10817212.32,0.05,0,,CONSUMER DISCRETIONARY,UNITED STATES,AVUV,2026-02-27,,,,,,,,,,,,,,,,,,,,
FIRST BUSINESS FINANCIAL SER COMMON STOCK USD.01,FBIZ,COMMON STOCK,319390100,US3193901002,B0M02F6,191031.0,10808533.98,0.05,0,,FINANCIALS,UNITED STATES,AVUV,2026-02-27,,,,,,,,,,,,,,,,,,,,
AMERESCO INC CL A COMMON STOCK USD.0001,AMRC,COMMON STOCK,02361E108,US02361E1082,B3SWPT2,328903.0,10807752.58,0.05,0,,INDUSTRIALS,UNITED STATES,AVUV,2026-02-27,,,,,,,,,,,,,,,,,,,,
CENTRAL GARDEN + PET CO COMMON STOCK USD.01,CENT,COMMON STOCK,153527106,US1535271068,2183868,272161.0,10788462.04,0.05,0,,CONSUMER STAPLES,UNITED STATES,AVUV,2026-02-27,,,,,,,,,,,,,,,,,,,,
HERITAGE COMMERCE CORP COMMON STOCK,HTBK,COMMON STOCK,426927109,US4269271098,2503916,829593.0,10743229.35,0.05,0,,FINANCIALS,UNITED STATES,AVUV,2026-02-27,,,,,,,,,,,,,,,,,,,,
DIME COMMUNITY BANCSHARES IN COMMON STOCK USD.01,DCOM,COMMON STOCK,25432X102,US25432X1028,BMFZ702,317691.0,10598171.76,0.04,0,,FINANCIALS,UNITED STATES,AVUV,2026-02-27,,,,,,,,,,,,,,,,,,,,
ROCKY BRANDS INC COMMON STOCK,RCKY,COMMON STOCK,774515100,US7745151008,2746915,228652.0,10517992.0,0.04,0,,CONSUMER DISCRETIONARY,UNITED STATES,AVUV,2026-02-27,,,,,,,,,,,,,,,,,,,,
BLUELINX HOLDINGS INC COMMON STOCK USD.01,BXC,COMMON STOCK,09624H208,US09624H2085,BYQLZ65,155839.0,10464588.85,0.04,0,,INDUSTRIALS,UNITED STATES,AVUV,2026-02-27,,,,,,,,,,,,,,,,,,,,
HILLTOP HOLDINGS INC COMMON STOCK USD.01,HTH,COMMON STOCK,432748101,US4327481010,2365428,270507.0,10419929.64,0.04,0,,FINANCIALS,UNITED STATES,AVUV,2026-02-27,,,,,,,,,,,,,,,,,,,,
CALEDONIA MINING CORP PLC COMMON STOCK,CMCL,COMMON STOCK,G1757E113,JE00BF0XVB15,BF0XVC2,332075.0,10390626.75,0.04,0,,MATERIALS,UNITED STATES,AVUV,2026-02-27,,,,,,,,,,,,,,,,,,,,
IBEX LTD COMMON STOCK USD.0001,IBEX,COMMON STOCK,G4690M101,BMG4690M1010,BLF81K2,365496.0,10376431.44,0.04,0,,INDUSTRIALS,UNITED STATES,AVUV,2026-02-27,,,,,,,,,,,,,,,,,,,,
ACCEL ENTERTAINMENT INC COMMON STOCK USD.0001,ACEL,COMMON STOCK,00436Q106,US00436Q1067,BK7FYL6,943391.0,10339565.36,0.04,0,,CONSUMER DISCRETIONARY,UNITED STATES,AVUV,2026-02-27,,,,,,,,,,,,,,,,,,,,
UPWORK INC COMMON STOCK USD.0001,UPWK,COMMON STOCK,91688F104,US91688F1049,BGRFWV4,791654.0,10275668.92,0.04,0,,INDUSTRIALS,UNITED STATES,AVUV,2026-02-27,,,,,,,,,,,,,,,,,,,,
NATURAL GAS SERVICES GROUP COMMON STOCK USD.01,NGS,COMMON STOCK,63886Q109,US63886Q1094,2986153,267159.0,10274935.14,0.04,0,,ENERGY,UNITED STATES,AVUV,2026-02-27,,,,,,,,,,,,,,,,,,,,
PEAPACK GLADSTONE FINL CORP COMMON STOCK,PGC,COMMON STOCK,704699107,US7046991078,2307732,300923.0,10261474.3,0.04,0,,FINANCIALS,UNITED STATES,AVUV,2026-02-27,,,,,,,,,,,,,,,,,,,,
STANDARD MOTOR PRODS COMMON STOCK USD2.0,SMP,COMMON STOCK,853666105,US8536661056,2838306,236622.0,10198408.2,0.04,0,,CONSUMER DISCRETIONARY,UNITED STATES,AVUV,2026-02-27,,,,,,,,,,,,,,,,,,,,
GRAHAM CORP COMMON STOCK USD.1,GHM,COMMON STOCK,384556106,US3845561063,2380904,123963.0,10013731.14,0.04,0,,INDUSTRIALS,UNITED STATES,AVUV,2026-02-27,,,,,,,,,,,,,,,,,,,,
DIAMOND HILL INVESTMENT GRP COMMON STOCK,DHIL,COMMON STOCK,25264R207,US25264R2076,2801137,58052.0,9972753.08,0.04,0,,FINANCIALS,UNITED STATES,AVUV,2026-02-27,,,,,,,,,,,,,,,,,,,,
STRATTEC SECURITY CORP COMMON STOCK USD.01,STRT,COMMON STOCK,863111100,US8631111007,2848714,108824.0,9893189.84,0.04,0,,CONSUMER DISCRETIONARY,UNITED STATES,AVUV,2026-02-27,,,,,,,,,,,,,,,,,,,,
STURM RUGER + CO INC COMMON STOCK USD1.0,RGR,COMMON STOCK,864159108,US8641591081,2856289,270786.0,9867441.84,0.04,0,,CONSUMER DISCRETIONARY,UNITED STATES,AVUV,2026-02-27,,,,,,,,,,,,,,,,,,,,
RANGER ENERGY SERVICES CL A COMMON STOCK,RNGR,COMMON STOCK,75282U104,US75282U1043,BF8G134,570951.0,9808938.18,0.04,0,,ENERGY,UNITED STATES,AVUV,2026-02-27,,,,,,,,,,,,,,,,,,,,
LYFT INC A COMMON STOCK USD.00001,LYFT,COMMON STOCK,55087P104,US55087P1049,BJT1RW7,729215.0,9771481.0,0.04,0,,INDUSTRIALS,UNITED STATES,AVUV,2026-02-27,,,,,,,,,,,,,,,,,,,,
TITAN INTERNATIONAL INC COMMON STOCK,TWI,COMMON STOCK,88830M102,US88830M1027,2890265,929479.0,9768824.29,0.04,0,,INDUSTRIALS,UNITED STATES,AVUV,2026-02-27,,,,,,,,,,,,,,,,,,,,
UNITY BANCORP INC COMMON STOCK,UNTY,COMMON STOCK,913290102,US9132901029,2083968,183309.0,9757538.07,0.04,0,,FINANCIALS,UNITED STATES,AVUV,2026-02-27,,,,,,,,,,,,,,,,,,,,
INGRAM MICRO HOLDING CORP COMMON STOCK USD.01,INGM,COMMON STOCK,457152106,US4571521065,BS5YN47,475191.0,9736663.59,0.04,0,,INFORMATION TECHNOLOGY,UNITED STATES,AVUV,2026-02-27,,,,,,,,,,,,,,,,,,,,
ARROW FINANCIAL CORP COMMON STOCK USD1.0,AROW,COMMON STOCK,042744102,US0427441029,2051374,281665.0,9697725.95,0.04,0,,FINANCIALS,UNITED STATES,AVUV,2026-02-27,,,,,,,,,,,,,,,,,,,,
WORLD ACCEPTANCE CORP COMMON STOCK,WRLD,COMMON STOCK,981419104,US9814191048,2981181,72403.0,9695485.73,0.04,0,,FINANCIALS,UNITED STATES,AVUV,2026-02-27,,,,,,,,,,,,,,,,,,,,
BRIDGEWATER BANCSHARES INC COMMON STOCK USD.001,BWB,COMMON STOCK,108621103,US1086211034,BFMZC67,497496.0,9502173.6,0.04,0,,FINANCIALS,UNITED STATES,AVUV,2026-02-27,,,,,,,,,,,,,,,,,,,,
DESIGNER BRANDS INC CLASS A COMMON STOCK,DBI,COMMON STOCK,250565108,US2505651081,BJ9J282,1302862.0,9445749.5,0.04,0,,CONSUMER DISCRETIONARY,UNITED STATES,AVUV,2026-02-27,,,,,,,,,,,,,,,,,,,,
CARTER BANKSHARES INC COMMON STOCK USD1.0,CARE,COMMON STOCK,146103106,US1461031064,BMWKK45,439527.0,9427854.15,0.04,0,,FINANCIALS,UNITED STATES,AVUV,2026-02-27,,,,,,,,,,,,,,,,,,,,
TITAN MACHINERY INC COMMON STOCK USD.00001,TITN,COMMON STOCK,88830R101,US88830R1014,B29H3T5,476866.0,9399028.86,0.04,0,,INDUSTRIALS,UNITED STATES,AVUV,2026-02-27,,,,,,,,,,,,,,,,,,,,
EAGLE BANCORP INC COMMON STOCK USD.01,EGBN,COMMON STOCK,268948106,US2689481065,2648055,353861.0,9359623.45,0.04,0,,FINANCIALS,UNITED STATES,AVUV,2026-02-27,,,,,,,,,,,,,,,,,,,,
SONIC AUTOMOTIVE INC CLASS A COMMON STOCK USD.01,SAH,COMMON STOCK,83545G102,US83545G1022,2125246,149346.0,9346072.68,0.04,0,,CONSUMER DISCRETIONARY,UNITED STATES,AVUV,2026-02-27,,,,,,,,,,,,,,,,,,,,
HUDSON TECHNOLOGIES INC COMMON STOCK USD.01,HDSN,COMMON STOCK,444144109,US4441441098,2730532,1289005.0,9255055.9,0.04,0,,INDUSTRIALS,UNITED STATES,AVUV,2026-02-27,,,,,,,,,,,,,,,,,,,,
AXCELIS TECHNOLOGIES INC COMMON STOCK USD.001,ACLS,COMMON STOCK,054540208,US0545402085,BD420Q8,115392.0,9233667.84,0.04,0,,INFORMATION TECHNOLOGY,UNITED STATES,AVUV,2026-02-27,,,,,,,,,,,,,,,,,,,,
HOME BANCORP INC COMMON STOCK USD.01,HBCP,COMMON STOCK,43689E107,US43689E1073,B39XGV3,150533.0,9218640.92,0.04,0,,FINANCIALS,UNITED STATES,AVUV,2026-02-27,,,,,,,,,,,,,,,,,,,,
NORTHFIELD BANCORP INC COMMON STOCK USD.01,NFBK,COMMON STOCK,66611T108,US66611T1088,B8NB2R6,670733.0,9101846.81,0.04,0,,FINANCIALS,UNITED STATES,AVUV,2026-02-27,,,,,,,,,,,,,,,,,,,,
FLUOR CORP COMMON STOCK USD.01,FLR,COMMON STOCK,343412102,US3434121022,2696838,169822.0,9093968.1,0.04,0,,INDUSTRIALS,UNITED STATES,AVUV,2026-02-27,,,,,,,,,,,,,,,,,,,,
NORTHWEST BANCSHARES INC COMMON STOCK USD.01,NWBI,COMMON STOCK,667340103,US6673401039,B523Z73,699947.0,9043315.24,0.04,0,,FINANCIALS,UNITED STATES,AVUV,2026-02-27,,,,,,,,,,,,,,,,,,,,
FRONTIER GROUP HOLDINGS INC COMMON STOCK USD.001,ULCC,COMMON STOCK,35909R108,US35909R1086,BFMKYK0,1925974.0,8994298.58,0.04,0,,INDUSTRIALS,UNITED STATES,AVUV,2026-02-27,,,,,,,,,,,,,,,,,,,,
SIERRA BANCORP COMMON STOCK,BSRR,COMMON STOCK,82620P102,US82620P1021,2586315,240940.0,8950921.0,0.04,0,,FINANCIALS,UNITED STATES,AVUV,2026-02-27,,,,,,,,,,,,,,,,,,,,
GOLDEN ENTERTAINMENT INC COMMON STOCK USD.01,GDEN,COMMON STOCK,381013101,US3810131017,BYNH8R8,306320.0,8898596.0,0.04,0,,CONSUMER DISCRETIONARY,UNITED STATES,AVUV,2026-02-27,,,,,,,,,,,,,,,,,,,,
MATRIX SERVICE CO COMMON STOCK USD.01,MTRX,COMMON STOCK,576853105,US5768531056,2572068,782353.0,8871883.02,0.04,0,,INDUSTRIALS,UNITED STATES,AVUV,2026-02-27,,,,,,,,,,,,,,,,,,,,
AMC NETWORKS INC A COMMON STOCK,AMCX,COMMON STOCK,00164V103,US00164V1035,B4MG4Z6,1178803.0,8864598.56,0.04,0,,COMMUNICATION SERVICES,UNITED STATES,AVUV,2026-02-27,,,,,,,,,,,,,,,,,,,,
CAPITOL FEDERAL FINANCIAL IN COMMON STOCK USD.01,CFFN,COMMON STOCK,14057J101,US14057J1016,B3KWJV0,1176145.0,8809326.05,0.04,0,,FINANCIALS,UNITED STATES,AVUV,2026-02-27,,,,,,,,,,,,,,,,,,,,
INTREPID POTASH INC COMMON STOCK USD.001,IPI,COMMON STOCK,46121Y201,US46121Y2019,BMDNMT2,256866.0,8733444.0,0.04,0,,MATERIALS,UNITED STATES,AVUV,2026-02-27,,,,,,,,,,,,,,,,,,,,
FERROGLOBE PLC COMMON STOCK USD7.5,GSM,COMMON STOCK,G33856108,GB00BYW6GV68,BYW6GV6,1651046.0,8701012.42,0.04,0,,MATERIALS,UNITED STATES,AVUV,2026-02-27,,,,,,,,,,,,,,,,,,,,
RBB BANCORP COMMON STOCK,RBB,COMMON STOCK,74930B105,US74930B1052,B8BBRW8,387595.0,8693755.85,0.04,0,,FINANCIALS,UNITED STATES,AVUV,2026-02-27,,,,,,,,,,,,,,,,,,,,
SAFE BULKERS INC COMMON STOCK USD.001,SB,COMMON STOCK,Y7388L103,MHY7388L1039,B39GTS0,1341434.0,8638834.96,0.04,0,,INDUSTRIALS,UNITED STATES,AVUV,2026-02-27,,,,,,,,,,,,,,,,,,,,
ARHAUS INC COMMON STOCK USD.001,ARHS,COMMON STOCK,04035M102,US04035M1027,BNV08M7,1023918.0,8580432.84,0.04,0,,CONSUMER DISCRETIONARY,UNITED STATES,AVUV,2026-02-27,,,,,,,,,,,,,,,,,,,,
MOVADO GROUP INC COMMON STOCK USD.01,MOV,COMMON STOCK,624580106,US6245801062,2643168,332573.0,8483937.23,0.04,0,,CONSUMER DISCRETIONARY,UNITED STATES,AVUV,2026-02-27,,,,,,,,,,,,,,,,,,,,
INTERNATIONAL MONEY EXPRESS COMMON STOCK USD.0001,IMXI,COMMON STOCK,46005L101,US46005L1017,BG216W6,527332.0,8305479.0,0.03,0,,FINANCIALS,UNITED STATES,AVUV,2026-02-27,,,,,,,,,,,,,,,,,,,,
MASTERCRAFT BOAT HOLDINGS IN COMMON STOCK USD.01,MCFT,COMMON STOCK,57637H103,US57637H1032,BDTYR13,366529.0,8246902.5,0.03,0,,CONSUMER DISCRETIONARY,UNITED STATES,AVUV,2026-02-27,,,,,,,,,,,,,,,,,,,,
ATLANTICUS HOLDINGS CORP COMMON STOCK,ATLC,COMMON STOCK,04914Y102,US04914Y1029,B9B9F36,148251.0,8075973.23,0.03,0,,FINANCIALS,UNITED STATES,AVUV,2026-02-27,,,,,,,,,,,,,,,,,,,,
BEL FUSE INC CL B COMMON STOCK USD.1,BELFB,COMMON STOCK,077347300,US0773473006,2279897,34339.0,8058333.13,0.03,0,,INFORMATION TECHNOLOGY,UNITED STATES,AVUV,2026-02-27,,,,,,,,,,,,,,,,,,,,
GRAN TIERRA ENERGY INC COMMON STOCK USD.001,GTE,COMMON STOCK,38500T200,US38500T2006,BQ84Y47,1367692.0,8055705.88,0.03,0,,ENERGY,UNITED STATES,AVUV,2026-02-27,,,,,,,,,,,,,,,,,,,,
MID PENN BANCORP INC COMMON STOCK USD1.0,MPB,COMMON STOCK,59540G107,US59540G1076,2618348,236379.0,7902149.97,0.03,0,,FINANCIALS,UNITED STATES,AVUV,2026-02-27,,,,,,,,,,,,,,,,,,,,
VICTORY CAPITAL HOLDING   A COMMON STOCK USD.01,VCTR,COMMON STOCK,92645B103,US92645B1035,BFYVKR0,102097.0,7889035.19,0.03,0,,FINANCIALS,UNITED STATES,AVUV,2026-02-27,,,,,,,,,,,,,,,,,,,,
CAMDEN NATIONAL CORP COMMON STOCK,CAC,COMMON STOCK,133034108,US1330341082,2116659,160717.0,7752988.08,0.03,0,,FINANCIALS,UNITED STATES,AVUV,2026-02-27,,,,,,,,,,,,,,,,,,,,
NATIONAL HEALTHCARE CORP COMMON STOCK USD.01,NHC,COMMON STOCK,635906100,US6359061008,2139731,48192.0,7726623.36,0.03,0,,HEALTH CARE,UNITED STATES,AVUV,2026-02-27,,,,,,,,,,,,,,,,,,,,
SOUTHSIDE BANCSHARES INC COMMON STOCK USD1.25,SBSI,COMMON STOCK,84470P109,US84470P1093,2485876,239512.0,7714681.52,0.03,0,,FINANCIALS,UNITED STATES,AVUV,2026-02-27,,,,,,,,,,,,,,,,,,,,
VISHAY PRECISION GROUP COMMON STOCK,VPG,COMMON STOCK,92835K103,US92835K1034,B603LG3,155678.0,7520804.18,0.03,0,,INFORMATION TECHNOLOGY,UNITED STATES,AVUV,2026-02-27,,,,,,,,,,,,,,,,,,,,
CROSS COUNTRY HEALTHCARE INC COMMON STOCK USD.0001,CCRN,COMMON STOCK,227483104,US2274831047,2809056,838369.0,7486635.17,0.03,0,,HEALTH CARE,UNITED STATES,AVUV,2026-02-27,,,,,,,,,,,,,,,,,,,,
SIGA TECHNOLOGIES INC COMMON STOCK USD.0001,SIGA,COMMON STOCK,826917106,US8269171067,2107437,1093903.0,7438540.4,0.03,0,,HEALTH CARE,UNITED STATES,AVUV,2026-02-27,,,,,,,,,,,,,,,,,,,,
PENGUIN SOLUTIONS INC COMMON STOCK USD.01,PENG,COMMON STOCK,706915105,US7069151055,BRJHSZ1,357705.0,7397339.4,0.03,0,,INFORMATION TECHNOLOGY,UNITED STATES,AVUV,2026-02-27,,,,,,,,,,,,,,,,,,,,
SOUTHERN FIRST BANCSHARES COMMON STOCK USD.01,SFST,COMMON STOCK,842873101,US8428731017,2508030,120384.0,7353054.72,0.03,0,,FINANCIALS,UNITED STATES,AVUV,2026-02-27,,,,,,,,,,,,,,,,,,,,
PC CONNECTION INC COMMON STOCK USD.01,CNXN,COMMON STOCK,69318J100,US69318J1007,2157175,120783.0,7344814.23,0.03,0,,INFORMATION TECHNOLOGY,UNITED STATES,AVUV,2026-02-27,,,,,,,,,,,,,,,,,,,,
COLONY BANKCORP COMMON STOCK USD1.0,CBAN,COMMON STOCK,19623P101,US19623P1012,2492917,356821.0,7318398.71,0.03,0,,FINANCIALS,UNITED STATES,AVUV,2026-02-27,,,,,,,,,,,,,,,,,,,,
INTERDIGITAL INC COMMON STOCK USD.01,IDCC,COMMON STOCK,45867G101,US45867G1013,2465737,19079.0,7231322.58,0.03,0,,INFORMATION TECHNOLOGY,UNITED STATES,AVUV,2026-02-27,,,,,,,,,,,,,,,,,,,,
HBT FINANCIAL INC/DE COMMON STOCK USD.01,HBT,COMMON STOCK,404111106,US4041111067,BJBZRJ4,256724.0,7157465.12,0.03,0,,FINANCIALS,UNITED STATES,AVUV,2026-02-27,,,,,,,,,,,,,,,,,,,,
ACNB CORP COMMON STOCK USD2.5,ACNB,COMMON STOCK,000868109,US0008681092,2412012,137199.0,7020472.83,0.03,0,,FINANCIALS,UNITED STATES,AVUV,2026-02-27,,,,,,,,,,,,,,,,,,,,
REGIONAL MANAGEMENT CORP COMMON STOCK USD.1,RM,COMMON STOCK,75902K106,US75902K1060,B719DK5,212922.0,7009392.24,0.03,0,,FINANCIALS,UNITED STATES,AVUV,2026-02-27,,,,,,,,,,,,,,,,,,,,
CRICUT INC   CLASS A COMMON STOCK USD.001,CRCT,COMMON STOCK,22658D100,US22658D1000,BMXDS27,1585029.0,6894876.15,0.03,0,,CONSUMER DISCRETIONARY,UNITED STATES,AVUV,2026-02-27,,,,,,,,,,,,,,,,,,,,
TARGET HOSPITALITY CORP COMMON STOCK USD.0001,TH,COMMON STOCK,87615L107,US87615L1070,BJMYWL7,973019.0,6888974.52,0.03,0,,CONSUMER DISCRETIONARY,UNITED STATES,AVUV,2026-02-27,,,,,,,,,,,,,,,,,,,,
AMERANT BANCORP INC COMMON STOCK USD.1,AMTB,COMMON STOCK,023576101,US0235761014,BKDSMB5,310902.0,6874043.22,0.03,0,,FINANCIALS,UNITED STATES,AVUV,2026-02-27,,,,,,,,,,,,,,,,,,,,
LANDS  END INC COMMON STOCK USD.01,LE,COMMON STOCK,51509F105,US51509F1057,BKWQKM7,425778.0,6855025.8,0.03,0,,CONSUMER DISCRETIONARY,UNITED STATES,AVUV,2026-02-27,,,,,,,,,,,,,,,,,,,,
BAR HARBOR BANKSHARES COMMON STOCK USD2.0,BHB,COMMON STOCK,066849100,US0668491006,2618111,202299.0,6813430.32,0.03,0,,FINANCIALS,UNITED STATES,AVUV,2026-02-27,,,,,,,,,,,,,,,,,,,,
INSTEEL INDUSTRIES INC COMMON STOCK,IIIN,COMMON STOCK,45774W108,US45774W1080,2325875,177563.0,6717208.29,0.03,0,,INDUSTRIALS,UNITED STATES,AVUV,2026-02-27,,,,,,,,,,,,,,,,,,,,
ONITY GROUP INC COMMON STOCK USD.01,ONIT,COMMON STOCK,675746606,US6757466064,BMDNMR0,158580.0,6715863.0,0.03,0,,FINANCIALS,UNITED STATES,AVUV,2026-02-27,,,,,,,,,,,,,,,,,,,,
KELLY SERVICES INC  A COMMON STOCK USD1.0,KELYA,COMMON STOCK,488152208,US4881522084,2487117,717625.0,6702617.5,0.03,0,,INDUSTRIALS,UNITED STATES,AVUV,2026-02-27,,,,,,,,,,,,,,,,,,,,
AMERICAN COASTAL INSURANCE C COMMON STOCK USD.0001,ACIC,COMMON STOCK,910710102,US9107101027,B292PW7,593767.0,6691754.09,0.03,0,,FINANCIALS,UNITED STATES,AVUV,2026-02-27,,,,,,,,,,,,,,,,,,,,
TOWNE BANK COMMON STOCK USD1.667,TOWN,COMMON STOCK,89214P109,US89214P1093,B018PR4,189395.0,6640188.7,0.03,0,,FINANCIALS,UNITED STATES,AVUV,2026-02-27,,,,,,,,,,,,,,,,,,,,
METHODE ELECTRONICS INC COMMON STOCK USD.5,MEI,COMMON STOCK,591520200,US5915202007,2583297,724833.0,6588731.97,0.03,0,,INFORMATION TECHNOLOGY,UNITED STATES,AVUV,2026-02-27,,,,,,,,,,,,,,,,,,,,
SHOALS TECHNOLOGIES GROUP  A COMMON STOCK USD.00001,SHLS,COMMON STOCK,82489W107,US82489W1071,BMDJ085,960131.0,6576897.35,0.03,0,,INDUSTRIALS,UNITED STATES,AVUV,2026-02-27,,,,,,,,,,,,,,,,,,,,
AMPLIFY ENERGY CORP COMMON STOCK USD.01,AMPY,COMMON STOCK,03212B103,US03212B1035,BK598S5,1196323.0,6567813.27,0.03,0,,ENERGY,UNITED STATES,AVUV,2026-02-27,,,,,,,,,,,,,,,,,,,,
PROASSURANCE CORP COMMON STOCK USD.01,PRA,COMMON STOCK,74267C106,US74267C1062,2612737,265549.0,6524538.93,0.03,0,,FINANCIALS,UNITED STATES,AVUV,2026-02-27,,,,,,,,,,,,,,,,,,,,
WINTRUST FINANCIAL CORP COMMON STOCK,WTFC,COMMON STOCK,97650W108,US97650W1080,2425258,43419.0,6509376.48,0.03,0,,FINANCIALS,UNITED STATES,AVUV,2026-02-27,,,,,,,,,,,,,,,,,,,,
VAREX IMAGING CORP COMMON STOCK USD.01,VREX,COMMON STOCK,92214X106,US92214X1063,BDQYWV1,470963.0,6423935.32,0.03,0,,HEALTH CARE,UNITED STATES,AVUV,2026-02-27,,,,,,,,,,,,,,,,,,,,
FIRST BANK/HAMILTON NJ COMMON STOCK USD.01,FRBA,COMMON STOCK,31931U102,US31931U1025,B1VQ1H7,384900.0,6354699.0,0.03,0,,FINANCIALS,UNITED STATES,AVUV,2026-02-27,,,,,,,,,,,,,,,,,,,,
NAVIGATOR HOLDINGS LTD COMMON STOCK,NVGS,COMMON STOCK,Y62132108,MHY621321089,B7KN3P3,314709.0,6353974.71,0.03,0,,ENERGY,UNITED STATES,AVUV,2026-02-27,,,,,,,,,,,,,,,,,,,,
FLEXSTEEL INDS COMMON STOCK USD1.0,FLXS,COMMON STOCK,339382103,US3393821034,2342926,118051.0,6224829.23,0.03,0,,CONSUMER DISCRETIONARY,UNITED STATES,AVUV,2026-02-27,,,,,,,,,,,,,,,,,,,,
BK TECHNOLOGIES CORP COMMON STOCK USD.6,BKTI,COMMON STOCK,05587G203,US05587G2030,BM8NGX9,71444.0,6142755.12,0.03,0,,INFORMATION TECHNOLOGY,UNITED STATES,AVUV,2026-02-27,,,,,,,,,,,,,,,,,,,,
ORANGE COUNTY BANCORP INC COMMON STOCK USD.25,OBT,COMMON STOCK,68417L107,US68417L1070,B02VKG6,178823.0,6063887.93,0.03,0,,FINANCIALS,UNITED STATES,AVUV,2026-02-27,,,,,,,,,,,,,,,,,,,,
CORE LABORATORIES INC COMMON STOCK USD.01,CLB,COMMON STOCK,21867A105,US21867A1051,BNKT9M2,344510.0,6035815.2,0.03,0,,ENERGY,UNITED STATES,AVUV,2026-02-27,,,,,,,,,,,,,,,,,,,,
NORTHPOINTE BANCSHARES INC COMMON STOCK NPV,NPB,COMMON STOCK,66661N886,US66661N8864,BSNQ293,330463.0,5987989.56,0.03,0,,FINANCIALS,UNITED STATES,AVUV,2026-02-27,,,,,,,,,,,,,,,,,,,,
EQUITY BANCSHARES INC   CL A COMMON STOCK USD.01,EQBK,COMMON STOCK,29460X109,US29460X1090,BYZG9Q9,128676.0,5919096.0,0.02,0,,FINANCIALS,UNITED STATES,AVUV,2026-02-27,,,,,,,,,,,,,,,,,,,,
STONERIDGE INC COMMON STOCK,SRI,COMMON STOCK,86183P102,US86183P1021,2111977,723724.0,5898350.6,0.02,0,,CONSUMER DISCRETIONARY,UNITED STATES,AVUV,2026-02-27,,,,,,,,,,,,,,,,,,,,
JOHN B. SANFILIPPO + SON INC COMMON STOCK USD.01,JBSS,COMMON STOCK,800422107,US8004221078,2772998,71538.0,5893300.44,0.02,0,,CONSUMER STAPLES,UNITED STATES,AVUV,2026-02-27,,,,,,,,,,,,,,,,,,,,
RED RIVER BANCSHARES INC COMMON STOCK,RRBI,COMMON STOCK,75686R202,US75686R2022,BJRFD78,65342.0,5891888.14,0.02,0,,FINANCIALS,UNITED STATES,AVUV,2026-02-27,,,,,,,,,,,,,,,,,,,,
CITY HOLDING CO COMMON STOCK USD2.5,CHCO,COMMON STOCK,177835105,US1778351056,2161778,47931.0,5887364.73,0.02,0,,FINANCIALS,UNITED STATES,AVUV,2026-02-27,,,,,,,,,,,,,,,,,,,,
MOTORCAR PARTS OF AMERICA IN COMMON STOCK USD.01,MPAA,COMMON STOCK,620071100,US6200711009,2861993,538704.0,5801842.08,0.02,0,,CONSUMER DISCRETIONARY,UNITED STATES,AVUV,2026-02-27,,,,,,,,,,,,,,,,,,,,
NATIONAL ENERGY SERVICES REU COMMON STOCK,NESR,COMMON STOCK,G6375R107,VGG6375R1073,BYZLFM2,223725.0,5796714.75,0.02,0,,ENERGY,UNITED STATES,AVUV,2026-02-27,,,,,,,,,,,,,,,,,,,,
GREIF INC CL B COMMON STOCK,GEF.B,COMMON STOCK,397624206,US3976242061,2394080,65404.0,5793486.32,0.02,0,,MATERIALS,UNITED STATES,AVUV,2026-02-27,,,,,,,,,,,,,,,,,,,,
COMMUNITY WEST BANCSHARES COMMON STOCK,CWBC,COMMON STOCK,203937107,US2039371073,BNK9G76,241766.0,5756448.46,0.02,0,,FINANCIALS,UNITED STATES,AVUV,2026-02-27,,,,,,,,,,,,,,,,,,,,
TITAN AMERICA SA COMMON STOCK,TTAM,COMMON STOCK,B9151N105,BE6360403164,BNM4XQ7,304402.0,5664921.22,0.02,0,,MATERIALS,UNITED STATES,AVUV,2026-02-27,,,,,,,,,,,,,,,,,,,,
KURA ONCOLOGY INC COMMON STOCK USD.0001,KURA,COMMON STOCK,50127T109,US50127T1097,BYZD465,650091.0,5564778.96,0.02,0,,HEALTH CARE,UNITED STATES,AVUV,2026-02-27,,,,,,,,,,,,,,,,,,,,
FIRST MERCHANTS CORP COMMON STOCK,FRME,COMMON STOCK,320817109,US3208171096,2342410,134422.0,5528776.86,0.02,0,,FINANCIALS,UNITED STATES,AVUV,2026-02-27,,,,,,,,,,,,,,,,,,,,
ALERUS FINANCIAL CORP COMMON STOCK USD1.0,ALRS,COMMON STOCK,01446U103,US01446U1034,2679141,219627.0,5455534.68,0.02,0,,FINANCIALS,UNITED STATES,AVUV,2026-02-27,,,,,,,,,,,,,,,,,,,,
PANGAEA LOGISTICS SOLUTIONS COMMON STOCK USD.0001,PANL,COMMON STOCK,G6891L105,BMG6891L1054,BRGCNJ8,595608.0,5420032.8,0.02,0,,INDUSTRIALS,UNITED STATES,AVUV,2026-02-27,,,,,,,,,,,,,,,,,,,,
KARAT PACKAGING INC COMMON STOCK USD.001,KRT,COMMON STOCK,48563L101,US48563L1017,BKDZ6W5,218652.0,5409450.48,0.02,0,,INDUSTRIALS,UNITED STATES,AVUV,2026-02-27,,,,,,,,,,,,,,,,,,,,
DONEGAL GROUP INC CL A COMMON STOCK USD.01,DGICA,COMMON STOCK,257701201,US2577012014,2752730,302638.0,5353666.22,0.02,0,,FINANCIALS,UNITED STATES,AVUV,2026-02-27,,,,,,,,,,,,,,,,,,,,
WEST BANCORPORATION COMMON STOCK,WTBA,COMMON STOCK,95123P106,US95123P1066,2408840,213242.0,5324652.74,0.02,0,,FINANCIALS,UNITED STATES,AVUV,2026-02-27,,,,,,,,,,,,,,,,,,,,
PARK OHIO HOLDINGS CORP COMMON STOCK USD1.0,PKOH,COMMON STOCK,700666100,US7006661000,2671363,194582.0,5115560.78,0.02,0,,INDUSTRIALS,UNITED STATES,AVUV,2026-02-27,,,,,,,,,,,,,,,,,,,,
BKV CORPORATION COMMON STOCK USD.01,BKV,COMMON STOCK,05603J108,US05603J1088,BSRK6R7,169672.0,5090160.0,0.02,0,,ENERGY,UNITED STATES,AVUV,2026-02-27,,,,,,,,,,,,,,,,,,,,
MANPOWERGROUP INC COMMON STOCK USD.01,MAN,COMMON STOCK,56418H100,US56418H1005,2562490,196962.0,5087528.46,0.02,0,,INDUSTRIALS,UNITED STATES,AVUV,2026-02-27,,,,,,,,,,,,,,,,,,,,
NICOLET BANKSHARES INC COMMON STOCK USD.01,NIC,COMMON STOCK,65406E102,US65406E1029,2012865,31589.0,5070034.5,0.02,0,,FINANCIALS,UNITED STATES,AVUV,2026-02-27,,,,,,,,,,,,,,,,,,,,
GREENLIGHT CAPITAL RE LTD A COMMON STOCK USD.01,GLRE,COMMON STOCK,G4095J109,KYG4095J1094,B1XRCZ3,349861.0,4957530.37,0.02,0,,FINANCIALS,UNITED STATES,AVUV,2026-02-27,,,,,,,,,,,,,,,,,,,,
CONDUENT INC COMMON STOCK USD.01,CNDT,COMMON STOCK,206787103,US2067871036,BYWLRV8,3202249.0,4931463.46,0.02,0,,INDUSTRIALS,UNITED STATES,AVUV,2026-02-27,,,,,,,,,,,,,,,,,,,,
COSTAMARE BULKERS HOLDING COMMON STOCK USD.0001,CMDB,COMMON STOCK,Y2001C101,MHY2001C1012,BPK4SX5,263622.0,4837463.7,0.02,0,,INDUSTRIALS,UNITED STATES,AVUV,2026-02-27,,,,,,,,,,,,,,,,,,,,
BIOVENTUS INC   A COMMON STOCK USD.001,BVS,COMMON STOCK,09075A108,US09075A1088,BD6P6L2,536271.0,4692371.25,0.02,0,,HEALTH CARE,UNITED STATES,AVUV,2026-02-27,,,,,,,,,,,,,,,,,,,,
PRA GROUP INC COMMON STOCK USD.01,PRAA,COMMON STOCK,69354N106,US69354N1063,BSHZ3P9,400815.0,4689535.5,0.02,0,,FINANCIALS,UNITED STATES,AVUV,2026-02-27,,,,,,,,,,,,,,,,,,,,
MGP INGREDIENTS INC COMMON STOCK,MGPI,COMMON STOCK,55303J106,US55303J1060,B6ZJTH3,229138.0,4660666.92,0.02,0,,CONSUMER STAPLES,UNITED STATES,AVUV,2026-02-27,,,,,,,,,,,,,,,,,,,,
TREX COMPANY INC COMMON STOCK USD.01,TREX,COMMON STOCK,89531P105,US89531P1057,2483074,111188.0,4636539.6,0.02,0,,INDUSTRIALS,UNITED STATES,AVUV,2026-02-27,,,,,,,,,,,,,,,,,,,,
BLOOMIN  BRANDS INC COMMON STOCK USD.01,BLMN,COMMON STOCK,094235108,US0942351083,B847RJ0,800900.0,4573139.0,0.02,0,,CONSUMER DISCRETIONARY,UNITED STATES,AVUV,2026-02-27,,,,,,,,,,,,,,,,,,,,
AERSALE CORP COMMON STOCK USD.0001,ASLE,COMMON STOCK,00810F106,US00810F1066,BN2RY85,595149.0,4570744.32,0.02,0,,INDUSTRIALS,UNITED STATES,AVUV,2026-02-27,,,,,,,,,,,,,,,,,,,,
CAPITAL BANCORP INC/MD COMMON STOCK USD.01,CBNK,COMMON STOCK,139737100,US1397371006,BGQT8S6,148908.0,4541694.0,0.02,0,,FINANCIALS,UNITED STATES,AVUV,2026-02-27,,,,,,,,,,,,,,,,,,,,
BEAZER HOMES USA INC COMMON STOCK USD.001,BZH,COMMON STOCK,07556Q881,US07556Q8814,B8KHZT0,172645.0,4492222.9,0.02,0,,CONSUMER DISCRETIONARY,UNITED STATES,AVUV,2026-02-27,,,,,,,,,,,,,,,,,,,,
MYERS INDUSTRIES INC COMMON STOCK,MYE,COMMON STOCK,628464109,US6284641098,2613086,196331.0,4474383.49,0.02,0,,MATERIALS,UNITED STATES,AVUV,2026-02-27,,,,,,,,,,,,,,,,,,,,
VELOCITY FINANCIAL INC COMMON STOCK,VEL,COMMON STOCK,92262D101,US92262D1019,BKFVZS0,235608.0,4420006.08,0.02,0,,FINANCIALS,UNITED STATES,AVUV,2026-02-27,,,,,,,,,,,,,,,,,,,,
FIRSTSUN CAPITAL BANCORP COMMON STOCK,FSUN,COMMON STOCK,33767U107,US33767U1079,BPQYJV4,114232.0,4388793.44,0.02,0,,FINANCIALS,UNITED STATES,AVUV,2026-02-27,,,,,,,,,,,,,,,,,,,,
KINGSTONE COS INC COMMON STOCK USD.01,KINS,COMMON STOCK,496719105,US4967191051,B02NVQ9,259951.0,4328184.15,0.02,0,,FINANCIALS,UNITED STATES,AVUV,2026-02-27,,,,,,,,,,,,,,,,,,,,
RCI HOSPITALITY HOLDINGS INC COMMON STOCK USD.01,RICK,COMMON STOCK,74934Q108,US74934Q1085,BQ0QT80,191413.0,4287651.2,0.02,0,,CONSUMER DISCRETIONARY,UNITED STATES,AVUV,2026-02-27,,,,,,,,,,,,,,,,,,,,
SPROUTS FARMERS MARKET INC COMMON STOCK USD.001,SFM,COMMON STOCK,85208M102,US85208M1027,BCGCR79,56484.0,4164565.32,0.02,0,,CONSUMER STAPLES,UNITED STATES,AVUV,2026-02-27,,,,,,,,,,,,,,,,,,,,
AVIAT NETWORKS INC COMMON STOCK USD.01,AVNW,COMMON STOCK,05366Y201,US05366Y2019,BZ9NWS6,166387.0,4114750.51,0.02,0,,INFORMATION TECHNOLOGY,UNITED STATES,AVUV,2026-02-27,,,,,,,,,,,,,,,,,,,,
CIVISTA BANCSHARES INC COMMON STOCK,CIVB,COMMON STOCK,178867107,US1788671071,BWT3JH3,167724.0,4100851.8,0.02,0,,FINANCIALS,UNITED STATES,AVUV,2026-02-27,,,,,,,,,,,,,,,,,,,,
FOSSIL GROUP INC COMMON STOCK USD.01,FOSL,COMMON STOCK,34988V106,US34988V1061,BBGT609,844889.0,4089262.76,0.02,0,,CONSUMER DISCRETIONARY,UNITED STATES,AVUV,2026-02-27,,,,,,,,,,,,,,,,,,,,
CALIFORNIA BANCORP COMMON STOCK USD.01,BCAL,COMMON STOCK,84252A106,US84252A1060,BLBCWZ0,216357.0,4084820.16,0.02,0,,FINANCIALS,UNITED STATES,AVUV,2026-02-27,,,,,,,,,,,,,,,,,,,,
UNIVERSAL LOGISTICS HOLDINGS COMMON STOCK,ULH,COMMON STOCK,91388P105,US91388P1057,B066PX9,264344.0,4078827.92,0.02,0,,INDUSTRIALS,UNITED STATES,AVUV,2026-02-27,,,,,,,,,,,,,,,,,,,,
BANKWELL FINANCIAL GROUP INC COMMON STOCK,BWFG,COMMON STOCK,06654A103,US06654A1034,BCRXSS9,84406.0,4061616.72,0.02,0,,FINANCIALS,UNITED STATES,AVUV,2026-02-27,,,,,,,,,,,,,,,,,,,,
MAYVILLE ENGINEERING CO INC COMMON STOCK,MEC,COMMON STOCK,578605107,US5786051079,BJLD0Y4,192774.0,4055964.96,0.02,0,,INDUSTRIALS,UNITED STATES,AVUV,2026-02-27,,,,,,,,,,,,,,,,,,,,
JOHNSON OUTDOORS INC A COMMON STOCK USD.05,JOUT,COMMON STOCK,479167108,US4791671088,2476847,79194.0,4042061.76,0.02,0,,CONSUMER DISCRETIONARY,UNITED STATES,AVUV,2026-02-27,,,,,,,,,,,,,,,,,,,,
PERMA PIPE INTERNATIONAL HOL COMMON STOCK USD.01,PPIH,COMMON STOCK,714167103,US7141671039,BDD0V60,120482.0,3981327.69,0.02,0,,INDUSTRIALS,UNITED STATES,AVUV,2026-02-27,,,,,,,,,,,,,,,,,,,,
PEOPLES FINANCIAL SERVICES COMMON STOCK USD2.0,PFIS,COMMON STOCK,711040105,US7110401053,2956907,70968.0,3948659.52,0.02,0,,FINANCIALS,UNITED STATES,AVUV,2026-02-27,,,,,,,,,,,,,,,,,,,,
EVOLUTION PETROLEUM CORP COMMON STOCK USD.001,EPM,COMMON STOCK,30049A107,US30049A1079,2367781,908916.0,3944695.44,0.02,0,,ENERGY,UNITED STATES,AVUV,2026-02-27,,,,,,,,,,,,,,,,,,,,
KFORCE INC COMMON STOCK USD.01,KFRC,COMMON STOCK,493732101,US4937321010,2746982,144808.0,3783833.04,0.02,0,,INDUSTRIALS,UNITED STATES,AVUV,2026-02-27,,,,,,,,,,,,,,,,,,,,
JEFFERSON CAPITAL INC COMMON STOCK USD.0001,JCAP,COMMON STOCK,47248R103,US47248R1032,BV4K5N0,180254.0,3697009.54,0.02,0,,FINANCIALS,UNITED STATES,AVUV,2026-02-27,,,,,,,,,,,,,,,,,,,,
CORE MOLDING TECHNOLOGIES IN COMMON STOCK USD.01,CMT,COMMON STOCK,218683100,US2186831002,2761123,188722.0,3664981.24,0.02,0,,MATERIALS,UNITED STATES,AVUV,2026-02-27,,,,,,,,,,,,,,,,,,,,
QUANEX BUILDING PRODUCTS COMMON STOCK USD.01,NX,COMMON STOCK,747619104,US7476191041,B2QXCJ9,173410.0,3638141.8,0.02,0,,INDUSTRIALS,UNITED STATES,AVUV,2026-02-27,,,,,,,,,,,,,,,,,,,,
FIRST UNITED CORP COMMON STOCK USD.01,FUNC,COMMON STOCK,33741H107,US33741H1077,2420736,97066.0,3560380.88,0.01,0,,FINANCIALS,UNITED STATES,AVUV,2026-02-27,,,,,,,,,,,,,,,,,,,,
JELD WEN HOLDING INC COMMON STOCK USD.01,JELD,COMMON STOCK,47580P103,US47580P1030,BYM4WL2,1815753.0,3558875.88,0.01,0,,INDUSTRIALS,UNITED STATES,AVUV,2026-02-27,,,,,,,,,,,,,,,,,,,,
MANITOWOC COMPANY INC COMMON STOCK USD.01,MTW,COMMON STOCK,563571405,US5635714059,BDFCGV4,241544.0,3548281.36,0.01,0,,INDUSTRIALS,UNITED STATES,AVUV,2026-02-27,,,,,,,,,,,,,,,,,,,,
INFUSYSTEM HOLDINGS INC COMMON STOCK USD.0001,INFU,COMMON STOCK,45685K102,US45685K1025,B17FVR8,406944.0,3483440.64,0.01,0,,HEALTH CARE,UNITED STATES,AVUV,2026-02-27,,,,,,,,,,,,,,,,,,,,
NB BANCORP INC COMMON STOCK USD.01,NBBK,COMMON STOCK,63945M107,US63945M1071,BQT2053,156656.0,3482462.88,0.01,0,,FINANCIALS,UNITED STATES,AVUV,2026-02-27,,,,,,,,,,,,,,,,,,,,
PROFRAC HOLDING CORP A COMMON STOCK USD.01,ACDC,COMMON STOCK,74319N100,US74319N1000,BPCJW03,690782.0,3453910.0,0.01,0,,ENERGY,UNITED STATES,AVUV,2026-02-27,,,,,,,,,,,,,,,,,,,,
STOCK YARDS BANCORP INC COMMON STOCK,SYBT,COMMON STOCK,861025104,US8610251048,BLY2FB4,51600.0,3445848.0,0.01,0,,FINANCIALS,UNITED STATES,AVUV,2026-02-27,,,,,,,,,,,,,,,,,,,,
USANA HEALTH SCIENCES INC COMMON STOCK USD.001,USNA,COMMON STOCK,90328M107,US90328M1071,2267698,160526.0,3412782.76,0.01,0,,CONSUMER STAPLES,UNITED STATES,AVUV,2026-02-27,,,,,,,,,,,,,,,,,,,,
HAMILTON BEACH BRAND A COMMON STOCK USD.01,HBB,COMMON STOCK,40701T104,US40701T1043,BF22688,171861.0,3404566.41,0.01,0,,CONSUMER DISCRETIONARY,UNITED STATES,AVUV,2026-02-27,,,,,,,,,,,,,,,,,,,,
WATERSTONE FINANCIAL INC COMMON STOCK USD.01,WSBF,COMMON STOCK,94188P101,US94188P1012,BJ7BVV6,185953.0,3389923.19,0.01,0,,FINANCIALS,UNITED STATES,AVUV,2026-02-27,,,,,,,,,,,,,,,,,,,,
PARKE BANCORP INC COMMON STOCK USD.1,PKBK,COMMON STOCK,700885106,US7008851062,2095145,112316.0,3216730.24,0.01,0,,FINANCIALS,UNITED STATES,AVUV,2026-02-27,,,,,,,,,,,,,,,,,,,,
ORION GROUP HOLDINGS INC COMMON STOCK USD.01,ORN,COMMON STOCK,68628V308,US68628V3087,B1WTHL1,226937.0,3190734.22,0.01,0,,INDUSTRIALS,UNITED STATES,AVUV,2026-02-27,,,,,,,,,,,,,,,,,,,,
SUPERIOR GROUP OF COS INC COMMON STOCK,SGC,COMMON STOCK,868358102,US8683581024,2864301,318544.0,3188625.44,0.01,0,,CONSUMER DISCRETIONARY,UNITED STATES,AVUV,2026-02-27,,,,,,,,,,,,,,,,,,,,
KNOWLES CORP COMMON STOCK USD.01,KN,COMMON STOCK,49926D109,US49926D1090,BJTD9L6,110189.0,3138182.72,0.01,0,,INFORMATION TECHNOLOGY,UNITED STATES,AVUV,2026-02-27,,,,,,,,,,,,,,,,,,,,
SAFETY INSURANCE GROUP INC COMMON STOCK USD.01,SAFT,COMMON STOCK,78648T100,US78648T1007,2958538,39719.0,3116352.74,0.01,0,,FINANCIALS,UNITED STATES,AVUV,2026-02-27,,,,,,,,,,,,,,,,,,,,
SMITH + WESSON BRANDS INC COMMON STOCK USD.001,SWBI,COMMON STOCK,831754106,US8317541063,BMYGG87,264558.0,3111202.08,0.01,0,,CONSUMER DISCRETIONARY,UNITED STATES,AVUV,2026-02-27,,,,,,,,,,,,,,,,,,,,
GCI LIBERTY INC CL A COMMON STOCK,GLIBA,COMMON STOCK,36164V602,US36164V6020,BRJW0F0,78566.0,3084501.16,0.01,0,,COMMUNICATION SERVICES,UNITED STATES,AVUV,2026-02-27,,,,,,,,,,,,,,,,,,,,
FS BANCORP INC COMMON STOCK USD.01,FSBW,COMMON STOCK,30263Y104,US30263Y1047,B4Z5FD5,74556.0,3076180.56,0.01,0,,FINANCIALS,UNITED STATES,AVUV,2026-02-27,,,,,,,,,,,,,,,,,,,,
BANK7 CORP COMMON STOCK USD.01,BSVN,COMMON STOCK,06652N107,US06652N1072,BFMN421,72118.0,3064293.82,0.01,0,,FINANCIALS,UNITED STATES,AVUV,2026-02-27,,,,,,,,,,,,,,,,,,,,
HARMONIC INC COMMON STOCK USD.001,HLIT,COMMON STOCK,413160102,US4131601027,2510659,296111.0,3061787.74,0.01,0,,INFORMATION TECHNOLOGY,UNITED STATES,AVUV,2026-02-27,,,,,,,,,,,,,,,,,,,,
GALAXY DIGITAL INC A COMMON STOCK,GLXY,COMMON STOCK,36317J209,US36317J2096,BV97X10,132023.0,3014085.09,0.01,0,,FINANCIALS,UNITED STATES,AVUV,2026-02-27,,,,,,,,,,,,,,,,,,,,
MERIDIAN CORP COMMON STOCK,MRBK,COMMON STOCK,58958P104,US58958P1049,BF5R077,150836.0,3001636.4,0.01,0,,FINANCIALS,UNITED STATES,AVUV,2026-02-27,,,,,,,,,,,,,,,,,,,,
AMERICAN INTEGRITY INSURANCE COMMON STOCK USD.001,AII,COMMON STOCK,026948109,US0269481091,BTRVNC1,146603.0,2942322.21,0.01,0,,FINANCIALS,UNITED STATES,AVUV,2026-02-27,,,,,,,,,,,,,,,,,,,,
EAGLE MATERIALS INC COMMON STOCK USD.01,EXP,COMMON STOCK,26969P108,US26969P1084,2191399,12819.0,2849279.13,0.01,0,,MATERIALS,UNITED STATES,AVUV,2026-02-27,,,,,,,,,,,,,,,,,,,,
RENASANT CORP COMMON STOCK USD5.0,RNST,COMMON STOCK,75970E107,US75970E1073,2670809,68427.0,2709024.93,0.01,0,,FINANCIALS,UNITED STATES,AVUV,2026-02-27,,,,,,,,,,,,,,,,,,,,
BAYCOM CORP COMMON STOCK,BCML,COMMON STOCK,07272M107,US07272M1071,BYSTY59,88169.0,2682982.67,0.01,0,,FINANCIALS,UNITED STATES,AVUV,2026-02-27,,,,,,,,,,,,,,,,,,,,
C + F FINANCIAL CORP COMMON STOCK USD1.0,CFFI,COMMON STOCK,12466Q104,US12466Q1040,2494515,34255.0,2649624.25,0.01,0,,FINANCIALS,UNITED STATES,AVUV,2026-02-27,,,,,,,,,,,,,,,,,,,,
GIGACLOUD TECHNOLOGY INC   A COMMON STOCK USD.05,GCT,COMMON STOCK,G38644103,KYG386441037,BP0WTV4,74941.0,2646166.71,0.01,0,,CONSUMER DISCRETIONARY,UNITED STATES,AVUV,2026-02-27,,,,,,,,,,,,,,,,,,,,
JAKKS PACIFIC INC COMMON STOCK USD.001,JAKK,COMMON STOCK,47012E403,US47012E4035,BN2R7Z3,116958.0,2617520.04,0.01,0,,CONSUMER DISCRETIONARY,UNITED STATES,AVUV,2026-02-27,,,,,,,,,,,,,,,,,,,,
CENTURY ALUMINUM COMPANY COMMON STOCK USD.01,CENX,COMMON STOCK,156431108,US1564311082,2186254,47981.0,2543952.62,0.01,0,,MATERIALS,UNITED STATES,AVUV,2026-02-27,,,,,,,,,,,,,,,,,,,,
INVESTAR HOLDING CORP COMMON STOCK USD1.0,ISTR,COMMON STOCK,46134L105,US46134L1052,BNGY4R1,87101.0,2531155.06,0.01,0,,FINANCIALS,UNITED STATES,AVUV,2026-02-27,,,,,,,,,,,,,,,,,,,,
ESPEY MFG + ELECTRONICS CORP COMMON STOCK USD.333,ESP,COMMON STOCK,296650104,US2966501049,2321679,43059.0,2518951.5,0.01,0,,INDUSTRIALS,UNITED STATES,AVUV,2026-02-27,,,,,,,,,,,,,,,,,,,,
INNOVATIVE SOLUTIONS + SUPP COMMON STOCK USD.001,ISSC,COMMON STOCK,45769N105,US45769N1054,2616397,99112.0,2501586.88,0.01,0,,INDUSTRIALS,UNITED STATES,AVUV,2026-02-27,,,,,,,,,,,,,,,,,,,,
CLEARWATER PAPER CORP COMMON STOCK USD.0001,CLW,COMMON STOCK,18538R103,US18538R1032,B3K9Z35,174874.0,2488457.02,0.01,0,,MATERIALS,UNITED STATES,AVUV,2026-02-27,,,,,,,,,,,,,,,,,,,,
VIRCO MFG CORPORATION COMMON STOCK USD.01,VIRC,COMMON STOCK,927651109,US9276511097,2929705,389449.0,2484684.62,0.01,0,,INDUSTRIALS,UNITED STATES,AVUV,2026-02-27,,,,,,,,,,,,,,,,,,,,
DOUGLAS DYNAMICS INC COMMON STOCK USD.01,PLOW,COMMON STOCK,25960R105,US25960R1059,B3N5WD9,53858.0,2483930.96,0.01,0,,INDUSTRIALS,UNITED STATES,AVUV,2026-02-27,,,,,,,,,,,,,,,,,,,,
FINANCE OF AMERICA COS INC A COMMON STOCK USD.0001,FOA,COMMON STOCK,31738L206,US31738L2060,BT06V07,125801.0,2466957.61,0.01,0,,FINANCIALS,UNITED STATES,AVUV,2026-02-27,,,,,,,,,,,,,,,,,,,,
PCB BANCORP COMMON STOCK,PCB,COMMON STOCK,69320M109,US69320M1099,BKLTT20,106449.0,2455778.43,0.01,0,,FINANCIALS,UNITED STATES,AVUV,2026-02-27,,,,,,,,,,,,,,,,,,,,
ASPEN AEROGELS INC COMMON STOCK USD.00001,ASPN,COMMON STOCK,04523Y105,US04523Y1055,BN65SM7,927929.0,2384777.53,0.01,0,,MATERIALS,UNITED STATES,AVUV,2026-02-27,,,,,,,,,,,,,,,,,,,,
ASCENT INDUSTRIES CO COMMON STOCK USD1.0,ACNT,COMMON STOCK,871565107,US8715651076,2867805,137261.0,2367752.25,0.01,0,,MATERIALS,UNITED STATES,AVUV,2026-02-27,,,,,,,,,,,,,,,,,,,,
ZUMIEZ INC COMMON STOCK,ZUMZ,COMMON STOCK,989817101,US9898171015,B081QB7,90088.0,2363909.12,0.01,0,,CONSUMER DISCRETIONARY,UNITED STATES,AVUV,2026-02-27,,,,,,,,,,,,,,,,,,,,
TAYLOR DEVICES INC COMMON STOCK USD.025,TAYD,COMMON STOCK,877163105,US8771631053,2877127,27768.0,2359446.96,0.01,0,,INDUSTRIALS,UNITED STATES,AVUV,2026-02-27,,,,,,,,,,,,,,,,,,,,
NETGEAR INC COMMON STOCK USD.001,NTGR,COMMON STOCK,64111Q104,US64111Q1040,2688363,111579.0,2308569.51,0.01,0,,INFORMATION TECHNOLOGY,UNITED STATES,AVUV,2026-02-27,,,,,,,,,,,,,,,,,,,,
FIRST COMMUNITY CORP COMMON STOCK USD1.0,FCCO,COMMON STOCK,319835104,US3198351047,2863074,75987.0,2280369.87,0.01,0,,FINANCIALS,UNITED STATES,AVUV,2026-02-27,,,,,,,,,,,,,,,,,,,,
WINNEBAGO INDUSTRIES COMMON STOCK USD.5,WGO,COMMON STOCK,974637100,US9746371007,2972721,53462.0,2257165.64,0.01,0,,CONSUMER DISCRETIONARY,UNITED STATES,AVUV,2026-02-27,,,,,,,,,,,,,,,,,,,,
SUMMIT MIDSTREAM CORP COMMON STOCK USD.01,SMC,COMMON STOCK,86614G101,US86614G1013,BNM9H26,77897.0,2246549.48,0.01,0,,ENERGY,UNITED STATES,AVUV,2026-02-27,,,,,,,,,,,,,,,,,,,,
FARMERS NATL BANC CORP COMMON STOCK,FMNB,COMMON STOCK,309627107,US3096271073,B019BK2,167320.0,2228702.4,0.01,0,,FINANCIALS,UNITED STATES,AVUV,2026-02-27,,,,,,,,,,,,,,,,,,,,
N B T BANCORP INC COMMON STOCK USD.01,NBTB,COMMON STOCK,628778102,US6287781024,2626459,48941.0,2212622.61,0.01,0,,FINANCIALS,UNITED STATES,AVUV,2026-02-27,,,,,,,,,,,,,,,,,,,,
WESBANCO INC COMMON STOCK USD2.0833,WSBC,COMMON STOCK,950810101,US9508101014,2953782,60633.0,2205828.54,0.01,0,,FINANCIALS,UNITED STATES,AVUV,2026-02-27,,,,,,,,,,,,,,,,,,,,
FUTUREFUEL CORP COMMON STOCK USD.0001,FF,COMMON STOCK,36116M106,US36116M1062,B3BBRD4,481188.0,2112415.32,0.01,0,,ENERGY,UNITED STATES,AVUV,2026-02-27,,,,,,,,,,,,,,,,,,,,
ONESPAN INC COMMON STOCK USD.001,OSPN,COMMON STOCK,68287N100,US68287N1000,BFNSSD4,189014.0,2105615.96,0.01,0,,INFORMATION TECHNOLOGY,UNITED STATES,AVUV,2026-02-27,,,,,,,,,,,,,,,,,,,,
LAKELAND FINANCIAL CORP COMMON STOCK,LKFN,COMMON STOCK,511656100,US5116561003,2537528,35445.0,2103306.3,0.01,0,,FINANCIALS,UNITED STATES,AVUV,2026-02-27,,,,,,,,,,,,,,,,,,,,
NACCO INDUSTRIES CL A COMMON STOCK USD1.0,NC,COMMON STOCK,629579103,US6295791031,2616977,35578.0,2098746.22,0.01,0,,ENERGY,UNITED STATES,AVUV,2026-02-27,,,,,,,,,,,,,,,,,,,,
FRANKLIN FINANCIAL SERVICES COMMON STOCK USD1.0,FRAF,COMMON STOCK,353525108,US3535251082,B019C32,39586.0,2071535.38,0.01,0,,FINANCIALS,UNITED STATES,AVUV,2026-02-27,,,,,,,,,,,,,,,,,,,,
DOUGLAS ELLIMAN INC COMMON STOCK,DOUG,COMMON STOCK,25961D105,US25961D1054,BNZHLY7,888761.0,1981937.03,0.01,0,,REAL ESTATE,UNITED STATES,AVUV,2026-02-27,,,,,,,,,,,,,,,,,,,,
FOSTER (LB) CO A COMMON STOCK USD.01,FSTR,COMMON STOCK,350060109,US3500601097,2348225,61455.0,1933374.3,0.01,0,,INDUSTRIALS,UNITED STATES,AVUV,2026-02-27,,,,,,,,,,,,,,,,,,,,
MEDIFAST INC COMMON STOCK USD.001,MED,COMMON STOCK,58470H101,US58470H1014,2934033,179891.0,1915839.15,0.01,0,,CONSUMER STAPLES,UNITED STATES,AVUV,2026-02-27,,,,,,,,,,,,,,,,,,,,
ANI PHARMACEUTICALS INC COMMON STOCK USD.0001,ANIP,COMMON STOCK,00182C103,US00182C1036,BCDWBX6,25063.0,1912306.9,0.01,0,,HEALTH CARE,UNITED STATES,AVUV,2026-02-27,,,,,,,,,,,,,,,,,,,,
CIRRUS LOGIC INC COMMON STOCK USD.001,CRUS,COMMON STOCK,172755100,US1727551004,2197308,13017.0,1868850.69,0.01,0,,INFORMATION TECHNOLOGY,UNITED STATES,AVUV,2026-02-27,,,,,,,,,,,,,,,,,,,,
KEARNY FINANCIAL CORP/MD COMMON STOCK USD.01,KRNY,COMMON STOCK,48716P108,US48716P1084,BY3H7G0,232339.0,1851741.83,0.01,0,,FINANCIALS,UNITED STATES,AVUV,2026-02-27,,,,,,,,,,,,,,,,,,,,
MEDALLION FINANCIAL CORP COMMON STOCK USD.01,MFIN,COMMON STOCK,583928106,US5839281061,2580447,181711.0,1846183.76,0.01,0,,FINANCIALS,UNITED STATES,AVUV,2026-02-27,,,,,,,,,,,,,,,,,,,,
CITIZENS FINANCIAL SERVICES COMMON STOCK USD1.0,CZFS,COMMON STOCK,174615104,US1746151042,2651592,29291.0,1819849.83,0.01,0,,FINANCIALS,UNITED STATES,AVUV,2026-02-27,,,,,,,,,,,,,,,,,,,,
CHOICEONE FINANCIAL SVCS INC COMMON STOCK,COFS,COMMON STOCK,170386106,US1703861062,2713395,61668.0,1818589.32,0.01,0,,FINANCIALS,UNITED STATES,AVUV,2026-02-27,,,,,,,,,,,,,,,,,,,,
AMERICAN VANGUARD CORP COMMON STOCK USD.1,AVD,COMMON STOCK,030371108,US0303711081,2025711,365537.0,1794786.67,0.01,0,,MATERIALS,UNITED STATES,AVUV,2026-02-27,,,,,,,,,,,,,,,,,,,,
FUNKO INC CLASS A COMMON STOCK USD.0001,FNKO,COMMON STOCK,361008105,US3610081057,BF329J9,351592.0,1793119.2,0.01,0,,CONSUMER DISCRETIONARY,UNITED STATES,AVUV,2026-02-27,,,,,,,,,,,,,,,,,,,,
FIRST FINANCIAL BANCORP COMMON STOCK,FFBC,COMMON STOCK,320209109,US3202091092,2352806,60898.0,1791010.18,0.01,0,,FINANCIALS,UNITED STATES,AVUV,2026-02-27,,,,,,,,,,,,,,,,,,,,
MARINEMAX INC COMMON STOCK USD.001,HZO,COMMON STOCK,567908108,US5679081084,2250353,57389.0,1779059.0,0.01,0,,CONSUMER DISCRETIONARY,UNITED STATES,AVUV,2026-02-27,,,,,,,,,,,,,,,,,,,,
MERCER INTERNATIONAL INC COMMON STOCK USD1.0,MERC,COMMON STOCK,588056101,US5880561015,2053024,941345.0,1760315.15,0.01,0,,MATERIALS,UNITED STATES,AVUV,2026-02-27,,,,,,,,,,,,,,,,,,,,
ACME UNITED CORP COMMON STOCK USD2.5,ACU,COMMON STOCK,004816104,US0048161048,2006329,37492.0,1704761.24,0.01,0,,HEALTH CARE,UNITED STATES,AVUV,2026-02-27,,,,,,,,,,,,,,,,,,,,
CITI TRENDS INC COMMON STOCK USD.01,CTRN,COMMON STOCK,17306X102,US17306X1028,B06FLD8,36236.0,1697656.6,0.01,0,,CONSUMER DISCRETIONARY,UNITED STATES,AVUV,2026-02-27,,,,,,,,,,,,,,,,,,,,
TRUEBLUE INC COMMON STOCK,TBI,COMMON STOCK,89785X101,US89785X1019,2519849,445026.0,1691098.8,0.01,0,,INDUSTRIALS,UNITED STATES,AVUV,2026-02-27,,,,,,,,,,,,,,,,,,,,
FIRST INTERNET BANCORP COMMON STOCK,INBK,COMMON STOCK,320557101,US3205571017,B0406N0,80662.0,1668896.78,0.01,0,,FINANCIALS,UNITED STATES,AVUV,2026-02-27,,,,,,,,,,,,,,,,,,,,
ACACIA RESEARCH CORP COMMON STOCK USD.001,ACTG,COMMON STOCK,003881307,US0038813079,2169589,409042.0,1664800.94,0.01,0,,FINANCIALS,UNITED STATES,AVUV,2026-02-27,,,,,,,,,,,,,,,,,,,,
KEWAUNEE SCIENTIFIC CP COMMON STOCK USD2.5,KEQU,COMMON STOCK,492854104,US4928541048,2490728,39742.0,1663997.54,0.01,0,,HEALTH CARE,UNITED STATES,AVUV,2026-02-27,,,,,,,,,,,,,,,,,,,,
CARECLOUD INC COMMON STOCK USD.001,CCLD,COMMON STOCK,14167R100,US14167R1005,BKP32B8,659380.0,1661637.6,0.01,0,,HEALTH CARE,UNITED STATES,AVUV,2026-02-27,,,,,,,,,,,,,,,,,,,,
OPORTUN FINANCIAL CORP COMMON STOCK USD.0001,OPRT,COMMON STOCK,68376D104,US68376D1046,BKTC5L2,294852.0,1624634.52,0.01,0,,FINANCIALS,UNITED STATES,AVUV,2026-02-27,,,,,,,,,,,,,,,,,,,,
COHEN + STEERS INC COMMON STOCK USD.01,CNS,COMMON STOCK,19247A100,US19247A1007,B02H882,23607.0,1596069.27,0.01,0,,FINANCIALS,UNITED STATES,AVUV,2026-02-27,,,,,,,,,,,,,,,,,,,,
MVB FINANCIAL CORP COMMON STOCK USD1.0,MVBF,COMMON STOCK,553810102,US5538101024,B00BYZ5,56970.0,1594590.3,0.01,0,,FINANCIALS,UNITED STATES,AVUV,2026-02-27,,,,,,,,,,,,,,,,,,,,
RAMACO RESOURCES INC B COMMON STOCK,METCB,COMMON STOCK,75134P501,US75134P5017,BRXYZ79,121841.0,1584542.21,0.01,0,,MATERIALS,UNITED STATES,AVUV,2026-02-27,,,,,,,,,,,,,,,,,,,,
TIPTREE INC COMMON STOCK USD.001,TIPT,COMMON STOCK,88822Q103,US88822Q1031,BC30V41,92795.0,1571019.35,0.01,0,,FINANCIALS,UNITED STATES,AVUV,2026-02-27,,,,,,,,,,,,,,,,,,,,
PRIMEENERGY RESOURCES CORP COMMON STOCK USD.1,PNRG,COMMON STOCK,74158E104,US74158E1047,2480365,8540.0,1570506.0,0.01,0,,ENERGY,UNITED STATES,AVUV,2026-02-27,,,,,,,,,,,,,,,,,,,,
HINGHAM INSTITUTION FOR SVGS COMMON STOCK USD1.0,HIFS,COMMON STOCK,433323102,US4333231029,2428439,5061.0,1500586.5,0.01,0,,FINANCIALS,UNITED STATES,AVUV,2026-02-27,,,,,,,,,,,,,,,,,,,,
OP BANCORP COMMON STOCK,OPBK,COMMON STOCK,67109R109,US67109R1095,BD06KV9,109826.0,1500223.16,0.01,0,,FINANCIALS,UNITED STATES,AVUV,2026-02-27,,,,,,,,,,,,,,,,,,,,
J. JILL INC COMMON STOCK USD.01,JILL,COMMON STOCK,46620W201,US46620W2017,BN941G6,82450.0,1434630.0,0.01,0,,CONSUMER DISCRETIONARY,UNITED STATES,AVUV,2026-02-27,,,,,,,,,,,,,,,,,,,,
CRAWFORD + COMPANY  CL A COMMON STOCK USD1.0,CRD.A,COMMON STOCK,224633206,US2246332066,2232094,134136.0,1429889.76,0.01,0,,FINANCIALS,UNITED STATES,AVUV,2026-02-27,,,,,,,,,,,,,,,,,,,,
CLARUS CORP COMMON STOCK USD.0001,CLAR,COMMON STOCK,18270P109,US18270P1093,BF5QHG2,437370.0,1399584.0,0.01,0,,CONSUMER DISCRETIONARY,UNITED STATES,AVUV,2026-02-27,,,,,,,,,,,,,,,,,,,,
LEGACY HOUSING CORP COMMON STOCK USD.001,LEGH,COMMON STOCK,52472M101,US52472M1018,BG5HXX1,61465.0,1347312.8,0.01,0,,CONSUMER DISCRETIONARY,UNITED STATES,AVUV,2026-02-27,,,,,,,,,,,,,,,,,,,,
LINKBANCORP INC COMMON STOCK USD.01,LNKB,COMMON STOCK,53578P105,US53578P1057,BKY65J7,149179.0,1341119.21,0.01,0,,FINANCIALS,UNITED STATES,AVUV,2026-02-27,,,,,,,,,,,,,,,,,,,,
UNITED COMMUNITY BANKS/GA COMMON STOCK USD1.0,UCB,COMMON STOCK,90984P303,US90984P3038,2862156,39338.0,1324510.46,0.01,0,,FINANCIALS,UNITED STATES,AVUV,2026-02-27,,,,,,,,,,,,,,,,,,,,
INFINITY NATURAL RESOUR CL A COMMON STOCK USD.01,INR,COMMON STOCK,456941103,US4569411030,BS893G1,81314.0,1307529.12,0.01,0,,ENERGY,UNITED STATES,AVUV,2026-02-27,,,,,,,,,,,,,,,,,,,,
EAGLE BANCORP MONTANA INC COMMON STOCK USD.01,EBMT,COMMON STOCK,26942G100,US26942G1004,B57M9P1,57191.0,1286797.5,0.01,0,,FINANCIALS,UNITED STATES,AVUV,2026-02-27,,,,,,,,,,,,,,,,,,,,
AMPCO PITTSBURGH CORP COMMON STOCK USD1.0,AP,COMMON STOCK,032037103,US0320371034,2031688,134859.0,1283857.68,0.01,0,,MATERIALS,UNITED STATES,AVUV,2026-02-27,,,,,,,,,,,,,,,,,,,,
BCB BANCORP INC COMMON STOCK,BCBP,COMMON STOCK,055298103,US0552981039,2848253,154921.0,1274999.83,0.01,0,,FINANCIALS,UNITED STATES,AVUV,2026-02-27,,,,,,,,,,,,,,,,,,,,
EVERQUOTE INC   CLASS A COMMON STOCK USD.001,EVER,COMMON STOCK,30041R108,US30041R1086,BG88WS9,77050.0,1255144.5,0.01,0,,COMMUNICATION SERVICES,UNITED STATES,AVUV,2026-02-27,,,,,,,,,,,,,,,,,,,,
PLUMAS BANCORP COMMON STOCK,PLBC,COMMON STOCK,729273102,US7292731020,2025056,23759.0,1242833.29,0.01,0,,FINANCIALS,UNITED STATES,AVUV,2026-02-27,,,,,,,,,,,,,,,,,,,,
SONOS INC COMMON STOCK USD.001,SONO,COMMON STOCK,83570H108,US83570H1086,BYWPZW7,80510.0,1239854.0,0.01,0,,CONSUMER DISCRETIONARY,UNITED STATES,AVUV,2026-02-27,,,,,,,,,,,,,,,,,,,,
TIMBERLAND BANCORP INC COMMON STOCK USD.01,TSBK,COMMON STOCK,887098101,US8870981011,2147734,31567.0,1235216.71,0.01,0,,FINANCIALS,UNITED STATES,AVUV,2026-02-27,,,,,,,,,,,,,,,,,,,,
MONTAUK RENEWABLES INC COMMON STOCK USD.01,MNTK,COMMON STOCK,61218C103,US61218C1036,BN6HHQ0,774727.0,1224068.66,0.01,0,,UTILITIES,UNITED STATES,AVUV,2026-02-27,,,,,,,,,,,,,,,,,,,,
VERA BRADLEY INC COMMON STOCK,VRA,COMMON STOCK,92335C106,US92335C1062,B4626P4,448136.0,1214448.56,0.01,0,,CONSUMER DISCRETIONARY,UNITED STATES,AVUV,2026-02-27,,,,,,,,,,,,,,,,,,,,
BEL FUSE INC CL A COMMON STOCK USD.1,BELFA,COMMON STOCK,077347201,US0773472016,2279886,5457.0,1185042.12,0.0,0,,INFORMATION TECHNOLOGY,UNITED STATES,AVUV,2026-02-27,,,,,,,,,,,,,,,,,,,,
MAGNERA CORP COMMON STOCK USD.01,MAGN,COMMON STOCK,55939A107,US55939A1079,BT9NC28,87835.0,1156786.95,0.0,0,,MATERIALS,UNITED STATES,AVUV,2026-02-27,,,,,,,,,,,,,,,,,,,,
CF BANKSHARES INC COMMON STOCK USD.01,CFBK,COMMON STOCK,12520L109,US12520L1098,BN2XDN1,36679.0,1136682.21,0.0,0,,FINANCIALS,UNITED STATES,AVUV,2026-02-27,,,,,,,,,,,,,,,,,,,,
ENERGY SERVICES OF AMERICA COMMON STOCK USD.0001,ESOA,COMMON STOCK,29271Q103,US29271Q1031,B1FL1D4,70598.0,1106270.66,0.0,0,,ENERGY,UNITED STATES,AVUV,2026-02-27,,,,,,,,,,,,,,,,,,,,
CVB FINANCIAL CORP COMMON STOCK,CVBF,COMMON STOCK,126600105,US1266001056,2160645,54721.0,1094967.21,0.0,0,,FINANCIALS,UNITED STATES,AVUV,2026-02-27,,,,,,,,,,,,,,,,,,,,
CHEMUNG FINANCIAL CORP COMMON STOCK USD.01,CHMG,COMMON STOCK,164024101,US1640241014,2190921,18984.0,1091580.0,0.0,0,,FINANCIALS,UNITED STATES,AVUV,2026-02-27,,,,,,,,,,,,,,,,,,,,
DMC GLOBAL INC COMMON STOCK,BOOM,COMMON STOCK,23291C103,US23291C1036,BYN8NH6,168575.0,1077194.25,0.0,0,,ENERGY,UNITED STATES,AVUV,2026-02-27,,,,,,,,,,,,,,,,,,,,
ANIKA THERAPEUTICS INC COMMON STOCK USD.01,ANIK,COMMON STOCK,035255108,US0352551081,2035754,96175.0,1052154.5,0.0,0,,HEALTH CARE,UNITED STATES,AVUV,2026-02-27,,,,,,,,,,,,,,,,,,,,
HELIOS TECHNOLOGIES INC COMMON STOCK USD.001,HLIO,COMMON STOCK,42328H109,US42328H1095,BK8MDM0,13888.0,1025489.92,0.0,0,,INDUSTRIALS,UNITED STATES,AVUV,2026-02-27,,,,,,,,,,,,,,,,,,,,
COMMERCIAL BANCGROUP INC COMMON STOCK USD.01,CBK,COMMON STOCK,20112C106,US20112C1062,BTLP0D9,35602.0,955201.66,0.0,0,,FINANCIALS,UNITED STATES,AVUV,2026-02-27,,,,,,,,,,,,,,,,,,,,
FONAR CORP COMMON STOCK USD.0001,FONR,COMMON STOCK,344437405,US3444374058,B1W52D6,50450.0,937361.0,0.0,0,,HEALTH CARE,UNITED STATES,AVUV,2026-02-27,,,,,,,,,,,,,,,,,,,,
NERDWALLET INC CL A COMMON STOCK USD.0001,NRDS,COMMON STOCK,64082B102,US64082B1026,BMTW8S4,89460.0,923227.2,0.0,0,,FINANCIALS,UNITED STATES,AVUV,2026-02-27,,,,,,,,,,,,,,,,,,,,
EUROPEAN WAX CENTER INC A COMMON STOCK USD.00001,EWCZ,COMMON STOCK,29882P106,US29882P1066,BKVK9N4,160874.0,921808.02,0.0,0,,CONSUMER DISCRETIONARY,UNITED STATES,AVUV,2026-02-27,,,,,,,,,,,,,,,,,,,,
AVIDBANK HOLDINGS INC COMMON STOCK,AVBH,COMMON STOCK,05368J103,US05368J1034,B3XR1X8,30386.0,905198.94,0.0,0,,FINANCIALS,UNITED STATES,AVUV,2026-02-27,,,,,,,,,,,,,,,,,,,,
UNITED SECURITY BANCSHARE/CA COMMON STOCK,UBFO,COMMON STOCK,911460103,US9114601035,2714569,82772.0,887315.84,0.0,0,,FINANCIALS,UNITED STATES,AVUV,2026-02-27,,,,,,,,,,,,,,,,,,,,
FIRST BANCORP INC/ME COMMON STOCK USD.01,FNLC,COMMON STOCK,31866P102,US31866P1021,2353047,30966.0,876957.12,0.0,0,,FINANCIALS,UNITED STATES,AVUV,2026-02-27,,,,,,,,,,,,,,,,,,,,
GAMBLING.COM GROUP LTD COMMON STOCK,GAMB,COMMON STOCK,G3R239101,JE00BL970N11,BL970N1,207551.0,875865.22,0.0,0,,COMMUNICATION SERVICES,UNITED STATES,AVUV,2026-02-27,,,,,,,,,,,,,,,,,,,,
MAINSTREET BANCSHARES INC COMMON STOCK USD4.0,MNSB,COMMON STOCK,56064Y100,US56064Y1001,BD0R8C9,37248.0,847764.48,0.0,0,,FINANCIALS,UNITED STATES,AVUV,2026-02-27,,,,,,,,,,,,,,,,,,,,
FRANKLIN COVEY CO COMMON STOCK USD.05,FC,COMMON STOCK,353469109,US3534691098,2352839,61082.0,835601.76,0.0,0,,INDUSTRIALS,UNITED STATES,AVUV,2026-02-27,,,,,,,,,,,,,,,,,,,,
UNIVERSAL ELECTRONICS INC COMMON STOCK USD.01,UEIC,COMMON STOCK,913483103,US9134831034,2911683,210159.0,825924.87,0.0,0,,CONSUMER DISCRETIONARY,UNITED STATES,AVUV,2026-02-27,,,,,,,,,,,,,,,,,,,,
BANK FIRST CORP COMMON STOCK USD1.0,BFC,COMMON STOCK,06211J100,US06211J1007,BNZLBS3,5768.0,818709.92,0.0,0,,FINANCIALS,UNITED STATES,AVUV,2026-02-27,,,,,,,,,,,,,,,,,,,,
BASSETT FURNITURE INDS COMMON STOCK USD5.0,BSET,COMMON STOCK,070203104,US0702031040,2083526,53724.0,816067.56,0.0,0,,CONSUMER DISCRETIONARY,UNITED STATES,AVUV,2026-02-27,,,,,,,,,,,,,,,,,,,,
J + J SNACK FOODS CORP COMMON STOCK,JJSF,COMMON STOCK,466032109,US4660321096,2469171,9229.0,791663.62,0.0,0,,CONSUMER STAPLES,UNITED STATES,AVUV,2026-02-27,,,,,,,,,,,,,,,,,,,,
SMART SAND INC COMMON STOCK USD.001,SND,COMMON STOCK,83191H107,US83191H1077,BYXM5L6,147931.0,764803.27,0.0,0,,ENERGY,UNITED STATES,AVUV,2026-02-27,,,,,,,,,,,,,,,,,,,,
RESOURCES CONNECTION INC COMMON STOCK USD.01,RGP,COMMON STOCK,76122Q105,US76122Q1058,2697853,204481.0,754534.89,0.0,0,,INDUSTRIALS,UNITED STATES,AVUV,2026-02-27,,,,,,,,,,,,,,,,,,,,
CLEARFIELD INC COMMON STOCK USD.01,CLFD,COMMON STOCK,18482P103,US18482P1030,2002059,22551.0,742604.43,0.0,0,,INFORMATION TECHNOLOGY,UNITED STATES,AVUV,2026-02-27,,,,,,,,,,,,,,,,,,,,
PEOPLES BANCORP OF NC COMMON STOCK,PEBK,COMMON STOCK,710577107,US7105771072,2620503,18211.0,715874.41,0.0,0,,FINANCIALS,UNITED STATES,AVUV,2026-02-27,,,,,,,,,,,,,,,,,,,,
ELECTROMED INC COMMON STOCK USD.01,ELMD,COMMON STOCK,285409108,US2854091087,B3WLLH5,29603.0,708103.76,0.0,0,,HEALTH CARE,UNITED STATES,AVUV,2026-02-27,,,,,,,,,,,,,,,,,,,,
CASS INFORMATION SYSTEMS INC COMMON STOCK USD.5,CASS,COMMON STOCK,14808P109,US14808P1093,2086558,15728.0,705715.36,0.0,0,,FINANCIALS,UNITED STATES,AVUV,2026-02-27,,,,,,,,,,,,,,,,,,,,
HAWTHORN BANCSHARES INC COMMON STOCK USD1.0,HWBK,COMMON STOCK,420476103,US4204761039,2604217,19986.0,705705.66,0.0,0,,FINANCIALS,UNITED STATES,AVUV,2026-02-27,,,,,,,,,,,,,,,,,,,,
LIFETIME BRANDS INC COMMON STOCK USD.01,LCUT,COMMON STOCK,53222Q103,US53222Q1031,2515773,204433.0,686894.88,0.0,0,,CONSUMER DISCRETIONARY,UNITED STATES,AVUV,2026-02-27,,,,,,,,,,,,,,,,,,,,
PHOENIX EDUCATION PARTNERS I COMMON STOCK USD.01,PXED,COMMON STOCK,718968100,US7189681007,BSNRFP3,22618.0,667683.36,0.0,0,,CONSUMER DISCRETIONARY,UNITED STATES,AVUV,2026-02-27,,,,,,,,,,,,,,,,,,,,
ISABELLA BANK CORP COMMON STOCK,ISBA,COMMON STOCK,464214105,US4642141059,2521941,13302.0,664035.84,0.0,0,,FINANCIALS,UNITED STATES,AVUV,2026-02-27,,,,,,,,,,,,,,,,,,,,
OAK VALLEY BANCORP COMMON STOCK,OVLY,COMMON STOCK,671807105,US6718071052,B019FQ6,18564.0,613168.92,0.0,0,,FINANCIALS,UNITED STATES,AVUV,2026-02-27,,,,,,,,,,,,,,,,,,,,
TILE SHOP HLDGS INC COMMON STOCK USD.0001,TTSH,COMMON STOCK,88677Q208,US88677Q2084,BVFDHJ8,173213.0,594120.59,0.0,0,,CONSUMER DISCRETIONARY,UNITED STATES,AVUV,2026-02-27,,,,,,,,,,,,,,,,,,,,
OMEGA FLEX INC COMMON STOCK USD.01,OFLX,COMMON STOCK,682095104,US6820951043,B0FPH75,16011.0,585362.16,0.0,0,,INDUSTRIALS,UNITED STATES,AVUV,2026-02-27,,,,,,,,,,,,,,,,,,,,
MILLER INDUSTRIES INC/TENN COMMON STOCK USD.01,MLR,COMMON STOCK,600551204,US6005512040,2801193,13798.0,582827.52,0.0,0,,INDUSTRIALS,UNITED STATES,AVUV,2026-02-27,,,,,,,,,,,,,,,,,,,,
AMERICAN OUTDOOR BRANDS INC COMMON STOCK,AOUT,COMMON STOCK,02875D109,US02875D1090,BMDMZV2,58677.0,550977.03,0.0,0,,CONSUMER DISCRETIONARY,UNITED STATES,AVUV,2026-02-27,,,,,,,,,,,,,,,,,,,,
AMERISAFE INC COMMON STOCK USD.01,AMSF,COMMON STOCK,03071H100,US03071H1005,B0PPHS6,14744.0,543906.16,0.0,0,,FINANCIALS,UNITED STATES,AVUV,2026-02-27,,,,,,,,,,,,,,,,,,,,
HORIZON BANCORP INC/IN COMMON STOCK,HBNC,COMMON STOCK,440407104,US4404071049,2949316,30139.0,531651.96,0.0,0,,FINANCIALS,UNITED STATES,AVUV,2026-02-27,,,,,,,,,,,,,,,,,,,,
RIVERVIEW BANCORP INC COMMON STOCK USD.01,RVSB,COMMON STOCK,769397100,US7693971001,2117920,98218.0,531359.38,0.0,0,,FINANCIALS,UNITED STATES,AVUV,2026-02-27,,,,,,,,,,,,,,,,,,,,
CONSUMER PORTFOLIO SERVICES COMMON STOCK,CPSS,COMMON STOCK,210502100,US2105021008,2223872,62332.0,528575.36,0.0,0,,FINANCIALS,UNITED STATES,AVUV,2026-02-27,,,,,,,,,,,,,,,,,,,,
RADIANT LOGISTICS INC COMMON STOCK USD.001,RLGT,COMMON STOCK,75025X100,US75025X1000,B065G33,72971.0,519553.52,0.0,0,,INDUSTRIALS,UNITED STATES,AVUV,2026-02-27,,,,,,,,,,,,,,,,,,,,
USCB FINANCIAL HOLDINGS INC COMMON STOCK,USCB,COMMON STOCK,90355N101,US90355N1019,BPCK3Z8,26206.0,515734.08,0.0,0,,FINANCIALS,UNITED STATES,AVUV,2026-02-27,,,,,,,,,,,,,,,,,,,,
CB FINANCIAL SERVICES INC COMMON STOCK,CBFV,COMMON STOCK,12479G101,US12479G1013,B032TT4,14568.0,506820.72,0.0,0,,FINANCIALS,UNITED STATES,AVUV,2026-02-27,,,,,,,,,,,,,,,,,,,,
FULL HOUSE RESORTS INC COMMON STOCK USD.0001,FLL,COMMON STOCK,359678109,US3596781092,2357566,220801.0,499010.26,0.0,0,,CONSUMER DISCRETIONARY,UNITED STATES,AVUV,2026-02-27,,,,,,,,,,,,,,,,,,,,
SERES THERAPEUTICS INC COMMON STOCK USD.001,MCRB,COMMON STOCK,81750R201,US81750R2013,BPJMTC6,56033.0,498133.37,0.0,0,,HEALTH CARE,UNITED STATES,AVUV,2026-02-27,,,,,,,,,,,,,,,,,,,,
FARMERS + MERCHANTS BANCO/OH COMMON STOCK,FMAO,COMMON STOCK,30779N105,US30779N1054,2120865,18222.0,494180.64,0.0,0,,FINANCIALS,UNITED STATES,AVUV,2026-02-27,,,,,,,,,,,,,,,,,,,,
AMES NATIONAL CORP COMMON STOCK USD2.0,ATLO,COMMON STOCK,031001100,US0310011004,B00MZ00,17796.0,494016.96,0.0,0,,FINANCIALS,UNITED STATES,AVUV,2026-02-27,,,,,,,,,,,,,,,,,,,,
FVCBANKCORP INC COMMON STOCK USD.01,FVCB,COMMON STOCK,36120Q101,US36120Q1013,BY7RH33,28697.0,450829.87,0.0,0,,FINANCIALS,UNITED STATES,AVUV,2026-02-27,,,,,,,,,,,,,,,,,,,,
CRAWFORD + CO   CL B COMMON STOCK USD1.0,CRD.B,COMMON STOCK,224633107,US2246331076,2232072,44723.0,450360.61,0.0,0,,FINANCIALS,UNITED STATES,AVUV,2026-02-27,,,,,,,,,,,,,,,,,,,,
RMR GROUP INC/THE   A COMMON STOCK,RMR,COMMON STOCK,74967R106,US74967R1068,BZ1N455,25546.0,422275.38,0.0,0,,REAL ESTATE,UNITED STATES,AVUV,2026-02-27,,,,,,,,,,,,,,,,,,,,
VIRGINIA NATIONAL BANKSHARES COMMON STOCK USD2.5,VABK,COMMON STOCK,928031103,US9280311039,BHBFXS1,10625.0,421175.0,0.0,0,,FINANCIALS,UNITED STATES,AVUV,2026-02-27,,,,,,,,,,,,,,,,,,,,
MARINE PRODUCTS CORP COMMON STOCK USD.1,MPX,COMMON STOCK,568427108,US5684271084,2737102,51928.0,405038.4,0.0,0,,CONSUMER DISCRETIONARY,UNITED STATES,AVUV,2026-02-27,,,,,,,,,,,,,,,,,,,,
KEMPER CORP COMMON STOCK USD.1,KMPR,COMMON STOCK,488401100,US4884011002,B52KRV2,12575.0,396238.25,0.0,0,,FINANCIALS,UNITED STATES,AVUV,2026-02-27,,,,,,,,,,,,,,,,,,,,
RICHARDSON ELEC LTD COMMON STOCK USD.05,RELL,COMMON STOCK,763165107,US7631651079,2736109,29763.0,390490.56,0.0,0,,INFORMATION TECHNOLOGY,UNITED STATES,AVUV,2026-02-27,,,,,,,,,,,,,,,,,,,,
LIFEVANTAGE CORP COMMON STOCK USD.0001,LFVN,COMMON STOCK,53222K205,US53222K2050,BYYMYP2,77413.0,361518.71,0.0,0,,CONSUMER STAPLES,UNITED STATES,AVUV,2026-02-27,,,,,,,,,,,,,,,,,,,,
FIRST NATIONAL CORP/VA COMMON STOCK USD1.25,FXNC,COMMON STOCK,32106V107,US32106V1070,B018Y33,11176.0,303651.92,0.0,0,,FINANCIALS,UNITED STATES,AVUV,2026-02-27,,,,,,,,,,,,,,,,,,,,
OPENDOOR TECHNOLOGIES INC OPENDOOR TECHNOLOGIES INC 26,OPENW,WARRANTS,683712129,US6837121291,BLGXLN9,379901.0,290510.29,0.0,0,,REAL ESTATE,UNITED STATES,AVUV,2026-02-27,,,,,,,,,,,,,,,,,,,,
EASTERN CO/THE COMMON STOCK,EML,COMMON STOCK,276317104,US2763171046,2300087,14561.0,274183.63,0.0,0,,INDUSTRIALS,UNITED STATES,AVUV,2026-02-27,,,,,,,,,,,,,,,,,,,,
EHEALTH INC COMMON STOCK USD.001,EHTH,COMMON STOCK,28238P109,US28238P1093,B1G0F83,138111.0,261029.79,0.0,0,,FINANCIALS,UNITED STATES,AVUV,2026-02-27,,,,,,,,,,,,,,,,,,,,
AMTECH SYSTEMS INC COMMON STOCK USD.01,ASYS,COMMON STOCK,032332504,US0323325045,2400619,20027.0,255544.52,0.0,0,,INFORMATION TECHNOLOGY,UNITED STATES,AVUV,2026-02-27,,,,,,,,,,,,,,,,,,,,
TASKUS INC A COMMON STOCK USD.01,TASK,COMMON STOCK,87652V109,US87652V1098,BN44TB2,23682.0,251739.66,0.0,0,,INDUSTRIALS,UNITED STATES,AVUV,2026-02-27,,,,,,,,,,,,,,,,,,,,
NATIONAL BEVERAGE CORP COMMON STOCK USD.01,FIZZ,COMMON STOCK,635017106,US6350171061,2638625,6734.0,250908.84,0.0,0,,CONSUMER STAPLES,UNITED STATES,AVUV,2026-02-27,,,,,,,,,,,,,,,,,,,,
GREEN PLAINS INC COMMON STOCK USD.001,GPRE,COMMON STOCK,393222104,US3932221043,B11FJD6,16850.0,235057.5,0.0,0,,ENERGY,UNITED STATES,AVUV,2026-02-27,,,,,,,,,,,,,,,,,,,,
SERVISFIRST BANCSHARES INC COMMON STOCK USD.001,SFBS,COMMON STOCK,81768T108,US81768T1088,BMH0MP5,2466.0,212125.32,0.0,0,,FINANCIALS,UNITED STATES,AVUV,2026-02-27,,,,,,,,,,,,,,,,,,,,
ONE GROUP HOSPITALITY INC/TH COMMON STOCK USD.0001,STKS,COMMON STOCK,88338K103,US88338K1034,BNKH4B0,102744.0,210625.2,0.0,0,,CONSUMER DISCRETIONARY,UNITED STATES,AVUV,2026-02-27,,,,,,,,,,,,,,,,,,,,
TWIN DISC INC COMMON STOCK,TWIN,COMMON STOCK,901476101,US9014761012,2908685,11454.0,205484.76,0.0,0,,INDUSTRIALS,UNITED STATES,AVUV,2026-02-27,,,,,,,,,,,,,,,,,,,,
HANOVER BANCORP INC COMMON STOCK,HNVR,COMMON STOCK,410709109,US4107091096,BQB4DZ8,8199.0,179148.15,0.0,0,,FINANCIALS,UNITED STATES,AVUV,2026-02-27,,,,,,,,,,,,,,,,,,,,
WEYCO GROUP INC COMMON STOCK USD1.0,WEYS,COMMON STOCK,962149100,US9621491003,2947774,5536.0,176598.4,0.0,0,,CONSUMER DISCRETIONARY,UNITED STATES,AVUV,2026-02-27,,,,,,,,,,,,,,,,,,,,
M TRON INDUSTRIES INC COMMON STOCK USD.01,MPTI,COMMON STOCK,55380K109,US55380K1097,BMQ67R1,2532.0,170707.44,0.0,0,,INFORMATION TECHNOLOGY,UNITED STATES,AVUV,2026-02-27,,,,,,,,,,,,,,,,,,,,
FINWARD BANCORP COMMON STOCK,FNWD,COMMON STOCK,31812F109,US31812F1093,BN0TRH3,4543.0,166273.8,0.0,0,,FINANCIALS,UNITED STATES,AVUV,2026-02-27,,,,,,,,,,,,,,,,,,,,
TURTLE BEACH CORP COMMON STOCK,TBCH,COMMON STOCK,900450206,US9004502061,BF5HDT0,12178.0,147475.58,0.0,0,,INFORMATION TECHNOLOGY,UNITED STATES,AVUV,2026-02-27,,,,,,,,,,,,,,,,,,,,
VALHI INC COMMON STOCK USD.01,VHI,COMMON STOCK,918905209,US9189052098,BMG4NS8,10476.0,146978.28,0.0,0,,MATERIALS,UNITED STATES,AVUV,2026-02-27,,,,,,,,,,,,,,,,,,,,
ATEGRITY SPECIALTY HOLDINGS COMMON STOCK,ASIC,COMMON STOCK,04681Y103,US04681Y1038,BRQQ033,5537.0,131669.86,0.0,0,,FINANCIALS,UNITED STATES,AVUV,2026-02-27,,,,,,,,,,,,,,,,,,,,
FOX FACTORY HOLDING CORP COMMON STOCK USD.001,FOXF,COMMON STOCK,35138V102,US35138V1026,BCRY5K3,5848.0,111228.96,0.0,0,,CONSUMER DISCRETIONARY,UNITED STATES,AVUV,2026-02-27,,,,,,,,,,,,,,,,,,,,
SPORTSMAN S WAREHOUSE HOLDIN COMMON STOCK USD.01,SPWH,COMMON STOCK,84920Y106,US84920Y1064,BLM7DY0,93845.0,109798.65,0.0,0,,CONSUMER DISCRETIONARY,UNITED STATES,AVUV,2026-02-27,,,,,,,,,,,,,,,,,,,,
AMREP CORP COMMON STOCK USD.1,AXR,COMMON STOCK,032159105,US0321591051,2031804,4124.0,108090.04,0.0,0,,REAL ESTATE,UNITED STATES,AVUV,2026-02-27,,,,,,,,,,,,,,,,,,,,
DULUTH HOLDINGS INC   CL B COMMON STOCK,DLTH,COMMON STOCK,26443V101,US26443V1017,BYP97Q4,46137.0,101040.03,0.0,0,,CONSUMER DISCRETIONARY,UNITED STATES,AVUV,2026-02-27,,,,,,,,,,,,,,,,,,,,
UNIFI INC COMMON STOCK USD.1,UFI,COMMON STOCK,904677200,US9046772003,2911865,23563.0,91424.44,0.0,0,,CONSUMER DISCRETIONARY,UNITED STATES,AVUV,2026-02-27,,,,,,,,,,,,,,,,,,,,
FIRST WESTERN FINANCIAL INC COMMON STOCK,MYFW,COMMON STOCK,33751L105,US33751L1052,BDD1B52,3274.0,83847.14,0.0,0,,FINANCIALS,UNITED STATES,AVUV,2026-02-27,,,,,,,,,,,,,,,,,,,,
HF FOODS GROUP INC COMMON STOCK USD.0001,HFFG,COMMON STOCK,40417F109,US40417F1093,BYZLWZ4,38022.0,71101.14,0.0,0,,CONSUMER STAPLES,UNITED STATES,AVUV,2026-02-27,,,,,,,,,,,,,,,,,,,,
JOINT CORP/THE COMMON STOCK USD.001,JYNT,COMMON STOCK,47973J102,US47973J1025,BRK0127,7559.0,70147.52,0.0,0,,HEALTH CARE,UNITED STATES,AVUV,2026-02-27,,,,,,,,,,,,,,,,,,,,
KOSMOS ENERGY LTD COMMON STOCK USD.01,KOS,COMMON STOCK,500688106,US5006881065,BHK15K6,30093.0,62894.37,0.0,0,,ENERGY,UNITED STATES,AVUV,2026-02-27,,,,,,,,,,,,,,,,,,,,
EASTERN BANKSHARES INC COMMON STOCK USD.01,EBC,COMMON STOCK,27627N105,US27627N1054,BMXL9H3,2973.0,61897.86,0.0,0,,FINANCIALS,UNITED STATES,AVUV,2026-02-27,,,,,,,,,,,,,,,,,,,,
HELEN OF TROY LTD COMMON STOCK USD.1,HELE,COMMON STOCK,G4388N106,BMG4388N1065,2419530,3389.0,57341.88,0.0,0,,CONSUMER DISCRETIONARY,UNITED STATES,AVUV,2026-02-27,,,,,,,,,,,,,,,,,,,,
JAMES RIVER GROUP HOLDINGS I COMMON STOCK USD.0002,JRVR,COMMON STOCK,46990A102,US46990A1025,BV96YL4,8416.0,55798.08,0.0,0,,FINANCIALS,UNITED STATES,AVUV,2026-02-27,,,,,,,,,,,,,,,,,,,,
WESTERN NEW ENGLAND BANCORP COMMON STOCK USD.01,WNEB,COMMON STOCK,958892101,US9588921018,BZCNLM0,3560.0,47597.2,0.0,0,,FINANCIALS,UNITED STATES,AVUV,2026-02-27,,,,,,,,,,,,,,,,,,,,
ESCALADE INC COMMON STOCK,ESCA,COMMON STOCK,296056104,US2960561049,2321561,3175.0,45878.75,0.0,0,,CONSUMER DISCRETIONARY,UNITED STATES,AVUV,2026-02-27,,,,,,,,,,,,,,,,,,,,
DRILLING TOOLS INTERNATIONAL COMMON STOCK USD.0001,DTI,COMMON STOCK,26205E107,US26205E1073,BQLSC31,11281.0,41401.27,0.0,0,,ENERGY,UNITED STATES,AVUV,2026-02-27,,,,,,,,,,,,,,,,,,,,
SIEBERT FINANCIAL CORP COMMON STOCK USD.01,SIEB,COMMON STOCK,826176109,US8261761097,2799384,16547.0,33755.88,0.0,0,,FINANCIALS,UNITED STATES,AVUV,2026-02-27,,,,,,,,,,,,,,,,,,,,
FIDELITY D+D BANCORP INC COMMON STOCK,FDBC,COMMON STOCK,31609R100,US31609R1005,2610913,711.0,32833.98,0.0,0,,FINANCIALS,UNITED STATES,AVUV,2026-02-27,,,,,,,,,,,,,,,,,,,,
PRO DEX INC COMMON STOCK,PDEX,COMMON STOCK,74265M205,US74265M2052,2704292,743.0,31651.8,0.0,0,,HEALTH CARE,UNITED STATES,AVUV,2026-02-27,,,,,,,,,,,,,,,,,,,,
GEN DIGITAL INC RIGHT,GENVR,RIGHTS,668771116,US6687711167,BN12P88,21590.0,28282.9,0.0,0,,INFORMATION TECHNOLOGY,UNITED STATES,AVUV,2026-02-27,,,,,,,,,,,,,,,,,,,,
PRAIRIE OPERATING CO COMMON STOCK USD.0001,PROP,COMMON STOCK,739650109,US7396501097,BRBR2C4,12734.0,22157.16,0.0,0,,ENERGY,UNITED STATES,AVUV,2026-02-27,,,,,,,,,,,,,,,,,,,,
CINEVERSE CORP COMMON STOCK USD.001,CNVS,COMMON STOCK,172406308,US1724063086,BQKRDP8,5804.0,17470.04,0.0,0,,COMMUNICATION SERVICES,UNITED STATES,AVUV,2026-02-27,,,,,,,,,,,,,,,,,,,,
TEAM INC COMMON STOCK USD.3,TISI,COMMON STOCK,878155308,US8781553081,BQZBQP6,1115.0,16412.8,0.0,0,,INDUSTRIALS,UNITED STATES,AVUV,2026-02-27,,,,,,,,,,,,,,,,,,,,
NORWOOD FINANCIAL CORP COMMON STOCK USD.1,NWFL,COMMON STOCK,669549107,US6695491075,2549233,512.0,15528.96,0.0,0,,FINANCIALS,UNITED STATES,AVUV,2026-02-27,,,,,,,,,,,,,,,,,,,,
XBIOTECH INC COMMON STOCK,XBIT,COMMON STOCK,98400H102,CA98400H1029,BWD1LM2,5371.0,12675.56,0.0,0,,HEALTH CARE,UNITED STATES,AVUV,2026-02-27,,,,,,,,,,,,,,,,,,,,
PETMED EXPRESS INC COMMON STOCK USD.001,PETS,COMMON STOCK,716382106,US7163821066,2143099,4286.0,11915.08,0.0,0,,CONSUMER DISCRETIONARY,UNITED STATES,AVUV,2026-02-27,,,,,,,,,,,,,,,,,,,,
SEAPORT ENTERTAINMENT GROUP COMMON STOCK,SEG,COMMON STOCK,812215200,US8122152007,BRXXTF2,504.0,11516.4,0.0,0,,REAL ESTATE,UNITED STATES,AVUV,2026-02-27,,,,,,,,,,,,,,,,,,,,
GEOSPACE TECHNOLOGIES CORP COMMON STOCK USD.01,GEOS,COMMON STOCK,37364X109,US37364X1090,B89MJ94,1118.0,10665.72,0.0,0,,ENERGY,UNITED STATES,AVUV,2026-02-27,,,,,,,,,,,,,,,,,,,,
GOHEALTH INC CLASS A COMMON STOCK USD.0001,GOCO,COMMON STOCK,38046W204,US38046W2044,BP5JF56,7110.0,10309.5,0.0,0,,FINANCIALS,UNITED STATES,AVUV,2026-02-27,,,,,,,,,,,,,,,,,,,,
SILVACO GROUP INC COMMON STOCK USD.0001,SVCO,COMMON STOCK,82728C102,US82728C1027,BQMQ1G0,2644.0,9068.92,0.0,0,,INFORMATION TECHNOLOGY,UNITED STATES,AVUV,2026-02-27,,,,,,,,,,,,,,,,,,,,
ALTA EQUIPMENT GROUP INC COMMON STOCK,ALTG,COMMON STOCK,02128L106,US02128L1061,BLLCYB0,1118.0,7367.62,0.0,0,,INDUSTRIALS,UNITED STATES,AVUV,2026-02-27,,,,,,,,,,,,,,,,,,,,
UNITED STATES LIME + MINERAL COMMON STOCK USD.1,USLM,COMMON STOCK,911922102,US9119221029,2724115,52.0,5868.2,0.0,0,,MATERIALS,UNITED STATES,AVUV,2026-02-27,,,,,,,,,,,,,,,,,,,,
HEALTH CATALYST INC COMMON STOCK USD.001,HCAT,COMMON STOCK,42225T107,US42225T1079,BKLCX50,1853.0,3316.87,0.0,0,,HEALTH CARE,UNITED STATES,AVUV,2026-02-27,,,,,,,,,,,,,,,,,,,,
PAMT CORP COMMON STOCK USD.01,PAMT,COMMON STOCK,693149106,US6931491061,2669090,247.0,2561.39,0.0,0,,INDUSTRIALS,UNITED STATES,AVUV,2026-02-27,,,,,,,,,,,,,,,,,,,,
FIGS INC CLASS A COMMON STOCK USD.0001,FIGS,COMMON STOCK,30260D103,US30260D1037,BMXXBD9,172.0,1885.12,0.0,0,,CONSUMER DISCRETIONARY,UNITED STATES,AVUV,2026-02-27,,,,,,,,,,,,,,,,,,,,
CANTERBURY PARK HOLDING CORP COMMON STOCK USD.01,CPHC,COMMON STOCK,13811E101,US13811E1010,2586865,118.0,1862.04,0.0,0,,CONSUMER DISCRETIONARY,UNITED STATES,AVUV,2026-02-27,,,,,,,,,,,,,,,,,,,,
B+G FOODS INC COMMON STOCK USD.01,BGS,COMMON STOCK,05508R106,US05508R1068,B034L49,274.0,1452.2,0.0,0,,CONSUMER STAPLES,UNITED STATES,AVUV,2026-02-27,,,,,,,,,,,,,,,,,,,,
LOVESAC CO/THE COMMON STOCK USD.00001,LOVE,COMMON STOCK,54738L109,US54738L1098,BG88WJ0,105.0,1373.4,0.0,0,,CONSUMER DISCRETIONARY,UNITED STATES,AVUV,2026-02-27,,,,,,,,,,,,,,,,,,,,
CONTRA CARGO THERAPEUT COMMON STOCK,OTHER,RIGHTS,141CVR019,US141CVR0196,,54092.0,540.92,0.0,0,,HEALTH CARE,UNITED STATES,AVUV,2026-02-27,,,,,,,,,,,,,,,,,,,,
OMNIAB INC   12.5 EARNOUT COMMON STOCK,2200963D,COMMON STOCK,68218J202,US68218J2024,BP0VHM8,21075.0,166.49,0.0,0,,HEALTH CARE,UNITED STATES,AVUV,2026-02-27,,,,,,,,,,,,,,,,,,,,
OMNIAB INC   15.00 EARNOUT COMMON STOCK,2200964D,COMMON STOCK,68218J301,US68218J3014,BP0VHL7,21075.0,86.41,0.0,0,,HEALTH CARE,UNITED STATES,AVUV,2026-02-27,,,,,,,,,,,,,,,,,,,,
MICRON TECHNOLOGY INC COMMON STOCK USD.1,MU,COMMON STOCK,595112103,US5951121038,2588184,824907.0,353885103.0,3.32,0,,INFORMATION TECHNOLOGY,UNITED STATES,AVLV,2026-02-27,,,,,,,,,,,,,,,,,,,,
EXXON MOBIL CORP COMMON STOCK,XOM,COMMON STOCK,30231G102,US30231G1022,2326618,2241622.0,334136175.32,3.13,0,,ENERGY,UNITED STATES,AVLV,2026-02-27,,,,,,,,,,,,,,,,,,,,
META PLATFORMS INC CLASS A COMMON STOCK USD.000006,META,COMMON STOCK,30303M102,US30303M1027,B7TL820,478583.0,312844921.27,2.93,0,,COMMUNICATION SERVICES,UNITED STATES,AVLV,2026-02-27,,,,,,,,,,,,,,,,,,,,
APPLE INC COMMON STOCK USD.00001,AAPL,COMMON STOCK,037833100,US0378331005,2046251,1127530.0,309202551.9,2.9,0,,INFORMATION TECHNOLOGY,UNITED STATES,AVLV,2026-02-27,,,,,,,,,,,,,,,,,,,,
CATERPILLAR INC COMMON STOCK USD1.0,CAT,COMMON STOCK,149123101,US1491231015,2180201,370323.0,283893315.03,2.66,0,,INDUSTRIALS,UNITED STATES,AVLV,2026-02-27,,,,,,,,,,,,,,,,,,,,
LAM RESEARCH CORP COMMON STOCK USD.001,LRCX,COMMON STOCK,512807306,US5128073062,BSML4N7,1098089.0,273951243.72,2.57,0,,INFORMATION TECHNOLOGY,UNITED STATES,AVLV,2026-02-27,,,,,,,,,,,,,,,,,,,,
AMAZON.COM INC COMMON STOCK USD.01,AMZN,COMMON STOCK,023135106,US0231351067,2000019,1297252.0,273253161.28,2.56,0,,CONSUMER DISCRETIONARY,UNITED STATES,AVLV,2026-02-27,,,,,,,,,,,,,,,,,,,,
MERCK + CO. INC. COMMON STOCK USD.5,MRK,COMMON STOCK,58933Y105,US58933Y1055,2778844,2000826.0,245021151.96,2.3,0,,HEALTH CARE,UNITED STATES,AVLV,2026-02-27,,,,,,,,,,,,,,,,,,,,
COSTCO WHOLESALE CORP COMMON STOCK USD.005,COST,COMMON STOCK,22160K105,US22160K1051,2701271,221974.0,220810856.24,2.07,0,,CONSUMER STAPLES,UNITED STATES,AVLV,2026-02-27,,,,,,,,,,,,,,,,,,,,
JPMORGAN CHASE + CO COMMON STOCK USD1.0,JPM,COMMON STOCK,46625H100,US46625H1005,2190385,725356.0,220000474.8,2.06,0,,FINANCIALS,UNITED STATES,AVLV,2026-02-27,,,,,,,,,,,,,,,,,,,,
APPLIED MATERIALS INC COMMON STOCK USD.01,AMAT,COMMON STOCK,038222105,US0382221051,2046552,505079.0,199480951.05,1.87,0,,INFORMATION TECHNOLOGY,UNITED STATES,AVLV,2026-02-27,,,,,,,,,,,,,,,,,,,,
GILEAD SCIENCES INC COMMON STOCK USD.001,GILD,COMMON STOCK,375558103,US3755581036,2369174,1265923.0,186242591.76,1.75,0,,HEALTH CARE,UNITED STATES,AVLV,2026-02-27,,,,,,,,,,,,,,,,,,,,
ALPHABET INC CL A COMMON STOCK USD.001,GOOGL,COMMON STOCK,02079K305,US02079K3059,BYVY8G0,592714.0,185460210.6,1.74,0,,COMMUNICATION SERVICES,UNITED STATES,AVLV,2026-02-27,,,,,,,,,,,,,,,,,,,,
VERIZON COMMUNICATIONS INC COMMON STOCK USD.1,VZ,COMMON STOCK,92343V104,US92343V1044,2090571,3562733.0,175393345.59,1.64,0,,COMMUNICATION SERVICES,UNITED STATES,AVLV,2026-02-27,,,,,,,,,,,,,,,,,,,,
WALMART INC COMMON STOCK USD.1,WMT,COMMON STOCK,931142103,US9311421039,2936921,1325230.0,166647672.5,1.56,0,,CONSUMER STAPLES,UNITED STATES,AVLV,2026-02-27,,,,,,,,,,,,,,,,,,,,
UNION PACIFIC CORP COMMON STOCK USD2.5,UNP,COMMON STOCK,907818108,US9078181081,2914734,629296.0,166291468.0,1.56,0,,INDUSTRIALS,UNITED STATES,AVLV,2026-02-27,,,,,,,,,,,,,,,,,,,,
TJX COMPANIES INC COMMON STOCK USD1.0,TJX,COMMON STOCK,872540109,US8725401090,2989301,1052895.0,164062098.9,1.54,0,,CONSUMER DISCRETIONARY,UNITED STATES,AVLV,2026-02-27,,,,,,,,,,,,,,,,,,,,
ALPHABET INC CL C COMMON STOCK USD.001,GOOG,COMMON STOCK,02079K107,US02079K1079,BYY88Y7,472406.0,147877250.18,1.39,0,,COMMUNICATION SERVICES,UNITED STATES,AVLV,2026-02-27,,,,,,,,,,,,,,,,,,,,
CONOCOPHILLIPS COMMON STOCK USD.01,COP,COMMON STOCK,20825C104,US20825C1045,2685717,1320304.0,145246643.04,1.36,0,,ENERGY,UNITED STATES,AVLV,2026-02-27,,,,,,,,,,,,,,,,,,,,
KLA CORP COMMON STOCK USD.001,KLAC,COMMON STOCK,482480100,US4824801009,2480138,78752.0,121804143.36,1.14,0,,INFORMATION TECHNOLOGY,UNITED STATES,AVLV,2026-02-27,,,,,,,,,,,,,,,,,,,,
GENERAL MOTORS CO COMMON STOCK USD.01,GM,COMMON STOCK,37045V100,US37045V1008,B665KZ5,1418737.0,116946490.91,1.1,0,,CONSUMER DISCRETIONARY,UNITED STATES,AVLV,2026-02-27,,,,,,,,,,,,,,,,,,,,
AMERICAN EXPRESS CO COMMON STOCK USD.2,AXP,COMMON STOCK,025816109,US0258161092,2026082,352894.0,115428098.46,1.08,0,,FINANCIALS,UNITED STATES,AVLV,2026-02-27,,,,,,,,,,,,,,,,,,,,
FEDEX CORP COMMON STOCK USD.1,FDX,COMMON STOCK,31428X106,US31428X1063,2142784,293755.0,112387725.45,1.05,0,,INDUSTRIALS,UNITED STATES,AVLV,2026-02-27,,,,,,,,,,,,,,,,,,,,
PROGRESSIVE CORP COMMON STOCK USD1.0,PGR,COMMON STOCK,743315103,US7433151039,2705024,539195.0,110286945.3,1.03,0,,FINANCIALS,UNITED STATES,AVLV,2026-02-27,,,,,,,,,,,,,,,,,,,,
CSX CORP COMMON STOCK USD1.0,CSX,COMMON STOCK,126408103,US1264081035,2160753,2526389.0,106664143.58,1.0,0,,INDUSTRIALS,UNITED STATES,AVLV,2026-02-27,,,,,,,,,,,,,,,,,,,,
WILLIAMS COS INC COMMON STOCK USD1.0,WMB,COMMON STOCK,969457100,US9694571004,2967181,1352369.0,100034734.93,0.94,0,,ENERGY,UNITED STATES,AVLV,2026-02-27,,,,,,,,,,,,,,,,,,,,
ROSS STORES INC COMMON STOCK USD.01,ROST,COMMON STOCK,778296103,US7782961038,2746711,495388.0,99835543.64,0.94,0,,CONSUMER DISCRETIONARY,UNITED STATES,AVLV,2026-02-27,,,,,,,,,,,,,,,,,,,,
TRAVELERS COS INC/THE COMMON STOCK,TRV,COMMON STOCK,89417E109,US89417E1091,2769503,322240.0,98205862.4,0.92,0,,FINANCIALS,UNITED STATES,AVLV,2026-02-27,,,,,,,,,,,,,,,,,,,,
UNITED PARCEL SERVICE CL B COMMON STOCK USD.01,UPS,COMMON STOCK,911312106,US9113121068,2517382,855539.0,97403115.15,0.91,0,,INDUSTRIALS,UNITED STATES,AVLV,2026-02-27,,,,,,,,,,,,,,,,,,,,
FREEPORT MCMORAN INC COMMON STOCK USD.1,FCX,COMMON STOCK,35671D857,US35671D8570,2352118,1413354.0,97267022.28,0.91,0,,MATERIALS,UNITED STATES,AVLV,2026-02-27,,,,,,,,,,,,,,,,,,,,
EOG RESOURCES INC COMMON STOCK USD.01,EOG,COMMON STOCK,26875P101,US26875P1012,2318024,768227.0,94107807.5,0.88,0,,ENERGY,UNITED STATES,AVLV,2026-02-27,,,,,,,,,,,,,,,,,,,,
ROYAL CARIBBEAN CRUISES LTD COMMON STOCK USD.01,RCL,COMMON STOCK,V7780T103,LR0008862868,2754907,288463.0,90288919.0,0.85,0,,CONSUMER DISCRETIONARY,UNITED STATES,AVLV,2026-02-27,,,,,,,,,,,,,,,,,,,,
NORFOLK SOUTHERN CORP COMMON STOCK USD1.0,NSC,COMMON STOCK,655844108,US6558441084,2641894,282990.0,88250431.5,0.83,0,,INDUSTRIALS,UNITED STATES,AVLV,2026-02-27,,,,,,,,,,,,,,,,,,,,
TARGA RESOURCES CORP COMMON STOCK USD.001,TRGP,COMMON STOCK,87612G101,US87612G1013,B55PZY3,377527.0,86884063.78,0.81,0,,ENERGY,UNITED STATES,AVLV,2026-02-27,,,,,,,,,,,,,,,,,,,,
MORGAN STANLEY COMMON STOCK USD.01,MS,COMMON STOCK,617446448,US6174464486,2262314,480532.0,83482824.36,0.78,0,,FINANCIALS,UNITED STATES,AVLV,2026-02-27,,,,,,,,,,,,,,,,,,,,
T MOBILE US INC COMMON STOCK USD.0001,TMUS,COMMON STOCK,872590104,US8725901040,B94Q9V0,373427.0,81653547.82,0.77,0,,COMMUNICATION SERVICES,UNITED STATES,AVLV,2026-02-27,,,,,,,,,,,,,,,,,,,,
DELTA AIR LINES INC COMMON STOCK USD.0001,DAL,COMMON STOCK,247361702,US2473617023,B1W9D46,1140735.0,78930306.49,0.74,0,,INDUSTRIALS,UNITED STATES,AVLV,2026-02-27,,,,,,,,,,,,,,,,,,,,
FORD MOTOR CO COMMON STOCK USD.01,F,COMMON STOCK,345370860,US3453708600,2615468,5436067.0,78442446.81,0.74,0,,CONSUMER DISCRETIONARY,UNITED STATES,AVLV,2026-02-27,,,,,,,,,,,,,,,,,,,,
CHENIERE ENERGY INC COMMON STOCK USD.003,LNG,COMMON STOCK,16411R208,US16411R2085,2654364,347551.0,76697554.68,0.72,0,,ENERGY,UNITED STATES,AVLV,2026-02-27,,,,,,,,,,,,,,,,,,,,
ALLSTATE CORP COMMON STOCK USD.01,ALL,COMMON STOCK,020002101,US0200021014,2019952,361450.0,75662328.5,0.71,0,,FINANCIALS,UNITED STATES,AVLV,2026-02-27,,,,,,,,,,,,,,,,,,,,
DEERE + CO COMMON STOCK USD1.0,DE,COMMON STOCK,244199105,US2441991054,2261203,119562.0,74560058.82,0.7,0,,INDUSTRIALS,UNITED STATES,AVLV,2026-02-27,,,,,,,,,,,,,,,,,,,,
AMERIPRISE FINANCIAL INC COMMON STOCK USD.01,AMP,COMMON STOCK,03076C106,US03076C1062,B0J7D57,154157.0,73725585.25,0.69,0,,FINANCIALS,UNITED STATES,AVLV,2026-02-27,,,,,,,,,,,,,,,,,,,,
MICROSOFT CORP COMMON STOCK USD.00000625,MSFT,COMMON STOCK,594918104,US5949181045,2588173,182765.0,73215659.0,0.69,0,,INFORMATION TECHNOLOGY,UNITED STATES,AVLV,2026-02-27,,,,,,,,,,,,,,,,,,,,
WW GRAINGER INC COMMON STOCK USD.5,GWW,COMMON STOCK,384802104,US3848021040,2380863,65332.0,72987603.76,0.68,0,,INDUSTRIALS,UNITED STATES,AVLV,2026-02-27,,,,,,,,,,,,,,,,,,,,
UNITED AIRLINES HOLDINGS INC COMMON STOCK USD.01,UAL,COMMON STOCK,910047109,US9100471096,B4QG225,643715.0,72656112.05,0.68,0,,INDUSTRIALS,UNITED STATES,AVLV,2026-02-27,,,,,,,,,,,,,,,,,,,,
TARGET CORP COMMON STOCK USD.0833,TGT,COMMON STOCK,87612E106,US87612E1064,2259101,619145.0,72093243.8,0.68,0,,CONSUMER STAPLES,UNITED STATES,AVLV,2026-02-27,,,,,,,,,,,,,,,,,,,,
HARTFORD INSURANCE GROUP INC COMMON STOCK USD.01,HIG,COMMON STOCK,416515104,US4165151048,2476193,510933.0,72072208.98,0.68,0,,FINANCIALS,UNITED STATES,AVLV,2026-02-27,,,,,,,,,,,,,,,,,,,,
KROGER CO COMMON STOCK USD1.0,KR,COMMON STOCK,501044101,US5010441013,2497406,1009287.0,68217708.33,0.64,0,,CONSUMER STAPLES,UNITED STATES,AVLV,2026-02-27,,,,,,,,,,,,,,,,,,,,
EMCOR GROUP INC COMMON STOCK USD.01,EME,COMMON STOCK,29084Q100,US29084Q1004,2474164,83620.0,67046516.0,0.63,0,,INDUSTRIALS,UNITED STATES,AVLV,2026-02-27,,,,,,,,,,,,,,,,,,,,
ULTA BEAUTY INC COMMON STOCK,ULTA,COMMON STOCK,90384S303,US90384S3031,B28TS42,94183.0,64446601.41,0.6,0,,CONSUMER DISCRETIONARY,UNITED STATES,AVLV,2026-02-27,,,,,,,,,,,,,,,,,,,,
CUMMINS INC COMMON STOCK USD2.5,CMI,COMMON STOCK,231021106,US2310211063,2240202,104837.0,62316161.17,0.58,0,,INDUSTRIALS,UNITED STATES,AVLV,2026-02-27,,,,,,,,,,,,,,,,,,,,
AMERICAN INTERNATIONAL GROUP COMMON STOCK USD2.5,AIG,COMMON STOCK,026874784,US0268747849,2027342,762002.0,61074460.3,0.57,0,,FINANCIALS,UNITED STATES,AVLV,2026-02-27,,,,,,,,,,,,,,,,,,,,
TECHNIPFMC PLC COMMON STOCK USD1.0,FTI,COMMON STOCK,G87110105,GB00BDSFG982,BDSFG98,922203.0,60985284.39,0.57,0,,ENERGY,UNITED STATES,AVLV,2026-02-27,,,,,,,,,,,,,,,,,,,,
DOLLAR GENERAL CORP COMMON STOCK USD.875,DG,COMMON STOCK,256677105,US2566771059,B5B1S13,373179.0,57764377.41,0.54,0,,CONSUMER STAPLES,UNITED STATES,AVLV,2026-02-27,,,,,,,,,,,,,,,,,,,,
CARNIVAL CORP COMMON STOCK USD.01,CCL,COMMON STOCK,143658300,PA1436583006,2523044,1792302.0,56815973.4,0.53,0,,CONSUMER DISCRETIONARY,UNITED STATES,AVLV,2026-02-27,,,,,,,,,,,,,,,,,,,,
METLIFE INC COMMON STOCK USD.01,MET,COMMON STOCK,59156R108,US59156R1086,2573209,744027.0,56032673.37,0.53,0,,FINANCIALS,UNITED STATES,AVLV,2026-02-27,,,,,,,,,,,,,,,,,,,,
SYNCHRONY FINANCIAL COMMON STOCK USD.001,SYF,COMMON STOCK,87165B103,US87165B1035,BP96PS6,758236.0,55207163.16,0.52,0,,FINANCIALS,UNITED STATES,AVLV,2026-02-27,,,,,,,,,,,,,,,,,,,,
FLEX LTD COMMON STOCK,FLEX,COMMON STOCK,Y2573F102,SG9999000020,2353058,820717.0,53896485.39,0.51,0,,INFORMATION TECHNOLOGY,UNITED STATES,AVLV,2026-02-27,,,,,,,,,,,,,,,,,,,,
OLD DOMINION FREIGHT LINE COMMON STOCK USD.1,ODFL,COMMON STOCK,679580100,US6795801009,2656423,280482.0,53768399.4,0.5,0,,INDUSTRIALS,UNITED STATES,AVLV,2026-02-27,,,,,,,,,,,,,,,,,,,,
DEVON ENERGY CORP COMMON STOCK USD.1,DVN,COMMON STOCK,25179M103,US25179M1036,2480677,1207510.0,51464076.2,0.48,0,,ENERGY,UNITED STATES,AVLV,2026-02-27,,,,,,,,,,,,,,,,,,,,
ARCH CAPITAL GROUP LTD COMMON STOCK USD.01,ACGL,COMMON STOCK,G0450A105,BMG0450A1053,2740542,512719.0,50943759.84,0.48,0,,FINANCIALS,UNITED STATES,AVLV,2026-02-27,,,,,,,,,,,,,,,,,,,,
WILLIAMS SONOMA INC COMMON STOCK USD.01,WSM,COMMON STOCK,969904101,US9699041011,2967589,241045.0,50431434.9,0.47,0,,CONSUMER DISCRETIONARY,UNITED STATES,AVLV,2026-02-27,,,,,,,,,,,,,,,,,,,,
OCCIDENTAL PETROLEUM CORP COMMON STOCK USD.2,OXY,COMMON STOCK,674599105,US6745991058,2655408,979927.0,49917481.38,0.47,0,,ENERGY,UNITED STATES,AVLV,2026-02-27,,,,,,,,,,,,,,,,,,,,
TRACTOR SUPPLY COMPANY COMMON STOCK USD.008,TSCO,COMMON STOCK,892356106,US8923561067,2900335,958767.0,49635367.59,0.47,0,,CONSUMER DISCRETIONARY,UNITED STATES,AVLV,2026-02-27,,,,,,,,,,,,,,,,,,,,
CHIPOTLE MEXICAN GRILL INC COMMON STOCK USD.01,CMG,COMMON STOCK,169656105,US1696561059,B0X7DZ3,1307715.0,49039312.5,0.46,0,,CONSUMER DISCRETIONARY,UNITED STATES,AVLV,2026-02-27,,,,,,,,,,,,,,,,,,,,
DOLLAR TREE INC COMMON STOCK USD.01,DLTR,COMMON STOCK,256746108,US2567461080,2272476,374766.0,47857618.2,0.45,0,,CONSUMER STAPLES,UNITED STATES,AVLV,2026-02-27,,,,,,,,,,,,,,,,,,,,
PRUDENTIAL FINANCIAL INC COMMON STOCK USD.01,PRU,COMMON STOCK,744320102,US7443201022,2819118,460150.0,46410729.0,0.44,0,,FINANCIALS,UNITED STATES,AVLV,2026-02-27,,,,,,,,,,,,,,,,,,,,
COTERRA ENERGY INC COMMON STOCK USD.1,CTRA,COMMON STOCK,127097103,US1270971039,2162340,1432949.0,42845175.1,0.4,0,,ENERGY,UNITED STATES,AVLV,2026-02-27,,,,,,,,,,,,,,,,,,,,
HALLIBURTON CO COMMON STOCK USD2.5,HAL,COMMON STOCK,406216101,US4062161017,2405302,1214522.0,42836190.94,0.4,0,,ENERGY,UNITED STATES,AVLV,2026-02-27,,,,,,,,,,,,,,,,,,,,
BURLINGTON STORES INC COMMON STOCK USD.0001,BURL,COMMON STOCK,122017106,US1220171060,BF311Y5,135410.0,41633158.6,0.39,0,,CONSUMER DISCRETIONARY,UNITED STATES,AVLV,2026-02-27,,,,,,,,,,,,,,,,,,,,
NEXTPOWER INC CL A COMMON STOCK USD.0001,NXT,COMMON STOCK,65290E101,US65290E1010,BR1GTS6,345935.0,40304886.85,0.38,0,,INDUSTRIALS,UNITED STATES,AVLV,2026-02-27,,,,,,,,,,,,,,,,,,,,
VIATRIS INC COMMON STOCK,VTRS,COMMON STOCK,92556V106,US92556V1061,BMWS3X9,2462942.0,39604107.36,0.37,0,,HEALTH CARE,UNITED STATES,AVLV,2026-02-27,,,,,,,,,,,,,,,,,,,,
ON SEMICONDUCTOR COMMON STOCK USD.01,ON,COMMON STOCK,682189105,US6821891057,2583576,565034.0,39371569.12,0.37,0,,INFORMATION TECHNOLOGY,UNITED STATES,AVLV,2026-02-27,,,,,,,,,,,,,,,,,,,,
EXPEDITORS INTL WASH INC COMMON STOCK USD.01,EXPD,COMMON STOCK,302130109,US3021301094,2325507,277014.0,39299976.18,0.37,0,,INDUSTRIALS,UNITED STATES,AVLV,2026-02-27,,,,,,,,,,,,,,,,,,,,
ONEOK INC COMMON STOCK USD.01,OKE,COMMON STOCK,682680103,US6826801036,2130109,466826.0,38410443.28,0.36,0,,ENERGY,UNITED STATES,AVLV,2026-02-27,,,,,,,,,,,,,,,,,,,,
ZOETIS INC COMMON STOCK USD.01,ZTS,COMMON STOCK,98978V103,US98978V1035,B95WG16,297044.0,38303823.8,0.36,0,,HEALTH CARE,UNITED STATES,AVLV,2026-02-27,,,,,,,,,,,,,,,,,,,,
DECKERS OUTDOOR CORP COMMON STOCK USD.01,DECK,COMMON STOCK,243537107,US2435371073,2267278,311194.0,37162787.48,0.35,0,,CONSUMER DISCRETIONARY,UNITED STATES,AVLV,2026-02-27,,,,,,,,,,,,,,,,,,,,
NORTHERN TRUST CORP COMMON STOCK USD1.666666,NTRS,COMMON STOCK,665859104,US6658591044,2648668,254118.0,37035157.32,0.35,0,,FINANCIALS,UNITED STATES,AVLV,2026-02-27,,,,,,,,,,,,,,,,,,,,
HUNT (JB) TRANSPRT SVCS INC COMMON STOCK USD.01,JBHT,COMMON STOCK,445658107,US4456581077,2445416,163634.0,35876754.5,0.34,0,,INDUSTRIALS,UNITED STATES,AVLV,2026-02-27,,,,,,,,,,,,,,,,,,,,
PACKAGING CORP OF AMERICA COMMON STOCK USD.01,PKG,COMMON STOCK,695156109,US6951561090,2504566,145565.0,33613869.8,0.32,0,,MATERIALS,UNITED STATES,AVLV,2026-02-27,,,,,,,,,,,,,,,,,,,,
LPL FINANCIAL HOLDINGS INC COMMON STOCK,LPLA,COMMON STOCK,50212V100,US50212V1008,B75JX34,100691.0,32067062.77,0.3,0,,FINANCIALS,UNITED STATES,AVLV,2026-02-27,,,,,,,,,,,,,,,,,,,,
RENAISSANCERE HOLDINGS LTD COMMON STOCK USD1.0,RNR,COMMON STOCK,G7496G103,BMG7496G1033,2728429,106779.0,31892751.72,0.3,0,,FINANCIALS,UNITED STATES,AVLV,2026-02-27,,,,,,,,,,,,,,,,,,,,
LENNAR CORP W/D COMMON STOCK USD.1,LEN,COMMON STOCK,526057104,US5260571048,2511920,284546.0,31507778.58,0.3,0,,CONSUMER DISCRETIONARY,UNITED STATES,AVLV,2026-02-27,,,,,,,,,,,,,,,,,,,,
RALPH LAUREN CORP COMMON STOCK USD.01,RL,COMMON STOCK,751212101,US7512121010,B4V9661,83191.0,31368830.37,0.29,0,,CONSUMER DISCRETIONARY,UNITED STATES,AVLV,2026-02-27,,,,,,,,,,,,,,,,,,,,
CF INDUSTRIES HOLDINGS INC COMMON STOCK USD.01,CF,COMMON STOCK,125269100,US1252691001,B0G4K50,320540.0,30816715.6,0.29,0,,MATERIALS,UNITED STATES,AVLV,2026-02-27,,,,,,,,,,,,,,,,,,,,
ESTEE LAUDER COMPANIES CL A COMMON STOCK USD.01,EL,COMMON STOCK,518439104,US5184391044,2320524,272274.0,30745180.08,0.29,0,,CONSUMER STAPLES,UNITED STATES,AVLV,2026-02-27,,,,,,,,,,,,,,,,,,,,
BORGWARNER INC COMMON STOCK USD.01,BWA,COMMON STOCK,099724106,US0997241064,2111955,501346.0,29805019.7,0.28,0,,CONSUMER DISCRETIONARY,UNITED STATES,AVLV,2026-02-27,,,,,,,,,,,,,,,,,,,,
OVINTIV INC COMMON STOCK,OVV,COMMON STOCK,69047Q102,US69047Q1022,BJ01KB6,600471.0,29621234.43,0.28,0,,ENERGY,UNITED STATES,AVLV,2026-02-27,,,,,,,,,,,,,,,,,,,,
LAS VEGAS SANDS CORP COMMON STOCK USD.001,LVS,COMMON STOCK,517834107,US5178341070,B02T2J7,536370.0,29537895.9,0.28,0,,CONSUMER DISCRETIONARY,UNITED STATES,AVLV,2026-02-27,,,,,,,,,,,,,,,,,,,,
BJ S WHOLESALE CLUB HOLDINGS COMMON STOCK USD.01,BJ,COMMON STOCK,05550J101,US05550J1016,BFZNZF8,294352.0,28566861.6,0.27,0,,CONSUMER STAPLES,UNITED STATES,AVLV,2026-02-27,,,,,,,,,,,,,,,,,,,,
TALEN ENERGY CORP COMMON STOCK USD.001,TLN,COMMON STOCK,87422Q109,US87422Q1094,BRRF114,72789.0,28491798.27,0.27,0,,UTILITIES,UNITED STATES,AVLV,2026-02-27,,,,,,,,,,,,,,,,,,,,
DIAMONDBACK ENERGY INC COMMON STOCK USD.01,FANG,COMMON STOCK,25278X109,US25278X1090,B7Y8YR3,168478.0,28265554.06,0.27,0,,ENERGY,UNITED STATES,AVLV,2026-02-27,,,,,,,,,,,,,,,,,,,,
JAZZ PHARMACEUTICALS PLC COMMON STOCK USD.0001,JAZZ,COMMON STOCK,G50871105,IE00B4Q5ZN47,B4Q5ZN4,140700.0,27693981.0,0.26,0,,HEALTH CARE,UNITED STATES,AVLV,2026-02-27,,,,,,,,,,,,,,,,,,,,
TEXAS ROADHOUSE INC COMMON STOCK USD.001,TXRH,COMMON STOCK,882681109,US8826811098,B033TJ7,152344.0,27693092.32,0.26,0,,CONSUMER DISCRETIONARY,UNITED STATES,AVLV,2026-02-27,,,,,,,,,,,,,,,,,,,,
NORWEGIAN CRUISE LINE HOLDIN COMMON STOCK USD.001,NCLH,COMMON STOCK,G66721104,BMG667211046,B9CGTC3,1148307.0,27341189.67,0.26,0,,CONSUMER DISCRETIONARY,UNITED STATES,AVLV,2026-02-27,,,,,,,,,,,,,,,,,,,,
DYCOM INDUSTRIES INC COMMON STOCK USD.3333333,DY,COMMON STOCK,267475101,US2674751019,2289841,64016.0,27236887.52,0.26,0,,INDUSTRIALS,UNITED STATES,AVLV,2026-02-27,,,,,,,,,,,,,,,,,,,,
BEST BUY CO INC COMMON STOCK USD.1,BBY,COMMON STOCK,086516101,US0865161014,2094670,435099.0,27119720.67,0.25,0,,CONSUMER DISCRETIONARY,UNITED STATES,AVLV,2026-02-27,,,,,,,,,,,,,,,,,,,,
LENNOX INTERNATIONAL INC COMMON STOCK USD.01,LII,COMMON STOCK,526107107,US5261071071,2442053,48935.0,26422453.25,0.25,0,,INDUSTRIALS,UNITED STATES,AVLV,2026-02-27,,,,,,,,,,,,,,,,,,,,
APTIV PLC COMMON STOCK USD.01,APTV,COMMON STOCK,G3265R107,JE00BTDN8H13,BTDN8H1,344025.0,26297271.0,0.25,0,,CONSUMER DISCRETIONARY,UNITED STATES,AVLV,2026-02-27,,,,,,,,,,,,,,,,,,,,
ARCHER DANIELS MIDLAND CO COMMON STOCK,ADM,COMMON STOCK,039483102,US0394831020,2047317,385882.0,26027740.9,0.24,0,,CONSUMER STAPLES,UNITED STATES,AVLV,2026-02-27,,,,,,,,,,,,,,,,,,,,
APA CORP COMMON STOCK USD.625,APA,COMMON STOCK,03743Q108,US03743Q1085,BNNF1C1,923542.0,25711409.28,0.24,0,,ENERGY,UNITED STATES,AVLV,2026-02-27,,,,,,,,,,,,,,,,,,,,
PERMIAN RESOURCES CORP CL A COMMON STOCK USD.0001,PR,COMMON STOCK,71424F105,US71424F1057,BQPCHB2,1459815.0,25707342.15,0.24,0,,ENERGY,UNITED STATES,AVLV,2026-02-27,,,,,,,,,,,,,,,,,,,,
LYONDELLBASELL INDU CL A COMMON STOCK EUR.04,LYB,COMMON STOCK,N53745100,NL0009434992,B3SPXZ3,445484.0,25281217.0,0.24,0,,MATERIALS,UNITED STATES,AVLV,2026-02-27,,,,,,,,,,,,,,,,,,,,
GLOBE LIFE INC COMMON STOCK USD1.0,GL,COMMON STOCK,37959E102,US37959E1029,BK6YKG1,175097.0,25240232.55,0.24,0,,FINANCIALS,UNITED STATES,AVLV,2026-02-27,,,,,,,,,,,,,,,,,,,,
EAST WEST BANCORP INC COMMON STOCK USD.001,EWBC,COMMON STOCK,27579R104,US27579R1041,2487407,215906.0,24939302.06,0.23,0,,FINANCIALS,UNITED STATES,AVLV,2026-02-27,,,,,,,,,,,,,,,,,,,,
COCA COLA CONSOLIDATED INC COMMON STOCK USD1.0,COKE,COMMON STOCK,191098102,US1910981026,2206721,123860.0,24788101.8,0.23,0,,CONSUMER STAPLES,UNITED STATES,AVLV,2026-02-27,,,,,,,,,,,,,,,,,,,,
LULULEMON ATHLETICA INC COMMON STOCK USD.005,LULU,COMMON STOCK,550021109,US5500211090,B23FN39,135278.0,24694998.9,0.23,0,,CONSUMER DISCRETIONARY,UNITED STATES,AVLV,2026-02-27,,,,,,,,,,,,,,,,,,,,
INTERDIGITAL INC COMMON STOCK USD.01,IDCC,COMMON STOCK,45867G101,US45867G1013,2465737,65068.0,24662073.36,0.23,0,,INFORMATION TECHNOLOGY,UNITED STATES,AVLV,2026-02-27,,,,,,,,,,,,,,,,,,,,
ALLY FINANCIAL INC COMMON STOCK USD.01,ALLY,COMMON STOCK,02005N100,US02005N1000,B72XK05,584489.0,24250448.61,0.23,0,,FINANCIALS,UNITED STATES,AVLV,2026-02-27,,,,,,,,,,,,,,,,,,,,
EXELIXIS INC COMMON STOCK USD.001,EXEL,COMMON STOCK,30161Q104,US30161Q1040,2576941,539122.0,24125709.5,0.23,0,,HEALTH CARE,UNITED STATES,AVLV,2026-02-27,,,,,,,,,,,,,,,,,,,,
UNIVERSAL HEALTH SERVICES B COMMON STOCK USD.01,UHS,COMMON STOCK,913903100,US9139031002,2923785,102776.0,23713506.48,0.22,0,,HEALTH CARE,UNITED STATES,AVLV,2026-02-27,,,,,,,,,,,,,,,,,,,,
NVR INC COMMON STOCK USD.01,NVR,COMMON STOCK,62944T105,US62944T1051,2637785,3220.0,23451710.8,0.22,0,,CONSUMER DISCRETIONARY,UNITED STATES,AVLV,2026-02-27,,,,,,,,,,,,,,,,,,,,
PRINCIPAL FINANCIAL GROUP COMMON STOCK USD.01,PFG,COMMON STOCK,74251V102,US74251V1026,2803014,246875.0,23374125.0,0.22,0,,FINANCIALS,UNITED STATES,AVLV,2026-02-27,,,,,,,,,,,,,,,,,,,,
OWENS CORNING COMMON STOCK USD.001,OC,COMMON STOCK,690742101,US6907421019,B1FW7Q2,189128.0,23353525.44,0.22,0,,INDUSTRIALS,UNITED STATES,AVLV,2026-02-27,,,,,,,,,,,,,,,,,,,,
ATI INC COMMON STOCK USD.1,ATI,COMMON STOCK,01741R102,US01741R1023,2526117,145598.0,23298591.96,0.22,0,,INDUSTRIALS,UNITED STATES,AVLV,2026-02-27,,,,,,,,,,,,,,,,,,,,
FIVE BELOW COMMON STOCK USD.01,FIVE,COMMON STOCK,33829M101,US33829M1018,B85KFY9,101168.0,22570580.8,0.21,0,,CONSUMER DISCRETIONARY,UNITED STATES,AVLV,2026-02-27,,,,,,,,,,,,,,,,,,,,
ASSURANT INC COMMON STOCK USD.01,AIZ,COMMON STOCK,04621X108,US04621X1081,2331430,99589.0,22320882.57,0.21,0,,FINANCIALS,UNITED STATES,AVLV,2026-02-27,,,,,,,,,,,,,,,,,,,,
ADVANCED DRAINAGE SYSTEMS IN COMMON STOCK USD.01,WMS,COMMON STOCK,00790R104,US00790R1041,BP7RS59,130647.0,22209990.0,0.21,0,,INDUSTRIALS,UNITED STATES,AVLV,2026-02-27,,,,,,,,,,,,,,,,,,,,
RYDER SYSTEM INC COMMON STOCK USD.5,R,COMMON STOCK,783549108,US7835491082,2760669,99164.0,21907310.88,0.21,0,,INDUSTRIALS,UNITED STATES,AVLV,2026-02-27,,,,,,,,,,,,,,,,,,,,
VALMONT INDUSTRIES COMMON STOCK USD1.0,VMI,COMMON STOCK,920253101,US9202531011,2926825,46166.0,21412714.12,0.2,0,,INDUSTRIALS,UNITED STATES,AVLV,2026-02-27,,,,,,,,,,,,,,,,,,,,
AUTOLIV INC COMMON STOCK USD1.0,ALV,COMMON STOCK,052800109,US0528001094,2064253,172558.0,20839829.66,0.2,0,,CONSUMER DISCRETIONARY,UNITED STATES,AVLV,2026-02-27,,,,,,,,,,,,,,,,,,,,
PRIMERICA INC COMMON STOCK,PRI,COMMON STOCK,74164M108,US74164M1080,B50K3X8,80685.0,20600494.2,0.19,0,,FINANCIALS,UNITED STATES,AVLV,2026-02-27,,,,,,,,,,,,,,,,,,,,
JACKSON FINANCIAL INC A COMMON STOCK USD.01,JXN,COMMON STOCK,46817M107,US46817M1071,BMFX6P4,182142.0,20567474.64,0.19,0,,FINANCIALS,UNITED STATES,AVLV,2026-02-27,,,,,,,,,,,,,,,,,,,,
TORO CO COMMON STOCK USD1.0,TTC,COMMON STOCK,891092108,US8910921084,2897040,205296.0,20326356.96,0.19,0,,INDUSTRIALS,UNITED STATES,AVLV,2026-02-27,,,,,,,,,,,,,,,,,,,,
AXIS CAPITAL HOLDINGS LTD COMMON STOCK USD.0125,AXS,COMMON STOCK,G0692U109,BMG0692U1099,2677606,196070.0,20114821.3,0.19,0,,FINANCIALS,UNITED STATES,AVLV,2026-02-27,,,,,,,,,,,,,,,,,,,,
MUELLER INDUSTRIES INC COMMON STOCK USD.01,MLI,COMMON STOCK,624756102,US6247561029,2609717,167890.0,19910075.1,0.19,0,,INDUSTRIALS,UNITED STATES,AVLV,2026-02-27,,,,,,,,,,,,,,,,,,,,
MASIMO CORP COMMON STOCK USD.001,MASI,COMMON STOCK,574795100,US5747951003,B1YWR63,112919.0,19772116.9,0.19,0,,HEALTH CARE,UNITED STATES,AVLV,2026-02-27,,,,,,,,,,,,,,,,,,,,
NETFLIX INC COMMON STOCK USD.001,NFLX,COMMON STOCK,64110L106,US64110L1061,2857817,237245.0,19620161.5,0.18,0,,COMMUNICATION SERVICES,UNITED STATES,AVLV,2026-02-27,,,,,,,,,,,,,,,,,,,,
EXPAND ENERGY CORP COMMON STOCK USD.01,EXE,COMMON STOCK,165167735,US1651677353,BMZ5LZ5,181758.0,19275435.9,0.18,0,,ENERGY,UNITED STATES,AVLV,2026-02-27,,,,,,,,,,,,,,,,,,,,
RANGE RESOURCES CORP COMMON STOCK USD.01,RRC,COMMON STOCK,75281A109,US75281A1097,2523334,488636.0,19120326.68,0.18,0,,ENERGY,UNITED STATES,AVLV,2026-02-27,,,,,,,,,,,,,,,,,,,,
VF CORP COMMON STOCK,VFC,COMMON STOCK,918204108,US9182041080,2928683,954270.0,18646435.8,0.17,0,,CONSUMER DISCRETIONARY,UNITED STATES,AVLV,2026-02-27,,,,,,,,,,,,,,,,,,,,
ARMSTRONG WORLD INDUSTRIES COMMON STOCK USD.01,AWI,COMMON STOCK,04247X102,US04247X1028,B1FT462,107284.0,18475377.64,0.17,0,,INDUSTRIALS,UNITED STATES,AVLV,2026-02-27,,,,,,,,,,,,,,,,,,,,
INGREDION INC COMMON STOCK USD.01,INGR,COMMON STOCK,457187102,US4571871023,B7K24P7,147010.0,17117844.4,0.16,0,,CONSUMER STAPLES,UNITED STATES,AVLV,2026-02-27,,,,,,,,,,,,,,,,,,,,
EAGLE MATERIALS INC COMMON STOCK USD.01,EXP,COMMON STOCK,26969P108,US26969P1084,2191399,76903.0,17093229.81,0.16,0,,MATERIALS,UNITED STATES,AVLV,2026-02-27,,,,,,,,,,,,,,,,,,,,
JABIL INC COMMON STOCK USD.001,JBL,COMMON STOCK,466313103,US4663131039,2471789,61491.0,17068056.87,0.16,0,,INFORMATION TECHNOLOGY,UNITED STATES,AVLV,2026-02-27,,,,,,,,,,,,,,,,,,,,
GAP INC/THE COMMON STOCK USD.05,GAP,COMMON STOCK,364760108,US3647601083,2360326,616132.0,16746467.76,0.16,0,,CONSUMER DISCRETIONARY,UNITED STATES,AVLV,2026-02-27,,,,,,,,,,,,,,,,,,,,
AMKOR TECHNOLOGY INC COMMON STOCK USD.001,AMKR,COMMON STOCK,031652100,US0316521006,2242929,325064.0,16558760.16,0.16,0,,INFORMATION TECHNOLOGY,UNITED STATES,AVLV,2026-02-27,,,,,,,,,,,,,,,,,,,,
CENTENE CORP COMMON STOCK USD.001,CNC,COMMON STOCK,15135B101,US15135B1017,2807061,385243.0,16446023.67,0.15,0,,HEALTH CARE,UNITED STATES,AVLV,2026-02-27,,,,,,,,,,,,,,,,,,,,
PRIMORIS SERVICES CORP COMMON STOCK USD.0001,PRIM,COMMON STOCK,74164F103,US74164F1030,B1GC200,106734.0,16351648.8,0.15,0,,INDUSTRIALS,UNITED STATES,AVLV,2026-02-27,,,,,,,,,,,,,,,,,,,,
EQT CORP COMMON STOCK,EQT,COMMON STOCK,26884L109,US26884L1098,2319414,274824.0,16319049.12,0.15,0,,ENERGY,UNITED STATES,AVLV,2026-02-27,,,,,,,,,,,,,,,,,,,,
CONSTELLATION BRANDS INC A COMMON STOCK USD.01,STZ,COMMON STOCK,21036P108,US21036P1084,2170473,104156.0,16156678.72,0.15,0,,CONSUMER STAPLES,UNITED STATES,AVLV,2026-02-27,,,,,,,,,,,,,,,,,,,,
COREBRIDGE FINANCIAL INC COMMON STOCK USD.01,CRBG,COMMON STOCK,21871X109,US21871X1090,BMTX0G9,581182.0,15982505.0,0.15,0,,FINANCIALS,UNITED STATES,AVLV,2026-02-27,,,,,,,,,,,,,,,,,,,,
ONEMAIN HOLDINGS INC COMMON STOCK USD.01,OMF,COMMON STOCK,68268W103,US68268W1036,BYSZB89,279629.0,15762686.73,0.15,0,,FINANCIALS,UNITED STATES,AVLV,2026-02-27,,,,,,,,,,,,,,,,,,,,
COMCAST CORP CLASS A COMMON STOCK USD.01,CMCSA,COMMON STOCK,20030N101,US20030N1019,2044545,510416.0,15715708.64,0.15,0,,COMMUNICATION SERVICES,UNITED STATES,AVLV,2026-02-27,,,,,,,,,,,,,,,,,,,,
SPROUTS FARMERS MARKET INC COMMON STOCK USD.001,SFM,COMMON STOCK,85208M102,US85208M1027,BCGCR79,211096.0,15564108.08,0.15,0,,CONSUMER STAPLES,UNITED STATES,AVLV,2026-02-27,,,,,,,,,,,,,,,,,,,,
HF SINCLAIR CORP COMMON STOCK,DINO,COMMON STOCK,403949100,US4039491000,BMZQ9C1,305554.0,15234922.44,0.14,0,,ENERGY,UNITED STATES,AVLV,2026-02-27,,,,,,,,,,,,,,,,,,,,
MURPHY USA INC COMMON STOCK USD.01,MUSA,COMMON STOCK,626755102,US6267551025,BCZWJ63,39295.0,15093602.45,0.14,0,,CONSUMER DISCRETIONARY,UNITED STATES,AVLV,2026-02-27,,,,,,,,,,,,,,,,,,,,
AMERICAN FINANCIAL GROUP INC COMMON STOCK,AFG,COMMON STOCK,025932104,US0259321042,2134532,112843.0,14870450.54,0.14,0,,FINANCIALS,UNITED STATES,AVLV,2026-02-27,,,,,,,,,,,,,,,,,,,,
ZIONS BANCORP NA COMMON STOCK USD.001,ZION,COMMON STOCK,989701107,US9897011071,2989828,235032.0,14195932.8,0.13,0,,FINANCIALS,UNITED STATES,AVLV,2026-02-27,,,,,,,,,,,,,,,,,,,,
HERSHEY CO/THE COMMON STOCK USD1.0,HSY,COMMON STOCK,427866108,US4278661081,2422806,61348.0,14087954.72,0.13,0,,CONSUMER STAPLES,UNITED STATES,AVLV,2026-02-27,,,,,,,,,,,,,,,,,,,,
ANTERO MIDSTREAM CORP COMMON STOCK,AM,COMMON STOCK,03676B102,US03676B1026,BJBT0Q4,627134.0,13972545.52,0.13,0,,ENERGY,UNITED STATES,AVLV,2026-02-27,,,,,,,,,,,,,,,,,,,,
ALASKA AIR GROUP INC COMMON STOCK USD.01,ALK,COMMON STOCK,011659109,US0116591092,2012605,256035.0,13907821.2,0.13,0,,INDUSTRIALS,UNITED STATES,AVLV,2026-02-27,,,,,,,,,,,,,,,,,,,,
VISA INC CLASS A SHARES COMMON STOCK USD.0001,V,COMMON STOCK,92826C839,US92826C8394,B2PZN04,44097.0,13801920.03,0.13,0,,FINANCIALS,UNITED STATES,AVLV,2026-02-27,,,,,,,,,,,,,,,,,,,,
AUTONATION INC COMMON STOCK USD.01,AN,COMMON STOCK,05329W102,US05329W1027,2732635,69897.0,13733362.56,0.13,0,,CONSUMER DISCRETIONARY,UNITED STATES,AVLV,2026-02-27,,,,,,,,,,,,,,,,,,,,
LAMB WESTON HOLDINGS INC COMMON STOCK USD1.0,LW,COMMON STOCK,513272104,US5132721045,BDQZFJ3,290773.0,13689592.84,0.13,0,,CONSUMER STAPLES,UNITED STATES,AVLV,2026-02-27,,,,,,,,,,,,,,,,,,,,
ILLUMINA INC COMMON STOCK USD.01,ILMN,COMMON STOCK,452327109,US4523271090,2613990,105321.0,12835470.27,0.12,0,,HEALTH CARE,UNITED STATES,AVLV,2026-02-27,,,,,,,,,,,,,,,,,,,,
INSTALLED BUILDING PRODUCTS COMMON STOCK USD.01,IBP,COMMON STOCK,45780R101,US45780R1014,BJSP4C9,40780.0,12264177.2,0.12,0,,CONSUMER DISCRETIONARY,UNITED STATES,AVLV,2026-02-27,,,,,,,,,,,,,,,,,,,,
MOLSON COORS BEVERAGE CO   B COMMON STOCK USD.01,TAP,COMMON STOCK,60871R209,US60871R2094,B067BM3,251804.0,11963208.04,0.11,0,,CONSUMER STAPLES,UNITED STATES,AVLV,2026-02-27,,,,,,,,,,,,,,,,,,,,
NEWMARKET CORP COMMON STOCK,NEU,COMMON STOCK,651587107,US6515871076,B01CGF1,19379.0,11949091.4,0.11,0,,MATERIALS,UNITED STATES,AVLV,2026-02-27,,,,,,,,,,,,,,,,,,,,
GALAXY DIGITAL INC A COMMON STOCK,GLXY,COMMON STOCK,36317J209,US36317J2096,BV97X10,521305.0,11901393.15,0.11,0,,FINANCIALS,UNITED STATES,AVLV,2026-02-27,,,,,,,,,,,,,,,,,,,,
BOYD GAMING CORP COMMON STOCK USD.01,BYD,COMMON STOCK,103304101,US1033041013,2117232,138770.0,11785736.1,0.11,0,,CONSUMER DISCRETIONARY,UNITED STATES,AVLV,2026-02-27,,,,,,,,,,,,,,,,,,,,
HESS MIDSTREAM LP   CLASS A COMMON STOCK,HESM,COMMON STOCK,428103105,US4281031058,BKPK695,302105.0,11531347.85,0.11,0,,ENERGY,UNITED STATES,AVLV,2026-02-27,,,,,,,,,,,,,,,,,,,,
GOLDMAN SACHS GROUP INC COMMON STOCK USD.01,GS,COMMON STOCK,38141G104,US38141G1040,2407966,12315.0,11346794.7,0.11,0,,FINANCIALS,UNITED STATES,AVLV,2026-02-27,,,,,,,,,,,,,,,,,,,,
MATADOR RESOURCES CO COMMON STOCK USD.01,MTDR,COMMON STOCK,576485205,US5764852050,B7MSLL8,219841.0,10937089.75,0.1,0,,ENERGY,UNITED STATES,AVLV,2026-02-27,,,,,,,,,,,,,,,,,,,,
UNITED THERAPEUTICS CORP COMMON STOCK USD.01,UTHR,COMMON STOCK,91307C102,US91307C1027,2430412,20141.0,10777449.1,0.1,0,,HEALTH CARE,UNITED STATES,AVLV,2026-02-27,,,,,,,,,,,,,,,,,,,,
FOX CORP   CLASS A COMMON STOCK USD.01,FOXA,COMMON STOCK,35137L105,US35137L1052,BJJMGL2,196953.0,10659096.36,0.1,0,,COMMUNICATION SERVICES,UNITED STATES,AVLV,2026-02-27,,,,,,,,,,,,,,,,,,,,
SMITH (A.O.) CORP COMMON STOCK USD1.0,AOS,COMMON STOCK,831865209,US8318652091,2816023,138614.0,10576248.2,0.1,0,,INDUSTRIALS,UNITED STATES,AVLV,2026-02-27,,,,,,,,,,,,,,,,,,,,
MGIC INVESTMENT CORP COMMON STOCK USD1.0,MTG,COMMON STOCK,552848103,US5528481030,2548616,398717.0,10573974.84,0.1,0,,FINANCIALS,UNITED STATES,AVLV,2026-02-27,,,,,,,,,,,,,,,,,,,,
LOUISIANA PACIFIC CORP COMMON STOCK USD1.0,LPX,COMMON STOCK,546347105,US5463471053,2535243,121539.0,10006305.87,0.09,0,,MATERIALS,UNITED STATES,AVLV,2026-02-27,,,,,,,,,,,,,,,,,,,,
SOLSTICE ADV MATERIALS INC COMMON STOCK USD.01,SOLS,COMMON STOCK,83443Q103,US83443Q1031,BW2K5V7,124985.0,9982551.95,0.09,0,,MATERIALS,UNITED STATES,AVLV,2026-02-27,,,,,,,,,,,,,,,,,,,,
LITHIA MOTORS INC COMMON STOCK,LAD,COMMON STOCK,536797103,US5367971034,2515030,34848.0,9740712.96,0.09,0,,CONSUMER DISCRETIONARY,UNITED STATES,AVLV,2026-02-27,,,,,,,,,,,,,,,,,,,,
WINTRUST FINANCIAL CORP COMMON STOCK,WTFC,COMMON STOCK,97650W108,US97650W1080,2425258,63849.0,9572242.08,0.09,0,,FINANCIALS,UNITED STATES,AVLV,2026-02-27,,,,,,,,,,,,,,,,,,,,
T ROWE PRICE GROUP INC COMMON STOCK USD.2,TROW,COMMON STOCK,74144T108,US74144T1088,2702337,99099.0,9441161.73,0.09,0,,FINANCIALS,UNITED STATES,AVLV,2026-02-27,,,,,,,,,,,,,,,,,,,,
CHORD ENERGY CORP COMMON STOCK,CHRD,COMMON STOCK,674215207,US6742152076,BLDDYB1,90949.0,9431411.3,0.09,0,,ENERGY,UNITED STATES,AVLV,2026-02-27,,,,,,,,,,,,,,,,,,,,
URBAN OUTFITTERS INC COMMON STOCK USD.0001,URBN,COMMON STOCK,917047102,US9170471026,2933438,142925.0,9355870.5,0.09,0,,CONSUMER DISCRETIONARY,UNITED STATES,AVLV,2026-02-27,,,,,,,,,,,,,,,,,,,,
CROCS INC COMMON STOCK USD.001,CROX,COMMON STOCK,227046109,US2270461096,B0T7Z62,98926.0,9296076.22,0.09,0,,CONSUMER DISCRETIONARY,UNITED STATES,AVLV,2026-02-27,,,,,,,,,,,,,,,,,,,,
LANTHEUS HOLDINGS INC COMMON STOCK USD.01,LNTH,COMMON STOCK,516544103,US5165441032,BP8S8J5,120792.0,9146370.24,0.09,0,,HEALTH CARE,UNITED STATES,AVLV,2026-02-27,,,,,,,,,,,,,,,,,,,,
WEATHERFORD INTERNATIONAL PL COMMON STOCK USD.001,WFRD,COMMON STOCK,G48833118,IE00BLNN3691,BLNN369,86801.0,9110632.96,0.09,0,,ENERGY,UNITED STATES,AVLV,2026-02-27,,,,,,,,,,,,,,,,,,,,
SANMINA CORP COMMON STOCK USD.01,SANM,COMMON STOCK,801056102,US8010561020,B92RRW2,56053.0,9042469.96,0.08,0,,INFORMATION TECHNOLOGY,UNITED STATES,AVLV,2026-02-27,,,,,,,,,,,,,,,,,,,,
FIRST CITIZENS BCSHS   CL A COMMON STOCK USD1.0,FCNCA,COMMON STOCK,31946M103,US31946M1036,2355582,4424.0,8828976.8,0.08,0,,FINANCIALS,UNITED STATES,AVLV,2026-02-27,,,,,,,,,,,,,,,,,,,,
SLM CORP COMMON STOCK USD.2,SLM,COMMON STOCK,78442P106,US78442P1066,2101967,425005.0,8670102.0,0.08,0,,FINANCIALS,UNITED STATES,AVLV,2026-02-27,,,,,,,,,,,,,,,,,,,,
MATTEL INC COMMON STOCK USD1.0,MAT,COMMON STOCK,577081102,US5770811025,2572303,501129.0,8444023.65,0.08,0,,CONSUMER DISCRETIONARY,UNITED STATES,AVLV,2026-02-27,,,,,,,,,,,,,,,,,,,,
IES HOLDINGS INC COMMON STOCK USD.01,IESC,COMMON STOCK,44951W106,US44951W1062,BD978B9,16561.0,8357839.87,0.08,0,,INDUSTRIALS,UNITED STATES,AVLV,2026-02-27,,,,,,,,,,,,,,,,,,,,
PEGASYSTEMS INC COMMON STOCK USD.01,PEGA,COMMON STOCK,705573103,US7055731035,2675860,187625.0,8082885.0,0.08,0,,INFORMATION TECHNOLOGY,UNITED STATES,AVLV,2026-02-27,,,,,,,,,,,,,,,,,,,,
NOV INC COMMON STOCK USD.01,NOV,COMMON STOCK,62955J103,US62955J1034,BN2RYW9,391837.0,7899433.92,0.07,0,,ENERGY,UNITED STATES,AVLV,2026-02-27,,,,,,,,,,,,,,,,,,,,
SSC GOVERNMENT MM GVMXX,OTHER,SWEEP INVESTMENT VEHICLE,7839989D1,,,7803521.0,7803520.67,0.07,3.640583,12/31/2030,MISCELLANEOUS,UNITED STATES,AVLV,2026-02-27,,,,,,,,,,,,,,,,,,,,
LEAR CORP COMMON STOCK USD.01,LEA,COMMON STOCK,521865204,US5218652049,B570P91,56619.0,7564864.59,0.07,0,,CONSUMER DISCRETIONARY,UNITED STATES,AVLV,2026-02-27,,,,,,,,,,,,,,,,,,,,
BRINKER INTERNATIONAL INC COMMON STOCK USD.1,EAT,COMMON STOCK,109641100,US1096411004,2193544,50532.0,7322086.8,0.07,0,,CONSUMER DISCRETIONARY,UNITED STATES,AVLV,2026-02-27,,,,,,,,,,,,,,,,,,,,
OPENDOOR TECHNOLOGIES INC COMMON STOCK USD.0001,OPEN,COMMON STOCK,683712103,US6837121036,BL96T19,1431114.0,7126947.72,0.07,0,,REAL ESTATE,UNITED STATES,AVLV,2026-02-27,,,,,,,,,,,,,,,,,,,,
GATX CORP COMMON STOCK USD.625,GATX,COMMON STOCK,361448103,US3614481030,2362128,36746.0,6935072.58,0.07,0,,INDUSTRIALS,UNITED STATES,AVLV,2026-02-27,,,,,,,,,,,,,,,,,,,,
FOX CORP   CLASS B COMMON STOCK USD.01,FOX,COMMON STOCK,35137L204,US35137L2043,BJJMGY5,138269.0,6860907.78,0.06,0,,COMMUNICATION SERVICES,UNITED STATES,AVLV,2026-02-27,,,,,,,,,,,,,,,,,,,,
GRAPHIC PACKAGING HOLDING CO COMMON STOCK USD.01,GPK,COMMON STOCK,388689101,US3886891015,B2Q8249,549871.0,6603950.71,0.06,0,,MATERIALS,UNITED STATES,AVLV,2026-02-27,,,,,,,,,,,,,,,,,,,,
UNUM GROUP COMMON STOCK USD.1,UNM,COMMON STOCK,91529Y106,US91529Y1064,2433842,85804.0,6219073.92,0.06,0,,FINANCIALS,UNITED STATES,AVLV,2026-02-27,,,,,,,,,,,,,,,,,,,,
KYNDRYL HOLDINGS INC COMMON STOCK USD.01,KD,COMMON STOCK,50155Q100,US50155Q1004,BP6JW21,512281.0,6198600.1,0.06,0,,INFORMATION TECHNOLOGY,UNITED STATES,AVLV,2026-02-27,,,,,,,,,,,,,,,,,,,,
ABERCROMBIE + FITCH CO CL A COMMON STOCK USD.01,ANF,COMMON STOCK,002896207,US0028962076,2004185,64308.0,6167780.28,0.06,0,,CONSUMER DISCRETIONARY,UNITED STATES,AVLV,2026-02-27,,,,,,,,,,,,,,,,,,,,
AGCO CORP COMMON STOCK USD.01,AGCO,COMMON STOCK,001084102,US0010841023,2010278,44988.0,6024792.96,0.06,0,,INDUSTRIALS,UNITED STATES,AVLV,2026-02-27,,,,,,,,,,,,,,,,,,,,
MARKEL GROUP INC COMMON STOCK,MKL,COMMON STOCK,570535104,US5705351048,2566436,2887.0,5995259.68,0.06,0,,FINANCIALS,UNITED STATES,AVLV,2026-02-27,,,,,,,,,,,,,,,,,,,,
LINCOLN NATIONAL CORP COMMON STOCK,LNC,COMMON STOCK,534187109,US5341871094,2516378,164664.0,5929550.64,0.06,0,,FINANCIALS,UNITED STATES,AVLV,2026-02-27,,,,,,,,,,,,,,,,,,,,
BANK OZK COMMON STOCK,OZK,COMMON STOCK,06417N103,US06417N1037,BZ56Q65,117980.0,5784559.4,0.05,0,,FINANCIALS,UNITED STATES,AVLV,2026-02-27,,,,,,,,,,,,,,,,,,,,
LEVI STRAUSS + CO  CLASS A COMMON STOCK USD.001,LEVI,COMMON STOCK,52736R102,US52736R1023,BHRWS81,244115.0,5404706.1,0.05,0,,CONSUMER DISCRETIONARY,UNITED STATES,AVLV,2026-02-27,,,,,,,,,,,,,,,,,,,,
LANDSTAR SYSTEM INC COMMON STOCK USD.01,LSTR,COMMON STOCK,515098101,US5150981018,2503994,36652.0,5289983.16,0.05,0,,INDUSTRIALS,UNITED STATES,AVLV,2026-02-27,,,,,,,,,,,,,,,,,,,,
GRAND CANYON EDUCATION INC COMMON STOCK USD.01,LOPE,COMMON STOCK,38526M106,US38526M1062,B3F1XM1,32210.0,5053749.0,0.05,0,,CONSUMER DISCRETIONARY,UNITED STATES,AVLV,2026-02-27,,,,,,,,,,,,,,,,,,,,
DILLARDS INC CL A COMMON STOCK,DDS,COMMON STOCK,254067101,US2540671011,2269768,7837.0,4704159.25,0.04,0,,CONSUMER DISCRETIONARY,UNITED STATES,AVLV,2026-02-27,,,,,,,,,,,,,,,,,,,,
GLOBALSTAR INC COMMON STOCK USD.0001,GSAT,COMMON STOCK,378973507,US3789735079,BRJMM32,72870.0,4622872.8,0.04,0,,COMMUNICATION SERVICES,UNITED STATES,AVLV,2026-02-27,,,,,,,,,,,,,,,,,,,,
JEFFERIES FINANCIAL GROUP IN COMMON STOCK USD1.0,JEF,COMMON STOCK,47233W109,US47233W1099,BG0Q4Z2,90846.0,4604983.74,0.04,0,,FINANCIALS,UNITED STATES,AVLV,2026-02-27,,,,,,,,,,,,,,,,,,,,
MACY S INC COMMON STOCK USD.01,M,COMMON STOCK,55616P104,US55616P1049,2345022,222787.0,4522576.1,0.04,0,,CONSUMER DISCRETIONARY,UNITED STATES,AVLV,2026-02-27,,,,,,,,,,,,,,,,,,,,
PILGRIM S PRIDE CORP COMMON STOCK USD.01,PPC,COMMON STOCK,72147K108,US72147K1088,B5L3PZ2,106068.0,4340302.56,0.04,0,,CONSUMER STAPLES,UNITED STATES,AVLV,2026-02-27,,,,,,,,,,,,,,,,,,,,
PARAMOUNT SKYDANCE CL B COMMON STOCK USD.001,PSKY,COMMON STOCK,69932A204,US69932A2042,BSNMNQ5,420870.0,4276039.2,0.04,0,,COMMUNICATION SERVICES,UNITED STATES,AVLV,2026-02-27,,,,,,,,,,,,,,,,,,,,
SMURFIT WESTROCK PLC COMMON STOCK,SW,COMMON STOCK,G8267P108,IE00028FXN24,BRK49M5,91452.0,4204048.44,0.04,0,,MATERIALS,UNITED STATES,AVLV,2026-02-27,,,,,,,,,,,,,,,,,,,,
FLUOR CORP COMMON STOCK USD.01,FLR,COMMON STOCK,343412102,US3434121022,2696838,73971.0,3961147.05,0.04,0,,INDUSTRIALS,UNITED STATES,AVLV,2026-02-27,,,,,,,,,,,,,,,,,,,,
COMMERCIAL METALS CO COMMON STOCK USD.01,CMC,COMMON STOCK,201723103,US2017231034,2213260,50867.0,3793660.86,0.04,0,,MATERIALS,UNITED STATES,AVLV,2026-02-27,,,,,,,,,,,,,,,,,,,,
CABOT CORP COMMON STOCK USD1.0,CBT,COMMON STOCK,127055101,US1270551013,2162500,47342.0,3591837.54,0.03,0,,MATERIALS,UNITED STATES,AVLV,2026-02-27,,,,,,,,,,,,,,,,,,,,
MURPHY OIL CORP COMMON STOCK USD1.0,MUR,COMMON STOCK,626717102,US6267171022,2611206,107929.0,3400842.79,0.03,0,,ENERGY,UNITED STATES,AVLV,2026-02-27,,,,,,,,,,,,,,,,,,,,
IDEXX LABORATORIES INC COMMON STOCK USD.1,IDXX,COMMON STOCK,45168D104,US45168D1046,2459202,5137.0,3376961.06,0.03,0,,HEALTH CARE,UNITED STATES,AVLV,2026-02-27,,,,,,,,,,,,,,,,,,,,
PINNACLE FINANCIAL PARTNERS COMMON STOCK USD1.0,PNFP,COMMON STOCK,72348N109,US72348N1090,BV6GRD0,34640.0,3303616.8,0.03,0,,FINANCIALS,UNITED STATES,AVLV,2026-02-27,,,,,,,,,,,,,,,,,,,,
CAL MAINE FOODS INC COMMON STOCK USD.01,CALM,COMMON STOCK,128030202,US1280302027,2158781,38530.0,3253087.9,0.03,0,,CONSUMER STAPLES,UNITED STATES,AVLV,2026-02-27,,,,,,,,,,,,,,,,,,,,
PULTEGROUP INC COMMON STOCK USD.01,PHM,COMMON STOCK,745867101,US7458671010,2708841,23557.0,3171007.77,0.03,0,,CONSUMER DISCRETIONARY,UNITED STATES,AVLV,2026-02-27,,,,,,,,,,,,,,,,,,,,
MAGNOLIA OIL + GAS CORP   A COMMON STOCK USD.0001,MGY,COMMON STOCK,559663109,US5596631094,BF2GC59,103568.0,2799443.04,0.03,0,,ENERGY,UNITED STATES,AVLV,2026-02-27,,,,,,,,,,,,,,,,,,,,
U HAUL HOLDING CO NON VOTING COMMON STOCK USD.001,UHAL.B,COMMON STOCK,023586506,US0235865062,BP0VMC3,55136.0,2560515.84,0.02,0,,INDUSTRIALS,UNITED STATES,AVLV,2026-02-27,,,,,,,,,,,,,,,,,,,,
CIRRUS LOGIC INC COMMON STOCK USD.001,CRUS,COMMON STOCK,172755100,US1727551004,2197308,17595.0,2526114.15,0.02,0,,INFORMATION TECHNOLOGY,UNITED STATES,AVLV,2026-02-27,,,,,,,,,,,,,,,,,,,,
DEXCOM INC COMMON STOCK USD.001,DXCM,COMMON STOCK,252131107,US2521311074,B0796X4,28405.0,2078109.8,0.02,0,,HEALTH CARE,UNITED STATES,AVLV,2026-02-27,,,,,,,,,,,,,,,,,,,,
TEREX CORP COMMON STOCK USD.01,TEX,COMMON STOCK,880779103,US8807791038,2884224,26533.0,1809285.27,0.02,0,,INDUSTRIALS,UNITED STATES,AVLV,2026-02-27,,,,,,,,,,,,,,,,,,,,
PAYPAL HOLDINGS INC COMMON STOCK,PYPL,COMMON STOCK,70450Y103,US70450Y1038,BYW36M8,36417.0,1723252.44,0.02,0,,FINANCIALS,UNITED STATES,AVLV,2026-02-27,,,,,,,,,,,,,,,,,,,,
SUPER GROUP SGHC LTD COMMON STOCK,SGHC,COMMON STOCK,G8588X103,GG00BMG42V42,BMG42V4,150097.0,1622548.57,0.02,0,,CONSUMER DISCRETIONARY,UNITED STATES,AVLV,2026-02-27,,,,,,,,,,,,,,,,,,,,
NOBLE CORP PLC COMMON STOCK USD.00001,NE,COMMON STOCK,G65431127,GB00BMXNWH07,BN2QTL0,31914.0,1459108.08,0.01,0,,ENERGY,UNITED STATES,AVLV,2026-02-27,,,,,,,,,,,,,,,,,,,,
HANOVER INSURANCE GROUP INC/ COMMON STOCK USD.01,THG,COMMON STOCK,410867105,US4108671052,2020415,6708.0,1181345.88,0.01,0,,FINANCIALS,UNITED STATES,AVLV,2026-02-27,,,,,,,,,,,,,,,,,,,,
ARROWHEAD PHARMACEUTICALS IN COMMON STOCK USD.001,ARWR,COMMON STOCK,04280A100,US04280A1007,BYQBFJ8,18992.0,1170192.08,0.01,0,,HEALTH CARE,UNITED STATES,AVLV,2026-02-27,,,,,,,,,,,,,,,,,,,,
LENNAR CORP   B SHS COMMON STOCK USD.1,LEN.B,COMMON STOCK,526057302,US5260573028,2578293,11058.0,1151358.96,0.01,0,,CONSUMER DISCRETIONARY,UNITED STATES,AVLV,2026-02-27,,,,,,,,,,,,,,,,,,,,
QUALYS INC COMMON STOCK USD.001,QLYS,COMMON STOCK,74758T303,US74758T3032,B7XJTN8,10667.0,973257.08,0.01,0,,INFORMATION TECHNOLOGY,UNITED STATES,AVLV,2026-02-27,,,,,,,,,,,,,,,,,,,,
CARMAX INC COMMON STOCK USD.5,KMX,COMMON STOCK,143130102,US1431301027,2983563,22277.0,936970.62,0.01,0,,CONSUMER DISCRETIONARY,UNITED STATES,AVLV,2026-02-27,,,,,,,,,,,,,,,,,,,,
BAXTER INTERNATIONAL INC COMMON STOCK USD1.0,BAX,COMMON STOCK,071813109,US0718131099,2085102,44620.0,924972.6,0.01,0,,HEALTH CARE,UNITED STATES,AVLV,2026-02-27,,,,,,,,,,,,,,,,,,,,
BROWN FORMAN CORP CLASS B COMMON STOCK USD.15,BF.B,COMMON STOCK,115637209,US1156372096,2146838,32903.0,924574.3,0.01,0,,CONSUMER STAPLES,UNITED STATES,AVLV,2026-02-27,,,,,,,,,,,,,,,,,,,,
SOUTHWEST AIRLINES CO COMMON STOCK USD1.0,LUV,COMMON STOCK,844741108,US8447411088,2831543,14498.0,723305.22,0.01,0,,INDUSTRIALS,UNITED STATES,AVLV,2026-02-27,,,,,,,,,,,,,,,,,,,,
KINSALE CAPITAL GROUP INC COMMON STOCK USD.01,KNSL,COMMON STOCK,49714P108,US49714P1084,BD1MGQ3,1643.0,612691.13,0.01,0,,FINANCIALS,UNITED STATES,AVLV,2026-02-27,,,,,,,,,,,,,,,,,,,,
CULLEN/FROST BANKERS INC COMMON STOCK USD.01,CFR,COMMON STOCK,229899109,US2298991090,2239556,3910.0,558387.1,0.01,0,,FINANCIALS,UNITED STATES,AVLV,2026-02-27,,,,,,,,,,,,,,,,,,,,
POPULAR INC COMMON STOCK USD.01,BPOP,COMMON STOCK,733174700,PR7331747001,B86QM90,3480.0,491758.8,0.0,0,,FINANCIALS,UNITED STATES,AVLV,2026-02-27,,,,,,,,,,,,,,,,,,,,
ENACT HOLDINGS INC COMMON STOCK USD.01,ACT,COMMON STOCK,29249E109,US29249E1091,BNZFTG9,8630.0,363581.9,0.0,0,,FINANCIALS,UNITED STATES,AVLV,2026-02-27,,,,,,,,,,,,,,,,,,,,
EQUITABLE HOLDINGS INC COMMON STOCK USD.01,EQH,COMMON STOCK,29452E101,US29452E1010,BKRMR96,8598.0,353463.78,0.0,0,,FINANCIALS,UNITED STATES,AVLV,2026-02-27,,,,,,,,,,,,,,,,,,,,
F+G ANNUITIES + LIFE INC COMMON STOCK USD.001,FG,COMMON STOCK,30190A104,US30190A1043,BM9XCN0,13560.0,316219.2,0.0,0,,FINANCIALS,UNITED STATES,AVLV,2026-02-27,,,,,,,,,,,,,,,,,,,,
U HAUL HOLDING CO COMMON STOCK USD.25,UHAL,COMMON STOCK,023586100,US0235861004,2028174,5527.0,277565.94,0.0,0,,INDUSTRIALS,UNITED STATES,AVLV,2026-02-27,,,,,,,,,,,,,,,,,,,,
ALKERMES PLC COMMON STOCK USD.01,ALKS,COMMON STOCK,G01767105,IE00B56GVS15,B3P6D26,8369.0,259773.76,0.0,0,,HEALTH CARE,UNITED STATES,AVLV,2026-02-27,,,,,,,,,,,,,,,,,,,,
COMSTOCK RESOURCES INC COMMON STOCK USD.5,CRK,COMMON STOCK,205768302,US2057683029,BD82PS1,12399.0,228141.6,0.0,0,,ENERGY,UNITED STATES,AVLV,2026-02-27,,,,,,,,,,,,,,,,,,,,
CIPHER DIGITAL INC COMMON STOCK USD1.0,CIFR,COMMON STOCK,17253J106,US17253J1060,BMZ8604,9051.0,150337.11,0.0,0,,INFORMATION TECHNOLOGY,UNITED STATES,AVLV,2026-02-27,,,,,,,,,,,,,,,,,,,,
MANHATTAN ASSOCIATES INC COMMON STOCK USD.01,MANH,COMMON STOCK,562750109,US5627501092,2239471,926.0,125287.8,0.0,0,,INFORMATION TECHNOLOGY,UNITED STATES,AVLV,2026-02-27,,,,,,,,,,,,,,,,,,,,
OSCAR HEALTH INC   CLASS A COMMON STOCK USD.00001,OSCR,COMMON STOCK,687793109,US6877931096,BKY83Q6,8636.0,111836.2,0.0,0,,FINANCIALS,UNITED STATES,AVLV,2026-02-27,,,,,,,,,,,,,,,,,,,,
ELEVANCE HEALTH INC COMMON STOCK USD.01,ELV,COMMON STOCK,036752103,US0367521038,BSPHGL4,252.0,83288.52,0.0,0,,HEALTH CARE,UNITED STATES,AVLV,2026-02-27,,,,,,,,,,,,,,,,,,,,
SCHNEIDER NATIONAL INC CL B COMMON STOCK,SNDR,COMMON STOCK,80689H102,US80689H1023,BYVN953,2967.0,79841.97,0.0,0,,INDUSTRIALS,UNITED STATES,AVLV,2026-02-27,,,,,,,,,,,,,,,,,,,,
PENSKE AUTOMOTIVE GROUP INC COMMON STOCK USD.0001,PAG,COMMON STOCK,70959W103,US70959W1036,2943523,417.0,66507.33,0.0,0,,CONSUMER DISCRETIONARY,UNITED STATES,AVLV,2026-02-27,,,,,,,,,,,,,,,,,,,,
AIR LEASE CORP COMMON STOCK USD.01,AL,COMMON STOCK,00912X302,US00912X3026,B3XS562,699.0,45330.15,0.0,0,,INDUSTRIALS,UNITED STATES,AVLV,2026-02-27,,,,,,,,,,,,,,,,,,,,
CREDIT ACCEPTANCE CORP COMMON STOCK USD.01,CACC,COMMON STOCK,225310101,US2253101016,2232050,90.0,44489.7,0.0,0,,FINANCIALS,UNITED STATES,AVLV,2026-02-27,,,,,,,,,,,,,,,,,,,,
GENPACT LTD COMMON STOCK USD.01,G,COMMON STOCK,G3922B107,BMG3922B1072,B23DBK6,1064.0,40229.84,0.0,0,,INDUSTRIALS,UNITED STATES,AVLV,2026-02-27,,,,,,,,,,,,,,,,,,,,
OPENDOOR TECHNOLOGIES INC OPENDOOR TECHNOLOGIES INC 26,OPENW,WARRANTS,683712129,US6837121291,BLGXLN9,49969.0,38211.29,0.0,0,,REAL ESTATE,UNITED STATES,AVLV,2026-02-27,,,,,,,,,,,,,,,,,,,,
AIR PRODUCTS + CHEMICALS INC COMMON STOCK USD1.0,APD,COMMON STOCK,009158106,US0091581068,2011602,133.0,37279.9,0.0,0,,MATERIALS,UNITED STATES,AVLV,2026-02-27,,,,,,,,,,,,,,,,,,,,
BROWN FORMAN CORP CLASS A COMMON STOCK USD.15,BF.A,COMMON STOCK,115637100,US1156371007,2146816,1245.0,35694.15,0.0,0,,CONSUMER STAPLES,UNITED STATES,AVLV,2026-02-27,,,,,,,,,,,,,,,,,,,,
MARKETAXESS HOLDINGS INC COMMON STOCK USD.003,MKTX,COMMON STOCK,57060D108,US57060D1081,B03Q9D0,120.0,21661.2,0.0,0,,FINANCIALS,UNITED STATES,AVLV,2026-02-27,,,,,,,,,,,,,,,,,,,,
EDWARDS LIFESCIENCES CORP COMMON STOCK USD1.0,EW,COMMON STOCK,28176E108,US28176E1082,2567116,253.0,21100.2,0.0,0,,HEALTH CARE,UNITED STATES,AVLV,2026-02-27,,,,,,,,,,,,,,,,,,,,
RADIAN GROUP INC COMMON STOCK USD.001,RDN,COMMON STOCK,750236101,US7502361014,2173911,465.0,16344.75,0.0,0,,FINANCIALS,UNITED STATES,AVLV,2026-02-27,,,,,,,,,,,,,,,,,,,,
CNA FINANCIAL CORP COMMON STOCK USD2.5,CNA,COMMON STOCK,126117100,US1261171003,2204866,230.0,10931.9,0.0,0,,FINANCIALS,UNITED STATES,AVLV,2026-02-27,,,,,,,,,,,,,,,,,,,,
SM ENERGY CO COMMON STOCK USD.01,SM,COMMON STOCK,78454L100,US78454L1008,2764188,407.0,8974.35,0.0,0,,ENERGY,UNITED STATES,AVLV,2026-02-27,,,,,,,,,,,,,,,,,,,,
FASTENAL CO COMMON STOCK USD.01,FAST,COMMON STOCK,311900104,US3119001044,2332262,200.0,8926.0,0.0,0,,INDUSTRIALS,UNITED STATES,AVLV,2026-02-27,,,,,,,,,,,,,,,,,,,,
GRACO INC COMMON STOCK USD1.0,GGG,COMMON STOCK,384109104,US3841091040,2380443,61.0,5633.35,0.0,0,,INDUSTRIALS,UNITED STATES,AVLV,2026-02-27,,,,,,,,,,,,,,,,,,,,
United States Treasury Bill 06/11/2026,912797QX8,,912797QX8,,,1500000.0,1484378.52,3.81,,,,,KYLD,2026-02-27,,,,,,,,,,,,,,,,,,,,
United States Treasury Bill 09/03/2026,912797RS8,,912797RS8,,,3400000.0,3338268.75,8.56,,,,,KYLD,2026-02-27,,,,,,,,,,,,,,,,,,,,
AMAT US 02/27/26 C395,AMAT  260227C00395000,,AMAT  260227C00395000,,,-34.0,-26520.0,-0.07,,,,,KYLD,2026-02-27,AMAT,395.0,2026-02-27,Call,375.7699890136719,0.0,-0.04868357211728639,,,,,,,,,,,,,
AMAT US 03/20/26 C320,AMAT  260320C00320000,,AMAT  260320C00320000,,,34.0,265965.0,0.68,,,,,KYLD,2026-02-27,AMAT,320.0,2026-03-20,Call,375.7699890136719,21.0,0.17428121566772461,,,,,,,,,,,,,
AMAT US 03/20/26 P320,AMAT  260320P00320000,,AMAT  260320P00320000,,,-34.0,-7956.0,-0.02,,,,,KYLD,2026-02-27,AMAT,320.0,2026-03-20,Put,375.7699890136719,21.0,-0.17428121566772461,,,,,,,,,,,,,
Advanced Micro Devices Inc,AMD,,007903107,,,8789.0,1853248.54,4.75,,,,,KYLD,2026-02-27,,,,,,,,,,,,,,,,,,,,
AMD US 02/27/26 C215,AMD   260227C00215000,,AMD   260227C00215000,,,-87.0,-26752.5,-0.07,,,,,KYLD,2026-02-27,AMD,215.0,2026-02-27,Call,203.6699981689453,0.0,-0.05269768293513808,,,,,,,,,,,,,
AMGN US 03/20/26 P340,AMGN  260320P00340000,,AMGN  260320P00340000,,,50.0,6725.0,0.02,,,,,KYLD,2026-02-27,AMGN,340.0,2026-03-20,Put,379.489990234375,21.0,-0.11614703010110294,,,,,,,,,,,,,
AMGN US 03/20/26 P355,AMGN  260320P00355000,,AMGN  260320P00355000,,,-50.0,-9775.0,-0.03,,,,,KYLD,2026-02-27,AMGN,355.0,2026-03-20,Put,379.489990234375,21.0,-0.06898588798415493,,,,,,,,,,,,,
AppLovin Corp,APP,,03831W108,,,3366.0,1419206.58,3.64,,,,,KYLD,2026-02-27,,,,,,,,,,,,,,,,,,,,
APP US 02/27/26 C460,APP   260227C00460000,,APP   260227C00460000,,,-33.0,-4290.0,-0.01,,,,,KYLD,2026-02-27,APP,460.0,2026-02-27,Call,445.1600036621094,0.0,-0.032260861604110055,,,,,,,,,,,,,
Broadcom Inc,AVGO,,11135F101,,,5236.0,1739975.16,4.46,,,,,KYLD,2026-02-27,,,,,,,,,,,,,,,,,,,,
AVGO US 02/27/26 C350,AVGO  260227C00350000,,AVGO  260227C00350000,,,-52.0,-7800.0,-0.02,,,,,KYLD,2026-02-27,AVGO,350.0,2026-02-27,Call,321.70001220703125,0.0,-0.08085710797991072,,,,,,,,,,,,,
BE US 02/27/26 C170,BE    260227C00170000,,BE    260227C00170000,,,-24.0,-24720.0,-0.06,,,,,KYLD,2026-02-27,BE,170.0,2026-02-27,Call,168.63999938964844,0.0,-0.008000003590303308,,,,,,,,,,,,,
BE US 03/20/26 C90,BE    260320C00090000,,BE    260320C00090000,,,24.0,203760.0,0.52,,,,,KYLD,2026-02-27,BE,90.0,2026-03-20,Call,168.63999938964844,21.0,0.8737777709960938,,,,,,,,,,,,,
BE US 03/20/26 P90,BE    260320P00090000,,BE    260320P00090000,,,-24.0,-1092.0,0.0,,,,,KYLD,2026-02-27,BE,90.0,2026-03-20,Put,168.63999938964844,21.0,-0.8737777709960938,,,,,,,,,,,,,
BIIB US 02/27/26 P175,BIIB  260227P00175000,,BIIB  260227P00175000,,,75.0,562.5,0.0,,,,,KYLD,2026-02-27,BIIB,175.0,2026-02-27,Put,188.02000427246094,0.0,-0.0744000244140625,,,,,,,,,,,,,
BIIB US 02/27/26 P185,BIIB  260227P00185000,,BIIB  260227P00185000,,,-75.0,-2437.5,-0.01,,,,,KYLD,2026-02-27,BIIB,185.0,2026-02-27,Put,188.02000427246094,0.0,-0.01632434741870777,,,,,,,,,,,,,
BWX Technologies Inc,BWXT,,05605H100,,,10659.0,2219949.93,5.69,,,,,KYLD,2026-02-27,,,,,,,,,,,,,,,,,,,,
BWXT US 03/20/26 C230,BWXT  260320C00230000,,BWXT  260320C00230000,,,-106.0,-38160.0,-0.1,,,,,KYLD,2026-02-27,BWXT,230.0,2026-03-20,Call,207.33999633789062,21.0,-0.09852175505264946,,,,,,,,,,,,,
FANG US 03/20/26 P150,FANG  260320P00150000,,FANG  260320P00150000,,,75.0,9187.5,0.02,,,,,KYLD,2026-02-27,FANG,150.0,2026-03-20,Put,166.97999572753906,21.0,-0.11319997151692708,,,,,,,,,,,,,
FANG US 03/20/26 P160,FANG  260320P00160000,,FANG  260320P00160000,,,-75.0,-25500.0,-0.07,,,,,KYLD,2026-02-27,FANG,160.0,2026-03-20,Put,166.97999572753906,21.0,-0.04362497329711914,,,,,,,,,,,,,
FIDELITY INV MMKT GOVT-I  12/31/2031,FIGXX,,316175108,,,1137294.86,1137294.86,2.92,,,,,KYLD,2026-02-27,,,,,,,,,,,,,,,,,,,,
Shift4 Payments Inc,FOUR,,82452J109,,,28798.0,1652141.26,4.24,,,,,KYLD,2026-02-27,,,,,,,,,,,,,,,,,,,,
FOUR US 03/20/26 C70,FOUR  260320C00070000,,FOUR  260320C00070000,,,-287.0,-29417.5,-0.08,,,,,KYLD,2026-02-27,FOUR,70.0,2026-03-20,Call,48.5,21.0,-0.30714285714285716,,,,,,,,,,,,,
Freshworks Inc,FRSH,,358054104,,,30855.0,224624.4,0.58,,,,,KYLD,2026-02-27,,,,,,,,,,,,,,,,,,,,
FTNT US 03/20/26 P70,FTNT  260320P00070000,,FTNT  260320P00070000,,,150.0,11325.0,0.03,,,,,KYLD,2026-02-27,FTNT,70.0,2026-03-20,Put,79.22000122070312,21.0,-0.13171430315290178,,,,,,,,,,,,,
FTNT US 03/20/26 P75,FTNT  260320P00075000,,FTNT  260320P00075000,,,-150.0,-29850.0,-0.08,,,,,KYLD,2026-02-27,FTNT,75.0,2026-03-20,Put,79.22000122070312,21.0,-0.05626668294270833,,,,,,,,,,,,,
VanEck Gold Miners ETF/USA,GDX,,92189F106,,,31416.0,3492202.56,8.96,,,,,KYLD,2026-02-27,,,,,,,,,,,,,,,,,,,,
GDX US 03/20/26 C120,GDX   260320C00120000,,GDX   260320C00120000,,,-309.0,-81885.0,-0.21,,,,,KYLD,2026-02-27,GDX,120.0,2026-03-20,Call,113.86000061035156,21.0,-0.051166661580403644,,,,,,,,,,,,,
Hims & Hers Health Inc,HIMS,,433000106,,,47311.0,748460.02,1.92,,,,,KYLD,2026-02-27,,,,,,,,,,,,,,,,,,,,
HIMS US 02/27/26 C17,HIMS  260227C00017000,,HIMS  260227C00017000,,,-473.0,-5912.5,-0.02,,,,,KYLD,2026-02-27,HIMS,17.0,2026-02-27,Call,15.600000381469727,0.0,-0.08235291873707491,,,,,,,,,,,,,
Robinhood Markets Inc,HOOD,,770700102,,,15708.0,1217841.24,3.12,,,,,KYLD,2026-02-27,,,,,,,,,,,,,,,,,,,,
Howmet Aerospace Inc,HWM,,443201108,,,8976.0,2330528.64,5.98,,,,,KYLD,2026-02-27,,,,,,,,,,,,,,,,,,,,
IBIT US 06/18/26 C46,IBIT  260618C00046000,,IBIT  260618C00046000,,,400.0,83800.0,0.21,,,,,KYLD,2026-02-27,IBIT,46.0,2026-06-18,Call,38.255001068115234,111.0,-0.1683695419974949,,,,,,,,,,,,,
Intel Corp,INTC,,458140100,,,49742.0,2331904.96,5.98,,,,,KYLD,2026-02-27,,,,,,,,,,,,,,,,,,,,
INTC US 02/27/26 C50,INTC  260227C00050000,,INTC  260227C00050000,,,-497.0,-10685.5,-0.03,,,,,KYLD,2026-02-27,INTC,50.0,2026-02-27,Call,45.47999954223633,0.0,-0.09040000915527344,,,,,,,,,,,,,
MU US 02/27/26 C460,MU    260227C00460000,,MU    260227C00460000,,,-27.0,-7411.5,-0.02,,,,,KYLD,2026-02-27,MU,460.0,2026-02-27,Call,415.7200012207031,0.0,-0.09626086691151495,,,,,,,,,,,,,
MU US 03/20/26 C340,MU    260320C00340000,,MU    260320C00340000,,,27.0,262237.5,0.67,,,,,KYLD,2026-02-27,MU,340.0,2026-03-20,Call,415.7200012207031,21.0,0.22270588594324447,,,,,,,,,,,,,
MU US 03/20/26 P340,MU    260320P00340000,,MU    260320P00340000,,,-27.0,-19507.5,-0.05,,,,,KYLD,2026-02-27,MU,340.0,2026-03-20,Put,415.7200012207031,21.0,-0.22270588594324447,,,,,,,,,,,,,
ORCL US 03/20/26 C170,ORCL  260320C00170000,,ORCL  260320C00170000,,,100.0,46500.0,0.12,,,,,KYLD,2026-02-27,ORCL,170.0,2026-03-20,Call,150.2899932861328,21.0,-0.11594121596392463,,,,,,,,,,,,,
ORCL US 03/20/26 C190,ORCL  260320C00190000,,ORCL  260320C00190000,,,-100.0,-17800.0,-0.05,,,,,KYLD,2026-02-27,ORCL,190.0,2026-03-20,Call,150.2899932861328,21.0,-0.2090000353361431,,,,,,,,,,,,,
QQQ US 03/20/26 C640,QQQ   260320C00640000,,QQQ   260320C00640000,,,30.0,7485.0,0.02,,,,,KYLD,2026-02-27,QQQ,640.0,2026-03-20,Call,609.260009765625,21.0,-0.04803123474121094,,,,,,,,,,,,,
Reddit Inc,RDDT,,75734B100,,,9163.0,1371426.21,3.52,,,,,KYLD,2026-02-27,,,,,,,,,,,,,,,,,,,,
RDDT US 02/27/26 C160,RDDT  260227C00160000,,RDDT  260227C00160000,,,-91.0,-5050.5,-0.01,,,,,KYLD,2026-02-27,RDDT,160.0,2026-02-27,Call,151.30499267578125,0.0,-0.054343795776367186,,,,,,,,,,,,,
Shopify Inc,SHOP,,82509L107,,,11220.0,1349878.2,3.46,,,,,KYLD,2026-02-27,,,,,,,,,,,,,,,,,,,,
SHOP US 02/27/26 C135,SHOP  260227C00135000,,SHOP  260227C00135000,,,-112.0,-560.0,0.0,,,,,KYLD,2026-02-27,SHOP,135.0,2026-02-27,Call,125.95999908447266,0.0,-0.066962969744647,,,,,,,,,,,,,
Global X Silver Miners ETF,SIL,,37954Y848,,,33099.0,3749123.73,9.62,,,,,KYLD,2026-02-27,,,,,,,,,,,,,,,,,,,,
SIL US 03/20/26 C130,SIL   260320C00130000,,SIL   260320C00130000,,,-325.0,-73937.5,-0.19,,,,,KYLD,2026-02-27,SIL,130.0,2026-03-20,Call,116.50499725341797,21.0,-0.10380771343524639,,,,,,,,,,,,,
iShares Silver Trust,SLV,,46428Q109,,,19512.0,1561740.48,4.01,,,,,KYLD,2026-02-27,,,,,,,,,,,,,,,,,,,,
SLV US 02/27/26 C80,SLV   260227C00080000,,SLV   260227C00080000,,,-195.0,-41437.5,-0.11,,,,,KYLD,2026-02-27,SLV,80.0,2026-02-27,Call,80.43499755859375,0.0,0.005437469482421875,,,,,,,,,,,,,
SLV US 02/27/26 P62,SLV   260227P00062000,,SLV   260227P00062000,,,150.0,525.0,0.0,,,,,KYLD,2026-02-27,SLV,62.0,2026-02-27,Put,80.43499755859375,0.0,-0.2973386702998992,,,,,,,,,,,,,
SLV US 02/27/26 P67,SLV   260227P00067000,,SLV   260227P00067000,,,-150.0,-1125.0,0.0,,,,,KYLD,2026-02-27,SLV,67.0,2026-02-27,Put,80.43499755859375,0.0,-0.20052235162080223,,,,,,,,,,,,,
Teradyne Inc,TER,,880770102,,,10659.0,3654118.38,9.37,,,,,KYLD,2026-02-27,,,,,,,,,,,,,,,,,,,,
TER US 02/27/26 C340,TER   260227C00340000,,TER   260227C00340000,,,-106.0,-100170.0,-0.26,,,,,KYLD,2026-02-27,TER,340.0,2026-02-27,Call,332.8599853515625,0.0,-0.021000043083639706,,,,,,,,,,,,,
Vistra Corp,VST,,92840M102,,,11407.0,2000331.52,5.13,,,,,KYLD,2026-02-27,,,,,,,,,,,,,,,,,,,,
VST US 02/27/26 C190,VST   260227C00190000,,VST   260227C00190000,,,-114.0,-16302.0,-0.04,,,,,KYLD,2026-02-27,VST,190.0,2026-02-27,Call,176.77000427246094,0.0,-0.06963155646073191,,,,,,,,,,,,,
Cash & Other,Cash&Other,,Cash&Other,,,-175904.01,-175904.01,-0.45,,,,,KYLD,2026-02-27,,,,,,,,,,,,,,,,,,,,
AAPL 03/20/2026 280 C,2AAPL 260320C00280000,,2AAPL 260320C00280000,,,214.0,91134.04,0.1,,,,,KQQQ,2026-02-27,AAPL,280.0,2026-03-20,Call,272.989990234375,21.0,-0.02503574916294643,,,,,,,,,,,,,
AAPL 03/20/2026 280 P,2AAPL 260320P00280000,,2AAPL 260320P00280000,,,-214.0,-199497.22,-0.21,,,,,KQQQ,2026-02-27,AAPL,280.0,2026-03-20,Put,272.989990234375,21.0,0.02503574916294643,,,,,,,,,,,,,
MSFT 03/20/2026 490 C,2MSFT 260320C00490000,,2MSFT 260320C00490000,,,148.0,3022.16,0.0,,,,,KQQQ,2026-02-27,MSFT,490.0,2026-03-20,Call,401.80999755859375,21.0,-0.17997959681919642,,,,,,,,,,,,,
MSFT 03/20/2026 490 P,2MSFT 260320P00490000,,2MSFT 260320P00490000,,,-148.0,-1305758.12,-1.37,,,,,KQQQ,2026-02-27,MSFT,490.0,2026-03-20,Put,401.80999755859375,21.0,0.17997959681919642,,,,,,,,,,,,,
NVDA 03/20/2026 185 C,2NVDA 260320C00185000,,2NVDA 260320C00185000,,,352.0,593510.72,0.62,,,,,KQQQ,2026-02-27,NVDA,185.0,2026-03-20,Call,184.89999389648438,21.0,-0.0005405735325168919,,,,,,,,,,,,,
NVDA 03/20/2026 185 P,2NVDA 260320P00185000,,2NVDA 260320P00185000,,,-352.0,-195669.76,-0.2,,,,,KQQQ,2026-02-27,NVDA,185.0,2026-03-20,Put,184.89999389648438,21.0,0.0005405735325168919,,,,,,,,,,,,,
United States Treasury Bill 03/19/2026,912797PV3,,912797PV3,,,4400000.0,4390763.21,4.59,,,,,KQQQ,2026-02-27,,,,,,,,,,,,,,,,,,,,
United States Treasury Bill 06/11/2026,912797QX8,,912797QX8,,,10000000.0,9895856.8,10.35,,,,,KQQQ,2026-02-27,,,,,,,,,,,,,,,,,,,,
United States Treasury Bill 09/03/2026,912797RS8,,912797RS8,,,6100000.0,5989246.88,6.26,,,,,KQQQ,2026-02-27,,,,,,,,,,,,,,,,,,,,
Apple Inc,AAPL,,037833100,,,21402.0,5869070.46,6.14,,,,,KQQQ,2026-02-27,,,,,,,,,,,,,,,,,,,,
AAPL US 02/27/26 C270,AAPL  260227C00270000,,AAPL  260227C00270000,,,-57.0,-29782.5,-0.03,,,,,KQQQ,2026-02-27,AAPL,270.0,2026-02-27,Call,272.989990234375,0.0,0.011074037905092593,,,,,,,,,,,,,
AAPL US 03/20/26 P230,AAPL  260320P00230000,,AAPL  260320P00230000,,,38.0,1311.0,0.0,,,,,KQQQ,2026-02-27,AAPL,230.0,2026-03-20,Put,272.989990234375,21.0,-0.18691300101902175,,,,,,,,,,,,,
Applied Materials Inc,AMAT,,038222105,,,6588.0,2601930.6,2.72,,,,,KQQQ,2026-02-27,,,,,,,,,,,,,,,,,,,,
Advanced Micro Devices Inc,AMD,,007903107,,,15738.0,3318514.68,3.47,,,,,KQQQ,2026-02-27,,,,,,,,,,,,,,,,,,,,
Amazon.com Inc,AMZN,,023135106,,,43188.0,9097120.32,9.52,,,,,KQQQ,2026-02-27,,,,,,,,,,,,,,,,,,,,
AMZN US 02/27/26 C215,AMZN  260227C00215000,,AMZN  260227C00215000,,,-62.0,-3937.0,0.0,,,,,KQQQ,2026-02-27,AMZN,215.0,2026-02-27,Call,207.91000366210938,0.0,-0.032976727152979654,,,,,,,,,,,,,
AMZN US 03/20/26 C180,AMZN  260320C00180000,,AMZN  260320C00180000,,,41.0,130072.5,0.14,,,,,KQQQ,2026-02-27,AMZN,180.0,2026-03-20,Call,207.91000366210938,21.0,0.15505557590060765,,,,,,,,,,,,,
AMZN US 03/20/26 P185,AMZN  260320P00185000,,AMZN  260320P00185000,,,41.0,3485.0,0.0,,,,,KQQQ,2026-02-27,AMZN,185.0,2026-03-20,Put,207.91000366210938,21.0,-0.12383785763302364,,,,,,,,,,,,,
AppLovin Corp,APP,,03831W108,,,2196.0,925899.48,0.97,,,,,KQQQ,2026-02-27,,,,,,,,,,,,,,,,,,,,
Broadcom Inc,AVGO,,11135F101,,,21960.0,7297527.6,7.63,,,,,KQQQ,2026-02-27,,,,,,,,,,,,,,,,,,,,
AVGO US 02/27/26 C345,AVGO  260227C00345000,,AVGO  260227C00345000,,,-31.0,-7734.5,-0.01,,,,,KQQQ,2026-02-27,AVGO,345.0,2026-02-27,Call,321.70001220703125,0.0,-0.0675361965013587,,,,,,,,,,,,,
AVGO US 03/20/26 C210,AVGO  260320C00210000,,AVGO  260320C00210000,,,21.0,258510.0,0.27,,,,,KQQQ,2026-02-27,AVGO,210.0,2026-03-20,Call,321.70001220703125,21.0,0.5319048200334822,,,,,,,,,,,,,
AVGO US 03/20/26 P270,AVGO  260320P00270000,,AVGO  260320P00270000,,,21.0,8452.5,0.01,,,,,KQQQ,2026-02-27,AVGO,270.0,2026-03-20,Put,321.70001220703125,21.0,-0.19148152669270832,,,,,,,,,,,,,
Cisco Systems Inc,CSCO,,17275R102,,,16836.0,1332064.32,1.39,,,,,KQQQ,2026-02-27,,,,,,,,,,,,,,,,,,,,
FIDELITY INV MMKT GOVT-I  12/31/2031,FIGXX,,316175108,,,2136642.22,2136642.22,2.23,,,,,KQQQ,2026-02-27,,,,,,,,,,,,,,,,,,,,
Alphabet Inc,GOOGL,,02079K305,,,42124.0,13180599.6,13.79,,,,,KQQQ,2026-02-27,,,,,,,,,,,,,,,,,,,,
GOOGL US 02/27/26 C325,GOOGL 260227C00325000,,GOOGL 260227C00325000,,,-63.0,-2425.5,0.0,,,,,KQQQ,2026-02-27,GOOGL,325.0,2026-02-27,Call,307.44000244140625,0.0,-0.05403076171875,,,,,,,,,,,,,
GOOGL US 03/20/26 C250,GOOGL 260320C00250000,,GOOGL 260320C00250000,,,42.0,266490.0,0.28,,,,,KQQQ,2026-02-27,GOOGL,250.0,2026-03-20,Call,307.44000244140625,21.0,0.229760009765625,,,,,,,,,,,,,
GOOGL US 03/20/26 P295,GOOGL 260320P00295000,,GOOGL 260320P00295000,,,42.0,16170.0,0.02,,,,,KQQQ,2026-02-27,GOOGL,295.0,2026-03-20,Put,307.44000244140625,21.0,-0.04216949980137712,,,,,,,,,,,,,
Kurv Yield Premium Strategy Google Googl Etf/DE,GOOP,,500948609,,,14375.0,535612.5,0.56,,,,,KQQQ,2026-02-27,,,,,,,,,,,,,,,,,,,,
International Business Machines Corp,IBM,,459200101,,,8418.0,1999611.72,2.09,,,,,KQQQ,2026-02-27,,,,,,,,,,,,,,,,,,,,
Intel Corp,INTC,,458140100,,,86742.0,4066464.96,4.25,,,,,KQQQ,2026-02-27,,,,,,,,,,,,,,,,,,,,
Intuitive Surgical Inc,ISRG,,46120E602,,,2579.0,1305412.43,1.37,,,,,KQQQ,2026-02-27,,,,,,,,,,,,,,,,,,,,
MAGS US 03/20/26 P65,MAGS  260320P00065000,,MAGS  260320P00065000,,,950.0,223250.0,0.23,,,,,KQQQ,2026-02-27,MAGS,65.0,2026-03-20,Put,62.279998779296875,21.0,0.041846172626201925,,,,,,,,,,,,,
Meta Platforms Inc,META,,30303M102,,,8176.0,5344569.44,5.59,,,,,KQQQ,2026-02-27,,,,,,,,,,,,,,,,,,,,
META US 02/27/26 C670,META  260227C00670000,,META  260227C00670000,,,-11.0,-1479.5,0.0,,,,,KQQQ,2026-02-27,META,670.0,2026-02-27,Call,657.010009765625,0.0,-0.019388045125932837,,,,,,,,,,,,,
META US 03/20/26 C500,META  260320C00500000,,META  260320C00500000,,,7.0,107940.0,0.11,,,,,KQQQ,2026-02-27,META,500.0,2026-03-20,Call,657.010009765625,21.0,0.31402001953125,,,,,,,,,,,,,
META US 03/20/26 P590,META  260320P00590000,,META  260320P00590000,,,7.0,2572.5,0.0,,,,,KQQQ,2026-02-27,META,590.0,2026-03-20,Put,657.010009765625,21.0,-0.11357628773834746,,,,,,,,,,,,,
Microsoft Corp,MSFT,,594918104,,,4026.0,1612815.6,1.69,,,,,KQQQ,2026-02-27,,,,,,,,,,,,,,,,,,,,
MSFT US 02/27/26 C405,MSFT  260227C00405000,,MSFT  260227C00405000,,,-25.0,-5350.0,-0.01,,,,,KQQQ,2026-02-27,MSFT,405.0,2026-02-27,Call,401.80999755859375,0.0,-0.007876549238040124,,,,,,,,,,,,,
MSFT US 03/20/26 P365,MSFT  260320P00365000,,MSFT  260320P00365000,,,16.0,2912.0,0.0,,,,,KQQQ,2026-02-27,MSFT,365.0,2026-03-20,Put,401.80999755859375,21.0,-0.1008493083797089,,,,,,,,,,,,,
MU US 03/20/26 C340,MU    260320C00340000,,MU    260320C00340000,,,60.0,582750.0,0.61,,,,,KQQQ,2026-02-27,MU,340.0,2026-03-20,Call,415.7200012207031,21.0,0.22270588594324447,,,,,,,,,,,,,
MU US 03/20/26 P340,MU    260320P00340000,,MU    260320P00340000,,,-60.0,-43350.0,-0.05,,,,,KQQQ,2026-02-27,MU,340.0,2026-03-20,Put,415.7200012207031,21.0,-0.22270588594324447,,,,,,,,,,,,,
Netflix Inc,NFLX,,64110L106,,,32940.0,2724138.0,2.85,,,,,KQQQ,2026-02-27,,,,,,,,,,,,,,,,,,,,
NVIDIA Corp,NVDA,,67066G104,,,15603.0,3051322.68,3.19,,,,,KQQQ,2026-02-27,,,,,,,,,,,,,,,,,,,,
NVDA US 02/27/26 C200,NVDA  260227C00200000,,NVDA  260227C00200000,,,-68.0,-27710.0,-0.03,,,,,KQQQ,2026-02-27,NVDA,200.0,2026-02-27,Call,184.89999389648438,0.0,-0.07550003051757813,,,,,,,,,,,,,
NVDA US 03/20/26 P165,NVDA  260320P00165000,,NVDA  260320P00165000,,,45.0,6930.0,0.01,,,,,KQQQ,2026-02-27,NVDA,165.0,2026-03-20,Put,184.89999389648438,21.0,-0.12060602361505682,,,,,,,,,,,,,
QQQ US 03/20/26 C660,QQQ   260320C00660000,,QQQ   260320C00660000,,,447.0,14304.0,0.01,,,,,KQQQ,2026-02-27,QQQ,660.0,2026-03-20,Call,609.260009765625,21.0,-0.07687877308238636,,,,,,,,,,,,,
RTX Corp,RTX,,75513E101,,,12078.0,2367046.44,2.48,,,,,KQQQ,2026-02-27,,,,,,,,,,,,,,,,,,,,
Spotify Technology SA,SPOT,,L8681T102,,,4026.0,1865165.28,1.95,,,,,KQQQ,2026-02-27,,,,,,,,,,,,,,,,,,,,
Tesla Inc,TSLA,,88160R101,,,8155.0,3403897.0,3.56,,,,,KQQQ,2026-02-27,,,,,,,,,,,,,,,,,,,,
Kurv Yield Premium Strategy Tesla Tsla Etf/DE,TSLP,,500948880,,,41780.0,886153.8,0.93,,,,,KQQQ,2026-02-27,,,,,,,,,,,,,,,,,,,,
Uber Technologies Inc,UBER,,90353T100,,,35136.0,2558954.88,2.68,,,,,KQQQ,2026-02-27,,,,,,,,,,,,,,,,,,,,
Cash & Other,Cash&Other,,Cash&Other,,,-2641470.98,-2641470.98,-2.76,,,,,KQQQ,2026-02-27,,,,,,,,,,,,,,,,,,,,
Fidelity Wise Origin Bitcoin Fund,FBTC,,315948109,,,517250.0,31190175.0,13.56,,,,,BLOX,2026-02-26,,,,,,,,60.3,230097600.0,14500000.0,580.0,,,,,,,,,
VanEck Bitcoin ETF/US,HODL,,92189K105,,,1582519.0,30969896.83,13.46,,,,,BLOX,2026-02-26,,,,,,,,19.57,230097600.0,14500000.0,580.0,,,,,,,,,
HUT 8 CORP,HUT,,44812J104,,,422072.0,23340581.6,10.14,,,,,BLOX,2026-02-26,,,,,,,,55.3,230097600.0,14500000.0,580.0,,,,,,,,,
Taiwan Semiconductor Manufacturing Co Ltd,TSM,,874039100,,,49043.0,19015442.39,8.26,,,,,BLOX,2026-02-26,,,,,,,,387.73,230097600.0,14500000.0,580.0,,,,,,,,,
iShares Ethereum Trust ETF,ETHA,,46438R105,,,1068389.0,16752339.52,7.28,,,,,BLOX,2026-02-26,,,,,,,,15.68,230097600.0,14500000.0,580.0,,,,,,,,,
Riot Platforms Inc,RIOT,,767292105,,,952031.0,16260689.48,7.07,,,,,BLOX,2026-02-26,,,,,,,,17.08,230097600.0,14500000.0,580.0,,,,,,,,,
IREN Ltd,IREN,,Q4982L109,,,348095.0,15326622.85,6.66,,,,,BLOX,2026-02-26,,,,,,,,44.03,230097600.0,14500000.0,580.0,,,,,,,,,
Cipher Digital Inc,CIFR,,17253J106,,,866620.0,14394558.2,6.26,,,,,BLOX,2026-02-26,,,,,,,,16.61,230097600.0,14500000.0,580.0,,,,,,,,,
NVIDIA Corp,NVDA,,67066G104,,,71441.0,13971001.96,6.07,,,,,BLOX,2026-02-26,,,,,,,,195.56,230097600.0,14500000.0,580.0,,,,,,,,,
Galaxy Digital Inc,GLXY,,36317J209,,,374409.0,8547757.47,3.71,,,,,BLOX,2026-02-26,,,,,,,,22.83,230097600.0,14500000.0,580.0,,,,,,,,,
Coinbase Global Inc,COIN,,19260Q107,,,40591.0,7466308.54,3.24,,,,,BLOX,2026-02-26,,,,,,,,183.94,230097600.0,14500000.0,580.0,,,,,,,,,
Robinhood Markets Inc,HOOD,,770700102,,,63121.0,4893771.13,2.13,,,,,BLOX,2026-02-26,,,,,,,,77.53,230097600.0,14500000.0,580.0,,,,,,,,,
Bullish,BLSH,,G16910120,,,131397.0,4321647.33,1.88,,,,,BLOX,2026-02-26,,,,,,,,32.89,230097600.0,14500000.0,580.0,,,,,,,,,
Bitfarms Ltd/Canada,BITF,,09173B107,,,1721695.0,3977115.45,1.73,,,,,BLOX,2026-02-26,,,,,,,,2.31,230097600.0,14500000.0,580.0,,,,,,,,,
Webull Corp,BULL,,G9572D103,,,610362.0,3668275.62,1.59,,,,,BLOX,2026-02-26,,,,,,,,6.01,230097600.0,14500000.0,580.0,,,,,,,,,
Circle Internet Group Inc,CRCL,,172573107,,,36998.0,3076013.72,1.34,,,,,BLOX,2026-02-26,,,,,,,,83.14,230097600.0,14500000.0,580.0,,,,,,,,,
MARA Holdings Inc,MARA,,565788106,,,341090.0,2923141.3,1.27,,,,,BLOX,2026-02-26,,,,,,,,8.57,230097600.0,14500000.0,580.0,,,,,,,,,
HOOD US 03/20/26 C30,HOOD  260320C00030000,,HOOD  260320C00030000,,,520.0,2479100.0,1.08,,,,,BLOX,2026-02-26,HOOD,30.0,2026-03-20,Call,79.44999694824219,21.0,1.648333231608073,47.675,230097600.0,14500000.0,580.0,,,,,,,,,
CoreWeave Inc,CRWV,,21873S108,,,24998.0,2450053.98,1.06,,,,,BLOX,2026-02-26,,,,,,,,98.01,230097600.0,14500000.0,580.0,,,,,,,,,
BitMine Immersion Technologies Inc,BMNR,,09175A206,,,111119.0,2389058.5,1.04,,,,,BLOX,2026-02-26,,,,,,,,21.5,230097600.0,14500000.0,580.0,,,,,,,,,
First American Government Obligations Fund 12/01/2031,FGXXX,,31846V336,,,1503590.0,1503589.69,0.65,,,,,BLOX,2026-02-26,,,,,,,,100.0,230097600.0,14500000.0,580.0,,,,,,,,,
Strategy Inc,MSTR,,594972408,,,10919.0,1481162.35,0.64,,,,,BLOX,2026-02-26,,,,,,,,135.65,230097600.0,14500000.0,580.0,,,,,,,,,
Cash & Other,Cash&Other,,Cash&Other,,,1073796.0,1073795.58,0.47,,,,,BLOX,2026-02-26,,,,,,,,1.0,230097600.0,14500000.0,580.0,,,,,,,,,
MBTXW US 02/27/26 P155,MBTXW 260227P00155000,,MBTXW 260227P00155000,,,1835.0,917500.01,0.4,,,,,BLOX,2026-02-26,MBTXW,155.0,2026-02-27,Put,,0.0,,5.0,230097600.0,14500000.0,580.0,,,,,,,,,
IBIT US 02/27/26 P37.5,IBIT  260227P00037500,,IBIT  260227P00037500,,,25000.0,487500.0,0.21,,,,,BLOX,2026-02-26,IBIT,37.5,2026-02-27,Put,38.255001068115234,0.0,-0.02013336181640625,0.195,230097600.0,14500000.0,580.0,,,,,,,,,
FBTC US 02/27/26 C61,FBTC  260227C00061000,,FBTC  260227C00061000,,,5172.0,426690.0,0.19,,,,,BLOX,2026-02-26,FBTC,61.0,2026-02-27,Call,58.77000045776367,0.0,-0.03655736954485784,0.825,230097600.0,14500000.0,580.0,,,,,,,,,
IREN US 02/27/26 P41.5,IREN  260227P00041500,,IREN  260227P00041500,,,3480.0,353220.0,0.15,,,,,BLOX,2026-02-26,IREN,41.5,2026-02-27,Put,44.220001220703125,0.0,-0.06554219808923192,1.015,230097600.0,14500000.0,580.0,,,,,,,,,
HUT US 02/27/26 P51,HUT   260227P00051000,,HUT   260227P00051000,,,4220.0,278520.0,0.12,,,,,BLOX,2026-02-26,HUT,51.0,2026-02-27,Put,54.77000045776367,0.0,-0.07392157760320925,0.66,230097600.0,14500000.0,580.0,,,,,,,,,
NVDA US 02/27/26 P182.5,NVDA  260227P00182500,,NVDA  260227P00182500,,,714.0,112812.0,0.05,,,,,BLOX,2026-02-26,NVDA,182.5,2026-02-27,Put,184.89999389648438,0.0,-0.013150651487585617,1.58,230097600.0,14500000.0,580.0,,,,,,,,,
RIOT US 02/27/26 P15.5,RIOT  260227P00015500,,RIOT  260227P00015500,,,9520.0,119000.0,0.05,,,,,BLOX,2026-02-26,RIOT,15.5,2026-02-27,Put,17.09000015258789,0.0,-0.10258065500567036,0.125,230097600.0,14500000.0,580.0,,,,,,,,,
HOOD US 02/27/26 P75,HOOD  260227P00075000,,HOOD  260227P00075000,,,1151.0,97835.0,0.04,,,,,BLOX,2026-02-26,HOOD,75.0,2026-02-27,Put,79.44999694824219,0.0,-0.05933329264322917,0.85,230097600.0,14500000.0,580.0,,,,,,,,,
CRWV US 02/27/26 P86,CRWV  260227P00086000,,CRWV  260227P00086000,,,249.0,80925.0,0.04,,,,,BLOX,2026-02-26,CRWV,86.0,2026-02-27,Put,97.77999877929688,0.0,-0.13697672999182411,3.25,230097600.0,14500000.0,580.0,,,,,,,,,
ETHA US 02/27/26 C16.5,ETHA  260227C00016500,,ETHA  260227C00016500,,,5341.0,72103.5,0.03,,,,,BLOX,2026-02-26,ETHA,16.5,2026-02-27,Call,15.289999961853027,0.0,-0.07333333564527107,0.135,230097600.0,14500000.0,580.0,,,,,,,,,
CIFR US 02/27/26 P14,CIFR  260227P00014000,,CIFR  260227P00014000,,,8666.0,60662.0,0.03,,,,,BLOX,2026-02-26,CIFR,14.0,2026-02-27,Put,16.479999542236328,0.0,-0.177142824445452,0.07,230097600.0,14500000.0,580.0,,,,,,,,,
CIRCLE I PUT OPT 03/26 77,CRCL  260306P00077000,,CRCL  260306P00077000,,,369.0,76198.5,0.03,,,,,BLOX,2026-02-26,CRCL,77.0,2026-03-06,Put,87.2699966430664,7.0,-0.1333765797800832,2.065,230097600.0,14500000.0,580.0,,,,,,,,,
GLXY US 02/27/26 P20,GLXY  260227P00020000,,GLXY  260227P00020000,,,1801.0,40522.5,0.02,,,,,BLOX,2026-02-26,GLXY,20.0,2026-02-27,Put,21.940000534057617,0.0,-0.09700002670288085,0.225,230097600.0,14500000.0,580.0,,,,,,,,,
BLSH US 02/27/26 P31,BLSH  260227P00031000,,BLSH  260227P00031000,,,1313.0,28886.0,0.01,,,,,BLOX,2026-02-26,BLSH,31.0,2026-02-27,Put,32.68000030517578,0.0,-0.05419355823147681,0.22,230097600.0,14500000.0,580.0,,,,,,,,,
GLXY US 02/27/26 P20.5,GLXY  260227P00020500,,GLXY  260227P00020500,,,1943.0,29145.0,0.01,,,,,BLOX,2026-02-26,GLXY,20.5,2026-02-27,Put,21.940000534057617,0.0,-0.07024392849061548,0.15,230097600.0,14500000.0,580.0,,,,,,,,,
BULL US 02/27/26 P5.5,BULL  260227P00005500,,BULL  260227P00005500,,,6103.0,15257.5,0.01,,,,,BLOX,2026-02-26,BULL,5.5,2026-02-27,Put,6.014999866485596,0.0,-0.0936363393610174,0.025,230097600.0,14500000.0,580.0,,,,,,,,,
TSM US 02/27/26 P350,TSM   260227P00350000,,TSM   260227P00350000,,,490.0,21560.0,0.01,,,,,BLOX,2026-02-26,TSM,350.0,2026-02-27,Put,376.8599853515625,0.0,-0.07674281529017857,0.44,230097600.0,14500000.0,580.0,,,,,,,,,
ETHA US 02/27/26 P14,ETHA  260227P00014000,,ETHA  260227P00014000,,,5342.0,18697.0,0.01,,,,,BLOX,2026-02-26,ETHA,14.0,2026-02-27,Put,15.289999961853027,0.0,-0.09214285441807338,0.035,230097600.0,14500000.0,580.0,,,,,,,,,
MARA US 02/27/26 P7.5,MARA  260227P00007500,,MARA  260227P00007500,,,3410.0,32395.0,0.01,,,,,BLOX,2026-02-26,MARA,7.5,2026-02-27,Put,8.4399995803833,0.0,-0.1253332773844401,0.095,230097600.0,14500000.0,580.0,,,,,,,,,
MSTR US 02/27/26 P125,MSTR  260227P00125000,,MSTR  260227P00125000,,,-109.0,-7684.5,0.0,,,,,BLOX,2026-02-26,MSTR,125.0,2026-02-27,Put,133.33999633789062,0.0,-0.066719970703125,0.705,230097600.0,14500000.0,580.0,,,,,,,,,
COIN US 02/27/26 P162.5,COIN  260227P00162500,,COIN  260227P00162500,,,208.0,8008.0,0.0,,,,,BLOX,2026-02-26,COIN,162.5,2026-02-27,Put,181.05999755859375,0.0,-0.11421536959134615,0.385,230097600.0,14500000.0,580.0,,,,,,,,,
COIN US 02/27/26 P160,COIN  260227P00160000,,COIN  260227P00160000,,,197.0,5614.5,0.0,,,,,BLOX,2026-02-26,COIN,160.0,2026-02-27,Put,181.05999755859375,0.0,-0.13162498474121093,0.285,230097600.0,14500000.0,580.0,,,,,,,,,
BMNR US 02/27/26 P19,BMNR  260227P00019000,,BMNR  260227P00019000,,,1111.0,9999.0,0.0,,,,,BLOX,2026-02-26,BMNR,19.0,2026-02-27,Put,20.415000915527344,0.0,-0.07447373239617598,0.09,230097600.0,14500000.0,580.0,,,,,,,,,
MSTR US 02/27/26 P120,MSTR  260227P00120000,,MSTR  260227P00120000,,,109.0,3978.5,0.0,,,,,BLOX,2026-02-26,MSTR,120.0,2026-02-27,Put,133.33999633789062,0.0,-0.11116663614908855,0.365,230097600.0,14500000.0,580.0,,,,,,,,,
BMNR US 02/27/26 P20.5,BMNR  260227P00020500,,BMNR  260227P00020500,,,-1111.0,-34441.0,-0.01,,,,,BLOX,2026-02-26,BMNR,20.5,2026-02-27,Put,20.415000915527344,0.0,0.004146296803544208,0.31,230097600.0,14500000.0,580.0,,,,,,,,,
TSM US 02/27/26 P360,TSM   260227P00360000,,TSM   260227P00360000,,,-490.0,-46060.0,-0.02,,,,,BLOX,2026-02-26,TSM,360.0,2026-02-27,Put,376.8599853515625,0.0,-0.04683329264322917,0.94,230097600.0,14500000.0,580.0,,,,,,,,,
GLXY US 02/27/26 P21.5,GLXY  260227P00021500,,GLXY  260227P00021500,,,-1801.0,-51328.5,-0.02,,,,,BLOX,2026-02-26,GLXY,21.5,2026-02-27,Put,21.940000534057617,0.0,-0.02046514111895894,0.285,230097600.0,14500000.0,580.0,,,,,,,,,
COIN US 02/27/26 P170,COIN  260227P00170000,,COIN  260227P00170000,,,-405.0,-37260.0,-0.02,,,,,BLOX,2026-02-26,COIN,170.0,2026-02-27,Put,181.05999755859375,0.0,-0.06505880916819853,0.92,230097600.0,14500000.0,580.0,,,,,,,,,
ETHA US 02/27/26 P14.5,ETHA  260227P00014500,,ETHA  260227P00014500,,,-5342.0,-34723.0,-0.02,,,,,BLOX,2026-02-26,ETHA,14.5,2026-02-27,Put,15.289999961853027,0.0,-0.054482755989863955,0.065,230097600.0,14500000.0,580.0,,,,,,,,,
GLXY US 02/27/26 P22,GLXY  260227P00022000,,GLXY  260227P00022000,,,-1943.0,-77720.0,-0.03,,,,,BLOX,2026-02-26,GLXY,22.0,2026-02-27,Put,21.940000534057617,0.0,0.0027272484519264913,0.4,230097600.0,14500000.0,580.0,,,,,,,,,
MARA US 02/27/26 P8,MARA  260227P00008000,,MARA  260227P00008000,,,-3410.0,-66495.0,-0.03,,,,,BLOX,2026-02-26,MARA,8.0,2026-02-27,Put,8.4399995803833,0.0,-0.0549999475479126,0.195,230097600.0,14500000.0,580.0,,,,,,,,,
BULL US 02/27/26 P6,BULL  260227P00006000,,BULL  260227P00006000,,,-6103.0,-85442.0,-0.04,,,,,BLOX,2026-02-26,BULL,6.0,2026-02-27,Put,6.014999866485596,0.0,-0.0024999777475992837,0.14,230097600.0,14500000.0,580.0,,,,,,,,,
BLSH US 02/27/26 P32.5,BLSH  260227P00032500,,BLSH  260227P00032500,,,-1313.0,-84688.5,-0.04,,,,,BLOX,2026-02-26,BLSH,32.5,2026-02-27,Put,32.68000030517578,0.0,-0.005538470928485577,0.645,230097600.0,14500000.0,580.0,,,,,,,,,
CIRCLE I PUT OPT 03/26 80,CRCL  260306P00080000,,CRCL  260306P00080000,,,-369.0,-116235.0,-0.05,,,,,BLOX,2026-02-26,CRCL,80.0,2026-03-06,Put,87.2699966430664,7.0,-0.09087495803833008,3.15,230097600.0,14500000.0,580.0,,,,,,,,,
CRWV US 02/27/26 P90,CRWV  260227P00090000,,CRWV  260227P00090000,,,-249.0,-109560.0,-0.05,,,,,BLOX,2026-02-26,CRWV,90.0,2026-02-27,Put,97.77999877929688,0.0,-0.0864444308810764,4.4,230097600.0,14500000.0,580.0,,,,,,,,,
CIFR US 02/27/26 P15,CIFR  260227P00015000,,CIFR  260227P00015000,,,-8666.0,-151655.0,-0.07,,,,,BLOX,2026-02-26,CIFR,15.0,2026-02-27,Put,16.479999542236328,0.0,-0.09866663614908854,0.175,230097600.0,14500000.0,580.0,,,,,,,,,
HOOD US 02/27/26 P78,HOOD  260227P00078000,,HOOD  260227P00078000,,,-1151.0,-233077.5,-0.1,,,,,BLOX,2026-02-26,HOOD,78.0,2026-02-27,Put,79.44999694824219,0.0,-0.01858970446464343,2.025,230097600.0,14500000.0,580.0,,,,,,,,,
NVDA US 02/27/26 P190,NVDA  260227P00190000,,NVDA  260227P00190000,,,-714.0,-251685.0,-0.11,,,,,BLOX,2026-02-26,NVDA,190.0,2026-02-27,Put,184.89999389648438,0.0,0.026842137386924342,3.525,230097600.0,14500000.0,580.0,,,,,,,,,
ETHA US 02/27/26 C15.5,ETHA  260227C00015500,,ETHA  260227C00015500,,,-5341.0,-256368.0,-0.11,,,,,BLOX,2026-02-26,ETHA,15.5,2026-02-27,Call,15.289999961853027,0.0,-0.013548389557869203,0.48,230097600.0,14500000.0,580.0,,,,,,,,,
MBTXW US 02/27/26 P160,MBTXW 260227P00160000,,MBTXW 260227P00160000,,,-1835.0,-293600.0,-0.13,,,,,BLOX,2026-02-26,MBTXW,160.0,2026-02-27,Put,,0.0,,1.6,230097600.0,14500000.0,580.0,,,,,,,,,
RIOT US 02/27/26 P17,RIOT  260227P00017000,,RIOT  260227P00017000,,,-9520.0,-504560.0,-0.22,,,,,BLOX,2026-02-26,RIOT,17.0,2026-02-27,Put,17.09000015258789,0.0,-0.005294126622817095,0.53,230097600.0,14500000.0,580.0,,,,,,,,,
IREN US 02/27/26 P43.5,IREN  260227P00043500,,IREN  260227P00043500,,,-3480.0,-598560.0,-0.26,,,,,BLOX,2026-02-26,IREN,43.5,2026-02-27,Put,44.220001220703125,0.0,-0.01655175220007184,1.72,230097600.0,14500000.0,580.0,,,,,,,,,
HUT US 02/27/26 P54,HUT   260227P00054000,,HUT   260227P00054000,,,-4220.0,-641440.0,-0.28,,,,,BLOX,2026-02-26,HUT,54.0,2026-02-27,Put,54.77000045776367,0.0,-0.014259267736364293,1.52,230097600.0,14500000.0,580.0,,,,,,,,,
FBTC US 02/27/26 C59,FBTC  260227C00059000,,FBTC  260227C00059000,,,-5172.0,-982680.0,-0.43,,,,,BLOX,2026-02-26,FBTC,59.0,2026-02-27,Call,58.77000045776367,0.0,-0.0038982973260394595,1.9,230097600.0,14500000.0,580.0,,,,,,,,,
ADI US 02/27/26 C367.5,ADI   260227C00367500,,ADI   260227C00367500,,,-1450.0,-250125.0,-0.03,,,,,ULTY,2026-02-26,ADI,367.5,2026-02-27,Call,354.2900085449219,0.0,-0.03594555497980442,1.725,994723205.5,27927464.0,1117.1,,,,,,,,,
Advanced Micro Devices Inc,AMD,,007903107,,,100000.0,21086000.0,2.12,,,,,ULTY,2026-02-26,,,,,,,,210.86,994723205.5,27927464.0,1117.1,,,,,,,,,
ALAB US 02/27/26 P121,ALAB  260227P00121000,,ALAB  260227P00121000,,,2000.0,321000.0,0.03,,,,,ULTY,2026-02-26,ALAB,121.0,2026-02-27,Put,124.81999969482422,0.0,-0.031570245411770406,1.605,994723205.5,27927464.0,1117.1,,,,,,,,,
ALAB US 02/27/26 P129,ALAB  260227P00129000,,ALAB  260227P00129000,,,-2000.0,-900000.0,-0.09,,,,,ULTY,2026-02-26,ALAB,129.0,2026-02-27,Put,124.81999969482422,0.0,0.03240310314089753,4.5,994723205.5,27927464.0,1117.1,,,,,,,,,
Alphabet Inc,GOOGL,,02079K305,,,165000.0,51628500.0,5.19,,,,,ULTY,2026-02-26,,,,,,,,312.9,994723205.5,27927464.0,1117.1,,,,,,,,,
AMAZON C CLL OPT 03/26 222.500,AMZN  260306C00222500,,AMZN  260306C00222500,,,-1660.0,-103750.0,-0.01,,,,,ULTY,2026-02-26,AMZN,222.5,2026-03-06,Call,207.91000366210938,7.0,-0.06557301724894662,0.625,994723205.5,27927464.0,1117.1,,,,,,,,,
AMAZON C PUT OPT 03/26 192.500,AMZN  260306P00192500,,AMZN  260306P00192500,,,3320.0,164340.0,0.02,,,,,ULTY,2026-02-26,AMZN,192.5,2026-03-06,Put,207.91000366210938,7.0,-0.08005196707589286,0.495,994723205.5,27927464.0,1117.1,,,,,,,,,
AMAZON C PUT OPT 03/26 207.500,AMZN  260306P00207500,,AMZN  260306P00207500,,,-1660.0,-468950.0,-0.05,,,,,ULTY,2026-02-26,AMZN,207.5,2026-03-06,Put,207.91000366210938,7.0,-0.001975921263177711,2.825,994723205.5,27927464.0,1117.1,,,,,,,,,
Amazon.com Inc,AMZN,,023135106,,,166000.0,34966240.0,3.52,,,,,ULTY,2026-02-26,,,,,,,,210.64,994723205.5,27927464.0,1117.1,,,,,,,,,
AMD US 02/27/26 C215,AMD   260227C00215000,,AMD   260227C00215000,,,-1000.0,-305000.0,-0.03,,,,,ULTY,2026-02-26,AMD,215.0,2026-02-27,Call,203.6699981689453,0.0,-0.05269768293513808,3.05,994723205.5,27927464.0,1117.1,,,,,,,,,
AMD US 02/27/26 P187.5,AMD   260227P00187500,,AMD   260227P00187500,,,2000.0,62000.0,0.01,,,,,ULTY,2026-02-26,AMD,187.5,2026-02-27,Put,203.6699981689453,0.0,-0.086239990234375,0.31,994723205.5,27927464.0,1117.1,,,,,,,,,
AMD US 02/27/26 P197.5,AMD   260227P00197500,,AMD   260227P00197500,,,-1000.0,-109500.0,-0.01,,,,,ULTY,2026-02-26,AMD,197.5,2026-02-27,Put,203.6699981689453,0.0,-0.03124049705795095,1.095,994723205.5,27927464.0,1117.1,,,,,,,,,
AMPLIFY  PUT OPT 03/26 35,SILJ  260306P00035000,,SILJ  260306P00035000,,,29990.0,1769410.0,0.18,,,,,ULTY,2026-02-26,SILJ,35.0,2026-03-06,Put,39.40999984741211,7.0,-0.12599999564034597,0.59,994723205.5,27927464.0,1117.1,,,,,,,,,
AMPLIFY  PUT OPT 03/26 37,SILJ  260306P00037000,,SILJ  260306P00037000,,,-14995.0,-1926857.5,-0.19,,,,,ULTY,2026-02-26,SILJ,37.0,2026-03-06,Put,39.40999984741211,7.0,-0.06513513101113809,1.285,994723205.5,27927464.0,1117.1,,,,,,,,,
Amplify Junior Silver Miners ETF,SILJ,,032108649,,,1499500.0,56951010.0,5.73,,,,,ULTY,2026-02-26,,,,,,,,37.98,994723205.5,27927464.0,1117.1,,,,,,,,,
ANALOG D PUT OPT 03/26 332.500,ADI   260306P00332500,,ADI   260306P00332500,,,2900.0,355250.0,0.04,,,,,ULTY,2026-02-26,ADI,332.5,2026-03-06,Put,354.2900085449219,7.0,-0.06553386028547932,1.225,994723205.5,27927464.0,1117.1,,,,,,,,,
ANALOG D PUT OPT 03/26 360,ADI   260306P00360000,,ADI   260306P00360000,,,-1450.0,-1145500.0,-0.12,,,,,ULTY,2026-02-26,ADI,360.0,2026-03-06,Put,354.2900085449219,7.0,0.015861087375217013,7.9,994723205.5,27927464.0,1117.1,,,,,,,,,
Analog Devices Inc,ADI,,032654105,,,145000.0,52316000.0,5.26,,,,,ULTY,2026-02-26,,,,,,,,360.8,994723205.5,27927464.0,1117.1,,,,,,,,,
ASTERA L CLL OPT 03/26 132,ALAB  260306C00132000,,ALAB  260306C00132000,,,-2000.0,-1105000.0,-0.11,,,,,ULTY,2026-02-26,ALAB,132.0,2026-03-06,Call,124.81999969482422,7.0,-0.05439394170587713,5.525,994723205.5,27927464.0,1117.1,,,,,,,,,
ASTERA L PUT OPT 03/26 112,ALAB  260306P00112000,,ALAB  260306P00112000,,,2000.0,389000.0,0.04,,,,,ULTY,2026-02-26,ALAB,112.0,2026-03-06,Put,124.81999969482422,7.0,-0.11446428298950195,1.945,994723205.5,27927464.0,1117.1,,,,,,,,,
Astera Labs Inc,ALAB,,04626A103,,,200000.0,25630000.0,2.58,,,,,ULTY,2026-02-26,,,,,,,,128.15,994723205.5,27927464.0,1117.1,,,,,,,,,
Cash & Other,Cash&Other,,Cash&Other,,,47823365.0,47823365.02,4.81,,,,,ULTY,2026-02-26,,,,,,,,1.0,994723205.5,27927464.0,1117.1,,,,,,,,,
CIEN US 02/27/26 C357.5,CIEN  260227C00357500,,CIEN  260227C00357500,,,-1000.0,-970000.0,-0.1,,,,,ULTY,2026-02-26,CIEN,357.5,2026-02-27,Call,341.19000244140625,0.0,-0.04562237079326923,9.7,994723205.5,27927464.0,1117.1,,,,,,,,,
CIEN US 02/27/26 P287.5,CIEN  260227P00287500,,CIEN  260227P00287500,,,1000.0,62500.01,0.01,,,,,ULTY,2026-02-26,CIEN,287.5,2026-02-27,Put,341.19000244140625,0.0,-0.18674783457880434,0.625,994723205.5,27927464.0,1117.1,,,,,,,,,
CIENA CO PUT OPT 03/26 330,CIEN  260306P00330000,,CIEN  260306P00330000,,,1000.0,1805000.0,0.18,,,,,ULTY,2026-02-26,CIEN,330.0,2026-03-06,Put,341.19000244140625,7.0,-0.03390909830729167,18.05,994723205.5,27927464.0,1117.1,,,,,,,,,
CIENA CO PUT OPT 03/26 352.500,CIEN  260306P00352500,,CIEN  260306P00352500,,,-1000.0,-2855000.0,-0.29,,,,,ULTY,2026-02-26,CIEN,352.5,2026-03-06,Put,341.19000244140625,7.0,0.032085099457003545,28.55,994723205.5,27927464.0,1117.1,,,,,,,,,
Ciena Corp,CIEN,,171779309,,,100000.0,35333000.0,3.55,,,,,ULTY,2026-02-26,,,,,,,,353.33,994723205.5,27927464.0,1117.1,,,,,,,,,
Coherent Corp,COHR,,19247G107,,,120000.0,32148000.0,3.23,,,,,ULTY,2026-02-26,,,,,,,,267.9,994723205.5,27927464.0,1117.1,,,,,,,,,
COHR US 02/27/26 C260,COHR  260227C00260000,,COHR  260227C00260000,,,-1200.0,-1656000.0,-0.17,,,,,ULTY,2026-02-26,COHR,260.0,2026-02-27,Call,249.52999877929688,0.0,-0.04026923546424279,13.8,994723205.5,27927464.0,1117.1,,,,,,,,,
COHR US 02/27/26 P225,COHR  260227P00225000,,COHR  260227P00225000,,,2400.0,72000.0,0.01,,,,,ULTY,2026-02-26,COHR,225.0,2026-02-27,Put,249.52999877929688,0.0,-0.109022216796875,0.3,994723205.5,27927464.0,1117.1,,,,,,,,,
COHR US 02/27/26 P240,COHR  260227P00240000,,COHR  260227P00240000,,,-1200.0,-213000.0,-0.02,,,,,ULTY,2026-02-26,COHR,240.0,2026-02-27,Put,249.52999877929688,0.0,-0.03970832824707031,1.775,994723205.5,27927464.0,1117.1,,,,,,,,,
Comfort Systems USA Inc,FIX,,199908104,,,31000.0,44968600.0,4.52,,,,,ULTY,2026-02-26,,,,,,,,1450.6,994723205.5,27927464.0,1117.1,,,,,,,,,
First American Government Obligations Fund 12/01/2031,FGXXX,,31846V336,,,16851358.0,16851357.51,1.69,,,,,ULTY,2026-02-26,,,,,,,,100.0,994723205.5,27927464.0,1117.1,,,,,,,,,
FIX US 03/20/26 C1520,FIX   260320C01520000,,FIX   260320C01520000,,,-310.0,-1813500.0,-0.18,,,,,ULTY,2026-02-26,FIX,1520.0,2026-03-20,Call,1438.1800537109375,21.0,-0.05382891203227796,58.5,994723205.5,27927464.0,1117.1,,,,,,,,,
FIX US 03/20/26 P1320,FIX   260320P01320000,,FIX   260320P01320000,,,620.0,2201000.0,0.22,,,,,ULTY,2026-02-26,FIX,1320.0,2026-03-20,Put,1438.1800537109375,21.0,-0.08953034372040719,35.5,994723205.5,27927464.0,1117.1,,,,,,,,,
FIX US 03/20/26 P1420,FIX   260320P01420000,,FIX   260320P01420000,,,-310.0,-2233550.0,-0.22,,,,,ULTY,2026-02-26,FIX,1420.0,2026-03-20,Put,1438.1800537109375,21.0,-0.012802854726012324,72.05,994723205.5,27927464.0,1117.1,,,,,,,,,
GDX US 02/27/26 C110,GDX   260227C00110000,,GDX   260227C00110000,,,-4650.0,-1204350.0,-0.12,,,,,ULTY,2026-02-26,GDX,110.0,2026-02-27,Call,113.86000061035156,0.0,0.035090914639559656,2.59,994723205.5,27927464.0,1117.1,,,,,,,,,
GOOGL US 02/27/26 C325,GOOGL 260227C00325000,,GOOGL 260227C00325000,,,-1650.0,-62700.0,-0.01,,,,,ULTY,2026-02-26,GOOGL,325.0,2026-02-27,Call,307.44000244140625,0.0,-0.05403076171875,0.38,994723205.5,27927464.0,1117.1,,,,,,,,,
GOOGL US 02/27/26 P282.5,GOOGL 260227P00282500,,GOOGL 260227P00282500,,,3300.0,23100.0,0.0,,,,,ULTY,2026-02-26,GOOGL,282.5,2026-02-27,Put,307.44000244140625,0.0,-0.08828319448285399,0.07,994723205.5,27927464.0,1117.1,,,,,,,,,
GOOGL US 02/27/26 P307.5,GOOGL 260227P00307500,,GOOGL 260227P00307500,,,-1650.0,-273075.0,-0.03,,,,,ULTY,2026-02-26,GOOGL,307.5,2026-02-27,Put,307.44000244140625,0.0,0.00019511401168699187,1.655,994723205.5,27927464.0,1117.1,,,,,,,,,
HOOD US 02/27/26 C80,HOOD  260227C00080000,,HOOD  260227C00080000,,,-4498.0,-353093.0,-0.04,,,,,ULTY,2026-02-26,HOOD,80.0,2026-02-27,Call,79.44999694824219,0.0,-0.006875038146972656,0.785,994723205.5,27927464.0,1117.1,,,,,,,,,
HOOD US 02/27/26 P69,HOOD  260227P00069000,,HOOD  260227P00069000,,,4498.0,60723.0,0.01,,,,,ULTY,2026-02-26,HOOD,69.0,2026-02-27,Put,79.44999694824219,0.0,-0.15144923113394473,0.135,994723205.5,27927464.0,1117.1,,,,,,,,,
INTU US 02/27/26 C420,INTU  260227C00420000,,INTU  260227C00420000,,,-360.0,-119700.0,-0.01,,,,,ULTY,2026-02-26,INTU,420.0,2026-02-27,Call,395.32000732421875,0.0,-0.05876188732328869,3.325,994723205.5,27927464.0,1117.1,,,,,,,,,
INTU US 02/27/26 P360,INTU  260227P00360000,,INTU  260227P00360000,,,720.0,489600.0,0.05,,,,,ULTY,2026-02-26,INTU,360.0,2026-02-27,Put,395.32000732421875,0.0,-0.0981111314561632,6.8,994723205.5,27927464.0,1117.1,,,,,,,,,
INTU US 02/27/26 P382.5,INTU  260227P00382500,,INTU  260227P00382500,,,-360.0,-595800.0,-0.06,,,,,ULTY,2026-02-26,INTU,382.5,2026-02-27,Put,395.32000732421875,0.0,-0.03351635901756536,16.55,994723205.5,27927464.0,1117.1,,,,,,,,,
Intuit Inc,INTU,,461202103,,,36000.0,13724280.0,1.38,,,,,ULTY,2026-02-26,,,,,,,,381.23,994723205.5,27927464.0,1117.1,,,,,,,,,
IREN Ltd,IREN,,Q4982L109,,,900000.0,39627000.0,3.98,,,,,ULTY,2026-02-26,,,,,,,,44.03,994723205.5,27927464.0,1117.1,,,,,,,,,
IREN US 02/27/26 C43,IREN  260227C00043000,,IREN  260227C00043000,,,-9000.0,-2317500.0,-0.23,,,,,ULTY,2026-02-26,IREN,43.0,2026-02-27,Call,44.220001220703125,0.0,0.02837212141170058,2.575,994723205.5,27927464.0,1117.1,,,,,,,,,
IREN US 02/27/26 P37,IREN  260227P00037000,,IREN  260227P00037000,,,9000.0,270000.0,0.03,,,,,ULTY,2026-02-26,IREN,37.0,2026-02-27,Put,44.220001220703125,0.0,-0.19513516812711149,0.3,994723205.5,27927464.0,1117.1,,,,,,,,,
Jabil Inc,JBL,,466313103,,,190000.0,52738300.0,5.3,,,,,ULTY,2026-02-26,,,,,,,,277.57,994723205.5,27927464.0,1117.1,,,,,,,,,
JBL US 03/20/26 C280,JBL   260320C00280000,,JBL   260320C00280000,,,-1900.0,-2793000.0,-0.28,,,,,ULTY,2026-02-26,JBL,280.0,2026-03-20,Call,272.0400085449219,21.0,-0.028428540910993304,14.7,994723205.5,27927464.0,1117.1,,,,,,,,,
JBL US 03/20/26 P220,JBL   260320P00220000,,JBL   260320P00220000,,,3800.0,693500.0,0.07,,,,,ULTY,2026-02-26,JBL,220.0,2026-03-20,Put,272.0400085449219,21.0,-0.23654549338600853,1.825,994723205.5,27927464.0,1117.1,,,,,,,,,
JBL US 03/20/26 P250,JBL   260320P00250000,,JBL   260320P00250000,,,-1900.0,-1026000.0,-0.1,,,,,ULTY,2026-02-26,JBL,250.0,2026-03-20,Put,272.0400085449219,21.0,-0.0881600341796875,5.4,994723205.5,27927464.0,1117.1,,,,,,,,,
Lam Research Corp,LRCX,,512807306,,,231000.0,57629880.0,5.79,,,,,ULTY,2026-02-26,,,,,,,,249.48,994723205.5,27927464.0,1117.1,,,,,,,,,
LITE US 02/27/26 C720,LITE  260227C00720000,,LITE  260227C00720000,,,-600.0,-1806000.0,-0.18,,,,,ULTY,2026-02-26,LITE,720.0,2026-02-27,Call,677.0900268554688,0.0,-0.05959718492296007,30.1,994723205.5,27927464.0,1117.1,,,,,,,,,
LITE US 02/27/26 P612.5,LITE  260227P00612500,,LITE  260227P00612500,,,1200.0,333000.0,0.03,,,,,ULTY,2026-02-26,LITE,612.5,2026-02-27,Put,677.0900268554688,0.0,-0.10545310507015306,2.775,994723205.5,27927464.0,1117.1,,,,,,,,,
LITE US 02/27/26 P652.5,LITE  260227P00652500,,LITE  260227P00652500,,,-600.0,-438000.0,-0.04,,,,,ULTY,2026-02-26,LITE,652.5,2026-02-27,Put,677.0900268554688,0.0,-0.03768586491259578,7.3,994723205.5,27927464.0,1117.1,,,,,,,,,
LRCX US 02/27/26 C257.5,LRCX  260227C00257500,,LRCX  260227C00257500,,,-2310.0,-627165.0,-0.06,,,,,ULTY,2026-02-26,LRCX,257.5,2026-02-27,Call,239.11000061035156,0.0,-0.07141747335785802,2.715,994723205.5,27927464.0,1117.1,,,,,,,,,
LRCX US 02/27/26 P222.5,LRCX  260227P00222500,,LRCX  260227P00222500,,,4620.0,300300.0,0.03,,,,,ULTY,2026-02-26,LRCX,222.5,2026-02-27,Put,239.11000061035156,0.0,-0.07465168813641151,0.65,994723205.5,27927464.0,1117.1,,,,,,,,,
LRCX US 02/27/26 P237.5,LRCX  260227P00237500,,LRCX  260227P00237500,,,-2310.0,-467775.0,-0.05,,,,,ULTY,2026-02-26,LRCX,237.5,2026-02-27,Put,239.11000061035156,0.0,-0.006778949938322369,2.025,994723205.5,27927464.0,1117.1,,,,,,,,,
Lumentum Holdings Inc,LITE,,55024U109,,,60000.0,43403400.0,4.36,,,,,ULTY,2026-02-26,,,,,,,,723.39,994723205.5,27927464.0,1117.1,,,,,,,,,
MDB US 02/27/26 P330,MDB   260227P00330000,,MDB   260227P00330000,,,560.0,1055600.0,0.11,,,,,ULTY,2026-02-26,MDB,330.0,2026-02-27,Put,336.4700012207031,0.0,-0.019606064305160986,18.85,994723205.5,27927464.0,1117.1,,,,,,,,,
MDB US 02/27/26 P350,MDB   260227P00350000,,MDB   260227P00350000,,,-560.0,-2024400.0,-0.2,,,,,ULTY,2026-02-26,MDB,350.0,2026-02-27,Put,336.4700012207031,0.0,0.03865713936941964,36.15,994723205.5,27927464.0,1117.1,,,,,,,,,
MONGODB  CLL OPT 03/26 355,MDB   260306C00355000,,MDB   260306C00355000,,,-560.0,-781200.0,-0.08,,,,,ULTY,2026-02-26,MDB,355.0,2026-03-06,Call,336.4700012207031,7.0,-0.0521971796599912,13.95,994723205.5,27927464.0,1117.1,,,,,,,,,
MONGODB  PUT OPT 03/26 292.500,MDB   260306P00292500,,MDB   260306P00292500,,,560.0,1108800.0,0.11,,,,,ULTY,2026-02-26,MDB,292.5,2026-03-06,Put,336.4700012207031,7.0,-0.15032479049813033,19.8,994723205.5,27927464.0,1117.1,,,,,,,,,
MongoDB Inc,MDB,,60937P106,,,56000.0,17639440.0,1.77,,,,,ULTY,2026-02-26,,,,,,,,314.99,994723205.5,27927464.0,1117.1,,,,,,,,,
MSTR US 02/27/26 C135,MSTR  260227C00135000,,MSTR  260227C00135000,,,-920.0,-368000.0,-0.04,,,,,ULTY,2026-02-26,MSTR,135.0,2026-02-27,Call,133.33999633789062,0.0,-0.012296323423032407,4.0,994723205.5,27927464.0,1117.1,,,,,,,,,
MSTR US 02/27/26 C140,MSTR  260227C00140000,,MSTR  260227C00140000,,,-2930.0,-524470.0,-0.05,,,,,ULTY,2026-02-26,MSTR,140.0,2026-02-27,Call,133.33999633789062,0.0,-0.04757145472935268,1.79,994723205.5,27927464.0,1117.1,,,,,,,,,
MSTR US 02/27/26 P117,MSTR  260227P00117000,,MSTR  260227P00117000,,,920.0,23000.0,0.0,,,,,ULTY,2026-02-26,MSTR,117.0,2026-02-27,Put,133.33999633789062,0.0,-0.13965808835803953,0.25,994723205.5,27927464.0,1117.1,,,,,,,,,
MSTR US 02/27/26 P120,MSTR  260227P00120000,,MSTR  260227P00120000,,,2930.0,106945.0,0.01,,,,,ULTY,2026-02-26,MSTR,120.0,2026-02-27,Put,133.33999633789062,0.0,-0.11116663614908855,0.365,994723205.5,27927464.0,1117.1,,,,,,,,,
NuScale Power Corp,SMR,,67079K100,,,2041800.0,26910924.0,2.71,,,,,ULTY,2026-02-26,,,,,,,,13.18,994723205.5,27927464.0,1117.1,,,,,,,,,
NVIDIA C CLL OPT 03/26 212.500,NVDA  260306C00212500,,NVDA  260306C00212500,,,-2650.0,-453150.0,-0.05,,,,,ULTY,2026-02-26,NVDA,212.5,2026-03-06,Call,184.89999389648438,7.0,-0.12988238166360294,1.71,994723205.5,27927464.0,1117.1,,,,,,,,,
NVIDIA C PUT OPT 03/26 180,NVDA  260306P00180000,,NVDA  260306P00180000,,,5300.0,1189850.0,0.12,,,,,ULTY,2026-02-26,NVDA,180.0,2026-03-06,Put,184.89999389648438,7.0,-0.027222188313802083,2.245,994723205.5,27927464.0,1117.1,,,,,,,,,
NVIDIA C PUT OPT 03/26 192.500,NVDA  260306P00192500,,NVDA  260306P00192500,,,-2650.0,-1537000.0,-0.15,,,,,ULTY,2026-02-26,NVDA,192.5,2026-03-06,Put,184.89999389648438,7.0,0.039480551187094155,5.8,994723205.5,27927464.0,1117.1,,,,,,,,,
NVIDIA Corp,NVDA,,67066G104,,,265000.0,51823400.0,5.21,,,,,ULTY,2026-02-26,,,,,,,,195.56,994723205.5,27927464.0,1117.1,,,,,,,,,
Palantir Technologies Inc,PLTR,,69608A108,,,270000.0,36231300.0,3.64,,,,,ULTY,2026-02-26,,,,,,,,134.19,994723205.5,27927464.0,1117.1,,,,,,,,,
PLTR US 02/27/26 C140,PLTR  260227C00140000,,PLTR  260227C00140000,,,-2700.0,-197100.0,-0.02,,,,,ULTY,2026-02-26,PLTR,140.0,2026-02-27,Call,135.94000244140625,0.0,-0.02899998256138393,0.73,994723205.5,27927464.0,1117.1,,,,,,,,,
PLTR US 02/27/26 P128,PLTR  260227P00128000,,PLTR  260227P00128000,,,5400.0,510300.0,0.05,,,,,ULTY,2026-02-26,PLTR,128.0,2026-02-27,Put,135.94000244140625,0.0,-0.06203126907348633,0.945,994723205.5,27927464.0,1117.1,,,,,,,,,
PLTR US 02/27/26 P136,PLTR  260227P00136000,,PLTR  260227P00136000,,,-2700.0,-1005750.0,-0.1,,,,,ULTY,2026-02-26,PLTR,136.0,2026-02-27,Put,135.94000244140625,0.0,0.00044115851907169115,3.725,994723205.5,27927464.0,1117.1,,,,,,,,,
PWR US 03/20/26 C580,PWR   260320C00580000,,PWR   260320C00580000,,,-580.0,-893200.0,-0.09,,,,,ULTY,2026-02-26,PWR,580.0,2026-03-20,Call,565.0599975585938,21.0,-0.025758624898976294,15.4,994723205.5,27927464.0,1117.1,,,,,,,,,
PWR US 03/20/26 P480,PWR   260320P00480000,,PWR   260320P00480000,,,1160.0,200100.0,0.02,,,,,ULTY,2026-02-26,PWR,480.0,2026-03-20,Put,565.0599975585938,21.0,-0.1772083282470703,1.725,994723205.5,27927464.0,1117.1,,,,,,,,,
PWR US 03/20/26 P530,PWR   260320P00530000,,PWR   260320P00530000,,,-580.0,-530700.0,-0.05,,,,,ULTY,2026-02-26,PWR,530.0,2026-03-20,Put,565.0599975585938,21.0,-0.06615093878979952,9.15,994723205.5,27927464.0,1117.1,,,,,,,,,
Quanta Services Inc,PWR,,74762E102,,,58000.0,32640660.0,3.28,,,,,ULTY,2026-02-26,,,,,,,,562.77,994723205.5,27927464.0,1117.1,,,,,,,,,
RBLX US 02/27/26 C66,RBLX  260227C00066000,,RBLX  260227C00066000,,,-4500.0,-1280250.0,-0.13,,,,,ULTY,2026-02-26,RBLX,66.0,2026-02-27,Call,71.41000366210938,0.0,0.08196975245620265,2.845,994723205.5,27927464.0,1117.1,,,,,,,,,
RBLX US 02/27/26 P60,RBLX  260227P00060000,,RBLX  260227P00060000,,,9000.0,103500.0,0.01,,,,,ULTY,2026-02-26,RBLX,60.0,2026-02-27,Put,71.41000366210938,0.0,-0.1901667277018229,0.115,994723205.5,27927464.0,1117.1,,,,,,,,,
RBLX US 02/27/26 P63,RBLX  260227P00063000,,RBLX  260227P00063000,,,-4500.0,-101250.0,-0.01,,,,,ULTY,2026-02-26,RBLX,63.0,2026-02-27,Put,71.41000366210938,0.0,-0.13349212162078372,0.225,994723205.5,27927464.0,1117.1,,,,,,,,,
RDDT US 02/27/26 C157.5,RDDT  260227C00157500,,RDDT  260227C00157500,,,-1850.0,-175750.0,-0.02,,,,,ULTY,2026-02-26,RDDT,157.5,2026-02-27,Call,151.30499267578125,0.0,-0.03933337983630952,0.95,994723205.5,27927464.0,1117.1,,,,,,,,,
RDDT US 02/27/26 P134,RDDT  260227P00134000,,RDDT  260227P00134000,,,3700.0,118400.0,0.01,,,,,ULTY,2026-02-26,RDDT,134.0,2026-02-27,Put,151.30499267578125,0.0,-0.12914173638642723,0.32,994723205.5,27927464.0,1117.1,,,,,,,,,
RDDT US 02/27/26 P142,RDDT  260227P00142000,,RDDT  260227P00142000,,,-1850.0,-192400.0,-0.02,,,,,ULTY,2026-02-26,RDDT,142.0,2026-02-27,Put,151.30499267578125,0.0,-0.06552811743507922,1.04,994723205.5,27927464.0,1117.1,,,,,,,,,
Reddit Inc,RDDT,,75734B100,,,185000.0,27688950.0,2.78,,,,,ULTY,2026-02-26,,,,,,,,149.67,994723205.5,27927464.0,1117.1,,,,,,,,,
Robinhood Markets Inc,HOOD,,770700102,,,449800.0,34872994.0,3.51,,,,,ULTY,2026-02-26,,,,,,,,77.53,994723205.5,27927464.0,1117.1,,,,,,,,,
ROBLOX Corp,RBLX,,771049103,,,450000.0,30631500.0,3.08,,,,,ULTY,2026-02-26,,,,,,,,68.07,994723205.5,27927464.0,1117.1,,,,,,,,,
SCCO US 02/27/26 C205,SCCO  260227C00205000,,SCCO  260227C00205000,,,-1591.0,-1869425.0,-0.19,,,,,ULTY,2026-02-26,SCCO,205.0,2026-02-27,Call,215.7100067138672,0.0,0.05224393518959604,11.75,994723205.5,27927464.0,1117.1,,,,,,,,,
SILJ US 02/27/26 C36.5,SILJ  260227C00036500,,SILJ  260227C00036500,,,-14995.0,-2751582.5,-0.28,,,,,ULTY,2026-02-26,SILJ,36.5,2026-02-27,Call,39.40999984741211,0.0,0.07972602321677012,1.835,994723205.5,27927464.0,1117.1,,,,,,,,,
SMR US 02/27/26 C14.5,SMR   260227C00014500,,SMR   260227C00014500,,,-20418.0,-898392.0,-0.09,,,,,ULTY,2026-02-26,SMR,14.5,2026-02-27,Call,13.329999923706055,0.0,-0.0806896604340652,0.44,994723205.5,27927464.0,1117.1,,,,,,,,,
SMR US 02/27/26 C16.5,SMR   260227C00016500,,SMR   260227C00016500,,,20418.0,255225.0,0.03,,,,,ULTY,2026-02-26,SMR,16.5,2026-02-27,Call,13.329999923706055,0.0,-0.1921212167450876,0.125,994723205.5,27927464.0,1117.1,,,,,,,,,
SMR US 02/27/26 P13,SMR   260227P00013000,,SMR   260227P00013000,,,40836.0,3307716.0,0.33,,,,,ULTY,2026-02-26,SMR,13.0,2026-02-27,Put,13.329999923706055,0.0,-0.02538460951585036,0.81,994723205.5,27927464.0,1117.1,,,,,,,,,
SMR US 02/27/26 P13.5,SMR   260227P00013500,,SMR   260227P00013500,,,-20418.0,-2225562.0,-0.22,,,,,ULTY,2026-02-26,SMR,13.5,2026-02-27,Put,13.329999923706055,0.0,0.012592598243995948,1.09,994723205.5,27927464.0,1117.1,,,,,,,,,
Southern Copper Corp,SCCO,,84265V105,,,159141.0,34247207.76,3.44,,,,,ULTY,2026-02-26,,,,,,,,215.2,994723205.5,27927464.0,1117.1,,,,,,,,,
SOUTHERN PUT OPT 03/26 202.500,SCCO  260306P00202500,,SCCO  260306P00202500,,,3182.0,676175.0,0.07,,,,,ULTY,2026-02-26,SCCO,202.5,2026-03-06,Put,215.7100067138672,7.0,-0.06523460105613425,2.125,994723205.5,27927464.0,1117.1,,,,,,,,,
SOUTHERN PUT OPT 03/26 215,SCCO  260306P00215000,,SCCO  260306P00215000,,,-1591.0,-1193250.0,-0.12,,,,,ULTY,2026-02-26,SCCO,215.0,2026-03-06,Put,215.7100067138672,7.0,-0.003302356808684593,7.5,994723205.5,27927464.0,1117.1,,,,,,,,,
Strategy Inc,MSTR,,594972408,,,385000.0,52225250.0,5.25,,,,,ULTY,2026-02-26,,,,,,,,135.65,994723205.5,27927464.0,1117.1,,,,,,,,,
VANECK G PUT OPT 03/26 103,GDX   260306P00103000,,GDX   260306P00103000,,,9300.0,790500.0,0.08,,,,,ULTY,2026-02-26,GDX,103.0,2026-03-06,Put,113.86000061035156,7.0,-0.10543689912962682,0.85,994723205.5,27927464.0,1117.1,,,,,,,,,
VANECK G PUT OPT 03/26 110,GDX   260306P00110000,,GDX   260306P00110000,,,-4650.0,-1334550.0,-0.13,,,,,ULTY,2026-02-26,GDX,110.0,2026-03-06,Put,113.86000061035156,7.0,-0.035090914639559656,2.87,994723205.5,27927464.0,1117.1,,,,,,,,,
VanEck Gold Miners ETF/USA,GDX,,92189F106,,,465000.0,51689400.0,5.2,,,,,ULTY,2026-02-26,,,,,,,,111.16,994723205.5,27927464.0,1117.1,,,,,,,,,
Cash & Other,CASH,,,,,1093109.0,1093108.92,6.6,,,,,ULTI,2026-02-27,,,,,,,,,,,,,,,,,,,,
TERAWULF INC,WULF,,88080T104,,,53800.0,964096.0,5.82,,,,,ULTI,2026-02-27,,,,,,,,,,,,,,,,,,,,
BLOOM ENERGY CORP. CLASS A,BE,,093712107,,,5500.0,961235.0,5.8,,,,,ULTI,2026-02-27,,,,,,,,,,,,,,,,,,,,
LUMENTUM HOLDINGS INC,LITE,,55024U109,,,1300.0,940407.0,5.67,,,,,ULTI,2026-02-27,,,,,,,,,,,,,,,,,,,,
RIOT PLATFORMS INC.,RIOT,,767292105,,,51200.0,874496.0,5.28,,,,,ULTI,2026-02-27,,,,,,,,,,,,,,,,,,,,
Nebius Group NV,NBIS,,N97284108,,,8200.0,870184.0,5.25,,,,,ULTI,2026-02-27,,,,,,,,,,,,,,,,,,,,
BITMINE IMMERSION TECHNOLOGI COMMON STOCK,BMNR,,09175A206,,,39900.0,857850.0,5.18,,,,,ULTI,2026-02-27,,,,,,,,,,,,,,,,,,,,
CORE SCIENTIFIC INC,CORZ,,21874A106,,,46700.0,844336.0,5.09,,,,,ULTI,2026-02-27,,,,,,,,,,,,,,,,,,,,
AST SPACEMOBILE INC CLASS A,ASTS,,00217D100,,,10000.0,823600.0,4.97,,,,,ULTI,2026-02-27,,,,,,,,,,,,,,,,,,,,
PLANET LABS PBC,PL,,72703X106,,,33400.0,822642.0,4.96,,,,,ULTI,2026-02-27,,,,,,,,,,,,,,,,,,,,
SANDISK CORP/DE SNDKV,SNDK,,80004C200,,,1300.0,822094.0,4.96,,,,,ULTI,2026-02-27,,,,,,,,,,,,,,,,,,,,
Ondas Holdings Inc.,ONDS,,68236H204,,,79300.0,816790.0,4.93,,,,,ULTI,2026-02-27,,,,,,,,,,,,,,,,,,,,
APPLIED DIGITAL CORP COMMON STOCK USD 0.001,APLD,,038169207,,,27900.0,811332.0,4.9,,,,,ULTI,2026-02-27,,,,,,,,,,,,,,,,,,,,
COEUR MINING INC.,CDE,,192108504,,,32700.0,804093.0,4.85,,,,,ULTI,2026-02-27,,,,,,,,,,,,,,,,,,,,
ROCKET LAB CORP,RKLB,,773121108,,,11400.0,800280.0,4.83,,,,,ULTI,2026-02-27,,,,,,,,,,,,,,,,,,,,
RED CAT HOLDINGS INC,RCAT,,75644T100,,,64000.0,794880.0,4.8,,,,,ULTI,2026-02-27,,,,,,,,,,,,,,,,,,,,
TRADE DESK INC/THE -CLASS A,TTD,,88339J105,,,31600.0,795056.0,4.8,,,,,ULTI,2026-02-27,,,,,,,,,,,,,,,,,,,,
URANIUM ENERGY CORP,UEC,,916896103,,,50100.0,783063.0,4.73,,,,,ULTI,2026-02-27,,,,,,,,,,,,,,,,,,,,
SUNRUN INC,RUN,,86771W105,,,39600.0,774180.0,4.67,,,,,ULTI,2026-02-27,,,,,,,,,,,,,,,,,,,,
INTUITIVE MACHINES INC COMMON STOCK USD.0001,LUNR,,46125A100,,,45700.0,726173.0,4.38,,,,,ULTI,2026-02-27,,,,,,,,,,,,,,,,,,,,
LIQUIDIA CORP,OTHER,,53635D202,,,23900.0,717000.0,4.33,,,,,ULTI,2026-02-27,,,,,,,,,,,,,,,,,,,,
BE US 02/27/26 C165,OTHER,,,,,55.0,78595.0,0.47,,,,,ULTI,2026-02-27,,,,,,,,,,,,,,,,,,,,
WULF US 02/27/26 C17.5,OTHER,,,,,538.0,69940.0,0.42,,,,,ULTI,2026-02-27,,,,,,,,,,,,,,,,,,,,
LITE US 02/27/26 C730,OTHER,,,,,13.0,33670.0,0.2,,,,,ULTI,2026-02-27,,,,,,,,,,,,,,,,,,,,
RIOT US 02/27/26 C17,OTHER,,,,,512.0,31232.0,0.19,,,,,ULTI,2026-02-27,,,,,,,,,,,,,,,,,,,,
LQDA US 02/27/26 P26.5,OTHER,,,,,239.0,28082.5,0.17,,,,,ULTI,2026-02-27,,,,,,,,,,,,,,,,,,,,
NBIS US 02/27/26 C108,OTHER,,,,,82.0,25092.0,0.15,,,,,ULTI,2026-02-27,,,,,,,,,,,,,,,,,,,,
TTD US 02/27/26 P21,OTHER,,,,,632.0,23384.0,0.14,,,,,ULTI,2026-02-27,,,,,,,,,,,,,,,,,,,,
TTD US 02/27/26 C29,OTHER,,,,,316.0,20856.0,0.13,,,,,ULTI,2026-02-27,,,,,,,,,,,,,,,,,,,,
BMNR US 02/27/26 C22,OTHER,,,,,399.0,19152.0,0.12,,,,,ULTI,2026-02-27,,,,,,,,,,,,,,,,,,,,
RUN US 02/27/26 P17,OTHER,,,,,792.0,19008.0,0.11,,,,,ULTI,2026-02-27,,,,,,,,,,,,,,,,,,,,
RKLB US 02/27/26 P61,OTHER,,,,,228.0,17784.0,0.11,,,,,ULTI,2026-02-27,,,,,,,,,,,,,,,,,,,,
LUNR US 02/27/26 P15,OTHER,,,,,457.0,14167.0,0.09,,,,,ULTI,2026-02-27,,,,,,,,,,,,,,,,,,,,
APLD US 02/27/26 C32,OTHER,,,,,279.0,11439.0,0.07,,,,,ULTI,2026-02-27,,,,,,,,,,,,,,,,,,,,
RKLB US 02/27/26 C79,OTHER,,,,,114.0,11742.0,0.07,,,,,ULTI,2026-02-27,,,,,,,,,,,,,,,,,,,,
LQDA US 02/27/26 C40.5,OTHER,,,,,239.0,9560.0,0.06,,,,,ULTI,2026-02-27,,,,,,,,,,,,,,,,,,,,
ASTS US 02/27/26 C89,OTHER,,,,,100.0,9500.0,0.06,,,,,ULTI,2026-02-27,,,,,,,,,,,,,,,,,,,,
SNDK US 02/27/26 P575,OTHER,,,,,13.0,9750.0,0.06,,,,,ULTI,2026-02-27,,,,,,,,,,,,,,,,,,,,
CORZ US 02/27/26 C19.5,OTHER,,,,,467.0,9340.0,0.06,,,,,ULTI,2026-02-27,,,,,,,,,,,,,,,,,,,,
RCAT US 02/27/26 C13.5,OTHER,,,,,640.0,9600.0,0.06,,,,,ULTI,2026-02-27,,,,,,,,,,,,,,,,,,,,
PL US 02/27/26 C26.5,OTHER,,,,,334.0,10020.0,0.06,,,,,ULTI,2026-02-27,,,,,,,,,,,,,,,,,,,,
BMNR US 02/27/26 P20,OTHER,,,,,399.0,7581.0,0.05,,,,,ULTI,2026-02-27,,,,,,,,,,,,,,,,,,,,
RUN US 02/27/26 C23,OTHER,,,,,396.0,9108.0,0.05,,,,,ULTI,2026-02-27,,,,,,,,,,,,,,,,,,,,
SNDK US 02/27/26 C705,OTHER,,,,,13.0,6500.0,0.04,,,,,ULTI,2026-02-27,,,,,,,,,,,,,,,,,,,,
APLD US 02/27/26 P25,OTHER,,,,,279.0,6417.0,0.04,,,,,ULTI,2026-02-27,,,,,,,,,,,,,,,,,,,,
CDE US 02/27/26 C27,OTHER,,,,,327.0,4905.0,0.03,,,,,ULTI,2026-02-27,,,,,,,,,,,,,,,,,,,,
ONDS US 02/27/26 C11.5,OTHER,,,,,793.0,5551.0,0.03,,,,,ULTI,2026-02-27,,,,,,,,,,,,,,,,,,,,
UEC US 02/27/26 C17.5,OTHER,,,,,501.0,2505.0,0.02,,,,,ULTI,2026-02-27,,,,,,,,,,,,,,,,,,,,
UEC US 02/27/26 P14.5,OTHER,,,,,501.0,3006.0,0.02,,,,,ULTI,2026-02-27,,,,,,,,,,,,,,,,,,,,
WULF US 02/27/26 P12.5,OTHER,,,,,538.0,2152.0,0.01,,,,,ULTI,2026-02-27,,,,,,,,,,,,,,,,,,,,
CDE US 02/27/26 P22,OTHER,,,,,327.0,1635.0,0.01,,,,,ULTI,2026-02-27,,,,,,,,,,,,,,,,,,,,
ASTS US 02/27/26 P71,OTHER,,,,,100.0,2400.0,0.01,,,,,ULTI,2026-02-27,,,,,,,,,,,,,,,,,,,,
CORZ US 02/27/26 P14.5,OTHER,,,,,467.0,1868.0,0.01,,,,,ULTI,2026-02-27,,,,,,,,,,,,,,,,,,,,
ONDS US 02/27/26 P8.5,OTHER,,,,,793.0,1586.0,0.01,,,,,ULTI,2026-02-27,,,,,,,,,,,,,,,,,,,,
LITE US 02/27/26 P595,OTHER,,,,,13.0,2353.0,0.01,,,,,ULTI,2026-02-27,,,,,,,,,,,,,,,,,,,,
LUNR US 02/27/26 C20,OTHER,,,,,457.0,1828.0,0.01,,,,,ULTI,2026-02-27,,,,,,,,,,,,,,,,,,,,
PL US 02/27/26 P21.5,OTHER,,,,,334.0,2004.0,0.01,,,,,ULTI,2026-02-27,,,,,,,,,,,,,,,,,,,,
RCAT US 02/27/26 P10.5,OTHER,,,,,640.0,1920.0,0.01,,,,,ULTI,2026-02-27,,,,,,,,,,,,,,,,,,,,
RIOT US 02/27/26 P14,OTHER,,,,,512.0,1536.0,0.01,,,,,ULTI,2026-02-27,,,,,,,,,,,,,,,,,,,,
NBIS US 02/27/26 P88,OTHER,,,,,82.0,2460.0,0.01,,,,,ULTI,2026-02-27,,,,,,,,,,,,,,,,,,,,
BE US 02/27/26 P129,OTHER,,,,,55.0,825.0,0.0,,,,,ULTI,2026-02-27,,,,,,,,,,,,,,,,,,,,
LUNR US 02/27/26 C17.5,OTHER,,,,,-457.0,-8683.0,-0.05,,,,,ULTI,2026-02-27,,,,,,,,,,,,,,,,,,,,
CORZ US 02/27/26 P17,OTHER,,,,,-467.0,-14477.0,-0.09,,,,,ULTI,2026-02-27,,,,,,,,,,,,,,,,,,,,
CDE US 02/27/26 P24.5,OTHER,,,,,-327.0,-17331.0,-0.1,,,,,ULTI,2026-02-27,,,,,,,,,,,,,,,,,,,,
LQDA US 02/27/26 C33.5,OTHER,,,,,-239.0,-16730.0,-0.1,,,,,ULTI,2026-02-27,,,,,,,,,,,,,,,,,,,,
UEC US 02/27/26 C16,OTHER,,,,,-501.0,-16032.0,-0.1,,,,,ULTI,2026-02-27,,,,,,,,,,,,,,,,,,,,
ONDS US 02/27/26 P10,OTHER,,,,,-793.0,-19825.0,-0.12,,,,,ULTI,2026-02-27,,,,,,,,,,,,,,,,,,,,
CDE US 02/27/26 C24.5,OTHER,,,,,-327.0,-26160.0,-0.16,,,,,ULTI,2026-02-27,,,,,,,,,,,,,,,,,,,,
UEC US 02/27/26 P16,OTHER,,,,,-501.0,-27555.0,-0.17,,,,,ULTI,2026-02-27,,,,,,,,,,,,,,,,,,,,
SNDK US 02/27/26 C640,OTHER,,,,,-13.0,-29510.0,-0.18,,,,,ULTI,2026-02-27,,,,,,,,,,,,,,,,,,,,
APLD US 02/27/26 P28.5,OTHER,,,,,-279.0,-30969.0,-0.19,,,,,ULTI,2026-02-27,,,,,,,,,,,,,,,,,,,,
PL US 02/27/26 C24,OTHER,,,,,-334.0,-38410.0,-0.23,,,,,ULTI,2026-02-27,,,,,,,,,,,,,,,,,,,,
RUN US 02/27/26 C20,OTHER,,,,,-396.0,-39600.0,-0.24,,,,,ULTI,2026-02-27,,,,,,,,,,,,,,,,,,,,
SNDK US 02/27/26 P640,OTHER,,,,,-13.0,-39000.0,-0.24,,,,,ULTI,2026-02-27,,,,,,,,,,,,,,,,,,,,
RKLB US 02/27/26 P70,OTHER,,,,,-114.0,-41610.0,-0.25,,,,,ULTI,2026-02-27,,,,,,,,,,,,,,,,,,,,
ONDS US 02/27/26 C10,OTHER,,,,,-793.0,-43615.0,-0.26,,,,,ULTI,2026-02-27,,,,,,,,,,,,,,,,,,,,
RKLB US 02/27/26 C70,OTHER,,,,,-114.0,-43890.0,-0.26,,,,,ULTI,2026-02-27,,,,,,,,,,,,,,,,,,,,
APLD US 02/27/26 C28.5,OTHER,,,,,-279.0,-45477.0,-0.27,,,,,ULTI,2026-02-27,,,,,,,,,,,,,,,,,,,,
RCAT US 02/27/26 C12,OTHER,,,,,-640.0,-46080.0,-0.28,,,,,ULTI,2026-02-27,,,,,,,,,,,,,,,,,,,,
ASTS US 02/27/26 C80,OTHER,,,,,-100.0,-52900.0,-0.32,,,,,ULTI,2026-02-27,,,,,,,,,,,,,,,,,,,,
RUN US 02/27/26 P20,OTHER,,,,,-396.0,-55440.0,-0.33,,,,,ULTI,2026-02-27,,,,,,,,,,,,,,,,,,,,
TTD US 02/27/26 P25,OTHER,,,,,-316.0,-56564.0,-0.34,,,,,ULTI,2026-02-27,,,,,,,,,,,,,,,,,,,,
CORZ US 02/27/26 C17,OTHER,,,,,-467.0,-60710.0,-0.37,,,,,ULTI,2026-02-27,,,,,,,,,,,,,,,,,,,,
TTD US 02/27/26 C25,OTHER,,,,,-316.0,-63832.0,-0.39,,,,,ULTI,2026-02-27,,,,,,,,,,,,,,,,,,,,
BMNR US 02/27/26 C20,OTHER,,,,,-399.0,-67830.0,-0.41,,,,,ULTI,2026-02-27,,,,,,,,,,,,,,,,,,,,
LUNR US 02/27/26 P17.5,OTHER,,,,,-457.0,-67179.0,-0.41,,,,,ULTI,2026-02-27,,,,,,,,,,,,,,,,,,,,
NBIS US 02/27/26 C98,OTHER,,,,,-82.0,-84214.0,-0.51,,,,,ULTI,2026-02-27,,,,,,,,,,,,,,,,,,,,
RIOT US 02/27/26 C15.5,OTHER,,,,,-512.0,-90112.0,-0.54,,,,,ULTI,2026-02-27,,,,,,,,,,,,,,,,,,,,
LITE US 02/27/26 C662.5,OTHER,,,,,-13.0,-89700.0,-0.54,,,,,ULTI,2026-02-27,,,,,,,,,,,,,,,,,,,,
LQDA US 02/27/26 P33.5,OTHER,,,,,-239.0,-97273.0,-0.59,,,,,ULTI,2026-02-27,,,,,,,,,,,,,,,,,,,,
WULF US 02/27/26 C15,OTHER,,,,,-538.0,-161400.0,-0.97,,,,,ULTI,2026-02-27,,,,,,,,,,,,,,,,,,,,
BE US 02/27/26 C147,OTHER,,,,,-55.0,-166100.0,-1.0,,,,,ULTI,2026-02-27,,,,,,,,,,,,,,,,,,,,
TESLA INC,TSLA,,88160R101,,,1681204.0,701734549.6,10.73,,,,,ARKK,2026-02-27,,,,,,,,,,,,02/26/2026,,,,,,,,
CRISPR THERAPEUTICS AG,CRSP,,H17182108,,,7468334.0,412252036.8,6.3,,,,,ARKK,2026-02-27,,,,,,,,,,,,02/26/2026,,,,,,,,
TEMPUS AI INC-CL A,TEM,,88023B103,,,6369196.0,342089517.16,5.23,,,,,ARKK,2026-02-27,,,,,,,,,,,,02/26/2026,,,,,,,,
ROKU INC,ROKU,,77543R102,,,3325136.0,306843550.08,4.69,,,,,ARKK,2026-02-27,,,,,,,,,,,,02/26/2026,,,,,,,,
SHOPIFY INC - CLASS A,SHOP,,82509L107,,,2369665.0,285094396.15,4.36,,,,,ARKK,2026-02-27,,,,,,,,,,,,02/26/2026,,,,,,,,
COINBASE GLOBAL INC -CLASS A,COIN,,19260Q107,,,1499039.0,275733233.66,4.22,,,,,ARKK,2026-02-27,,,,,,,,,,,,02/26/2026,,,,,,,,
ROBINHOOD MARKETS INC - A,HOOD,,770700102,,,3407844.0,264210145.32,4.04,,,,,ARKK,2026-02-27,,,,,,,,,,,,02/26/2026,,,,,,,,
BEAM THERAPEUTICS INC,BEAM,,07373V105,,,8702293.0,257674895.73,3.94,,,,,ARKK,2026-02-27,,,,,,,,,,,,02/26/2026,,,,,,,,
ADVANCED MICRO DEVICES,AMD,,007903107,,,1214488.0,256086939.68,3.92,,,,,ARKK,2026-02-27,,,,,,,,,,,,02/26/2026,,,,,,,,
ROBLOX CORP -CLASS A,RBLX,,771049103,,,3505303.0,238605975.21,3.65,,,,,ARKK,2026-02-27,,,,,,,,,,,,02/26/2026,,,,,,,,
CIRCLE INTERNET GROUP INC,CRCL,,172573107,,,2778146.0,230975058.44,3.53,,,,,ARKK,2026-02-27,,,,,,,,,,,,02/26/2026,,,,,,,,
TERADYNE INC,TER,,880770102,,,585143.0,200598723.26,3.07,,,,,ARKK,2026-02-27,,,,,,,,,,,,02/26/2026,,,,,,,,
PALANTIR TECHNOLOGIES INC-A,PLTR,,69608A108,,,1467541.0,196929326.79,3.01,,,,,ARKK,2026-02-27,,,,,,,,,,,,02/26/2026,,,,,,,,
TWIST BIOSCIENCE CORP,TWST,,90184D100,,,3767687.0,186801921.46,2.86,,,,,ARKK,2026-02-27,,,,,,,,,,,,02/26/2026,,,,,,,,
BULLISH,BLSH,,G16910120,,,4691790.0,154312973.1,2.36,,,,,ARKK,2026-02-27,,,,,,,,,,,,02/26/2026,,,,,,,,
10X GENOMICS INC-CLASS A,TXG,,88025U109,,,7216543.0,141877235.38,2.17,,,,,ARKK,2026-02-27,,,,,,,,,,,,02/26/2026,,,,,,,,
BITMINE IMMERSION TECHNOLOGI,BMNR,,09175A206,,,6375353.0,137070089.5,2.1,,,,,ARKK,2026-02-27,,,,,,,,,,,,02/26/2026,,,,,,,,
ARCHER AVIATION INC-A,ACHR,,03945R102,,,19121863.0,135765227.3,2.08,,,,,ARKK,2026-02-27,,,,,,,,,,,,02/26/2026,,,,,,,,
COREWEAVE INC-CL A,CRWV,,21873S108,,,1298327.0,127249029.27,1.95,,,,,ARKK,2026-02-27,,,,,,,,,,,,02/26/2026,,,,,,,,
INTELLIA THERAPEUTICS INC,NTLA,,45826J105,,,9022923.0,121087626.66,1.85,,,,,ARKK,2026-02-27,,,,,,,,,,,,02/26/2026,,,,,,,,
TAIWAN SEMICONDUCTOR-SP ADR,TSM,,874039100,,,297935.0,115518337.55,1.77,,,,,ARKK,2026-02-27,,,,,,,,,,,,02/26/2026,,,,,,,,
DEERE & CO,DE,,244199105,,,179228.0,111768373.08,1.71,,,,,ARKK,2026-02-27,,,,,,,,,,,,02/26/2026,,,,,,,,
NVIDIA CORP,NVDA,,67066G104,,,566259.0,110737610.04,1.69,,,,,ARKK,2026-02-27,,,,,,,,,,,,02/26/2026,,,,,,,,
AMAZON.COM INC,AMZN,,023135106,,,518106.0,109133847.84,1.67,,,,,ARKK,2026-02-27,,,,,,,,,,,,02/26/2026,,,,,,,,
RECURSION PHARMACEUTICALS-A,RXRX,,75629V104,,,23201441.0,87469432.57,1.34,,,,,ARKK,2026-02-27,,,,,,,,,,,,02/26/2026,,,,,,,,
ILLUMINA INC,ILMN,,452327109,,,684764.0,83452188.68,1.28,,,,,ARKK,2026-02-27,,,,,,,,,,,,02/26/2026,,,,,,,,
NATERA INC,NTRA,,632307104,,,395514.0,83781730.62,1.28,,,,,ARKK,2026-02-27,,,,,,,,,,,,02/26/2026,,,,,,,,
BWX TECHNOLOGIES INC,BWXT,,05605H100,,,388561.0,80925599.47,1.24,,,,,ARKK,2026-02-27,,,,,,,,,,,,02/26/2026,,,,,,,,
BLOCK INC,XYZ,,852234103,,,1553100.0,80668014.0,1.23,,,,,ARKK,2026-02-27,,,,,,,,,,,,02/26/2026,,,,,,,,
BAIDU INC - SPON ADR,BIDU,,056752108,,,568651.0,75431555.15,1.15,,,,,ARKK,2026-02-27,,,,,,,,,,,,02/26/2026,,,,,,,,
VERACYTE INC,VCYT,,92337F107,,,2106907.0,75258718.04,1.15,,,,,ARKK,2026-02-27,,,,,,,,,,,,02/26/2026,,,,,,,,
KRATOS DEFENSE & SECURITY,KTOS,,50077B207,,,822997.0,72613025.31,1.11,,,,,ARKK,2026-02-27,,,,,,,,,,,,02/26/2026,,,,,,,,
META PLATFORMS INC-CLASS A,META,,30303M102,,,110900.0,72494221.0,1.11,,,,,ARKK,2026-02-27,,,,,,,,,,,,02/26/2026,,,,,,,,
BROADCOM INC,AVGO,,11135F101,,,193446.0,64284040.26,0.98,,,,,ARKK,2026-02-27,,,,,,,,,,,,02/26/2026,,,,,,,,
ALPHABET INC-CL C,GOOG,,02079K107,,,179390.0,56154451.7,0.86,,,,,ARKK,2026-02-27,,,,,,,,,,,,02/26/2026,,,,,,,,
GENEDX HOLDINGS CORP,WGS,,81663L200,,,702144.0,55399161.6,0.85,,,,,ARKK,2026-02-27,,,,,,,,,,,,02/26/2026,,,,,,,,
ALIBABA GROUP HOLDING-SP ADR,BABA,,01609W102,,,352205.0,53633777.4,0.82,,,,,ARKK,2026-02-27,,,,,,,,,,,,02/26/2026,,,,,,,,
FIGMA INC-CL A,OTHER,,316841105,,,1540548.0,48126719.52,0.74,,,,,ARKK,2026-02-27,,,,,,,,,,,,02/26/2026,,,,,,,,
SOFI TECHNOLOGIES INC,SOFI,,83406F102,,,2259092.0,43577884.68,0.67,,,,,ARKK,2026-02-27,,,,,,,,,,,,02/26/2026,,,,,,,,
PACIFIC BIOSCIENCES OF CALIF,PACB,,69404D108,,,20940748.0,34133419.24,0.52,,,,,ARKK,2026-02-27,,,,,,,,,,,,02/26/2026,,,,,,,,
CERUS CORP,CERS,,157085101,,,9498859.0,22987238.78,0.35,,,,,ARKK,2026-02-27,,,,,,,,,,,,02/26/2026,,,,,,,,
GOLDMAN FS TRSY OBLIG INST 468,OTHER,,X9USDGSFT,,,13297835.0,13297834.86,0.2,,,,,ARKK,2026-02-27,,,,,,,,,,,,02/26/2026,,,,,,,,
BRERA HOLDINGS PLC-CL B,SLMT,,G13311116,,,6969091.0,7805381.92,0.12,,,,,ARKK,2026-02-27,,,,,,,,,,,,02/26/2026,,,,,,,,
PAGERDUTY INC,PD,,69553P100,,,590546.0,3980280.04,0.06,,,,,ARKK,2026-02-27,,,,,,,,,,,,02/26/2026,,,,,,,,
BRERA HOLDINGS PLC WTS,OTHER,,BREADUMMY,,,4316257.0,3409843.03,0.05,,,,,ARKK,2026-02-27,,,,,,,,,,,,02/26/2026,,,,,,,,
TESLA INC,TSLA,,88160R101,,,502603.0,209786492.2,10.19,,,,,ARKQ,2026-02-27,,,,,,,,,,,,02/26/2026,,,,,,,,
TERADYNE INC,TER,,880770102,,,591440.0,202757460.8,9.85,,,,,ARKQ,2026-02-27,,,,,,,,,,,,02/26/2026,,,,,,,,
KRATOS DEFENSE & SECURITY,KTOS,,50077B207,,,1620641.0,142989155.43,6.95,,,,,ARKQ,2026-02-27,,,,,,,,,,,,02/26/2026,,,,,,,,
ROCKET LAB,RKLB UQ,,773121108,,,1360803.0,95528370.6,4.64,,,,,ARKQ,2026-02-27,,,,,,,,,,,,02/26/2026,,,,,,,,
DEERE & CO,DE,,244199105,,,148993.0,92913524.73,4.51,,,,,ARKQ,2026-02-27,,,,,,,,,,,,02/26/2026,,,,,,,,
ADVANCED MICRO DEVICES,AMD,,007903107,,,437173.0,92182298.78,4.48,,,,,ARKQ,2026-02-27,,,,,,,,,,,,02/26/2026,,,,,,,,
AEROVIRONMENT INC,AVAV,,008073108,,,301959.0,77065975.98,3.74,,,,,ARKQ,2026-02-27,,,,,,,,,,,,02/26/2026,,,,,,,,
PALANTIR TECHNOLOGIES INC-A,PLTR,,69608A108,,,565511.0,75885921.09,3.69,,,,,ARKQ,2026-02-27,,,,,,,,,,,,02/26/2026,,,,,,,,
ALPHABET INC-CL C,GOOG,,02079K107,,,228712.0,71593717.36,3.48,,,,,ARKQ,2026-02-27,,,,,,,,,,,,02/26/2026,,,,,,,,
ARCHER AVIATION INC-A,ACHR,,03945R102,,,9478820.0,67299622.0,3.27,,,,,ARKQ,2026-02-27,,,,,,,,,,,,02/26/2026,,,,,,,,
L3HARRIS TECHNOLOGIES INC,LHX,,502431109,,,186105.0,63471110.25,3.08,,,,,ARKQ,2026-02-27,,,,,,,,,,,,02/26/2026,,,,,,,,
TAIWAN SEMICONDUCTOR-SP ADR,TSM,,874039100,,,161886.0,62768058.78,3.05,,,,,ARKQ,2026-02-27,,,,,,,,,,,,02/26/2026,,,,,,,,
TRIMBLE INC,TRMB,,896239100,,,750638.0,50397835.32,2.45,,,,,ARKQ,2026-02-27,,,,,,,,,,,,02/26/2026,,,,,,,,
NVIDIA CORP,NVDA,,67066G104,,,240949.0,47119986.44,2.29,,,,,ARKQ,2026-02-27,,,,,,,,,,,,02/26/2026,,,,,,,,
AMAZON.COM INC,AMZN,,023135106,,,218635.0,46053276.4,2.24,,,,,ARKQ,2026-02-27,,,,,,,,,,,,02/26/2026,,,,,,,,
CATERPILLAR INC,CAT,,149123101,,,59298.0,45458439.78,2.21,,,,,ARKQ,2026-02-27,,,,,,,,,,,,02/26/2026,,,,,,,,
KOMATSU LTD -SPONS ADR,KMTUY,,500458401,,,914185.0,45244386.93,2.2,,,,,ARKQ,2026-02-27,,,,,,,,,,,,02/26/2026,,,,,,,,
CAMECO CORP,CCJ,,13321L108,,,342965.0,41059769.8,2.0,,,,,ARKQ,2026-02-27,,,,,,,,,,,,02/26/2026,,,,,,,,
IRIDIUM COMMUNICATIONS INC,IRDM,,46269C102,,,1736231.0,41044500.84,1.99,,,,,ARKQ,2026-02-27,,,,,,,,,,,,02/26/2026,,,,,,,,
BWX TECHNOLOGIES INC,BWXT,,05605H100,,,184059.0,38333967.93,1.86,,,,,ARKQ,2026-02-27,,,,,,,,,,,,02/26/2026,,,,,,,,
SYMBOTIC INC,SYM UQ,,87151X101,,,675926.0,37946485.64,1.84,,,,,ARKQ,2026-02-27,,,,,,,,,,,,02/26/2026,,,,,,,,
BAIDU INC - SPON ADR,BIDU,,056752108,,,280967.0,37270272.55,1.81,,,,,ARKQ,2026-02-27,,,,,,,,,,,,02/26/2026,,,,,,,,
ELBIT SYSTEMS LTD,ESLT,,M3760D101,,,43008.0,32493189.12,1.58,,,,,ARKQ,2026-02-27,,,,,,,,,,,,02/26/2026,,,,,,,,
INTUITIVE SURGICAL INC,ISRG,,46120E602,,,61325.0,31040875.25,1.51,,,,,ARKQ,2026-02-27,,,,,,,,,,,,02/26/2026,,,,,,,,
INTUITIVE MACHINES INC,LUNR,,46125A100,,,1882141.0,29907220.49,1.45,,,,,ARKQ,2026-02-27,,,,,,,,,,,,02/26/2026,,,,,,,,
AURORA INNOVATION INC,AUR,,051774107,,,5718837.0,27907924.56,1.36,,,,,ARKQ,2026-02-27,,,,,,,,,,,,02/26/2026,,,,,,,,
BROADCOM INC,AVGO,,11135F101,,,79067.0,26274754.77,1.28,,,,,ARKQ,2026-02-27,,,,,,,,,,,,02/26/2026,,,,,,,,
JOBY AVIATION INC,JOBY,,G65163100,,,2673564.0,26254398.48,1.28,,,,,ARKQ,2026-02-27,,,,,,,,,,,,02/26/2026,,,,,,,,
WERIDE INC-ADR,WRD,,950915108,,,3422505.0,24881611.35,1.21,,,,,ARKQ,2026-02-27,,,,,,,,,,,,02/26/2026,,,,,,,,
PONY AI INC,PONY,,732908108,,,1796717.0,24381449.69,1.18,,,,,ARKQ,2026-02-27,,,,,,,,,,,,02/26/2026,,,,,,,,
TELEDYNE TECHNOLOGIES INC,TDY,,879360105,,,34917.0,23652077.46,1.15,,,,,ARKQ,2026-02-27,,,,,,,,,,,,02/26/2026,,,,,,,,
BYD CO LTD-UNSPONSORED ADR,BYDDY,,05606L100,,,1695571.0,21448973.15,1.04,,,,,ARKQ,2026-02-27,,,,,,,,,,,,02/26/2026,,,,,,,,
DOORDASH INC - A,DASH,,25809K105,,,119070.0,20606254.2,1.0,,,,,ARKQ,2026-02-27,,,,,,,,,,,,02/26/2026,,,,,,,,
OKLO INC,OKLO,,02156V109,,,310088.0,20565036.16,1.0,,,,,ARKQ,2026-02-27,,,,,,,,,,,,02/26/2026,,,,,,,,
STRATA CRITICAL MEDICAL INC,SRTA,,092667104,,,4811803.0,20498280.78,1.0,,,,,ARKQ,2026-02-27,,,,,,,,,,,,02/26/2026,,,,,,,,
SYNOPSYS INC,SNPS,,871607107,,,45021.0,20222082.57,0.98,,,,,ARKQ,2026-02-27,,,,,,,,,,,,02/26/2026,,,,,,,,
KODIAK AI INC,KDK,,500081104,,,2345031.0,18455393.97,0.9,,,,,ARKQ,2026-02-27,,,,,,,,,,,,02/26/2026,,,,,,,,
GOLDMAN FS TRSY OBLIG INST 468,OTHER,,X9USDGSFT,,,5165983.0,5165982.55,0.25,,,,,ARKQ,2026-02-27,,,,,,,,,,,,02/26/2026,,,,,,,,
TESLA INC,TSLA,,88160R101,,,387862.0,161893598.8,10.01,,,,,ARKW,2026-02-27,,,,,,,,,,,,02/26/2026,,,,,,,,
ADVANCED MICRO DEVICES,AMD,,007903107,,,556020.0,117242377.2,7.25,,,,,ARKW,2026-02-27,,,,,,,,,,,,02/26/2026,,,,,,,,
ARK BITCOIN ETF HOLDCO (ARKW),OTHER,,MM0051EWE,,,4346374.0,99879239.88,6.17,,,,,ARKW,2026-02-27,,,,,,,,,,,,02/26/2026,,,,,,,,
ROKU INC,ROKU,,77543R102,,,940887.0,86825052.36,5.37,,,,,ARKW,2026-02-27,,,,,,,,,,,,02/26/2026,,,,,,,,
SHOPIFY INC - CLASS A,SHOP,,82509L107,,,634559.0,76343793.29,4.72,,,,,ARKW,2026-02-27,,,,,,,,,,,,02/26/2026,,,,,,,,
ROBINHOOD MARKETS INC - A,HOOD,,770700102,,,969639.0,75176111.67,4.65,,,,,ARKW,2026-02-27,,,,,,,,,,,,02/26/2026,,,,,,,,
COINBASE GLOBAL INC -CLASS A,COIN,,19260Q107,,,343205.0,63129127.7,3.9,,,,,ARKW,2026-02-27,,,,,,,,,,,,02/26/2026,,,,,,,,
CIRCLE INTERNET GROUP INC,CRCL,,172573107,,,741429.0,61642407.06,3.81,,,,,ARKW,2026-02-27,,,,,,,,,,,,02/26/2026,,,,,,,,
ROBLOX CORP -CLASS A,RBLX,,771049103,,,900600.0,61303842.0,3.79,,,,,ARKW,2026-02-27,,,,,,,,,,,,02/26/2026,,,,,,,,
ALPHABET INC-CL C,GOOG,,02079K107,,,184445.0,57736818.35,3.57,,,,,ARKW,2026-02-27,,,,,,,,,,,,02/26/2026,,,,,,,,
TAIWAN SEMICONDUCTOR-SP ADR,TSM,,874039100,,,144635.0,56079328.55,3.47,,,,,ARKW,2026-02-27,,,,,,,,,,,,02/26/2026,,,,,,,,
COREWEAVE INC-CL A,CRWV,,21873S108,,,560592.0,54943621.92,3.4,,,,,ARKW,2026-02-27,,,,,,,,,,,,02/26/2026,,,,,,,,
PALANTIR TECHNOLOGIES INC-A,PLTR,,69608A108,,,341659.0,45847221.21,2.83,,,,,ARKW,2026-02-27,,,,,,,,,,,,02/26/2026,,,,,,,,
META PLATFORMS INC-CLASS A,META,,30303M102,,,63717.0,41651165.73,2.57,,,,,ARKW,2026-02-27,,,,,,,,,,,,02/26/2026,,,,,,,,
BLOCK INC,XYZ,,852234103,,,719837.0,37388333.78,2.31,,,,,ARKW,2026-02-27,,,,,,,,,,,,02/26/2026,,,,,,,,
BITMINE IMMERSION TECHNOLOGI,BMNR,,09175A206,,,1636234.0,35179031.0,2.17,,,,,ARKW,2026-02-27,,,,,,,,,,,,02/26/2026,,,,,,,,
BULLISH,BLSH,,G16910120,,,1031829.0,33936855.81,2.1,,,,,ARKW,2026-02-27,,,,,,,,,,,,02/26/2026,,,,,,,,
BROADCOM INC,AVGO,,11135F101,,,100588.0,33426398.28,2.07,,,,,ARKW,2026-02-27,,,,,,,,,,,,02/26/2026,,,,,,,,
AMAZON.COM INC,AMZN,,023135106,,,152515.0,32125759.6,1.99,,,,,ARKW,2026-02-27,,,,,,,,,,,,02/26/2026,,,,,,,,
FIGMA INC-CL A,OTHER,,316841105,,,1016199.0,31746056.76,1.96,,,,,ARKW,2026-02-27,,,,,,,,,,,,02/26/2026,,,,,,,,
NVIDIA CORP,NVDA,,67066G104,,,140463.0,27468944.28,1.7,,,,,ARKW,2026-02-27,,,,,,,,,,,,02/26/2026,,,,,,,,
CLOUDFLARE INC - CLASS A,NET,,18915M107,,,158169.0,27173434.2,1.68,,,,,ARKW,2026-02-27,,,,,,,,,,,,02/26/2026,,,,,,,,
CROWDSTRIKE HOLDINGS INC - A,CRWD,,22788C105,,,72717.0,26418813.27,1.63,,,,,ARKW,2026-02-27,,,,,,,,,,,,02/26/2026,,,,,,,,
BAIDU INC - SPON ADR,BIDU,,056752108,,,178260.0,23646189.0,1.46,,,,,ARKW,2026-02-27,,,,,,,,,,,,02/26/2026,,,,,,,,
DATADOG INC - CLASS A,DDOG,,23804L103,,,198958.0,21951036.14,1.36,,,,,ARKW,2026-02-27,,,,,,,,,,,,02/26/2026,,,,,,,,
PURE STORAGE INC - CLASS A,PSTG,,74624M102,,,292123.0,21488567.88,1.33,,,,,ARKW,2026-02-27,,,,,,,,,,,,02/26/2026,,,,,,,,
RUBRIK INC-A,RBRK,,781154109,,,368290.0,19210006.4,1.19,,,,,ARKW,2026-02-27,,,,,,,,,,,,02/26/2026,,,,,,,,
NETFLIX INC,NFLX,,64110L106,,,226902.0,18764795.4,1.16,,,,,ARKW,2026-02-27,,,,,,,,,,,,02/26/2026,,,,,,,,
DOORDASH INC - A,DASH,,25809K105,,,104571.0,18097057.26,1.12,,,,,ARKW,2026-02-27,,,,,,,,,,,,02/26/2026,,,,,,,,
TOAST INC-CLASS A,TOST,,888787108,,,640175.0,17163091.75,1.06,,,,,ARKW,2026-02-27,,,,,,,,,,,,02/26/2026,,,,,,,,
MERCADOLIBRE INC,MELI,,58733R102,,,9372.0,16566978.12,1.02,,,,,ARKW,2026-02-27,,,,,,,,,,,,02/26/2026,,,,,,,,
SPOTIFY TECHNOLOGY SA,SPOT,,L8681T102,,,34116.0,15805260.48,0.98,,,,,ARKW,2026-02-27,,,,,,,,,,,,02/26/2026,,,,,,,,
GENIUS SPORTS LTD,GENI,,G3934V109,,,2647160.0,15671187.2,0.97,,,,,ARKW,2026-02-27,,,,,,,,,,,,02/26/2026,,,,,,,,
ALIBABA GROUP HOLDING-SP ADR,BABA,,01609W102,,,99570.0,15162519.6,0.94,,,,,ARKW,2026-02-27,,,,,,,,,,,,02/26/2026,,,,,,,,
GITLAB INC-CL A,GTLB,,37637K108,,,583172.0,15144976.84,0.94,,,,,ARKW,2026-02-27,,,,,,,,,,,,02/26/2026,,,,,,,,
DRAFTKINGS INC-CL A,DKNG UW,,26142V105,,,521271.0,11957956.74,0.74,,,,,ARKW,2026-02-27,,,,,,,,,,,,02/26/2026,,,,,,,,
NEXTDOOR HOLDINGS INC,NXDR,,65345M108,,,6981539.0,12008247.08,0.74,,,,,ARKW,2026-02-27,,,,,,,,,,,,02/26/2026,,,,,,,,
AIRBNB INC-CLASS A,ABNB,,009066101,,,71402.0,9426492.04,0.58,,,,,ARKW,2026-02-27,,,,,,,,,,,,02/26/2026,,,,,,,,
3IQ ETHER STAKING ETF,ETHQ/U,,BQ84B35,,,859537.0,6902082.11,0.43,,,,,ARKW,2026-02-27,,,,,,,,,,,,02/26/2026,,,,,,,,
GOLDMAN FS TRSY OBLIG INST 468,OTHER,,X9USDGSFT,,,3859843.0,3859843.03,0.24,,,,,ARKW,2026-02-27,,,,,,,,,,,,02/26/2026,,,,,,,,
3IQ SOLANA STAKING ETF,SOLQ/U,,BTRDQ40,,,443112.0,3168250.8,0.2,,,,,ARKW,2026-02-27,,,,,,,,,,,,02/26/2026,,,,,,,,
SALESFORCE INC,CRM,,79466L302,,,16437.0,3151794.75,0.19,,,,,ARKW,2026-02-27,,,,,,,,,,,,02/26/2026,,,,,,,,
BRERA HOLDINGS PLC-CL B,SLMT,,G13311116,,,1848217.0,2070003.04,0.13,,,,,ARKW,2026-02-27,,,,,,,,,,,,02/26/2026,,,,,,,,
BRERA HOLDINGS PLC WTS,OTHER,,BREADUMMY,,,1395691.0,1102595.89,0.07,,,,,ARKW,2026-02-27,,,,,,,,,,,,02/26/2026,,,,,,,,
PAGERDUTY INC,PD,,69553P100,,,124630.0,840006.2,0.05,,,,,ARKW,2026-02-27,,,,,,,,,,,,02/26/2026,,,,,,,,
PINTEREST INC- CLASS A,PINS,,72352L106,,,495.0,8697.15,0.0,,,,,ARKW,2026-02-27,,,,,,,,,,,,02/26/2026,,,,,,,,
CRISPR THERAPEUTICS AG,CRSP,,H17182108,,,2045629.0,112918720.8,9.36,,,,,ARKG,2026-02-27,,,,,,,,,,,,02/26/2026,,,,,,,,
TEMPUS AI INC-CL A,TEM,,88023B103,,,1915999.0,102908306.29,8.53,,,,,ARKG,2026-02-27,,,,,,,,,,,,02/26/2026,,,,,,,,
TWIST BIOSCIENCE CORP,TWST,,90184D100,,,2074597.0,102858519.26,8.52,,,,,ARKG,2026-02-27,,,,,,,,,,,,02/26/2026,,,,,,,,
PERSONALIS INC,PSNL,,71535D106,,,8229518.0,68387294.58,5.67,,,,,ARKG,2026-02-27,,,,,,,,,,,,02/26/2026,,,,,,,,
BEAM THERAPEUTICS INC,BEAM,,07373V105,,,2220747.0,65756318.67,5.45,,,,,ARKG,2026-02-27,,,,,,,,,,,,02/26/2026,,,,,,,,
10X GENOMICS INC-CLASS A,TXG,,88025U109,,,3249078.0,63876873.48,5.29,,,,,ARKG,2026-02-27,,,,,,,,,,,,02/26/2026,,,,,,,,
GUARDANT HEALTH INC,GH,,40131M109,,,546863.0,52099638.01,4.32,,,,,ARKG,2026-02-27,,,,,,,,,,,,02/26/2026,,,,,,,,
NATERA INC,NTRA,,632307104,,,233682.0,49500858.06,4.1,,,,,ARKG,2026-02-27,,,,,,,,,,,,02/26/2026,,,,,,,,
ILLUMINA INC,ILMN,,452327109,,,392753.0,47864808.11,3.97,,,,,ARKG,2026-02-27,,,,,,,,,,,,02/26/2026,,,,,,,,
RECURSION PHARMACEUTICALS-A,RXRX,,75629V104,,,12549240.0,47310634.8,3.92,,,,,ARKG,2026-02-27,,,,,,,,,,,,02/26/2026,,,,,,,,
CAREDX INC,CDNA,,14167L103,,,2172737.0,40108725.02,3.32,,,,,ARKG,2026-02-27,,,,,,,,,,,,02/26/2026,,,,,,,,
INTELLIA THERAPEUTICS INC,NTLA,,45826J105,,,2974408.0,39916555.36,3.31,,,,,ARKG,2026-02-27,,,,,,,,,,,,02/26/2026,,,,,,,,
VERACYTE INC,VCYT,,92337F107,,,1084295.0,38731017.4,3.21,,,,,ARKG,2026-02-27,,,,,,,,,,,,02/26/2026,,,,,,,,
ADAPTIVE BIOTECHNOLOGIES,ADPT,,00650F109,,,2123561.0,34422923.81,2.85,,,,,ARKG,2026-02-27,,,,,,,,,,,,02/26/2026,,,,,,,,
ABSCI CORP,ABSI,,00091E109,,,11876202.0,32540793.48,2.7,,,,,ARKG,2026-02-27,,,,,,,,,,,,02/26/2026,,,,,,,,
IONIS PHARMACEUTICALS INC,IONS,,462222100,,,397354.0,32157859.22,2.67,,,,,ARKG,2026-02-27,,,,,,,,,,,,02/26/2026,,,,,,,,
NURIX THERAPEUTICS INC,NRIX,,67080M103,,,1573090.0,24839091.1,2.06,,,,,ARKG,2026-02-27,,,,,,,,,,,,02/26/2026,,,,,,,,
SCHRODINGER INC,SDGR,,80810D103,,,2093199.0,24699748.2,2.05,,,,,ARKG,2026-02-27,,,,,,,,,,,,02/26/2026,,,,,,,,
ARCTURUS THERAPEUTICS HOLDIN,ARCT UQ,,03969T109,,,2582574.0,21435364.2,1.78,,,,,ARKG,2026-02-27,,,,,,,,,,,,02/26/2026,,,,,,,,
COMPASS PATHWAYS PLC,CMPS,,20451W101,,,2885687.0,21469511.28,1.78,,,,,ARKG,2026-02-27,,,,,,,,,,,,02/26/2026,,,,,,,,
GENEDX HOLDINGS CORP,WGS,,81663L200,,,268296.0,21168554.4,1.75,,,,,ARKG,2026-02-27,,,,,,,,,,,,02/26/2026,,,,,,,,
PRIME MEDICINE INC,PRME,,74168J101,,,4925864.0,20343818.32,1.69,,,,,ARKG,2026-02-27,,,,,,,,,,,,02/26/2026,,,,,,,,
BUTTERFLY NETWORK INC,BFLY,,124155102,,,6154772.0,19079793.2,1.58,,,,,ARKG,2026-02-27,,,,,,,,,,,,02/26/2026,,,,,,,,
PACIFIC BIOSCIENCES OF CALIF,PACB,,69404D108,,,11007347.0,17941975.61,1.49,,,,,ARKG,2026-02-27,,,,,,,,,,,,02/26/2026,,,,,,,,
CERUS CORP,CERS,,157085101,,,6611303.0,15999353.26,1.33,,,,,ARKG,2026-02-27,,,,,,,,,,,,02/26/2026,,,,,,,,
AMGEN INC,AMGN,,031162100,,,41353.0,15893198.49,1.32,,,,,ARKG,2026-02-27,,,,,,,,,,,,02/26/2026,,,,,,,,
ATAIBECKLEY INC,ATAI UQ,,04650F101,,,3260239.0,14149437.26,1.17,,,,,ARKG,2026-02-27,,,,,,,,,,,,02/26/2026,,,,,,,,
INCYTE CORP,INCY,,45337C102,,,134372.0,13434512.56,1.11,,,,,ARKG,2026-02-27,,,,,,,,,,,,02/26/2026,,,,,,,,
908 DEVICES INC,MASS,,65443P102,,,1952552.0,13316404.64,1.1,,,,,ARKG,2026-02-27,,,,,,,,,,,,02/26/2026,,,,,,,,
VERTEX PHARMACEUTICALS INC,VRTX,,92532F100,,,23114.0,11165217.7,0.93,,,,,ARKG,2026-02-27,,,,,,,,,,,,02/26/2026,,,,,,,,
CARIS LIFE SCIENCES INC,CAI,,142152107,,,402474.0,7369298.94,0.61,,,,,ARKG,2026-02-27,,,,,,,,,,,,02/26/2026,,,,,,,,
QUANTUM-SI INC,QSI,,74765K105,,,6928343.0,6859752.4,0.57,,,,,ARKG,2026-02-27,,,,,,,,,,,,02/26/2026,,,,,,,,
STANDARD BIOTOOLS INC,LAB,,34385P108,,,3026991.0,3541579.47,0.29,,,,,ARKG,2026-02-27,,,,,,,,,,,,02/26/2026,,,,,,,,
GOLDMAN FS TRSY OBLIG INST 468,OTHER,,X9USDGSFT,,,1466092.0,1466092.44,0.12,,,,,ARKG,2026-02-27,,,,,,,,,,,,02/26/2026,,,,,,,,
VEEVA SYSTEMS INC-CLASS A,VEEV,,922475108,,,6131.0,1081876.26,0.09,,,,,ARKG,2026-02-27,,,,,,,,,,,,02/26/2026,,,,,,,,
SHOPIFY INC - CLASS A,SHOP,,82509L107,,,662061.0,106571959.17,9.65,,,,,ARKF,2026-02-27,,,,,,,,,,,,01/02/2026,,,,,,,,
COINBASE GLOBAL INC -CLASS A,COIN,,19260Q107,,,276957.0,62631055.98,5.67,,,,,ARKF,2026-02-27,,,,,,,,,,,,01/02/2026,,,,,,,,
ARK BITCOIN ETF HOLDCO (ARKF),OTHER,,MM005473T,,,2082290.0,60461580.67,5.47,,,,,ARKF,2026-02-27,,,,,,,,,,,,01/02/2026,,,,,,,,
ROBINHOOD MARKETS INC - A,HOOD,,770700102,,,492638.0,55717357.8,5.05,,,,,ARKF,2026-02-27,,,,,,,,,,,,01/02/2026,,,,,,,,
PALANTIR TECHNOLOGIES INC-A,PLTR,,69608A108,,,281162.0,49976545.5,4.53,,,,,ARKF,2026-02-27,,,,,,,,,,,,01/02/2026,,,,,,,,
TOAST INC-CLASS A,TOST,,888787108,,,1351034.0,47975217.34,4.34,,,,,ARKF,2026-02-27,,,,,,,,,,,,01/02/2026,,,,,,,,
BLOCK INC,XYZ,,852234103,,,652416.0,42465757.44,3.85,,,,,ARKF,2026-02-27,,,,,,,,,,,,01/02/2026,,,,,,,,
SOFI TECHNOLOGIES INC,SOFI,,83406F102,,,1488338.0,38964688.84,3.53,,,,,ARKF,2026-02-27,,,,,,,,,,,,01/02/2026,,,,,,,,
ROKU INC,ROKU,,77543R102,,,350640.0,38040933.6,3.44,,,,,ARKF,2026-02-27,,,,,,,,,,,,01/02/2026,,,,,,,,
CIRCLE INTERNET GROUP INC,CRCL,,172573107,,,467606.0,37081155.8,3.36,,,,,ARKF,2026-02-27,,,,,,,,,,,,01/02/2026,,,,,,,,
ROBLOX CORP -CLASS A,RBLX,,771049103,,,389598.0,31569125.94,2.86,,,,,ARKF,2026-02-27,,,,,,,,,,,,01/02/2026,,,,,,,,
MERCADOLIBRE INC,MELI,,58733R102,,,15628.0,31478855.28,2.85,,,,,ARKF,2026-02-27,,,,,,,,,,,,01/02/2026,,,,,,,,
ADYEN NV,ADYEN,,BZ1HM42,,,17603.0,28444654.02,2.58,,,,,ARKF,2026-02-27,,,,,,,,,,,,01/02/2026,,,,,,,,
META PLATFORMS INC-CLASS A,META,,30303M102,,,41109.0,27135639.81,2.46,,,,,ARKF,2026-02-27,,,,,,,,,,,,01/02/2026,,,,,,,,
ADVANCED MICRO DEVICES,AMD,,007903107,,,121685.0,26060059.6,2.36,,,,,ARKF,2026-02-27,,,,,,,,,,,,01/02/2026,,,,,,,,
DRAFTKINGS INC-CL A,DKNG UW,,26142V105,,,756511.0,26069369.06,2.36,,,,,ARKF,2026-02-27,,,,,,,,,,,,01/02/2026,,,,,,,,
AMAZON.COM INC,AMZN,,023135106,,,110561.0,25519690.02,2.31,,,,,ARKF,2026-02-27,,,,,,,,,,,,01/02/2026,,,,,,,,
BITMINE IMMERSION TECHNOLOGI,BMNR,,09175A206,,,938829.0,25489207.35,2.31,,,,,ARKF,2026-02-27,,,,,,,,,,,,01/02/2026,,,,,,,,
PINTEREST INC- CLASS A,PINS,,72352L106,,,876967.0,22704675.63,2.06,,,,,ARKF,2026-02-27,,,,,,,,,,,,01/02/2026,,,,,,,,
NU HOLDINGS LTD/CAYMAN ISL-A,NU UN,,G6683N103,,,1327232.0,22217863.68,2.01,,,,,ARKF,2026-02-27,,,,,,,,,,,,01/02/2026,,,,,,,,
KLARNA GROUP PLC,KLAR,,G5279N105,,,736657.0,21296753.87,1.93,,,,,ARKF,2026-02-27,,,,,,,,,,,,01/02/2026,,,,,,,,
BULLISH,BLSH,,G16910120,,,508905.0,19272232.35,1.75,,,,,ARKF,2026-02-27,,,,,,,,,,,,01/02/2026,,,,,,,,
SEA LTD-ADR,SE,,81141R100,,,148096.0,18892606.72,1.71,,,,,ARKF,2026-02-27,,,,,,,,,,,,01/02/2026,,,,,,,,
AIRBNB INC-CLASS A,ABNB,,009066101,,,136311.0,18500128.92,1.68,,,,,ARKF,2026-02-27,,,,,,,,,,,,01/02/2026,,,,,,,,
FUTU HOLDINGS LTD-ADR,FUTU,,36118L106,,,106024.0,17410201.04,1.58,,,,,ARKF,2026-02-27,,,,,,,,,,,,01/02/2026,,,,,,,,
DOORDASH INC - A,DASH,,25809K105,,,76196.0,17256870.08,1.56,,,,,ARKF,2026-02-27,,,,,,,,,,,,01/02/2026,,,,,,,,
SPOTIFY TECHNOLOGY SA,SPOT,,L8681T102,,,29020.0,16852204.2,1.53,,,,,ARKF,2026-02-27,,,,,,,,,,,,01/02/2026,,,,,,,,
ZILLOW GROUP INC - C,Z,,98954M200,,,246266.0,16800266.52,1.52,,,,,ARKF,2026-02-27,,,,,,,,,,,,01/02/2026,,,,,,,,
NVIDIA CORP,NVDA,,67066G104,,,89295.0,16653517.5,1.51,,,,,ARKF,2026-02-27,,,,,,,,,,,,01/02/2026,,,,,,,,
DISCOVERY LTD,DSY,,6177878,,,1125052.0,15461312.45,1.4,,,,,ARKF,2026-02-27,,,,,,,,,,,,01/02/2026,,,,,,,,
GLOBAL-E ONLINE LTD,GLBE,,M5216V106,,,364781.0,14339541.11,1.3,,,,,ARKF,2026-02-27,,,,,,,,,,,,01/02/2026,,,,,,,,
CROWDSTRIKE HOLDINGS INC - A,CRWD,,22788C105,,,28997.0,13592633.72,1.23,,,,,ARKF,2026-02-27,,,,,,,,,,,,01/02/2026,,,,,,,,
LY CORP,4689,,6084848,,,5074096.0,13514510.03,1.22,,,,,ARKF,2026-02-27,,,,,,,,,,,,01/02/2026,,,,,,,,
ALIBABA GROUP HOLDING-SP ADR,BABA,,01609W102,,,85622.0,12550472.76,1.14,,,,,ARKF,2026-02-27,,,,,,,,,,,,01/02/2026,,,,,,,,
ETORO GROUP LTD-A,ETOR,,G32089107,,,333445.0,11713922.85,1.06,,,,,ARKF,2026-02-27,,,,,,,,,,,,01/02/2026,,,,,,,,
JSC KASPI.KZ ADR,KSPI,,BJY21K1,,,133688.0,10445043.44,0.95,,,,,ARKF,2026-02-27,,,,,,,,,,,,01/02/2026,,,,,,,,
INTUIT INC,INTU,,461202103,,,14562.0,9646160.04,0.87,,,,,ARKF,2026-02-27,,,,,,,,,,,,01/02/2026,,,,,,,,
PAYPAL HOLDINGS INC,PYPL,,70450Y103,,,151471.0,8842876.98,0.8,,,,,ARKF,2026-02-27,,,,,,,,,,,,01/02/2026,,,,,,,,
INTERCONTINENTAL EXCHANGE IN,ICE,,45866F104,,,53595.0,8680246.2,0.79,,,,,ARKF,2026-02-27,,,,,,,,,,,,01/02/2026,,,,,,,,
3IQ ETHER STAKING ETF,ETHQ/U,,BQ84B35,,,650997.0,7538545.26,0.68,,,,,ARKF,2026-02-27,,,,,,,,,,,,01/02/2026,,,,,,,,
3IQ SOLANA STAKING ETF,SOLQ/U,,BTRDQ40,,,452253.0,4499917.35,0.41,,,,,ARKF,2026-02-27,,,,,,,,,,,,01/02/2026,,,,,,,,
BRERA HOLDINGS PLC-CL B,SLMT,,G13311116,,,1018952.0,1905440.24,0.17,,,,,ARKF,2026-02-27,,,,,,,,,,,,01/02/2026,,,,,,,,
BRERA HOLDINGS PLC WTS,OTHER,,BREADUMMY,,,788053.0,1134796.32,0.1,,,,,ARKF,2026-02-27,,,,,,,,,,,,01/02/2026,,,,,,,,
GOLDMAN FS TRSY OBLIG INST 468,OTHER,,X9USDGSFT,,,989040.0,989039.68,0.09,,,,,ARKF,2026-02-27,,,,,,,,,,,,01/02/2026,,,,,,,,
ROCKET LAB,RKLB UQ,,773121108,,,659546.0,46009928.96,8.9,,,,,ARKX,2026-02-27,,,,,,,,,,,,01/02/2026,,,,,,,,
L3HARRIS TECHNOLOGIES INC,LHX,,502431109,,,146728.0,43074938.96,8.34,,,,,ARKX,2026-02-27,,,,,,,,,,,,01/02/2026,,,,,,,,
KRATOS DEFENSE & SECURITY,KTOS,,50077B207,,,527748.0,40061350.68,7.75,,,,,ARKX,2026-02-27,,,,,,,,,,,,01/02/2026,,,,,,,,
TERADYNE INC,TER,,880770102,,,192651.0,37289527.56,7.22,,,,,ARKX,2026-02-27,,,,,,,,,,,,01/02/2026,,,,,,,,
AEROVIRONMENT INC,AVAV,,008073108,,,140659.0,34024005.51,6.58,,,,,ARKX,2026-02-27,,,,,,,,,,,,01/02/2026,,,,,,,,
DEERE & CO,DE,,244199105,,,58643.0,27302421.51,5.28,,,,,ARKX,2026-02-27,,,,,,,,,,,,01/02/2026,,,,,,,,
ARCHER AVIATION INC-A,ACHR,,03945R102,,,3494036.0,26275150.72,5.08,,,,,ARKX,2026-02-27,,,,,,,,,,,,01/02/2026,,,,,,,,
PALANTIR TECHNOLOGIES INC-A,PLTR,,69608A108,,,126096.0,22413564.0,4.34,,,,,ARKX,2026-02-27,,,,,,,,,,,,01/02/2026,,,,,,,,
ADVANCED MICRO DEVICES,AMD,,007903107,,,100401.0,21501878.16,4.16,,,,,ARKX,2026-02-27,,,,,,,,,,,,01/02/2026,,,,,,,,
TRIMBLE INC,TRMB,,896239100,,,272441.0,21345752.35,4.13,,,,,ARKX,2026-02-27,,,,,,,,,,,,01/02/2026,,,,,,,,
IRIDIUM COMMUNICATIONS INC,IRDM,,46269C102,,,1077332.0,18724030.16,3.62,,,,,ARKX,2026-02-27,,,,,,,,,,,,01/02/2026,,,,,,,,
AMAZON.COM INC,AMZN,,023135106,,,75711.0,17475613.02,3.38,,,,,ARKX,2026-02-27,,,,,,,,,,,,01/02/2026,,,,,,,,
ALPHABET INC-CL C,GOOG,,02079K107,,,45846.0,14386474.8,2.78,,,,,ARKX,2026-02-27,,,,,,,,,,,,01/02/2026,,,,,,,,
NVIDIA CORP,NVDA,,67066G104,,,70102.0,13074023.0,2.53,,,,,ARKX,2026-02-27,,,,,,,,,,,,01/02/2026,,,,,,,,
JOBY AVIATION INC,JOBY,,G65163100,,,955434.0,12611728.8,2.44,,,,,ARKX,2026-02-27,,,,,,,,,,,,01/02/2026,,,,,,,,
THALES SA,HO,,4162791,,,40981.0,11067355.1,2.14,,,,,ARKX,2026-02-27,,,,,,,,,,,,01/02/2026,,,,,,,,
KOMATSU LTD,6301,,6496584,,,327675.0,10459493.11,2.02,,,,,ARKX,2026-02-27,,,,,,,,,,,,01/02/2026,,,,,,,,
STRATA CRITICAL MEDICAL INC,SRTA,,092667104,,,1916557.0,9218639.17,1.78,,,,,ARKX,2026-02-27,,,,,,,,,,,,01/02/2026,,,,,,,,
INTUITIVE MACHINES INC,LUNR,,46125A100,,,561934.0,9120188.82,1.76,,,,,ARKX,2026-02-27,,,,,,,,,,,,01/02/2026,,,,,,,,
BWX TECHNOLOGIES INC,BWXT,,05605H100,,,49355.0,8530518.2,1.65,,,,,ARKX,2026-02-27,,,,,,,,,,,,01/02/2026,,,,,,,,
GARMIN LTD,GRMN UN,,B3Z5T14,,,37855.0,7678886.75,1.49,,,,,ARKX,2026-02-27,,,,,,,,,,,,01/02/2026,,,,,,,,
ELBIT SYSTEMS LTD,ESLT,,M3760D101,,,13283.0,7673721.93,1.48,,,,,ARKX,2026-02-27,,,,,,,,,,,,01/02/2026,,,,,,,,
TELEDYNE TECHNOLOGIES INC,TDY,,879360105,,,12009.0,6133356.57,1.19,,,,,ARKX,2026-02-27,,,,,,,,,,,,01/02/2026,,,,,,,,
SYNOPSYS INC,SNPS,,871607107,,,12975.0,6094617.0,1.18,,,,,ARKX,2026-02-27,,,,,,,,,,,,01/02/2026,,,,,,,,
HEICO CORP,HEI,,422806109,,,18577.0,6011331.43,1.16,,,,,ARKX,2026-02-27,,,,,,,,,,,,01/02/2026,,,,,,,,
DOORDASH INC - A,DASH,,25809K105,,,26120.0,5915657.6,1.14,,,,,ARKX,2026-02-27,,,,,,,,,,,,01/02/2026,,,,,,,,
TAIWAN SEMICONDUCTOR-SP ADR,TSM,,874039100,,,17725.0,5386450.25,1.04,,,,,ARKX,2026-02-27,,,,,,,,,,,,01/02/2026,,,,,,,,
HONEYWELL INTERNATIONAL INC,HON,,438516106,,,27407.0,5346831.63,1.03,,,,,ARKX,2026-02-27,,,,,,,,,,,,01/02/2026,,,,,,,,
AIRBUS SE,AIR,,4012250,,,22634.0,5277329.95,1.02,,,,,ARKX,2026-02-27,,,,,,,,,,,,01/02/2026,,,,,,,,
DASSAULT SYSTEMES SE,DSY FP,,BM8H5Y5,,,188577.0,5283311.8,1.02,,,,,ARKX,2026-02-27,,,,,,,,,,,,01/02/2026,,,,,,,,
JD LOGISTICS INC,2618,,BNMBPD9,,,3251025.0,4770414.57,0.92,,,,,ARKX,2026-02-27,,,,,,,,,,,,01/02/2026,,,,,,,,
THE 3D PRINTING ETF,PRNT,,00214Q500,,,135556.0,3028321.04,0.59,,,,,ARKX,2026-02-27,,,,,,,,,,,,01/02/2026,,,,,,,,
LOCKHEED MARTIN CORP,LMT,,539830109,,,6123.0,2961511.41,0.57,,,,,ARKX,2026-02-27,,,,,,,,,,,,01/02/2026,,,,,,,,
GOLDMAN FS TRSY OBLIG INST 468,OTHER,,X9USDGSFT,,,1227741.0,1227740.5,0.24,,,,,ARKX,2026-02-27,,,,,,,,,,,,01/02/2026,,,,,,,,
NVIDIA CORP,NVDA,,,,,309512802.0,60528323559.12,7.99,,,Information Technology,,IVV,2026-02-27,,,,,,,,195.56,,,,,Equity,"60,528,323,559.12",United States,NASDAQ,USD,1.0,USD,-
APPLE INC,AAPL,,,,,188208634.0,51612453701.82,6.82,,,Information Technology,,IVV,2026-02-27,,,,,,,,274.23,,,,,Equity,"51,612,453,701.82",United States,NASDAQ,USD,1.0,USD,-
MICROSOFT CORP,MSFT,,,,,94667308.0,37923723584.8,5.01,,,Information Technology,,IVV,2026-02-27,,,,,,,,400.60,,,,,Equity,"37,923,723,584.80",United States,NASDAQ,USD,1.0,USD,-
AMAZON COM INC,AMZN,,,,,123908185.0,26100020088.4,3.45,,,Consumer Discretionary,,IVV,2026-02-27,,,,,,,,210.64,,,,,Equity,"26,100,020,088.40",United States,NASDAQ,USD,1.0,USD,-
ALPHABET INC CLASS A,GOOGL,,,,,74104695.0,23187359065.5,3.06,,,Communication,,IVV,2026-02-27,,,,,,,,312.90,,,,,Equity,"23,187,359,065.50",United States,NASDAQ,USD,1.0,USD,-
BROADCOM INC,AVGO,,,,,60149588.0,19988309588.28,2.64,,,Information Technology,,IVV,2026-02-27,,,,,,,,332.31,,,,,Equity,"19,988,309,588.28",United States,NASDAQ,USD,1.0,USD,-
ALPHABET INC CLASS C,GOOG,,,,,59228020.0,18540147100.6,2.45,,,Communication,,IVV,2026-02-27,,,,,,,,313.03,,,,,Equity,"18,540,147,100.60",United States,NASDAQ,USD,1.0,USD,-
META PLATFORMS INC CLASS A,META,,,,,27740095.0,18133422700.55,2.39,,,Communication,,IVV,2026-02-27,,,,,,,,653.69,,,,,Equity,"18,133,422,700.55",United States,NASDAQ,USD,1.0,USD,-
TESLA INC,TSLA,,,,,35790639.0,14939012718.6,1.97,,,Consumer Discretionary,,IVV,2026-02-27,,,,,,,,417.40,,,,,Equity,"14,939,012,718.60",United States,NASDAQ,USD,1.0,USD,-
BERKSHIRE HATHAWAY INC CLASS B,BRKB,,,,,23356650.0,11537951533.5,1.52,,,Financials,,IVV,2026-02-27,,,,,,,,493.99,,,,,Equity,"11,537,951,533.50",United States,NYSE,USD,1.0,USD,-
JPMORGAN CHASE & CO,JPM,,,,,34673772.0,10516555047.6,1.39,,,Financials,,IVV,2026-02-27,,,,,,,,303.30,,,,,Equity,"10,516,555,047.60",United States,NYSE,USD,1.0,USD,-
ELI LILLY,LLY,,,,,10114820.0,10406430260.6,1.37,,,Health Care,,IVV,2026-02-27,,,,,,,,"1,028.83",,,,,Equity,"10,406,430,260.60",United States,NYSE,USD,1.0,USD,-
EXXON MOBIL CORP,XOM,,,,,53714609.0,8006699617.54,1.06,,,Energy,,IVV,2026-02-27,,,,,,,,149.06,,,,,Equity,"8,006,699,617.54",United States,NYSE,USD,1.0,USD,-
JOHNSON & JOHNSON,JNJ,,,,,30687643.0,7523689434.31,0.99,,,Health Care,,IVV,2026-02-27,,,,,,,,245.17,,,,,Equity,"7,523,689,434.31",United States,NYSE,USD,1.0,USD,-
WALMART INC,WMT,,,,,55853262.0,7023547696.5,0.93,,,Consumer Staples,,IVV,2026-02-27,,,,,,,,125.75,,,,,Equity,"7,023,547,696.50",United States,NASDAQ,USD,1.0,USD,-
VISA INC CLASS A,V,,,,,21495584.0,6727902836.16,0.89,,,Financials,,IVV,2026-02-27,,,,,,,,312.99,,,,,Equity,"6,727,902,836.16",United States,NYSE,USD,1.0,USD,-
MICRON TECHNOLOGY INC,MU,,,,,14297027.0,6133424583.0,0.81,,,Information Technology,,IVV,2026-02-27,,,,,,,,429.00,,,,,Equity,"6,133,424,583.00",United States,NASDAQ,USD,1.0,USD,-
COSTCO WHOLESALE CORP,COST,,,,,5644931.0,5615351561.56,0.74,,,Consumer Staples,,IVV,2026-02-27,,,,,,,,994.76,,,,,Equity,"5,615,351,561.56",United States,NASDAQ,USD,1.0,USD,-
MASTERCARD INC CLASS A,MA,,,,,10443934.0,5320035540.26,0.7,,,Financials,,IVV,2026-02-27,,,,,,,,509.39,,,,,Equity,"5,320,035,540.26",United States,NYSE,USD,1.0,USD,-
ABBVIE INC,ABBV,,,,,22511376.0,5108281441.92,0.67,,,Health Care,,IVV,2026-02-27,,,,,,,,226.92,,,,,Equity,"5,108,281,441.92",United States,NYSE,USD,1.0,USD,-
PROCTER & GAMBLE,PG,,,,,29763327.0,4863029998.53,0.64,,,Consumer Staples,,IVV,2026-02-27,,,,,,,,163.39,,,,,Equity,"4,863,029,998.53",United States,NYSE,USD,1.0,USD,-
HOME DEPOT INC,HD,,,,,12678323.0,4761597769.11,0.63,,,Consumer Discretionary,,IVV,2026-02-27,,,,,,,,375.57,,,,,Equity,"4,761,597,769.11",United States,NYSE,USD,1.0,USD,-
GE AEROSPACE,GE,,,,,13435438.0,4606877335.82,0.61,,,Industrials,,IVV,2026-02-27,,,,,,,,342.89,,,,,Equity,"4,606,877,335.82",United States,NYSE,USD,1.0,USD,-
CATERPILLAR INC,CAT,,,,,5960730.0,4569555225.3,0.6,,,Industrials,,IVV,2026-02-27,,,,,,,,766.61,,,,,Equity,"4,569,555,225.30",United States,NYSE,USD,1.0,USD,-
NETFLIX INC,NFLX,,,,,53971312.0,4463427502.4,0.59,,,Communication,,IVV,2026-02-27,,,,,,,,82.70,,,,,Equity,"4,463,427,502.40",United States,NASDAQ,USD,1.0,USD,-
CHEVRON CORP,CVX,,,,,24107742.0,4441128231.24,0.59,,,Energy,,IVV,2026-02-27,,,,,,,,184.22,,,,,Equity,"4,441,128,231.24",United States,NYSE,USD,1.0,USD,-
BANK OF AMERICA CORP,BAC,,,,,85571926.0,4423212854.94,0.58,,,Financials,,IVV,2026-02-27,,,,,,,,51.69,,,,,Equity,"4,423,212,854.94",United States,NYSE,USD,1.0,USD,-
ADVANCED MICRO DEVICES INC,AMD,,,,,20736625.0,4372524747.5,0.58,,,Information Technology,,IVV,2026-02-27,,,,,,,,210.86,,,,,Equity,"4,372,524,747.50",United States,NASDAQ,USD,1.0,USD,-
APPLIED MATERIAL INC,AMAT,,,,,10147032.0,4007570288.4,0.53,,,Information Technology,,IVV,2026-02-27,,,,,,,,394.95,,,,,Equity,"4,007,570,288.40",United States,NASDAQ,USD,1.0,USD,-
LAM RESEARCH CORP,LRCX,,,,,15998319.0,3991260624.12,0.53,,,Information Technology,,IVV,2026-02-27,,,,,,,,249.48,,,,,Equity,"3,991,260,624.12",United States,NASDAQ,USD,1.0,USD,-
CISCO SYSTEMS INC,CSCO,,,,,50193595.0,3971317236.4,0.52,,,Information Technology,,IVV,2026-02-27,,,,,,,,79.12,,,,,Equity,"3,971,317,236.40",United States,NASDAQ,USD,1.0,USD,-
COCA-COLA,KO,,,,,49311292.0,3968079667.24,0.52,,,Consumer Staples,,IVV,2026-02-27,,,,,,,,80.47,,,,,Equity,"3,968,079,667.24",United States,NYSE,USD,1.0,USD,-
PALANTIR TECHNOLOGIES INC CLASS A,PLTR,,,,,29095964.0,3904387409.16,0.52,,,Information Technology,,IVV,2026-02-27,,,,,,,,134.19,,,,,Equity,"3,904,387,409.16",United States,NASDAQ,USD,1.0,USD,-
MERCK & CO INC,MRK,,,,,31613908.0,3871439173.68,0.51,,,Health Care,,IVV,2026-02-27,,,,,,,,122.46,,,,,Equity,"3,871,439,173.68",United States,NYSE,USD,1.0,USD,-
PHILIP MORRIS INTERNATIONAL INC,PM,,,,,19827193.0,3763201231.4,0.5,,,Consumer Staples,,IVV,2026-02-27,,,,,,,,189.80,,,,,Equity,"3,763,201,231.40",United States,NYSE,USD,1.0,USD,-
GOLDMAN SACHS GROUP INC,GS,,,,,3820134.0,3519795064.92,0.46,,,Financials,,IVV,2026-02-27,,,,,,,,921.38,,,,,Equity,"3,519,795,064.92",United States,NYSE,USD,1.0,USD,-
WELLS FARGO,WFC,,,,,39982918.0,3468917965.68,0.46,,,Financials,,IVV,2026-02-27,,,,,,,,86.76,,,,,Equity,"3,468,917,965.68",United States,NYSE,USD,1.0,USD,-
RTX CORP,RTX,,,,,17077586.0,3346865304.28,0.44,,,Industrials,,IVV,2026-02-27,,,,,,,,195.98,,,,,Equity,"3,346,865,304.28",United States,NYSE,USD,1.0,USD,-
UNITEDHEALTH GROUP INC,UNH,,,,,11537877.0,3279064643.4,0.43,,,Health Care,,IVV,2026-02-27,,,,,,,,284.20,,,,,Equity,"3,279,064,643.40",United States,NYSE,USD,1.0,USD,-
ORACLE CORP,ORCL,,,,,21423403.0,3168307069.67,0.42,,,Information Technology,,IVV,2026-02-27,,,,,,,,147.89,,,,,Equity,"3,168,307,069.67",United States,NYSE,USD,1.0,USD,-
GE VERNOVA INC,GEV,,,,,3455815.0,3027328498.15,0.4,,,Industrials,,IVV,2026-02-27,,,,,,,,876.01,,,,,Equity,"3,027,328,498.15",United States,NYSE,USD,1.0,USD,-
LINDE PLC,LIN,,,,,5947677.0,3023025788.79,0.4,,,Materials,,IVV,2026-02-27,,,,,,,,508.27,,,,,Equity,"3,023,025,788.79",United States,NASDAQ,USD,1.0,USD,-
MCDONALDS CORP,MCD,,,,,9070775.0,3020658782.75,0.4,,,Consumer Discretionary,,IVV,2026-02-27,,,,,,,,333.01,,,,,Equity,"3,020,658,782.75",United States,NYSE,USD,1.0,USD,-
PEPSICO INC,PEP,,,,,17416125.0,2946285866.25,0.39,,,Consumer Staples,,IVV,2026-02-27,,,,,,,,169.17,,,,,Equity,"2,946,285,866.25",United States,NASDAQ,USD,1.0,USD,-
INTERNATIONAL BUSINESS MACHINES CO,IBM,,,,,11905914.0,2828130811.56,0.37,,,Information Technology,,IVV,2026-02-27,,,,,,,,237.54,,,,,Equity,"2,828,130,811.56",United States,NYSE,USD,1.0,USD,-
INTEL CORPORATION CORP,INTC,,,,,57110788.0,2677353741.44,0.35,,,Information Technology,,IVV,2026-02-27,,,,,,,,46.88,,,,,Equity,"2,677,353,741.44",United States,NASDAQ,USD,1.0,USD,-
MORGAN STANLEY,MS,,,,,15384893.0,2672817460.89,0.35,,,Financials,,IVV,2026-02-27,,,,,,,,173.73,,,,,Equity,"2,672,817,460.89",United States,NYSE,USD,1.0,USD,-
VERIZON COMMUNICATIONS INC,VZ,,,,,53705310.0,2643912411.3,0.35,,,Communication,,IVV,2026-02-27,,,,,,,,49.23,,,,,Equity,"2,643,912,411.30",United States,NYSE,USD,1.0,USD,-
AMGEN INC,AMGN,,,,,6858767.0,2636029921.11,0.35,,,Health Care,,IVV,2026-02-27,,,,,,,,384.33,,,,,Equity,"2,636,029,921.11",United States,NASDAQ,USD,1.0,USD,-
CITIGROUP INC,C,,,,,22790674.0,2605885665.16,0.34,,,Financials,,IVV,2026-02-27,,,,,,,,114.34,,,,,Equity,"2,605,885,665.16",United States,NYSE,USD,1.0,USD,-
KLA CORP,KLAC,,,,,1673545.0,2588438580.6,0.34,,,Information Technology,,IVV,2026-02-27,,,,,,,,"1,546.68",,,,,Equity,"2,588,438,580.60",United States,NASDAQ,USD,1.0,USD,-
ABBOTT LABORATORIES,ABT,,,,,22148262.0,2541734547.12,0.34,,,Health Care,,IVV,2026-02-27,,,,,,,,114.76,,,,,Equity,"2,541,734,547.12",United States,NYSE,USD,1.0,USD,-
NEXTERA ENERGY INC,NEE,,,,,26526554.0,2522940550.94,0.33,,,Utilities,,IVV,2026-02-27,,,,,,,,95.11,,,,,Equity,"2,522,940,550.94",United States,NYSE,USD,1.0,USD,-
AT&T INC,T,,,,,90299414.0,2516644668.18,0.33,,,Communication,,IVV,2026-02-27,,,,,,,,27.87,,,,,Equity,"2,516,644,668.18",United States,NYSE,USD,1.0,USD,-
TEXAS INSTRUMENT INC,TXN,,,,,11573236.0,2475515180.4,0.33,,,Information Technology,,IVV,2026-02-27,,,,,,,,213.90,,,,,Equity,"2,475,515,180.40",United States,NASDAQ,USD,1.0,USD,-
THERMO FISHER SCIENTIFIC INC,TMO,,,,,4785443.0,2458186360.24,0.32,,,Health Care,,IVV,2026-02-27,,,,,,,,513.68,,,,,Equity,"2,458,186,360.24",United States,NYSE,USD,1.0,USD,-
WALT DISNEY,DIS,,,,,22739517.0,2388786260.85,0.32,,,Communication,,IVV,2026-02-27,,,,,,,,105.05,,,,,Equity,"2,388,786,260.85",United States,NYSE,USD,1.0,USD,-
AMPHENOL CORP CLASS A,APH,,,,,15590891.0,2379793602.24,0.31,,,Information Technology,,IVV,2026-02-27,,,,,,,,152.64,,,,,Equity,"2,379,793,602.24",United States,NYSE,USD,1.0,USD,-
SALESFORCE INC,CRM,,,,,12125842.0,2325130203.5,0.31,,,Information Technology,,IVV,2026-02-27,,,,,,,,191.75,,,,,Equity,"2,325,130,203.50",United States,NYSE,USD,1.0,USD,-
GILEAD SCIENCES INC,GILD,,,,,15802806.0,2324908818.72,0.31,,,Health Care,,IVV,2026-02-27,,,,,,,,147.12,,,,,Equity,"2,324,908,818.72",United States,NASDAQ,USD,1.0,USD,-
BOEING,BA,,,,,9973917.0,2297591520.12,0.3,,,Industrials,,IVV,2026-02-27,,,,,,,,230.36,,,,,Equity,"2,297,591,520.12",United States,NYSE,USD,1.0,USD,-
INTUITIVE SURGICAL INC,ISRG,,,,,4515152.0,2285434487.84,0.3,,,Health Care,,IVV,2026-02-27,,,,,,,,506.17,,,,,Equity,"2,285,434,487.84",United States,NASDAQ,USD,1.0,USD,-
ANALOG DEVICES INC,ADI,,,,,6266111.0,2260812848.8,0.3,,,Information Technology,,IVV,2026-02-27,,,,,,,,360.80,,,,,Equity,"2,260,812,848.80",United States,NASDAQ,USD,1.0,USD,-
AMERICAN EXPRESS,AXP,,,,,6843618.0,2238479011.62,0.3,,,Financials,,IVV,2026-02-27,,,,,,,,327.09,,,,,Equity,"2,238,479,011.62",United States,NYSE,USD,1.0,USD,-
TJX INC,TJX,,,,,14175565.0,2208836538.3,0.29,,,Consumer Discretionary,,IVV,2026-02-27,,,,,,,,155.82,,,,,Equity,"2,208,836,538.30",United States,NYSE,USD,1.0,USD,-
CHARLES SCHWAB CORP,SCHW,,,,,21275088.0,2028579640.8,0.27,,,Financials,,IVV,2026-02-27,,,,,,,,95.35,,,,,Equity,"2,028,579,640.80",United States,NYSE,USD,1.0,USD,-
BLACKROCK INC,BLK,,,,,1837943.0,2010305294.54,0.27,,,Financials,,IVV,2026-02-27,,,,,,,,"1,093.78",,,,,Equity,"2,010,305,294.54",United States,NYSE,USD,1.0,USD,-
DEERE,DE,,,,,3202234.0,1996945144.74,0.26,,,Industrials,,IVV,2026-02-27,,,,,,,,623.61,,,,,Equity,"1,996,945,144.74",United States,NYSE,USD,1.0,USD,-
UNION PACIFIC CORP,UNP,,,,,7555237.0,1996471377.25,0.26,,,Industrials,,IVV,2026-02-27,,,,,,,,264.25,,,,,Equity,"1,996,471,377.25",United States,NYSE,USD,1.0,USD,-
QUALCOMM INC,QCOM,,,,,13641470.0,1989199155.4,0.26,,,Information Technology,,IVV,2026-02-27,,,,,,,,145.82,,,,,Equity,"1,989,199,155.40",United States,NASDAQ,USD,1.0,USD,-
PFIZER INC,PFE,,,,,72419808.0,1961852598.72,0.26,,,Health Care,,IVV,2026-02-27,,,,,,,,27.09,,,,,Equity,"1,961,852,598.72",United States,NYSE,USD,1.0,USD,-
HONEYWELL INTERNATIONAL INC,HON,,,,,8086567.0,1958566527.4,0.26,,,Industrials,,IVV,2026-02-27,,,,,,,,242.20,,,,,Equity,"1,958,566,527.40",United States,NASDAQ,USD,1.0,USD,-
UBER TECHNOLOGIES INC,UBER,,,,,26465711.0,1927497732.13,0.25,,,Industrials,,IVV,2026-02-27,,,,,,,,72.83,,,,,Equity,"1,927,497,732.13",United States,NYSE,USD,1.0,USD,-
LOWES COMPANIES INC,LOW,,,,,7143382.0,1878852333.64,0.25,,,Consumer Discretionary,,IVV,2026-02-27,,,,,,,,263.02,,,,,Equity,"1,878,852,333.64",United States,NYSE,USD,1.0,USD,-
EATON PLC,ETN,,,,,4947189.0,1847923507.17,0.24,,,Industrials,,IVV,2026-02-27,,,,,,,,373.53,,,,,Equity,"1,847,923,507.17",United States,NYSE,USD,1.0,USD,-
WELLTOWER INC,WELL,,,,,8741802.0,1820480266.5,0.24,,,Real Estate,,IVV,2026-02-27,,,,,,,,208.25,,,,,Equity,"1,820,480,266.50",United States,NYSE,USD,1.0,USD,-
ARISTA NETWORKS INC,ANET,,,,,13152670.0,1747858316.3,0.23,,,Information Technology,,IVV,2026-02-27,,,,,,,,132.89,,,,,Equity,"1,747,858,316.30",United States,NYSE,USD,1.0,USD,-
NEWMONT,NEM,,,,,13899536.0,1735357069.6,0.23,,,Materials,,IVV,2026-02-27,,,,,,,,124.85,,,,,Equity,"1,735,357,069.60",United States,NYSE,USD,1.0,USD,-
CONOCOPHILLIPS,COP,,,,,15739623.0,1731515926.23,0.23,,,Energy,,IVV,2026-02-27,,,,,,,,110.01,,,,,Equity,"1,731,515,926.23",United States,NYSE,USD,1.0,USD,-
BOOKING HOLDINGS INC,BKNG,,,,,410544.0,1709094672.0,0.23,,,Consumer Discretionary,,IVV,2026-02-27,,,,,,,,"4,163.00",,,,,Equity,"1,709,094,672.00",United States,NASDAQ,USD,1.0,USD,-
STRYKER CORP,SYK,,,,,4383994.0,1683585215.82,0.22,,,Health Care,,IVV,2026-02-27,,,,,,,,384.03,,,,,Equity,"1,683,585,215.82",United States,NYSE,USD,1.0,USD,-
LOCKHEED MARTIN CORP,LMT,,,,,2593713.0,1679429167.5,0.22,,,Industrials,,IVV,2026-02-27,,,,,,,,647.50,,,,,Equity,"1,679,429,167.50",United States,NYSE,USD,1.0,USD,-
DANAHER CORP,DHR,,,,,8007241.0,1677677134.32,0.22,,,Health Care,,IVV,2026-02-27,,,,,,,,209.52,,,,,Equity,"1,677,677,134.32",United States,NYSE,USD,1.0,USD,-
S&P GLOBAL INC,SPGI,,,,,3948616.0,1672673223.76,0.22,,,Financials,,IVV,2026-02-27,,,,,,,,423.61,,,,,Equity,"1,672,673,223.76",United States,NYSE,USD,1.0,USD,-
CAPITAL ONE FINANCIAL CORP,COF,,,,,8097481.0,1666380614.99,0.22,,,Financials,,IVV,2026-02-27,,,,,,,,205.79,,,,,Equity,"1,666,380,614.99",United States,NYSE,USD,1.0,USD,-
PROLOGIS REIT INC,PLD,,,,,11831058.0,1656703051.74,0.22,,,Real Estate,,IVV,2026-02-27,,,,,,,,140.03,,,,,Equity,"1,656,703,051.74",United States,NYSE,USD,1.0,USD,-
PARKER-HANNIFIN CORP,PH,,,,,1607239.0,1626204420.2,0.21,,,Industrials,,IVV,2026-02-27,,,,,,,,"1,011.80",,,,,Equity,"1,626,204,420.20",United States,NYSE,USD,1.0,USD,-
CORNING INC,GLW,,,,,9937425.0,1594261092.75,0.21,,,Information Technology,,IVV,2026-02-27,,,,,,,,160.43,,,,,Equity,"1,594,261,092.75",United States,NYSE,USD,1.0,USD,-
BRISTOL MYERS SQUIBB,BMY,,,,,25929644.0,1589487177.2,0.21,,,Health Care,,IVV,2026-02-27,,,,,,,,61.30,,,,,Equity,"1,589,487,177.20",United States,NYSE,USD,1.0,USD,-
MEDTRONIC PLC,MDT,,,,,16336835.0,1578955102.75,0.21,,,Health Care,,IVV,2026-02-27,,,,,,,,96.65,,,,,Equity,"1,578,955,102.75",United States,NYSE,USD,1.0,USD,-
VERTEX PHARMACEUTICALS INC,VRTX,,,,,3231540.0,1560995397.0,0.21,,,Health Care,,IVV,2026-02-27,,,,,,,,483.05,,,,,Equity,"1,560,995,397.00",United States,NASDAQ,USD,1.0,USD,-
CHUBB LTD,CB,,,,,4661885.0,1559587007.9,0.21,,,Financials,,IVV,2026-02-27,,,,,,,,334.54,,,,,Equity,"1,559,587,007.90",United States,NYSE,USD,1.0,USD,-
PROGRESSIVE CORP,PGR,,,,,7469091.0,1527727873.14,0.2,,,Financials,,IVV,2026-02-27,,,,,,,,204.54,,,,,Equity,"1,527,727,873.14",United States,NYSE,USD,1.0,USD,-
MCKESSON CORP,MCK,,,,,1572161.0,1514368361.64,0.2,,,Health Care,,IVV,2026-02-27,,,,,,,,963.24,,,,,Equity,"1,514,368,361.64",United States,NYSE,USD,1.0,USD,-
ACCENTURE PLC CLASS A,ACN,,,,,7898820.0,1512624030.0,0.2,,,Information Technology,,IVV,2026-02-27,,,,,,,,191.50,,,,,Equity,"1,512,624,030.00",United States,NYSE,USD,1.0,USD,-
ALTRIA GROUP INC,MO,,,,,21381437.0,1490286158.9,0.2,,,Consumer Staples,,IVV,2026-02-27,,,,,,,,69.70,,,,,Equity,"1,490,286,158.90",United States,NYSE,USD,1.0,USD,-
PALO ALTO NETWORKS INC,PANW,,,,,10124708.0,1466462706.72,0.19,,,Information Technology,,IVV,2026-02-27,,,,,,,,144.84,,,,,Equity,"1,466,462,706.72",United States,NASDAQ,USD,1.0,USD,-
APPLOVIN CORP CLASS A,APP,,,,,3447855.0,1453719103.65,0.19,,,Information Technology,,IVV,2026-02-27,,,,,,,,421.63,,,,,Equity,"1,453,719,103.65",United States,NASDAQ,USD,1.0,USD,-
COMCAST CORP CLASS A,CMCSA,,,,,46292434.0,1425344042.86,0.19,,,Communication,,IVV,2026-02-27,,,,,,,,30.79,,,,,Equity,"1,425,344,042.86",United States,NASDAQ,USD,1.0,USD,-
STARBUCKS CORP,SBUX,,,,,14480766.0,1418101414.38,0.19,,,Consumer Discretionary,,IVV,2026-02-27,,,,,,,,97.93,,,,,Equity,"1,418,101,414.38",United States,NASDAQ,USD,1.0,USD,-
CME GROUP INC CLASS A,CME,,,,,4593003.0,1411705402.08,0.19,,,Financials,,IVV,2026-02-27,,,,,,,,307.36,,,,,Equity,"1,411,705,402.08",United States,NASDAQ,USD,1.0,USD,-
BOSTON SCIENTIFIC CORP,BSX,,,,,18882048.0,1387452887.04,0.18,,,Health Care,,IVV,2026-02-27,,,,,,,,73.48,,,,,Equity,"1,387,452,887.04",United States,NYSE,USD,1.0,USD,-
SERVICENOW INC,NOW,,,,,13213723.0,1377266348.29,0.18,,,Information Technology,,IVV,2026-02-27,,,,,,,,104.23,,,,,Equity,"1,377,266,348.29",United States,NYSE,USD,1.0,USD,-
ADOBE INC,ADBE,,,,,5331788.0,1374588264.28,0.18,,,Information Technology,,IVV,2026-02-27,,,,,,,,257.81,,,,,Equity,"1,374,588,264.28",United States,NASDAQ,USD,1.0,USD,-
INTUIT INC,INTU,,,,,3551228.0,1353834650.44,0.18,,,Information Technology,,IVV,2026-02-27,,,,,,,,381.23,,,,,Equity,"1,353,834,650.44",United States,NASDAQ,USD,1.0,USD,-
SOUTHERN,SO,,,,,14024848.0,1345263420.16,0.18,,,Utilities,,IVV,2026-02-27,,,,,,,,95.92,,,,,Equity,"1,345,263,420.16",United States,NYSE,USD,1.0,USD,-
T MOBILE US INC,TMUS,,,,,6125926.0,1339494979.16,0.18,,,Communication,,IVV,2026-02-27,,,,,,,,218.66,,,,,Equity,"1,339,494,979.16",United States,NASDAQ,USD,1.0,USD,-
HOWMET AEROSPACE INC,HWM,,,,,5121203.0,1329669146.92,0.18,,,Industrials,,IVV,2026-02-27,,,,,,,,259.64,,,,,Equity,"1,329,669,146.92",United States,NYSE,USD,1.0,USD,-
TRANE TECHNOLOGIES PLC,TT,,,,,2824288.0,1299228965.76,0.17,,,Industrials,,IVV,2026-02-27,,,,,,,,460.02,,,,,Equity,"1,299,228,965.76",United States,NYSE,USD,1.0,USD,-
CONSTELLATION ENERGY CORP,CEG,,,,,3977653.0,1296078453.52,0.17,,,Utilities,,IVV,2026-02-27,,,,,,,,325.84,,,,,Equity,"1,296,078,453.52",United States,NASDAQ,USD,1.0,USD,-
DUKE ENERGY CORP,DUK,,,,,9905246.0,1277083366.78,0.17,,,Utilities,,IVV,2026-02-27,,,,,,,,128.93,,,,,Equity,"1,277,083,366.78",United States,NYSE,USD,1.0,USD,-
WESTERN DIGITAL CORP,WDC,,,,,4354854.0,1267044771.3,0.17,,,Information Technology,,IVV,2026-02-27,,,,,,,,290.95,,,,,Equity,"1,267,044,771.30",United States,NASDAQ,USD,1.0,USD,-
FREEPORT MCMORAN INC,FCX,,,,,18289584.0,1258689170.88,0.17,,,Materials,,IVV,2026-02-27,,,,,,,,68.82,,,,,Equity,"1,258,689,170.88",United States,NYSE,USD,1.0,USD,-
CVS HEALTH CORP,CVS,,,,,16168964.0,1231913367.16,0.16,,,Health Care,,IVV,2026-02-27,,,,,,,,76.19,,,,,Equity,"1,231,913,367.16",United States,NYSE,USD,1.0,USD,-
NORTHROP GRUMMAN CORP,NOC,,,,,1708658.0,1202297201.7,0.16,,,Industrials,,IVV,2026-02-27,,,,,,,,703.65,,,,,Equity,"1,202,297,201.70",United States,NYSE,USD,1.0,USD,-
EQUINIX REIT INC,EQIX,,,,,1250706.0,1201328127.12,0.16,,,Real Estate,,IVV,2026-02-27,,,,,,,,960.52,,,,,Equity,"1,201,328,127.12",United States,NASDAQ,USD,1.0,USD,-
SANDISK CORP,SNDK,,,,,1880118.0,1188949020.84,0.16,,,Information Technology,,IVV,2026-02-27,,,,,,,,632.38,,,,,Equity,"1,188,949,020.84",United States,NASDAQ,USD,1.0,USD,-
SEAGATE TECHNOLOGY HOLDINGS PLC,STX,,,,,2774953.0,1170613923.05,0.15,,,Information Technology,,IVV,2026-02-27,,,,,,,,421.85,,,,,Equity,"1,170,613,923.05",United States,NASDAQ,USD,1.0,USD,-
INTERCONTINENTAL EXCHANGE INC,ICE,,,,,7262394.0,1164379630.02,0.15,,,Financials,,IVV,2026-02-27,,,,,,,,160.33,,,,,Equity,"1,164,379,630.02",United States,NYSE,USD,1.0,USD,-
CROWDSTRIKE HOLDINGS INC CLASS A,CRWD,,,,,3196438.0,1161297889.78,0.15,,,Information Technology,,IVV,2026-02-27,,,,,,,,363.31,,,,,Equity,"1,161,297,889.78",United States,NASDAQ,USD,1.0,USD,-
WILLIAMS INC,WMB,,,,,15554822.0,1150590183.34,0.15,,,Energy,,IVV,2026-02-27,,,,,,,,73.97,,,,,Equity,"1,150,590,183.34",United States,NYSE,USD,1.0,USD,-
MARSH INC,MRSH,,,,,6239996.0,1130063275.6,0.15,,,Financials,,IVV,2026-02-27,,,,,,,,181.10,,,,,Equity,"1,130,063,275.60",United States,NYSE,USD,1.0,USD,-
JOHNSON CONTROLS INTERNATIONAL PLC,JCI,,,,,7784065.0,1124719551.85,0.15,,,Industrials,,IVV,2026-02-27,,,,,,,,144.49,,,,,Equity,"1,124,719,551.85",United States,NYSE,USD,1.0,USD,-
3M,MMM,,,,,6766297.0,1120092805.38,0.15,,,Industrials,,IVV,2026-02-27,,,,,,,,165.54,,,,,Equity,"1,120,092,805.38",United States,NYSE,USD,1.0,USD,-
BLACKSTONE INC,BX,,,,,9405831.0,1111957340.82,0.15,,,Financials,,IVV,2026-02-27,,,,,,,,118.22,,,,,Equity,"1,111,957,340.82",United States,NYSE,USD,1.0,USD,-
US BANCORP,USB,,,,,19799050.0,1109736752.5,0.15,,,Financials,,IVV,2026-02-27,,,,,,,,56.05,,,,,Equity,"1,109,736,752.50",United States,NYSE,USD,1.0,USD,-
PNC FINANCIAL SERVICES GROUP INC,PNC,,,,,4994869.0,1108611174.55,0.15,,,Financials,,IVV,2026-02-27,,,,,,,,221.95,,,,,Equity,"1,108,611,174.55",United States,NYSE,USD,1.0,USD,-
GENERAL DYNAMICS CORP,GD,,,,,3229375.0,1108127737.5,0.15,,,Industrials,,IVV,2026-02-27,,,,,,,,343.14,,,,,Equity,"1,108,127,737.50",United States,NYSE,USD,1.0,USD,-
AUTOMATIC DATA PROCESSING INC,ADP,,,,,5151487.0,1103706089.75,0.15,,,Industrials,,IVV,2026-02-27,,,,,,,,214.25,,,,,Equity,"1,103,706,089.75",United States,NASDAQ,USD,1.0,USD,-
HCA HEALTHCARE INC,HCA,,,,,2034456.0,1099765879.92,0.15,,,Health Care,,IVV,2026-02-27,,,,,,,,540.57,,,,,Equity,"1,099,765,879.92",United States,NYSE,USD,1.0,USD,-
AMERICAN TOWER REIT CORP,AMT,,,,,5962877.0,1088105794.96,0.14,,,Real Estate,,IVV,2026-02-27,,,,,,,,182.48,,,,,Equity,"1,088,105,794.96",United States,NYSE,USD,1.0,USD,-
WASTE MANAGEMENT INC,WM,,,,,4720868.0,1076829990.8,0.14,,,Industrials,,IVV,2026-02-27,,,,,,,,228.10,,,,,Equity,"1,076,829,990.80",United States,NYSE,USD,1.0,USD,-
UNITED PARCEL SERVICE INC CLASS B,UPS,,,,,9412533.0,1071616882.05,0.14,,,Industrials,,IVV,2026-02-27,,,,,,,,113.85,,,,,Equity,"1,071,616,882.05",United States,NYSE,USD,1.0,USD,-
QUANTA SERVICES INC,PWR,,,,,1899373.0,1068910143.21,0.14,,,Industrials,,IVV,2026-02-27,,,,,,,,562.77,,,,,Equity,"1,068,910,143.21",United States,NYSE,USD,1.0,USD,-
BANK OF NEW YORK MELLON CORP,BK,,,,,8882296.0,1068629031.76,0.14,,,Financials,,IVV,2026-02-27,,,,,,,,120.31,,,,,Equity,"1,068,629,031.76",United States,NYSE,USD,1.0,USD,-
SYNOPSYS INC,SNPS,,,,,2365864.0,1062675132.88,0.14,,,Information Technology,,IVV,2026-02-27,,,,,,,,449.17,,,,,Equity,"1,062,675,132.88",United States,NASDAQ,USD,1.0,USD,-
EMERSON ELECTRIC,EMR,,,,,7155716.0,1062194483.04,0.14,,,Industrials,,IVV,2026-02-27,,,,,,,,148.44,,,,,Equity,"1,062,194,483.04",United States,NYSE,USD,1.0,USD,-
FEDEX CORP,FDX,,,,,2764982.0,1057854463.38,0.14,,,Industrials,,IVV,2026-02-27,,,,,,,,382.59,,,,,Equity,"1,057,854,463.38",United States,NYSE,USD,1.0,USD,-
SHERWIN WILLIAMS,SHW,,,,,2936436.0,1049041761.0,0.14,,,Materials,,IVV,2026-02-27,,,,,,,,357.25,,,,,Equity,"1,049,041,761.00",United States,NYSE,USD,1.0,USD,-
CADENCE DESIGN SYSTEMS INC,CDNS,,,,,3467138.0,1046520933.92,0.14,,,Information Technology,,IVV,2026-02-27,,,,,,,,301.84,,,,,Equity,"1,046,520,933.92",United States,NASDAQ,USD,1.0,USD,-
CUMMINS INC,CMI,,,,,1758149.0,1045061347.09,0.14,,,Industrials,,IVV,2026-02-27,,,,,,,,594.41,,,,,Equity,"1,045,061,347.09",United States,NYSE,USD,1.0,USD,-
CRH PUBLIC LIMITED PLC,CRH,,,,,8537428.0,1025857348.48,0.14,,,Materials,,IVV,2026-02-27,,,,,,,,120.16,,,,,Equity,"1,025,857,348.48",United States,NYSE,USD,1.0,USD,-
ROYAL CARIBBEAN GROUP LTD,RCL,,,,,3230533.0,1011156829.0,0.13,,,Consumer Discretionary,,IVV,2026-02-27,,,,,,,,313.00,,,,,Equity,"1,011,156,829.00",United States,NYSE,USD,1.0,USD,-
REGENERON PHARMACEUTICALS INC,REGN,,,,,1283677.0,1006762197.56,0.13,,,Health Care,,IVV,2026-02-27,,,,,,,,784.28,,,,,Equity,"1,006,762,197.56",United States,NASDAQ,USD,1.0,USD,-
CSX CORP,CSX,,,,,23718340.0,1001388314.8,0.13,,,Industrials,,IVV,2026-02-27,,,,,,,,42.22,,,,,Equity,"1,001,388,314.80",United States,NASDAQ,USD,1.0,USD,-
MOTOROLA SOLUTIONS INC,MSI,,,,,2121393.0,999876162.69,0.13,,,Information Technology,,IVV,2026-02-27,,,,,,,,471.33,,,,,Equity,"999,876,162.69",United States,NYSE,USD,1.0,USD,-
ECOLAB INC,ECL,,,,,3246906.0,995241627.12,0.13,,,Materials,,IVV,2026-02-27,,,,,,,,306.52,,,,,Equity,"995,241,627.12",United States,NYSE,USD,1.0,USD,-
COLGATE-PALMOLIVE,CL,,,,,10266931.0,992504219.77,0.13,,,Consumer Staples,,IVV,2026-02-27,,,,,,,,96.67,,,,,Equity,"992,504,219.77",United States,NYSE,USD,1.0,USD,-
MONDELEZ INTERNATIONAL INC CLASS A,MDLZ,,,,,16435579.0,988107009.48,0.13,,,Consumer Staples,,IVV,2026-02-27,,,,,,,,60.12,,,,,Equity,"988,107,009.48",United States,NASDAQ,USD,1.0,USD,-
MARRIOTT INTERNATIONAL INC CLASS A,MAR,,,,,2837053.0,985705694.32,0.13,,,Consumer Discretionary,,IVV,2026-02-27,,,,,,,,347.44,,,,,Equity,"985,705,694.32",United States,NASDAQ,USD,1.0,USD,-
OREILLY AUTOMOTIVE INC,ORLY,,,,,10751521.0,983119080.24,0.13,,,Consumer Discretionary,,IVV,2026-02-27,,,,,,,,91.44,,,,,Equity,"983,119,080.24",United States,NASDAQ,USD,1.0,USD,"Jan 01, 1970"
SLB NV,SLB,,,,,19028241.0,982998930.06,0.13,,,Energy,,IVV,2026-02-27,,,,,,,,51.66,,,,,Equity,"982,998,930.06",United States,NYSE,USD,1.0,USD,-
GENERAL MOTORS,GM,,,,,11882025.0,979435320.75,0.13,,,Consumer Discretionary,,IVV,2026-02-27,,,,,,,,82.43,,,,,Equity,"979,435,320.75",United States,NYSE,USD,1.0,USD,-
ILLINOIS TOOL INC,ITW,,,,,3362378.0,974215401.72,0.13,,,Industrials,,IVV,2026-02-27,,,,,,,,289.74,,,,,Equity,"974,215,401.72",United States,NYSE,USD,1.0,USD,-
CIGNA,CI,,,,,3402503.0,967807953.32,0.13,,,Health Care,,IVV,2026-02-27,,,,,,,,284.44,,,,,Equity,"967,807,953.32",United States,NYSE,USD,1.0,USD,-
NIKE INC CLASS B,NKE,,,,,15148535.0,960417119.0,0.13,,,Consumer Discretionary,,IVV,2026-02-27,,,,,,,,63.40,,,,,Equity,"960,417,119.00",United States,NYSE,USD,1.0,USD,-
ELEVANCE HEALTH INC,ELV,,,,,2830714.0,935579284.14,0.12,,,Health Care,,IVV,2026-02-27,,,,,,,,330.51,,,,,Equity,"935,579,284.14",United States,NYSE,USD,1.0,USD,-
TRANSDIGM GROUP INC,TDG,,,,,717087.0,928713715.44,0.12,,,Industrials,,IVV,2026-02-27,,,,,,,,"1,295.12",,,,,Equity,"928,713,715.44",United States,NYSE,USD,1.0,USD,-
HILTON WORLDWIDE HOLDINGS INC,HLT,,,,,2960577.0,927696802.95,0.12,,,Consumer Discretionary,,IVV,2026-02-27,,,,,,,,313.35,,,,,Equity,"927,696,802.95",United States,NYSE,USD,1.0,USD,-
WARNER BROS. DISCOVERY INC SERIES,WBD,,,,,31562247.0,912148938.3,0.12,,,Communication,,IVV,2026-02-27,,,,,,,,28.90,,,,,Equity,"912,148,938.30",United States,NASDAQ,USD,1.0,USD,-
TE CONNECTIVITY PLC,TEL,,,,,3747178.0,908315947.2,0.12,,,Information Technology,,IVV,2026-02-27,,,,,,,,242.40,,,,,Equity,"908,315,947.20",United States,NYSE,USD,1.0,USD,-
MOODYS CORP,MCO,,,,,1954150.0,905494485.5,0.12,,,Financials,,IVV,2026-02-27,,,,,,,,463.37,,,,,Equity,"905,494,485.50",United States,NYSE,USD,1.0,USD,-
AMERICAN ELECTRIC POWER INC,AEP,,,,,6817841.0,903091218.86,0.12,,,Utilities,,IVV,2026-02-27,,,,,,,,132.46,,,,,Equity,"903,091,218.86",United States,NASDAQ,USD,1.0,USD,-
CENCORA INC,COR,,,,,2469529.0,896513112.87,0.12,,,Health Care,,IVV,2026-02-27,,,,,,,,363.03,,,,,Equity,"896,513,112.87",United States,NYSE,USD,1.0,USD,-
NORFOLK SOUTHERN CORP,NSC,,,,,2858125.0,891306281.25,0.12,,,Industrials,,IVV,2026-02-27,,,,,,,,311.85,,,,,Equity,"891,306,281.25",United States,NYSE,USD,1.0,USD,-
AON PLC CLASS A,AON,,,,,2737628.0,888798306.48,0.12,,,Financials,,IVV,2026-02-27,,,,,,,,324.66,,,,,Equity,"888,798,306.48",United States,NYSE,USD,1.0,USD,-
TRAVELERS COMPANIES INC,TRV,,,,,2841080.0,865847540.8,0.11,,,Financials,,IVV,2026-02-27,,,,,,,,304.76,,,,,Equity,"865,847,540.80",United States,NYSE,USD,1.0,USD,-
CINTAS CORP,CTAS,,,,,4350843.0,856158885.54,0.11,,,Industrials,,IVV,2026-02-27,,,,,,,,196.78,,,,,Equity,"856,158,885.54",United States,NASDAQ,USD,1.0,USD,-
EOG RESOURCES INC,EOG,,,,,6911061.0,846604972.5,0.11,,,Energy,,IVV,2026-02-27,,,,,,,,122.50,,,,,Equity,"846,604,972.50",United States,NYSE,USD,1.0,USD,-
KKR AND CO INC,KKR,,,,,8741979.0,844737430.77,0.11,,,Financials,,IVV,2026-02-27,,,,,,,,96.63,,,,,Equity,"844,737,430.77",United States,NYSE,USD,1.0,USD,-
SIMON PROPERTY GROUP REIT INC,SPG,,,,,4158223.0,835761240.77,0.11,,,Real Estate,,IVV,2026-02-27,,,,,,,,200.99,,,,,Equity,"835,761,240.77",United States,NYSE,USD,1.0,USD,-
ROSS STORES INC,ROST,,,,,4142534.0,834844877.02,0.11,,,Consumer Discretionary,,IVV,2026-02-27,,,,,,,,201.53,,,,,Equity,"834,844,877.02",United States,NASDAQ,USD,1.0,USD,-
PACCAR INC,PCAR,,,,,6689701.0,833402950.58,0.11,,,Industrials,,IVV,2026-02-27,,,,,,,,124.58,,,,,Equity,"833,402,950.58",United States,NASDAQ,USD,1.0,USD,-
TRUIST FINANCIAL CORP,TFC,,,,,16293916.0,823983332.12,0.11,,,Financials,,IVV,2026-02-27,,,,,,,,50.57,,,,,Equity,"823,983,332.12",United States,NYSE,USD,1.0,USD,-
DOORDASH INC CLASS A,DASH,,,,,4761480.0,824021728.8,0.11,,,Consumer Discretionary,,IVV,2026-02-27,,,,,,,,173.06,,,,,Equity,"824,021,728.80",United States,NASDAQ,USD,1.0,USD,-
KINDER MORGAN INC,KMI,,,,,24936672.0,817174741.44,0.11,,,Energy,,IVV,2026-02-27,,,,,,,,32.77,,,,,Equity,"817,174,741.44",United States,NYSE,USD,1.0,USD,-
BAKER HUGHES CLASS A,BKR,,,,,12568609.0,814571549.29,0.11,,,Energy,,IVV,2026-02-27,,,,,,,,64.81,,,,,Equity,"814,571,549.29",United States,NASDAQ,USD,1.0,USD,-
L3HARRIS TECHNOLOGIES INC,LHX,,,,,2382492.0,812548896.6,0.11,,,Industrials,,IVV,2026-02-27,,,,,,,,341.05,,,,,Equity,"812,548,896.60",United States,NYSE,USD,1.0,USD,-
AIR PRODUCTS AND CHEMICALS INC,APD,,,,,2834763.0,794584068.9,0.1,,,Materials,,IVV,2026-02-27,,,,,,,,280.30,,,,,Equity,"794,584,068.90",United States,NYSE,USD,1.0,USD,-
SEMPRA,SRE,,,,,8313335.0,785610157.5,0.1,,,Utilities,,IVV,2026-02-27,,,,,,,,94.50,,,,,Equity,"785,610,157.50",United States,NYSE,USD,1.0,USD,-
PHILLIPS,PSX,,,,,5132046.0,779609107.86,0.1,,,Energy,,IVV,2026-02-27,,,,,,,,151.91,,,,,Equity,"779,609,107.86",United States,NYSE,USD,1.0,USD,-
AUTOZONE INC,AZO,,,,,211805.0,777709835.1,0.1,,,Consumer Discretionary,,IVV,2026-02-27,,,,,,,,"3,671.82",,,,,Equity,"777,709,835.10",United States,NYSE,USD,1.0,USD,-
ROBINHOOD MARKETS INC CLASS A,HOOD,,,,,10016013.0,776541487.89,0.1,,,Financials,,IVV,2026-02-27,,,,,,,,77.53,,,,,Equity,"776,541,487.89",United States,NASDAQ,USD,1.0,USD,-
MONSTER BEVERAGE CORP,MNST,,,,,9084347.0,775894077.27,0.1,,,Consumer Staples,,IVV,2026-02-27,,,,,,,,85.41,,,,,Equity,"775,894,077.27",United States,NASDAQ,USD,1.0,USD,-
VALERO ENERGY CORP,VLO,,,,,3884847.0,775570855.08,0.1,,,Energy,,IVV,2026-02-27,,,,,,,,199.64,,,,,Equity,"775,570,855.08",United States,NYSE,USD,1.0,USD,-
REALTY INCOME REIT CORP,O,,,,,11716872.0,773196383.28,0.1,,,Real Estate,,IVV,2026-02-27,,,,,,,,65.99,,,,,Equity,"773,196,383.28",United States,NYSE,USD,1.0,USD,-
NXP SEMICONDUCTORS NV,NXPI,,,,,3202450.0,752799921.5,0.1,,,Information Technology,,IVV,2026-02-27,,,,,,,,235.07,,,,,Equity,"752,799,921.50",United States,NASDAQ,USD,1.0,USD,-
MONOLITHIC POWER SYSTEMS INC,MPWR,,,,,610208.0,751745745.6,0.1,,,Information Technology,,IVV,2026-02-27,,,,,,,,"1,231.95",,,,,Equity,"751,745,745.60",United States,NASDAQ,USD,1.0,USD,-
MARATHON PETROLEUM CORP,MPC,,,,,3828812.0,749566525.24,0.1,,,Energy,,IVV,2026-02-27,,,,,,,,195.77,,,,,Equity,"749,566,525.24",United States,NYSE,USD,1.0,USD,-
DIGITAL REALTY TRUST REIT INC,DLR,,,,,4112732.0,738605539.88,0.1,,,Real Estate,,IVV,2026-02-27,,,,,,,,179.59,,,,,Equity,"738,605,539.88",United States,NYSE,USD,1.0,USD,-
ZOETIS INC CLASS A,ZTS,,,,,5613177.0,723819174.15,0.1,,,Health Care,,IVV,2026-02-27,,,,,,,,128.95,,,,,Equity,"723,819,174.15",United States,NYSE,USD,1.0,USD,-
FORD MOTOR CO,F,,,,,49848714.0,719316943.02,0.09,,,Consumer Discretionary,,IVV,2026-02-27,,,,,,,,14.43,,,,,Equity,"719,316,943.02",United States,NYSE,USD,1.0,USD,-
AIRBNB INC CLASS A,ABNB,,,,,5417034.0,715156828.68,0.09,,,Consumer Discretionary,,IVV,2026-02-27,,,,,,,,132.02,,,,,Equity,"715,156,828.68",United States,NASDAQ,USD,1.0,USD,-
ARTHUR J GALLAGHER,AJG,,,,,3271034.0,713510646.42,0.09,,,Financials,,IVV,2026-02-27,,,,,,,,218.13,,,,,Equity,"713,510,646.42",United States,NYSE,USD,1.0,USD,-
VISTRA CORP,VST,,,,,4056819.0,711403779.84,0.09,,,Utilities,,IVV,2026-02-27,,,,,,,,175.36,,,,,Equity,"711,403,779.84",United States,NYSE,USD,1.0,USD,-
ALLSTATE CORP,ALL,,,,,3333125.0,697723056.25,0.09,,,Financials,,IVV,2026-02-27,,,,,,,,209.33,,,,,Equity,"697,723,056.25",United States,NYSE,USD,1.0,USD,-
USD CASH,USD,,,,,694110076.0,694110075.84,0.09,,,Cash and/or Derivatives,,IVV,2026-02-27,,,,,,,,100.00,,,,,Cash,"694,110,075.84",United States,-,USD,1.0,USD,-
APOLLO GLOBAL MANAGEMENT INC,APO,,,,,5914321.0,693217564.41,0.09,,,Financials,,IVV,2026-02-27,,,,,,,,117.21,,,,,Equity,"693,217,564.41",United States,NYSE,USD,1.0,USD,-
UNITED RENTALS INC,URI,,,,,810515.0,692552646.9,0.09,,,Industrials,,IVV,2026-02-27,,,,,,,,854.46,,,,,Equity,"692,552,646.90",United States,NYSE,USD,1.0,USD,-
DOMINION ENERGY INC,D,,,,,10876381.0,691411540.17,0.09,,,Utilities,,IVV,2026-02-27,,,,,,,,63.57,,,,,Equity,"691,411,540.17",United States,NYSE,USD,1.0,USD,-
CARDINAL HEALTH INC,CAH,,,,,3026305.0,684489664.9,0.09,,,Health Care,,IVV,2026-02-27,,,,,,,,226.18,,,,,Equity,"684,489,664.90",United States,NYSE,USD,1.0,USD,-
TERADYNE INC,TER,,,,,1994679.0,683815854.78,0.09,,,Information Technology,,IVV,2026-02-27,,,,,,,,342.82,,,,,Equity,"683,815,854.78",United States,NASDAQ,USD,1.0,USD,-
AMETEK INC,AME,,,,,2932099.0,683237708.98,0.09,,,Industrials,,IVV,2026-02-27,,,,,,,,233.02,,,,,Equity,"683,237,708.98",United States,NYSE,USD,1.0,USD,-
AFLAC INC,AFL,,,,,6008181.0,675559871.64,0.09,,,Financials,,IVV,2026-02-27,,,,,,,,112.44,,,,,Equity,"675,559,871.64",United States,NYSE,USD,1.0,USD,-
TARGET CORP,TGT,,,,,5787757.0,673926425.08,0.09,,,Consumer Staples,,IVV,2026-02-27,,,,,,,,116.44,,,,,Equity,"673,926,425.08",United States,NYSE,USD,1.0,USD,-
IDEXX LABORATORIES INC,IDXX,,,,,1017025.0,668571894.5,0.09,,,Health Care,,IVV,2026-02-27,,,,,,,,657.38,,,,,Equity,"668,571,894.50",United States,NASDAQ,USD,1.0,USD,-
CORTEVA INC,CTVA,,,,,8606799.0,668490078.33,0.09,,,Materials,,IVV,2026-02-27,,,,,,,,77.67,,,,,Equity,"668,490,078.33",United States,NYSE,USD,1.0,USD,-
KEYSIGHT TECHNOLOGIES INC,KEYS,,,,,2188852.0,661427297.36,0.09,,,Information Technology,,IVV,2026-02-27,,,,,,,,302.18,,,,,Equity,"661,427,297.36",United States,NYSE,USD,1.0,USD,-
BECTON DICKINSON,BDX,,,,,3650775.0,660644244.0,0.09,,,Health Care,,IVV,2026-02-27,,,,,,,,180.96,,,,,Equity,"660,644,244.00",United States,NYSE,USD,1.0,USD,-
ONEOK INC,OKE,,,,,8012299.0,659251961.72,0.09,,,Energy,,IVV,2026-02-27,,,,,,,,82.28,,,,,Equity,"659,251,961.72",United States,NYSE,USD,1.0,USD,-
FASTENAL,FAST,,,,,14622710.0,652611547.3,0.09,,,Industrials,,IVV,2026-02-27,,,,,,,,44.63,,,,,Equity,"652,611,547.30",United States,NASDAQ,USD,1.0,USD,-
COMFORT SYSTEMS USA INC,FIX,,,,,448180.0,650129908.0,0.09,,,Industrials,,IVV,2026-02-27,,,,,,,,"1,450.60",,,,,Equity,"650,129,908.00",United States,NYSE,USD,1.0,USD,-
CIENA CORP,CIEN,,,,,1796449.0,634739325.17,0.08,,,Information Technology,,IVV,2026-02-27,,,,,,,,353.33,,,,,Equity,"634,739,325.17",United States,NYSE,USD,1.0,USD,-
CHIPOTLE MEXICAN GRILL INC,CMG,,,,,16842059.0,631577212.5,0.08,,,Consumer Discretionary,,IVV,2026-02-27,,,,,,,,37.50,,,,,Equity,"631,577,212.50",United States,NYSE,USD,1.0,USD,-
XCEL ENERGY INC,XEL,,,,,7534601.0,629515913.55,0.08,,,Utilities,,IVV,2026-02-27,,,,,,,,83.55,,,,,Equity,"629,515,913.55",United States,NASDAQ,USD,1.0,USD,-
TARGA RESOURCES CORP,TRGP,,,,,2734080.0,629221171.2,0.08,,,Energy,,IVV,2026-02-27,,,,,,,,230.14,,,,,Equity,"629,221,171.20",United States,NYSE,USD,1.0,USD,-
EXELON CORP,EXC,,,,,12868316.0,626686989.2,0.08,,,Utilities,,IVV,2026-02-27,,,,,,,,48.70,,,,,Equity,"626,686,989.20",United States,NASDAQ,USD,1.0,USD,-
FORTINET INC,FTNT,,,,,8051180.0,622758773.0,0.08,,,Information Technology,,IVV,2026-02-27,,,,,,,,77.35,,,,,Equity,"622,758,773.00",United States,NASDAQ,USD,1.0,USD,-
WW GRAINGER INC,GWW,,,,,557111.0,622393266.98,0.08,,,Industrials,,IVV,2026-02-27,,,,,,,,"1,117.18",,,,,Equity,"622,393,266.98",United States,NYSE,USD,1.0,USD,-
CARRIER GLOBAL CORP,CARR,,,,,10083816.0,620154684.0,0.08,,,Industrials,,IVV,2026-02-27,,,,,,,,61.50,,,,,Equity,"620,154,684.00",United States,NYSE,USD,1.0,USD,-
EDWARDS LIFESCIENCES CORP,EW,,,,,7391292.0,616433752.8,0.08,,,Health Care,,IVV,2026-02-27,,,,,,,,83.40,,,,,Equity,"616,433,752.80",United States,NYSE,USD,1.0,USD,-
AUTODESK INC,ADSK,,,,,2712955.0,609899413.55,0.08,,,Information Technology,,IVV,2026-02-27,,,,,,,,224.81,,,,,Equity,"609,899,413.55",United States,NASDAQ,USD,1.0,USD,-
ENTERGY CORP,ETR,,,,,5688467.0,604456503.42,0.08,,,Utilities,,IVV,2026-02-27,,,,,,,,106.26,,,,,Equity,"604,456,503.42",United States,NYSE,USD,1.0,USD,-
CARVANA CLASS A,CVNA,,,,,1801287.0,603233003.43,0.08,,,Consumer Discretionary,,IVV,2026-02-27,,,,,,,,334.89,,,,,Equity,"603,233,003.43",United States,NYSE,USD,1.0,USD,-
PUBLIC STORAGE REIT,PSA,,,,,2011499.0,602142225.65,0.08,,,Real Estate,,IVV,2026-02-27,,,,,,,,299.35,,,,,Equity,"602,142,225.65",United States,NYSE,USD,1.0,USD,-
FIFTH THIRD BANCORP,FITB,,,,,11451813.0,590455478.28,0.08,,,Financials,,IVV,2026-02-27,,,,,,,,51.56,,,,,Equity,"590,455,478.28",United States,NASDAQ,USD,1.0,USD,-
YUM BRANDS INC,YUM,,,,,3536393.0,584318215.39,0.08,,,Consumer Discretionary,,IVV,2026-02-27,,,,,,,,165.23,,,,,Equity,"584,318,215.39",United States,NYSE,USD,1.0,USD,-
ELECTRONIC ARTS INC,EA,,,,,2859121.0,577485259.58,0.08,,,Communication,,IVV,2026-02-27,,,,,,,,201.98,,,,,Equity,"577,485,259.58",United States,NASDAQ,USD,1.0,USD,-
ROCKWELL AUTOMATION INC,ROK,,,,,1429998.0,575402595.24,0.08,,,Industrials,,IVV,2026-02-27,,,,,,,,402.38,,,,,Equity,"575,402,595.24",United States,NYSE,USD,1.0,USD,-
DELTA AIR LINES INC,DAL,,,,,8261725.0,573198480.5,0.08,,,Industrials,,IVV,2026-02-27,,,,,,,,69.38,,,,,Equity,"573,198,480.50",United States,NYSE,USD,1.0,USD,-
WESTINGHOUSE AIR BRAKE TECHNOLOGIE,WAB,,,,,2177523.0,572274819.63,0.08,,,Industrials,,IVV,2026-02-27,,,,,,,,262.81,,,,,Equity,"572,274,819.63",United States,NYSE,USD,1.0,USD,-
REPUBLIC SERVICES INC,RSG,,,,,2562888.0,567910351.92,0.07,,,Industrials,,IVV,2026-02-27,,,,,,,,221.59,,,,,Equity,"567,910,351.92",United States,NYSE,USD,1.0,USD,-
AMERIPRISE FINANCE INC,AMP,,,,,1185103.0,566775509.75,0.07,,,Financials,,IVV,2026-02-27,,,,,,,,478.25,,,,,Equity,"566,775,509.75",United States,NYSE,USD,1.0,USD,-
PAYPAL HOLDINGS INC,PYPL,,,,,11917474.0,563934869.68,0.07,,,Financials,,IVV,2026-02-27,,,,,,,,47.32,,,,,Equity,"563,934,869.68",United States,NASDAQ,USD,1.0,USD,-
AMERICAN INTERNATIONAL GROUP INC,AIG,,,,,6872643.0,550842336.45,0.07,,,Financials,,IVV,2026-02-27,,,,,,,,80.15,,,,,Equity,"550,842,336.45",United States,NYSE,USD,1.0,USD,-
CBRE GROUP INC CLASS A,CBRE,,,,,3733615.0,549737472.6,0.07,,,Real Estate,,IVV,2026-02-27,,,,,,,,147.24,,,,,Equity,"549,737,472.60",United States,NYSE,USD,1.0,USD,-
D R HORTON INC,DHI,,,,,3488286.0,549265513.56,0.07,,,Consumer Discretionary,,IVV,2026-02-27,,,,,,,,157.46,,,,,Equity,"549,265,513.56",United States,NYSE,USD,1.0,USD,-
PUBLIC SERVICE ENTERPRISE GROUP IN,PEG,,,,,6357848.0,546584192.56,0.07,,,Utilities,,IVV,2026-02-27,,,,,,,,85.97,,,,,Equity,"546,584,192.56",United States,NYSE,USD,1.0,USD,-
SYSCO CORP,SYY,,,,,6099397.0,543639254.61,0.07,,,Consumer Staples,,IVV,2026-02-27,,,,,,,,89.13,,,,,Equity,"543,639,254.61",United States,NYSE,USD,1.0,USD,-
COINBASE GLOBAL INC CLASS A,COIN,,,,,2903380.0,534047717.2,0.07,,,Financials,,IVV,2026-02-27,,,,,,,,183.94,,,,,Equity,"534,047,717.20",United States,NASDAQ,USD,1.0,USD,-
MSCI INC,MSCI,,,,,956079.0,532411712.73,0.07,,,Financials,,IVV,2026-02-27,,,,,,,,556.87,,,,,Equity,"532,411,712.73",United States,NYSE,USD,1.0,USD,-
METLIFE INC,MET,,,,,7049631.0,530907710.61,0.07,,,Financials,,IVV,2026-02-27,,,,,,,,75.31,,,,,Equity,"530,907,710.61",United States,NYSE,USD,1.0,USD,-
KROGER,KR,,,,,7765369.0,524861290.71,0.07,,,Consumer Staples,,IVV,2026-02-27,,,,,,,,67.59,,,,,Equity,"524,861,290.71",United States,NYSE,USD,1.0,USD,-
GARMIN LTD,GRMN,,,,,2082527.0,524775978.73,0.07,,,Consumer Discretionary,,IVV,2026-02-27,,,,,,,,251.99,,,,,Equity,"524,775,978.73",United States,NYSE,USD,1.0,USD,-
AXON ENTERPRISE INC,AXON,,,,,1005128.0,522847483.04,0.07,,,Industrials,,IVV,2026-02-27,,,,,,,,520.18,,,,,Equity,"522,847,483.04",United States,NASDAQ,USD,1.0,USD,-
PG&E CORP,PCG,,,,,27995022.0,522107160.3,0.07,,,Utilities,,IVV,2026-02-27,,,,,,,,18.65,,,,,Equity,"522,107,160.30",United States,NYSE,USD,1.0,USD,-
KEURIG DR PEPPER INC,KDP,,,,,17304532.0,521731639.8,0.07,,,Consumer Staples,,IVV,2026-02-27,,,,,,,,30.15,,,,,Equity,"521,731,639.80",United States,NASDAQ,USD,1.0,USD,-
MICROCHIP TECHNOLOGY INC,MCHP,,,,,6883838.0,519523253.86,0.07,,,Information Technology,,IVV,2026-02-27,,,,,,,,75.47,,,,,Equity,"519,523,253.86",United States,NASDAQ,USD,1.0,USD,-
MARTIN MARIETTA MATERIALS INC,MLM,,,,,768200.0,517221378.0,0.07,,,Materials,,IVV,2026-02-27,,,,,,,,673.29,,,,,Equity,"517,221,378.00",United States,NYSE,USD,1.0,USD,-
VENTAS REIT INC,VTR,,,,,5983064.0,516996560.24,0.07,,,Real Estate,,IVV,2026-02-27,,,,,,,,86.41,,,,,Equity,"516,996,560.24",United States,NYSE,USD,1.0,USD,-
VULCAN MATERIALS,VMC,,,,,1683044.0,514220433.32,0.07,,,Materials,,IVV,2026-02-27,,,,,,,,305.53,,,,,Equity,"514,220,433.32",United States,NYSE,USD,1.0,USD,-
NUCOR CORP,NUE,,,,,2915010.0,511525954.8,0.07,,,Materials,,IVV,2026-02-27,,,,,,,,175.48,,,,,Equity,"511,525,954.80",United States,NYSE,USD,1.0,USD,-
CONSOLIDATED EDISON INC,ED,,,,,4597360.0,510306960.0,0.07,,,Utilities,,IVV,2026-02-27,,,,,,,,111.00,,,,,Equity,"510,306,960.00",United States,NYSE,USD,1.0,USD,-
HARTFORD INSURANCE GROUP INC,HIG,,,,,3549236.0,500655230.16,0.07,,,Financials,,IVV,2026-02-27,,,,,,,,141.06,,,,,Equity,"500,655,230.16",United States,NYSE,USD,1.0,USD,-
EBAY INC,EBAY,,,,,5757092.0,491252660.36,0.06,,,Consumer Discretionary,,IVV,2026-02-27,,,,,,,,85.33,,,,,Equity,"491,252,660.36",United States,NASDAQ,USD,1.0,USD,-
GE HEALTHCARE TECHNOLOGIES INC,GEHC,,,,,5801965.0,487539118.95,0.06,,,Health Care,,IVV,2026-02-27,,,,,,,,84.03,,,,,Equity,"487,539,118.95",United States,NASDAQ,USD,1.0,USD,-
NASDAQ INC,NDAQ,,,,,5739667.0,482074631.33,0.06,,,Financials,,IVV,2026-02-27,,,,,,,,83.99,,,,,Equity,"482,074,631.33",United States,NASDAQ,USD,1.0,USD,-
WEC ENERGY GROUP INC,WEC,,,,,4143408.0,478232151.36,0.06,,,Utilities,,IVV,2026-02-27,,,,,,,,115.42,,,,,Equity,"478,232,151.36",United States,NYSE,USD,1.0,USD,-
CROWN CASTLE INC,CCI,,,,,5546755.0,477242800.2,0.06,,,Real Estate,,IVV,2026-02-27,,,,,,,,86.04,,,,,Equity,"477,242,800.20",United States,NYSE,USD,1.0,USD,-
DELL TECHNOLOGIES INC CLASS C,DELL,,,,,3839015.0,474041572.2,0.06,,,Information Technology,,IVV,2026-02-27,,,,,,,,123.48,,,,,Equity,"474,041,572.20",United States,NYSE,USD,1.0,USD,-
EQT CORP,EQT,,,,,7948911.0,472006335.18,0.06,,,Energy,,IVV,2026-02-27,,,,,,,,59.38,,,,,Equity,"472,006,335.18",United States,NYSE,USD,1.0,USD,-
ROPER TECHNOLOGIES INC,ROP,,,,,1370993.0,471950630.32,0.06,,,Information Technology,,IVV,2026-02-27,,,,,,,,344.24,,,,,Equity,"471,950,630.32",United States,NASDAQ,USD,1.0,USD,-
RESMED INC,RMD,,,,,1859282.0,469524483.46,0.06,,,Health Care,,IVV,2026-02-27,,,,,,,,252.53,,,,,Equity,"469,524,483.46",United States,NYSE,USD,1.0,USD,-
STATE STREET CORP,STT,,,,,3557518.0,468240519.16,0.06,,,Financials,,IVV,2026-02-27,,,,,,,,131.62,,,,,Equity,"468,240,519.16",United States,NYSE,USD,1.0,USD,-
OCCIDENTAL PETROLEUM CORP,OXY,,,,,9160589.0,466640403.66,0.06,,,Energy,,IVV,2026-02-27,,,,,,,,50.94,,,,,Equity,"466,640,403.66",United States,NYSE,USD,1.0,USD,-
UNITED AIRLINES HOLDINGS INC,UAL,,,,,4123381.0,465406013.47,0.06,,,Industrials,,IVV,2026-02-27,,,,,,,,112.87,,,,,Equity,"465,406,013.47",United States,NASDAQ,USD,1.0,USD,-
KIMBERLY CLARK CORP,KMB,,,,,4226984.0,461628922.64,0.06,,,Consumer Staples,,IVV,2026-02-27,,,,,,,,109.21,,,,,Equity,"461,628,922.64",United States,NASDAQ,USD,1.0,USD,-
TAKE TWO INTERACTIVE SOFTWARE INC,TTWO,,,,,2212284.0,458628596.04,0.06,,,Communication,,IVV,2026-02-27,,,,,,,,207.31,,,,,Equity,"458,628,596.04",United States,NASDAQ,USD,1.0,USD,-
KENVUE INC,KVUE,,,,,24417257.0,458311913.89,0.06,,,Consumer Staples,,IVV,2026-02-27,,,,,,,,18.77,,,,,Equity,"458,311,913.89",United States,NYSE,USD,1.0,USD,-
DATADOG INC CLASS A,DDOG,,,,,4145098.0,457328662.34,0.06,,,Information Technology,,IVV,2026-02-27,,,,,,,,110.33,,,,,Equity,"457,328,662.34",United States,NASDAQ,USD,1.0,USD,-
EMCOR GROUP INC,EME,,,,,570233.0,457212819.4,0.06,,,Industrials,,IVV,2026-02-27,,,,,,,,801.80,,,,,Equity,"457,212,819.40",United States,NYSE,USD,1.0,USD,-
ARCH CAPITAL GROUP LTD,ACGL,,,,,4599429.0,456999265.44,0.06,,,Financials,,IVV,2026-02-27,,,,,,,,99.36,,,,,Equity,"456,999,265.44",United States,NASDAQ,USD,1.0,USD,-
AGILENT TECHNOLOGIES INC,A,,,,,3610979.0,450361300.88,0.06,,,Health Care,,IVV,2026-02-27,,,,,,,,124.72,,,,,Equity,"450,361,300.88",United States,NYSE,USD,1.0,USD,-
PRUDENTIAL FINANCIAL INC,PRU,,,,,4457986.0,449632467.96,0.06,,,Financials,,IVV,2026-02-27,,,,,,,,100.86,,,,,Equity,"449,632,467.96",United States,NYSE,USD,1.0,USD,-
OLD DOMINION FREIGHT LINE INC,ODFL,,,,,2343662.0,449280005.4,0.06,,,Industrials,,IVV,2026-02-27,,,,,,,,191.70,,,,,Equity,"449,280,005.40",United States,NASDAQ,USD,1.0,USD,-
NRG ENERGY INC,NRG,,,,,2440975.0,448138600.25,0.06,,,Utilities,,IVV,2026-02-27,,,,,,,,183.59,,,,,Equity,"448,138,600.25",United States,NYSE,USD,1.0,USD,-
HUNTINGTON BANCSHARES INC,HBAN,,,,,25893453.0,447438867.84,0.06,,,Financials,,IVV,2026-02-27,,,,,,,,17.28,,,,,Equity,"447,438,867.84",United States,NASDAQ,USD,1.0,USD,-
OTIS WORLDWIDE CORP,OTIS,,,,,4963905.0,443922024.15,0.06,,,Industrials,,IVV,2026-02-27,,,,,,,,89.43,,,,,Equity,"443,922,024.15",United States,NYSE,USD,1.0,USD,-
CARNIVAL CORP,CCL,,,,,13830083.0,438413631.1,0.06,,,Consumer Discretionary,,IVV,2026-02-27,,,,,,,,31.70,,,,,Equity,"438,413,631.10",United States,NYSE,USD,1.0,USD,-
M&T BANK CORP,MTB,,,,,1957582.0,435601146.64,0.06,,,Financials,,IVV,2026-02-27,,,,,,,,222.52,,,,,Equity,"435,601,146.64",United States,NYSE,USD,1.0,USD,-
DOLLAR GENERAL CORP,DG,,,,,2803497.0,433953300.63,0.06,,,Consumer Staples,,IVV,2026-02-27,,,,,,,,154.79,,,,,Equity,"433,953,300.63",United States,NYSE,USD,1.0,USD,-
HERSHEY FOODS,HSY,,,,,1887240.0,433385793.6,0.06,,,Consumer Staples,,IVV,2026-02-27,,,,,,,,229.64,,,,,Equity,"433,385,793.60",United States,NYSE,USD,1.0,USD,-
INGERSOLL RAND INC,IR,,,,,4579745.0,426007879.9,0.06,,,Industrials,,IVV,2026-02-27,,,,,,,,93.02,,,,,Equity,"426,007,879.90",United States,NYSE,USD,1.0,USD,-
FISERV INC,FISV,,,,,6850683.0,422070579.63,0.06,,,Financials,,IVV,2026-02-27,,,,,,,,61.61,,,,,Equity,"422,070,579.63",United States,NASDAQ,USD,1.0,USD,-
IRON MOUNTAIN INC,IRM,,,,,3764974.0,420848793.72,0.06,,,Real Estate,,IVV,2026-02-27,,,,,,,,111.78,,,,,Equity,"420,848,793.72",United States,NYSE,USD,1.0,USD,-
BLK CSH FND TREASURY SL AGENCY,XTSLA,,,,,418295024.0,418295024.25,0.06,,,Cash and/or Derivatives,,IVV,2026-02-27,,,,,,,,1.00,,,,,Money Market,"418,295,024.25",United States,-,USD,1.0,USD,-
INTERACTIVE BROKERS GROUP INC CLAS,IBKR,,,,,5672591.0,417786327.15,0.06,,,Financials,,IVV,2026-02-27,,,,,,,,73.65,,,,,Equity,"417,786,327.15",United States,NASDAQ,USD,1.0,USD,-
ARCHER DANIELS MIDLAND,ADM,,,,,6121165.0,412872579.25,0.05,,,Consumer Staples,,IVV,2026-02-27,,,,,,,,67.45,,,,,Equity,"412,872,579.25",United States,NYSE,USD,1.0,USD,-
VICI PPTYS INC,VICI,,,,,13613533.0,411673237.92,0.05,,,Real Estate,,IVV,2026-02-27,,,,,,,,30.24,,,,,Equity,"411,673,237.92",United States,NYSE,USD,1.0,USD,-
TAPESTRY INC,TPR,,,,,2606622.0,409031124.24,0.05,,,Consumer Discretionary,,IVV,2026-02-27,,,,,,,,156.92,,,,,Equity,"409,031,124.24",United States,NYSE,USD,1.0,USD,-
COPART INC,CPRT,,,,,11341314.0,406472693.76,0.05,,,Industrials,,IVV,2026-02-27,,,,,,,,35.84,,,,,Equity,"406,472,693.76",United States,NASDAQ,USD,1.0,USD,-
TELEDYNE TECHNOLOGIES INC,TDY,,,,,598119.0,405153848.22,0.05,,,Information Technology,,IVV,2026-02-27,,,,,,,,677.38,,,,,Equity,"405,153,848.22",United States,NYSE,USD,1.0,USD,-
WATERS CORP,WAT,,,,,1251940.0,399919713.6,0.05,,,Health Care,,IVV,2026-02-27,,,,,,,,319.44,,,,,Equity,"399,919,713.60",United States,NYSE,USD,1.0,USD,-
DIAMONDBACK ENERGY INC,FANG,,,,,2372199.0,397983826.23,0.05,,,Energy,,IVV,2026-02-27,,,,,,,,167.77,,,,,Equity,"397,983,826.23",United States,NASDAQ,USD,1.0,USD,-
XYLEM INC,XYL,,,,,3100984.0,397732207.84,0.05,,,Industrials,,IVV,2026-02-27,,,,,,,,128.26,,,,,Equity,"397,732,207.84",United States,NYSE,USD,1.0,USD,-
EXTRA SPACE STORAGE REIT INC,EXR,,,,,2703488.0,397061282.56,0.05,,,Real Estate,,IVV,2026-02-27,,,,,,,,146.87,,,,,Equity,"397,061,282.56",United States,NYSE,USD,1.0,USD,-
DOVER CORP,DOV,,,,,1746998.0,396096856.54,0.05,,,Industrials,,IVV,2026-02-27,,,,,,,,226.73,,,,,Equity,"396,096,856.54",United States,NYSE,USD,1.0,USD,-
FAIR ISAAC CORP,FICO,,,,,301962.0,392834444.28,0.05,,,Information Technology,,IVV,2026-02-27,,,,,,,,"1,300.94",,,,,Equity,"392,834,444.28",United States,NYSE,USD,1.0,USD,-
ULTA BEAUTY INC,ULTA,,,,,571310.0,390930293.7,0.05,,,Consumer Discretionary,,IVV,2026-02-27,,,,,,,,684.27,,,,,Equity,"390,930,293.70",United States,NASDAQ,USD,1.0,USD,-
CBOE GLOBAL MARKETS INC,CBOE,,,,,1332932.0,388243103.64,0.05,,,Financials,,IVV,2026-02-27,,,,,,,,291.27,,,,,Equity,"388,243,103.64",United States,Cboe BZX,USD,1.0,USD,-
DTE ENERGY,DTE,,,,,2645181.0,386249329.62,0.05,,,Utilities,,IVV,2026-02-27,,,,,,,,146.02,,,,,Equity,"386,249,329.62",United States,NYSE,USD,1.0,USD,-
AMEREN CORP,AEE,,,,,3445409.0,383956378.96,0.05,,,Utilities,,IVV,2026-02-27,,,,,,,,111.44,,,,,Equity,"383,956,378.96",United States,NYSE,USD,1.0,USD,-
HALLIBURTON,HAL,,,,,10719854.0,378089250.58,0.05,,,Energy,,IVV,2026-02-27,,,,,,,,35.27,,,,,Equity,"378,089,250.58",United States,NYSE,USD,1.0,USD,-
JABIL INC,JBL,,,,,1360682.0,377684502.74,0.05,,,Information Technology,,IVV,2026-02-27,,,,,,,,277.57,,,,,Equity,"377,684,502.74",United States,NYSE,USD,1.0,USD,-
COGNIZANT TECHNOLOGY SOLUTIONS COR,CTSH,,,,,6147424.0,377021513.92,0.05,,,Information Technology,,IVV,2026-02-27,,,,,,,,61.33,,,,,Equity,"377,021,513.92",United States,NASDAQ,USD,1.0,USD,-
PAYCHEX INC,PAYX,,,,,4126149.0,376428573.27,0.05,,,Industrials,,IVV,2026-02-27,,,,,,,,91.23,,,,,Equity,"376,428,573.27",United States,NASDAQ,USD,1.0,USD,-
TEXAS PACIFIC LAND CORP,TPL,,,,,737552.0,376372785.6,0.05,,,Energy,,IVV,2026-02-27,,,,,,,,510.30,,,,,Equity,"376,372,785.60",United States,NYSE,USD,1.0,USD,-
ATMOS ENERGY CORP,ATO,,,,,2044615.0,372242606.9,0.05,,,Utilities,,IVV,2026-02-27,,,,,,,,182.06,,,,,Equity,"372,242,606.90",United States,NYSE,USD,1.0,USD,-
EDISON INTERNATIONAL,EIX,,,,,4901147.0,368566254.4,0.05,,,Utilities,,IVV,2026-02-27,,,,,,,,75.20,,,,,Equity,"368,566,254.40",United States,NYSE,USD,1.0,USD,-
WORKDAY INC CLASS A,WDAY,,,,,2763971.0,368022738.65,0.05,,,Information Technology,,IVV,2026-02-27,,,,,,,,133.15,,,,,Equity,"368,022,738.65",United States,NASDAQ,USD,1.0,USD,-
DEXCOM INC,DXCM,,,,,4967761.0,363441394.76,0.05,,,Health Care,,IVV,2026-02-27,,,,,,,,73.16,,,,,Equity,"363,441,394.76",United States,NASDAQ,USD,1.0,USD,-
BLOCK INC CLASS A,XYZ,,,,,6975620.0,362313702.8,0.05,,,Financials,,IVV,2026-02-27,,,,,,,,51.94,,,,,Equity,"362,313,702.80",United States,NYSE,USD,1.0,USD,-
WILLIS TOWERS WATSON PLC,WTW,,,,,1219581.0,362020424.04,0.05,,,Financials,,IVV,2026-02-27,,,,,,,,296.84,,,,,Equity,"362,020,424.04",United States,NASDAQ,USD,1.0,USD,-
PPL CORP,PPL,,,,,9422159.0,360680246.52,0.05,,,Utilities,,IVV,2026-02-27,,,,,,,,38.28,,,,,Equity,"360,680,246.52",United States,NYSE,USD,1.0,USD,-
CENTERPOINT ENERGY INC,CNP,,,,,8315726.0,359156205.94,0.05,,,Utilities,,IVV,2026-02-27,,,,,,,,43.19,,,,,Equity,"359,156,205.94",United States,NYSE,USD,1.0,USD,-
METTLER TOLEDO INC,MTD,,,,,260187.0,359034643.17,0.05,,,Health Care,,IVV,2026-02-27,,,,,,,,"1,379.91",,,,,Equity,"359,034,643.17",United States,NYSE,USD,1.0,USD,-
EVERSOURCE ENERGY,ES,,,,,4778745.0,358023575.4,0.05,,,Utilities,,IVV,2026-02-27,,,,,,,,74.92,,,,,Equity,"358,023,575.40",United States,NYSE,USD,1.0,USD,-
HUBBELL INC,HUBB,,,,,676939.0,357356098.1,0.05,,,Industrials,,IVV,2026-02-27,,,,,,,,527.90,,,,,Equity,"357,356,098.10",United States,NYSE,USD,1.0,USD,-
ON SEMICONDUCTOR CORP,ON,,,,,5125039.0,357112717.52,0.05,,,Information Technology,,IVV,2026-02-27,,,,,,,,69.68,,,,,Equity,"357,112,717.52",United States,NASDAQ,USD,1.0,USD,-
BIOGEN INC,BIIB,,,,,1868544.0,356387397.12,0.05,,,Health Care,,IVV,2026-02-27,,,,,,,,190.73,,,,,Equity,"356,387,397.12",United States,NASDAQ,USD,1.0,USD,-
RAYMOND JAMES INC,RJF,,,,,2245719.0,355587146.46,0.05,,,Financials,,IVV,2026-02-27,,,,,,,,158.34,,,,,Equity,"355,587,146.46",United States,NYSE,USD,1.0,USD,-
ESTEE LAUDER INC CLASS A,EL,,,,,3131455.0,353603898.6,0.05,,,Consumer Staples,,IVV,2026-02-27,,,,,,,,112.92,,,,,Equity,"353,603,898.60",United States,NYSE,USD,1.0,USD,-
PPG INDUSTRIES INC,PPG,,,,,2858292.0,351912911.04,0.05,,,Materials,,IVV,2026-02-27,,,,,,,,123.12,,,,,Equity,"351,912,911.04",United States,NYSE,USD,1.0,USD,-
IQVIA HOLDINGS INC,IQV,,,,,2169079.0,351195580.89,0.05,,,Health Care,,IVV,2026-02-27,,,,,,,,161.91,,,,,Equity,"351,195,580.89",United States,NYSE,USD,1.0,USD,-
NORTHERN TRUST CORP,NTRS,,,,,2408757.0,351052245.18,0.05,,,Financials,,IVV,2026-02-27,,,,,,,,145.74,,,,,Equity,"351,052,245.18",United States,NASDAQ,USD,1.0,USD,-
TRACTOR SUPPLY,TSCO,,,,,6730435.0,348434619.95,0.05,,,Consumer Discretionary,,IVV,2026-02-27,,,,,,,,51.77,,,,,Equity,"348,434,619.95",United States,NASDAQ,USD,1.0,USD,-
VERISK ANALYTICS INC,VRSK,,,,,1775136.0,347607131.52,0.05,,,Industrials,,IVV,2026-02-27,,,,,,,,195.82,,,,,Equity,"347,607,131.52",United States,NASDAQ,USD,1.0,USD,-
HEWLETT PACKARD ENTERPRISE,HPE,,,,,16806135.0,346710565.05,0.05,,,Information Technology,,IVV,2026-02-27,,,,,,,,20.63,,,,,Equity,"346,710,565.05",United States,NYSE,USD,1.0,USD,-
CITIZENS FINANCIAL GROUP INC,CFG,,,,,5470518.0,344970865.08,0.05,,,Financials,,IVV,2026-02-27,,,,,,,,63.06,,,,,Equity,"344,970,865.08",United States,NYSE,USD,1.0,USD,-
DEVON ENERGY CORP,DVN,,,,,7990068.0,340536698.16,0.04,,,Energy,,IVV,2026-02-27,,,,,,,,42.62,,,,,Equity,"340,536,698.16",United States,NYSE,USD,1.0,USD,-
OMNICOM GROUP INC,OMC,,,,,4062848.0,336038158.08,0.04,,,Communication,,IVV,2026-02-27,,,,,,,,82.71,,,,,Equity,"336,038,158.08",United States,NYSE,USD,1.0,USD,-
FIRSTENERGY CORP,FE,,,,,6622114.0,335343852.96,0.04,,,Utilities,,IVV,2026-02-27,,,,,,,,50.64,,,,,Equity,"335,343,852.96",United States,NYSE,USD,1.0,USD,-
STEEL DYNAMICS INC,STLD,,,,,1748539.0,334897674.67,0.04,,,Materials,,IVV,2026-02-27,,,,,,,,191.53,,,,,Equity,"334,897,674.67",United States,NASDAQ,USD,1.0,USD,-
PULTEGROUP INC,PHM,,,,,2482711.0,334197727.71,0.04,,,Consumer Discretionary,,IVV,2026-02-27,,,,,,,,134.61,,,,,Equity,"334,197,727.71",United States,NYSE,USD,1.0,USD,-
SYNCHRONY FINANCIAL,SYF,,,,,4587527.0,334017840.87,0.04,,,Financials,,IVV,2026-02-27,,,,,,,,72.81,,,,,Equity,"334,017,840.87",United States,NYSE,USD,1.0,USD,-
AMERICAN WATER WORKS INC,AWK,,,,,2485372.0,333586629.84,0.04,,,Utilities,,IVV,2026-02-27,,,,,,,,134.22,,,,,Equity,"333,586,629.84",United States,NYSE,USD,1.0,USD,-
SOUTHWEST AIRLINES,LUV,,,,,6587010.0,328625928.9,0.04,,,Industrials,,IVV,2026-02-27,,,,,,,,49.89,,,,,Equity,"328,625,928.90",United States,NYSE,USD,1.0,USD,-
CINCINNATI FINANCIAL CORP,CINF,,,,,1988712.0,325651590.0,0.04,,,Financials,,IVV,2026-02-27,,,,,,,,163.75,,,,,Equity,"325,651,590.00",United States,NASDAQ,USD,1.0,USD,-
WILLIAMS SONOMA INC,WSM,,,,,1551318.0,324566751.96,0.04,,,Consumer Discretionary,,IVV,2026-02-27,,,,,,,,209.22,,,,,Equity,"324,566,751.96",United States,NYSE,USD,1.0,USD,-
REGIONS FINANCIAL CORP,RF,,,,,11168980.0,323900420.0,0.04,,,Financials,,IVV,2026-02-27,,,,,,,,29.00,,,,,Equity,"323,900,420.00",United States,NYSE,USD,1.0,USD,-
FIDELITY NATIONAL INFORMATION SERV,FIS,,,,,6595984.0,323664934.88,0.04,,,Financials,,IVV,2026-02-27,,,,,,,,49.07,,,,,Equity,"323,664,934.88",United States,NYSE,USD,1.0,USD,-
EXPAND ENERGY CORP,EXE,,,,,3033695.0,321723354.75,0.04,,,Energy,,IVV,2026-02-27,,,,,,,,106.05,,,,,Equity,"321,723,354.75",United States,NASDAQ,USD,1.0,USD,-
AVALONBAY COMMUNITIES REIT INC,AVB,,,,,1801299.0,321117572.73,0.04,,,Real Estate,,IVV,2026-02-27,,,,,,,,178.27,,,,,Equity,"321,117,572.73",United States,NYSE,USD,1.0,USD,-
QNITY ELECTRONICS INC,Q,,,,,2667489.0,319725231.54,0.04,,,Information Technology,,IVV,2026-02-27,,,,,,,,119.86,,,,,Equity,"319,725,231.54",United States,NYSE,USD,1.0,USD,-
CHURCH AND DWIGHT INC,CHD,,,,,3058463.0,316948520.69,0.04,,,Consumer Staples,,IVV,2026-02-27,,,,,,,,103.63,,,,,Equity,"316,948,520.69",United States,NYSE,USD,1.0,USD,-
STERIS,STE,,,,,1250205.0,314576582.1,0.04,,,Health Care,,IVV,2026-02-27,,,,,,,,251.62,,,,,Equity,"314,576,582.10",United States,NYSE,USD,1.0,USD,-
DARDEN RESTAURANTS INC,DRI,,,,,1481529.0,314173039.74,0.04,,,Consumer Discretionary,,IVV,2026-02-27,,,,,,,,212.06,,,,,Equity,"314,173,039.74",United States,NYSE,USD,1.0,USD,-
ARES MANAGEMENT CORP CLASS A,ARES,,,,,2623868.0,312712588.24,0.04,,,Financials,,IVV,2026-02-27,,,,,,,,119.18,,,,,Equity,"312,712,588.24",United States,NYSE,USD,1.0,USD,-
LIVE NATION ENTERTAINMENT INC,LYV,,,,,2011312.0,312195848.64,0.04,,,Communication,,IVV,2026-02-27,,,,,,,,155.22,,,,,Equity,"312,195,848.64",United States,NYSE,USD,1.0,USD,-
EQUIFAX INC,EFX,,,,,1558883.0,308845899.96,0.04,,,Industrials,,IVV,2026-02-27,,,,,,,,198.12,,,,,Equity,"308,845,899.96",United States,NYSE,USD,1.0,USD,-
DOLLAR TREE INC,DLTR,,,,,2416125.0,308539162.5,0.04,,,Consumer Staples,,IVV,2026-02-27,,,,,,,,127.70,,,,,Equity,"308,539,162.50",United States,NASDAQ,USD,1.0,USD,-
SMURFIT WESTROCK PLC,SW,,,,,6651080.0,305750147.6,0.04,,,Materials,,IVV,2026-02-27,,,,,,,,45.97,,,,,Equity,"305,750,147.60",United States,NYSE,USD,1.0,USD,-
LENNAR A CORP CLASS A,LEN,,,,,2748155.0,304303203.15,0.04,,,Consumer Discretionary,,IVV,2026-02-27,,,,,,,,110.73,,,,,Equity,"304,303,203.15",United States,NYSE,USD,1.0,USD,-
EXPEDIA GROUP INC,EXPE,,,,,1490430.0,303660208.2,0.04,,,Consumer Discretionary,,IVV,2026-02-27,,,,,,,,203.74,,,,,Equity,"303,660,208.20",United States,NASDAQ,USD,1.0,USD,-
GENERAL MILLS INC,GIS,,,,,6794260.0,302616340.4,0.04,,,Consumer Staples,,IVV,2026-02-27,,,,,,,,44.54,,,,,Equity,"302,616,340.40",United States,NYSE,USD,1.0,USD,-
LABCORP HOLDINGS INC,LH,,,,,1055790.0,298556296.2,0.04,,,Health Care,,IVV,2026-02-27,,,,,,,,282.78,,,,,Equity,"298,556,296.20",United States,NYSE,USD,1.0,USD,-
VERALTO CORP,VLTO,,,,,3162670.0,298461167.9,0.04,,,Industrials,,IVV,2026-02-27,,,,,,,,94.37,,,,,Equity,"298,461,167.90",United States,NYSE,USD,1.0,USD,-
CMS ENERGY CORP,CMS,,,,,3876204.0,296878464.36,0.04,,,Utilities,,IVV,2026-02-27,,,,,,,,76.59,,,,,Equity,"296,878,464.36",United States,NYSE,USD,1.0,USD,-
QUEST DIAGNOSTICS INC,DGX,,,,,1416932.0,294438469.6,0.04,,,Health Care,,IVV,2026-02-27,,,,,,,,207.80,,,,,Equity,"294,438,469.60",United States,NYSE,USD,1.0,USD,-
CORPAY INC,CPAY,,,,,891057.0,294271574.25,0.04,,,Financials,,IVV,2026-02-27,,,,,,,,330.25,,,,,Equity,"294,271,574.25",United States,NYSE,USD,1.0,USD,-
INTERNATIONAL PAPER,IP,,,,,6725730.0,293645371.8,0.04,,,Materials,,IVV,2026-02-27,,,,,,,,43.66,,,,,Equity,"293,645,371.80",United States,NYSE,USD,1.0,USD,-
ALBEMARLE CORP,ALB,,,,,1499119.0,293632438.53,0.04,,,Materials,,IVV,2026-02-27,,,,,,,,195.87,,,,,Equity,"293,632,438.53",United States,NYSE,USD,1.0,USD,-
COTERRA ENERGY INC,CTRA,,,,,9709369.0,290310133.1,0.04,,,Energy,,IVV,2026-02-27,,,,,,,,29.90,,,,,Equity,"290,310,133.10",United States,NYSE,USD,1.0,USD,-
AMCOR PLC,AMCR,,,,,5898944.0,287986446.08,0.04,,,Materials,,IVV,2026-02-27,,,,,,,,48.82,,,,,Equity,"287,986,446.08",United States,NYSE,USD,1.0,USD,-
FIRST SOLAR INC,FSLR,,,,,1366764.0,287184451.68,0.04,,,Information Technology,,IVV,2026-02-27,,,,,,,,210.12,,,,,Equity,"287,184,451.68",United States,NASDAQ,USD,1.0,USD,-
NISOURCE INC,NI,,,,,6078194.0,282818366.82,0.04,,,Utilities,,IVV,2026-02-27,,,,,,,,46.53,,,,,Equity,"282,818,366.82",United States,NYSE,USD,1.0,USD,-
EQUITY RESIDENTIAL REIT,EQR,,,,,4409927.0,279589371.8,0.04,,,Real Estate,,IVV,2026-02-27,,,,,,,,63.40,,,,,Equity,"279,589,371.80",United States,NYSE,USD,1.0,USD,-
CONSTELLATION BRANDS INC CLASS A,STZ,,,,,1795467.0,278512841.04,0.04,,,Consumer Staples,,IVV,2026-02-27,,,,,,,,155.12,,,,,Equity,"278,512,841.04",United States,NYSE,USD,1.0,USD,-
LEIDOS HOLDINGS INC,LDOS,,,,,1628480.0,276662467.2,0.04,,,Industrials,,IVV,2026-02-27,,,,,,,,169.89,,,,,Equity,"276,662,467.20",United States,NYSE,USD,1.0,USD,-
WR BERKLEY CORP,WRB,,,,,3823831.0,273709822.98,0.04,,,Financials,,IVV,2026-02-27,,,,,,,,71.58,,,,,Equity,"273,709,822.98",United States,NYSE,USD,1.0,USD,-
DOW INC,DOW,,,,,9053174.0,271776283.48,0.04,,,Materials,,IVV,2026-02-27,,,,,,,,30.02,,,,,Equity,"271,776,283.48",United States,NYSE,USD,1.0,USD,-
DUPONT DE NEMOURS INC,DD,,,,,5336607.0,270779439.18,0.04,,,Materials,,IVV,2026-02-27,,,,,,,,50.74,,,,,Equity,"270,779,439.18",United States,NYSE,USD,1.0,USD,-
HUMANA INC,HUM,,,,,1532018.0,269727089.08,0.04,,,Health Care,,IVV,2026-02-27,,,,,,,,176.06,,,,,Equity,"269,727,089.08",United States,NYSE,USD,1.0,USD,-
SBA COMMUNICATIONS REIT CORP CLASS,SBAC,,,,,1357223.0,267603658.91,0.04,,,Real Estate,,IVV,2026-02-27,,,,,,,,197.17,,,,,Equity,"267,603,658.91",United States,NASDAQ,USD,1.0,USD,-
KRAFT HEINZ,KHC,,,,,10854977.0,266543960.23,0.04,,,Consumer Staples,,IVV,2026-02-27,,,,,,,,24.56,,,,,Equity,"266,543,960.23",United States,NASDAQ,USD,1.0,USD,-
CH ROBINSON WORLDWIDE INC,CHRW,,,,,1504762.0,264702683.42,0.03,,,Industrials,,IVV,2026-02-27,,,,,,,,175.91,,,,,Equity,"264,702,683.42",United States,NASDAQ,USD,1.0,USD,-
T ROWE PRICE GROUP INC,TROW,,,,,2776939.0,264558978.53,0.03,,,Financials,,IVV,2026-02-27,,,,,,,,95.27,,,,,Equity,"264,558,978.53",United States,NASDAQ,USD,1.0,USD,-
BROADRIDGE FINANCIAL SOLUTIONS INC,BR,,,,,1486850.0,263648242.0,0.03,,,Industrials,,IVV,2026-02-27,,,,,,,,177.32,,,,,Equity,"263,648,242.00",United States,NYSE,USD,1.0,USD,-
NVR INC,NVR,,,,,36094.0,262877655.16,0.03,,,Consumer Discretionary,,IVV,2026-02-27,,,,,,,,"7,283.14",,,,,Equity,"262,877,655.16",United States,NYSE,USD,1.0,USD,-
PACKAGING CORP OF AMERICA,PKG,,,,,1138396.0,262878404.32,0.03,,,Materials,,IVV,2026-02-27,,,,,,,,230.92,,,,,Equity,"262,878,404.32",United States,NYSE,USD,1.0,USD,-
BROWN & BROWN INC,BRO,,,,,3739891.0,261979364.55,0.03,,,Financials,,IVV,2026-02-27,,,,,,,,70.05,,,,,Equity,"261,979,364.55",United States,NYSE,USD,1.0,USD,-
INTERNATIONAL FLAVORS & FRAGRANCES,IFF,,,,,3261225.0,260506653.0,0.03,,,Materials,,IVV,2026-02-27,,,,,,,,79.88,,,,,Equity,"260,506,653.00",United States,NYSE,USD,1.0,USD,-
NETAPP INC,NTAP,,,,,2546006.0,259387091.28,0.03,,,Information Technology,,IVV,2026-02-27,,,,,,,,101.88,,,,,Equity,"259,387,091.28",United States,NASDAQ,USD,1.0,USD,-
SNAP ON INC,SNA,,,,,661938.0,255812559.48,0.03,,,Industrials,,IVV,2026-02-27,,,,,,,,386.46,,,,,Equity,"255,812,559.48",United States,NYSE,USD,1.0,USD,-
KEYCORP,KEY,,,,,11832536.0,254044547.92,0.03,,,Financials,,IVV,2026-02-27,,,,,,,,21.47,,,,,Equity,"254,044,547.92",United States,NYSE,USD,1.0,USD,-
CENTENE CORP,CNC,,,,,5947588.0,253902531.72,0.03,,,Health Care,,IVV,2026-02-27,,,,,,,,42.69,,,,,Equity,"253,902,531.72",United States,NYSE,USD,1.0,USD,-
CHARTER COMMUNICATIONS INC CLASS A,CHTR,,,,,1119907.0,252819005.25,0.03,,,Communication,,IVV,2026-02-27,,,,,,,,225.75,,,,,Equity,"252,819,005.25",United States,NASDAQ,USD,1.0,USD,-
ZIMMER BIOMET HOLDINGS INC,ZBH,,,,,2524280.0,252049358.0,0.03,,,Health Care,,IVV,2026-02-27,,,,,,,,99.85,,,,,Equity,"252,049,358.00",United States,NYSE,USD,1.0,USD,-
LULULEMON ATHLETICA INC,LULU,,,,,1374529.0,250920268.95,0.03,,,Consumer Discretionary,,IVV,2026-02-27,,,,,,,,182.55,,,,,Equity,"250,920,268.95",United States,NASDAQ,USD,1.0,USD,-
EVERGY INC,EVRG,,,,,2932559.0,242815885.2,0.03,,,Utilities,,IVV,2026-02-27,,,,,,,,82.80,,,,,Equity,"242,815,885.20",United States,NASDAQ,USD,1.0,USD,-
EXPEDITORS INTERNATIONAL OF WASHIN,EXPD,,,,,1707138.0,242191668.06,0.03,,,Industrials,,IVV,2026-02-27,,,,,,,,141.87,,,,,Equity,"242,191,668.06",United States,NYSE,USD,1.0,USD,-
COSTAR GROUP INC,CSGP,,,,,5398325.0,241736993.5,0.03,,,Real Estate,,IVV,2026-02-27,,,,,,,,44.78,,,,,Equity,"241,736,993.50",United States,NASDAQ,USD,1.0,USD,-
PRINCIPAL FINANCIAL GROUP INC,PFG,,,,,2543826.0,240849445.68,0.03,,,Financials,,IVV,2026-02-27,,,,,,,,94.68,,,,,Equity,"240,849,445.68",United States,NASDAQ,USD,1.0,USD,-
LOEWS CORP,L,,,,,2163159.0,236757752.55,0.03,,,Financials,,IVV,2026-02-27,,,,,,,,109.45,,,,,Equity,"236,757,752.55",United States,NYSE,USD,1.0,USD,-
FORTIVE CORP,FTV,,,,,4046016.0,235963653.12,0.03,,,Industrials,,IVV,2026-02-27,,,,,,,,58.32,,,,,Equity,"235,963,653.12",United States,NYSE,USD,1.0,USD,-
VIATRIS INC,VTRS,,,,,14655278.0,235656870.24,0.03,,,Health Care,,IVV,2026-02-27,,,,,,,,16.08,,,,,Equity,"235,656,870.24",United States,NASDAQ,USD,1.0,USD,-
PTC INC,PTC,,,,,1525849.0,235148589.39,0.03,,,Information Technology,,IVV,2026-02-27,,,,,,,,154.11,,,,,Equity,"235,148,589.39",United States,NASDAQ,USD,1.0,USD,-
GLOBAL PAYMENTS INC,GPN,,,,,3015834.0,235054101.96,0.03,,,Financials,,IVV,2026-02-27,,,,,,,,77.94,,,,,Equity,"235,054,101.96",United States,NYSE,USD,1.0,USD,-
ALLIANT ENERGY CORP,LNT,,,,,3274235.0,233321986.1,0.03,,,Utilities,,IVV,2026-02-27,,,,,,,,71.26,,,,,Equity,"233,321,986.10",United States,NASDAQ,USD,1.0,USD,-
VERISIGN INC,VRSN,,,,,1062630.0,227934135.0,0.03,,,Information Technology,,IVV,2026-02-27,,,,,,,,214.50,,,,,Equity,"227,934,135.00",United States,NASDAQ,USD,1.0,USD,-
MODERNA INC,MRNA,,,,,4424446.0,227283791.02,0.03,,,Health Care,,IVV,2026-02-27,,,,,,,,51.37,,,,,Equity,"227,283,791.02",United States,NASDAQ,USD,1.0,USD,-
WEST PHARMACEUTICAL SERVICES INC,WST,,,,,916373.0,227150539.24,0.03,,,Health Care,,IVV,2026-02-27,,,,,,,,247.88,,,,,Equity,"227,150,539.24",United States,NYSE,USD,1.0,USD,-
TYSON FOODS INC CLASS A,TSN,,,,,3605220.0,225722824.2,0.03,,,Consumer Staples,,IVV,2026-02-27,,,,,,,,62.61,,,,,Equity,"225,722,824.20",United States,NYSE,USD,1.0,USD,-
BALL CORP,BALL,,,,,3409829.0,225151008.87,0.03,,,Materials,,IVV,2026-02-27,,,,,,,,66.03,,,,,Equity,"225,151,008.87",United States,NYSE,USD,1.0,USD,-
WEYERHAEUSER REIT,WY,,,,,9180477.0,223636419.72,0.03,,,Real Estate,,IVV,2026-02-27,,,,,,,,24.36,,,,,Equity,"223,636,419.72",United States,NYSE,USD,1.0,USD,-
MCCORMICK & CO NON-VOTING INC,MKC,,,,,3225609.0,222663789.27,0.03,,,Consumer Staples,,IVV,2026-02-27,,,,,,,,69.03,,,,,Equity,"222,663,789.27",United States,NYSE,USD,1.0,USD,-
INSULET CORP,PODD,,,,,895337.0,222151016.44,0.03,,,Health Care,,IVV,2026-02-27,,,,,,,,248.12,,,,,Equity,"222,151,016.44",United States,NASDAQ,USD,1.0,USD,-
DECKERS OUTDOOR CORP,DECK,,,,,1854600.0,221476332.0,0.03,,,Consumer Discretionary,,IVV,2026-02-27,,,,,,,,119.42,,,,,Equity,"221,476,332.00",United States,NYSE,USD,1.0,USD,-
ROLLINS INC,ROL,,,,,3735228.0,220864031.64,0.03,,,Industrials,,IVV,2026-02-27,,,,,,,,59.13,,,,,Equity,"220,864,031.64",United States,NYSE,USD,1.0,USD,-
LENNOX INTERNATIONAL INC,LII,,,,,407319.0,219931894.05,0.03,,,Industrials,,IVV,2026-02-27,,,,,,,,539.95,,,,,Equity,"219,931,894.05",United States,NYSE,USD,1.0,USD,-
HUNTINGTON INGALLS INDUSTRIES INC,HII,,,,,499405.0,217530829.9,0.03,,,Industrials,,IVV,2026-02-27,,,,,,,,435.58,,,,,Equity,"217,530,829.90",United States,NYSE,USD,1.0,USD,-
TEXTRON INC,TXT,,,,,2245231.0,216979123.84,0.03,,,Industrials,,IVV,2026-02-27,,,,,,,,96.64,,,,,Equity,"216,979,123.84",United States,NYSE,USD,1.0,USD,-
HP INC,HPQ,,,,,11906388.0,216815325.48,0.03,,,Information Technology,,IVV,2026-02-27,,,,,,,,18.21,,,,,Equity,"216,815,325.48",United States,NYSE,USD,1.0,USD,-
SUPER MICRO COMPUTER INC,SMCI,,,,,6387007.0,214603435.2,0.03,,,Information Technology,,IVV,2026-02-27,,,,,,,,33.60,,,,,Equity,"214,603,435.20",United States,NASDAQ,USD,1.0,USD,-
HOLOGIC INC,HOLX,,,,,2834931.0,213583701.54,0.03,,,Health Care,,IVV,2026-02-27,,,,,,,,75.34,,,,,Equity,"213,583,701.54",United States,NASDAQ,USD,1.0,USD,-
LAS VEGAS SANDS CORP,LVS,,,,,3875428.0,213419819.96,0.03,,,Consumer Discretionary,,IVV,2026-02-27,,,,,,,,55.07,,,,,Equity,"213,419,819.96",United States,NYSE,USD,1.0,USD,-
ESSEX PROPERTY TRUST REIT INC,ESS,,,,,820156.0,213183149.08,0.03,,,Real Estate,,IVV,2026-02-27,,,,,,,,259.93,,,,,Equity,"213,183,149.08",United States,NYSE,USD,1.0,USD,-
COOPER INC,COO,,,,,2532922.0,211422999.34,0.03,,,Health Care,,IVV,2026-02-27,,,,,,,,83.47,,,,,Equity,"211,422,999.34",United States,NASDAQ,USD,1.0,USD,-
PENTAIR,PNR,,,,,2086115.0,210322114.3,0.03,,,Industrials,,IVV,2026-02-27,,,,,,,,100.82,,,,,Equity,"210,322,114.30",United States,NYSE,USD,1.0,USD,-
APTIV PLC,APTV,,,,,2749605.0,210179806.2,0.03,,,Consumer Discretionary,,IVV,2026-02-27,,,,,,,,76.44,,,,,Equity,"210,179,806.20",United States,NYSE,USD,1.0,USD,-
INCYTE CORP,INCY,,,,,2100810.0,210038983.8,0.03,,,Health Care,,IVV,2026-02-27,,,,,,,,99.98,,,,,Equity,"210,038,983.80",United States,NASDAQ,USD,1.0,USD,-
JB HUNT TRANSPORT SERVICES INC,JBHT,,,,,957146.0,209854260.5,0.03,,,Industrials,,IVV,2026-02-27,,,,,,,,219.25,,,,,Equity,"209,854,260.50",United States,NASDAQ,USD,1.0,USD,-
BUNGE GLOBAL,BG,,,,,1722332.0,209056658.16,0.03,,,Consumer Staples,,IVV,2026-02-27,,,,,,,,121.38,,,,,Equity,"209,056,658.16",United States,NYSE,USD,1.0,USD,-
GENUINE PARTS,GPC,,,,,1771966.0,207178264.72,0.03,,,Consumer Discretionary,,IVV,2026-02-27,,,,,,,,116.92,,,,,Equity,"207,178,264.72",United States,NYSE,USD,1.0,USD,-
F5 INC,FFIV,,,,,734733.0,204659877.15,0.03,,,Information Technology,,IVV,2026-02-27,,,,,,,,278.55,,,,,Equity,"204,659,877.15",United States,NASDAQ,USD,1.0,USD,-
TRIMBLE INC,TRMB,,,,,3031041.0,203504092.74,0.03,,,Information Technology,,IVV,2026-02-27,,,,,,,,67.14,,,,,Equity,"203,504,092.74",United States,NASDAQ,USD,1.0,USD,-
JACOBS SOLUTIONS INC,J,,,,,1521160.0,202998802.0,0.03,,,Industrials,,IVV,2026-02-27,,,,,,,,133.45,,,,,Equity,"202,998,802.00",United States,NYSE,USD,1.0,USD,-
CDW CORP,CDW,,,,,1658690.0,201663530.2,0.03,,,Information Technology,,IVV,2026-02-27,,,,,,,,121.58,,,,,Equity,"201,663,530.20",United States,NASDAQ,USD,1.0,USD,-
KIMCO REALTY REIT CORP,KIM,,,,,8616490.0,200936546.8,0.03,,,Real Estate,,IVV,2026-02-27,,,,,,,,23.32,,,,,Equity,"200,936,546.80",United States,NYSE,USD,1.0,USD,-
MID AMERICA APARTMENT COMMUNITIES,MAA,,,,,1491174.0,199891874.7,0.03,,,Real Estate,,IVV,2026-02-27,,,,,,,,134.05,,,,,Equity,"199,891,874.70",United States,NYSE,USD,1.0,USD,-
NORDSON CORP,NDSN,,,,,682173.0,198396373.59,0.03,,,Industrials,,IVV,2026-02-27,,,,,,,,290.83,,,,,Equity,"198,396,373.59",United States,NASDAQ,USD,1.0,USD,-
CLOROX,CLX,,,,,1557213.0,196582569.12,0.03,,,Consumer Staples,,IVV,2026-02-27,,,,,,,,126.24,,,,,Equity,"196,582,569.12",United States,NYSE,USD,1.0,USD,-
IDEX CORP,IEX,,,,,952305.0,196346244.9,0.03,,,Industrials,,IVV,2026-02-27,,,,,,,,206.18,,,,,Equity,"196,346,244.90",United States,NYSE,USD,1.0,USD,-
CF INDUSTRIES HOLDINGS INC,CF,,,,,1984762.0,190815018.68,0.03,,,Materials,,IVV,2026-02-27,,,,,,,,96.14,,,,,Equity,"190,815,018.68",United States,NYSE,USD,1.0,USD,-
MASCO CORP,MAS,,,,,2642978.0,189924399.08,0.03,,,Industrials,,IVV,2026-02-27,,,,,,,,71.86,,,,,Equity,"189,924,399.08",United States,NYSE,USD,1.0,USD,-
AVERY DENNISON CORP,AVY,,,,,983609.0,189629979.11,0.03,,,Materials,,IVV,2026-02-27,,,,,,,,192.79,,,,,Equity,"189,629,979.11",United States,NYSE,USD,1.0,USD,-
LYONDELLBASELL INDUSTRIES NV CLASS,LYB,,,,,3279720.0,186124110.0,0.02,,,Materials,,IVV,2026-02-27,,,,,,,,56.75,,,,,Equity,"186,124,110.00",United States,NYSE,USD,1.0,USD,-
RALPH LAUREN CORP CLASS A,RL,,,,,493084.0,185927183.88,0.02,,,Consumer Discretionary,,IVV,2026-02-27,,,,,,,,377.07,,,,,Equity,"185,927,183.88",United States,NYSE,USD,1.0,USD,-
INVITATION HOMES INC,INVH,,,,,7176173.0,183853552.26,0.02,,,Real Estate,,IVV,2026-02-27,,,,,,,,25.62,,,,,Equity,"183,853,552.26",United States,NYSE,USD,1.0,USD,-
TYLER TECHNOLOGIES INC,TYL,,,,,548166.0,183695908.26,0.02,,,Information Technology,,IVV,2026-02-27,,,,,,,,335.11,,,,,Equity,"183,695,908.26",United States,NYSE,USD,1.0,USD,-
AKAMAI TECHNOLOGIES INC,AKAM,,,,,1830636.0,183136825.44,0.02,,,Information Technology,,IVV,2026-02-27,,,,,,,,100.04,,,,,Equity,"183,136,825.44",United States,NASDAQ,USD,1.0,USD,-
EVEREST GROUP LTD,EG,,,,,534639.0,179537122.59,0.02,,,Financials,,IVV,2026-02-27,,,,,,,,335.81,,,,,Equity,"179,537,122.59",United States,NYSE,USD,1.0,USD,-
GENERAC HOLDINGS INC,GNRC,,,,,747538.0,176852540.04,0.02,,,Industrials,,IVV,2026-02-27,,,,,,,,236.58,,,,,Equity,"176,852,540.04",United States,NYSE,USD,1.0,USD,-
TKO GROUP HOLDINGS INC CLASS A,TKO,,,,,843454.0,174772103.34,0.02,,,Communication,,IVV,2026-02-27,,,,,,,,207.21,,,,,Equity,"174,772,103.34",United States,NYSE,USD,1.0,USD,-
ALLEGION PLC,ALLE,,,,,1095876.0,170551181.88,0.02,,,Industrials,,IVV,2026-02-27,,,,,,,,155.63,,,,,Equity,"170,551,181.88",United States,NYSE,USD,1.0,USD,-
HASBRO INC,HAS,,,,,1698130.0,169388467.5,0.02,,,Consumer Discretionary,,IVV,2026-02-27,,,,,,,,99.75,,,,,Equity,"169,388,467.50",United States,NASDAQ,USD,1.0,USD,-
STANLEY BLACK & DECKER INC,SWK,,,,,1970293.0,167987181.18,0.02,,,Industrials,,IVV,2026-02-27,,,,,,,,85.26,,,,,Equity,"167,987,181.18",United States,NYSE,USD,1.0,USD,-
REGENCY CENTERS REIT CORP,REG,,,,,2094669.0,163237555.17,0.02,,,Real Estate,,IVV,2026-02-27,,,,,,,,77.93,,,,,Equity,"163,237,555.17",United States,NASDAQ,USD,1.0,USD,-
UNIVERSAL HEALTH SERVICES INC CLAS,UHS,,,,,702940.0,162189346.2,0.02,,,Health Care,,IVV,2026-02-27,,,,,,,,230.73,,,,,Equity,"162,189,346.20",United States,NYSE,USD,1.0,USD,-
DOMINOS PIZZA INC,DPZ,,,,,396868.0,160310859.92,0.02,,,Consumer Discretionary,,IVV,2026-02-27,,,,,,,,403.94,,,,,Equity,"160,310,859.92",United States,NASDAQ,USD,1.0,USD,-
HOST HOTELS & RESORTS REIT INC,HST,,,,,8134992.0,160340692.32,0.02,,,Real Estate,,IVV,2026-02-27,,,,,,,,19.71,,,,,Equity,"160,340,692.32",United States,NASDAQ,USD,1.0,USD,-
ALIGN TECHNOLOGY INC,ALGN,,,,,849070.0,159667613.5,0.02,,,Health Care,,IVV,2026-02-27,,,,,,,,188.05,,,,,Equity,"159,667,613.50",United States,NASDAQ,USD,1.0,USD,-
GEN DIGITAL INC,GEN,,,,,7148125.0,159331706.25,0.02,,,Information Technology,,IVV,2026-02-27,,,,,,,,22.29,,,,,Equity,"159,331,706.25",United States,NASDAQ,USD,1.0,USD,-
BEST BUY INC,BBY,,,,,2486362.0,154974943.46,0.02,,,Consumer Discretionary,,IVV,2026-02-27,,,,,,,,62.33,,,,,Equity,"154,974,943.46",United States,NYSE,USD,1.0,USD,-
HEALTHPEAK PROPERTIES INC,DOC,,,,,8841165.0,154808799.15,0.02,,,Real Estate,,IVV,2026-02-27,,,,,,,,17.51,,,,,Equity,"154,808,799.15",United States,NYSE,USD,1.0,USD,-
ZEBRA TECHNOLOGIES CORP CLASS A,ZBRA,,,,,644457.0,154031667.57,0.02,,,Information Technology,,IVV,2026-02-27,,,,,,,,239.01,,,,,Equity,"154,031,667.57",United States,NASDAQ,USD,1.0,USD,-
PINNACLE WEST CORP,PNW,,,,,1524525.0,152132349.75,0.02,,,Utilities,,IVV,2026-02-27,,,,,,,,99.79,,,,,Equity,"152,132,349.75",United States,NYSE,USD,1.0,USD,-
INVESCO LTD,IVZ,,,,,5674725.0,151969135.5,0.02,,,Financials,,IVV,2026-02-27,,,,,,,,26.78,,,,,Equity,"151,969,135.50",United States,NYSE,USD,1.0,USD,-
AES CORP,AES,,,,,9071462.0,148499832.94,0.02,,,Utilities,,IVV,2026-02-27,,,,,,,,16.37,,,,,Equity,"148,499,832.94",United States,NYSE,USD,1.0,USD,-
CAMDEN PROPERTY TRUST REIT,CPT,,,,,1358215.0,147828120.6,0.02,,,Real Estate,,IVV,2026-02-27,,,,,,,,108.84,,,,,Equity,"147,828,120.60",United States,NYSE,USD,1.0,USD,-
GLOBE LIFE INC,GL,,,,,1012744.0,145987047.6,0.02,,,Financials,,IVV,2026-02-27,,,,,,,,144.15,,,,,Equity,"145,987,047.60",United States,NYSE,USD,1.0,USD,-
JM SMUCKER,SJM,,,,,1358976.0,144866841.6,0.02,,,Consumer Staples,,IVV,2026-02-27,,,,,,,,106.60,,,,,Equity,"144,866,841.60",United States,NYSE,USD,1.0,USD,-
UDR REIT INC,UDR,,,,,3834765.0,144455597.55,0.02,,,Real Estate,,IVV,2026-02-27,,,,,,,,37.67,,,,,Equity,"144,455,597.55",United States,NYSE,USD,1.0,USD,-
BUILDERS FIRSTSOURCE INC,BLDR,,,,,1407190.0,144419909.7,0.02,,,Industrials,,IVV,2026-02-27,,,,,,,,102.63,,,,,Equity,"144,419,909.70",United States,NYSE,USD,1.0,USD,-
JACK HENRY AND ASSOCIATES INC,JKHY,,,,,921083.0,144186332.82,0.02,,,Financials,,IVV,2026-02-27,,,,,,,,156.54,,,,,Equity,"144,186,332.82",United States,NASDAQ,USD,1.0,USD,-
FOX CORP CLASS A,FOXA,,,,,2651197.0,143482781.64,0.02,,,Communication,,IVV,2026-02-27,,,,,,,,54.12,,,,,Equity,"143,482,781.64",United States,NASDAQ,USD,1.0,USD,-
ASSURANT INC,AIZ,,,,,637366.0,142852841.58,0.02,,,Financials,,IVV,2026-02-27,,,,,,,,224.13,,,,,Equity,"142,852,841.58",United States,NYSE,USD,1.0,USD,-
SOLVENTUM CORP,SOLV,,,,,1878130.0,141010000.4,0.02,,,Health Care,,IVV,2026-02-27,,,,,,,,75.08,,,,,Equity,"141,010,000.40",United States,NYSE,USD,1.0,USD,-
TRADE DESK INC CLASS A,TTD,,,,,5602679.0,140963403.64,0.02,,,Communication,,IVV,2026-02-27,,,,,,,,25.16,,,,,Equity,"140,963,403.64",United States,NASDAQ,USD,1.0,USD,-
REVVITY INC,RVTY,,,,,1442756.0,140769702.92,0.02,,,Health Care,,IVV,2026-02-27,,,,,,,,97.57,,,,,Equity,"140,769,702.92",United States,NYSE,USD,1.0,USD,-
NORWEGIAN CRUISE LINE HOLDINGS LTD,NCLH,,,,,5792923.0,137929496.63,0.02,,,Consumer Discretionary,,IVV,2026-02-27,,,,,,,,23.81,,,,,Equity,"137,929,496.63",United States,NYSE,USD,1.0,USD,-
GARTNER INC,IT,,,,,918299.0,137138772.66,0.02,,,Information Technology,,IVV,2026-02-27,,,,,,,,149.34,,,,,Equity,"137,138,772.66",United States,NYSE,USD,1.0,USD,-
GODADDY INC CLASS A,GDDY,,,,,1719600.0,136054752.0,0.02,,,Information Technology,,IVV,2026-02-27,,,,,,,,79.12,,,,,Equity,"136,054,752.00",United States,NYSE,USD,1.0,USD,-
BAXTER INTERNATIONAL INC,BAX,,,,,6547575.0,135731229.75,0.02,,,Health Care,,IVV,2026-02-27,,,,,,,,20.73,,,,,Equity,"135,731,229.75",United States,NYSE,USD,1.0,USD,-
APA CORP,APA,,,,,4513085.0,125644286.4,0.02,,,Energy,,IVV,2026-02-27,,,,,,,,27.84,,,,,Equity,"125,644,286.40",United States,NASDAQ,USD,1.0,USD,-
BIO TECHNE CORP,TECH,,,,,1994184.0,115403428.08,0.02,,,Health Care,,IVV,2026-02-27,,,,,,,,57.87,,,,,Equity,"115,403,428.08",United States,NASDAQ,USD,1.0,USD,-
WYNN RESORTS LTD,WYNN,,,,,1073466.0,115343921.7,0.02,,,Consumer Discretionary,,IVV,2026-02-27,,,,,,,,107.45,,,,,Equity,"115,343,921.70",United States,NASDAQ,USD,1.0,USD,-
CONAGRA BRANDS INC,CAG,,,,,6094999.0,113793631.33,0.02,,,Consumer Staples,,IVV,2026-02-27,,,,,,,,18.67,,,,,Equity,"113,793,631.33",United States,NYSE,USD,1.0,USD,-
SKYWORKS SOLUTIONS INC,SWKS,,,,,1893769.0,113285261.58,0.01,,,Information Technology,,IVV,2026-02-27,,,,,,,,59.82,,,,,Equity,"113,285,261.58",United States,NASDAQ,USD,1.0,USD,-
BXP INC,BXP,,,,,1877724.0,113226757.2,0.01,,,Real Estate,,IVV,2026-02-27,,,,,,,,60.30,,,,,Equity,"113,226,757.20",United States,NYSE,USD,1.0,USD,-
NEWS CORP CLASS A,NWSA,,,,,4787376.0,112886326.08,0.01,,,Communication,,IVV,2026-02-27,,,,,,,,23.58,,,,,Equity,"112,886,326.08",United States,NASDAQ,USD,1.0,USD,-
A O SMITH CORP,AOS,,,,,1442704.0,110078315.2,0.01,,,Industrials,,IVV,2026-02-27,,,,,,,,76.30,,,,,Equity,"110,078,315.20",United States,NYSE,USD,1.0,USD,-
MOSAIC,MOS,,,,,4042813.0,109075094.74,0.01,,,Materials,,IVV,2026-02-27,,,,,,,,26.98,,,,,Equity,"109,075,094.74",United States,NYSE,USD,1.0,USD,-
FEDERAL REALTY INVESTMENT TRUST RE,FRT,,,,,999041.0,107886437.59,0.01,,,Real Estate,,IVV,2026-02-27,,,,,,,,107.99,,,,,Equity,"107,886,437.59",United States,NYSE,USD,1.0,USD,-
ALEXANDRIA REAL ESTATE EQUITIES RE,ARE,,,,,1983682.0,107237848.92,0.01,,,Real Estate,,IVV,2026-02-27,,,,,,,,54.06,,,,,Equity,"107,237,848.92",United States,NYSE,USD,1.0,USD,-
FRANKLIN RESOURCES INC,BEN,,,,,3903479.0,106408837.54,0.01,,,Financials,,IVV,2026-02-27,,,,,,,,27.26,,,,,Equity,"106,408,837.54",United States,NYSE,USD,1.0,USD,-
CHARLES RIVER LABORATORIES INTERNA,CRL,,,,,626291.0,104941319.96,0.01,,,Health Care,,IVV,2026-02-27,,,,,,,,167.56,,,,,Equity,"104,941,319.96",United States,NYSE,USD,1.0,USD,-
HENRY SCHEIN INC,HSIC,,,,,1273072.0,104277327.52,0.01,,,Health Care,,IVV,2026-02-27,,,,,,,,81.91,,,,,Equity,"104,277,327.52",United States,NASDAQ,USD,1.0,USD,-
MOLSON COORS BREWING CLASS B,TAP,,,,,2153239.0,102300384.89,0.01,,,Consumer Staples,,IVV,2026-02-27,,,,,,,,47.51,,,,,Equity,"102,300,384.89",United States,NYSE,USD,1.0,USD,-
FACTSET RESEARCH SYSTEMS INC,FDS,,,,,476561.0,98467033.82,0.01,,,Financials,,IVV,2026-02-27,,,,,,,,206.62,,,,,Equity,"98,467,033.82",United States,NYSE,USD,1.0,USD,-
MOLINA HEALTHCARE INC,MOH,,,,,654053.0,95197414.15,0.01,,,Health Care,,IVV,2026-02-27,,,,,,,,145.55,,,,,Equity,"95,197,414.15",United States,NYSE,USD,1.0,USD,-
MATCH GROUP INC,MTCH,,,,,3003847.0,94260718.86,0.01,,,Communication,,IVV,2026-02-27,,,,,,,,31.38,,,,,Equity,"94,260,718.86",United States,NASDAQ,USD,1.0,USD,-
HORMEL FOODS CORP,HRL,,,,,3715243.0,94032800.33,0.01,,,Consumer Staples,,IVV,2026-02-27,,,,,,,,25.31,,,,,Equity,"94,032,800.33",United States,NYSE,USD,1.0,USD,-
FOX CORP CLASS B,FOX,,,,,1890989.0,93830874.18,0.01,,,Communication,,IVV,2026-02-27,,,,,,,,49.62,,,,,Equity,"93,830,874.18",United States,NASDAQ,USD,1.0,USD,-
MGM RESORTS INTERNATIONAL,MGM,,,,,2612785.0,92910634.6,0.01,,,Consumer Discretionary,,IVV,2026-02-27,,,,,,,,35.56,,,,,Equity,"92,910,634.60",United States,NYSE,USD,1.0,USD,-
EPAM SYSTEMS INC,EPAM,,,,,703056.0,92156580.48,0.01,,,Information Technology,,IVV,2026-02-27,,,,,,,,131.08,,,,,Equity,"92,156,580.48",United States,NYSE,USD,1.0,USD,-
POOL CORP,POOL,,,,,417435.0,89644166.25,0.01,,,Consumer Discretionary,,IVV,2026-02-27,,,,,,,,214.75,,,,,Equity,"89,644,166.25",United States,NASDAQ,USD,1.0,USD,-
CASH COLLATERAL USD SGAFT,SGAFT,,,,,89373000.0,89373000.0,0.01,,,Cash and/or Derivatives,,IVV,2026-02-27,,,,,,,,100.00,,,,,Cash Collateral and Margins,"89,373,000.00",United States,-,USD,1.0,USD,"Sep 01, 2016"
ERIE INDEMNITY CLASS A,ERIE,,,,,324031.0,87430044.42,0.01,,,Financials,,IVV,2026-02-27,,,,,,,,269.82,,,,,Equity,"87,430,044.42",United States,NASDAQ,USD,1.0,USD,-
LAMB WESTON HOLDINGS INC,LW,,,,,1770609.0,83360271.72,0.01,,,Consumer Staples,,IVV,2026-02-27,,,,,,,,47.08,,,,,Equity,"83,360,271.72",United States,NYSE,USD,1.0,USD,-
PAYCOM SOFTWARE INC,PAYC,,,,,621613.0,77024066.83,0.01,,,Industrials,,IVV,2026-02-27,,,,,,,,123.91,,,,,Equity,"77,024,066.83",United States,NYSE,USD,1.0,USD,-
DAVITA INC,DVA,,,,,449019.0,67132830.69,0.01,,,Health Care,,IVV,2026-02-27,,,,,,,,149.51,,,,,Equity,"67,132,830.69",United States,NYSE,USD,1.0,USD,-
CAMPBELL SOUP,CPB,,,,,2507414.0,66421396.86,0.01,,,Consumer Staples,,IVV,2026-02-27,,,,,,,,26.49,,,,,Equity,"66,421,396.86",United States,NASDAQ,USD,1.0,USD,-
BROWN FORMAN CORP CLASS B,BFB,,,,,2244144.0,63060446.4,0.01,,,Consumer Staples,,IVV,2026-02-27,,,,,,,,28.10,,,,,Equity,"63,060,446.40",United States,NYSE,USD,1.0,USD,-
NEWS CORP CLASS B,NWS,,,,,1585469.0,41634415.94,0.01,,,Communication,,IVV,2026-02-27,,,,,,,,26.26,,,,,Equity,"41,634,415.94",United States,NASDAQ,USD,1.0,USD,-
PARAMOUNT SKYDANCE CORP CLASS B,PSKY,,,,,3958459.0,40217943.44,0.01,,,Communication,,IVV,2026-02-27,,,,,,,,10.16,,,,,Equity,"40,217,943.44",United States,NASDAQ,USD,1.0,USD,-
S&P500 EMINI MAR 26,ESH6,,,,,3403.0,0.0,0.0,,,Cash and/or Derivatives,,IVV,2026-02-27,,,,,,,,"6,959.75",,,,,Futures,"1,184,201,462.50",-,Index And Options Market,USD,1.0,USD,-
BITCOIN,BTC,,,,,760848.7516,51955005904.61,100.0,,,-,,IBIT,2026-02-27,,,,,,,,,,,,,Alternative,"51,955,005,904.61",,,,,BTC,-
USD CASH,USD,,,,,60428.48,60428.48,0.0,,,-,,IBIT,2026-02-27,,,,,,,,,,,,,Cash,"60,428.48",,,,,USD,-
NVIDIA CORP,NVDA,,,,,17100115.0,3344098489.4,7.17,,,Information Technology,,IWM,2026-02-27,,,,,,,,195.56,,,,,Equity,"3,344,098,489.40",United States,NASDAQ,USD,1.0,USD,-
APPLE INC,AAPL,,,,,10651893.0,2921068617.39,6.27,,,Information Technology,,IWM,2026-02-27,,,,,,,,274.23,,,,,Equity,"2,921,068,617.39",United States,NASDAQ,USD,1.0,USD,-
MICROSOFT CORP,MSFT,,,,,5418780.0,2170763268.0,4.66,,,Information Technology,,IWM,2026-02-27,,,,,,,,400.60,,,,,Equity,"2,170,763,268.00",United States,NASDAQ,USD,1.0,USD,-
AMAZON COM INC,AMZN,,,,,7008786.0,1476330683.04,3.17,,,Consumer Discretionary,,IWM,2026-02-27,,,,,,,,210.64,,,,,Equity,"1,476,330,683.04",United States,NASDAQ,USD,1.0,USD,-
ALPHABET INC CLASS A,GOOGL,,,,,4247085.0,1328912896.5,2.85,,,Communication,,IWM,2026-02-27,,,,,,,,312.90,,,,,Equity,"1,328,912,896.50",United States,NASDAQ,USD,1.0,USD,-
BROADCOM INC,AVGO,,,,,3374333.0,1121324599.23,2.41,,,Information Technology,,IWM,2026-02-27,,,,,,,,332.31,,,,,Equity,"1,121,324,599.23",United States,NASDAQ,USD,1.0,USD,-
ALPHABET INC CLASS C,GOOG,,,,,3458158.0,1082507198.74,2.32,,,Communication,,IWM,2026-02-27,,,,,,,,313.03,,,,,Equity,"1,082,507,198.74",United States,NASDAQ,USD,1.0,USD,-
META PLATFORMS INC CLASS A,META,,,,,1595268.0,1042810738.92,2.24,,,Communication,,IWM,2026-02-27,,,,,,,,653.69,,,,,Equity,"1,042,810,738.92",United States,NASDAQ,USD,1.0,USD,-
TESLA INC,TSLA,,,,,2061594.0,860509335.6,1.85,,,Consumer Discretionary,,IWM,2026-02-27,,,,,,,,417.40,,,,,Equity,"860,509,335.60",United States,NASDAQ,USD,1.0,USD,-
BERKSHIRE HATHAWAY INC CLASS B,BRKB,,,,,1347596.0,665698948.04,1.43,,,Financials,,IWM,2026-02-27,,,,,,,,493.99,,,,,Equity,"665,698,948.04",United States,NYSE,USD,1.0,USD,-
ELI LILLY,LLY,,,,,585343.0,602218438.69,1.29,,,Health Care,,IWM,2026-02-27,,,,,,,,"1,028.83",,,,,Equity,"602,218,438.69",United States,NYSE,USD,1.0,USD,-
JPMORGAN CHASE & CO,JPM,,,,,1984853.0,602005914.9,1.29,,,Financials,,IWM,2026-02-27,,,,,,,,303.30,,,,,Equity,"602,005,914.90",United States,NYSE,USD,1.0,USD,-
EXXON MOBIL CORP,XOM,,,,,3086800.0,460118408.0,0.99,,,Energy,,IWM,2026-02-27,,,,,,,,149.06,,,,,Equity,"460,118,408.00",United States,NYSE,USD,1.0,USD,-
JOHNSON & JOHNSON,JNJ,,,,,1758255.0,431071378.35,0.92,,,Health Care,,IWM,2026-02-27,,,,,,,,245.17,,,,,Equity,"431,071,378.35",United States,NYSE,USD,1.0,USD,-
WALMART INC,WMT,,,,,3178802.0,399734351.5,0.86,,,Consumer Staples,,IWM,2026-02-27,,,,,,,,125.75,,,,,Equity,"399,734,351.50",United States,NASDAQ,USD,1.0,USD,-
VISA INC CLASS A,V,,,,,1229915.0,384951095.85,0.83,,,Financials,,IWM,2026-02-27,,,,,,,,312.99,,,,,Equity,"384,951,095.85",United States,NYSE,USD,1.0,USD,-
MICRON TECHNOLOGY INC,MU,,,,,816437.0,350251473.0,0.75,,,Information Technology,,IWM,2026-02-27,,,,,,,,429.00,,,,,Equity,"350,251,473.00",United States,NASDAQ,USD,1.0,USD,-
COSTCO WHOLESALE CORP,COST,,,,,324304.0,322604647.04,0.69,,,Consumer Staples,,IWM,2026-02-27,,,,,,,,994.76,,,,,Equity,"322,604,647.04",United States,NASDAQ,USD,1.0,USD,-
MASTERCARD INC CLASS A,MA,,,,,587773.0,299405688.47,0.64,,,Financials,,IWM,2026-02-27,,,,,,,,509.39,,,,,Equity,"299,405,688.47",United States,NYSE,USD,1.0,USD,-
ABBVIE INC,ABBV,,,,,1294458.0,293738409.36,0.63,,,Health Care,,IWM,2026-02-27,,,,,,,,226.92,,,,,Equity,"293,738,409.36",United States,NYSE,USD,1.0,USD,-
PROCTER & GAMBLE,PG,,,,,1714775.0,280177087.25,0.6,,,Consumer Staples,,IWM,2026-02-27,,,,,,,,163.39,,,,,Equity,"280,177,087.25",United States,NYSE,USD,1.0,USD,-
HOME DEPOT INC,HD,,,,,726876.0,272992819.32,0.59,,,Consumer Discretionary,,IWM,2026-02-27,,,,,,,,375.57,,,,,Equity,"272,992,819.32",United States,NYSE,USD,1.0,USD,-
GE AEROSPACE,GE,,,,,760140.0,260644404.6,0.56,,,Industrials,,IWM,2026-02-27,,,,,,,,342.89,,,,,Equity,"260,644,404.60",United States,NYSE,USD,1.0,USD,-
CATERPILLAR INC,CAT,,,,,338031.0,259137944.91,0.56,,,Industrials,,IWM,2026-02-27,,,,,,,,766.61,,,,,Equity,"259,137,944.91",United States,NYSE,USD,1.0,USD,-
NETFLIX INC,NFLX,,,,,3096747.0,256100976.9,0.55,,,Communication,,IWM,2026-02-27,,,,,,,,82.70,,,,,Equity,"256,100,976.90",United States,NASDAQ,USD,1.0,USD,-
CHEVRON CORP,CVX,,,,,1367740.0,251965062.8,0.54,,,Energy,,IWM,2026-02-27,,,,,,,,184.22,,,,,Equity,"251,965,062.80",United States,NYSE,USD,1.0,USD,-
BANK OF AMERICA CORP,BAC,,,,,4854534.0,250930862.46,0.54,,,Financials,,IWM,2026-02-27,,,,,,,,51.69,,,,,Equity,"250,930,862.46",United States,NYSE,USD,1.0,USD,-
ADVANCED MICRO DEVICES INC,AMD,,,,,1176817.0,248143632.62,0.53,,,Information Technology,,IWM,2026-02-27,,,,,,,,210.86,,,,,Equity,"248,143,632.62",United States,NASDAQ,USD,1.0,USD,-
APPLIED MATERIAL INC,AMAT,,,,,585551.0,231263367.45,0.5,,,Information Technology,,IWM,2026-02-27,,,,,,,,394.95,,,,,Equity,"231,263,367.45",United States,NASDAQ,USD,1.0,USD,-
CISCO SYSTEMS INC,CSCO,,,,,2909038.0,230163086.56,0.49,,,Information Technology,,IWM,2026-02-27,,,,,,,,79.12,,,,,Equity,"230,163,086.56",United States,NASDAQ,USD,1.0,USD,-
LAM RESEARCH CORP,LRCX,,,,,917790.0,228970249.2,0.49,,,Information Technology,,IWM,2026-02-27,,,,,,,,249.48,,,,,Equity,"228,970,249.20",United States,NASDAQ,USD,1.0,USD,-
COCA-COLA,KO,,,,,2842557.0,228740561.79,0.49,,,Consumer Staples,,IWM,2026-02-27,,,,,,,,80.47,,,,,Equity,"228,740,561.79",United States,NYSE,USD,1.0,USD,-
MERCK & CO INC,MRK,,,,,1841742.0,225539725.32,0.48,,,Health Care,,IWM,2026-02-27,,,,,,,,122.46,,,,,Equity,"225,539,725.32",United States,NYSE,USD,1.0,USD,-
PHILIP MORRIS INTERNATIONAL INC,PM,,,,,1138911.0,216165307.8,0.46,,,Consumer Staples,,IWM,2026-02-27,,,,,,,,189.80,,,,,Equity,"216,165,307.80",United States,NYSE,USD,1.0,USD,-
PALANTIR TECHNOLOGIES INC CLASS A,PLTR,,,,,1596052.0,214174217.88,0.46,,,Information Technology,,IWM,2026-02-27,,,,,,,,134.19,,,,,Equity,"214,174,217.88",United States,NASDAQ,USD,1.0,USD,-
WELLS FARGO,WFC,,,,,2297582.0,199338214.32,0.43,,,Financials,,IWM,2026-02-27,,,,,,,,86.76,,,,,Equity,"199,338,214.32",United States,NYSE,USD,1.0,USD,-
GOLDMAN SACHS GROUP INC,GS,,,,,214520.0,197654437.6,0.42,,,Financials,,IWM,2026-02-27,,,,,,,,921.38,,,,,Equity,"197,654,437.60",United States,NYSE,USD,1.0,USD,-
RTX CORP,RTX,,,,,978009.0,191670203.82,0.41,,,Industrials,,IWM,2026-02-27,,,,,,,,195.98,,,,,Equity,"191,670,203.82",United States,NYSE,USD,1.0,USD,-
UNITEDHEALTH GROUP INC,UNH,,,,,664329.0,188802301.8,0.41,,,Health Care,,IWM,2026-02-27,,,,,,,,284.20,,,,,Equity,"188,802,301.80",United States,NYSE,USD,1.0,USD,-
ORACLE CORP,ORCL,,,,,1230132.0,181924221.48,0.39,,,Information Technology,,IWM,2026-02-27,,,,,,,,147.89,,,,,Equity,"181,924,221.48",United States,NYSE,USD,1.0,USD,-
GE VERNOVA INC,GEV,,,,,199597.0,174848967.97,0.38,,,Industrials,,IWM,2026-02-27,,,,,,,,876.01,,,,,Equity,"174,848,967.97",United States,NYSE,USD,1.0,USD,-
LINDE PLC,LIN,,,,,343103.0,174388961.81,0.37,,,Materials,,IWM,2026-02-27,,,,,,,,508.27,,,,,Equity,"174,388,961.81",United States,NASDAQ,USD,1.0,USD,-
MCDONALDS CORP,MCD,,,,,521877.0,173790259.77,0.37,,,Consumer Discretionary,,IWM,2026-02-27,,,,,,,,333.01,,,,,Equity,"173,790,259.77",United States,NYSE,USD,1.0,USD,-
PEPSICO INC,PEP,,,,,1000396.0,169236991.32,0.36,,,Consumer Staples,,IWM,2026-02-27,,,,,,,,169.17,,,,,Equity,"169,236,991.32",United States,NASDAQ,USD,1.0,USD,-
INTERNATIONAL BUSINESS MACHINES CO,IBM,,,,,679792.0,161477791.68,0.35,,,Information Technology,,IWM,2026-02-27,,,,,,,,237.54,,,,,Equity,"161,477,791.68",United States,NYSE,USD,1.0,USD,-
VERIZON COMMUNICATIONS INC,VZ,,,,,3085832.0,151915509.36,0.33,,,Communication,,IWM,2026-02-27,,,,,,,,49.23,,,,,Equity,"151,915,509.36",United States,NYSE,USD,1.0,USD,-
AMGEN INC,AMGN,,,,,393438.0,151210026.54,0.32,,,Health Care,,IWM,2026-02-27,,,,,,,,384.33,,,,,Equity,"151,210,026.54",United States,NASDAQ,USD,1.0,USD,-
INTEL CORPORATION CORP,INTC,,,,,3221331.0,151015997.28,0.32,,,Information Technology,,IWM,2026-02-27,,,,,,,,46.88,,,,,Equity,"151,015,997.28",United States,NASDAQ,USD,1.0,USD,-
KLA CORP,KLAC,,,,,96061.0,148575627.48,0.32,,,Information Technology,,IWM,2026-02-27,,,,,,,,"1,546.68",,,,,Equity,"148,575,627.48",United States,NASDAQ,USD,1.0,USD,-
CITIGROUP INC,C,,,,,1295624.0,148141648.16,0.32,,,Financials,,IWM,2026-02-27,,,,,,,,114.34,,,,,Equity,"148,141,648.16",United States,NYSE,USD,1.0,USD,-
MORGAN STANLEY,MS,,,,,841472.0,146188930.56,0.31,,,Financials,,IWM,2026-02-27,,,,,,,,173.73,,,,,Equity,"146,188,930.56",United States,NYSE,USD,1.0,USD,-
ABBOTT LABORATORIES,ABT,,,,,1264123.0,145070755.48,0.31,,,Health Care,,IWM,2026-02-27,,,,,,,,114.76,,,,,Equity,"145,070,755.48",United States,NYSE,USD,1.0,USD,-
NEXTERA ENERGY INC,NEE,,,,,1523017.0,144854146.87,0.31,,,Utilities,,IWM,2026-02-27,,,,,,,,95.11,,,,,Equity,"144,854,146.87",United States,NYSE,USD,1.0,USD,-
TEXAS INSTRUMENT INC,TXN,,,,,663601.0,141944253.9,0.3,,,Information Technology,,IWM,2026-02-27,,,,,,,,213.90,,,,,Equity,"141,944,253.90",United States,NASDAQ,USD,1.0,USD,-
THERMO FISHER SCIENTIFIC INC,TMO,,,,,275695.0,141619007.6,0.3,,,Health Care,,IWM,2026-02-27,,,,,,,,513.68,,,,,Equity,"141,619,007.60",United States,NYSE,USD,1.0,USD,-
AT&T INC,T,,,,,5045571.0,140620063.77,0.3,,,Communication,,IWM,2026-02-27,,,,,,,,27.87,,,,,Equity,"140,620,063.77",United States,NYSE,USD,1.0,USD,-
WALT DISNEY,DIS,,,,,1322074.0,138883873.7,0.3,,,Communication,,IWM,2026-02-27,,,,,,,,105.05,,,,,Equity,"138,883,873.70",United States,NYSE,USD,1.0,USD,-
AMPHENOL CORP CLASS A,APH,,,,,890779.0,135968506.56,0.29,,,Information Technology,,IWM,2026-02-27,,,,,,,,152.64,,,,,Equity,"135,968,506.56",United States,NYSE,USD,1.0,USD,-
GILEAD SCIENCES INC,GILD,,,,,909447.0,133797842.64,0.29,,,Health Care,,IWM,2026-02-27,,,,,,,,147.12,,,,,Equity,"133,797,842.64",United States,NASDAQ,USD,1.0,USD,-
SALESFORCE INC,CRM,,,,,682641.0,130896411.75,0.28,,,Information Technology,,IWM,2026-02-27,,,,,,,,191.75,,,,,Equity,"130,896,411.75",United States,NYSE,USD,1.0,USD,-
ANALOG DEVICES INC,ADI,,,,,362487.0,130785309.6,0.28,,,Information Technology,,IWM,2026-02-27,,,,,,,,360.80,,,,,Equity,"130,785,309.60",United States,NASDAQ,USD,1.0,USD,-
INTUITIVE SURGICAL INC,ISRG,,,,,257691.0,130435453.47,0.28,,,Health Care,,IWM,2026-02-27,,,,,,,,506.17,,,,,Equity,"130,435,453.47",United States,NASDAQ,USD,1.0,USD,-
AMERICAN EXPRESS,AXP,,,,,394255.0,128956867.95,0.28,,,Financials,,IWM,2026-02-27,,,,,,,,327.09,,,,,Equity,"128,956,867.95",United States,NYSE,USD,1.0,USD,-
TJX INC,TJX,,,,,817235.0,127341557.7,0.27,,,Consumer Discretionary,,IWM,2026-02-27,,,,,,,,155.82,,,,,Equity,"127,341,557.70",United States,NYSE,USD,1.0,USD,-
BOEING,BA,,,,,545821.0,125735325.56,0.27,,,Industrials,,IWM,2026-02-27,,,,,,,,230.36,,,,,Equity,"125,735,325.56",United States,NYSE,USD,1.0,USD,-
BLACKROCK INC,BLK,,,,,111469.0,121922562.82,0.26,,,Financials,,IWM,2026-02-27,,,,,,,,"1,093.78",,,,,Equity,"121,922,562.82",United States,NYSE,USD,1.0,USD,-
CHARLES SCHWAB CORP,SCHW,,,,,1246927.0,118894489.45,0.26,,,Financials,,IWM,2026-02-27,,,,,,,,95.35,,,,,Equity,"118,894,489.45",United States,NYSE,USD,1.0,USD,-
UNION PACIFIC CORP,UNP,,,,,436955.0,115465358.75,0.25,,,Industrials,,IWM,2026-02-27,,,,,,,,264.25,,,,,Equity,"115,465,358.75",United States,NYSE,USD,1.0,USD,-
QUALCOMM INC,QCOM,,,,,789320.0,115098642.4,0.25,,,Information Technology,,IWM,2026-02-27,,,,,,,,145.82,,,,,Equity,"115,098,642.40",United States,NASDAQ,USD,1.0,USD,-
HONEYWELL INTERNATIONAL INC,HON,,,,,464261.0,112444014.2,0.24,,,Industrials,,IWM,2026-02-27,,,,,,,,242.20,,,,,Equity,"112,444,014.20",United States,NASDAQ,USD,1.0,USD,-
PFIZER INC,PFE,,,,,4148995.0,112396274.55,0.24,,,Health Care,,IWM,2026-02-27,,,,,,,,27.09,,,,,Equity,"112,396,274.55",United States,NYSE,USD,1.0,USD,-
DEERE,DE,,,,,178510.0,111320621.1,0.24,,,Industrials,,IWM,2026-02-27,,,,,,,,623.61,,,,,Equity,"111,320,621.10",United States,NYSE,USD,1.0,USD,-
LOWES COMPANIES INC,LOW,,,,,409494.0,107705111.88,0.23,,,Consumer Discretionary,,IWM,2026-02-27,,,,,,,,263.02,,,,,Equity,"107,705,111.88",United States,NYSE,USD,1.0,USD,-
UBER TECHNOLOGIES INC,UBER,,,,,1470023.0,107061775.09,0.23,,,Industrials,,IWM,2026-02-27,,,,,,,,72.83,,,,,Equity,"107,061,775.09",United States,NYSE,USD,1.0,USD,-
EATON PLC,ETN,,,,,286327.0,106951724.31,0.23,,,Industrials,,IWM,2026-02-27,,,,,,,,373.53,,,,,Equity,"106,951,724.31",United States,NYSE,USD,1.0,USD,-
WELLTOWER INC,WELL,,,,,501987.0,104538792.75,0.22,,,Real Estate,,IWM,2026-02-27,,,,,,,,208.25,,,,,Equity,"104,538,792.75",United States,NYSE,USD,1.0,USD,-
CONOCOPHILLIPS,COP,,,,,913019.0,100441220.19,0.22,,,Energy,,IWM,2026-02-27,,,,,,,,110.01,,,,,Equity,"100,441,220.19",United States,NYSE,USD,1.0,USD,-
NEWMONT,NEM,,,,,802704.0,100217594.4,0.21,,,Materials,,IWM,2026-02-27,,,,,,,,124.85,,,,,Equity,"100,217,594.40",United States,NYSE,USD,1.0,USD,-
ARISTA NETWORKS INC,ANET,,,,,753657.0,100153478.73,0.21,,,Information Technology,,IWM,2026-02-27,,,,,,,,132.89,,,,,Equity,"100,153,478.73",United States,NYSE,USD,1.0,USD,-
BOOKING HOLDINGS INC,BKNG,,,,,23767.0,98942021.0,0.21,,,Consumer Discretionary,,IWM,2026-02-27,,,,,,,,"4,163.00",,,,,Equity,"98,942,021.00",United States,NASDAQ,USD,1.0,USD,-
LOCKHEED MARTIN CORP,LMT,,,,,150579.0,97499902.5,0.21,,,Industrials,,IWM,2026-02-27,,,,,,,,647.50,,,,,Equity,"97,499,902.50",United States,NYSE,USD,1.0,USD,-
STRYKER CORP,SYK,,,,,251710.0,96664191.3,0.21,,,Health Care,,IWM,2026-02-27,,,,,,,,384.03,,,,,Equity,"96,664,191.30",United States,NYSE,USD,1.0,USD,-
DANAHER CORP,DHR,,,,,459695.0,96315296.4,0.21,,,Health Care,,IWM,2026-02-27,,,,,,,,209.52,,,,,Equity,"96,315,296.40",United States,NYSE,USD,1.0,USD,-
PROLOGIS REIT INC,PLD,,,,,677177.0,94825095.31,0.2,,,Real Estate,,IWM,2026-02-27,,,,,,,,140.03,,,,,Equity,"94,825,095.31",United States,NYSE,USD,1.0,USD,-
CAPITAL ONE FINANCIAL CORP,COF,,,,,459623.0,94585817.17,0.2,,,Financials,,IWM,2026-02-27,,,,,,,,205.79,,,,,Equity,"94,585,817.17",United States,NYSE,USD,1.0,USD,-
S&P GLOBAL INC,SPGI,,,,,221316.0,93751670.76,0.2,,,Financials,,IWM,2026-02-27,,,,,,,,423.61,,,,,Equity,"93,751,670.76",United States,NYSE,USD,1.0,USD,-
PARKER-HANNIFIN CORP,PH,,,,,92339.0,93428600.2,0.2,,,Industrials,,IWM,2026-02-27,,,,,,,,"1,011.80",,,,,Equity,"93,428,600.20",United States,NYSE,USD,1.0,USD,-
CORNING INC,GLW,,,,,570439.0,91515528.77,0.2,,,Information Technology,,IWM,2026-02-27,,,,,,,,160.43,,,,,Equity,"91,515,528.77",United States,NYSE,USD,1.0,USD,-
BRISTOL MYERS SQUIBB,BMY,,,,,1489003.0,91275883.9,0.2,,,Health Care,,IWM,2026-02-27,,,,,,,,61.30,,,,,Equity,"91,275,883.90",United States,NYSE,USD,1.0,USD,-
VERTEX PHARMACEUTICALS INC,VRTX,,,,,187687.0,90662205.35,0.19,,,Health Care,,IWM,2026-02-27,,,,,,,,483.05,,,,,Equity,"90,662,205.35",United States,NASDAQ,USD,1.0,USD,-
MEDTRONIC PLC,MDT,,,,,937987.0,90656443.55,0.19,,,Health Care,,IWM,2026-02-27,,,,,,,,96.65,,,,,Equity,"90,656,443.55",United States,NYSE,USD,1.0,USD,-
CHUBB LTD,CB,,,,,266826.0,89263970.04,0.19,,,Financials,,IWM,2026-02-27,,,,,,,,334.54,,,,,Equity,"89,263,970.04",United States,NYSE,USD,1.0,USD,-
MCKESSON CORP,MCK,,,,,91624.0,88255901.76,0.19,,,Health Care,,IWM,2026-02-27,,,,,,,,963.24,,,,,Equity,"88,255,901.76",United States,NYSE,USD,1.0,USD,-
ACCENTURE PLC CLASS A,ACN,,,,,457375.0,87587312.5,0.19,,,Information Technology,,IWM,2026-02-27,,,,,,,,191.50,,,,,Equity,"87,587,312.50",United States,NYSE,USD,1.0,USD,-
PROGRESSIVE CORP,PGR,,,,,428156.0,87575028.24,0.19,,,Financials,,IWM,2026-02-27,,,,,,,,204.54,,,,,Equity,"87,575,028.24",United States,NYSE,USD,1.0,USD,-
ALTRIA GROUP INC,MO,,,,,1230651.0,85776374.7,0.18,,,Consumer Staples,,IWM,2026-02-27,,,,,,,,69.70,,,,,Equity,"85,776,374.70",United States,NYSE,USD,1.0,USD,-
PALO ALTO NETWORKS INC,PANW,,,,,569677.0,82512016.68,0.18,,,Information Technology,,IWM,2026-02-27,,,,,,,,144.84,,,,,Equity,"82,512,016.68",United States,NASDAQ,USD,1.0,USD,-
STARBUCKS CORP,SBUX,,,,,831804.0,81458565.72,0.17,,,Consumer Discretionary,,IWM,2026-02-27,,,,,,,,97.93,,,,,Equity,"81,458,565.72",United States,NASDAQ,USD,1.0,USD,-
COMCAST CORP CLASS A,CMCSA,,,,,2645062.0,81441458.98,0.17,,,Communication,,IWM,2026-02-27,,,,,,,,30.79,,,,,Equity,"81,441,458.98",United States,NASDAQ,USD,1.0,USD,-
CME GROUP INC CLASS A,CME,,,,,262287.0,80616532.32,0.17,,,Financials,,IWM,2026-02-27,,,,,,,,307.36,,,,,Equity,"80,616,532.32",United States,NASDAQ,USD,1.0,USD,-
BOSTON SCIENTIFIC CORP,BSX,,,,,1078477.0,79246489.96,0.17,,,Health Care,,IWM,2026-02-27,,,,,,,,73.48,,,,,Equity,"79,246,489.96",United States,NYSE,USD,1.0,USD,-
ADOBE INC,ADBE,,,,,305165.0,78674588.65,0.17,,,Information Technology,,IWM,2026-02-27,,,,,,,,257.81,,,,,Equity,"78,674,588.65",United States,NASDAQ,USD,1.0,USD,-
SERVICENOW INC,NOW,,,,,754491.0,78640596.93,0.17,,,Information Technology,,IWM,2026-02-27,,,,,,,,104.23,,,,,Equity,"78,640,596.93",United States,NYSE,USD,1.0,USD,-
SOUTHERN,SO,,,,,805219.0,77236606.48,0.17,,,Utilities,,IWM,2026-02-27,,,,,,,,95.92,,,,,Equity,"77,236,606.48",United States,NYSE,USD,1.0,USD,-
T MOBILE US INC,TMUS,,,,,351778.0,76919777.48,0.17,,,Communication,,IWM,2026-02-27,,,,,,,,218.66,,,,,Equity,"76,919,777.48",United States,NASDAQ,USD,1.0,USD,-
INTUIT INC,INTU,,,,,199746.0,76149167.58,0.16,,,Information Technology,,IWM,2026-02-27,,,,,,,,381.23,,,,,Equity,"76,149,167.58",United States,NASDAQ,USD,1.0,USD,-
HOWMET AEROSPACE INC,HWM,,,,,292975.0,76068029.0,0.16,,,Industrials,,IWM,2026-02-27,,,,,,,,259.64,,,,,Equity,"76,068,029.00",United States,NYSE,USD,1.0,USD,-
TRANE TECHNOLOGIES PLC,TT,,,,,162706.0,74848014.12,0.16,,,Industrials,,IWM,2026-02-27,,,,,,,,460.02,,,,,Equity,"74,848,014.12",United States,NYSE,USD,1.0,USD,-
CONSTELLATION ENERGY CORP,CEG,,,,,228493.0,74452159.12,0.16,,,Utilities,,IWM,2026-02-27,,,,,,,,325.84,,,,,Equity,"74,452,159.12",United States,NASDAQ,USD,1.0,USD,-
APPLOVIN CORP CLASS A,APP,,,,,174086.0,73399880.18,0.16,,,Information Technology,,IWM,2026-02-27,,,,,,,,421.63,,,,,Equity,"73,399,880.18",United States,NASDAQ,USD,1.0,USD,-
DUKE ENERGY CORP,DUK,,,,,568212.0,73259573.16,0.16,,,Utilities,,IWM,2026-02-27,,,,,,,,128.93,,,,,Equity,"73,259,573.16",United States,NYSE,USD,1.0,USD,-
VERTIV HOLDINGS CLASS A,VRT,,,,,278057.0,72903764.83,0.16,,,Industrials,,IWM,2026-02-27,,,,,,,,262.19,,,,,Equity,"72,903,764.83",United States,NYSE,USD,1.0,USD,-
WESTERN DIGITAL CORP,WDC,,,,,248379.0,72265870.05,0.16,,,Information Technology,,IWM,2026-02-27,,,,,,,,290.95,,,,,Equity,"72,265,870.05",United States,NASDAQ,USD,1.0,USD,-
FREEPORT MCMORAN INC,FCX,,,,,1045676.0,71963422.32,0.15,,,Materials,,IWM,2026-02-27,,,,,,,,68.82,,,,,Equity,"71,963,422.32",United States,NYSE,USD,1.0,USD,-
NORTHROP GRUMMAN CORP,NOC,,,,,99050.0,69696532.5,0.15,,,Industrials,,IWM,2026-02-27,,,,,,,,703.65,,,,,Equity,"69,696,532.50",United States,NYSE,USD,1.0,USD,-
CVS HEALTH CORP,CVS,,,,,913337.0,69587146.03,0.15,,,Health Care,,IWM,2026-02-27,,,,,,,,76.19,,,,,Equity,"69,587,146.03",United States,NYSE,USD,1.0,USD,-
JOHNSON CONTROLS INTERNATIONAL PLC,JCI,,,,,481413.0,69559364.37,0.15,,,Industrials,,IWM,2026-02-27,,,,,,,,144.49,,,,,Equity,"69,559,364.37",United States,NYSE,USD,1.0,USD,-
EQUINIX REIT INC,EQIX,,,,,71392.0,68573443.84,0.15,,,Real Estate,,IWM,2026-02-27,,,,,,,,960.52,,,,,Equity,"68,573,443.84",United States,NASDAQ,USD,1.0,USD,-
INTERCONTINENTAL EXCHANGE INC,ICE,,,,,416981.0,66854563.73,0.14,,,Financials,,IWM,2026-02-27,,,,,,,,160.33,,,,,Equity,"66,854,563.73",United States,NYSE,USD,1.0,USD,-
WILLIAMS INC,WMB,,,,,887450.0,65644676.5,0.14,,,Energy,,IWM,2026-02-27,,,,,,,,73.97,,,,,Equity,"65,644,676.50",United States,NYSE,USD,1.0,USD,-
CROWDSTRIKE HOLDINGS INC CLASS A,CRWD,,,,,180507.0,65579998.17,0.14,,,Information Technology,,IWM,2026-02-27,,,,,,,,363.31,,,,,Equity,"65,579,998.17",United States,NASDAQ,USD,1.0,USD,-
MARSH INC,MRSH,,,,,360196.0,65231495.6,0.14,,,Financials,,IWM,2026-02-27,,,,,,,,181.10,,,,,Equity,"65,231,495.60",United States,NYSE,USD,1.0,USD,-
SANDISK CORP,SNDK,,,,,102801.0,65009296.38,0.14,,,Information Technology,,IWM,2026-02-27,,,,,,,,632.38,,,,,Equity,"65,009,296.38",United States,NASDAQ,USD,1.0,USD,-
3M,MMM,,,,,389990.0,64558944.6,0.14,,,Industrials,,IWM,2026-02-27,,,,,,,,165.54,,,,,Equity,"64,558,944.60",United States,NYSE,USD,1.0,USD,-
PNC FINANCIAL SERVICES GROUP INC,PNC,,,,,288766.0,64091613.7,0.14,,,Financials,,IWM,2026-02-27,,,,,,,,221.95,,,,,Equity,"64,091,613.70",United States,NYSE,USD,1.0,USD,-
BLACKSTONE INC,BX,,,,,541493.0,64015302.46,0.14,,,Financials,,IWM,2026-02-27,,,,,,,,118.22,,,,,Equity,"64,015,302.46",United States,NYSE,USD,1.0,USD,-
US BANCORP,USB,,,,,1141713.0,63993013.65,0.14,,,Financials,,IWM,2026-02-27,,,,,,,,56.05,,,,,Equity,"63,993,013.65",United States,NYSE,USD,1.0,USD,-
HCA HEALTHCARE INC,HCA,,,,,118326.0,63963485.82,0.14,,,Health Care,,IWM,2026-02-27,,,,,,,,540.57,,,,,Equity,"63,963,485.82",United States,NYSE,USD,1.0,USD,-
AUTOMATIC DATA PROCESSING INC,ADP,,,,,297482.0,63735518.5,0.14,,,Industrials,,IWM,2026-02-27,,,,,,,,214.25,,,,,Equity,"63,735,518.50",United States,NASDAQ,USD,1.0,USD,-
GENERAL DYNAMICS CORP,GD,,,,,184576.0,63335408.64,0.14,,,Industrials,,IWM,2026-02-27,,,,,,,,343.14,,,,,Equity,"63,335,408.64",United States,NYSE,USD,1.0,USD,-
AMERICAN TOWER REIT CORP,AMT,,,,,342135.0,62432794.8,0.13,,,Real Estate,,IWM,2026-02-27,,,,,,,,182.48,,,,,Equity,"62,432,794.80",United States,NYSE,USD,1.0,USD,-
ILLINOIS TOOL INC,ITW,,,,,213174.0,61765034.76,0.13,,,Industrials,,IWM,2026-02-27,,,,,,,,289.74,,,,,Equity,"61,765,034.76",United States,NYSE,USD,1.0,USD,-
WASTE MANAGEMENT INC,WM,,,,,270173.0,61626461.3,0.13,,,Industrials,,IWM,2026-02-27,,,,,,,,228.10,,,,,Equity,"61,626,461.30",United States,NYSE,USD,1.0,USD,-
BANK OF NEW YORK MELLON CORP,BK,,,,,509373.0,61282665.63,0.13,,,Financials,,IWM,2026-02-27,,,,,,,,120.31,,,,,Equity,"61,282,665.63",United States,NYSE,USD,1.0,USD,-
EMERSON ELECTRIC,EMR,,,,,411848.0,61134717.12,0.13,,,Industrials,,IWM,2026-02-27,,,,,,,,148.44,,,,,Equity,"61,134,717.12",United States,NYSE,USD,1.0,USD,-
UNITED PARCEL SERVICE INC CLASS B,UPS,,,,,535106.0,60921818.1,0.13,,,Industrials,,IWM,2026-02-27,,,,,,,,113.85,,,,,Equity,"60,921,818.10",United States,NYSE,USD,1.0,USD,-
QUANTA SERVICES INC,PWR,,,,,107773.0,60651411.21,0.13,,,Industrials,,IWM,2026-02-27,,,,,,,,562.77,,,,,Equity,"60,651,411.21",United States,NYSE,USD,1.0,USD,-
SHERWIN WILLIAMS,SHW,,,,,169653.0,60608534.25,0.13,,,Materials,,IWM,2026-02-27,,,,,,,,357.25,,,,,Equity,"60,608,534.25",United States,NYSE,USD,1.0,USD,-
SYNOPSYS INC,SNPS,,,,,134858.0,60574167.86,0.13,,,Information Technology,,IWM,2026-02-27,,,,,,,,449.17,,,,,Equity,"60,574,167.86",United States,NASDAQ,USD,1.0,USD,-
CADENCE DESIGN SYSTEMS INC,CDNS,,,,,199578.0,60240623.52,0.13,,,Information Technology,,IWM,2026-02-27,,,,,,,,301.84,,,,,Equity,"60,240,623.52",United States,NASDAQ,USD,1.0,USD,-
FEDEX CORP,FDX,,,,,156150.0,59741428.5,0.13,,,Industrials,,IWM,2026-02-27,,,,,,,,382.59,,,,,Equity,"59,741,428.50",United States,NYSE,USD,1.0,USD,-
CUMMINS INC,CMI,,,,,100269.0,59600896.29,0.13,,,Industrials,,IWM,2026-02-27,,,,,,,,594.41,,,,,Equity,"59,600,896.29",United States,NYSE,USD,1.0,USD,-
CRH PUBLIC LIMITED PLC,CRH,,,,,495564.0,59546970.24,0.13,,,Materials,,IWM,2026-02-27,,,,,,,,120.16,,,,,Equity,"59,546,970.24",United States,NYSE,USD,1.0,USD,-
REGENERON PHARMACEUTICALS INC,REGN,,,,,74085.0,58103383.8,0.12,,,Health Care,,IWM,2026-02-27,,,,,,,,784.28,,,,,Equity,"58,103,383.80",United States,NASDAQ,USD,1.0,USD,-
CSX CORP,CSX,,,,,1372825.0,57960671.5,0.12,,,Industrials,,IWM,2026-02-27,,,,,,,,42.22,,,,,Equity,"57,960,671.50",United States,NASDAQ,USD,1.0,USD,-
ROYAL CARIBBEAN GROUP LTD,RCL,,,,,185030.0,57914390.0,0.12,,,Consumer Discretionary,,IWM,2026-02-27,,,,,,,,313.00,,,,,Equity,"57,914,390.00",United States,NYSE,USD,1.0,USD,-
MOTOROLA SOLUTIONS INC,MSI,,,,,121937.0,57472566.21,0.12,,,Information Technology,,IWM,2026-02-27,,,,,,,,471.33,,,,,Equity,"57,472,566.21",United States,NYSE,USD,1.0,USD,-
BLK CSH FND TREASURY SL AGENCY,XTSLA,,,,,57257636.0,57257636.38,0.12,,,Cash and/or Derivatives,,IWM,2026-02-27,,,,,,,,1.00,,,,,Money Market,"57,257,636.38",United States,-,USD,1.0,USD,-
MARRIOTT INTERNATIONAL INC CLASS A,MAR,,,,,163813.0,56915188.72,0.12,,,Consumer Discretionary,,IWM,2026-02-27,,,,,,,,347.44,,,,,Equity,"56,915,188.72",United States,NASDAQ,USD,1.0,USD,-
MONDELEZ INTERNATIONAL INC CLASS A,MDLZ,,,,,946315.0,56892457.8,0.12,,,Consumer Staples,,IWM,2026-02-27,,,,,,,,60.12,,,,,Equity,"56,892,457.80",United States,NASDAQ,USD,1.0,USD,-
COLGATE-PALMOLIVE,CL,,,,,587759.0,56818662.53,0.12,,,Consumer Staples,,IWM,2026-02-27,,,,,,,,96.67,,,,,Equity,"56,818,662.53",United States,NYSE,USD,1.0,USD,-
SLB NV,SLB,,,,,1091792.0,56401974.72,0.12,,,Energy,,IWM,2026-02-27,,,,,,,,51.66,,,,,Equity,"56,401,974.72",United States,NYSE,USD,1.0,USD,-
OREILLY AUTOMOTIVE INC,ORLY,,,,,615002.0,56235782.88,0.12,,,Consumer Discretionary,,IWM,2026-02-27,,,,,,,,91.44,,,,,Equity,"56,235,782.88",United States,NASDAQ,USD,1.0,USD,"Jan 01, 1970"
GENERAL MOTORS,GM,,,,,681043.0,56138374.49,0.12,,,Consumer Discretionary,,IWM,2026-02-27,,,,,,,,82.43,,,,,Equity,"56,138,374.49",United States,NYSE,USD,1.0,USD,-
ECOLAB INC,ECL,,,,,182241.0,55860511.32,0.12,,,Materials,,IWM,2026-02-27,,,,,,,,306.52,,,,,Equity,"55,860,511.32",United States,NYSE,USD,1.0,USD,-
CIGNA,CI,,,,,191941.0,54595698.04,0.12,,,Health Care,,IWM,2026-02-27,,,,,,,,284.44,,,,,Equity,"54,595,698.04",United States,NYSE,USD,1.0,USD,-
ELEVANCE HEALTH INC,ELV,,,,,162392.0,53672179.92,0.12,,,Health Care,,IWM,2026-02-27,,,,,,,,330.51,,,,,Equity,"53,672,179.92",United States,NYSE,USD,1.0,USD,-
NIKE INC CLASS B,NKE,,,,,845360.0,53595824.0,0.11,,,Consumer Discretionary,,IWM,2026-02-27,,,,,,,,63.40,,,,,Equity,"53,595,824.00",United States,NYSE,USD,1.0,USD,-
MOODYS CORP,MCO,,,,,113570.0,52624930.9,0.11,,,Financials,,IWM,2026-02-27,,,,,,,,463.37,,,,,Equity,"52,624,930.90",United States,NYSE,USD,1.0,USD,-
TRANSDIGM GROUP INC,TDG,,,,,40386.0,52304716.32,0.11,,,Industrials,,IWM,2026-02-27,,,,,,,,"1,295.12",,,,,Equity,"52,304,716.32",United States,NYSE,USD,1.0,USD,-
HILTON WORLDWIDE HOLDINGS INC,HLT,,,,,166502.0,52173401.7,0.11,,,Consumer Discretionary,,IWM,2026-02-27,,,,,,,,313.35,,,,,Equity,"52,173,401.70",United States,NYSE,USD,1.0,USD,-
SPOTIFY TECHNOLOGY SA,SPOT,,,,,112244.0,52000400.32,0.11,,,Communication,,IWM,2026-02-27,,,,,,,,463.28,,,,,Equity,"52,000,400.32",Sweden,NYSE,USD,1.0,USD,-
AMERICAN ELECTRIC POWER INC,AEP,,,,,391014.0,51793714.44,0.11,,,Utilities,,IWM,2026-02-27,,,,,,,,132.46,,,,,Equity,"51,793,714.44",United States,NASDAQ,USD,1.0,USD,-
NORFOLK SOUTHERN CORP,NSC,,,,,164765.0,51381965.25,0.11,,,Industrials,,IWM,2026-02-27,,,,,,,,311.85,,,,,Equity,"51,381,965.25",United States,NYSE,USD,1.0,USD,-
MARVELL TECHNOLOGY INC,MRVL,,,,,630752.0,51040451.84,0.11,,,Information Technology,,IWM,2026-02-27,,,,,,,,80.92,,,,,Equity,"51,040,451.84",United States,NASDAQ,USD,1.0,USD,-
AON PLC CLASS A,AON,,,,,153443.0,49816804.38,0.11,,,Financials,,IWM,2026-02-27,,,,,,,,324.66,,,,,Equity,"49,816,804.38",United States,NYSE,USD,1.0,USD,-
TRAVELERS COMPANIES INC,TRV,,,,,162492.0,49521061.92,0.11,,,Financials,,IWM,2026-02-27,,,,,,,,304.76,,,,,Equity,"49,521,061.92",United States,NYSE,USD,1.0,USD,-
CINTAS CORP,CTAS,,,,,251393.0,49469114.54,0.11,,,Industrials,,IWM,2026-02-27,,,,,,,,196.78,,,,,Equity,"49,469,114.54",United States,NASDAQ,USD,1.0,USD,-
WARNER BROS. DISCOVERY INC SERIES,WBD,,,,,1697014.0,49043704.6,0.11,,,Communication,,IWM,2026-02-27,,,,,,,,28.90,,,,,Equity,"49,043,704.60",United States,NASDAQ,USD,1.0,USD,-
EOG RESOURCES INC,EOG,,,,,398187.0,48777907.5,0.1,,,Energy,,IWM,2026-02-27,,,,,,,,122.50,,,,,Equity,"48,777,907.50",United States,NYSE,USD,1.0,USD,-
CENCORA INC,COR,,,,,133892.0,48606812.76,0.1,,,Health Care,,IWM,2026-02-27,,,,,,,,363.03,,,,,Equity,"48,606,812.76",United States,NYSE,USD,1.0,USD,-
KKR AND CO INC,KKR,,,,,493914.0,47726909.82,0.1,,,Financials,,IWM,2026-02-27,,,,,,,,96.63,,,,,Equity,"47,726,909.82",United States,NYSE,USD,1.0,USD,-
SIMON PROPERTY GROUP REIT INC,SPG,,,,,237159.0,47666587.41,0.1,,,Real Estate,,IWM,2026-02-27,,,,,,,,200.99,,,,,Equity,"47,666,587.41",United States,NYSE,USD,1.0,USD,-
TRUIST FINANCIAL CORP,TFC,,,,,939850.0,47528214.5,0.1,,,Financials,,IWM,2026-02-27,,,,,,,,50.57,,,,,Equity,"47,528,214.50",United States,NYSE,USD,1.0,USD,-
ROSS STORES INC,ROST,,,,,234530.0,47264830.9,0.1,,,Consumer Discretionary,,IWM,2026-02-27,,,,,,,,201.53,,,,,Equity,"47,264,830.90",United States,NASDAQ,USD,1.0,USD,-
PACCAR INC,PCAR,,,,,375635.0,46796608.3,0.1,,,Industrials,,IWM,2026-02-27,,,,,,,,124.58,,,,,Equity,"46,796,608.30",United States,NASDAQ,USD,1.0,USD,-
BAKER HUGHES CLASS A,BKR,,,,,721162.0,46738509.22,0.1,,,Energy,,IWM,2026-02-27,,,,,,,,64.81,,,,,Equity,"46,738,509.22",United States,NASDAQ,USD,1.0,USD,-
L3HARRIS TECHNOLOGIES INC,LHX,,,,,136586.0,46582655.3,0.1,,,Industrials,,IWM,2026-02-27,,,,,,,,341.05,,,,,Equity,"46,582,655.30",United States,NYSE,USD,1.0,USD,-
KINDER MORGAN INC,KMI,,,,,1414107.0,46340286.39,0.1,,,Energy,,IWM,2026-02-27,,,,,,,,32.77,,,,,Equity,"46,340,286.39",United States,NYSE,USD,1.0,USD,-
ANGLOGOLD ASHANTI PLC,AU,,,,,369504.0,46003248.0,0.1,,,Materials,,IWM,2026-02-27,,,,,,,,124.50,,,,,Equity,"46,003,248.00",South Africa,NYSE,USD,1.0,USD,-
AIR PRODUCTS AND CHEMICALS INC,APD,,,,,161893.0,45378607.9,0.1,,,Materials,,IWM,2026-02-27,,,,,,,,280.30,,,,,Equity,"45,378,607.90",United States,NYSE,USD,1.0,USD,-
DOORDASH INC CLASS A,DASH,,,,,262037.0,45348123.22,0.1,,,Consumer Discretionary,,IWM,2026-02-27,,,,,,,,173.06,,,,,Equity,"45,348,123.22",United States,NASDAQ,USD,1.0,USD,-
SEMPRA,SRE,,,,,477527.0,45126301.5,0.1,,,Utilities,,IWM,2026-02-27,,,,,,,,94.50,,,,,Equity,"45,126,301.50",United States,NYSE,USD,1.0,USD,-
DIGITAL REALTY TRUST REIT INC,DLR,,,,,251177.0,45108877.43,0.1,,,Real Estate,,IWM,2026-02-27,,,,,,,,179.59,,,,,Equity,"45,108,877.43",United States,NYSE,USD,1.0,USD,-
PHILLIPS,PSX,,,,,296457.0,45034782.87,0.1,,,Energy,,IWM,2026-02-27,,,,,,,,151.91,,,,,Equity,"45,034,782.87",United States,NYSE,USD,1.0,USD,-
AUTOZONE INC,AZO,,,,,12210.0,44832922.2,0.1,,,Consumer Discretionary,,IWM,2026-02-27,,,,,,,,"3,671.82",,,,,Equity,"44,832,922.20",United States,NYSE,USD,1.0,USD,-
VALERO ENERGY CORP,VLO,,,,,221915.0,44303110.6,0.1,,,Energy,,IWM,2026-02-27,,,,,,,,199.64,,,,,Equity,"44,303,110.60",United States,NYSE,USD,1.0,USD,-
REALTY INCOME REIT CORP,O,,,,,668469.0,44112269.31,0.09,,,Real Estate,,IWM,2026-02-27,,,,,,,,65.99,,,,,Equity,"44,112,269.31",United States,NYSE,USD,1.0,USD,-
MARATHON PETROLEUM CORP,MPC,,,,,223891.0,43831141.07,0.09,,,Energy,,IWM,2026-02-27,,,,,,,,195.77,,,,,Equity,"43,831,141.07",United States,NYSE,USD,1.0,USD,-
VISTRA CORP,VST,,,,,247374.0,43379504.64,0.09,,,Utilities,,IWM,2026-02-27,,,,,,,,175.36,,,,,Equity,"43,379,504.64",United States,NYSE,USD,1.0,USD,-
MONSTER BEVERAGE CORP,MNST,,,,,507521.0,43347368.61,0.09,,,Consumer Staples,,IWM,2026-02-27,,,,,,,,85.41,,,,,Equity,"43,347,368.61",United States,NASDAQ,USD,1.0,USD,-
ZOETIS INC CLASS A,ZTS,,,,,326658.0,42122549.1,0.09,,,Health Care,,IWM,2026-02-27,,,,,,,,128.95,,,,,Equity,"42,122,549.10",United States,NYSE,USD,1.0,USD,-
ROBINHOOD MARKETS INC CLASS A,HOOD,,,,,540225.0,41883644.25,0.09,,,Financials,,IWM,2026-02-27,,,,,,,,77.53,,,,,Equity,"41,883,644.25",United States,NASDAQ,USD,1.0,USD,-
MONOLITHIC POWER SYSTEMS INC,MPWR,,,,,33656.0,41462509.2,0.09,,,Information Technology,,IWM,2026-02-27,,,,,,,,"1,231.95",,,,,Equity,"41,462,509.20",United States,NASDAQ,USD,1.0,USD,-
AIRBNB INC CLASS A,ABNB,,,,,311091.0,41070233.82,0.09,,,Consumer Discretionary,,IWM,2026-02-27,,,,,,,,132.02,,,,,Equity,"41,070,233.82",United States,NASDAQ,USD,1.0,USD,-
FORD MOTOR CO,F,,,,,2840896.0,40994129.28,0.09,,,Consumer Discretionary,,IWM,2026-02-27,,,,,,,,14.43,,,,,Equity,"40,994,129.28",United States,NYSE,USD,1.0,USD,-
NU HOLDINGS LTD CLASS A,NU,,,,,2437255.0,40580295.75,0.09,,,Financials,,IWM,2026-02-27,,,,,,,,16.65,,,,,Equity,"40,580,295.75",Brazil,NYSE,USD,1.0,USD,-
SNOWFLAKE INC,SNOW,,,,,239688.0,40557606.48,0.09,,,Information Technology,,IWM,2026-02-27,,,,,,,,169.21,,,,,Equity,"40,557,606.48",United States,NYSE,USD,1.0,USD,-
ALLSTATE CORP,ALL,,,,,192859.0,40371174.47,0.09,,,Financials,,IWM,2026-02-27,,,,,,,,209.33,,,,,Equity,"40,371,174.47",United States,NYSE,USD,1.0,USD,-
ARTHUR J GALLAGHER,AJG,,,,,184505.0,40246075.65,0.09,,,Financials,,IWM,2026-02-27,,,,,,,,218.13,,,,,Equity,"40,246,075.65",United States,NYSE,USD,1.0,USD,-
UNITED RENTALS INC,URI,,,,,46760.0,39954549.6,0.09,,,Industrials,,IWM,2026-02-27,,,,,,,,854.46,,,,,Equity,"39,954,549.60",United States,NYSE,USD,1.0,USD,-
AFLAC INC,AFL,,,,,354277.0,39834905.88,0.09,,,Financials,,IWM,2026-02-27,,,,,,,,112.44,,,,,Equity,"39,834,905.88",United States,NYSE,USD,1.0,USD,-
DOMINION ENERGY INC,D,,,,,624897.0,39724702.29,0.09,,,Utilities,,IWM,2026-02-27,,,,,,,,63.57,,,,,Equity,"39,724,702.29",United States,NYSE,USD,1.0,USD,-
CARDINAL HEALTH INC,CAH,,,,,173867.0,39325238.06,0.08,,,Health Care,,IWM,2026-02-27,,,,,,,,226.18,,,,,Equity,"39,325,238.06",United States,NYSE,USD,1.0,USD,-
CLOUDFLARE INC CLASS A,NET,,,,,228859.0,39317976.2,0.08,,,Information Technology,,IWM,2026-02-27,,,,,,,,171.80,,,,,Equity,"39,317,976.20",United States,NYSE,USD,1.0,USD,-
TERADYNE INC,TER,,,,,114314.0,39189125.48,0.08,,,Information Technology,,IWM,2026-02-27,,,,,,,,342.82,,,,,Equity,"39,189,125.48",United States,NASDAQ,USD,1.0,USD,-
AMETEK INC,AME,,,,,167545.0,39041335.9,0.08,,,Industrials,,IWM,2026-02-27,,,,,,,,233.02,,,,,Equity,"39,041,335.90",United States,NYSE,USD,1.0,USD,-
CORTEVA INC,CTVA,,,,,497623.0,38650378.41,0.08,,,Materials,,IWM,2026-02-27,,,,,,,,77.67,,,,,Equity,"38,650,378.41",United States,NYSE,USD,1.0,USD,-
IDEXX LABORATORIES INC,IDXX,,,,,58742.0,38615815.96,0.08,,,Health Care,,IWM,2026-02-27,,,,,,,,657.38,,,,,Equity,"38,615,815.96",United States,NASDAQ,USD,1.0,USD,-
TARGET CORP,TGT,,,,,330579.0,38492618.76,0.08,,,Consumer Staples,,IWM,2026-02-27,,,,,,,,116.44,,,,,Equity,"38,492,618.76",United States,NYSE,USD,1.0,USD,-
USD CASH,USD,,,,,37922147.0,37922147.35,0.08,,,Cash and/or Derivatives,,IWM,2026-02-27,,,,,,,,100.00,,,,,Cash,"37,922,147.35",United States,-,USD,1.0,USD,-
KEYSIGHT TECHNOLOGIES INC,KEYS,,,,,125139.0,37814503.02,0.08,,,Information Technology,,IWM,2026-02-27,,,,,,,,302.18,,,,,Equity,"37,814,503.02",United States,NYSE,USD,1.0,USD,-
BECTON DICKINSON,BDX,,,,,208136.0,37664290.56,0.08,,,Health Care,,IWM,2026-02-27,,,,,,,,180.96,,,,,Equity,"37,664,290.56",United States,NYSE,USD,1.0,USD,-
ONEOK INC,OKE,,,,,455709.0,37495736.52,0.08,,,Energy,,IWM,2026-02-27,,,,,,,,82.28,,,,,Equity,"37,495,736.52",United States,NYSE,USD,1.0,USD,-
FASTENAL,FAST,,,,,835170.0,37273637.1,0.08,,,Industrials,,IWM,2026-02-27,,,,,,,,44.63,,,,,Equity,"37,273,637.10",United States,NASDAQ,USD,1.0,USD,-
LUMENTUM HOLDINGS INC,LITE,,,,,51445.0,37214798.55,0.08,,,Information Technology,,IWM,2026-02-27,,,,,,,,723.39,,,,,Equity,"37,214,798.55",United States,NASDAQ,USD,1.0,USD,-
ELECTRONIC ARTS INC,EA,,,,,183201.0,37002937.98,0.08,,,Communication,,IWM,2026-02-27,,,,,,,,201.98,,,,,Equity,"37,002,937.98",United States,NASDAQ,USD,1.0,USD,-
COMFORT SYSTEMS USA INC,FIX,,,,,25304.0,36705982.4,0.08,,,Industrials,,IWM,2026-02-27,,,,,,,,"1,450.60",,,,,Equity,"36,705,982.40",United States,NYSE,USD,1.0,USD,-
FERGUSON ENTERPRISES INC,FERG,,,,,140831.0,36709008.46,0.08,,,Industrials,,IWM,2026-02-27,,,,,,,,260.66,,,,,Equity,"36,709,008.46",United States,NYSE,USD,1.0,USD,-
CIENA CORP,CIEN,,,,,102609.0,36254837.97,0.08,,,Information Technology,,IWM,2026-02-27,,,,,,,,353.33,,,,,Equity,"36,254,837.97",United States,NYSE,USD,1.0,USD,-
FORTINET INC,FTNT,,,,,466334.0,36070934.9,0.08,,,Information Technology,,IWM,2026-02-27,,,,,,,,77.35,,,,,Equity,"36,070,934.90",United States,NASDAQ,USD,1.0,USD,-
CHIPOTLE MEXICAN GRILL INC,CMG,,,,,961028.0,36038550.0,0.08,,,Consumer Discretionary,,IWM,2026-02-27,,,,,,,,37.50,,,,,Equity,"36,038,550.00",United States,NYSE,USD,1.0,USD,-
XCEL ENERGY INC,XEL,,,,,431211.0,36027679.05,0.08,,,Utilities,,IWM,2026-02-27,,,,,,,,83.55,,,,,Equity,"36,027,679.05",United States,NASDAQ,USD,1.0,USD,-
WW GRAINGER INC,GWW,,,,,32212.0,35986602.16,0.08,,,Industrials,,IWM,2026-02-27,,,,,,,,"1,117.18",,,,,Equity,"35,986,602.16",United States,NYSE,USD,1.0,USD,-
TARGA RESOURCES CORP,TRGP,,,,,156196.0,35946947.44,0.08,,,Energy,,IWM,2026-02-27,,,,,,,,230.14,,,,,Equity,"35,946,947.44",United States,NYSE,USD,1.0,USD,-
EXELON CORP,EXC,,,,,735741.0,35830586.7,0.08,,,Utilities,,IWM,2026-02-27,,,,,,,,48.70,,,,,Equity,"35,830,586.70",United States,NASDAQ,USD,1.0,USD,-
CARRIER GLOBAL CORP,CARR,,,,,577989.0,35546323.5,0.08,,,Industrials,,IWM,2026-02-27,,,,,,,,61.50,,,,,Equity,"35,546,323.50",United States,NYSE,USD,1.0,USD,-
APOLLO GLOBAL MANAGEMENT INC,APO,,,,,301600.0,35350536.0,0.08,,,Financials,,IWM,2026-02-27,,,,,,,,117.21,,,,,Equity,"35,350,536.00",United States,NYSE,USD,1.0,USD,-
AUTODESK INC,ADSK,,,,,155797.0,35024723.57,0.08,,,Information Technology,,IWM,2026-02-27,,,,,,,,224.81,,,,,Equity,"35,024,723.57",United States,NASDAQ,USD,1.0,USD,-
EDWARDS LIFESCIENCES CORP,EW,,,,,418560.0,34907904.0,0.07,,,Health Care,,IWM,2026-02-27,,,,,,,,83.40,,,,,Equity,"34,907,904.00",United States,NYSE,USD,1.0,USD,-
ENTERGY CORP,ETR,,,,,325334.0,34569990.84,0.07,,,Utilities,,IWM,2026-02-27,,,,,,,,106.26,,,,,Equity,"34,569,990.84",United States,NYSE,USD,1.0,USD,-
PUBLIC STORAGE REIT,PSA,,,,,115401.0,34545289.35,0.07,,,Real Estate,,IWM,2026-02-27,,,,,,,,299.35,,,,,Equity,"34,545,289.35",United States,NYSE,USD,1.0,USD,-
CHENIERE ENERGY INC,LNG,,,,,155555.0,34327877.4,0.07,,,Energy,,IWM,2026-02-27,,,,,,,,220.68,,,,,Equity,"34,327,877.40",United States,NYSE,USD,1.0,USD,-
FIFTH THIRD BANCORP,FITB,,,,,658332.0,33943597.92,0.07,,,Financials,,IWM,2026-02-27,,,,,,,,51.56,,,,,Equity,"33,943,597.92",United States,NASDAQ,USD,1.0,USD,-
YUM BRANDS INC,YUM,,,,,202729.0,33496912.67,0.07,,,Consumer Discretionary,,IWM,2026-02-27,,,,,,,,165.23,,,,,Equity,"33,496,912.67",United States,NYSE,USD,1.0,USD,-
ROCKWELL AUTOMATION INC,ROK,,,,,82523.0,33205604.74,0.07,,,Industrials,,IWM,2026-02-27,,,,,,,,402.38,,,,,Equity,"33,205,604.74",United States,NYSE,USD,1.0,USD,-
DELTA AIR LINES INC,DAL,,,,,477244.0,33111188.72,0.07,,,Industrials,,IWM,2026-02-27,,,,,,,,69.38,,,,,Equity,"33,111,188.72",United States,NYSE,USD,1.0,USD,-
CARVANA CLASS A,CVNA,,,,,98687.0,33049289.43,0.07,,,Consumer Discretionary,,IWM,2026-02-27,,,,,,,,334.89,,,,,Equity,"33,049,289.43",United States,NYSE,USD,1.0,USD,-
REPUBLIC SERVICES INC,RSG,,,,,147330.0,32646854.7,0.07,,,Industrials,,IWM,2026-02-27,,,,,,,,221.59,,,,,Equity,"32,646,854.70",United States,NYSE,USD,1.0,USD,-
AMERIPRISE FINANCE INC,AMP,,,,,68020.0,32530565.0,0.07,,,Financials,,IWM,2026-02-27,,,,,,,,478.25,,,,,Equity,"32,530,565.00",United States,NYSE,USD,1.0,USD,-
AMERICAN INTERNATIONAL GROUP INC,AIG,,,,,404332.0,32407209.8,0.07,,,Financials,,IWM,2026-02-27,,,,,,,,80.15,,,,,Equity,"32,407,209.80",United States,NYSE,USD,1.0,USD,-
WESTINGHOUSE AIR BRAKE TECHNOLOGIE,WAB,,,,,123317.0,32408940.77,0.07,,,Industrials,,IWM,2026-02-27,,,,,,,,262.81,,,,,Equity,"32,408,940.77",United States,NYSE,USD,1.0,USD,-
PAYPAL HOLDINGS INC,PYPL,,,,,683947.0,32364372.04,0.07,,,Financials,,IWM,2026-02-27,,,,,,,,47.32,,,,,Equity,"32,364,372.04",United States,NASDAQ,USD,1.0,USD,-
CBRE GROUP INC CLASS A,CBRE,,,,,216353.0,31855815.72,0.07,,,Real Estate,,IWM,2026-02-27,,,,,,,,147.24,,,,,Equity,"31,855,815.72",United States,NYSE,USD,1.0,USD,-
SYSCO CORP,SYY,,,,,352879.0,31452105.27,0.07,,,Consumer Staples,,IWM,2026-02-27,,,,,,,,89.13,,,,,Equity,"31,452,105.27",United States,NYSE,USD,1.0,USD,-
PUBLIC SERVICE ENTERPRISE GROUP IN,PEG,,,,,364664.0,31350164.08,0.07,,,Utilities,,IWM,2026-02-27,,,,,,,,85.97,,,,,Equity,"31,350,164.08",United States,NYSE,USD,1.0,USD,-
ROBLOX CORP CLASS A,RBLX,,,,,452790.0,30821415.3,0.07,,,Communication,,IWM,2026-02-27,,,,,,,,68.07,,,,,Equity,"30,821,415.30",United States,NYSE,USD,1.0,USD,-
METLIFE INC,MET,,,,,409178.0,30815195.18,0.07,,,Financials,,IWM,2026-02-27,,,,,,,,75.31,,,,,Equity,"30,815,195.18",United States,NYSE,USD,1.0,USD,-
D R HORTON INC,DHI,,,,,193993.0,30546137.78,0.07,,,Consumer Discretionary,,IWM,2026-02-27,,,,,,,,157.46,,,,,Equity,"30,546,137.78",United States,NYSE,USD,1.0,USD,-
COHERENT CORP,COHR,,,,,113500.0,30406650.0,0.07,,,Information Technology,,IWM,2026-02-27,,,,,,,,267.90,,,,,Equity,"30,406,650.00",United States,NYSE,USD,1.0,USD,-
ALNYLAM PHARMACEUTICALS INC,ALNY,,,,,92536.0,30292584.96,0.06,,,Health Care,,IWM,2026-02-27,,,,,,,,327.36,,,,,Equity,"30,292,584.96",United States,NASDAQ,USD,1.0,USD,-
PG&E CORP,PCG,,,,,1608838.0,30004828.7,0.06,,,Utilities,,IWM,2026-02-27,,,,,,,,18.65,,,,,Equity,"30,004,828.70",United States,NYSE,USD,1.0,USD,-
COINBASE GLOBAL INC CLASS A,COIN,,,,,162679.0,29923175.26,0.06,,,Financials,,IWM,2026-02-27,,,,,,,,183.94,,,,,Equity,"29,923,175.26",United States,NASDAQ,USD,1.0,USD,-
GARMIN LTD,GRMN,,,,,118530.0,29868374.7,0.06,,,Consumer Discretionary,,IWM,2026-02-27,,,,,,,,251.99,,,,,Equity,"29,868,374.70",United States,NYSE,USD,1.0,USD,-
KROGER,KR,,,,,441047.0,29810366.73,0.06,,,Consumer Staples,,IWM,2026-02-27,,,,,,,,67.59,,,,,Equity,"29,810,366.73",United States,NYSE,USD,1.0,USD,-
MSCI INC,MSCI,,,,,53156.0,29600981.72,0.06,,,Financials,,IWM,2026-02-27,,,,,,,,556.87,,,,,Equity,"29,600,981.72",United States,NYSE,USD,1.0,USD,-
VENTAS REIT INC,VTR,,,,,341810.0,29535802.1,0.06,,,Real Estate,,IWM,2026-02-27,,,,,,,,86.41,,,,,Equity,"29,535,802.10",United States,NYSE,USD,1.0,USD,-
VULCAN MATERIALS,VMC,,,,,96473.0,29475395.69,0.06,,,Materials,,IWM,2026-02-27,,,,,,,,305.53,,,,,Equity,"29,475,395.69",United States,NYSE,USD,1.0,USD,-
MARTIN MARIETTA MATERIALS INC,MLM,,,,,43616.0,29366216.64,0.06,,,Materials,,IWM,2026-02-27,,,,,,,,673.29,,,,,Equity,"29,366,216.64",United States,NYSE,USD,1.0,USD,-
NUCOR CORP,NUE,,,,,167047.0,29313407.56,0.06,,,Materials,,IWM,2026-02-27,,,,,,,,175.48,,,,,Equity,"29,313,407.56",United States,NYSE,USD,1.0,USD,-
MICROCHIP TECHNOLOGY INC,MCHP,,,,,387079.0,29212852.13,0.06,,,Information Technology,,IWM,2026-02-27,,,,,,,,75.47,,,,,Equity,"29,212,852.13",United States,NASDAQ,USD,1.0,USD,-
CONSOLIDATED EDISON INC,ED,,,,,262156.0,29099316.0,0.06,,,Utilities,,IWM,2026-02-27,,,,,,,,111.00,,,,,Equity,"29,099,316.00",United States,NYSE,USD,1.0,USD,-
HARTFORD INSURANCE GROUP INC,HIG,,,,,204592.0,28859747.52,0.06,,,Financials,,IWM,2026-02-27,,,,,,,,141.06,,,,,Equity,"28,859,747.52",United States,NYSE,USD,1.0,USD,-
DELL TECHNOLOGIES INC CLASS C,DELL,,,,,232542.0,28714286.16,0.06,,,Information Technology,,IWM,2026-02-27,,,,,,,,123.48,,,,,Equity,"28,714,286.16",United States,NYSE,USD,1.0,USD,-
EBAY INC,EBAY,,,,,334976.0,28583502.08,0.06,,,Consumer Discretionary,,IWM,2026-02-27,,,,,,,,85.33,,,,,Equity,"28,583,502.08",United States,NASDAQ,USD,1.0,USD,-
KEURIG DR PEPPER INC,KDP,,,,,941924.0,28399008.6,0.06,,,Consumer Staples,,IWM,2026-02-27,,,,,,,,30.15,,,,,Equity,"28,399,008.60",United States,NASDAQ,USD,1.0,USD,-
AXON ENTERPRISE INC,AXON,,,,,54252.0,28220805.36,0.06,,,Industrials,,IWM,2026-02-27,,,,,,,,520.18,,,,,Equity,"28,220,805.36",United States,NASDAQ,USD,1.0,USD,-
GE HEALTHCARE TECHNOLOGIES INC,GEHC,,,,,335448.0,28187695.44,0.06,,,Health Care,,IWM,2026-02-27,,,,,,,,84.03,,,,,Equity,"28,187,695.44",United States,NASDAQ,USD,1.0,USD,-
NASDAQ INC,NDAQ,,,,,330545.0,27762474.55,0.06,,,Financials,,IWM,2026-02-27,,,,,,,,83.99,,,,,Equity,"27,762,474.55",United States,NASDAQ,USD,1.0,USD,-
TAKE TWO INTERACTIVE SOFTWARE INC,TTWO,,,,,132727.0,27515634.37,0.06,,,Communication,,IWM,2026-02-27,,,,,,,,207.31,,,,,Equity,"27,515,634.37",United States,NASDAQ,USD,1.0,USD,-
WEC ENERGY GROUP INC,WEC,,,,,237694.0,27434641.48,0.06,,,Utilities,,IWM,2026-02-27,,,,,,,,115.42,,,,,Equity,"27,434,641.48",United States,NYSE,USD,1.0,USD,-
INGERSOLL RAND INC,IR,,,,,294329.0,27378483.58,0.06,,,Industrials,,IWM,2026-02-27,,,,,,,,93.02,,,,,Equity,"27,378,483.58",United States,NYSE,USD,1.0,USD,-
CROWN CASTLE INC,CCI,,,,,315543.0,27149319.72,0.06,,,Real Estate,,IWM,2026-02-27,,,,,,,,86.04,,,,,Equity,"27,149,319.72",United States,NYSE,USD,1.0,USD,-
STATE STREET CORP,STT,,,,,206229.0,27143860.98,0.06,,,Financials,,IWM,2026-02-27,,,,,,,,131.62,,,,,Equity,"27,143,860.98",United States,NYSE,USD,1.0,USD,-
ROPER TECHNOLOGIES INC,ROP,,,,,78501.0,27023184.24,0.06,,,Information Technology,,IWM,2026-02-27,,,,,,,,344.24,,,,,Equity,"27,023,184.24",United States,NASDAQ,USD,1.0,USD,-
RESMED INC,RMD,,,,,106672.0,26937880.16,0.06,,,Health Care,,IWM,2026-02-27,,,,,,,,252.53,,,,,Equity,"26,937,880.16",United States,NYSE,USD,1.0,USD,-
EQT CORP,EQT,,,,,452824.0,26888689.12,0.06,,,Energy,,IWM,2026-02-27,,,,,,,,59.38,,,,,Equity,"26,888,689.12",United States,NYSE,USD,1.0,USD,-
UNITED AIRLINES HOLDINGS INC,UAL,,,,,236762.0,26723326.94,0.06,,,Industrials,,IWM,2026-02-27,,,,,,,,112.87,,,,,Equity,"26,723,326.94",United States,NASDAQ,USD,1.0,USD,-
STRATEGY INC CLASS A,MSTR,,,,,195509.0,26520795.85,0.06,,,Information Technology,,IWM,2026-02-27,,,,,,,,135.65,,,,,Equity,"26,520,795.85",United States,NASDAQ,USD,1.0,USD,-
KIMBERLY CLARK CORP,KMB,,,,,241846.0,26412001.66,0.06,,,Consumer Staples,,IWM,2026-02-27,,,,,,,,109.21,,,,,Equity,"26,412,001.66",United States,NASDAQ,USD,1.0,USD,-
OCCIDENTAL PETROLEUM CORP,OXY,,,,,513865.0,26176283.1,0.06,,,Energy,,IWM,2026-02-27,,,,,,,,50.94,,,,,Equity,"26,176,283.10",United States,NYSE,USD,1.0,USD,-
PRUDENTIAL FINANCIAL INC,PRU,,,,,257922.0,26014012.92,0.06,,,Financials,,IWM,2026-02-27,,,,,,,,100.86,,,,,Equity,"26,014,012.92",United States,NYSE,USD,1.0,USD,-
OLD DOMINION FREIGHT LINE INC,ODFL,,,,,135531.0,25981292.7,0.06,,,Industrials,,IWM,2026-02-27,,,,,,,,191.70,,,,,Equity,"25,981,292.70",United States,NASDAQ,USD,1.0,USD,-
KENVUE INC,KVUE,,,,,1382046.0,25941003.42,0.06,,,Consumer Staples,,IWM,2026-02-27,,,,,,,,18.77,,,,,Equity,"25,941,003.42",United States,NYSE,USD,1.0,USD,-
ARCH CAPITAL GROUP LTD,ACGL,,,,,260392.0,25872549.12,0.06,,,Financials,,IWM,2026-02-27,,,,,,,,99.36,,,,,Equity,"25,872,549.12",United States,NASDAQ,USD,1.0,USD,-
AGILENT TECHNOLOGIES INC,A,,,,,207234.0,25846224.48,0.06,,,Health Care,,IWM,2026-02-27,,,,,,,,124.72,,,,,Equity,"25,846,224.48",United States,NYSE,USD,1.0,USD,-
EMCOR GROUP INC,EME,,,,,32167.0,25791500.6,0.06,,,Industrials,,IWM,2026-02-27,,,,,,,,801.80,,,,,Equity,"25,791,500.60",United States,NYSE,USD,1.0,USD,-
OTIS WORLDWIDE CORP,OTIS,,,,,287408.0,25702897.44,0.06,,,Industrials,,IWM,2026-02-27,,,,,,,,89.43,,,,,Equity,"25,702,897.44",United States,NYSE,USD,1.0,USD,-
NRG ENERGY INC,NRG,,,,,138593.0,25444288.87,0.05,,,Utilities,,IWM,2026-02-27,,,,,,,,183.59,,,,,Equity,"25,444,288.87",United States,NYSE,USD,1.0,USD,-
M&T BANK CORP,MTB,,,,,114054.0,25379296.08,0.05,,,Financials,,IWM,2026-02-27,,,,,,,,222.52,,,,,Equity,"25,379,296.08",United States,NYSE,USD,1.0,USD,-
HUNTINGTON BANCSHARES INC,HBAN,,,,,1466283.0,25337370.24,0.05,,,Financials,,IWM,2026-02-27,,,,,,,,17.28,,,,,Equity,"25,337,370.24",United States,NASDAQ,USD,1.0,USD,-
DATADOG INC CLASS A,DDOG,,,,,227878.0,25141779.74,0.05,,,Information Technology,,IWM,2026-02-27,,,,,,,,110.33,,,,,Equity,"25,141,779.74",United States,NASDAQ,USD,1.0,USD,-
CARNIVAL CORP,CCL,,,,,786089.0,24919021.3,0.05,,,Consumer Discretionary,,IWM,2026-02-27,,,,,,,,31.70,,,,,Equity,"24,919,021.30",United States,NYSE,USD,1.0,USD,-
DOLLAR GENERAL CORP,DG,,,,,160637.0,24865001.23,0.05,,,Consumer Staples,,IWM,2026-02-27,,,,,,,,154.79,,,,,Equity,"24,865,001.23",United States,NYSE,USD,1.0,USD,-
FISERV INC,FISV,,,,,396204.0,24410128.44,0.05,,,Financials,,IWM,2026-02-27,,,,,,,,61.61,,,,,Equity,"24,410,128.44",United States,NASDAQ,USD,1.0,USD,-
HERSHEY FOODS,HSY,,,,,106214.0,24390982.96,0.05,,,Consumer Staples,,IWM,2026-02-27,,,,,,,,229.64,,,,,Equity,"24,390,982.96",United States,NYSE,USD,1.0,USD,-
IRON MOUNTAIN INC,IRM,,,,,215503.0,24088925.34,0.05,,,Real Estate,,IWM,2026-02-27,,,,,,,,111.78,,,,,Equity,"24,088,925.34",United States,NYSE,USD,1.0,USD,-
TAPESTRY INC,TPR,,,,,150403.0,23601238.76,0.05,,,Consumer Discretionary,,IWM,2026-02-27,,,,,,,,156.92,,,,,Equity,"23,601,238.76",United States,NYSE,USD,1.0,USD,-
ARCHER DANIELS MIDLAND,ADM,,,,,349155.0,23550504.75,0.05,,,Consumer Staples,,IWM,2026-02-27,,,,,,,,67.45,,,,,Equity,"23,550,504.75",United States,NYSE,USD,1.0,USD,-
VICI PPTYS INC,VICI,,,,,775390.0,23447793.6,0.05,,,Real Estate,,IWM,2026-02-27,,,,,,,,30.24,,,,,Equity,"23,447,793.60",United States,NYSE,USD,1.0,USD,-
DIAMONDBACK ENERGY INC,FANG,,,,,139715.0,23439985.55,0.05,,,Energy,,IWM,2026-02-27,,,,,,,,167.77,,,,,Equity,"23,439,985.55",United States,NASDAQ,USD,1.0,USD,-
COPART INC,CPRT,,,,,643638.0,23067985.92,0.05,,,Industrials,,IWM,2026-02-27,,,,,,,,35.84,,,,,Equity,"23,067,985.92",United States,NASDAQ,USD,1.0,USD,-
INTERACTIVE BROKERS GROUP INC CLAS,IBKR,,,,,312437.0,23010985.05,0.05,,,Financials,,IWM,2026-02-27,,,,,,,,73.65,,,,,Equity,"23,010,985.05",United States,NASDAQ,USD,1.0,USD,-
TELEDYNE TECHNOLOGIES INC,TDY,,,,,33794.0,22891379.72,0.05,,,Information Technology,,IWM,2026-02-27,,,,,,,,677.38,,,,,Equity,"22,891,379.72",United States,NYSE,USD,1.0,USD,-
XYLEM INC,XYL,,,,,178129.0,22846825.54,0.05,,,Industrials,,IWM,2026-02-27,,,,,,,,128.26,,,,,Equity,"22,846,825.54",United States,NYSE,USD,1.0,USD,-
WATERS CORP,WAT,,,,,71315.0,22780863.6,0.05,,,Health Care,,IWM,2026-02-27,,,,,,,,319.44,,,,,Equity,"22,780,863.60",United States,NYSE,USD,1.0,USD,-
INSMED INC,INSM,,,,,152860.0,22716524.6,0.05,,,Health Care,,IWM,2026-02-27,,,,,,,,148.61,,,,,Equity,"22,716,524.60",United States,NASDAQ,USD,1.0,USD,-
ULTA BEAUTY INC,ULTA,,,,,32835.0,22468005.45,0.05,,,Consumer Discretionary,,IWM,2026-02-27,,,,,,,,684.27,,,,,Equity,"22,468,005.45",United States,NASDAQ,USD,1.0,USD,-
EXTRA SPACE STORAGE REIT INC,EXR,,,,,152948.0,22463472.76,0.05,,,Real Estate,,IWM,2026-02-27,,,,,,,,146.87,,,,,Equity,"22,463,472.76",United States,NYSE,USD,1.0,USD,-
FTAI AVIATION LTD,FTAI,,,,,74079.0,22374080.37,0.05,,,Industrials,,IWM,2026-02-27,,,,,,,,302.03,,,,,Equity,"22,374,080.37",United States,NASDAQ,USD,1.0,USD,-
DOVER CORP,DOV,,,,,98547.0,22343561.31,0.05,,,Industrials,,IWM,2026-02-27,,,,,,,,226.73,,,,,Equity,"22,343,561.31",United States,NYSE,USD,1.0,USD,-
FAIR ISAAC CORP,FICO,,,,,17073.0,22210948.62,0.05,,,Information Technology,,IWM,2026-02-27,,,,,,,,"1,300.94",,,,,Equity,"22,210,948.62",United States,NYSE,USD,1.0,USD,-
CBOE GLOBAL MARKETS INC,CBOE,,,,,76127.0,22173511.29,0.05,,,Financials,,IWM,2026-02-27,,,,,,,,291.27,,,,,Equity,"22,173,511.29",United States,Cboe BZX,USD,1.0,USD,-
DTE ENERGY,DTE,,,,,151341.0,22098812.82,0.05,,,Utilities,,IWM,2026-02-27,,,,,,,,146.02,,,,,Equity,"22,098,812.82",United States,NYSE,USD,1.0,USD,-
HALLIBURTON,HAL,,,,,623499.0,21990809.73,0.05,,,Energy,,IWM,2026-02-27,,,,,,,,35.27,,,,,Equity,"21,990,809.73",United States,NYSE,USD,1.0,USD,-
AMEREN CORP,AEE,,,,,196416.0,21888599.04,0.05,,,Utilities,,IWM,2026-02-27,,,,,,,,111.44,,,,,Equity,"21,888,599.04",United States,NYSE,USD,1.0,USD,-
COGNIZANT TECHNOLOGY SOLUTIONS COR,CTSH,,,,,352899.0,21643295.67,0.05,,,Information Technology,,IWM,2026-02-27,,,,,,,,61.33,,,,,Equity,"21,643,295.67",United States,NASDAQ,USD,1.0,USD,-
TEXAS PACIFIC LAND CORP,TPL,,,,,42097.0,21482099.1,0.05,,,Energy,,IWM,2026-02-27,,,,,,,,510.30,,,,,Equity,"21,482,099.10",United States,NYSE,USD,1.0,USD,-
PAYCHEX INC,PAYX,,,,,234448.0,21388691.04,0.05,,,Industrials,,IWM,2026-02-27,,,,,,,,91.23,,,,,Equity,"21,388,691.04",United States,NASDAQ,USD,1.0,USD,-
ON SEMICONDUCTOR CORP,ON,,,,,306607.0,21364375.76,0.05,,,Information Technology,,IWM,2026-02-27,,,,,,,,69.68,,,,,Equity,"21,364,375.76",United States,NASDAQ,USD,1.0,USD,-
ATMOS ENERGY CORP,ATO,,,,,116923.0,21287001.38,0.05,,,Utilities,,IWM,2026-02-27,,,,,,,,182.06,,,,,Equity,"21,287,001.38",United States,NYSE,USD,1.0,USD,-
JABIL INC,JBL,,,,,76693.0,21287676.01,0.05,,,Information Technology,,IWM,2026-02-27,,,,,,,,277.57,,,,,Equity,"21,287,676.01",United States,NYSE,USD,1.0,USD,-
ROCKET LAB CORP,RKLB,,,,,301449.0,21161719.8,0.05,,,Industrials,,IWM,2026-02-27,,,,,,,,70.20,,,,,Equity,"21,161,719.80",United States,NASDAQ,USD,1.0,USD,-
RAYMOND JAMES INC,RJF,,,,,132967.0,21053994.78,0.05,,,Financials,,IWM,2026-02-27,,,,,,,,158.34,,,,,Equity,"21,053,994.78",United States,NYSE,USD,1.0,USD,-
WORKDAY INC CLASS A,WDAY,,,,,157715.0,20999752.25,0.05,,,Information Technology,,IWM,2026-02-27,,,,,,,,133.15,,,,,Equity,"20,999,752.25",United States,NASDAQ,USD,1.0,USD,-
METTLER TOLEDO INC,MTD,,,,,15183.0,20951173.53,0.04,,,Health Care,,IWM,2026-02-27,,,,,,,,"1,379.91",,,,,Equity,"20,951,173.53",United States,NYSE,USD,1.0,USD,-
EDISON INTERNATIONAL,EIX,,,,,277770.0,20888304.0,0.04,,,Utilities,,IWM,2026-02-27,,,,,,,,75.20,,,,,Equity,"20,888,304.00",United States,NYSE,USD,1.0,USD,-
DEXCOM INC,DXCM,,,,,285258.0,20869475.28,0.04,,,Health Care,,IWM,2026-02-27,,,,,,,,73.16,,,,,Equity,"20,869,475.28",United States,NASDAQ,USD,1.0,USD,-
WILLIS TOWERS WATSON PLC,WTW,,,,,69874.0,20741398.16,0.04,,,Financials,,IWM,2026-02-27,,,,,,,,296.84,,,,,Equity,"20,741,398.16",United States,NASDAQ,USD,1.0,USD,-
CENTERPOINT ENERGY INC,CNP,,,,,478542.0,20668228.98,0.04,,,Utilities,,IWM,2026-02-27,,,,,,,,43.19,,,,,Equity,"20,668,228.98",United States,NYSE,USD,1.0,USD,-
PPL CORP,PPL,,,,,538646.0,20619368.88,0.04,,,Utilities,,IWM,2026-02-27,,,,,,,,38.28,,,,,Equity,"20,619,368.88",United States,NYSE,USD,1.0,USD,-
HUBBELL INC,HUBB,,,,,38822.0,20494133.8,0.04,,,Industrials,,IWM,2026-02-27,,,,,,,,527.90,,,,,Equity,"20,494,133.80",United States,NYSE,USD,1.0,USD,-
BIOGEN INC,BIIB,,,,,107030.0,20413831.9,0.04,,,Health Care,,IWM,2026-02-27,,,,,,,,190.73,,,,,Equity,"20,413,831.90",United States,NASDAQ,USD,1.0,USD,-
EVERSOURCE ENERGY,ES,,,,,271672.0,20353666.24,0.04,,,Utilities,,IWM,2026-02-27,,,,,,,,74.92,,,,,Equity,"20,353,666.24",United States,NYSE,USD,1.0,USD,-
PPG INDUSTRIES INC,PPG,,,,,165287.0,20350135.44,0.04,,,Materials,,IWM,2026-02-27,,,,,,,,123.12,,,,,Equity,"20,350,135.44",United States,NYSE,USD,1.0,USD,-
BLOCK INC CLASS A,XYZ,,,,,390466.0,20280804.04,0.04,,,Financials,,IWM,2026-02-27,,,,,,,,51.94,,,,,Equity,"20,280,804.04",United States,NYSE,USD,1.0,USD,-
FIRSTENERGY CORP,FE,,,,,399050.0,20207892.0,0.04,,,Utilities,,IWM,2026-02-27,,,,,,,,50.64,,,,,Equity,"20,207,892.00",United States,NYSE,USD,1.0,USD,-
ESTEE LAUDER INC CLASS A,EL,,,,,178816.0,20191902.72,0.04,,,Consumer Staples,,IWM,2026-02-27,,,,,,,,112.92,,,,,Equity,"20,191,902.72",United States,NYSE,USD,1.0,USD,-
NORTHERN TRUST CORP,NTRS,,,,,138505.0,20185718.7,0.04,,,Financials,,IWM,2026-02-27,,,,,,,,145.74,,,,,Equity,"20,185,718.70",United States,NASDAQ,USD,1.0,USD,-
TRACTOR SUPPLY,TSCO,,,,,387920.0,20082618.4,0.04,,,Consumer Discretionary,,IWM,2026-02-27,,,,,,,,51.77,,,,,Equity,"20,082,618.40",United States,NASDAQ,USD,1.0,USD,-
NATERA INC,NTRA,,,,,94425.0,20002047.75,0.04,,,Health Care,,IWM,2026-02-27,,,,,,,,211.83,,,,,Equity,"20,002,047.75",United States,NASDAQ,USD,1.0,USD,-
IQVIA HOLDINGS INC,IQV,,,,,123062.0,19924968.42,0.04,,,Health Care,,IWM,2026-02-27,,,,,,,,161.91,,,,,Equity,"19,924,968.42",United States,NYSE,USD,1.0,USD,-
CITIZENS FINANCIAL GROUP INC,CFG,,,,,315770.0,19912456.2,0.04,,,Financials,,IWM,2026-02-27,,,,,,,,63.06,,,,,Equity,"19,912,456.20",United States,NYSE,USD,1.0,USD,-
VERISK ANALYTICS INC,VRSK,,,,,101618.0,19898836.76,0.04,,,Industrials,,IWM,2026-02-27,,,,,,,,195.82,,,,,Equity,"19,898,836.76",United States,NASDAQ,USD,1.0,USD,-
HEWLETT PACKARD ENTERPRISE,HPE,,,,,953852.0,19677966.76,0.04,,,Information Technology,,IWM,2026-02-27,,,,,,,,20.63,,,,,Equity,"19,677,966.76",United States,NYSE,USD,1.0,USD,-
TECHNIPFMC PLC,FTI,,,,,296710.0,19621432.3,0.04,,,Energy,,IWM,2026-02-27,,,,,,,,66.13,,,,,Equity,"19,621,432.30",United States,NYSE,USD,1.0,USD,-
STEEL DYNAMICS INC,STLD,,,,,102164.0,19567470.92,0.04,,,Materials,,IWM,2026-02-27,,,,,,,,191.53,,,,,Equity,"19,567,470.92",United States,NASDAQ,USD,1.0,USD,-
OMNICOM GROUP INC,OMC,,,,,234165.0,19367787.15,0.04,,,Communication,,IWM,2026-02-27,,,,,,,,82.71,,,,,Equity,"19,367,787.15",United States,NYSE,USD,1.0,USD,-
CURTISS WRIGHT CORP,CW,,,,,27659.0,19325896.48,0.04,,,Industrials,,IWM,2026-02-27,,,,,,,,698.72,,,,,Equity,"19,325,896.48",United States,NYSE,USD,1.0,USD,-
PULTEGROUP INC,PHM,,,,,143248.0,19282613.28,0.04,,,Consumer Discretionary,,IWM,2026-02-27,,,,,,,,134.61,,,,,Equity,"19,282,613.28",United States,NYSE,USD,1.0,USD,-
DEVON ENERGY CORP,DVN,,,,,452254.0,19275065.48,0.04,,,Energy,,IWM,2026-02-27,,,,,,,,42.62,,,,,Equity,"19,275,065.48",United States,NYSE,USD,1.0,USD,-
SYNCHRONY FINANCIAL,SYF,,,,,262776.0,19132720.56,0.04,,,Financials,,IWM,2026-02-27,,,,,,,,72.81,,,,,Equity,"19,132,720.56",United States,NYSE,USD,1.0,USD,-
AMERICAN WATER WORKS INC,AWK,,,,,141834.0,19036959.48,0.04,,,Utilities,,IWM,2026-02-27,,,,,,,,134.22,,,,,Equity,"19,036,959.48",United States,NYSE,USD,1.0,USD,-
VEEVA SYSTEMS INC CLASS A,VEEV,,,,,107655.0,18996801.3,0.04,,,Health Care,,IWM,2026-02-27,,,,,,,,176.46,,,,,Equity,"18,996,801.30",United States,NYSE,USD,1.0,USD,-
FIDELITY NATIONAL INFORMATION SERV,FIS,,,,,386474.0,18964279.18,0.04,,,Financials,,IWM,2026-02-27,,,,,,,,49.07,,,,,Equity,"18,964,279.18",United States,NYSE,USD,1.0,USD,-
REGIONS FINANCIAL CORP,RF,,,,,653373.0,18947817.0,0.04,,,Financials,,IWM,2026-02-27,,,,,,,,29.00,,,,,Equity,"18,947,817.00",United States,NYSE,USD,1.0,USD,-
MARKEL GROUP INC,MKL,,,,,9063.0,18820588.32,0.04,,,Financials,,IWM,2026-02-27,,,,,,,,"2,076.64",,,,,Equity,"18,820,588.32",United States,NYSE,USD,1.0,USD,-
LPL FINANCIAL HOLDINGS INC,LPLA,,,,,58432.0,18608839.04,0.04,,,Financials,,IWM,2026-02-27,,,,,,,,318.47,,,,,Equity,"18,608,839.04",United States,NASDAQ,USD,1.0,USD,-
CHURCH AND DWIGHT INC,CHD,,,,,178533.0,18501374.79,0.04,,,Consumer Staples,,IWM,2026-02-27,,,,,,,,103.63,,,,,Equity,"18,501,374.79",United States,NYSE,USD,1.0,USD,-
CINCINNATI FINANCIAL CORP,CINF,,,,,112808.0,18472310.0,0.04,,,Financials,,IWM,2026-02-27,,,,,,,,163.75,,,,,Equity,"18,472,310.00",United States,NASDAQ,USD,1.0,USD,-
AVALONBAY COMMUNITIES REIT INC,AVB,,,,,103419.0,18436505.13,0.04,,,Real Estate,,IWM,2026-02-27,,,,,,,,178.27,,,,,Equity,"18,436,505.13",United States,NYSE,USD,1.0,USD,-
DOLLAR TREE INC,DLTR,,,,,143622.0,18340529.4,0.04,,,Consumer Staples,,IWM,2026-02-27,,,,,,,,127.70,,,,,Equity,"18,340,529.40",United States,NASDAQ,USD,1.0,USD,-
QNITY ELECTRONICS INC,Q,,,,,152448.0,18272417.28,0.04,,,Information Technology,,IWM,2026-02-27,,,,,,,,119.86,,,,,Equity,"18,272,417.28",United States,NYSE,USD,1.0,USD,-
CASEYS GENERAL STORES INC,CASY,,,,,26977.0,18229437.98,0.04,,,Consumer Staples,,IWM,2026-02-27,,,,,,,,675.74,,,,,Equity,"18,229,437.98",United States,NASDAQ,USD,1.0,USD,-
MONGODB INC CLASS A,MDB,,,,,57349.0,18064361.51,0.04,,,Information Technology,,IWM,2026-02-27,,,,,,,,314.99,,,,,Equity,"18,064,361.51",United States,NASDAQ,USD,1.0,USD,-
WILLIAMS SONOMA INC,WSM,,,,,86130.0,18020118.6,0.04,,,Consumer Discretionary,,IWM,2026-02-27,,,,,,,,209.22,,,,,Equity,"18,020,118.60",United States,NYSE,USD,1.0,USD,-
LIVE NATION ENTERTAINMENT INC,LYV,,,,,115905.0,17990774.1,0.04,,,Communication,,IWM,2026-02-27,,,,,,,,155.22,,,,,Equity,"17,990,774.10",United States,NYSE,USD,1.0,USD,-
EQUIFAX INC,EFX,,,,,90788.0,17986918.56,0.04,,,Industrials,,IWM,2026-02-27,,,,,,,,198.12,,,,,Equity,"17,986,918.56",United States,NYSE,USD,1.0,USD,-
STERIS,STE,,,,,71289.0,17937738.18,0.04,,,Health Care,,IWM,2026-02-27,,,,,,,,251.62,,,,,Equity,"17,937,738.18",United States,NYSE,USD,1.0,USD,-
DARDEN RESTAURANTS INC,DRI,,,,,84516.0,17922462.96,0.04,,,Consumer Discretionary,,IWM,2026-02-27,,,,,,,,212.06,,,,,Equity,"17,922,462.96",United States,NYSE,USD,1.0,USD,-
FLEX LTD,FLEX,,,,,272090.0,17868150.3,0.04,,,Information Technology,,IWM,2026-02-27,,,,,,,,65.67,,,,,Equity,"17,868,150.30",United States,NASDAQ,USD,1.0,USD,-
EXPAND ENERGY CORP,EXE,,,,,165996.0,17603875.8,0.04,,,Energy,,IWM,2026-02-27,,,,,,,,106.05,,,,,Equity,"17,603,875.80",United States,NASDAQ,USD,1.0,USD,-
COUPANG INC CLASS A,CPNG,,,,,955064.0,17534975.04,0.04,,,Consumer Discretionary,,IWM,2026-02-27,,,,,,,,18.36,,,,,Equity,"17,534,975.04",United States,NYSE,USD,1.0,USD,-
EQUITY RESIDENTIAL REIT,EQR,,,,,276158.0,17508417.2,0.04,,,Real Estate,,IWM,2026-02-27,,,,,,,,63.40,,,,,Equity,"17,508,417.20",United States,NYSE,USD,1.0,USD,-
EXPEDIA GROUP INC,EXPE,,,,,85549.0,17429753.26,0.04,,,Consumer Discretionary,,IWM,2026-02-27,,,,,,,,203.74,,,,,Equity,"17,429,753.26",United States,NASDAQ,USD,1.0,USD,-
SMURFIT WESTROCK PLC,SW,,,,,378488.0,17399093.36,0.04,,,Materials,,IWM,2026-02-27,,,,,,,,45.97,,,,,Equity,"17,399,093.36",United States,NYSE,USD,1.0,USD,-
GENERAL MILLS INC,GIS,,,,,389404.0,17344054.16,0.04,,,Consumer Staples,,IWM,2026-02-27,,,,,,,,44.54,,,,,Equity,"17,344,054.16",United States,NYSE,USD,1.0,USD,-
LABCORP HOLDINGS INC,LH,,,,,61053.0,17264567.34,0.04,,,Health Care,,IWM,2026-02-27,,,,,,,,282.78,,,,,Equity,"17,264,567.34",United States,NYSE,USD,1.0,USD,-
ROYAL GOLD INC,RGLD,,,,,59744.0,17172815.36,0.04,,,Materials,,IWM,2026-02-27,,,,,,,,287.44,,,,,Equity,"17,172,815.36",United States,NASDAQ,USD,1.0,USD,-
WOODWARD INC,WWD,,,,,43527.0,17131356.66,0.04,,,Industrials,,IWM,2026-02-27,,,,,,,,393.58,,,,,Equity,"17,131,356.66",United States,NASDAQ,USD,1.0,USD,-
SOUTHWEST AIRLINES,LUV,,,,,343195.0,17121998.55,0.04,,,Industrials,,IWM,2026-02-27,,,,,,,,49.89,,,,,Equity,"17,121,998.55",United States,NYSE,USD,1.0,USD,-
SOFI TECHNOLOGIES INC,SOFI,,,,,885188.0,17075276.52,0.04,,,Financials,,IWM,2026-02-27,,,,,,,,19.29,,,,,Equity,"17,075,276.52",United States,NASDAQ,USD,1.0,USD,-
QUEST DIAGNOSTICS INC,DGX,,,,,81978.0,17035028.4,0.04,,,Health Care,,IWM,2026-02-27,,,,,,,,207.80,,,,,Equity,"17,035,028.40",United States,NYSE,USD,1.0,USD,-
PURE STORAGE INC CLASS A,PSTG,,,,,227572.0,16740196.32,0.04,,,Information Technology,,IWM,2026-02-27,,,,,,,,73.56,,,,,Equity,"16,740,196.32",United States,NYSE,USD,1.0,USD,-
ALBEMARLE CORP,ALB,,,,,85440.0,16735132.8,0.04,,,Materials,,IWM,2026-02-27,,,,,,,,195.87,,,,,Equity,"16,735,132.80",United States,NYSE,USD,1.0,USD,-
INTERNATIONAL PAPER,IP,,,,,383106.0,16726407.96,0.04,,,Materials,,IWM,2026-02-27,,,,,,,,43.66,,,,,Equity,"16,726,407.96",United States,NYSE,USD,1.0,USD,-
CMS ENERGY CORP,CMS,,,,,218419.0,16728711.21,0.04,,,Utilities,,IWM,2026-02-27,,,,,,,,76.59,,,,,Equity,"16,728,711.21",United States,NYSE,USD,1.0,USD,-
LENNAR A CORP CLASS A,LEN,,,,,149762.0,16583146.26,0.04,,,Consumer Discretionary,,IWM,2026-02-27,,,,,,,,110.73,,,,,Equity,"16,583,146.26",United States,NYSE,USD,1.0,USD,-
UNITED THERAPEUTICS CORP,UTHR,,,,,30955.0,16564020.5,0.04,,,Health Care,,IWM,2026-02-27,,,,,,,,535.10,,,,,Equity,"16,564,020.50",United States,NASDAQ,USD,1.0,USD,-
CORPAY INC,CPAY,,,,,49799.0,16446119.75,0.04,,,Financials,,IWM,2026-02-27,,,,,,,,330.25,,,,,Equity,"16,446,119.75",United States,NYSE,USD,1.0,USD,-
XPO INC,XPO,,,,,82725.0,16420085.25,0.04,,,Industrials,,IWM,2026-02-27,,,,,,,,198.49,,,,,Equity,"16,420,085.25",United States,NYSE,USD,1.0,USD,-
COTERRA ENERGY INC,CTRA,,,,,548638.0,16404276.2,0.04,,,Energy,,IWM,2026-02-27,,,,,,,,29.90,,,,,Equity,"16,404,276.20",United States,NYSE,USD,1.0,USD,-
VERALTO CORP,VLTO,,,,,173402.0,16363946.74,0.04,,,Industrials,,IWM,2026-02-27,,,,,,,,94.37,,,,,Equity,"16,363,946.74",United States,NYSE,USD,1.0,USD,-
CONSTELLATION BRANDS INC CLASS A,STZ,,,,,105294.0,16333205.28,0.04,,,Consumer Staples,,IWM,2026-02-27,,,,,,,,155.12,,,,,Equity,"16,333,205.28",United States,NYSE,USD,1.0,USD,-
ARES MANAGEMENT CORP CLASS A,ARES,,,,,136966.0,16323607.88,0.04,,,Financials,,IWM,2026-02-27,,,,,,,,119.18,,,,,Equity,"16,323,607.88",United States,NYSE,USD,1.0,USD,-
ATI INC,ATI,,,,,101714.0,16276274.28,0.03,,,Industrials,,IWM,2026-02-27,,,,,,,,160.02,,,,,Equity,"16,276,274.28",United States,NYSE,USD,1.0,USD,-
ZOOM COMMUNICATIONS INC CLASS A,ZM,,,,,190322.0,16259208.46,0.03,,,Information Technology,,IWM,2026-02-27,,,,,,,,85.43,,,,,Equity,"16,259,208.46",United States,NASDAQ,USD,1.0,USD,-
AMCOR PLC,AMCR,,,,,330909.0,16154977.38,0.03,,,Materials,,IWM,2026-02-27,,,,,,,,48.82,,,,,Equity,"16,154,977.38",United States,NYSE,USD,1.0,USD,-
US FOODS HOLDING CORP,USFD,,,,,167000.0,16011960.0,0.03,,,Consumer Staples,,IWM,2026-02-27,,,,,,,,95.88,,,,,Equity,"16,011,960.00",United States,NYSE,USD,1.0,USD,-
RESTAURANTS BRANDS INTERNATIONAL I,QSR,,,,,235311.0,15911729.82,0.03,,,Consumer Discretionary,,IWM,2026-02-27,,,,,,,,67.62,,,,,Equity,"15,911,729.82",Canada,NYSE,USD,1.0,USD,-
NISOURCE INC,NI,,,,,341519.0,15890879.07,0.03,,,Utilities,,IWM,2026-02-27,,,,,,,,46.53,,,,,Equity,"15,890,879.07",United States,NYSE,USD,1.0,USD,-
LEIDOS HOLDINGS INC,LDOS,,,,,92742.0,15755938.38,0.03,,,Industrials,,IWM,2026-02-27,,,,,,,,169.89,,,,,Equity,"15,755,938.38",United States,NYSE,USD,1.0,USD,-
T ROWE PRICE GROUP INC,TROW,,,,,163330.0,15560449.1,0.03,,,Financials,,IWM,2026-02-27,,,,,,,,95.27,,,,,Equity,"15,560,449.10",United States,NASDAQ,USD,1.0,USD,-
SBA COMMUNICATIONS REIT CORP CLASS,SBAC,,,,,78815.0,15539953.55,0.03,,,Real Estate,,IWM,2026-02-27,,,,,,,,197.17,,,,,Equity,"15,539,953.55",United States,NASDAQ,USD,1.0,USD,-
FIRST SOLAR INC,FSLR,,,,,73822.0,15511478.64,0.03,,,Information Technology,,IWM,2026-02-27,,,,,,,,210.12,,,,,Equity,"15,511,478.64",United States,NASDAQ,USD,1.0,USD,-
DUPONT DE NEMOURS INC,DD,,,,,304897.0,15470473.78,0.03,,,Materials,,IWM,2026-02-27,,,,,,,,50.74,,,,,Equity,"15,470,473.78",United States,NYSE,USD,1.0,USD,-
HUMANA INC,HUM,,,,,87854.0,15467575.24,0.03,,,Health Care,,IWM,2026-02-27,,,,,,,,176.06,,,,,Equity,"15,467,575.24",United States,NYSE,USD,1.0,USD,-
DOW INC,DOW,,,,,513107.0,15403472.14,0.03,,,Materials,,IWM,2026-02-27,,,,,,,,30.02,,,,,Equity,"15,403,472.14",United States,NYSE,USD,1.0,USD,-
PRINCIPAL FINANCIAL GROUP INC,PFG,,,,,161515.0,15292240.2,0.03,,,Financials,,IWM,2026-02-27,,,,,,,,94.68,,,,,Equity,"15,292,240.20",United States,NASDAQ,USD,1.0,USD,-
KRAFT HEINZ,KHC,,,,,620960.0,15247672.8,0.03,,,Consumer Staples,,IWM,2026-02-27,,,,,,,,24.56,,,,,Equity,"15,247,672.80",United States,NASDAQ,USD,1.0,USD,-
CENTENE CORP,CNC,,,,,355018.0,15155718.42,0.03,,,Health Care,,IWM,2026-02-27,,,,,,,,42.69,,,,,Equity,"15,155,718.42",United States,NYSE,USD,1.0,USD,-
WR BERKLEY CORP,WRB,,,,,211391.0,15131367.78,0.03,,,Financials,,IWM,2026-02-27,,,,,,,,71.58,,,,,Equity,"15,131,367.78",United States,NYSE,USD,1.0,USD,-
CH ROBINSON WORLDWIDE INC,CHRW,,,,,85992.0,15126852.72,0.03,,,Industrials,,IWM,2026-02-27,,,,,,,,175.91,,,,,Equity,"15,126,852.72",United States,NASDAQ,USD,1.0,USD,-
BROADRIDGE FINANCIAL SOLUTIONS INC,BR,,,,,85109.0,15091527.88,0.03,,,Industrials,,IWM,2026-02-27,,,,,,,,177.32,,,,,Equity,"15,091,527.88",United States,NYSE,USD,1.0,USD,-
TENET HEALTHCARE CORP,THC,,,,,63456.0,15041610.24,0.03,,,Health Care,,IWM,2026-02-27,,,,,,,,237.04,,,,,Equity,"15,041,610.24",United States,NYSE,USD,1.0,USD,-
ENTEGRIS INC,ENTG,,,,,109439.0,15030352.26,0.03,,,Information Technology,,IWM,2026-02-27,,,,,,,,137.34,,,,,Equity,"15,030,352.26",United States,NASDAQ,USD,1.0,USD,-
NVR INC,NVR,,,,,2053.0,14952286.42,0.03,,,Consumer Discretionary,,IWM,2026-02-27,,,,,,,,"7,283.14",,,,,Equity,"14,952,286.42",United States,NYSE,USD,1.0,USD,-
INTERNATIONAL FLAVORS & FRAGRANCES,IFF,,,,,186615.0,14906806.2,0.03,,,Materials,,IWM,2026-02-27,,,,,,,,79.88,,,,,Equity,"14,906,806.20",United States,NYSE,USD,1.0,USD,-
PACKAGING CORP OF AMERICA,PKG,,,,,64218.0,14829220.56,0.03,,,Materials,,IWM,2026-02-27,,,,,,,,230.92,,,,,Equity,"14,829,220.56",United States,NYSE,USD,1.0,USD,-
NETAPP INC,NTAP,,,,,145576.0,14831282.88,0.03,,,Information Technology,,IWM,2026-02-27,,,,,,,,101.88,,,,,Equity,"14,831,282.88",United States,NASDAQ,USD,1.0,USD,-
KEYCORP,KEY,,,,,689091.0,14794783.77,0.03,,,Financials,,IWM,2026-02-27,,,,,,,,21.47,,,,,Equity,"14,794,783.77",United States,NYSE,USD,1.0,USD,-
BROWN & BROWN INC,BRO,,,,,210813.0,14767450.65,0.03,,,Financials,,IWM,2026-02-27,,,,,,,,70.05,,,,,Equity,"14,767,450.65",United States,NYSE,USD,1.0,USD,-
NVENT ELECTRIC PLC,NVT,,,,,119810.0,14592858.0,0.03,,,Industrials,,IWM,2026-02-27,,,,,,,,121.80,,,,,Equity,"14,592,858.00",United States,NYSE,USD,1.0,USD,-
SNAP ON INC,SNA,,,,,37737.0,14583841.02,0.03,,,Industrials,,IWM,2026-02-27,,,,,,,,386.46,,,,,Equity,"14,583,841.02",United States,NYSE,USD,1.0,USD,-
ZIMMER BIOMET HOLDINGS INC,ZBH,,,,,144829.0,14461175.65,0.03,,,Health Care,,IWM,2026-02-27,,,,,,,,99.85,,,,,Equity,"14,461,175.65",United States,NYSE,USD,1.0,USD,-
BURLINGTON STORES INC,BURL,,,,,46209.0,14207419.14,0.03,,,Consumer Discretionary,,IWM,2026-02-27,,,,,,,,307.46,,,,,Equity,"14,207,419.14",United States,NYSE,USD,1.0,USD,-
EXPEDITORS INTERNATIONAL OF WASHIN,EXPD,,,,,99701.0,14144580.87,0.03,,,Industrials,,IWM,2026-02-27,,,,,,,,141.87,,,,,Equity,"14,144,580.87",United States,NYSE,USD,1.0,USD,-
GLOBAL PAYMENTS INC,GPN,,,,,180390.0,14059596.6,0.03,,,Financials,,IWM,2026-02-27,,,,,,,,77.94,,,,,Equity,"14,059,596.60",United States,NYSE,USD,1.0,USD,-
EXACT SCIENCES CORP,EXAS,,,,,136037.0,14048540.99,0.03,,,Health Care,,IWM,2026-02-27,,,,,,,,103.27,,,,,Equity,"14,048,540.99",United States,NASDAQ,USD,1.0,USD,-
ILLUMINA INC,ILMN,,,,,114741.0,13983485.67,0.03,,,Health Care,,IWM,2026-02-27,,,,,,,,121.87,,,,,Equity,"13,983,485.67",United States,NASDAQ,USD,1.0,USD,-
LULULEMON ATHLETICA INC,LULU,,,,,76547.0,13973654.85,0.03,,,Consumer Discretionary,,IWM,2026-02-27,,,,,,,,182.55,,,,,Equity,"13,973,654.85",United States,NASDAQ,USD,1.0,USD,-
EVERGY INC,EVRG,,,,,167684.0,13884235.2,0.03,,,Utilities,,IWM,2026-02-27,,,,,,,,82.80,,,,,Equity,"13,884,235.20",United States,NASDAQ,USD,1.0,USD,-
CARPENTER TECHNOLOGY CORP,CRS,,,,,34993.0,13843580.73,0.03,,,Industrials,,IWM,2026-02-27,,,,,,,,395.61,,,,,Equity,"13,843,580.73",United States,NYSE,USD,1.0,USD,-
FLUTTER ENTERTAINMENT PLC,FLUT,,,,,115275.0,13814556.0,0.03,,,Consumer Discretionary,,IWM,2026-02-27,,,,,,,,119.84,,,,,Equity,"13,814,556.00",United States,NYSE,USD,1.0,USD,-
HEICO CORP CLASS A,HEIA,,,,,54536.0,13796517.28,0.03,,,Industrials,,IWM,2026-02-27,,,,,,,,252.98,,,,,Equity,"13,796,517.28",United States,NYSE,USD,1.0,USD,-
CHARTER COMMUNICATIONS INC CLASS A,CHTR,,,,,61034.0,13778425.5,0.03,,,Communication,,IWM,2026-02-27,,,,,,,,225.75,,,,,Equity,"13,778,425.50",United States,NASDAQ,USD,1.0,USD,-
BROOKFIELD ASSET MANAGEMENT VOTING,BAM,,,,,278094.0,13760091.12,0.03,,,Financials,,IWM,2026-02-27,,,,,,,,49.48,,,,,Equity,"13,760,091.12",Canada,NYSE,USD,1.0,USD,-
VIATRIS INC,VTRS,,,,,854040.0,13732963.2,0.03,,,Health Care,,IWM,2026-02-27,,,,,,,,16.08,,,,,Equity,"13,732,963.20",United States,NASDAQ,USD,1.0,USD,-
BWX TECHNOLOGIES INC,BWXT,,,,,65882.0,13721244.14,0.03,,,Industrials,,IWM,2026-02-27,,,,,,,,208.27,,,,,Equity,"13,721,244.14",United States,NYSE,USD,1.0,USD,-
LIBERTY MEDIA FORMULA ONE SERIES C,FWONK,,,,,153308.0,13688871.32,0.03,,,Communication,,IWM,2026-02-27,,,,,,,,89.29,,,,,Equity,"13,688,871.32",United States,NASDAQ,USD,1.0,USD,-
COSTAR GROUP INC,CSGP,,,,,304252.0,13624404.56,0.03,,,Real Estate,,IWM,2026-02-27,,,,,,,,44.78,,,,,Equity,"13,624,404.56",United States,NASDAQ,USD,1.0,USD,-
LOEWS CORP,L,,,,,124267.0,13601023.15,0.03,,,Financials,,IWM,2026-02-27,,,,,,,,109.45,,,,,Equity,"13,601,023.15",United States,NYSE,USD,1.0,USD,-
REDDIT INC CLASS A,RDDT,,,,,90667.0,13570129.89,0.03,,,Communication,,IWM,2026-02-27,,,,,,,,149.67,,,,,Equity,"13,570,129.89",United States,NYSE,USD,1.0,USD,-
BALL CORP,BALL,,,,,205397.0,13562363.91,0.03,,,Materials,,IWM,2026-02-27,,,,,,,,66.03,,,,,Equity,"13,562,363.91",United States,NYSE,USD,1.0,USD,-
PTC INC,PTC,,,,,87667.0,13510361.37,0.03,,,Information Technology,,IWM,2026-02-27,,,,,,,,154.11,,,,,Equity,"13,510,361.37",United States,NASDAQ,USD,1.0,USD,-
FORTIVE CORP,FTV,,,,,231603.0,13507086.96,0.03,,,Industrials,,IWM,2026-02-27,,,,,,,,58.32,,,,,Equity,"13,507,086.96",United States,NYSE,USD,1.0,USD,-
ALLIANT ENERGY CORP,LNT,,,,,187395.0,13353767.7,0.03,,,Utilities,,IWM,2026-02-27,,,,,,,,71.26,,,,,Equity,"13,353,767.70",United States,NASDAQ,USD,1.0,USD,-
RB GLOBAL INC,RBA,,,,,134435.0,13309065.0,0.03,,,Industrials,,IWM,2026-02-27,,,,,,,,99.00,,,,,Equity,"13,309,065.00",Canada,NYSE,USD,1.0,USD,-
MODERNA INC,MRNA,,,,,257967.0,13251764.79,0.03,,,Health Care,,IWM,2026-02-27,,,,,,,,51.37,,,,,Equity,"13,251,764.79",United States,NASDAQ,USD,1.0,USD,-
AST SPACEMOBILE INC CLASS A,ASTS,,,,,160659.0,13231875.24,0.03,,,Communication,,IWM,2026-02-27,,,,,,,,82.36,,,,,Equity,"13,231,875.24",United States,NASDAQ,USD,1.0,USD,-
FIRST CITIZENS BANCSHARES INC CLAS,FCNCA,,,,,6600.0,13171620.0,0.03,,,Financials,,IWM,2026-02-27,,,,,,,,"1,995.70",,,,,Equity,"13,171,620.00",United States,NASDAQ,USD,1.0,USD,-
VERISIGN INC,VRSN,,,,,61364.0,13162578.0,0.03,,,Information Technology,,IWM,2026-02-27,,,,,,,,214.50,,,,,Equity,"13,162,578.00",United States,NASDAQ,USD,1.0,USD,-
SOUTHERN COPPER CORP,SCCO,,,,,61065.0,13141188.0,0.03,,,Materials,,IWM,2026-02-27,,,,,,,,215.20,,,,,Equity,"13,141,188.00",Peru,NYSE,USD,1.0,USD,-
REVOLUTION MEDICINES INC,RVMD,,,,,126041.0,13012472.84,0.03,,,Health Care,,IWM,2026-02-27,,,,,,,,103.24,,,,,Equity,"13,012,472.84",United States,NASDAQ,USD,1.0,USD,-
TALEN ENERGY CORP,TLN,,,,,32986.0,12911709.98,0.03,,,Utilities,,IWM,2026-02-27,,,,,,,,391.43,,,,,Equity,"12,911,709.98",United States,NASDAQ,USD,1.0,USD,-
ITT INC,ITT,,,,,61792.0,12905877.12,0.03,,,Industrials,,IWM,2026-02-27,,,,,,,,208.86,,,,,Equity,"12,905,877.12",United States,NYSE,USD,1.0,USD,-
WEYERHAEUSER REIT,WY,,,,,529583.0,12900641.88,0.03,,,Real Estate,,IWM,2026-02-27,,,,,,,,24.36,,,,,Equity,"12,900,641.88",United States,NYSE,USD,1.0,USD,-
WEST PHARMACEUTICAL SERVICES INC,WST,,,,,51904.0,12865963.52,0.03,,,Health Care,,IWM,2026-02-27,,,,,,,,247.88,,,,,Equity,"12,865,963.52",United States,NYSE,USD,1.0,USD,-
MASTEC INC,MTZ,,,,,45082.0,12860091.32,0.03,,,Industrials,,IWM,2026-02-27,,,,,,,,285.26,,,,,Equity,"12,860,091.32",United States,NYSE,USD,1.0,USD,-
DECKERS OUTDOOR CORP,DECK,,,,,107614.0,12851263.88,0.03,,,Consumer Discretionary,,IWM,2026-02-27,,,,,,,,119.42,,,,,Equity,"12,851,263.88",United States,NYSE,USD,1.0,USD,-
MCCORMICK & CO NON-VOTING INC,MKC,,,,,185039.0,12773242.17,0.03,,,Consumer Staples,,IWM,2026-02-27,,,,,,,,69.03,,,,,Equity,"12,773,242.17",United States,NYSE,USD,1.0,USD,-
SOMNIGROUP INTERNATIONAL INC,SGI,,,,,147028.0,12748797.88,0.03,,,Consumer Discretionary,,IWM,2026-02-27,,,,,,,,86.71,,,,,Equity,"12,748,797.88",United States,NYSE,USD,1.0,USD,-
RBC BEARINGS INC,RBC,,,,,22538.0,12743886.72,0.03,,,Industrials,,IWM,2026-02-27,,,,,,,,565.44,,,,,Equity,"12,743,886.72",United States,NYSE,USD,1.0,USD,-
MKS,MKSI,,,,,49616.0,12697230.56,0.03,,,Information Technology,,IWM,2026-02-27,,,,,,,,255.91,,,,,Equity,"12,697,230.56",United States,NASDAQ,USD,1.0,USD,-
TYSON FOODS INC CLASS A,TSN,,,,,202828.0,12699061.08,0.03,,,Consumer Staples,,IWM,2026-02-27,,,,,,,,62.61,,,,,Equity,"12,699,061.08",United States,NYSE,USD,1.0,USD,-
INSULET CORP,PODD,,,,,51162.0,12694315.44,0.03,,,Health Care,,IWM,2026-02-27,,,,,,,,248.12,,,,,Equity,"12,694,315.44",United States,NASDAQ,USD,1.0,USD,-
TEXTRON INC,TXT,,,,,130871.0,12647373.44,0.03,,,Industrials,,IWM,2026-02-27,,,,,,,,96.64,,,,,Equity,"12,647,373.44",United States,NYSE,USD,1.0,USD,-
SUPER MICRO COMPUTER INC,SMCI,,,,,373425.0,12547080.0,0.03,,,Information Technology,,IWM,2026-02-27,,,,,,,,33.60,,,,,Equity,"12,547,080.00",United States,NASDAQ,USD,1.0,USD,-
LENNOX INTERNATIONAL INC,LII,,,,,23148.0,12498762.6,0.03,,,Industrials,,IWM,2026-02-27,,,,,,,,539.95,,,,,Equity,"12,498,762.60",United States,NYSE,USD,1.0,USD,-
LAS VEGAS SANDS CORP,LVS,,,,,226726.0,12485800.82,0.03,,,Consumer Discretionary,,IWM,2026-02-27,,,,,,,,55.07,,,,,Equity,"12,485,800.82",United States,NYSE,USD,1.0,USD,-
ROYALTY PHARMA PLC CLASS A,RPRX,,,,,276280.0,12474042.0,0.03,,,Health Care,,IWM,2026-02-27,,,,,,,,45.15,,,,,Equity,"12,474,042.00",United States,NASDAQ,USD,1.0,USD,-
HP INC,HPQ,,,,,684100.0,12457461.0,0.03,,,Information Technology,,IWM,2026-02-27,,,,,,,,18.21,,,,,Equity,"12,457,461.00",United States,NYSE,USD,1.0,USD,-
JB HUNT TRANSPORT SERVICES INC,JBHT,,,,,56752.0,12442876.0,0.03,,,Industrials,,IWM,2026-02-27,,,,,,,,219.25,,,,,Equity,"12,442,876.00",United States,NASDAQ,USD,1.0,USD,-
HUNTINGTON INGALLS INDUSTRIES INC,HII,,,,,28425.0,12381361.5,0.03,,,Industrials,,IWM,2026-02-27,,,,,,,,435.58,,,,,Equity,"12,381,361.50",United States,NYSE,USD,1.0,USD,-
ALCOA CORP,AA,,,,,189464.0,12296213.6,0.03,,,Materials,,IWM,2026-02-27,,,,,,,,64.90,,,,,Equity,"12,296,213.60",United States,NYSE,USD,1.0,USD,-
CARLISLE COMPANIES INC,CSL,,,,,31186.0,12278863.78,0.03,,,Industrials,,IWM,2026-02-27,,,,,,,,393.73,,,,,Equity,"12,278,863.78",United States,NYSE,USD,1.0,USD,-
HOLOGIC INC,HOLX,,,,,162157.0,12216908.38,0.03,,,Health Care,,IWM,2026-02-27,,,,,,,,75.34,,,,,Equity,"12,216,908.38",United States,NASDAQ,USD,1.0,USD,-
SUN COMMUNITIES REIT INC,SUI,,,,,92050.0,12204909.5,0.03,,,Real Estate,,IWM,2026-02-27,,,,,,,,132.59,,,,,Equity,"12,204,909.50",United States,NYSE,USD,1.0,USD,-
TWILIO INC CLASS A,TWLO,,,,,102835.0,12167437.2,0.03,,,Information Technology,,IWM,2026-02-27,,,,,,,,118.32,,,,,Equity,"12,167,437.20",United States,NYSE,USD,1.0,USD,-
RELIANCE STEEL & ALUMINUM,RS,,,,,38392.0,12160282.08,0.03,,,Materials,,IWM,2026-02-27,,,,,,,,316.74,,,,,Equity,"12,160,282.08",United States,NYSE,USD,1.0,USD,-
ESSEX PROPERTY TRUST REIT INC,ESS,,,,,46559.0,12102080.87,0.03,,,Real Estate,,IWM,2026-02-27,,,,,,,,259.93,,,,,Equity,"12,102,080.87",United States,NYSE,USD,1.0,USD,-
APTIV PLC,APTV,,,,,158235.0,12095483.4,0.03,,,Consumer Discretionary,,IWM,2026-02-27,,,,,,,,76.44,,,,,Equity,"12,095,483.40",United States,NYSE,USD,1.0,USD,-
COOPER INC,COO,,,,,144493.0,12060830.71,0.03,,,Health Care,,IWM,2026-02-27,,,,,,,,83.47,,,,,Equity,"12,060,830.71",United States,NASDAQ,USD,1.0,USD,-
ROLLINS INC,ROL,,,,,203687.0,12044012.31,0.03,,,Industrials,,IWM,2026-02-27,,,,,,,,59.13,,,,,Equity,"12,044,012.31",United States,NYSE,USD,1.0,USD,-
API GROUP CORP,APG,,,,,268143.0,12002080.68,0.03,,,Industrials,,IWM,2026-02-27,,,,,,,,44.76,,,,,Equity,"12,002,080.68",United States,NYSE,USD,1.0,USD,-
PENTAIR,PNR,,,,,118852.0,11982658.64,0.03,,,Industrials,,IWM,2026-02-27,,,,,,,,100.82,,,,,Equity,"11,982,658.64",United States,NYSE,USD,1.0,USD,-
ROCKET COMPANIES INC CLASS A,RKT,,,,,685995.0,11888293.35,0.03,,,Financials,,IWM,2026-02-27,,,,,,,,17.33,,,,,Equity,"11,888,293.35",United States,NYSE,USD,1.0,USD,-
GENUINE PARTS,GPC,,,,,100634.0,11766127.28,0.03,,,Consumer Discretionary,,IWM,2026-02-27,,,,,,,,116.92,,,,,Equity,"11,766,127.28",United States,NYSE,USD,1.0,USD,-
BUNGE GLOBAL,BG,,,,,96854.0,11756138.52,0.03,,,Consumer Staples,,IWM,2026-02-27,,,,,,,,121.38,,,,,Equity,"11,756,138.52",United States,NYSE,USD,1.0,USD,-
ASTERA LABS INC,ALAB,,,,,91761.0,11759172.15,0.03,,,Information Technology,,IWM,2026-02-27,,,,,,,,128.15,,,,,Equity,"11,759,172.15",United States,NASDAQ,USD,1.0,USD,-
F5 INC,FFIV,,,,,41989.0,11696035.95,0.03,,,Information Technology,,IWM,2026-02-27,,,,,,,,278.55,,,,,Equity,"11,696,035.95",United States,NASDAQ,USD,1.0,USD,-
W. P. CAREY REIT INC,WPC,,,,,159229.0,11685816.31,0.03,,,Real Estate,,IWM,2026-02-27,,,,,,,,73.39,,,,,Equity,"11,685,816.31",United States,NYSE,USD,1.0,USD,-
INCYTE CORP,INCY,,,,,116402.0,11637871.96,0.02,,,Health Care,,IWM,2026-02-27,,,,,,,,99.98,,,,,Equity,"11,637,871.96",United States,NASDAQ,USD,1.0,USD,-
CDW CORP,CDW,,,,,95680.0,11632774.4,0.02,,,Information Technology,,IWM,2026-02-27,,,,,,,,121.58,,,,,Equity,"11,632,774.40",United States,NASDAQ,USD,1.0,USD,-
TRIMBLE INC,TRMB,,,,,173270.0,11633347.8,0.02,,,Information Technology,,IWM,2026-02-27,,,,,,,,67.14,,,,,Equity,"11,633,347.80",United States,NASDAQ,USD,1.0,USD,-
JACOBS SOLUTIONS INC,J,,,,,86455.0,11537419.75,0.02,,,Industrials,,IWM,2026-02-27,,,,,,,,133.45,,,,,Equity,"11,537,419.75",United States,NYSE,USD,1.0,USD,-
MACOM TECHNOLOGY SOLUTIONS INC,MTSI,,,,,45511.0,11531122.07,0.02,,,Information Technology,,IWM,2026-02-27,,,,,,,,253.37,,,,,Equity,"11,531,122.07",United States,NASDAQ,USD,1.0,USD,-
IDEX CORP,IEX,,,,,55777.0,11500101.86,0.02,,,Industrials,,IWM,2026-02-27,,,,,,,,206.18,,,,,Equity,"11,500,101.86",United States,NYSE,USD,1.0,USD,-
ANNALY CAPITAL MANAGEMENT REIT INC,NLY,,,,,498922.0,11480195.22,0.02,,,Financials,,IWM,2026-02-27,,,,,,,,23.01,,,,,Equity,"11,480,195.22",United States,NYSE,USD,1.0,USD,-
EAST WEST BANCORP INC,EWBC,,,,,99399.0,11481578.49,0.02,,,Financials,,IWM,2026-02-27,,,,,,,,115.51,,,,,Equity,"11,481,578.49",United States,NASDAQ,USD,1.0,USD,-
MID AMERICA APARTMENT COMMUNITIES,MAA,,,,,85487.0,11459532.35,0.02,,,Real Estate,,IWM,2026-02-27,,,,,,,,134.05,,,,,Equity,"11,459,532.35",United States,NYSE,USD,1.0,USD,-
CLOROX,CLX,,,,,90310.0,11400734.4,0.02,,,Consumer Staples,,IWM,2026-02-27,,,,,,,,126.24,,,,,Equity,"11,400,734.40",United States,NYSE,USD,1.0,USD,-
NORDSON CORP,NDSN,,,,,39197.0,11399663.51,0.02,,,Industrials,,IWM,2026-02-27,,,,,,,,290.83,,,,,Equity,"11,399,663.51",United States,NASDAQ,USD,1.0,USD,-
ZSCALER INC,ZS,,,,,72980.0,11362986.0,0.02,,,Information Technology,,IWM,2026-02-27,,,,,,,,155.70,,,,,Equity,"11,362,986.00",United States,NASDAQ,USD,1.0,USD,-
INVITATION HOMES INC,INVH,,,,,442763.0,11343588.06,0.02,,,Real Estate,,IWM,2026-02-27,,,,,,,,25.62,,,,,Equity,"11,343,588.06",United States,NYSE,USD,1.0,USD,-
LINCOLN ELECTRIC HOLDINGS INC,LECO,,,,,39434.0,11334120.28,0.02,,,Industrials,,IWM,2026-02-27,,,,,,,,287.42,,,,,Equity,"11,334,120.28",United States,NASDAQ,USD,1.0,USD,-
TOLL BROTHERS INC,TOL,,,,,72038.0,11317890.18,0.02,,,Consumer Discretionary,,IWM,2026-02-27,,,,,,,,157.11,,,,,Equity,"11,317,890.18",United States,NYSE,USD,1.0,USD,-
CF INDUSTRIES HOLDINGS INC,CF,,,,,117320.0,11279144.8,0.02,,,Materials,,IWM,2026-02-27,,,,,,,,96.14,,,,,Equity,"11,279,144.80",United States,NYSE,USD,1.0,USD,-
KIMCO REALTY REIT CORP,KIM,,,,,481649.0,11232054.68,0.02,,,Real Estate,,IWM,2026-02-27,,,,,,,,23.32,,,,,Equity,"11,232,054.68",United States,NYSE,USD,1.0,USD,-
SS AND C TECHNOLOGIES HOLDINGS INC,SSNC,,,,,153450.0,11181901.5,0.02,,,Industrials,,IWM,2026-02-27,,,,,,,,72.87,,,,,Equity,"11,181,901.50",United States,NASDAQ,USD,1.0,USD,-
GRACO INC,GGG,,,,,120602.0,11137594.7,0.02,,,Industrials,,IWM,2026-02-27,,,,,,,,92.35,,,,,Equity,"11,137,594.70",United States,NYSE,USD,1.0,USD,-
MASCO CORP,MAS,,,,,152848.0,10983657.28,0.02,,,Industrials,,IWM,2026-02-27,,,,,,,,71.86,,,,,Equity,"10,983,657.28",United States,NYSE,USD,1.0,USD,-
AVERY DENNISON CORP,AVY,,,,,56572.0,10906515.88,0.02,,,Materials,,IWM,2026-02-27,,,,,,,,192.79,,,,,Equity,"10,906,515.88",United States,NYSE,USD,1.0,USD,-
QXO INC,QXO,,,,,447326.0,10825289.2,0.02,,,Industrials,,IWM,2026-02-27,,,,,,,,24.20,,,,,Equity,"10,825,289.20",United States,NYSE,USD,1.0,USD,-
JONES LANG LASALLE INC,JLL,,,,,34173.0,10818830.07,0.02,,,Real Estate,,IWM,2026-02-27,,,,,,,,316.59,,,,,Equity,"10,818,830.07",United States,NYSE,USD,1.0,USD,-
REGAL REXNORD CORP,RRX,,,,,48343.0,10654797.2,0.02,,,Industrials,,IWM,2026-02-27,,,,,,,,220.40,,,,,Equity,"10,654,797.20",United States,NYSE,USD,1.0,USD,-
HEICO CORP,HEI,,,,,30873.0,10642540.56,0.02,,,Industrials,,IWM,2026-02-27,,,,,,,,344.72,,,,,Equity,"10,642,540.56",United States,NYSE,USD,1.0,USD,-
PERFORMANCE FOOD GROUP,PFGC,,,,,112610.0,10613492.5,0.02,,,Consumer Staples,,IWM,2026-02-27,,,,,,,,94.25,,,,,Equity,"10,613,492.50",United States,NYSE,USD,1.0,USD,-
RPM INTERNATIONAL INC,RPM,,,,,92182.0,10529028.04,0.02,,,Materials,,IWM,2026-02-27,,,,,,,,114.22,,,,,Equity,"10,529,028.04",United States,NYSE,USD,1.0,USD,-
REINSURANCE GROUP OF AMERICA INC,RGA,,,,,47834.0,10526350.04,0.02,,,Financials,,IWM,2026-02-27,,,,,,,,220.06,,,,,Equity,"10,526,350.04",United States,NYSE,USD,1.0,USD,-
LYONDELLBASELL INDUSTRIES NV CLASS,LYB,,,,,185371.0,10519804.25,0.02,,,Materials,,IWM,2026-02-27,,,,,,,,56.75,,,,,Equity,"10,519,804.25",United States,NYSE,USD,1.0,USD,-
TYLER TECHNOLOGIES INC,TYL,,,,,31379.0,10515416.69,0.02,,,Information Technology,,IWM,2026-02-27,,,,,,,,335.11,,,,,Equity,"10,515,416.69",United States,NYSE,USD,1.0,USD,-
TRANSUNION,TRU,,,,,141155.0,10480758.75,0.02,,,Industrials,,IWM,2026-02-27,,,,,,,,74.25,,,,,Equity,"10,480,758.75",United States,NYSE,USD,1.0,USD,-
CLEAN HARBORS INC,CLH,,,,,36603.0,10469922.12,0.02,,,Industrials,,IWM,2026-02-27,,,,,,,,286.04,,,,,Equity,"10,469,922.12",United States,NYSE,USD,1.0,USD,-
AKAMAI TECHNOLOGIES INC,AKAM,,,,,104428.0,10446977.12,0.02,,,Information Technology,,IWM,2026-02-27,,,,,,,,100.04,,,,,Equity,"10,446,977.12",United States,NASDAQ,USD,1.0,USD,-
RALPH LAUREN CORP CLASS A,RL,,,,,27663.0,10430887.41,0.02,,,Consumer Discretionary,,IWM,2026-02-27,,,,,,,,377.07,,,,,Equity,"10,430,887.41",United States,NYSE,USD,1.0,USD,-
WESCO INTERNATIONAL INC,WCC,,,,,34845.0,10361509.2,0.02,,,Industrials,,IWM,2026-02-27,,,,,,,,297.36,,,,,Equity,"10,361,509.20",United States,NYSE,USD,1.0,USD,-
TKO GROUP HOLDINGS INC CLASS A,TKO,,,,,49989.0,10358220.69,0.02,,,Communication,,IWM,2026-02-27,,,,,,,,207.21,,,,,Equity,"10,358,220.69",United States,NYSE,USD,1.0,USD,-
EVEREST GROUP LTD,EG,,,,,30773.0,10333881.13,0.02,,,Financials,,IWM,2026-02-27,,,,,,,,335.81,,,,,Equity,"10,333,881.13",United States,NYSE,USD,1.0,USD,-
TRADEWEB MARKETS INC CLASS A,TW,,,,,85350.0,10306012.5,0.02,,,Financials,,IWM,2026-02-27,,,,,,,,120.75,,,,,Equity,"10,306,012.50",United States,NASDAQ,USD,1.0,USD,-
WATSCO INC,WSO,,,,,25272.0,10306427.04,0.02,,,Industrials,,IWM,2026-02-27,,,,,,,,407.82,,,,,Equity,"10,306,427.04",United States,NYSE,USD,1.0,USD,-
REGENCY CENTERS REIT CORP,REG,,,,,131343.0,10235559.99,0.02,,,Real Estate,,IWM,2026-02-27,,,,,,,,77.93,,,,,Equity,"10,235,559.99",United States,NASDAQ,USD,1.0,USD,-
GENERAC HOLDINGS INC,GNRC,,,,,43240.0,10229719.2,0.02,,,Industrials,,IWM,2026-02-27,,,,,,,,236.58,,,,,Equity,"10,229,719.20",United States,NYSE,USD,1.0,USD,-
PINNACLE FINANCIAL PARTNERS INC,PNFP,,,,,106319.0,10139643.03,0.02,,,Financials,,IWM,2026-02-27,,,,,,,,95.37,,,,,Equity,"10,139,643.03",United States,NYSE,USD,1.0,USD,-
DT MIDSTREAM INC,DTM,,,,,73606.0,10104631.68,0.02,,,Energy,,IWM,2026-02-27,,,,,,,,137.28,,,,,Equity,"10,104,631.68",United States,NYSE,USD,1.0,USD,-
LATTICE SEMICONDUCTOR CORP,LSCC,,,,,99736.0,10080317.52,0.02,,,Information Technology,,IWM,2026-02-27,,,,,,,,101.07,,,,,Equity,"10,080,317.52",United States,NASDAQ,USD,1.0,USD,-
RENAISSANCERE HOLDING LTD,RNR,,,,,33671.0,10056854.28,0.02,,,Financials,,IWM,2026-02-27,,,,,,,,298.68,,,,,Equity,"10,056,854.28",United States,NYSE,USD,1.0,USD,-
VIKING HOLDINGS LTD,VIK,,,,,126947.0,10051663.46,0.02,,,Consumer Discretionary,,IWM,2026-02-27,,,,,,,,79.18,,,,,Equity,"10,051,663.46",United States,NYSE,USD,1.0,USD,-
TOPBUILD CORP,BLD,,,,,20644.0,10018946.08,0.02,,,Consumer Discretionary,,IWM,2026-02-27,,,,,,,,485.32,,,,,Equity,"10,018,946.08",United States,NYSE,USD,1.0,USD,-
OMEGA HEALTHCARE INVESTORS REIT IN,OHI,,,,,208845.0,9918049.05,0.02,,,Real Estate,,IWM,2026-02-27,,,,,,,,47.49,,,,,Equity,"9,918,049.05",United States,NYSE,USD,1.0,USD,-
DICKS SPORTING INC,DKS,,,,,46141.0,9909241.16,0.02,,,Consumer Discretionary,,IWM,2026-02-27,,,,,,,,214.76,,,,,Equity,"9,909,241.16",United States,NYSE,USD,1.0,USD,-
HOST HOTELS & RESORTS REIT INC,HST,,,,,498226.0,9820034.46,0.02,,,Real Estate,,IWM,2026-02-27,,,,,,,,19.71,,,,,Equity,"9,820,034.46",United States,NASDAQ,USD,1.0,USD,-
CARLYLE GROUP INC,CG,,,,,190197.0,9804655.35,0.02,,,Financials,,IWM,2026-02-27,,,,,,,,51.55,,,,,Equity,"9,804,655.35",United States,NASDAQ,USD,1.0,USD,-
FIDELITY NATIONAL FINANCIAL INC,FNF,,,,,189739.0,9773455.89,0.02,,,Financials,,IWM,2026-02-27,,,,,,,,51.51,,,,,Equity,"9,773,455.89",United States,NYSE,USD,1.0,USD,-
CROWN HOLDINGS INC,CCK,,,,,85202.0,9759889.1,0.02,,,Materials,,IWM,2026-02-27,,,,,,,,114.55,,,,,Equity,"9,759,889.10",United States,NYSE,USD,1.0,USD,-
STANLEY BLACK & DECKER INC,SWK,,,,,113190.0,9650579.4,0.02,,,Industrials,,IWM,2026-02-27,,,,,,,,85.26,,,,,Equity,"9,650,579.40",United States,NYSE,USD,1.0,USD,-
ALLEGION PLC,ALLE,,,,,61984.0,9646569.92,0.02,,,Industrials,,IWM,2026-02-27,,,,,,,,155.63,,,,,Equity,"9,646,569.92",United States,NYSE,USD,1.0,USD,-
HASBRO INC,HAS,,,,,96128.0,9588768.0,0.02,,,Consumer Discretionary,,IWM,2026-02-27,,,,,,,,99.75,,,,,Equity,"9,588,768.00",United States,NASDAQ,USD,1.0,USD,-
ELANCO ANIMAL HEALTH INC,ELAN,,,,,355879.0,9551792.36,0.02,,,Health Care,,IWM,2026-02-27,,,,,,,,26.84,,,,,Equity,"9,551,792.36",United States,NYSE,USD,1.0,USD,-
AFFIRM HOLDINGS INC CLASS A,AFRM,,,,,198888.0,9542646.24,0.02,,,Financials,,IWM,2026-02-27,,,,,,,,47.98,,,,,Equity,"9,542,646.24",United States,NASDAQ,USD,1.0,USD,-
GAMING AND LEISURE PROPERTIES REIT,GLPI,,,,,197822.0,9497434.22,0.02,,,Real Estate,,IWM,2026-02-27,,,,,,,,48.01,,,,,Equity,"9,497,434.22",United States,NASDAQ,USD,1.0,USD,-
BORGWARNER INC,BWA,,,,,159232.0,9466342.4,0.02,,,Consumer Discretionary,,IWM,2026-02-27,,,,,,,,59.45,,,,,Equity,"9,466,342.40",United States,NYSE,USD,1.0,USD,-
CACI INTERNATIONAL INC CLASS A,CACI,,,,,16031.0,9458770.93,0.02,,,Industrials,,IWM,2026-02-27,,,,,,,,590.03,,,,,Equity,"9,458,770.93",United States,NYSE,USD,1.0,USD,-
BJS WHOLESALE CLUB HOLDINGS INC,BJ,,,,,96750.0,9389587.5,0.02,,,Consumer Staples,,IWM,2026-02-27,,,,,,,,97.05,,,,,Equity,"9,389,587.50",United States,NYSE,USD,1.0,USD,-
EQUITY LIFESTYLE PROPERTIES REIT I,ELS,,,,,138325.0,9379818.25,0.02,,,Real Estate,,IWM,2026-02-27,,,,,,,,67.81,,,,,Equity,"9,379,818.25",United States,NYSE,USD,1.0,USD,-
ALIGN TECHNOLOGY INC,ALGN,,,,,49847.0,9373728.35,0.02,,,Health Care,,IWM,2026-02-27,,,,,,,,188.05,,,,,Equity,"9,373,728.35",United States,NASDAQ,USD,1.0,USD,-
MUELLER INDUSTRIES INC,MLI,,,,,78861.0,9352125.99,0.02,,,Industrials,,IWM,2026-02-27,,,,,,,,118.59,,,,,Equity,"9,352,125.99",United States,NYSE,USD,1.0,USD,-
DOMINOS PIZZA INC,DPZ,,,,,23115.0,9337073.1,0.02,,,Consumer Discretionary,,IWM,2026-02-27,,,,,,,,403.94,,,,,Equity,"9,337,073.10",United States,NASDAQ,USD,1.0,USD,-
OVINTIV INC,OVV,,,,,189168.0,9331657.44,0.02,,,Energy,,IWM,2026-02-27,,,,,,,,49.33,,,,,Equity,"9,331,657.44",United States,NYSE,USD,1.0,USD,-
PENUMBRA INC,PEN,,,,,27382.0,9273461.94,0.02,,,Health Care,,IWM,2026-02-27,,,,,,,,338.67,,,,,Equity,"9,273,461.94",United States,NYSE,USD,1.0,USD,-
SOLSTICE ADVANCED MATERIALS INC,SOLS,,,,,116006.0,9265399.22,0.02,,,Materials,,IWM,2026-02-27,,,,,,,,79.87,,,,,Equity,"9,265,399.22",United States,NASDAQ,USD,1.0,USD,-
UNIVERSAL HEALTH SERVICES INC CLAS,UHS,,,,,40040.0,9238429.2,0.02,,,Health Care,,IWM,2026-02-27,,,,,,,,230.73,,,,,Equity,"9,238,429.20",United States,NYSE,USD,1.0,USD,-
NEUROCRINE BIOSCIENCES INC,NBIX,,,,,70432.0,9237156.8,0.02,,,Health Care,,IWM,2026-02-27,,,,,,,,131.15,,,,,Equity,"9,237,156.80",United States,NASDAQ,USD,1.0,USD,-
IONIS PHARMACEUTICALS INC,IONS,,,,,112710.0,9121620.3,0.02,,,Health Care,,IWM,2026-02-27,,,,,,,,80.93,,,,,Equity,"9,121,620.30",United States,NASDAQ,USD,1.0,USD,-
AECOM,ACM,,,,,96550.0,9095975.5,0.02,,,Industrials,,IWM,2026-02-27,,,,,,,,94.21,,,,,Equity,"9,095,975.50",United States,NYSE,USD,1.0,USD,-
HUBSPOT INC,HUBS,,,,,36980.0,9085986.0,0.02,,,Information Technology,,IWM,2026-02-27,,,,,,,,245.70,,,,,Equity,"9,085,986.00",United States,NYSE,USD,1.0,USD,-
NEW YORK TIMES CLASS A,NYT,,,,,117428.0,9086578.64,0.02,,,Communication,,IWM,2026-02-27,,,,,,,,77.38,,,,,Equity,"9,086,578.64",United States,NYSE,USD,1.0,USD,-
UDR REIT INC,UDR,,,,,240531.0,9060802.77,0.02,,,Real Estate,,IWM,2026-02-27,,,,,,,,37.67,,,,,Equity,"9,060,802.77",United States,NYSE,USD,1.0,USD,-
TD SYNNEX CORP,SNX,,,,,57249.0,9057936.78,0.02,,,Information Technology,,IWM,2026-02-27,,,,,,,,158.22,,,,,Equity,"9,057,936.78",United States,NYSE,USD,1.0,USD,-
FIRST HORIZON CORP,FHN,,,,,365628.0,8954229.72,0.02,,,Financials,,IWM,2026-02-27,,,,,,,,24.49,,,,,Equity,"8,954,229.72",United States,NYSE,USD,1.0,USD,-
TOAST INC CLASS A,TOST,,,,,334080.0,8956684.8,0.02,,,Financials,,IWM,2026-02-27,,,,,,,,26.81,,,,,Equity,"8,956,684.80",United States,NYSE,USD,1.0,USD,-
UNUM,UNM,,,,,123136.0,8924897.28,0.02,,,Financials,,IWM,2026-02-27,,,,,,,,72.48,,,,,Equity,"8,924,897.28",United States,NYSE,USD,1.0,USD,-
FLOWSERVE CORP,FLS,,,,,96893.0,8918031.72,0.02,,,Industrials,,IWM,2026-02-27,,,,,,,,92.04,,,,,Equity,"8,918,031.72",United States,NYSE,USD,1.0,USD,-
WEBSTER FINANCIAL CORP,WBS,,,,,120719.0,8912683.77,0.02,,,Financials,,IWM,2026-02-27,,,,,,,,73.83,,,,,Equity,"8,912,683.77",United States,NYSE,USD,1.0,USD,-
EQUITABLE HOLDINGS INC,EQH,,,,,216759.0,8910962.49,0.02,,,Financials,,IWM,2026-02-27,,,,,,,,41.11,,,,,Equity,"8,910,962.49",United States,NYSE,USD,1.0,USD,-
ZEBRA TECHNOLOGIES CORP CLASS A,ZBRA,,,,,37168.0,8883523.68,0.02,,,Information Technology,,IWM,2026-02-27,,,,,,,,239.01,,,,,Equity,"8,883,523.68",United States,NASDAQ,USD,1.0,USD,-
ATLASSIAN CORP CLASS A,TEAM,,,,,121071.0,8861186.49,0.02,,,Information Technology,,IWM,2026-02-27,,,,,,,,73.19,,,,,Equity,"8,861,186.49",United States,NASDAQ,USD,1.0,USD,-
FIVE BELOW INC,FIVE,,,,,39730.0,8863763.0,0.02,,,Consumer Discretionary,,IWM,2026-02-27,,,,,,,,223.10,,,,,Equity,"8,863,763.00",United States,NASDAQ,USD,1.0,USD,-
GEN DIGITAL INC,GEN,,,,,396707.0,8842599.03,0.02,,,Information Technology,,IWM,2026-02-27,,,,,,,,22.29,,,,,Equity,"8,842,599.03",United States,NASDAQ,USD,1.0,USD,-
HEALTHPEAK PROPERTIES INC,DOC,,,,,504655.0,8836509.05,0.02,,,Real Estate,,IWM,2026-02-27,,,,,,,,17.51,,,,,Equity,"8,836,509.05",United States,NYSE,USD,1.0,USD,-
DONALDSON INC,DCI,,,,,84613.0,8835289.46,0.02,,,Industrials,,IWM,2026-02-27,,,,,,,,104.42,,,,,Equity,"8,835,289.46",United States,NYSE,USD,1.0,USD,-
TEXAS ROADHOUSE INC,TXRH,,,,,48486.0,8813785.08,0.02,,,Consumer Discretionary,,IWM,2026-02-27,,,,,,,,181.78,,,,,Equity,"8,813,785.08",United States,NASDAQ,USD,1.0,USD,-
EXELIXIS INC,EXEL,,,,,196190.0,8779502.5,0.02,,,Health Care,,IWM,2026-02-27,,,,,,,,44.75,,,,,Equity,"8,779,502.50",United States,NASDAQ,USD,1.0,USD,-
BEST BUY INC,BBY,,,,,140565.0,8761416.45,0.02,,,Consumer Discretionary,,IWM,2026-02-27,,,,,,,,62.33,,,,,Equity,"8,761,416.45",United States,NYSE,USD,1.0,USD,-
ADVANCED DRAINAGE SYSTEMS INC,WMS,,,,,51331.0,8726270.0,0.02,,,Industrials,,IWM,2026-02-27,,,,,,,,170.00,,,,,Equity,"8,726,270.00",United States,NYSE,USD,1.0,USD,-
GLOBE LIFE INC,GL,,,,,60425.0,8710263.75,0.02,,,Financials,,IWM,2026-02-27,,,,,,,,144.15,,,,,Equity,"8,710,263.75",United States,NYSE,USD,1.0,USD,-
OKTA INC CLASS A,OKTA,,,,,119172.0,8700151.86,0.02,,,Information Technology,,IWM,2026-02-27,,,,,,,,73.00,,,,,Equity,"8,700,151.86",United States,NASDAQ,USD,1.0,USD,-
LAMAR ADVERTISING COMPANY CLAS,LAMR,,,,,64399.0,8695152.98,0.02,,,Real Estate,,IWM,2026-02-27,,,,,,,,135.02,,,,,Equity,"8,695,152.98",United States,NASDAQ,USD,1.0,USD,-
PERMIAN RESOURCES CORP CLASS A,PR,,,,,492277.0,8668997.97,0.02,,,Energy,,IWM,2026-02-27,,,,,,,,17.61,,,,,Equity,"8,668,997.97",United States,NYSE,USD,1.0,USD,-
PINNACLE WEST CORP,PNW,,,,,86691.0,8650894.89,0.02,,,Utilities,,IWM,2026-02-27,,,,,,,,99.79,,,,,Equity,"8,650,894.89",United States,NYSE,USD,1.0,USD,-
RIVIAN AUTOMOTIVE INC CLASS A,RIVN,,,,,563701.0,8596440.25,0.02,,,Consumer Discretionary,,IWM,2026-02-27,,,,,,,,15.25,,,,,Equity,"8,596,440.25",United States,NASDAQ,USD,1.0,USD,-
ROKU INC CLASS A,ROKU,,,,,92984.0,8580563.52,0.02,,,Communication,,IWM,2026-02-27,,,,,,,,92.28,,,,,Equity,"8,580,563.52",United States,NASDAQ,USD,1.0,USD,-
AGNC INVESTMENT REIT CORP,AGNC,,,,,757825.0,8555844.25,0.02,,,Financials,,IWM,2026-02-27,,,,,,,,11.29,,,,,Equity,"8,555,844.25",United States,NASDAQ,USD,1.0,USD,-
CAMDEN PROPERTY TRUST REIT,CPT,,,,,78510.0,8545028.4,0.02,,,Real Estate,,IWM,2026-02-27,,,,,,,,108.84,,,,,Equity,"8,545,028.40",United States,NYSE,USD,1.0,USD,-
JAZZ PHARMACEUTICALS PLC,JAZZ,,,,,43082.0,8479830.06,0.02,,,Health Care,,IWM,2026-02-27,,,,,,,,196.83,,,,,Equity,"8,479,830.06",United States,NASDAQ,USD,1.0,USD,-
AES CORP,AES,,,,,517042.0,8463977.54,0.02,,,Utilities,,IWM,2026-02-27,,,,,,,,16.37,,,,,Equity,"8,463,977.54",United States,NYSE,USD,1.0,USD,-
ALLY FINANCIAL INC,ALLY,,,,,203570.0,8446119.3,0.02,,,Financials,,IWM,2026-02-27,,,,,,,,41.49,,,,,Equity,"8,446,119.30",United States,NYSE,USD,1.0,USD,-
BIOMARIN PHARMACEUTICAL INC,BMRN,,,,,136843.0,8407633.92,0.02,,,Health Care,,IWM,2026-02-27,,,,,,,,61.44,,,,,Equity,"8,407,633.92",United States,NASDAQ,USD,1.0,USD,-
EVERCORE INC CLASS A,EVR,,,,,26367.0,8409490.98,0.02,,,Financials,,IWM,2026-02-27,,,,,,,,318.94,,,,,Equity,"8,409,490.98",United States,NYSE,USD,1.0,USD,-
JACK HENRY AND ASSOCIATES INC,JKHY,,,,,53730.0,8410894.2,0.02,,,Financials,,IWM,2026-02-27,,,,,,,,156.54,,,,,Equity,"8,410,894.20",United States,NASDAQ,USD,1.0,USD,-
GUIDEWIRE SOFTWARE INC,GWRE,,,,,61533.0,8361719.37,0.02,,,Information Technology,,IWM,2026-02-27,,,,,,,,135.89,,,,,Equity,"8,361,719.37",United States,NYSE,USD,1.0,USD,-
REVVITY INC,RVTY,,,,,85467.0,8339015.19,0.02,,,Health Care,,IWM,2026-02-27,,,,,,,,97.57,,,,,Equity,"8,339,015.19",United States,NYSE,USD,1.0,USD,-
STIFEL FINANCIAL CORP,SF,,,,,72387.0,8326676.61,0.02,,,Financials,,IWM,2026-02-27,,,,,,,,115.03,,,,,Equity,"8,326,676.61",United States,NYSE,USD,1.0,USD,-
FOX CORP CLASS A,FOXA,,,,,153439.0,8304118.68,0.02,,,Communication,,IWM,2026-02-27,,,,,,,,54.12,,,,,Equity,"8,304,118.68",United States,NASDAQ,USD,1.0,USD,-
COCA COLA CONSOLIDATED INC,COKE,,,,,41357.0,8276776.41,0.02,,,Consumer Staples,,IWM,2026-02-27,,,,,,,,200.13,,,,,Equity,"8,276,776.41",United States,NASDAQ,USD,1.0,USD,-
ESSENTIAL UTILITIES INC,WTRG,,,,,207180.0,8266482.0,0.02,,,Utilities,,IWM,2026-02-27,,,,,,,,39.90,,,,,Equity,"8,266,482.00",United States,NYSE,USD,1.0,USD,-
SERVICE,SCI,,,,,102014.0,8237630.5,0.02,,,Consumer Discretionary,,IWM,2026-02-27,,,,,,,,80.75,,,,,Equity,"8,237,630.50",United States,NYSE,USD,1.0,USD,-
TRADE DESK INC CLASS A,TTD,,,,,326471.0,8214010.36,0.02,,,Communication,,IWM,2026-02-27,,,,,,,,25.16,,,,,Equity,"8,214,010.36",United States,NASDAQ,USD,1.0,USD,-
GARTNER INC,IT,,,,,54972.0,8209518.48,0.02,,,Information Technology,,IWM,2026-02-27,,,,,,,,149.34,,,,,Equity,"8,209,518.48",United States,NYSE,USD,1.0,USD,-
ASSURANT INC,AIZ,,,,,36410.0,8160573.3,0.02,,,Financials,,IWM,2026-02-27,,,,,,,,224.13,,,,,Equity,"8,160,573.30",United States,NYSE,USD,1.0,USD,-
OSHKOSH CORP,OSK,,,,,47224.0,8141417.6,0.02,,,Industrials,,IWM,2026-02-27,,,,,,,,172.40,,,,,Equity,"8,141,417.60",United States,NYSE,USD,1.0,USD,-
BUILDERS FIRSTSOURCE INC,BLDR,,,,,78891.0,8096583.33,0.02,,,Industrials,,IWM,2026-02-27,,,,,,,,102.63,,,,,Equity,"8,096,583.33",United States,NYSE,USD,1.0,USD,-
SOLVENTUM CORP,SOLV,,,,,107503.0,8071325.24,0.02,,,Health Care,,IWM,2026-02-27,,,,,,,,75.08,,,,,Equity,"8,071,325.24",United States,NYSE,USD,1.0,USD,-
ONTO INNOVATION INC,ONTO,,,,,35664.0,8032246.08,0.02,,,Information Technology,,IWM,2026-02-27,,,,,,,,225.22,,,,,Equity,"8,032,246.08",United States,NYSE,USD,1.0,USD,-
DRAFTKINGS INC CLASS A,DKNG,,,,,349522.0,8018034.68,0.02,,,Consumer Discretionary,,IWM,2026-02-27,,,,,,,,22.94,,,,,Equity,"8,018,034.68",United States,NASDAQ,USD,1.0,USD,-
JM SMUCKER,SJM,,,,,74777.0,7971228.2,0.02,,,Consumer Staples,,IWM,2026-02-27,,,,,,,,106.60,,,,,Equity,"7,971,228.20",United States,NYSE,USD,1.0,USD,-
GODADDY INC CLASS A,GDDY,,,,,99970.0,7909626.4,0.02,,,Information Technology,,IWM,2026-02-27,,,,,,,,79.12,,,,,Equity,"7,909,626.40",United States,NYSE,USD,1.0,USD,-
ROIVANT SCIENCES LTD,ROIV,,,,,275527.0,7896603.82,0.02,,,Health Care,,IWM,2026-02-27,,,,,,,,28.66,,,,,Equity,"7,896,603.82",United States,NASDAQ,USD,1.0,USD,-
CNH INDUSTRIAL N.V. NV,CNH,,,,,636325.0,7858613.75,0.02,,,Industrials,,IWM,2026-02-27,,,,,,,,12.35,,,,,Equity,"7,858,613.75",United States,NYSE,USD,1.0,USD,-
GLOBUS MEDICAL INC CLASS A,GMED,,,,,81620.0,7853476.4,0.02,,,Health Care,,IWM,2026-02-27,,,,,,,,96.22,,,,,Equity,"7,853,476.40",United States,NYSE,USD,1.0,USD,-
ARAMARK,ARMK,,,,,191083.0,7832492.17,0.02,,,Consumer Discretionary,,IWM,2026-02-27,,,,,,,,40.99,,,,,Equity,"7,832,492.17",United States,NYSE,USD,1.0,USD,-
SHARKNINJA INC,SN,,,,,60343.0,7778212.7,0.02,,,Consumer Discretionary,,IWM,2026-02-27,,,,,,,,128.90,,,,,Equity,"7,778,212.70",United States,NYSE,USD,1.0,USD,-
APPLIED INDUSTRIAL TECHNOLOGIES IN,AIT,,,,,27706.0,7778736.56,0.02,,,Industrials,,IWM,2026-02-27,,,,,,,,280.76,,,,,Equity,"7,778,736.56",United States,NYSE,USD,1.0,USD,-
BAXTER INTERNATIONAL INC,BAX,,,,,371914.0,7709777.22,0.02,,,Health Care,,IWM,2026-02-27,,,,,,,,20.73,,,,,Equity,"7,709,777.22",United States,NYSE,USD,1.0,USD,-
NORWEGIAN CRUISE LINE HOLDINGS LTD,NCLH,,,,,323931.0,7712797.11,0.02,,,Consumer Discretionary,,IWM,2026-02-27,,,,,,,,23.81,,,,,Equity,"7,712,797.11",United States,NYSE,USD,1.0,USD,-
CORE & MAIN INC CLASS A,CNM,,,,,140447.0,7613631.87,0.02,,,Industrials,,IWM,2026-02-27,,,,,,,,54.21,,,,,Equity,"7,613,631.87",United States,NYSE,USD,1.0,USD,-
ENCOMPASS HEALTH CORP,EHC,,,,,71498.0,7588082.74,0.02,,,Health Care,,IWM,2026-02-27,,,,,,,,106.13,,,,,Equity,"7,588,082.74",United States,NYSE,USD,1.0,USD,-
DYNATRACE INC,DT,,,,,215894.0,7586515.16,0.02,,,Information Technology,,IWM,2026-02-27,,,,,,,,35.14,,,,,Equity,"7,586,515.16",United States,NYSE,USD,1.0,USD,-
PINTEREST INC CLASS A,PINS,,,,,431333.0,7578520.81,0.02,,,Communication,,IWM,2026-02-27,,,,,,,,17.57,,,,,Equity,"7,578,520.81",United States,NYSE,USD,1.0,USD,-
OWENS CORNING,OC,,,,,61218.0,7559198.64,0.02,,,Industrials,,IWM,2026-02-27,,,,,,,,123.48,,,,,Equity,"7,559,198.64",United States,NYSE,USD,1.0,USD,-
ON HOLDING LTD CLASS A,ONON,,,,,160201.0,7473376.65,0.02,,,Consumer Discretionary,,IWM,2026-02-27,,,,,,,,46.65,,,,,Equity,"7,473,376.65",United States,NYSE,USD,1.0,USD,-
SOUTHSTATE BANK CORP,SSB,,,,,72941.0,7474264.27,0.02,,,Financials,,IWM,2026-02-27,,,,,,,,102.47,,,,,Equity,"7,474,264.27",United States,NYSE,USD,1.0,USD,-
ALLISON TRANSMISSION HOLDINGS INC,ALSN,,,,,60874.0,7470457.28,0.02,,,Industrials,,IWM,2026-02-27,,,,,,,,122.72,,,,,Equity,"7,470,457.28",United States,NYSE,USD,1.0,USD,-
AMERICAN HOMES RENT REIT CLASS A,AMH,,,,,247120.0,7366647.2,0.02,,,Real Estate,,IWM,2026-02-27,,,,,,,,29.81,,,,,Equity,"7,366,647.20",United States,NYSE,USD,1.0,USD,-
SAIA INC,SAIA,,,,,19142.0,7356844.86,0.02,,,Industrials,,IWM,2026-02-27,,,,,,,,384.33,,,,,Equity,"7,356,844.86",United States,NASDAQ,USD,1.0,USD,-
QIAGEN NV,QGEN,,,,,149279.0,7257944.98,0.02,,,Health Care,,IWM,2026-02-27,,,,,,,,48.62,,,,,Equity,"7,257,944.98",Germany,NYSE,USD,1.0,USD,-
EASTGROUP PROPERTIES REIT INC,EGP,,,,,37959.0,7244475.15,0.02,,,Real Estate,,IWM,2026-02-27,,,,,,,,190.85,,,,,Equity,"7,244,475.15",United States,NYSE,USD,1.0,USD,-
ANTERO RESOURCES CORP,AR,,,,,210243.0,7234461.63,0.02,,,Energy,,IWM,2026-02-27,,,,,,,,34.41,,,,,Equity,"7,234,461.63",United States,NYSE,USD,1.0,USD,-
WINTRUST FINANCIAL CORP,WTFC,,,,,48228.0,7230341.76,0.02,,,Financials,,IWM,2026-02-27,,,,,,,,149.92,,,,,Equity,"7,230,341.76",United States,NASDAQ,USD,1.0,USD,-
OGE ENERGY CORP,OGE,,,,,148934.0,7209894.94,0.02,,,Utilities,,IWM,2026-02-27,,,,,,,,48.41,,,,,Equity,"7,209,894.94",United States,NYSE,USD,1.0,USD,-
COGNEX CORP,CGNX,,,,,125580.0,7210803.6,0.02,,,Information Technology,,IWM,2026-02-27,,,,,,,,57.42,,,,,Equity,"7,210,803.60",United States,NASDAQ,USD,1.0,USD,-
INVESCO LTD,IVZ,,,,,268701.0,7195812.78,0.02,,,Financials,,IWM,2026-02-27,,,,,,,,26.78,,,,,Equity,"7,195,812.78",United States,NYSE,USD,1.0,USD,-
GAMESTOP CORP CLASS A,GME,,,,,296790.0,7188253.8,0.02,,,Consumer Discretionary,,IWM,2026-02-27,,,,,,,,24.22,,,,,Equity,"7,188,253.80",United States,NYSE,USD,1.0,USD,-
POPULAR INC,BPOP,,,,,50873.0,7188863.63,0.02,,,Financials,,IWM,2026-02-27,,,,,,,,141.31,,,,,Equity,"7,188,863.63",United States,NASDAQ,USD,1.0,USD,-
CRANE,CR,,,,,35275.0,7181637.25,0.02,,,Industrials,,IWM,2026-02-27,,,,,,,,203.59,,,,,Equity,"7,181,637.25",United States,NYSE,USD,1.0,USD,-
NUTANIX INC CLASS A,NTNX,,,,,186688.0,7176286.72,0.02,,,Information Technology,,IWM,2026-02-27,,,,,,,,38.44,,,,,Equity,"7,176,286.72",United States,NASDAQ,USD,1.0,USD,-
APA CORP,APA,,,,,255919.0,7124784.96,0.02,,,Energy,,IWM,2026-02-27,,,,,,,,27.84,,,,,Equity,"7,124,784.96",United States,NASDAQ,USD,1.0,USD,-
TORO,TTC,,,,,71963.0,7125056.63,0.02,,,Industrials,,IWM,2026-02-27,,,,,,,,99.01,,,,,Equity,"7,125,056.63",United States,NYSE,USD,1.0,USD,-
MEDPACE HOLDINGS INC,MEDP,,,,,16162.0,7080248.96,0.02,,,Health Care,,IWM,2026-02-27,,,,,,,,438.08,,,,,Equity,"7,080,248.96",United States,NASDAQ,USD,1.0,USD,-
OLD REPUBLIC INTERNATIONAL CORP,ORI,,,,,166235.0,7035065.2,0.02,,,Financials,,IWM,2026-02-27,,,,,,,,42.32,,,,,Equity,"7,035,065.20",United States,NYSE,USD,1.0,USD,-
WESTERN ALLIANCE,WAL,,,,,77938.0,6927908.82,0.01,,,Financials,,IWM,2026-02-27,,,,,,,,88.89,,,,,Equity,"6,927,908.82",United States,NYSE,USD,1.0,USD,-
APTARGROUP INC,ATR,,,,,48449.0,6912703.32,0.01,,,Materials,,IWM,2026-02-27,,,,,,,,142.68,,,,,Equity,"6,912,703.32",United States,NYSE,USD,1.0,USD,-
ACUITY INC,AYI,,,,,22494.0,6895310.76,0.01,,,Industrials,,IWM,2026-02-27,,,,,,,,306.54,,,,,Equity,"6,895,310.76",United States,NYSE,USD,1.0,USD,-
BXP INC,BXP,,,,,113923.0,6869556.9,0.01,,,Real Estate,,IWM,2026-02-27,,,,,,,,60.30,,,,,Equity,"6,869,556.90",United States,NYSE,USD,1.0,USD,-
BRIXMOR PROPERTY GROUP REIT INC,BRX,,,,,225242.0,6779784.2,0.01,,,Real Estate,,IWM,2026-02-27,,,,,,,,30.10,,,,,Equity,"6,779,784.20",United States,NYSE,USD,1.0,USD,-
ALEXANDRIA REAL ESTATE EQUITIES RE,ARE,,,,,124839.0,6748796.34,0.01,,,Real Estate,,IWM,2026-02-27,,,,,,,,54.06,,,,,Equity,"6,748,796.34",United States,NYSE,USD,1.0,USD,-
FEDERAL REALTY INVESTMENT TRUST RE,FRT,,,,,62167.0,6713414.33,0.01,,,Real Estate,,IWM,2026-02-27,,,,,,,,107.99,,,,,Equity,"6,713,414.33",United States,NYSE,USD,1.0,USD,-
BIO TECHNE CORP,TECH,,,,,115670.0,6693822.9,0.01,,,Health Care,,IWM,2026-02-27,,,,,,,,57.87,,,,,Equity,"6,693,822.90",United States,NASDAQ,USD,1.0,USD,-
RANGE RESOURCES CORP,RRC,,,,,170930.0,6688490.9,0.01,,,Energy,,IWM,2026-02-27,,,,,,,,39.13,,,,,Equity,"6,688,490.90",United States,NYSE,USD,1.0,USD,-
CASH COLLATERAL USD SGAFT,SGAFT,,,,,6671000.0,6671000.0,0.01,,,Cash and/or Derivatives,,IWM,2026-02-27,,,,,,,,100.00,,,,,Cash Collateral and Margins,"6,671,000.00",United States,-,USD,1.0,USD,"Sep 01, 2016"
SKYWORKS SOLUTIONS INC,SWKS,,,,,111464.0,6667776.48,0.01,,,Information Technology,,IWM,2026-02-27,,,,,,,,59.82,,,,,Equity,"6,667,776.48",United States,NASDAQ,USD,1.0,USD,-
XP CLASS A INC,XP,,,,,297393.0,6643759.62,0.01,,,Financials,,IWM,2026-02-27,,,,,,,,22.34,,,,,Equity,"6,643,759.62",Brazil,NASDAQ,USD,1.0,USD,-
KNIGHT-SWIFT TRANSPORTATION HOLDIN,KNX,,,,,112864.0,6627374.08,0.01,,,Industrials,,IWM,2026-02-27,,,,,,,,58.72,,,,,Equity,"6,627,374.08",United States,NYSE,USD,1.0,USD,-
VALMONT INDS INC,VMI,,,,,14294.0,6629843.08,0.01,,,Industrials,,IWM,2026-02-27,,,,,,,,463.82,,,,,Equity,"6,629,843.08",United States,NYSE,USD,1.0,USD,-
BOOZ ALLEN HAMILTON HOLDING CORP C,BAH,,,,,88154.0,6621246.94,0.01,,,Industrials,,IWM,2026-02-27,,,,,,,,75.11,,,,,Equity,"6,621,246.94",United States,NYSE,USD,1.0,USD,-
LITTELFUSE INC,LFUS,,,,,17506.0,6594335.14,0.01,,,Information Technology,,IWM,2026-02-27,,,,,,,,376.69,,,,,Equity,"6,594,335.14",United States,NASDAQ,USD,1.0,USD,-
NEWS CORP CLASS A,NWSA,,,,,278901.0,6576485.58,0.01,,,Communication,,IWM,2026-02-27,,,,,,,,23.58,,,,,Equity,"6,576,485.58",United States,NASDAQ,USD,1.0,USD,-
HOULIHAN LOKEY INC CLASS A,HLI,,,,,39531.0,6561750.69,0.01,,,Financials,,IWM,2026-02-27,,,,,,,,165.99,,,,,Equity,"6,561,750.69",United States,NYSE,USD,1.0,USD,-
COLUMBIA BANKING SYSTEM INC,COLB,,,,,215700.0,6565908.0,0.01,,,Financials,,IWM,2026-02-27,,,,,,,,30.44,,,,,Equity,"6,565,908.00",United States,NASDAQ,USD,1.0,USD,-
HENRY SCHEIN INC,HSIC,,,,,79666.0,6525442.06,0.01,,,Health Care,,IWM,2026-02-27,,,,,,,,81.91,,,,,Equity,"6,525,442.06",United States,NASDAQ,USD,1.0,USD,-
CONAGRA BRANDS INC,CAG,,,,,348762.0,6511386.54,0.01,,,Consumer Staples,,IWM,2026-02-27,,,,,,,,18.67,,,,,Equity,"6,511,386.54",United States,NYSE,USD,1.0,USD,-
ZIONS BANCORPORATION,ZION,,,,,107424.0,6488409.6,0.01,,,Financials,,IWM,2026-02-27,,,,,,,,60.40,,,,,Equity,"6,488,409.60",United States,NASDAQ,USD,1.0,USD,-
RYDER SYSTEM INC,R,,,,,29251.0,6462130.92,0.01,,,Industrials,,IWM,2026-02-27,,,,,,,,220.92,,,,,Equity,"6,462,130.92",United States,NYSE,USD,1.0,USD,-
CUBESMART REIT,CUBE,,,,,162503.0,6452994.13,0.01,,,Real Estate,,IWM,2026-02-27,,,,,,,,39.71,,,,,Equity,"6,452,994.13",United States,NYSE,USD,1.0,USD,-
REXFORD INDUSTRIAL REALTY REIT INC,REXR,,,,,172353.0,6437384.55,0.01,,,Real Estate,,IWM,2026-02-27,,,,,,,,37.35,,,,,Equity,"6,437,384.55",United States,NYSE,USD,1.0,USD,-
TETRA TECH INC,TTEK,,,,,192179.0,6421661.29,0.01,,,Industrials,,IWM,2026-02-27,,,,,,,,33.41,,,,,Equity,"6,421,661.29",United States,NASDAQ,USD,1.0,USD,-
AMERICAN AIRLINES GROUP INC,AAL,,,,,481898.0,6418881.36,0.01,,,Industrials,,IWM,2026-02-27,,,,,,,,13.32,,,,,Equity,"6,418,881.36",United States,NASDAQ,USD,1.0,USD,-
A O SMITH CORP,AOS,,,,,84062.0,6413930.6,0.01,,,Industrials,,IWM,2026-02-27,,,,,,,,76.30,,,,,Equity,"6,413,930.60",United States,NYSE,USD,1.0,USD,-
AFFILIATED MANAGERS GROUP INC,AMG,,,,,20326.0,6354517.38,0.01,,,Financials,,IWM,2026-02-27,,,,,,,,312.63,,,,,Equity,"6,354,517.38",United States,NYSE,USD,1.0,USD,-
AMERICAN FINANCIAL GROUP INC,AFG,,,,,48090.0,6337300.2,0.01,,,Financials,,IWM,2026-02-27,,,,,,,,131.78,,,,,Equity,"6,337,300.20",United States,NYSE,USD,1.0,USD,-
DOCUSIGN INC,DOCU,,,,,146296.0,6328764.96,0.01,,,Information Technology,,IWM,2026-02-27,,,,,,,,43.26,,,,,Equity,"6,328,764.96",United States,NASDAQ,USD,1.0,USD,-
EASTMAN CHEMICAL,EMN,,,,,83520.0,6303254.4,0.01,,,Materials,,IWM,2026-02-27,,,,,,,,75.47,,,,,Equity,"6,303,254.40",United States,NYSE,USD,1.0,USD,-
MOSAIC,MOS,,,,,233189.0,6291439.22,0.01,,,Materials,,IWM,2026-02-27,,,,,,,,26.98,,,,,Equity,"6,291,439.22",United States,NYSE,USD,1.0,USD,-
AGREE REALTY REIT CORP,ADC,,,,,78781.0,6267816.36,0.01,,,Real Estate,,IWM,2026-02-27,,,,,,,,79.56,,,,,Equity,"6,267,816.36",United States,NYSE,USD,1.0,USD,-
HALOZYME THERAPEUTICS INC,HALO,,,,,89114.0,6269169.9,0.01,,,Health Care,,IWM,2026-02-27,,,,,,,,70.35,,,,,Equity,"6,269,169.90",United States,NASDAQ,USD,1.0,USD,-
SAMSARA INC CLASS A,IOT,,,,,227852.0,6252258.88,0.01,,,Information Technology,,IWM,2026-02-27,,,,,,,,27.44,,,,,Equity,"6,252,258.88",United States,NYSE,USD,1.0,USD,-
LKQ CORP,LKQ,,,,,190870.0,6241449.0,0.01,,,Consumer Discretionary,,IWM,2026-02-27,,,,,,,,32.70,,,,,Equity,"6,241,449.00",United States,NASDAQ,USD,1.0,USD,-
AGCO CORP,AGCO,,,,,46515.0,6229288.8,0.01,,,Industrials,,IWM,2026-02-27,,,,,,,,133.92,,,,,Equity,"6,229,288.80",United States,NYSE,USD,1.0,USD,-
CAVA GROUP INC,CAVA,,,,,72574.0,6217414.58,0.01,,,Consumer Discretionary,,IWM,2026-02-27,,,,,,,,85.67,,,,,Equity,"6,217,414.58",United States,NYSE,USD,1.0,USD,-
CONFLUENT INC CLASS A,CFLT,,,,,201316.0,6168322.24,0.01,,,Information Technology,,IWM,2026-02-27,,,,,,,,30.64,,,,,Equity,"6,168,322.24",United States,NASDAQ,USD,1.0,USD,-
FRANKLIN RESOURCES INC,BEN,,,,,226097.0,6163404.22,0.01,,,Financials,,IWM,2026-02-27,,,,,,,,27.26,,,,,Equity,"6,163,404.22",United States,NYSE,USD,1.0,USD,-
PRIMERICA INC,PRI,,,,,24091.0,6150914.12,0.01,,,Financials,,IWM,2026-02-27,,,,,,,,255.32,,,,,Equity,"6,150,914.12",United States,NYSE,USD,1.0,USD,-
DARLING INGREDIENTS INC,DAR,,,,,115209.0,6116445.81,0.01,,,Consumer Staples,,IWM,2026-02-27,,,,,,,,53.09,,,,,Equity,"6,116,445.81",United States,NYSE,USD,1.0,USD,-
CULLEN FROST BANKERS INC,CFR,,,,,42719.0,6100700.39,0.01,,,Financials,,IWM,2026-02-27,,,,,,,,142.81,,,,,Equity,"6,100,700.39",United States,NYSE,USD,1.0,USD,-
SEI INVESTMENTS,SEIC,,,,,74309.0,6078476.2,0.01,,,Financials,,IWM,2026-02-27,,,,,,,,81.80,,,,,Equity,"6,078,476.20",United States,NASDAQ,USD,1.0,USD,-
CELSIUS HOLDINGS INC,CELH,,,,,119565.0,6051184.65,0.01,,,Consumer Staples,,IWM,2026-02-27,,,,,,,,50.61,,,,,Equity,"6,051,184.65",United States,NASDAQ,USD,1.0,USD,-
ARROW ELECTRONICS INC,ARW,,,,,38970.0,6013071.0,0.01,,,Information Technology,,IWM,2026-02-27,,,,,,,,154.30,,,,,Equity,"6,013,071.00",United States,NYSE,USD,1.0,USD,-
NNN REIT INC,NNN,,,,,135272.0,6003371.36,0.01,,,Real Estate,,IWM,2026-02-27,,,,,,,,44.38,,,,,Equity,"6,003,371.36",United States,NYSE,USD,1.0,USD,-
WYNN RESORTS LTD,WYNN,,,,,55686.0,5983460.7,0.01,,,Consumer Discretionary,,IWM,2026-02-27,,,,,,,,107.45,,,,,Equity,"5,983,460.70",United States,NASDAQ,USD,1.0,USD,-
UGI CORP,UGI,,,,,160216.0,5960035.2,0.01,,,Utilities,,IWM,2026-02-27,,,,,,,,37.20,,,,,Equity,"5,960,035.20",United States,NYSE,USD,1.0,USD,-
CHARLES RIVER LABORATORIES INTERNA,CRL,,,,,35473.0,5943855.88,0.01,,,Health Care,,IWM,2026-02-27,,,,,,,,167.56,,,,,Equity,"5,943,855.88",United States,NYSE,USD,1.0,USD,-
ELEMENT SOLUTIONS INC,ESI,,,,,165111.0,5925833.79,0.01,,,Materials,,IWM,2026-02-27,,,,,,,,35.89,,,,,Equity,"5,925,833.79",United States,NYSE,USD,1.0,USD,-
KINSALE CAPITAL GROUP INC,KNSL,,,,,15883.0,5926900.28,0.01,,,Financials,,IWM,2026-02-27,,,,,,,,373.16,,,,,Equity,"5,926,900.28",United States,NYSE,USD,1.0,USD,-
SIMPSON MANUFACTURING INC,SSD,,,,,30861.0,5905252.35,0.01,,,Industrials,,IWM,2026-02-27,,,,,,,,191.35,,,,,Equity,"5,905,252.35",United States,NYSE,USD,1.0,USD,-
MOLSON COORS BREWING CLASS B,TAP,,,,,124327.0,5906775.77,0.01,,,Consumer Staples,,IWM,2026-02-27,,,,,,,,47.51,,,,,Equity,"5,906,775.77",United States,NYSE,USD,1.0,USD,-
MANHATTAN ASSOCIATES INC,MANH,,,,,43500.0,5885550.0,0.01,,,Information Technology,,IWM,2026-02-27,,,,,,,,135.30,,,,,Equity,"5,885,550.00",United States,NASDAQ,USD,1.0,USD,-
MASIMO CORP,MASI,,,,,33243.0,5820849.3,0.01,,,Health Care,,IWM,2026-02-27,,,,,,,,175.10,,,,,Equity,"5,820,849.30",United States,NASDAQ,USD,1.0,USD,-
HF SINCLAIR CORP,DINO,,,,,116342.0,5800812.12,0.01,,,Energy,,IWM,2026-02-27,,,,,,,,49.86,,,,,Equity,"5,800,812.12",United States,NYSE,USD,1.0,USD,-
MIDDLEBY CORP,MIDD,,,,,36666.0,5785161.48,0.01,,,Industrials,,IWM,2026-02-27,,,,,,,,157.78,,,,,Equity,"5,785,161.48",United States,NASDAQ,USD,1.0,USD,-
FIRST INDUSTRIAL REALTY TRUST INC,FR,,,,,92053.0,5753312.5,0.01,,,Real Estate,,IWM,2026-02-27,,,,,,,,62.50,,,,,Equity,"5,753,312.50",United States,NYSE,USD,1.0,USD,-
NATIONAL FUEL GAS,NFG,,,,,65025.0,5753412.0,0.01,,,Utilities,,IWM,2026-02-27,,,,,,,,88.48,,,,,Equity,"5,753,412.00",United States,NYSE,USD,1.0,USD,-
FACTSET RESEARCH SYSTEMS INC,FDS,,,,,27738.0,5731225.56,0.01,,,Financials,,IWM,2026-02-27,,,,,,,,206.62,,,,,Equity,"5,731,225.56",United States,NYSE,USD,1.0,USD,-
AXIS CAPITAL HOLDINGS LTD,AXS,,,,,55669.0,5711082.71,0.01,,,Financials,,IWM,2026-02-27,,,,,,,,102.59,,,,,Equity,"5,711,082.71",United States,NYSE,USD,1.0,USD,-
MOLINA HEALTHCARE INC,MOH,,,,,39001.0,5676595.55,0.01,,,Health Care,,IWM,2026-02-27,,,,,,,,145.55,,,,,Equity,"5,676,595.55",United States,NYSE,USD,1.0,USD,-
MATCH GROUP INC,MTCH,,,,,180042.0,5649717.96,0.01,,,Communication,,IWM,2026-02-27,,,,,,,,31.38,,,,,Equity,"5,649,717.96",United States,NASDAQ,USD,1.0,USD,-
JEFFERIES FINANCIAL GROUP INC,JEF,,,,,111350.0,5644331.5,0.01,,,Financials,,IWM,2026-02-27,,,,,,,,50.69,,,,,Equity,"5,644,331.50",United States,NYSE,USD,1.0,USD,-
IDACORP INC,IDA,,,,,38884.0,5537081.6,0.01,,,Utilities,,IWM,2026-02-27,,,,,,,,142.40,,,,,Equity,"5,537,081.60",United States,NYSE,USD,1.0,USD,-
VIPER ENERGY INC CLASS A,VNOM,,,,,122833.0,5533626.65,0.01,,,Energy,,IWM,2026-02-27,,,,,,,,45.05,,,,,Equity,"5,533,626.65",United States,NASDAQ,USD,1.0,USD,-
WEATHERFORD INTERNATIONAL PLC,WFRD,,,,,52623.0,5523310.08,0.01,,,Energy,,IWM,2026-02-27,,,,,,,,104.96,,,,,Equity,"5,523,310.08",United States,NASDAQ,USD,1.0,USD,-
MP MATERIALS CORP CLASS A,MP,,,,,94205.0,5526065.3,0.01,,,Materials,,IWM,2026-02-27,,,,,,,,58.66,,,,,Equity,"5,526,065.30",United States,NYSE,USD,1.0,USD,-
ANTERO MIDSTREAM CORP,AM,,,,,246662.0,5495629.36,0.01,,,Energy,,IWM,2026-02-27,,,,,,,,22.28,,,,,Equity,"5,495,629.36",United States,NYSE,USD,1.0,USD,-
NOV INC,NOV,,,,,271723.0,5477935.68,0.01,,,Energy,,IWM,2026-02-27,,,,,,,,20.16,,,,,Equity,"5,477,935.68",United States,NYSE,USD,1.0,USD,-
GXO LOGISTICS INC,GXO,,,,,84871.0,5413921.09,0.01,,,Industrials,,IWM,2026-02-27,,,,,,,,63.79,,,,,Equity,"5,413,921.09",United States,NYSE,USD,1.0,USD,-
AMDOCS LTD,DOX,,,,,81482.0,5414478.9,0.01,,,Information Technology,,IWM,2026-02-27,,,,,,,,66.45,,,,,Equity,"5,414,478.90",United States,NASDAQ,USD,1.0,USD,-
INGREDION INC,INGR,,,,,46445.0,5408055.8,0.01,,,Consumer Staples,,IWM,2026-02-27,,,,,,,,116.44,,,,,Equity,"5,408,055.80",United States,NYSE,USD,1.0,USD,-
MSA SAFETY INC,MSA,,,,,27650.0,5409722.5,0.01,,,Industrials,,IWM,2026-02-27,,,,,,,,195.65,,,,,Equity,"5,409,722.50",United States,NYSE,USD,1.0,USD,-
FOX CORP CLASS B,FOX,,,,,108685.0,5392949.7,0.01,,,Communication,,IWM,2026-02-27,,,,,,,,49.62,,,,,Equity,"5,392,949.70",United States,NASDAQ,USD,1.0,USD,-
ARMSTRONG WORLD INDUSTRIES INC,AWI,,,,,31287.0,5387934.27,0.01,,,Industrials,,IWM,2026-02-27,,,,,,,,172.21,,,,,Equity,"5,387,934.27",United States,NYSE,USD,1.0,USD,-
HORMEL FOODS CORP,HRL,,,,,212894.0,5388347.14,0.01,,,Consumer Staples,,IWM,2026-02-27,,,,,,,,25.31,,,,,Equity,"5,388,347.14",United States,NYSE,USD,1.0,USD,-
ZILLOW GROUP INC CLASS C,Z,,,,,118338.0,5361894.78,0.01,,,Real Estate,,IWM,2026-02-27,,,,,,,,45.31,,,,,Equity,"5,361,894.78",United States,NASDAQ,USD,1.0,USD,-
ALBERTSONS COMPANY INC CLASS A,ACI,,,,,302275.0,5350267.5,0.01,,,Consumer Staples,,IWM,2026-02-27,,,,,,,,17.70,,,,,Equity,"5,350,267.50",United States,NYSE,USD,1.0,USD,-
CIRRUS LOGIC INC,CRUS,,,,,37243.0,5346977.51,0.01,,,Information Technology,,IWM,2026-02-27,,,,,,,,143.57,,,,,Equity,"5,346,977.51",United States,NASDAQ,USD,1.0,USD,-
HEXCEL CORP,HXL,,,,,57673.0,5348594.02,0.01,,,Industrials,,IWM,2026-02-27,,,,,,,,92.74,,,,,Equity,"5,348,594.02",United States,NYSE,USD,1.0,USD,-
AXALTA COATING SYSTEMS LTD,AXTA,,,,,158574.0,5348701.02,0.01,,,Materials,,IWM,2026-02-27,,,,,,,,33.73,,,,,Equity,"5,348,701.02",United States,NYSE,USD,1.0,USD,-
EAGLE MATERIALS INC,EXP,,,,,24024.0,5339814.48,0.01,,,Materials,,IWM,2026-02-27,,,,,,,,222.27,,,,,Equity,"5,339,814.48",United States,NYSE,USD,1.0,USD,-
EPAM SYSTEMS INC,EPAM,,,,,40459.0,5303365.72,0.01,,,Information Technology,,IWM,2026-02-27,,,,,,,,131.08,,,,,Equity,"5,303,365.72",United States,NYSE,USD,1.0,USD,-
MGM RESORTS INTERNATIONAL,MGM,,,,,149006.0,5298653.36,0.01,,,Consumer Discretionary,,IWM,2026-02-27,,,,,,,,35.56,,,,,Equity,"5,298,653.36",United States,NYSE,USD,1.0,USD,-
WAYFAIR INC CLASS A,W,,,,,69888.0,5294016.0,0.01,,,Consumer Discretionary,,IWM,2026-02-27,,,,,,,,75.75,,,,,Equity,"5,294,016.00",United States,NYSE,USD,1.0,USD,-
FLOOR DECOR HOLDINGS INC CLASS A,FND,,,,,76897.0,5268213.47,0.01,,,Consumer Discretionary,,IWM,2026-02-27,,,,,,,,68.51,,,,,Equity,"5,268,213.47",United States,NYSE,USD,1.0,USD,-
KIRBY CORP,KEX,,,,,40450.0,5263354.0,0.01,,,Industrials,,IWM,2026-02-27,,,,,,,,130.12,,,,,Equity,"5,263,354.00",United States,NYSE,USD,1.0,USD,-
SPROUTS FARMERS MARKET INC,SFM,,,,,71191.0,5248912.43,0.01,,,Consumer Staples,,IWM,2026-02-27,,,,,,,,73.73,,,,,Equity,"5,248,912.43",United States,NASDAQ,USD,1.0,USD,-
STAG INDUSTRIAL REIT INC,STAG,,,,,135440.0,5222566.4,0.01,,,Real Estate,,IWM,2026-02-27,,,,,,,,38.56,,,,,Equity,"5,222,566.40",United States,NYSE,USD,1.0,USD,-
LITHIA MOTORS INC CLASS A,LAD,,,,,18610.0,5201867.2,0.01,,,Consumer Discretionary,,IWM,2026-02-27,,,,,,,,279.52,,,,,Equity,"5,201,867.20",United States,NYSE,USD,1.0,USD,-
POOL CORP,POOL,,,,,24082.0,5171609.5,0.01,,,Consumer Discretionary,,IWM,2026-02-27,,,,,,,,214.75,,,,,Equity,"5,171,609.50",United States,NASDAQ,USD,1.0,USD,-
ESAB CORP,ESAB,,,,,41383.0,5163770.74,0.01,,,Industrials,,IWM,2026-02-27,,,,,,,,124.78,,,,,Equity,"5,163,770.74",United States,NYSE,USD,1.0,USD,-
WINGSTOP INC,WING,,,,,20198.0,5134331.6,0.01,,,Consumer Discretionary,,IWM,2026-02-27,,,,,,,,254.20,,,,,Equity,"5,134,331.60",United States,NASDAQ,USD,1.0,USD,-
LEAR CORP,LEA,,,,,38226.0,5107375.86,0.01,,,Consumer Discretionary,,IWM,2026-02-27,,,,,,,,133.61,,,,,Equity,"5,107,375.86",United States,NYSE,USD,1.0,USD,-
QORVO INC,QRVO,,,,,61788.0,5088859.68,0.01,,,Information Technology,,IWM,2026-02-27,,,,,,,,82.36,,,,,Equity,"5,088,859.68",United States,NASDAQ,USD,1.0,USD,-
RUBRIK INC CLASS A,RBRK,,,,,97596.0,5090607.36,0.01,,,Information Technology,,IWM,2026-02-27,,,,,,,,52.16,,,,,Equity,"5,090,607.36",United States,NYSE,USD,1.0,USD,-
COMMERCE BANCSHARES INC,CBSH,,,,,96074.0,5079432.38,0.01,,,Financials,,IWM,2026-02-27,,,,,,,,52.87,,,,,Equity,"5,079,432.38",United States,NASDAQ,USD,1.0,USD,-
GATES INDUSTRIAL PLC,GTES,,,,,184773.0,5083105.23,0.01,,,Industrials,,IWM,2026-02-27,,,,,,,,27.51,,,,,Equity,"5,083,105.23",United States,NYSE,USD,1.0,USD,-
REPLIGEN CORP,RGEN,,,,,38314.0,5062811.96,0.01,,,Health Care,,IWM,2026-02-27,,,,,,,,132.14,,,,,Equity,"5,062,811.96",United States,NASDAQ,USD,1.0,USD,-
VF CORP,VFC,,,,,258035.0,5042003.9,0.01,,,Consumer Discretionary,,IWM,2026-02-27,,,,,,,,19.54,,,,,Equity,"5,042,003.90",United States,NYSE,USD,1.0,USD,-
BLUE OWL CAPITAL INC CLASS A,OWL,,,,,443664.0,5035586.4,0.01,,,Financials,,IWM,2026-02-27,,,,,,,,11.35,,,,,Equity,"5,035,586.40",United States,NYSE,USD,1.0,USD,-
HYATT HOTELS CORP CLASS A,H,,,,,29964.0,5036948.4,0.01,,,Consumer Discretionary,,IWM,2026-02-27,,,,,,,,168.10,,,,,Equity,"5,036,948.40",United States,NYSE,USD,1.0,USD,-
MURPHY USA INC,MUSA,,,,,13091.0,5028384.01,0.01,,,Consumer Discretionary,,IWM,2026-02-27,,,,,,,,384.11,,,,,Equity,"5,028,384.01",United States,NYSE,USD,1.0,USD,-
MILLICOM INTERNATIONAL CELLULAR SA,TIGO,,,,,74709.0,4983090.3,0.01,,,Communication,,IWM,2026-02-27,,,,,,,,66.70,,,,,Equity,"4,983,090.30",Sweden,NASDAQ,USD,1.0,USD,-
AAON INC,AAON,,,,,49794.0,4932095.7,0.01,,,Industrials,,IWM,2026-02-27,,,,,,,,99.05,,,,,Equity,"4,932,095.70",United States,NASDAQ,USD,1.0,USD,-
EVERUS CONSTRUCTION GROUP INC,ECG,,,,,37724.0,4907892.4,0.01,,,Industrials,,IWM,2026-02-27,,,,,,,,130.10,,,,,Equity,"4,907,892.40",United States,NYSE,USD,1.0,USD,-
MARKETAXESS HOLDINGS INC,MKTX,,,,,27162.0,4903012.62,0.01,,,Financials,,IWM,2026-02-27,,,,,,,,180.51,,,,,Equity,"4,903,012.62",United States,NASDAQ,USD,1.0,USD,-
VOYA FINANCIAL INC,VOYA,,,,,70220.0,4904164.8,0.01,,,Financials,,IWM,2026-02-27,,,,,,,,69.84,,,,,Equity,"4,904,164.80",United States,NYSE,USD,1.0,USD,-
AIR LEASE CORP CLASS A,AL,,,,,75174.0,4875033.9,0.01,,,Industrials,,IWM,2026-02-27,,,,,,,,64.85,,,,,Equity,"4,875,033.90",United States,NYSE,USD,1.0,USD,-
FORTUNE BRANDS INNOVATIONS INC,FBIN,,,,,89866.0,4871635.86,0.01,,,Industrials,,IWM,2026-02-27,,,,,,,,54.21,,,,,Equity,"4,871,635.86",United States,NYSE,USD,1.0,USD,-
PLANET FITNESS INC CLASS A,PLNT,,,,,60875.0,4873043.75,0.01,,,Consumer Discretionary,,IWM,2026-02-27,,,,,,,,80.05,,,,,Equity,"4,873,043.75",United States,NYSE,USD,1.0,USD,-
TIMKEN,TKR,,,,,45098.0,4856603.62,0.01,,,Industrials,,IWM,2026-02-27,,,,,,,,107.69,,,,,Equity,"4,856,603.62",United States,NYSE,USD,1.0,USD,-
CHEMED CORP,CHE,,,,,10348.0,4828376.8,0.01,,,Health Care,,IWM,2026-02-27,,,,,,,,466.60,,,,,Equity,"4,828,376.80",United States,NYSE,USD,1.0,USD,-
FIRST AMERICAN FINANCIAL CORP,FAF,,,,,70641.0,4777450.83,0.01,,,Financials,,IWM,2026-02-27,,,,,,,,67.63,,,,,Equity,"4,777,450.83",United States,NYSE,USD,1.0,USD,-
ONEMAIN HOLDINGS INC,OMF,,,,,84667.0,4772678.79,0.01,,,Financials,,IWM,2026-02-27,,,,,,,,56.37,,,,,Equity,"4,772,678.79",United States,NYSE,USD,1.0,USD,-
PROSPERITY BANCSHARES INC,PB,,,,,66513.0,4764326.19,0.01,,,Financials,,IWM,2026-02-27,,,,,,,,71.63,,,,,Equity,"4,764,326.19",United States,NYSE,USD,1.0,USD,-
NEXSTAR MEDIA GROUP INC,NXST,,,,,20498.0,4766604.92,0.01,,,Communication,,IWM,2026-02-27,,,,,,,,232.54,,,,,Equity,"4,766,604.92",United States,NASDAQ,USD,1.0,USD,-
FNB CORP,FNB,,,,,265102.0,4729419.68,0.01,,,Financials,,IWM,2026-02-27,,,,,,,,17.84,,,,,Equity,"4,729,419.68",United States,NYSE,USD,1.0,USD,-
MOHAWK INDUSTRIES INC,MHK,,,,,38150.0,4710762.0,0.01,,,Consumer Discretionary,,IWM,2026-02-27,,,,,,,,123.48,,,,,Equity,"4,710,762.00",United States,NYSE,USD,1.0,USD,-
CARMAX INC,KMX,,,,,111804.0,4702476.24,0.01,,,Consumer Discretionary,,IWM,2026-02-27,,,,,,,,42.06,,,,,Equity,"4,702,476.24",United States,NYSE,USD,1.0,USD,-
JANUS HENDERSON GROUP PLC,JHG,,,,,93651.0,4696597.65,0.01,,,Financials,,IWM,2026-02-27,,,,,,,,50.15,,,,,Equity,"4,696,597.65",United States,NYSE,USD,1.0,USD,-
SITEONE LANDSCAPE SUPPLY INC,SITE,,,,,33267.0,4671019.47,0.01,,,Industrials,,IWM,2026-02-27,,,,,,,,140.41,,,,,Equity,"4,671,019.47",United States,NYSE,USD,1.0,USD,-
LAMB WESTON HOLDINGS INC,LW,,,,,99077.0,4664545.16,0.01,,,Consumer Staples,,IWM,2026-02-27,,,,,,,,47.08,,,,,Equity,"4,664,545.16",United States,NYSE,USD,1.0,USD,-
PAYCOM SOFTWARE INC,PAYC,,,,,37656.0,4665954.96,0.01,,,Industrials,,IWM,2026-02-27,,,,,,,,123.91,,,,,Equity,"4,665,954.96",United States,NYSE,USD,1.0,USD,-
ENPHASE ENERGY INC,ENPH,,,,,96056.0,4657755.44,0.01,,,Information Technology,,IWM,2026-02-27,,,,,,,,48.49,,,,,Equity,"4,657,755.44",United States,NASDAQ,USD,1.0,USD,-
OLLIES BARGAIN OUTLET HOLDINGS INC,OLLI,,,,,43707.0,4650424.8,0.01,,,Consumer Discretionary,,IWM,2026-02-27,,,,,,,,106.40,,,,,Equity,"4,650,424.80",United States,NASDAQ,USD,1.0,USD,-
RAYONIER REIT INC,RYN,,,,,217826.0,4646228.58,0.01,,,Real Estate,,IWM,2026-02-27,,,,,,,,21.33,,,,,Equity,"4,646,228.58",United States,NYSE,USD,1.0,USD,-
WYNDHAM HOTELS RESORTS INC,WH,,,,,55316.0,4644331.36,0.01,,,Consumer Discretionary,,IWM,2026-02-27,,,,,,,,83.96,,,,,Equity,"4,644,331.36",United States,NYSE,USD,1.0,USD,-
HANOVER INSURANCE GROUP INC,THG,,,,,26216.0,4616899.76,0.01,,,Financials,,IWM,2026-02-27,,,,,,,,176.11,,,,,Equity,"4,616,899.76",United States,NYSE,USD,1.0,USD,-
MAPLEBEAR INC,CART,,,,,125539.0,4588450.45,0.01,,,Consumer Staples,,IWM,2026-02-27,,,,,,,,36.55,,,,,Equity,"4,588,450.45",United States,NASDAQ,USD,1.0,USD,-
GAP INC,GAP,,,,,167661.0,4557025.98,0.01,,,Consumer Discretionary,,IWM,2026-02-27,,,,,,,,27.18,,,,,Equity,"4,557,025.98",United States,NYSE,USD,1.0,USD,-
CHURCHILL DOWNS INC,CHDN,,,,,47286.0,4546076.04,0.01,,,Consumer Discretionary,,IWM,2026-02-27,,,,,,,,96.14,,,,,Equity,"4,546,076.04",United States,NASDAQ,USD,1.0,USD,-
ALASKA AIR GROUP INC,ALK,,,,,83232.0,4521162.24,0.01,,,Industrials,,IWM,2026-02-27,,,,,,,,54.32,,,,,Equity,"4,521,162.24",United States,NYSE,USD,1.0,USD,-
LINCOLN NATIONAL CORP,LNC,,,,,124762.0,4492679.62,0.01,,,Financials,,IWM,2026-02-27,,,,,,,,36.01,,,,,Equity,"4,492,679.62",United States,NYSE,USD,1.0,USD,-
HEALTHCARE REALTY TRUST INC CLASS,HR,,,,,238640.0,4431544.8,0.01,,,Real Estate,,IWM,2026-02-27,,,,,,,,18.57,,,,,Equity,"4,431,544.80",United States,NYSE,USD,1.0,USD,-
CHORD ENERGY CORP,CHRD,,,,,42662.0,4424049.4,0.01,,,Energy,,IWM,2026-02-27,,,,,,,,103.70,,,,,Equity,"4,424,049.40",United States,NASDAQ,USD,1.0,USD,-
GENPACT LTD,G,,,,,117053.0,4425773.93,0.01,,,Industrials,,IWM,2026-02-27,,,,,,,,37.81,,,,,Equity,"4,425,773.93",United States,NYSE,USD,1.0,USD,-
STARWOOD PROPERTY TRUST REIT INC,STWD,,,,,249229.0,4416337.88,0.01,,,Financials,,IWM,2026-02-27,,,,,,,,17.72,,,,,Equity,"4,416,337.88",United States,NYSE,USD,1.0,USD,-
CLEVELAND CLIFFS INC,CLF,,,,,408886.0,4411879.94,0.01,,,Materials,,IWM,2026-02-27,,,,,,,,10.79,,,,,Equity,"4,411,879.94",United States,NYSE,USD,1.0,USD,-
PROCORE TECHNOLOGIES INC,PCOR,,,,,83334.0,4400035.2,0.01,,,Information Technology,,IWM,2026-02-27,,,,,,,,52.80,,,,,Equity,"4,400,035.20",United States,NYSE,USD,1.0,USD,-
SEALED AIR CORP,SEE,,,,,104521.0,4380475.11,0.01,,,Materials,,IWM,2026-02-27,,,,,,,,41.91,,,,,Equity,"4,380,475.11",United States,NYSE,USD,1.0,USD,-
VONTIER CORP,VNT,,,,,107295.0,4364760.6,0.01,,,Information Technology,,IWM,2026-02-27,,,,,,,,40.68,,,,,Equity,"4,364,760.60",United States,NYSE,USD,1.0,USD,-
AVANTOR INC,AVTR,,,,,480038.0,4349144.28,0.01,,,Health Care,,IWM,2026-02-27,,,,,,,,9.06,,,,,Equity,"4,349,144.28",United States,NYSE,USD,1.0,USD,-
STANDARDAERO,SARO,,,,,140218.0,4322920.94,0.01,,,Industrials,,IWM,2026-02-27,,,,,,,,30.83,,,,,Equity,"4,322,920.94",United States,NYSE,USD,1.0,USD,-
UNITY SOFTWARE INC,U,,,,,231473.0,4300768.34,0.01,,,Information Technology,,IWM,2026-02-27,,,,,,,,18.58,,,,,Equity,"4,300,768.34",United States,NYSE,USD,1.0,USD,-
DUTCH BROS INC CLASS A,BROS,,,,,84251.0,4284163.35,0.01,,,Consumer Discretionary,,IWM,2026-02-27,,,,,,,,50.85,,,,,Equity,"4,284,163.35",United States,NYSE,USD,1.0,USD,-
AVNET INC,AVT,,,,,63416.0,4270433.44,0.01,,,Information Technology,,IWM,2026-02-27,,,,,,,,67.34,,,,,Equity,"4,270,433.44",United States,NASDAQ,USD,1.0,USD,-
MATADOR RESOURCES,MTDR,,,,,85665.0,4261833.75,0.01,,,Energy,,IWM,2026-02-27,,,,,,,,49.75,,,,,Equity,"4,261,833.75",United States,NYSE,USD,1.0,USD,-
MGIC INVESTMENT CORP,MTG,,,,,160487.0,4256115.24,0.01,,,Financials,,IWM,2026-02-27,,,,,,,,26.52,,,,,Equity,"4,256,115.24",United States,NYSE,USD,1.0,USD,-
BROOKFIELD RENEWABLE SUBORDINATE V,BEPC,,,,,97060.0,4248316.2,0.01,,,Utilities,,IWM,2026-02-27,,,,,,,,43.77,,,,,Equity,"4,248,316.20",Canada,NYSE,USD,1.0,USD,-
LIBERTY BROADBAND CORP SERIES C,LBRDK,,,,,80614.0,4235459.56,0.01,,,Communication,,IWM,2026-02-27,,,,,,,,52.54,,,,,Equity,"4,235,459.56",United States,NASDAQ,USD,1.0,USD,-
TPG INC CLASS A,TPG,,,,,94160.0,4207068.8,0.01,,,Financials,,IWM,2026-02-27,,,,,,,,44.68,,,,,Equity,"4,207,068.80",United States,NASDAQ,USD,1.0,USD,-
AMKOR TECHNOLOGY INC,AMKR,,,,,82202.0,4187369.88,0.01,,,Information Technology,,IWM,2026-02-27,,,,,,,,50.94,,,,,Equity,"4,187,369.88",United States,NASDAQ,USD,1.0,USD,-
WHITE MOUNTAINS INSURANCE GROUP LT,WTM,,,,,1879.0,4171906.12,0.01,,,Financials,,IWM,2026-02-27,,,,,,,,"2,220.28",,,,,Equity,"4,171,906.12",United States,NYSE,USD,1.0,USD,-
AURORA INNOVATION INC CLASS A,AUR,,,,,851803.0,4156798.64,0.01,,,Information Technology,,IWM,2026-02-27,,,,,,,,4.88,,,,,Equity,"4,156,798.64",United States,NASDAQ,USD,1.0,USD,-
DAVITA INC,DVA,,,,,27809.0,4157723.59,0.01,,,Health Care,,IWM,2026-02-27,,,,,,,,149.51,,,,,Equity,"4,157,723.59",United States,NYSE,USD,1.0,USD,-
AMER SPORTS INC,AS,,,,,108492.0,4106422.2,0.01,,,Consumer Discretionary,,IWM,2026-02-27,,,,,,,,37.85,,,,,Equity,"4,106,422.20",United States,NYSE,USD,1.0,USD,-
SONOCO PRODUCTS,SON,,,,,73256.0,4090615.04,0.01,,,Materials,,IWM,2026-02-27,,,,,,,,55.84,,,,,Equity,"4,090,615.04",United States,NYSE,USD,1.0,USD,-
CHEWY INC CLASS A,CHWY,,,,,152105.0,4024698.3,0.01,,,Consumer Discretionary,,IWM,2026-02-27,,,,,,,,26.46,,,,,Equity,"4,024,698.30",United States,NYSE,USD,1.0,USD,-
GENTEX CORP,GNTX,,,,,169793.0,4002021.01,0.01,,,Consumer Discretionary,,IWM,2026-02-27,,,,,,,,23.57,,,,,Equity,"4,002,021.01",United States,NASDAQ,USD,1.0,USD,-
MACYS INC,M,,,,,196914.0,3997354.2,0.01,,,Consumer Discretionary,,IWM,2026-02-27,,,,,,,,20.30,,,,,Equity,"3,997,354.20",United States,NYSE,USD,1.0,USD,-
CELANESE CORP,CE,,,,,79188.0,3961775.64,0.01,,,Materials,,IWM,2026-02-27,,,,,,,,50.03,,,,,Equity,"3,961,775.64",United States,NYSE,USD,1.0,USD,-
WEX INC,WEX,,,,,26296.0,3945188.88,0.01,,,Financials,,IWM,2026-02-27,,,,,,,,150.03,,,,,Equity,"3,945,188.88",United States,NYSE,USD,1.0,USD,-
AUTONATION INC,AN,,,,,20021.0,3933726.08,0.01,,,Consumer Discretionary,,IWM,2026-02-27,,,,,,,,196.48,,,,,Equity,"3,933,726.08",United States,NYSE,USD,1.0,USD,-
MATTEL INC,MAT,,,,,233517.0,3934761.45,0.01,,,Consumer Discretionary,,IWM,2026-02-27,,,,,,,,16.85,,,,,Equity,"3,934,761.45",United States,NASDAQ,USD,1.0,USD,-
THOR INDUSTRIES INC,THO,,,,,37852.0,3927145.0,0.01,,,Consumer Discretionary,,IWM,2026-02-27,,,,,,,,103.75,,,,,Equity,"3,927,145.00",United States,NYSE,USD,1.0,USD,-
CROCS INC,CROX,,,,,41548.0,3904265.56,0.01,,,Consumer Discretionary,,IWM,2026-02-27,,,,,,,,93.97,,,,,Equity,"3,904,265.56",United States,NASDAQ,USD,1.0,USD,-
SENSATA TECHNOLOGIES HOLDING PLC,ST,,,,,103063.0,3901965.18,0.01,,,Industrials,,IWM,2026-02-27,,,,,,,,37.86,,,,,Equity,"3,901,965.18",United States,NYSE,USD,1.0,USD,-
LYFT INC CLASS A,LYFT,,,,,290409.0,3891480.6,0.01,,,Industrials,,IWM,2026-02-27,,,,,,,,13.40,,,,,Equity,"3,891,480.60",United States,NASDAQ,USD,1.0,USD,-
KBR INC,KBR,,,,,95211.0,3885560.91,0.01,,,Industrials,,IWM,2026-02-27,,,,,,,,40.81,,,,,Equity,"3,885,560.91",United States,NYSE,USD,1.0,USD,-
RALLIANT CORP,RAL,,,,,83099.0,3861610.53,0.01,,,Information Technology,,IWM,2026-02-27,,,,,,,,46.47,,,,,Equity,"3,861,610.53",United States,NYSE,USD,1.0,USD,-
LOUISIANA PACIFIC CORP,LPX,,,,,46620.0,3838224.6,0.01,,,Materials,,IWM,2026-02-27,,,,,,,,82.33,,,,,Equity,"3,838,224.60",United States,NYSE,USD,1.0,USD,-
RITHM CAPITAL CORP,RITM,,,,,374404.0,3826408.88,0.01,,,Financials,,IWM,2026-02-27,,,,,,,,10.22,,,,,Equity,"3,826,408.88",United States,NYSE,USD,1.0,USD,-
RLI CORP,RLI,,,,,61526.0,3793077.9,0.01,,,Financials,,IWM,2026-02-27,,,,,,,,61.65,,,,,Equity,"3,793,077.90",United States,NYSE,USD,1.0,USD,-
BIO RAD LABORATORIES INC CLASS A,BIO,,,,,14053.0,3789391.45,0.01,,,Health Care,,IWM,2026-02-27,,,,,,,,269.65,,,,,Equity,"3,789,391.45",United States,NYSE,USD,1.0,USD,-
BRUNSWICK CORP,BC,,,,,46632.0,3775326.72,0.01,,,Consumer Discretionary,,IWM,2026-02-27,,,,,,,,80.96,,,,,Equity,"3,775,326.72",United States,NYSE,USD,1.0,USD,-
BANK OZK,OZK,,,,,76966.0,3773642.98,0.01,,,Financials,,IWM,2026-02-27,,,,,,,,49.03,,,,,Equity,"3,773,642.98",United States,NASDAQ,USD,1.0,USD,-
ETSY INC,ETSY,,,,,70453.0,3765008.32,0.01,,,Consumer Discretionary,,IWM,2026-02-27,,,,,,,,53.44,,,,,Equity,"3,765,008.32",United States,NYSE,USD,1.0,USD,-
CAMPBELL SOUP,CPB,,,,,142146.0,3765447.54,0.01,,,Consumer Staples,,IWM,2026-02-27,,,,,,,,26.49,,,,,Equity,"3,765,447.54",United States,NASDAQ,USD,1.0,USD,-
TEMPUS AI INC CLASS A,TEM,,,,,70114.0,3765822.94,0.01,,,Health Care,,IWM,2026-02-27,,,,,,,,53.71,,,,,Equity,"3,765,822.94",United States,NASDAQ,USD,1.0,USD,-
LANDSTAR SYSTEM INC,LSTR,,,,,26023.0,3755899.59,0.01,,,Industrials,,IWM,2026-02-27,,,,,,,,144.33,,,,,Equity,"3,755,899.59",United States,NASDAQ,USD,1.0,USD,-
BENTLEY SYSTEMS INC CLASS B,BSY,,,,,114481.0,3718342.88,0.01,,,Information Technology,,IWM,2026-02-27,,,,,,,,32.48,,,,,Equity,"3,718,342.88",United States,NASDAQ,USD,1.0,USD,-
VORNADO REALTY TRUST REIT,VNO,,,,,129783.0,3714389.46,0.01,,,Real Estate,,IWM,2026-02-27,,,,,,,,28.62,,,,,Equity,"3,714,389.46",United States,NYSE,USD,1.0,USD,-
POST HOLDINGS INC,POST,,,,,35497.0,3710501.41,0.01,,,Consumer Staples,,IWM,2026-02-27,,,,,,,,104.53,,,,,Equity,"3,710,501.41",United States,NYSE,USD,1.0,USD,-
MADISON SQUARE GARDEN SPORTS CORP,MSGS,,,,,11713.0,3698028.36,0.01,,,Communication,,IWM,2026-02-27,,,,,,,,315.72,,,,,Equity,"3,698,028.36",United States,NYSE,USD,1.0,USD,-
ELASTIC NV,ESTC,,,,,63660.0,3692280.0,0.01,,,Information Technology,,IWM,2026-02-27,,,,,,,,58.00,,,,,Equity,"3,692,280.00",United States,NYSE,USD,1.0,USD,-
PRIMO BRANDS CLASS A CORP,PRMB,,,,,186722.0,3665352.86,0.01,,,Consumer Staples,,IWM,2026-02-27,,,,,,,,19.63,,,,,Equity,"3,665,352.86",United States,NYSE,USD,1.0,USD,-
TELEFLEX INC,TFX,,,,,32470.0,3633068.3,0.01,,,Health Care,,IWM,2026-02-27,,,,,,,,111.89,,,,,Equity,"3,633,068.30",United States,NYSE,USD,1.0,USD,-
FTI CONSULTING INC,FCN,,,,,22682.0,3628666.36,0.01,,,Industrials,,IWM,2026-02-27,,,,,,,,159.98,,,,,Equity,"3,628,666.36",United States,NYSE,USD,1.0,USD,-
VALVOLINE INC,VVV,,,,,95133.0,3618859.32,0.01,,,Consumer Discretionary,,IWM,2026-02-27,,,,,,,,38.04,,,,,Equity,"3,618,859.32",United States,NYSE,USD,1.0,USD,-
GLOBALFOUNDRIES INC,GFS,,,,,73692.0,3600591.12,0.01,,,Information Technology,,IWM,2026-02-27,,,,,,,,48.86,,,,,Equity,"3,600,591.12",United States,NASDAQ,USD,1.0,USD,-
BOYD GAMING CORP,BYD,,,,,42248.0,3588122.64,0.01,,,Consumer Discretionary,,IWM,2026-02-27,,,,,,,,84.93,,,,,Equity,"3,588,122.64",United States,NYSE,USD,1.0,USD,-
ELF BEAUTY INC,ELF,,,,,38545.0,3588154.05,0.01,,,Consumer Staples,,IWM,2026-02-27,,,,,,,,93.09,,,,,Equity,"3,588,154.05",United States,NYSE,USD,1.0,USD,-
VAIL RESORTS INC,MTN,,,,,26081.0,3581442.92,0.01,,,Consumer Discretionary,,IWM,2026-02-27,,,,,,,,137.32,,,,,Equity,"3,581,442.92",United States,NYSE,USD,1.0,USD,-
ENVISTA HOLDINGS CORP,NVST,,,,,120815.0,3574915.85,0.01,,,Health Care,,IWM,2026-02-27,,,,,,,,29.59,,,,,Equity,"3,574,915.85",United States,NYSE,USD,1.0,USD,-
BATH AND BODY WORKS INC,BBWI,,,,,157279.0,3565514.93,0.01,,,Consumer Discretionary,,IWM,2026-02-27,,,,,,,,22.67,,,,,Equity,"3,565,514.93",United States,NYSE,USD,1.0,USD,-
MILLROSE PROPERTIES INC CLASS A,MRP,,,,,111821.0,3466451.0,0.01,,,Real Estate,,IWM,2026-02-27,,,,,,,,31.00,,,,,Equity,"3,466,451.00",United States,NYSE,USD,1.0,USD,-
LAZARD INC,LAZ,,,,,67001.0,3461941.67,0.01,,,Financials,,IWM,2026-02-27,,,,,,,,51.67,,,,,Equity,"3,461,941.67",United States,NYSE,USD,1.0,USD,-
TRAVEL LEISURE,TNL,,,,,45383.0,3429139.48,0.01,,,Consumer Discretionary,,IWM,2026-02-27,,,,,,,,75.56,,,,,Equity,"3,429,139.48",United States,NYSE,USD,1.0,USD,-
ALLEGRO MICROSYSTEMS INC,ALGM,,,,,89946.0,3428741.52,0.01,,,Information Technology,,IWM,2026-02-27,,,,,,,,38.12,,,,,Equity,"3,428,741.52",United States,NASDAQ,USD,1.0,USD,-
U HAUL NON VOTING SERIES N,UHALB,,,,,73121.0,3395739.24,0.01,,,Industrials,,IWM,2026-02-27,,,,,,,,46.44,,,,,Equity,"3,395,739.24",United States,NYSE,USD,1.0,USD,-
UNIVERSAL DISPLAY CORP,OLED,,,,,31946.0,3388192.76,0.01,,,Information Technology,,IWM,2026-02-27,,,,,,,,106.06,,,,,Equity,"3,388,192.76",United States,NASDAQ,USD,1.0,USD,-
AMENTUM HOLDINGS INC,AMTM,,,,,112674.0,3327263.22,0.01,,,Industrials,,IWM,2026-02-27,,,,,,,,29.53,,,,,Equity,"3,327,263.22",United States,NYSE,USD,1.0,USD,-
PAYLOCITY HOLDING CORP,PCTY,,,,,32015.0,3322516.7,0.01,,,Industrials,,IWM,2026-02-27,,,,,,,,103.78,,,,,Equity,"3,322,516.70",United States,NASDAQ,USD,1.0,USD,-
TREX INC,TREX,,,,,79763.0,3326117.1,0.01,,,Industrials,,IWM,2026-02-27,,,,,,,,41.70,,,,,Equity,"3,326,117.10",United States,NYSE,USD,1.0,USD,-
DROPBOX INC CLASS A,DBX,,,,,135260.0,3304401.8,0.01,,,Information Technology,,IWM,2026-02-27,,,,,,,,24.43,,,,,Equity,"3,304,401.80",United States,NASDAQ,USD,1.0,USD,-
EXLSERVICE HOLDINGS INC,EXLS,,,,,115080.0,3299343.6,0.01,,,Industrials,,IWM,2026-02-27,,,,,,,,28.67,,,,,Equity,"3,299,343.60",United States,NASDAQ,USD,1.0,USD,-
VERSANT MEDIA GROUP INC,VSNT,,,,,105287.0,3263897.0,0.01,,,Communication,,IWM,2026-02-27,,,,,,,,31.00,,,,,Equity,"3,263,897.00",United States,NASDAQ,USD,1.0,USD,-
LIBERTY LIVE HOLDINGS INC,LLYVK,,,,,33654.0,3201168.48,0.01,,,Consumer Discretionary,,IWM,2026-02-27,,,,,,,,95.12,,,,,Equity,"3,201,168.48",United States,NASDAQ,USD,1.0,USD,-
GRAND CANYON EDUCATION INC,LOPE,,,,,20200.0,3169380.0,0.01,,,Consumer Discretionary,,IWM,2026-02-27,,,,,,,,156.90,,,,,Equity,"3,169,380.00",United States,NASDAQ,USD,1.0,USD,-
HAMILTON LANE INC CLASS A,HLNE,,,,,29384.0,3121462.32,0.01,,,Financials,,IWM,2026-02-27,,,,,,,,106.23,,,,,Equity,"3,121,462.32",United States,NASDAQ,USD,1.0,USD,-
EPR PROPERTIES REIT,EPR,,,,,53433.0,3117815.55,0.01,,,Real Estate,,IWM,2026-02-27,,,,,,,,58.35,,,,,Equity,"3,117,815.55",United States,NYSE,USD,1.0,USD,-
CAESARS ENTERTAINMENT INC,CZR,,,,,149482.0,3104741.14,0.01,,,Consumer Discretionary,,IWM,2026-02-27,,,,,,,,20.77,,,,,Equity,"3,104,741.14",United States,NASDAQ,USD,1.0,USD,-
KARMAN HOLDINGS INC,KRMN,,,,,37104.0,3095957.76,0.01,,,Industrials,,IWM,2026-02-27,,,,,,,,83.44,,,,,Equity,"3,095,957.76",United States,NYSE,USD,1.0,USD,-
MDU RESOURCES GROUP INC,MDU,,,,,150958.0,3076524.04,0.01,,,Utilities,,IWM,2026-02-27,,,,,,,,20.38,,,,,Equity,"3,076,524.04",United States,NYSE,USD,1.0,USD,-
SCIENCE APPLICATIONS INTERNATIONAL,SAIC,,,,,35405.0,3072799.95,0.01,,,Industrials,,IWM,2026-02-27,,,,,,,,86.79,,,,,Equity,"3,072,799.95",United States,NASDAQ,USD,1.0,USD,-
SLM CORP,SLM,,,,,150687.0,3074014.8,0.01,,,Financials,,IWM,2026-02-27,,,,,,,,20.40,,,,,Equity,"3,074,014.80",United States,NASDAQ,USD,1.0,USD,-
DUOLINGO INC CLASS A,DUOL,,,,,27494.0,3069705.1,0.01,,,Consumer Discretionary,,IWM,2026-02-27,,,,,,,,111.65,,,,,Equity,"3,069,705.10",United States,NASDAQ,USD,1.0,USD,-
BROWN FORMAN CORP CLASS B,BFB,,,,,107413.0,3018305.3,0.01,,,Consumer Staples,,IWM,2026-02-27,,,,,,,,28.10,,,,,Equity,"3,018,305.30",United States,NYSE,USD,1.0,USD,-
SILGAN HOLDINGS INC,SLGN,,,,,62712.0,3002023.44,0.01,,,Materials,,IWM,2026-02-27,,,,,,,,47.87,,,,,Equity,"3,002,023.44",United States,NYSE,USD,1.0,USD,-
BRIGHT HORIZONS FAMILY SOLUTIONS I,BFAM,,,,,41519.0,2999332.56,0.01,,,Consumer Discretionary,,IWM,2026-02-27,,,,,,,,72.24,,,,,Equity,"2,999,332.56",United States,NYSE,USD,1.0,USD,-
BRUKER CORP,BRKR,,,,,74452.0,2969890.28,0.01,,,Health Care,,IWM,2026-02-27,,,,,,,,39.89,,,,,Equity,"2,969,890.28",United States,NASDAQ,USD,1.0,USD,-
ADT INC,ADT,,,,,372011.0,2957487.45,0.01,,,Consumer Discretionary,,IWM,2026-02-27,,,,,,,,7.95,,,,,Equity,"2,957,487.45",United States,NYSE,USD,1.0,USD,-
MSC INDUSTRIAL INC CLASS A,MSM,,,,,31688.0,2949202.16,0.01,,,Industrials,,IWM,2026-02-27,,,,,,,,93.07,,,,,Equity,"2,949,202.16",United States,NYSE,USD,1.0,USD,-
MORNINGSTAR INC,MORN,,,,,17098.0,2947866.18,0.01,,,Financials,,IWM,2026-02-27,,,,,,,,172.41,,,,,Equity,"2,947,866.18",United States,NASDAQ,USD,1.0,USD,-
H&R BLOCK INC,HRB,,,,,96433.0,2943135.16,0.01,,,Consumer Discretionary,,IWM,2026-02-27,,,,,,,,30.52,,,,,Equity,"2,943,135.16",United States,NYSE,USD,1.0,USD,-
ASSURED GUARANTY LTD,AGO,,,,,33867.0,2920690.08,0.01,,,Financials,,IWM,2026-02-27,,,,,,,,86.24,,,,,Equity,"2,920,690.08",United States,NYSE,USD,1.0,USD,-
DOLBY LABORATORIES INC CLASS A,DLB,,,,,45158.0,2902756.24,0.01,,,Information Technology,,IWM,2026-02-27,,,,,,,,64.28,,,,,Equity,"2,902,756.24",United States,NYSE,USD,1.0,USD,-
BILL HOLDINGS INC,BILL,,,,,67029.0,2895652.8,0.01,,,Information Technology,,IWM,2026-02-27,,,,,,,,43.20,,,,,Equity,"2,895,652.80",United States,NYSE,USD,1.0,USD,-
UIPATH INC CLASS A,PATH,,,,,290966.0,2892202.04,0.01,,,Information Technology,,IWM,2026-02-27,,,,,,,,9.94,,,,,Equity,"2,892,202.04",United States,NYSE,USD,1.0,USD,-
SIRIUSXM HOLDINGS INC,SIRI,,,,,138042.0,2887838.64,0.01,,,Communication,,IWM,2026-02-27,,,,,,,,20.92,,,,,Equity,"2,887,838.64",United States,NASDAQ,USD,1.0,USD,-
CIRCLE INTERNET GROUP INC CLASS A,CRCL,,,,,34441.0,2863424.74,0.01,,,Information Technology,,IWM,2026-02-27,,,,,,,,83.14,,,,,Equity,"2,863,424.74",United States,NYSE,USD,1.0,USD,-
RYAN SPECIALTY HOLDINGS INC CLASS,RYAN,,,,,75032.0,2848965.04,0.01,,,Financials,,IWM,2026-02-27,,,,,,,,37.97,,,,,Equity,"2,848,965.04",United States,NYSE,USD,1.0,USD,-
COUSINS PROPERTIES REIT INC,CUZ,,,,,120847.0,2839904.5,0.01,,,Real Estate,,IWM,2026-02-27,,,,,,,,23.50,,,,,Equity,"2,839,904.50",United States,NYSE,USD,1.0,USD,-
SENTINELONE INC CLASS A,S,,,,,217588.0,2811236.96,0.01,,,Information Technology,,IWM,2026-02-27,,,,,,,,12.92,,,,,Equity,"2,811,236.96",United States,NYSE,USD,1.0,USD,-
YETI HOLDINGS INC,YETI,,,,,62449.0,2793968.26,0.01,,,Consumer Discretionary,,IWM,2026-02-27,,,,,,,,44.74,,,,,Equity,"2,793,968.26",United States,NYSE,USD,1.0,USD,-
WILLSCOT HOLDINGS CORP CLASS A,WSC,,,,,127559.0,2789715.33,0.01,,,Industrials,,IWM,2026-02-27,,,,,,,,21.87,,,,,Equity,"2,789,715.33",United States,NASDAQ,USD,1.0,USD,-
SHIFT4 PAYMENTS INC CLASS A,FOUR,,,,,48318.0,2772003.66,0.01,,,Financials,,IWM,2026-02-27,,,,,,,,57.37,,,,,Equity,"2,772,003.66",United States,NYSE,USD,1.0,USD,-
CCC INTELLIGENT SOLUTIONS HOLDINGS,CCC,,,,,437857.0,2776013.38,0.01,,,Information Technology,,IWM,2026-02-27,,,,,,,,6.34,,,,,Equity,"2,776,013.38",United States,NASDAQ,USD,1.0,USD,-
WHIRLPOOL CORP,WHR,,,,,38903.0,2752776.28,0.01,,,Consumer Discretionary,,IWM,2026-02-27,,,,,,,,70.76,,,,,Equity,"2,752,776.28",United States,NYSE,USD,1.0,USD,-
AMERICOLD REALTY INC TRUST,COLD,,,,,208211.0,2733810.43,0.01,,,Real Estate,,IWM,2026-02-27,,,,,,,,13.13,,,,,Equity,"2,733,810.43",United States,NYSE,USD,1.0,USD,-
JAMES HARDIE INDUSTRIES PLC,JHX,,,,,110148.0,2726163.0,0.01,,,Materials,,IWM,2026-02-27,,,,,,,,24.75,,,,,Equity,"2,726,163.00",Australia,NYSE,USD,1.0,USD,-
FRESHPET INC,FRPT,,,,,33970.0,2705031.1,0.01,,,Consumer Staples,,IWM,2026-02-27,,,,,,,,79.63,,,,,Equity,"2,705,031.10",United States,NASDAQ,USD,1.0,USD,-
PEGASYSTEMS INC,PEGA,,,,,62382.0,2687416.56,0.01,,,Information Technology,,IWM,2026-02-27,,,,,,,,43.08,,,,,Equity,"2,687,416.56",United States,NASDAQ,USD,1.0,USD,-
NEWMARKET CORP,NEU,,,,,4306.0,2655079.6,0.01,,,Materials,,IWM,2026-02-27,,,,,,,,616.60,,,,,Equity,"2,655,079.60",United States,NYSE,USD,1.0,USD,-
APPFOLIO INC CLASS A,APPF,,,,,15913.0,2652537.97,0.01,,,Information Technology,,IWM,2026-02-27,,,,,,,,166.69,,,,,Equity,"2,652,537.97",United States,NASDAQ,USD,1.0,USD,-
KILROY REALTY REIT CORP,KRC,,,,,83762.0,2640178.24,0.01,,,Real Estate,,IWM,2026-02-27,,,,,,,,31.52,,,,,Equity,"2,640,178.24",United States,NYSE,USD,1.0,USD,-
GRAPHIC PACKAGING HOLDING,GPK,,,,,216683.0,2602362.83,0.01,,,Materials,,IWM,2026-02-27,,,,,,,,12.01,,,,,Equity,"2,602,362.83",United States,NYSE,USD,1.0,USD,-
BRIGHTHOUSE FINANCIAL INC,BHF,,,,,42757.0,2597915.32,0.01,,,Financials,,IWM,2026-02-27,,,,,,,,60.76,,,,,Equity,"2,597,915.32",United States,NASDAQ,USD,1.0,USD,-
VIKING THERAPEUTICS INC,VKTX,,,,,76670.0,2539310.4,0.01,,,Health Care,,IWM,2026-02-27,,,,,,,,33.12,,,,,Equity,"2,539,310.40",United States,NASDAQ,USD,1.0,USD,-
VIRTU FINANCIAL INC CLASS A,VIRT,,,,,61512.0,2506614.0,0.01,,,Financials,,IWM,2026-02-27,,,,,,,,40.75,,,,,Equity,"2,506,614.00",United States,NYSE,USD,1.0,USD,-
PARSONS CORP,PSN,,,,,38414.0,2503824.52,0.01,,,Industrials,,IWM,2026-02-27,,,,,,,,65.18,,,,,Equity,"2,503,824.52",United States,NYSE,USD,1.0,USD,-
IPG PHOTONICS CORP,IPGP,,,,,18040.0,2504854.0,0.01,,,Information Technology,,IWM,2026-02-27,,,,,,,,138.85,,,,,Equity,"2,504,854.00",United States,NASDAQ,USD,1.0,USD,-
GITLAB INC CLASS A,GTLB,,,,,96223.0,2498911.31,0.01,,,Information Technology,,IWM,2026-02-27,,,,,,,,25.97,,,,,Equity,"2,498,911.31",United States,NASDAQ,USD,1.0,USD,-
CORCEPT THERAPEUTICS INC,CORT,,,,,68352.0,2475709.44,0.01,,,Health Care,,IWM,2026-02-27,,,,,,,,36.22,,,,,Equity,"2,475,709.44",United States,NASDAQ,USD,1.0,USD,-
WESTLAKE CORP,WLK,,,,,23779.0,2451377.11,0.01,,,Materials,,IWM,2026-02-27,,,,,,,,103.09,,,,,Equity,"2,451,377.11",United States,NYSE,USD,1.0,USD,-
NEWS CORP CLASS B,NWS,,,,,93039.0,2443204.14,0.01,,,Communication,,IWM,2026-02-27,,,,,,,,26.26,,,,,Equity,"2,443,204.14",United States,NASDAQ,USD,1.0,USD,-
SOTERA HEALTH COMPANY,SHC,,,,,149125.0,2409860.0,0.01,,,Health Care,,IWM,2026-02-27,,,,,,,,16.16,,,,,Equity,"2,409,860.00",United States,NASDAQ,USD,1.0,USD,-
PVH CORP,PVH,,,,,34771.0,2388072.28,0.01,,,Consumer Discretionary,,IWM,2026-02-27,,,,,,,,68.68,,,,,Equity,"2,388,072.28",United States,NYSE,USD,1.0,USD,-
EURONET WORLDWIDE INC,EEFT,,,,,33476.0,2377130.76,0.01,,,Financials,,IWM,2026-02-27,,,,,,,,71.01,,,,,Equity,"2,377,130.76",United States,NASDAQ,USD,1.0,USD,-
FIRST HAWAIIAN INC,FHB,,,,,92681.0,2370779.98,0.01,,,Financials,,IWM,2026-02-27,,,,,,,,25.58,,,,,Equity,"2,370,779.98",United States,NASDAQ,USD,1.0,USD,-
CLEARWAY ENERGY INC CLASS C,CWEN,,,,,60450.0,2343042.0,0.01,,,Utilities,,IWM,2026-02-27,,,,,,,,38.76,,,,,Equity,"2,343,042.00",United States,NYSE,USD,1.0,USD,-
LEONARDO DRS INC,DRS,,,,,54992.0,2329461.12,0.01,,,Industrials,,IWM,2026-02-27,,,,,,,,42.36,,,,,Equity,"2,329,461.12",United States,NASDAQ,USD,1.0,USD,-
DOXIMITY INC CLASS A,DOCS,,,,,95048.0,2319171.2,0.0,,,Health Care,,IWM,2026-02-27,,,,,,,,24.40,,,,,Equity,"2,319,171.20",United States,NYSE,USD,1.0,USD,-
UBIQUITI INC,UI,,,,,3050.0,2304061.5,0.0,,,Information Technology,,IWM,2026-02-27,,,,,,,,755.43,,,,,Equity,"2,304,061.50",United States,NYSE,USD,1.0,USD,-
TERADATA CORP,TDC,,,,,73785.0,2243801.85,0.0,,,Information Technology,,IWM,2026-02-27,,,,,,,,30.41,,,,,Equity,"2,243,801.85",United States,NYSE,USD,1.0,USD,-
SCOTTS MIRACLE GRO,SMG,,,,,32082.0,2236757.04,0.0,,,Materials,,IWM,2026-02-27,,,,,,,,69.72,,,,,Equity,"2,236,757.04",United States,NYSE,USD,1.0,USD,-
HAYWARD HOLDINGS INC,HAYW,,,,,144321.0,2163371.79,0.0,,,Industrials,,IWM,2026-02-27,,,,,,,,14.99,,,,,Equity,"2,163,371.79",United States,NYSE,USD,1.0,USD,-
BOK FINANCIAL CORP,BOKF,,,,,16516.0,2152530.28,0.0,,,Financials,,IWM,2026-02-27,,,,,,,,130.33,,,,,Equity,"2,152,530.28",United States,NASDAQ,USD,1.0,USD,-
RINGCENTRAL INC CLASS A,RNG,,,,,62527.0,2155930.96,0.0,,,Information Technology,,IWM,2026-02-27,,,,,,,,34.48,,,,,Equity,"2,155,930.96",United States,NYSE,USD,1.0,USD,-
LOAR HOLDINGS INC,LOAR,,,,,31021.0,2116873.04,0.0,,,Industrials,,IWM,2026-02-27,,,,,,,,68.24,,,,,Equity,"2,116,873.04",United States,NYSE,USD,1.0,USD,-
QUANTUMSCAPE CORP CLASS A,QS,,,,,299943.0,2108599.29,0.0,,,Consumer Discretionary,,IWM,2026-02-27,,,,,,,,7.03,,,,,Equity,"2,108,599.29",United States,NASDAQ,USD,1.0,USD,-
MEDICAL PROPERTIES TRUST REIT INC,MPT,,,,,362804.0,2089751.04,0.0,,,Real Estate,,IWM,2026-02-27,,,,,,,,5.76,,,,,Equity,"2,089,751.04",United States,NYSE,USD,1.0,USD,-
LINEAGE INC,LINE,,,,,51498.0,2083094.1,0.0,,,Real Estate,,IWM,2026-02-27,,,,,,,,40.45,,,,,Equity,"2,083,094.10",United States,NASDAQ,USD,1.0,USD,-
PENSKE AUTOMOTIVE GROUP VOTING INC,PAG,,,,,12947.0,2064917.03,0.0,,,Consumer Discretionary,,IWM,2026-02-27,,,,,,,,159.49,,,,,Equity,"2,064,917.03",United States,NYSE,USD,1.0,USD,-
CHOICE HOTELS INTERNATIONAL INC,CHH,,,,,18976.0,2038591.68,0.0,,,Consumer Discretionary,,IWM,2026-02-27,,,,,,,,107.43,,,,,Equity,"2,038,591.68",United States,NYSE,USD,1.0,USD,-
KYNDRYL HOLDINGS INC,KD,,,,,166742.0,2017578.2,0.0,,,Information Technology,,IWM,2026-02-27,,,,,,,,12.10,,,,,Equity,"2,017,578.20",United States,NYSE,USD,1.0,USD,-
ASHLAND INC,ASH,,,,,32454.0,2019287.88,0.0,,,Materials,,IWM,2026-02-27,,,,,,,,62.22,,,,,Equity,"2,019,287.88",United States,NYSE,USD,1.0,USD,-
OLIN CORP,OLN,,,,,83740.0,2010597.4,0.0,,,Materials,,IWM,2026-02-27,,,,,,,,24.01,,,,,Equity,"2,010,597.40",United States,NYSE,USD,1.0,USD,-
IAC INC,IAC,,,,,53182.0,1973318.11,0.0,,,Communication,,IWM,2026-02-27,,,,,,,,37.10,,,,,Equity,"1,973,318.11",United States,NASDAQ,USD,1.0,USD,-
RH,RH,,,,,10611.0,1952530.11,0.0,,,Consumer Discretionary,,IWM,2026-02-27,,,,,,,,184.01,,,,,Equity,"1,952,530.11",United States,NYSE,USD,1.0,USD,-
WESTERN UNION,WU,,,,,194133.0,1883090.1,0.0,,,Financials,,IWM,2026-02-27,,,,,,,,9.70,,,,,Equity,"1,883,090.10",United States,NYSE,USD,1.0,USD,-
DENTSPLY SIRONA INC,XRAY,,,,,145020.0,1856256.0,0.0,,,Health Care,,IWM,2026-02-27,,,,,,,,12.80,,,,,Equity,"1,856,256.00",United States,NASDAQ,USD,1.0,USD,-
HIGHWOODS PROPERTIES REIT INC,HIW,,,,,79078.0,1831446.48,0.0,,,Real Estate,,IWM,2026-02-27,,,,,,,,23.16,,,,,Equity,"1,831,446.48",United States,NYSE,USD,1.0,USD,-
CRANE NXT,CXT,,,,,35275.0,1799730.5,0.0,,,Information Technology,,IWM,2026-02-27,,,,,,,,51.02,,,,,Equity,"1,799,730.50",United States,NYSE,USD,1.0,USD,-
ROBERT HALF,RHI,,,,,75270.0,1774866.6,0.0,,,Industrials,,IWM,2026-02-27,,,,,,,,23.58,,,,,Equity,"1,774,866.60",United States,NYSE,USD,1.0,USD,-
HOWARD HUGHES HOLDINGS INC,HHH,,,,,24016.0,1747644.32,0.0,,,Real Estate,,IWM,2026-02-27,,,,,,,,72.77,,,,,Equity,"1,747,644.32",United States,NYSE,USD,1.0,USD,-
NATIONAL STORAGE AFFILIATES TRUST,NSA,,,,,49898.0,1714495.28,0.0,,,Real Estate,,IWM,2026-02-27,,,,,,,,34.36,,,,,Equity,"1,714,495.28",United States,NYSE,USD,1.0,USD,-
BELLRING BRANDS INC,BRBR,,,,,94959.0,1714959.54,0.0,,,Consumer Staples,,IWM,2026-02-27,,,,,,,,18.06,,,,,Equity,"1,714,959.54",United States,NYSE,USD,1.0,USD,-
PARK HOTELS RESORTS INC,PK,,,,,150953.0,1699730.78,0.0,,,Real Estate,,IWM,2026-02-27,,,,,,,,11.26,,,,,Equity,"1,699,730.78",United States,NYSE,USD,1.0,USD,-
IRIDIUM COMMUNICATIONS INC,IRDM,,,,,68995.0,1631041.8,0.0,,,Communication,,IWM,2026-02-27,,,,,,,,23.64,,,,,Equity,"1,631,041.80",United States,NASDAQ,USD,1.0,USD,-
APELLIS PHARMACEUTICALS INC,APLS,,,,,75533.0,1617916.86,0.0,,,Health Care,,IWM,2026-02-27,,,,,,,,21.42,,,,,Equity,"1,617,916.86",United States,NASDAQ,USD,1.0,USD,-
CREDIT ACCEPTANCE CORP,CACC,,,,,3250.0,1606572.5,0.0,,,Financials,,IWM,2026-02-27,,,,,,,,494.33,,,,,Equity,"1,606,572.50",United States,NASDAQ,USD,1.0,USD,-
DXC TECHNOLOGY,DXC,,,,,129502.0,1560499.1,0.0,,,Information Technology,,IWM,2026-02-27,,,,,,,,12.05,,,,,Equity,"1,560,499.10",United States,NYSE,USD,1.0,USD,-
ZILLOW GROUP INC CLASS A,ZG,,,,,34274.0,1557067.82,0.0,,,Real Estate,,IWM,2026-02-27,,,,,,,,45.43,,,,,Equity,"1,557,067.82",United States,NASDAQ,USD,1.0,USD,-
LIBERTY GLOBAL LTD CLASS A,LBTYA,,,,,120421.0,1545001.43,0.0,,,Communication,,IWM,2026-02-27,,,,,,,,12.83,,,,,Equity,"1,545,001.43",United States,NASDAQ,USD,1.0,USD,-
FREEDOM HOLDING CORP,FRHC,,,,,12829.0,1532680.63,0.0,,,Financials,,IWM,2026-02-27,,,,,,,,119.47,,,,,Equity,"1,532,680.63",United States,NASDAQ,USD,1.0,USD,-
BIRKENSTOCK HOLDING PLC,BIRK,,,,,38725.0,1535833.5,0.0,,,Consumer Discretionary,,IWM,2026-02-27,,,,,,,,39.66,,,,,Equity,"1,535,833.50",United States,NYSE,USD,1.0,USD,-
HARLEY DAVIDSON INC,HOG,,,,,81904.0,1529966.72,0.0,,,Consumer Discretionary,,IWM,2026-02-27,,,,,,,,18.68,,,,,Equity,"1,529,966.72",United States,NYSE,USD,1.0,USD,-
HUNTSMAN CORP,HUN,,,,,122818.0,1524171.38,0.0,,,Materials,,IWM,2026-02-27,,,,,,,,12.41,,,,,Equity,"1,524,171.38",United States,NYSE,USD,1.0,USD,-
LIBERTY MEDIA FORMULA ONE SERIES A,FWONA,,,,,18141.0,1480124.19,0.0,,,Communication,,IWM,2026-02-27,,,,,,,,81.59,,,,,Equity,"1,480,124.19",United States,NASDAQ,USD,1.0,USD,-
ULTRAGENYX PHARMACEUTICAL INC,RARE,,,,,63347.0,1451279.77,0.0,,,Health Care,,IWM,2026-02-27,,,,,,,,22.91,,,,,Equity,"1,451,279.77",United States,NASDAQ,USD,1.0,USD,-
ORGANON,OGN,,,,,192618.0,1446561.18,0.0,,,Health Care,,IWM,2026-02-27,,,,,,,,7.51,,,,,Equity,"1,446,561.18",United States,NYSE,USD,1.0,USD,-
KEMPER CORP,KMPR,,,,,45687.0,1439597.37,0.0,,,Financials,,IWM,2026-02-27,,,,,,,,31.51,,,,,Equity,"1,439,597.37",United States,NYSE,USD,1.0,USD,-
PERRIGO PLC,PRGO,,,,,99672.0,1436273.52,0.0,,,Health Care,,IWM,2026-02-27,,,,,,,,14.41,,,,,Equity,"1,436,273.52",United States,NYSE,USD,1.0,USD,-
PENN ENTERTAINMENT INC,PENN,,,,,114267.0,1432908.18,0.0,,,Consumer Discretionary,,IWM,2026-02-27,,,,,,,,12.54,,,,,Equity,"1,432,908.18",United States,NASDAQ,USD,1.0,USD,-
NEWELL BRANDS INC,NWL,,,,,304881.0,1390257.36,0.0,,,Consumer Discretionary,,IWM,2026-02-27,,,,,,,,4.56,,,,,Equity,"1,390,257.36",United States,NASDAQ,USD,1.0,USD,-
ACADIA HEALTHCARE COMPANY INC,ACHC,,,,,66128.0,1378107.52,0.0,,,Health Care,,IWM,2026-02-27,,,,,,,,20.84,,,,,Equity,"1,378,107.52",United States,NASDAQ,USD,1.0,USD,-
FMC CORP,FMC,,,,,90387.0,1353093.39,0.0,,,Materials,,IWM,2026-02-27,,,,,,,,14.97,,,,,Equity,"1,353,093.39",United States,NYSE,USD,1.0,USD,-
GLOBANT SA,GLOB,,,,,30411.0,1354201.83,0.0,,,Information Technology,,IWM,2026-02-27,,,,,,,,44.53,,,,,Equity,"1,354,201.83",United States,NYSE,USD,1.0,USD,-
DILLARDS INC CLASS A,DDS,,,,,2234.0,1340958.5,0.0,,,Consumer Discretionary,,IWM,2026-02-27,,,,,,,,600.25,,,,,Equity,"1,340,958.50",United States,NYSE,USD,1.0,USD,-
SUMMIT THERAPEUTICS INC,SMMT,,,,,84955.0,1332094.4,0.0,,,Health Care,,IWM,2026-02-27,,,,,,,,15.68,,,,,Equity,"1,332,094.40",United States,NASDAQ,USD,1.0,USD,-
LIBERTY LIVE HOLDINGS INC,LLYVA,,,,,14095.0,1306888.4,0.0,,,Consumer Discretionary,,IWM,2026-02-27,,,,,,,,92.72,,,,,Equity,"1,306,888.40",United States,NASDAQ,USD,1.0,USD,-
FLOWERS FOODS INC,FLO,,,,,134665.0,1299517.25,0.0,,,Consumer Staples,,IWM,2026-02-27,,,,,,,,9.65,,,,,Equity,"1,299,517.25",United States,NYSE,USD,1.0,USD,-
INSPIRE MEDICAL SYSTEMS INC,INSP,,,,,21748.0,1288569.0,0.0,,,Health Care,,IWM,2026-02-27,,,,,,,,59.25,,,,,Equity,"1,288,569.00",United States,NYSE,USD,1.0,USD,-
TRUMP MEDIA TECHNOLOGY GROUP CORP,DJT,,,,,116918.0,1273237.02,0.0,,,Communication,,IWM,2026-02-27,,,,,,,,10.89,,,,,Equity,"1,273,237.02",United States,NASDAQ,USD,1.0,USD,-
LIBERTY GLOBAL LTD CLASS C,LBTYK,,,,,101871.0,1267275.24,0.0,,,Communication,,IWM,2026-02-27,,,,,,,,12.44,,,,,Equity,"1,267,275.24",United States,NASDAQ,USD,1.0,USD,-
SAREPTA THERAPEUTICS INC,SRPT,,,,,66463.0,1260803.11,0.0,,,Health Care,,IWM,2026-02-27,,,,,,,,18.97,,,,,Equity,"1,260,803.11",United States,NASDAQ,USD,1.0,USD,-
ZOOMINFO TECHNOLOGIES INC,GTM,,,,,202781.0,1243047.53,0.0,,,Communication,,IWM,2026-02-27,,,,,,,,6.13,,,,,Equity,"1,243,047.53",United States,NASDAQ,USD,1.0,USD,-
BOSTON BEER INC CLASS A,SAM,,,,,5644.0,1229037.44,0.0,,,Consumer Staples,,IWM,2026-02-27,,,,,,,,217.76,,,,,Equity,"1,229,037.44",United States,NYSE,USD,1.0,USD,-
NCINO INC,NCNO,,,,,77538.0,1225875.78,0.0,,,Information Technology,,IWM,2026-02-27,,,,,,,,15.81,,,,,Equity,"1,225,875.78",United States,NASDAQ,USD,1.0,USD,-
AVIS BUDGET GROUP INC,CAR,,,,,12973.0,1205191.7,0.0,,,Industrials,,IWM,2026-02-27,,,,,,,,92.90,,,,,Equity,"1,205,191.70",United States,NASDAQ,USD,1.0,USD,-
PILGRIMS PRIDE CORP,PPC,,,,,28729.0,1175590.68,0.0,,,Consumer Staples,,IWM,2026-02-27,,,,,,,,40.92,,,,,Equity,"1,175,590.68",United States,NASDAQ,USD,1.0,USD,-
COLUMBIA SPORTSWEAR,COLM,,,,,18920.0,1151471.2,0.0,,,Consumer Discretionary,,IWM,2026-02-27,,,,,,,,60.86,,,,,Equity,"1,151,471.20",United States,NASDAQ,USD,1.0,USD,-
UNDER ARMOUR INC CLASS A,UAA,,,,,142916.0,1084732.44,0.0,,,Consumer Discretionary,,IWM,2026-02-27,,,,,,,,7.59,,,,,Equity,"1,084,732.44",United States,NYSE,USD,1.0,USD,-
UNDER ARMOUR INC CLASS C,UA,,,,,142982.0,1052347.52,0.0,,,Consumer Discretionary,,IWM,2026-02-27,,,,,,,,7.36,,,,,Equity,"1,052,347.52",United States,NYSE,USD,1.0,USD,-
CONCENTRIX CORP,CNXC,,,,,33091.0,1033762.84,0.0,,,Industrials,,IWM,2026-02-27,,,,,,,,31.24,,,,,Equity,"1,033,762.84",United States,NASDAQ,USD,1.0,USD,-
BROWN FORMAN CORP CLASS A,BFA,,,,,35951.0,1030715.17,0.0,,,Consumer Staples,,IWM,2026-02-27,,,,,,,,28.67,,,,,Equity,"1,030,715.17",United States,NYSE,USD,1.0,USD,-
SEABOARD CORP,SEB,,,,,202.0,1012020.0,0.0,,,Consumer Staples,,IWM,2026-02-27,,,,,,,,"5,010.00",,,,,Equity,"1,012,020.00",United States,Nyse Mkt Llc,USD,1.0,USD,-
REYNOLDS CONSUMER PRODUCTS INC,REYN,,,,,39189.0,965616.96,0.0,,,Consumer Staples,,IWM,2026-02-27,,,,,,,,24.64,,,,,Equity,"965,616.96",United States,NASDAQ,USD,1.0,USD,-
WENDYS,WEN,,,,,128201.0,960225.49,0.0,,,Consumer Discretionary,,IWM,2026-02-27,,,,,,,,7.49,,,,,Equity,"960,225.49",United States,NASDAQ,USD,1.0,USD,-
DOUBLEVERIFY HOLDINGS INC,DV,,,,,100308.0,955935.24,0.0,,,Communication,,IWM,2026-02-27,,,,,,,,9.53,,,,,Equity,"955,935.24",United States,NYSE,USD,1.0,USD,-
LUCID GROUP INC,LCID,,,,,90400.0,929312.0,0.0,,,Consumer Discretionary,,IWM,2026-02-27,,,,,,,,10.28,,,,,Equity,"929,312.00",United States,NASDAQ,USD,1.0,USD,-
SCHNEIDER NATIONAL INC CLASS B,SNDR,,,,,34209.0,920564.19,0.0,,,Industrials,,IWM,2026-02-27,,,,,,,,26.91,,,,,Equity,"920,564.19",United States,NYSE,USD,1.0,USD,-
CLEARWAY ENERGY INC CLASS A,CWENA,,,,,25166.0,913525.8,0.0,,,Utilities,,IWM,2026-02-27,,,,,,,,36.30,,,,,Equity,"913,525.80",United States,NYSE,USD,1.0,USD,-
GCI LIBERTY INC SERIES C,GLIBK,,,,,23174.0,905871.66,0.0,,,Communication,,IWM,2026-02-27,,,,,,,,39.09,,,,,Equity,"905,871.66",United States,NASDAQ,USD,1.0,USD,-
MANPOWER INC,MAN,,,,,34423.0,889146.09,0.0,,,Industrials,,IWM,2026-02-27,,,,,,,,25.83,,,,,Equity,"889,146.09",United States,NYSE,USD,1.0,USD,-
FIGURE TECHNOLOGY SOLUTIONS INC CL,FIGR,,,,,25338.0,878215.08,0.0,,,Financials,,IWM,2026-02-27,,,,,,,,34.66,,,,,Equity,"878,215.08",United States,NASDAQ,USD,1.0,USD,-
CNA FINANCIAL CORP,CNA,,,,,18005.0,855777.65,0.0,,,Financials,,IWM,2026-02-27,,,,,,,,47.53,,,,,Equity,"855,777.65",United States,NYSE,USD,1.0,USD,-
SMITHFIELD FOODS INC,SFD,,,,,32916.0,807429.48,0.0,,,Consumer Staples,,IWM,2026-02-27,,,,,,,,24.53,,,,,Equity,"807,429.48",United States,NASDAQ,USD,1.0,USD,-
BULLISH,BLSH,,,,,24128.0,793569.92,0.0,,,Financials,,IWM,2026-02-27,,,,,,,,32.89,,,,,Equity,"793,569.92",Cayman Islands,NYSE,USD,1.0,USD,-
COTY INC CLASS A,COTY,,,,,282935.0,749777.75,0.0,,,Consumer Staples,,IWM,2026-02-27,,,,,,,,2.65,,,,,Equity,"749,777.75",United States,NYSE,USD,1.0,USD,-
CLARIVATE PLC,CLVT,,,,,297526.0,684309.8,0.0,,,Industrials,,IWM,2026-02-27,,,,,,,,2.30,,,,,Equity,"684,309.80",United States,NYSE,USD,1.0,USD,-
LENNAR CORP CLASS B,LENB,,,,,6420.0,668450.4,0.0,,,Consumer Discretionary,,IWM,2026-02-27,,,,,,,,104.12,,,,,Equity,"668,450.40",United States,NYSE,USD,1.0,USD,-
LIBERTY BROADBAND CORP SERIES A,LBRDA,,,,,12161.0,637844.45,0.0,,,Communication,,IWM,2026-02-27,,,,,,,,52.45,,,,,Equity,"637,844.45",United States,NASDAQ,USD,1.0,USD,-
TFS FINANCIAL CORP,TFSL,,,,,43270.0,627415.0,0.0,,,Financials,,IWM,2026-02-27,,,,,,,,14.50,,,,,Equity,"627,415.00",United States,NASDAQ,USD,1.0,USD,-
SAILPOINT INC,SAIL,,,,,43727.0,584629.99,0.0,,,Information Technology,,IWM,2026-02-27,,,,,,,,13.37,,,,,Equity,"584,629.99",United States,NASDAQ,USD,1.0,USD,-
CERTARA INC,CERT,,,,,83953.0,553250.27,0.0,,,Health Care,,IWM,2026-02-27,,,,,,,,6.59,,,,,Equity,"553,250.27",United States,NASDAQ,USD,1.0,USD,-
UWM HOLDINGS CORP CLASS A,UWMC,,,,,127777.0,531552.32,0.0,,,Financials,,IWM,2026-02-27,,,,,,,,4.16,,,,,Equity,"531,552.32",United States,NYSE,USD,1.0,USD,-
NIQ GLOBAL INTELLIGENCE PLC,NIQ,,,,,34733.0,411586.05,0.0,,,Communication,,IWM,2026-02-27,,,,,,,,11.85,,,,,Equity,"411,586.05",United States,NYSE,USD,1.0,USD,-
U HAUL HOLDING,UHAL,,,,,6494.0,326128.68,0.0,,,Industrials,,IWM,2026-02-27,,,,,,,,50.22,,,,,Equity,"326,128.68",United States,NYSE,USD,1.0,USD,-
CARIS LIFE SCIENCES INC,CAI,,,,,16345.0,299276.95,0.0,,,Health Care,,IWM,2026-02-27,,,,,,,,18.31,,,,,Equity,"299,276.95",United States,NASDAQ,USD,1.0,USD,-
FERMI INC,FRMI,,,,,24820.0,292627.8,0.0,,,Real Estate,,IWM,2026-02-27,,,,,,,,11.79,,,,,Equity,"292,627.80",United States,NASDAQ,USD,1.0,USD,-
INGRAM MICRO HOLDING CORP,INGM,,,,,12962.0,265591.38,0.0,,,Information Technology,,IWM,2026-02-27,,,,,,,,20.49,,,,,Equity,"265,591.38",United States,NYSE,USD,1.0,USD,-
GCI LIBERTY INC SERIES A,GLIBA,,,,,2432.0,95480.32,0.0,,,Communication,,IWM,2026-02-27,,,,,,,,39.26,,,,,Equity,"95,480.32",United States,NASDAQ,USD,1.0,USD,-
S&P MID 400 EMINI MAR 26,FAH6,,,,,18.0,0.0,0.0,,,Cash and/or Derivatives,,IWM,2026-02-27,,,,,,,,"3,595.10",,,,,Futures,"6,471,180.00",-,Index And Options Market,USD,1.0,USD,-
S&P500 EMINI MAR 26,ESH6,,,,,261.0,0.0,0.0,,,Cash and/or Derivatives,,IWM,2026-02-27,,,,,,,,"6,959.75",,,,,Futures,"90,824,737.50",-,Index And Options Market,USD,1.0,USD,-
