Name,Ticker,Security Type,CUSIP,ISIN,SEDOL,Share Quantity,Market Value,Weight,Coupon,Maturity Date,Sector,Country,ETF Ticker,Date,Underlying_Ticker,Option_Strike,Option_Expiry,Option_Type,Underlying_Price,DTE,Moneyness,Price,NetAssets,SharesOutstanding,CreationUnits,date,id,holding_date,price,net_assets,shares_outstanding,creation_units,money_market_flag,source_file,ingested_at,MoneyMarketFlag
MATSON INC COMMON STOCK,MATX,COMMON STOCK,57686G105,US57686G1058,B8GNC91,1559356.0,325749468.4,1.1115948527816684,0,,INDUSTRIALS,UNITED STATES,AVUV,2026-07-16,,,,,,,,,,,,,,,,,,,,,,
VIASAT INC COMMON STOCK USD.0001,VSAT,COMMON STOCK,92552V100,US92552V1008,2946243,4503870.0,317252602.8,1.0825999564518927,0,,INFORMATION TECHNOLOGY,UNITED STATES,AVUV,2026-07-16,,,,,,,,,,,,,,,,,,,,,,
LANTHEUS HOLDINGS INC COMMON STOCK USD.01,LNTH,COMMON STOCK,516544103,US5165441032,BP8S8J5,2339178.0,244023048.96,0.8327097708443263,0,,HEALTH CARE,UNITED STATES,AVUV,2026-07-16,,,,,,,,,,,,,,,,,,,,,,
LEAR CORP COMMON STOCK USD.01,LEA,COMMON STOCK,521865204,US5218652049,B570P91,1674668.0,235106640.52,0.8022832170393868,0,,CONSUMER DISCRETIONARY,UNITED STATES,AVUV,2026-07-16,,,,,,,,,,,,,,,,,,,,,,
MACY S INC COMMON STOCK USD.01,M,COMMON STOCK,55616P104,US55616P1049,2345022,9563662.0,227232609.12,0.7754136942190657,0,,CONSUMER DISCRETIONARY,UNITED STATES,AVUV,2026-07-16,,,,,,,,,,,,,,,,,,,,,,
GATX CORP COMMON STOCK USD.625,GATX,COMMON STOCK,361448103,US3614481030,2362128,1253141.0,221918739.69,0.7572805260031514,0,,INDUSTRIALS,UNITED STATES,AVUV,2026-07-16,,,,,,,,,,,,,,,,,,,,,,
AVNET INC COMMON STOCK USD1.0,AVT,COMMON STOCK,053807103,US0538071038,2066505,2551959.0,220004385.39,0.7507479400967718,0,,INFORMATION TECHNOLOGY,UNITED STATES,AVUV,2026-07-16,,,,,,,,,,,,,,,,,,,,,,
SM ENERGY CO COMMON STOCK USD.01,SM,COMMON STOCK,78454L100,US78454L1008,2764188,7308714.0,218749810.02,0.7464667987320033,0,,ENERGY,UNITED STATES,AVUV,2026-07-16,,,,,,,,,,,,,,,,,,,,,,
CABOT CORP COMMON STOCK USD1.0,CBT,COMMON STOCK,127055101,US1270551013,2162500,2368402.0,212777235.68,0.7260858509846151,0,,MATERIALS,UNITED STATES,AVUV,2026-07-16,,,,,,,,,,,,,,,,,,,,,,
OSCAR HEALTH INC   CLASS A COMMON STOCK USD.00001,OSCR,COMMON STOCK,687793109,US6877931096,BKY83Q6,6813211.0,208552388.71,0.7116688876394119,0,,FINANCIALS,UNITED STATES,AVUV,2026-07-16,,,,,,,,,,,,,,,,,,,,,,
STONEX GROUP INC COMMON STOCK USD.01,SNEX,COMMON STOCK,861896108,US8618961085,BMQ8XV3,1778159.0,205217330.19,0.700288258523525,0,,FINANCIALS,UNITED STATES,AVUV,2026-07-16,,,,,,,,,,,,,,,,,,,,,,
IRIDIUM COMMUNICATIONS INC COMMON STOCK USD.001,IRDM,COMMON STOCK,46269C102,US46269C1027,B2QH310,4130564.0,201034549.88,0.6860148444002421,0,,COMMUNICATION SERVICES,UNITED STATES,AVUV,2026-07-16,,,,,,,,,,,,,,,,,,,,,,
SKYWEST INC COMMON STOCK,SKYW,COMMON STOCK,830879102,US8308791024,2814210,2011390.0,200093077.2,0.6828021417356364,0,,INDUSTRIALS,UNITED STATES,AVUV,2026-07-16,,,,,,,,,,,,,,,,,,,,,,
ARCHROCK INC COMMON STOCK USD.01,AROC,COMMON STOCK,03957W106,US03957W1062,BYRGSX7,5261903.0,197268743.47,0.6731643214431701,0,,ENERGY,UNITED STATES,AVUV,2026-07-16,,,,,,,,,,,,,,,,,,,,,,
RUSH ENTERPRISES INC CL A COMMON STOCK USD.01,RUSHA,COMMON STOCK,781846209,US7818462092,2966876,2564261.0,195345402.98,0.6666010708588122,0,,INDUSTRIALS,UNITED STATES,AVUV,2026-07-16,,,,,,,,,,,,,,,,,,,,,,
CAL MAINE FOODS INC COMMON STOCK USD.01,CALM,COMMON STOCK,128030202,US1280302027,2158781,2201015.0,187878640.4,0.6411213213702301,0,,CONSUMER STAPLES,UNITED STATES,AVUV,2026-07-16,,,,,,,,,,,,,,,,,,,,,,
ALASKA AIR GROUP INC COMMON STOCK USD.01,ALK,COMMON STOCK,011659109,US0116591092,2012605,3899429.0,186704660.52,0.6371152058782018,0,,INDUSTRIALS,UNITED STATES,AVUV,2026-07-16,,,,,,,,,,,,,,,,,,,,,,
PRICESMART INC COMMON STOCK USD.0001,PSMT,COMMON STOCK,741511109,US7415111092,2092942,945697.0,178339540.26,0.6085698803260584,0,,CONSUMER STAPLES,UNITED STATES,AVUV,2026-07-16,,,,,,,,,,,,,,,,,,,,,,
AXOS FINANCIAL INC COMMON STOCK USD.01,AX,COMMON STOCK,05465C100,US05465C1009,BGK38H3,1813353.0,177998730.48,0.6074068933253843,0,,FINANCIALS,UNITED STATES,AVUV,2026-07-16,,,,,,,,,,,,,,,,,,,,,,
MAGNOLIA OIL + GAS CORP   A COMMON STOCK USD.0001,MGY,COMMON STOCK,559663109,US5596631094,BF2GC59,6489979.0,173477138.67,0.5919773111772904,0,,ENERGY,UNITED STATES,AVUV,2026-07-16,,,,,,,,,,,,,,,,,,,,,,
CNO FINANCIAL GROUP INC COMMON STOCK USD.01,CNO,COMMON STOCK,12621E103,US12621E1038,2657750,3212164.0,169441651.0,0.5782065217897615,0,,FINANCIALS,UNITED STATES,AVUV,2026-07-16,,,,,,,,,,,,,,,,,,,,,,
RADIAN GROUP INC COMMON STOCK USD.001,RDN,COMMON STOCK,750236101,US7502361014,2173911,4416812.0,166602148.64,0.5685169397212451,0,,FINANCIALS,UNITED STATES,AVUV,2026-07-16,,,,,,,,,,,,,,,,,,,,,,
MGIC INVESTMENT CORP COMMON STOCK USD1.0,MTG,COMMON STOCK,552848103,US5528481030,2548616,5894267.0,165569960.03,0.5649946759655696,0,,FINANCIALS,UNITED STATES,AVUV,2026-07-16,,,,,,,,,,,,,,,,,,,,,,
BANK OZK COMMON STOCK,OZK,COMMON STOCK,06417N103,US06417N1037,BZ56Q65,3217902.0,165078372.6,0.5633171719022041,0,,FINANCIALS,UNITED STATES,AVUV,2026-07-16,,,,,,,,,,,,,,,,,,,,,,
INTERNATIONAL SEAWAYS INC COMMON STOCK,INSW,COMMON STOCK,Y41053102,MHY410531021,BYX60M4,1855186.0,164462238.9,0.5612146633304808,0,,ENERGY,UNITED STATES,AVUV,2026-07-16,,,,,,,,,,,,,,,,,,,,,,
ABERCROMBIE + FITCH CO CL A COMMON STOCK USD.01,ANF,COMMON STOCK,002896207,US0028962076,2004185,1678924.0,163174623.56,0.5568207756248863,0,,CONSUMER DISCRETIONARY,UNITED STATES,AVUV,2026-07-16,,,,,,,,,,,,,,,,,,,,,,
UNITED NATURAL FOODS INC COMMON STOCK USD.01,UNFI,COMMON STOCK,911163103,US9111631035,2895163,3319039.0,161039772.28,0.5495357608374228,0,,CONSUMER STAPLES,UNITED STATES,AVUV,2026-07-16,,,,,,,,,,,,,,,,,,,,,,
HANOVER INSURANCE GROUP INC/ COMMON STOCK USD.01,THG,COMMON STOCK,410867105,US4108671052,2020415,773420.0,160020598.0,0.546057907475758,0,,FINANCIALS,UNITED STATES,AVUV,2026-07-16,,,,,,,,,,,,,,,,,,,,,,
URBAN OUTFITTERS INC COMMON STOCK USD.0001,URBN,COMMON STOCK,917047102,US9170471026,2933438,2191179.0,159846508.05,0.5454638389933395,0,,CONSUMER DISCRETIONARY,UNITED STATES,AVUV,2026-07-16,,,,,,,,,,,,,,,,,,,,,,
CARMAX INC COMMON STOCK USD.5,KMX,COMMON STOCK,143130102,US1431301027,2983563,2709802.0,159715729.88,0.5450175686084875,0,,CONSUMER DISCRETIONARY,UNITED STATES,AVUV,2026-07-16,,,,,,,,,,,,,,,,,,,,,,
MURPHY OIL CORP COMMON STOCK USD1.0,MUR,COMMON STOCK,626717102,US6267171022,2611206,4533490.0,157040093.6,0.535887166857189,0,,ENERGY,UNITED STATES,AVUV,2026-07-16,,,,,,,,,,,,,,,,,,,,,,
ARCBEST CORP COMMON STOCK USD.01,ARCB,COMMON STOCK,03937C105,US03937C1053,BLTFST7,1061837.0,156589102.39,0.5343481942530337,0,,INDUSTRIALS,UNITED STATES,AVUV,2026-07-16,,,,,,,,,,,,,,,,,,,,,,
KODIAK GAS SERVICES INC COMMON STOCK USD.01,KGS,COMMON STOCK,50012A108,US50012A1088,BQLSDK5,2271351.0,153520614.09,0.5238772153843518,0,,ENERGY,UNITED STATES,AVUV,2026-07-16,,,,,,,,,,,,,,,,,,,,,,
TUTOR PERINI CORP COMMON STOCK USD1.0,TPC,COMMON STOCK,901109108,US9011091082,2681760,1919129.0,152167738.41,0.5192606318186808,0,,INDUSTRIALS,UNITED STATES,AVUV,2026-07-16,,,,,,,,,,,,,,,,,,,,,,
NOV INC COMMON STOCK USD.01,NOV,COMMON STOCK,62955J103,US62955J1034,BN2RYW9,7845406.0,152122422.34,0.5191059942365913,0,,ENERGY,UNITED STATES,AVUV,2026-07-16,,,,,,,,,,,,,,,,,,,,,,
CROCS INC COMMON STOCK USD.001,CROX,COMMON STOCK,227046109,US2270461096,B0T7Z62,1132942.0,151100474.54,0.5156186764525554,0,,CONSUMER DISCRETIONARY,UNITED STATES,AVUV,2026-07-16,,,,,,,,,,,,,,,,,,,,,,
SLM CORP COMMON STOCK USD.2,SLM,COMMON STOCK,78442P106,US78442P1066,2101967,5916122.0,149914531.48,0.5115717375345482,0,,FINANCIALS,UNITED STATES,AVUV,2026-07-16,,,,,,,,,,,,,,,,,,,,,,
RYDER SYSTEM INC COMMON STOCK USD.5,R,COMMON STOCK,783549108,US7835491082,2760669,565698.0,149615807.04,0.5105523634998488,0,,INDUSTRIALS,UNITED STATES,AVUV,2026-07-16,,,,,,,,,,,,,,,,,,,,,,
ESSENT GROUP LTD COMMON STOCK USD.015,ESNT,COMMON STOCK,G3198U102,BMG3198U1027,BFWGXR8,2340088.0,148829596.8,0.5078694818967542,0,,FINANCIALS,UNITED STATES,AVUV,2026-07-16,,,,,,,,,,,,,,,,,,,,,,
DANA INC COMMON STOCK USD.01,DAN,COMMON STOCK,235825205,US2358252052,B2PFJR3,5351545.0,148344827.4,0.5062152438331501,0,,CONSUMER DISCRETIONARY,UNITED STATES,AVUV,2026-07-16,,,,,,,,,,,,,,,,,,,,,,
TAYLOR MORRISON HOME CORP COMMON STOCK USD.00001,TMHC,COMMON STOCK,87724P106,US87724P1066,B832462,2057355.0,147841530.3,0.5044977814270627,0,,CONSUMER DISCRETIONARY,UNITED STATES,AVUV,2026-07-16,,,,,,,,,,,,,,,,,,,,,,
BREAD FINANCIAL HOLDINGS INC COMMON STOCK USD.01,BFH,COMMON STOCK,018581108,US0185811082,2762030,1483424.0,147125992.32,0.5020560634422429,0,,FINANCIALS,UNITED STATES,AVUV,2026-07-16,,,,,,,,,,,,,,,,,,,,,,
BRIGHTHOUSE FINANCIAL INC COMMON STOCK USD.01,BHF,COMMON STOCK,10922N103,US10922N1037,BF429K9,2243249.0,145990644.92,0.4981817782986387,0,,FINANCIALS,UNITED STATES,AVUV,2026-07-16,,,,,,,,,,,,,,,,,,,,,,
GENTEX CORP COMMON STOCK USD.06,GNTX,COMMON STOCK,371901109,US3719011096,2366799,5958843.0,144621119.61,0.49350837915902496,0,,CONSUMER DISCRETIONARY,UNITED STATES,AVUV,2026-07-16,,,,,,,,,,,,,,,,,,,,,,
OCEANEERING INTL INC COMMON STOCK USD.25,OII,COMMON STOCK,675232102,US6752321025,2655583,3363313.0,143478932.58,0.48961075430733086,0,,ENERGY,UNITED STATES,AVUV,2026-07-16,,,,,,,,,,,,,,,,,,,,,,
LIBERTY ENERGY INC COMMON STOCK,LBRT,COMMON STOCK,53115L104,US53115L1044,BDCWFT8,5700647.0,143257259.11,0.4888543107451646,0,,ENERGY,UNITED STATES,AVUV,2026-07-16,,,,,,,,,,,,,,,,,,,,,,
PLEXUS CORP COMMON STOCK USD.01,PLXS,COMMON STOCK,729132100,US7291321005,2692160,560681.0,142474648.91,0.48618371399998067,0,,INFORMATION TECHNOLOGY,UNITED STATES,AVUV,2026-07-16,,,,,,,,,,,,,,,,,,,,,,
TELEPHONE AND DATA SYSTEMS COMMON STOCK USD.01,TDS,COMMON STOCK,879433829,US8794338298,B6YR5K3,4159622.0,141759917.76,0.4837447492600992,0,,COMMUNICATION SERVICES,UNITED STATES,AVUV,2026-07-16,,,,,,,,,,,,,,,,,,,,,,
NOBLE CORP PLC COMMON STOCK USD.00001,NE,COMMON STOCK,G65431127,GB00BMXNWH07,BN2QTL0,3490305.0,141636576.9,0.48332385812008577,0,,ENERGY,UNITED STATES,AVUV,2026-07-16,,,,,,,,,,,,,,,,,,,,,,
FIRST BANCORP PUERTO RICO COMMON STOCK USD.1,FBP,COMMON STOCK,318672706,PR3186727065,2296926,5139582.0,139128484.74,0.4747651877128801,0,,FINANCIALS,UNITED STATES,AVUV,2026-07-16,,,,,,,,,,,,,,,,,,,,,,
SELECTIVE INSURANCE GROUP COMMON STOCK USD2.0,SIGI,COMMON STOCK,816300107,US8163001071,2766173,1466577.0,137344936.05,0.46867896582822915,0,,FINANCIALS,UNITED STATES,AVUV,2026-07-16,,,,,,,,,,,,,,,,,,,,,,
SIGNET JEWELERS LTD COMMON STOCK USD.18,SIG,COMMON STOCK,G81276100,BMG812761002,B3CTNK6,1565145.0,136214569.35,0.46482167693794346,0,,CONSUMER DISCRETIONARY,UNITED STATES,AVUV,2026-07-16,,,,,,,,,,,,,,,,,,,,,,
INTERNATIONAL BANCSHARES CRP COMMON STOCK USD1.0,IBOC,COMMON STOCK,459044103,US4590441030,2243911,1794298.0,135684814.76,0.4630139303946448,0,,FINANCIALS,UNITED STATES,AVUV,2026-07-16,,,,,,,,,,,,,,,,,,,,,,
ALLEGIANT TRAVEL CO COMMON STOCK USD.001,ALGT,COMMON STOCK,01748X102,US01748X1028,B15M2C3,1253845.0,135101798.75,0.461024433377233,0,,INDUSTRIALS,UNITED STATES,AVUV,2026-07-16,,,,,,,,,,,,,,,,,,,,,,
CHEESECAKE FACTORY INC/THE COMMON STOCK USD.01,CAKE,COMMON STOCK,163072101,US1630721017,2192392,1669324.0,133996637.48,0.4572531560662992,0,,CONSUMER DISCRETIONARY,UNITED STATES,AVUV,2026-07-16,,,,,,,,,,,,,,,,,,,,,,
CNX RESOURCES CORP COMMON STOCK USD.01,CNX,COMMON STOCK,12653C108,US12653C1080,BF3FTF4,4013199.0,133438866.75,0.45534980661328045,0,,ENERGY,UNITED STATES,AVUV,2026-07-16,,,,,,,,,,,,,,,,,,,,,,
BRUNSWICK CORP COMMON STOCK USD.75,BC,COMMON STOCK,117043109,US1170431092,2149309,1684579.0,133081741.0,0.4541311426275934,0,,CONSUMER DISCRETIONARY,UNITED STATES,AVUV,2026-07-16,,,,,,,,,,,,,,,,,,,,,,
TRINITY INDUSTRIES INC COMMON STOCK USD.01,TRN,COMMON STOCK,896522109,US8965221091,2904627,3685439.0,132896930.34,0.45350049055192243,0,,INDUSTRIALS,UNITED STATES,AVUV,2026-07-16,,,,,,,,,,,,,,,,,,,,,,
BENCHMARK ELECTRONICS INC COMMON STOCK USD.1,BHE,COMMON STOCK,08160H101,US08160H1014,2090816,1625430.0,132781376.7,0.4531061726975446,0,,INFORMATION TECHNOLOGY,UNITED STATES,AVUV,2026-07-16,,,,,,,,,,,,,,,,,,,,,,
PATTERSON UTI ENERGY INC COMMON STOCK USD.01,PTEN,COMMON STOCK,703481101,US7034811015,2672537,13462579.0,132471777.36,0.4520496889081497,0,,ENERGY,UNITED STATES,AVUV,2026-07-16,,,,,,,,,,,,,,,,,,,,,,
WEATHERFORD INTERNATIONAL PL COMMON STOCK USD.001,WFRD,COMMON STOCK,G48833118,IE00BLNN3691,BLNN369,1584492.0,129627290.52,0.4423430976873574,0,,ENERGY,UNITED STATES,AVUV,2026-07-16,,,,,,,,,,,,,,,,,,,,,,
LIVANOVA PLC COMMON STOCK GBP1.0,LIVN,COMMON STOCK,G5509L101,GB00BYMT0J19,BYMT0J1,1612675.0,128062521.75,0.4370034453494152,0,,HEALTH CARE,UNITED STATES,AVUV,2026-07-16,,,,,,,,,,,,,,,,,,,,,,
PAR PACIFIC HOLDINGS INC COMMON STOCK USD.01,PARR,COMMON STOCK,69888T207,US69888T2078,BJH08C3,1739005.0,127312556.05,0.43444424543428556,0,,ENERGY,UNITED STATES,AVUV,2026-07-16,,,,,,,,,,,,,,,,,,,,,,
FULTON FINANCIAL CORP COMMON STOCK USD2.5,FULT,COMMON STOCK,360271100,US3602711000,2356585,5201731.0,127026271.02,0.43346731992358706,0,,FINANCIALS,UNITED STATES,AVUV,2026-07-16,,,,,,,,,,,,,,,,,,,,,,
HANCOCK WHITNEY CORP COMMON STOCK USD3.33,HWC,COMMON STOCK,410120109,US4101201097,2415497,1643165.0,126605863.25,0.4320327109417312,0,,FINANCIALS,UNITED STATES,AVUV,2026-07-16,,,,,,,,,,,,,,,,,,,,,,
ALKERMES PLC COMMON STOCK USD.01,ALKS,COMMON STOCK,G01767105,IE00B56GVS15,B3P6D26,2423329.0,125964641.42,0.4298445910678286,0,,HEALTH CARE,UNITED STATES,AVUV,2026-07-16,,,,,,,,,,,,,,,,,,,,,,
PVH CORP COMMON STOCK USD1.0,PVH,COMMON STOCK,693656100,US6936561009,B3V9F12,1575730.0,123962679.1,0.42301304957274855,0,,CONSUMER DISCRETIONARY,UNITED STATES,AVUV,2026-07-16,,,,,,,,,,,,,,,,,,,,,,
CHORD ENERGY CORP COMMON STOCK,CHRD,COMMON STOCK,674215207,US6742152076,BLDDYB1,999648.0,123396549.12,0.4210811748259858,0,,ENERGY,UNITED STATES,AVUV,2026-07-16,,,,,,,,,,,,,,,,,,,,,,
PHINIA INC COMMON STOCK USD.01,PHIN,COMMON STOCK,71880K101,US71880K1016,BPW7PC0,1545139.0,122884904.67,0.41933522773398335,0,,CONSUMER DISCRETIONARY,UNITED STATES,AVUV,2026-07-16,,,,,,,,,,,,,,,,,,,,,,
HARLEY DAVIDSON INC COMMON STOCK USD.01,HOG,COMMON STOCK,412822108,US4128221086,2411053,4656189.0,120828104.55,0.41231655649002824,0,,CONSUMER DISCRETIONARY,UNITED STATES,AVUV,2026-07-16,,,,,,,,,,,,,,,,,,,,,,
CALIFORNIA RESOURCES CORP COMMON STOCK USD.01,CRC,COMMON STOCK,13057Q305,US13057Q3056,BMBK002,2305979.0,120533522.33,0.41131131746053307,0,,ENERGY,UNITED STATES,AVUV,2026-07-16,,,,,,,,,,,,,,,,,,,,,,
POLARIS INC COMMON STOCK USD.01,PII,COMMON STOCK,731068102,US7310681025,2692933,1680131.0,120112565.19,0.40987483379606515,0,,CONSUMER DISCRETIONARY,UNITED STATES,AVUV,2026-07-16,,,,,,,,,,,,,,,,,,,,,,
JACKSON FINANCIAL INC A COMMON STOCK USD.01,JXN,COMMON STOCK,46817M107,US46817M1071,BMFX6P4,944990.0,117433907.3,0.40073412103446915,0,,FINANCIALS,UNITED STATES,AVUV,2026-07-16,,,,,,,,,,,,,,,,,,,,,,
WERNER ENTERPRISES INC COMMON STOCK USD.01,WERN,COMMON STOCK,950755108,US9507551086,2948852,2663896.0,116172504.56,0.39642968179791177,0,,INDUSTRIALS,UNITED STATES,AVUV,2026-07-16,,,,,,,,,,,,,,,,,,,,,,
COLUMBIA BANKING SYSTEM INC COMMON STOCK,COLB,COMMON STOCK,197236102,US1972361026,2176608,3535051.0,115136611.07,0.39289477542593854,0,,FINANCIALS,UNITED STATES,AVUV,2026-07-16,,,,,,,,,,,,,,,,,,,,,,
FIVE BELOW COMMON STOCK USD.01,FIVE,COMMON STOCK,33829M101,US33829M1018,B85KFY9,590037.0,113894842.11,0.3886573349442704,0,,CONSUMER DISCRETIONARY,UNITED STATES,AVUV,2026-07-16,,,,,,,,,,,,,,,,,,,,,,
KIRBY CORP COMMON STOCK USD.1,KEX,COMMON STOCK,497266106,US4972661064,2493534,800950.0,113646795.5,0.38781089508274047,0,,INDUSTRIALS,UNITED STATES,AVUV,2026-07-16,,,,,,,,,,,,,,,,,,,,,,
NEWMARKET CORP COMMON STOCK,NEU,COMMON STOCK,651587107,US6515871076,B01CGF1,149991.0,113063215.8,0.38581947451682475,0,,MATERIALS,UNITED STATES,AVUV,2026-07-16,,,,,,,,,,,,,,,,,,,,,,
ATKORE INC COMMON STOCK USD.01,ATKR,COMMON STOCK,047649108,US0476491081,BDHF495,1523488.0,112479119.04,0.38382628952367176,0,,INDUSTRIALS,UNITED STATES,AVUV,2026-07-16,,,,,,,,,,,,,,,,,,,,,,
VISTEON CORP COMMON STOCK,VC,COMMON STOCK,92839U206,US92839U2069,B4N0JJ6,1050969.0,110971816.71,0.3786827369651871,0,,CONSUMER DISCRETIONARY,UNITED STATES,AVUV,2026-07-16,,,,,,,,,,,,,,,,,,,,,,
LITHIA MOTORS INC COMMON STOCK,LAD,COMMON STOCK,536797103,US5367971034,2515030,332380.0,110140760.6,0.37584682230111655,0,,CONSUMER DISCRETIONARY,UNITED STATES,AVUV,2026-07-16,,,,,,,,,,,,,,,,,,,,,,
ASSOCIATED BANC CORP COMMON STOCK USD.01,ASB,COMMON STOCK,045487105,US0454871056,2055718,3535128.0,109341509.04,0.37311943820272486,0,,FINANCIALS,UNITED STATES,AVUV,2026-07-16,,,,,,,,,,,,,,,,,,,,,,
HELMERICH + PAYNE COMMON STOCK USD.1,HP,COMMON STOCK,423452101,US4234521015,2420101,3264983.0,109017782.37,0.37201474599294887,0,,ENERGY,UNITED STATES,AVUV,2026-07-16,,,,,,,,,,,,,,,,,,,,,,
BANKUNITED INC COMMON STOCK USD.01,BKU,COMMON STOCK,06652K103,US06652K1034,B3NNTZ4,2251352.0,108897896.24,0.37160564385171596,0,,FINANCIALS,UNITED STATES,AVUV,2026-07-16,,,,,,,,,,,,,,,,,,,,,,
YETI HOLDINGS INC COMMON STOCK USD.01,YETI,COMMON STOCK,98585X104,US98585X1046,BGR7KH2,2220621.0,107322612.93,0.36623011145969175,0,,CONSUMER DISCRETIONARY,UNITED STATES,AVUV,2026-07-16,,,,,,,,,,,,,,,,,,,,,,
NMI HOLDINGS INC COMMON STOCK USD.01,NMIH,COMMON STOCK,629209305,US6292093050,BGDW5G5,2581349.0,106067630.41,0.36194758072705535,0,,FINANCIALS,UNITED STATES,AVUV,2026-07-16,,,,,,,,,,,,,,,,,,,,,,
CATHAY GENERAL BANCORP COMMON STOCK USD.01,CATY,COMMON STOCK,149150104,US1491501045,2264235,1705675.0,106041814.75,0.36185948678505103,0,,FINANCIALS,UNITED STATES,AVUV,2026-07-16,,,,,,,,,,,,,,,,,,,,,,
TEXAS CAPITAL BANCSHARES INC COMMON STOCK USD.01,TCBI,COMMON STOCK,88224Q107,US88224Q1076,2977209,1017618.0,105761038.74,0.36090136037878684,0,,FINANCIALS,UNITED STATES,AVUV,2026-07-16,,,,,,,,,,,,,,,,,,,,,,
TRANSOCEAN LTD COMMON STOCK CHF.1,RIG,COMMON STOCK,H8817H100,CH0048265513,B3KFWW1,19707186.0,102477367.2,0.349696085355567,0,,ENERGY,UNITED STATES,AVUV,2026-07-16,,,,,,,,,,,,,,,,,,,,,,
VALARIS LTD COMMON STOCK USD.01,VAL,COMMON STOCK,G9460G101,BMG9460G1015,BMY0YX0,1330173.0,102343510.62,0.34923931013481285,0,,ENERGY,UNITED STATES,AVUV,2026-07-16,,,,,,,,,,,,,,,,,,,,,,
MATADOR RESOURCES CO COMMON STOCK USD.01,MTDR,COMMON STOCK,576485205,US5764852050,B7MSLL8,1943250.0,102292680.0,0.34906585457759204,0,,ENERGY,UNITED STATES,AVUV,2026-07-16,,,,,,,,,,,,,,,,,,,,,,
TIDEWATER INC COMMON STOCK,TDW,COMMON STOCK,88642R109,US88642R1095,BDFGDQ0,1332009.0,99727513.83,0.3403124235279355,0,,ENERGY,UNITED STATES,AVUV,2026-07-16,,,,,,,,,,,,,,,,,,,,,,
ASSURED GUARANTY LTD COMMON STOCK USD.01,AGO,COMMON STOCK,G0585R106,BMG0585R1060,B00V7H8,1202474.0,99192080.26,0.338485297904855,0,,FINANCIALS,UNITED STATES,AVUV,2026-07-16,,,,,,,,,,,,,,,,,,,,,,
SIRIUSPOINT LTD COMMON STOCK USD.1,SPNT,COMMON STOCK,G8192H106,BMG8192H1060,BMCQX44,4077766.0,98804270.18,0.3371619260175508,0,,FINANCIALS,UNITED STATES,AVUV,2026-07-16,,,,,,,,,,,,,,,,,,,,,,
ACADEMY SPORTS + OUTDOORS IN COMMON STOCK USD.01,ASO,COMMON STOCK,00402L107,US00402L1070,BN7K304,2088678.0,98627375.16,0.33655828545082767,0,,CONSUMER DISCRETIONARY,UNITED STATES,AVUV,2026-07-16,,,,,,,,,,,,,,,,,,,,,,
TEREX CORP COMMON STOCK USD.01,TEX,COMMON STOCK,880779103,US8807791038,2884224,1464964.0,95984441.28,0.327539478108853,0,,INDUSTRIALS,UNITED STATES,AVUV,2026-07-16,,,,,,,,,,,,,,,,,,,,,,
GENWORTH FINANCIAL INC COMMON STOCK USD.001,GNW,COMMON STOCK,37247D106,US37247D1063,B011WL6,9742881.0,94895660.94,0.32382409945390545,0,,FINANCIALS,UNITED STATES,AVUV,2026-07-16,,,,,,,,,,,,,,,,,,,,,,
BANCORP INC/THE COMMON STOCK USD1.0,TBBK,COMMON STOCK,05969A105,US05969A1051,B05BRL7,1378786.0,94240023.1,0.32158678606146124,0,,FINANCIALS,UNITED STATES,AVUV,2026-07-16,,,,,,,,,,,,,,,,,,,,,,
LYFT INC A COMMON STOCK USD.00001,LYFT,COMMON STOCK,55087P104,US55087P1049,BJT1RW7,5759246.0,93472562.58,0.3189678864269188,0,,INDUSTRIALS,UNITED STATES,AVUV,2026-07-16,,,,,,,,,,,,,,,,,,,,,,
AMERICAN EAGLE OUTFITTERS COMMON STOCK USD.01,AEO,COMMON STOCK,02553E106,US02553E1064,2048592,5363222.0,93373695.02,0.3186305085292882,0,,CONSUMER DISCRETIONARY,UNITED STATES,AVUV,2026-07-16,,,,,,,,,,,,,,,,,,,,,,
ONEMAIN HOLDINGS INC COMMON STOCK USD.01,OMF,COMMON STOCK,68268W103,US68268W1036,BYSZB89,1535287.0,93007686.46,0.3173815326418727,0,,FINANCIALS,UNITED STATES,AVUV,2026-07-16,,,,,,,,,,,,,,,,,,,,,,
KOHLS CORP COMMON STOCK USD.01,KSS,COMMON STOCK,500255104,US5002551043,2496113,5435892.0,92953753.2,0.3171974895657498,0,,CONSUMER DISCRETIONARY,UNITED STATES,AVUV,2026-07-16,,,,,,,,,,,,,,,,,,,,,,
SPECTRUM BRANDS HOLDINGS INC COMMON STOCK USD.01,SPB,COMMON STOCK,84790A105,US84790A1051,BDRYFB1,1053828.0,92389100.76,0.31527065680989746,0,,CONSUMER STAPLES,UNITED STATES,AVUV,2026-07-16,,,,,,,,,,,,,,,,,,,,,,
BOYD GAMING CORP COMMON STOCK USD.01,BYD,COMMON STOCK,103304101,US1033041013,2117232,1048520.0,91892292.8,0.31357533809189775,0,,CONSUMER DISCRETIONARY,UNITED STATES,AVUV,2026-07-16,,,,,,,,,,,,,,,,,,,,,,
HOWARD HUGHES HOLDINGS INC COMMON STOCK,HHH,COMMON STOCK,44267T102,US44267T1025,BR1W702,1257611.0,91591809.13,0.3125499608209614,0,,REAL ESTATE,UNITED STATES,AVUV,2026-07-16,,,,,,,,,,,,,,,,,,,,,,
VF CORP COMMON STOCK,VFC,COMMON STOCK,918204108,US9182041080,2928683,5285389.0,91120106.36,0.31094031162107083,0,,CONSUMER DISCRETIONARY,UNITED STATES,AVUV,2026-07-16,,,,,,,,,,,,,,,,,,,,,,
BLUE BIRD CORP COMMON STOCK USD.0001,BLBD,COMMON STOCK,095306106,US0953061068,BW0FQV1,1184798.0,91016182.36,0.310585679013233,0,,INDUSTRIALS,UNITED STATES,AVUV,2026-07-16,,,,,,,,,,,,,,,,,,,,,,
GOODYEAR TIRE + RUBBER CO COMMON STOCK,GT,COMMON STOCK,382550101,US3825501014,2378200,13212205.0,89050261.7,0.30387712689381796,0,,CONSUMER DISCRETIONARY,UNITED STATES,AVUV,2026-07-16,,,,,,,,,,,,,,,,,,,,,,
MERCURY GENERAL CORP COMMON STOCK,MCY,COMMON STOCK,589400100,US5894001008,2578464,842680.0,88700496.8,0.30268358123913625,0,,FINANCIALS,UNITED STATES,AVUV,2026-07-16,,,,,,,,,,,,,,,,,,,,,,
BANK OF N.T. BUTTERFIELD+SON COMMON STOCK BMD1.0,NTB,COMMON STOCK,G0772R208,BMG0772R2087,BD8FF02,1442009.0,88135590.08,0.3007558807724614,0,,FINANCIALS,UNITED STATES,AVUV,2026-07-16,,,,,,,,,,,,,,,,,,,,,,
ARGAN INC COMMON STOCK USD.15,AGX,COMMON STOCK,04010E109,US04010E1091,2804501,144657.0,88130830.68,0.3007396396882677,0,,INDUSTRIALS,UNITED STATES,AVUV,2026-07-16,,,,,,,,,,,,,,,,,,,,,,
INGREDION INC COMMON STOCK USD.01,INGR,COMMON STOCK,457187102,US4571871023,B7K24P7,884424.0,87708328.08,0.29929788226114534,0,,CONSUMER STAPLES,UNITED STATES,AVUV,2026-07-16,,,,,,,,,,,,,,,,,,,,,,
MOHAWK INDUSTRIES INC COMMON STOCK USD.01,MHK,COMMON STOCK,608190104,US6081901042,2598699,782516.0,87258359.16,0.297762398142505,0,,CONSUMER DISCRETIONARY,UNITED STATES,AVUV,2026-07-16,,,,,,,,,,,,,,,,,,,,,,
INTERFACE INC COMMON STOCK USD.1,TILE,COMMON STOCK,458665304,US4586653044,B86V808,2603630.0,86987278.3,0.29683735568535624,0,,INDUSTRIALS,UNITED STATES,AVUV,2026-07-16,,,,,,,,,,,,,,,,,,,,,,
DXC TECHNOLOGY CO COMMON STOCK USD.01,DXC,COMMON STOCK,23355L106,US23355L1061,BYXD7B3,9282544.0,86327659.2,0.29458645655125204,0,,INFORMATION TECHNOLOGY,UNITED STATES,AVUV,2026-07-16,,,,,,,,,,,,,,,,,,,,,,
PHOTRONICS INC COMMON STOCK USD.01,PLAB,COMMON STOCK,719405102,US7194051022,2687315,2854987.0,84992962.99,0.29003190902013715,0,,INFORMATION TECHNOLOGY,UNITED STATES,AVUV,2026-07-16,,,,,,,,,,,,,,,,,,,,,,
CRESCENT ENERGY INC A COMMON STOCK USD.0001,CRGY,COMMON STOCK,44952J104,US44952J1043,BNR4QY1,8307505.0,84487325.85,0.28830646140863386,0,,ENERGY,UNITED STATES,AVUV,2026-07-16,,,,,,,,,,,,,,,,,,,,,,
CENTRAL GARDEN AND PET CO A COMMON STOCK USD.01,CENTA,COMMON STOCK,153527205,US1535272058,B1P36Y6,2236196.0,84438760.96,0.2881407374797044,0,,CONSUMER STAPLES,UNITED STATES,AVUV,2026-07-16,,,,,,,,,,,,,,,,,,,,,,
BANK OF HAWAII CORP COMMON STOCK USD.01,BOH,COMMON STOCK,062540109,US0625401098,2074070,1014335.0,84331811.9,0.287775782088711,0,,FINANCIALS,UNITED STATES,AVUV,2026-07-16,,,,,,,,,,,,,,,,,,,,,,
FIRST AMERICAN FINANCIAL COMMON STOCK USD.00001,FAF,COMMON STOCK,31847R102,US31847R1023,B4NFPK4,1199849.0,83473494.93,0.284846841849473,0,,FINANCIALS,UNITED STATES,AVUV,2026-07-16,,,,,,,,,,,,,,,,,,,,,,
VICTORY CAPITAL HOLDING   A COMMON STOCK USD.01,VCTR,COMMON STOCK,92645B103,US92645B1035,BFYVKR0,840239.0,83225672.95,0.28400116852043505,0,,FINANCIALS,UNITED STATES,AVUV,2026-07-16,,,,,,,,,,,,,,,,,,,,,,
PALOMAR HOLDINGS INC COMMON STOCK USD.0001,PLMR,COMMON STOCK,69753M105,US69753M1053,BJYLZK6,628633.0,82784679.77,0.2824963134199568,0,,FINANCIALS,UNITED STATES,AVUV,2026-07-16,,,,,,,,,,,,,,,,,,,,,,
PROVIDENT FINANCIAL SERVICES COMMON STOCK USD.01,PFS,COMMON STOCK,74386T105,US74386T1051,2171603,3449161.0,81469182.82,0.27800728187785656,0,,FINANCIALS,UNITED STATES,AVUV,2026-07-16,,,,,,,,,,,,,,,,,,,,,,
KENNAMETAL INC COMMON STOCK USD1.25,KMT,COMMON STOCK,489170100,US4891701009,2488121,2290274.0,79609924.24,0.27166270585239294,0,,INDUSTRIALS,UNITED STATES,AVUV,2026-07-16,,,,,,,,,,,,,,,,,,,,,,
VALLEY NATIONAL BANCORP COMMON STOCK,VLY,COMMON STOCK,919794107,US9197941076,2935326,5338639.0,79225402.76,0.2703505560581004,0,,FINANCIALS,UNITED STATES,AVUV,2026-07-16,,,,,,,,,,,,,,,,,,,,,,
VICTORIA S SECRET + CO COMMON STOCK USD.01,VSXY,COMMON STOCK,926400102,US9264001028,BNNTGH3,938600.0,79199068.0,0.27026069072751663,0,,CONSUMER DISCRETIONARY,UNITED STATES,AVUV,2026-07-16,,,,,,,,,,,,,,,,,,,,,,
ALBANY INTL CORP CL A COMMON STOCK USD.001,AIN,COMMON STOCK,012348108,US0123481089,2012757,1049325.0,77996327.25,0.26615643099227415,0,,INDUSTRIALS,UNITED STATES,AVUV,2026-07-16,,,,,,,,,,,,,,,,,,,,,,
HUNTSMAN CORP COMMON STOCK USD.01,HUN,COMMON STOCK,447011107,US4470111075,B0650B9,6518348.0,77894258.6,0.265808129622735,0,,MATERIALS,UNITED STATES,AVUV,2026-07-16,,,,,,,,,,,,,,,,,,,,,,
ACADIA HEALTHCARE CO INC COMMON STOCK USD.01,ACHC,COMMON STOCK,00404A109,US00404A1097,B65VZ37,2403994.0,77576886.38,0.2647251214818446,0,,HEALTH CARE,UNITED STATES,AVUV,2026-07-16,,,,,,,,,,,,,,,,,,,,,,
BANC OF CALIFORNIA INC COMMON STOCK USD.01,BANC,COMMON STOCK,05990K106,US05990K1060,BCD47X4,3720781.0,77541076.04,0.26460292146777903,0,,FINANCIALS,UNITED STATES,AVUV,2026-07-16,,,,,,,,,,,,,,,,,,,,,,
MYR GROUP INC/DELAWARE COMMON STOCK USD.01,MYRG,COMMON STOCK,55405W104,US55405W1045,B3CLS18,186008.0,77189599.84,0.2634035361342763,0,,INDUSTRIALS,UNITED STATES,AVUV,2026-07-16,,,,,,,,,,,,,,,,,,,,,,
SCORPIO TANKERS INC COMMON STOCK USD.01,STNG,COMMON STOCK,Y7542C130,MHY7542C1306,BHXD297,975848.0,76652860.4,0.26157195433087554,0,,ENERGY,UNITED STATES,AVUV,2026-07-16,,,,,,,,,,,,,,,,,,,,,,
WAFD INC COMMON STOCK USD1.0,WAFD,COMMON STOCK,938824109,US9388241096,2941981,1992880.0,76506663.2,0.2610730676993507,0,,FINANCIALS,UNITED STATES,AVUV,2026-07-16,,,,,,,,,,,,,,,,,,,,,,
HARMONY BIOSCIENCES HOLDINGS COMMON STOCK USD.00001,HRMY,COMMON STOCK,413197104,US4131971040,BKSGZN7,2187576.0,76346402.4,0.260526190121138,0,,HEALTH CARE,UNITED STATES,AVUV,2026-07-16,,,,,,,,,,,,,,,,,,,,,,
CUSTOMERS BANCORP INC COMMON STOCK USD1.0,CUBI,COMMON STOCK,23204G100,US23204G1004,B6XHXY4,984667.0,75829205.67,0.2587612963032989,0,,FINANCIALS,UNITED STATES,AVUV,2026-07-16,,,,,,,,,,,,,,,,,,,,,,
CALLAWAY GOLF COMPANY COMMON STOCK USD.01,CALY,COMMON STOCK,131193104,US1311931042,2173933,3800846.0,74724632.36,0.25499202536036586,0,,CONSUMER DISCRETIONARY,UNITED STATES,AVUV,2026-07-16,,,,,,,,,,,,,,,,,,,,,,
TREX COMPANY INC COMMON STOCK USD.01,TREX,COMMON STOCK,89531P105,US89531P1057,2483074,1691357.0,73776992.34,0.25175827712527,0,,INDUSTRIALS,UNITED STATES,AVUV,2026-07-16,,,,,,,,,,,,,,,,,,,,,,
PEABODY ENERGY CORP COMMON STOCK,BTU,COMMON STOCK,704551100,US7045511000,BDVPZV0,3131015.0,73735403.25,0.25161635757401807,0,,ENERGY,UNITED STATES,AVUV,2026-07-16,,,,,,,,,,,,,,,,,,,,,,
GREENBRIER COMPANIES INC COMMON STOCK,GBX,COMMON STOCK,393657101,US3936571013,2387530,1538804.0,73477891.0,0.250737616948487,0,,INDUSTRIALS,UNITED STATES,AVUV,2026-07-16,,,,,,,,,,,,,,,,,,,,,,
TALOS ENERGY INC COMMON STOCK,TALO,COMMON STOCK,87484T108,US87484T1088,BDT56V9,5175971.0,72360074.58,0.24692315491749747,0,,ENERGY,UNITED STATES,AVUV,2026-07-16,,,,,,,,,,,,,,,,,,,,,,
OFG BANCORP COMMON STOCK USD1.0,OFG,COMMON STOCK,67103X102,PR67103X1020,B87LKR8,1445195.0,72245298.05,0.24653148889085802,0,,FINANCIALS,UNITED STATES,AVUV,2026-07-16,,,,,,,,,,,,,,,,,,,,,,
NORTHERN OIL AND GAS INC COMMON STOCK USD.001,NOG,COMMON STOCK,665531307,US6655313079,BN6RJM0,3474484.0,70740494.24,0.24139646233852538,0,,ENERGY,UNITED STATES,AVUV,2026-07-16,,,,,,,,,,,,,,,,,,,,,,
PACS GROUP INC COMMON STOCK USD.001,PACS,COMMON STOCK,69380Q107,US69380Q1076,BPW6WD7,1554980.0,69974100.0,0.23878120130196887,0,,HEALTH CARE,UNITED STATES,AVUV,2026-07-16,,,,,,,,,,,,,,,,,,,,,,
SOLAREDGE TECHNOLOGIES INC COMMON STOCK USD.0001,SEDG,COMMON STOCK,83417M104,US83417M1045,BWC52Q6,1277516.0,69726823.28,0.237937388630486,0,,INFORMATION TECHNOLOGY,UNITED STATES,AVUV,2026-07-16,,,,,,,,,,,,,,,,,,,,,,
AXIS CAPITAL HOLDINGS LTD COMMON STOCK USD.0125,AXS,COMMON STOCK,G0692U109,BMG0692U1099,2677606,622441.0,68910443.11,0.23515155447596728,0,,FINANCIALS,UNITED STATES,AVUV,2026-07-16,,,,,,,,,,,,,,,,,,,,,,
SELECT WATER SOLUTIONS INC COMMON STOCK USD.01,WTTR,COMMON STOCK,81617J301,US81617J3014,BDHSLL5,3435645.0,68644187.1,0.23424297644607234,0,,ENERGY,UNITED STATES,AVUV,2026-07-16,,,,,,,,,,,,,,,,,,,,,,
DHT HOLDINGS INC COMMON STOCK USD.01,DHT,COMMON STOCK,Y2065G121,MHY2065G1219,B7JB336,3763370.0,67778293.7,0.23128818222576167,0,,ENERGY,UNITED STATES,AVUV,2026-07-16,,,,,,,,,,,,,,,,,,,,,,
ENTERPRISE FINANCIAL SERVICE COMMON STOCK USD.01,EFSC,COMMON STOCK,293712105,US2937121059,2768889,1019333.0,67581777.9,0.2306175872656433,0,,FINANCIALS,UNITED STATES,AVUV,2026-07-16,,,,,,,,,,,,,,,,,,,,,,
PAYCOM SOFTWARE INC COMMON STOCK USD.01,PAYC,COMMON STOCK,70432V102,US70432V1026,BL95MY0,457682.0,66240315.86,0.2260399518632274,0,,INDUSTRIALS,UNITED STATES,AVUV,2026-07-16,,,,,,,,,,,,,,,,,,,,,,
SCHNEIDER NATIONAL INC CL B COMMON STOCK,SNDR,COMMON STOCK,80689H102,US80689H1023,BYVN953,1815732.0,66165274.08,0.225783877596088,0,,INDUSTRIALS,UNITED STATES,AVUV,2026-07-16,,,,,,,,,,,,,,,,,,,,,,
CREDIT ACCEPTANCE CORP COMMON STOCK USD.01,CACC,COMMON STOCK,225310101,US2253101016,2232050,105254.0,64865935.12,0.2213499839444762,0,,FINANCIALS,UNITED STATES,AVUV,2026-07-16,,,,,,,,,,,,,,,,,,,,,,
TRUSTMARK CORP COMMON STOCK,TRMK,COMMON STOCK,898402102,US8984021027,2340210,1386018.0,64768621.14,0.22101790751837175,0,,FINANCIALS,UNITED STATES,AVUV,2026-07-16,,,,,,,,,,,,,,,,,,,,,,
VERSANT MEDIA GROUP INC COMMON STOCK USD.01,VSNT,COMMON STOCK,925283103,US9252831030,BVV5S84,1780582.0,64154369.46,0.2189218211942582,0,,COMMUNICATION SERVICES,UNITED STATES,AVUV,2026-07-16,,,,,,,,,,,,,,,,,,,,,,
CHEMOURS CO/THE COMMON STOCK USD.01,CC,COMMON STOCK,163851108,US1638511089,BZ0CTP8,3444076.0,63749846.76,0.21754141878451067,0,,MATERIALS,UNITED STATES,AVUV,2026-07-16,,,,,,,,,,,,,,,,,,,,,,
PERDOCEO EDUCATION CORP COMMON STOCK USD.01,PRDO,COMMON STOCK,71363P106,US71363P1066,BKRQQR9,1969107.0,63690765.92,0.2173398099899834,0,,CONSUMER DISCRETIONARY,UNITED STATES,AVUV,2026-07-16,,,,,,,,,,,,,,,,,,,,,,
LA Z BOY INC COMMON STOCK USD1.0,LZB,COMMON STOCK,505336107,US5053361078,2508405,1567007.0,62570589.51,0.21351729467574673,0,,CONSUMER DISCRETIONARY,UNITED STATES,AVUV,2026-07-16,,,,,,,,,,,,,,,,,,,,,,
SUPER GROUP SGHC LTD COMMON STOCK,SGHC,COMMON STOCK,G8588X103,GG00BMG42V42,BMG42V4,4237621.0,62504909.75,0.21329316757737715,0,,CONSUMER DISCRETIONARY,UNITED STATES,AVUV,2026-07-16,,,,,,,,,,,,,,,,,,,,,,
PENGUIN SOLUTIONS INC COMMON STOCK USD.01,PENG,COMMON STOCK,706915105,US7069151055,BRJHSZ1,856414.0,62389759.9,0.21290022762512706,0,,INFORMATION TECHNOLOGY,UNITED STATES,AVUV,2026-07-16,,,,,,,,,,,,,,,,,,,,,,
GRANITE CONSTRUCTION INC COMMON STOCK USD.01,GVA,COMMON STOCK,387328107,US3873281071,2381189,496183.0,61804554.48,0.21090325941551777,0,,INDUSTRIALS,UNITED STATES,AVUV,2026-07-16,,,,,,,,,,,,,,,,,,,,,,
MONARCH CASINO + RESORT INC COMMON STOCK USD.01,MCRI,COMMON STOCK,609027107,US6090271072,2599197,487340.0,61609522.8,0.21023772890005074,0,,CONSUMER DISCRETIONARY,UNITED STATES,AVUV,2026-07-16,,,,,,,,,,,,,,,,,,,,,,
FLUOR CORP COMMON STOCK USD.01,FLR,COMMON STOCK,343412102,US3434121022,2696838,1206366.0,61247201.82,0.20900133659402167,0,,INDUSTRIALS,UNITED STATES,AVUV,2026-07-16,,,,,,,,,,,,,,,,,,,,,,
TEEKAY TANKERS LTD CLASS A COMMON STOCK USD.01,TNK,COMMON STOCK,G8726X106,BMG8726X1065,BL54JK6,836865.0,60873560.1,0.2077263131387985,0,,ENERGY,UNITED STATES,AVUV,2026-07-16,,,,,,,,,,,,,,,,,,,,,,
BOISE CASCADE CO COMMON STOCK USD.01,BCC,COMMON STOCK,09739D100,US09739D1000,B9BP4R1,798381.0,60668972.19,0.20702817272796564,0,,INDUSTRIALS,UNITED STATES,AVUV,2026-07-16,,,,,,,,,,,,,,,,,,,,,,
HCI GROUP INC COMMON STOCK,HCI,COMMON STOCK,40416E103,US40416E1038,BBN23F5,347143.0,60472310.6,0.20635708027075425,0,,FINANCIALS,UNITED STATES,AVUV,2026-07-16,,,,,,,,,,,,,,,,,,,,,,
SYLVAMO CORP COMMON STOCK USD1.0,SLVM,COMMON STOCK,871332102,US8713321029,BMW72C8,1596400.0,59992712.0,0.2047204871620077,0,,MATERIALS,UNITED STATES,AVUV,2026-07-16,,,,,,,,,,,,,,,,,,,,,,
PATHWARD FINANCIAL INC COMMON STOCK USD.01,CASH,COMMON STOCK,59100U108,US59100U1088,2420316,657760.0,59770651.2,0.20396272186619002,0,,FINANCIALS,UNITED STATES,AVUV,2026-07-16,,,,,,,,,,,,,,,,,,,,,,
INGLES MARKETS INC CLASS A COMMON STOCK USD.05,IMKTA,COMMON STOCK,457030104,US4570301048,2460550,657758.0,59731003.98,0.20382742879604143,0,,CONSUMER STAPLES,UNITED STATES,AVUV,2026-07-16,,,,,,,,,,,,,,,,,,,,,,
M/I HOMES INC COMMON STOCK USD.01,MHO,COMMON STOCK,55305B101,US55305B1017,2549385,398057.0,59557288.34,0.20323463761753197,0,,CONSUMER DISCRETIONARY,UNITED STATES,AVUV,2026-07-16,,,,,,,,,,,,,,,,,,,,,,
MATERION CORP COMMON STOCK,MTRN,COMMON STOCK,576690101,US5766901012,2149622,235797.0,59185047.0,0.20196439285069032,0,,MATERIALS,UNITED STATES,AVUV,2026-07-16,,,,,,,,,,,,,,,,,,,,,,
DORIAN LPG LTD COMMON STOCK USD.01,LPG,COMMON STOCK,Y2106R110,MHY2106R1100,BM4QJF5,1393203.0,58556322.09,0.19981891774921318,0,,ENERGY,UNITED STATES,AVUV,2026-07-16,,,,,,,,,,,,,,,,,,,,,,
SKYWARD SPECIALTY INSURANCE COMMON STOCK USD.01,SKWD,COMMON STOCK,830940102,US8309401029,BNNMQS3,1027390.0,58427669.3,0.1993799000591385,0,,FINANCIALS,UNITED STATES,AVUV,2026-07-16,,,,,,,,,,,,,,,,,,,,,,
LIFE TIME GROUP HOLDINGS INC COMMON STOCK USD.01,LTH,COMMON STOCK,53190C102,US53190C1027,BPH0546,1380334.0,57974028.0,0.19783188422793546,0,,CONSUMER DISCRETIONARY,UNITED STATES,AVUV,2026-07-16,,,,,,,,,,,,,,,,,,,,,,
FEDERAL AGRIC MTG CORP CL C COMMON STOCK USD1.0,AGM,COMMON STOCK,313148306,US3131483063,2363381,293611.0,57574180.99,0.1964674372484845,0,,FINANCIALS,UNITED STATES,AVUV,2026-07-16,,,,,,,,,,,,,,,,,,,,,,
COMPASS MINERALS INTERNATION COMMON STOCK USD.01,CMP,COMMON STOCK,20451N101,US20451N1019,2202763,1915821.0,57512946.42,0.1962584790169987,0,,MATERIALS,UNITED STATES,AVUV,2026-07-16,,,,,,,,,,,,,,,,,,,,,,
G III APPAREL GROUP LTD COMMON STOCK USD.01,GIII,COMMON STOCK,36237H101,US36237H1014,2369721,1615410.0,56878586.1,0.19409377351499293,0,,CONSUMER DISCRETIONARY,UNITED STATES,AVUV,2026-07-16,,,,,,,,,,,,,,,,,,,,,,
KAISER ALUMINUM CORP COMMON STOCK USD.01,KALU,COMMON STOCK,483007704,US4830077040,B15CJ33,348097.0,56652786.75,0.19332325070660808,0,,MATERIALS,UNITED STATES,AVUV,2026-07-16,,,,,,,,,,,,,,,,,,,,,,
KB HOME COMMON STOCK USD1.0,KBH,COMMON STOCK,48666K109,US48666K1097,2485070,1003745.0,56631292.9,0.19324990460678537,0,,CONSUMER DISCRETIONARY,UNITED STATES,AVUV,2026-07-16,,,,,,,,,,,,,,,,,,,,,,
BOSTON BEER COMPANY INC A COMMON STOCK USD.01,SAM,COMMON STOCK,100557107,US1005571070,2113393,331663.0,56382710.0,0.19240163469713126,0,,CONSUMER STAPLES,UNITED STATES,AVUV,2026-07-16,,,,,,,,,,,,,,,,,,,,,,
COLUMBIA SPORTSWEAR CO COMMON STOCK,COLM,COMMON STOCK,198516106,US1985161066,2229126,869251.0,54997510.77,0.18767474951844426,0,,CONSUMER DISCRETIONARY,UNITED STATES,AVUV,2026-07-16,,,,,,,,,,,,,,,,,,,,,,
LCI INDUSTRIES COMMON STOCK USD.01,LCII,COMMON STOCK,50189K103,US50189K1034,BYQ44Y5,522122.0,54363342.64,0.18551069984994087,0,,CONSUMER DISCRETIONARY,UNITED STATES,AVUV,2026-07-16,,,,,,,,,,,,,,,,,,,,,,
DIEBOLD NIXDORF INC COMMON STOCK,DBD,COMMON STOCK,253651202,US2536512021,BPLJQW4,642364.0,54189827.04,0.18491859129245128,0,,INFORMATION TECHNOLOGY,UNITED STATES,AVUV,2026-07-16,,,,,,,,,,,,,,,,,,,,,,
GREIF INC CL A COMMON STOCK,GEF,COMMON STOCK,397624107,US3976241071,2388016,738697.0,54116942.22,0.18466987748439548,0,,MATERIALS,UNITED STATES,AVUV,2026-07-16,,,,,,,,,,,,,,,,,,,,,,
EPLUS INC COMMON STOCK USD.01,PLUS,COMMON STOCK,294268107,US2942681071,2597748,621539.0,53750692.72,0.18342007940787508,0,,INFORMATION TECHNOLOGY,UNITED STATES,AVUV,2026-07-16,,,,,,,,,,,,,,,,,,,,,,
OPENDOOR TECHNOLOGIES INC COMMON STOCK USD.0001,OPEN,COMMON STOCK,683712103,US6837121036,BL96T19,11234809.0,53365342.75,0.1821051024555702,0,,REAL ESTATE,UNITED STATES,AVUV,2026-07-16,,,,,,,,,,,,,,,,,,,,,,
BJ S RESTAURANTS INC COMMON STOCK,BJRI,COMMON STOCK,09180C106,US09180C1062,2200552,879443.0,53294245.8,0.181862489615535,0,,CONSUMER DISCRETIONARY,UNITED STATES,AVUV,2026-07-16,,,,,,,,,,,,,,,,,,,,,,
QUIDELORTHO CORP COMMON STOCK USD.001,QDEL,COMMON STOCK,219798105,US2197981051,BM9VY27,2883545.0,52567025.35,0.17938090610588847,0,,HEALTH CARE,UNITED STATES,AVUV,2026-07-16,,,,,,,,,,,,,,,,,,,,,,
WHITE MOUNTAINS INSURANCE GP COMMON STOCK USD1.0,WTM,COMMON STOCK,G9618E107,BMG9618E1075,2339252,24508.0,52440502.84,0.1789491578314621,0,,FINANCIALS,UNITED STATES,AVUV,2026-07-16,,,,,,,,,,,,,,,,,,,,,,
HAPPEN INC COMMON STOCK USD.01,HAPN,COMMON STOCK,52603A208,US52603A2087,BK95GR4,2609527.0,52347111.62,0.1786304675202947,0,,FINANCIALS,UNITED STATES,AVUV,2026-07-16,,,,,,,,,,,,,,,,,,,,,,
FIRST BUSEY CORP COMMON STOCK USD.001,BUSE,COMMON STOCK,319383204,US3193832041,BZ1LBM5,1763830.0,51803687.1,0.17677607339871906,0,,FINANCIALS,UNITED STATES,AVUV,2026-07-16,,,,,,,,,,,,,,,,,,,,,,
HEALTHCARE SERVICES GROUP COMMON STOCK USD.01,HCSG,COMMON STOCK,421906108,US4219061086,2417619,2113713.0,51490048.68,0.1757058065613885,0,,INDUSTRIALS,UNITED STATES,AVUV,2026-07-16,,,,,,,,,,,,,,,,,,,,,,
BUCKLE INC/THE COMMON STOCK USD.01,BKE,COMMON STOCK,118440106,US1184401065,2149934,1189050.0,51402631.5,0.17540750219941986,0,,CONSUMER DISCRETIONARY,UNITED STATES,AVUV,2026-07-16,,,,,,,,,,,,,,,,,,,,,,
HORACE MANN EDUCATORS COMMON STOCK USD.001,HMN,COMMON STOCK,440327104,US4403271046,2437112,1003540.0,51150433.8,0.17454689706449716,0,,FINANCIALS,UNITED STATES,AVUV,2026-07-16,,,,,,,,,,,,,,,,,,,,,,
WEIS MARKETS INC COMMON STOCK,WMK,COMMON STOCK,948849104,US9488491047,2946845,652840.0,50627742.0,0.17276325174551932,0,,CONSUMER STAPLES,UNITED STATES,AVUV,2026-07-16,,,,,,,,,,,,,,,,,,,,,,
MUELLER WATER PRODUCTS INC A COMMON STOCK USD.01,MWA,COMMON STOCK,624758108,US6247581084,B15RZR4,2017566.0,50176866.42,0.17122467371979092,0,,INDUSTRIALS,UNITED STATES,AVUV,2026-07-16,,,,,,,,,,,,,,,,,,,,,,
WORLD KINECT CORP COMMON STOCK USD.01,WKC,COMMON STOCK,981475106,US9814751064,2469450,1334068.0,49227109.2,0.16798370070353466,0,,ENERGY,UNITED STATES,AVUV,2026-07-16,,,,,,,,,,,,,,,,,,,,,,
BANNER CORPORATION COMMON STOCK USD.01,BANR,COMMON STOCK,06652V208,US06652V2088,2346003,699522.0,48875602.14,0.16678421006267005,0,,FINANCIALS,UNITED STATES,AVUV,2026-07-16,,,,,,,,,,,,,,,,,,,,,,
SEADRILL LIMITED COMMON STOCK USD.01,SDRL,COMMON STOCK,G7997W102,BMG7997W1029,BNTBRX6,1139900.0,48856114.0,0.16671770829301039,0,,ENERGY,UNITED STATES,AVUV,2026-07-16,,,,,,,,,,,,,,,,,,,,,,
SKYWATER TECHNOLOGY INC COMMON STOCK USD.01,SKYT,COMMON STOCK,83089J108,US83089J1088,BMDXB06,1529991.0,48730213.35,0.16628808206771137,0,,INFORMATION TECHNOLOGY,UNITED STATES,AVUV,2026-07-16,,,,,,,,,,,,,,,,,,,,,,
NELNET INC CL A COMMON STOCK USD.01,NNI,COMMON STOCK,64031N108,US64031N1081,2196190,364395.0,47994465.45,0.1637773992948368,0,,FINANCIALS,UNITED STATES,AVUV,2026-07-16,,,,,,,,,,,,,,,,,,,,,,
STEPAN CO COMMON STOCK USD1.0,SCL,COMMON STOCK,858586100,US8585861003,2845005,818323.0,47986460.72,0.16375008377315808,0,,MATERIALS,UNITED STATES,AVUV,2026-07-16,,,,,,,,,,,,,,,,,,,,,,
PROPETRO HOLDING CORP COMMON STOCK,PUMP,COMMON STOCK,74347M108,US74347M1080,BYXR9C0,3564024.0,47864842.32,0.16333507039460196,0,,ENERGY,UNITED STATES,AVUV,2026-07-16,,,,,,,,,,,,,,,,,,,,,,
ENERSYS COMMON STOCK USD.01,ENS,COMMON STOCK,29275Y102,US29275Y1029,B020GQ5,236637.0,47864565.99,0.1633341274398608,0,,INDUSTRIALS,UNITED STATES,AVUV,2026-07-16,,,,,,,,,,,,,,,,,,,,,,
CRACKER BARREL OLD COUNTRY COMMON STOCK USD.01,CBRL,COMMON STOCK,22410J106,US22410J1060,2231091,904164.0,46654862.4,0.1592061075519379,0,,CONSUMER DISCRETIONARY,UNITED STATES,AVUV,2026-07-16,,,,,,,,,,,,,,,,,,,,,,
WESTAMERICA BANCORPORATION COMMON STOCK,WABC,COMMON STOCK,957090103,US9570901036,2950374,790228.0,46639256.56,0.15915285383059635,0,,FINANCIALS,UNITED STATES,AVUV,2026-07-16,,,,,,,,,,,,,,,,,,,,,,
FMC CORP COMMON STOCK USD.1,FMC,COMMON STOCK,302491303,US3024913036,2328603,4264849.0,46188314.67,0.15761404952712435,0,,MATERIALS,UNITED STATES,AVUV,2026-07-16,,,,,,,,,,,,,,,,,,,,,,
RYERSON HOLDING CORP COMMON STOCK USD.01,RYZ,COMMON STOCK,783754104,US7837541041,B3TPPZ6,1590107.0,46113103.0,0.1573573955235069,0,,MATERIALS,UNITED STATES,AVUV,2026-07-16,,,,,,,,,,,,,,,,,,,,,,
ENCORE CAPITAL GROUP INC COMMON STOCK USD.01,ECPG,COMMON STOCK,292554102,US2925541029,2443078,508942.0,45728438.7,0.15604475836701642,0,,FINANCIALS,UNITED STATES,AVUV,2026-07-16,,,,,,,,,,,,,,,,,,,,,,
OIL DRI CORP OF AMERICA COMMON STOCK USD.1,ODC,COMMON STOCK,677864100,US6778641000,2657794,443621.0,45493333.55,0.15524248023626117,0,,CONSUMER STAPLES,UNITED STATES,AVUV,2026-07-16,,,,,,,,,,,,,,,,,,,,,,
LIBERTY GLOBAL LTD A COMMON STOCK USD.01,LBTYA,COMMON STOCK,G61188101,BMG611881019,BS71B31,4199988.0,45275870.64,0.15450040488426064,0,,COMMUNICATION SERVICES,UNITED STATES,AVUV,2026-07-16,,,,,,,,,,,,,,,,,,,,,,
WSFS FINANCIAL CORP COMMON STOCK USD.01,WSFS,COMMON STOCK,929328102,US9293281021,2940375,578797.0,45244561.49,0.15439356483274524,0,,FINANCIALS,UNITED STATES,AVUV,2026-07-16,,,,,,,,,,,,,,,,,,,,,,
ADVANCE AUTO PARTS INC COMMON STOCK USD.0001,AAP,COMMON STOCK,00751Y106,US00751Y1064,2822019,865001.0,45057902.09,0.15375660407488906,0,,CONSUMER DISCRETIONARY,UNITED STATES,AVUV,2026-07-16,,,,,,,,,,,,,,,,,,,,,,
CARTER S INC COMMON STOCK USD.01,CRI,COMMON STOCK,146229109,US1462291097,2980939,1149941.0,44008242.07,0.15017472048461422,0,,CONSUMER DISCRETIONARY,UNITED STATES,AVUV,2026-07-16,,,,,,,,,,,,,,,,,,,,,,
NABORS INDUSTRIES LTD COMMON STOCK USD.001,NBR,COMMON STOCK,G6359F137,BMG6359F1370,BK953M8,533012.0,43941509.28,0.14994700000285838,0,,ENERGY,UNITED STATES,AVUV,2026-07-16,,,,,,,,,,,,,,,,,,,,,,
HELIX ENERGY SOLUTIONS GROUP COMMON STOCK,HLX,COMMON STOCK,42330P107,US42330P1075,2037062,4630625.0,43666793.75,0.14900955451560371,0,,ENERGY,UNITED STATES,AVUV,2026-07-16,,,,,,,,,,,,,,,,,,,,,,
NWPX INFRASTRUCTURE INC COMMON STOCK USD.01,NWPX,COMMON STOCK,667746101,US6677461013,2035925,322184.0,43530280.24,0.14854371272683117,0,,INDUSTRIALS,UNITED STATES,AVUV,2026-07-16,,,,,,,,,,,,,,,,,,,,,,
GULFPORT ENERGY CORP COMMON STOCK USD.0001,GPOR,COMMON STOCK,402635502,US4026355028,BND7X43,281027.0,43081439.1,0.14701207707016758,0,,ENERGY,UNITED STATES,AVUV,2026-07-16,,,,,,,,,,,,,,,,,,,,,,
CORE NATURAL RESOURCES INC COMMON STOCK USD.01,CNR,COMMON STOCK,218937100,US2189371006,BR1Z682,488039.0,42073842.19,0.1435737305877126,0,,ENERGY,UNITED STATES,AVUV,2026-07-16,,,,,,,,,,,,,,,,,,,,,,
EXPRO LTD COMMON STOCK USD.0001,XPRO,COMMON STOCK,G3314M109,KYG3314M1096,BTCL6X8,2550429.0,41929052.76,0.1430796478623724,0,,ENERGY,UNITED STATES,AVUV,2026-07-16,,,,,,,,,,,,,,,,,,,,,,
KIMBELL ROYALTY PARTNERS LP UNIT,KRP,COMMON STOCK,49435R102,US49435R1023,BYQFVW5,2835551.0,41654244.19,0.14214188488331764,0,,ENERGY,UNITED STATES,AVUV,2026-07-16,,,,,,,,,,,,,,,,,,,,,,
SALLY BEAUTY HOLDINGS INC COMMON STOCK USD.01,SBH,COMMON STOCK,79546E104,US79546E1047,B1GZ005,2783145.0,41190546.0,0.14055955069324233,0,,CONSUMER DISCRETIONARY,UNITED STATES,AVUV,2026-07-16,,,,,,,,,,,,,,,,,,,,,,
YELP INC COMMON STOCK USD.000001,YELP,COMMON STOCK,985817105,US9858171054,B7KCD72,1529931.0,41017450.11,0.13996887436364847,0,,COMMUNICATION SERVICES,UNITED STATES,AVUV,2026-07-16,,,,,,,,,,,,,,,,,,,,,,
MARTEN TRANSPORT LTD COMMON STOCK USD.01,MRTN,COMMON STOCK,573075108,US5730751089,2568357,2384823.0,40947410.91,0.13972987101363427,0,,INDUSTRIALS,UNITED STATES,AVUV,2026-07-16,,,,,,,,,,,,,,,,,,,,,,
SENECA FOODS CORP   CL A COMMON STOCK USD.25,SENEA,COMMON STOCK,817070501,US8170705011,2781626,243288.0,40687485.12,0.13884289436962508,0,,CONSUMER STAPLES,UNITED STATES,AVUV,2026-07-16,,,,,,,,,,,,,,,,,,,,,,
STRIDE INC COMMON STOCK USD.0001,LRN,COMMON STOCK,86333M108,US86333M1080,BLD5321,485934.0,40522036.26,0.13827831293814055,0,,CONSUMER DISCRETIONARY,UNITED STATES,AVUV,2026-07-16,,,,,,,,,,,,,,,,,,,,,,
AMERIS BANCORP COMMON STOCK USD1.0,ABCB,COMMON STOCK,03076K108,US03076K1088,2038849,446889.0,40510487.85,0.13823890488268964,0,,FINANCIALS,UNITED STATES,AVUV,2026-07-16,,,,,,,,,,,,,,,,,,,,,,
HOPE BANCORP INC COMMON STOCK USD.001,HOPE,COMMON STOCK,43940T109,US43940T1097,BYN87K7,2970837.0,40403383.2,0.13787341855286153,0,,FINANCIALS,UNITED STATES,AVUV,2026-07-16,,,,,,,,,,,,,,,,,,,,,,
PREFERRED BANK/LOS ANGELES COMMON STOCK,PFBC,COMMON STOCK,740367404,US7403674044,2763602,372050.0,39720058.0,0.1355416241870046,0,,FINANCIALS,UNITED STATES,AVUV,2026-07-16,,,,,,,,,,,,,,,,,,,,,,
ENACT HOLDINGS INC COMMON STOCK USD.01,ACT,COMMON STOCK,29249E109,US29249E1091,BNZFTG9,871557.0,39132909.3,0.13353802468477607,0,,FINANCIALS,UNITED STATES,AVUV,2026-07-16,,,,,,,,,,,,,,,,,,,,,,
TELADOC HEALTH INC COMMON STOCK USD.001,TDOC,COMMON STOCK,87918A105,US87918A1051,BYQRFY1,4013235.0,39008644.2,0.13311397964728494,0,,HEALTH CARE,UNITED STATES,AVUV,2026-07-16,,,,,,,,,,,,,,,,,,,,,,
UNIVERSAL TECHNICAL INSTITUT COMMON STOCK USD.0001,UTI,COMMON STOCK,913915104,US9139151040,2002543,955043.0,38516884.19,0.13143588666802447,0,,CONSUMER DISCRETIONARY,UNITED STATES,AVUV,2026-07-16,,,,,,,,,,,,,,,,,,,,,,
GENCO SHIPPING + TRADING LTD COMMON STOCK USD.01,GNK,COMMON STOCK,Y2685T131,MHY2685T1313,BD08758,1521309.0,38291347.53,0.13066626026893632,0,,INDUSTRIALS,UNITED STATES,AVUV,2026-07-16,,,,,,,,,,,,,,,,,,,,,,
LIBERTY GLOBAL LTD C COMMON STOCK USD.01,LBTYK,COMMON STOCK,G61188127,BMG611881274,BS71BR5,3628188.0,37842000.84,0.12913289946201975,0,,COMMUNICATION SERVICES,UNITED STATES,AVUV,2026-07-16,,,,,,,,,,,,,,,,,,,,,,
ANI PHARMACEUTICALS INC COMMON STOCK USD.0001,ANIP,COMMON STOCK,00182C103,US00182C1036,BCDWBX6,467882.0,37814223.24,0.12903811055159023,0,,HEALTH CARE,UNITED STATES,AVUV,2026-07-16,,,,,,,,,,,,,,,,,,,,,,
MOSAIC CO/THE COMMON STOCK USD.01,MOS,COMMON STOCK,61945C103,US61945C1036,B3NPHP6,1638214.0,37744450.56,0.12880001668045135,0,,MATERIALS,UNITED STATES,AVUV,2026-07-16,,,,,,,,,,,,,,,,,,,,,,
DEL MONTE CORP COMMON STOCK,DMC,COMMON STOCK,G36738105,KYG367381053,2118707,1314233.0,37679060.11,0.1285768768300685,0,,CONSUMER STAPLES,UNITED STATES,AVUV,2026-07-16,,,,,,,,,,,,,,,,,,,,,,
TRIMAS CORP COMMON STOCK USD.01,TRS,COMMON STOCK,896215209,US8962152091,B1XHRL4,930363.0,37577361.57,0.12822983843226335,0,,MATERIALS,UNITED STATES,AVUV,2026-07-16,,,,,,,,,,,,,,,,,,,,,,
NPK INTERNATIONAL INC COMMON STOCK,NPKI,COMMON STOCK,651718504,US6517185046,2636878,2582813.0,37450788.5,0.12779791762574955,0,,INDUSTRIALS,UNITED STATES,AVUV,2026-07-16,,,,,,,,,,,,,,,,,,,,,,
OPPENHEIMER HOLDINGS CL A COMMON STOCK USD.001,OPY,COMMON STOCK,683797104,US6837971042,B42G8D2,314164.0,37394940.92,0.12760734208076635,0,,FINANCIALS,UNITED STATES,AVUV,2026-07-16,,,,,,,,,,,,,,,,,,,,,,
BRISTOW GROUP INC COMMON STOCK USD.01,VTOL,COMMON STOCK,11040G103,US11040G1031,BMBT0Z4,844985.0,37077941.8,0.12652560711475366,0,,ENERGY,UNITED STATES,AVUV,2026-07-16,,,,,,,,,,,,,,,,,,,,,,
1ST SOURCE CORP COMMON STOCK,SRCE,COMMON STOCK,336901103,US3369011032,2341848,450900.0,37077507.0,0.1265241233934007,0,,FINANCIALS,UNITED STATES,AVUV,2026-07-16,,,,,,,,,,,,,,,,,,,,,,
CENTURY COMMUNITIES INC COMMON STOCK USD.01,CCS,COMMON STOCK,156504300,US1565043007,BN7ZZ47,557199.0,36903289.77,0.12592962057783177,0,,CONSUMER DISCRETIONARY,UNITED STATES,AVUV,2026-07-16,,,,,,,,,,,,,,,,,,,,,,
TENNANT CO COMMON STOCK USD.375,TNC,COMMON STOCK,880345103,US8803451033,2883641,423970.0,36533494.9,0.12466772420054494,0,,INDUSTRIALS,UNITED STATES,AVUV,2026-07-16,,,,,,,,,,,,,,,,,,,,,,
SLIDE INSURANCE HOLDINGS INC COMMON STOCK USD.01,SLDE,COMMON STOCK,831349105,US8313491057,BT18HJ3,1849220.0,36503602.8,0.12456571972249608,0,,FINANCIALS,UNITED STATES,AVUV,2026-07-16,,,,,,,,,,,,,,,,,,,,,,
TECNOGLASS INC COMMON STOCK USD.0001,TGLS,COMMON STOCK,87877F103,US87877F1030,BXD1FS3,798640.0,36473888.8,0.12446432299691496,0,,INDUSTRIALS,UNITED STATES,AVUV,2026-07-16,,,,,,,,,,,,,,,,,,,,,,
COMMUNITY TRUST BANCORP INC COMMON STOCK USD5.0,CTBI,COMMON STOCK,204149108,US2041491083,2706470,482152.0,36175864.56,0.12344733834053061,0,,FINANCIALS,UNITED STATES,AVUV,2026-07-16,,,,,,,,,,,,,,,,,,,,,,
ALAMO GROUP INC COMMON STOCK USD.1,ALG,COMMON STOCK,011311107,US0113111076,2021634,222173.0,36078673.47,0.12311568126704127,0,,INDUSTRIALS,UNITED STATES,AVUV,2026-07-16,,,,,,,,,,,,,,,,,,,,,,
VISTANCE NETWORKS INC COMMON STOCK USD.01,VISN,COMMON STOCK,20337X109,US20337X1090,BFRBX34,2896056.0,35679409.92,0.12175322529968924,0,,INFORMATION TECHNOLOGY,UNITED STATES,AVUV,2026-07-16,,,,,,,,,,,,,,,,,,,,,,
LOUISIANA PACIFIC CORP COMMON STOCK USD1.0,LPX,COMMON STOCK,546347105,US5463471053,2535243,482739.0,35452352.16,0.12097840826456145,0,,INDUSTRIALS,UNITED STATES,AVUV,2026-07-16,,,,,,,,,,,,,,,,,,,,,,
NUTEX HEALTH INC COMMON STOCK,NUTX,COMMON STOCK,67079U306,US67079U3068,BSMNX92,200968.0,35370368.0,0.1206986436629084,0,,HEALTH CARE,UNITED STATES,AVUV,2026-07-16,,,,,,,,,,,,,,,,,,,,,,
DIME COMMERCIAL BANCSHARES I COMMON STOCK USD.01,DCOM,COMMON STOCK,25432X102,US25432X1028,BMFZ702,873855.0,35347434.75,0.12062038572197369,0,,FINANCIALS,UNITED STATES,AVUV,2026-07-16,,,,,,,,,,,,,,,,,,,,,,
TETRA TECHNOLOGIES INC COMMON STOCK USD.01,TTI,COMMON STOCK,88162F105,US88162F1057,2884280,3747911.0,35117926.07,0.11983720511201046,0,,ENERGY,UNITED STATES,AVUV,2026-07-16,,,,,,,,,,,,,,,,,,,,,,
MERCHANTS BANCORP/IN COMMON STOCK,MBIN,COMMON STOCK,58844R108,US58844R1086,BYZ1PQ6,705729.0,34940642.79,0.1192322396380829,0,,FINANCIALS,UNITED STATES,AVUV,2026-07-16,,,,,,,,,,,,,,,,,,,,,,
APOGEE ENTERPRISES INC COMMON STOCK USD.333,APOG,COMMON STOCK,037598109,US0375981091,2046176,885750.0,34765687.5,0.11863521824987877,0,,INDUSTRIALS,UNITED STATES,AVUV,2026-07-16,,,,,,,,,,,,,,,,,,,,,,
OLD SECOND BANCORP INC COMMON STOCK USD1.0,OSBC,COMMON STOCK,680277100,US6802771005,2658429,1494579.0,34659287.01,0.1182721348115592,0,,FINANCIALS,UNITED STATES,AVUV,2026-07-16,,,,,,,,,,,,,,,,,,,,,,
UNIVERSAL INSURANCE HOLDINGS COMMON STOCK USD.01,UVE,COMMON STOCK,91359V107,US91359V1070,2912374,922507.0,34538662.08,0.11786051157249837,0,,FINANCIALS,UNITED STATES,AVUV,2026-07-16,,,,,,,,,,,,,,,,,,,,,,
PEOPLES BANCORP INC COMMON STOCK,PEBO,COMMON STOCK,709789101,US7097891011,2679419,888877.0,34515093.91,0.11778008701619697,0,,FINANCIALS,UNITED STATES,AVUV,2026-07-16,,,,,,,,,,,,,,,,,,,,,,
PENNYMAC FINANCIAL SERVICES COMMON STOCK USD.0001,PFSI,COMMON STOCK,70932M107,US70932M1071,BGYTGH3,404775.0,34397779.5,0.11737976067045146,0,,FINANCIALS,UNITED STATES,AVUV,2026-07-16,,,,,,,,,,,,,,,,,,,,,,
KOPPERS HOLDINGS INC COMMON STOCK USD.01,KOP,COMMON STOCK,50060P106,US50060P1066,B0X46B1,707172.0,34276626.84,0.11696633659360406,0,,MATERIALS,UNITED STATES,AVUV,2026-07-16,,,,,,,,,,,,,,,,,,,,,,
COVENANT LOGISTICS GROUP INC COMMON STOCK USD.01,CVLG,COMMON STOCK,22284P105,US22284P1057,2200853,743497.0,34119077.33,0.11642871108270304,0,,INDUSTRIALS,UNITED STATES,AVUV,2026-07-16,,,,,,,,,,,,,,,,,,,,,,
CONNECTONE BANCORP INC COMMON STOCK,CNOB,COMMON STOCK,20786W107,US20786W1071,BNQ4YF9,1031369.0,34055804.38,0.1162127970372074,0,,FINANCIALS,UNITED STATES,AVUV,2026-07-16,,,,,,,,,,,,,,,,,,,,,,
SUNCOKE ENERGY INC COMMON STOCK USD.01,SXC,COMMON STOCK,86722A103,US86722A1034,B3R0638,3946463.0,33742258.65,0.115142846497329,0,,MATERIALS,UNITED STATES,AVUV,2026-07-16,,,,,,,,,,,,,,,,,,,,,,
SCHOLASTIC CORP COMMON STOCK USD.01,SCHL,COMMON STOCK,807066105,US8070661058,2779234,720456.0,33638090.64,0.11478738122424889,0,,COMMUNICATION SERVICES,UNITED STATES,AVUV,2026-07-16,,,,,,,,,,,,,,,,,,,,,,
SFL CORP LTD COMMON STOCK USD.01,SFL,COMMON STOCK,G7738W106,BMG7738W1064,BJXT857,2959264.0,33498868.48,0.11431229637696033,0,,ENERGY,UNITED STATES,AVUV,2026-07-16,,,,,,,,,,,,,,,,,,,,,,
HARMONIC INC COMMON STOCK USD.001,HLIT,COMMON STOCK,413160102,US4131601027,2510659,2556261.0,33205830.39,0.11331232657159757,0,,INFORMATION TECHNOLOGY,UNITED STATES,AVUV,2026-07-16,,,,,,,,,,,,,,,,,,,,,,
ECOVYST INC COMMON STOCK,ECVT,COMMON STOCK,27923Q109,US27923Q1094,BM8NHT2,2694010.0,33055502.7,0.11279934496258578,0,,MATERIALS,UNITED STATES,AVUV,2026-07-16,,,,,,,,,,,,,,,,,,,,,,
LINDSAY CORP COMMON STOCK USD1.0,LNN,COMMON STOCK,535555106,US5355551061,2516613,284083.0,32854198.95,0.11211241149360811,0,,INDUSTRIALS,UNITED STATES,AVUV,2026-07-16,,,,,,,,,,,,,,,,,,,,,,
THOR INDUSTRIES INC COMMON STOCK USD.1,THO,COMMON STOCK,885160101,US8851601018,2889876,433175.0,32470798.0,0.11080408542122826,0,,CONSUMER DISCRETIONARY,UNITED STATES,AVUV,2026-07-16,,,,,,,,,,,,,,,,,,,,,,
CENTRAL PACIFIC FINANCIAL CO COMMON STOCK,CPF,COMMON STOCK,154760409,US1547604090,2230946,837084.0,32395150.8,0.11054594520518932,0,,FINANCIALS,UNITED STATES,AVUV,2026-07-16,,,,,,,,,,,,,,,,,,,,,,
UNIVEST FINANCIAL CORP COMMON STOCK USD5.0,UVSP,COMMON STOCK,915271100,US9152711001,2690636,730529.0,32201718.32,0.10988587183596815,0,,FINANCIALS,UNITED STATES,AVUV,2026-07-16,,,,,,,,,,,,,,,,,,,,,,
TOMPKINS FINANCIAL CORP COMMON STOCK USD.1,TMP,COMMON STOCK,890110109,US8901101092,2888613,343420.0,31914020.6,0.10890412562996568,0,,FINANCIALS,UNITED STATES,AVUV,2026-07-16,,,,,,,,,,,,,,,,,,,,,,
KORN FERRY COMMON STOCK USD.01,KFY,COMMON STOCK,500643200,US5006432000,2386849,417911.0,31393474.32,0.10712780173195667,0,,INDUSTRIALS,UNITED STATES,AVUV,2026-07-16,,,,,,,,,,,,,,,,,,,,,,
BYLINE BANCORP INC COMMON STOCK USD.01,BY,COMMON STOCK,124411109,US1244111092,BD5G2C9,836167.0,31339539.16,0.1069437521722308,0,,FINANCIALS,UNITED STATES,AVUV,2026-07-16,,,,,,,,,,,,,,,,,,,,,,
NORTHEAST BANK COMMON STOCK USD1.0,NBN,COMMON STOCK,66405S100,US66405S1006,BJXSDM6,237353.0,31294993.05,0.106791742019058,0,,FINANCIALS,UNITED STATES,AVUV,2026-07-16,,,,,,,,,,,,,,,,,,,,,,
LIBERTY CAPITAL CORP CL C COMMON STOCK USD.01,GLIBK,COMMON STOCK,36164V800,US36164V8000,BRJW0G1,1421882.0,31181872.26,0.10640572607703908,0,,COMMUNICATION SERVICES,UNITED STATES,AVUV,2026-07-16,,,,,,,,,,,,,,,,,,,,,,
FIRST MID BANCSHARES INC COMMON STOCK USD4.0,FMBH,COMMON STOCK,320866106,US3208661062,B016HX8,633673.0,30904232.21,0.10545830089159847,0,,FINANCIALS,UNITED STATES,AVUV,2026-07-16,,,,,,,,,,,,,,,,,,,,,,
SCANSOURCE INC COMMON STOCK,SCSC,COMMON STOCK,806037107,US8060371072,2767756,576402.0,30745282.68,0.10491589792078806,0,,INFORMATION TECHNOLOGY,UNITED STATES,AVUV,2026-07-16,,,,,,,,,,,,,,,,,,,,,,
LSB INDUSTRIES INC COMMON STOCK USD.1,LXU,COMMON STOCK,502160104,US5021601043,2536882,2767281.0,30384745.38,0.1036855922847289,0,,MATERIALS,UNITED STATES,AVUV,2026-07-16,,,,,,,,,,,,,,,,,,,,,,
HANMI FINANCIAL CORPORATION COMMON STOCK USD.001,HAFC,COMMON STOCK,410495204,US4104952043,B6TPXR5,937701.0,30344004.36,0.10354656670672406,0,,FINANCIALS,UNITED STATES,AVUV,2026-07-16,,,,,,,,,,,,,,,,,,,,,,
SEABOARD CORP COMMON STOCK USD1.0,SEB,COMMON STOCK,811543107,US8115431079,2786687,6481.0,30239957.14,0.10319151362017162,0,,CONSUMER STAPLES,UNITED STATES,AVUV,2026-07-16,,,,,,,,,,,,,,,,,,,,,,
MONTE ROSA THERAPEUTICS INC COMMON STOCK USD.0001,GLUE,COMMON STOCK,61225M102,US61225M1027,BP7KZP7,1289854.0,30195482.14,0.10303974612437096,0,,HEALTH CARE,UNITED STATES,AVUV,2026-07-16,,,,,,,,,,,,,,,,,,,,,,
SONIC AUTOMOTIVE INC CLASS A COMMON STOCK USD.01,SAH,COMMON STOCK,83545G102,US83545G1022,2125246,302199.0,30138306.27,0.10284463789255255,0,,CONSUMER DISCRETIONARY,UNITED STATES,AVUV,2026-07-16,,,,,,,,,,,,,,,,,,,,,,
MERCANTILE BANK CORP COMMON STOCK,MBWM,COMMON STOCK,587376104,US5873761044,2620257,518988.0,29992316.52,0.10234645916809915,0,,FINANCIALS,UNITED STATES,AVUV,2026-07-16,,,,,,,,,,,,,,,,,,,,,,
DAKTRONICS INC COMMON STOCK,DAKT,COMMON STOCK,234264109,US2342641097,2254010,1512997.0,29896820.72,0.10202058714054478,0,,INFORMATION TECHNOLOGY,UNITED STATES,AVUV,2026-07-16,,,,,,,,,,,,,,,,,,,,,,
INGRAM MICRO HOLDING CORP COMMON STOCK USD.01,INGM,COMMON STOCK,457152106,US4571521065,BS5YN47,1044067.0,29849875.53,0.10186039031252485,0,,INFORMATION TECHNOLOGY,UNITED STATES,AVUV,2026-07-16,,,,,,,,,,,,,,,,,,,,,,
PELAGOS INSURANCE CAPITAL LT COMMON STOCK USD.01,PLGO,COMMON STOCK,G3398L118,BMG3398L1182,BQLSDH2,1200257.0,29742368.46,0.10149353075558798,0,,FINANCIALS,UNITED STATES,AVUV,2026-07-16,,,,,,,,,,,,,,,,,,,,,,
CLARIVATE PLC COMMON STOCK USD.01,CLVT,COMMON STOCK,G21810109,JE00BJJN4441,BJJN444,12667117.0,29641053.78,0.10114780225032785,0,,INDUSTRIALS,UNITED STATES,AVUV,2026-07-16,,,,,,,,,,,,,,,,,,,,,,
AMALGAMATED FINANCIAL CORP COMMON STOCK USD.01,AMAL,COMMON STOCK,022671101,US0226711010,BLR7B41,627198.0,29428130.16,0.10042121687417918,0,,FINANCIALS,UNITED STATES,AVUV,2026-07-16,,,,,,,,,,,,,,,,,,,,,,
GOLD.COM INC COMMON STOCK USD.01,GOLD,COMMON STOCK,00181T107,US00181T1079,BK6MJ46,742718.0,29381924.08,0.10026354220183818,0,,CONSUMER DISCRETIONARY,UNITED STATES,AVUV,2026-07-16,,,,,,,,,,,,,,,,,,,,,,
COMSTOCK RESOURCES INC COMMON STOCK USD.5,CRK,COMMON STOCK,205768302,US2057683029,BD82PS1,2240744.0,29286524.08,0.09993799708437033,0,,ENERGY,UNITED STATES,AVUV,2026-07-16,,,,,,,,,,,,,,,,,,,,,,
REPUBLIC BANCORP INC CLASS A COMMON STOCK,RBCAA,COMMON STOCK,760281204,US7602812049,2277114,326585.0,29177103.9,0.09956460918760456,0,,FINANCIALS,UNITED STATES,AVUV,2026-07-16,,,,,,,,,,,,,,,,,,,,,,
UNITED FIRE GROUP INC COMMON STOCK USD.001,UFCS,COMMON STOCK,910340108,US9103401082,B4WXG84,591199.0,28962839.01,0.09883344683137513,0,,FINANCIALS,UNITED STATES,AVUV,2026-07-16,,,,,,,,,,,,,,,,,,,,,,
METROPOLITAN BANK HOLDING CO COMMON STOCK USD.01,MCB,COMMON STOCK,591774104,US5917741044,BDBRDR8,293314.0,28862097.6,0.09848967456562746,0,,FINANCIALS,UNITED STATES,AVUV,2026-07-16,,,,,,,,,,,,,,,,,,,,,,
QCR HOLDINGS INC COMMON STOCK USD1.0,QCRH,COMMON STOCK,74727A104,US74727A1043,2714257,295505.0,28720130.95,0.09800522435859634,0,,FINANCIALS,UNITED STATES,AVUV,2026-07-16,,,,,,,,,,,,,,,,,,,,,,
TRUSTCO BANK CORP NY COMMON STOCK USD1.0,TRST,COMMON STOCK,898349204,US8983492047,BN0ZBP7,522856.0,28662965.92,0.09781015311743908,0,,FINANCIALS,UNITED STATES,AVUV,2026-07-16,,,,,,,,,,,,,,,,,,,,,,
GIGACLOUD TECHNOLOGY INC   A COMMON STOCK USD.05,GCT,COMMON STOCK,G38644103,KYG386441037,BP0WTV4,764756.0,28632464.64,0.09770606985978161,0,,CONSUMER DISCRETIONARY,UNITED STATES,AVUV,2026-07-16,,,,,,,,,,,,,,,,,,,,,,
PAGAYA TECHNOLOGIES LTD  A COMMON STOCK USD.0001,PGY,COMMON STOCK,M7S64L123,IL0011858912,BQ5J6B6,1584411.0,28456021.56,0.09710397150333516,0,,INFORMATION TECHNOLOGY,UNITED STATES,AVUV,2026-07-16,,,,,,,,,,,,,,,,,,,,,,
METALLUS INC COMMON STOCK,MTUS,COMMON STOCK,887399103,US8873991033,BNBPMX1,1440267.0,28358857.23,0.09677240574627505,0,,MATERIALS,UNITED STATES,AVUV,2026-07-16,,,,,,,,,,,,,,,,,,,,,,
AMERICAN PUBLIC EDUCATION COMMON STOCK USD.01,APEI,COMMON STOCK,02913V103,US02913V1035,B292GM4,573819.0,28249109.37,0.09639789966686682,0,,CONSUMER DISCRETIONARY,UNITED STATES,AVUV,2026-07-16,,,,,,,,,,,,,,,,,,,,,,
BURKE + HERBERT FINANCIAL SE COMMON STOCK,BHRB,COMMON STOCK,12135Y108,US12135Y1082,BQ1PC32,399124.0,28242014.24,0.09637368808479868,0,,FINANCIALS,UNITED STATES,AVUV,2026-07-16,,,,,,,,,,,,,,,,,,,,,,
FIRST COMMONWEALTH FINL CORP COMMON STOCK USD1.0,FCF,COMMON STOCK,319829107,US3198291078,2351546,1360635.0,28083506.4,0.0958327923469331,0,,FINANCIALS,UNITED STATES,AVUV,2026-07-16,,,,,,,,,,,,,,,,,,,,,,
KIMBALL ELECTRONICS INC COMMON STOCK,KE,COMMON STOCK,49428J109,US49428J1097,BRKFN59,1125356.0,27841307.44,0.09500630713850758,0,,INFORMATION TECHNOLOGY,UNITED STATES,AVUV,2026-07-16,,,,,,,,,,,,,,,,,,,,,,
ANDERSONS INC/THE COMMON STOCK,ANDE,COMMON STOCK,034164103,US0341641035,2274922,369987.0,27823022.4,0.094943910854496,0,,CONSUMER STAPLES,UNITED STATES,AVUV,2026-07-16,,,,,,,,,,,,,,,,,,,,,,
GREEN DOT CORP CLASS A COMMON STOCK USD.001,GDOT,COMMON STOCK,39304D102,US39304D1028,B3WNNP3,2055596.0,27668322.16,0.09441600825697917,0,,FINANCIALS,UNITED STATES,AVUV,2026-07-16,,,,,,,,,,,,,,,,,,,,,,
GENTHERM INC COMMON STOCK,THRM,COMMON STOCK,37253A103,US37253A1034,B8JFD24,753383.0,27656689.93,0.09437631417226466,0,,CONSUMER DISCRETIONARY,UNITED STATES,AVUV,2026-07-16,,,,,,,,,,,,,,,,,,,,,,
LINCOLN EDUCATIONAL SERVICES COMMON STOCK,LINC,COMMON STOCK,533535100,US5335351004,B0BV2Y9,620516.0,27625372.32,0.09426944525165395,0,,CONSUMER DISCRETIONARY,UNITED STATES,AVUV,2026-07-16,,,,,,,,,,,,,,,,,,,,,,
ERMENEGILDO ZEGNA NV COMMON STOCK,ZGN,COMMON STOCK,N30577105,NL0015000PB5,BLCY7G1,2013661.0,27063603.84,0.09235245378612626,0,,CONSUMER DISCRETIONARY,UNITED STATES,AVUV,2026-07-16,,,,,,,,,,,,,,,,,,,,,,
VIRTUS INVESTMENT PARTNERS COMMON STOCK USD.01,VRTS,COMMON STOCK,92828Q109,US92828Q1094,B3KKGQ8,160760.0,27052692.8,0.09231522070647745,0,,FINANCIALS,UNITED STATES,AVUV,2026-07-16,,,,,,,,,,,,,,,,,,,,,,
COSTAMARE INC COMMON STOCK USD.0001,CMRE,COMMON STOCK,Y1771G102,MHY1771G1026,B566T98,1757914.0,27001559.04,0.09214073070746515,0,,INDUSTRIALS,UNITED STATES,AVUV,2026-07-16,,,,,,,,,,,,,,,,,,,,,,
ORIGIN BANCORP INC COMMON STOCK,OBK,COMMON STOCK,68621T102,US68621T1025,BDFFBM9,519711.0,26775510.72,0.09136935830822183,0,,FINANCIALS,UNITED STATES,AVUV,2026-07-16,,,,,,,,,,,,,,,,,,,,,,
LINCOLN NATIONAL CORP COMMON STOCK,LNC,COMMON STOCK,534187109,US5341871094,2516378,651024.0,26665943.04,0.09099546707912036,0,,FINANCIALS,UNITED STATES,AVUV,2026-07-16,,,,,,,,,,,,,,,,,,,,,,
BUSINESS FIRST BANCSHARES COMMON STOCK USD1.0,BFST,COMMON STOCK,12326C105,US12326C1053,BF5HDJ0,869135.0,26473852.1,0.09033997161133407,0,,FINANCIALS,UNITED STATES,AVUV,2026-07-16,,,,,,,,,,,,,,,,,,,,,,
RIGEL PHARMACEUTICALS INC COMMON STOCK USD.001,RIGL,COMMON STOCK,766559702,US7665597024,BQD3J33,640983.0,26395679.94,0.09007321516468925,0,,HEALTH CARE,UNITED STATES,AVUV,2026-07-16,,,,,,,,,,,,,,,,,,,,,,
INNOVIVA INC COMMON STOCK USD.01,INVA,COMMON STOCK,45781M101,US45781M1018,BDDXF67,1200007.0,26268153.23,0.08963804013547289,0,,HEALTH CARE,UNITED STATES,AVUV,2026-07-16,,,,,,,,,,,,,,,,,,,,,,
PROG HOLDINGS INC COMMON STOCK USD.5,PRG,COMMON STOCK,74319R101,US74319R1014,BLFGN66,560218.0,26055739.18,0.08891319362751614,0,,FINANCIALS,UNITED STATES,AVUV,2026-07-16,,,,,,,,,,,,,,,,,,,,,,
FIRST FINANCIAL CORP COMMON STOCK,THFF,COMMON STOCK,320218100,US3202181000,2362515,338220.0,25643840.4,0.08750762091556677,0,,FINANCIALS,UNITED STATES,AVUV,2026-07-16,,,,,,,,,,,,,,,,,,,,,,
ZIFF DAVIS INC COMMON STOCK USD.01,ZD,COMMON STOCK,48123V102,US48123V1026,B75DGJ3,484747.0,25255318.7,0.08618182068008132,0,,COMMUNICATION SERVICES,UNITED STATES,AVUV,2026-07-16,,,,,,,,,,,,,,,,,,,,,,
S + T BANCORP INC COMMON STOCK USD2.5,STBA,COMMON STOCK,783859101,US7838591011,2781109,509776.0,25147250.08,0.08581304487722503,0,,FINANCIALS,UNITED STATES,AVUV,2026-07-16,,,,,,,,,,,,,,,,,,,,,,
FORESTAR GROUP INC COMMON STOCK USD1.0,FOR,COMMON STOCK,346232101,US3462321015,BF16ZX9,824521.0,25098419.24,0.0856464134145012,0,,REAL ESTATE,UNITED STATES,AVUV,2026-07-16,,,,,,,,,,,,,,,,,,,,,,
ADVANSIX INC COMMON STOCK USD.01,ASIX,COMMON STOCK,00773T101,US00773T1016,BYMMZL7,1195024.0,24748947.04,0.0844538665759189,0,,MATERIALS,UNITED STATES,AVUV,2026-07-16,,,,,,,,,,,,,,,,,,,,,,
OXFORD INDUSTRIES INC COMMON STOCK USD1.0,OXM,COMMON STOCK,691497309,US6914973093,2665300,642885.0,24712499.4,0.08432949182492071,0,,CONSUMER DISCRETIONARY,UNITED STATES,AVUV,2026-07-16,,,,,,,,,,,,,,,,,,,,,,
RUSH ENTERPRISES INC   CL B COMMON STOCK USD.01,RUSHB,COMMON STOCK,781846308,US7818463082,2966865,331116.0,24711187.08,0.08432501363447464,0,,INDUSTRIALS,UNITED STATES,AVUV,2026-07-16,,,,,,,,,,,,,,,,,,,,,,
XPLR INFRASTRUCTURE LP COMMON STOCK,XIFR,COMMON STOCK,65341B106,US65341B1061,BNGY4Q0,1952441.0,24464085.73,0.08348179939954574,0,,UTILITIES,UNITED STATES,AVUV,2026-07-16,,,,,,,,,,,,,,,,,,,,,,
PAYONEER GLOBAL INC COMMON STOCK USD.01,PAYO,COMMON STOCK,70451X104,US70451X1046,BLSPX60,3371710.0,23972858.1,0.08180552312583705,0,,FINANCIALS,UNITED STATES,AVUV,2026-07-16,,,,,,,,,,,,,,,,,,,,,,
HERITAGE INSURANCE HOLDINGS COMMON STOCK USD.0001,HRTG,COMMON STOCK,42727J102,US42727J1025,BMN9870,912886.0,23963257.5,0.0817727618212798,0,,FINANCIALS,UNITED STATES,AVUV,2026-07-16,,,,,,,,,,,,,,,,,,,,,,
QUANEX BUILDING PRODUCTS COMMON STOCK USD.01,NX,COMMON STOCK,747619104,US7476191041,B2QXCJ9,1358147.0,23957713.08,0.08175384191708492,0,,INDUSTRIALS,UNITED STATES,AVUV,2026-07-16,,,,,,,,,,,,,,,,,,,,,,
INDEPENDENT BANK CORP   MICH COMMON STOCK USD1.0,IBCP,COMMON STOCK,453838609,US4538386099,2492133,659614.0,23937392.06,0.08168449800887773,0,,FINANCIALS,UNITED STATES,AVUV,2026-07-16,,,,,,,,,,,,,,,,,,,,,,
KFORCE INC COMMON STOCK USD.01,KFRC,COMMON STOCK,493732101,US4937321010,2746982,430559.0,23891718.91,0.08152864191892094,0,,INDUSTRIALS,UNITED STATES,AVUV,2026-07-16,,,,,,,,,,,,,,,,,,,,,,
ARRAY DIGITAL INFRASTRUCTURE COMMON STOCK USD1.0,AD,COMMON STOCK,911684108,US9116841084,2918996,686224.0,23853146.24,0.08139701566749329,0,,COMMUNICATION SERVICES,UNITED STATES,AVUV,2026-07-16,,,,,,,,,,,,,,,,,,,,,,
ARDMORE SHIPPING CORP COMMON STOCK USD.01,ASC,COMMON STOCK,Y0207T100,MHY0207T1001,BCGCR57,1469009.0,23548214.27,0.08035645891703881,0,,ENERGY,UNITED STATES,AVUV,2026-07-16,,,,,,,,,,,,,,,,,,,,,,
MARCUS CORPORATION COMMON STOCK USD1.0,MCS,COMMON STOCK,566330106,US5663301068,2564827,1046585.0,23516764.95,0.08024914054624548,0,,COMMUNICATION SERVICES,UNITED STATES,AVUV,2026-07-16,,,,,,,,,,,,,,,,,,,,,,
WARRIOR MET COAL INC COMMON STOCK USD.01,HCC,COMMON STOCK,93627C101,US93627C1018,BF2X272,287124.0,23501099.4,0.08019568306914958,0,,MATERIALS,UNITED STATES,AVUV,2026-07-16,,,,,,,,,,,,,,,,,,,,,,
VAALCO ENERGY INC COMMON STOCK USD.1,EGY,COMMON STOCK,91851C201,US91851C2017,2933353,4425474.0,23455012.2,0.08003841406560906,0,,ENERGY,UNITED STATES,AVUV,2026-07-16,,,,,,,,,,,,,,,,,,,,,,
ORMAT TECHNOLOGIES INC COMMON STOCK USD.001,ORA,COMMON STOCK,686688102,US6866881021,B03L311,211954.0,23251353.8,0.07934344553572106,0,,UTILITIES,UNITED STATES,AVUV,2026-07-16,,,,,,,,,,,,,,,,,,,,,,
F+G ANNUITIES + LIFE INC COMMON STOCK USD.001,FG,COMMON STOCK,30190A104,US30190A1043,BM9XCN0,743770.0,23138684.7,0.07895897095087306,0,,FINANCIALS,UNITED STATES,AVUV,2026-07-16,,,,,,,,,,,,,,,,,,,,,,
CNB FINANCIAL CORP/PA COMMON STOCK,CCNE,COMMON STOCK,126128107,US1261281075,2619705,678857.0,23067560.86,0.07871626635079376,0,,FINANCIALS,UNITED STATES,AVUV,2026-07-16,,,,,,,,,,,,,,,,,,,,,,
HOMETRUST BANCSHARES INC COMMON STOCK,HTB,COMMON STOCK,437872104,US4378721041,B84T2F7,472957.0,23033005.9,0.07859835022383048,0,,FINANCIALS,UNITED STATES,AVUV,2026-07-16,,,,,,,,,,,,,,,,,,,,,,
ENOVIS CORP COMMON STOCK USD.001,ENOV,COMMON STOCK,194014502,US1940145022,BJLTMX5,895028.0,22903766.52,0.07815733084077416,0,,HEALTH CARE,UNITED STATES,AVUV,2026-07-16,,,,,,,,,,,,,,,,,,,,,,
EMPLOYERS HOLDINGS INC COMMON STOCK USD.01,EIG,COMMON STOCK,292218104,US2922181043,B1Q1RR9,467434.0,22740664.1,0.0776007564542103,0,,FINANCIALS,UNITED STATES,AVUV,2026-07-16,,,,,,,,,,,,,,,,,,,,,,
ALARM.COM HOLDINGS INC COMMON STOCK,ALRM,COMMON STOCK,011642105,US0116421050,BYN7H26,432952.0,22621742.0,0.07719494399075091,0,,INFORMATION TECHNOLOGY,UNITED STATES,AVUV,2026-07-16,,,,,,,,,,,,,,,,,,,,,,
SOUTHERN MISSOURI BANCORP COMMON STOCK USD.01,SMBC,COMMON STOCK,843380106,US8433801060,2570501,296041.0,22469511.9,0.0766754705548322,0,,FINANCIALS,UNITED STATES,AVUV,2026-07-16,,,,,,,,,,,,,,,,,,,,,,
ESQUIRE FINANCIAL HOLDINGS I COMMON STOCK USD.01,ESQ,COMMON STOCK,29667J101,US29667J1016,BD5G1Z5,187388.0,22392866.0,0.0764139223523277,0,,FINANCIALS,UNITED STATES,AVUV,2026-07-16,,,,,,,,,,,,,,,,,,,,,,
PURSUIT ATTRACTIONS AND HOSP COMMON STOCK USD1.5,PRSU,COMMON STOCK,92552R406,US92552R4065,B01KGF5,427704.0,22321871.76,0.07617166000221931,0,,CONSUMER DISCRETIONARY,UNITED STATES,AVUV,2026-07-16,,,,,,,,,,,,,,,,,,,,,,
REX AMERICAN RESOURCES CORP COMMON STOCK USD.01,REX,COMMON STOCK,761624105,US7616241052,2063670,485407.0,22285035.37,0.07604595867192956,0,,ENERGY,UNITED STATES,AVUV,2026-07-16,,,,,,,,,,,,,,,,,,,,,,
METROCITY BANKSHARES INC COMMON STOCK,MCBS,COMMON STOCK,59165J105,US59165J1051,BD9MTK0,618207.0,22150356.81,0.07558637850803435,0,,FINANCIALS,UNITED STATES,AVUV,2026-07-16,,,,,,,,,,,,,,,,,,,,,,
INNOVEX INTERNATIONAL INC COMMON STOCK USD.01,INVX,COMMON STOCK,457651107,US4576511079,BSPRSL8,848166.0,21950536.08,0.07490450573004312,0,,ENERGY,UNITED STATES,AVUV,2026-07-16,,,,,,,,,,,,,,,,,,,,,,
GREAT SOUTHERN BANCORP INC COMMON STOCK USD.01,GSBC,COMMON STOCK,390905107,US3909051076,2387002,281097.0,21796261.38,0.07437805525484585,0,,FINANCIALS,UNITED STATES,AVUV,2026-07-16,,,,,,,,,,,,,,,,,,,,,,
CARS.COM INC COMMON STOCK USD.01,CARS,COMMON STOCK,14575E105,US14575E1055,BYXHTC0,1841597.0,21712428.63,0.07409198248287097,0,,COMMUNICATION SERVICES,UNITED STATES,AVUV,2026-07-16,,,,,,,,,,,,,,,,,,,,,,
MATIV HOLDINGS INC COMMON STOCK USD.1,MATV,COMMON STOCK,808541106,US8085411069,2782038,2774878.0,21533053.28,0.07347987798196334,0,,MATERIALS,UNITED STATES,AVUV,2026-07-16,,,,,,,,,,,,,,,,,,,,,,
HALLADOR ENERGY CO COMMON STOCK USD.01,HNRG,COMMON STOCK,40609P105,US40609P1057,2404978,1302509.0,21374172.69,0.07293771026356803,0,,UTILITIES,UNITED STATES,AVUV,2026-07-16,,,,,,,,,,,,,,,,,,,,,,
LIVE OAK BANCSHARES INC COMMON STOCK,LOB,COMMON STOCK,53803X105,US53803X1054,BYN5Z59,506562.0,21371850.78,0.07292978692537411,0,,FINANCIALS,UNITED STATES,AVUV,2026-07-16,,,,,,,,,,,,,,,,,,,,,,
FIVE STAR BANCORP COMMON STOCK,FSBC,COMMON STOCK,33830T103,US33830T1034,BP2C8W6,440591.0,21311386.67,0.07272345782901625,0,,FINANCIALS,UNITED STATES,AVUV,2026-07-16,,,,,,,,,,,,,,,,,,,,,,
SHORE BANCSHARES INC COMMON STOCK USD.01,SHBI,COMMON STOCK,825107105,US8251071051,2748869,917405.0,21118663.1,0.07206580356031106,0,,FINANCIALS,UNITED STATES,AVUV,2026-07-16,,,,,,,,,,,,,,,,,,,,,,
ORRSTOWN FINL SERVICES INC COMMON STOCK,ORRF,COMMON STOCK,687380105,US6873801053,B019FW2,511255.0,20946117.35,0.0714770045408946,0,,FINANCIALS,UNITED STATES,AVUV,2026-07-16,,,,,,,,,,,,,,,,,,,,,,
RPC INC COMMON STOCK USD.1,RES,COMMON STOCK,749660106,US7496601060,2719456,3528390.0,20782217.1,0.07091770762119584,0,,ENERGY,UNITED STATES,AVUV,2026-07-16,,,,,,,,,,,,,,,,,,,,,,
WORTHINGTON ENTERPRISES INC COMMON STOCK,WOR,COMMON STOCK,981811102,US9818111026,2981932,368332.0,20552925.6,0.07013526812117613,0,,INDUSTRIALS,UNITED STATES,AVUV,2026-07-16,,,,,,,,,,,,,,,,,,,,,,
GRAPHIC PACKAGING HOLDING CO COMMON STOCK USD.01,GPK,COMMON STOCK,388689101,US3886891015,B2Q8249,1945464.0,20427372.0,0.06970682617714558,0,,MATERIALS,UNITED STATES,AVUV,2026-07-16,,,,,,,,,,,,,,,,,,,,,,
NORTHRIM BANCORP INC COMMON STOCK USD1.0,NRIM,COMMON STOCK,666762109,US6667621097,2640277,722490.0,19904599.5,0.0679229054756627,0,,FINANCIALS,UNITED STATES,AVUV,2026-07-16,,,,,,,,,,,,,,,,,,,,,,
JOHN B. SANFILIPPO + SON INC COMMON STOCK USD.01,JBSS,COMMON STOCK,800422107,US8004221078,2772998,238715.0,19875410.9,0.06782330163692346,0,,CONSUMER STAPLES,UNITED STATES,AVUV,2026-07-16,,,,,,,,,,,,,,,,,,,,,,
TRONOX HOLDINGS PLC COMMON STOCK USD.01,TROX,COMMON STOCK,G9087Q102,GB00BJT16S69,BJT16S6,3272574.0,19864524.18,0.06778615154739265,0,,MATERIALS,UNITED STATES,AVUV,2026-07-16,,,,,,,,,,,,,,,,,,,,,,
AMPHASTAR PHARMACEUTICALS IN COMMON STOCK USD.0001,AMPH,COMMON STOCK,03209R103,US03209R1032,BNFWZS4,1019912.0,19786292.8,0.06751919301708056,0,,HEALTH CARE,UNITED STATES,AVUV,2026-07-16,,,,,,,,,,,,,,,,,,,,,,
PROGYNY INC COMMON STOCK USD.0001,PGNY,COMMON STOCK,74340E103,US74340E1038,BKWD3M9,611780.0,19784965.2,0.06751466268481693,0,,HEALTH CARE,UNITED STATES,AVUV,2026-07-16,,,,,,,,,,,,,,,,,,,,,,
UNITED COMMUNITY BANKS/GA COMMON STOCK USD1.0,UCB,COMMON STOCK,90984P303,US90984P3038,2862156,549452.0,19780272.0,0.06749864750300036,0,,FINANCIALS,UNITED STATES,AVUV,2026-07-16,,,,,,,,,,,,,,,,,,,,,,
CAPITAL CITY BANK GROUP INC COMMON STOCK USD.01,CCBG,COMMON STOCK,139674105,US1396741050,2186759,397416.0,19771446.0,0.06746852946100067,0,,FINANCIALS,UNITED STATES,AVUV,2026-07-16,,,,,,,,,,,,,,,,,,,,,,
FORUM ENERGY TECHNOLOGIES IN COMMON STOCK USD.01,FET,COMMON STOCK,34984V209,US34984V2097,BMCKSV8,375481.0,19746545.79,0.06738355942127924,0,,ENERGY,UNITED STATES,AVUV,2026-07-16,,,,,,,,,,,,,,,,,,,,,,
IDT CORP CLASS B COMMON STOCK USD.01,IDT,COMMON STOCK,448947507,US4489475073,2757304,313747.0,19725273.89,0.06731097070865592,0,,COMMUNICATION SERVICES,UNITED STATES,AVUV,2026-07-16,,,,,,,,,,,,,,,,,,,,,,
RILEY EXPLORATION PERMIAN IN COMMON STOCK USD.001,REPX,COMMON STOCK,76665T102,US76665T1025,BNW2543,574625.0,19698145.0,0.06721839547090097,0,,ENERGY,UNITED STATES,AVUV,2026-07-16,,,,,,,,,,,,,,,,,,,,,,
TRICO BANCSHARES COMMON STOCK,TCBK,COMMON STOCK,896095106,US8960951064,2904133,330602.0,19647676.86,0.06704617684862964,0,,FINANCIALS,UNITED STATES,AVUV,2026-07-16,,,,,,,,,,,,,,,,,,,,,,
VOYA FINANCIAL INC COMMON STOCK USD.01,VOYA,COMMON STOCK,929089100,US9290891004,BKWQ2N2,198114.0,19512247.86,0.06658403586630726,0,,FINANCIALS,UNITED STATES,AVUV,2026-07-16,,,,,,,,,,,,,,,,,,,,,,
VILLAGE SUPER MARKET CLASS A COMMON STOCK,VLGEA,COMMON STOCK,927107409,US9271074091,2929211,447988.0,19496437.76,0.06653008512352238,0,,CONSUMER STAPLES,UNITED STATES,AVUV,2026-07-16,,,,,,,,,,,,,,,,,,,,,,
CIVEO CORP COMMON STOCK USD.01,CVEO,COMMON STOCK,17878Y207,CA17878Y2078,BN0TDP3,567620.0,19418280.2,0.06626337849824773,0,,INDUSTRIALS,UNITED STATES,AVUV,2026-07-16,,,,,,,,,,,,,,,,,,,,,,
EMERGENT BIOSOLUTIONS INC COMMON STOCK USD.001,EBS,COMMON STOCK,29089Q105,US29089Q1058,B1HJLW5,2454116.0,19362975.24,0.06607465460202387,0,,HEALTH CARE,UNITED STATES,AVUV,2026-07-16,,,,,,,,,,,,,,,,,,,,,,
TARGET HOSPITALITY CORP COMMON STOCK USD.0001,TH,COMMON STOCK,87615L107,US87615L1070,BJMYWL7,1129833.0,19263652.65,0.06573572394973076,0,,CONSUMER DISCRETIONARY,UNITED STATES,AVUV,2026-07-16,,,,,,,,,,,,,,,,,,,,,,
CAPITOL FEDERAL FINANCIAL IN COMMON STOCK USD.01,CFFN,COMMON STOCK,14057J101,US14057J1016,B3KWJV0,2217697.0,19183079.05,0.06546077277492146,0,,FINANCIALS,UNITED STATES,AVUV,2026-07-16,,,,,,,,,,,,,,,,,,,,,,
CARTER BANKSHARES INC COMMON STOCK USD1.0,CARE,COMMON STOCK,146103106,US1461031064,BMWKK45,586856.0,18931974.56,0.06460389813452568,0,,FINANCIALS,UNITED STATES,AVUV,2026-07-16,,,,,,,,,,,,,,,,,,,,,,
HEARTLAND EXPRESS INC COMMON STOCK USD.01,HTLD,COMMON STOCK,422347104,US4223471040,2414018,1291080.0,18746481.6,0.06397091776290449,0,,INDUSTRIALS,UNITED STATES,AVUV,2026-07-16,,,,,,,,,,,,,,,,,,,,,,
PACIRA BIOSCIENCES INC COMMON STOCK USD.001,PCRX,COMMON STOCK,695127100,US6951271005,B3X26D8,731737.0,18534898.21,0.0632489058179171,0,,HEALTH CARE,UNITED STATES,AVUV,2026-07-16,,,,,,,,,,,,,,,,,,,,,,
HOVNANIAN ENTERPRISES A COMMON STOCK USD.01,HOV,COMMON STOCK,442487401,US4424874018,BJ5KPZ7,139895.0,18494119.0,0.0631097499194926,0,,CONSUMER DISCRETIONARY,UNITED STATES,AVUV,2026-07-16,,,,,,,,,,,,,,,,,,,,,,
ATLANTICUS HOLDINGS CORP COMMON STOCK,ATLC,COMMON STOCK,04914Y102,US04914Y1029,B9B9F36,184449.0,18347142.03,0.06260820238318526,0,,FINANCIALS,UNITED STATES,AVUV,2026-07-16,,,,,,,,,,,,,,,,,,,,,,
SMARTFINANCIAL INC COMMON STOCK USD1.0,SMBK,COMMON STOCK,83190L208,US83190L2088,BYVYKX1,387345.0,18329165.4,0.06254685852443236,0,,FINANCIALS,UNITED STATES,AVUV,2026-07-16,,,,,,,,,,,,,,,,,,,,,,
ACCEL ENTERTAINMENT INC COMMON STOCK USD.0001,ACEL,COMMON STOCK,00436Q106,US00436Q1067,BK7FYL6,1479110.0,18207844.1,0.06213285897663516,0,,CONSUMER DISCRETIONARY,UNITED STATES,AVUV,2026-07-16,,,,,,,,,,,,,,,,,,,,,,
ETHAN ALLEN INTERIORS INC COMMON STOCK USD.01,ETD,COMMON STOCK,297602104,US2976021046,2320825,794963.0,18196703.07,0.06209484107390913,0,,CONSUMER DISCRETIONARY,UNITED STATES,AVUV,2026-07-16,,,,,,,,,,,,,,,,,,,,,,
ORION SA COMMON STOCK,OEC,COMMON STOCK,L72967109,LU1092234845,BP8FKJ0,2859289.0,18156485.15,0.061957600534174186,0,,MATERIALS,UNITED STATES,AVUV,2026-07-16,,,,,,,,,,,,,,,,,,,,,,
NATURAL GROCERS BY VITAMIN C COMMON STOCK USD.001,NGVC,COMMON STOCK,63888U108,US63888U1088,B82C9Z7,569260.0,18113853.2,0.061812122303874034,0,,CONSUMER STAPLES,UNITED STATES,AVUV,2026-07-16,,,,,,,,,,,,,,,,,,,,,,
BEACON FINANCIAL CORP COMMON STOCK USD.01,BBT,COMMON STOCK,084680107,US0846801076,2606570,595937.0,18044972.36,0.061577071767720114,0,,FINANCIALS,UNITED STATES,AVUV,2026-07-16,,,,,,,,,,,,,,,,,,,,,,
PEAPACK GLADSTONE FINL CORP COMMON STOCK,PGC,COMMON STOCK,704699107,US7046991078,2307732,383194.0,17795529.36,0.06072586683337487,0,,FINANCIALS,UNITED STATES,AVUV,2026-07-16,,,,,,,,,,,,,,,,,,,,,,
METHODE ELECTRONICS INC COMMON STOCK USD.5,MEI,COMMON STOCK,591520200,US5915202007,2583297,1126728.0,17757233.28,0.0605951844239183,0,,INFORMATION TECHNOLOGY,UNITED STATES,AVUV,2026-07-16,,,,,,,,,,,,,,,,,,,,,,
AMERANT BANCORP INC COMMON STOCK USD.1,AMTB,COMMON STOCK,023576101,US0235761014,BKDSMB5,682571.0,17583028.96,0.060000725662725324,0,,FINANCIALS,UNITED STATES,AVUV,2026-07-16,,,,,,,,,,,,,,,,,,,,,,
PUMA BIOTECHNOLOGY INC COMMON STOCK USD.0001,PBYI,COMMON STOCK,74587V107,US74587V1070,B7F2TY6,2078429.0,17479587.89,0.05964774101614094,0,,HEALTH CARE,UNITED STATES,AVUV,2026-07-16,,,,,,,,,,,,,,,,,,,,,,
MISSION PRODUCE INC COMMON STOCK USD.001,AVO,COMMON STOCK,60510V108,US60510V1089,BLNPMM4,1309164.0,17346423.0,0.05919332613398533,0,,CONSUMER STAPLES,UNITED STATES,AVUV,2026-07-16,,,,,,,,,,,,,,,,,,,,,,
BUILD A BEAR WORKSHOP INC COMMON STOCK USD.01,BBW,COMMON STOCK,120076104,US1200761047,B034L50,502100.0,17272240.0,0.058940182387139224,0,,CONSUMER DISCRETIONARY,UNITED STATES,AVUV,2026-07-16,,,,,,,,,,,,,,,,,,,,,,
N B T BANCORP INC COMMON STOCK USD.01,NBTB,COMMON STOCK,628778102,US6287781024,2626459,330022.0,16930128.6,0.05777275370894118,0,,FINANCIALS,UNITED STATES,AVUV,2026-07-16,,,,,,,,,,,,,,,,,,,,,,
OCEANFIRST FINANCIAL CORP COMMON STOCK USD.01,OCFC,COMMON STOCK,675234108,US6752341080,2125901,856036.0,16718383.08,0.0570501885078752,0,,FINANCIALS,UNITED STATES,AVUV,2026-07-16,,,,,,,,,,,,,,,,,,,,,,
TEEKAY CORP LTD COMMON STOCK USD.001,TK,COMMON STOCK,G8726T105,BMG8726T1053,BL54JF1,1511968.0,16631648.0,0.05675421175937222,0,,ENERGY,UNITED STATES,AVUV,2026-07-16,,,,,,,,,,,,,,,,,,,,,,
CAMDEN NATIONAL CORP COMMON STOCK,CAC,COMMON STOCK,133034108,US1330341082,2116659,305360.0,16538297.6,0.05643566074329599,0,,FINANCIALS,UNITED STATES,AVUV,2026-07-16,,,,,,,,,,,,,,,,,,,,,,
SOUTH PLAINS FINANCIAL INC COMMON STOCK USD1.0,SPFI,COMMON STOCK,83946P107,US83946P1075,BGV1W52,385522.0,16484920.72,0.056253516270867616,0,,FINANCIALS,UNITED STATES,AVUV,2026-07-16,,,,,,,,,,,,,,,,,,,,,,
J + J SNACK FOODS CORP COMMON STOCK,JJSF,COMMON STOCK,466032109,US4660321096,2469171,215531.0,16304920.15,0.05563927825509265,0,,CONSUMER STAPLES,UNITED STATES,AVUV,2026-07-16,,,,,,,,,,,,,,,,,,,,,,
MALIBU BOATS INC   A COMMON STOCK USD.01,MBUU,COMMON STOCK,56117J100,US56117J1007,BJ38KJ2,581905.0,16275882.85,0.055540190715895055,0,,CONSUMER DISCRETIONARY,UNITED STATES,AVUV,2026-07-16,,,,,,,,,,,,,,,,,,,,,,
AMC GLOBAL MEDIA INC COMMON STOCK,AMCX,COMMON STOCK,00164V103,US00164V1035,B4MG4Z6,1496523.0,15840695.96,0.05405514913072187,0,,COMMUNICATION SERVICES,UNITED STATES,AVUV,2026-07-16,,,,,,,,,,,,,,,,,,,,,,
AMERESCO INC CL A COMMON STOCK USD.0001,AMRC,COMMON STOCK,02361E108,US02361E1082,B3SWPT2,640831.0,15815709.08,0.0539698833363324,0,,INDUSTRIALS,UNITED STATES,AVUV,2026-07-16,,,,,,,,,,,,,,,,,,,,,,
TITAN MACHINERY INC COMMON STOCK USD.00001,TITN,COMMON STOCK,88830R101,US88830R1014,B29H3T5,830192.0,15781949.92,0.0538546828152861,0,,INDUSTRIALS,UNITED STATES,AVUV,2026-07-16,,,,,,,,,,,,,,,,,,,,,,
INTREPID POTASH INC COMMON STOCK USD.001,IPI,COMMON STOCK,46121Y201,US46121Y2019,BMDNMT2,448255.0,15630651.85,0.05333838985961723,0,,MATERIALS,UNITED STATES,AVUV,2026-07-16,,,,,,,,,,,,,,,,,,,,,,
KELLY SERVICES INC  A COMMON STOCK USD1.0,KELYA,COMMON STOCK,488152208,US4881522084,2487117,1087412.0,15582613.96,0.053174464277405936,0,,INDUSTRIALS,UNITED STATES,AVUV,2026-07-16,,,,,,,,,,,,,,,,,,,,,,
OIL STATES INTERNATIONAL INC COMMON STOCK USD.01,OIS,COMMON STOCK,678026105,US6780261052,2724472,1825305.0,15442080.3,0.052694904037857836,0,,ENERGY,UNITED STATES,AVUV,2026-07-16,,,,,,,,,,,,,,,,,,,,,,
IBEX LTD COMMON STOCK USD.0001,IBEX,COMMON STOCK,G4690M101,BMG4690M1010,BLF81K2,445527.0,15428600.01,0.05264890359140551,0,,INDUSTRIALS,UNITED STATES,AVUV,2026-07-16,,,,,,,,,,,,,,,,,,,,,,
LAKELAND FINANCIAL CORP COMMON STOCK,LKFN,COMMON STOCK,511656100,US5116561003,2537528,249238.0,15360537.94,0.05241664704451604,0,,FINANCIALS,UNITED STATES,AVUV,2026-07-16,,,,,,,,,,,,,,,,,,,,,,
MOVADO GROUP INC COMMON STOCK USD.01,MOV,COMMON STOCK,624580106,US6245801062,2643168,394120.0,15268208.8,0.05210158099915958,0,,CONSUMER DISCRETIONARY,UNITED STATES,AVUV,2026-07-16,,,,,,,,,,,,,,,,,,,,,,
ASTEC INDUSTRIES INC COMMON STOCK USD.2,ASTE,COMMON STOCK,046224101,US0462241011,2060370,269984.0,15218998.08,0.05193365322533277,0,,INDUSTRIALS,UNITED STATES,AVUV,2026-07-16,,,,,,,,,,,,,,,,,,,,,,
ARROW FINANCIAL CORP COMMON STOCK USD1.0,AROW,COMMON STOCK,042744102,US0427441029,2051374,365897.0,15093251.25,0.05150455189888034,0,,FINANCIALS,UNITED STATES,AVUV,2026-07-16,,,,,,,,,,,,,,,,,,,,,,
BKV CORPORATION COMMON STOCK USD.01,BKV,COMMON STOCK,05603J108,US05603J1088,BSRK6R7,585328.0,15001956.64,0.05119301610709174,0,,ENERGY,UNITED STATES,AVUV,2026-07-16,,,,,,,,,,,,,,,,,,,,,,
CENTRAL GARDEN + PET CO COMMON STOCK USD.01,CENT,COMMON STOCK,153527106,US1535271068,2183868,347972.0,14987154.04,0.05114250338009142,0,,CONSUMER STAPLES,UNITED STATES,AVUV,2026-07-16,,,,,,,,,,,,,,,,,,,,,,
EDGEWELL PERSONAL CARE CO COMMON STOCK USD.01,EPC,COMMON STOCK,28035Q102,US28035Q1022,BX8ZSB4,537803.0,14977813.55,0.05111062968078056,0,,CONSUMER STAPLES,UNITED STATES,AVUV,2026-07-16,,,,,,,,,,,,,,,,,,,,,,
PRA GROUP INC COMMON STOCK USD.01,PRAA,COMMON STOCK,69354N106,US69354N1063,BSHZ3P9,823349.0,14844982.47,0.05065735389941805,0,,FINANCIALS,UNITED STATES,AVUV,2026-07-16,,,,,,,,,,,,,,,,,,,,,,
SANDRIDGE ENERGY INC COMMON STOCK USD.001,SD,COMMON STOCK,80007P869,US80007P8692,BD1XH30,1085551.0,14806915.64,0.05052745378784594,0,,ENERGY,UNITED STATES,AVUV,2026-07-16,,,,,,,,,,,,,,,,,,,,,,
MARINEMAX INC COMMON STOCK USD.001,HZO,COMMON STOCK,567908108,US5679081084,2250353,422673.0,14700566.94,0.0501645470788936,0,,CONSUMER DISCRETIONARY,UNITED STATES,AVUV,2026-07-16,,,,,,,,,,,,,,,,,,,,,,
THIRD COAST BANCSHARES INC COMMON STOCK USD1.0,TCBX,COMMON STOCK,88422P109,US88422P1093,BL55Q42,362115.0,14683763.25,0.0501072057871227,0,,FINANCIALS,UNITED STATES,AVUV,2026-07-16,,,,,,,,,,,,,,,,,,,,,,
FIRST BUSINESS FINANCIAL SER COMMON STOCK USD.01,FBIZ,COMMON STOCK,319390100,US3193901002,B0M02F6,228991.0,14669163.46,0.050057385133552935,0,,FINANCIALS,UNITED STATES,AVUV,2026-07-16,,,,,,,,,,,,,,,,,,,,,,
WORLD ACCEPTANCE CORP COMMON STOCK,WRLD,COMMON STOCK,981419104,US9814191048,2981181,74945.0,14579800.3,0.04975244026542401,0,,FINANCIALS,UNITED STATES,AVUV,2026-07-16,,,,,,,,,,,,,,,,,,,,,,
DOLE PLC COMMON STOCK USD.01,DOLE,COMMON STOCK,G27907107,IE0003LFZ4U7,BMCLHR0,1033122.0,14505032.88,0.049497302230553264,0,,CONSUMER STAPLES,UNITED STATES,AVUV,2026-07-16,,,,,,,,,,,,,,,,,,,,,,
NAVIENT CORP COMMON STOCK USD.01,NAVI,COMMON STOCK,63938C108,US63938C1080,BLP5GX1,1697699.0,14379510.53,0.04906896692472945,0,,FINANCIALS,UNITED STATES,AVUV,2026-07-16,,,,,,,,,,,,,,,,,,,,,,
NATURAL GAS SERVICES GROUP COMMON STOCK USD.01,NGS,COMMON STOCK,63886Q109,US63886Q1094,2986153,348041.0,14307965.51,0.04882482508049318,0,,ENERGY,UNITED STATES,AVUV,2026-07-16,,,,,,,,,,,,,,,,,,,,,,
SHENANDOAH TELECOMMUNICATION COMMON STOCK,SHEN,COMMON STOCK,82312B106,US82312B1061,2676692,1169748.0,14282623.08,0.048738345999242955,0,,COMMUNICATION SERVICES,UNITED STATES,AVUV,2026-07-16,,,,,,,,,,,,,,,,,,,,,,
MIDLAND STATES BANCORP INC COMMON STOCK USD.01,MSBI,COMMON STOCK,597742105,US5977421057,B6VRG58,463681.0,14235006.7,0.04857585878728809,0,,FINANCIALS,UNITED STATES,AVUV,2026-07-16,,,,,,,,,,,,,,,,,,,,,,
SSC GOVERNMENT MM GVMXX,OTHER,SWEEP INVESTMENT VEHICLE,7839989D1,,,14199634.0,14199634.18,0.048455152800091716,3.565174,12/31/2030,MISCELLANEOUS,UNITED STATES,AVUV,2026-07-16,,,,,,,,,,,,,,,,,,,,,,
KOSMOS ENERGY LTD COMMON STOCK USD.01,KOS,COMMON STOCK,500688106,US5006881065,BHK15K6,6083480.0,14113673.6,0.04816181897290402,0,,ENERGY,UNITED STATES,AVUV,2026-07-16,,,,,,,,,,,,,,,,,,,,,,
LUXFER HOLDINGS PLC COMMON STOCK USD.5,LXFR,COMMON STOCK,G5698W116,GB00BNK03D49,BF5GRT5,812722.0,14019454.5,0.04784030358530218,0,,INDUSTRIALS,UNITED STATES,AVUV,2026-07-16,,,,,,,,,,,,,,,,,,,,,,
PERRIGO CO PLC COMMON STOCK EUR.001,PRGO,COMMON STOCK,G97822103,IE00BGH1M568,BGH1M56,1379678.0,14003731.7,0.04778665074701157,0,,HEALTH CARE,UNITED STATES,AVUV,2026-07-16,,,,,,,,,,,,,,,,,,,,,,
ASTRONICS CORP COMMON STOCK USD.01,ATRO,COMMON STOCK,046433108,US0464331083,2060518,195197.0,13948777.62,0.04759912420163486,0,,INDUSTRIALS,UNITED STATES,AVUV,2026-07-16,,,,,,,,,,,,,,,,,,,,,,
BIOVENTUS INC   A COMMON STOCK USD.001,BVS,COMMON STOCK,09075A108,US09075A1088,BD6P6L2,1162749.0,13918105.53,0.04749445806807055,0,,HEALTH CARE,UNITED STATES,AVUV,2026-07-16,,,,,,,,,,,,,,,,,,,,,,
UPBOUND GROUP INC COMMON STOCK USD.01,UPBD,COMMON STOCK,76009N100,US76009N1000,2733092,631687.0,13871846.52,0.04733660277620057,0,,CONSUMER DISCRETIONARY,UNITED STATES,AVUV,2026-07-16,,,,,,,,,,,,,,,,,,,,,,
VITESSE ENERGY INC COMMON STOCK USD.01,VTS,COMMON STOCK,92852X103,US92852X1037,BMBX3P7,888049.0,13853564.4,0.04727421645646303,0,,ENERGY,UNITED STATES,AVUV,2026-07-16,,,,,,,,,,,,,,,,,,,,,,
ENNIS INC COMMON STOCK USD2.5,EBF,COMMON STOCK,293389102,US2933891028,2316103,650207.0,13764882.19,0.04697159527751377,0,,INDUSTRIALS,UNITED STATES,AVUV,2026-07-16,,,,,,,,,,,,,,,,,,,,,,
BLOOMIN  BRANDS INC COMMON STOCK USD.01,BLMN,COMMON STOCK,094235108,US0942351083,B847RJ0,1606813.0,13529365.46,0.04616791266185867,0,,CONSUMER DISCRETIONARY,UNITED STATES,AVUV,2026-07-16,,,,,,,,,,,,,,,,,,,,,,
CALERES INC COMMON STOCK USD.01,CAL,COMMON STOCK,129500104,US1295001044,BWX4MD9,1153343.0,13517179.96,0.04612633058608399,0,,CONSUMER DISCRETIONARY,UNITED STATES,AVUV,2026-07-16,,,,,,,,,,,,,,,,,,,,,,
NORTHFIELD BANCORP INC COMMON STOCK USD.01,NFBK,COMMON STOCK,66611T108,US66611T1088,B8NB2R6,914982.0,13495984.5,0.046054002719045355,0,,FINANCIALS,UNITED STATES,AVUV,2026-07-16,,,,,,,,,,,,,,,,,,,,,,
SUNRUN INC COMMON STOCK USD.0001,RUN,COMMON STOCK,86771W105,US86771W1053,BYXB1Y8,1055948.0,13484455.96,0.046014662468431805,0,,INDUSTRIALS,UNITED STATES,AVUV,2026-07-16,,,,,,,,,,,,,,,,,,,,,,
EAGLE MATERIALS INC COMMON STOCK USD.01,EXP,COMMON STOCK,26969P108,US26969P1084,2191399,64569.0,13335435.57,0.045506141919504584,0,,MATERIALS,UNITED STATES,AVUV,2026-07-16,,,,,,,,,,,,,,,,,,,,,,
BRIDGEWATER BANCSHARES INC COMMON STOCK USD.001,BWB,COMMON STOCK,108621103,US1086211034,BFMZC67,605432.0,13204471.92,0.04505923859850595,0,,FINANCIALS,UNITED STATES,AVUV,2026-07-16,,,,,,,,,,,,,,,,,,,,,,
SIERRA BANCORP COMMON STOCK,BSRR,COMMON STOCK,82620P102,US82620P1021,2586315,317587.0,13202091.59,0.04505111590658287,0,,FINANCIALS,UNITED STATES,AVUV,2026-07-16,,,,,,,,,,,,,,,,,,,,,,
ACNB CORP COMMON STOCK USD2.5,ACNB,COMMON STOCK,000868109,US0008681092,2412012,217814.0,13138540.48,0.0448342526616126,0,,FINANCIALS,UNITED STATES,AVUV,2026-07-16,,,,,,,,,,,,,,,,,,,,,,
NATURES SUNSHINE PRODS INC COMMON STOCK,NATR,COMMON STOCK,639027101,US6390271012,2627816,624545.0,13115445.0,0.04475544112335709,0,,CONSUMER STAPLES,UNITED STATES,AVUV,2026-07-16,,,,,,,,,,,,,,,,,,,,,,
MATRIX SERVICE CO COMMON STOCK USD.01,MTRX,COMMON STOCK,576853105,US5768531056,2572068,1051687.0,13114536.89,0.04475234226825621,0,,INDUSTRIALS,UNITED STATES,AVUV,2026-07-16,,,,,,,,,,,,,,,,,,,,,,
COLLEGIUM PHARMACEUTICAL INC COMMON STOCK USD.001,COLL,COMMON STOCK,19459J104,US19459J1043,BX7RSN3,354156.0,13004608.32,0.04437721952995721,0,,HEALTH CARE,UNITED STATES,AVUV,2026-07-16,,,,,,,,,,,,,,,,,,,,,,
MILLER INDUSTRIES INC/TENN COMMON STOCK USD.01,MLR,COMMON STOCK,600551204,US6005512040,2801193,261238.0,12868583.88,0.04391304665471298,0,,INDUSTRIALS,UNITED STATES,AVUV,2026-07-16,,,,,,,,,,,,,,,,,,,,,,
HOME BANCORP INC COMMON STOCK USD.01,HBCP,COMMON STOCK,43689E107,US43689E1073,B39XGV3,185807.0,12863418.61,0.04389542057055257,0,,FINANCIALS,UNITED STATES,AVUV,2026-07-16,,,,,,,,,,,,,,,,,,,,,,
HAVERTY FURNITURE COMMON STOCK USD1.0,HVT,COMMON STOCK,419596101,US4195961010,2414245,496700.0,12745322.0,0.04349242502783762,0,,CONSUMER DISCRETIONARY,UNITED STATES,AVUV,2026-07-16,,,,,,,,,,,,,,,,,,,,,,
UNITY BANCORP INC COMMON STOCK,UNTY,COMMON STOCK,913290102,US9132901029,2083968,224804.0,12727278.46,0.04343085284388756,0,,FINANCIALS,UNITED STATES,AVUV,2026-07-16,,,,,,,,,,,,,,,,,,,,,,
RBB BANCORP COMMON STOCK,RBB,COMMON STOCK,74930B105,US74930B1052,B8BBRW8,459674.0,12530713.24,0.042760089241843574,0,,FINANCIALS,UNITED STATES,AVUV,2026-07-16,,,,,,,,,,,,,,,,,,,,,,
GRANITE RIDGE RESOURCES INC COMMON STOCK USD.0001,GRNT,COMMON STOCK,387432107,US3874321074,BPJKCW1,2673418.0,12217520.26,0.04169134243404264,0,,ENERGY,UNITED STATES,AVUV,2026-07-16,,,,,,,,,,,,,,,,,,,,,,
WEBULL CORP COMMON STOCK USD.0001,BULL,COMMON STOCK,G9572D103,KYG9572D1034,BQH7NB7,1569828.0,12071977.32,0.041194688414137835,0,,FINANCIALS,UNITED STATES,AVUV,2026-07-16,,,,,,,,,,,,,,,,,,,,,,
ATN INTERNATIONAL INC COMMON STOCK USD.01,ATNI,COMMON STOCK,00215F107,US00215F1075,BDC84D3,509378.0,12036602.14,0.041073973349897305,0,,COMMUNICATION SERVICES,UNITED STATES,AVUV,2026-07-16,,,,,,,,,,,,,,,,,,,,,,
GREIF INC CL B COMMON STOCK,GEF.B,COMMON STOCK,397624206,US3976242061,2394080,132801.0,11916233.73,0.040663225465485675,0,,MATERIALS,UNITED STATES,AVUV,2026-07-16,,,,,,,,,,,,,,,,,,,,,,
HILLTOP HOLDINGS INC COMMON STOCK USD.01,HTH,COMMON STOCK,432748101,US4327481010,2365428,302803.0,11721504.13,0.03999872577464218,0,,FINANCIALS,UNITED STATES,AVUV,2026-07-16,,,,,,,,,,,,,,,,,,,,,,
STRATTEC SECURITY CORP COMMON STOCK USD.01,STRT,COMMON STOCK,863111100,US8631111007,2848714,138704.0,11554043.2,0.039427278309986755,0,,CONSUMER DISCRETIONARY,UNITED STATES,AVUV,2026-07-16,,,,,,,,,,,,,,,,,,,,,,
GAP INC/THE COMMON STOCK USD.05,GAP,COMMON STOCK,364760108,US3647601083,2360326,567544.0,11509792.32,0.039276275606342566,0,,CONSUMER DISCRETIONARY,UNITED STATES,AVUV,2026-07-16,,,,,,,,,,,,,,,,,,,,,,
PARK OHIO HOLDINGS CORP COMMON STOCK USD1.0,PKOH,COMMON STOCK,700666100,US7006661000,2671363,306919.0,11455751.68,0.03909186610427927,0,,INDUSTRIALS,UNITED STATES,AVUV,2026-07-16,,,,,,,,,,,,,,,,,,,,,,
HYSTER YALE INC COMMON STOCK USD.01,HY,COMMON STOCK,449172105,US4491721050,B7LG306,341966.0,11373789.16,0.03881217534745157,0,,INDUSTRIALS,UNITED STATES,AVUV,2026-07-16,,,,,,,,,,,,,,,,,,,,,,
PC CONNECTION INC COMMON STOCK USD.01,CNXN,COMMON STOCK,69318J100,US69318J1007,2157175,149536.0,11373708.16,0.038811898941219766,0,,INFORMATION TECHNOLOGY,UNITED STATES,AVUV,2026-07-16,,,,,,,,,,,,,,,,,,,,,,
ASPEN AEROGELS INC COMMON STOCK USD.00001,ASPN,COMMON STOCK,04523Y105,US04523Y1055,BN65SM7,2114951.0,11209240.3,0.038250665096320524,0,,MATERIALS,UNITED STATES,AVUV,2026-07-16,,,,,,,,,,,,,,,,,,,,,,
PEOPLES FINANCIAL SERVICES COMMON STOCK USD2.0,PFIS,COMMON STOCK,711040105,US7110401053,2956907,165343.0,11200334.82,0.03822027583497139,0,,FINANCIALS,UNITED STATES,AVUV,2026-07-16,,,,,,,,,,,,,,,,,,,,,,
NU SKIN ENTERPRISES INC   A COMMON STOCK USD.001,NUS,COMMON STOCK,67018T105,US67018T1051,2616870,2082863.0,10768401.71,0.03674633752225432,0,,CONSUMER STAPLES,UNITED STATES,AVUV,2026-07-16,,,,,,,,,,,,,,,,,,,,,,
NAVIGATOR HOLDINGS LTD COMMON STOCK,NVGS,COMMON STOCK,Y62132108,MHY621321089,B7KN3P3,500422.0,10658988.6,0.036372973751316436,0,,ENERGY,UNITED STATES,AVUV,2026-07-16,,,,,,,,,,,,,,,,,,,,,,
FLEXSTEEL INDS COMMON STOCK USD1.0,FLXS,COMMON STOCK,339382103,US3393821034,2342926,147406.0,10648609.44,0.03633755567100807,0,,CONSUMER DISCRETIONARY,UNITED STATES,AVUV,2026-07-16,,,,,,,,,,,,,,,,,,,,,,
CROSS COUNTRY HEALTHCARE INC COMMON STOCK USD.0001,CCRN,COMMON STOCK,227483104,US2274831047,2809056,799450.0,10584718.0,0.03611953107624926,0,,HEALTH CARE,UNITED STATES,AVUV,2026-07-16,,,,,,,,,,,,,,,,,,,,,,
REGIONAL MANAGEMENT CORP COMMON STOCK USD.1,RM,COMMON STOCK,75902K106,US75902K1060,B719DK5,250652.0,10569994.84,0.03606928943210148,0,,FINANCIALS,UNITED STATES,AVUV,2026-07-16,,,,,,,,,,,,,,,,,,,,,,
ARROW ELECTRONICS INC COMMON STOCK USD1.0,ARW,COMMON STOCK,042735100,US0427351004,2051404,51137.0,10539335.7,0.03596466748941003,0,,INFORMATION TECHNOLOGY,UNITED STATES,AVUV,2026-07-16,,,,,,,,,,,,,,,,,,,,,,
NORTHWEST BANCSHARES INC COMMON STOCK USD.01,NWBI,COMMON STOCK,667340103,US6673401039,B523Z73,690477.0,10495250.4,0.035814229814702433,0,,FINANCIALS,UNITED STATES,AVUV,2026-07-16,,,,,,,,,,,,,,,,,,,,,,
NATIONAL HEALTHCARE CORP COMMON STOCK USD.01,NHC,COMMON STOCK,635906100,US6359061008,2139731,47852.0,10344166.84,0.03529866885780869,0,,HEALTH CARE,UNITED STATES,AVUV,2026-07-16,,,,,,,,,,,,,,,,,,,,,,
ENTRAVISION COMMUNICATIONS A COMMON STOCK USD.0001,EVC,COMMON STOCK,29382R107,US29382R1077,2615112,932988.0,10328177.16,0.03524410531217061,0,,COMMUNICATION SERVICES,UNITED STATES,AVUV,2026-07-16,,,,,,,,,,,,,,,,,,,,,,
FINANCIAL INSTITUTIONS INC COMMON STOCK USD.01,FISI,COMMON STOCK,317585404,US3175854047,2596949,263393.0,10317103.81,0.03520631836220716,0,,FINANCIALS,UNITED STATES,AVUV,2026-07-16,,,,,,,,,,,,,,,,,,,,,,
CALIFORNIA BANCORP COMMON STOCK USD.01,BCAL,COMMON STOCK,84252A106,US84252A1060,BLBCWZ0,487497.0,10193562.27,0.0347847424172233,0,,FINANCIALS,UNITED STATES,AVUV,2026-07-16,,,,,,,,,,,,,,,,,,,,,,
DAUCH CORPORATION COMMON STOCK USD.01,DCH,COMMON STOCK,024061103,US0240611030,2382416,1916757.0,10177979.67,0.03473156800058331,0,,CONSUMER DISCRETIONARY,UNITED STATES,AVUV,2026-07-16,,,,,,,,,,,,,,,,,,,,,,
ACCO BRANDS CORP COMMON STOCK USD.01,ACCO,COMMON STOCK,00081T108,US00081T1088,B0G7SZ5,2553929.0,10139098.13,0.034598887754182565,0,,INDUSTRIALS,UNITED STATES,AVUV,2026-07-16,,,,,,,,,,,,,,,,,,,,,,
HELEN OF TROY LTD COMMON STOCK USD.1,HELE,COMMON STOCK,G4388N106,BMG4388N1065,2419530,357225.0,10020161.25,0.03419302485511693,0,,CONSUMER DISCRETIONARY,UNITED STATES,AVUV,2026-07-16,,,,,,,,,,,,,,,,,,,,,,
NORTHPOINTE BANCSHARES INC COMMON STOCK NPV,NPB,COMMON STOCK,66661N886,US66661N8864,BSNQ293,542244.0,9998979.36,0.034120743294653186,0,,FINANCIALS,UNITED STATES,AVUV,2026-07-16,,,,,,,,,,,,,,,,,,,,,,
SMITH + WESSON BRANDS INC COMMON STOCK USD.001,SWBI,COMMON STOCK,831754106,US8317541063,BMYGG87,659343.0,9843990.99,0.033591857475808305,0,,CONSUMER DISCRETIONARY,UNITED STATES,AVUV,2026-07-16,,,,,,,,,,,,,,,,,,,,,,
MID PENN BANCORP INC COMMON STOCK USD1.0,MPB,COMMON STOCK,59540G107,US59540G1076,2618348,279571.0,9740253.64,0.033237861796651544,0,,FINANCIALS,UNITED STATES,AVUV,2026-07-16,,,,,,,,,,,,,,,,,,,,,,
ONESPAN INC COMMON STOCK USD.001,OSPN,COMMON STOCK,68287N100,US68287N1000,BFNSSD4,631542.0,9738377.64,0.03323146009182587,0,,INFORMATION TECHNOLOGY,UNITED STATES,AVUV,2026-07-16,,,,,,,,,,,,,,,,,,,,,,
RANGER ENERGY SERVICES CL A COMMON STOCK,RNGR,COMMON STOCK,75282U104,US75282U1043,BF8G134,600215.0,9729485.15,0.0332011151578465,0,,ENERGY,UNITED STATES,AVUV,2026-07-16,,,,,,,,,,,,,,,,,,,,,,
CITY HOLDING CO COMMON STOCK USD2.5,CHCO,COMMON STOCK,177835105,US1778351056,2161778,72223.0,9705326.74,0.03311867645322085,0,,FINANCIALS,UNITED STATES,AVUV,2026-07-16,,,,,,,,,,,,,,,,,,,,,,
RED RIVER BANCSHARES INC COMMON STOCK,RRBI,COMMON STOCK,75686R202,US75686R2022,BJRFD78,99457.0,9697057.5,0.03309045831163626,0,,FINANCIALS,UNITED STATES,AVUV,2026-07-16,,,,,,,,,,,,,,,,,,,,,,
ORANGE COUNTY BANCORP INC COMMON STOCK USD.25,OBT,COMMON STOCK,68417L107,US68417L1070,B02VKG6,260545.0,9694879.45,0.03308302588455973,0,,FINANCIALS,UNITED STATES,AVUV,2026-07-16,,,,,,,,,,,,,,,,,,,,,,
FIRST BANK/HAMILTON NJ COMMON STOCK USD.01,FRBA,COMMON STOCK,31931U102,US31931U1025,B1VQ1H7,549832.0,9666046.56,0.03298463587866887,0,,FINANCIALS,UNITED STATES,AVUV,2026-07-16,,,,,,,,,,,,,,,,,,,,,,
HBT FINANCIAL INC/DE COMMON STOCK USD.01,HBT,COMMON STOCK,404111106,US4041111067,BJBZRJ4,299149.0,9641572.27,0.03290111925798761,0,,FINANCIALS,UNITED STATES,AVUV,2026-07-16,,,,,,,,,,,,,,,,,,,,,,
GRAN TIERRA ENERGY INC COMMON STOCK USD.001,GTE,COMMON STOCK,38500T200,US38500T2006,BQ84Y47,1459053.0,9527616.09,0.032512252612240354,0,,ENERGY,UNITED STATES,AVUV,2026-07-16,,,,,,,,,,,,,,,,,,,,,,
SERVISFIRST BANCSHARES INC COMMON STOCK USD.001,SFBS,COMMON STOCK,81768T108,US81768T1088,BMH0MP5,110304.0,9494968.32,0.03240084462356411,0,,FINANCIALS,UNITED STATES,AVUV,2026-07-16,,,,,,,,,,,,,,,,,,,,,,
BEAZER HOMES USA INC COMMON STOCK USD.001,BZH,COMMON STOCK,07556Q881,US07556Q8814,B8KHZT0,288005.0,9426403.65,0.03216687299306835,0,,CONSUMER DISCRETIONARY,UNITED STATES,AVUV,2026-07-16,,,,,,,,,,,,,,,,,,,,,,
SHOE STATION GROUP INC COMMON STOCK USD.01,SHOE,COMMON STOCK,824889109,US8248891090,2805474,635155.0,9381239.35,0.03201275331435919,0,,CONSUMER DISCRETIONARY,UNITED STATES,AVUV,2026-07-16,,,,,,,,,,,,,,,,,,,,,,
ARHAUS INC COMMON STOCK USD.001,ARHS,COMMON STOCK,04035M102,US04035M1027,BNV08M7,1168124.0,9380035.72,0.032008646020127145,0,,CONSUMER DISCRETIONARY,UNITED STATES,AVUV,2026-07-16,,,,,,,,,,,,,,,,,,,,,,
RAYONIER ADVANCED MATERIALS COMMON STOCK USD.01,RYAM,COMMON STOCK,75508B104,US75508B1044,BN458W9,1216776.0,9332671.92,0.03184702071787636,0,,MATERIALS,UNITED STATES,AVUV,2026-07-16,,,,,,,,,,,,,,,,,,,,,,
DNOW INC COMMON STOCK USD.01,DNOW,COMMON STOCK,67011P100,US67011P1003,BMH0MV1,672385.0,9144436.0,0.031204680207519226,0,,INDUSTRIALS,UNITED STATES,AVUV,2026-07-16,,,,,,,,,,,,,,,,,,,,,,
GROCERY OUTLET HOLDING CORP COMMON STOCK USD.001,GO,COMMON STOCK,39874R101,US39874R1014,BK1KWF7,939608.0,9100103.48,0.031053398913692746,0,,CONSUMER STAPLES,UNITED STATES,AVUV,2026-07-16,,,,,,,,,,,,,,,,,,,,,,
SAFE BULKERS INC COMMON STOCK USD.001,SB,COMMON STOCK,Y7388L103,MHY7388L1039,B39GTS0,1261866.0,9034960.56,0.030831103740279753,0,,INDUSTRIALS,UNITED STATES,AVUV,2026-07-16,,,,,,,,,,,,,,,,,,,,,,
WEST BANCORPORATION COMMON STOCK,WTBA,COMMON STOCK,95123P106,US95123P1066,2408840,334568.0,8973113.76,0.030620056321296402,0,,FINANCIALS,UNITED STATES,AVUV,2026-07-16,,,,,,,,,,,,,,,,,,,,,,
BLUELINX HOLDINGS INC COMMON STOCK USD.01,BXC,COMMON STOCK,09624H208,US09624H2085,BYQLZ65,151631.0,8905288.63,0.030388608313821324,0,,INDUSTRIALS,UNITED STATES,AVUV,2026-07-16,,,,,,,,,,,,,,,,,,,,,,
SAFETY INSURANCE GROUP INC COMMON STOCK USD.01,SAFT,COMMON STOCK,78648T100,US78648T1007,2958538,121665.0,8894928.15,0.03035325397756741,0,,FINANCIALS,UNITED STATES,AVUV,2026-07-16,,,,,,,,,,,,,,,,,,,,,,
DESIGNER BRANDS INC CLASS A COMMON STOCK,DBI,COMMON STOCK,250565108,US2505651081,BJ9J282,1584015.0,8886324.15,0.03032389349338823,0,,CONSUMER DISCRETIONARY,UNITED STATES,AVUV,2026-07-16,,,,,,,,,,,,,,,,,,,,,,
CAPITAL BANCORP INC/MD COMMON STOCK USD.01,CBNK,COMMON STOCK,139737100,US1397371006,BGQT8S6,246559.0,8752844.5,0.029868404517090337,0,,FINANCIALS,UNITED STATES,AVUV,2026-07-16,,,,,,,,,,,,,,,,,,,,,,
CRICUT INC   CLASS A COMMON STOCK USD.001,CRCT,COMMON STOCK,22658D100,US22658D1000,BMXDS27,1827565.0,8644382.45,0.029498286164804644,0,,CONSUMER DISCRETIONARY,UNITED STATES,AVUV,2026-07-16,,,,,,,,,,,,,,,,,,,,,,
MOTORCAR PARTS OF AMERICA IN COMMON STOCK USD.01,MPAA,COMMON STOCK,620071100,US6200711009,2861993,601006.0,8600395.86,0.02934818533033336,0,,CONSUMER DISCRETIONARY,UNITED STATES,AVUV,2026-07-16,,,,,,,,,,,,,,,,,,,,,,
IMAX CORP COMMON STOCK,IMAX,COMMON STOCK,45245E109,CA45245E1097,2473859,218856.0,8587909.44,0.02930557638834538,0,,COMMUNICATION SERVICES,UNITED STATES,AVUV,2026-07-16,,,,,,,,,,,,,,,,,,,,,,
ROCKY BRANDS INC COMMON STOCK,RCKY,COMMON STOCK,774515100,US7745151008,2746915,208316.0,8555538.12,0.029195111763901042,0,,CONSUMER DISCRETIONARY,UNITED STATES,AVUV,2026-07-16,,,,,,,,,,,,,,,,,,,,,,
GREENLIGHT CAPITAL RE LTD A COMMON STOCK USD.01,GLRE,COMMON STOCK,G4095J109,KYG4095J1094,B1XRCZ3,521087.0,8478085.49,0.028930810657700368,0,,FINANCIALS,UNITED STATES,AVUV,2026-07-16,,,,,,,,,,,,,,,,,,,,,,
COMMUNITY WEST BANCSHARES COMMON STOCK,CWBC,COMMON STOCK,203937107,US2039371073,BNK9G76,307747.0,8355331.05,0.02851192063055675,0,,FINANCIALS,UNITED STATES,AVUV,2026-07-16,,,,,,,,,,,,,,,,,,,,,,
SOUTHERN FIRST BANCSHARES COMMON STOCK USD.01,SFST,COMMON STOCK,842873101,US8428731017,2508030,132877.0,8211798.6,0.028022127252195113,0,,FINANCIALS,UNITED STATES,AVUV,2026-07-16,,,,,,,,,,,,,,,,,,,,,,
COLONY BANKCORP COMMON STOCK USD1.0,CBAN,COMMON STOCK,19623P101,US19623P1012,2492917,399912.0,8202195.12,0.02798935611986073,0,,FINANCIALS,UNITED STATES,AVUV,2026-07-16,,,,,,,,,,,,,,,,,,,,,,
WABASH NATIONAL CORP COMMON STOCK USD.01,WNC,COMMON STOCK,929566107,US9295661071,2932048,640686.0,8098271.04,0.02763472323902908,0,,INDUSTRIALS,UNITED STATES,AVUV,2026-07-16,,,,,,,,,,,,,,,,,,,,,,
SOUTHSIDE BANCSHARES INC COMMON STOCK USD1.25,SBSI,COMMON STOCK,84470P109,US84470P1093,2485876,229696.0,8009499.52,0.027331797296616073,0,,FINANCIALS,UNITED STATES,AVUV,2026-07-16,,,,,,,,,,,,,,,,,,,,,,
BANKWELL FINANCIAL GROUP INC COMMON STOCK,BWFG,COMMON STOCK,06654A103,US06654A1034,BCRXSS9,134959.0,7984174.44,0.027245377420898227,0,,FINANCIALS,UNITED STATES,AVUV,2026-07-16,,,,,,,,,,,,,,,,,,,,,,
KARAT PACKAGING INC COMMON STOCK USD.001,KRT,COMMON STOCK,48563L101,US48563L1017,BKDZ6W5,220605.0,7939573.95,0.02709318170018361,0,,INDUSTRIALS,UNITED STATES,AVUV,2026-07-16,,,,,,,,,,,,,,,,,,,,,,
NORDIC AMERICAN TANKERS LTD COMMON STOCK USD.01,NAT,COMMON STOCK,G65773106,BMG657731060,2113876,1268912.0,7816497.92,0.02667319427205124,0,,ENERGY,UNITED STATES,AVUV,2026-07-16,,,,,,,,,,,,,,,,,,,,,,
HINGHAM INSTITUTION FOR SVGS COMMON STOCK USD1.0,HIFS,COMMON STOCK,433323102,US4333231029,2428439,26328.0,7621692.72,0.026008436602058056,0,,FINANCIALS,UNITED STATES,AVUV,2026-07-16,,,,,,,,,,,,,,,,,,,,,,
STANDARD MOTOR PRODS COMMON STOCK USD2.0,SMP,COMMON STOCK,853666105,US8536661056,2838306,199039.0,7575424.34,0.025850549335788165,0,,CONSUMER DISCRETIONARY,UNITED STATES,AVUV,2026-07-16,,,,,,,,,,,,,,,,,,,,,,
BAR HARBOR BANKSHARES COMMON STOCK USD2.0,BHB,COMMON STOCK,066849100,US0668491006,2618111,199583.0,7566191.53,0.02581904308614447,0,,FINANCIALS,UNITED STATES,AVUV,2026-07-16,,,,,,,,,,,,,,,,,,,,,,
LAMB WESTON HOLDINGS INC COMMON STOCK USD1.0,LW,COMMON STOCK,513272104,US5132721045,BDQZFJ3,165775.0,7551051.25,0.025767378052275535,0,,CONSUMER STAPLES,UNITED STATES,AVUV,2026-07-16,,,,,,,,,,,,,,,,,,,,,,
WASHINGTON TRUST BANCORP COMMON STOCK USD.0625,WASH,COMMON STOCK,940610108,US9406101082,2942025,207969.0,7543035.63,0.02574002536931455,0,,FINANCIALS,UNITED STATES,AVUV,2026-07-16,,,,,,,,,,,,,,,,,,,,,,
PARKE BANCORP INC COMMON STOCK USD.1,PKBK,COMMON STOCK,700885106,US7008851062,2095145,224515.0,7467368.9,0.025481818508661946,0,,FINANCIALS,UNITED STATES,AVUV,2026-07-16,,,,,,,,,,,,,,,,,,,,,,
AMERICAN COASTAL INSURANCE C COMMON STOCK USD.0001,ACIC,COMMON STOCK,910710102,US9107101027,B292PW7,736365.0,7459377.45,0.02545454830395557,0,,FINANCIALS,UNITED STATES,AVUV,2026-07-16,,,,,,,,,,,,,,,,,,,,,,
ONITY GROUP INC COMMON STOCK USD.01,ONIT,COMMON STOCK,675746606,US6757466064,BMDNMR0,188905.0,7457969.4,0.025449743442292564,0,,FINANCIALS,UNITED STATES,AVUV,2026-07-16,,,,,,,,,,,,,,,,,,,,,,
MAGNERA CORP COMMON STOCK USD.01,MAGN,COMMON STOCK,55939A107,US55939A1079,BT9NC28,547158.0,7386633.0,0.025206313497662225,0,,MATERIALS,UNITED STATES,AVUV,2026-07-16,,,,,,,,,,,,,,,,,,,,,,
DONEGAL GROUP INC CL A COMMON STOCK USD.01,DGICA,COMMON STOCK,257701201,US2577012014,2752730,403737.0,7275340.74,0.024826537272767426,0,,FINANCIALS,UNITED STATES,AVUV,2026-07-16,,,,,,,,,,,,,,,,,,,,,,
JEFFERSON CAPITAL INC COMMON STOCK USD.0001,JCAP,COMMON STOCK,47248R103,US47248R1032,BV4K5N0,378064.0,7236144.96,0.02469278470668415,0,,FINANCIALS,UNITED STATES,AVUV,2026-07-16,,,,,,,,,,,,,,,,,,,,,,
EXZEO GROUP INC COMMON STOCK,XZO,COMMON STOCK,30234F101,US30234F1012,BV3P7K7,442007.0,7187033.82,0.024525196741901338,0,,FINANCIALS,UNITED STATES,AVUV,2026-07-16,,,,,,,,,,,,,,,,,,,,,,
CABLE ONE INC COMMON STOCK USD.01,CABO,COMMON STOCK,12685J105,US12685J1051,BZ07DS4,177760.0,7128176.0,0.024324348985865673,0,,COMMUNICATION SERVICES,UNITED STATES,AVUV,2026-07-16,,,,,,,,,,,,,,,,,,,,,,
EAGLE BANCORP INC COMMON STOCK USD.01,EGBN,COMMON STOCK,268948106,US2689481065,2648055,257344.0,6999756.8,0.02388612840358969,0,,FINANCIALS,UNITED STATES,AVUV,2026-07-16,,,,,,,,,,,,,,,,,,,,,,
BARRETT BUSINESS SVCS INC COMMON STOCK USD.01,BBSI,COMMON STOCK,068463108,US0684631080,2082675,177398.0,6946905.68,0.023705778046475348,0,,INDUSTRIALS,UNITED STATES,AVUV,2026-07-16,,,,,,,,,,,,,,,,,,,,,,
FOSTER (LB) CO A COMMON STOCK USD.01,FSTR,COMMON STOCK,350060109,US3500601097,2348225,166934.0,6929430.34,0.023646144801055112,0,,INDUSTRIALS,UNITED STATES,AVUV,2026-07-16,,,,,,,,,,,,,,,,,,,,,,
UPWORK INC COMMON STOCK USD.0001,UPWK,COMMON STOCK,91688F104,US91688F1049,BGRFWV4,748217.0,6913525.08,0.02359186933213418,0,,INDUSTRIALS,UNITED STATES,AVUV,2026-07-16,,,,,,,,,,,,,,,,,,,,,,
CALEDONIA MINING CORP PLC COMMON STOCK,CMCL,COMMON STOCK,G1757E113,JE00BF0XVB15,BF0XVC2,389830.0,6759652.2,0.023066790036592066,0,,MATERIALS,UNITED STATES,AVUV,2026-07-16,,,,,,,,,,,,,,,,,,,,,,
PUBMATIC INC CLASS A COMMON STOCK USD.0001,PUBM,COMMON STOCK,74467Q103,US74467Q1031,BNHP503,489738.0,6758384.4,0.023062463767200808,0,,COMMUNICATION SERVICES,UNITED STATES,AVUV,2026-07-16,,,,,,,,,,,,,,,,,,,,,,
STURM RUGER + CO INC COMMON STOCK USD1.0,RGR,COMMON STOCK,864159108,US8641591081,2856289,174035.0,6609849.3,0.02255559923284441,0,,CONSUMER DISCRETIONARY,UNITED STATES,AVUV,2026-07-16,,,,,,,,,,,,,,,,,,,,,,
KINGSTONE COS INC COMMON STOCK USD.01,KINS,COMMON STOCK,496719105,US4967191051,B02NVQ9,336393.0,6563027.43,0.02239582322478136,0,,FINANCIALS,UNITED STATES,AVUV,2026-07-16,,,,,,,,,,,,,,,,,,,,,,
STONERIDGE INC COMMON STOCK,SRI,COMMON STOCK,86183P102,US86183P1021,2111977,905883.0,6458945.79,0.022040652682642495,0,,CONSUMER DISCRETIONARY,UNITED STATES,AVUV,2026-07-16,,,,,,,,,,,,,,,,,,,,,,
ALERUS FINANCIAL CORP COMMON STOCK USD1.0,ALRS,COMMON STOCK,01446U103,US01446U1034,2679141,202236.0,6404814.12,0.02185593254774856,0,,FINANCIALS,UNITED STATES,AVUV,2026-07-16,,,,,,,,,,,,,,,,,,,,,,
MASTERCRAFT BOAT HOLDINGS IN COMMON STOCK USD.01,MCFT,COMMON STOCK,57637H103,US57637H1032,BDTYR13,256019.0,6303187.78,0.02150914052685623,0,,CONSUMER DISCRETIONARY,UNITED STATES,AVUV,2026-07-16,,,,,,,,,,,,,,,,,,,,,,
FOSSIL GROUP INC COMMON STOCK USD.01,FOSL,COMMON STOCK,34988V106,US34988V1061,BBGT609,1572763.0,6291052.0,0.02146772811673396,0,,CONSUMER DISCRETIONARY,UNITED STATES,AVUV,2026-07-16,,,,,,,,,,,,,,,,,,,,,,
HUDSON TECHNOLOGIES INC COMMON STOCK USD.01,HDSN,COMMON STOCK,444144109,US4441441098,2730532,1006390.0,6269809.7,0.021395240411820046,0,,INDUSTRIALS,UNITED STATES,AVUV,2026-07-16,,,,,,,,,,,,,,,,,,,,,,
AERSALE CORP COMMON STOCK USD.0001,ASLE,COMMON STOCK,00810F106,US00810F1066,BN2RY85,1033460.0,6211094.6,0.02119487967673999,0,,INDUSTRIALS,UNITED STATES,AVUV,2026-07-16,,,,,,,,,,,,,,,,,,,,,,
RCI HOSPITALITY HOLDINGS INC COMMON STOCK USD.01,RICK,COMMON STOCK,74934Q108,US74934Q1085,BQ0QT80,234154.0,6179324.06,0.02108646516755427,0,,CONSUMER DISCRETIONARY,UNITED STATES,AVUV,2026-07-16,,,,,,,,,,,,,,,,,,,,,,
BK TECHNOLOGIES CORP COMMON STOCK USD.6,BKTI,COMMON STOCK,05587G203,US05587G2030,BM8NGX9,74111.0,6149730.78,0.02098548038963122,0,,INFORMATION TECHNOLOGY,UNITED STATES,AVUV,2026-07-16,,,,,,,,,,,,,,,,,,,,,,
MGP INGREDIENTS INC COMMON STOCK,MGPI,COMMON STOCK,55303J106,US55303J1060,B6ZJTH3,354516.0,6108310.68,0.020844137503677022,0,,CONSUMER STAPLES,UNITED STATES,AVUV,2026-07-16,,,,,,,,,,,,,,,,,,,,,,
PLUMAS BANCORP COMMON STOCK,PLBC,COMMON STOCK,729273102,US7292731020,2025056,100477.0,6052734.48,0.02065448802194309,0,,FINANCIALS,UNITED STATES,AVUV,2026-07-16,,,,,,,,,,,,,,,,,,,,,,
HIGHPEAK ENERGY INC COMMON STOCK USD.0001,HPK,COMMON STOCK,43114Q105,US43114Q1058,BN0VNB5,828026.0,6036309.54,0.02059843918523761,0,,ENERGY,UNITED STATES,AVUV,2026-07-16,,,,,,,,,,,,,,,,,,,,,,
WATERSTONE FINANCIAL INC COMMON STOCK USD.01,WSBF,COMMON STOCK,94188P101,US94188P1012,BJ7BVV6,302875.0,5966637.5,0.020360688740310717,0,,FINANCIALS,UNITED STATES,AVUV,2026-07-16,,,,,,,,,,,,,,,,,,,,,,
NATIONAL BEVERAGE CORP COMMON STOCK USD.01,FIZZ,COMMON STOCK,635017106,US6350171061,2638625,192990.0,5953741.5,0.0203166821382681,0,,CONSUMER STAPLES,UNITED STATES,AVUV,2026-07-16,,,,,,,,,,,,,,,,,,,,,,
FIRST MERCHANTS CORP COMMON STOCK,FRME,COMMON STOCK,320817109,US3208171096,2342410,132615.0,5801906.25,0.019798556097418922,0,,FINANCIALS,UNITED STATES,AVUV,2026-07-16,,,,,,,,,,,,,,,,,,,,,,
COSTAMARE BULKERS HOLDING COMMON STOCK USD.0001,CMDB,COMMON STOCK,Y2001C101,MHY2001C1012,BPK4SX5,284538.0,5696450.76,0.019438697398470484,0,,INDUSTRIALS,UNITED STATES,AVUV,2026-07-16,,,,,,,,,,,,,,,,,,,,,,
INFUSYSTEM HOLDINGS INC COMMON STOCK USD.0001,INFU,COMMON STOCK,45685K102,US45685K1025,B17FVR8,621374.0,5598579.74,0.019104720116472587,0,,HEALTH CARE,UNITED STATES,AVUV,2026-07-16,,,,,,,,,,,,,,,,,,,,,,
FIRSTSUN CAPITAL BANCORP COMMON STOCK,FSUN,COMMON STOCK,33767U107,US33767U1079,BPQYJV4,158468.0,5595505.08,0.019094228077155252,0,,FINANCIALS,UNITED STATES,AVUV,2026-07-16,,,,,,,,,,,,,,,,,,,,,,
HONEST CO INC/THE COMMON STOCK USD.001,HNST,COMMON STOCK,438333106,US4383331067,BMF1LH5,1393832.0,5589266.32,0.0190729387914419,0,,CONSUMER STAPLES,UNITED STATES,AVUV,2026-07-16,,,,,,,,,,,,,,,,,,,,,,
VELOCITY FINANCIAL INC COMMON STOCK,VEL,COMMON STOCK,92262D101,US92262D1019,BKFVZS0,323034.0,5572336.5,0.019015167090806577,0,,FINANCIALS,UNITED STATES,AVUV,2026-07-16,,,,,,,,,,,,,,,,,,,,,,
GENESCO INC COMMON STOCK USD1.0,GCO,COMMON STOCK,371532102,US3715321028,2367101,156368.0,5511972.0,0.018809177905865396,0,,CONSUMER DISCRETIONARY,UNITED STATES,AVUV,2026-07-16,,,,,,,,,,,,,,,,,,,,,,
CORE MOLDING TECHNOLOGIES IN COMMON STOCK USD.01,CMT,COMMON STOCK,218683100,US2186831002,2761123,221882.0,5476047.76,0.01868658921686389,0,,MATERIALS,UNITED STATES,AVUV,2026-07-16,,,,,,,,,,,,,,,,,,,,,,
LANDS  END INC COMMON STOCK USD.01,LE,COMMON STOCK,51509F105,US51509F1057,BKWQKM7,469181.0,5423732.36,0.018508066962792846,0,,CONSUMER DISCRETIONARY,UNITED STATES,AVUV,2026-07-16,,,,,,,,,,,,,,,,,,,,,,
DUCOMMUN INC COMMON STOCK USD.01,DCO,COMMON STOCK,264147109,US2641471097,2283229,31086.0,5422952.7,0.018505406433376857,0,,INDUSTRIALS,UNITED STATES,AVUV,2026-07-16,,,,,,,,,,,,,,,,,,,,,,
HNI CORP COMMON STOCK USD1.0,HNI,COMMON STOCK,404251100,US4042511000,2435246,132011.0,5339844.95,0.018221807667797824,0,,INDUSTRIALS,UNITED STATES,AVUV,2026-07-16,,,,,,,,,,,,,,,,,,,,,,
CHOICEONE FINANCIAL SVCS INC COMMON STOCK,COFS,COMMON STOCK,170386106,US1703861062,2713395,157546.0,5287243.76,0.018042310177467644,0,,FINANCIALS,UNITED STATES,AVUV,2026-07-16,,,,,,,,,,,,,,,,,,,,,,
WORTHINGTON STEEL INC COMMON STOCK USD.0001,WS,COMMON STOCK,982104101,US9821041012,BS70KN1,147043.0,5115625.97,0.01745667774974097,0,,MATERIALS,UNITED STATES,AVUV,2026-07-16,,,,,,,,,,,,,,,,,,,,,,
INTERNATIONAL MONEY EXPRESS COMMON STOCK USD.0001,IMXI,COMMON STOCK,46005L101,US46005L1017,BG216W6,373528.0,5102392.48,0.017411519489190033,0,,FINANCIALS,UNITED STATES,AVUV,2026-07-16,,,,,,,,,,,,,,,,,,,,,,
FARMERS + MERCHANTS BANCO/OH COMMON STOCK,FMAO,COMMON STOCK,30779N105,US30779N1054,2120865,167514.0,5055572.52,0.017251749998854173,0,,FINANCIALS,UNITED STATES,AVUV,2026-07-16,,,,,,,,,,,,,,,,,,,,,,
CARGURUS INC COMMON STOCK USD.001,CARG,COMMON STOCK,141788109,US1417881091,BF5D6S8,138641.0,4943938.06,0.016870806042940535,0,,COMMUNICATION SERVICES,UNITED STATES,AVUV,2026-07-16,,,,,,,,,,,,,,,,,,,,,,
BAYCOM CORP COMMON STOCK,BCML,COMMON STOCK,07272M107,US07272M1071,BYSTY59,145374.0,4941262.26,0.016861675082507407,0,,FINANCIALS,UNITED STATES,AVUV,2026-07-16,,,,,,,,,,,,,,,,,,,,,,
TITAN AMERICA SA COMMON STOCK,TTAM,COMMON STOCK,B9151N105,BE6360403164,BNM4XQ7,289444.0,4937914.64,0.01685025158831309,0,,MATERIALS,UNITED STATES,AVUV,2026-07-16,,,,,,,,,,,,,,,,,,,,,,
TACTILE SYSTEMS TECHNOLOGY I COMMON STOCK USD.001,TCMD,COMMON STOCK,87357P100,US87357P1003,BZB1XF2,172486.0,4933099.6,0.01683382063692512,0,,HEALTH CARE,UNITED STATES,AVUV,2026-07-16,,,,,,,,,,,,,,,,,,,,,,
SIGA TECHNOLOGIES INC COMMON STOCK USD.0001,SIGA,COMMON STOCK,826917106,US8269171067,2107437,1362573.0,4850759.88,0.01655284271428706,0,,HEALTH CARE,UNITED STATES,AVUV,2026-07-16,,,,,,,,,,,,,,,,,,,,,,
TIMBERLAND BANCORP INC COMMON STOCK USD.01,TSBK,COMMON STOCK,887098101,US8870981011,2147734,111493.0,4848830.57,0.01654625909321178,0,,FINANCIALS,UNITED STATES,AVUV,2026-07-16,,,,,,,,,,,,,,,,,,,,,,
FRANKLIN FINANCIAL SERVICES COMMON STOCK USD1.0,FRAF,COMMON STOCK,353525108,US3535251082,B019C32,75901.0,4718765.17,0.016102420980827037,0,,FINANCIALS,UNITED STATES,AVUV,2026-07-16,,,,,,,,,,,,,,,,,,,,,,
CIVISTA BANCSHARES INC COMMON STOCK,CIVB,COMMON STOCK,178867107,US1788671071,BWT3JH3,165468.0,4669506.96,0.01593433115105024,0,,FINANCIALS,UNITED STATES,AVUV,2026-07-16,,,,,,,,,,,,,,,,,,,,,,
PILGRIM S PRIDE CORP COMMON STOCK USD.01,PPC,COMMON STOCK,72147K108,US72147K1088,B5L3PZ2,164184.0,4666109.28,0.01592273683097982,0,,CONSUMER STAPLES,UNITED STATES,AVUV,2026-07-16,,,,,,,,,,,,,,,,,,,,,,
MERIDIAN CORP COMMON STOCK,MRBK,COMMON STOCK,58958P104,US58958P1049,BF5R077,230030.0,4651206.6,0.015871882588724198,0,,FINANCIALS,UNITED STATES,AVUV,2026-07-16,,,,,,,,,,,,,,,,,,,,,,
AMPLIFY ENERGY CORP COMMON STOCK USD.01,AMPY,COMMON STOCK,03212B103,US03212B1035,BK598S5,1145650.0,4582600.0,0.0156377678753482,0,,ENERGY,UNITED STATES,AVUV,2026-07-16,,,,,,,,,,,,,,,,,,,,,,
FIRST UNITED CORP COMMON STOCK USD.01,FUNC,COMMON STOCK,33741H107,US33741H1077,2420736,101088.0,4531775.04,0.015464331632439402,0,,FINANCIALS,UNITED STATES,AVUV,2026-07-16,,,,,,,,,,,,,,,,,,,,,,
GLOBALSTAR INC COMMON STOCK USD.0001,GSAT,COMMON STOCK,378973507,US3789735079,BRJMM32,56215.0,4526993.95,0.01544801653279921,0,,COMMUNICATION SERVICES,UNITED STATES,AVUV,2026-07-16,,,,,,,,,,,,,,,,,,,,,,
ZUMIEZ INC COMMON STOCK,ZUMZ,COMMON STOCK,989817101,US9898171015,B081QB7,239832.0,4487256.72,0.01531241631049106,0,,CONSUMER DISCRETIONARY,UNITED STATES,AVUV,2026-07-16,,,,,,,,,,,,,,,,,,,,,,
ALPHA METALLURGICAL RESOURCE COMMON STOCK USD.01,AMR,COMMON STOCK,020764106,US0207641061,BMFND53,29087.0,4437803.59,0.015143661331298153,0,,MATERIALS,UNITED STATES,AVUV,2026-07-16,,,,,,,,,,,,,,,,,,,,,,
AMERICAN INTEGRITY INSURANCE COMMON STOCK USD.001,AII,COMMON STOCK,026948109,US0269481091,BTRVNC1,241914.0,4431864.48,0.015123394578021377,0,,FINANCIALS,UNITED STATES,AVUV,2026-07-16,,,,,,,,,,,,,,,,,,,,,,
ASTRONICS CORP CL B COMMON STOCK USD.01,ATROB,COMMON STOCK,046433207,US0464332073,2613848,61382.0,4370398.4,0.014913646336576,0,,INDUSTRIALS,UNITED STATES,AVUV,2026-07-16,,,,,,,,,,,,,,,,,,,,,,
JOHNSON OUTDOORS INC A COMMON STOCK USD.05,JOUT,COMMON STOCK,479167108,US4791671088,2476847,92433.0,4217717.79,0.01439263557014503,0,,CONSUMER DISCRETIONARY,UNITED STATES,AVUV,2026-07-16,,,,,,,,,,,,,,,,,,,,,,
SUPERIOR GROUP OF COS INC COMMON STOCK,SGC,COMMON STOCK,868358102,US8683581024,2864301,314762.0,4183186.98,0.014274801853187895,0,,CONSUMER DISCRETIONARY,UNITED STATES,AVUV,2026-07-16,,,,,,,,,,,,,,,,,,,,,,
FIRST COMMUNITY CORP COMMON STOCK USD1.0,FCCO,COMMON STOCK,319835104,US3198351047,2863074,128230.0,4181580.3,0.01426931918202088,0,,FINANCIALS,UNITED STATES,AVUV,2026-07-16,,,,,,,,,,,,,,,,,,,,,,
Q32 BIO INC COMMON STOCK USD.0001,QTTB,COMMON STOCK,746964105,US7469641051,BS2FKQ4,264744.0,4156480.8,0.014183669080596513,0,,HEALTH CARE,UNITED STATES,AVUV,2026-07-16,,,,,,,,,,,,,,,,,,,,,,
SPROUTS FARMERS MARKET INC COMMON STOCK USD.001,SFM,COMMON STOCK,85208M102,US85208M1027,BCGCR79,56085.0,4111030.5,0.014028573449019477,0,,CONSUMER STAPLES,UNITED STATES,AVUV,2026-07-16,,,,,,,,,,,,,,,,,,,,,,
OPORTUN FINANCIAL CORP COMMON STOCK USD.0001,OPRT,COMMON STOCK,68376D104,US68376D1046,BKTC5L2,717468.0,4068043.56,0.013881883842815242,0,,FINANCIALS,UNITED STATES,AVUV,2026-07-16,,,,,,,,,,,,,,,,,,,,,,
STOCK YARDS BANCORP INC COMMON STOCK,SYBT,COMMON STOCK,861025104,US8610251048,BLY2FB4,50961.0,4011649.92,0.013689444910338928,0,,FINANCIALS,UNITED STATES,AVUV,2026-07-16,,,,,,,,,,,,,,,,,,,,,,
PONCE FINANCIAL GROUP INC COMMON STOCK USD.01,PDLB,COMMON STOCK,732344106,US7323441060,BMF8HX4,198410.0,3948359.0,0.013473469543608856,0,,FINANCIALS,UNITED STATES,AVUV,2026-07-16,,,,,,,,,,,,,,,,,,,,,,
SUMMIT MIDSTREAM CORP COMMON STOCK USD.01,SMC,COMMON STOCK,86614G101,US86614G1013,BNM9H26,129532.0,3939068.12,0.013441765134583911,0,,ENERGY,UNITED STATES,AVUV,2026-07-16,,,,,,,,,,,,,,,,,,,,,,
BANK7 CORP COMMON STOCK USD.01,BSVN,COMMON STOCK,06652N107,US06652N1072,BFMN421,74612.0,3864901.6,0.0131886776244625,0,,FINANCIALS,UNITED STATES,AVUV,2026-07-16,,,,,,,,,,,,,,,,,,,,,,
PROFRAC HOLDING CORP A COMMON STOCK USD.01,ACDC,COMMON STOCK,74319N100,US74319N1000,BPCJW03,765008.0,3825040.0,0.013052652999153728,0,,ENERGY,UNITED STATES,AVUV,2026-07-16,,,,,,,,,,,,,,,,,,,,,,
COMMERCIAL BANCGROUP INC COMMON STOCK USD.01,CBK,COMMON STOCK,20112C106,US20112C1062,BTLP0D9,114689.0,3805381.02,0.012985568251214545,0,,FINANCIALS,UNITED STATES,AVUV,2026-07-16,,,,,,,,,,,,,,,,,,,,,,
EVERQUOTE INC   CLASS A COMMON STOCK USD.001,EVER,COMMON STOCK,30041R108,US30041R1086,BG88WS9,148961.0,3777650.96,0.012890941567356148,0,,COMMUNICATION SERVICES,UNITED STATES,AVUV,2026-07-16,,,,,,,,,,,,,,,,,,,,,,
TITAN INTERNATIONAL INC COMMON STOCK,TWI,COMMON STOCK,88830M102,US88830M1027,2890265,492930.0,3765985.2,0.012851133064111371,0,,INDUSTRIALS,UNITED STATES,AVUV,2026-07-16,,,,,,,,,,,,,,,,,,,,,,
ESPEY MFG + ELECTRONICS CORP COMMON STOCK USD.333,ESP,COMMON STOCK,296650104,US2966501049,2321679,66156.0,3737814.0,0.01275500102414061,0,,INDUSTRIALS,UNITED STATES,AVUV,2026-07-16,,,,,,,,,,,,,,,,,,,,,,
FINANCE OF AMERICA COS INC A COMMON STOCK USD.0001,FOA,COMMON STOCK,31738L206,US31738L2060,BT06V07,143918.0,3691496.7,0.012596946822156395,0,,FINANCIALS,UNITED STATES,AVUV,2026-07-16,,,,,,,,,,,,,,,,,,,,,,
TREDEGAR CORP COMMON STOCK,TG,COMMON STOCK,894650100,US8946501009,2903345,491813.0,3683679.37,0.012570270788475734,0,,MATERIALS,UNITED STATES,AVUV,2026-07-16,,,,,,,,,,,,,,,,,,,,,,
EQUITY BANCSHARES INC   CL A COMMON STOCK USD.01,EQBK,COMMON STOCK,29460X109,US29460X1090,BYZG9Q9,74417.0,3661316.4,0.012493958883909903,0,,FINANCIALS,UNITED STATES,AVUV,2026-07-16,,,,,,,,,,,,,,,,,,,,,,
AMES NATIONAL CORP COMMON STOCK USD2.0,ATLO,COMMON STOCK,031001100,US0310011004,B00MZ00,123506.0,3646514.65,0.012443449057468813,0,,FINANCIALS,UNITED STATES,AVUV,2026-07-16,,,,,,,,,,,,,,,,,,,,,,
HAMILTON BEACH BRAND A COMMON STOCK USD.01,HBB,COMMON STOCK,40701T104,US40701T1043,BF22688,160186.0,3616999.88,0.012342732188845261,0,,CONSUMER DISCRETIONARY,UNITED STATES,AVUV,2026-07-16,,,,,,,,,,,,,,,,,,,,,,
BOWHEAD SPECIALTY HOLDINGS I COMMON STOCK USD.01,BOW,COMMON STOCK,10240L102,US10240L1026,BNRR231,120269.0,3592435.03,0.012258906539171987,0,,FINANCIALS,UNITED STATES,AVUV,2026-07-16,,,,,,,,,,,,,,,,,,,,,,
UNIVERSAL LOGISTICS HOLDINGS COMMON STOCK,ULH,COMMON STOCK,91388P105,US91388P1057,B066PX9,262715.0,3578178.3,0.012210256551304508,0,,INDUSTRIALS,UNITED STATES,AVUV,2026-07-16,,,,,,,,,,,,,,,,,,,,,,
TOWNE BANK COMMON STOCK USD1.667,TOWN,COMMON STOCK,89214P109,US89214P1093,B018PR4,99069.0,3576390.9,0.012204157187122514,0,,FINANCIALS,UNITED STATES,AVUV,2026-07-16,,,,,,,,,,,,,,,,,,,,,,
COMMERCIAL VEHICLE GROUP INC COMMON STOCK USD.01,CVGI,COMMON STOCK,202608105,US2026081057,B02GMS7,743243.0,3560133.97,0.01214868167154058,0,,INDUSTRIALS,UNITED STATES,AVUV,2026-07-16,,,,,,,,,,,,,,,,,,,,,,
PCB BANCORP COMMON STOCK,PCB,COMMON STOCK,69320M109,US69320M1099,BKLTT20,120008.0,3558237.2,0.012142209090697189,0,,FINANCIALS,UNITED STATES,AVUV,2026-07-16,,,,,,,,,,,,,,,,,,,,,,
USANA HEALTH SCIENCES INC COMMON STOCK USD.001,USNA,COMMON STOCK,90328M107,US90328M1071,2267698,159252.0,3551319.6,0.012118603316015891,0,,CONSUMER STAPLES,UNITED STATES,AVUV,2026-07-16,,,,,,,,,,,,,,,,,,,,,,
EVOLUTION PETROLEUM CORP COMMON STOCK USD.001,EPM,COMMON STOCK,30049A107,US30049A1079,2367781,933692.0,3520018.84,0.012011791894726231,0,,ENERGY,UNITED STATES,AVUV,2026-07-16,,,,,,,,,,,,,,,,,,,,,,
XPERI INC COMMON STOCK USD.001,XPER,COMMON STOCK,98423J101,US98423J1016,BQV3RS6,445368.0,3482777.76,0.011884709591128433,0,,INFORMATION TECHNOLOGY,UNITED STATES,AVUV,2026-07-16,,,,,,,,,,,,,,,,,,,,,,
PROSPERITY BANCSHARES INC COMMON STOCK USD1.0,PB,COMMON STOCK,743606105,US7436061052,2310257,47902.0,3472415.98,0.01184935081872512,0,,FINANCIALS,UNITED STATES,AVUV,2026-07-16,,,,,,,,,,,,,,,,,,,,,,
MYERS INDUSTRIES INC COMMON STOCK,MYE,COMMON STOCK,628464109,US6284641098,2613086,110372.0,3384005.52,0.011547656965621477,0,,MATERIALS,UNITED STATES,AVUV,2026-07-16,,,,,,,,,,,,,,,,,,,,,,
EQUIPMENTSHARE.COM INC A COMMON STOCK USD.0000013,EQPT,COMMON STOCK,29445S100,US29445S1006,BVMZK21,190702.0,3363983.28,0.011479332621043177,0,,INDUSTRIALS,UNITED STATES,AVUV,2026-07-16,,,,,,,,,,,,,,,,,,,,,,
CONDUENT INC COMMON STOCK USD.01,CNDT,COMMON STOCK,206787103,US2067871036,BYWLRV8,2205720.0,3352694.4,0.011440810191633528,0,,INDUSTRIALS,UNITED STATES,AVUV,2026-07-16,,,,,,,,,,,,,,,,,,,,,,
EAGLE BANCORP MONTANA INC COMMON STOCK USD.01,EBMT,COMMON STOCK,26942G100,US26942G1004,B57M9P1,139619.0,3306177.92,0.011282076303312865,0,,FINANCIALS,UNITED STATES,AVUV,2026-07-16,,,,,,,,,,,,,,,,,,,,,,
FVCBANKCORP INC COMMON STOCK USD.01,FVCB,COMMON STOCK,36120Q101,US36120Q1013,BY7RH33,185960.0,3291492.0,0.011231961737783267,0,,FINANCIALS,UNITED STATES,AVUV,2026-07-16,,,,,,,,,,,,,,,,,,,,,,
INVESTORS TITLE CO COMMON STOCK,ITIC,COMMON STOCK,461804106,US4618041069,2469892,11984.0,3278822.4,0.011188727708220679,0,,FINANCIALS,UNITED STATES,AVUV,2026-07-16,,,,,,,,,,,,,,,,,,,,,,
NB BANCORP INC COMMON STOCK USD.01,NBBK,COMMON STOCK,63945M107,US63945M1071,BQT2053,154609.0,3269980.35,0.01115855489683801,0,,FINANCIALS,UNITED STATES,AVUV,2026-07-16,,,,,,,,,,,,,,,,,,,,,,
IBOTTA INC CL A COMMON STOCK USD.00001,IBTA,COMMON STOCK,451051106,US4510511060,BNZD2W0,104859.0,3256920.54,0.011113989305846837,0,,COMMUNICATION SERVICES,UNITED STATES,AVUV,2026-07-16,,,,,,,,,,,,,,,,,,,,,,
FS BANCORP INC COMMON STOCK USD.01,FSBW,COMMON STOCK,30263Y104,US30263Y1047,B4Z5FD5,74556.0,3240949.32,0.011059488753530222,0,,FINANCIALS,UNITED STATES,AVUV,2026-07-16,,,,,,,,,,,,,,,,,,,,,,
CITI TRENDS INC COMMON STOCK USD.01,CTRN,COMMON STOCK,17306X102,US17306X1028,B06FLD8,50104.0,3187115.44,0.010875784803966797,0,,CONSUMER DISCRETIONARY,UNITED STATES,AVUV,2026-07-16,,,,,,,,,,,,,,,,,,,,,,
INTERPARFUMS INC COMMON STOCK USD.001,IPAR,COMMON STOCK,458334109,US4583341098,2473150,26255.0,3159789.25,0.010782536295229909,0,,CONSUMER STAPLES,UNITED STATES,AVUV,2026-07-16,,,,,,,,,,,,,,,,,,,,,,
FIRST NATIONAL CORP/VA COMMON STOCK USD1.25,FXNC,COMMON STOCK,32106V107,US32106V1070,B018Y33,104002.0,3067018.98,0.010465964927885306,0,,FINANCIALS,UNITED STATES,AVUV,2026-07-16,,,,,,,,,,,,,,,,,,,,,,
OAK VALLEY BANCORP COMMON STOCK,OVLY,COMMON STOCK,671807105,US6718071052,B019FQ6,89661.0,3004540.11,0.010252760618939717,0,,FINANCIALS,UNITED STATES,AVUV,2026-07-16,,,,,,,,,,,,,,,,,,,,,,
LIBERTY CAPITAL CORP COMMON STOCK,GLIBA,COMMON STOCK,36164V602,US36164V6020,BRJW0F0,136140.0,2990995.8,0.010206541709191592,0,,COMMUNICATION SERVICES,UNITED STATES,AVUV,2026-07-16,,,,,,,,,,,,,,,,,,,,,,
MEDIFAST INC COMMON STOCK USD.001,MED,COMMON STOCK,58470H101,US58470H1014,2934033,281296.0,2990176.48,0.010203745843094697,0,,CONSUMER STAPLES,UNITED STATES,AVUV,2026-07-16,,,,,,,,,,,,,,,,,,,,,,
BARNES + NOBLE EDUCATION INC COMMON STOCK USD.01,BNED,COMMON STOCK,06777U200,US06777U2006,BNNRMX5,235390.0,2972975.7,0.010145049512427624,0,,CONSUMER DISCRETIONARY,UNITED STATES,AVUV,2026-07-16,,,,,,,,,,,,,,,,,,,,,,
USCB FINANCIAL HOLDINGS INC COMMON STOCK,USCB,COMMON STOCK,90355N101,US90355N1019,BPCK3Z8,143830.0,2925502.2,0.009983049867415984,0,,FINANCIALS,UNITED STATES,AVUV,2026-07-16,,,,,,,,,,,,,,,,,,,,,,
LOVESAC CO/THE COMMON STOCK USD.00001,LOVE,COMMON STOCK,54738L109,US54738L1098,BG88WJ0,162859.0,2915176.1,0.00994781285025157,0,,CONSUMER DISCRETIONARY,UNITED STATES,AVUV,2026-07-16,,,,,,,,,,,,,,,,,,,,,,
TIPTREE INC COMMON STOCK USD.001,TIPT,COMMON STOCK,88822Q103,US88822Q1031,BC30V41,162231.0,2858510.22,0.00975444491984256,0,,FINANCIALS,UNITED STATES,AVUV,2026-07-16,,,,,,,,,,,,,,,,,,,,,,
PEOPLES BANCORP OF NC COMMON STOCK,PEBK,COMMON STOCK,710577107,US7105771072,2620503,67836.0,2853182.16,0.00973626332740466,0,,FINANCIALS,UNITED STATES,AVUV,2026-07-16,,,,,,,,,,,,,,,,,,,,,,
CLEAN ENERGY FUELS CORP COMMON STOCK USD.0001,CLNE,COMMON STOCK,184499101,US1844991018,B1Y1PC2,1213307.0,2851271.45,0.009729743177390015,0,,ENERGY,UNITED STATES,AVUV,2026-07-16,,,,,,,,,,,,,,,,,,,,,,
CORMEDIX INC COMMON STOCK USD.001,CRMD,COMMON STOCK,21900C308,US21900C3088,BJ0LT31,335354.0,2823680.68,0.00963559180987766,0,,HEALTH CARE,UNITED STATES,AVUV,2026-07-16,,,,,,,,,,,,,,,,,,,,,,
ARDENT HEALTH INC COMMON STOCK USD.01,ARDT,COMMON STOCK,03980N107,US03980N1072,BSF1W07,284586.0,2788942.8,0.009517051482569644,0,,HEALTH CARE,UNITED STATES,AVUV,2026-07-16,,,,,,,,,,,,,,,,,,,,,,
WESBANCO INC COMMON STOCK USD2.0833,WSBC,COMMON STOCK,950810101,US9508101014,2953782,70476.0,2785211.52,0.009504318778314872,0,,FINANCIALS,UNITED STATES,AVUV,2026-07-16,,,,,,,,,,,,,,,,,,,,,,
908 DEVICES INC COMMON STOCK,MASS,COMMON STOCK,65443P102,US65443P1021,BM8GQP0,341361.0,2747956.05,0.009377187369955643,0,,INFORMATION TECHNOLOGY,UNITED STATES,AVUV,2026-07-16,,,,,,,,,,,,,,,,,,,,,,
MCEWEN INC COMMON STOCK,MUX,COMMON STOCK,58039P305,US58039P3055,BQGD8H7,155420.0,2733837.8,0.009329009934371883,0,,MATERIALS,UNITED STATES,AVUV,2026-07-16,,,,,,,,,,,,,,,,,,,,,,
ACACIA RESEARCH CORP COMMON STOCK USD.001,ACTG,COMMON STOCK,003881307,US0038813079,2169589,612777.0,2726857.65,0.009305190712656022,0,,FINANCIALS,UNITED STATES,AVUV,2026-07-16,,,,,,,,,,,,,,,,,,,,,,
CLEARWATER PAPER CORP COMMON STOCK USD.0001,CLW,COMMON STOCK,18538R103,US18538R1032,B3K9Z35,173448.0,2684975.04,0.009162269547118176,0,,MATERIALS,UNITED STATES,AVUV,2026-07-16,,,,,,,,,,,,,,,,,,,,,,
MANITOWOC COMPANY INC COMMON STOCK USD.01,MTW,COMMON STOCK,563571405,US5635714059,BDFCGV4,206672.0,2676402.4,0.009133016076512204,0,,INDUSTRIALS,UNITED STATES,AVUV,2026-07-16,,,,,,,,,,,,,,,,,,,,,,
C + F FINANCIAL CORP COMMON STOCK USD1.0,CFFI,COMMON STOCK,12466Q104,US12466Q1040,2494515,34255.0,2671890.0,0.009117617860704426,0,,FINANCIALS,UNITED STATES,AVUV,2026-07-16,,,,,,,,,,,,,,,,,,,,,,
ASCENT INDUSTRIES CO COMMON STOCK USD1.0,ACNT,COMMON STOCK,871565107,US8715651076,2867805,176665.0,2671174.8,0.0091151772960502,0,,MATERIALS,UNITED STATES,AVUV,2026-07-16,,,,,,,,,,,,,,,,,,,,,,
LEGGETT + PLATT INC COMMON STOCK USD.01,LEG,COMMON STOCK,524660107,US5246601075,2510682,241868.0,2641198.56,0.009012885696762521,0,,CONSUMER DISCRETIONARY,UNITED STATES,AVUV,2026-07-16,,,,,,,,,,,,,,,,,,,,,,
PHOENIX EDUCATION PARTNERS I COMMON STOCK USD.01,PXED,COMMON STOCK,718968100,US7189681007,BSNRFP3,86514.0,2608397.1,0.008900953252854582,0,,CONSUMER DISCRETIONARY,UNITED STATES,AVUV,2026-07-16,,,,,,,,,,,,,,,,,,,,,,
AMPCO PITTSBURGH CORP COMMON STOCK USD1.0,AP,COMMON STOCK,032037103,US0320371034,2031688,317916.0,2578298.76,0.008798244996765613,0,,MATERIALS,UNITED STATES,AVUV,2026-07-16,,,,,,,,,,,,,,,,,,,,,,
CF BANKSHARES INC COMMON STOCK USD.01,CFBK,COMMON STOCK,12520L109,US12520L1098,BN2XDN1,77042.0,2531600.12,0.008638889501541406,0,,FINANCIALS,UNITED STATES,AVUV,2026-07-16,,,,,,,,,,,,,,,,,,,,,,
LIFETIME BRANDS INC COMMON STOCK USD.01,LCUT,COMMON STOCK,53222Q103,US53222Q1031,2515773,302774.0,2513024.2,0.008575500612039587,0,,CONSUMER DISCRETIONARY,UNITED STATES,AVUV,2026-07-16,,,,,,,,,,,,,,,,,,,,,,
CITIZENS FINANCIAL SERVICES COMMON STOCK USD1.0,CZFS,COMMON STOCK,174615104,US1746151042,2651592,33903.0,2482038.63,0.008469764752233941,0,,FINANCIALS,UNITED STATES,AVUV,2026-07-16,,,,,,,,,,,,,,,,,,,,,,
RESOURCES CONNECTION INC COMMON STOCK USD.01,RGP,COMMON STOCK,76122Q105,US76122Q1058,2697853,539141.0,2474657.19,0.008444576159446918,0,,INDUSTRIALS,UNITED STATES,AVUV,2026-07-16,,,,,,,,,,,,,,,,,,,,,,
FERROGLOBE PLC COMMON STOCK USD7.5,GSM,COMMON STOCK,G33856108,GB00BYW6GV68,BYW6GV6,719476.0,2417439.36,0.008249324742375577,0,,MATERIALS,UNITED STATES,AVUV,2026-07-16,,,,,,,,,,,,,,,,,,,,,,
ENERGY SERVICES OF AMERICA COMMON STOCK USD.0001,ESOA,COMMON STOCK,29271Q103,US29271Q1031,B1FL1D4,144515.0,2364265.4,0.008067872718744219,0,,ENERGY,UNITED STATES,AVUV,2026-07-16,,,,,,,,,,,,,,,,,,,,,,
NERDWALLET INC CL A COMMON STOCK USD.0001,NRDS,COMMON STOCK,64082B102,US64082B1026,BMTW8S4,246505.0,2349192.65,0.008016438125774475,0,,FINANCIALS,UNITED STATES,AVUV,2026-07-16,,,,,,,,,,,,,,,,,,,,,,
MAINSTREET BANCSHARES INC COMMON STOCK USD4.0,MNSB,COMMON STOCK,56064Y100,US56064Y1001,BD0R8C9,93635.0,2264094.3,0.007726046591738089,0,,FINANCIALS,UNITED STATES,AVUV,2026-07-16,,,,,,,,,,,,,,,,,,,,,,
J. JILL INC COMMON STOCK USD.01,JILL,COMMON STOCK,46620W201,US46620W2017,BN941G6,134150.0,2210792.0,0.007544156617788329,0,,CONSUMER DISCRETIONARY,UNITED STATES,AVUV,2026-07-16,,,,,,,,,,,,,,,,,,,,,,
VIRCO MFG CORPORATION COMMON STOCK USD.01,VIRC,COMMON STOCK,927651109,US9276511097,2929705,360653.0,2181950.65,0.007445737742802148,0,,INDUSTRIALS,UNITED STATES,AVUV,2026-07-16,,,,,,,,,,,,,,,,,,,,,,
KEARNY FINANCIAL CORP/MD COMMON STOCK USD.01,KRNY,COMMON STOCK,48716P108,US48716P1084,BY3H7G0,229331.0,2171764.57,0.007410978533052284,0,,FINANCIALS,UNITED STATES,AVUV,2026-07-16,,,,,,,,,,,,,,,,,,,,,,
SMART SAND INC COMMON STOCK USD.001,SND,COMMON STOCK,83191H107,US83191H1077,BYXM5L6,437447.0,2125992.42,0.007254784613256618,0,,ENERGY,UNITED STATES,AVUV,2026-07-16,,,,,,,,,,,,,,,,,,,,,,
NATIONAL BANK HOLD CL A COMMON STOCK,NBHC,COMMON STOCK,633707104,US6337071046,B888DV3,46627.0,2122461.04,0.007242734052282576,0,,FINANCIALS,UNITED STATES,AVUV,2026-07-16,,,,,,,,,,,,,,,,,,,,,,
VERA BRADLEY INC COMMON STOCK,VRA,COMMON STOCK,92335C106,US92335C1062,B4626P4,525492.0,2107222.92,0.007190735146984993,0,,CONSUMER DISCRETIONARY,UNITED STATES,AVUV,2026-07-16,,,,,,,,,,,,,,,,,,,,,,
FIRST FINANCIAL BANCORP COMMON STOCK,FFBC,COMMON STOCK,320209109,US3202091092,2352806,59817.0,2082229.77,0.007105447956705729,0,,FINANCIALS,UNITED STATES,AVUV,2026-07-16,,,,,,,,,,,,,,,,,,,,,,
VILLAGE FARMS INTERNATIONAL COMMON STOCK,VFF,COMMON STOCK,92707Y108,CA92707Y1088,B5NTJ67,1017480.0,2055309.6,0.00701358495979897,0,,CONSUMER STAPLES,UNITED STATES,AVUV,2026-07-16,,,,,,,,,,,,,,,,,,,,,,
TRUEBLUE INC COMMON STOCK,TBI,COMMON STOCK,89785X101,US89785X1019,2519849,233353.0,1892492.83,0.006457985331755074,0,,INDUSTRIALS,UNITED STATES,AVUV,2026-07-16,,,,,,,,,,,,,,,,,,,,,,
PRIMEENERGY RESOURCES CORP COMMON STOCK USD.1,PNRG,COMMON STOCK,74158E104,US74158E1047,2480365,10039.0,1891347.6,0.006454077323003736,0,,ENERGY,UNITED STATES,AVUV,2026-07-16,,,,,,,,,,,,,,,,,,,,,,
JAKKS PACIFIC INC COMMON STOCK USD.001,JAKK,COMMON STOCK,47012E403,US47012E4035,BN2R7Z3,81502.0,1868025.84,0.0063744936217589015,0,,CONSUMER DISCRETIONARY,UNITED STATES,AVUV,2026-07-16,,,,,,,,,,,,,,,,,,,,,,
REPUBLIC AIRWAYS HOLDINGS IN COMMON STOCK,RJET,COMMON STOCK,590479408,US5904794089,BTZ9W97,100997.0,1851275.01,0.006317332710647432,0,,INDUSTRIALS,UNITED STATES,AVUV,2026-07-16,,,,,,,,,,,,,,,,,,,,,,
MEDALLION FINANCIAL CORP COMMON STOCK USD.01,MFIN,COMMON STOCK,583928106,US5839281061,2580447,181711.0,1828012.66,0.006237951741430152,0,,FINANCIALS,UNITED STATES,AVUV,2026-07-16,,,,,,,,,,,,,,,,,,,,,,
IMMERSION CORPORATION COMMON STOCK USD.001,IMMR,COMMON STOCK,452521107,US4525211078,2517854,270256.0,1810715.2,0.006178925497744663,0,,INFORMATION TECHNOLOGY,UNITED STATES,AVUV,2026-07-16,,,,,,,,,,,,,,,,,,,,,,
CIRRUS LOGIC INC COMMON STOCK USD.001,CRUS,COMMON STOCK,172755100,US1727551004,2197308,13008.0,1809022.56,0.0061731494947296645,0,,INFORMATION TECHNOLOGY,UNITED STATES,AVUV,2026-07-16,,,,,,,,,,,,,,,,,,,,,,
ACME UNITED CORP COMMON STOCK USD2.5,ACU,COMMON STOCK,004816104,US0048161048,2006329,37346.0,1766092.34,0.006026653441136153,0,,HEALTH CARE,UNITED STATES,AVUV,2026-07-16,,,,,,,,,,,,,,,,,,,,,,
NACCO INDUSTRIES CL A COMMON STOCK USD1.0,NC,COMMON STOCK,629579103,US6295791031,2616977,35345.0,1715999.75,0.005855716354177878,0,,ENERGY,UNITED STATES,AVUV,2026-07-16,,,,,,,,,,,,,,,,,,,,,,
BOB S DISCOUNT FURNITURE COMMON STOCK,BOBS,COMMON STOCK,09681N106,US09681N1063,BV9C5G4,101801.0,1659356.3,0.00566242496440812,0,,CONSUMER DISCRETIONARY,UNITED STATES,AVUV,2026-07-16,,,,,,,,,,,,,,,,,,,,,,
OP BANCORP COMMON STOCK,OPBK,COMMON STOCK,67109R109,US67109R1095,BD06KV9,109740.0,1638418.2,0.005590975318453677,0,,FINANCIALS,UNITED STATES,AVUV,2026-07-16,,,,,,,,,,,,,,,,,,,,,,
CRAWFORD + COMPANY  CL A COMMON STOCK USD1.0,CRD.A,COMMON STOCK,224633206,US2246332066,2232094,148426.0,1616359.14,0.005515700483244761,0,,FINANCIALS,UNITED STATES,AVUV,2026-07-16,,,,,,,,,,,,,,,,,,,,,,
MAYVILLE ENGINEERING CO INC COMMON STOCK,MEC,COMMON STOCK,578605107,US5786051079,BJLD0Y4,47255.0,1603362.15,0.00547134926064226,0,,INDUSTRIALS,UNITED STATES,AVUV,2026-07-16,,,,,,,,,,,,,,,,,,,,,,
INVESTAR HOLDING CORP COMMON STOCK USD1.0,ISTR,COMMON STOCK,46134L105,US46134L1052,BNGY4R1,53492.0,1560361.64,0.005324613347863141,0,,FINANCIALS,UNITED STATES,AVUV,2026-07-16,,,,,,,,,,,,,,,,,,,,,,
SIFCO INDUSTRIES COMMON STOCK USD1.0,SIF,COMMON STOCK,826546103,US8265461033,2807500,65971.0,1528548.07,0.0052160520021323035,0,,INDUSTRIALS,UNITED STATES,AVUV,2026-07-16,,,,,,,,,,,,,,,,,,,,,,
KEWAUNEE SCIENTIFIC CP COMMON STOCK USD2.5,KEQU,COMMON STOCK,492854104,US4928541048,2490728,38810.0,1454598.8,0.004963705840823995,0,,HEALTH CARE,UNITED STATES,AVUV,2026-07-16,,,,,,,,,,,,,,,,,,,,,,
CLARUS CORP COMMON STOCK USD.0001,CLAR,COMMON STOCK,18270P109,US18270P1093,BF5QHG2,433437.0,1447679.58,0.004940094538018063,0,,CONSUMER DISCRETIONARY,UNITED STATES,AVUV,2026-07-16,,,,,,,,,,,,,,,,,,,,,,
CHEMUNG FINANCIAL CORP COMMON STOCK USD.01,CHMG,COMMON STOCK,164024101,US1640241014,2190921,18720.0,1422907.2,0.004855560708279505,0,,FINANCIALS,UNITED STATES,AVUV,2026-07-16,,,,,,,,,,,,,,,,,,,,,,
DMC GLOBAL INC COMMON STOCK,BOOM,COMMON STOCK,23291C103,US23291C1036,BYN8NH6,222971.0,1409176.72,0.004808706507813151,0,,ENERGY,UNITED STATES,AVUV,2026-07-16,,,,,,,,,,,,,,,,,,,,,,
DOUGLAS ELLIMAN INC COMMON STOCK,DOUG,COMMON STOCK,25961D105,US25961D1054,BNZHLY7,726608.0,1402353.44,0.004785422592832898,0,,REAL ESTATE,UNITED STATES,AVUV,2026-07-16,,,,,,,,,,,,,,,,,,,,,,
FIRST BANCORP INC/ME COMMON STOCK USD.01,FNLC,COMMON STOCK,31866P102,US31866P1021,2353047,40666.0,1384270.64,0.0047237164371709715,0,,FINANCIALS,UNITED STATES,AVUV,2026-07-16,,,,,,,,,,,,,,,,,,,,,,
BCB BANCORP INC COMMON STOCK,BCBP,COMMON STOCK,055298103,US0552981039,2848253,132489.0,1369936.26,0.00467480147468744,0,,FINANCIALS,UNITED STATES,AVUV,2026-07-16,,,,,,,,,,,,,,,,,,,,,,
TECHTARGET INC COMMON STOCK USD.001,TTGT,COMMON STOCK,87874R308,US87874R3084,BPG4DP6,360814.0,1360268.78,0.0046418119473056975,0,,COMMUNICATION SERVICES,UNITED STATES,AVUV,2026-07-16,,,,,,,,,,,,,,,,,,,,,,
NATIONAL ENERGY SERVICES REU COMMON STOCK,NESR,COMMON STOCK,G6375R107,VGG6375R1073,BYZLFM2,46099.0,1331800.11,0.004544664813979663,0,,ENERGY,UNITED STATES,AVUV,2026-07-16,,,,,,,,,,,,,,,,,,,,,,
PRIMIS FINANCIAL CORP COMMON STOCK USD.01,FRST,COMMON STOCK,74167B109,US74167B1098,BMTRDW8,84151.0,1328744.29,0.004534237064704394,0,,FINANCIALS,UNITED STATES,AVUV,2026-07-16,,,,,,,,,,,,,,,,,,,,,,
PERMA PIPE INTERNATIONAL HOL COMMON STOCK USD.01,PPIH,COMMON STOCK,714167103,US7141671039,BDD0V60,52039.0,1323872.16,0.004517611298109334,0,,INDUSTRIALS,UNITED STATES,AVUV,2026-07-16,,,,,,,,,,,,,,,,,,,,,,
MONTAUK RENEWABLES INC COMMON STOCK USD.01,MNTK,COMMON STOCK,61218C103,US61218C1036,BN6HHQ0,774101.0,1315971.7,0.004490651589736691,0,,UTILITIES,UNITED STATES,AVUV,2026-07-16,,,,,,,,,,,,,,,,,,,,,,
BANCFIRST CORP COMMON STOCK USD1.0,BANF,COMMON STOCK,05945F103,US05945F1030,2078782,11199.0,1313978.67,0.004483850529092383,0,,FINANCIALS,UNITED STATES,AVUV,2026-07-16,,,,,,,,,,,,,,,,,,,,,,
DOUGLAS DYNAMICS INC COMMON STOCK USD.01,PLOW,COMMON STOCK,25960R105,US25960R1059,B3N5WD9,29604.0,1309384.92,0.004468174712704877,0,,INDUSTRIALS,UNITED STATES,AVUV,2026-07-16,,,,,,,,,,,,,,,,,,,,,,
LEGACY HOUSING CORP COMMON STOCK USD.001,LEGH,COMMON STOCK,52472M101,US52472M1018,BG5HXX1,48220.0,1274936.8,0.004350623168973777,0,,CONSUMER DISCRETIONARY,UNITED STATES,AVUV,2026-07-16,,,,,,,,,,,,,,,,,,,,,,
INSTEEL INDUSTRIES INC COMMON STOCK,IIIN,COMMON STOCK,45774W108,US45774W1080,2325875,42678.0,1264975.92,0.0043166324367968035,0,,INDUSTRIALS,UNITED STATES,AVUV,2026-07-16,,,,,,,,,,,,,,,,,,,,,,
ADVANTAGE SOLUTIONS INC COMMON STOCK USD.0001,ADV,COMMON STOCK,00791N201,US00791N2018,BTZS1P3,33333.0,1251987.48,0.004272310390407661,0,,COMMUNICATION SERVICES,UNITED STATES,AVUV,2026-07-16,,,,,,,,,,,,,,,,,,,,,,
FIRST INTERNET BANCORP COMMON STOCK,INBK,COMMON STOCK,320557101,US3205571017,B0406N0,45997.0,1238699.21,0.0042269651973458715,0,,FINANCIALS,UNITED STATES,AVUV,2026-07-16,,,,,,,,,,,,,,,,,,,,,,
FRANKLIN COVEY CO COMMON STOCK USD.05,FC,COMMON STOCK,353469109,US3534691098,2352839,61114.0,1232669.38,0.0042063888690894655,0,,INDUSTRIALS,UNITED STATES,AVUV,2026-07-16,,,,,,,,,,,,,,,,,,,,,,
ANIKA THERAPEUTICS INC COMMON STOCK USD.01,ANIK,COMMON STOCK,035255108,US0352551081,2035754,74009.0,1178963.37,0.0040231212660058165,0,,HEALTH CARE,UNITED STATES,AVUV,2026-07-16,,,,,,,,,,,,,,,,,,,,,,
VAREX IMAGING CORP COMMON STOCK USD.01,VREX,COMMON STOCK,92214X106,US92214X1063,BDQYWV1,108620.0,1172009.8,0.0039993927464830594,0,,HEALTH CARE,UNITED STATES,AVUV,2026-07-16,,,,,,,,,,,,,,,,,,,,,,
EPSILON ENERGY LTD COMMON STOCK,EPSN,COMMON STOCK,294375209,CA2943752097,BGPYWG8,212654.0,1167470.46,0.003983902600010035,0,,ENERGY,UNITED STATES,AVUV,2026-07-16,,,,,,,,,,,,,,,,,,,,,,
TRUPANION INC COMMON STOCK USD.00001,TRUP,COMMON STOCK,898202106,US8982021060,BP3YM85,45735.0,1164870.45,0.003975030267086894,0,,FINANCIALS,UNITED STATES,AVUV,2026-07-16,,,,,,,,,,,,,,,,,,,,,,
BASSETT FURNITURE INDS COMMON STOCK USD5.0,BSET,COMMON STOCK,070203104,US0702031040,2083526,53658.0,1163842.02,0.003971520829296984,0,,CONSUMER DISCRETIONARY,UNITED STATES,AVUV,2026-07-16,,,,,,,,,,,,,,,,,,,,,,
JAMES RIVER GROUP HOLDINGS I COMMON STOCK USD.0002,JRVR,COMMON STOCK,46990A102,US46990A1025,BV96YL4,263947.0,1161366.8,0.003963074332591965,0,,FINANCIALS,UNITED STATES,AVUV,2026-07-16,,,,,,,,,,,,,,,,,,,,,,
AVANOS MEDICAL INC COMMON STOCK USD.01,AVNS,COMMON STOCK,05350V106,US05350V1061,BFFVV54,46377.0,1158033.69,0.003951700352649791,0,,HEALTH CARE,UNITED STATES,AVUV,2026-07-16,,,,,,,,,,,,,,,,,,,,,,
MIMEDX GROUP INC COMMON STOCK USD.001,MDXG,COMMON STOCK,602496101,US6024961012,B1Z3TW5,270715.0,1155953.05,0.0039446003296601875,0,,HEALTH CARE,UNITED STATES,AVUV,2026-07-16,,,,,,,,,,,,,,,,,,,,,,
CARECLOUD INC COMMON STOCK USD.001,CCLD,COMMON STOCK,14167R100,US14167R1005,BKP32B8,473357.0,1110022.17,0.003787864756022847,0,,HEALTH CARE,UNITED STATES,AVUV,2026-07-16,,,,,,,,,,,,,,,,,,,,,,
AMERISAFE INC COMMON STOCK USD.01,AMSF,COMMON STOCK,03071H100,US03071H1005,B0PPHS6,33253.0,1089700.81,0.0037185196875919595,0,,FINANCIALS,UNITED STATES,AVUV,2026-07-16,,,,,,,,,,,,,,,,,,,,,,
TAYLOR DEVICES INC COMMON STOCK USD.025,TAYD,COMMON STOCK,877163105,US8771631053,2877127,19457.0,1086673.45,0.0037081890558643125,0,,INDUSTRIALS,UNITED STATES,AVUV,2026-07-16,,,,,,,,,,,,,,,,,,,,,,
ARKO PETROLEUM CORP COMMON STOCK,APC,COMMON STOCK,04124A100,US04124A1007,BNNM865,51114.0,1005412.38,0.003430891942879889,0,,CONSUMER DISCRETIONARY,UNITED STATES,AVUV,2026-07-16,,,,,,,,,,,,,,,,,,,,,,
KRONOS WORLDWIDE INC COMMON STOCK USD.01,KRO,COMMON STOCK,50105F105,US50105F1057,2166397,146818.0,985148.78,0.003361743975979242,0,,MATERIALS,UNITED STATES,AVUV,2026-07-16,,,,,,,,,,,,,,,,,,,,,,
UNIVERSAL ELECTRONICS INC COMMON STOCK USD.01,UEIC,COMMON STOCK,913483103,US9134831034,2911683,210159.0,981442.53,0.0033490966846625196,0,,CONSUMER DISCRETIONARY,UNITED STATES,AVUV,2026-07-16,,,,,,,,,,,,,,,,,,,,,,
KYNDRYL HOLDINGS INC COMMON STOCK USD.01,KD,COMMON STOCK,50155Q100,US50155Q1004,BP6JW21,81870.0,959516.4,0.003274275462791811,0,,INFORMATION TECHNOLOGY,UNITED STATES,AVUV,2026-07-16,,,,,,,,,,,,,,,,,,,,,,
DLOCAL LTD COMMON STOCK USD.002,DLO,COMMON STOCK,G29018101,KYG290181018,BKVF490,63622.0,947967.8,0.003234866758980602,0,,FINANCIALS,UNITED STATES,AVUV,2026-07-16,,,,,,,,,,,,,,,,,,,,,,
MVB FINANCIAL CORP COMMON STOCK USD1.0,MVBF,COMMON STOCK,553810102,US5538101024,B00BYZ5,30950.0,901728.25,0.0030770778728547005,0,,FINANCIALS,UNITED STATES,AVUV,2026-07-16,,,,,,,,,,,,,,,,,,,,,,
CENTRAL BANCOMPANY COMMON STOCK,CBC,COMMON STOCK,152413100,US1524131000,B3KKGR9,28504.0,893315.36,0.00304836953676147,0,,FINANCIALS,UNITED STATES,AVUV,2026-07-16,,,,,,,,,,,,,,,,,,,,,,
LIFEVANTAGE CORP COMMON STOCK USD.0001,LFVN,COMMON STOCK,53222K205,US53222K2050,BYYMYP2,140636.0,871943.2,0.0029754386946467745,0,,CONSUMER STAPLES,UNITED STATES,AVUV,2026-07-16,,,,,,,,,,,,,,,,,,,,,,
AMERICAN OUTDOOR BRANDS INC COMMON STOCK,AOUT,COMMON STOCK,02875D109,US02875D1090,BMDMZV2,58677.0,850229.73,0.0029013431585693653,0,,CONSUMER DISCRETIONARY,UNITED STATES,AVUV,2026-07-16,,,,,,,,,,,,,,,,,,,,,,
INNOVATIVE SOLUTIONS + SUPP COMMON STOCK USD.001,ISSC,COMMON STOCK,45769N105,US45769N1054,2616397,45161.0,827801.13,0.0028248072967073145,0,,INDUSTRIALS,UNITED STATES,AVUV,2026-07-16,,,,,,,,,,,,,,,,,,,,,,
PANGAEA LOGISTICS SOLUTIONS COMMON STOCK USD.0001,PANL,COMMON STOCK,G6891L105,BMG6891L1054,BRGCNJ8,112284.0,818550.36,0.0027932397599534555,0,,INDUSTRIALS,UNITED STATES,AVUV,2026-07-16,,,,,,,,,,,,,,,,,,,,,,
CASS INFORMATION SYSTEMS INC COMMON STOCK USD.5,CASS,COMMON STOCK,14808P109,US14808P1093,2086558,15657.0,816042.84,0.002784683041997973,0,,FINANCIALS,UNITED STATES,AVUV,2026-07-16,,,,,,,,,,,,,,,,,,,,,,
HAWTHORN BANCSHARES INC COMMON STOCK USD1.0,HWBK,COMMON STOCK,420476103,US4204761039,2604217,19986.0,779254.14,0.002659144450142733,0,,FINANCIALS,UNITED STATES,AVUV,2026-07-16,,,,,,,,,,,,,,,,,,,,,,
RAMACO RESOURCES INC B COMMON STOCK,METCB,COMMON STOCK,75134P501,US75134P5017,BRXYZ79,98526.0,764560.19,0.002609002482859537,0,,MATERIALS,UNITED STATES,AVUV,2026-07-16,,,,,,,,,,,,,,,,,,,,,,
ESCALADE INC COMMON STOCK,ESCA,COMMON STOCK,296056104,US2960561049,2321561,39811.0,755612.78,0.002578470138630155,0,,CONSUMER DISCRETIONARY,UNITED STATES,AVUV,2026-07-16,,,,,,,,,,,,,,,,,,,,,,
FUTUREFUEL CORP COMMON STOCK USD.0001,FF,COMMON STOCK,36116M106,US36116M1062,B3BBRD4,162284.0,752997.76,0.0025695465852435635,0,,ENERGY,UNITED STATES,AVUV,2026-07-16,,,,,,,,,,,,,,,,,,,,,,
AMERICAN VANGUARD CORP COMMON STOCK USD.1,AVD,COMMON STOCK,030371108,US0303711081,2025711,280356.0,751354.08,0.002563937654439794,0,,MATERIALS,UNITED STATES,AVUV,2026-07-16,,,,,,,,,,,,,,,,,,,,,,
1 800 FLOWERS.COM INC CL A COMMON STOCK USD.01,FLWS,COMMON STOCK,68243Q106,US68243Q1067,2444123,190545.0,746936.4,0.0025488626633021066,0,,CONSUMER DISCRETIONARY,UNITED STATES,AVUV,2026-07-16,,,,,,,,,,,,,,,,,,,,,,
PREFORMED LINE PRODUCTS CO COMMON STOCK USD2.0,PLPC,COMMON STOCK,740444104,US7404441047,2798466,1973.0,681967.45,0.00232716114905144,0,,INDUSTRIALS,UNITED STATES,AVUV,2026-07-16,,,,,,,,,,,,,,,,,,,,,,
ASTRONOVA INC COMMON STOCK USD.05,ALOT,COMMON STOCK,04638F108,US04638F1084,2060358,22129.0,632668.11,0.0021589309663324883,0,,INFORMATION TECHNOLOGY,UNITED STATES,AVUV,2026-07-16,,,,,,,,,,,,,,,,,,,,,,
CONSUMER PORTFOLIO SERVICES COMMON STOCK,CPSS,COMMON STOCK,210502100,US2105021008,2223872,62332.0,600257.16,0.0020483311075799207,0,,FINANCIALS,UNITED STATES,AVUV,2026-07-16,,,,,,,,,,,,,,,,,,,,,,
COMMUNITY BANCORP INC/VT COMMON STOCK USD2.5,CMTV,COMMON STOCK,20343A101,US20343A1016,2502098,14877.0,589575.51,0.002011880803554757,0,,FINANCIALS,UNITED STATES,AVUV,2026-07-16,,,,,,,,,,,,,,,,,,,,,,
NORWOOD FINANCIAL CORP COMMON STOCK USD.1,NWFL,COMMON STOCK,669549107,US6695491075,2549233,18935.0,587742.4,0.002005625457535035,0,,FINANCIALS,UNITED STATES,AVUV,2026-07-16,,,,,,,,,,,,,,,,,,,,,,
KEROS THERAPEUTICS INC COMMON STOCK USD.0001,KROS,COMMON STOCK,492327101,US4923271013,BM7V485,51479.0,567813.37,0.0019376191848686775,0,,HEALTH CARE,UNITED STATES,AVUV,2026-07-16,,,,,,,,,,,,,,,,,,,,,,
AVIAT NETWORKS INC COMMON STOCK USD.01,AVNW,COMMON STOCK,05366Y201,US05366Y2019,BZ9NWS6,26967.0,564958.65,0.001927877673781279,0,,INFORMATION TECHNOLOGY,UNITED STATES,AVUV,2026-07-16,,,,,,,,,,,,,,,,,,,,,,
EAGLE FINANCIAL SERVICES INC COMMON STOCK USD2.5,EFSI,COMMON STOCK,26951R104,US26951R1041,2600301,13312.0,557772.8,0.0019033565167335174,0,,FINANCIALS,UNITED STATES,AVUV,2026-07-16,,,,,,,,,,,,,,,,,,,,,,
GREENE COUNTY BANCORP INC COMMON STOCK USD.1,GCBC,COMMON STOCK,394357107,US3943571071,2647751,17005.0,555723.4,0.0018963630978264037,0,,FINANCIALS,UNITED STATES,AVUV,2026-07-16,,,,,,,,,,,,,,,,,,,,,,
RESERVOIR MEDIA INC COMMON STOCK USD.0001,RSVR,COMMON STOCK,76119X105,US76119X1054,BP0B9H7,50561.0,517744.64,0.001766763518313996,0,,COMMUNICATION SERVICES,UNITED STATES,AVUV,2026-07-16,,,,,,,,,,,,,,,,,,,,,,
CRAWFORD + CO   CL B COMMON STOCK USD1.0,CRD.B,COMMON STOCK,224633107,US2246331076,2232072,49574.0,500201.66,0.0017068994566280806,0,,FINANCIALS,UNITED STATES,AVUV,2026-07-16,,,,,,,,,,,,,,,,,,,,,,
AMERICAN RESOURCES CORP COMMON STOCK USD.0001,AREC,COMMON STOCK,02927U208,US02927U2087,BF2WFR0,273445.0,497669.9,0.0016982600215484118,0,,ENERGY,UNITED STATES,AVUV,2026-07-16,,,,,,,,,,,,,,,,,,,,,,
RING ENERGY INC COMMON STOCK,REI,COMMON STOCK,76680V108,US76680V1089,B1TGYD6,406930.0,496454.6,0.001694112904344442,0,,ENERGY,UNITED STATES,AVUV,2026-07-16,,,,,,,,,,,,,,,,,,,,,,
RIVERVIEW BANCORP INC COMMON STOCK USD.01,RVSB,COMMON STOCK,769397100,US7693971001,2117920,91764.0,489102.12,0.0016690231353163488,0,,FINANCIALS,UNITED STATES,AVUV,2026-07-16,,,,,,,,,,,,,,,,,,,,,,
VIRGINIA NATIONAL BANKSHARES COMMON STOCK USD2.5,VABK,COMMON STOCK,928031103,US9280311039,BHBFXS1,10619.0,485075.92,0.0016552840393839682,0,,FINANCIALS,UNITED STATES,AVUV,2026-07-16,,,,,,,,,,,,,,,,,,,,,,
ISABELLA BANK CORP COMMON STOCK,ISBA,COMMON STOCK,464214105,US4642141059,2521941,12310.0,480951.7,0.001641210457786869,0,,FINANCIALS,UNITED STATES,AVUV,2026-07-16,,,,,,,,,,,,,,,,,,,,,,
CB FINANCIAL SERVICES INC COMMON STOCK,CBFV,COMMON STOCK,12479G101,US12479G1013,B032TT4,12914.0,477559.72,0.0016296355885253525,0,,FINANCIALS,UNITED STATES,AVUV,2026-07-16,,,,,,,,,,,,,,,,,,,,,,
DRILLING TOOLS INTERNATIONAL COMMON STOCK USD.0001,DTI,COMMON STOCK,26205E107,US26205E1073,BQLSC31,180670.0,411927.6,0.0014056710579691187,0,,ENERGY,UNITED STATES,AVUV,2026-07-16,,,,,,,,,,,,,,,,,,,,,,
CVB FINANCIAL CORP COMMON STOCK,CVBF,COMMON STOCK,126600105,US1266001056,2160645,17073.0,387727.83,0.0013230912155441166,0,,FINANCIALS,UNITED STATES,AVUV,2026-07-16,,,,,,,,,,,,,,,,,,,,,,
TRAEGER INC COMMON STOCK,COOK,COMMON STOCK,89269P202,US89269P2020,BWTYM33,5591.0,383263.05,0.0013078554993012637,0,,CONSUMER DISCRETIONARY,UNITED STATES,AVUV,2026-07-16,,,,,,,,,,,,,,,,,,,,,,
WEYCO GROUP INC COMMON STOCK USD1.0,WEYS,COMMON STOCK,962149100,US9621491003,2947774,9595.0,377659.2,0.0012887327948303802,0,,CONSUMER DISCRETIONARY,UNITED STATES,AVUV,2026-07-16,,,,,,,,,,,,,,,,,,,,,,
AZENTA INC COMMON STOCK USD.01,AZTA,COMMON STOCK,114340102,US1143401024,2145460,13559.0,362160.89,0.0012358460112926097,0,,HEALTH CARE,UNITED STATES,AVUV,2026-07-16,,,,,,,,,,,,,,,,,,,,,,
TILLY S INC CLASS A SHRS COMMON STOCK USD.001,TLYS,COMMON STOCK,886885102,US8868851028,B7TN3D2,83358.0,345935.7,0.001180478806004472,0,,CONSUMER DISCRETIONARY,UNITED STATES,AVUV,2026-07-16,,,,,,,,,,,,,,,,,,,,,,
ROOT INC/OH  CLASS A COMMON STOCK USD.0001,ROOT,COMMON STOCK,77664L207,US77664L2079,BNV0HC0,6018.0,335142.42,0.0011436475732427996,0,,FINANCIALS,UNITED STATES,AVUV,2026-07-16,,,,,,,,,,,,,,,,,,,,,,
WIDEPOINT CORP COMMON STOCK USD.001,WYY,COMMON STOCK,967590209,US9675902095,BLNBRP0,26885.0,330416.65,0.0011275212488216669,0,,INFORMATION TECHNOLOGY,UNITED STATES,AVUV,2026-07-16,,,,,,,,,,,,,,,,,,,,,,
AVIDBANK HOLDINGS INC COMMON STOCK,AVBH,COMMON STOCK,05368J103,US05368J1034,B3XR1X8,9862.0,317161.92,0.001082290508414384,0,,FINANCIALS,UNITED STATES,AVUV,2026-07-16,,,,,,,,,,,,,,,,,,,,,,
LATHAM GROUP INC COMMON STOCK USD.0001,SWIM,COMMON STOCK,51819L107,US51819L1070,BNC0LQ1,52646.0,309558.48,0.0010563443578068385,0,,CONSUMER DISCRETIONARY,UNITED STATES,AVUV,2026-07-16,,,,,,,,,,,,,,,,,,,,,,
HUB GROUP INC CL A COMMON STOCK USD.01,HUBG,COMMON STOCK,443320106,US4433201062,2407632,6358.0,303912.4,0.0010370775467289251,0,,INDUSTRIALS,UNITED STATES,AVUV,2026-07-16,,,,,,,,,,,,,,,,,,,,,,
FULL HOUSE RESORTS INC COMMON STOCK USD.0001,FLL,COMMON STOCK,359678109,US3596781092,2357566,117075.0,296199.75,0.0010107587254475992,0,,CONSUMER DISCRETIONARY,UNITED STATES,AVUV,2026-07-16,,,,,,,,,,,,,,,,,,,,,,
FIRST NORTHERN COMMUNITY BAN COMMON STOCK,FNRN,COMMON STOCK,335925103,US3359251036,B018Y55,16100.0,294630.0,0.0010054020750477545,0,,FINANCIALS,UNITED STATES,AVUV,2026-07-16,,,,,,,,,,,,,,,,,,,,,,
ENVELA CORP COMMON STOCK USD.01,ELA,COMMON STOCK,29402E102,US29402E1029,BK8WN64,12134.0,262579.76,0.0008960331112566318,0,,CONSUMER DISCRETIONARY,UNITED STATES,AVUV,2026-07-16,,,,,,,,,,,,,,,,,,,,,,
FARMERS NATL BANC CORP COMMON STOCK,FMNB,COMMON STOCK,309627107,US3096271073,B019BK2,17770.0,257309.6,0.0008780490980881368,0,,FINANCIALS,UNITED STATES,AVUV,2026-07-16,,,,,,,,,,,,,,,,,,,,,,
RADIANT LOGISTICS INC COMMON STOCK USD.001,RLGT,COMMON STOCK,75025X100,US75025X1000,B065G33,27031.0,252199.23,0.0008606103559292874,0,,INDUSTRIALS,UNITED STATES,AVUV,2026-07-16,,,,,,,,,,,,,,,,,,,,,,
WINNEBAGO INDUSTRIES COMMON STOCK USD.5,WGO,COMMON STOCK,974637100,US9746371007,2972721,8065.0,245982.5,0.000839396245886143,0,,CONSUMER DISCRETIONARY,UNITED STATES,AVUV,2026-07-16,,,,,,,,,,,,,,,,,,,,,,
FOX FACTORY HOLDING CORP COMMON STOCK USD.001,FOXF,COMMON STOCK,35138V102,US35138V1026,BCRY5K3,13594.0,244963.88,0.0008359202839620852,0,,CONSUMER DISCRETIONARY,UNITED STATES,AVUV,2026-07-16,,,,,,,,,,,,,,,,,,,,,,
PEDEVCO CORP COMMON STOCK USD.001,PED,COMMON STOCK,70532Y402,US70532Y4026,BSHX2B2,19039.0,232466.19,0.0007932728839712372,0,,ENERGY,UNITED STATES,AVUV,2026-07-16,,,,,,,,,,,,,,,,,,,,,,
AMTECH SYSTEMS INC COMMON STOCK USD.01,ASYS,COMMON STOCK,032332504,US0323325045,2400619,11848.0,216344.48,0.000738258796175296,0,,INFORMATION TECHNOLOGY,UNITED STATES,AVUV,2026-07-16,,,,,,,,,,,,,,,,,,,,,,
HANOVER BANCORP INC COMMON STOCK,HNVR,COMMON STOCK,410709109,US4107091096,BQB4DZ8,8199.0,203827.14,0.0006955443420800638,0,,FINANCIALS,UNITED STATES,AVUV,2026-07-16,,,,,,,,,,,,,,,,,,,,,,
NICOLET BANKSHARES INC COMMON STOCK USD.01,NIC,COMMON STOCK,65406E102,US65406E1029,2012865,1219.0,201781.07,0.0006885622865402581,0,,FINANCIALS,UNITED STATES,AVUV,2026-07-16,,,,,,,,,,,,,,,,,,,,,,
OMEGA FLEX INC COMMON STOCK USD.01,OFLX,COMMON STOCK,682095104,US6820951043,B0FPH75,6029.0,180146.52,0.0006147360588556216,0,,INDUSTRIALS,UNITED STATES,AVUV,2026-07-16,,,,,,,,,,,,,,,,,,,,,,
DULUTH HOLDINGS INC   CL B COMMON STOCK,DLTH,COMMON STOCK,26443V101,US26443V1017,BYP97Q4,41918.0,176893.96,0.0006036369495550843,0,,CONSUMER DISCRETIONARY,UNITED STATES,AVUV,2026-07-16,,,,,,,,,,,,,,,,,,,,,,
ONE GROUP HOSPITALITY INC/TH COMMON STOCK USD.0001,STKS,COMMON STOCK,88338K103,US88338K1034,BNKH4B0,86036.0,172932.36,0.0005901182961236307,0,,CONSUMER DISCRETIONARY,UNITED STATES,AVUV,2026-07-16,,,,,,,,,,,,,,,,,,,,,,
FINWARD BANCORP COMMON STOCK,FNWD,COMMON STOCK,31812F109,US31812F1093,BN0TRH3,4543.0,164320.31,0.0005607303419424034,0,,FINANCIALS,UNITED STATES,AVUV,2026-07-16,,,,,,,,,,,,,,,,,,,,,,
LAKELAND INDUSTRIES INC COMMON STOCK USD.01,LAKE,COMMON STOCK,511795106,US5117951062,2500951,14054.0,157264.26,0.0005366521173500648,0,,CONSUMER DISCRETIONARY,UNITED STATES,AVUV,2026-07-16,,,,,,,,,,,,,,,,,,,,,,
RICHARDSON ELEC LTD COMMON STOCK USD.05,RELL,COMMON STOCK,763165107,US7631651079,2736109,8900.0,152546.0,0.0005205514202227702,0,,INFORMATION TECHNOLOGY,UNITED STATES,AVUV,2026-07-16,,,,,,,,,,,,,,,,,,,,,,
UNIFI INC COMMON STOCK USD.1,UFI,COMMON STOCK,904677200,US9046772003,2911865,23563.0,147740.01,0.0005041513512594645,0,,CONSUMER DISCRETIONARY,UNITED STATES,AVUV,2026-07-16,,,,,,,,,,,,,,,,,,,,,,
FUNKO INC CLASS A COMMON STOCK USD.0001,FNKO,COMMON STOCK,361008105,US3610081057,BF329J9,25650.0,144922.5,0.0004945368164175685,0,,CONSUMER DISCRETIONARY,UNITED STATES,AVUV,2026-07-16,,,,,,,,,,,,,,,,,,,,,,
HOOKER FURNISHINGS CORP COMMON STOCK,HOFT,COMMON STOCK,439038100,US4390381006,2748911,8070.0,120000.9,0.00040949378497640455,0,,CONSUMER DISCRETIONARY,UNITED STATES,AVUV,2026-07-16,,,,,,,,,,,,,,,,,,,,,,
SERES THERAPEUTICS INC COMMON STOCK USD.001,MCRB,COMMON STOCK,81750R201,US81750R2013,BPJMTC6,21837.0,119011.65,0.00040611804590454835,0,,HEALTH CARE,UNITED STATES,AVUV,2026-07-16,,,,,,,,,,,,,,,,,,,,,,
FIRST WESTERN FINANCIAL INC COMMON STOCK,MYFW,COMMON STOCK,33751L105,US33751L1052,BDD1B52,3274.0,108925.98,0.00037170147750945325,0,,FINANCIALS,UNITED STATES,AVUV,2026-07-16,,,,,,,,,,,,,,,,,,,,,,
PAYSIGN INC COMMON STOCK,PAYS,COMMON STOCK,70451A104,US70451A1043,BJRFDF6,12819.0,108833.31,0.0003713852483057243,0,,FINANCIALS,UNITED STATES,AVUV,2026-07-16,,,,,,,,,,,,,,,,,,,,,,
EASTERN CO/THE COMMON STOCK,EML,COMMON STOCK,276317104,US2763171046,2300087,4067.0,106067.36,0.00036194665797385604,0,,INDUSTRIALS,UNITED STATES,AVUV,2026-07-16,,,,,,,,,,,,,,,,,,,,,,
AMREP CORP COMMON STOCK USD.1,AXR,COMMON STOCK,032159105,US0321591051,2031804,4124.0,105038.28,0.00035843500210924566,0,,REAL ESTATE,UNITED STATES,AVUV,2026-07-16,,,,,,,,,,,,,,,,,,,,,,
VALHI INC COMMON STOCK USD.01,VHI,COMMON STOCK,918905209,US9189052098,BMG4NS8,7411.0,102864.68,0.0003510177603133532,0,,MATERIALS,UNITED STATES,AVUV,2026-07-16,,,,,,,,,,,,,,,,,,,,,,
NCS MULTISTAGE HOLDINGS INC COMMON STOCK USD.01,NCSM,COMMON STOCK,628877201,US6288772014,BLGZCF4,1868.0,82901.84,0.00028289611363838357,0,,ENERGY,UNITED STATES,AVUV,2026-07-16,,,,,,,,,,,,,,,,,,,,,,
HF FOODS GROUP INC COMMON STOCK USD.0001,HFFG,COMMON STOCK,40417F109,US40417F1093,BYZLWZ4,38022.0,64257.18,0.0002192726542060112,0,,CONSUMER STAPLES,UNITED STATES,AVUV,2026-07-16,,,,,,,,,,,,,,,,,,,,,,
PRO DEX INC COMMON STOCK,PDEX,COMMON STOCK,74265M205,US74265M2052,2704292,1065.0,60215.1,0.00020547936900250501,0,,HEALTH CARE,UNITED STATES,AVUV,2026-07-16,,,,,,,,,,,,,,,,,,,,,,
WESTERN NEW ENGLAND BANCORP COMMON STOCK USD.01,WNEB,COMMON STOCK,958892101,US9588921018,BZCNLM0,3560.0,51904.8,0.00017712111334534396,0,,FINANCIALS,UNITED STATES,AVUV,2026-07-16,,,,,,,,,,,,,,,,,,,,,,
JOINT CORP/THE COMMON STOCK USD.001,JYNT,COMMON STOCK,47973J102,US47973J1025,BRK0127,4120.0,36791.6,0.0001255484878808233,0,,HEALTH CARE,UNITED STATES,AVUV,2026-07-16,,,,,,,,,,,,,,,,,,,,,,
TILE SHOP HLDGS INC COMMON STOCK USD.0001,TTSH,COMMON STOCK,88677Q208,US88677Q2084,BVFDHJ8,12852.0,36628.2,0.00012499089802553767,0,,CONSUMER DISCRETIONARY,UNITED STATES,AVUV,2026-07-16,,,,,,,,,,,,,,,,,,,,,,
FIDELITY D+D BANCORP INC COMMON STOCK,FDBC,COMMON STOCK,31609R100,US31609R1005,2610913,711.0,36310.77,0.00012390769271486865,0,,FINANCIALS,UNITED STATES,AVUV,2026-07-16,,,,,,,,,,,,,,,,,,,,,,
GEN DIGITAL INC RIGHT,GENVR,RIGHTS,668771116,US6687711167,BN12P88,21590.0,30441.9,0.00010388062800256674,0,,INFORMATION TECHNOLOGY,UNITED STATES,AVUV,2026-07-16,,,,,,,,,,,,,,,,,,,,,,
VINCE HOLDING CORP COMMON STOCK USD.001,VNCE,COMMON STOCK,92719W207,US92719W2070,BF7JLM3,4887.0,30103.92,0.00010272729740716017,0,,CONSUMER DISCRETIONARY,UNITED STATES,AVUV,2026-07-16,,,,,,,,,,,,,,,,,,,,,,
RCM TECHNOLOGIES INC COMMON STOCK USD.05,RCMT,COMMON STOCK,749360400,US7493604000,2718969,766.0,20980.74,7.159515165474469e-05,0,,INDUSTRIALS,UNITED STATES,AVUV,2026-07-16,,,,,,,,,,,,,,,,,,,,,,
TEAM INC COMMON STOCK USD.3,TISI,COMMON STOCK,878155308,US8781553081,BQZBQP6,1115.0,18653.95,6.36551608384654e-05,0,,INDUSTRIALS,UNITED STATES,AVUV,2026-07-16,,,,,,,,,,,,,,,,,,,,,,
SIEBERT FINANCIAL CORP COMMON STOCK USD.01,SIEB,COMMON STOCK,826176109,US8261761097,2799384,10147.0,17046.96,5.817143182043943e-05,0,,FINANCIALS,UNITED STATES,AVUV,2026-07-16,,,,,,,,,,,,,,,,,,,,,,
XBIOTECH INC COMMON STOCK,XBIT,COMMON STOCK,98400H102,CA98400H1029,BWD1LM2,4871.0,11154.59,3.8064175176685786e-05,0,,HEALTH CARE,UNITED STATES,AVUV,2026-07-16,,,,,,,,,,,,,,,,,,,,,,
ATEGRITY SPECIALTY HOLDINGS COMMON STOCK,ASIC,COMMON STOCK,04681Y103,US04681Y1038,BRQQ033,463.0,10422.13,3.556471210812699e-05,0,,FINANCIALS,UNITED STATES,AVUV,2026-07-16,,,,,,,,,,,,,,,,,,,,,,
INFINITY NATURAL RESOUR CL A COMMON STOCK USD.01,INR,COMMON STOCK,456941103,US4569411030,BS893G1,577.0,7420.22,2.5320926536031124e-05,0,,ENERGY,UNITED STATES,AVUV,2026-07-16,,,,,,,,,,,,,,,,,,,,,,
CINEVERSE CORP COMMON STOCK USD.001,CNVS,COMMON STOCK,172406308,US1724063086,BQKRDP8,2197.0,5712.2,1.9492440461215026e-05,0,,COMMUNICATION SERVICES,UNITED STATES,AVUV,2026-07-16,,,,,,,,,,,,,,,,,,,,,,
BLACK DIAMOND THERAPEUTICS I COMMON STOCK,BDTX,COMMON STOCK,09203E105,US09203E1055,BKTV702,3066.0,5549.46,1.8937102804855285e-05,0,,HEALTH CARE,UNITED STATES,AVUV,2026-07-16,,,,,,,,,,,,,,,,,,,,,,
UNITED STATES LIME + MINERAL COMMON STOCK USD.1,USLM,COMMON STOCK,911922102,US9119221029,2724115,52.0,5448.56,1.8592789363005106e-05,0,,MATERIALS,UNITED STATES,AVUV,2026-07-16,,,,,,,,,,,,,,,,,,,,,,
PAMT CORP COMMON STOCK USD.01,PAMT,COMMON STOCK,693149106,US6931491061,2669090,247.0,3564.21,1.2162590808491861e-05,0,,INDUSTRIALS,UNITED STATES,AVUV,2026-07-16,,,,,,,,,,,,,,,,,,,,,,
CANTERBURY PARK HOLDING CORP COMMON STOCK USD.01,CPHC,COMMON STOCK,13811E101,US13811E1010,2586865,118.0,1888.0,6.442653897057871e-06,0,,CONSUMER DISCRETIONARY,UNITED STATES,AVUV,2026-07-16,,,,,,,,,,,,,,,,,,,,,,
FIGS INC CLASS A COMMON STOCK USD.0001,FIGS,COMMON STOCK,30260D103,US30260D1037,BMXXBD9,172.0,1709.68,5.8341506963569395e-06,0,,CONSUMER DISCRETIONARY,UNITED STATES,AVUV,2026-07-16,,,,,,,,,,,,,,,,,,,,,,
PETMED EXPRESS INC COMMON STOCK USD.001,PETS,COMMON STOCK,716382106,US7163821066,2143099,605.0,1210.0,4.1290313641101825e-06,0,,CONSUMER DISCRETIONARY,UNITED STATES,AVUV,2026-07-16,,,,,,,,,,,,,,,,,,,,,,
CONTRA CARGO THERAPEUT COMMON STOCK,OTHER,RIGHTS,141CVR019,US141CVR0196,,54092.0,540.92,1.8458476408879997e-06,0,,HEALTH CARE,UNITED STATES,AVUV,2026-07-16,,,,,,,,,,,,,,,,,,,,,,
OMNIAB INC   12.5 EARNOUT COMMON STOCK,2200963D,COMMON STOCK,68218J202,US68218J2024,BP0VHM8,21075.0,236.04,8.054682340368326e-07,0,,HEALTH CARE,UNITED STATES,AVUV,2026-07-16,,,,,,,,,,,,,,,,,,,,,,
OMNIAB INC   15.00 EARNOUT COMMON STOCK,2200964D,COMMON STOCK,68218J301,US68218J3014,BP0VHL7,21075.0,122.24,4.1713454045357744e-07,0,,HEALTH CARE,UNITED STATES,AVUV,2026-07-16,,,,,,,,,,,,,,,,,,,,,,
APPLE INC COMMON STOCK USD.00001,AAPL,COMMON STOCK,037833100,US0378331005,2046251,1645182.0,538797105.0,3.1190548225476675,0,,INFORMATION TECHNOLOGY,UNITED STATES,AVLV,2026-07-16,,,,,,,,,,,,,,,,,,,,,,
AMAZON.COM INC COMMON STOCK USD.01,AMZN,COMMON STOCK,023135106,US0231351067,2000019,1910186.0,487021022.56,2.8193270806417274,0,,CONSUMER DISCRETIONARY,UNITED STATES,AVLV,2026-07-16,,,,,,,,,,,,,,,,,,,,,,
MICRON TECHNOLOGY INC COMMON STOCK USD.1,MU,COMMON STOCK,595112103,US5951121038,2588184,526203.0,475834848.84,2.7545711850301093,0,,INFORMATION TECHNOLOGY,UNITED STATES,AVLV,2026-07-16,,,,,,,,,,,,,,,,,,,,,,
META PLATFORMS INC CLASS A COMMON STOCK USD.000006,META,COMMON STOCK,30303M102,US30303M1027,B7TL820,698159.0,475662708.29,2.7535746766828098,0,,COMMUNICATION SERVICES,UNITED STATES,AVLV,2026-07-16,,,,,,,,,,,,,,,,,,,,,,
JPMORGAN CHASE + CO COMMON STOCK USD1.0,JPM,COMMON STOCK,46625H100,US46625H1005,2190385,1121550.0,389076910.5,2.2523361814220815,0,,FINANCIALS,UNITED STATES,AVLV,2026-07-16,,,,,,,,,,,,,,,,,,,,,,
EXXONMOBIL HOLDINGS CORP COMMON STOCK,XOM,COMMON STOCK,30233Q108,US30233Q1085,BVSRPD7,2604231.0,376337421.81,2.17858826543182,0,,ENERGY,UNITED STATES,AVLV,2026-07-16,,,,,,,,,,,,,,,,,,,,,,
COSTCO WHOLESALE CORP COMMON STOCK USD.005,COST,COMMON STOCK,22160K105,US22160K1051,2701271,402023.0,368470160.42,2.133045296935873,0,,CONSUMER STAPLES,UNITED STATES,AVLV,2026-07-16,,,,,,,,,,,,,,,,,,,,,,
MICROSOFT CORP COMMON STOCK USD.00000625,MSFT,COMMON STOCK,594918104,US5949181045,2588173,846996.0,335097027.48,1.9398508081866592,0,,INFORMATION TECHNOLOGY,UNITED STATES,AVLV,2026-07-16,,,,,,,,,,,,,,,,,,,,,,
QUALCOMM INC COMMON STOCK USD.0001,QCOM,COMMON STOCK,747525103,US7475251036,2714923,1680493.0,299094144.14,1.7314328975016193,0,,INFORMATION TECHNOLOGY,UNITED STATES,AVLV,2026-07-16,,,,,,,,,,,,,,,,,,,,,,
UNION PACIFIC CORP COMMON STOCK USD2.5,UNP,COMMON STOCK,907818108,US9078181081,2914734,1016984.0,293257506.24,1.6976450515378598,0,,INDUSTRIALS,UNITED STATES,AVLV,2026-07-16,,,,,,,,,,,,,,,,,,,,,,
MORGAN STANLEY COMMON STOCK USD.01,MS,COMMON STOCK,617446448,US6174464486,2262314,1233582.0,281935166.1,1.6321008990387627,0,,FINANCIALS,UNITED STATES,AVLV,2026-07-16,,,,,,,,,,,,,,,,,,,,,,
GOLDMAN SACHS GROUP INC COMMON STOCK USD.01,GS,COMMON STOCK,38141G104,US38141G1040,2407966,238699.0,274997956.93,1.591941931004385,0,,FINANCIALS,UNITED STATES,AVLV,2026-07-16,,,,,,,,,,,,,,,,,,,,,,
VERIZON COMMUNICATIONS INC COMMON STOCK USD.1,VZ,COMMON STOCK,92343V104,US92343V1044,2090571,6100405.0,261280346.15,1.5125317417881847,0,,COMMUNICATION SERVICES,UNITED STATES,AVLV,2026-07-16,,,,,,,,,,,,,,,,,,,,,,
CATERPILLAR INC COMMON STOCK USD1.0,CAT,COMMON STOCK,149123101,US1491231015,2180201,284790.0,260383497.0,1.507339951334141,0,,INDUSTRIALS,UNITED STATES,AVLV,2026-07-16,,,,,,,,,,,,,,,,,,,,,,
NETFLIX INC COMMON STOCK USD.001,NFLX,COMMON STOCK,64110L106,US64110L1061,2857817,3524801.0,259707337.68,1.5034257172592262,0,,COMMUNICATION SERVICES,UNITED STATES,AVLV,2026-07-16,,,,,,,,,,,,,,,,,,,,,,
TJX COMPANIES INC COMMON STOCK USD1.0,TJX,COMMON STOCK,872540109,US8725401090,2989301,1614830.0,243790885.1,1.4112866027079327,0,,CONSUMER DISCRETIONARY,UNITED STATES,AVLV,2026-07-16,,,,,,,,,,,,,,,,,,,,,,
LAM RESEARCH CORP COMMON STOCK USD.001,LRCX,COMMON STOCK,512807306,US5128073062,BSML4N7,717221.0,240577440.03,1.3926842174137957,0,,INFORMATION TECHNOLOGY,UNITED STATES,AVLV,2026-07-16,,,,,,,,,,,,,,,,,,,,,,
MERCK + CO. INC. COMMON STOCK USD.5,MRK,COMMON STOCK,58933Y105,US58933Y1055,2778844,1761004.0,217677704.44,1.2601194169272454,0,,HEALTH CARE,UNITED STATES,AVLV,2026-07-16,,,,,,,,,,,,,,,,,,,,,,
DEERE + CO COMMON STOCK USD1.0,DE,COMMON STOCK,244199105,US2441991054,2261203,365822.0,215644752.56,1.2483508155251994,0,,INDUSTRIALS,UNITED STATES,AVLV,2026-07-16,,,,,,,,,,,,,,,,,,,,,,
CONOCOPHILLIPS COMMON STOCK USD.01,COP,COMMON STOCK,20825C104,US20825C1045,2685717,1898102.0,211562448.92,1.224718675082563,0,,ENERGY,UNITED STATES,AVLV,2026-07-16,,,,,,,,,,,,,,,,,,,,,,
AMERICAN EXPRESS CO COMMON STOCK USD.2,AXP,COMMON STOCK,025816109,US0258161092,2026082,535226.0,191846407.44,1.1105840338807624,0,,FINANCIALS,UNITED STATES,AVLV,2026-07-16,,,,,,,,,,,,,,,,,,,,,,
WELLS FARGO + CO COMMON STOCK USD1.666,WFC,COMMON STOCK,949746101,US9497461015,2649100,2164126.0,189382666.26,1.0963216264964684,0,,FINANCIALS,UNITED STATES,AVLV,2026-07-16,,,,,,,,,,,,,,,,,,,,,,
PROGRESSIVE CORP COMMON STOCK USD1.0,PGR,COMMON STOCK,743315103,US7433151039,2705024,895288.0,183731003.36,1.0636045865196877,0,,FINANCIALS,UNITED STATES,AVLV,2026-07-16,,,,,,,,,,,,,,,,,,,,,,
CSX CORP COMMON STOCK USD1.0,CSX,COMMON STOCK,126408103,US1264081035,2160753,3710093.0,183389896.99,1.0616299480918323,0,,INDUSTRIALS,UNITED STATES,AVLV,2026-07-16,,,,,,,,,,,,,,,,,,,,,,
CHUBB LTD COMMON STOCK,CB,COMMON STOCK,H1467J104,CH0044328745,B3BQMF6,539437.0,182027621.28,1.053743839232886,0,,FINANCIALS,UNITED STATES,AVLV,2026-07-16,,,,,,,,,,,,,,,,,,,,,,
UNITED PARCEL SERVICE CL B COMMON STOCK USD.01,UPS,COMMON STOCK,911312106,US9113121068,2517382,1543193.0,174288217.42,1.0089410281020113,0,,INDUSTRIALS,UNITED STATES,AVLV,2026-07-16,,,,,,,,,,,,,,,,,,,,,,
TRAVELERS COS INC/THE COMMON STOCK,TRV,COMMON STOCK,89417E109,US89417E1091,2769503,519068.0,170871994.92,0.9891647799287386,0,,FINANCIALS,UNITED STATES,AVLV,2026-07-16,,,,,,,,,,,,,,,,,,,,,,
EOG RESOURCES INC COMMON STOCK USD.01,EOG,COMMON STOCK,26875P101,US26875P1012,2318024,1227930.0,168803537.1,0.9771906373826176,0,,ENERGY,UNITED STATES,AVLV,2026-07-16,,,,,,,,,,,,,,,,,,,,,,
GENERAL MOTORS CO COMMON STOCK USD.01,GM,COMMON STOCK,37045V100,US37045V1008,B665KZ5,2130225.0,165390669.0,0.957433807571841,0,,CONSUMER DISCRETIONARY,UNITED STATES,AVLV,2026-07-16,,,,,,,,,,,,,,,,,,,,,,
WILLIAMS COS INC COMMON STOCK USD1.0,WMB,COMMON STOCK,969457100,US9694571004,2967181,2191666.0,163016117.08,0.9436877099244422,0,,ENERGY,UNITED STATES,AVLV,2026-07-16,,,,,,,,,,,,,,,,,,,,,,
TARGET CORP COMMON STOCK USD.0833,TGT,COMMON STOCK,87612E106,US87612E1064,2259101,1170333.0,161845350.57,0.9369102330315534,0,,CONSUMER STAPLES,UNITED STATES,AVLV,2026-07-16,,,,,,,,,,,,,,,,,,,,,,
SCHWAB (CHARLES) CORP COMMON STOCK USD.01,SCHW,COMMON STOCK,808513105,US8085131055,2779397,1572200.0,161606438.0,0.9355271866181437,0,,FINANCIALS,UNITED STATES,AVLV,2026-07-16,,,,,,,,,,,,,,,,,,,,,,
ROSS STORES INC COMMON STOCK USD.01,ROST,COMMON STOCK,778296103,US7782961038,2746711,686996.0,155130566.76,0.8980388682254163,0,,CONSUMER DISCRETIONARY,UNITED STATES,AVLV,2026-07-16,,,,,,,,,,,,,,,,,,,,,,
ALLSTATE CORP COMMON STOCK USD.01,ALL,COMMON STOCK,020002101,US0200021014,2019952,639631.0,153178831.88,0.8867404257629268,0,,FINANCIALS,UNITED STATES,AVLV,2026-07-16,,,,,,,,,,,,,,,,,,,,,,
TARGA RESOURCES CORP COMMON STOCK USD.001,TRGP,COMMON STOCK,87612G101,US87612G1013,B55PZY3,548425.0,152549898.0,0.8830995761123379,0,,ENERGY,UNITED STATES,AVLV,2026-07-16,,,,,,,,,,,,,,,,,,,,,,
DELTA AIR LINES INC COMMON STOCK USD.0001,DAL,COMMON STOCK,247361702,US2473617023,B1W9D46,1630478.0,140155888.88,0.8113516146669328,0,,INDUSTRIALS,UNITED STATES,AVLV,2026-07-16,,,,,,,,,,,,,,,,,,,,,,
GILEAD SCIENCES INC COMMON STOCK USD.001,GILD,COMMON STOCK,375558103,US3755581036,2369174,1052062.0,138556565.4,0.8020932545777345,0,,HEALTH CARE,UNITED STATES,AVLV,2026-07-16,,,,,,,,,,,,,,,,,,,,,,
ROYAL CARIBBEAN CRUISES LTD COMMON STOCK USD.01,RCL,COMMON STOCK,V7780T103,LR0008862868,2754907,470361.0,137425373.37,0.7955448712927148,0,,CONSUMER DISCRETIONARY,UNITED STATES,AVLV,2026-07-16,,,,,,,,,,,,,,,,,,,,,,
MARATHON PETROLEUM CORP COMMON STOCK USD.01,MPC,COMMON STOCK,56585A102,US56585A1025,B3K3L40,456478.0,136569088.04,0.7905879016593805,0,,ENERGY,UNITED STATES,AVLV,2026-07-16,,,,,,,,,,,,,,,,,,,,,,
WW GRAINGER INC COMMON STOCK USD.5,GWW,COMMON STOCK,384802104,US3848021040,2380863,98118.0,134562949.92,0.7789745230427996,0,,INDUSTRIALS,UNITED STATES,AVLV,2026-07-16,,,,,,,,,,,,,,,,,,,,,,
FLEX LTD COMMON STOCK,FLEX,COMMON STOCK,Y2573F102,SG9999000020,2353058,1035619.0,133304877.68,0.7716916400226963,0,,INFORMATION TECHNOLOGY,UNITED STATES,AVLV,2026-07-16,,,,,,,,,,,,,,,,,,,,,,
AMERIPRISE FINANCIAL INC COMMON STOCK USD.01,AMP,COMMON STOCK,03076C106,US03076C1062,B0J7D57,251342.0,132527609.76,0.7671920960723116,0,,FINANCIALS,UNITED STATES,AVLV,2026-07-16,,,,,,,,,,,,,,,,,,,,,,
CHENIERE ENERGY INC COMMON STOCK USD.003,LNG,COMMON STOCK,16411R208,US16411R2085,2654364,460799.0,117886208.17,0.6824341532133822,0,,ENERGY,UNITED STATES,AVLV,2026-07-16,,,,,,,,,,,,,,,,,,,,,,
UNITED AIRLINES HOLDINGS INC COMMON STOCK USD.01,UAL,COMMON STOCK,910047109,US9100471096,B4QG225,928063.0,112267781.11,0.6499095129471258,0,,INDUSTRIALS,UNITED STATES,AVLV,2026-07-16,,,,,,,,,,,,,,,,,,,,,,
T MOBILE US INC COMMON STOCK USD.0001,TMUS,COMMON STOCK,872590104,US8725901040,B94Q9V0,582165.0,109225797.3,0.6322997036429493,0,,COMMUNICATION SERVICES,UNITED STATES,AVLV,2026-07-16,,,,,,,,,,,,,,,,,,,,,,
METLIFE INC COMMON STOCK USD.01,MET,COMMON STOCK,59156R108,US59156R1086,2573209,1180869.0,108876121.8,0.6302754591834291,0,,FINANCIALS,UNITED STATES,AVLV,2026-07-16,,,,,,,,,,,,,,,,,,,,,,
HARTFORD INSURANCE GROUP INC COMMON STOCK USD.01,HIG,COMMON STOCK,416515104,US4165151048,2476193,798805.0,107439272.5,0.6219576495722596,0,,FINANCIALS,UNITED STATES,AVLV,2026-07-16,,,,,,,,,,,,,,,,,,,,,,
CENTENE CORP COMMON STOCK USD.001,CNC,COMMON STOCK,15135B101,US15135B1017,2807061,1602981.0,106774564.41,0.6181097057832875,0,,HEALTH CARE,UNITED STATES,AVLV,2026-07-16,,,,,,,,,,,,,,,,,,,,,,
DEVON ENERGY CORP COMMON STOCK USD.1,DVN,COMMON STOCK,25179M103,US25179M1036,2480677,2412645.0,103574849.85,0.599586805350955,0,,ENERGY,UNITED STATES,AVLV,2026-07-16,,,,,,,,,,,,,,,,,,,,,,
OCCIDENTAL PETROLEUM CORP COMMON STOCK USD.2,OXY,COMMON STOCK,674599105,US6745991058,2655408,1895878.0,101941360.06,0.5901306591322742,0,,ENERGY,UNITED STATES,AVLV,2026-07-16,,,,,,,,,,,,,,,,,,,,,,
AMERICAN INTERNATIONAL GROUP COMMON STOCK USD2.5,AIG,COMMON STOCK,026874784,US0268747849,2027342,1252302.0,96151747.56,0.5566150395767325,0,,FINANCIALS,UNITED STATES,AVLV,2026-07-16,,,,,,,,,,,,,,,,,,,,,,
TECHNIPFMC PLC COMMON STOCK USD1.0,FTI,COMMON STOCK,G87110105,GB00BDSFG982,BDSFG98,1308418.0,94559368.86,0.5473968822825185,0,,ENERGY,UNITED STATES,AVLV,2026-07-16,,,,,,,,,,,,,,,,,,,,,,
COMCAST CORP CLASS A COMMON STOCK USD.01,CMCSA,COMMON STOCK,20030N101,US20030N1019,2044545,3993111.0,93798177.39,0.5429904036593907,0,,COMMUNICATION SERVICES,UNITED STATES,AVLV,2026-07-16,,,,,,,,,,,,,,,,,,,,,,
NORFOLK SOUTHERN CORP COMMON STOCK USD1.0,NSC,COMMON STOCK,655844108,US6558441084,2641894,282664.0,92866430.56,0.5375965932314282,0,,INDUSTRIALS,UNITED STATES,AVLV,2026-07-16,,,,,,,,,,,,,,,,,,,,,,
ON SEMICONDUCTOR COMMON STOCK USD.01,ON,COMMON STOCK,682189105,US6821891057,2583576,988769.0,91500683.26,0.5296903876061281,0,,INFORMATION TECHNOLOGY,UNITED STATES,AVLV,2026-07-16,,,,,,,,,,,,,,,,,,,,,,
KLA CORP COMMON STOCK USD.001,KLAC,COMMON STOCK,482480100,US4824801009,2480138,404228.0,90749186.0,0.5253400280158804,0,,INFORMATION TECHNOLOGY,UNITED STATES,AVLV,2026-07-16,,,,,,,,,,,,,,,,,,,,,,
KROGER CO COMMON STOCK USD1.0,KR,COMMON STOCK,501044101,US5010441013,2497406,1595722.0,90254036.32,0.5224736447652003,0,,CONSUMER STAPLES,UNITED STATES,AVLV,2026-07-16,,,,,,,,,,,,,,,,,,,,,,
NORTHERN TRUST CORP COMMON STOCK USD1.666666,NTRS,COMMON STOCK,665859104,US6658591044,2648668,469964.0,89821869.5,0.519971864426076,0,,FINANCIALS,UNITED STATES,AVLV,2026-07-16,,,,,,,,,,,,,,,,,,,,,,
ARCH CAPITAL GROUP LTD COMMON STOCK USD.01,ACGL,COMMON STOCK,G0450A105,BMG0450A1053,2740542,909731.0,89644892.74,0.5189473596326494,0,,FINANCIALS,UNITED STATES,AVLV,2026-07-16,,,,,,,,,,,,,,,,,,,,,,
CHIPOTLE MEXICAN GRILL INC COMMON STOCK USD.01,CMG,COMMON STOCK,169656105,US1696561059,B0X7DZ3,2551505.0,88358618.15,0.5115012153868299,0,,CONSUMER DISCRETIONARY,UNITED STATES,AVLV,2026-07-16,,,,,,,,,,,,,,,,,,,,,,
CARNIVAL CORP LTD COMMON STOCK USD.01,CCL,COMMON STOCK,G2004J103,BMG2004J1036,BVV7RC7,3279544.0,87203074.96,0.5048118651175265,0,,CONSUMER DISCRETIONARY,UNITED STATES,AVLV,2026-07-16,,,,,,,,,,,,,,,,,,,,,,
APPLIED MATERIALS INC COMMON STOCK USD.01,AMAT,COMMON STOCK,038222105,US0382221051,2046552,145212.0,84140189.16,0.48708105580777195,0,,INFORMATION TECHNOLOGY,UNITED STATES,AVLV,2026-07-16,,,,,,,,,,,,,,,,,,,,,,
PRUDENTIAL FINANCIAL INC COMMON STOCK USD.01,PRU,COMMON STOCK,744320102,US7443201022,2819118,727111.0,83646849.44,0.4842251502757251,0,,FINANCIALS,UNITED STATES,AVLV,2026-07-16,,,,,,,,,,,,,,,,,,,,,,
DIAMONDBACK ENERGY INC COMMON STOCK USD.01,FANG,COMMON STOCK,25278X109,US25278X1090,B7Y8YR3,432268.0,82027175.68,0.47484898398752307,0,,ENERGY,UNITED STATES,AVLV,2026-07-16,,,,,,,,,,,,,,,,,,,,,,
FREEPORT MCMORAN INC COMMON STOCK USD.1,FCX,COMMON STOCK,35671D857,US35671D8570,2352118,1339059.0,81642427.23,0.4726217049295922,0,,MATERIALS,UNITED STATES,AVLV,2026-07-16,,,,,,,,,,,,,,,,,,,,,,
WILLIAMS SONOMA INC COMMON STOCK USD.01,WSM,COMMON STOCK,969904101,US9699041011,2967589,355385.0,79193993.4,0.4584479106120627,0,,CONSUMER DISCRETIONARY,UNITED STATES,AVLV,2026-07-16,,,,,,,,,,,,,,,,,,,,,,
HALLIBURTON CO COMMON STOCK USD2.5,HAL,COMMON STOCK,406216101,US4062161017,2405302,2222040.0,78326910.0,0.4534284317855738,0,,ENERGY,UNITED STATES,AVLV,2026-07-16,,,,,,,,,,,,,,,,,,,,,,
SYNCHRONY FINANCIAL COMMON STOCK USD.001,SYF,COMMON STOCK,87165B103,US87165B1035,BP96PS6,1047532.0,77559269.28,0.44898461895235525,0,,FINANCIALS,UNITED STATES,AVLV,2026-07-16,,,,,,,,,,,,,,,,,,,,,,
DOLLAR GENERAL CORP COMMON STOCK USD.875,DG,COMMON STOCK,256677105,US2566771059,B5B1S13,623422.0,75608620.16,0.4376924618706383,0,,CONSUMER STAPLES,UNITED STATES,AVLV,2026-07-16,,,,,,,,,,,,,,,,,,,,,,
DOLLAR TREE INC COMMON STOCK USD.01,DLTR,COMMON STOCK,256746108,US2567461080,2272476,590358.0,74993176.74,0.43412970745094587,0,,CONSUMER STAPLES,UNITED STATES,AVLV,2026-07-16,,,,,,,,,,,,,,,,,,,,,,
FEDEX CORP COMMON STOCK USD.1,FDX,COMMON STOCK,31428X106,US31428X1063,2142784,236339.0,74073369.38,0.428805013692573,0,,INDUSTRIALS,UNITED STATES,AVLV,2026-07-16,,,,,,,,,,,,,,,,,,,,,,
HUNT (JB) TRANSPRT SVCS INC COMMON STOCK USD.01,JBHT,COMMON STOCK,445658107,US4456581077,2445416,263278.0,72738445.84,0.42107724443299366,0,,INDUSTRIALS,UNITED STATES,AVLV,2026-07-16,,,,,,,,,,,,,,,,,,,,,,
COREWEAVE INC CL A COMMON STOCK USD.0001,CRWV,COMMON STOCK,21873S108,US21873S1087,BTTRKN7,926243.0,71431860.16,0.41351352085605325,0,,INFORMATION TECHNOLOGY,UNITED STATES,AVLV,2026-07-16,,,,,,,,,,,,,,,,,,,,,,
ATI INC COMMON STOCK USD.1,ATI,COMMON STOCK,01741R102,US01741R1023,2526117,360503.0,69789775.77,0.404007621161845,0,,INDUSTRIALS,UNITED STATES,AVLV,2026-07-16,,,,,,,,,,,,,,,,,,,,,,
OLD DOMINION FREIGHT LINE COMMON STOCK USD.1,ODFL,COMMON STOCK,679580100,US6795801009,2656423,308401.0,69461157.23,0.40210527381726247,0,,INDUSTRIALS,UNITED STATES,AVLV,2026-07-16,,,,,,,,,,,,,,,,,,,,,,
T ROWE PRICE GROUP INC COMMON STOCK USD.2,TROW,COMMON STOCK,74144T108,US74144T1088,2702337,578614.0,68612048.12,0.39718984676719565,0,,FINANCIALS,UNITED STATES,AVLV,2026-07-16,,,,,,,,,,,,,,,,,,,,,,
PRINCIPAL FINANCIAL GROUP COMMON STOCK USD.01,PFG,COMMON STOCK,74251V102,US74251V1026,2803014,607357.0,68607046.72,0.3971608940489187,0,,FINANCIALS,UNITED STATES,AVLV,2026-07-16,,,,,,,,,,,,,,,,,,,,,,
BURLINGTON STORES INC COMMON STOCK USD.0001,BURL,COMMON STOCK,122017106,US1220171060,BF311Y5,196489.0,67835862.36,0.39269656735746156,0,,CONSUMER DISCRETIONARY,UNITED STATES,AVLV,2026-07-16,,,,,,,,,,,,,,,,,,,,,,
EQT CORP COMMON STOCK,EQT,COMMON STOCK,26884L109,US26884L1098,2319414,1342671.0,66126546.75,0.3828014713238136,0,,ENERGY,UNITED STATES,AVLV,2026-07-16,,,,,,,,,,,,,,,,,,,,,,
EXPEDITORS INTL WASH INC COMMON STOCK USD.01,EXPD,COMMON STOCK,302130109,US3021301094,2325507,370452.0,65829320.4,0.3810808509423144,0,,INDUSTRIALS,UNITED STATES,AVLV,2026-07-16,,,,,,,,,,,,,,,,,,,,,,
CF INDUSTRIES HOLDINGS INC COMMON STOCK USD.01,CF,COMMON STOCK,125269100,US1252691001,B0G4K50,548268.0,64596935.76,0.3739466714544241,0,,MATERIALS,UNITED STATES,AVLV,2026-07-16,,,,,,,,,,,,,,,,,,,,,,
DEXCOM INC COMMON STOCK USD.001,DXCM,COMMON STOCK,252131107,US2521311074,B0796X4,884226.0,64309756.98,0.37228421567955067,0,,HEALTH CARE,UNITED STATES,AVLV,2026-07-16,,,,,,,,,,,,,,,,,,,,,,
ULTA BEAUTY INC COMMON STOCK,ULTA,COMMON STOCK,90384S303,US90384S3031,B28TS42,136782.0,63759561.48,0.3690991764287941,0,,CONSUMER DISCRETIONARY,UNITED STATES,AVLV,2026-07-16,,,,,,,,,,,,,,,,,,,,,,
BEST BUY CO INC COMMON STOCK USD.1,BBY,COMMON STOCK,086516101,US0865161014,2094670,710505.0,60655811.85,0.35113180956361384,0,,CONSUMER DISCRETIONARY,UNITED STATES,AVLV,2026-07-16,,,,,,,,,,,,,,,,,,,,,,
PACKAGING CORP OF AMERICA COMMON STOCK USD.01,PKG,COMMON STOCK,695156109,US6951561090,2504566,260235.0,59297147.1,0.34326660427318634,0,,MATERIALS,UNITED STATES,AVLV,2026-07-16,,,,,,,,,,,,,,,,,,,,,,
EAST WEST BANCORP INC COMMON STOCK USD.001,EWBC,COMMON STOCK,27579R104,US27579R1041,2487407,428310.0,56712527.1,0.3283044387369533,0,,FINANCIALS,UNITED STATES,AVLV,2026-07-16,,,,,,,,,,,,,,,,,,,,,,
LPL FINANCIAL HOLDINGS INC COMMON STOCK,LPLA,COMMON STOCK,50212V100,US50212V1008,B75JX34,171978.0,56601399.36,0.3276611288339318,0,,FINANCIALS,UNITED STATES,AVLV,2026-07-16,,,,,,,,,,,,,,,,,,,,,,
LYONDELLBASELL INDU CL A COMMON STOCK EUR.04,LYB,COMMON STOCK,N53745100,NL0009434992,B3SPXZ3,975467.0,56577086.0,0.3275203806709283,0,,MATERIALS,UNITED STATES,AVLV,2026-07-16,,,,,,,,,,,,,,,,,,,,,,
DECKERS OUTDOOR CORP COMMON STOCK USD.01,DECK,COMMON STOCK,243537107,US2435371073,2267278,518853.0,55273410.09,0.3199735015277586,0,,CONSUMER DISCRETIONARY,UNITED STATES,AVLV,2026-07-16,,,,,,,,,,,,,,,,,,,,,,
PERMIAN RESOURCES CORP CL A COMMON STOCK USD.0001,PR,COMMON STOCK,71424F105,US71424F1057,BQPCHB2,2783300.0,54524847.0,0.31564012762099697,0,,ENERGY,UNITED STATES,AVLV,2026-07-16,,,,,,,,,,,,,,,,,,,,,,
TALEN ENERGY CORP COMMON STOCK USD.001,TLN,COMMON STOCK,87422Q109,US87422Q1094,BRRF114,134078.0,53647289.36,0.31056001422820967,0,,UTILITIES,UNITED STATES,AVLV,2026-07-16,,,,,,,,,,,,,,,,,,,,,,
SMURFIT WESTROCK PLC COMMON STOCK,SW,COMMON STOCK,G8267P108,IE00028FXN24,BRK49M5,1229397.0,53589415.23,0.31022498536001025,0,,MATERIALS,UNITED STATES,AVLV,2026-07-16,,,,,,,,,,,,,,,,,,,,,,
CUMMINS INC COMMON STOCK USD2.5,CMI,COMMON STOCK,231021106,US2310211063,2240202,80008.0,53295729.04,0.3085248586912986,0,,INDUSTRIALS,UNITED STATES,AVLV,2026-07-16,,,,,,,,,,,,,,,,,,,,,,
WALMART INC COMMON STOCK USD.1,WMT,COMMON STOCK,931142103,US9311421039,2936921,460433.0,51812525.49,0.2999387079074199,0,,CONSUMER STAPLES,UNITED STATES,AVLV,2026-07-16,,,,,,,,,,,,,,,,,,,,,,
BORGWARNER INC COMMON STOCK USD.01,BWA,COMMON STOCK,099724106,US0997241064,2111955,794587.0,50861513.87,0.2944333750982173,0,,CONSUMER DISCRETIONARY,UNITED STATES,AVLV,2026-07-16,,,,,,,,,,,,,,,,,,,,,,
EXELIXIS INC COMMON STOCK USD.001,EXEL,COMMON STOCK,30161Q104,US30161Q1040,2576941,885057.0,49164916.35,0.28461190310519613,0,,HEALTH CARE,UNITED STATES,AVLV,2026-07-16,,,,,,,,,,,,,,,,,,,,,,
APA CORP COMMON STOCK USD.625,APA,COMMON STOCK,03743Q108,US03743Q1085,BNNF1C1,1399018.0,47944346.86,0.2775461206080183,0,,ENERGY,UNITED STATES,AVLV,2026-07-16,,,,,,,,,,,,,,,,,,,,,,
RENAISSANCERE HOLDINGS LTD COMMON STOCK USD1.0,RNR,COMMON STOCK,G7496G103,BMG7496G1033,2728429,155627.0,47891096.71,0.27723785960286895,0,,FINANCIALS,UNITED STATES,AVLV,2026-07-16,,,,,,,,,,,,,,,,,,,,,,
SOUTHWEST AIRLINES CO COMMON STOCK USD1.0,LUV,COMMON STOCK,844741108,US8447411088,2831543,916056.0,45115758.0,0.26117163818612854,0,,INDUSTRIALS,UNITED STATES,AVLV,2026-07-16,,,,,,,,,,,,,,,,,,,,,,
GLOBE LIFE INC COMMON STOCK USD1.0,GL,COMMON STOCK,37959E102,US37959E1029,BK6YKG1,243465.0,44191332.15,0.2558202083458917,0,,FINANCIALS,UNITED STATES,AVLV,2026-07-16,,,,,,,,,,,,,,,,,,,,,,
OWENS CORNING COMMON STOCK USD.001,OC,COMMON STOCK,690742101,US6907421019,B1FW7Q2,306896.0,44057989.76,0.25504829954994607,0,,INDUSTRIALS,UNITED STATES,AVLV,2026-07-16,,,,,,,,,,,,,,,,,,,,,,
LULULEMON ATHLETICA INC COMMON STOCK USD.005,LULU,COMMON STOCK,550021109,US5500211090,B23FN39,364650.0,42817203.0,0.24786548083838064,0,,CONSUMER DISCRETIONARY,UNITED STATES,AVLV,2026-07-16,,,,,,,,,,,,,,,,,,,,,,
TEXAS ROADHOUSE INC COMMON STOCK USD.001,TXRH,COMMON STOCK,882681109,US8826811098,B033TJ7,223921.0,42513641.06,0.24610818421575137,0,,CONSUMER DISCRETIONARY,UNITED STATES,AVLV,2026-07-16,,,,,,,,,,,,,,,,,,,,,,
TRACTOR SUPPLY COMPANY COMMON STOCK USD.008,TSCO,COMMON STOCK,892356106,US8923561067,2900335,1400008.0,42238241.36,0.2445139166251466,0,,CONSUMER DISCRETIONARY,UNITED STATES,AVLV,2026-07-16,,,,,,,,,,,,,,,,,,,,,,
VIATRIS INC COMMON STOCK,VTRS,COMMON STOCK,92556V106,US92556V1061,BMWS3X9,2491949.0,41565709.32,0.24062068059396965,0,,HEALTH CARE,UNITED STATES,AVLV,2026-07-16,,,,,,,,,,,,,,,,,,,,,,
ASSURANT INC COMMON STOCK USD.01,AIZ,COMMON STOCK,04621X108,US04621X1081,2331430,149366.0,40914334.72,0.23684992334868887,0,,FINANCIALS,UNITED STATES,AVLV,2026-07-16,,,,,,,,,,,,,,,,,,,,,,
ALLY FINANCIAL INC COMMON STOCK USD.01,ALLY,COMMON STOCK,02005N100,US02005N1000,B72XK05,879634.0,40762239.56,0.23596945621573323,0,,FINANCIALS,UNITED STATES,AVLV,2026-07-16,,,,,,,,,,,,,,,,,,,,,,
RALPH LAUREN CORP COMMON STOCK USD.01,RL,COMMON STOCK,751212101,US7512121010,B4V9661,107991.0,40397273.28,0.23385669461189856,0,,CONSUMER DISCRETIONARY,UNITED STATES,AVLV,2026-07-16,,,,,,,,,,,,,,,,,,,,,,
VIKING HOLDINGS LTD COMMON STOCK USD.01,VIK,COMMON STOCK,G93A5A101,BMG93A5A1010,BRDXKH1,411364.0,40391831.16,0.23382519059958412,0,,CONSUMER DISCRETIONARY,UNITED STATES,AVLV,2026-07-16,,,,,,,,,,,,,,,,,,,,,,
RYDER SYSTEM INC COMMON STOCK USD.5,R,COMMON STOCK,783549108,US7835491082,2760669,150812.0,39886757.76,0.2309013597003618,0,,INDUSTRIALS,UNITED STATES,AVLV,2026-07-16,,,,,,,,,,,,,,,,,,,,,,
EVERCORE INC   A COMMON STOCK USD.01,EVR,COMMON STOCK,29977A105,US29977A1051,B1BHXZ2,112438.0,39763698.7,0.23018898030747106,0,,FINANCIALS,UNITED STATES,AVLV,2026-07-16,,,,,,,,,,,,,,,,,,,,,,
BJ S WHOLESALE CLUB HOLDINGS COMMON STOCK USD.01,BJ,COMMON STOCK,05550J101,US05550J1016,BFZNZF8,435574.0,39306197.76,0.22754054270454982,0,,CONSUMER STAPLES,UNITED STATES,AVLV,2026-07-16,,,,,,,,,,,,,,,,,,,,,,
MURPHY USA INC COMMON STOCK USD.01,MUSA,COMMON STOCK,626755102,US6267551025,BCZWJ63,64198.0,38111784.68,0.22062617764446288,0,,CONSUMER DISCRETIONARY,UNITED STATES,AVLV,2026-07-16,,,,,,,,,,,,,,,,,,,,,,
PRIMERICA INC COMMON STOCK,PRI,COMMON STOCK,74164M108,US74164M1080,B50K3X8,123878.0,37814998.28,0.21890810409953068,0,,FINANCIALS,UNITED STATES,AVLV,2026-07-16,,,,,,,,,,,,,,,,,,,,,,
EMCOR GROUP INC COMMON STOCK USD.01,EME,COMMON STOCK,29084Q100,US29084Q1004,2474164,47781.0,36777991.32,0.21290495090960493,0,,INDUSTRIALS,UNITED STATES,AVLV,2026-07-16,,,,,,,,,,,,,,,,,,,,,,
OSCAR HEALTH INC   CLASS A COMMON STOCK USD.00001,OSCR,COMMON STOCK,687793109,US6877931096,BKY83Q6,1194744.0,36571113.84,0.2117073531577193,0,,FINANCIALS,UNITED STATES,AVLV,2026-07-16,,,,,,,,,,,,,,,,,,,,,,
JAZZ PHARMACEUTICALS PLC COMMON STOCK USD.0001,JAZZ,COMMON STOCK,G50871105,IE00B4Q5ZN47,B4Q5ZN4,151452.0,36245492.64,0.20982235718287312,0,,HEALTH CARE,UNITED STATES,AVLV,2026-07-16,,,,,,,,,,,,,,,,,,,,,,
FIRST SOLAR INC COMMON STOCK USD.001,FSLR,COMMON STOCK,336433107,US3364331070,B1HMF22,158999.0,35587156.18,0.2060112982678072,0,,INFORMATION TECHNOLOGY,UNITED STATES,AVLV,2026-07-16,,,,,,,,,,,,,,,,,,,,,,
EXPAND ENERGY CORP COMMON STOCK USD.01,EXE,COMMON STOCK,165167735,US1651677353,BMZ5LZ5,404635.0,35458165.05,0.20526457857989724,0,,ENERGY,UNITED STATES,AVLV,2026-07-16,,,,,,,,,,,,,,,,,,,,,,
NORWEGIAN CRUISE LINE HOLDIN COMMON STOCK USD.001,NCLH,COMMON STOCK,G66721104,BMG667211046,B9CGTC3,1755368.0,34633410.64,0.20049013900690074,0,,CONSUMER DISCRETIONARY,UNITED STATES,AVLV,2026-07-16,,,,,,,,,,,,,,,,,,,,,,
VIASAT INC COMMON STOCK USD.0001,VSAT,COMMON STOCK,92552V100,US92552V1008,2946243,490750.0,34568430.0,0.20011397110123944,0,,INFORMATION TECHNOLOGY,UNITED STATES,AVLV,2026-07-16,,,,,,,,,,,,,,,,,,,,,,
JACKSON FINANCIAL INC A COMMON STOCK USD.01,JXN,COMMON STOCK,46817M107,US46817M1071,BMFX6P4,277935.0,34538982.45,0.19994350150890614,0,,FINANCIALS,UNITED STATES,AVLV,2026-07-16,,,,,,,,,,,,,,,,,,,,,,
SOLSTICE ADV MATERIALS INC COMMON STOCK USD.01,SOLS,COMMON STOCK,83443Q103,US83443Q1031,BW2K5V7,564404.0,34445576.12,0.19940277947951995,0,,MATERIALS,UNITED STATES,AVLV,2026-07-16,,,,,,,,,,,,,,,,,,,,,,
EVEREST GROUP LTD COMMON STOCK USD.01,EG,COMMON STOCK,G3223R108,BMG3223R1088,2556868,92711.0,33758856.43,0.1954274122383895,0,,FINANCIALS,UNITED STATES,AVLV,2026-07-16,,,,,,,,,,,,,,,,,,,,,,
LAS VEGAS SANDS CORP COMMON STOCK USD.001,LVS,COMMON STOCK,517834107,US5178341070,B02T2J7,750657.0,33621927.03,0.19463473851862526,0,,CONSUMER DISCRETIONARY,UNITED STATES,AVLV,2026-07-16,,,,,,,,,,,,,,,,,,,,,,
OVINTIV INC COMMON STOCK,OVV,COMMON STOCK,69047Q102,US69047Q1022,BJ01KB6,598987.0,33573221.35,0.19435278509927742,0,,ENERGY,UNITED STATES,AVLV,2026-07-16,,,,,,,,,,,,,,,,,,,,,,
NEXTPOWER INC CL A COMMON STOCK USD.0001,NXT,COMMON STOCK,65290E101,US65290E1010,BR1GTS6,304756.0,33258022.28,0.19252812202996483,0,,INDUSTRIALS,UNITED STATES,AVLV,2026-07-16,,,,,,,,,,,,,,,,,,,,,,
ARGAN INC COMMON STOCK USD.15,AGX,COMMON STOCK,04010E109,US04010E1091,2804501,53864.0,32816103.36,0.18996988753722185,0,,INDUSTRIALS,UNITED STATES,AVLV,2026-07-16,,,,,,,,,,,,,,,,,,,,,,
TORO CO COMMON STOCK USD1.0,TTC,COMMON STOCK,891092108,US8910921084,2897040,343621.0,32296937.79,0.1869644781543908,0,,INDUSTRIALS,UNITED STATES,AVLV,2026-07-16,,,,,,,,,,,,,,,,,,,,,,
FIVE BELOW COMMON STOCK USD.01,FIVE,COMMON STOCK,33829M101,US33829M1018,B85KFY9,165522.0,31950711.66,0.18496020183136097,0,,CONSUMER DISCRETIONARY,UNITED STATES,AVLV,2026-07-16,,,,,,,,,,,,,,,,,,,,,,
AUTOLIV INC COMMON STOCK USD1.0,ALV,COMMON STOCK,052800109,US0528001094,2064253,258943.0,31793021.54,0.18404734590713673,0,,CONSUMER DISCRETIONARY,UNITED STATES,AVLV,2026-07-16,,,,,,,,,,,,,,,,,,,,,,
VALMONT INDUSTRIES COMMON STOCK USD1.0,VMI,COMMON STOCK,920253101,US9202531011,2926825,57483.0,31292595.54,0.18115041844753532,0,,INDUSTRIALS,UNITED STATES,AVLV,2026-07-16,,,,,,,,,,,,,,,,,,,,,,
AXIS CAPITAL HOLDINGS LTD COMMON STOCK USD.0125,AXS,COMMON STOCK,G0692U109,BMG0692U1099,2677606,274482.0,30387902.22,0.17591321869926893,0,,FINANCIALS,UNITED STATES,AVLV,2026-07-16,,,,,,,,,,,,,,,,,,,,,,
ARCHER DANIELS MIDLAND CO COMMON STOCK,ADM,COMMON STOCK,039483102,US0394831020,2047317,364921.0,30032998.3,0.17385870732022754,0,,CONSUMER STAPLES,UNITED STATES,AVLV,2026-07-16,,,,,,,,,,,,,,,,,,,,,,
ANTERO RESOURCES CORP COMMON STOCK USD.01,AR,COMMON STOCK,03674X106,US03674X1063,BFD2WR8,893143.0,29991741.94,0.17361987743895196,0,,ENERGY,UNITED STATES,AVLV,2026-07-16,,,,,,,,,,,,,,,,,,,,,,
ONEOK INC COMMON STOCK USD.01,OKE,COMMON STOCK,682680103,US6826801036,2130109,318393.0,28983314.79,0.1677821705615264,0,,ENERGY,UNITED STATES,AVLV,2026-07-16,,,,,,,,,,,,,,,,,,,,,,
ZIONS BANCORP NA COMMON STOCK USD.001,ZION,COMMON STOCK,989701107,US9897011071,2989828,400828.0,28679243.4,0.16602192477219854,0,,FINANCIALS,UNITED STATES,AVLV,2026-07-16,,,,,,,,,,,,,,,,,,,,,,
AMERICAN FINANCIAL GROUP INC COMMON STOCK,AFG,COMMON STOCK,025932104,US0259321042,2134532,204242.0,28160886.96,0.1630211993804379,0,,FINANCIALS,UNITED STATES,AVLV,2026-07-16,,,,,,,,,,,,,,,,,,,,,,
STONEX GROUP INC COMMON STOCK USD.01,SNEX,COMMON STOCK,861896108,US8618961085,BMQ8XV3,234260.0,27035946.6,0.15650900653015057,0,,FINANCIALS,UNITED STATES,AVLV,2026-07-16,,,,,,,,,,,,,,,,,,,,,,
COREBRIDGE FINANCIAL INC COMMON STOCK USD.01,CRBG,COMMON STOCK,21871X109,US21871X1090,BMTX0G9,847561.0,27011769.07,0.15636904467652518,0,,FINANCIALS,UNITED STATES,AVLV,2026-07-16,,,,,,,,,,,,,,,,,,,,,,
AMKOR TECHNOLOGY INC COMMON STOCK USD.001,AMKR,COMMON STOCK,031652100,US0316521006,2242929,399069.0,26993027.16,0.15626054920721627,0,,INFORMATION TECHNOLOGY,UNITED STATES,AVLV,2026-07-16,,,,,,,,,,,,,,,,,,,,,,
RANGE RESOURCES CORP COMMON STOCK USD.01,RRC,COMMON STOCK,75281A109,US75281A1097,2523334,741760.0,26740448.0,0.15479838795994483,0,,ENERGY,UNITED STATES,AVLV,2026-07-16,,,,,,,,,,,,,,,,,,,,,,
FIRST CITIZENS BCSHS   CL A COMMON STOCK USD1.0,FCNCA,COMMON STOCK,31946M103,US31946M1036,2355582,12723.0,26344498.26,0.15250626549942514,0,,FINANCIALS,UNITED STATES,AVLV,2026-07-16,,,,,,,,,,,,,,,,,,,,,,
SPROUTS FARMERS MARKET INC COMMON STOCK USD.001,SFM,COMMON STOCK,85208M102,US85208M1027,BCGCR79,355305.0,26043856.5,0.15076587357325244,0,,CONSUMER STAPLES,UNITED STATES,AVLV,2026-07-16,,,,,,,,,,,,,,,,,,,,,,
NVR INC COMMON STOCK USD.01,NVR,COMMON STOCK,62944T105,US62944T1051,2637785,3910.0,25405498.7,0.14707046957771516,0,,CONSUMER DISCRETIONARY,UNITED STATES,AVLV,2026-07-16,,,,,,,,,,,,,,,,,,,,,,
UMB FINANCIAL CORP COMMON STOCK USD1.0,UMBF,COMMON STOCK,902788108,US9027881088,2918510,170456.0,24768961.36,0.1433856040845001,0,,FINANCIALS,UNITED STATES,AVLV,2026-07-16,,,,,,,,,,,,,,,,,,,,,,
HF SINCLAIR CORP COMMON STOCK,DINO,COMMON STOCK,403949100,US4039491000,BMZQ9C1,289106.0,24264666.58,0.14046628055631483,0,,ENERGY,UNITED STATES,AVLV,2026-07-16,,,,,,,,,,,,,,,,,,,,,,
SKYWORKS SOLUTIONS INC COMMON STOCK USD.25,SWKS,COMMON STOCK,83088M102,US83088M1027,2961053,418990.0,24096114.9,0.1394905479002299,0,,INFORMATION TECHNOLOGY,UNITED STATES,AVLV,2026-07-16,,,,,,,,,,,,,,,,,,,,,,
INTERDIGITAL INC COMMON STOCK USD.01,IDCC,COMMON STOCK,45867G101,US45867G1013,2465737,88548.0,23926555.08,0.13850897919955674,0,,INFORMATION TECHNOLOGY,UNITED STATES,AVLV,2026-07-16,,,,,,,,,,,,,,,,,,,,,,
ENCOMPASS HEALTH CORP COMMON STOCK USD.01,EHC,COMMON STOCK,29261A100,US29261A1007,BYX2YJ7,216359.0,23773526.92,0.13762311100166882,0,,HEALTH CARE,UNITED STATES,AVLV,2026-07-16,,,,,,,,,,,,,,,,,,,,,,
CHORD ENERGY CORP COMMON STOCK,CHRD,COMMON STOCK,674215207,US6742152076,BLDDYB1,191058.0,23584199.52,0.13652710930728254,0,,ENERGY,UNITED STATES,AVLV,2026-07-16,,,,,,,,,,,,,,,,,,,,,,
ANTERO MIDSTREAM CORP COMMON STOCK,AM,COMMON STOCK,03676B102,US03676B1026,BJBT0Q4,1025475.0,22991149.5,0.133093988550457,0,,ENERGY,UNITED STATES,AVLV,2026-07-16,,,,,,,,,,,,,,,,,,,,,,
ENERSYS COMMON STOCK USD.01,ENS,COMMON STOCK,29275Y102,US29275Y1029,B020GQ5,113590.0,22975849.3,0.13300541687449016,0,,INDUSTRIALS,UNITED STATES,AVLV,2026-07-16,,,,,,,,,,,,,,,,,,,,,,
LEAR CORP COMMON STOCK USD.01,LEA,COMMON STOCK,521865204,US5218652049,B570P91,162883.0,22867144.37,0.13237613243141358,0,,CONSUMER DISCRETIONARY,UNITED STATES,AVLV,2026-07-16,,,,,,,,,,,,,,,,,,,,,,
FORD MOTOR CO COMMON STOCK USD.01,F,COMMON STOCK,345370860,US3453708600,2615468,1598639.0,22668701.02,0.13122735920662051,0,,CONSUMER DISCRETIONARY,UNITED STATES,AVLV,2026-07-16,,,,,,,,,,,,,,,,,,,,,,
DYCOM INDUSTRIES INC COMMON STOCK USD.3333333,DY,COMMON STOCK,267475101,US2674751019,2289841,51481.0,22073508.37,0.12778183493022816,0,,INDUSTRIALS,UNITED STATES,AVLV,2026-07-16,,,,,,,,,,,,,,,,,,,,,,
VF CORP COMMON STOCK,VFC,COMMON STOCK,918204108,US9182041080,2928683,1252853.0,21599185.72,0.12503601774747605,0,,CONSUMER DISCRETIONARY,UNITED STATES,AVLV,2026-07-16,,,,,,,,,,,,,,,,,,,,,,
PAYPAL HOLDINGS INC COMMON STOCK,PYPL,COMMON STOCK,70450Y103,US70450Y1038,BYW36M8,382902.0,21258719.04,0.1230650824356191,0,,FINANCIALS,UNITED STATES,AVLV,2026-07-16,,,,,,,,,,,,,,,,,,,,,,
UNIVERSAL HEALTH SERVICES B COMMON STOCK USD.01,UHS,COMMON STOCK,913903100,US9139031002,2923785,141667.0,20969549.34,0.12139110137865024,0,,HEALTH CARE,UNITED STATES,AVLV,2026-07-16,,,,,,,,,,,,,,,,,,,,,,
LANDSTAR SYSTEM INC COMMON STOCK USD.01,LSTR,COMMON STOCK,515098101,US5150981018,2503994,99245.0,20624103.45,0.11939134180471234,0,,INDUSTRIALS,UNITED STATES,AVLV,2026-07-16,,,,,,,,,,,,,,,,,,,,,,
HANOVER INSURANCE GROUP INC/ COMMON STOCK USD.01,THG,COMMON STOCK,410867105,US4108671052,2020415,95210.0,19698949.0,0.11403569415535472,0,,FINANCIALS,UNITED STATES,AVLV,2026-07-16,,,,,,,,,,,,,,,,,,,,,,
NOV INC COMMON STOCK USD.01,NOV,COMMON STOCK,62955J103,US62955J1034,BN2RYW9,995828.0,19309104.92,0.11177891688895564,0,,ENERGY,UNITED STATES,AVLV,2026-07-16,,,,,,,,,,,,,,,,,,,,,,
ARMSTRONG WORLD INDUSTRIES COMMON STOCK USD.01,AWI,COMMON STOCK,04247X102,US04247X1028,B1FT462,123421.0,19241333.9,0.11138659568901156,0,,INDUSTRIALS,UNITED STATES,AVLV,2026-07-16,,,,,,,,,,,,,,,,,,,,,,
AUTOMATIC DATA PROCESSING COMMON STOCK USD.1,ADP,COMMON STOCK,053015103,US0530151036,2065308,77698.0,19227924.06,0.11130896716106767,0,,INDUSTRIALS,UNITED STATES,AVLV,2026-07-16,,,,,,,,,,,,,,,,,,,,,,
CIRRUS LOGIC INC COMMON STOCK USD.001,CRUS,COMMON STOCK,172755100,US1727551004,2197308,137096.0,19065940.72,0.11037125811788455,0,,INFORMATION TECHNOLOGY,UNITED STATES,AVLV,2026-07-16,,,,,,,,,,,,,,,,,,,,,,
GAP INC/THE COMMON STOCK USD.05,GAP,COMMON STOCK,364760108,US3647601083,2360326,938516.0,19033104.48,0.11018117166089378,0,,CONSUMER DISCRETIONARY,UNITED STATES,AVLV,2026-07-16,,,,,,,,,,,,,,,,,,,,,,
MYR GROUP INC/DELAWARE COMMON STOCK USD.01,MYRG,COMMON STOCK,55405W104,US55405W1045,B3CLS18,45843.0,19023928.14,0.11012805053744171,0,,INDUSTRIALS,UNITED STATES,AVLV,2026-07-16,,,,,,,,,,,,,,,,,,,,,,
FLUOR CORP COMMON STOCK USD.01,FLR,COMMON STOCK,343412102,US3434121022,2696838,370034.0,18786626.18,0.1087543278209137,0,,INDUSTRIALS,UNITED STATES,AVLV,2026-07-16,,,,,,,,,,,,,,,,,,,,,,
MUELLER INDUSTRIES INC COMMON STOCK USD.01,MLI,COMMON STOCK,624756102,US6247561029,2609717,325899.0,18742451.49,0.10849860395268868,0,,INDUSTRIALS,UNITED STATES,AVLV,2026-07-16,,,,,,,,,,,,,,,,,,,,,,
ORMAT TECHNOLOGIES INC COMMON STOCK USD.001,ORA,COMMON STOCK,686688102,US6866881021,B03L311,169886.0,18636494.2,0.10788522538533617,0,,UTILITIES,UNITED STATES,AVLV,2026-07-16,,,,,,,,,,,,,,,,,,,,,,
ONEMAIN HOLDINGS INC COMMON STOCK USD.01,OMF,COMMON STOCK,68268W103,US68268W1036,BYSZB89,303028.0,18357436.24,0.10626978041016631,0,,FINANCIALS,UNITED STATES,AVLV,2026-07-16,,,,,,,,,,,,,,,,,,,,,,
NEWMARKET CORP COMMON STOCK,NEU,COMMON STOCK,651587107,US6515871076,B01CGF1,24071.0,18144719.8,0.10503838136985935,0,,MATERIALS,UNITED STATES,AVLV,2026-07-16,,,,,,,,,,,,,,,,,,,,,,
VISA INC CLASS A SHARES COMMON STOCK USD.0001,V,COMMON STOCK,92826C839,US92826C8394,B2PZN04,50841.0,18055672.74,0.10452289481778015,0,,FINANCIALS,UNITED STATES,AVLV,2026-07-16,,,,,,,,,,,,,,,,,,,,,,
HESS MIDSTREAM LP   CLASS A COMMON STOCK,HESM,COMMON STOCK,428103105,US4281031058,BKPK695,456521.0,17936710.09,0.1038342292259605,0,,ENERGY,UNITED STATES,AVLV,2026-07-16,,,,,,,,,,,,,,,,,,,,,,
VIRTU FINANCIAL INC CLASS A COMMON STOCK USD.00001,VIRT,COMMON STOCK,928254101,US9282541013,BWTVWD4,294101.0,17819579.59,0.10315616980897009,0,,FINANCIALS,UNITED STATES,AVLV,2026-07-16,,,,,,,,,,,,,,,,,,,,,,
AGCO CORP COMMON STOCK USD.01,AGCO,COMMON STOCK,001084102,US0010841023,2010278,153531.0,17639176.59,0.10211183077683651,0,,INDUSTRIALS,UNITED STATES,AVLV,2026-07-16,,,,,,,,,,,,,,,,,,,,,,
GALAXY DIGITAL INC A COMMON STOCK USD.001,GLXY,COMMON STOCK,36317J209,US36317J2096,BV97X10,717547.0,17637305.26,0.10210099779201366,0,,FINANCIALS,UNITED STATES,AVLV,2026-07-16,,,,,,,,,,,,,,,,,,,,,,
BRINKER INTERNATIONAL INC COMMON STOCK USD.1,EAT,COMMON STOCK,109641100,US1096411004,2193544,98043.0,17514401.52,0.10138951753460552,0,,CONSUMER DISCRETIONARY,UNITED STATES,AVLV,2026-07-16,,,,,,,,,,,,,,,,,,,,,,
FOX CORP   CLASS A COMMON STOCK USD.01,FOXA,COMMON STOCK,35137L105,US35137L1052,BJJMGL2,309156.0,17309644.44,0.10020419461453385,0,,COMMUNICATION SERVICES,UNITED STATES,AVLV,2026-07-16,,,,,,,,,,,,,,,,,,,,,,
ESTEE LAUDER COMPANIES CL A COMMON STOCK USD.01,EL,COMMON STOCK,518439104,US5184391044,2320524,207418.0,17072575.58,0.0988318212959005,0,,CONSUMER STAPLES,UNITED STATES,AVLV,2026-07-16,,,,,,,,,,,,,,,,,,,,,,
FEDEX FREIGHT HOLDING CO COMMON STOCK USD.1,FDXF,COMMON STOCK,314352105,US3143521058,BVSVT37,118999.0,16874058.2,0.09768261951715573,0,,INDUSTRIALS,UNITED STATES,AVLV,2026-07-16,,,,,,,,,,,,,,,,,,,,,,
GLOBALSTAR INC COMMON STOCK USD.0001,GSAT,COMMON STOCK,378973507,US3789735079,BRJMM32,208703.0,16806852.59,0.09729357143202774,0,,COMMUNICATION SERVICES,UNITED STATES,AVLV,2026-07-16,,,,,,,,,,,,,,,,,,,,,,
INGREDION INC COMMON STOCK USD.01,INGR,COMMON STOCK,457187102,US4571871023,B7K24P7,166385.0,16500400.45,0.09551954366484616,0,,CONSUMER STAPLES,UNITED STATES,AVLV,2026-07-16,,,,,,,,,,,,,,,,,,,,,,
IES HOLDINGS INC COMMON STOCK USD.01,IESC,COMMON STOCK,44951W106,US44951W1062,BD978B9,26332.0,16481462.12,0.09540991113532933,0,,INDUSTRIALS,UNITED STATES,AVLV,2026-07-16,,,,,,,,,,,,,,,,,,,,,,
EAGLE MATERIALS INC COMMON STOCK USD.01,EXP,COMMON STOCK,26969P108,US26969P1084,2191399,79631.0,16446190.43,0.09520572604640999,0,,MATERIALS,UNITED STATES,AVLV,2026-07-16,,,,,,,,,,,,,,,,,,,,,,
ADVANCED DRAINAGE SYSTEMS IN COMMON STOCK USD.01,WMS,COMMON STOCK,00790R104,US00790R1041,BP7RS59,107327.0,16234282.02,0.09397900462935836,0,,INDUSTRIALS,UNITED STATES,AVLV,2026-07-16,,,,,,,,,,,,,,,,,,,,,,
SIMPSON MANUFACTURING CO INC COMMON STOCK USD.01,SSD,COMMON STOCK,829073105,US8290731053,2809250,85011.0,16118935.71,0.0933112737504618,0,,INDUSTRIALS,UNITED STATES,AVLV,2026-07-16,,,,,,,,,,,,,,,,,,,,,,
AUTONATION INC COMMON STOCK USD.01,AN,COMMON STOCK,05329W102,US05329W1027,2732635,77440.0,15762137.6,0.09124579705182329,0,,CONSUMER DISCRETIONARY,UNITED STATES,AVLV,2026-07-16,,,,,,,,,,,,,,,,,,,,,,
MATADOR RESOURCES CO COMMON STOCK USD.01,MTDR,COMMON STOCK,576485205,US5764852050,B7MSLL8,295637.0,15562331.68,0.0900891360145492,0,,ENERGY,UNITED STATES,AVLV,2026-07-16,,,,,,,,,,,,,,,,,,,,,,
SANMINA CORP COMMON STOCK USD.01,SANM,COMMON STOCK,801056102,US8010561020,B92RRW2,73440.0,15226315.2,0.08814396256674552,0,,INFORMATION TECHNOLOGY,UNITED STATES,AVLV,2026-07-16,,,,,,,,,,,,,,,,,,,,,,
SSC GOVERNMENT MM GVMXX,OTHER,SWEEP INVESTMENT VEHICLE,7839989D1,,,15168630.0,15168630.01,0.08781002745761185,3.5800295,12/31/2030,MISCELLANEOUS,UNITED STATES,AVLV,2026-07-16,,,,,,,,,,,,,,,,,,,,,,
LITHIA MOTORS INC COMMON STOCK,LAD,COMMON STOCK,536797103,US5367971034,2515030,45641.0,15124058.17,0.08755200451871387,0,,CONSUMER DISCRETIONARY,UNITED STATES,AVLV,2026-07-16,,,,,,,,,,,,,,,,,,,,,,
SM ENERGY CO COMMON STOCK USD.01,SM,COMMON STOCK,78454L100,US78454L1008,2764188,503717.0,15076249.81,0.08727524561553436,0,,ENERGY,UNITED STATES,AVLV,2026-07-16,,,,,,,,,,,,,,,,,,,,,,
LINCOLN NATIONAL CORP COMMON STOCK,LNC,COMMON STOCK,534187109,US5341871094,2516378,367234.0,15041904.64,0.08707642407932785,0,,FINANCIALS,UNITED STATES,AVLV,2026-07-16,,,,,,,,,,,,,,,,,,,,,,
COCA COLA CONSOLIDATED INC COMMON STOCK USD1.0,COKE,COMMON STOCK,191098102,US1910981026,2206721,83825.0,14837863.25,0.08589524423338411,0,,CONSUMER STAPLES,UNITED STATES,AVLV,2026-07-16,,,,,,,,,,,,,,,,,,,,,,
MOLSON COORS BEVERAGE CO   B COMMON STOCK USD.01,TAP,COMMON STOCK,60871R209,US60871R2094,B067BM3,374386.0,14829429.46,0.08584642167452525,0,,CONSUMER STAPLES,UNITED STATES,AVLV,2026-07-16,,,,,,,,,,,,,,,,,,,,,,
WEATHERFORD INTERNATIONAL PL COMMON STOCK USD.001,WFRD,COMMON STOCK,G48833118,IE00BLNN3691,BLNN369,173377.0,14183972.37,0.08210992043754832,0,,ENERGY,UNITED STATES,AVLV,2026-07-16,,,,,,,,,,,,,,,,,,,,,,
LANTHEUS HOLDINGS INC COMMON STOCK USD.01,LNTH,COMMON STOCK,516544103,US5165441032,BP8S8J5,134339.0,14014244.48,0.08112737879262738,0,,HEALTH CARE,UNITED STATES,AVLV,2026-07-16,,,,,,,,,,,,,,,,,,,,,,
KODIAK GAS SERVICES INC COMMON STOCK USD.01,KGS,COMMON STOCK,50012A108,US50012A1088,BQLSDK5,203731.0,13770178.29,0.07971449847111872,0,,ENERGY,UNITED STATES,AVLV,2026-07-16,,,,,,,,,,,,,,,,,,,,,,
VALERO ENERGY CORP COMMON STOCK USD.01,VLO,COMMON STOCK,91913Y100,US91913Y1001,2041364,45987.0,13458555.42,0.07791053774736975,0,,ENERGY,UNITED STATES,AVLV,2026-07-16,,,,,,,,,,,,,,,,,,,,,,
CROCS INC COMMON STOCK USD.001,CROX,COMMON STOCK,227046109,US2270461096,B0T7Z62,96295.0,12842864.15,0.07434634854317201,0,,CONSUMER DISCRETIONARY,UNITED STATES,AVLV,2026-07-16,,,,,,,,,,,,,,,,,,,,,,
LAMB WESTON HOLDINGS INC COMMON STOCK USD1.0,LW,COMMON STOCK,513272104,US5132721045,BDQZFJ3,281808.0,12836354.4,0.07430866410325455,0,,CONSUMER STAPLES,UNITED STATES,AVLV,2026-07-16,,,,,,,,,,,,,,,,,,,,,,
BOYD GAMING CORP COMMON STOCK USD.01,BYD,COMMON STOCK,103304101,US1033041013,2117232,139195.0,12199049.8,0.07061935700116495,0,,CONSUMER DISCRETIONARY,UNITED STATES,AVLV,2026-07-16,,,,,,,,,,,,,,,,,,,,,,
APTIV PLC COMMON STOCK USD.01,APTV,COMMON STOCK,G3265R107,JE00BTDN8H13,BTDN8H1,191918.0,11315485.28,0.06550447024404696,0,,CONSUMER DISCRETIONARY,UNITED STATES,AVLV,2026-07-16,,,,,,,,,,,,,,,,,,,,,,
FOX CORP   CLASS B COMMON STOCK USD.01,FOX,COMMON STOCK,35137L204,US35137L2043,BJJMGY5,219095.0,11040197.05,0.0639108479446619,0,,COMMUNICATION SERVICES,UNITED STATES,AVLV,2026-07-16,,,,,,,,,,,,,,,,,,,,,,
U HAUL HOLDING CO NON VOTING COMMON STOCK USD.001,UHAL.B,COMMON STOCK,023586506,US0235865062,BP0VMC3,181312.0,11032835.2,0.06386823076366317,0,,INDUSTRIALS,UNITED STATES,AVLV,2026-07-16,,,,,,,,,,,,,,,,,,,,,,
MGIC INVESTMENT CORP COMMON STOCK USD1.0,MTG,COMMON STOCK,552848103,US5528481030,2548616,383337.0,10767936.33,0.06233475166681293,0,,FINANCIALS,UNITED STATES,AVLV,2026-07-16,,,,,,,,,,,,,,,,,,,,,,
SLM CORP COMMON STOCK USD.2,SLM,COMMON STOCK,78442P106,US78442P1066,2101967,411316.0,10422747.44,0.06033647984602359,0,,FINANCIALS,UNITED STATES,AVLV,2026-07-16,,,,,,,,,,,,,,,,,,,,,,
WINTRUST FINANCIAL CORP COMMON STOCK,WTFC,COMMON STOCK,97650W108,US97650W1080,2425258,63035.0,10250751.7,0.059340809792628145,0,,FINANCIALS,UNITED STATES,AVLV,2026-07-16,,,,,,,,,,,,,,,,,,,,,,
URBAN OUTFITTERS INC COMMON STOCK USD.0001,URBN,COMMON STOCK,917047102,US9170471026,2933438,136293.0,9942574.35,0.05755679491801694,0,,CONSUMER DISCRETIONARY,UNITED STATES,AVLV,2026-07-16,,,,,,,,,,,,,,,,,,,,,,
UNITED THERAPEUTICS CORP COMMON STOCK USD.01,UTHR,COMMON STOCK,91307C102,US91307C1027,2430412,18467.0,9820565.93,0.05685049759893165,0,,HEALTH CARE,UNITED STATES,AVLV,2026-07-16,,,,,,,,,,,,,,,,,,,,,,
INTERNATIONAL PAPER CO COMMON STOCK USD1.0,IP,COMMON STOCK,460146103,US4601461035,2465254,250636.0,9208366.64,0.05330652319722294,0,,MATERIALS,UNITED STATES,AVLV,2026-07-16,,,,,,,,,,,,,,,,,,,,,,
JACK HENRY + ASSOCIATES INC COMMON STOCK USD.01,JKHY,COMMON STOCK,426281101,US4262811015,2469193,61028.0,9060827.16,0.05245242854389295,0,,FINANCIALS,UNITED STATES,AVLV,2026-07-16,,,,,,,,,,,,,,,,,,,,,,
ALASKA AIR GROUP INC COMMON STOCK USD.01,ALK,COMMON STOCK,011659109,US0116591092,2012605,188146.0,9008430.48,0.052149108210648984,0,,INDUSTRIALS,UNITED STATES,AVLV,2026-07-16,,,,,,,,,,,,,,,,,,,,,,
NOBLE CORP PLC COMMON STOCK USD.00001,NE,COMMON STOCK,G65431127,GB00BMXNWH07,BN2QTL0,220158.0,8934011.64,0.05171830329422241,0,,ENERGY,UNITED STATES,AVLV,2026-07-16,,,,,,,,,,,,,,,,,,,,,,
PARAMOUNT SKYDANCE CL B COMMON STOCK USD.001,PSKY,COMMON STOCK,69932A204,US69932A2042,BSNMNQ5,960298.0,8882756.5,0.05142159124786247,0,,COMMUNICATION SERVICES,UNITED STATES,AVLV,2026-07-16,,,,,,,,,,,,,,,,,,,,,,
LEVI STRAUSS + CO  CLASS A COMMON STOCK USD.001,LEVI,COMMON STOCK,52736R102,US52736R1023,BHRWS81,343717.0,8207961.96,0.0475152577789478,0,,CONSUMER DISCRETIONARY,UNITED STATES,AVLV,2026-07-16,,,,,,,,,,,,,,,,,,,,,,
AXALTA COATING SYSTEMS LTD COMMON STOCK USD1.0,AXTA,COMMON STOCK,G0750C108,BMG0750C1082,BSFWCF5,229550.0,7444306.5,0.04309451530803594,0,,MATERIALS,UNITED STATES,AVLV,2026-07-16,,,,,,,,,,,,,,,,,,,,,,
KINSALE CAPITAL GROUP INC COMMON STOCK USD.01,KNSL,COMMON STOCK,49714P108,US49714P1084,BD1MGQ3,22959.0,7337925.99,0.042478686752794204,0,,FINANCIALS,UNITED STATES,AVLV,2026-07-16,,,,,,,,,,,,,,,,,,,,,,
PULTEGROUP INC COMMON STOCK USD.01,PHM,COMMON STOCK,745867101,US7458671010,2708841,51041.0,6400030.99,0.037049285043604725,0,,CONSUMER DISCRETIONARY,UNITED STATES,AVLV,2026-07-16,,,,,,,,,,,,,,,,,,,,,,
ALBERTSONS COS INC   CLASS A COMMON STOCK USD.01,ACI,COMMON STOCK,013091103,US0130911037,BYNQ369,436140.0,6350198.4,0.03676080802931279,0,,CONSUMER STAPLES,UNITED STATES,AVLV,2026-07-16,,,,,,,,,,,,,,,,,,,,,,
OPENDOOR TECHNOLOGIES INC COMMON STOCK USD.0001,OPEN,COMMON STOCK,683712103,US6837121036,BL96T19,1327129.0,6303862.75,0.03649257453056676,0,,REAL ESTATE,UNITED STATES,AVLV,2026-07-16,,,,,,,,,,,,,,,,,,,,,,
ABERCROMBIE + FITCH CO CL A COMMON STOCK USD.01,ANF,COMMON STOCK,002896207,US0028962076,2004185,62958.0,6118888.02,0.035421770106597264,0,,CONSUMER DISCRETIONARY,UNITED STATES,AVLV,2026-07-16,,,,,,,,,,,,,,,,,,,,,,
ERIE INDEMNITY COMPANY CL A COMMON STOCK,ERIE,COMMON STOCK,29530P102,US29530P1021,2311711,27013.0,5677862.47,0.032868707263777726,0,,FINANCIALS,UNITED STATES,AVLV,2026-07-16,,,,,,,,,,,,,,,,,,,,,,
SUPER GROUP SGHC LTD COMMON STOCK,SGHC,COMMON STOCK,G8588X103,GG00BMG42V42,BMG42V4,383982.0,5663734.5,0.03278692153673432,0,,CONSUMER DISCRETIONARY,UNITED STATES,AVLV,2026-07-16,,,,,,,,,,,,,,,,,,,,,,
DILLARDS INC CL A COMMON STOCK,DDS,COMMON STOCK,254067101,US2540671011,2269768,10332.0,5543737.92,0.03209227060400849,0,,CONSUMER DISCRETIONARY,UNITED STATES,AVLV,2026-07-16,,,,,,,,,,,,,,,,,,,,,,
FIRST AMERICAN FINANCIAL COMMON STOCK USD.00001,FAF,COMMON STOCK,31847R102,US31847R1023,B4NFPK4,77053.0,5360577.21,0.03103196740169868,0,,FINANCIALS,UNITED STATES,AVLV,2026-07-16,,,,,,,,,,,,,,,,,,,,,,
MACY S INC COMMON STOCK USD.01,M,COMMON STOCK,55616P104,US55616P1049,2345022,217570.0,5169463.2,0.029925623160025512,0,,CONSUMER DISCRETIONARY,UNITED STATES,AVLV,2026-07-16,,,,,,,,,,,,,,,,,,,,,,
MOHAWK INDUSTRIES INC COMMON STOCK USD.01,MHK,COMMON STOCK,608190104,US6081901042,2598699,43401.0,4839645.51,0.02801633402871878,0,,CONSUMER DISCRETIONARY,UNITED STATES,AVLV,2026-07-16,,,,,,,,,,,,,,,,,,,,,,
CLEAR SECURE INC  CLASS A COMMON STOCK USD.00001,YOU,COMMON STOCK,18467V109,US18467V1098,BLD30T1,83073.0,4539939.45,0.026281358797569834,0,,INFORMATION TECHNOLOGY,UNITED STATES,AVLV,2026-07-16,,,,,,,,,,,,,,,,,,,,,,
PEGASYSTEMS INC COMMON STOCK USD.01,PEGA,COMMON STOCK,705573103,US7055731035,2675860,143685.0,4494466.8,0.026018121139163103,0,,INFORMATION TECHNOLOGY,UNITED STATES,AVLV,2026-07-16,,,,,,,,,,,,,,,,,,,,,,
GRAND CANYON EDUCATION INC COMMON STOCK USD.01,LOPE,COMMON STOCK,38526M106,US38526M1062,B3F1XM1,31574.0,4476245.98,0.025912642219613653,0,,CONSUMER DISCRETIONARY,UNITED STATES,AVLV,2026-07-16,,,,,,,,,,,,,,,,,,,,,,
CABOT CORP COMMON STOCK USD1.0,CBT,COMMON STOCK,127055101,US1270551013,2162500,46264.0,4156357.76,0.024060834023155005,0,,MATERIALS,UNITED STATES,AVLV,2026-07-16,,,,,,,,,,,,,,,,,,,,,,
RAYMOND JAMES FINANCIAL INC COMMON STOCK USD.01,RJF,COMMON STOCK,754730109,US7547301090,2718992,23990.0,4085497.0,0.023650626557011712,0,,FINANCIALS,UNITED STATES,AVLV,2026-07-16,,,,,,,,,,,,,,,,,,,,,,
SMITH (A.O.) CORP COMMON STOCK USD1.0,AOS,COMMON STOCK,831865209,US8318652091,2816023,67076.0,4045353.56,0.023418239283650895,0,,INDUSTRIALS,UNITED STATES,AVLV,2026-07-16,,,,,,,,,,,,,,,,,,,,,,
FACTSET RESEARCH SYSTEMS INC COMMON STOCK USD.01,FDS,COMMON STOCK,303075105,US3030751057,2329770,14872.0,3735697.68,0.02162566531307575,0,,FINANCIALS,UNITED STATES,AVLV,2026-07-16,,,,,,,,,,,,,,,,,,,,,,
PILGRIM S PRIDE CORP COMMON STOCK USD.01,PPC,COMMON STOCK,72147K108,US72147K1088,B5L3PZ2,129336.0,3675729.12,0.021278511951386404,0,,CONSUMER STAPLES,UNITED STATES,AVLV,2026-07-16,,,,,,,,,,,,,,,,,,,,,,
MURPHY OIL CORP COMMON STOCK USD1.0,MUR,COMMON STOCK,626717102,US6267171022,2611206,104492.0,3619602.88,0.020953601483384782,0,,ENERGY,UNITED STATES,AVLV,2026-07-16,,,,,,,,,,,,,,,,,,,,,,
GATX CORP COMMON STOCK USD.625,GATX,COMMON STOCK,361448103,US3614481030,2362128,20390.0,3610865.1,0.020903019149897003,0,,INDUSTRIALS,UNITED STATES,AVLV,2026-07-16,,,,,,,,,,,,,,,,,,,,,,
CAL MAINE FOODS INC COMMON STOCK USD.01,CALM,COMMON STOCK,128030202,US1280302027,2158781,37764.0,3223535.04,0.01866079535108747,0,,CONSUMER STAPLES,UNITED STATES,AVLV,2026-07-16,,,,,,,,,,,,,,,,,,,,,,
ARCHROCK INC COMMON STOCK USD.01,AROC,COMMON STOCK,03957W106,US03957W1062,BYRGSX7,81812.0,3067131.88,0.017755389538894596,0,,ENERGY,UNITED STATES,AVLV,2026-07-16,,,,,,,,,,,,,,,,,,,,,,
FIDELITY NATIONAL FINANCIAL COMMON STOCK USD.0001,FNF,COMMON STOCK,31620R303,US31620R3030,BNBRDD4,56701.0,2842421.13,0.016454556364473953,0,,FINANCIALS,UNITED STATES,AVLV,2026-07-16,,,,,,,,,,,,,,,,,,,,,,
DOCUSIGN INC COMMON STOCK USD.0001,DOCU,COMMON STOCK,256163106,US2561631068,BFYT7B7,54691.0,2797991.56,0.016197357015616615,0,,INFORMATION TECHNOLOGY,UNITED STATES,AVLV,2026-07-16,,,,,,,,,,,,,,,,,,,,,,
MAGNOLIA OIL + GAS CORP   A COMMON STOCK USD.0001,MGY,COMMON STOCK,559663109,US5596631094,BF2GC59,100234.0,2679254.82,0.01550999919933698,0,,ENERGY,UNITED STATES,AVLV,2026-07-16,,,,,,,,,,,,,,,,,,,,,,
MARKEL GROUP INC COMMON STOCK,MKL,COMMON STOCK,570535104,US5705351048,2566436,1257.0,2416921.89,0.013991374130945866,0,,FINANCIALS,UNITED STATES,AVLV,2026-07-16,,,,,,,,,,,,,,,,,,,,,,
VERSIGENT PLC COMMON STOCK USD.01,VGNT,COMMON STOCK,G9600F104,JE00BWK75100,BWK7510,58992.0,2406283.68,0.013929790354982974,0,,CONSUMER DISCRETIONARY,UNITED STATES,AVLV,2026-07-16,,,,,,,,,,,,,,,,,,,,,,
BANK OZK COMMON STOCK,OZK,COMMON STOCK,06417N103,US06417N1037,BZ56Q65,46575.0,2389297.5,0.013831458671026241,0,,FINANCIALS,UNITED STATES,AVLV,2026-07-16,,,,,,,,,,,,,,,,,,,,,,
JEFFERIES FINANCIAL GROUP IN COMMON STOCK USD1.0,JEF,COMMON STOCK,47233W109,US47233W1099,BG0Q4Z2,32710.0,1868722.3,0.010817889049009217,0,,FINANCIALS,UNITED STATES,AVLV,2026-07-16,,,,,,,,,,,,,,,,,,,,,,
COMMERCIAL METALS CO COMMON STOCK USD.01,CMC,COMMON STOCK,201723103,US2017231034,2213260,20383.0,1374018.03,0.007954084242414304,0,,MATERIALS,UNITED STATES,AVLV,2026-07-16,,,,,,,,,,,,,,,,,,,,,,
U HAUL HOLDING CO COMMON STOCK USD.25,UHAL,COMMON STOCK,023586100,US0235861004,2028174,14108.0,978248.72,0.005663006277227645,0,,INDUSTRIALS,UNITED STATES,AVLV,2026-07-16,,,,,,,,,,,,,,,,,,,,,,
TEREX CORP COMMON STOCK USD.01,TEX,COMMON STOCK,880779103,US8807791038,2884224,12992.0,851235.84,0.00492773852576178,0,,INDUSTRIALS,UNITED STATES,AVLV,2026-07-16,,,,,,,,,,,,,,,,,,,,,,
CHEWY INC   CLASS A COMMON STOCK USD.01,CHWY,COMMON STOCK,16679L109,US16679L1098,BJLFHW7,35857.0,760526.97,0.00440263188395577,0,,CONSUMER DISCRETIONARY,UNITED STATES,AVLV,2026-07-16,,,,,,,,,,,,,,,,,,,,,,
WR BERKLEY CORP COMMON STOCK USD.2,WRB,COMMON STOCK,084423102,US0844231029,2093644,10394.0,726332.72,0.00420468401197175,0,,FINANCIALS,UNITED STATES,AVLV,2026-07-16,,,,,,,,,,,,,,,,,,,,,,
OSHKOSH CORP COMMON STOCK USD.01,OSK,COMMON STOCK,688239201,US6882392011,2663520,4658.0,677925.32,0.00392445731250388,0,,INDUSTRIALS,UNITED STATES,AVLV,2026-07-16,,,,,,,,,,,,,,,,,,,,,,
POPULAR INC COMMON STOCK USD.01,BPOP,COMMON STOCK,733174700,PR7331747001,B86QM90,3472.0,593746.72,0.0034371538993103155,0,,FINANCIALS,UNITED STATES,AVLV,2026-07-16,,,,,,,,,,,,,,,,,,,,,,
ENACT HOLDINGS INC COMMON STOCK USD.01,ACT,COMMON STOCK,29249E109,US29249E1091,BNZFTG9,8630.0,387487.0,0.0022431323123470164,0,,FINANCIALS,UNITED STATES,AVLV,2026-07-16,,,,,,,,,,,,,,,,,,,,,,
JABIL INC COMMON STOCK USD.001,JBL,COMMON STOCK,466313103,US4663131039,2471789,1077.0,343756.86,0.0019899819097336153,0,,INFORMATION TECHNOLOGY,UNITED STATES,AVLV,2026-07-16,,,,,,,,,,,,,,,,,,,,,,
INGRAM MICRO HOLDING CORP COMMON STOCK USD.01,INGM,COMMON STOCK,457152106,US4571521065,BS5YN47,8788.0,251248.92,0.001454460590663146,0,,INFORMATION TECHNOLOGY,UNITED STATES,AVLV,2026-07-16,,,,,,,,,,,,,,,,,,,,,,
COMSTOCK RESOURCES INC COMMON STOCK USD.5,CRK,COMMON STOCK,205768302,US2057683029,BD82PS1,15456.0,202009.92,0.0011694198230305425,0,,ENERGY,UNITED STATES,AVLV,2026-07-16,,,,,,,,,,,,,,,,,,,,,,
SMITHFIELD FOODS INC COMMON STOCK NPV,SFD,COMMON STOCK,832248207,US8322482071,BS893N8,4947.0,122487.72,0.0007090719497627375,0,,CONSUMER STAPLES,UNITED STATES,AVLV,2026-07-16,,,,,,,,,,,,,,,,,,,,,,
PACS GROUP INC COMMON STOCK USD.001,PACS,COMMON STOCK,69380Q107,US69380Q1076,BPW6WD7,2690.0,121050.0,0.0007007490997365235,0,,HEALTH CARE,UNITED STATES,AVLV,2026-07-16,,,,,,,,,,,,,,,,,,,,,,
COUPANG INC COMMON STOCK USD.0001,CPNG,COMMON STOCK,22266T109,US22266T1097,BNYHDF3,6487.0,113003.54,0.000654168764329122,0,,CONSUMER DISCRETIONARY,UNITED STATES,AVLV,2026-07-16,,,,,,,,,,,,,,,,,,,,,,
PAYCOM SOFTWARE INC COMMON STOCK USD.01,PAYC,COMMON STOCK,70432V102,US70432V1026,BL95MY0,534.0,77285.82,0.0004474016421924743,0,,INDUSTRIALS,UNITED STATES,AVLV,2026-07-16,,,,,,,,,,,,,,,,,,,,,,
CREDIT ACCEPTANCE CORP COMMON STOCK USD.01,CACC,COMMON STOCK,225310101,US2253101016,2232050,90.0,55465.2,0.00032108375850232324,0,,FINANCIALS,UNITED STATES,AVLV,2026-07-16,,,,,,,,,,,,,,,,,,,,,,
UNUM GROUP COMMON STOCK USD.1,UNM,COMMON STOCK,91529Y106,US91529Y1064,2433842,554.0,49306.0,0.00028542862545732363,0,,FINANCIALS,UNITED STATES,AVLV,2026-07-16,,,,,,,,,,,,,,,,,,,,,,
EDWARDS LIFESCIENCES CORP COMMON STOCK USD1.0,EW,COMMON STOCK,28176E108,US28176E1082,2567116,253.0,22079.31,0.00012781542011816295,0,,HEALTH CARE,UNITED STATES,AVLV,2026-07-16,,,,,,,,,,,,,,,,,,,,,,
SCHNEIDER NATIONAL INC CL B COMMON STOCK,SNDR,COMMON STOCK,80689H102,US80689H1023,BYVN953,483.0,17600.52,0.00010188805076327699,0,,INDUSTRIALS,UNITED STATES,AVLV,2026-07-16,,,,,,,,,,,,,,,,,,,,,,
RADIAN GROUP INC COMMON STOCK USD.001,RDN,COMMON STOCK,750236101,US7502361014,2173911,465.0,17539.8,0.00010153654737347109,0,,FINANCIALS,UNITED STATES,AVLV,2026-07-16,,,,,,,,,,,,,,,,,,,,,,
CNA FINANCIAL CORP COMMON STOCK USD2.5,CNA,COMMON STOCK,126117100,US1261171003,2204866,230.0,11495.4,6.654598266097673e-05,0,,FINANCIALS,UNITED STATES,AVLV,2026-07-16,,,,,,,,,,,,,,,,,,,,,,
FASTENAL CO COMMON STOCK USD.01,FAST,COMMON STOCK,311900104,US3119001044,2332262,200.0,9072.0,5.2517107251629424e-05,0,,INDUSTRIALS,UNITED STATES,AVLV,2026-07-16,,,,,,,,,,,,,,,,,,,,,,
CONSTELLATION BRANDS INC A COMMON STOCK USD.01,STZ,COMMON STOCK,21036P108,US21036P1084,2170473,50.0,6582.0,3.8102689586665e-05,0,,CONSUMER STAPLES,UNITED STATES,AVLV,2026-07-16,,,,,,,,,,,,,,,,,,,,,,
CIPHER DIGITAL INC COMMON STOCK USD1.0,CIFR,COMMON STOCK,17253J106,US17253J1060,BMZ8604,205.0,4073.35,2.3580308512282264e-05,0,,INFORMATION TECHNOLOGY,UNITED STATES,AVLV,2026-07-16,,,,,,,,,,,,,,,,,,,,,,
DELTA AIR LINES INC COMMON STOCK USD.0001,DAL,COMMON STOCK,247361702,US2473617023,B1W9D46,122375.0,10519355.0,1.5084527385808366,0,,INDUSTRIALS,UNITED STATES,AVMV,2026-07-16,,,,,,,,,,,,,,,,,,,,,,
DEVON ENERGY CORP COMMON STOCK USD.1,DVN,COMMON STOCK,25179M103,US25179M1036,2480677,237727.0,10205620.11,1.463463834412391,0,,ENERGY,UNITED STATES,AVMV,2026-07-16,,,,,,,,,,,,,,,,,,,,,,
FLEX LTD COMMON STOCK,FLEX,COMMON STOCK,Y2573F102,SG9999000020,2353058,70205.0,9036787.6,1.2958557823358319,0,,INFORMATION TECHNOLOGY,UNITED STATES,AVMV,2026-07-16,,,,,,,,,,,,,,,,,,,,,,
OLD DOMINION FREIGHT LINE COMMON STOCK USD.1,ODFL,COMMON STOCK,679580100,US6795801009,2656423,38593.0,8692301.39,1.2464572054385001,0,,INDUSTRIALS,UNITED STATES,AVMV,2026-07-16,,,,,,,,,,,,,,,,,,,,,,
AMERIPRISE FINANCIAL INC COMMON STOCK USD.01,AMP,COMMON STOCK,03076C106,US03076C1062,B0J7D57,15921.0,8394824.88,1.2037997177719113,0,,FINANCIALS,UNITED STATES,AVMV,2026-07-16,,,,,,,,,,,,,,,,,,,,,,
TARGA RESOURCES CORP COMMON STOCK USD.001,TRGP,COMMON STOCK,87612G101,US87612G1013,B55PZY3,29710.0,8264133.6,1.1850588710921828,0,,ENERGY,UNITED STATES,AVMV,2026-07-16,,,,,,,,,,,,,,,,,,,,,,
NUCOR CORP COMMON STOCK USD.4,NUE,COMMON STOCK,670346105,US6703461052,2651086,34718.0,8223652.66,1.1792539919143885,0,,MATERIALS,UNITED STATES,AVMV,2026-07-16,,,,,,,,,,,,,,,,,,,,,,
UNITED AIRLINES HOLDINGS INC COMMON STOCK USD.01,UAL,COMMON STOCK,910047109,US9100471096,B4QG225,67821.0,8204306.37,1.1764797758021002,0,,INDUSTRIALS,UNITED STATES,AVMV,2026-07-16,,,,,,,,,,,,,,,,,,,,,,
STATE STREET CORP COMMON STOCK USD1.0,STT,COMMON STOCK,857477103,US8574771031,2842040,43797.0,8172082.23,1.1718589038730312,0,,FINANCIALS,UNITED STATES,AVMV,2026-07-16,,,,,,,,,,,,,,,,,,,,,,
CHIPOTLE MEXICAN GRILL INC COMMON STOCK USD.01,CMG,COMMON STOCK,169656105,US1696561059,B0X7DZ3,232752.0,8060201.76,1.1558154866326005,0,,CONSUMER DISCRETIONARY,UNITED STATES,AVMV,2026-07-16,,,,,,,,,,,,,,,,,,,,,,
CENTENE CORP COMMON STOCK USD.001,CNC,COMMON STOCK,15135B101,US15135B1017,2807061,115109.0,7667410.49,1.099490068684243,0,,HEALTH CARE,UNITED STATES,AVMV,2026-07-16,,,,,,,,,,,,,,,,,,,,,,
ON SEMICONDUCTOR COMMON STOCK USD.01,ON,COMMON STOCK,682189105,US6821891057,2583576,82561.0,7640194.94,1.095587417720426,0,,INFORMATION TECHNOLOGY,UNITED STATES,AVMV,2026-07-16,,,,,,,,,,,,,,,,,,,,,,
CHENIERE ENERGY INC COMMON STOCK USD.003,LNG,COMMON STOCK,16411R208,US16411R2085,2654364,29806.0,7625268.98,1.093447067362638,0,,ENERGY,UNITED STATES,AVMV,2026-07-16,,,,,,,,,,,,,,,,,,,,,,
PRUDENTIAL FINANCIAL INC COMMON STOCK USD.01,PRU,COMMON STOCK,744320102,US7443201022,2819118,63392.0,7292615.68,1.0457453041477875,0,,FINANCIALS,UNITED STATES,AVMV,2026-07-16,,,,,,,,,,,,,,,,,,,,,,
AMERICAN INTERNATIONAL GROUP COMMON STOCK USD2.5,AIG,COMMON STOCK,026874784,US0268747849,2027342,93869.0,7207261.82,1.033505745366337,0,,FINANCIALS,UNITED STATES,AVMV,2026-07-16,,,,,,,,,,,,,,,,,,,,,,
DR HORTON INC COMMON STOCK USD.01,DHI,COMMON STOCK,23331A109,US23331A1097,2250687,47491.0,7197261.05,1.0320716565943147,0,,CONSUMER DISCRETIONARY,UNITED STATES,AVMV,2026-07-16,,,,,,,,,,,,,,,,,,,,,,
HARTFORD INSURANCE GROUP INC COMMON STOCK USD.01,HIG,COMMON STOCK,416515104,US4165151048,2476193,53167.0,7150961.5,1.0254324013365008,0,,FINANCIALS,UNITED STATES,AVMV,2026-07-16,,,,,,,,,,,,,,,,,,,,,,
TARGET CORP COMMON STOCK USD.0833,TGT,COMMON STOCK,87612E106,US87612E1064,2259101,51514.0,7123871.06,1.0215476908758918,0,,CONSUMER STAPLES,UNITED STATES,AVMV,2026-07-16,,,,,,,,,,,,,,,,,,,,,,
IDEXX LABORATORIES INC COMMON STOCK USD.1,IDXX,COMMON STOCK,45168D104,US45168D1046,2459202,12655.0,7049088.1,1.0108239762744564,0,,HEALTH CARE,UNITED STATES,AVMV,2026-07-16,,,,,,,,,,,,,,,,,,,,,,
CARNIVAL CORP LTD COMMON STOCK USD.01,CCL,COMMON STOCK,G2004J103,BMG2004J1036,BVV7RC7,260807.0,6934858.13,0.9944436458193567,0,,CONSUMER DISCRETIONARY,UNITED STATES,AVMV,2026-07-16,,,,,,,,,,,,,,,,,,,,,,
OCCIDENTAL PETROLEUM CORP COMMON STOCK USD.2,OXY,COMMON STOCK,674599105,US6745991058,2655408,125709.0,6759372.93,0.9692794479649819,0,,ENERGY,UNITED STATES,AVMV,2026-07-16,,,,,,,,,,,,,,,,,,,,,,
TECHNIPFMC PLC COMMON STOCK USD1.0,FTI,COMMON STOCK,G87110105,GB00BDSFG982,BDSFG98,92979.0,6719592.33,0.9635749960273501,0,,ENERGY,UNITED STATES,AVMV,2026-07-16,,,,,,,,,,,,,,,,,,,,,,
KROGER CO COMMON STOCK USD1.0,KR,COMMON STOCK,501044101,US5010441013,2497406,110020.0,6222731.2,0.8923261854070346,0,,CONSUMER STAPLES,UNITED STATES,AVMV,2026-07-16,,,,,,,,,,,,,,,,,,,,,,
EMCOR GROUP INC COMMON STOCK USD.01,EME,COMMON STOCK,29084Q100,US29084Q1004,2474164,7964.0,6130050.08,0.8790359134009335,0,,INDUSTRIALS,UNITED STATES,AVMV,2026-07-16,,,,,,,,,,,,,,,,,,,,,,
NORTHERN TRUST CORP COMMON STOCK USD1.666666,NTRS,COMMON STOCK,665859104,US6658591044,2648668,32007.0,6117337.88,0.8772130114356146,0,,FINANCIALS,UNITED STATES,AVMV,2026-07-16,,,,,,,,,,,,,,,,,,,,,,
COMFORT SYSTEMS USA INC COMMON STOCK USD.01,FIX,COMMON STOCK,199908104,US1999081045,2036047,3519.0,6111447.3,0.8763683150133692,0,,INDUSTRIALS,UNITED STATES,AVMV,2026-07-16,,,,,,,,,,,,,,,,,,,,,,
CASEY S GENERAL STORES INC COMMON STOCK,CASY,COMMON STOCK,147528103,US1475281036,2179414,7477.0,6045079.73,0.8668513491234021,0,,CONSUMER STAPLES,UNITED STATES,AVMV,2026-07-16,,,,,,,,,,,,,,,,,,,,,,
JABIL INC COMMON STOCK USD.001,JBL,COMMON STOCK,466313103,US4663131039,2471789,18818.0,6006329.24,0.8612946127301679,0,,INFORMATION TECHNOLOGY,UNITED STATES,AVMV,2026-07-16,,,,,,,,,,,,,,,,,,,,,,
ARCH CAPITAL GROUP LTD COMMON STOCK USD.01,ACGL,COMMON STOCK,G0450A105,BMG0450A1053,2740542,60362.0,5948071.48,0.8529405760410758,0,,FINANCIALS,UNITED STATES,AVMV,2026-07-16,,,,,,,,,,,,,,,,,,,,,,
HALLIBURTON CO COMMON STOCK USD2.5,HAL,COMMON STOCK,406216101,US4062161017,2405302,168119.0,5926194.75,0.8498035003097506,0,,ENERGY,UNITED STATES,AVMV,2026-07-16,,,,,,,,,,,,,,,,,,,,,,
ONEOK INC COMMON STOCK USD.01,OKE,COMMON STOCK,682680103,US6826801036,2130109,62488.0,5688282.64,0.8156874186801216,0,,ENERGY,UNITED STATES,AVMV,2026-07-16,,,,,,,,,,,,,,,,,,,,,,
EQT CORP COMMON STOCK,EQT,COMMON STOCK,26884L109,US26884L1098,2319414,114842.0,5655968.5,0.8110536409458514,0,,ENERGY,UNITED STATES,AVMV,2026-07-16,,,,,,,,,,,,,,,,,,,,,,
M + T BANK CORP COMMON STOCK USD.5,MTB,COMMON STOCK,55261F104,US55261F1049,2340168,22629.0,5623985.37,0.8064673293291328,0,,FINANCIALS,UNITED STATES,AVMV,2026-07-16,,,,,,,,,,,,,,,,,,,,,,
CBRE GROUP INC   A COMMON STOCK USD.01,CBRE,COMMON STOCK,12504L109,US12504L1098,B6WVMH3,39437.0,5576786.17,0.7996990662085492,0,,REAL ESTATE,UNITED STATES,AVMV,2026-07-16,,,,,,,,,,,,,,,,,,,,,,
DOLLAR GENERAL CORP COMMON STOCK USD.875,DG,COMMON STOCK,256677105,US2566771059,B5B1S13,45649.0,5536310.72,0.7938949742848722,0,,CONSUMER STAPLES,UNITED STATES,AVMV,2026-07-16,,,,,,,,,,,,,,,,,,,,,,
ATI INC COMMON STOCK USD.1,ATI,COMMON STOCK,01741R102,US01741R1023,2526117,28249.0,5468723.91,0.7842031720178663,0,,INDUSTRIALS,UNITED STATES,AVMV,2026-07-16,,,,,,,,,,,,,,,,,,,,,,
WILLIAMS SONOMA INC COMMON STOCK USD.01,WSM,COMMON STOCK,969904101,US9699041011,2967589,23258.0,5182812.72,0.743204126206939,0,,CONSUMER DISCRETIONARY,UNITED STATES,AVMV,2026-07-16,,,,,,,,,,,,,,,,,,,,,,
CARPENTER TECHNOLOGY COMMON STOCK USD5.0,CRS,COMMON STOCK,144285103,US1442851036,2177504,8977.0,5180626.7,0.7428906556704287,0,,INDUSTRIALS,UNITED STATES,AVMV,2026-07-16,,,,,,,,,,,,,,,,,,,,,,
RAYMOND JAMES FINANCIAL INC COMMON STOCK USD.01,RJF,COMMON STOCK,754730109,US7547301090,2718992,29996.0,5108318.8,0.7325218593158965,0,,FINANCIALS,UNITED STATES,AVMV,2026-07-16,,,,,,,,,,,,,,,,,,,,,,
DOLLAR TREE INC COMMON STOCK USD.01,DLTR,COMMON STOCK,256746108,US2567461080,2272476,39994.0,5080437.82,0.7285237871303569,0,,CONSUMER STAPLES,UNITED STATES,AVMV,2026-07-16,,,,,,,,,,,,,,,,,,,,,,
FERGUSON ENTERPRISES INC COMMON STOCK USD.0001,FERG,COMMON STOCK,31488V107,US31488V1070,BS6VHW3,22022.0,5076511.44,0.727960752736736,0,,INDUSTRIALS,UNITED STATES,AVMV,2026-07-16,,,,,,,,,,,,,,,,,,,,,,
PAYPAL HOLDINGS INC COMMON STOCK,PYPL,COMMON STOCK,70450Y103,US70450Y1038,BYW36M8,90782.0,5040216.64,0.7227561569743299,0,,FINANCIALS,UNITED STATES,AVMV,2026-07-16,,,,,,,,,,,,,,,,,,,,,,
SYNCHRONY FINANCIAL COMMON STOCK USD.001,SYF,COMMON STOCK,87165B103,US87165B1035,BP96PS6,66593.0,4930545.72,0.7070295844214805,0,,FINANCIALS,UNITED STATES,AVMV,2026-07-16,,,,,,,,,,,,,,,,,,,,,,
BIOGEN INC COMMON STOCK USD.0005,BIIB,COMMON STOCK,09062X103,US09062X1037,2455965,24965.0,4924096.6,0.7061047945721564,0,,HEALTH CARE,UNITED STATES,AVMV,2026-07-16,,,,,,,,,,,,,,,,,,,,,,
EXPEDITORS INTL WASH INC COMMON STOCK USD.01,EXPD,COMMON STOCK,302130109,US3021301094,2325507,27704.0,4923000.8,0.70594765922394,0,,INDUSTRIALS,UNITED STATES,AVMV,2026-07-16,,,,,,,,,,,,,,,,,,,,,,
HUNT (JB) TRANSPRT SVCS INC COMMON STOCK USD.01,JBHT,COMMON STOCK,445658107,US4456581077,2445416,17528.0,4842635.84,0.6944234979043592,0,,INDUSTRIALS,UNITED STATES,AVMV,2026-07-16,,,,,,,,,,,,,,,,,,,,,,
DIAMONDBACK ENERGY INC COMMON STOCK USD.01,FANG,COMMON STOCK,25278X109,US25278X1090,B7Y8YR3,24931.0,4730906.56,0.6784017609826881,0,,ENERGY,UNITED STATES,AVMV,2026-07-16,,,,,,,,,,,,,,,,,,,,,,
DEXCOM INC COMMON STOCK USD.001,DXCM,COMMON STOCK,252131107,US2521311074,B0796X4,64824.0,4714649.52,0.6760705366339311,0,,HEALTH CARE,UNITED STATES,AVMV,2026-07-16,,,,,,,,,,,,,,,,,,,,,,
PULTEGROUP INC COMMON STOCK USD.01,PHM,COMMON STOCK,745867101,US7458671010,2708841,37393.0,4688708.27,0.6723506175319794,0,,CONSUMER DISCRETIONARY,UNITED STATES,AVMV,2026-07-16,,,,,,,,,,,,,,,,,,,,,,
UNITED THERAPEUTICS CORP COMMON STOCK USD.01,UTHR,COMMON STOCK,91307C102,US91307C1027,2430412,8765.0,4661139.35,0.6683972940750075,0,,HEALTH CARE,UNITED STATES,AVMV,2026-07-16,,,,,,,,,,,,,,,,,,,,,,
LPL FINANCIAL HOLDINGS INC COMMON STOCK,LPLA,COMMON STOCK,50212V100,US50212V1008,B75JX34,13720.0,4515526.4,0.6475167122142058,0,,FINANCIALS,UNITED STATES,AVMV,2026-07-16,,,,,,,,,,,,,,,,,,,,,,
VIATRIS INC COMMON STOCK,VTRS,COMMON STOCK,92556V106,US92556V1061,BMWS3X9,268161.0,4472925.48,0.6414078324929622,0,,HEALTH CARE,UNITED STATES,AVMV,2026-07-16,,,,,,,,,,,,,,,,,,,,,,
EXPAND ENERGY CORP COMMON STOCK USD.01,EXE,COMMON STOCK,165167735,US1651677353,BMZ5LZ5,50923.0,4462382.49,0.6398959905465377,0,,ENERGY,UNITED STATES,AVMV,2026-07-16,,,,,,,,,,,,,,,,,,,,,,
T ROWE PRICE GROUP INC COMMON STOCK USD.2,TROW,COMMON STOCK,74144T108,US74144T1088,2702337,37143.0,4404416.94,0.631583856138977,0,,FINANCIALS,UNITED STATES,AVMV,2026-07-16,,,,,,,,,,,,,,,,,,,,,,
PRINCIPAL FINANCIAL GROUP COMMON STOCK USD.01,PFG,COMMON STOCK,74251V102,US74251V1026,2803014,38839.0,4387253.44,0.6291226473881903,0,,FINANCIALS,UNITED STATES,AVMV,2026-07-16,,,,,,,,,,,,,,,,,,,,,,
BURLINGTON STORES INC COMMON STOCK USD.0001,BURL,COMMON STOCK,122017106,US1220171060,BF311Y5,12682.0,4378333.68,0.6278435731103962,0,,CONSUMER DISCRETIONARY,UNITED STATES,AVMV,2026-07-16,,,,,,,,,,,,,,,,,,,,,,
ULTA BEAUTY INC COMMON STOCK,ULTA,COMMON STOCK,90384S303,US90384S3031,B28TS42,9019.0,4204116.66,0.6028612295231334,0,,CONSUMER DISCRETIONARY,UNITED STATES,AVMV,2026-07-16,,,,,,,,,,,,,,,,,,,,,,
HERSHEY CO/THE COMMON STOCK USD1.0,HSY,COMMON STOCK,427866108,US4278661081,2422806,23922.0,4073198.94,0.5840879118375186,0,,CONSUMER STAPLES,UNITED STATES,AVMV,2026-07-16,,,,,,,,,,,,,,,,,,,,,,
SMURFIT WESTROCK PLC COMMON STOCK,SW,COMMON STOCK,G8267P108,IE00028FXN24,BRK49M5,92763.0,4043539.17,0.5798347650160474,0,,MATERIALS,UNITED STATES,AVMV,2026-07-16,,,,,,,,,,,,,,,,,,,,,,
CF INDUSTRIES HOLDINGS INC COMMON STOCK USD.01,CF,COMMON STOCK,125269100,US1252691001,B0G4K50,33598.0,3958516.36,0.567642678088062,0,,MATERIALS,UNITED STATES,AVMV,2026-07-16,,,,,,,,,,,,,,,,,,,,,,
PACKAGING CORP OF AMERICA COMMON STOCK USD.01,PKG,COMMON STOCK,695156109,US6951561090,2504566,17341.0,3951320.26,0.5666107729235246,0,,MATERIALS,UNITED STATES,AVMV,2026-07-16,,,,,,,,,,,,,,,,,,,,,,
DARDEN RESTAURANTS INC COMMON STOCK,DRI,COMMON STOCK,237194105,US2371941053,2289874,20017.0,3924533.02,0.5627695406866601,0,,CONSUMER DISCRETIONARY,UNITED STATES,AVMV,2026-07-16,,,,,,,,,,,,,,,,,,,,,,
FIRST SOLAR INC COMMON STOCK USD.001,FSLR,COMMON STOCK,336433107,US3364331070,B1HMF22,17377.0,3889320.14,0.5577200899105129,0,,INFORMATION TECHNOLOGY,UNITED STATES,AVMV,2026-07-16,,,,,,,,,,,,,,,,,,,,,,
METLIFE INC COMMON STOCK USD.01,MET,COMMON STOCK,59156R108,US59156R1086,2573209,41735.0,3847967.0,0.5517901391405354,0,,FINANCIALS,UNITED STATES,AVMV,2026-07-16,,,,,,,,,,,,,,,,,,,,,,
ESTEE LAUDER COMPANIES CL A COMMON STOCK USD.01,EL,COMMON STOCK,518439104,US5184391044,2320524,45300.0,3728643.0,0.5346793358091125,0,,CONSUMER STAPLES,UNITED STATES,AVMV,2026-07-16,,,,,,,,,,,,,,,,,,,,,,
TALEN ENERGY CORP COMMON STOCK USD.001,TLN,COMMON STOCK,87422Q109,US87422Q1094,BRRF114,9086.0,3635490.32,0.5213214431196705,0,,UTILITIES,UNITED STATES,AVMV,2026-07-16,,,,,,,,,,,,,,,,,,,,,,
PERMIAN RESOURCES CORP CL A COMMON STOCK USD.0001,PR,COMMON STOCK,71424F105,US71424F1057,BQPCHB2,183522.0,3595195.98,0.5155433219779934,0,,ENERGY,UNITED STATES,AVMV,2026-07-16,,,,,,,,,,,,,,,,,,,,,,
CONSTELLATION BRANDS INC A COMMON STOCK USD.01,STZ,COMMON STOCK,21036P108,US21036P1084,2170473,27181.0,3578106.84,0.5130927762902595,0,,CONSUMER STAPLES,UNITED STATES,AVMV,2026-07-16,,,,,,,,,,,,,,,,,,,,,,
BEST BUY CO INC COMMON STOCK USD.1,BBY,COMMON STOCK,086516101,US0865161014,2094670,41537.0,3546013.69,0.5084906880436717,0,,CONSUMER DISCRETIONARY,UNITED STATES,AVMV,2026-07-16,,,,,,,,,,,,,,,,,,,,,,
TD SYNNEX CORP COMMON STOCK USD.001,SNX,COMMON STOCK,87162W100,US87162W1009,2002554,14171.0,3543883.68,0.5081852492199316,0,,INFORMATION TECHNOLOGY,UNITED STATES,AVMV,2026-07-16,,,,,,,,,,,,,,,,,,,,,,
LYONDELLBASELL INDU CL A COMMON STOCK EUR.04,LYB,COMMON STOCK,N53745100,NL0009434992,B3SPXZ3,59511.0,3451638.0,0.49495741836735063,0,,MATERIALS,UNITED STATES,AVMV,2026-07-16,,,,,,,,,,,,,,,,,,,,,,
WR BERKLEY CORP COMMON STOCK USD.2,WRB,COMMON STOCK,084423102,US0844231029,2093644,48118.0,3362485.84,0.4821731915870588,0,,FINANCIALS,UNITED STATES,AVMV,2026-07-16,,,,,,,,,,,,,,,,,,,,,,
VIKING HOLDINGS LTD COMMON STOCK USD.01,VIK,COMMON STOCK,G93A5A101,BMG93A5A1010,BRDXKH1,34108.0,3349064.52,0.4802486033485813,0,,CONSUMER DISCRETIONARY,UNITED STATES,AVMV,2026-07-16,,,,,,,,,,,,,,,,,,,,,,
JAZZ PHARMACEUTICALS PLC COMMON STOCK USD.0001,JAZZ,COMMON STOCK,G50871105,IE00B4Q5ZN47,B4Q5ZN4,13588.0,3251880.16,0.46631257647343294,0,,HEALTH CARE,UNITED STATES,AVMV,2026-07-16,,,,,,,,,,,,,,,,,,,,,,
FASTENAL CO COMMON STOCK USD.01,FAST,COMMON STOCK,311900104,US3119001044,2332262,71341.0,3236027.76,0.4640393766248606,0,,INDUSTRIALS,UNITED STATES,AVMV,2026-07-16,,,,,,,,,,,,,,,,,,,,,,
EAST WEST BANCORP INC COMMON STOCK USD.001,EWBC,COMMON STOCK,27579R104,US27579R1041,2487407,24422.0,3233717.02,0.46370802151029816,0,,FINANCIALS,UNITED STATES,AVMV,2026-07-16,,,,,,,,,,,,,,,,,,,,,,
DECKERS OUTDOOR CORP COMMON STOCK USD.01,DECK,COMMON STOCK,243537107,US2435371073,2267278,30311.0,3229030.83,0.4630360320072335,0,,CONSUMER DISCRETIONARY,UNITED STATES,AVMV,2026-07-16,,,,,,,,,,,,,,,,,,,,,,
INTERNATIONAL PAPER CO COMMON STOCK USD1.0,IP,COMMON STOCK,460146103,US4601461035,2465254,87878.0,3228637.72,0.46297966088409304,0,,MATERIALS,UNITED STATES,AVMV,2026-07-16,,,,,,,,,,,,,,,,,,,,,,
LENNAR CORP W/D COMMON STOCK USD.1,LEN,COMMON STOCK,526057104,US5260571048,2511920,37753.0,3219953.37,0.4617343438907703,0,,CONSUMER DISCRETIONARY,UNITED STATES,AVMV,2026-07-16,,,,,,,,,,,,,,,,,,,,,,
APA CORP COMMON STOCK USD.625,APA,COMMON STOCK,03743Q108,US03743Q1085,BNNF1C1,93893.0,3217713.11,0.4614130954556587,0,,ENERGY,UNITED STATES,AVMV,2026-07-16,,,,,,,,,,,,,,,,,,,,,,
NEXTPOWER INC CL A COMMON STOCK USD.0001,NXT,COMMON STOCK,65290E101,US65290E1010,BR1GTS6,29368.0,3204929.84,0.45958000220616585,0,,INDUSTRIALS,UNITED STATES,AVMV,2026-07-16,,,,,,,,,,,,,,,,,,,,,,
BORGWARNER INC COMMON STOCK USD.01,BWA,COMMON STOCK,099724106,US0997241064,2111955,48819.0,3124904.19,0.44810449720617196,0,,CONSUMER DISCRETIONARY,UNITED STATES,AVMV,2026-07-16,,,,,,,,,,,,,,,,,,,,,,
TRACTOR SUPPLY COMPANY COMMON STOCK USD.008,TSCO,COMMON STOCK,892356106,US8923561067,2900335,103297.0,3116470.49,0.44689512288033456,0,,CONSUMER DISCRETIONARY,UNITED STATES,AVMV,2026-07-16,,,,,,,,,,,,,,,,,,,,,,
LOEWS CORP COMMON STOCK USD.01,L,COMMON STOCK,540424108,US5404241086,2523022,27466.0,3090474.32,0.44316732836925354,0,,FINANCIALS,UNITED STATES,AVMV,2026-07-16,,,,,,,,,,,,,,,,,,,,,,
ROBLOX CORP  CLASS A COMMON STOCK USD.0001,RBLX,COMMON STOCK,771049103,US7710491033,BMWBC20,53160.0,3033841.2,0.43504626153974,0,,COMMUNICATION SERVICES,UNITED STATES,AVMV,2026-07-16,,,,,,,,,,,,,,,,,,,,,,
TYSON FOODS INC CL A COMMON STOCK USD.1,TSN,COMMON STOCK,902494103,US9024941034,2909730,51450.0,2956831.5,0.42400323724193006,0,,CONSUMER STAPLES,UNITED STATES,AVMV,2026-07-16,,,,,,,,,,,,,,,,,,,,,,
WW GRAINGER INC COMMON STOCK USD.5,GWW,COMMON STOCK,384802104,US3848021040,2380863,2098.0,2877281.12,0.41259588493124694,0,,INDUSTRIALS,UNITED STATES,AVMV,2026-07-16,,,,,,,,,,,,,,,,,,,,,,
EXELIXIS INC COMMON STOCK USD.001,EXEL,COMMON STOCK,30161Q104,US30161Q1040,2576941,51191.0,2843660.05,0.4077746962637366,0,,HEALTH CARE,UNITED STATES,AVMV,2026-07-16,,,,,,,,,,,,,,,,,,,,,,
RALPH LAUREN CORP COMMON STOCK USD.01,RL,COMMON STOCK,751212101,US7512121010,B4V9661,7490.0,2801859.2,0.40178054484879655,0,,CONSUMER DISCRETIONARY,UNITED STATES,AVMV,2026-07-16,,,,,,,,,,,,,,,,,,,,,,
COUPANG INC COMMON STOCK USD.0001,CPNG,COMMON STOCK,22266T109,US22266T1097,BNYHDF3,154902.0,2698392.84,0.38694369277060436,0,,CONSUMER DISCRETIONARY,UNITED STATES,AVMV,2026-07-16,,,,,,,,,,,,,,,,,,,,,,
TOLL BROTHERS INC COMMON STOCK USD.01,TOL,COMMON STOCK,889478103,US8894781033,2896092,17587.0,2694152.53,0.3863356414944632,0,,CONSUMER DISCRETIONARY,UNITED STATES,AVMV,2026-07-16,,,,,,,,,,,,,,,,,,,,,,
FIRST CITIZENS BCSHS   CL A COMMON STOCK USD1.0,FCNCA,COMMON STOCK,31946M103,US31946M1036,2355582,1301.0,2693876.62,0.38629607659765147,0,,FINANCIALS,UNITED STATES,AVMV,2026-07-16,,,,,,,,,,,,,,,,,,,,,,
SOUTHWEST AIRLINES CO COMMON STOCK USD1.0,LUV,COMMON STOCK,844741108,US8447411088,2831543,54656.0,2691808.0,0.3859994409670369,0,,INDUSTRIALS,UNITED STATES,AVMV,2026-07-16,,,,,,,,,,,,,,,,,,,,,,
LENNOX INTERNATIONAL INC COMMON STOCK USD.01,LII,COMMON STOCK,526107107,US5261071071,2442053,4894.0,2685190.98,0.38505057462112086,0,,INDUSTRIALS,UNITED STATES,AVMV,2026-07-16,,,,,,,,,,,,,,,,,,,,,,
LULULEMON ATHLETICA INC COMMON STOCK USD.005,LULU,COMMON STOCK,550021109,US5500211090,B23FN39,22588.0,2652282.96,0.3803316357802629,0,,CONSUMER DISCRETIONARY,UNITED STATES,AVMV,2026-07-16,,,,,,,,,,,,,,,,,,,,,,
GLOBE LIFE INC COMMON STOCK USD1.0,GL,COMMON STOCK,37959E102,US37959E1029,BK6YKG1,14482.0,2628627.82,0.3769395399041837,0,,FINANCIALS,UNITED STATES,AVMV,2026-07-16,,,,,,,,,,,,,,,,,,,,,,
RENAISSANCERE HOLDINGS LTD COMMON STOCK USD1.0,RNR,COMMON STOCK,G7496G103,BMG7496G1033,2728429,8468.0,2605857.64,0.3736743453766696,0,,FINANCIALS,UNITED STATES,AVMV,2026-07-16,,,,,,,,,,,,,,,,,,,,,,
NVR INC COMMON STOCK USD.01,NVR,COMMON STOCK,62944T105,US62944T1051,2637785,401.0,2605525.57,0.3736267272574122,0,,CONSUMER DISCRETIONARY,UNITED STATES,AVMV,2026-07-16,,,,,,,,,,,,,,,,,,,,,,
REINSURANCE GROUP OF AMERICA COMMON STOCK USD.01,RGA,COMMON STOCK,759351604,US7593516047,2731193,11115.0,2603466.45,0.3733314539062356,0,,FINANCIALS,UNITED STATES,AVMV,2026-07-16,,,,,,,,,,,,,,,,,,,,,,
MUELLER INDUSTRIES INC COMMON STOCK USD.01,MLI,COMMON STOCK,624756102,US6247561029,2609717,45035.0,2589962.85,0.3713950668938475,0,,INDUSTRIALS,UNITED STATES,AVMV,2026-07-16,,,,,,,,,,,,,,,,,,,,,,
LAS VEGAS SANDS CORP COMMON STOCK USD.001,LVS,COMMON STOCK,517834107,US5178341070,B02T2J7,57639.0,2581650.81,0.37020313834868535,0,,CONSUMER DISCRETIONARY,UNITED STATES,AVMV,2026-07-16,,,,,,,,,,,,,,,,,,,,,,
TEXAS ROADHOUSE INC COMMON STOCK USD.001,TXRH,COMMON STOCK,882681109,US8826811098,B033TJ7,13251.0,2515834.86,0.3607652735727747,0,,CONSUMER DISCRETIONARY,UNITED STATES,AVMV,2026-07-16,,,,,,,,,,,,,,,,,,,,,,
MARKEL GROUP INC COMMON STOCK,MKL,COMMON STOCK,570535104,US5705351048,2566436,1299.0,2497678.23,0.3581616521295495,0,,FINANCIALS,UNITED STATES,AVMV,2026-07-16,,,,,,,,,,,,,,,,,,,,,,
EVEREST GROUP LTD COMMON STOCK USD.01,EG,COMMON STOCK,G3223R108,BMG3223R1088,2556868,6738.0,2453507.94,0.35182772814709906,0,,FINANCIALS,UNITED STATES,AVMV,2026-07-16,,,,,,,,,,,,,,,,,,,,,,
ALLY FINANCIAL INC COMMON STOCK USD.01,ALLY,COMMON STOCK,02005N100,US02005N1000,B72XK05,52608.0,2437854.72,0.3495830902794153,0,,FINANCIALS,UNITED STATES,AVMV,2026-07-16,,,,,,,,,,,,,,,,,,,,,,
OVINTIV INC COMMON STOCK,OVV,COMMON STOCK,69047Q102,US69047Q1022,BJ01KB6,43301.0,2427021.05,0.3480295654501476,0,,ENERGY,UNITED STATES,AVMV,2026-07-16,,,,,,,,,,,,,,,,,,,,,,
FIVE BELOW COMMON STOCK USD.01,FIVE,COMMON STOCK,33829M101,US33829M1018,B85KFY9,12380.0,2389711.4,0.3426794423943146,0,,CONSUMER DISCRETIONARY,UNITED STATES,AVMV,2026-07-16,,,,,,,,,,,,,,,,,,,,,,
ASSURANT INC COMMON STOCK USD.01,AIZ,COMMON STOCK,04621X108,US04621X1081,2331430,8541.0,2339550.72,0.33548650945165065,0,,FINANCIALS,UNITED STATES,AVMV,2026-07-16,,,,,,,,,,,,,,,,,,,,,,
ADVANCED DRAINAGE SYSTEMS IN COMMON STOCK USD.01,WMS,COMMON STOCK,00790R104,US00790R1041,BP7RS59,15200.0,2299152.0,0.32969342044389677,0,,INDUSTRIALS,UNITED STATES,AVMV,2026-07-16,,,,,,,,,,,,,,,,,,,,,,
RYDER SYSTEM INC COMMON STOCK USD.5,R,COMMON STOCK,783549108,US7835491082,2760669,8668.0,2292512.64,0.3287413505903341,0,,INDUSTRIALS,UNITED STATES,AVMV,2026-07-16,,,,,,,,,,,,,,,,,,,,,,
BJ S WHOLESALE CLUB HOLDINGS COMMON STOCK USD.01,BJ,COMMON STOCK,05550J101,US05550J1016,BFZNZF8,24361.0,2198336.64,0.3152367160277978,0,,CONSUMER STAPLES,UNITED STATES,AVMV,2026-07-16,,,,,,,,,,,,,,,,,,,,,,
OWENS CORNING COMMON STOCK USD.001,OC,COMMON STOCK,690742101,US6907421019,B1FW7Q2,15300.0,2196468.0,0.3149687570963403,0,,INDUSTRIALS,UNITED STATES,AVMV,2026-07-16,,,,,,,,,,,,,,,,,,,,,,
AMKOR TECHNOLOGY INC COMMON STOCK USD.001,AMKR,COMMON STOCK,031652100,US0316521006,2242929,32295.0,2184433.8,0.3132430788635371,0,,INFORMATION TECHNOLOGY,UNITED STATES,AVMV,2026-07-16,,,,,,,,,,,,,,,,,,,,,,
SAIA INC COMMON STOCK USD.001,SAIA,COMMON STOCK,78709Y105,US78709Y1055,2982399,4978.0,2076074.9,0.29770464713891076,0,,INDUSTRIALS,UNITED STATES,AVMV,2026-07-16,,,,,,,,,,,,,,,,,,,,,,
MURPHY USA INC COMMON STOCK USD.01,MUSA,COMMON STOCK,626755102,US6267551025,BCZWJ63,3496.0,2075435.36,0.29761293848715104,0,,CONSUMER DISCRETIONARY,UNITED STATES,AVMV,2026-07-16,,,,,,,,,,,,,,,,,,,,,,
KIMBERLY CLARK CORP COMMON STOCK USD1.25,KMB,COMMON STOCK,494368103,US4943681035,2491839,19457.0,2072754.21,0.2972284673803155,0,,CONSUMER STAPLES,UNITED STATES,AVMV,2026-07-16,,,,,,,,,,,,,,,,,,,,,,
EVERCORE INC   A COMMON STOCK USD.01,EVR,COMMON STOCK,29977A105,US29977A1051,B1BHXZ2,5861.0,2072742.65,0.2972268097013363,0,,FINANCIALS,UNITED STATES,AVMV,2026-07-16,,,,,,,,,,,,,,,,,,,,,,
VALMONT INDUSTRIES COMMON STOCK USD1.0,VMI,COMMON STOCK,920253101,US9202531011,2926825,3797.0,2067010.86,0.29640488342140087,0,,INDUSTRIALS,UNITED STATES,AVMV,2026-07-16,,,,,,,,,,,,,,,,,,,,,,
FOX CORP   CLASS A COMMON STOCK USD.01,FOXA,COMMON STOCK,35137L105,US35137L1052,BJJMGL2,36819.0,2061495.81,0.2956140371883466,0,,COMMUNICATION SERVICES,UNITED STATES,AVMV,2026-07-16,,,,,,,,,,,,,,,,,,,,,,
GRACO INC COMMON STOCK USD1.0,GGG,COMMON STOCK,384109104,US3841091040,2380443,27851.0,2047048.5,0.2935423242045538,0,,INDUSTRIALS,UNITED STATES,AVMV,2026-07-16,,,,,,,,,,,,,,,,,,,,,,
KEYCORP COMMON STOCK USD1.0,KEY,COMMON STOCK,493267108,US4932671088,2490911,86476.0,2034780.28,0.29178308801027075,0,,FINANCIALS,UNITED STATES,AVMV,2026-07-16,,,,,,,,,,,,,,,,,,,,,,
NORWEGIAN CRUISE LINE HOLDIN COMMON STOCK USD.001,NCLH,COMMON STOCK,G66721104,BMG667211046,B9CGTC3,102823.0,2028697.79,0.2909108721094013,0,,CONSUMER DISCRETIONARY,UNITED STATES,AVMV,2026-07-16,,,,,,,,,,,,,,,,,,,,,,
FIDELITY NATIONAL FINANCIAL COMMON STOCK USD.0001,FNF,COMMON STOCK,31620R303,US31620R3030,BNBRDD4,39916.0,2000989.08,0.2869375030689951,0,,FINANCIALS,UNITED STATES,AVMV,2026-07-16,,,,,,,,,,,,,,,,,,,,,,
POPULAR INC COMMON STOCK USD.01,BPOP,COMMON STOCK,733174700,PR7331747001,B86QM90,11448.0,1957722.48,0.2807331662765699,0,,FINANCIALS,UNITED STATES,AVMV,2026-07-16,,,,,,,,,,,,,,,,,,,,,,
TORO CO COMMON STOCK USD1.0,TTC,COMMON STOCK,891092108,US8910921084,2897040,20700.0,1945593.0,0.2789938250979937,0,,INDUSTRIALS,UNITED STATES,AVMV,2026-07-16,,,,,,,,,,,,,,,,,,,,,,
STIFEL FINANCIAL CORP COMMON STOCK USD.15,SF,COMMON STOCK,860630102,US8606301021,2849234,24608.0,1937880.0,0.2778877975922508,0,,FINANCIALS,UNITED STATES,AVMV,2026-07-16,,,,,,,,,,,,,,,,,,,,,,
WINTRUST FINANCIAL CORP COMMON STOCK,WTFC,COMMON STOCK,97650W108,US97650W1080,2425258,11605.0,1887205.1,0.27062112661458065,0,,FINANCIALS,UNITED STATES,AVMV,2026-07-16,,,,,,,,,,,,,,,,,,,,,,
PRIMERICA INC COMMON STOCK,PRI,COMMON STOCK,74164M108,US74164M1080,B50K3X8,6158.0,1879791.08,0.26955797219371613,0,,FINANCIALS,UNITED STATES,AVMV,2026-07-16,,,,,,,,,,,,,,,,,,,,,,
ZIONS BANCORP NA COMMON STOCK USD.001,ZION,COMMON STOCK,989701107,US9897011071,2989828,26142.0,1870460.1,0.2682199298579795,0,,FINANCIALS,UNITED STATES,AVMV,2026-07-16,,,,,,,,,,,,,,,,,,,,,,
SOLSTICE ADV MATERIALS INC COMMON STOCK USD.01,SOLS,COMMON STOCK,83443Q103,US83443Q1031,BW2K5V7,30484.0,1860438.52,0.26678285697699894,0,,MATERIALS,UNITED STATES,AVMV,2026-07-16,,,,,,,,,,,,,,,,,,,,,,
APPLIED INDUSTRIAL TECH INC COMMON STOCK,AIT,COMMON STOCK,03820C105,US03820C1053,2086309,5564.0,1823044.6,0.2614206497855625,0,,INDUSTRIALS,UNITED STATES,AVMV,2026-07-16,,,,,,,,,,,,,,,,,,,,,,
ENCOMPASS HEALTH CORP COMMON STOCK USD.01,EHC,COMMON STOCK,29261A100,US29261A1007,BYX2YJ7,16404.0,1802471.52,0.2584705146425768,0,,HEALTH CARE,UNITED STATES,AVMV,2026-07-16,,,,,,,,,,,,,,,,,,,,,,
JACK HENRY + ASSOCIATES INC COMMON STOCK USD.01,JKHY,COMMON STOCK,426281101,US4262811015,2469193,12134.0,1801534.98,0.2583362168336531,0,,FINANCIALS,UNITED STATES,AVMV,2026-07-16,,,,,,,,,,,,,,,,,,,,,,
REGIONS FINANCIAL CORP COMMON STOCK USD.01,RF,COMMON STOCK,7591EP100,US7591EP1005,B01R311,56622.0,1782460.56,0.25560098629092104,0,,FINANCIALS,UNITED STATES,AVMV,2026-07-16,,,,,,,,,,,,,,,,,,,,,,
RANGE RESOURCES CORP COMMON STOCK USD.01,RRC,COMMON STOCK,75281A109,US75281A1097,2523334,49148.0,1771785.4,0.25407019145256937,0,,ENERGY,UNITED STATES,AVMV,2026-07-16,,,,,,,,,,,,,,,,,,,,,,
AUTOLIV INC COMMON STOCK USD1.0,ALV,COMMON STOCK,052800109,US0528001094,2064253,14368.0,1764103.04,0.25296855765650833,0,,CONSUMER DISCRETIONARY,UNITED STATES,AVMV,2026-07-16,,,,,,,,,,,,,,,,,,,,,,
AMERICAN FINANCIAL GROUP INC COMMON STOCK,AFG,COMMON STOCK,025932104,US0259321042,2134532,12599.0,1737150.12,0.24910356726624674,0,,FINANCIALS,UNITED STATES,AVMV,2026-07-16,,,,,,,,,,,,,,,,,,,,,,
CINCINNATI FINANCIAL CORP COMMON STOCK USD2.0,CINF,COMMON STOCK,172062101,US1720621010,2196888,10043.0,1731714.49,0.2483241096892934,0,,FINANCIALS,UNITED STATES,AVMV,2026-07-16,,,,,,,,,,,,,,,,,,,,,,
SKYWORKS SOLUTIONS INC COMMON STOCK USD.25,SWKS,COMMON STOCK,83088M102,US83088M1027,2961053,29957.0,1722827.07,0.24704967289750165,0,,INFORMATION TECHNOLOGY,UNITED STATES,AVMV,2026-07-16,,,,,,,,,,,,,,,,,,,,,,
ANTERO RESOURCES CORP COMMON STOCK USD.01,AR,COMMON STOCK,03674X106,US03674X1063,BFD2WR8,50286.0,1688603.88,0.24214214152523858,0,,ENERGY,UNITED STATES,AVMV,2026-07-16,,,,,,,,,,,,,,,,,,,,,,
JACKSON FINANCIAL INC A COMMON STOCK USD.01,JXN,COMMON STOCK,46817M107,US46817M1071,BMFX6P4,13257.0,1647447.39,0.2362403899396257,0,,FINANCIALS,UNITED STATES,AVMV,2026-07-16,,,,,,,,,,,,,,,,,,,,,,
CULLEN/FROST BANKERS INC COMMON STOCK USD.01,CFR,COMMON STOCK,229899109,US2298991090,2239556,10224.0,1621219.68,0.23247939309369706,0,,FINANCIALS,UNITED STATES,AVMV,2026-07-16,,,,,,,,,,,,,,,,,,,,,,
COREBRIDGE FINANCIAL INC COMMON STOCK USD.01,CRBG,COMMON STOCK,21871X109,US21871X1090,BMTX0G9,50642.0,1613960.54,0.23143844812960548,0,,FINANCIALS,UNITED STATES,AVMV,2026-07-16,,,,,,,,,,,,,,,,,,,,,,
OLD REPUBLIC INTL CORP COMMON STOCK USD1.0,ORI,COMMON STOCK,680223104,US6802231042,2659109,39657.0,1598573.67,0.2292320042754255,0,,FINANCIALS,UNITED STATES,AVMV,2026-07-16,,,,,,,,,,,,,,,,,,,,,,
AXIS CAPITAL HOLDINGS LTD COMMON STOCK USD.0125,AXS,COMMON STOCK,G0692U109,BMG0692U1099,2677606,14410.0,1595331.1,0.22876702675574487,0,,FINANCIALS,UNITED STATES,AVMV,2026-07-16,,,,,,,,,,,,,,,,,,,,,,
UNIVERSAL HEALTH SERVICES B COMMON STOCK USD.01,UHS,COMMON STOCK,913903100,US9139031002,2923785,10698.0,1583517.96,0.22707304804847253,0,,HEALTH CARE,UNITED STATES,AVMV,2026-07-16,,,,,,,,,,,,,,,,,,,,,,
ANTERO MIDSTREAM CORP COMMON STOCK,AM,COMMON STOCK,03676B102,US03676B1026,BJBT0Q4,68920.0,1545186.4,0.22157638531049326,0,,ENERGY,UNITED STATES,AVMV,2026-07-16,,,,,,,,,,,,,,,,,,,,,,
MANHATTAN ASSOCIATES INC COMMON STOCK USD.01,MANH,COMMON STOCK,562750109,US5627501092,2239471,9754.0,1527281.32,0.21900883559280537,0,,INFORMATION TECHNOLOGY,UNITED STATES,AVMV,2026-07-16,,,,,,,,,,,,,,,,,,,,,,
SIMPSON MANUFACTURING CO INC COMMON STOCK USD.01,SSD,COMMON STOCK,829073105,US8290731053,2809250,7953.0,1507968.33,0.21623939462844166,0,,INDUSTRIALS,UNITED STATES,AVMV,2026-07-16,,,,,,,,,,,,,,,,,,,,,,
WESTERN ALLIANCE BANCORP COMMON STOCK USD.0001,WAL,COMMON STOCK,957638109,US9576381092,B0CCGJ4,18072.0,1478108.88,0.211957614127164,0,,FINANCIALS,UNITED STATES,AVMV,2026-07-16,,,,,,,,,,,,,,,,,,,,,,
STRATEGY INC COMMON STOCK USD.001,MSTR,COMMON STOCK,594972408,US5949724083,2974329,15114.0,1473161.58,0.211248182015254,0,,INFORMATION TECHNOLOGY,UNITED STATES,AVMV,2026-07-16,,,,,,,,,,,,,,,,,,,,,,
PARAMOUNT SKYDANCE CL B COMMON STOCK USD.001,PSKY,COMMON STOCK,69932A204,US69932A2042,BSNMNQ5,156386.0,1446570.5,0.20743507869781466,0,,COMMUNICATION SERVICES,UNITED STATES,AVMV,2026-07-16,,,,,,,,,,,,,,,,,,,,,,
MAPLEBEAR INC COMMON STOCK USD.0001,CART,COMMON STOCK,565394103,US5653941030,BN4L6W3,30283.0,1441773.63,0.2067472179223093,0,,CONSUMER STAPLES,UNITED STATES,AVMV,2026-07-16,,,,,,,,,,,,,,,,,,,,,,
COMMERCE BANCSHARES INC COMMON STOCK USD5.0,CBSH,COMMON STOCK,200525103,US2005251036,2213204,24590.0,1430154.4,0.2050810454893321,0,,FINANCIALS,UNITED STATES,AVMV,2026-07-16,,,,,,,,,,,,,,,,,,,,,,
COLUMBIA BANKING SYSTEM INC COMMON STOCK,COLB,COMMON STOCK,197236102,US1972361026,2176608,43383.0,1412984.31,0.20261889174680897,0,,FINANCIALS,UNITED STATES,AVMV,2026-07-16,,,,,,,,,,,,,,,,,,,,,,
AGCO CORP COMMON STOCK USD.01,AGCO,COMMON STOCK,001084102,US0010841023,2010278,12292.0,1412227.88,0.20251042132204958,0,,INDUSTRIALS,UNITED STATES,AVMV,2026-07-16,,,,,,,,,,,,,,,,,,,,,,
VIASAT INC COMMON STOCK USD.0001,VSAT,COMMON STOCK,92552V100,US92552V1008,2946243,20037.0,1411406.28,0.2023926056603462,0,,INFORMATION TECHNOLOGY,UNITED STATES,AVMV,2026-07-16,,,,,,,,,,,,,,,,,,,,,,
VF CORP COMMON STOCK,VFC,COMMON STOCK,918204108,US9182041080,2928683,81692.0,1408370.08,0.20195722115199194,0,,CONSUMER DISCRETIONARY,UNITED STATES,AVMV,2026-07-16,,,,,,,,,,,,,,,,,,,,,,
INTERDIGITAL INC COMMON STOCK USD.01,IDCC,COMMON STOCK,45867G101,US45867G1013,2465737,5207.0,1406983.47,0.20175838427921372,0,,INFORMATION TECHNOLOGY,UNITED STATES,AVMV,2026-07-16,,,,,,,,,,,,,,,,,,,,,,
KIRBY CORP COMMON STOCK USD.1,KEX,COMMON STOCK,497266106,US4972661064,2493534,9648.0,1368954.72,0.1963051438398231,0,,INDUSTRIALS,UNITED STATES,AVMV,2026-07-16,,,,,,,,,,,,,,,,,,,,,,
VOYA FINANCIAL INC COMMON STOCK USD.01,VOYA,COMMON STOCK,929089100,US9290891004,BKWQ2N2,13776.0,1356798.24,0.19456193091968654,0,,FINANCIALS,UNITED STATES,AVMV,2026-07-16,,,,,,,,,,,,,,,,,,,,,,
FOX CORP   CLASS B COMMON STOCK USD.01,FOX,COMMON STOCK,35137L204,US35137L2043,BJJMGY5,26278.0,1324148.42,0.18988001739997248,0,,COMMUNICATION SERVICES,UNITED STATES,AVMV,2026-07-16,,,,,,,,,,,,,,,,,,,,,,
BROWN FORMAN CORP CLASS B COMMON STOCK USD.15,BF.B,COMMON STOCK,115637209,US1156372096,2146838,51560.0,1292609.2,0.1853573615164413,0,,CONSUMER STAPLES,UNITED STATES,AVMV,2026-07-16,,,,,,,,,,,,,,,,,,,,,,
TAPESTRY INC COMMON STOCK USD.01,TPR,COMMON STOCK,876030107,US8760301072,BF09HX3,9204.0,1290953.04,0.18511987175708552,0,,CONSUMER DISCRETIONARY,UNITED STATES,AVMV,2026-07-16,,,,,,,,,,,,,,,,,,,,,,
LINCOLN NATIONAL CORP COMMON STOCK,LNC,COMMON STOCK,534187109,US5341871094,2516378,31366.0,1284751.36,0.18423056426819462,0,,FINANCIALS,UNITED STATES,AVMV,2026-07-16,,,,,,,,,,,,,,,,,,,,,,
LITHIA MOTORS INC COMMON STOCK,LAD,COMMON STOCK,536797103,US5367971034,2515030,3852.0,1276437.24,0.18303833745553455,0,,CONSUMER DISCRETIONARY,UNITED STATES,AVMV,2026-07-16,,,,,,,,,,,,,,,,,,,,,,
FIFTH THIRD BANCORP COMMON STOCK,FITB,COMMON STOCK,316773100,US3167731005,2336747,21957.0,1272188.58,0.18242908880746642,0,,FINANCIALS,UNITED STATES,AVMV,2026-07-16,,,,,,,,,,,,,,,,,,,,,,
CIRRUS LOGIC INC COMMON STOCK USD.001,CRUS,COMMON STOCK,172755100,US1727551004,2197308,9107.0,1266510.49,0.181614862991301,0,,INFORMATION TECHNOLOGY,UNITED STATES,AVMV,2026-07-16,,,,,,,,,,,,,,,,,,,,,,
SMITH (A.O.) CORP COMMON STOCK USD1.0,AOS,COMMON STOCK,831865209,US8318652091,2816023,20523.0,1237742.13,0.1774895424344342,0,,INDUSTRIALS,UNITED STATES,AVMV,2026-07-16,,,,,,,,,,,,,,,,,,,,,,
MOLSON COORS BEVERAGE CO   B COMMON STOCK USD.01,TAP,COMMON STOCK,60871R209,US60871R2094,B067BM3,31202.0,1235911.22,0.17722699390331279,0,,CONSUMER STAPLES,UNITED STATES,AVMV,2026-07-16,,,,,,,,,,,,,,,,,,,,,,
OSHKOSH CORP COMMON STOCK USD.01,OSK,COMMON STOCK,688239201,US6882392011,2663520,8489.0,1235489.06,0.17716645707304904,0,,INDUSTRIALS,UNITED STATES,AVMV,2026-07-16,,,,,,,,,,,,,,,,,,,,,,
INGREDION INC COMMON STOCK USD.01,INGR,COMMON STOCK,457187102,US4571871023,B7K24P7,12445.0,1234170.65,0.17697739993265663,0,,CONSUMER STAPLES,UNITED STATES,AVMV,2026-07-16,,,,,,,,,,,,,,,,,,,,,,
U HAUL HOLDING CO NON VOTING COMMON STOCK USD.001,UHAL.B,COMMON STOCK,023586506,US0235865062,BP0VMC3,20218.0,1230265.3,0.17641738119551764,0,,INDUSTRIALS,UNITED STATES,AVMV,2026-07-16,,,,,,,,,,,,,,,,,,,,,,
ARMSTRONG WORLD INDUSTRIES COMMON STOCK USD.01,AWI,COMMON STOCK,04247X102,US04247X1028,B1FT462,7842.0,1222567.8,0.17531357635622608,0,,INDUSTRIALS,UNITED STATES,AVMV,2026-07-16,,,,,,,,,,,,,,,,,,,,,,
ONEMAIN HOLDINGS INC COMMON STOCK USD.01,OMF,COMMON STOCK,68268W103,US68268W1036,BYSZB89,19987.0,1210812.46,0.17362788604384963,0,,FINANCIALS,UNITED STATES,AVMV,2026-07-16,,,,,,,,,,,,,,,,,,,,,,
SPROUTS FARMERS MARKET INC COMMON STOCK USD.001,SFM,COMMON STOCK,85208M102,US85208M1027,BCGCR79,16308.0,1195376.4,0.171414388450138,0,,CONSUMER STAPLES,UNITED STATES,AVMV,2026-07-16,,,,,,,,,,,,,,,,,,,,,,
CHORD ENERGY CORP COMMON STOCK,CHRD,COMMON STOCK,674215207,US6742152076,BLDDYB1,9538.0,1177370.72,0.16883241291019185,0,,ENERGY,UNITED STATES,AVMV,2026-07-16,,,,,,,,,,,,,,,,,,,,,,
ARGAN INC COMMON STOCK USD.15,AGX,COMMON STOCK,04010E109,US04010E1091,2804501,1913.0,1165476.12,0.1671267530152341,0,,INDUSTRIALS,UNITED STATES,AVMV,2026-07-16,,,,,,,,,,,,,,,,,,,,,,
PAYCOM SOFTWARE INC COMMON STOCK USD.01,PAYC,COMMON STOCK,70432V102,US70432V1026,BL95MY0,8038.0,1163339.74,0.1668204007472814,0,,INDUSTRIALS,UNITED STATES,AVMV,2026-07-16,,,,,,,,,,,,,,,,,,,,,,
LEAR CORP COMMON STOCK USD.01,LEA,COMMON STOCK,521865204,US5218652049,B570P91,8274.0,1161586.86,0.1665690415492694,0,,CONSUMER DISCRETIONARY,UNITED STATES,AVMV,2026-07-16,,,,,,,,,,,,,,,,,,,,,,
MOSAIC CO/THE COMMON STOCK USD.01,MOS,COMMON STOCK,61945C103,US61945C1036,B3NPHP6,50000.0,1152000.0,0.16519430657536738,0,,MATERIALS,UNITED STATES,AVMV,2026-07-16,,,,,,,,,,,,,,,,,,,,,,
APTIV PLC COMMON STOCK USD.01,APTV,COMMON STOCK,G3265R107,JE00BTDN8H13,BTDN8H1,19468.0,1147833.28,0.16459680794594578,0,,CONSUMER DISCRETIONARY,UNITED STATES,AVMV,2026-07-16,,,,,,,,,,,,,,,,,,,,,,
KINSALE CAPITAL GROUP INC COMMON STOCK USD.01,KNSL,COMMON STOCK,49714P108,US49714P1084,BD1MGQ3,3564.0,1139090.04,0.16334304625408638,0,,FINANCIALS,UNITED STATES,AVMV,2026-07-16,,,,,,,,,,,,,,,,,,,,,,
UMB FINANCIAL CORP COMMON STOCK USD1.0,UMBF,COMMON STOCK,902788108,US9027881088,2918510,7824.0,1136905.44,0.16302977934250254,0,,FINANCIALS,UNITED STATES,AVMV,2026-07-16,,,,,,,,,,,,,,,,,,,,,,
CLEAR SECURE INC  CLASS A COMMON STOCK USD.00001,YOU,COMMON STOCK,18467V109,US18467V1098,BLD30T1,20615.0,1126609.75,0.16155339968081425,0,,INFORMATION TECHNOLOGY,UNITED STATES,AVMV,2026-07-16,,,,,,,,,,,,,,,,,,,,,,
ENERSYS COMMON STOCK USD.01,ENS,COMMON STOCK,29275Y102,US29275Y1029,B020GQ5,5511.0,1114709.97,0.1598469969850682,0,,INDUSTRIALS,UNITED STATES,AVMV,2026-07-16,,,,,,,,,,,,,,,,,,,,,,
GAP INC/THE COMMON STOCK USD.05,GAP,COMMON STOCK,364760108,US3647601083,2360326,54927.0,1113919.56,0.15973365390185623,0,,CONSUMER DISCRETIONARY,UNITED STATES,AVMV,2026-07-16,,,,,,,,,,,,,,,,,,,,,,
NOV INC COMMON STOCK USD.01,NOV,COMMON STOCK,62955J103,US62955J1034,BN2RYW9,57095.0,1107072.05,0.15875173578881985,0,,ENERGY,UNITED STATES,AVMV,2026-07-16,,,,,,,,,,,,,,,,,,,,,,
IES HOLDINGS INC COMMON STOCK USD.01,IESC,COMMON STOCK,44951W106,US44951W1062,BD978B9,1765.0,1104731.15,0.1584160557955366,0,,INDUSTRIALS,UNITED STATES,AVMV,2026-07-16,,,,,,,,,,,,,,,,,,,,,,
CLEAN HARBORS INC COMMON STOCK USD.01,CLH,COMMON STOCK,184496107,US1844961078,2202473,3628.0,1100626.36,0.15782743779407177,0,,INDUSTRIALS,UNITED STATES,AVMV,2026-07-16,,,,,,,,,,,,,,,,,,,,,,
TAKE TWO INTERACTIVE SOFTWRE COMMON STOCK USD.01,TTWO,COMMON STOCK,874054109,US8740541094,2122117,4451.0,1085153.8,0.1556087061793619,0,,COMMUNICATION SERVICES,UNITED STATES,AVMV,2026-07-16,,,,,,,,,,,,,,,,,,,,,,
AUTONATION INC COMMON STOCK USD.01,AN,COMMON STOCK,05329W102,US05329W1027,2732635,5322.0,1083239.88,0.15533425419390984,0,,CONSUMER DISCRETIONARY,UNITED STATES,AVMV,2026-07-16,,,,,,,,,,,,,,,,,,,,,,
WEBSTER FINANCIAL CORP COMMON STOCK USD.01,WBS,COMMON STOCK,947890109,US9478901096,2945143,13609.0,1042177.22,0.14944595762720841,0,,FINANCIALS,UNITED STATES,AVMV,2026-07-16,,,,,,,,,,,,,,,,,,,,,,
HESS MIDSTREAM LP   CLASS A COMMON STOCK,HESM,COMMON STOCK,428103105,US4281031058,BKPK695,25841.0,1015292.89,0.1455908028944885,0,,ENERGY,UNITED STATES,AVMV,2026-07-16,,,,,,,,,,,,,,,,,,,,,,
HUNTINGTON INGALLS INDUSTRIE COMMON STOCK USD.01,HII,COMMON STOCK,446413106,US4464131063,B40SSC9,3574.0,992821.46,0.14236844847035054,0,,INDUSTRIALS,UNITED STATES,AVMV,2026-07-16,,,,,,,,,,,,,,,,,,,,,,
DONALDSON CO INC COMMON STOCK USD5.0,DCI,COMMON STOCK,257651109,US2576511099,2276467,11110.0,991789.7,0.142220496319524,0,,INDUSTRIALS,UNITED STATES,AVMV,2026-07-16,,,,,,,,,,,,,,,,,,,,,,
WEATHERFORD INTERNATIONAL PL COMMON STOCK USD.001,WFRD,COMMON STOCK,G48833118,IE00BLNN3691,BLNN369,12085.0,988673.85,0.14177369017356667,0,,ENERGY,UNITED STATES,AVMV,2026-07-16,,,,,,,,,,,,,,,,,,,,,,
SM ENERGY CO COMMON STOCK USD.01,SM,COMMON STOCK,78454L100,US78454L1008,2764188,32866.0,983679.38,0.14105749398575287,0,,ENERGY,UNITED STATES,AVMV,2026-07-16,,,,,,,,,,,,,,,,,,,,,,
BRINKER INTERNATIONAL INC COMMON STOCK USD.1,EAT,COMMON STOCK,109641100,US1096411004,2193544,5505.0,983413.2,0.14101932434988115,0,,CONSUMER DISCRETIONARY,UNITED STATES,AVMV,2026-07-16,,,,,,,,,,,,,,,,,,,,,,
FIRST HORIZON CORP COMMON STOCK USD.625,FHN,COMMON STOCK,320517105,US3205171057,2341484,39217.0,978071.98,0.14025340496258387,0,,FINANCIALS,UNITED STATES,AVMV,2026-07-16,,,,,,,,,,,,,,,,,,,,,,
EAGLE MATERIALS INC COMMON STOCK USD.01,EXP,COMMON STOCK,26969P108,US26969P1084,2191399,4707.0,972136.71,0.13940230009106686,0,,MATERIALS,UNITED STATES,AVMV,2026-07-16,,,,,,,,,,,,,,,,,,,,,,
SOUTHSTATE BANK CORP COMMON STOCK USD2.5,SSB,COMMON STOCK,84472E102,US84472E1029,BVDCQB2,9577.0,968713.55,0.13891142635626086,0,,FINANCIALS,UNITED STATES,AVMV,2026-07-16,,,,,,,,,,,,,,,,,,,,,,
STONEX GROUP INC COMMON STOCK USD.01,SNEX,COMMON STOCK,861896108,US8618961085,BMQ8XV3,8232.0,950055.12,0.1362358478791471,0,,FINANCIALS,UNITED STATES,AVMV,2026-07-16,,,,,,,,,,,,,,,,,,,,,,
NEWMARKET CORP COMMON STOCK,NEU,COMMON STOCK,651587107,US6515871076,B01CGF1,1245.0,938481.0,0.13457614412253244,0,,MATERIALS,UNITED STATES,AVMV,2026-07-16,,,,,,,,,,,,,,,,,,,,,,
ENSIGN GROUP INC/THE COMMON STOCK USD.001,ENSG,COMMON STOCK,29358P101,US29358P1012,B1YWPP8,5557.0,930130.66,0.13337872344026808,0,,HEALTH CARE,UNITED STATES,AVMV,2026-07-16,,,,,,,,,,,,,,,,,,,,,,
MOHAWK INDUSTRIES INC COMMON STOCK USD.01,MHK,COMMON STOCK,608190104,US6081901042,2598699,8330.0,928878.3,0.133199137726915,0,,CONSUMER DISCRETIONARY,UNITED STATES,AVMV,2026-07-16,,,,,,,,,,,,,,,,,,,,,,
GLOBALSTAR INC COMMON STOCK USD.0001,GSAT,COMMON STOCK,378973507,US3789735079,BRJMM32,10726.0,863764.78,0.12386199989264303,0,,COMMUNICATION SERVICES,UNITED STATES,AVMV,2026-07-16,,,,,,,,,,,,,,,,,,,,,,
GLOBALFOUNDRIES INC COMMON STOCK USD.02,GFS,COMMON STOCK,G39387108,KYG393871085,BMW7F63,14009.0,860292.69,0.12336410970174262,0,,INFORMATION TECHNOLOGY,UNITED STATES,AVMV,2026-07-16,,,,,,,,,,,,,,,,,,,,,,
EASTMAN CHEMICAL CO COMMON STOCK USD.01,EMN,COMMON STOCK,277432100,US2774321002,2298386,12244.0,830755.4,0.11912852624717185,0,,MATERIALS,UNITED STATES,AVMV,2026-07-16,,,,,,,,,,,,,,,,,,,,,,
MATADOR RESOURCES CO COMMON STOCK USD.01,MTDR,COMMON STOCK,576485205,US5764852050,B7MSLL8,15705.0,826711.2,0.11854859672056411,0,,ENERGY,UNITED STATES,AVMV,2026-07-16,,,,,,,,,,,,,,,,,,,,,,
NOBLE CORP PLC COMMON STOCK USD.00001,NE,COMMON STOCK,G65431127,GB00BMXNWH07,BN2QTL0,20092.0,815333.36,0.11691703909111491,0,,ENERGY,UNITED STATES,AVMV,2026-07-16,,,,,,,,,,,,,,,,,,,,,,
HECLA MINING CO COMMON STOCK USD.25,HL,COMMON STOCK,422704106,US4227041062,2418601,51300.0,793098.0,0.11372853659401973,0,,MATERIALS,UNITED STATES,AVMV,2026-07-16,,,,,,,,,,,,,,,,,,,,,,
PRIMORIS SERVICES CORP COMMON STOCK USD.0001,PRIM,COMMON STOCK,74164F103,US74164F1030,B1GC200,8572.0,777223.24,0.11145213036984405,0,,INDUSTRIALS,UNITED STATES,AVMV,2026-07-16,,,,,,,,,,,,,,,,,,,,,,
BOYD GAMING CORP COMMON STOCK USD.01,BYD,COMMON STOCK,103304101,US1033041013,2117232,8833.0,774124.12,0.11100772326967578,0,,CONSUMER DISCRETIONARY,UNITED STATES,AVMV,2026-07-16,,,,,,,,,,,,,,,,,,,,,,
SSC GOVERNMENT MM GVMXX,OTHER,SWEEP INVESTMENT VEHICLE,7839989D1,,,772751.0,772750.63,0.11081076777650024,3.5800295,12/31/2030,MISCELLANEOUS,UNITED STATES,AVMV,2026-07-16,,,,,,,,,,,,,,,,,,,,,,
TEREX CORP COMMON STOCK USD.01,TEX,COMMON STOCK,880779103,US8807791038,2884224,11787.0,772284.24,0.11074388845996927,0,,INDUSTRIALS,UNITED STATES,AVMV,2026-07-16,,,,,,,,,,,,,,,,,,,,,,
STERLING INFRASTRUCTURE INC COMMON STOCK USD.01,STRL,COMMON STOCK,859241101,US8592411016,2632876,1116.0,746403.12,0.10703259186987044,0,,INDUSTRIALS,UNITED STATES,AVMV,2026-07-16,,,,,,,,,,,,,,,,,,,,,,
GALAXY DIGITAL INC A COMMON STOCK USD.001,GLXY,COMMON STOCK,36317J209,US36317J2096,BV97X10,29749.0,731230.42,0.10485685953013424,0,,FINANCIALS,UNITED STATES,AVMV,2026-07-16,,,,,,,,,,,,,,,,,,,,,,
FIRST AMERICAN FINANCIAL COMMON STOCK USD.00001,FAF,COMMON STOCK,31847R102,US31847R1023,B4NFPK4,10325.0,718310.25,0.10300413511695207,0,,FINANCIALS,UNITED STATES,AVMV,2026-07-16,,,,,,,,,,,,,,,,,,,,,,
CARLYLE GROUP INC/THE COMMON STOCK USD1.0,CG,COMMON STOCK,14316J108,US14316J1088,BKRTG56,15297.0,705344.67,0.10114489900805673,0,,FINANCIALS,UNITED STATES,AVMV,2026-07-16,,,,,,,,,,,,,,,,,,,,,,
INSTALLED BUILDING PRODUCTS COMMON STOCK USD.01,IBP,COMMON STOCK,45780R101,US45780R1014,BJSP4C9,3073.0,702457.07,0.10073082341806798,0,,CONSUMER DISCRETIONARY,UNITED STATES,AVMV,2026-07-16,,,,,,,,,,,,,,,,,,,,,,
FACTSET RESEARCH SYSTEMS INC COMMON STOCK USD.01,FDS,COMMON STOCK,303075105,US3030751057,2329770,2774.0,696801.06,0.09991976382611195,0,,FINANCIALS,UNITED STATES,AVMV,2026-07-16,,,,,,,,,,,,,,,,,,,,,,
OLD NATIONAL BANCORP COMMON STOCK,ONB,COMMON STOCK,680033107,US6800331075,2658441,26331.0,694611.78,0.09960582581265767,0,,FINANCIALS,UNITED STATES,AVMV,2026-07-16,,,,,,,,,,,,,,,,,,,,,,
KODIAK GAS SERVICES INC COMMON STOCK USD.01,KGS,COMMON STOCK,50012A108,US50012A1088,BQLSDK5,10230.0,691445.7,0.0991518167934197,0,,ENERGY,UNITED STATES,AVMV,2026-07-16,,,,,,,,,,,,,,,,,,,,,,
FLUOR CORP COMMON STOCK USD.01,FLR,COMMON STOCK,343412102,US3434121022,2696838,13198.0,670062.46,0.09608550645996948,0,,INDUSTRIALS,UNITED STATES,AVMV,2026-07-16,,,,,,,,,,,,,,,,,,,,,,
LAMB WESTON HOLDINGS INC COMMON STOCK USD1.0,LW,COMMON STOCK,513272104,US5132721045,BDQZFJ3,14447.0,658060.85,0.09436450156262748,0,,CONSUMER STAPLES,UNITED STATES,AVMV,2026-07-16,,,,,,,,,,,,,,,,,,,,,,
ESSENT GROUP LTD COMMON STOCK USD.015,ESNT,COMMON STOCK,G3198U102,BMG3198U1027,BFWGXR8,10010.0,636636.0,0.09129222444523923,0,,FINANCIALS,UNITED STATES,AVMV,2026-07-16,,,,,,,,,,,,,,,,,,,,,,
URBAN OUTFITTERS INC COMMON STOCK USD.0001,URBN,COMMON STOCK,917047102,US9170471026,2933438,8621.0,628901.95,0.0901831784150576,0,,CONSUMER DISCRETIONARY,UNITED STATES,AVMV,2026-07-16,,,,,,,,,,,,,,,,,,,,,,
COGNIZANT TECH SOLUTIONS A COMMON STOCK USD.01,CTSH,COMMON STOCK,192446102,US1924461023,2257019,14497.0,625980.46,0.08976424307242144,0,,INFORMATION TECHNOLOGY,UNITED STATES,AVMV,2026-07-16,,,,,,,,,,,,,,,,,,,,,,
GENPACT LTD COMMON STOCK USD.01,G,COMMON STOCK,G3922B107,BMG3922B1072,B23DBK6,19489.0,586034.23,0.08403604015128417,0,,INDUSTRIALS,UNITED STATES,AVMV,2026-07-16,,,,,,,,,,,,,,,,,,,,,,
VIRTU FINANCIAL INC CLASS A COMMON STOCK USD.00001,VIRT,COMMON STOCK,928254101,US9282541013,BWTVWD4,9650.0,584693.5,0.0838437823712019,0,,FINANCIALS,UNITED STATES,AVMV,2026-07-16,,,,,,,,,,,,,,,,,,,,,,
NEUROCRINE BIOSCIENCES INC COMMON STOCK USD.001,NBIX,COMMON STOCK,64125C109,US64125C1099,2623911,3329.0,572754.45,0.08213174844245305,0,,HEALTH CARE,UNITED STATES,AVMV,2026-07-16,,,,,,,,,,,,,,,,,,,,,,
MOOG INC CLASS A COMMON STOCK USD1.0,MOG.A,COMMON STOCK,615394202,US6153942023,2601218,1424.0,564174.56,0.08090141078703386,0,,INDUSTRIALS,UNITED STATES,AVMV,2026-07-16,,,,,,,,,,,,,,,,,,,,,,
OSCAR HEALTH INC   CLASS A COMMON STOCK USD.00001,OSCR,COMMON STOCK,687793109,US6877931096,BKY83Q6,18101.0,554071.61,0.07945266962417309,0,,FINANCIALS,UNITED STATES,AVMV,2026-07-16,,,,,,,,,,,,,,,,,,,,,,
KRAFT HEINZ CO/THE COMMON STOCK USD.01,KHC,COMMON STOCK,500754106,US5007541064,BYRY499,21442.0,545698.9,0.07825204113232705,0,,CONSUMER STAPLES,UNITED STATES,AVMV,2026-07-16,,,,,,,,,,,,,,,,,,,,,,
AXALTA COATING SYSTEMS LTD COMMON STOCK USD1.0,AXTA,COMMON STOCK,G0750C108,BMG0750C1082,BSFWCF5,16524.0,535873.32,0.076843074227118,0,,MATERIALS,UNITED STATES,AVMV,2026-07-16,,,,,,,,,,,,,,,,,,,,,,
MGIC INVESTMENT CORP COMMON STOCK USD1.0,MTG,COMMON STOCK,552848103,US5528481030,2548616,18689.0,524974.01,0.0752801367639236,0,,FINANCIALS,UNITED STATES,AVMV,2026-07-16,,,,,,,,,,,,,,,,,,,,,,
LIFE TIME GROUP HOLDINGS INC COMMON STOCK USD.01,LTH,COMMON STOCK,53190C102,US53190C1027,BPH0546,12032.0,505344.0,0.07246523581772783,0,,CONSUMER DISCRETIONARY,UNITED STATES,AVMV,2026-07-16,,,,,,,,,,,,,,,,,,,,,,
FLOWSERVE CORP COMMON STOCK USD1.25,FLS,COMMON STOCK,34354P105,US34354P1057,2288406,7304.0,503172.56,0.0721538560216601,0,,INDUSTRIALS,UNITED STATES,AVMV,2026-07-16,,,,,,,,,,,,,,,,,,,,,,
DOCUSIGN INC COMMON STOCK USD.0001,DOCU,COMMON STOCK,256163106,US2561631068,BFYT7B7,9680.0,495228.8,0.07101473803138134,0,,INFORMATION TECHNOLOGY,UNITED STATES,AVMV,2026-07-16,,,,,,,,,,,,,,,,,,,,,,
COREWEAVE INC CL A COMMON STOCK USD.0001,CRWV,COMMON STOCK,21873S108,US21873S1087,BTTRKN7,6380.0,492025.6,0.07055540608448704,0,,INFORMATION TECHNOLOGY,UNITED STATES,AVMV,2026-07-16,,,,,,,,,,,,,,,,,,,,,,
MYR GROUP INC/DELAWARE COMMON STOCK USD.01,MYRG,COMMON STOCK,55405W104,US55405W1045,B3CLS18,1174.0,487186.52,0.06986149248634232,0,,INDUSTRIALS,UNITED STATES,AVMV,2026-07-16,,,,,,,,,,,,,,,,,,,,,,
ORMAT TECHNOLOGIES INC COMMON STOCK USD.001,ORA,COMMON STOCK,686688102,US6866881021,B03L311,4425.0,485422.5,0.06960853583644208,0,,UTILITIES,UNITED STATES,AVMV,2026-07-16,,,,,,,,,,,,,,,,,,,,,,
ERIE INDEMNITY COMPANY CL A COMMON STOCK,ERIE,COMMON STOCK,29530P102,US29530P1021,2311711,2189.0,460105.91,0.06597819162645693,0,,FINANCIALS,UNITED STATES,AVMV,2026-07-16,,,,,,,,,,,,,,,,,,,,,,
UL SOLUTIONS INC   CLASS A COMMON STOCK USD.001,ULS,COMMON STOCK,903731107,US9037311076,BPW6WJ3,5189.0,455334.75,0.06529401760930405,0,,INDUSTRIALS,UNITED STATES,AVMV,2026-07-16,,,,,,,,,,,,,,,,,,,,,,
LEVI STRAUSS + CO  CLASS A COMMON STOCK USD.001,LEVI,COMMON STOCK,52736R102,US52736R1023,BHRWS81,18964.0,452860.32,0.0649391897030373,0,,CONSUMER DISCRETIONARY,UNITED STATES,AVMV,2026-07-16,,,,,,,,,,,,,,,,,,,,,,
HANOVER INSURANCE GROUP INC/ COMMON STOCK USD.01,THG,COMMON STOCK,410867105,US4108671052,2020415,2181.0,451248.9,0.06470811556284488,0,,FINANCIALS,UNITED STATES,AVMV,2026-07-16,,,,,,,,,,,,,,,,,,,,,,
INSULET CORP COMMON STOCK USD.001,PODD,COMMON STOCK,45784P101,US45784P1012,B1XGNW4,2820.0,449169.6,0.06440994844334647,0,,HEALTH CARE,UNITED STATES,AVMV,2026-07-16,,,,,,,,,,,,,,,,,,,,,,
TRANSOCEAN LTD COMMON STOCK CHF.1,RIG,COMMON STOCK,H8817H100,CH0048265513,B3KFWW1,84296.0,438339.2,0.06285689252500111,0,,ENERGY,UNITED STATES,AVMV,2026-07-16,,,,,,,,,,,,,,,,,,,,,,
TEXAS PACIFIC LAND CORP COMMON STOCK USD.01,TPL,COMMON STOCK,88262P102,US88262P1021,BM99VY2,1052.0,434938.88,0.06236929399675949,0,,ENERGY,UNITED STATES,AVMV,2026-07-16,,,,,,,,,,,,,,,,,,,,,,
BOK FINANCIAL CORPORATION COMMON STOCK USD.00006,BOKF,COMMON STOCK,05561Q201,US05561Q2012,2109091,3103.0,432340.99,0.06199676219371341,0,,FINANCIALS,UNITED STATES,AVMV,2026-07-16,,,,,,,,,,,,,,,,,,,,,,
NEW YORK TIMES CO A COMMON STOCK USD.1,NYT,COMMON STOCK,650111107,US6501111073,2632003,5631.0,423563.82,0.06073813501329317,0,,COMMUNICATION SERVICES,UNITED STATES,AVMV,2026-07-16,,,,,,,,,,,,,,,,,,,,,,
DARLING INGREDIENTS INC COMMON STOCK USD.01,DAR,COMMON STOCK,237266101,US2372661015,2250289,6681.0,405002.22,0.05807644174859756,0,,CONSUMER STAPLES,UNITED STATES,AVMV,2026-07-16,,,,,,,,,,,,,,,,,,,,,,
PEGASYSTEMS INC COMMON STOCK USD.01,PEGA,COMMON STOCK,705573103,US7055731035,2675860,12373.0,387027.44,0.05549889720177049,0,,INFORMATION TECHNOLOGY,UNITED STATES,AVMV,2026-07-16,,,,,,,,,,,,,,,,,,,,,,
HEXCEL CORP COMMON STOCK USD.01,HXL,COMMON STOCK,428291108,US4282911084,2416779,3644.0,374348.12,0.05368071015728509,0,,INDUSTRIALS,UNITED STATES,AVMV,2026-07-16,,,,,,,,,,,,,,,,,,,,,,
LANDSTAR SYSTEM INC COMMON STOCK USD.01,LSTR,COMMON STOCK,515098101,US5150981018,2503994,1771.0,368031.51,0.052774921955152244,0,,INDUSTRIALS,UNITED STATES,AVMV,2026-07-16,,,,,,,,,,,,,,,,,,,,,,
DILLARDS INC CL A COMMON STOCK,DDS,COMMON STOCK,254067101,US2540671011,2269768,657.0,352519.92,0.05055059352292012,0,,CONSUMER DISCRETIONARY,UNITED STATES,AVMV,2026-07-16,,,,,,,,,,,,,,,,,,,,,,
HUNTINGTON BANCSHARES INC COMMON STOCK USD.01,HBAN,COMMON STOCK,446150104,US4461501045,2445966,18499.0,335201.88,0.048067224070624574,0,,FINANCIALS,UNITED STATES,AVMV,2026-07-16,,,,,,,,,,,,,,,,,,,,,,
APTARGROUP INC COMMON STOCK USD.01,ATR,COMMON STOCK,038336103,US0383361039,2045247,2570.0,331812.7,0.047581222994271186,0,,MATERIALS,UNITED STATES,AVMV,2026-07-16,,,,,,,,,,,,,,,,,,,,,,
CHEWY INC   CLASS A COMMON STOCK USD.01,CHWY,COMMON STOCK,16679L109,US16679L1098,BJLFHW7,15500.0,328755.0,0.04714275543245217,0,,CONSUMER DISCRETIONARY,UNITED STATES,AVMV,2026-07-16,,,,,,,,,,,,,,,,,,,,,,
RPM INTERNATIONAL INC COMMON STOCK USD.01,RPM,COMMON STOCK,749685103,US7496851038,2756174,3097.0,319114.88,0.04576038308982775,0,,MATERIALS,UNITED STATES,AVMV,2026-07-16,,,,,,,,,,,,,,,,,,,,,,
UBIQUITI INC COMMON STOCK USD.001,UI,COMMON STOCK,90353W103,US90353W1036,BK9Z6V8,580.0,314673.2,0.045123455791538106,0,,INFORMATION TECHNOLOGY,UNITED STATES,AVMV,2026-07-16,,,,,,,,,,,,,,,,,,,,,,
PAYLOCITY HOLDING CORP COMMON STOCK USD.001,PCTY,COMMON STOCK,70438V106,US70438V1061,BKM4N88,2523.0,310455.15,0.04451859655121673,0,,INDUSTRIALS,UNITED STATES,AVMV,2026-07-16,,,,,,,,,,,,,,,,,,,,,,
JEFFERIES FINANCIAL GROUP IN COMMON STOCK USD1.0,JEF,COMMON STOCK,47233W109,US47233W1099,BG0Q4Z2,5326.0,304274.38,0.04363228751106757,0,,FINANCIALS,UNITED STATES,AVMV,2026-07-16,,,,,,,,,,,,,,,,,,,,,,
WESTLAKE CORP COMMON STOCK USD.01,WLK,COMMON STOCK,960413102,US9604131022,B01ZP20,3791.0,292096.55,0.0418860130471416,0,,MATERIALS,UNITED STATES,AVMV,2026-07-16,,,,,,,,,,,,,,,,,,,,,,
CENTRAL BANCOMPANY COMMON STOCK,CBC,COMMON STOCK,152413100,US1524131000,B3KKGR9,9008.0,282310.72,0.04048274620589644,0,,FINANCIALS,UNITED STATES,AVMV,2026-07-16,,,,,,,,,,,,,,,,,,,,,,
UNUM GROUP COMMON STOCK USD.1,UNM,COMMON STOCK,91529Y106,US91529Y1064,2433842,3136.0,279104.0,0.04002290949862095,0,,FINANCIALS,UNITED STATES,AVMV,2026-07-16,,,,,,,,,,,,,,,,,,,,,,
ARCHROCK INC COMMON STOCK USD.01,AROC,COMMON STOCK,03957W106,US03957W1062,BYRGSX7,7403.0,277538.47,0.03979841588510277,0,,ENERGY,UNITED STATES,AVMV,2026-07-16,,,,,,,,,,,,,,,,,,,,,,
VALLEY NATIONAL BANCORP COMMON STOCK,VLY,COMMON STOCK,919794107,US9197941076,2935326,18519.0,274821.96,0.03940887423080153,0,,FINANCIALS,UNITED STATES,AVMV,2026-07-16,,,,,,,,,,,,,,,,,,,,,,
VALARIS LTD COMMON STOCK USD.01,VAL,COMMON STOCK,G9460G101,BMG9460G1015,BMY0YX0,3453.0,265673.82,0.038097050755320286,0,,ENERGY,UNITED STATES,AVMV,2026-07-16,,,,,,,,,,,,,,,,,,,,,,
SEI INVESTMENTS COMPANY COMMON STOCK USD.01,SEIC,COMMON STOCK,784117103,US7841171033,2793610,2618.0,257009.06,0.03685454292559635,0,,FINANCIALS,UNITED STATES,AVMV,2026-07-16,,,,,,,,,,,,,,,,,,,,,,
PILGRIM S PRIDE CORP COMMON STOCK USD.01,PPC,COMMON STOCK,72147K108,US72147K1088,B5L3PZ2,8639.0,245520.38,0.03520709108005269,0,,CONSUMER STAPLES,UNITED STATES,AVMV,2026-07-16,,,,,,,,,,,,,,,,,,,,,,
RED ROCK RESORTS INC CLASS A COMMON STOCK USD.01,RRR,COMMON STOCK,75700L108,US75700L1089,BYY9947,3222.0,211073.22,0.030267442894557264,0,,CONSUMER DISCRETIONARY,UNITED STATES,AVMV,2026-07-16,,,,,,,,,,,,,,,,,,,,,,
SNAP ON INC COMMON STOCK USD1.0,SNA,COMMON STOCK,833034101,US8330341012,2818740,520.0,209924.0,0.030102647233964778,0,,INDUSTRIALS,UNITED STATES,AVMV,2026-07-16,,,,,,,,,,,,,,,,,,,,,,
SMITHFIELD FOODS INC COMMON STOCK NPV,SFD,COMMON STOCK,832248207,US8322482071,BS893N8,8318.0,205953.68,0.029533311939448883,0,,CONSUMER STAPLES,UNITED STATES,AVMV,2026-07-16,,,,,,,,,,,,,,,,,,,,,,
MARKETAXESS HOLDINGS INC COMMON STOCK USD.003,MKTX,COMMON STOCK,57060D108,US57060D1081,B03Q9D0,1776.0,205358.88,0.029448018906852502,0,,FINANCIALS,UNITED STATES,AVMV,2026-07-16,,,,,,,,,,,,,,,,,,,,,,
BROWN FORMAN CORP CLASS A COMMON STOCK USD.15,BF.A,COMMON STOCK,115637100,US1156371007,2146816,7748.0,197341.56,0.02829835257178929,0,,CONSUMER STAPLES,UNITED STATES,AVMV,2026-07-16,,,,,,,,,,,,,,,,,,,,,,
TRADE DESK INC/THE  CLASS A COMMON STOCK USD.000001,TTD,COMMON STOCK,88339J105,US88339J1051,BD8FDD1,9658.0,187075.46,0.02682621605205545,0,,COMMUNICATION SERVICES,UNITED STATES,AVMV,2026-07-16,,,,,,,,,,,,,,,,,,,,,,
DIGITALOCEAN HOLDINGS INC COMMON STOCK USD.000025,DOCN,COMMON STOCK,25402D102,US25402D1028,BNC23Q1,1548.0,185218.2,0.026559888987966764,0,,INFORMATION TECHNOLOGY,UNITED STATES,AVMV,2026-07-16,,,,,,,,,,,,,,,,,,,,,,
CNA FINANCIAL CORP COMMON STOCK USD2.5,CNA,COMMON STOCK,126117100,US1261171003,2204866,3625.0,181177.5,0.025980461353783527,0,,FINANCIALS,UNITED STATES,AVMV,2026-07-16,,,,,,,,,,,,,,,,,,,,,,
HOULIHAN LOKEY INC COMMON STOCK USD.001,HLI,COMMON STOCK,441593100,US4415931009,BYQ3PM7,1153.0,164763.7,0.023626757960322795,0,,FINANCIALS,UNITED STATES,AVMV,2026-07-16,,,,,,,,,,,,,,,,,,,,,,
TIMKEN CO COMMON STOCK,TKR,COMMON STOCK,887389104,US8873891043,2892807,1143.0,159414.21,0.022859652672925345,0,,INDUSTRIALS,UNITED STATES,AVMV,2026-07-16,,,,,,,,,,,,,,,,,,,,,,
VISHAY INTERTECHNOLOGY INC COMMON STOCK USD.1,VSH,COMMON STOCK,928298108,US9282981086,2930149,3895.0,157552.75,0.02259272333792727,0,,INFORMATION TECHNOLOGY,UNITED STATES,AVMV,2026-07-16,,,,,,,,,,,,,,,,,,,,,,
LENNAR CORP   B SHS COMMON STOCK USD.1,LEN.B,COMMON STOCK,526057302,US5260573028,2578293,1885.0,157209.0,0.02254343033195046,0,,CONSUMER DISCRETIONARY,UNITED STATES,AVMV,2026-07-16,,,,,,,,,,,,,,,,,,,,,,
SUPER GROUP SGHC LTD COMMON STOCK,SGHC,COMMON STOCK,G8588X103,GG00BMG42V42,BMG42V4,10606.0,156438.5,0.022432942299644626,0,,CONSUMER DISCRETIONARY,UNITED STATES,AVMV,2026-07-16,,,,,,,,,,,,,,,,,,,,,,
CIRCLE INTERNET GROUP INC COMMON STOCK,CRCL,COMMON STOCK,172573107,US1725731079,BL6K237,2372.0,155816.68,0.022343774657531176,0,,INFORMATION TECHNOLOGY,UNITED STATES,AVMV,2026-07-16,,,,,,,,,,,,,,,,,,,,,,
POWELL INDUSTRIES INC COMMON STOCK USD.01,POWL,COMMON STOCK,739128106,US7391281067,2697422,602.0,148700.02,0.021323261017051443,0,,INDUSTRIALS,UNITED STATES,AVMV,2026-07-16,,,,,,,,,,,,,,,,,,,,,,
ACUITY INC COMMON STOCK USD.01,AYI,COMMON STOCK,00508Y102,US00508Y1029,2818461,442.0,147857.84,0.02120249422789203,0,,INDUSTRIALS,UNITED STATES,AVMV,2026-07-16,,,,,,,,,,,,,,,,,,,,,,
ARROWHEAD PHARMACEUTICALS IN COMMON STOCK USD.001,ARWR,COMMON STOCK,04280A100,US04280A1007,BYQBFJ8,1960.0,140767.2,0.0201857117990938,0,,HEALTH CARE,UNITED STATES,AVMV,2026-07-16,,,,,,,,,,,,,,,,,,,,,,
PENSKE AUTOMOTIVE GROUP INC COMMON STOCK USD.0001,PAG,COMMON STOCK,70959W103,US70959W1036,2943523,656.0,131462.4,0.01885142361869234,0,,CONSUMER DISCRETIONARY,UNITED STATES,AVMV,2026-07-16,,,,,,,,,,,,,,,,,,,,,,
ENACT HOLDINGS INC COMMON STOCK USD.01,ACT,COMMON STOCK,29249E109,US29249E1091,BNZFTG9,2726.0,122397.4,0.017551522239260306,0,,FINANCIALS,UNITED STATES,AVMV,2026-07-16,,,,,,,,,,,,,,,,,,,,,,
LANTHEUS HOLDINGS INC COMMON STOCK USD.01,LNTH,COMMON STOCK,516544103,US5165441032,BP8S8J5,1156.0,120593.92,0.017292907110768516,0,,HEALTH CARE,UNITED STATES,AVMV,2026-07-16,,,,,,,,,,,,,,,,,,,,,,
TEXTRON INC COMMON STOCK USD.125,TXT,COMMON STOCK,883203101,US8832031012,2885937,1302.0,115552.5,0.016569978394574775,0,,INDUSTRIALS,UNITED STATES,AVMV,2026-07-16,,,,,,,,,,,,,,,,,,,,,,
U HAUL HOLDING CO COMMON STOCK USD.25,UHAL,COMMON STOCK,023586100,US0235861004,2028174,1569.0,108794.46,0.015600890085886759,0,,INDUSTRIALS,UNITED STATES,AVMV,2026-07-16,,,,,,,,,,,,,,,,,,,,,,
CARMAX INC COMMON STOCK USD.5,KMX,COMMON STOCK,143130102,US1431301027,2983563,1381.0,81396.14,0.01167203029966278,0,,CONSUMER DISCRETIONARY,UNITED STATES,AVMV,2026-07-16,,,,,,,,,,,,,,,,,,,,,,
ARCHER DANIELS MIDLAND CO COMMON STOCK,ADM,COMMON STOCK,039483102,US0394831020,2047317,910.0,74893.0,0.010739494099261275,0,,CONSUMER STAPLES,UNITED STATES,AVMV,2026-07-16,,,,,,,,,,,,,,,,,,,,,,
LYFT INC A COMMON STOCK USD.00001,LYFT,COMMON STOCK,55087P104,US55087P1049,BJT1RW7,4420.0,71736.6,0.010286873171071615,0,,INDUSTRIALS,UNITED STATES,AVMV,2026-07-16,,,,,,,,,,,,,,,,,,,,,,
COMSTOCK RESOURCES INC COMMON STOCK USD.5,CRK,COMMON STOCK,205768302,US2057683029,BD82PS1,5173.0,67611.11,0.009695286834410493,0,,ENERGY,UNITED STATES,AVMV,2026-07-16,,,,,,,,,,,,,,,,,,,,,,
CARLISLE COS INC COMMON STOCK USD1.0,CSL,COMMON STOCK,142339100,US1423391002,2176318,194.0,66755.4,0.009572579872535833,0,,INDUSTRIALS,UNITED STATES,AVMV,2026-07-16,,,,,,,,,,,,,,,,,,,,,,
HF SINCLAIR CORP COMMON STOCK,DINO,COMMON STOCK,403949100,US4039491000,BMZQ9C1,503.0,42216.79,0.006053796310666584,0,,ENERGY,UNITED STATES,AVMV,2026-07-16,,,,,,,,,,,,,,,,,,,,,,
INGRAM MICRO HOLDING CORP COMMON STOCK USD.01,INGM,COMMON STOCK,457152106,US4571521065,BS5YN47,828.0,23672.52,0.0033945881304613857,0,,INFORMATION TECHNOLOGY,UNITED STATES,AVMV,2026-07-16,,,,,,,,,,,,,,,,,,,,,,
PACS GROUP INC COMMON STOCK USD.001,PACS,COMMON STOCK,69380Q107,US69380Q1076,BPW6WD7,354.0,15930.0,0.002284327520612502,0,,HEALTH CARE,UNITED STATES,AVMV,2026-07-16,,,,,,,,,,,,,,,,,,,,,,
ALIGN TECHNOLOGY INC COMMON STOCK USD.0001,ALGN,COMMON STOCK,016255101,US0162551016,2679204,86.0,15588.36,0.0022353370840687446,0,,HEALTH CARE,UNITED STATES,AVMV,2026-07-16,,,,,,,,,,,,,,,,,,,,,,
JONES LANG LASALLE INC COMMON STOCK USD.01,JLL,COMMON STOCK,48020Q107,US48020Q1076,2040640,47.0,15411.77,0.0022100144602856336,0,,REAL ESTATE,UNITED STATES,AVMV,2026-07-16,,,,,,,,,,,,,,,,,,,,,,
MATTEL INC COMMON STOCK USD1.0,MAT,COMMON STOCK,577081102,US5770811025,2572303,996.0,13804.56,0.001979544024980949,0,,CONSUMER DISCRETIONARY,UNITED STATES,AVMV,2026-07-16,,,,,,,,,,,,,,,,,,,,,,
SANMINA CORP COMMON STOCK USD.01,SANM,COMMON STOCK,801056102,US8010561020,B92RRW2,35.0,7256.55,0.001040573563697467,0,,INFORMATION TECHNOLOGY,UNITED STATES,AVMV,2026-07-16,,,,,,,,,,,,,,,,,,,,,,
C.H. ROBINSON WORLDWIDE INC COMMON STOCK USD.1,CHRW,COMMON STOCK,12541W209,US12541W2098,2116228,1.0,197.5,2.8321072524856823e-05,0,,INDUSTRIALS,UNITED STATES,AVMV,2026-07-16,,,,,,,,,,,,,,,,,,,,,,
NATIONAL BEVERAGE CORP COMMON STOCK USD.01,FIZZ,COMMON STOCK,635017106,US6350171061,2638625,5.0,154.25,2.21191161365021e-05,0,,CONSUMER STAPLES,UNITED STATES,AVMV,2026-07-16,,,,,,,,,,,,,,,,,,,,,,
OLIN CORP COMMON STOCK USD1.0,OLN,COMMON STOCK,680665205,US6806652052,2658526,6.0,131.16,1.8808060113216305e-05,0,,MATERIALS,UNITED STATES,AVMV,2026-07-16,,,,,,,,,,,,,,,,,,,,,,
PINNACLE FINANCIAL PARTNERS COMMON STOCK USD1.0,PNFP,COMMON STOCK,72348N109,US72348N1090,BV6GRD0,1.0,99.81,1.431253796813144e-05,0,,FINANCIALS,UNITED STATES,AVMV,2026-07-16,,,,,,,,,,,,,,,,,,,,,,
CLARIVATE PLC COMMON STOCK USD.01,CLVT,COMMON STOCK,G21810109,JE00BJJN4441,BJJN444,40.0,93.6,1.3422037409248599e-05,0,,INDUSTRIALS,UNITED STATES,AVMV,2026-07-16,,,,,,,,,,,,,,,,,,,,,,
BRUNSWICK CORP COMMON STOCK USD.75,BC,COMMON STOCK,117043109,US1170431092,2149309,1.0,79.0,1.1328429009942728e-05,0,,CONSUMER DISCRETIONARY,UNITED STATES,AVMV,2026-07-16,,,,,,,,,,,,,,,,,,,,,,
MERITAGE HOMES CORP COMMON STOCK USD.01,MTH,COMMON STOCK,59001A102,US59001A1025,2601326,1.0,75.17,1.0779215299713861e-05,0,,CONSUMER DISCRETIONARY,UNITED STATES,AVMV,2026-07-16,,,,,,,,,,,,,,,,,,,,,,
PATTERSON UTI ENERGY INC COMMON STOCK USD.01,PTEN,COMMON STOCK,703481101,US7034811015,2672537,4.0,39.36,5.644138807991719e-06,0,,ENERGY,UNITED STATES,AVMV,2026-07-16,,,,,,,,,,,,,,,,,,,,,,
MU 09/18/2026 950 C,2MU   260918C00950000,,2MU   260918C00950000,,,23.0,284354.29,0.6054563202741388,,,,,KYLD,2026-07-16,MU,950.0,2026-09-18,Call,872.9450073242188,64.0,-0.08111051860608552,,,,,,,,,,,,,,,
MU 09/18/2026 950 P,2MU   260918P00950000,,2MU   260918P00950000,,,-23.0,-373074.72,-0.7943627196850261,,,,,KYLD,2026-07-16,MU,950.0,2026-09-18,Put,872.9450073242188,64.0,0.08111051860608552,,,,,,,,,,,,,,,
United States Treasury Bill 09/03/2026,912797RS8,,912797RS8,,,4100000.0,4079721.28,8.686674056976244,,,,,KYLD,2026-07-16,,,,,,,,,,,,,,,,,,,,,,
United States Treasury Bill 12/24/2026,912797TC1,,912797TC1,,,5000000.0,4916343.35,10.4680367364784,,,,,KYLD,2026-07-16,,,,,,,,,,,,,,,,,,,,,,
United States Treasury Bill 03/18/2027,912797UD7,,912797UD7,,,4800000.0,4679702.4,9.96417319774587,,,,,KYLD,2026-07-16,,,,,,,,,,,,,,,,,,,,,,
AMAT US 07/17/26 C760,AMAT  260717C00760000,,AMAT  260717C00760000,,,-34.0,-119.0,-0.0002533786359003851,,,,,KYLD,2026-07-16,AMAT,760.0,2026-07-17,Call,584.8099975585938,1.0,-0.23051316110711348,,,,,,,,,,,,,,,
AMAT US 09/18/26 C600,AMAT  260918C00600000,,AMAT  260918C00600000,,,34.0,257805.0,0.5489267162041914,,,,,KYLD,2026-07-16,AMAT,600.0,2026-09-18,Call,584.8099975585938,64.0,-0.025316670735677085,,,,,,,,,,,,,,,
AMAT US 09/18/26 P600,AMAT  260918P00600000,,AMAT  260918P00600000,,,-34.0,-308890.0,-0.6576985449014282,,,,,KYLD,2026-07-16,AMAT,600.0,2026-09-18,Put,584.8099975585938,64.0,0.025316670735677085,,,,,,,,,,,,,,,
Advanced Micro Devices Inc,AMD,,007903107,,,5425.0,2870584.5,6.11214104913268,,,,,KYLD,2026-07-16,,,,,,,,,,,,,,,,,,,,,,
AMD US 07/17/26 C620,AMD   260717C00620000,,AMD   260717C00620000,,,-35.0,-857.5,-0.0018258166410468927,,,,,KYLD,2026-07-16,AMD,620.0,2026-07-17,Call,515.3916015625,1.0,-0.16872322328629033,,,,,,,,,,,,,,,
AppLovin Corp,APP,,03831W108,,,3906.0,1768363.38,3.7652563109293644,,,,,KYLD,2026-07-16,,,,,,,,,,,,,,,,,,,,,,
Broadcom Inc,AVGO,,11135F101,,,4774.0,1882292.72,4.0078383341077775,,,,,KYLD,2026-07-16,,,,,,,,,,,,,,,,,,,,,,
AVGO US 07/17/26 C400,AVGO  260717C00400000,,AVGO  260717C00400000,,,-45.0,-18900.0,-0.04024248923123763,,,,,KYLD,2026-07-16,AVGO,400.0,2026-07-17,Call,384.2049865722656,1.0,-0.03948753356933594,,,,,,,,,,,,,,,
BE US 07/17/26 C365,BE    260717C00365000,,BE    260717C00365000,,,-24.0,-1428.0,-0.0030405436308046214,,,,,KYLD,2026-07-16,BE,365.0,2026-07-17,Call,228.03500366210938,1.0,-0.3752465653092894,,,,,,,,,,,,,,,
BE US 09/18/26 C290,BE    260918C00290000,,BE    260918C00290000,,,24.0,93720.0,0.1995516450133117,,,,,KYLD,2026-07-16,BE,290.0,2026-09-18,Call,228.03500366210938,64.0,-0.21367240116514008,,,,,,,,,,,,,,,
BE US 09/18/26 P290,BE    260918P00290000,,BE    260918P00290000,,,-24.0,-213540.0,-0.4546762513459516,,,,,KYLD,2026-07-16,BE,290.0,2026-09-18,Put,228.03500366210938,64.0,0.21367240116514008,,,,,,,,,,,,,,,
BWX Technologies Inc,BWXT,,05605H100,,,12369.0,2188199.79,4.659185528300077,,,,,KYLD,2026-07-16,,,,,,,,,,,,,,,,,,,,,,
BWXT US 07/17/26 C230,BWXT  260717C00230000,,BWXT  260717C00230000,,,-100.0,-250.0,-0.0005323080586142544,,,,,KYLD,2026-07-16,BWXT,230.0,2026-07-17,Call,,1.0,,,,,,,,,,,,,,,,
FIDELITY INV MMKT GOVT-I  12/31/2031,FIGXX,,316175108,,,1632472.75,1632472.75,3.4759136011726923,,,,,KYLD,2026-07-16,,,,,,,,,,,,,,,,,,,,,,
VanEck Gold Miners ETF/USA,GDX,,92189F106,,,32116.0,2376584.0,5.060299260694797,,,,,KYLD,2026-07-16,,,,,,,,,,,,,,,,,,,,,,
GDX US 07/17/26 C84,GDX   260717C00084000,,GDX   260717C00084000,,,-303.0,-454.5,-0.0009677360505607144,,,,,KYLD,2026-07-16,GDX,84.0,2026-07-17,Call,72.05500030517578,1.0,-0.14220237731933594,,,,,,,,,,,,,,,
Hims & Hers Health Inc,HIMS,,433000106,,,54901.0,2040670.17,4.345060705858882,,,,,KYLD,2026-07-16,,,,,,,,,,,,,,,,,,,,,,
HIMS US 07/17/26 C42,HIMS  260717C00042000,,HIMS  260717C00042000,,,-518.0,-3626.0,-0.007720596082141146,,,,,KYLD,2026-07-16,HIMS,42.0,2026-07-17,Call,36.150001525878906,1.0,-0.13928567795526414,,,,,,,,,,,,,,,
Robinhood Markets Inc,HOOD,,770700102,,,18228.0,2106063.12,4.484297482905118,,,,,KYLD,2026-07-16,,,,,,,,,,,,,,,,,,,,,,
HOOD US 07/17/26 C120,HOOD  260717C00120000,,HOOD  260717C00120000,,,-172.0,-16770.0,-0.035707224571844186,,,,,KYLD,2026-07-16,HOOD,120.0,2026-07-17,Call,113.08999633789062,1.0,-0.05758336385091146,,,,,,,,,,,,,,,
Howmet Aerospace Inc,HWM,,443201108,,,10416.0,2908563.84,6.193007884104083,,,,,KYLD,2026-07-16,,,,,,,,,,,,,,,,,,,,,,
HWM US 07/17/26 C290,HWM   260717C00290000,,HWM   260717C00290000,,,-84.0,-10290.0,-0.021909799692562713,,,,,KYLD,2026-07-16,HWM,290.0,2026-07-17,Call,275.760009765625,1.0,-0.049103414601293104,,,,,,,,,,,,,,,
Intel Corp,INTC,,458140100,,,19964.0,2056092.36,4.377898129932803,,,,,KYLD,2026-07-16,,,,,,,,,,,,,,,,,,,,,,
INTC US 07/17/26 C150,INTC  260717C00150000,,INTC  260717C00150000,,,-122.0,-61.0,-0.00012988316630187807,,,,,KYLD,2026-07-16,INTC,150.0,2026-07-17,Call,100.27010345458984,1.0,-0.3315326436360677,,,,,,,,,,,,,,,
Kurv Enhanced Short Maturity ETF,LQID,,500948104,,,10000.0,250650.0,0.5336920595666514,,,,,KYLD,2026-07-16,,,,,,,,,,,,,,,,,,,,,,
MRVL US 09/18/26 C270,MRVL  260918C00270000,,MRVL  260918C00270000,,,27.0,40635.0,0.08652135184716092,,,,,KYLD,2026-07-16,MRVL,270.0,2026-09-18,Call,196.0,64.0,-0.2740740740740741,,,,,,,,,,,,,,,
MRVL US 09/18/26 P270,MRVL  260918P00270000,,MRVL  260918P00270000,,,-27.0,-206752.5,-0.44022408755457454,,,,,KYLD,2026-07-16,MRVL,270.0,2026-09-18,Put,196.0,64.0,0.2740740740740741,,,,,,,,,,,,,,,
MU US 07/17/26 C1250,MU    260717C01250000,,MU    260717C01250000,,,-14.0,-77.0,-0.00016395088205319036,,,,,KYLD,2026-07-16,MU,1250.0,2026-07-17,Call,872.9450073242188,1.0,-0.301643994140625,,,,,,,,,,,,,,,
NFLX US 09/18/26 C65,NFLX  260918C00065000,,NFLX  260918C00065000,,,5.0,5475.0,0.011657546483652172,,,,,KYLD,2026-07-16,NFLX,65.0,2026-09-18,Call,73.06700134277344,64.0,0.12410771296574519,,,,,,,,,,,,,,,
QQQ US 09/18/26 P620,QQQ   260918P00620000,,QQQ   260918P00620000,,,-100.0,-54450.0,-0.11593669516618461,,,,,KYLD,2026-07-16,QQQ,620.0,2026-09-18,Put,711.6300048828125,64.0,-0.1477903304561492,,,,,,,,,,,,,,,
QQQ US 09/18/26 P690,QQQ   260918P00690000,,QQQ   260918P00690000,,,100.0,168950.0,0.3597337860115131,,,,,KYLD,2026-07-16,QQQ,690.0,2026-09-18,Put,711.6300048828125,64.0,-0.031347833163496375,,,,,,,,,,,,,,,
Reddit Inc,RDDT,,75734B100,,,10633.0,2105652.99,4.483424220888801,,,,,KYLD,2026-07-16,,,,,,,,,,,,,,,,,,,,,,
RDDT US 07/17/26 C220,RDDT  260717C00220000,,RDDT  260717C00220000,,,-100.0,-2050.0,-0.004364926080636886,,,,,KYLD,2026-07-16,RDDT,220.0,2026-07-17,Call,195.01499938964844,1.0,-0.1135681845925071,,,,,,,,,,,,,,,
Shopify Inc,SHOP,,82509L107,,,13020.0,1608621.0,3.425127686224482,,,,,KYLD,2026-07-16,,,,,,,,,,,,,,,,,,,,,,
SHOP US 07/17/26 C135,SHOP  260717C00135000,,SHOP  260717C00135000,,,-123.0,-984.0,-0.002095164518705705,,,,,KYLD,2026-07-16,SHOP,135.0,2026-07-17,Call,124.12000274658203,1.0,-0.0805925722475405,,,,,,,,,,,,,,,
Global X Silver Miners ETF,SIL,,37954Y848,,,34069.0,2555515.69,5.441286382808667,,,,,KYLD,2026-07-16,,,,,,,,,,,,,,,,,,,,,,
SIL US 07/17/26 C87,SIL   260717C00087000,,SIL   260717C00087000,,,-321.0,-4012.5,-0.008543544340758784,,,,,KYLD,2026-07-16,SIL,87.0,2026-07-17,Call,,1.0,,,,,,,,,,,,,,,,
Teradyne Inc,TER,,880770102,,,6944.0,2375681.28,5.058377160172108,,,,,KYLD,2026-07-16,,,,,,,,,,,,,,,,,,,,,,
TER US 07/17/26 C500,TER   260717C00500000,,TER   260717C00500000,,,-65.0,-2762.5,-0.005882004047687512,,,,,KYLD,2026-07-16,TER,500.0,2026-07-17,Call,331.9549865722656,1.0,-0.33609002685546874,,,,,,,,,,,,,,,
Vanguard FTSE Europe ETF,VGK,,922042874,,,15190.0,1353732.8,2.8824115146017553,,,,,KYLD,2026-07-16,,,,,,,,,,,,,,,,,,,,,,
Vistra Corp,VST,,92840M102,,,13237.0,2120964.51,4.5160260028313335,,,,,KYLD,2026-07-16,,,,,,,,,,,,,,,,,,,,,,
VST US 07/17/26 C165,VST   260717C00165000,,VST   260717C00165000,,,-125.0,-14187.5,-0.030208482326358938,,,,,KYLD,2026-07-16,VST,165.0,2026-07-17,Call,153.64999389648438,1.0,-0.06878791577888257,,,,,,,,,,,,,,,
Cash & Other,Cash&Other,,Cash&Other,,,-528588.9,-528588.9,-1.1254885246561772,,,,,KYLD,2026-07-16,,,,,,,,,,,,,,,,,,,,,,
AAPL 09/18/2026 290 C,2AAPL 260918C00290000,,2AAPL 260918C00290000,,,238.0,1014648.74,0.7917457656672418,,,,,KQQQ,2026-07-16,AAPL,290.0,2026-09-18,Call,328.3800048828125,64.0,0.13234484442349137,,,,,,,,,,,,,,,
AAPL 09/18/2026 290 P,2AAPL 260918P00290000,,2AAPL 260918P00290000,,,-238.0,-75138.98,-0.058632083110412736,,,,,KQQQ,2026-07-16,AAPL,290.0,2026-09-18,Put,328.3800048828125,64.0,-0.13234484442349137,,,,,,,,,,,,,,,
MSFT 09/18/2026 410 C,2MSFT 260918C00410000,,2MSFT 260918C00410000,,,179.0,388696.71,0.30330592464076567,,,,,KQQQ,2026-07-16,MSFT,410.0,2026-09-18,Call,393.735595703125,64.0,-0.03966927877286586,,,,,,,,,,,,,,,
MSFT 09/18/2026 410 P,2MSFT 260918P00410000,,2MSFT 260918P00410000,,,-179.0,-602082.61,-0.4698141714041662,,,,,KQQQ,2026-07-16,MSFT,410.0,2026-09-18,Put,393.735595703125,64.0,0.03966927877286586,,,,,,,,,,,,,,,
MU 09/18/2026 950 C,2MU   260918C00950000,,2MU   260918C00950000,,,75.0,927242.25,0.7235411588696853,,,,,KQQQ,2026-07-16,MU,950.0,2026-09-18,Call,872.4749755859375,64.0,-0.08160528885690789,,,,,,,,,,,,,,,
MU 09/18/2026 950 P,2MU   260918P00950000,,2MU   260918P00950000,,,-75.0,-1216548.0,-0.9492908134207624,,,,,KQQQ,2026-07-16,MU,950.0,2026-09-18,Put,872.4749755859375,64.0,0.08160528885690789,,,,,,,,,,,,,,,
NVDA 09/18/2026 210 C,2NVDA 260918C00210000,,2NVDA 260918C00210000,,,307.0,533231.37,0.4160885069629538,,,,,KQQQ,2026-07-16,NVDA,210.0,2026-09-18,Call,207.9550018310547,64.0,-0.009738086518787202,,,,,,,,,,,,,,,
NVDA 09/18/2026 210 P,2NVDA 260918P00210000,,2NVDA 260918P00210000,,,-307.0,-411508.94,-0.32110665290848833,,,,,KQQQ,2026-07-16,NVDA,210.0,2026-09-18,Put,207.9550018310547,64.0,0.009738086518787202,,,,,,,,,,,,,,,
United States Treasury Bill 09/03/2026,912797RS8,,912797RS8,,,10100000.0,10050045.1,7.842202270600376,,,,,KQQQ,2026-07-16,,,,,,,,,,,,,,,,,,,,,,
United States Treasury Bill 12/24/2026,912797TC1,,912797TC1,,,13000000.0,12782492.71,9.97437248856672,,,,,KQQQ,2026-07-16,,,,,,,,,,,,,,,,,,,,,,
United States Treasury Bill 03/18/2027,912797UD7,,912797UD7,,,8000000.0,7799504.0,6.086070994682076,,,,,KQQQ,2026-07-16,,,,,,,,,,,,,,,,,,,,,,
Apple Inc,AAPL,,037833100,,,18192.0,5957880.0,4.6490239197000784,,,,,KQQQ,2026-07-16,,,,,,,,,,,,,,,,,,,,,,
AAPL US 07/24/26 C330,AAPL  260724C00330000,,AAPL  260724C00330000,,,-210.0,-89775.0,-0.07005279099127115,,,,,KQQQ,2026-07-16,AAPL,330.0,2026-07-24,Call,328.3800048828125,8.0,-0.004909076112689394,,,,,,,,,,,,,,,
AAPL US 09/18/26 P280,AAPL  260918P00280000,,AAPL  260918P00280000,,,40.0,8480.0,0.006617072320868609,,,,,KQQQ,2026-07-16,AAPL,280.0,2026-09-18,Put,328.3800048828125,64.0,-0.17278573172433034,,,,,,,,,,,,,,,
Applied Materials Inc,AMAT,,038222105,,,7722.0,4474358.46,3.491409613126214,,,,,KQQQ,2026-07-16,,,,,,,,,,,,,,,,,,,,,,
Advanced Micro Devices Inc,AMD,,007903107,,,12441.0,6583030.74,5.136838502014292,,,,,KQQQ,2026-07-16,,,,,,,,,,,,,,,,,,,,,,
AMD US 07/24/26 C640,AMD   260724C00640000,,AMD   260724C00640000,,,-60.0,-22350.0,-0.01744004320417611,,,,,KQQQ,2026-07-16,AMD,640.0,2026-07-24,Call,515.5549926757812,8.0,-0.1944453239440918,,,,,,,,,,,,,,,
Amazon.com Inc,AMZN,,023135106,,,50622.0,12906585.12,10.071203673878143,,,,,KQQQ,2026-07-16,,,,,,,,,,,,,,,,,,,,,,
AMZN US 07/24/26 C265,AMZN  260724C00265000,,AMZN  260724C00265000,,,-250.0,-53625.0,-0.04184439896304,,,,,KQQQ,2026-07-16,AMZN,265.0,2026-07-24,Call,254.44000244140625,8.0,-0.03984904739091981,,,,,,,,,,,,,,,
AMZN US 09/18/26 P225,AMZN  260918P00225000,,AMZN  260918P00225000,,,73.0,37230.0,0.029051132370983293,,,,,KQQQ,2026-07-16,AMZN,225.0,2026-09-18,Put,254.44000244140625,64.0,-0.13084445529513888,,,,,,,,,,,,,,,
Broadcom Inc,AVGO,,11135F101,,,21201.0,8359130.28,6.522755849330504,,,,,KQQQ,2026-07-16,,,,,,,,,,,,,,,,,,,,,,
AVGO US 07/24/26 C445,AVGO  260724C00445000,,AVGO  260724C00445000,,,-105.0,-13650.0,-0.010651301554228361,,,,,KQQQ,2026-07-16,AVGO,445.0,2026-07-24,Call,384.1000061035156,8.0,-0.1368539188685042,,,,,,,,,,,,,,,
AVGO US 09/18/26 P330,AVGO  260918P00330000,,AVGO  260918P00330000,,,30.0,32100.0,0.02504811574291066,,,,,KQQQ,2026-07-16,AVGO,330.0,2026-09-18,Put,384.1000061035156,64.0,-0.16393941243489582,,,,,,,,,,,,,,,
Cisco Systems Inc,CSCO,,17275R102,,,19734.0,2205669.18,1.721117037732425,,,,,KQQQ,2026-07-16,,,,,,,,,,,,,,,,,,,,,,
FIDELITY INV MMKT GOVT-I  12/31/2031,FIGXX,,316175108,,,983577.22,983577.22,0.7675001884314734,,,,,KQQQ,2026-07-16,,,,,,,,,,,,,,,,,,,,,,
Alphabet Inc,GOOGL,,02079K305,,,42042.0,15594218.64,12.168404779282705,,,,,KQQQ,2026-07-16,,,,,,,,,,,,,,,,,,,,,,
GOOGL US 07/24/26 C400,GOOGL 260724C00400000,,GOOGL 260724C00400000,,,-190.0,-63175.0,-0.049296408475338956,,,,,KQQQ,2026-07-16,GOOGL,400.0,2026-07-24,Call,370.5400085449219,8.0,-0.07364997863769532,,,,,,,,,,,,,,,
GOOGL US 09/18/26 P340,GOOGL 260918P00340000,,GOOGL 260918P00340000,,,60.0,54000.0,0.04213701713760671,,,,,KQQQ,2026-07-16,GOOGL,340.0,2026-09-18,Put,370.5400085449219,64.0,-0.08982355454388787,,,,,,,,,,,,,,,
Kurv Yield Premium Strategy Google Googl Etf/DE,GOOP,,500948609,,,16832.0,710310.4,0.5542659536633384,,,,,KQQQ,2026-07-16,,,,,,,,,,,,,,,,,,,,,,
International Business Machines Corp,IBM,,459200101,,,9867.0,2083910.4,1.6261068192229045,,,,,KQQQ,2026-07-16,,,,,,,,,,,,,,,,,,,,,,
Intel Corp,INTC,,458140100,,,75075.0,7731974.25,6.033376508884885,,,,,KQQQ,2026-07-16,,,,,,,,,,,,,,,,,,,,,,
INTC US 07/24/26 C130,INTC  260724C00130000,,INTC  260724C00130000,,,-370.0,-50135.0,-0.039121099151739114,,,,,KQQQ,2026-07-16,INTC,130.0,2026-07-24,Call,100.2750015258789,8.0,-0.2286538344163161,,,,,,,,,,,,,,,
INTC US 09/18/26 P110,INTC  260918P00110000,,INTC  260918P00110000,,,180.0,343350.0,0.2679212006332826,,,,,KQQQ,2026-07-16,INTC,110.0,2026-09-18,Put,100.2750015258789,64.0,0.08840907703746449,,,,,,,,,,,,,,,
Kurv Enhanced Short Maturity ETF,LQID,,500948104,,,20000.0,501300.0,0.3911719757607823,,,,,KQQQ,2026-07-16,,,,,,,,,,,,,,,,,,,,,,
Meta Platforms Inc,META,,30303M102,,,9562.0,6514686.22,5.083508238856857,,,,,KQQQ,2026-07-16,,,,,,,,,,,,,,,,,,,,,,
META US 07/24/26 C725,META  260724C00725000,,META  260724C00725000,,,-47.0,-30432.5,-0.023746940260004002,,,,,KQQQ,2026-07-16,META,725.0,2026-07-24,Call,672.6400146484375,8.0,-0.07222066945043104,,,,,,,,,,,,,,,
META US 09/18/26 P540,META  260918P00540000,,META  260918P00540000,,,13.0,10725.0,0.008368879792608,,,,,KQQQ,2026-07-16,META,540.0,2026-09-18,Put,672.6400146484375,64.0,-0.24562965675636575,,,,,,,,,,,,,,,
MRVL US 09/18/26 C270,MRVL  260918C00270000,,MRVL  260918C00270000,,,67.0,100835.0,0.07868307635315876,,,,,KQQQ,2026-07-16,MRVL,270.0,2026-09-18,Call,195.92999267578125,64.0,-0.27433336046006945,,,,,,,,,,,,,,,
MRVL US 09/18/26 P270,MRVL  260918P00270000,,MRVL  260918P00270000,,,-67.0,-513052.5,-0.4003426293517031,,,,,KQQQ,2026-07-16,MRVL,270.0,2026-09-18,Put,195.92999267578125,64.0,0.27433336046006945,,,,,,,,,,,,,,,
Microsoft Corp,MSFT,,594918104,,,4719.0,1866977.97,1.4568311614337812,,,,,KQQQ,2026-07-16,,,,,,,,,,,,,,,,,,,,,,
MSFT US 07/24/26 C410,MSFT  260724C00410000,,MSFT  260724C00410000,,,-112.0,-50680.0,-0.03954637089877607,,,,,KQQQ,2026-07-16,MSFT,410.0,2026-07-24,Call,393.735595703125,8.0,-0.03966927877286586,,,,,,,,,,,,,,,
MSFT US 09/18/26 P325,MSFT  260918P00325000,,MSFT  260918P00325000,,,23.0,9545.0,0.007448107936638074,,,,,KQQQ,2026-07-16,MSFT,325.0,2026-09-18,Put,393.735595703125,64.0,-0.211494140625,,,,,,,,,,,,,,,
MU US 07/24/26 C1200,MU    260724C01200000,,MU    260724C01200000,,,-37.0,-11470.0,-0.008950214566080536,,,,,KQQQ,2026-07-16,MU,1200.0,2026-07-24,Call,872.4749755859375,8.0,-0.2729375203450521,,,,,,,,,,,,,,,
MU US 09/18/26 P900,MU    260918P00900000,,MU    260918P00900000,,,12.0,159900.0,0.12477238963524653,,,,,KQQQ,2026-07-16,MU,900.0,2026-09-18,Put,872.4749755859375,64.0,0.030583360460069445,,,,,,,,,,,,,,,
Netflix Inc,NFLX,,64110L106,,,49764.0,3666611.52,2.8611124528738183,,,,,KQQQ,2026-07-16,,,,,,,,,,,,,,,,,,,,,,
NVIDIA Corp,NVDA,,67066G104,,,18020.0,3829250.0,2.9880217198922314,,,,,KQQQ,2026-07-16,,,,,,,,,,,,,,,,,,,,,,
NVDA US 07/24/26 C215,NVDA  260724C00215000,,NVDA  260724C00215000,,,-240.0,-101400.0,-0.07912395440283926,,,,,KQQQ,2026-07-16,NVDA,215.0,2026-07-24,Call,207.9550018310547,8.0,-0.03276743334393169,,,,,,,,,,,,,,,
NVDA US 09/18/26 P180,NVDA  260918P00180000,,NVDA  260918P00180000,,,47.0,18565.0,0.014486550428882751,,,,,KQQQ,2026-07-16,NVDA,180.0,2026-09-18,Put,207.9550018310547,64.0,-0.1553055657280816,,,,,,,,,,,,,,,
QQQ US 09/18/26 P620,QQQ   260918P00620000,,QQQ   260918P00620000,,,-300.0,-163350.0,-0.1274644768412603,,,,,KQQQ,2026-07-16,QQQ,620.0,2026-09-18,Put,711.64501953125,64.0,-0.1478145476310484,,,,,,,,,,,,,,,
QQQ US 09/18/26 P690,QQQ   260918P00690000,,QQQ   260918P00690000,,,300.0,506850.0,0.39550272474436965,,,,,KQQQ,2026-07-16,QQQ,690.0,2026-09-18,Put,711.64501953125,64.0,-0.031369593523550725,,,,,,,,,,,,,,,
RTX Corp,RTX,,75513E101,,,14157.0,2773214.73,2.163981418597655,,,,,KQQQ,2026-07-16,,,,,,,,,,,,,,,,,,,,,,
Spotify Technology SA,SPOT,,L8681T102,,,4719.0,2290508.22,1.7873182244438715,,,,,KQQQ,2026-07-16,,,,,,,,,,,,,,,,,,,,,,
SPOT US 07/24/26 C530,SPOT  260724C00530000,,SPOT  260724C00530000,,,-46.0,-12650.0,-0.00987098642205046,,,,,KQQQ,2026-07-16,SPOT,530.0,2026-07-24,Call,483.0899963378906,8.0,-0.08850944087190449,,,,,,,,,,,,,,,
Tesla Inc,TSLA,,88160R101,,,9541.0,3763542.86,2.9367494442580995,,,,,KQQQ,2026-07-16,,,,,,,,,,,,,,,,,,,,,,
TSLA US 07/24/26 C470,TSLA  260724C00470000,,TSLA  260724C00470000,,,-47.0,-4347.5,-0.003392420037143429,,,,,KQQQ,2026-07-16,TSLA,470.0,2026-07-24,Call,391.1650085449219,8.0,-0.16773402437250665,,,,,,,,,,,,,,,
Kurv Yield Premium Strategy Tesla Tsla Etf/DE,TSLP,,500948880,,,48962.0,850372.02,0.6635581551866896,,,,,KQQQ,2026-07-16,,,,,,,,,,,,,,,,,,,,,,
Uber Technologies Inc,UBER,,90353T100,,,41184.0,2992841.28,2.3353593389906813,,,,,KQQQ,2026-07-16,,,,,,,,,,,,,,,,,,,,,,
Cash & Other,Cash&Other,,Cash&Other,,,221332.89,221332.89,0.17270940331566706,,,,,KQQQ,2026-07-16,,,,,,,,,,,,,,,,,,,,,,
HUT 8 CORP,HUT,,44812J104,,,249611.0,25717421.33,8.628559100189772,,,,,BLOX,2026-07-16,,,,,,,,103.03,298058945.0,20975000.0,839.0,,,,,,,,,,,
Taiwan Semiconductor Manufacturing Co Ltd,TSM,,874039100,,,60393.0,25333655.64,8.499800275799888,,,,,BLOX,2026-07-16,,,,,,,,419.48,298058945.0,20975000.0,839.0,,,,,,,,,,,
Nicholas Bitcoin and Treasuries AfterDark ETF,NGHT,,88636X237,,,1122593.0,24839727.57,8.334080412655364,,,,,BLOX,2026-07-16,,,,,,,,22.1271,298058945.0,20975000.0,839.0,,,,,,,,,,,
Riot Platforms Inc,RIOT,,767292105,,,1060850.0,21323085.0,7.15419702309905,,,,,BLOX,2026-07-16,,,,,,,,20.1,298058945.0,20975000.0,839.0,,,,,,,,,,,
Cipher Digital Inc,CIFR,,17253J106,,,1069565.0,21252256.55,7.1304330749583045,,,,,BLOX,2026-07-16,,,,,,,,19.87,298058945.0,20975000.0,839.0,,,,,,,,,,,
VanEck Bitcoin ETF/US,HODL,,92189K105,,,1149805.0,21110419.8,7.082844836454541,,,,,BLOX,2026-07-16,,,,,,,,18.36,298058945.0,20975000.0,839.0,,,,,,,,,,,
Nicholas Bitcoin Tail ETF,BHDG,,88636X245,,,848556.0,20182904.46,6.771650303191333,,,,,BLOX,2026-07-16,,,,,,,,23.785,298058945.0,20975000.0,839.0,,,,,,,,,,,
iShares Ethereum Trust ETF,ETHA,,46438R105,,,1318501.0,19144634.52,6.423296032975684,,,,,BLOX,2026-07-16,,,,,,,,14.52,298058945.0,20975000.0,839.0,,,,,,,,,,,
NVIDIA Corp,NVDA,,67066G104,,,88042.0,18708925.0,6.277109317923903,,,,,BLOX,2026-07-16,,,,,,,,212.5,298058945.0,20975000.0,839.0,,,,,,,,,,,
Fidelity Wise Origin Bitcoin Fund,FBTC,,315948109,,,329194.0,18612628.76,6.24480056552979,,,,,BLOX,2026-07-16,,,,,,,,56.54,298058945.0,20975000.0,839.0,,,,,,,,,,,
Galaxy Digital Inc,GLXY,,36317J209,,,746414.0,18346856.12,6.155630080587804,,,,,BLOX,2026-07-16,,,,,,,,24.58,298058945.0,20975000.0,839.0,,,,,,,,,,,
IREN Ltd,IREN,,Q4982L109,,,429468.0,16440035.04,5.515864601337568,,,,,BLOX,2026-07-16,,,,,,,,38.28,298058945.0,20975000.0,839.0,,,,,,,,,,,
Terawulf Inc,WULF,,88080T104,,,524847.0,10166286.39,3.4109330721755504,,,,,BLOX,2026-07-16,,,,,,,,19.37,298058945.0,20975000.0,839.0,,,,,,,,,,,
Robinhood Markets Inc,HOOD,,770700102,,,77811.0,8990282.94,3.016367258591624,,,,,BLOX,2026-07-16,,,,,,,,115.54,298058945.0,20975000.0,839.0,,,,,,,,,,,
Coinbase Global Inc,COIN,,19260Q107,,,50001.0,8360667.21,2.8051222637298423,,,,,BLOX,2026-07-16,,,,,,,,167.21,298058945.0,20975000.0,839.0,,,,,,,,,,,
MARA Holdings Inc,MARA,,565788106,,,420902.0,5172885.58,1.7355763773050665,,,,,BLOX,2026-07-16,,,,,,,,12.29,298058945.0,20975000.0,839.0,,,,,,,,,,,
HOOD US 08/21/26 C30,HOOD  260821C00030000,,HOOD  260821C00030000,,,520.0,4433000.0,1.4873342859815122,,,,,BLOX,2026-07-16,HOOD,30.0,2026-08-21,Call,113.04010009765625,36.0,2.7680033365885417,85.25,298058945.0,20975000.0,839.0,,,,,,,,,,,
Bullish,BLSH,,G16910120,,,162049.0,4072291.37,1.3663114317860645,,,,,BLOX,2026-07-16,,,,,,,,25.13,298058945.0,20975000.0,839.0,,,,,,,,,,,
First American Government Obligations Fund 12/01/2031,FGXXX,,31846V336,,,3247648.0,3247648.2,1.0896319685689473,,,,,BLOX,2026-07-16,,,,,,,,100.0,298058945.0,20975000.0,839.0,,,,,,,,,,,
Circle Internet Group Inc,CRCL,,172573107,,,45496.0,2988632.24,1.0027284454639585,,,,,BLOX,2026-07-16,,,,,,,,65.69,298058945.0,20975000.0,839.0,,,,,,,,,,,
CoreWeave Inc,CRWV,,21873S108,,,30697.0,2367352.64,0.7942803402844232,,,,,BLOX,2026-07-16,,,,,,,,77.12,298058945.0,20975000.0,839.0,,,,,,,,,,,
BitMine Immersion Technologies Inc,BMNR,,09175A206,,,137043.0,2163908.97,0.7260221075623595,,,,,BLOX,2026-07-16,,,,,,,,15.79,298058945.0,20975000.0,839.0,,,,,,,,,,,
Strategy Inc,MSTR,,594972408,,,13313.0,1297618.11,0.4353692544808323,,,,,BLOX,2026-07-16,,,,,,,,97.47,298058945.0,20975000.0,839.0,,,,,,,,,,,
RIOT US 07/17/26 P21,RIOT  260717P00021000,,RIOT  260717P00021000,,,10608.0,1230528.0,0.4128595723573783,,,,,BLOX,2026-07-16,RIOT,21.0,2026-07-17,Put,19.114999771118164,1.0,0.0897619156610398,1.16,298058945.0,20975000.0,839.0,,,,,,,,,,,
IBIT US 07/24/26 P36,IBIT  260724P00036000,,IBIT  260724P00036000,,,20500.0,881500.0,0.2957557349633889,,,,,BLOX,2026-07-16,IBIT,36.0,2026-07-24,Put,36.595001220703125,8.0,-0.016527811686197918,0.43,298058945.0,20975000.0,839.0,,,,,,,,,,,
ETHA US 07/17/26 C14,ETHA  260717C00014000,,ETHA  260717C00014000,,,13017.0,754986.0,0.2533084961055804,,,,,BLOX,2026-07-16,ETHA,14.0,2026-07-17,Call,14.259900093078613,1.0,0.01856429236275809,0.58,298058945.0,20975000.0,839.0,,,,,,,,,,,
HUT US 07/17/26 P100,HUT   260717P00100000,,HUT   260717P00100000,,,2487.0,629211.0,0.2111092022144627,,,,,BLOX,2026-07-16,HUT,100.0,2026-07-17,Put,97.83999633789062,1.0,0.02160003662109375,2.53,298058945.0,20975000.0,839.0,,,,,,,,,,,
TSM US 07/17/26 P422.5,TSM   260717P00422500,,TSM   260717P00422500,,,603.0,604507.5,0.20282082808097654,,,,,BLOX,2026-07-16,TSM,422.5,2026-07-17,Put,410.19000244140625,1.0,0.02913608889607988,10.025,298058945.0,20975000.0,839.0,,,,,,,,,,,
CIFR US 07/24/26 P18,CIFR  260724P00018000,,CIFR  260724P00018000,,,10695.0,604267.5,0.2027403046817806,,,,,BLOX,2026-07-16,CIFR,18.0,2026-07-24,Put,18.7549991607666,8.0,-0.041944397820366755,0.565,298058945.0,20975000.0,839.0,,,,,,,,,,,
WULF US 07/24/26 P18.5,WULF  260724P00018500,,WULF  260724P00018500,,,5248.0,414592.0,0.13910148799766459,,,,,BLOX,2026-07-16,WULF,18.5,2026-07-24,Put,18.459999084472656,8.0,0.0021622116501266893,0.79,298058945.0,20975000.0,839.0,,,,,,,,,,,
IREN US 07/17/26 P37,IREN  260717P00037000,,IREN  260717P00037000,,,4294.0,395048.0,0.13254419918980925,,,,,BLOX,2026-07-16,IREN,37.0,2026-07-17,Put,36.36579895019531,1.0,0.017140568913640204,0.92,298058945.0,20975000.0,839.0,,,,,,,,,,,
GLXY US 07/24/26 P22,GLXY  260724P00022000,,GLXY  260724P00022000,,,7405.0,303605.0,0.10186377755366952,,,,,BLOX,2026-07-16,GLXY,22.0,2026-07-24,Put,23.149999618530273,8.0,-0.052272709933194245,0.41,298058945.0,20975000.0,839.0,,,,,,,,,,,
HOOD US 07/17/26 P114,HOOD  260717P00114000,,HOOD  260717P00114000,,,1295.0,240870.0,0.08081529651801643,,,,,BLOX,2026-07-16,HOOD,114.0,2026-07-17,Put,113.04010009765625,1.0,0.00842017458196272,1.86,298058945.0,20975000.0,839.0,,,,,,,,,,,
CRWV US 07/24/26 P79,CRWV  260724P00079000,,CRWV  260724P00079000,,,302.0,166855.0,0.05598221572015457,,,,,BLOX,2026-07-16,CRWV,79.0,2026-07-24,Put,74.4844970703125,8.0,0.05715826493275317,5.525,298058945.0,20975000.0,839.0,,,,,,,,,,,
CRCL US 07/24/26 P64,CRCL  260724P00064000,,CRCL  260724P00064000,,,454.0,143918.0,0.048286527356166765,,,,,BLOX,2026-07-16,CRCL,64.0,2026-07-24,Put,63.16999816894531,8.0,0.012968778610229492,3.17,298058945.0,20975000.0,839.0,,,,,,,,,,,
BLSH US 07/17/26 P24.5,BLSH  260717P00024500,,BLSH  260717P00024500,,,1620.0,86670.0,0.02907901253463065,,,,,BLOX,2026-07-16,BLSH,24.5,2026-07-17,Put,24.219999313354492,1.0,0.011428599454918685,0.535,298058945.0,20975000.0,839.0,,,,,,,,,,,
MSTR US 07/17/26 P96.5,MSTR  260717P00096500,,MSTR  260717P00096500,,,133.0,28927.5,0.00970558595933458,,,,,BLOX,2026-07-16,MSTR,96.5,2026-07-17,Put,95.61499786376953,1.0,0.009171006593061852,2.175,298058945.0,20975000.0,839.0,,,,,,,,,,,
BMNR US 07/24/26 P14,BMNR  260724P00014000,,BMNR  260724P00014000,,,1370.0,27400.0,0.00919308807486881,,,,,BLOX,2026-07-16,BMNR,14.0,2026-07-24,Put,15.475000381469727,8.0,-0.10535717010498047,0.2,298058945.0,20975000.0,839.0,,,,,,,,,,,
FBTC US 07/17/26 C59,FBTC  260717C00059000,,FBTC  260717C00059000,,,7521.0,37605.0,0.012617010111512467,,,,,BLOX,2026-07-16,FBTC,59.0,2026-07-17,Call,56.25,1.0,-0.046610169491525424,0.05,298058945.0,20975000.0,839.0,,,,,,,,,,,
FBTC US 07/17/26 C58,FBTC  260717C00058000,,FBTC  260717C00058000,,,3888.0,38880.02,0.013044797380024117,,,,,BLOX,2026-07-16,FBTC,58.0,2026-07-17,Call,56.25,1.0,-0.03017241379310345,0.1,298058945.0,20975000.0,839.0,,,,,,,,,,,
NVDA US 07/17/26 P200,NVDA  260717P00200000,,NVDA  260717P00200000,,,880.0,17160.0,0.005757423042509079,,,,,BLOX,2026-07-16,NVDA,200.0,2026-07-17,Put,207.94000244140625,1.0,-0.03970001220703125,0.195,298058945.0,20975000.0,839.0,,,,,,,,,,,
MARA US 07/17/26 P11.5,MARA  260717P00011500,,MARA  260717P00011500,,,4209.0,44194.5,0.014827880690685753,,,,,BLOX,2026-07-16,MARA,11.5,2026-07-17,Put,11.79010009765625,1.0,-0.025226095448369564,0.105,298058945.0,20975000.0,839.0,,,,,,,,,,,
COIN US 07/17/26 P155,COIN  260717P00155000,,COIN  260717P00155000,,,500.0,28000.0,0.009394396572858638,,,,,BLOX,2026-07-16,COIN,155.0,2026-07-17,Put,163.18499755859375,1.0,-0.05280643586189516,0.56,298058945.0,20975000.0,839.0,,,,,,,,,,,
HUT US 07/17/26 P98,HUT   260717P00098000,,HUT   260717P00098000,,,-9.0,-1669.5,-0.0005601408956566963,,,,,BLOX,2026-07-16,HUT,98.0,2026-07-17,Put,97.83999633789062,1.0,0.0016326904296875,1.855,298058945.0,20975000.0,839.0,,,,,,,,,,,
ETHA US 07/17/26 C14.5,ETHA  260717C00014500,,ETHA  260717C00014500,,,120.0,2520.0,0.0008454956915572774,,,,,BLOX,2026-07-16,ETHA,14.5,2026-07-17,Call,14.259900093078613,1.0,-0.016558614270440464,0.21,298058945.0,20975000.0,839.0,,,,,,,,,,,
ETHA US 07/24/26 C15,ETHA  260724C00015000,,ETHA  260724C00015000,,,48.0,1008.0,0.00033819827662291094,,,,,BLOX,2026-07-16,ETHA,15.0,2026-07-24,Call,14.259900093078613,8.0,-0.04933999379475911,0.21,298058945.0,20975000.0,839.0,,,,,,,,,,,
GLXY US 07/24/26 P25.5,GLXY  260724P00025500,,GLXY  260724P00025500,,,-59.0,-11711.5,-0.003929374123679783,,,,,BLOX,2026-07-16,GLXY,25.5,2026-07-24,Put,23.149999618530273,8.0,0.09215687770469516,1.985,298058945.0,20975000.0,839.0,,,,,,,,,,,
HUT US 07/17/26 P95,HUT   260717P00095000,,HUT   260717P00095000,,,9.0,967.5,0.00032460995300859756,,,,,BLOX,2026-07-16,HUT,95.0,2026-07-17,Put,97.83999633789062,1.0,-0.029894698293585525,1.075,298058945.0,20975000.0,839.0,,,,,,,,,,,
HOOD US 07/17/26 P113,HOOD  260717P00113000,,HOOD  260717P00113000,,,-3.0,-447.0,-0.00014997483100242183,,,,,BLOX,2026-07-16,HOOD,113.0,2026-07-17,Put,113.04010009765625,1.0,-0.00035486812085176993,1.49,298058945.0,20975000.0,839.0,,,,,,,,,,,
ETHA US 07/24/26 C14.5,ETHA  260724C00014500,,ETHA  260724C00014500,,,-48.0,-2016.0,-0.0006763965532458219,,,,,BLOX,2026-07-16,ETHA,14.5,2026-07-24,Call,14.259900093078613,8.0,-0.016558614270440464,0.42,298058945.0,20975000.0,839.0,,,,,,,,,,,
GLXY US 07/24/26 P24,GLXY  260724P00024000,,GLXY  260724P00024000,,,59.0,7316.0,0.002454621618822635,,,,,BLOX,2026-07-16,GLXY,24.0,2026-07-24,Put,23.149999618530273,8.0,0.03541668256123861,1.24,298058945.0,20975000.0,839.0,,,,,,,,,,,
CRWV US 07/24/26 P90,CRWV  260724P00090000,,CRWV  260724P00090000,,,-4.0,-5510.0,-0.0018486830398732532,,,,,BLOX,2026-07-16,CRWV,90.0,2026-07-24,Put,74.4844970703125,8.0,0.17239447699652777,13.775,298058945.0,20975000.0,839.0,,,,,,,,,,,
HOOD US 07/17/26 P109,HOOD  260717P00109000,,HOOD  260717P00109000,,,3.0,181.5,6.089582064192296e-05,,,,,BLOX,2026-07-16,HOOD,109.0,2026-07-17,Put,113.04010009765625,1.0,-0.0370651385106078,0.605,298058945.0,20975000.0,839.0,,,,,,,,,,,
CRWV US 07/24/26 P86,CRWV  260724P00086000,,CRWV  260724P00086000,,,4.0,4170.0,0.0013990940610293043,,,,,BLOX,2026-07-16,CRWV,86.0,2026-07-24,Put,74.4844970703125,8.0,0.13390119685683138,10.425,298058945.0,20975000.0,839.0,,,,,,,,,,,
MSTR US 07/17/26 P100,MSTR  260717P00100000,,MSTR  260717P00100000,,,-133.0,-55195.0,-0.01851870424424759,,,,,BLOX,2026-07-16,MSTR,100.0,2026-07-17,Put,95.61499786376953,1.0,0.04385002136230469,4.15,298058945.0,20975000.0,839.0,,,,,,,,,,,
COIN US 07/17/26 P162.5,COIN  260717P00162500,,COIN  260717P00162500,,,-500.0,-104250.0,-0.03497735152573261,,,,,BLOX,2026-07-16,COIN,162.5,2026-07-17,Put,163.18499755859375,1.0,-0.0042153695913461535,2.085,298058945.0,20975000.0,839.0,,,,,,,,,,,
Cash & Other,Cash&Other,,Cash&Other,,,-78575.0,-78575.16,-0.026363079064850685,,,,,BLOX,2026-07-16,,,,,,,,1.0,298058945.0,20975000.0,839.0,,,,,,,,,,,
BMNR US 07/24/26 P15.5,BMNR  260724P00015500,,BMNR  260724P00015500,,,-1370.0,-90420.0,-0.03033719064706707,,,,,BLOX,2026-07-16,BMNR,15.5,2026-07-24,Put,15.475000381469727,8.0,0.0016128786148563508,0.66,298058945.0,20975000.0,839.0,,,,,,,,,,,
NVDA US 07/17/26 P207.5,NVDA  260717P00207500,,NVDA  260717P00207500,,,-880.0,-82280.0,-0.027606105357671742,,,,,BLOX,2026-07-16,NVDA,207.5,2026-07-17,Put,207.94000244140625,1.0,-0.0021204936935240964,0.935,298058945.0,20975000.0,839.0,,,,,,,,,,,
IBIT US 07/24/26 P33,IBIT  260724P00033000,,IBIT  260724P00033000,,,-20500.0,-112750.0,-0.03782922191392184,,,,,BLOX,2026-07-16,IBIT,33.0,2026-07-24,Put,36.595001220703125,8.0,-0.10893943093039772,0.055,298058945.0,20975000.0,839.0,,,,,,,,,,,
MARA US 07/17/26 P12.5,MARA  260717P00012500,,MARA  260717P00012500,,,-4209.0,-206241.0,-0.06919677655653352,,,,,BLOX,2026-07-16,MARA,12.5,2026-07-17,Put,11.79010009765625,1.0,0.0567919921875,0.49,298058945.0,20975000.0,839.0,,,,,,,,,,,
BLSH US 07/17/26 P26,BLSH  260717P00026000,,BLSH  260717P00026000,,,-1620.0,-247050.0,-0.08288877404731165,,,,,BLOX,2026-07-16,BLSH,26.0,2026-07-17,Put,24.219999313354492,1.0,0.06846156487098107,1.525,298058945.0,20975000.0,839.0,,,,,,,,,,,
CRCL US 07/24/26 P68,CRCL  260724P00068000,,CRCL  260724P00068000,,,-454.0,-240620.0,-0.08073141797718733,,,,,BLOX,2026-07-16,CRCL,68.0,2026-07-24,Put,63.16999816894531,8.0,0.0710294386919807,5.3,298058945.0,20975000.0,839.0,,,,,,,,,,,
FBTC US 07/17/26 C57,FBTC  260717C00057000,,FBTC  260717C00057000,,,-7521.0,-263235.0,-0.08831907078058726,,,,,BLOX,2026-07-16,FBTC,57.0,2026-07-17,Call,56.25,1.0,-0.013157894736842105,0.35,298058945.0,20975000.0,839.0,,,,,,,,,,,
CRWV US 07/24/26 P85,CRWV  260724P00085000,,CRWV  260724P00085000,,,-302.0,-285390.0,-0.09575238706886166,,,,,BLOX,2026-07-16,CRWV,85.0,2026-07-24,Put,74.4844970703125,8.0,0.12371179917279412,9.45,298058945.0,20975000.0,839.0,,,,,,,,,,,
FBTC US 07/17/26 C56,FBTC  260717C00056000,,FBTC  260717C00056000,,,-3888.0,-330480.0,-0.11088072069279724,,,,,BLOX,2026-07-16,FBTC,56.0,2026-07-17,Call,56.25,1.0,0.004464285714285714,0.85,298058945.0,20975000.0,839.0,,,,,,,,,,,
HOOD US 07/17/26 P119,HOOD  260717P00119000,,HOOD  260717P00119000,,,-1295.0,-618362.5,-0.207469376813725,,,,,BLOX,2026-07-16,HOOD,119.0,2026-07-17,Put,113.04010009765625,1.0,0.050083192456670166,4.775,298058945.0,20975000.0,839.0,,,,,,,,,,,
WULF US 07/24/26 P20,WULF  260724P00020000,,WULF  260724P00020000,,,-5248.0,-808192.0,-0.2711598626789917,,,,,BLOX,2026-07-16,WULF,20.0,2026-07-24,Put,18.459999084472656,8.0,0.07700004577636718,1.54,298058945.0,20975000.0,839.0,,,,,,,,,,,
IREN US 07/17/26 P39,IREN  260717P00039000,,IREN  260717P00039000,,,-4294.0,-792243.0,-0.26580874728825876,,,,,BLOX,2026-07-16,IREN,39.0,2026-07-17,Put,36.36579895019531,1.0,0.06754361666165866,1.845,298058945.0,20975000.0,839.0,,,,,,,,,,,
TSM US 07/17/26 P435,TSM   260717P00435000,,TSM   260717P00435000,,,-603.0,-1111027.5,-0.3727654620839893,,,,,BLOX,2026-07-16,TSM,435.0,2026-07-17,Put,410.19000244140625,1.0,0.05703447714619253,18.425,298058945.0,20975000.0,839.0,,,,,,,,,,,
HUT US 07/17/26 P104,HUT   260717P00104000,,HUT   260717P00104000,,,-2487.0,-1156455.0,-0.38800703173804413,,,,,BLOX,2026-07-16,HUT,104.0,2026-07-17,Put,97.83999633789062,1.0,0.059230804443359375,4.65,298058945.0,20975000.0,839.0,,,,,,,,,,,
GLXY US 07/24/26 P24.5,GLXY  260724P00024500,,GLXY  260724P00024500,,,-7405.0,-1295875.0,-0.43478441638761384,,,,,BLOX,2026-07-16,GLXY,24.5,2026-07-24,Put,23.149999618530273,8.0,0.05510205638651945,1.75,298058945.0,20975000.0,839.0,,,,,,,,,,,
ETHA US 07/17/26 C13.5,ETHA  260717C00013500,,ETHA  260717C00013500,,,-13137.0,-1425364.5,-0.47822997763837016,,,,,BLOX,2026-07-16,ETHA,13.5,2026-07-17,Call,14.259900093078613,1.0,0.05628889578360098,1.085,298058945.0,20975000.0,839.0,,,,,,,,,,,
CIFR US 07/24/26 P20,CIFR  260724P00020000,,CIFR  260724P00020000,,,-10695.0,-1529385.0,-0.5131303286636216,,,,,BLOX,2026-07-16,CIFR,20.0,2026-07-24,Put,18.7549991607666,8.0,0.06225004196166992,1.43,298058945.0,20975000.0,839.0,,,,,,,,,,,
RIOT US 07/17/26 P22,RIOT  260717P00022000,,RIOT  260717P00022000,,,-10608.0,-2063256.0,-0.6922516105475007,,,,,BLOX,2026-07-16,RIOT,22.0,2026-07-17,Put,19.114999771118164,1.0,0.13113637404008346,1.945,298058945.0,20975000.0,839.0,,,,,,,,,,,
Seagate Technology Holdings PLC,STX,,G7997R103,,,10702.0,8864466.6,10.61226829788144,,,,,EGGQ,2026-07-16,,,,,,,,828.3,83532290.0,1550000.0,62.0,,,,,,,,,,,
Bloom Energy Corp,BE,,093712107,,,28905.0,6919278.9,8.283549076113614,,,,,EGGQ,2026-07-16,,,,,,,,239.38,83532290.0,1550000.0,62.0,,,,,,,,,,,
Lumentum Holdings Inc,LITE,,55024U109,,,8549.0,6428848.0,7.696420202237382,,,,,EGGQ,2026-07-16,,,,,,,,752.0,83532290.0,1550000.0,62.0,,,,,,,,,,,
Western Digital Corp,WDC,,958102105,,,11206.0,5758091.04,6.893410484518853,,,,,EGGQ,2026-07-16,,,,,,,,513.84,83532290.0,1550000.0,62.0,,,,,,,,,,,
SK hynix Inc,SKHY,,78392B206,,,25409.0,4483672.14,5.367715154955431,,,,,EGGQ,2026-07-16,,,,,,,,176.46,83532290.0,1550000.0,62.0,,,,,,,,,,,
Kroger Co/The,KR,,501044101,,,75932.0,4294713.92,5.141500153171781,,,,,EGGQ,2026-07-16,,,,,,,,56.56,83532290.0,1550000.0,62.0,,,,,,,,,,,
Advanced Micro Devices Inc,AMD,,007903107,,,8103.0,4287621.42,5.133009229092635,,,,,EGGQ,2026-07-16,,,,,,,,529.14,83532290.0,1550000.0,62.0,,,,,,,,,,,
Vertiv Holdings Co,VRT,,92537N108,,,13569.0,4132710.33,4.947554410029156,,,,,EGGQ,2026-07-16,,,,,,,,304.57,83532290.0,1550000.0,62.0,,,,,,,,,,,
Credo Technology Group Holding Ltd,CRDO,,G25457105,,,17487.0,3965002.38,4.7467795815597595,,,,,EGGQ,2026-07-16,,,,,,,,226.74,83532290.0,1550000.0,62.0,,,,,,,,,,,
Alphabet Inc,GOOGL,,02079K305,,,9425.0,3495921.0,4.185209700062268,,,,,EGGQ,2026-07-16,,,,,,,,370.92,83532290.0,1550000.0,62.0,,,,,,,,,,,
Eli Lilly & Co,LLY,,532457108,,,2776.0,3210804.88,3.8438774013438133,,,,,EGGQ,2026-07-16,,,,,,,,1156.63,83532290.0,1550000.0,62.0,,,,,,,,,,,
Vistra Corp,VST,,92840M102,,,19878.0,3185051.94,3.8130467692176517,,,,,EGGQ,2026-07-16,,,,,,,,160.23,83532290.0,1550000.0,62.0,,,,,,,,,,,
Sandisk Corp,SNDK,,80004C200,,,1869.0,3018435.0,3.613578064552217,,,,,EGGQ,2026-07-16,,,,,,,,1615.0,83532290.0,1550000.0,62.0,,,,,,,,,,,
Astera Labs Inc,ALAB,,04626A103,,,8537.0,2993242.94,3.5834189008077986,,,,,EGGQ,2026-07-16,,,,,,,,350.62,83532290.0,1550000.0,62.0,,,,,,,,,,,
Micron Technology Inc,MU,,595112103,,,3182.0,2877418.96,3.4447579743750163,,,,,EGGQ,2026-07-16,,,,,,,,904.28,83532290.0,1550000.0,62.0,,,,,,,,,,,
Coherent Corp,COHR,,19247G107,,,9584.0,2869257.92,3.4349878268886753,,,,,EGGQ,2026-07-16,,,,,,,,299.38,83532290.0,1550000.0,62.0,,,,,,,,,,,
GE Vernova Inc,GEV,,36828A101,,,2267.0,2392319.76,2.86401204867119,,,,,EGGQ,2026-07-16,,,,,,,,1055.28,83532290.0,1550000.0,62.0,,,,,,,,,,,
Celestica Inc,CLS,,15101Q207,,,6709.0,2245971.93,2.688808902576338,,,,,EGGQ,2026-07-16,,,,,,,,334.77,83532290.0,1550000.0,62.0,,,,,,,,,,,
Ciena Corp,CIEN,,171779309,,,5253.0,2198170.38,2.631582348904784,,,,,EGGQ,2026-07-16,,,,,,,,418.46,83532290.0,1550000.0,62.0,,,,,,,,,,,
Teradyne Inc,TER,,880770102,,,6110.0,2090353.2,2.502506918547702,,,,,EGGQ,2026-07-16,,,,,,,,342.12,83532290.0,1550000.0,62.0,,,,,,,,,,,
CoreWeave Inc,CRWV,,21873S108,,,18055.0,1392401.6,1.666940609556744,,,,,EGGQ,2026-07-16,,,,,,,,77.12,83532290.0,1550000.0,62.0,,,,,,,,,,,
LITE US 07/31/26 C770,LITE  260731C00770000,,LITE  260731C00770000,,,225.0,1301625.0,1.5582656403973514,,,,,EGGQ,2026-07-16,LITE,770.0,2026-07-31,Call,733.3300170898438,15.0,-0.04762335442877435,57.85,83532290.0,1550000.0,62.0,,,,,,,,,,,
First American Government Obligations Fund 12/01/2031,FGXXX,,31846V336,,,1153311.0,1153310.52,1.3807080810715855,,,,,EGGQ,2026-07-16,,,,,,,,100.0,83532290.0,1550000.0,62.0,,,,,,,,,,,
STX US 07/31/26 C890,STX   260731C00890000,,STX   260731C00890000,,,175.0,969500.0,1.1606557482878956,,,,,EGGQ,2026-07-16,STX,890.0,2026-07-31,Call,787.1300048828125,15.0,-0.11558426417661517,55.4,83532290.0,1550000.0,62.0,,,,,,,,,,,
BE US 07/31/26 C295,BE    260731C00295000,,BE    260731C00295000,,,475.0,828875.0,0.9923037992389164,,,,,EGGQ,2026-07-16,BE,295.0,2026-07-31,Call,228.0,15.0,-0.2271186440677966,17.45,83532290.0,1550000.0,62.0,,,,,,,,,,,
GOOGL US 07/24/26 C372.5,GOOGL 260724C00372500,,GOOGL 260724C00372500,,,650.0,770250.0,0.9221197422576087,,,,,EGGQ,2026-07-16,GOOGL,372.5,2026-07-24,Call,370.5899963378906,8.0,-0.005127526609689598,11.85,83532290.0,1550000.0,62.0,,,,,,,,,,,
INTC US 08/07/26 C127,INTC  260807C00127000,,INTC  260807C00127000,,,1800.0,634500.0,0.759603994108994,,,,,EGGQ,2026-07-16,INTC,127.0,2026-08-07,Call,100.33000183105469,22.0,-0.20999998558224656,3.525,83532290.0,1550000.0,62.0,,,,,,,,,,,
COHR US 08/07/26 C370,COHR  260807C00370000,,COHR  260807C00370000,,,450.0,411750.0,0.49293450681541107,,,,,EGGQ,2026-07-16,COHR,370.0,2026-08-07,Call,287.94000244140625,22.0,-0.22178377718538853,9.15,83532290.0,1550000.0,62.0,,,,,,,,,,,
WDC US 08/07/26 C645,WDC   260807C00645000,,WDC   260807C00645000,,,175.0,322875.0,0.38653607501645626,,,,,EGGQ,2026-07-16,WDC,645.0,2026-08-07,Call,489.7174987792969,22.0,-0.24074806390806686,18.45,83532290.0,1550000.0,62.0,,,,,,,,,,,
Cash & Other,Cash&Other,,Cash&Other,,,35752.0,35751.71,0.04280085376237426,,,,,EGGQ,2026-07-16,,,,,,,,1.0,83532290.0,1550000.0,62.0,,,,,,,,,,,
CIEN US 08/07/26 C510,CIEN  260807C00510000,,CIEN  260807C00510000,,,400.0,9600.0,0.011492826388410314,,,,,EGGQ,2026-07-16,CIEN,510.0,2026-08-07,Call,401.3800048828125,22.0,-0.2129803825827206,0.24,83532290.0,1550000.0,62.0,,,,,,,,,,,
CIEN US 08/07/26 C525,CIEN  260807C00525000,,CIEN  260807C00525000,,,-400.0,-4400.0,-0.005267545428021394,,,,,EGGQ,2026-07-16,CIEN,525.0,2026-08-07,Call,401.3800048828125,22.0,-0.23546665736607142,0.11,83532290.0,1550000.0,62.0,,,,,,,,,,,
WDC US 08/07/26 C680,WDC   260807C00680000,,WDC   260807C00680000,,,-175.0,-225750.0,-0.27026099553996125,,,,,EGGQ,2026-07-16,WDC,680.0,2026-08-07,Call,489.7174987792969,22.0,-0.2798272076775046,12.9,83532290.0,1550000.0,62.0,,,,,,,,,,,
COHR US 08/07/26 C385,COHR  260807C00385000,,COHR  260807C00385000,,,-450.0,-315000.0,-0.3771083658697134,,,,,EGGQ,2026-07-16,COHR,385.0,2026-08-07,Call,287.94000244140625,22.0,-0.2521038897625812,7.0,83532290.0,1550000.0,62.0,,,,,,,,,,,
INTC US 08/07/26 C132,INTC  260807C00132000,,INTC  260807C00132000,,,-1800.0,-500400.0,-0.5990635754958876,,,,,EGGQ,2026-07-16,INTC,132.0,2026-08-07,Call,100.33000183105469,22.0,-0.239924228552616,2.78,83532290.0,1550000.0,62.0,,,,,,,,,,,
GOOGL US 07/24/26 C382.5,GOOGL 260724C00382500,,GOOGL 260724C00382500,,,-650.0,-508625.0,-0.6089102939380412,,,,,EGGQ,2026-07-16,GOOGL,382.5,2026-07-24,Call,370.5899963378906,8.0,-0.03113726447610294,7.825,83532290.0,1550000.0,62.0,,,,,,,,,,,
BE US 07/31/26 C310,BE    260731C00310000,,BE    260731C00310000,,,-475.0,-684000.0,-0.8188638801742347,,,,,EGGQ,2026-07-16,BE,310.0,2026-07-31,Call,228.0,15.0,-0.2645161290322581,14.4,83532290.0,1550000.0,62.0,,,,,,,,,,,
STX US 07/31/26 C930,STX   260731C00930000,,STX   260731C00930000,,,-175.0,-739375.0,-0.8851571365552995,,,,,EGGQ,2026-07-16,STX,930.0,2026-07-31,Call,787.1300048828125,15.0,-0.15362365066364247,42.25,83532290.0,1550000.0,62.0,,,,,,,,,,,
LITE US 07/31/26 C800,LITE  260731C00800000,,LITE  260731C00800000,,,-225.0,-1033875.0,-1.237723529408095,,,,,EGGQ,2026-07-16,LITE,800.0,2026-07-31,Call,733.3300170898438,15.0,-0.0833374786376953,45.95,83532290.0,1550000.0,62.0,,,,,,,,,,,
Seagate Technology Holdings PLC,STX,,G7997R103,,,21063.0,17446482.9,11.882206234657481,,,,,EGGY,2026-07-16,,,,,,,,828.3,146563830.0,4050000.0,162.0,,,,,,,,,,,
Bloom Energy Corp,BE,,093712107,,,56939.0,13630057.82,9.282968890397157,,,,,EGGY,2026-07-16,,,,,,,,239.38,146563830.0,4050000.0,162.0,,,,,,,,,,,
Lumentum Holdings Inc,LITE,,55024U109,,,12071.0,9077392.0,6.182303014026394,,,,,EGGY,2026-07-16,,,,,,,,752.0,146563830.0,4050000.0,162.0,,,,,,,,,,,
Vertiv Holdings Co,VRT,,92537N108,,,26685.0,8127450.45,5.535330127131799,,,,,EGGY,2026-07-16,,,,,,,,304.57,146563830.0,4050000.0,162.0,,,,,,,,,,,
SK hynix Inc,SKHY,,78392B206,,,44444.0,7842588.24,5.341320162654643,,,,,EGGY,2026-07-16,,,,,,,,176.46,146563830.0,4050000.0,162.0,,,,,,,,,,,
Advanced Micro Devices Inc,AMD,,007903107,,,14163.0,7494209.82,5.104051467418418,,,,,EGGY,2026-07-16,,,,,,,,529.14,146563830.0,4050000.0,162.0,,,,,,,,,,,
Coherent Corp,COHR,,19247G107,,,24185.0,7240505.3,4.931261946081439,,,,,EGGY,2026-07-16,,,,,,,,299.38,146563830.0,4050000.0,162.0,,,,,,,,,,,
Sandisk Corp,SNDK,,80004C200,,,4340.0,7009100.0,4.773659665200357,,,,,EGGY,2026-07-16,,,,,,,,1615.0,146563830.0,4050000.0,162.0,,,,,,,,,,,
Credo Technology Group Holding Ltd,CRDO,,G25457105,,,30550.0,6926907.0,4.717680807877475,,,,,EGGY,2026-07-16,,,,,,,,226.74,146563830.0,4050000.0,162.0,,,,,,,,,,,
Alphabet Inc,GOOGL,,02079K305,,,18533.0,6874260.36,4.681824971625129,,,,,EGGY,2026-07-16,,,,,,,,370.92,146563830.0,4050000.0,162.0,,,,,,,,,,,
Eli Lilly & Co,LLY,,532457108,,,5454.0,6308260.02,4.296341386921288,,,,,EGGY,2026-07-16,,,,,,,,1156.63,146563830.0,4050000.0,162.0,,,,,,,,,,,
Vistra Corp,VST,,92840M102,,,39157.0,6274126.11,4.273093941545623,,,,,EGGY,2026-07-16,,,,,,,,160.23,146563830.0,4050000.0,162.0,,,,,,,,,,,
Western Digital Corp,WDC,,958102105,,,12071.0,6202562.64,4.2243544956480354,,,,,EGGY,2026-07-16,,,,,,,,513.84,146563830.0,4050000.0,162.0,,,,,,,,,,,
Astera Labs Inc,ALAB,,04626A103,,,15350.0,5382017.0,3.6655087629399827,,,,,EGGY,2026-07-16,,,,,,,,350.62,146563830.0,4050000.0,162.0,,,,,,,,,,,
Micron Technology Inc,MU,,595112103,,,5906.0,5340677.68,3.637353957833648,,,,,EGGY,2026-07-16,,,,,,,,904.28,146563830.0,4050000.0,162.0,,,,,,,,,,,
First American Government Obligations Fund 12/01/2031,FGXXX,,31846V336,,,5065969.0,5065968.69,3.4502590062377334,,,,,EGGY,2026-07-16,,,,,,,,100.0,146563830.0,4050000.0,162.0,,,,,,,,,,,
Kroger Co/The,KR,,501044101,,,88550.0,5008388.0,3.4110427563130057,,,,,EGGY,2026-07-16,,,,,,,,56.56,146563830.0,4050000.0,162.0,,,,,,,,,,,
Celestica Inc,CLS,,15101Q207,,,12412.0,4155165.24,2.8299417483600697,,,,,EGGY,2026-07-16,,,,,,,,334.77,146563830.0,4050000.0,162.0,,,,,,,,,,,
Ciena Corp,CIEN,,171779309,,,9709.0,4062828.14,2.7670540894778206,,,,,EGGY,2026-07-16,,,,,,,,418.46,146563830.0,4050000.0,162.0,,,,,,,,,,,
CoreWeave Inc,CRWV,,21873S108,,,35493.0,2737220.16,1.8642275716661585,,,,,EGGY,2026-07-16,,,,,,,,77.12,146563830.0,4050000.0,162.0,,,,,,,,,,,
Teradyne Inc,TER,,880770102,,,6998.0,2394155.76,1.6305780747484135,,,,,EGGY,2026-07-16,,,,,,,,342.12,146563830.0,4050000.0,162.0,,,,,,,,,,,
LITE US 07/31/26 C770,LITE  260731C00770000,,LITE  260731C00770000,,,350.0,2024750.0,1.3789883732739472,,,,,EGGY,2026-07-16,LITE,770.0,2026-07-31,Call,734.0,15.0,-0.046753246753246755,57.85,146563830.0,4050000.0,162.0,,,,,,,,,,,
STX US 07/31/26 C890,STX   260731C00890000,,STX   260731C00890000,,,275.0,1523500.0,1.0376040433055236,,,,,EGGY,2026-07-16,STX,890.0,2026-07-31,Call,787.1300048828125,15.0,-0.11558426417661517,55.4,146563830.0,4050000.0,162.0,,,,,,,,,,,
BE US 07/31/26 C295,BE    260731C00295000,,BE    260731C00295000,,,750.0,1308750.0,0.891345120890124,,,,,EGGY,2026-07-16,BE,295.0,2026-07-31,Call,228.0,15.0,-0.2271186440677966,17.45,146563830.0,4050000.0,162.0,,,,,,,,,,,
GOOGL US 07/24/26 C372.5,GOOGL 260724C00372500,,GOOGL 260724C00372500,,,1100.0,1303500.0,0.8877695244166391,,,,,EGGY,2026-07-16,GOOGL,372.5,2026-07-24,Call,370.5849914550781,8.0,-0.00514096253670302,11.85,146563830.0,4050000.0,162.0,,,,,,,,,,,
INTC US 08/07/26 C127,INTC  260807C00127000,,INTC  260807C00127000,,,3000.0,1057500.0,0.7202272896590687,,,,,EGGY,2026-07-16,INTC,127.0,2026-08-07,Call,100.375,22.0,-0.20964566929133857,3.525,146563830.0,4050000.0,162.0,,,,,,,,,,,
COHR US 08/07/26 C370,COHR  260807C00370000,,COHR  260807C00370000,,,725.0,663375.0,0.45180215439960725,,,,,EGGY,2026-07-16,COHR,370.0,2026-08-07,Call,287.94000244140625,22.0,-0.22178377718538853,9.15,146563830.0,4050000.0,162.0,,,,,,,,,,,
WDC US 08/07/26 C645,WDC   260807C00645000,,WDC   260807C00645000,,,300.0,553500.0,0.3769700282045338,,,,,EGGY,2026-07-16,WDC,645.0,2026-08-07,Call,489.625,22.0,-0.24089147286821705,18.45,146563830.0,4050000.0,162.0,,,,,,,,,,,
Cash & Other,Cash&Other,,Cash&Other,,,225026.0,225025.79,0.15325741355564138,,,,,EGGY,2026-07-16,,,,,,,,1.0,146563830.0,4050000.0,162.0,,,,,,,,,,,
CIEN US 08/07/26 C510,CIEN  260807C00510000,,CIEN  260807C00510000,,,600.0,14400.0,0.009807350327272424,,,,,EGGY,2026-07-16,CIEN,510.0,2026-08-07,Call,401.9200134277344,22.0,-0.21192154229856006,0.24,146563830.0,4050000.0,162.0,,,,,,,,,,,
CIEN US 08/07/26 C525,CIEN  260807C00525000,,CIEN  260807C00525000,,,-600.0,-6600.0,-0.004495035566666528,,,,,EGGY,2026-07-16,CIEN,525.0,2026-08-07,Call,401.9200134277344,22.0,-0.23443806966145833,0.11,146563830.0,4050000.0,162.0,,,,,,,,,,,
WDC US 08/07/26 C680,WDC   260807C00680000,,WDC   260807C00680000,,,-300.0,-387000.0,-0.2635725400454464,,,,,EGGY,2026-07-16,WDC,680.0,2026-08-07,Call,489.625,22.0,-0.27996323529411765,12.9,146563830.0,4050000.0,162.0,,,,,,,,,,,
COHR US 08/07/26 C385,COHR  260807C00385000,,COHR  260807C00385000,,,-725.0,-507500.0,-0.34564099243685803,,,,,EGGY,2026-07-16,COHR,385.0,2026-08-07,Call,287.94000244140625,22.0,-0.2521038897625812,7.0,146563830.0,4050000.0,162.0,,,,,,,,,,,
INTC US 08/07/26 C132,INTC  260807C00132000,,INTC  260807C00132000,,,-3000.0,-834000.0,-0.5680090397878612,,,,,EGGY,2026-07-16,INTC,132.0,2026-08-07,Call,100.375,22.0,-0.23958333333333334,2.78,146563830.0,4050000.0,162.0,,,,,,,,,,,
GOOGL US 07/24/26 C382.5,GOOGL 260724C00382500,,GOOGL 260724C00382500,,,-1100.0,-860750.0,-0.5862275551527596,,,,,EGGY,2026-07-16,GOOGL,382.5,2026-07-24,Call,370.5849914550781,8.0,-0.031150349137050653,7.825,146563830.0,4050000.0,162.0,,,,,,,,,,,
BE US 07/31/26 C310,BE    260731C00310000,,BE    260731C00310000,,,-750.0,-1080000.0,-0.7355512745454318,,,,,EGGY,2026-07-16,BE,310.0,2026-07-31,Call,228.0,15.0,-0.2645161290322581,14.4,146563830.0,4050000.0,162.0,,,,,,,,,,,
STX US 07/31/26 C930,STX   260731C00930000,,STX   260731C00930000,,,-275.0,-1161875.0,-0.7913135528819201,,,,,EGGY,2026-07-16,STX,930.0,2026-07-31,Call,787.1300048828125,15.0,-0.15362365066364247,42.25,146563830.0,4050000.0,162.0,,,,,,,,,,,
LITE US 07/31/26 C800,LITE  260731C00800000,,LITE  260731C00800000,,,-350.0,-1608250.0,-1.0953243863774915,,,,,EGGY,2026-07-16,LITE,800.0,2026-07-31,Call,734.0,15.0,-0.0825,45.95,146563830.0,4050000.0,162.0,,,,,,,,,,,
Credo Technology Group Holding Ltd,CRDO,,G25457105,,,20559.0,4661547.66,8.161296972778162,,,,,EGGS,2026-07-16,,,,,,,,226.74,57033450.0,1500000.0,60.0,,,,,,,,,,,
Seagate Technology Holdings PLC,STX,,G7997R103,,,5426.0,4494355.8,7.868582509596816,,,,,EGGS,2026-07-16,,,,,,,,828.3,57033450.0,1500000.0,60.0,,,,,,,,,,,
Western Digital Corp,WDC,,958102105,,,8130.0,4177519.2,7.3138745514151084,,,,,EGGS,2026-07-16,,,,,,,,513.84,57033450.0,1500000.0,60.0,,,,,,,,,,,
Coherent Corp,COHR,,19247G107,,,12695.0,3800629.1,6.654026737652745,,,,,EGGS,2026-07-16,,,,,,,,299.38,57033450.0,1500000.0,60.0,,,,,,,,,,,
Lumentum Holdings Inc,LITE,,55024U109,,,4743.0,3566736.0,6.244533756305923,,,,,EGGS,2026-07-16,,,,,,,,752.0,57033450.0,1500000.0,60.0,,,,,,,,,,,
Bloom Energy Corp,BE,,093712107,,,13744.0,3290038.72,5.7601005083060635,,,,,EGGS,2026-07-16,,,,,,,,239.38,57033450.0,1500000.0,60.0,,,,,,,,,,,
SK hynix Inc,SKHY,,78392B206,,,16983.0,2996820.18,5.246742336856104,,,,,EGGS,2026-07-16,,,,,,,,176.46,57033450.0,1500000.0,60.0,,,,,,,,,,,
Cardinal Health Inc,CAH,,14149Y108,,,12455.0,2801627.7,4.90500523314642,,,,,EGGS,2026-07-16,,,,,,,,224.94,57033450.0,1500000.0,60.0,,,,,,,,,,,
Eli Lilly & Co,LLY,,532457108,,,2414.0,2792104.82,4.88833286221197,,,,,EGGS,2026-07-16,,,,,,,,1156.63,57033450.0,1500000.0,60.0,,,,,,,,,,,
Intel Corp,INTC,,458140100,,,25325.0,2608221.75,4.566395932249067,,,,,EGGS,2026-07-16,,,,,,,,102.99,57033450.0,1500000.0,60.0,,,,,,,,,,,
Amgen Inc,AMGN,,031162100,,,7157.0,2564496.24,4.489842628834772,,,,,EGGS,2026-07-16,,,,,,,,358.32,57033450.0,1500000.0,60.0,,,,,,,,,,,
McKesson Corp,MCK,,58155Q103,,,3185.0,2536374.75,4.440608372757893,,,,,EGGS,2026-07-16,,,,,,,,796.35,57033450.0,1500000.0,60.0,,,,,,,,,,,
Lockheed Martin Corp,LMT,,539830109,,,4629.0,2381435.34,4.169345129297451,,,,,EGGS,2026-07-16,,,,,,,,514.46,57033450.0,1500000.0,60.0,,,,,,,,,,,
Caterpillar Inc,CAT,,149123101,,,2593.0,2370779.9,4.150689906491981,,,,,EGGS,2026-07-16,,,,,,,,914.3,57033450.0,1500000.0,60.0,,,,,,,,,,,
Boeing Co/The,BA,,097023105,,,9986.0,2178146.32,3.813432847683014,,,,,EGGS,2026-07-16,,,,,,,,218.12,57033450.0,1500000.0,60.0,,,,,,,,,,,
Costco Wholesale Corp,COST,,22160K105,,,2351.0,2154785.54,3.77253349901139,,,,,EGGS,2026-07-16,,,,,,,,916.54,57033450.0,1500000.0,60.0,,,,,,,,,,,
Walmart Inc,WMT,,931142103,,,18133.0,2040506.49,3.572457186841503,,,,,EGGS,2026-07-16,,,,,,,,112.53,57033450.0,1500000.0,60.0,,,,,,,,,,,
Amazon.com Inc,AMZN,,023135106,,,7932.0,2022342.72,3.5406566064490166,,,,,EGGS,2026-07-16,,,,,,,,254.96,57033450.0,1500000.0,60.0,,,,,,,,,,,
Alphabet Inc,GOOGL,,02079K305,,,5144.0,1908012.48,3.3404906723718777,,,,,EGGS,2026-07-16,,,,,,,,370.92,57033450.0,1500000.0,60.0,,,,,,,,,,,
Celestica Inc,CLS,,15101Q207,,,4569.0,1529564.13,2.677914721532432,,,,,EGGS,2026-07-16,,,,,,,,334.77,57033450.0,1500000.0,60.0,,,,,,,,,,,
Ciena Corp,CIEN,,171779309,,,3574.0,1495576.04,2.6184093992104653,,,,,EGGS,2026-07-16,,,,,,,,418.46,57033450.0,1500000.0,60.0,,,,,,,,,,,
LITE US 07/31/26 C770,LITE  260731C00770000,,LITE  260731C00770000,,,150.0,867750.0,1.5192305141267717,,,,,EGGS,2026-07-16,LITE,770.0,2026-07-31,Call,733.1649780273438,15.0,-0.047837690873579544,57.85,57033450.0,1500000.0,60.0,,,,,,,,,,,
STX US 07/31/26 C890,STX   260731C00890000,,STX   260731C00890000,,,120.0,664800.0,1.1639117784978137,,,,,EGGS,2026-07-16,STX,890.0,2026-07-31,Call,787.969970703125,15.0,-0.11464048235603932,55.4,57033450.0,1500000.0,60.0,,,,,,,,,,,
GOOGL US 07/24/26 C372.5,GOOGL 260724C00372500,,GOOGL 260724C00372500,,,450.0,533250.0,0.933598008249036,,,,,EGGS,2026-07-16,GOOGL,372.5,2026-07-24,Call,370.6400146484375,8.0,-0.0049932492659395976,11.85,57033450.0,1500000.0,60.0,,,,,,,,,,,
BE US 07/31/26 C295,BE    260731C00295000,,BE    260731C00295000,,,300.0,523500.0,0.9165280024723307,,,,,EGGS,2026-07-16,BE,295.0,2026-07-31,Call,227.67999267578125,15.0,-0.22820341465836863,17.45,57033450.0,1500000.0,60.0,,,,,,,,,,,
INTC US 08/07/26 C127,INTC  260807C00127000,,INTC  260807C00127000,,,1000.0,352500.0,0.6171463626962685,,,,,EGGS,2026-07-16,INTC,127.0,2026-08-07,Call,100.36990356445312,22.0,-0.2096857987050935,3.525,57033450.0,1500000.0,60.0,,,,,,,,,,,
COHR US 08/07/26 C370,COHR  260807C00370000,,COHR  260807C00370000,,,250.0,228750.0,0.4004885970688551,,,,,EGGS,2026-07-16,COHR,370.0,2026-08-07,Call,287.94000244140625,22.0,-0.22178377718538853,9.15,57033450.0,1500000.0,60.0,,,,,,,,,,,
WDC US 08/07/26 C645,WDC   260807C00645000,,WDC   260807C00645000,,,110.0,202950.0,0.355318735628958,,,,,EGGS,2026-07-16,WDC,645.0,2026-08-07,Call,489.625,22.0,-0.24089147286821705,18.45,57033450.0,1500000.0,60.0,,,,,,,,,,,
CIEN US 08/07/26 C510,CIEN  260807C00510000,,CIEN  260807C00510000,,,225.0,5400.0,0.00945415704555986,,,,,EGGS,2026-07-16,CIEN,510.0,2026-08-07,Call,401.9200134277344,22.0,-0.21192154229856006,0.24,57033450.0,1500000.0,60.0,,,,,,,,,,,
CIEN US 08/07/26 C525,CIEN  260807C00525000,,CIEN  260807C00525000,,,-225.0,-2475.0,-0.0043331553125482685,,,,,EGGS,2026-07-16,CIEN,525.0,2026-08-07,Call,401.9200134277344,22.0,-0.23443806966145833,0.11,57033450.0,1500000.0,60.0,,,,,,,,,,,
WDC US 08/07/26 C680,WDC   260807C00680000,,WDC   260807C00680000,,,-110.0,-141900.0,-0.24843423791943406,,,,,EGGS,2026-07-16,WDC,680.0,2026-08-07,Call,489.625,22.0,-0.27996323529411765,12.9,57033450.0,1500000.0,60.0,,,,,,,,,,,
COHR US 08/07/26 C385,COHR  260807C00385000,,COHR  260807C00385000,,,-250.0,-175000.0,-0.3063847190690695,,,,,EGGS,2026-07-16,COHR,385.0,2026-08-07,Call,287.94000244140625,22.0,-0.2521038897625812,7.0,57033450.0,1500000.0,60.0,,,,,,,,,,,
INTC US 08/07/26 C132,INTC  260807C00132000,,INTC  260807C00132000,,,-1000.0,-278000.0,-0.4867140108640075,,,,,EGGS,2026-07-16,INTC,132.0,2026-08-07,Call,100.36990356445312,22.0,-0.23962194269353693,2.78,57033450.0,1500000.0,60.0,,,,,,,,,,,
GOOGL US 07/24/26 C382.5,GOOGL 260724C00382500,,GOOGL 260724C00382500,,,-450.0,-352125.0,-0.6164898240125491,,,,,EGGS,2026-07-16,GOOGL,382.5,2026-07-24,Call,370.6400146484375,8.0,-0.031006497651143793,7.825,57033450.0,1500000.0,60.0,,,,,,,,,,,
BE US 07/31/26 C310,BE    260731C00310000,,BE    260731C00310000,,,-300.0,-432000.0,-0.7563325636447886,,,,,EGGS,2026-07-16,BE,310.0,2026-07-31,Call,227.67999267578125,15.0,-0.2655484107232863,14.4,57033450.0,1500000.0,60.0,,,,,,,,,,,
STX US 07/31/26 C930,STX   260731C00930000,,STX   260731C00930000,,,-120.0,-507000.0,-0.8876403003886755,,,,,EGGS,2026-07-16,STX,930.0,2026-07-31,Call,787.969970703125,15.0,-0.152720461609543,42.25,57033450.0,1500000.0,60.0,,,,,,,,,,,
LITE US 07/31/26 C800,LITE  260731C00800000,,LITE  260731C00800000,,,-150.0,-689250.0,-1.2067181006763208,,,,,EGGS,2026-07-16,LITE,800.0,2026-07-31,Call,733.1649780273438,15.0,-0.08354377746582031,45.95,57033450.0,1500000.0,60.0,,,,,,,,,,,
Cash & Other,Cash&Other,,Cash&Other,,,-2055040.0,-2055039.77,-3.5979016148983725,,,,,EGGS,2026-07-16,,,,,,,,1.0,57033450.0,1500000.0,60.0,,,,,,,,,,,
Coherent Corp,COHR,,19247G107,,,97000.0,29039860.0,3.4270204348595215,,,,,ULTY,2026-07-16,,,,,,,,299.38,847497516.28,30052464.0,1202.1,,,,,,,,,,,
FIX US 07/17/26 P1740,FIX   260717P01740000,,FIX   260717P01740000,,,-200.0,-844000.0,-0.09960121181787501,,,,,ULTY,2026-07-16,FIX,1740.0,2026-07-17,Put,1689.3299560546875,1.0,0.02912071491109914,42.2,847497516.28,30052464.0,1202.1,,,,,,,,,,,
SCCO US 07/17/26 C170,SCCO  260717C00170000,,SCCO  260717C00170000,,,-941.0,-1082150.0,-0.12770551110037137,,,,,ULTY,2026-07-16,SCCO,170.0,2026-07-17,Call,177.80239868164062,1.0,0.04589646283318015,11.5,847497516.28,30052464.0,1202.1,,,,,,,,,,,
Strategy Inc,MSTR,,594972408,,,217000.0,21150990.0,2.4960476719760147,,,,,ULTY,2026-07-16,,,,,,,,97.47,847497516.28,30052464.0,1202.1,,,,,,,,,,,
ADI US 07/17/26 C412.5,ADI   260717C00412500,,ADI   260717C00412500,,,-900.0,-96750.0,-0.011417555975568018,,,,,ULTY,2026-07-16,ADI,412.5,2026-07-17,Call,383.9100036621094,1.0,-0.06930908203125,1.075,847497516.28,30052464.0,1202.1,,,,,,,,,,,
MSTR US 07/17/26 P86,MSTR  260717P00086000,,MSTR  260717P00086000,,,1085.0,22242.5,0.002624857765235883,,,,,ULTY,2026-07-16,MSTR,86.0,2026-07-17,Put,95.68499755859375,1.0,-0.11261625068132268,0.205,847497516.28,30052464.0,1202.1,,,,,,,,,,,
PWR US 07/17/26 C700,PWR   260717C00700000,,PWR   260717C00700000,,,-520.0,-32500.0,-0.0038353547204750447,,,,,ULTY,2026-07-16,PWR,700.0,2026-07-17,Call,634.2000122070312,1.0,-0.09399998256138394,0.625,847497516.28,30052464.0,1202.1,,,,,,,,,,,
FIX US 07/17/26 P1540,FIX   260717P01540000,,FIX   260717P01540000,,,200.0,52000.0,0.006136567552760071,,,,,ULTY,2026-07-16,FIX,1540.0,2026-07-17,Put,1689.3299560546875,1.0,-0.09696750393161525,2.6,847497516.28,30052464.0,1202.1,,,,,,,,,,,
ASTERA L PUT OPT 07/26 310,ALAB  260724P00310000,,ALAB  260724P00310000,,,2200.0,2057000.0,0.2427484510774513,,,,,ULTY,2026-07-16,ALAB,310.0,2026-07-24,Put,330.0199890136719,8.0,-0.06458060972152217,9.35,847497516.28,30052464.0,1202.1,,,,,,,,,,,
SCCO US 07/17/26 P165,SCCO  260717P00165000,,SCCO  260717P00165000,,,-941.0,-23525.0,-0.0027762067630515514,,,,,ULTY,2026-07-16,SCCO,165.0,2026-07-17,Put,177.80239868164062,1.0,-0.07759029504024621,0.25,847497516.28,30052464.0,1202.1,,,,,,,,,,,
DELL US 07/24/26 C445,DELL  260724C00445000,,DELL  260724C00445000,,,400.0,421000.0,0.04968259499446135,,,,,ULTY,2026-07-16,DELL,445.0,2026-07-24,Call,408.7099914550781,8.0,-0.08155058099982444,10.525,847497516.28,30052464.0,1202.1,,,,,,,,,,,
FTNT US 07/17/26 P145,FTNT  260717P00145000,,FTNT  260717P00145000,,,1600.0,1600.0,0.00018881746316184837,,,,,ULTY,2026-07-16,FTNT,145.0,2026-07-17,Put,162.8699951171875,1.0,-0.12324134563577586,0.01,847497516.28,30052464.0,1202.1,,,,,,,,,,,
CAT US 07/17/26 C945,CAT   260717C00945000,,CAT   260717C00945000,,,-390.0,-149175.0,-0.017604278166980458,,,,,ULTY,2026-07-16,CAT,945.0,2026-07-17,Call,896.8200073242188,1.0,-0.05098411923363095,3.825,847497516.28,30052464.0,1202.1,,,,,,,,,,,
Astera Labs Inc,ALAB,,04626A103,,,110000.0,38568200.0,4.551468551699251,,,,,ULTY,2026-07-16,,,,,,,,350.62,847497516.28,30052464.0,1202.1,,,,,,,,,,,
SILJ US 07/17/26 C25.5,SILJ  260717C00025500,,SILJ  260717C00025500,,,-8905.0,-325032.5,-0.03835738255947092,,,,,ULTY,2026-07-16,SILJ,25.5,2026-07-17,Call,24.18000030517578,1.0,-0.051764693914675246,0.365,847497516.28,30052464.0,1202.1,,,,,,,,,,,
NVDA US 07/17/26 P202.5,NVDA  260717P00202500,,NVDA  260717P00202500,,,-1660.0,-50630.0,-0.005974892599927739,,,,,ULTY,2026-07-16,NVDA,202.5,2026-07-17,Put,208.0,1.0,-0.027160493827160494,0.305,847497516.28,30052464.0,1202.1,,,,,,,,,,,
Amplify Junior Silver Miners ETF,SILJ,,032108649,,,890500.0,22351550.0,2.6377268554595075,,,,,ULTY,2026-07-16,,,,,,,,25.1,847497516.28,30052464.0,1202.1,,,,,,,,,,,
SHOP US 07/17/26 P123,SHOP  260717P00123000,,SHOP  260717P00123000,,,-2600.0,-526500.0,-0.06213274647169573,,,,,ULTY,2026-07-16,SHOP,123.0,2026-07-17,Put,124.3949966430664,1.0,-0.011341436122491107,2.025,847497516.28,30052464.0,1202.1,,,,,,,,,,,
Robinhood Markets Inc,HOOD,,770700102,,,369100.0,42645814.0,5.032671508720023,,,,,ULTY,2026-07-16,,,,,,,,115.54,847497516.28,30052464.0,1202.1,,,,,,,,,,,
Lumentum Holdings Inc,LITE,,55024U109,,,42000.0,31584000.0,3.7272567228148867,,,,,ULTY,2026-07-16,,,,,,,,752.0,847497516.28,30052464.0,1202.1,,,,,,,,,,,
NVDA US 07/17/26 P190,NVDA  260717P00190000,,NVDA  260717P00190000,,,3320.0,21580.0,0.00254667553439543,,,,,ULTY,2026-07-16,NVDA,190.0,2026-07-17,Put,208.0,1.0,-0.09473684210526316,0.065,847497516.28,30052464.0,1202.1,,,,,,,,,,,
GDX US 07/17/26 P67,GDX   260717P00067000,,GDX   260717P00067000,,,3053.0,12212.0,0.0014411492875828077,,,,,ULTY,2026-07-16,GDX,67.0,2026-07-17,Put,72.02999877929688,1.0,-0.07507460864622202,0.04,847497516.28,30052464.0,1202.1,,,,,,,,,,,
Comfort Systems USA Inc,FIX,,199908104,,,20000.0,34734000.0,4.098991103414776,,,,,ULTY,2026-07-16,,,,,,,,1736.7,847497516.28,30052464.0,1202.1,,,,,,,,,,,
FIX US 07/17/26 C1760,FIX   260717C01760000,,FIX   260717C01760000,,,-200.0,-562000.0,-0.06632213393559924,,,,,ULTY,2026-07-16,FIX,1760.0,2026-07-17,Call,1689.3299560546875,1.0,-0.040153434059836644,28.1,847497516.28,30052464.0,1202.1,,,,,,,,,,,
MSTR US 07/17/26 C98,MSTR  260717C00098000,,MSTR  260717C00098000,,,-1085.0,-260400.0,-0.03073004212959082,,,,,ULTY,2026-07-16,MSTR,98.0,2026-07-17,Call,95.68499755859375,1.0,-0.02362247389190051,2.4,847497516.28,30052464.0,1202.1,,,,,,,,,,,
MELI US 07/17/26 P1800,MELI  260717P01800000,,MELI  260717P01800000,,,400.0,344000.0,0.0405957545797974,,,,,ULTY,2026-07-16,MELI,1800.0,2026-07-17,Put,1852.4300537109375,1.0,-0.0291278076171875,8.6,847497516.28,30052464.0,1202.1,,,,,,,,,,,
Space Exploration Technologies Corp,SPCX,,84615Q103,,,193000.0,26107110.0,3.0809239254295773,,,,,ULTY,2026-07-16,,,,,,,,135.27,847497516.28,30052464.0,1202.1,,,,,,,,,,,
SPCX US 07/17/26 P140,SPCX  260717P00140000,,SPCX  260717P00140000,,,-1930.0,-1167650.0,-0.13779544428808266,,,,,ULTY,2026-07-16,SPCX,140.0,2026-07-17,Put,136.3699951171875,1.0,0.02592860630580357,6.05,847497516.28,30052464.0,1202.1,,,,,,,,,,,
Cash & Other,Cash&Other,,Cash&Other,,,2559462.0,2559462.12,0.302044465348279,,,,,ULTY,2026-07-16,,,,,,,,1.0,847497516.28,30052464.0,1202.1,,,,,,,,,,,
SCCO US 07/17/26 P155,SCCO  260717P00155000,,SCCO  260717P00155000,,,941.0,4705.0,0.0005552413526103104,,,,,ULTY,2026-07-16,SCCO,155.0,2026-07-17,Put,177.80239868164062,1.0,-0.14711224955897179,0.05,847497516.28,30052464.0,1202.1,,,,,,,,,,,
MercadoLibre Inc,MELI,,58733R102,,,20000.0,36863800.0,4.350330749066091,,,,,ULTY,2026-07-16,,,,,,,,1843.19,847497516.28,30052464.0,1202.1,,,,,,,,,,,
Lam Research Corp,LRCX,,512807306,,,122000.0,40922460.0,4.829296927213883,,,,,ULTY,2026-07-16,,,,,,,,335.43,847497516.28,30052464.0,1202.1,,,,,,,,,,,
Palantir Technologies Inc,PLTR,,69608A108,,,269900.0,36101824.0,4.260409264497208,,,,,ULTY,2026-07-16,,,,,,,,133.76,847497516.28,30052464.0,1202.1,,,,,,,,,,,
AMD US 07/17/26 C560,AMD   260717C00560000,,AMD   260717C00560000,,,-752.0,-293280.0,-0.03461024099756681,,,,,ULTY,2026-07-16,AMD,560.0,2026-07-17,Call,515.932373046875,1.0,-0.07869219098772322,3.9,847497516.28,30052464.0,1202.1,,,,,,,,,,,
SPCX US 07/24/26 P124,SPCX  260724P00124000,,SPCX  260724P00124000,,,1930.0,318450.0,0.03758057571493163,,,,,ULTY,2026-07-16,SPCX,124.0,2026-07-24,Put,136.3699951171875,8.0,-0.09975802513860887,1.65,847497516.28,30052464.0,1202.1,,,,,,,,,,,
SILJ US 07/17/26 P23,SILJ  260717P00023000,,SILJ  260717P00023000,,,8905.0,35620.04,0.004203553494077228,,,,,ULTY,2026-07-16,SILJ,23.0,2026-07-17,Put,24.18000030517578,1.0,-0.05130436109459918,0.04,847497516.28,30052464.0,1202.1,,,,,,,,,,,
SILJ US 07/17/26 P24.5,SILJ  260717P00024500,,SILJ  260717P00024500,,,-8905.0,-258245.0,-0.03047572860889471,,,,,ULTY,2026-07-16,SILJ,24.5,2026-07-17,Put,24.18000030517578,1.0,0.013061212033641582,0.29,847497516.28,30052464.0,1202.1,,,,,,,,,,,
MSTR US 07/17/26 C100,MSTR  260717C00100000,,MSTR  260717C00100000,,,-1085.0,-179567.5,-0.021190924885197006,,,,,ULTY,2026-07-16,MSTR,100.0,2026-07-17,Call,95.68499755859375,1.0,-0.0431500244140625,1.655,847497516.28,30052464.0,1202.1,,,,,,,,,,,
ASTERA L CLL OPT 07/26 375,ALAB  260724C00375000,,ALAB  260724C00375000,,,1100.0,1787500.0,0.21094450962612749,,,,,ULTY,2026-07-16,ALAB,375.0,2026-07-24,Call,330.0199890136719,8.0,-0.11994669596354167,16.25,847497516.28,30052464.0,1202.1,,,,,,,,,,,
GDX US 07/17/26 C77,GDX   260717C00077000,,GDX   260717C00077000,,,-3053.0,-71745.5,-0.008466752064548994,,,,,ULTY,2026-07-16,GDX,77.0,2026-07-17,Call,72.02999877929688,1.0,-0.06454547039874188,0.235,847497516.28,30052464.0,1202.1,,,,,,,,,,,
Alphabet Inc,GOOGL,,02079K305,,,90000.0,33382800.0,3.939534755774595,,,,,ULTY,2026-07-16,,,,,,,,370.92,847497516.28,30052464.0,1202.1,,,,,,,,,,,
AMD US 07/17/26 P540,AMD   260717P00540000,,AMD   260717P00540000,,,-752.0,-1502120.0,-0.1772665548529223,,,,,ULTY,2026-07-16,AMD,540.0,2026-07-17,Put,515.932373046875,1.0,0.04456967954282407,19.975,847497516.28,30052464.0,1202.1,,,,,,,,,,,
PWR US 07/17/26 P660,PWR   260717P00660000,,PWR   260717P00660000,,,520.0,816400.0,0.09634411057833313,,,,,ULTY,2026-07-16,PWR,660.0,2026-07-17,Put,634.2000122070312,1.0,0.0390908905954072,15.7,847497516.28,30052464.0,1202.1,,,,,,,,,,,
TMDX US 07/17/26 P60,TMDX  260717P00060000,,TMDX  260717P00060000,,,2500.0,31250.01,0.003687842257488995,,,,,ULTY,2026-07-16,TMDX,60.0,2026-07-17,Put,77.82499694824219,1.0,-0.29708328247070315,0.125,847497516.28,30052464.0,1202.1,,,,,,,,,,,
Advanced Micro Devices Inc,AMD,,007903107,,,75200.0,39791328.0,4.695811005500641,,,,,ULTY,2026-07-16,,,,,,,,529.14,847497516.28,30052464.0,1202.1,,,,,,,,,,,
PWR US 07/17/26 P600,PWR   260717P00600000,,PWR   260717P00600000,,,520.0,63700.0,0.007517295252131088,,,,,ULTY,2026-07-16,PWR,600.0,2026-07-17,Put,634.2000122070312,1.0,-0.05700002034505208,1.225,847497516.28,30052464.0,1202.1,,,,,,,,,,,
CAT US 07/17/26 P900,CAT   260717P00900000,,CAT   260717P00900000,,,390.0,333450.0,0.03935073943207396,,,,,ULTY,2026-07-16,CAT,900.0,2026-07-17,Put,896.8200073242188,1.0,0.0035333251953125,8.55,847497516.28,30052464.0,1202.1,,,,,,,,,,,
AMZN US 07/17/26 P222.5,AMZN  260717P00222500,,AMZN  260717P00222500,,,1500.0,2250.0,0.0002655245575713493,,,,,ULTY,2026-07-16,AMZN,222.5,2026-07-17,Put,254.5,1.0,-0.14382022471910114,0.015,847497516.28,30052464.0,1202.1,,,,,,,,,,,
LUMENTUM PUT OPT 07/26 670,LITE  260724P00670000,,LITE  260724P00670000,,,420.0,709800.0,0.08376414709517498,,,,,ULTY,2026-07-16,LITE,670.0,2026-07-24,Put,733.3300170898438,8.0,-0.09452241356693097,16.9,847497516.28,30052464.0,1202.1,,,,,,,,,,,
GDX US 07/17/26 P74,GDX   260717P00074000,,GDX   260717P00074000,,,-3053.0,-323618.0,-0.0381904561209444,,,,,ULTY,2026-07-16,GDX,74.0,2026-07-17,Put,72.02999877929688,1.0,0.026621638117609796,1.06,847497516.28,30052464.0,1202.1,,,,,,,,,,,
COHERENT PUT OPT 07/26 275,COHR  260717P00275000,,COHR  260717P00275000,,,970.0,257050.0,0.0303347055660957,,,,,ULTY,2026-07-16,COHR,275.0,2026-07-17,Put,287.94000244140625,1.0,-0.04705455433238637,2.65,847497516.28,30052464.0,1202.1,,,,,,,,,,,
SHOP US 07/17/26 C128,SHOP  260717C00128000,,SHOP  260717C00128000,,,-2600.0,-193700.0,-0.022858714134031267,,,,,ULTY,2026-07-16,SHOP,128.0,2026-07-17,Call,124.3949966430664,1.0,-0.0281640887260437,0.745,847497516.28,30052464.0,1202.1,,,,,,,,,,,
NVIDIA Corp,NVDA,,67066G104,,,166000.0,35275000.0,4.162835008146375,,,,,ULTY,2026-07-16,,,,,,,,212.5,847497516.28,30052464.0,1202.1,,,,,,,,,,,
Amazon.com Inc,AMZN,,023135106,,,150000.0,38244000.0,4.513209413226081,,,,,ULTY,2026-07-16,,,,,,,,254.96,847497516.28,30052464.0,1202.1,,,,,,,,,,,
Reddit Inc,RDDT,,75734B100,,,153700.0,30437211.0,3.5919231042136914,,,,,ULTY,2026-07-16,,,,,,,,198.03,847497516.28,30052464.0,1202.1,,,,,,,,,,,
MELI US 07/17/26 C1910,MELI  260717C01910000,,MELI  260717C01910000,,,-200.0,-141000.0,-0.01663953894113789,,,,,ULTY,2026-07-16,MELI,1910.0,2026-07-17,Call,1852.4300537109375,1.0,-0.030141333135634815,7.05,847497516.28,30052464.0,1202.1,,,,,,,,,,,
TRANSMED PUT OPT 08/26 70,TMDX  260821P00070000,,TMDX  260821P00070000,,,-2500.0,-1525000.0,-0.1799666445761367,,,,,ULTY,2026-07-16,TMDX,70.0,2026-08-21,Put,77.82499694824219,36.0,-0.11178567068917411,6.1,847497516.28,30052464.0,1202.1,,,,,,,,,,,
GDX US 07/17/26 P70,GDX   260717P00070000,,GDX   260717P00070000,,,3053.0,29003.5,0.003422729558009168,,,,,ULTY,2026-07-16,GDX,70.0,2026-07-17,Put,72.02999877929688,1.0,-0.02899998256138393,0.095,847497516.28,30052464.0,1202.1,,,,,,,,,,,
ADI US 07/17/26 P385,ADI   260717P00385000,,ADI   260717P00385000,,,-900.0,-409500.0,-0.04832546947798557,,,,,ULTY,2026-07-16,ADI,385.0,2026-07-17,Put,383.9100036621094,1.0,0.0028311593191964286,4.55,847497516.28,30052464.0,1202.1,,,,,,,,,,,
First American Government Obligations Fund 12/01/2031,FGXXX,,31846V336,,,31095358.0,31095357.88,3.66959161938212,,,,,ULTY,2026-07-16,,,,,,,,100.0,847497516.28,30052464.0,1202.1,,,,,,,,,,,
FTNT US 07/17/26 C165,FTNT  260717C00165000,,FTNT  260717C00165000,,,-1600.0,-410400.0,-0.04843167930101411,,,,,ULTY,2026-07-16,FTNT,165.0,2026-07-17,Call,162.8699951171875,1.0,-0.01290912050189394,2.565,847497516.28,30052464.0,1202.1,,,,,,,,,,,
Analog Devices Inc,ADI,,032654105,,,90000.0,35186400.0,4.152379241123788,,,,,ULTY,2026-07-16,,,,,,,,390.96,847497516.28,30052464.0,1202.1,,,,,,,,,,,
CAT US 07/17/26 P865,CAT   260717P00865000,,CAT   260717P00865000,,,390.0,77610.0,0.009158827072494408,,,,,ULTY,2026-07-16,CAT,865.0,2026-07-17,Put,896.8200073242188,1.0,-0.03678613563493497,1.99,847497516.28,30052464.0,1202.1,,,,,,,,,,,
RDDT US 07/17/26 P180,RDDT  260717P00180000,,RDDT  260717P00180000,,,1537.0,53795.0,0.00634839714424477,,,,,ULTY,2026-07-16,RDDT,180.0,2026-07-17,Put,195.01499938964844,1.0,-0.08341666327582466,0.35,847497516.28,30052464.0,1202.1,,,,,,,,,,,
Caterpillar Inc,CAT,,149123101,,,39000.0,35657700.0,4.2079977851164,,,,,ULTY,2026-07-16,,,,,,,,914.3,847497516.28,30052464.0,1202.1,,,,,,,,,,,
DELL TEC PUT OPT 07/26 390,DELL  260724P00390000,,DELL  260724P00390000,,,-400.0,-516000.0,-0.0608936318696961,,,,,ULTY,2026-07-16,DELL,390.0,2026-07-24,Put,408.7099914550781,8.0,-0.04797433706430288,12.9,847497516.28,30052464.0,1202.1,,,,,,,,,,,
ADI US 07/17/26 P365,ADI   260717P00365000,,ADI   260717P00365000,,,1800.0,153000.0,0.01805566991485175,,,,,ULTY,2026-07-16,ADI,365.0,2026-07-17,Put,383.9100036621094,1.0,-0.051808229211258564,0.85,847497516.28,30052464.0,1202.1,,,,,,,,,,,
DELL US 07/24/26 C415,DELL  260724C00415000,,DELL  260724C00415000,,,-400.0,-857000.0,-0.10113535370606502,,,,,ULTY,2026-07-16,DELL,415.0,2026-07-24,Call,408.7099914550781,8.0,-0.015156647096197289,21.425,847497516.28,30052464.0,1202.1,,,,,,,,,,,
SPCX US 07/24/26 C142,SPCX  260724C00142000,,SPCX  260724C00142000,,,-1930.0,-617600.0,-0.07288354078047347,,,,,ULTY,2026-07-16,SPCX,142.0,2026-07-24,Call,136.3699951171875,8.0,-0.03964792170994718,3.2,847497516.28,30052464.0,1202.1,,,,,,,,,,,
Shopify Inc,SHOP,,82509L107,,,260000.0,32123000.0,3.7908646057175344,,,,,ULTY,2026-07-16,,,,,,,,123.55,847497516.28,30052464.0,1202.1,,,,,,,,,,,
CIENA CO CLL OPT 07/26 430,CIEN  260717C00430000,,CIEN  260717C00430000,,,-630.0,-598500.0,-0.07062953231397891,,,,,ULTY,2026-07-16,CIEN,430.0,2026-07-17,Call,401.5799865722656,1.0,-0.0660930544831032,9.5,847497516.28,30052464.0,1202.1,,,,,,,,,,,
Quanta Services Inc,PWR,,74762E102,,,52000.0,33739680.0,3.9816504909328447,,,,,ULTY,2026-07-16,,,,,,,,648.84,847497516.28,30052464.0,1202.1,,,,,,,,,,,
TransMedics Group Inc,TMDX,,89377M109,,,250000.0,18845000.0,2.223915683303145,,,,,ULTY,2026-07-16,,,,,,,,75.38,847497516.28,30052464.0,1202.1,,,,,,,,,,,
HOOD US 07/17/26 C115,HOOD  260717C00115000,,HOOD  260717C00115000,,,-3691.0,-1061162.5,-0.1252287570328031,,,,,ULTY,2026-07-16,HOOD,115.0,2026-07-17,Call,113.19999694824219,1.0,-0.015652200450067936,2.875,847497516.28,30052464.0,1202.1,,,,,,,,,,,
Southern Copper Corp,SCCO,,84265V105,,,94132.0,17088797.71,2.016664645055127,,,,,ULTY,2026-07-16,,,,,,,,181.54,847497516.28,30052464.0,1202.1,,,,,,,,,,,
CAT US 07/17/26 P930,CAT   260717P00930000,,CAT   260717P00930000,,,-390.0,-893100.0,-0.10539554771865423,,,,,ULTY,2026-07-16,CAT,930.0,2026-07-17,Put,896.8200073242188,1.0,0.035677411479334675,22.9,847497516.28,30052464.0,1202.1,,,,,,,,,,,
ASTERA L PUT OPT 07/26 330,ALAB  260724P00330000,,ALAB  260724P00330000,,,-1100.0,-1842500.0,-0.21743510992231602,,,,,ULTY,2026-07-16,ALAB,330.0,2026-07-24,Put,330.0199890136719,8.0,-6.0572768702651516e-05,16.75,847497516.28,30052464.0,1202.1,,,,,,,,,,,
PWR US 07/17/26 P690,PWR   260717P00690000,,PWR   260717P00690000,,,-520.0,-2134600.0,-0.25190609804080094,,,,,ULTY,2026-07-16,PWR,690.0,2026-07-17,Put,634.2000122070312,1.0,0.08086954752604167,41.05,847497516.28,30052464.0,1202.1,,,,,,,,,,,
SILJ US 07/17/26 P22.5,SILJ  260717P00022500,,SILJ  260717P00022500,,,8905.0,17810.04,0.0021017791072569037,,,,,ULTY,2026-07-16,SILJ,22.5,2026-07-17,Put,24.18000030517578,1.0,-0.07466668023003473,0.02,847497516.28,30052464.0,1202.1,,,,,,,,,,,
MSTR US 07/17/26 P87,MSTR  260717P00087000,,MSTR  260717P00087000,,,1085.0,25497.5,0.0030089832918557676,,,,,ULTY,2026-07-16,MSTR,87.0,2026-07-17,Put,95.68499755859375,1.0,-0.09982755814475575,0.235,847497516.28,30052464.0,1202.1,,,,,,,,,,,
CIENA CO PUT OPT 07/26 390,CIEN  260717P00390000,,CIEN  260717P00390000,,,630.0,289800.0,0.03419956301518978,,,,,ULTY,2026-07-16,CIEN,390.0,2026-07-17,Put,401.5799865722656,1.0,-0.02969227326221955,4.6,847497516.28,30052464.0,1202.1,,,,,,,,,,,
GOOGL US 07/17/26 C367.5,GOOGL 260717C00367500,,GOOGL 260717C00367500,,,-900.0,-537750.0,-0.06346036925955248,,,,,ULTY,2026-07-16,GOOGL,367.5,2026-07-17,Call,370.67999267578125,1.0,0.008653041294642857,5.975,847497516.28,30052464.0,1202.1,,,,,,,,,,,
VanEck Gold Miners ETF/USA,GDX,,92189F106,,,305300.0,22592200.0,2.666126182028194,,,,,ULTY,2026-07-16,,,,,,,,74.0,847497516.28,30052464.0,1202.1,,,,,,,,,,,
FIX US 07/17/26 P1680,FIX   260717P01680000,,FIX   260717P01680000,,,200.0,373000.0,0.0440180710996059,,,,,ULTY,2026-07-16,FIX,1680.0,2026-07-17,Put,1689.3299560546875,1.0,-0.005553545270647321,18.65,847497516.28,30052464.0,1202.1,,,,,,,,,,,
DELL US 07/24/26 P370,DELL  260724P00370000,,DELL  260724P00370000,,,800.0,580000.0,0.06844633039617003,,,,,ULTY,2026-07-16,DELL,370.0,2026-07-24,Put,408.7099914550781,8.0,-0.10462159852723818,7.25,847497516.28,30052464.0,1202.1,,,,,,,,,,,
NVDA US 07/17/26 C217.5,NVDA  260717C00217500,,NVDA  260717C00217500,,,-1660.0,-148570.0,-0.01753288156372238,,,,,ULTY,2026-07-16,NVDA,217.5,2026-07-17,Call,208.0,1.0,-0.04367816091954023,0.895,847497516.28,30052464.0,1202.1,,,,,,,,,,,
HOOD US 07/17/26 P104,HOOD  260717P00104000,,HOOD  260717P00104000,,,3691.0,59056.0,0.006969252565303823,,,,,ULTY,2026-07-16,HOOD,104.0,2026-07-17,Put,113.19999694824219,1.0,-0.08846150911771335,0.16,847497516.28,30052464.0,1202.1,,,,,,,,,,,
BABA US 07/17/26 C116,BABA  260717C00116000,,BABA  260717C00116000,,,-2574.0,-765765.0,-0.090368627923833,,,,,ULTY,2026-07-16,BABA,116.0,2026-07-17,Call,118.58999633789062,1.0,0.022327554636988146,2.975,847497516.28,30052464.0,1202.1,,,,,,,,,,,
AMZN US 07/17/26 C252.5,AMZN  260717C00252500,,AMZN  260717C00252500,,,-1500.0,-675000.0,-0.07965736727140478,,,,,ULTY,2026-07-16,AMZN,252.5,2026-07-17,Call,254.5,1.0,0.007920792079207921,4.5,847497516.28,30052464.0,1202.1,,,,,,,,,,,
PLTR US 07/17/26 P116,PLTR  260717P00116000,,PLTR  260717P00116000,,,2699.0,6747.5,0.0007962786454278573,,,,,ULTY,2026-07-16,PLTR,116.0,2026-07-17,Put,131.5050048828125,1.0,-0.13366383519665948,0.025,847497516.28,30052464.0,1202.1,,,,,,,,,,,
SPCX US 07/17/26 P135,SPCX  260717P00135000,,SPCX  260717P00135000,,,1930.0,554875.0,0.06548130616995664,,,,,ULTY,2026-07-16,SPCX,135.0,2026-07-17,Put,136.3699951171875,1.0,-0.010148111979166667,2.875,847497516.28,30052464.0,1202.1,,,,,,,,,,,
SHOP US 07/17/26 P117,SHOP  260717P00117000,,SHOP  260717P00117000,,,5200.0,197600.0,0.023318956700488273,,,,,ULTY,2026-07-16,SHOP,117.0,2026-07-17,Put,124.3949966430664,1.0,-0.06320509951338808,0.38,847497516.28,30052464.0,1202.1,,,,,,,,,,,
Dell Technologies Inc,DELL,,24703L202,,,40000.0,16507200.0,1.9480297674407894,,,,,ULTY,2026-07-16,,,,,,,,412.68,847497516.28,30052464.0,1202.1,,,,,,,,,,,
RDDT US 07/17/26 C202.5,RDDT  260717C00202500,,RDDT  260717C00202500,,,-1537.0,-374259.5,-0.04416670584638861,,,,,ULTY,2026-07-16,RDDT,202.5,2026-07-17,Call,195.01499938964844,1.0,-0.03696296597704475,2.435,847497516.28,30052464.0,1202.1,,,,,,,,,,,
BABA US 07/17/26 P101,BABA  260717P00101000,,BABA  260717P00101000,,,2574.0,2574.0,0.0003037600938616236,,,,,ULTY,2026-07-16,BABA,101.0,2026-07-17,Put,118.58999633789062,1.0,-0.1741583795830755,0.01,847497516.28,30052464.0,1202.1,,,,,,,,,,,
ASTERA L CLL OPT 07/26 345,ALAB  260724C00345000,,ALAB  260724C00345000,,,-1100.0,-3206500.0,-0.3784019972677917,,,,,ULTY,2026-07-16,ALAB,345.0,2026-07-24,Call,330.0199890136719,8.0,-0.04342032169950181,29.15,847497516.28,30052464.0,1202.1,,,,,,,,,,,
SCCO US 07/17/26 P150,SCCO  260717P00150000,,SCCO  260717P00150000,,,941.0,4705.0,0.0005552413526103104,,,,,ULTY,2026-07-16,SCCO,150.0,2026-07-17,Put,177.80239868164062,1.0,-0.18534932454427083,0.05,847497516.28,30052464.0,1202.1,,,,,,,,,,,
Alibaba Group Holding Ltd,BABA,,01609W102,,,257400.0,30293406.0,3.5749525446574477,,,,,ULTY,2026-07-16,,,,,,,,117.69,847497516.28,30052464.0,1202.1,,,,,,,,,,,
TRANSMED PUT OPT 08/26 65,TMDX  260821P00065000,,TMDX  260821P00065000,,,2500.0,1075000.0,0.12686173306186685,,,,,ULTY,2026-07-16,TMDX,65.0,2026-08-21,Put,77.82499694824219,36.0,-0.19730764535757211,4.3,847497516.28,30052464.0,1202.1,,,,,,,,,,,
Ciena Corp,CIEN,,171779309,,,63000.0,26362980.0,3.111119378116591,,,,,ULTY,2026-07-16,,,,,,,,418.46,847497516.28,30052464.0,1202.1,,,,,,,,,,,
LRCX US 07/17/26 P312.5,LRCX  260717P00312500,,LRCX  260717P00312500,,,1220.0,423340.0,0.049958740534335556,,,,,ULTY,2026-07-16,LRCX,312.5,2026-07-17,Put,332.75,1.0,-0.0648,3.47,847497516.28,30052464.0,1202.1,,,,,,,,,,,
LUMENTUM CLL OPT 07/26 755,LITE  260724C00755000,,LITE  260724C00755000,,,-420.0,-1986600.0,-0.23444048269832996,,,,,ULTY,2026-07-16,LITE,755.0,2026-07-24,Call,733.3300170898438,8.0,-0.02870196411941225,47.3,847497516.28,30052464.0,1202.1,,,,,,,,,,,
Fortinet Inc,FTNT,,34959E109,,,160000.0,26321600.0,3.1062360864755676,,,,,ULTY,2026-07-16,,,,,,,,164.51,847497516.28,30052464.0,1202.1,,,,,,,,,,,
AMD US 07/17/26 P520,AMD   260717P00520000,,AMD   260717P00520000,,,752.0,733200.0,0.08652560249391701,,,,,ULTY,2026-07-16,AMD,520.0,2026-07-17,Put,515.932373046875,1.0,0.007822359525240385,9.75,847497516.28,30052464.0,1202.1,,,,,,,,,,,
TMDX US 07/17/26 C75,TMDX  260717C00075000,,TMDX  260717C00075000,,,-2500.0,-431250.0,-0.05089220686784194,,,,,ULTY,2026-07-16,TMDX,75.0,2026-07-17,Call,77.82499694824219,1.0,0.0376666259765625,1.725,847497516.28,30052464.0,1202.1,,,,,,,,,,,
MELI US 07/17/26 P1850,MELI  260717P01850000,,MELI  260717P01850000,,,-200.0,-536000.0,-0.06325385015921921,,,,,ULTY,2026-07-16,MELI,1850.0,2026-07-17,Put,1852.4300537109375,1.0,-0.0013135425464527028,26.8,847497516.28,30052464.0,1202.1,,,,,,,,,,,
LAM RESE CLL OPT 07/26 345,LRCX  260717C00345000,,LRCX  260717C00345000,,,-1220.0,-765550.0,-0.09034325557722064,,,,,ULTY,2026-07-16,LRCX,345.0,2026-07-17,Call,332.75,1.0,-0.035507246376811595,6.275,847497516.28,30052464.0,1202.1,,,,,,,,,,,
AMD US 07/17/26 P500,AMD   260717P00500000,,AMD   260717P00500000,,,752.0,310200.0,0.036606985670503356,,,,,ULTY,2026-07-16,AMD,500.0,2026-07-17,Put,515.932373046875,1.0,-0.03186474609375,4.125,847497516.28,30052464.0,1202.1,,,,,,,,,,,
COHERENT CLL OPT 07/26 310,COHR  260717C00310000,,COHR  260717C00310000,,,-970.0,-625650.0,-0.07383352864200651,,,,,ULTY,2026-07-16,COHR,310.0,2026-07-17,Call,287.94000244140625,1.0,-0.07116128244707662,6.45,847497516.28,30052464.0,1202.1,,,,,,,,,,,
PLTR US 07/17/26 C129,PLTR  260717C00129000,,PLTR  260717C00129000,,,-2699.0,-1457460.0,-0.1719961874124172,,,,,ULTY,2026-07-16,PLTR,129.0,2026-07-17,Call,131.5050048828125,1.0,0.019418642502422482,5.4,847497516.28,30052464.0,1202.1,,,,,,,,,,,
GOOGL US 07/17/26 P332.5,GOOGL 260717P00332500,,GOOGL 260717P00332500,,,900.0,7200.0,0.0008496785842283176,,,,,ULTY,2026-07-16,GOOGL,332.5,2026-07-17,Put,370.67999267578125,1.0,-0.11482704564144737,0.08,847497516.28,30052464.0,1202.1,,,,,,,,,,,
CONAGRA BRANDS INC,CAG,,205887102,,,-36000.0,-507240.0,-2.779435179384711,,,,,SLTY,2026-07-16,,,,,,,,14.09,18269955.0,825000.0,33.0,,,,,,,,,,,
RKLB US 07/17/26 C90,RKLB  260717C00090000,,RKLB  260717C00090000,,,53.0,318.0,0.001742489525755733,,,,,SLTY,2026-07-16,RKLB,90.0,2026-07-17,Call,70.125,1.0,-0.22083333333333333,0.06,18269955.0,825000.0,33.0,,,,,,,,,,,
CARR US 07/17/26 C72.5,CARR  260717C00072500,,CARR  260717C00072500,,,220.0,1100.0,0.0060274794916078825,,,,,SLTY,2026-07-16,CARR,72.5,2026-07-17,Call,68.5999984741211,1.0,-0.05379312449488147,0.05,18269955.0,825000.0,33.0,,,,,,,,,,,
LYFT INC PUT OPT 07/26 16,LYFT  260717P00016000,,LYFT  260717P00016000,,,-510.0,-11220.0,-0.061480290814400394,,,,,SLTY,2026-07-16,LYFT,16.0,2026-07-17,Put,15.954999923706055,1.0,0.002812504768371582,0.22,18269955.0,825000.0,33.0,,,,,,,,,,,
LEN US 07/17/26 C92,LEN   260717C00092000,,LEN   260717C00092000,,,170.0,3825.0,0.02095919005036377,,,,,SLTY,2026-07-16,LEN,92.0,2026-07-17,Call,86.49500274658203,1.0,-0.05983692666758662,0.225,18269955.0,825000.0,33.0,,,,,,,,,,,
CAVA US 07/17/26 C72,CAVA  260717C00072000,,CAVA  260717C00072000,,,-46.0,-3795.0,-0.020794804246047193,,,,,SLTY,2026-07-16,CAVA,72.0,2026-07-17,Call,68.74500274658203,1.0,-0.04520829518636068,0.825,18269955.0,825000.0,33.0,,,,,,,,,,,
ETSY US 07/17/26 C87,ETSY  260717C00087000,,ETSY  260717C00087000,,,260.0,27040.0,0.14816640495734285,,,,,SLTY,2026-07-16,ETSY,87.0,2026-07-17,Call,85.87000274658203,1.0,-0.012988474177218032,1.04,18269955.0,825000.0,33.0,,,,,,,,,,,
Carrier Global Corp,CARR,,14448C104,,,-11000.0,-756140.0,-4.143289402531258,,,,,SLTY,2026-07-16,,,,,,,,68.74,18269955.0,825000.0,33.0,,,,,,,,,,,
VFC US 07/17/26 P16.5,VFC   260717P00016500,,VFC   260717P00016500,,,-229.0,-7442.5,-0.040781378287537876,,,,,SLTY,2026-07-16,VFC,16.5,2026-07-17,Put,17.420299530029297,1.0,-0.05577572909268466,0.325,18269955.0,825000.0,33.0,,,,,,,,,,,
Marathon Petroleum Corp,MPC,,56585A102,,,-2700.0,-807786.0,-4.426285044189059,,,,,SLTY,2026-07-16,,,,,,,,299.18,18269955.0,825000.0,33.0,,,,,,,,,,,
KKR & Co Inc,KKR,,48251W104,,,-9200.0,-928740.0,-5.089055730032641,,,,,SLTY,2026-07-16,,,,,,,,100.95,18269955.0,825000.0,33.0,,,,,,,,,,,
KKR & CO PUT OPT 07/26 99,KKR   260724P00099000,,KKR   260724P00099000,,,-92.0,-17020.0,-0.0932615463156056,,,,,SLTY,2026-07-16,KKR,99.0,2026-07-24,Put,100.92649841308594,8.0,-0.019459579930160984,1.85,18269955.0,825000.0,33.0,,,,,,,,,,,
MPC US 08/21/26 C310,MPC   260821C00310000,,MPC   260821C00310000,,,-27.0,-30375.0,-0.16644062687053582,,,,,SLTY,2026-07-16,MPC,310.0,2026-08-21,Call,307.0350036621094,36.0,-0.00956450431577621,11.25,18269955.0,825000.0,33.0,,,,,,,,,,,
Target Corp,TGT,,87612E106,,,-6900.0,-954201.0,-5.22856996215612,,,,,SLTY,2026-07-16,,,,,,,,138.29,18269955.0,825000.0,33.0,,,,,,,,,,,
TMUS US 07/17/26 C197.5,TMUS  260717C00197500,,TMUS  260717C00197500,,,50.0,500.0,0.00273976340527631,,,,,SLTY,2026-07-16,TMUS,197.5,2026-07-17,Call,190.0500030517578,1.0,-0.03772150353540348,0.1,18269955.0,825000.0,33.0,,,,,,,,,,,
ALGN US 07/17/26 C190,ALGN  260717C00190000,,ALGN  260717C00190000,,,60.0,3300.0,0.018082438474823645,,,,,SLTY,2026-07-16,ALGN,190.0,2026-07-17,Call,177.3800048828125,1.0,-0.06642102693256578,0.55,18269955.0,825000.0,33.0,,,,,,,,,,,
MPC US 08/21/26 P280,MPC   260821P00280000,,MPC   260821P00280000,,,-27.0,-19710.0,-0.10800147343599215,,,,,SLTY,2026-07-16,MPC,280.0,2026-08-21,Put,307.0350036621094,36.0,-0.09655358450753349,7.3,18269955.0,825000.0,33.0,,,,,,,,,,,
PEGASYST CLL OPT 08/26 40,PEGA  260821C00040000,,PEGA  260821C00040000,,,155.0,8137.5,0.044589649420871943,,,,,SLTY,2026-07-16,PEGA,40.0,2026-08-21,Call,31.25,36.0,-0.21875,0.525,18269955.0,825000.0,33.0,,,,,,,,,,,
VFC US 07/17/26 C18.5,VFC   260717C00018500,,VFC   260717C00018500,,,458.0,4122.0,0.022586609513097898,,,,,SLTY,2026-07-16,VFC,18.5,2026-07-17,Call,17.420299530029297,1.0,-0.05836218756598395,0.09,18269955.0,825000.0,33.0,,,,,,,,,,,
United States Treasury Bill 08/06/2026,912797RG4,,912797RG4,,,5485000.0,5473449.52,29.991913391046367,,,,,SLTY,2026-07-16,,,,,,,,99.789417,18269955.0,825000.0,33.0,,,,,,,,,,,
CRM US 07/17/26 C170,CRM   260717C00170000,,CRM   260717C00170000,,,-50.0,-6250.0,-0.03424704256595387,,,,,SLTY,2026-07-16,CRM,170.0,2026-07-17,Call,167.63999938964844,1.0,-0.013882356531479779,1.25,18269955.0,825000.0,33.0,,,,,,,,,,,
CRM US 07/17/26 P165,CRM   260717P00165000,,CRM   260717P00165000,,,-50.0,-6800.0,-0.03726078231175782,,,,,SLTY,2026-07-16,CRM,165.0,2026-07-17,Put,167.63999938964844,1.0,-0.01599999630089962,1.36,18269955.0,825000.0,33.0,,,,,,,,,,,
NKE US 07/17/26 P43,NKE   260717P00043000,,NKE   260717P00043000,,,-182.0,-10920.0,-0.059836432771234606,,,,,SLTY,2026-07-16,NKE,43.0,2026-07-17,Put,43.915000915527344,1.0,-0.021279091058775436,0.6,18269955.0,825000.0,33.0,,,,,,,,,,,
CNC US 07/17/26 P65,CNC   260717P00065000,,CNC   260717P00065000,,,-135.0,-10125.0,-0.05548020895684528,,,,,SLTY,2026-07-16,CNC,65.0,2026-07-17,Put,66.55000305175781,1.0,-0.023846200796274038,0.75,18269955.0,825000.0,33.0,,,,,,,,,,,
ETSY US 07/17/26 C82,ETSY  260717C00082000,,ETSY  260717C00082000,,,-130.0,-51545.0,-0.2824422094499348,,,,,SLTY,2026-07-16,ETSY,82.0,2026-07-17,Call,85.87000274658203,1.0,0.04719515544612233,3.965,18269955.0,825000.0,33.0,,,,,,,,,,,
GME US 07/17/26 C25,GME   260717C00025000,,GME   260717C00025000,,,400.0,600.0,0.003287716086331572,,,,,SLTY,2026-07-16,GME,25.0,2026-07-17,Call,22.295000076293945,1.0,-0.10819999694824219,0.015,18269955.0,825000.0,33.0,,,,,,,,,,,
GME US 07/17/26 C22.5,GME   260717C00022500,,GME   260717C00022500,,,-200.0,-2800.0,-0.015342675069547337,,,,,SLTY,2026-07-16,GME,22.5,2026-07-17,Call,22.295000076293945,1.0,-0.009111107720269098,0.14,18269955.0,825000.0,33.0,,,,,,,,,,,
TSLA US 07/17/26 C405,TSLA  260717C00405000,,TSLA  260717C00405000,,,-14.0,-2709.0,-0.014844038129787048,,,,,SLTY,2026-07-16,TSLA,405.0,2026-07-17,Call,391.260009765625,1.0,-0.033925901813271604,1.935,18269955.0,825000.0,33.0,,,,,,,,,,,
TARGET C CLL OPT 07/26 150,TGT   260724C00150000,,TGT   260724C00150000,,,69.0,1276.5,0.0069946159736704195,,,,,SLTY,2026-07-16,TGT,150.0,2026-07-24,Call,140.27999877929688,8.0,-0.06480000813802084,0.185,18269955.0,825000.0,33.0,,,,,,,,,,,
Lyft Inc,LYFT,,55087P104,,,-51000.0,-827730.0,-4.53556872689872,,,,,SLTY,2026-07-16,,,,,,,,16.23,18269955.0,825000.0,33.0,,,,,,,,,,,
CAVA GRO PUT OPT 07/26 72,CAVA  260724P00072000,,CAVA  260724P00072000,,,-46.0,-16675.0,-0.09137110956596493,,,,,SLTY,2026-07-16,CAVA,72.0,2026-07-24,Put,68.74500274658203,8.0,0.04520829518636068,3.625,18269955.0,825000.0,33.0,,,,,,,,,,,
Cash & Other,Cash&Other,,Cash&Other,,,18564232.0,18564231.79,101.72320581061824,,,,,SLTY,2026-07-16,,,,,,,,1.0,18269955.0,825000.0,33.0,,,,,,,,,,,
KKR & CO CLL OPT 07/26 111,KKR   260724C00111000,,KKR   260724C00111000,,,92.0,2070.0,0.011342620497843924,,,,,SLTY,2026-07-16,KKR,111.0,2026-07-24,Call,100.92649841308594,8.0,-0.09075226654877534,0.225,18269955.0,825000.0,33.0,,,,,,,,,,,
SPG US 07/17/26 C240,SPG   260717C00240000,,SPG   260717C00240000,,,34.0,3655.0,0.020027670492569826,,,,,SLTY,2026-07-16,SPG,240.0,2026-07-17,Call,227.11000061035156,1.0,-0.053708330790201826,1.075,18269955.0,825000.0,33.0,,,,,,,,,,,
ETN US 07/17/26 C417.5,ETN   260717C00417500,,ETN   260717C00417500,,,-15.0,-7350.0,-0.04027452205756176,,,,,SLTY,2026-07-16,ETN,417.5,2026-07-17,Call,404.82000732421875,1.0,-0.030371239941991018,4.9,18269955.0,825000.0,33.0,,,,,,,,,,,
CNC US 07/17/26 C73,CNC   260717C00073000,,CNC   260717C00073000,,,270.0,2700.0,0.014794722388492075,,,,,SLTY,2026-07-16,CNC,73.0,2026-07-17,Call,66.55000305175781,1.0,-0.0883561225786601,0.1,18269955.0,825000.0,33.0,,,,,,,,,,,
LYFT US 07/17/26 C17,LYFT  260717C00017000,,LYFT  260717C00017000,,,1020.0,6630.0,0.03632926275396387,,,,,SLTY,2026-07-16,LYFT,17.0,2026-07-17,Call,15.954999923706055,1.0,-0.061470592723173255,0.065,18269955.0,825000.0,33.0,,,,,,,,,,,
TMUS US 07/17/26 P182.5,TMUS  260717P00182500,,TMUS  260717P00182500,,,-25.0,-1750.0,-0.009589171918467084,,,,,SLTY,2026-07-16,TMUS,182.5,2026-07-17,Put,190.0500030517578,1.0,-0.04136987973565925,0.7,18269955.0,825000.0,33.0,,,,,,,,,,,
SBUX US 07/17/26 P105,SBUX  260717P00105000,,SBUX  260717P00105000,,,-82.0,-7585.0,-0.041562210858041626,,,,,SLTY,2026-07-16,SBUX,105.0,2026-07-17,Put,108.19000244140625,1.0,-0.030380975632440476,0.925,18269955.0,825000.0,33.0,,,,,,,,,,,
DAL US 07/17/26 P84,DAL   260717P00084000,,DAL   260717P00084000,,,-53.0,-2915.0,-0.01597282065276089,,,,,SLTY,2026-07-16,DAL,84.0,2026-07-17,Put,85.70999908447266,1.0,-0.020357131958007812,0.55,18269955.0,825000.0,33.0,,,,,,,,,,,
GameStop Corp,GME,,36467W109,,,-20000.0,-445200.0,-2.4394853360580266,,,,,SLTY,2026-07-16,,,,,,,,22.26,18269955.0,825000.0,33.0,,,,,,,,,,,
LYV US 07/17/26 C182.5,LYV   260717C00182500,,LYV   260717C00182500,,,-42.0,-4515.0,-0.024740063549645083,,,,,SLTY,2026-07-16,LYV,182.5,2026-07-17,Call,177.8350067138672,1.0,-0.02556160704730308,1.075,18269955.0,825000.0,33.0,,,,,,,,,,,
NKE US 07/17/26 C47.5,NKE   260717C00047500,,NKE   260717C00047500,,,364.0,364.0,0.001994547759041154,,,,,SLTY,2026-07-16,NKE,47.5,2026-07-17,Call,43.915000915527344,1.0,-0.07547366493626645,0.01,18269955.0,825000.0,33.0,,,,,,,,,,,
Delta Air Lines Inc,DAL,,247361702,,,-5300.0,-455588.0,-2.496406660566047,,,,,SLTY,2026-07-16,,,,,,,,85.96,18269955.0,825000.0,33.0,,,,,,,,,,,
CAG US 07/17/26 P13.5,CAG   260717P00013500,,CAG   260717P00013500,,,-360.0,-1800.0,-0.009863148258994715,,,,,SLTY,2026-07-16,CAG,13.5,2026-07-17,Put,14.329999923706055,1.0,-0.061481475830078125,0.05,18269955.0,825000.0,33.0,,,,,,,,,,,
Lennar Corp,LEN,,526057104,,,-8500.0,-724965.0,-3.9724651542122804,,,,,SLTY,2026-07-16,,,,,,,,85.29,18269955.0,825000.0,33.0,,,,,,,,,,,
DAL US 07/17/26 C89,DAL   260717C00089000,,DAL   260717C00089000,,,-53.0,-1563.5,-0.00856724016829902,,,,,SLTY,2026-07-16,DAL,89.0,2026-07-17,Call,85.70999908447266,1.0,-0.03696630242165555,0.295,18269955.0,825000.0,33.0,,,,,,,,,,,
SBUX US 07/17/26 C110,SBUX  260717C00110000,,SBUX  260717C00110000,,,-82.0,-574.0,-0.003145248389257204,,,,,SLTY,2026-07-16,SBUX,110.0,2026-07-17,Call,108.19000244140625,1.0,-0.01645452325994318,0.07,18269955.0,825000.0,33.0,,,,,,,,,,,
Live Nation Entertainment Inc,LYV,,538034109,,,-4200.0,-749448.0,-4.10662040911504,,,,,SLTY,2026-07-16,,,,,,,,178.44,18269955.0,825000.0,33.0,,,,,,,,,,,
NKE US 07/17/26 C44.5,NKE   260717C00044500,,NKE   260717C00044500,,,-182.0,-1183.0,-0.00648228021688375,,,,,SLTY,2026-07-16,NKE,44.5,2026-07-17,Call,43.915000915527344,1.0,-0.013146046842082162,0.065,18269955.0,825000.0,33.0,,,,,,,,,,,
United States Treasury Bill 12/10/2026,912797VG9,,912797VG9,,,1500000.0,1477256.04,8.094664077230794,,,,,SLTY,2026-07-16,,,,,,,,98.483736,18269955.0,825000.0,33.0,,,,,,,,,,,
LYV US 07/17/26 P177.5,LYV   260717P00177500,,LYV   260717P00177500,,,-42.0,-6615.0,-0.036247069851805584,,,,,SLTY,2026-07-16,LYV,177.5,2026-07-17,Put,177.8350067138672,1.0,-0.001887361768265845,1.575,18269955.0,825000.0,33.0,,,,,,,,,,,
GAMESTOP PUT OPT 07/26 22,GME   260717P00022000,,GME   260717P00022000,,,-200.0,-2200.0,-0.012054958983215765,,,,,SLTY,2026-07-16,GME,22.0,2026-07-17,Put,22.295000076293945,1.0,-0.013409094376997515,0.11,18269955.0,825000.0,33.0,,,,,,,,,,,
MPC US 08/21/26 C340,MPC   260821C00340000,,MPC   260821C00340000,,,54.0,19035.0,0.10430279283886912,,,,,SLTY,2026-07-16,MPC,340.0,2026-08-21,Call,307.0350036621094,36.0,-0.09695587158203126,3.525,18269955.0,825000.0,33.0,,,,,,,,,,,
Oklo Inc,OKLO,,02156V109,,,-10000.0,-456900.0,-2.503595799741492,,,,,SLTY,2026-07-16,,,,,,,,45.69,18269955.0,825000.0,33.0,,,,,,,,,,,
Tesla Inc,TSLA,,88160R101,,,-1400.0,-552244.0,-3.026035803966821,,,,,SLTY,2026-07-16,,,,,,,,394.46,18269955.0,825000.0,33.0,,,,,,,,,,,
ETN US 07/17/26 P397.5,ETN   260717P00397500,,ETN   260717P00397500,,,-15.0,-3600.0,-0.01972629651798943,,,,,SLTY,2026-07-16,ETN,397.5,2026-07-17,Put,404.82000732421875,1.0,-0.01841511276533019,2.4,18269955.0,825000.0,33.0,,,,,,,,,,,
Starbucks Corp,SBUX,,855244109,,,-8200.0,-861902.0,-4.722815117068924,,,,,SLTY,2026-07-16,,,,,,,,105.11,18269955.0,825000.0,33.0,,,,,,,,,,,
Salesforce Inc,CRM,,79466L302,,,-5000.0,-835000.0,-4.575404886811437,,,,,SLTY,2026-07-16,,,,,,,,167.0,18269955.0,825000.0,33.0,,,,,,,,,,,
QQQ US 07/17/26 C745,QQQ   260717C00745000,,QQQ   260717C00745000,,,11.0,55.0,0.0003013739745803941,,,,,SLTY,2026-07-16,QQQ,745.0,2026-07-17,Call,711.9600219726562,1.0,-0.04434896379509228,0.05,18269955.0,825000.0,33.0,,,,,,,,,,,
VFC US 07/17/26 C17.5,VFC   260717C00017500,,VFC   260717C00017500,,,-229.0,-5152.5,-0.028233261891372374,,,,,SLTY,2026-07-16,VFC,17.5,2026-07-17,Call,17.420299530029297,1.0,-0.0045543125697544646,0.225,18269955.0,825000.0,33.0,,,,,,,,,,,
Simon Property Group Inc,SPG,,828806109,,,-1700.0,-377417.0,-2.0680665702583383,,,,,SLTY,2026-07-16,,,,,,,,222.01,18269955.0,825000.0,33.0,,,,,,,,,,,
TGT US 07/17/26 C145,TGT   260717C00145000,,TGT   260717C00145000,,,69.0,552.0,0.0030246987994250463,,,,,SLTY,2026-07-16,TGT,145.0,2026-07-17,Call,140.27999877929688,1.0,-0.03255173255657327,0.08,18269955.0,825000.0,33.0,,,,,,,,,,,
Rocket Lab Corp,RKLB,,773121108,,,-5300.0,-403860.0,-2.212961697709781,,,,,SLTY,2026-07-16,,,,,,,,76.2,18269955.0,825000.0,33.0,,,,,,,,,,,
DAL US 07/17/26 C95,DAL   260717C00095000,,DAL   260717C00095000,,,106.0,159.0,0.0008712447628778665,,,,,SLTY,2026-07-16,DAL,95.0,2026-07-17,Call,85.70999908447266,1.0,-0.09778948332134046,0.015,18269955.0,825000.0,33.0,,,,,,,,,,,
TSLA US 07/17/26 C425,TSLA  260717C00425000,,TSLA  260717C00425000,,,28.0,630.0,0.0034521018906481507,,,,,SLTY,2026-07-16,TSLA,425.0,2026-07-17,Call,391.260009765625,1.0,-0.07938821231617647,0.225,18269955.0,825000.0,33.0,,,,,,,,,,,
CAVA GRO CLL OPT 07/26 81,CAVA  260724C00081000,,CAVA  260724C00081000,,,46.0,1610.0,0.008822038164989719,,,,,SLTY,2026-07-16,CAVA,81.0,2026-07-24,Call,68.74500274658203,8.0,-0.15129626238787616,0.35,18269955.0,825000.0,33.0,,,,,,,,,,,
PEGASYST CLL OPT 08/26 35,PEGA  260821C00035000,,PEGA  260821C00035000,,,-155.0,-23637.5,-0.12952231498443756,,,,,SLTY,2026-07-16,PEGA,35.0,2026-08-21,Call,31.25,36.0,-0.10714285714285714,1.525,18269955.0,825000.0,33.0,,,,,,,,,,,
TMUS US 07/17/26 C182.5,TMUS  260717C00182500,,TMUS  260717C00182500,,,-25.0,-13500.0,-0.07397361194246037,,,,,SLTY,2026-07-16,TMUS,182.5,2026-07-17,Call,190.0500030517578,1.0,0.04136987973565925,5.4,18269955.0,825000.0,33.0,,,,,,,,,,,
QQQ US 07/17/26 P715,QQQ   260717P00715000,,QQQ   260717P00715000,,,-11.0,-4103.0,-0.0224824985036974,,,,,SLTY,2026-07-16,QQQ,715.0,2026-07-17,Put,711.9600219726562,1.0,0.00425171752076049,3.73,18269955.0,825000.0,33.0,,,,,,,,,,,
OKLO US 07/17/26 C54,OKLO  260717C00054000,,OKLO  260717C00054000,,,100.0,300.0,0.001643858043165786,,,,,SLTY,2026-07-16,OKLO,54.0,2026-07-17,Call,43.10499954223633,1.0,-0.2017592677363643,0.03,18269955.0,825000.0,33.0,,,,,,,,,,,
PEGA US 07/17/26 C40,PEGA  260717C00040000,,PEGA  260717C00040000,,,155.0,1937.5,0.0106165831954457,,,,,SLTY,2026-07-16,PEGA,40.0,2026-07-17,Call,31.25,1.0,-0.21875,0.125,18269955.0,825000.0,33.0,,,,,,,,,,,
SPG US 07/17/26 C220,SPG   260717C00220000,,SPG   260717C00220000,,,-17.0,-5142.5,-0.028178466623266847,,,,,SLTY,2026-07-16,SPG,220.0,2026-07-17,Call,227.11000061035156,1.0,0.032318184592507106,3.025,18269955.0,825000.0,33.0,,,,,,,,,,,
ETN US 07/17/26 C440,ETN   260717C00440000,,ETN   260717C00440000,,,30.0,750.0,0.004109645107914465,,,,,SLTY,2026-07-16,ETN,440.0,2026-07-17,Call,404.82000732421875,1.0,-0.07995452880859374,0.25,18269955.0,825000.0,33.0,,,,,,,,,,,
United States Treasury Bill 09/03/2026,912797RS8,,912797RS8,,,4096000.0,4075734.47,22.333096301058475,,,,,SLTY,2026-07-16,,,,,,,,99.505236,18269955.0,825000.0,33.0,,,,,,,,,,,
T-Mobile US Inc,TMUS,,872590104,,,-2500.0,-469050.0,-2.570172050489706,,,,,SLTY,2026-07-16,,,,,,,,187.62,18269955.0,825000.0,33.0,,,,,,,,,,,
Align Technology Inc,ALGN,,016255101,,,-3000.0,-543780.0,-2.9796570890423038,,,,,SLTY,2026-07-16,,,,,,,,181.26,18269955.0,825000.0,33.0,,,,,,,,,,,
Cava Group Inc,CAVA,,148929102,,,-4600.0,-320390.0,-1.755585594832954,,,,,SLTY,2026-07-16,,,,,,,,69.65,18269955.0,825000.0,33.0,,,,,,,,,,,
CARR US 07/17/26 C67.5,CARR  260717C00067500,,CARR  260717C00067500,,,-110.0,-20625.0,-0.11301524046764778,,,,,SLTY,2026-07-16,CARR,67.5,2026-07-17,Call,68.5999984741211,1.0,0.016296273690682872,1.875,18269955.0,825000.0,33.0,,,,,,,,,,,
TSLA US 07/17/26 P385,TSLA  260717P00385000,,TSLA  260717P00385000,,,-14.0,-2786.0,-0.0152659616941996,,,,,SLTY,2026-07-16,TSLA,385.0,2026-07-17,Put,391.260009765625,1.0,-0.016259765625,1.99,18269955.0,825000.0,33.0,,,,,,,,,,,
CNC US 07/17/26 C69,CNC   260717C00069000,,CNC   260717C00069000,,,-135.0,-7695.0,-0.04216495880720241,,,,,SLTY,2026-07-16,CNC,69.0,2026-07-17,Call,66.55000305175781,1.0,-0.0355072021484375,0.57,18269955.0,825000.0,33.0,,,,,,,,,,,
KKR US 07/17/26 C106,KKR   260717C00106000,,KKR   260717C00106000,,,92.0,4140.0,0.022685240995687847,,,,,SLTY,2026-07-16,KKR,106.0,2026-07-17,Call,100.92649841308594,1.0,-0.04786322251805719,0.45,18269955.0,825000.0,33.0,,,,,,,,,,,
CAG US 07/17/26 C15,CAG   260717C00015000,,CAG   260717C00015000,,,360.0,900.0,0.0049315741294973575,,,,,SLTY,2026-07-16,CAG,15.0,2026-07-17,Call,14.329999923706055,1.0,-0.04466667175292969,0.025,18269955.0,825000.0,33.0,,,,,,,,,,,
Pegasystems Inc,PEGA,,705573103,,,-15500.0,-484840.0,-2.6566937788283322,,,,,SLTY,2026-07-16,,,,,,,,31.28,18269955.0,825000.0,33.0,,,,,,,,,,,
TGT US 07/17/26 C137,TGT   260717C00137000,,TGT   260717C00137000,,,-69.0,-15939.0,-0.08733817783339821,,,,,SLTY,2026-07-16,TGT,137.0,2026-07-17,Call,140.27999877929688,1.0,0.02394159692917427,2.31,18269955.0,825000.0,33.0,,,,,,,,,,,
NIKE Inc,NKE,,654106103,,,-18200.0,-778414.0,-4.265340382709507,,,,,SLTY,2026-07-16,,,,,,,,42.77,18269955.0,825000.0,33.0,,,,,,,,,,,
LYFT US 07/17/26 C16.5,LYFT  260717C00016500,,LYFT  260717C00016500,,,-510.0,-8925.0,-0.04890477678418213,,,,,SLTY,2026-07-16,LYFT,16.5,2026-07-17,Call,15.954999923706055,1.0,-0.033030307654178505,0.175,18269955.0,825000.0,33.0,,,,,,,,,,,
SPG US 07/17/26 P210,SPG   260717P00210000,,SPG   260717P00210000,,,-17.0,-212.5,-0.0011643994472424319,,,,,SLTY,2026-07-16,SPG,210.0,2026-07-17,Put,227.11000061035156,1.0,-0.08147619338262649,0.125,18269955.0,825000.0,33.0,,,,,,,,,,,
LYV US 07/17/26 C190,LYV   260717C00190000,,LYV   260717C00190000,,,84.0,2310.0,0.01265770693237655,,,,,SLTY,2026-07-16,LYV,190.0,2026-07-17,Call,177.8350067138672,1.0,-0.06402628045333059,0.275,18269955.0,825000.0,33.0,,,,,,,,,,,
CAVA US 07/17/26 C78,CAVA  260717C00078000,,CAVA  260717C00078000,,,46.0,805.0,0.004411019082494859,,,,,SLTY,2026-07-16,CAVA,78.0,2026-07-17,Call,68.74500274658203,1.0,-0.11865381094125602,0.175,18269955.0,825000.0,33.0,,,,,,,,,,,
Centene Corp,CNC,,15135B101,,,-13500.0,-899235.0,-4.927382291487286,,,,,SLTY,2026-07-16,,,,,,,,66.61,18269955.0,825000.0,33.0,,,,,,,,,,,
KKR US 07/17/26 C99,KKR   260717C00099000,,KKR   260717C00099000,,,-92.0,-28060.0,-0.15375552230410652,,,,,SLTY,2026-07-16,KKR,99.0,2026-07-17,Call,100.92649841308594,1.0,0.019459579930160984,3.05,18269955.0,825000.0,33.0,,,,,,,,,,,
SBUX US 07/17/26 C115,SBUX  260717C00115000,,SBUX  260717C00115000,,,164.0,246.0,0.0013479635953959446,,,,,SLTY,2026-07-16,SBUX,115.0,2026-07-17,Call,108.19000244140625,1.0,-0.059217370074728264,0.015,18269955.0,825000.0,33.0,,,,,,,,,,,
First American Government Obligations Fund 12/01/2031,FGXXX,,31846V336,,,737391.0,737390.77,4.040552494069041,,,,,SLTY,2026-07-16,,,,,,,,100.0,18269955.0,825000.0,33.0,,,,,,,,,,,
LEN US 07/17/26 P83,LEN   260717P00083000,,LEN   260717P00083000,,,-85.0,-3825.0,-0.02095919005036377,,,,,SLTY,2026-07-16,LEN,83.0,2026-07-17,Put,86.49500274658203,1.0,-0.042108466826289534,0.45,18269955.0,825000.0,33.0,,,,,,,,,,,
ETSY US 07/17/26 P77,ETSY  260717P00077000,,ETSY  260717P00077000,,,-130.0,-5525.0,-0.030274385628303223,,,,,SLTY,2026-07-16,ETSY,77.0,2026-07-17,Put,85.87000274658203,1.0,-0.1151948408647017,0.425,18269955.0,825000.0,33.0,,,,,,,,,,,
RKLB US 07/17/26 P80,RKLB  260717P00080000,,RKLB  260717P00080000,,,-53.0,-24380.0,-0.13359086364127287,,,,,SLTY,2026-07-16,RKLB,80.0,2026-07-17,Put,70.125,1.0,0.1234375,4.6,18269955.0,825000.0,33.0,,,,,,,,,,,
OKLO US 07/17/26 P47,OKLO  260717P00047000,,OKLO  260717P00047000,,,-100.0,-20900.0,-0.11452211034054975,,,,,SLTY,2026-07-16,OKLO,47.0,2026-07-17,Put,43.10499954223633,1.0,0.0828723501651845,2.09,18269955.0,825000.0,33.0,,,,,,,,,,,
LEN US 07/17/26 C86,LEN   260717C00086000,,LEN   260717C00086000,,,-85.0,-6800.0,-0.03726078231175782,,,,,SLTY,2026-07-16,LEN,86.0,2026-07-17,Call,86.49500274658203,1.0,0.005755845890488736,0.8,18269955.0,825000.0,33.0,,,,,,,,,,,
ALGN US 07/17/26 P172.5,ALGN  260717P00172500,,ALGN  260717P00172500,,,-30.0,-2400.0,-0.013150864345326288,,,,,SLTY,2026-07-16,ALGN,172.5,2026-07-17,Put,177.3800048828125,1.0,-0.02828988337862319,0.8,18269955.0,825000.0,33.0,,,,,,,,,,,
Etsy Inc,ETSY,,29786A106,,,-13000.0,-1114620.0,-6.107590173578161,,,,,SLTY,2026-07-16,,,,,,,,85.74,18269955.0,825000.0,33.0,,,,,,,,,,,
Invesco QQQ Trust Series 1,QQQ,,46090E103,,,-1100.0,-789514.0,-4.326163130306641,,,,,SLTY,2026-07-16,,,,,,,,717.74,18269955.0,825000.0,33.0,,,,,,,,,,,
CRM US 07/17/26 C180,CRM   260717C00180000,,CRM   260717C00180000,,,100.0,950.0,0.005205550470024989,,,,,SLTY,2026-07-16,CRM,180.0,2026-07-17,Call,167.63999938964844,1.0,-0.06866667005750868,0.095,18269955.0,825000.0,33.0,,,,,,,,,,,
Eaton Corp PLC,ETN,,G29183103,,,-1500.0,-619290.0,-3.393416158507132,,,,,SLTY,2026-07-16,,,,,,,,412.86,18269955.0,825000.0,33.0,,,,,,,,,,,
VF Corp,VFC,,918204108,,,-22900.0,-394796.0,-2.163295266698932,,,,,SLTY,2026-07-16,,,,,,,,17.24,18269955.0,825000.0,33.0,,,,,,,,,,,
ALGN US 07/17/26 C180,ALGN  260717C00180000,,ALGN  260717C00180000,,,-30.0,-12150.0,-0.06657625074821433,,,,,SLTY,2026-07-16,ALGN,180.0,2026-07-17,Call,177.3800048828125,1.0,-0.014555528428819445,4.05,18269955.0,825000.0,33.0,,,,,,,,,,,
PEGA US 07/17/26 P30,PEGA  260717P00030000,,PEGA  260717P00030000,,,-155.0,-3875.0,-0.0212331663908914,,,,,SLTY,2026-07-16,PEGA,30.0,2026-07-17,Put,31.25,1.0,-0.041666666666666664,0.25,18269955.0,825000.0,33.0,,,,,,,,,,,
United States Treasury Bill 02/18/2027,912797TV9,,912797TV9,,,5467000.0,5345934.93,29.293193776404742,,,,,SLTY,2026-07-16,,,,,,,,97.78553,18269955.0,825000.0,33.0,,,,,,,,,,,
CARR US 07/17/26 P64,CARR  260717P00064000,,CARR  260717P00064000,,,-110.0,-3300.0,-0.018082438474823645,,,,,SLTY,2026-07-16,CARR,64.0,2026-07-17,Put,68.5999984741211,1.0,-0.07187497615814209,0.3,18269955.0,825000.0,33.0,,,,,,,,,,,
TARGET C PUT OPT 07/26 134,TGT   260724P00134000,,TGT   260724P00134000,,,-69.0,-8004.0,-0.04385813259166317,,,,,SLTY,2026-07-16,TGT,134.0,2026-07-24,Put,140.27999877929688,8.0,-0.046865662532066234,1.16,18269955.0,825000.0,33.0,,,,,,,,,,,
Cash & Other,Cash&Other,,,,,2894207.0,2894206.68,9.128438297026428,,,,,ULTI,2026-07-16,,,,,,,,,,,,,,,,,,,,,,
ROBINHOOD MARKETS INC,HOOD,,770700102,,,14700.0,1698438.0,5.356938255814188,,,,,ULTI,2026-07-16,,,,,,,,,,,,,,,,,,,,,,
ZETA GLOBAL HOLDINGS CORP,ZETA,,98956A105,,,75800.0,1698678.0,5.357695224971375,,,,,ULTI,2026-07-16,,,,,,,,,,,,,,,,,,,,,,
REDDIT INC CLASS A,RDDT,,75734B100,,,8500.0,1683255.0,5.309050494507607,,,,,ULTI,2026-07-16,,,,,,,,,,,,,,,,,,,,,,
MODERNA INC,MRNA,,60770K107,,,24000.0,1638720.0,5.168585405276982,,,,,ULTI,2026-07-16,,,,,,,,,,,,,,,,,,,,,,
SELLAS LIFE SCIENCES GROUP INC,SLS,,81642T209,,,127900.0,1635841.0,5.159504929428885,,,,,ULTI,2026-07-16,,,,,,,,,,,,,,,,,,,,,,
RIVIAN AUTOMOTIVE INC,RIVN,,76954A103,,,91700.0,1632260.0,5.148210318796016,,,,,ULTI,2026-07-16,,,,,,,,,,,,,,,,,,,,,,
TEMPUS AI INC,TEM,,88023B103,,,28400.0,1625900.0,5.128150636130544,,,,,ULTI,2026-07-16,,,,,,,,,,,,,,,,,,,,,,
APPLIED MATERIALS INC,AMAT,,038222105,,,2800.0,1622404.0,5.117124118740844,,,,,ULTI,2026-07-16,,,,,,,,,,,,,,,,,,,,,,
ADVANCED MICRO DEVICES INC,AMD,,007903107,,,3000.0,1587420.0,5.006783247928131,,,,,ULTI,2026-07-16,,,,,,,,,,,,,,,,,,,,,,
CORE SCIENTIFIC INC,CORZ,,21874A106,,,69700.0,1583584.0,4.994684357565749,,,,,ULTI,2026-07-16,,,,,,,,,,,,,,,,,,,,,,
RIOT PLATFORMS INC.,RIOT,,767292105,,,78400.0,1575840.0,4.970259486093829,,,,,ULTI,2026-07-16,,,,,,,,,,,,,,,,,,,,,,
LAM RESH CORP,LRCX,,512807306,,,4700.0,1576521.0,4.972407386077348,,,,,ULTI,2026-07-16,,,,,,,,,,,,,,,,,,,,,,
SOFI TECHNOLOGIES CORP,SOFI,,83406F102,,,87600.0,1565412.0,4.937369176214027,,,,,ULTI,2026-07-16,,,,,,,,,,,,,,,,,,,,,,
MICRON TECHNOLOGY INC,MU,,595112103,,,1700.0,1537276.0,4.8486271586864,,,,,ULTI,2026-07-16,,,,,,,,,,,,,,,,,,,,,,
SPACE EXPLORATION TECH CORP A,SPCX,,84615Q103,,,11100.0,1501497.0,4.735778827540503,,,,,ULTI,2026-07-16,,,,,,,,,,,,,,,,,,,,,,
WESTERN DIGITAL CORP,WDC,,958102105,,,2900.0,1490136.0,4.699945800062134,,,,,ULTI,2026-07-16,,,,,,,,,,,,,,,,,,,,,,
SANDISK CORP/DE SNDKV,SNDK,,80004C200,,,900.0,1453500.0,4.584394458217446,,,,,ULTI,2026-07-16,,,,,,,,,,,,,,,,,,,,,,
TERAWULF INC,WULF,,88080T104,,,75000.0,1452750.0,4.582028929601234,,,,,ULTI,2026-07-16,,,,,,,,,,,,,,,,,,,,,,
CEREBRAS SYSTEMS INC A,CBRS,,15675D103,,,7700.0,1416877.0,4.468884118868772,,,,,ULTI,2026-07-16,,,,,,,,,,,,,,,,,,,,,,
FIRST AMERICAN GOVERNMENT OBLI FIRST AM GOV OBLIG X,FGXXX,,31846V336,,,844340.0,844339.72,2.6630796926184175,,,,,ULTI,2026-07-16,,,,,,,,,,,,,,,,,,,,,,
WULF US 07/17/26 P19,WULF  260717P00019000,,,,,1500.0,69000.0,0.21762863269143706,,,,,ULTI,2026-07-16,WULF,19.0,2026-07-17,Put,18.469999313354492,1.0,0.027894772981342516,,,,,,,,,,,,,,,
WDC US 07/17/26 P500,WDC   260717P00500000,,,,,58.0,63800.0,0.20122763428570556,,,,,ULTI,2026-07-16,WDC,500.0,2026-07-17,Put,489.69000244140625,1.0,0.0206199951171875,,,,,,,,,,,,,,,
SPCX US 07/17/26 P135,SPCX  260717P00135000,,,,,222.0,63714.0,0.20095638700438004,,,,,ULTI,2026-07-16,SPCX,135.0,2026-07-17,Put,136.375,1.0,-0.010185185185185186,,,,,,,,,,,,,,,
CBRS US 07/17/26 P177.5,CBRS  260717P00177500,,,,,154.0,53900.0,0.17000265655171676,,,,,ULTI,2026-07-16,CBRS,177.5,2026-07-17,Put,177.0399932861328,1.0,0.002591587120378521,,,,,,,,,,,,,,,
SNDK US 07/17/26 P1500,SNDK  260717P01500000,,,,,18.0,50400.0,0.1589635230093975,,,,,ULTI,2026-07-16,SNDK,1500.0,2026-07-17,Put,1515.3299560546875,1.0,-0.010219970703125,,,,,,,,,,,,,,,
MICRON T PUT OPT 07/26 855,MU    260717P00855000,,,,,34.0,34680.0,0.10938204321360924,,,,,ULTI,2026-07-16,MU,855.0,2026-07-17,Put,872.4600219726562,1.0,-0.020421078330592105,,,,,,,,,,,,,,,
SOFI TEC PUT OPT 07/26 17.500,SOFI  260717P00017500,,,,,1750.0,31500.0,0.09935220188087344,,,,,ULTI,2026-07-16,SOFI,17.5,2026-07-17,Put,17.795000076293945,1.0,-0.016857147216796875,,,,,,,,,,,,,,,
ZETA US 07/17/26 C23,ZETA  260717C00023000,,,,,758.0,26530.0,0.08367663225078006,,,,,ULTI,2026-07-16,ZETA,23.0,2026-07-17,Call,21.649999618530273,1.0,-0.05869566875955333,,,,,,,,,,,,,,,
HIMS & H CLL OPT 07/26 40,HIMS  260717C00040000,,,,,956.0,19120.0,0.06030520952261271,,,,,ULTI,2026-07-16,HIMS,40.0,2026-07-17,Call,36.209999084472656,1.0,-0.0947500228881836,,,,,,,,,,,,,,,
AMAT US 07/17/26 P542.5,AMAT  260717P00542500,,,,,28.0,18480.0,0.05828662510344576,,,,,ULTI,2026-07-16,AMAT,542.5,2026-07-17,Put,584.8624877929688,1.0,-0.07808753510224654,,,,,,,,,,,,,,,
LRCX US 07/17/26 P315,LRCX  260717P00315000,,,,,47.0,18800.0,0.05929591731302923,,,,,ULTI,2026-07-16,LRCX,315.0,2026-07-17,Put,332.8999938964844,1.0,-0.05682537744915674,,,,,,,,,,,,,,,
HOOD US 07/17/26 C120,HOOD  260717C00120000,,,,,147.0,14406.0,0.04543707366018612,,,,,ULTI,2026-07-16,HOOD,120.0,2026-07-17,Call,113.18000030517578,1.0,-0.05683333079020182,,,,,,,,,,,,,,,
ADVANCED PUT OPT 07/26 492.500,AMD   260717P00492500,,,,,60.0,17100.0,0.05393405244961701,,,,,ULTI,2026-07-16,AMD,492.5,2026-07-17,Put,515.4299926757812,1.0,-0.046558360763007615,,,,,,,,,,,,,,,
SLS US 07/17/26 C16,SLS   260717C00016000,,,,,1279.0,12790.0,0.04034014800178957,,,,,ULTI,2026-07-16,SLS,16.0,2026-07-17,Call,11.992500305175781,1.0,-0.25046873092651367,,,,,,,,,,,,,,,
RIOT US 07/17/26 P19,RIOT  260717P00019000,,,,,784.0,12544.0,0.03956425461567227,,,,,ULTI,2026-07-16,RIOT,19.0,2026-07-17,Put,19.1200008392334,1.0,-0.006315833643863076,,,,,,,,,,,,,,,
CORZ US 07/17/26 P21,CORZ  260717P00021000,,,,,697.0,8364.0,0.026380375127988107,,,,,ULTI,2026-07-16,CORZ,21.0,2026-07-17,Put,21.6200008392334,1.0,-0.029523849487304688,,,,,,,,,,,,,,,
RDDT US 07/17/26 C207.5,RDDT  260717C00207500,,,,,85.0,10030.0,0.03163500269413208,,,,,ULTI,2026-07-16,RDDT,207.5,2026-07-17,Call,195.0800018310547,1.0,-0.05985541286238705,,,,,,,,,,,,,,,
SLS US 07/17/26 P10,SLS   260717P00010000,,,,,1279.0,10232.0,0.032272118401431654,,,,,ULTI,2026-07-16,SLS,10.0,2026-07-17,Put,11.992500305175781,1.0,-0.19925003051757811,,,,,,,,,,,,,,,
TEM US 07/17/26 P53,TEM   260717P00053000,,,,,284.0,6816.0,0.021497924064128045,,,,,ULTI,2026-07-16,TEM,53.0,2026-07-17,Put,56.83000183105469,1.0,-0.07226418549159788,,,,,,,,,,,,,,,
RIVN US 07/17/26 P16.5,RIVN  260717P00016500,,,,,1834.0,7336.0,0.023138023904701193,,,,,ULTI,2026-07-16,RIVN,16.5,2026-07-17,Put,17.32990074157715,1.0,-0.0502970146410393,,,,,,,,,,,,,,,
MRNA US 07/17/26 P63,MRNA  260717P00063000,,,,,240.0,6000.0,0.018924228929690177,,,,,ULTI,2026-07-16,MRNA,63.0,2026-07-17,Put,67.11000061035156,1.0,-0.06523810492621528,,,,,,,,,,,,,,,
MRNA US 07/17/26 C75,MRNA  260717C00075000,,,,,240.0,4800.0,0.015139383143752145,,,,,ULTI,2026-07-16,MRNA,75.0,2026-07-17,Call,67.11000061035156,1.0,-0.10519999186197916,,,,,,,,,,,,,,,
LRCX US 07/17/26 C385,LRCX  260717C00385000,,,,,47.0,1739.0,0.0054848723514552035,,,,,ULTI,2026-07-16,LRCX,385.0,2026-07-17,Call,332.8999938964844,1.0,-0.13532469117796267,,,,,,,,,,,,,,,
RDDT US 07/17/26 P182.5,RDDT  260717P00182500,,,,,85.0,3825.0,0.01206419594267749,,,,,ULTI,2026-07-16,RDDT,182.5,2026-07-17,Put,195.0800018310547,1.0,-0.06893151688249144,,,,,,,,,,,,,,,
CORZ US 07/17/26 C25.5,CORZ  260717C00025500,,,,,697.0,2788.0,0.008793458375996037,,,,,ULTI,2026-07-16,CORZ,25.5,2026-07-17,Call,21.6200008392334,1.0,-0.15215682983398438,,,,,,,,,,,,,,,
RIOT US 07/17/26 C23,RIOT  260717C00023000,,,,,784.0,3920.0,0.012363829567397584,,,,,ULTI,2026-07-16,RIOT,23.0,2026-07-17,Call,19.1200008392334,1.0,-0.16869561568550442,,,,,,,,,,,,,,,
HIMS US 07/17/26 P32.5,HIMS  260717P00032500,,,,,478.0,2390.0,0.007538151190326589,,,,,ULTI,2026-07-16,HIMS,32.5,2026-07-17,Put,36.209999084472656,1.0,-0.11415381798377404,,,,,,,,,,,,,,,
TEM US 07/17/26 C63,TEM   260717C00063000,,,,,284.0,3408.0,0.010748962032064022,,,,,ULTI,2026-07-16,TEM,63.0,2026-07-17,Call,56.83000183105469,1.0,-0.09793647887214782,,,,,,,,,,,,,,,
ZETA US 07/17/26 P20,ZETA  260717P00020000,,,,,758.0,2274.0,0.007172282764352578,,,,,ULTI,2026-07-16,ZETA,20.0,2026-07-17,Put,21.649999618530273,1.0,-0.08249998092651367,,,,,,,,,,,,,,,
HOOD US 07/17/26 P104,HOOD  260717P00104000,,,,,147.0,2646.0,0.008345584957993368,,,,,ULTI,2026-07-16,HOOD,104.0,2026-07-17,Put,113.18000030517578,1.0,-0.08826923370361328,,,,,,,,,,,,,,,
RIVN US 07/17/26 C19.5,RIVN  260717C00019500,,,,,917.0,3668.0,0.011569011952350597,,,,,ULTI,2026-07-16,RIVN,19.5,2026-07-17,Call,17.32990074157715,1.0,-0.11128714145758213,,,,,,,,,,,,,,,
AMAT US 07/17/26 C657.5,AMAT  260717C00657500,,,,,28.0,2072.0,0.006535167057053009,,,,,ULTI,2026-07-16,AMAT,657.5,2026-07-17,Call,584.8624877929688,1.0,-0.11047530373692965,,,,,,,,,,,,,,,
HOOD US 07/17/26 P112,HOOD  260717P00112000,,,,,-147.0,-17640.0,-0.05563723305328913,,,,,ULTI,2026-07-16,HOOD,112.0,2026-07-17,Put,113.18000030517578,1.0,-0.010535717010498047,,,,,,,,,,,,,,,
RIOT US 07/17/26 C21,RIOT  260717C00021000,,,,,-784.0,-21168.0,-0.06676467966394695,,,,,ULTI,2026-07-16,RIOT,21.0,2026-07-17,Call,19.1200008392334,1.0,-0.08952376956031435,,,,,,,,,,,,,,,
LRCX US 07/17/26 C350,LRCX  260717C00350000,,,,,-47.0,-22325.0,-0.0704139018092222,,,,,ULTI,2026-07-16,LRCX,350.0,2026-07-17,Call,332.8999938964844,1.0,-0.04885716029575893,,,,,,,,,,,,,,,
CORZ US 07/17/26 C23.5,CORZ  260717C00023500,,,,,-697.0,-23698.0,-0.07474439619596632,,,,,ULTI,2026-07-16,CORZ,23.5,2026-07-17,Call,21.6200008392334,1.0,-0.0799999642879405,,,,,,,,,,,,,,,
AMAT US 07/17/26 C600,AMAT  260717C00600000,,,,,-28.0,-26824.0,-0.08460391946833488,,,,,ULTI,2026-07-16,AMAT,600.0,2026-07-17,Call,584.8624877929688,1.0,-0.02522918701171875,,,,,,,,,,,,,,,
RIVN US 07/17/26 C18,RIVN  260717C00018000,,,,,-917.0,-28427.0,-0.08965984263071712,,,,,ULTI,2026-07-16,RIVN,18.0,2026-07-17,Call,17.32990074157715,1.0,-0.03722773657904731,,,,,,,,,,,,,,,
MRNA US 07/17/26 C69,MRNA  260717C00069000,,,,,-240.0,-32640.0,-0.10294780537751456,,,,,ULTI,2026-07-16,MRNA,69.0,2026-07-17,Call,67.11000061035156,1.0,-0.027391295502151268,,,,,,,,,,,,,,,
TEM US 07/17/26 C58,TEM   260717C00058000,,,,,-284.0,-32092.0,-0.10121939246860287,,,,,ULTI,2026-07-16,TEM,58.0,2026-07-17,Call,56.83000183105469,1.0,-0.02017238222319504,,,,,,,,,,,,,,,
RDDT US 07/17/26 C195,RDDT  260717C00195000,,,,,-85.0,-44625.0,-0.14074895266457071,,,,,ULTI,2026-07-16,RDDT,195.0,2026-07-17,Call,195.0800018310547,1.0,0.0004102658002804487,,,,,,,,,,,,,,,
TEM US 07/17/26 P58,TEM   260717P00058000,,,,,-284.0,-50268.0,-0.1585471899729443,,,,,ULTI,2026-07-16,TEM,58.0,2026-07-17,Put,56.83000183105469,1.0,0.02017238222319504,,,,,,,,,,,,,,,
MRNA US 07/17/26 P69,MRNA  260717P00069000,,,,,-240.0,-63840.0,-0.20135379581190352,,,,,ULTI,2026-07-16,MRNA,69.0,2026-07-17,Put,67.11000061035156,1.0,0.027391295502151268,,,,,,,,,,,,,,,
SLS US 07/17/26 C13,SLS   260717C00013000,,,,,-1279.0,-70345.0,-0.22187081400984263,,,,,ULTI,2026-07-16,SLS,13.0,2026-07-17,Call,11.992500305175781,1.0,-0.07749997652493991,,,,,,,,,,,,,,,
HOOD US 07/17/26 C112,HOOD  260717C00112000,,,,,-147.0,-69090.0,-0.2179124961253824,,,,,ULTI,2026-07-16,HOOD,112.0,2026-07-17,Call,113.18000030517578,1.0,0.010535717010498047,,,,,,,,,,,,,,,
AMAT US 07/17/26 P600,AMAT  260717P00600000,,,,,-28.0,-83860.0,-0.2644976396739697,,,,,ULTI,2026-07-16,AMAT,600.0,2026-07-17,Put,584.8624877929688,1.0,0.02522918701171875,,,,,,,,,,,,,,,
CORZ US 07/17/26 P23.5,CORZ  260717P00023500,,,,,-697.0,-81200.5,-0.25610947520088456,,,,,ULTI,2026-07-16,CORZ,23.5,2026-07-17,Put,21.6200008392334,1.0,0.0799999642879405,,,,,,,,,,,,,,,
AMD US 07/17/26 P552.5,AMD   260717P00552500,,,,,-30.0,-85200.0,-0.26872405080160056,,,,,ULTI,2026-07-16,AMD,552.5,2026-07-17,Put,515.4299926757812,1.0,0.06709503588093892,,,,,,,,,,,,,,,
RIOT US 07/17/26 P21,RIOT  260717P00021000,,,,,-784.0,-89376.0,-0.2818953141366649,,,,,ULTI,2026-07-16,RIOT,21.0,2026-07-17,Put,19.1200008392334,1.0,0.08952376956031435,,,,,,,,,,,,,,,
ZETA US 07/17/26 C21.5,ZETA  260717C00021500,,,,,-758.0,-91718.0,-0.28928207149555396,,,,,ULTI,2026-07-16,ZETA,21.5,2026-07-17,Call,21.649999618530273,1.0,0.006976726443268532,,,,,,,,,,,,,,,
SOFI US 07/17/26 P19,SOFI  260717P00019000,,,,,-876.0,-101616.0,-0.3205007411532329,,,,,ULTI,2026-07-16,SOFI,19.0,2026-07-17,Put,17.795000076293945,1.0,0.06342104861610814,,,,,,,,,,,,,,,
SLS US 07/17/26 P13,SLS   260717P00013000,,,,,-1279.0,-104878.0,-0.33078921361467445,,,,,ULTI,2026-07-16,SLS,13.0,2026-07-17,Put,11.992500305175781,1.0,0.07749997652493991,,,,,,,,,,,,,,,
LRCX US 07/17/26 P350,LRCX  260717P00350000,,,,,-47.0,-107207.0,-0.33813496847754915,,,,,ULTI,2026-07-16,LRCX,350.0,2026-07-17,Put,332.8999938964844,1.0,0.04885716029575893,,,,,,,,,,,,,,,
HIMS US 07/17/26 C35,HIMS  260717C00035000,,,,,-478.0,-115676.0,-0.36484651761180686,,,,,ULTI,2026-07-16,HIMS,35.0,2026-07-17,Call,36.209999084472656,1.0,0.03457140241350446,,,,,,,,,,,,,,,
MU US 07/17/26 P990,MU    260717P00990000,,,,,-17.0,-148359.0,-0.4679299466299842,,,,,ULTI,2026-07-16,MU,990.0,2026-07-17,Put,872.4600219726562,1.0,0.11872725053267046,,,,,,,,,,,,,,,
SPCX US 07/17/26 P150,SPCX  260717P00150000,,,,,-111.0,-166500.0,-0.5251473527989025,,,,,ULTI,2026-07-16,SPCX,150.0,2026-07-17,Put,136.375,1.0,0.09083333333333334,,,,,,,,,,,,,,,
WULF US 07/17/26 P22,WULF  260717P00022000,,,,,-750.0,-195750.0,-0.6174029688311421,,,,,ULTI,2026-07-16,WULF,22.0,2026-07-17,Put,18.469999313354492,1.0,0.1604545766657049,,,,,,,,,,,,,,,
WDC US 07/17/26 P582.5,WDC   260717P00582500,,,,,-29.0,-202855.0,-0.6398124099220502,,,,,ULTI,2026-07-16,WDC,582.5,2026-07-17,Put,489.69000244140625,1.0,0.15933046791174893,,,,,,,,,,,,,,,
CBRS US 07/17/26 P215,CBRS  260717P00215000,,,,,-77.0,-231770.0,-0.7310114231723821,,,,,ULTI,2026-07-16,CBRS,215.0,2026-07-17,Put,177.0399932861328,1.0,0.17655817076217298,,,,,,,,,,,,,,,
SNDK US 07/17/26 P1930,SNDK  260717P01930000,,,,,-9.0,-289593.0,-0.9133873714059614,,,,,ULTI,2026-07-16,SNDK,1930.0,2026-07-17,Put,1515.3299560546875,1.0,0.2148549450493847,,,,,,,,,,,,,,,
TESLA INC,TSLA,,88160R101,,,1663240.0,656081650.4,10.11098145829558,,,,,ARKK,2026-07-16,,,,,,,,,,,,07/16/2026,,,,,,,,,,
TEMPUS AI INC-CL A,TEM,,88023B103,,,6335612.0,362713787.0,5.589841405851293,,,,,ARKK,2026-07-16,,,,,,,,,,,,07/16/2026,,,,,,,,,,
ROBINHOOD MARKETS INC - A,HOOD,,770700102,,,2797373.0,323208476.42,4.981018612933584,,,,,ARKK,2026-07-16,,,,,,,,,,,,07/16/2026,,,,,,,,,,
CRISPR THERAPEUTICS AG,CRSP,,H17182108,,,5872916.0,301691694.92,4.649419979354885,,,,,ARKK,2026-07-16,,,,,,,,,,,,07/16/2026,,,,,,,,,,
SHOPIFY INC - CLASS A,SHOP,,82509L107,,,2409606.0,297706821.3,4.588008441231685,,,,,ARKK,2026-07-16,,,,,,,,,,,,07/16/2026,,,,,,,,,,
SPACE EXPLORATION TECHN-CL A,SPCX,,84615Q103,,,2092368.0,283034619.36,4.361892741032995,,,,,ARKK,2026-07-16,,,,,,,,,,,,07/16/2026,,,,,,,,,,
COINBASE GLOBAL INC -CLASS A,COIN,,19260Q107,,,1652756.0,276357330.76,4.258987955957652,,,,,ARKK,2026-07-16,,,,,,,,,,,,07/16/2026,,,,,,,,,,
ADVANCED MICRO DEVICES,AMD,,007903107,,,503771.0,266565386.94,4.10808271063593,,,,,ARKK,2026-07-16,,,,,,,,,,,,07/16/2026,,,,,,,,,,
ROBLOX CORP -CLASS A,RBLX,,771049103,,,3993669.0,227918689.83,3.5124921501236237,,,,,ARKK,2026-07-16,,,,,,,,,,,,07/16/2026,,,,,,,,,,
CIRCLE INTERNET GROUP INC,CRCL,,172573107,,,3439206.0,225921442.14,3.4817122398046836,,,,,ARKK,2026-07-16,,,,,,,,,,,,07/16/2026,,,,,,,,,,
10X GENOMICS INC-CLASS A,TXG,,88025U109,,,4562096.0,208715892.0,3.216554696777453,,,,,ARKK,2026-07-16,,,,,,,,,,,,07/16/2026,,,,,,,,,,
TWIST BIOSCIENCE CORP,TWST,,90184D100,,,2214745.0,205107534.45,3.160945709297453,,,,,ARKK,2026-07-16,,,,,,,,,,,,07/16/2026,,,,,,,,,,
PALANTIR TECHNOLOGIES INC-A,PLTR,,69608A108,,,1468117.0,196375329.92,3.0263722792387933,,,,,ARKK,2026-07-16,,,,,,,,,,,,07/16/2026,,,,,,,,,,
BEAM THERAPEUTICS INC,BEAM,,07373V105,,,6339633.0,195514281.72,3.0131025248117482,,,,,ARKK,2026-07-16,,,,,,,,,,,,07/16/2026,,,,,,,,,,
OPENAI GROUP PBC SERIES C,OTHER,,PPOPENAIC,,,254476.0,174999811.56,2.696950674980165,,,,,ARKK,2026-07-16,,,,,,,,,,,,07/16/2026,,,,,,,,,,
AMAZON.COM INC,AMZN,,023135106,,,645429.0,164558577.84,2.536039116974716,,,,,ARKK,2026-07-16,,,,,,,,,,,,07/16/2026,,,,,,,,,,
INTELLIA THERAPEUTICS INC,NTLA,,45826J105,,,11202066.0,146074940.64,2.251184765542815,,,,,ARKK,2026-07-16,,,,,,,,,,,,07/16/2026,,,,,,,,,,
ALPHABET INC-CL C,GOOG,,02079K107,,,346542.0,128293313.82,1.9771492107216477,,,,,ARKK,2026-07-16,,,,,,,,,,,,07/16/2026,,,,,,,,,,
BLOCK INC,XYZ,,852234103,,,1566210.0,128131640.1,1.9746576306199681,,,,,ARKK,2026-07-16,,,,,,,,,,,,07/16/2026,,,,,,,,,,
COREWEAVE INC-CL A,CRWV,,21873S108,,,1620522.0,124974656.64,1.9260048429543712,,,,,ARKK,2026-07-16,,,,,,,,,,,,07/16/2026,,,,,,,,,,
BULLISH,BLSH,,G16910120,,,4456763.0,111998454.19,1.7260264678679038,,,,,ARKK,2026-07-16,,,,,,,,,,,,07/16/2026,,,,,,,,,,
NVIDIA CORP,NVDA,,67066G104,,,516745.0,109808312.5,1.6922738366136552,,,,,ARKK,2026-07-16,,,,,,,,,,,,07/16/2026,,,,,,,,,,
CEREBRAS SYSTEMS INC - A,CBRS,,15675D103,,,522159.0,96082477.59,1.4807427532644657,,,,,ARKK,2026-07-16,,,,,,,,,,,,07/16/2026,,,,,,,,,,
BITMINE IMMERSION TECHNOLOGI,BMNR,,09175A206,,,5737765.0,90599309.35,1.3962407520675804,,,,,ARKK,2026-07-16,,,,,,,,,,,,07/16/2026,,,,,,,,,,
ILLUMINA INC,ILMN,,452327109,,,459797.0,86051008.55,1.3261461456607206,,,,,ARKK,2026-07-16,,,,,,,,,,,,07/16/2026,,,,,,,,,,
META PLATFORMS INC-CLASS A,META,,30303M102,,,126545.0,86216373.95,1.3286946188457645,,,,,ARKK,2026-07-16,,,,,,,,,,,,07/16/2026,,,,,,,,,,
NATERA INC,NTRA,,632307104,,,311496.0,86399645.52,1.3315190469409153,,,,,ARKK,2026-07-16,,,,,,,,,,,,07/16/2026,,,,,,,,,,
BROADCOM INC,AVGO,,11135F101,,,185235.0,73034455.8,1.1255459255113898,,,,,ARKK,2026-07-16,,,,,,,,,,,,07/16/2026,,,,,,,,,,
RECURSION PHARMACEUTICALS-A,RXRX,,75629V104,,,21123819.0,69919840.89,1.0775460864890043,,,,,ARKK,2026-07-16,,,,,,,,,,,,07/16/2026,,,,,,,,,,
ARCHER AVIATION INC-A,ACHR,,03945R102,,,14106933.0,67431139.74,1.0391923066392745,,,,,ARKK,2026-07-16,,,,,,,,,,,,07/16/2026,,,,,,,,,,
KRATOS DEFENSE & SECURITY,KTOS,,50077B207,,,1317533.0,65455039.44,1.0087383022011827,,,,,ARKK,2026-07-16,,,,,,,,,,,,07/16/2026,,,,,,,,,,
DEERE & CO,DE,,244199105,,,109864.0,64762630.72,0.9980674783407473,,,,,ARKK,2026-07-16,,,,,,,,,,,,07/16/2026,,,,,,,,,,
VERACYTE INC,VCYT,,92337F107,,,1091507.0,64955581.57,1.0010410754006909,,,,,ARKK,2026-07-16,,,,,,,,,,,,07/16/2026,,,,,,,,,,
X-ENERGY INC,XE,,98386P102,,,4091632.0,61619977.92,0.9496355428167345,,,,,ARKK,2026-07-16,,,,,,,,,,,,07/16/2026,,,,,,,,,,
GENEDX HOLDINGS CORP,WGS,,81663L200,,,914127.0,60460359.78,0.9317644782852167,,,,,ARKK,2026-07-16,,,,,,,,,,,,07/16/2026,,,,,,,,,,
TAIWAN SEMICONDUCTOR-SP ADR,TSM,,874039100,,,139434.0,58489774.32,0.901395463946987,,,,,ARKK,2026-07-16,,,,,,,,,,,,07/16/2026,,,,,,,,,,
TERADYNE INC,TER,,880770102,,,152187.0,52066216.44,0.8024009644340518,,,,,ARKK,2026-07-16,,,,,,,,,,,,07/16/2026,,,,,,,,,,
BWX TECHNOLOGIES INC,BWXT,,05605H100,,,266909.0,47218871.19,0.7276977351716181,,,,,ARKK,2026-07-16,,,,,,,,,,,,07/16/2026,,,,,,,,,,
SNOWFLAKE INC,SNOW,,833445109,,,158265.0,43027505.55,0.6631039148062113,,,,,ARKK,2026-07-16,,,,,,,,,,,,07/16/2026,,,,,,,,,,
SOFI TECHNOLOGIES INC,SOFI,,83406F102,,,2326591.0,41576181.17,0.6407373177718245,,,,,ARKK,2026-07-16,,,,,,,,,,,,07/16/2026,,,,,,,,,,
FIGMA INC-CL A,FIG,,316841105,,,1581278.0,37160033.0,0.5726793371275971,,,,,ARKK,2026-07-16,,,,,,,,,,,,07/16/2026,,,,,,,,,,
ELI LILLY & CO,LLY,,532457108,,,29622.0,34261693.86,0.5280125593164425,,,,,ARKK,2026-07-16,,,,,,,,,,,,07/16/2026,,,,,,,,,,
ALPHABET INC-CL A,GOOGL,,02079K305,,,89590.0,33230722.8,0.5121240959440194,,,,,ARKK,2026-07-16,,,,,,,,,,,,07/16/2026,,,,,,,,,,
CERUS CORP,CERS,,157085101,,,8639670.0,27474150.6,0.42340862167027066,,,,,ARKK,2026-07-16,,,,,,,,,,,,07/16/2026,,,,,,,,,,
PACIFIC BIOSCIENCES OF CALIF,PACB,,69404D108,,,13359510.0,20440050.3,0.31500495321569666,,,,,ARKK,2026-07-16,,,,,,,,,,,,07/16/2026,,,,,,,,,,
BRERA HOLDINGS PLC-CL B,OTHER,,G13311132,,,364423.0,2062634.18,0.0317875921945259,,,,,ARKK,2026-07-16,,,,,,,,,,,,07/16/2026,,,,,,,,,,
GOLDMAN FS TRSY OBLIG INST 468,OTHER,,X9USDGSFT,,,1746679.0,1746679.45,0.026918362252272378,,,,,ARKK,2026-07-16,,,,,,,,,,,,07/16/2026,,,,,,,,,,
BRERA HOLDINGS PLC WTS,OTHER,,BREADUMMY,,,431626.0,1307825.87,0.020155118062191255,,,,,ARKK,2026-07-16,,,,,,,,,,,,07/16/2026,,,,,,,,,,
TESLA INC,TSLA,,88160R101,,,548830.0,216491481.8,10.774693121043535,,,,,ARKQ,2026-07-16,,,,,,,,,,,,07/16/2026,,,,,,,,,,
ADVANCED MICRO DEVICES,AMD,,007903107,,,249232.0,131878620.48,6.563545378710449,,,,,ARKQ,2026-07-16,,,,,,,,,,,,07/16/2026,,,,,,,,,,
SPACE EXPLORATION TECHN-CL A,SPCX,,84615Q103,,,878086.0,118778693.22,5.911567319523398,,,,,ARKQ,2026-07-16,,,,,,,,,,,,07/16/2026,,,,,,,,,,
TERADYNE INC,TER,,880770102,,,342611.0,117214075.32,5.833696922110876,,,,,ARKQ,2026-07-16,,,,,,,,,,,,07/16/2026,,,,,,,,,,
KRATOS DEFENSE & SECURITY,KTOS,,50077B207,,,2222128.0,110395319.04,5.494330191497144,,,,,ARKQ,2026-07-16,,,,,,,,,,,,07/16/2026,,,,,,,,,,
ALPHABET INC-CL C,GOOG,,02079K107,,,274007.0,101440131.47,5.048634143292934,,,,,ARKQ,2026-07-16,,,,,,,,,,,,07/16/2026,,,,,,,,,,
PALANTIR TECHNOLOGIES INC-A,PLTR,,69608A108,,,582544.0,77921085.44,3.8781007746541905,,,,,ARKQ,2026-07-16,,,,,,,,,,,,07/16/2026,,,,,,,,,,
DEERE & CO,DE,,244199105,,,124394.0,73327775.12,3.6494935856034743,,,,,ARKQ,2026-07-16,,,,,,,,,,,,07/16/2026,,,,,,,,,,
ROCKET LAB,RKLB,,773121108,,,937260.0,71419212.0,3.554505174285106,,,,,ARKQ,2026-07-16,,,,,,,,,,,,07/16/2026,,,,,,,,,,
TAIWAN SEMICONDUCTOR-SP ADR,TSM,,874039100,,,162378.0,68114323.44,3.3900222129363353,,,,,ARKQ,2026-07-16,,,,,,,,,,,,07/16/2026,,,,,,,,,,
AMAZON.COM INC,AMZN,,023135106,,,265032.0,67572558.72,3.3630588028599946,,,,,ARKQ,2026-07-16,,,,,,,,,,,,07/16/2026,,,,,,,,,,
NVIDIA CORP,NVDA,,67066G104,,,293847.0,62442487.5,3.1077372418220333,,,,,ARKQ,2026-07-16,,,,,,,,,,,,07/16/2026,,,,,,,,,,
L3HARRIS TECHNOLOGIES INC,LHX,,502431109,,,207003.0,59372600.46,2.9549502106776577,,,,,ARKQ,2026-07-16,,,,,,,,,,,,07/16/2026,,,,,,,,,,
CATERPILLAR INC,CAT,,149123101,,,55340.0,50597362.0,2.518210156591711,,,,,ARKQ,2026-07-16,,,,,,,,,,,,07/16/2026,,,,,,,,,,
AEROVIRONMENT INC,AVAV,,008073108,,,320293.0,45231777.46,2.2511671932712227,,,,,ARKQ,2026-07-16,,,,,,,,,,,,07/16/2026,,,,,,,,,,
ARCHER AVIATION INC-A,ACHR,,03945R102,,,9034261.0,43183767.58,2.149238573344038,,,,,ARKQ,2026-07-16,,,,,,,,,,,,07/16/2026,,,,,,,,,,
TRIMBLE INC,TRMB,,896239100,,,752919.0,39091554.48,1.9455707894117917,,,,,ARKQ,2026-07-16,,,,,,,,,,,,07/16/2026,,,,,,,,,,
KOMATSU LTD -SPONS ADR,KMTUY,,500458401,,,916963.0,35954119.23,1.7894219112904608,,,,,ARKQ,2026-07-16,,,,,,,,,,,,07/16/2026,,,,,,,,,,
BROADCOM INC,AVGO,,11135F101,,,83978.0,33110845.84,1.6479133494673182,,,,,ARKQ,2026-07-16,,,,,,,,,,,,07/16/2026,,,,,,,,,,
AURORA INNOVATION INC,AUR,,051774107,,,5349105.0,32201612.1,1.6026611555133357,,,,,ARKQ,2026-07-16,,,,,,,,,,,,07/16/2026,,,,,,,,,,
BWX TECHNOLOGIES INC,BWXT,,05605H100,,,175815.0,31103431.65,1.5480051605434701,,,,,ARKQ,2026-07-16,,,,,,,,,,,,07/16/2026,,,,,,,,,,
CAMECO CORP,CCJ,,13321L108,,,335393.0,30514055.14,1.518672131016386,,,,,ARKQ,2026-07-16,,,,,,,,,,,,07/16/2026,,,,,,,,,,
ELBIT SYSTEMS LTD,ESLT,,M3760D101,,,40535.0,29641624.1,1.475251592493965,,,,,ARKQ,2026-07-16,,,,,,,,,,,,07/16/2026,,,,,,,,,,
SYMBOTIC INC,SYM,,87151X101,,,677980.0,28909067.2,1.4387925331093803,,,,,ARKQ,2026-07-16,,,,,,,,,,,,07/16/2026,,,,,,,,,,
BAIDU INC - SPON ADR,BIDU,,056752108,,,256650.0,28611342.0,1.423974870826645,,,,,ARKQ,2026-07-16,,,,,,,,,,,,07/16/2026,,,,,,,,,,
DOORDASH INC - A,DASH,,25809K105,,,146948.0,27943631.68,1.3907431993911836,,,,,ARKQ,2026-07-16,,,,,,,,,,,,07/16/2026,,,,,,,,,,
JOBY AVIATION INC,JOBY,,G65163100,,,3422894.0,26561657.44,1.321962902756033,,,,,ARKQ,2026-07-16,,,,,,,,,,,,07/16/2026,,,,,,,,,,
INTUITIVE MACHINES INC,LUNR,,46125A100,,,1762175.0,26168298.75,1.3023856005175958,,,,,ARKQ,2026-07-16,,,,,,,,,,,,07/16/2026,,,,,,,,,,
IRIDIUM COMMUNICATIONS INC,IRDM,,46269C102,,,517793.0,25200985.31,1.2542428034837172,,,,,ARKQ,2026-07-16,,,,,,,,,,,,07/16/2026,,,,,,,,,,
INTUITIVE SURGICAL INC,ISRG,,46120E602,,,61511.0,23925933.67,1.19078400122389,,,,,ARKQ,2026-07-16,,,,,,,,,,,,07/16/2026,,,,,,,,,,
TELEDYNE TECHNOLOGIES INC,TDY,,879360105,,,35023.0,21859605.45,1.0879436849549098,,,,,ARKQ,2026-07-16,,,,,,,,,,,,07/16/2026,,,,,,,,,,
OKLO INC,OKLO,,02156V109,,,468350.0,21398911.5,1.065015134174528,,,,,ARKQ,2026-07-16,,,,,,,,,,,,07/16/2026,,,,,,,,,,
WERIDE INC-ADR,WRD,,950915108,,,3488561.0,21559306.98,1.0729979520694095,,,,,ARKQ,2026-07-16,,,,,,,,,,,,07/16/2026,,,,,,,,,,
X-ENERGY INC,XE,,98386P102,,,1311793.0,19755602.58,0.9832283166570109,,,,,ARKQ,2026-07-16,,,,,,,,,,,,07/16/2026,,,,,,,,,,
SYNOPSYS INC,SNPS,,871607107,,,45157.0,19204143.18,0.95578240629457,,,,,ARKQ,2026-07-16,,,,,,,,,,,,07/16/2026,,,,,,,,,,
BYD CO LTD-UNSPONSORED ADR,BYDDY,,05606L100,,,1700724.0,18844021.92,0.9378593174478314,,,,,ARKQ,2026-07-16,,,,,,,,,,,,07/16/2026,,,,,,,,,,
KODIAK AI INC,KDK,,500081104,,,3677038.0,16289278.34,0.8107107670818365,,,,,ARKQ,2026-07-16,,,,,,,,,,,,07/16/2026,,,,,,,,,,
PONY AI INC,PONY,,732908108,,,2160328.0,15446345.2,0.7687583270618263,,,,,ARKQ,2026-07-16,,,,,,,,,,,,07/16/2026,,,,,,,,,,
GOLDMAN FS TRSY OBLIG INST 468,OTHER,,X9USDGSFT,,,10395790.0,10395789.68,0.5173942301175166,,,,,ARKQ,2026-07-16,,,,,,,,,,,,07/16/2026,,,,,,,,,,
ALPHABET INC-CL A,GOOGL,,02079K305,,,16168.0,5997034.56,0.29846997435209177,,,,,ARKQ,2026-07-16,,,,,,,,,,,,07/16/2026,,,,,,,,,,
STRATA CRITICAL MEDICAL INC,SRTA,,092667104,,,772960.0,4189443.2,0.20850688651918411,,,,,ARKQ,2026-07-16,,,,,,,,,,,,07/16/2026,,,,,,,,,,
TESLA INC,TSLA,,88160R101,,,365942.0,144349481.32,8.128301711467419,,,,,ARKW,2026-07-16,,,,,,,,,,,,07/16/2026,,,,,,,,,,
ADVANCED MICRO DEVICES,AMD,,007903107,,,262086.0,138680186.04,7.809064384766658,,,,,ARKW,2026-07-16,,,,,,,,,,,,07/16/2026,,,,,,,,,,
ROBINHOOD MARKETS INC - A,HOOD,,770700102,,,957474.0,110626545.96,6.229367328774805,,,,,ARKW,2026-07-16,,,,,,,,,,,,07/16/2026,,,,,,,,,,
SHOPIFY INC - CLASS A,SHOP,,82509L107,,,670960.0,82897108.0,4.66792605467257,,,,,ARKW,2026-07-16,,,,,,,,,,,,07/16/2026,,,,,,,,,,
ARK BITCOIN ETF HOLDCO (ARKW),OTHER,,MM0051EWE,,,3775474.0,81361087.15,4.581432907695293,,,,,ARKW,2026-07-16,,,,,,,,,,,,07/16/2026,,,,,,,,,,
ALPHABET INC-CL C,GOOG,,02079K107,,,186272.0,68959757.12,3.883115524178965,,,,,ARKW,2026-07-16,,,,,,,,,,,,07/16/2026,,,,,,,,,,
AMAZON.COM INC,AMZN,,023135106,,,267007.0,68076104.72,3.8333571651631844,,,,,ARKW,2026-07-16,,,,,,,,,,,,07/16/2026,,,,,,,,,,
COINBASE GLOBAL INC -CLASS A,COIN,,19260Q107,,,382794.0,64006984.74,3.6042255147052367,,,,,ARKW,2026-07-16,,,,,,,,,,,,07/16/2026,,,,,,,,,,
ROBLOX CORP -CLASS A,RBLX,,771049103,,,1052865.0,60087005.55,3.3834919639669496,,,,,ARKW,2026-07-16,,,,,,,,,,,,07/16/2026,,,,,,,,,,
BLOCK INC,XYZ,,852234103,,,725305.0,59337202.05,3.3412706202074696,,,,,ARKW,2026-07-16,,,,,,,,,,,,07/16/2026,,,,,,,,,,
CIRCLE INTERNET GROUP INC,CRCL,,172573107,,,890687.0,58509229.03,3.294647560297782,,,,,ARKW,2026-07-16,,,,,,,,,,,,07/16/2026,,,,,,,,,,
SPACE EXPLORATION TECHN-CL A,SPCX,,84615Q103,,,426800.0,57733236.0,3.2509514872938676,,,,,ARKW,2026-07-16,,,,,,,,,,,,07/16/2026,,,,,,,,,,
CROWDSTRIKE HOLDINGS INC - A,CRWD,,22788C105,,,250484.0,51792576.68,2.9164336845526497,,,,,ARKW,2026-07-16,,,,,,,,,,,,07/16/2026,,,,,,,,,,
PALANTIR TECHNOLOGIES INC-A,PLTR,,69608A108,,,368947.0,49350350.72,2.7789122382063947,,,,,ARKW,2026-07-16,,,,,,,,,,,,07/16/2026,,,,,,,,,,
DATADOG INC - CLASS A,DDOG,,23804L103,,,182362.0,48227454.52,2.715682089952335,,,,,ARKW,2026-07-16,,,,,,,,,,,,07/16/2026,,,,,,,,,,
COREWEAVE INC-CL A,CRWV,,21873S108,,,603058.0,46507832.96,2.6188504093573894,,,,,ARKW,2026-07-16,,,,,,,,,,,,07/16/2026,,,,,,,,,,
META PLATFORMS INC-CLASS A,META,,30303M102,,,64469.0,43923374.39,2.4733198620658627,,,,,ARKW,2026-07-16,,,,,,,,,,,,07/16/2026,,,,,,,,,,
OPENAI GROUP PBC SERIES C,OTHER,,PPOPENAIC,,,62528.0,42999686.48,2.4213071083582776,,,,,ARKW,2026-07-16,,,,,,,,,,,,07/16/2026,,,,,,,,,,
CLOUDFLARE INC - CLASS A,NET,,18915M107,,,147558.0,40289236.32,2.268681989979535,,,,,ARKW,2026-07-16,,,,,,,,,,,,07/16/2026,,,,,,,,,,
BROADCOM INC,AVGO,,11135F101,,,95438.0,37629294.64,2.118900997957696,,,,,ARKW,2026-07-16,,,,,,,,,,,,07/16/2026,,,,,,,,,,
TAIWAN SEMICONDUCTOR-SP ADR,TSM,,874039100,,,88632.0,37179351.36,2.09356474666366,,,,,ARKW,2026-07-16,,,,,,,,,,,,07/16/2026,,,,,,,,,,
NVIDIA CORP,NVDA,,67066G104,,,130097.0,27645612.5,1.5567210726595153,,,,,ARKW,2026-07-16,,,,,,,,,,,,07/16/2026,,,,,,,,,,
RUBRIK INC-A,RBRK,,781154109,,,337046.0,27091757.48,1.5255335639424539,,,,,ARKW,2026-07-16,,,,,,,,,,,,07/16/2026,,,,,,,,,,
CEREBRAS SYSTEMS INC - A,CBRS,,15675D103,,,146431.0,26944768.31,1.5172566216829275,,,,,ARKW,2026-07-16,,,,,,,,,,,,07/16/2026,,,,,,,,,,
BULLISH,BLSH,,G16910120,,,1005042.0,25256705.46,1.4222020082042546,,,,,ARKW,2026-07-16,,,,,,,,,,,,07/16/2026,,,,,,,,,,
BITMINE IMMERSION TECHNOLOGI,BMNR,,09175A206,,,1539619.0,24310584.01,1.3689260245916586,,,,,ARKW,2026-07-16,,,,,,,,,,,,07/16/2026,,,,,,,,,,
FIGMA INC-CL A,FIG,,316841105,,,1020947.0,23992254.5,1.351000928655861,,,,,ARKW,2026-07-16,,,,,,,,,,,,07/16/2026,,,,,,,,,,
EVERPURE INC-A,P,,74624M102,,,334759.0,23684199.25,1.3336543750492664,,,,,ARKW,2026-07-16,,,,,,,,,,,,07/16/2026,,,,,,,,,,
TOAST INC-CLASS A,TOST,,888787108,,,726834.0,22088485.26,1.2437999146291692,,,,,ARKW,2026-07-16,,,,,,,,,,,,07/16/2026,,,,,,,,,,
GITLAB INC-CL A,GTLB,,37637K108,,,639569.0,20997050.27,1.1823413432782566,,,,,ARKW,2026-07-16,,,,,,,,,,,,07/16/2026,,,,,,,,,,
SNOWFLAKE INC,SNOW,,833445109,,,75609.0,20555818.83,1.1574956546335249,,,,,ARKW,2026-07-16,,,,,,,,,,,,07/16/2026,,,,,,,,,,
GENIUS SPORTS LTD,GENI,,G3934V109,,,3171938.0,20332122.58,1.1448993460420653,,,,,ARKW,2026-07-16,,,,,,,,,,,,07/16/2026,,,,,,,,,,
SPOTIFY TECHNOLOGY SA,SPOT,,L8681T102,,,38389.0,18633252.82,1.049236196777566,,,,,ARKW,2026-07-16,,,,,,,,,,,,07/16/2026,,,,,,,,,,
DOORDASH INC - A,DASH,,25809K105,,,95472.0,18154955.52,1.0223033340708292,,,,,ARKW,2026-07-16,,,,,,,,,,,,07/16/2026,,,,,,,,,,
NETFLIX INC,NFLX,,64110L106,,,232655.0,17142020.4,0.9652650808383895,,,,,ARKW,2026-07-16,,,,,,,,,,,,07/16/2026,,,,,,,,,,
DRAFTKINGS INC-CL A,DKNG,,26142V105,,,669057.0,16893689.25,0.951281584028443,,,,,ARKW,2026-07-16,,,,,,,,,,,,07/16/2026,,,,,,,,,,
MERCADOLIBRE INC,MELI,,58733R102,,,8832.0,16279054.08,0.9166715524678595,,,,,ARKW,2026-07-16,,,,,,,,,,,,07/16/2026,,,,,,,,,,
AIRBNB INC-CLASS A,ABNB,,009066101,,,64926.0,9633719.88,0.5424735930627291,,,,,ARKW,2026-07-16,,,,,,,,,,,,07/16/2026,,,,,,,,,,
GOLDMAN FS TRSY OBLIG INST 468,OTHER,,X9USDGSFT,,,8975076.0,8975076.41,0.5053854594893245,,,,,ARKW,2026-07-16,,,,,,,,,,,,07/16/2026,,,,,,,,,,
3IQ ETHER STAKING ETF,ETHQ/U,,BQ84B35,,,812175.0,6083190.75,0.3425437302042934,,,,,ARKW,2026-07-16,,,,,,,,,,,,07/16/2026,,,,,,,,,,
ALPHABET INC-CL A,GOOGL,,02079K305,,,12457.0,4620550.44,0.26018263249671886,,,,,ARKW,2026-07-16,,,,,,,,,,,,07/16/2026,,,,,,,,,,
3IQ SOLANA STAKING ETF,SOLQ/U,,BTRDQ40,,,433937.0,2738142.47,0.15418446898193972,,,,,ARKW,2026-07-16,,,,,,,,,,,,07/16/2026,,,,,,,,,,
BRERA HOLDINGS PLC-CL B,OTHER,,G13311132,,,144292.0,816692.72,0.04598786759062101,,,,,ARKW,2026-07-16,,,,,,,,,,,,07/16/2026,,,,,,,,,,
BRERA HOLDINGS PLC WTS,OTHER,,BREADUMMY,,,139569.0,422894.37,0.023813130466473476,,,,,ARKW,2026-07-16,,,,,,,,,,,,07/16/2026,,,,,,,,,,
ROKU INC,ROKU,,77543R102,,,500.0,71660.0,0.004035165871864147,,,,,ARKW,2026-07-16,,,,,,,,,,,,07/16/2026,,,,,,,,,,
10X GENOMICS INC-CLASS A,TXG,,88025U109,,,3071921.0,140540385.75,8.539844793529172,,,,,ARKG,2026-07-16,,,,,,,,,,,,07/16/2026,,,,,,,,,,
TEMPUS AI INC-CL A,TEM,,88023B103,,,2247190.0,128651627.5,7.817432159602062,,,,,ARKG,2026-07-16,,,,,,,,,,,,07/16/2026,,,,,,,,,,
TWIST BIOSCIENCE CORP,TWST,,90184D100,,,1308229.0,121155087.69,7.361909811884922,,,,,ARKG,2026-07-16,,,,,,,,,,,,07/16/2026,,,,,,,,,,
PERSONALIS INC,PSNL,,71535D106,,,6923692.0,109325096.68,6.643068130932403,,,,,ARKG,2026-07-16,,,,,,,,,,,,07/16/2026,,,,,,,,,,
CRISPR THERAPEUTICS AG,CRSP,,H17182108,,,2024378.0,103992297.86,6.319024091954692,,,,,ARKG,2026-07-16,,,,,,,,,,,,07/16/2026,,,,,,,,,,
ABSCI CORP,ABSI,,00091E109,,,9832635.0,95966517.6,5.8313427937882665,,,,,ARKG,2026-07-16,,,,,,,,,,,,07/16/2026,,,,,,,,,,
GUARDANT HEALTH INC,GH,,40131M109,,,452501.0,73739562.96,4.4807364051302425,,,,,ARKG,2026-07-16,,,,,,,,,,,,07/16/2026,,,,,,,,,,
ELI LILLY & CO,LLY,,532457108,,,60358.0,69811873.54,4.242072921570062,,,,,ARKG,2026-07-16,,,,,,,,,,,,07/16/2026,,,,,,,,,,
BEAM THERAPEUTICS INC,BEAM,,07373V105,,,2258733.0,69659325.72,4.232803452872939,,,,,ARKG,2026-07-16,,,,,,,,,,,,07/16/2026,,,,,,,,,,
ILLUMINA INC,ILMN,,452327109,,,357131.0,66837066.65,4.061310722891371,,,,,ARKG,2026-07-16,,,,,,,,,,,,07/16/2026,,,,,,,,,,
NATERA INC,NTRA,,632307104,,,238363.0,66114745.31,4.017419338206923,,,,,ARKG,2026-07-16,,,,,,,,,,,,07/16/2026,,,,,,,,,,
VERACYTE INC,VCYT,,92337F107,,,849760.0,50569217.6,3.072805495229002,,,,,ARKG,2026-07-16,,,,,,,,,,,,07/16/2026,,,,,,,,,,
CAREDX INC,CDNA,,14167L103,,,1662290.0,49453127.5,3.0049870089004598,,,,,ARKG,2026-07-16,,,,,,,,,,,,07/16/2026,,,,,,,,,,
COMPASS PATHWAYS PLC,CMPS,,20451W101,,,3532694.0,47020157.14,2.857149153249371,,,,,ARKG,2026-07-16,,,,,,,,,,,,07/16/2026,,,,,,,,,,
RECURSION PHARMACEUTICALS-A,RXRX,,75629V104,,,13537507.0,44809148.17,2.7227986365623855,,,,,ARKG,2026-07-16,,,,,,,,,,,,07/16/2026,,,,,,,,,,
ADAPTIVE BIOTECHNOLOGIES,ADPT,,00650F109,,,1761562.0,40339769.8,2.451219777576961,,,,,ARKG,2026-07-16,,,,,,,,,,,,07/16/2026,,,,,,,,,,
NURIX THERAPEUTICS INC,NRIX,,67080M103,,,1669550.0,39818767.5,2.4195614129344567,,,,,ARKG,2026-07-16,,,,,,,,,,,,07/16/2026,,,,,,,,,,
INTELLIA THERAPEUTICS INC,NTLA,,45826J105,,,2892757.0,37721551.28,2.2921254384158516,,,,,ARKG,2026-07-16,,,,,,,,,,,,07/16/2026,,,,,,,,,,
BUTTERFLY NETWORK INC,BFLY,,124155102,,,4735343.0,34568003.9,2.1005021905464,,,,,ARKG,2026-07-16,,,,,,,,,,,,07/16/2026,,,,,,,,,,
SCHRODINGER INC,SDGR,,80810D103,,,2027393.0,32985684.11,2.0043535614657397,,,,,ARKG,2026-07-16,,,,,,,,,,,,07/16/2026,,,,,,,,,,
GENEDX HOLDINGS CORP,WGS,,81663L200,,,443647.0,29342812.58,1.7829968510586307,,,,,ARKG,2026-07-16,,,,,,,,,,,,07/16/2026,,,,,,,,,,
IONIS PHARMACEUTICALS INC,IONS,,462222100,,,527685.0,28880200.05,1.7548865026725844,,,,,ARKG,2026-07-16,,,,,,,,,,,,07/16/2026,,,,,,,,,,
ALAMAR BIOSCIENCES INC,ALMR,,010911105,,,912804.0,23851568.52,1.4493249905074086,,,,,ARKG,2026-07-16,,,,,,,,,,,,07/16/2026,,,,,,,,,,
CERUS CORP,CERS,,157085101,,,7169426.0,22798774.68,1.3853526600971544,,,,,ARKG,2026-07-16,,,,,,,,,,,,07/16/2026,,,,,,,,,,
ATAIBECKLEY INC,ATAI,,04650F101,,,4244830.0,22752288.8,1.3825279759455342,,,,,ARKG,2026-07-16,,,,,,,,,,,,07/16/2026,,,,,,,,,,
PRIME MEDICINE INC,PRME,,74168J101,,,6201061.0,21641702.89,1.3150439481291358,,,,,ARKG,2026-07-16,,,,,,,,,,,,07/16/2026,,,,,,,,,,
ARCTURUS THERAPEUTICS HOLDIN,ARCT,,03969T109,,,2720747.0,17385573.33,1.056423013871798,,,,,ARKG,2026-07-16,,,,,,,,,,,,07/16/2026,,,,,,,,,,
GENERATE BIOMEDICINES INC,GENB,,370920100,,,1228693.0,17287710.51,1.0504764435006047,,,,,ARKG,2026-07-16,,,,,,,,,,,,07/16/2026,,,,,,,,,,
PACIFIC BIOSCIENCES OF CALIF,PACB,,69404D108,,,10551231.0,16143383.43,0.9809421555158255,,,,,ARKG,2026-07-16,,,,,,,,,,,,07/16/2026,,,,,,,,,,
908 DEVICES INC,MASS,,65443P102,,,1891166.0,15223886.3,0.9250695126709164,,,,,ARKG,2026-07-16,,,,,,,,,,,,07/16/2026,,,,,,,,,,
QUANTUM-SI INC,QSI,,74765K105,,,6710541.0,5784486.34,0.3514905362630941,,,,,ARKG,2026-07-16,,,,,,,,,,,,07/16/2026,,,,,,,,,,
GOLDMAN FS TRSY OBLIG INST 468,OTHER,,X9USDGSFT,,,1530472.0,1530471.68,0.09299811252362272,,,,,ARKG,2026-07-16,,,,,,,,,,,,07/16/2026,,,,,,,,,,
SHOPIFY INC - CLASS A,SHOP,,82509L107,,,662061.0,106571959.17,9.650069919529974,,,,,ARKF,2026-07-16,,,,,,,,,,,,01/02/2026,,,,,,,,,,
COINBASE GLOBAL INC -CLASS A,COIN,,19260Q107,,,276957.0,62631055.98,5.671229787348535,,,,,ARKF,2026-07-16,,,,,,,,,,,,01/02/2026,,,,,,,,,,
ARK BITCOIN ETF HOLDCO (ARKF),OTHER,,MM005473T,,,2082290.0,60461580.67,5.4747842251833685,,,,,ARKF,2026-07-16,,,,,,,,,,,,01/02/2026,,,,,,,,,,
ROBINHOOD MARKETS INC - A,HOOD,,770700102,,,492638.0,55717357.8,5.045195778410956,,,,,ARKF,2026-07-16,,,,,,,,,,,,01/02/2026,,,,,,,,,,
PALANTIR TECHNOLOGIES INC-A,PLTR,,69608A108,,,281162.0,49976545.5,4.525366354973909,,,,,ARKF,2026-07-16,,,,,,,,,,,,01/02/2026,,,,,,,,,,
TOAST INC-CLASS A,TOST,,888787108,,,1351034.0,47975217.34,4.34414648413418,,,,,ARKF,2026-07-16,,,,,,,,,,,,01/02/2026,,,,,,,,,,
BLOCK INC,XYZ,,852234103,,,652416.0,42465757.44,3.845265974965375,,,,,ARKF,2026-07-16,,,,,,,,,,,,01/02/2026,,,,,,,,,,
SOFI TECHNOLOGIES INC,SOFI,,83406F102,,,1488338.0,38964688.84,3.5282449025726152,,,,,ARKF,2026-07-16,,,,,,,,,,,,01/02/2026,,,,,,,,,,
ROKU INC,ROKU,,77543R102,,,350640.0,38040933.6,3.444599047471909,,,,,ARKF,2026-07-16,,,,,,,,,,,,01/02/2026,,,,,,,,,,
CIRCLE INTERNET GROUP INC,CRCL,,172573107,,,467606.0,37081155.8,3.3576913566558058,,,,,ARKF,2026-07-16,,,,,,,,,,,,01/02/2026,,,,,,,,,,
ROBLOX CORP -CLASS A,RBLX,,771049103,,,389598.0,31569125.94,2.8585781381150097,,,,,ARKF,2026-07-16,,,,,,,,,,,,01/02/2026,,,,,,,,,,
MERCADOLIBRE INC,MELI,,58733R102,,,15628.0,31478855.28,2.8504041476257056,,,,,ARKF,2026-07-16,,,,,,,,,,,,01/02/2026,,,,,,,,,,
ADYEN NV,ADYEN,,BZ1HM42,,,17603.0,28444654.02,2.5756578209468546,,,,,ARKF,2026-07-16,,,,,,,,,,,,01/02/2026,,,,,,,,,,
META PLATFORMS INC-CLASS A,META,,30303M102,,,41109.0,27135639.81,2.45712684196759,,,,,ARKF,2026-07-16,,,,,,,,,,,,01/02/2026,,,,,,,,,,
ADVANCED MICRO DEVICES,AMD,,007903107,,,121685.0,26060059.6,2.3597332657267165,,,,,ARKF,2026-07-16,,,,,,,,,,,,01/02/2026,,,,,,,,,,
DRAFTKINGS INC-CL A,DKNG,,26142V105,,,756511.0,26069369.06,2.3605762354967452,,,,,ARKF,2026-07-16,,,,,,,,,,,,01/02/2026,,,,,,,,,,
AMAZON.COM INC,AMZN,,023135106,,,110561.0,25519690.02,2.3108029066529103,,,,,ARKF,2026-07-16,,,,,,,,,,,,01/02/2026,,,,,,,,,,
BITMINE IMMERSION TECHNOLOGI,BMNR,,09175A206,,,938829.0,25489207.35,2.308042706886247,,,,,ARKF,2026-07-16,,,,,,,,,,,,01/02/2026,,,,,,,,,,
PINTEREST INC- CLASS A,PINS,,72352L106,,,876967.0,22704675.63,2.0559039078961154,,,,,ARKF,2026-07-16,,,,,,,,,,,,01/02/2026,,,,,,,,,,
NU HOLDINGS LTD/CAYMAN ISL-A,NU,,G6683N103,,,1327232.0,22217863.68,2.0118231816736674,,,,,ARKF,2026-07-16,,,,,,,,,,,,01/02/2026,,,,,,,,,,
KLARNA GROUP PLC,KLAR,,G5279N105,,,736657.0,21296753.87,1.9284168697385935,,,,,ARKF,2026-07-16,,,,,,,,,,,,01/02/2026,,,,,,,,,,
BULLISH,BLSH,,G16910120,,,508905.0,19272232.35,1.7450968447174837,,,,,ARKF,2026-07-16,,,,,,,,,,,,01/02/2026,,,,,,,,,,
SEA LTD-ADR,SE,,81141R100,,,148096.0,18892606.72,1.7107218186667579,,,,,ARKF,2026-07-16,,,,,,,,,,,,01/02/2026,,,,,,,,,,
AIRBNB INC-CLASS A,ABNB,,009066101,,,136311.0,18500128.92,1.6751830311530398,,,,,ARKF,2026-07-16,,,,,,,,,,,,01/02/2026,,,,,,,,,,
FUTU HOLDINGS LTD-ADR,FUTU,,36118L106,,,106024.0,17410201.04,1.5764902762186264,,,,,ARKF,2026-07-16,,,,,,,,,,,,01/02/2026,,,,,,,,,,
DOORDASH INC - A,DASH,,25809K105,,,76196.0,17256870.08,1.5626061879804778,,,,,ARKF,2026-07-16,,,,,,,,,,,,01/02/2026,,,,,,,,,,
SPOTIFY TECHNOLOGY SA,SPOT,,L8681T102,,,29020.0,16852204.2,1.5259637722225117,,,,,ARKF,2026-07-16,,,,,,,,,,,,01/02/2026,,,,,,,,,,
ZILLOW GROUP INC - C,Z,,98954M200,,,246266.0,16800266.52,1.521260825524697,,,,,ARKF,2026-07-16,,,,,,,,,,,,01/02/2026,,,,,,,,,,
NVIDIA CORP,NVDA,,67066G104,,,89295.0,16653517.5,1.507972730657608,,,,,ARKF,2026-07-16,,,,,,,,,,,,01/02/2026,,,,,,,,,,
DISCOVERY LTD,DSY,,6177878,,,1125052.0,15461312.45,1.400018798117393,,,,,ARKF,2026-07-16,,,,,,,,,,,,01/02/2026,,,,,,,,,,
GLOBAL-E ONLINE LTD,GLBE,,M5216V106,,,364781.0,14339541.11,1.2984426241497466,,,,,ARKF,2026-07-16,,,,,,,,,,,,01/02/2026,,,,,,,,,,
CROWDSTRIKE HOLDINGS INC - A,CRWD,,22788C105,,,28997.0,13592633.72,1.2308103070463694,,,,,ARKF,2026-07-16,,,,,,,,,,,,01/02/2026,,,,,,,,,,
LY CORP,4689,,6084848,,,5074096.0,13514510.03,1.2237362222989068,,,,,ARKF,2026-07-16,,,,,,,,,,,,01/02/2026,,,,,,,,,,
ALIBABA GROUP HOLDING-SP ADR,BABA,,01609W102,,,85622.0,12550472.76,1.1364428373129656,,,,,ARKF,2026-07-16,,,,,,,,,,,,01/02/2026,,,,,,,,,,
ETORO GROUP LTD-A,ETOR,,G32089107,,,333445.0,11713922.85,1.0606934076736072,,,,,ARKF,2026-07-16,,,,,,,,,,,,01/02/2026,,,,,,,,,,
JSC KASPI.KZ ADR,KSPI,,BJY21K1,,,133688.0,10445043.44,0.9457966269320663,,,,,ARKF,2026-07-16,,,,,,,,,,,,01/02/2026,,,,,,,,,,
INTUIT INC,INTU,,461202103,,,14562.0,9646160.04,0.8734578923569211,,,,,ARKF,2026-07-16,,,,,,,,,,,,01/02/2026,,,,,,,,,,
PAYPAL HOLDINGS INC,PYPL,,70450Y103,,,151471.0,8842876.98,0.8007207694350401,,,,,ARKF,2026-07-16,,,,,,,,,,,,01/02/2026,,,,,,,,,,
INTERCONTINENTAL EXCHANGE IN,ICE,,45866F104,,,53595.0,8680246.2,0.7859945843269643,,,,,ARKF,2026-07-16,,,,,,,,,,,,01/02/2026,,,,,,,,,,
3IQ ETHER STAKING ETF,ETHQ/U,,BQ84B35,,,650997.0,7538545.26,0.6826137890033243,,,,,ARKF,2026-07-16,,,,,,,,,,,,01/02/2026,,,,,,,,,,
3IQ SOLANA STAKING ETF,SOLQ/U,,BTRDQ40,,,452253.0,4499917.35,0.40746663003855177,,,,,ARKF,2026-07-16,,,,,,,,,,,,01/02/2026,,,,,,,,,,
BRERA HOLDINGS PLC-CL B,SLMT,,G13311116,,,1018952.0,1905440.24,0.1725372385634259,,,,,ARKF,2026-07-16,,,,,,,,,,,,01/02/2026,,,,,,,,,,
BRERA HOLDINGS PLC WTS,OTHER,,BREADUMMY,,,788053.0,1134796.32,0.10275558334211406,,,,,ARKF,2026-07-16,,,,,,,,,,,,01/02/2026,,,,,,,,,,
GOLDMAN FS TRSY OBLIG INST 468,OTHER,,X9USDGSFT,,,989040.0,989039.68,0.08955734828863195,,,,,ARKF,2026-07-16,,,,,,,,,,,,01/02/2026,,,,,,,,,,
ROCKET LAB,RKLB,,773121108,,,659546.0,46009928.96,8.903606957804989,,,,,ARKX,2026-07-16,,,,,,,,,,,,01/02/2026,,,,,,,,,,
L3HARRIS TECHNOLOGIES INC,LHX,,502431109,,,146728.0,43074938.96,8.335642651496093,,,,,ARKX,2026-07-16,,,,,,,,,,,,01/02/2026,,,,,,,,,,
KRATOS DEFENSE & SECURITY,KTOS,,50077B207,,,527748.0,40061350.68,7.752468406626152,,,,,ARKX,2026-07-16,,,,,,,,,,,,01/02/2026,,,,,,,,,,
TERADYNE INC,TER,,880770102,,,192651.0,37289527.56,7.216079323337363,,,,,ARKX,2026-07-16,,,,,,,,,,,,01/02/2026,,,,,,,,,,
AEROVIRONMENT INC,AVAV,,008073108,,,140659.0,34024005.51,6.584152139304483,,,,,ARKX,2026-07-16,,,,,,,,,,,,01/02/2026,,,,,,,,,,
DEERE & CO,DE,,244199105,,,58643.0,27302421.51,5.283425460897748,,,,,ARKX,2026-07-16,,,,,,,,,,,,01/02/2026,,,,,,,,,,
ARCHER AVIATION INC-A,ACHR,,03945R102,,,3494036.0,26275150.72,5.08463325321263,,,,,ARKX,2026-07-16,,,,,,,,,,,,01/02/2026,,,,,,,,,,
PALANTIR TECHNOLOGIES INC-A,PLTR,,69608A108,,,126096.0,22413564.0,4.337358672148826,,,,,ARKX,2026-07-16,,,,,,,,,,,,01/02/2026,,,,,,,,,,
ADVANCED MICRO DEVICES,AMD,,007903107,,,100401.0,21501878.16,4.160933874896624,,,,,ARKX,2026-07-16,,,,,,,,,,,,01/02/2026,,,,,,,,,,
TRIMBLE INC,TRMB,,896239100,,,272441.0,21345752.35,4.130721203857347,,,,,ARKX,2026-07-16,,,,,,,,,,,,01/02/2026,,,,,,,,,,
IRIDIUM COMMUNICATIONS INC,IRDM,,46269C102,,,1077332.0,18724030.16,3.6233788875366804,,,,,ARKX,2026-07-16,,,,,,,,,,,,01/02/2026,,,,,,,,,,
AMAZON.COM INC,AMZN,,023135106,,,75711.0,17475613.02,3.381791565295637,,,,,ARKX,2026-07-16,,,,,,,,,,,,01/02/2026,,,,,,,,,,
ALPHABET INC-CL C,GOOG,,02079K107,,,45846.0,14386474.8,2.783997281085264,,,,,ARKX,2026-07-16,,,,,,,,,,,,01/02/2026,,,,,,,,,,
NVIDIA CORP,NVDA,,67066G104,,,70102.0,13074023.0,2.530018297800529,,,,,ARKX,2026-07-16,,,,,,,,,,,,01/02/2026,,,,,,,,,,
JOBY AVIATION INC,JOBY,,G65163100,,,955434.0,12611728.8,2.4405574803484673,,,,,ARKX,2026-07-16,,,,,,,,,,,,01/02/2026,,,,,,,,,,
THALES SA,HO,,4162791,,,40981.0,11067355.1,2.1416981529905526,,,,,ARKX,2026-07-16,,,,,,,,,,,,01/02/2026,,,,,,,,,,
KOMATSU LTD,6301,,6496584,,,327675.0,10459493.11,2.024067798719534,,,,,ARKX,2026-07-16,,,,,,,,,,,,01/02/2026,,,,,,,,,,
STRATA CRITICAL MEDICAL INC,SRTA,,092667104,,,1916557.0,9218639.17,1.7839440683958323,,,,,ARKX,2026-07-16,,,,,,,,,,,,01/02/2026,,,,,,,,,,
INTUITIVE MACHINES INC,LUNR,,46125A100,,,561934.0,9120188.82,1.7648924584265928,,,,,ARKX,2026-07-16,,,,,,,,,,,,01/02/2026,,,,,,,,,,
BWX TECHNOLOGIES INC,BWXT,,05605H100,,,49355.0,8530518.2,1.650782405363707,,,,,ARKX,2026-07-16,,,,,,,,,,,,01/02/2026,,,,,,,,,,
GARMIN LTD,GRMN,,B3Z5T14,,,37855.0,7678886.75,1.4859790275906686,,,,,ARKX,2026-07-16,,,,,,,,,,,,01/02/2026,,,,,,,,,,
ELBIT SYSTEMS LTD,ESLT,,M3760D101,,,13283.0,7673721.93,1.4849795579473273,,,,,ARKX,2026-07-16,,,,,,,,,,,,01/02/2026,,,,,,,,,,
TELEDYNE TECHNOLOGIES INC,TDY,,879360105,,,12009.0,6133356.57,1.1868959041172784,,,,,ARKX,2026-07-16,,,,,,,,,,,,01/02/2026,,,,,,,,,,
SYNOPSYS INC,SNPS,,871607107,,,12975.0,6094617.0,1.1793992199712489,,,,,ARKX,2026-07-16,,,,,,,,,,,,01/02/2026,,,,,,,,,,
HEICO CORP,HEI,,422806109,,,18577.0,6011331.43,1.1632822209386826,,,,,ARKX,2026-07-16,,,,,,,,,,,,01/02/2026,,,,,,,,,,
DOORDASH INC - A,DASH,,25809K105,,,26120.0,5915657.6,1.1447679089690115,,,,,ARKX,2026-07-16,,,,,,,,,,,,01/02/2026,,,,,,,,,,
TAIWAN SEMICONDUCTOR-SP ADR,TSM,,874039100,,,17725.0,5386450.25,1.0423583997589903,,,,,ARKX,2026-07-16,,,,,,,,,,,,01/02/2026,,,,,,,,,,
HONEYWELL INTERNATIONAL INC,HON,,438516106,,,27407.0,5346831.63,1.0346916063371334,,,,,ARKX,2026-07-16,,,,,,,,,,,,01/02/2026,,,,,,,,,,
AIRBUS SE,AIR,,4012250,,,22634.0,5277329.95,1.0212419954462946,,,,,ARKX,2026-07-16,,,,,,,,,,,,01/02/2026,,,,,,,,,,
DASSAULT SYSTEMES SE,DSY,,BM8H5Y5,,,188577.0,5283311.8,1.022399572571155,,,,,ARKX,2026-07-16,,,,,,,,,,,,01/02/2026,,,,,,,,,,
JD LOGISTICS INC,2618,,BNMBPD9,,,3251025.0,4770414.57,0.9231463146572592,,,,,ARKX,2026-07-16,,,,,,,,,,,,01/02/2026,,,,,,,,,,
THE 3D PRINTING ETF,PRNT,,00214Q500,,,135556.0,3028321.04,0.5860252534980493,,,,,ARKX,2026-07-16,,,,,,,,,,,,01/02/2026,,,,,,,,,,
LOCKHEED MARTIN CORP,LMT,,539830109,,,6123.0,2961511.41,0.5730965944028893,,,,,ARKX,2026-07-16,,,,,,,,,,,,01/02/2026,,,,,,,,,,
GOLDMAN FS TRSY OBLIG INST 468,OTHER,,X9USDGSFT,,,1227741.0,1227740.5,0.2375860842489546,,,,,ARKX,2026-07-16,,,,,,,,,,,,01/02/2026,,,,,,,,,,
Applied Optoelectronics Inc,AAOI,,03823U102,,,60880.0,6641399.2,1.3513918587733744,,,,,EUV,2026-07-16,,,,,,,,,,,,,93012.0,2026-07-16T00:00:00.000Z,109.0900,491451897.50,19025000.00,3805.0,,Corgi_Adv.40C8.C8_ETF_Holdings.csv,2026-07-15T23:38:01.900Z,
Photronics Inc,PLAB,,719405102,,,140785.0,4191169.45,0.8528191278533117,,,,,EUV,2026-07-16,,,,,,,,,,,,,93044.0,2026-07-16T00:00:00.000Z,29.7700,491451897.50,19025000.00,3805.0,,Corgi_Adv.40C8.C8_ETF_Holdings.csv,2026-07-15T23:38:01.900Z,
Lightwave Logic Inc,LWLG,,532275104,,,76100.0,513675.0,0.10452258509854567,,,,,EUV,2026-07-16,,,,,,,,,,,,,93035.0,2026-07-16T00:00:00.000Z,6.7500,491451897.50,19025000.00,3805.0,,Corgi_Adv.40C8.C8_ETF_Holdings.csv,2026-07-15T23:38:01.900Z,
MARVELL TECHNOLOGY INC,MRVL,,573874104,,,68490.0,14126747.4,2.874510453656804,,,,,EUV,2026-07-16,,,,,,,,,,,,,93036.0,2026-07-16T00:00:00.000Z,206.2600,491451897.50,19025000.00,3805.0,,Corgi_Adv.40C8.C8_ETF_Holdings.csv,2026-07-15T23:38:01.900Z,
Materion Corp,MTRN,,576690101,,,3805.0,955055.0,0.19433458414618493,,,,,EUV,2026-07-16,,,,,,,,,,,,,93037.0,2026-07-16T00:00:00.000Z,251.0000,491451897.50,19025000.00,3805.0,,Corgi_Adv.40C8.C8_ETF_Holdings.csv,2026-07-15T23:38:01.900Z,
MACOM Technology Solutions Holdings Inc,MTSI,,55405Y100,,,45660.0,13379293.2,2.722418478717853,,,,,EUV,2026-07-16,,,,,,,,,,,,,93038.0,2026-07-16T00:00:00.000Z,293.0200,491451897.50,19025000.00,3805.0,,Corgi_Adv.40C8.C8_ETF_Holdings.csv,2026-07-15T23:38:01.900Z,
Novanta Inc,NOVT,,67000B104,,,64685.0,9498345.4,1.9327232498503526,,,,,EUV,2026-07-16,,,,,,,,,,,,,93039.0,2026-07-16T00:00:00.000Z,146.8400,491451897.50,19025000.00,3805.0,,Corgi_Adv.40C8.C8_ETF_Holdings.csv,2026-07-15T23:38:01.900Z,
Nova Ltd,NVMI,,M7516K103,,,22830.0,10786718.4,2.194881378104927,,,,,EUV,2026-07-16,,,,,,,,,,,,,93040.0,2026-07-16T00:00:00.000Z,472.4800,491451897.50,19025000.00,3805.0,,Corgi_Adv.40C8.C8_ETF_Holdings.csv,2026-07-15T23:38:01.900Z,
Onto Innovation Inc,ONTO,,683344105,,,38050.0,11594976.5,2.359345730154061,,,,,EUV,2026-07-16,,,,,,,,,,,,,93041.0,2026-07-16T00:00:00.000Z,304.7300,491451897.50,19025000.00,3805.0,,Corgi_Adv.40C8.C8_ETF_Holdings.csv,2026-07-15T23:38:01.900Z,
PDF Solutions Inc,PDFS,,693282105,,,133175.0,7115540.25,1.4478700760261876,,,,,EUV,2026-07-16,,,,,,,,,,,,,93043.0,2026-07-16T00:00:00.000Z,53.4300,491451897.50,19025000.00,3805.0,,Corgi_Adv.40C8.C8_ETF_Holdings.csv,2026-07-15T23:38:01.900Z,
POET Technologies Inc,POET,,73044W302,,,391915.0,3241137.05,0.6595065423169791,,,,,EUV,2026-07-16,,,,,,,,,,,,,93045.0,2026-07-16T00:00:00.000Z,8.2700,491451897.50,19025000.00,3805.0,,Corgi_Adv.40C8.C8_ETF_Holdings.csv,2026-07-15T23:38:01.900Z,
Lumentum Holdings Inc,LITE,,55024U109,,,22830.0,17168160.0,3.4933770664047263,,,,,EUV,2026-07-16,,,,,,,,,,,,,93033.0,2026-07-16T00:00:00.000Z,752.0000,491451897.50,19025000.00,3805.0,,Corgi_Adv.40C8.C8_ETF_Holdings.csv,2026-07-15T23:38:01.900Z,
Teledyne Technologies Inc,TDY,,879360105,,,7610.0,4749781.5,0.9664855035445523,,,,,EUV,2026-07-16,,,,,,,,,,,,,93046.0,2026-07-16T00:00:00.000Z,624.1500,491451897.50,19025000.00,3805.0,,Corgi_Adv.40C8.C8_ETF_Holdings.csv,2026-07-15T23:38:01.900Z,
Tower Semiconductor Ltd,TSEM,,M87915274,,,15220.0,3820220.0,0.7773383365847397,,,,,EUV,2026-07-16,,,,,,,,,,,,,93047.0,2026-07-16T00:00:00.000Z,251.0000,491451897.50,19025000.00,3805.0,,Corgi_Adv.40C8.C8_ETF_Holdings.csv,2026-07-15T23:38:01.900Z,
Taiwan Semiconductor Manufacturing Co Ltd,TSM,,874039100,,,121760.0,51075884.8,10.392920651173437,,,,,EUV,2026-07-16,,,,,,,,,,,,,93048.0,2026-07-16T00:00:00.000Z,419.4800,491451897.50,19025000.00,3805.0,,Corgi_Adv.40C8.C8_ETF_Holdings.csv,2026-07-15T23:38:01.900Z,
Ultra Clean Holdings Inc,UCTT,,90385V107,,,91320.0,9324685.2,1.8973868736733328,,,,,EUV,2026-07-16,,,,,,,,,,,,,93049.0,2026-07-16T00:00:00.000Z,102.1100,491451897.50,19025000.00,3805.0,,Corgi_Adv.40C8.C8_ETF_Holdings.csv,2026-07-15T23:38:01.900Z,
Veeco Instruments Inc,VECO,,922417100,,,136980.0,7802380.8,1.5876283859235099,,,,,EUV,2026-07-16,,,,,,,,,,,,,93050.0,2026-07-16T00:00:00.000Z,56.9600,491451897.50,19025000.00,3805.0,,Corgi_Adv.40C8.C8_ETF_Holdings.csv,2026-07-15T23:38:01.900Z,
Viavi Solutions Inc,VIAV,,925550105,,,213080.0,8548769.6,1.739503573278552,,,,,EUV,2026-07-16,,,,,,,,,,,,,93051.0,2026-07-16T00:00:00.000Z,40.1200,491451897.50,19025000.00,3805.0,,Corgi_Adv.40C8.C8_ETF_Holdings.csv,2026-07-15T23:38:01.900Z,
Cash & Other,Cash&Other,,Cash&Other,,,-43327.1,-43327.1,-0.008816197978922856,,,,,EUV,2026-07-16,,,,,,,,,,,,,93052.0,2026-07-16T00:00:00.000Z,1.0000,491451897.50,19025000.00,3805.0,Y,Corgi_Adv.40C8.C8_ETF_Holdings.csv,2026-07-15T23:38:01.900Z,
ADTRAN Holdings Inc,ADTN,,00486H105,,,357670.0,4249119.6,0.8646108239351697,,,,,EUV,2026-07-16,,,,,,,,,,,,,93013.0,2026-07-16T00:00:00.000Z,11.8800,491451897.50,19025000.00,3805.0,,Corgi_Adv.40C8.C8_ETF_Holdings.csv,2026-07-15T23:38:01.900Z,
Lam Research Corp,LRCX,,512807306,,,87515.0,29355156.45,5.973187011488289,,,,,EUV,2026-07-16,,,,,,,,,,,,,93034.0,2026-07-16T00:00:00.000Z,335.4300,491451897.50,19025000.00,3805.0,,Corgi_Adv.40C8.C8_ETF_Holdings.csv,2026-07-15T23:38:01.900Z,
Ouster Inc,OUST,,68989M202,,,220690.0,8375185.5,1.7041826819289545,,,,,EUV,2026-07-16,,,,,,,,,,,,,93042.0,2026-07-16T00:00:00.000Z,37.9500,491451897.50,19025000.00,3805.0,,Corgi_Adv.40C8.C8_ETF_Holdings.csv,2026-07-15T23:38:01.900Z,
nLight Inc,LASR,,65487K100,,,106540.0,7225542.8,1.4702533940646985,,,,,EUV,2026-07-16,,,,,,,,,,,,,93032.0,2026-07-16T00:00:00.000Z,67.8200,491451897.50,19025000.00,3805.0,,Corgi_Adv.40C8.C8_ETF_Holdings.csv,2026-07-15T23:38:01.900Z,
Credo Technology Group Holding Ltd,CRDO,,G25457105,,,64685.0,14666676.9,2.984375304215942,,,,,EUV,2026-07-16,,,,,,,,,,,,,93022.0,2026-07-16T00:00:00.000Z,226.7400,491451897.50,19025000.00,3805.0,,Corgi_Adv.40C8.C8_ETF_Holdings.csv,2026-07-15T23:38:01.900Z,
KLA CORP,KLAC,,482480100,,,114150.0,25626675.0,5.214515634360779,,,,,EUV,2026-07-16,,,,,,,,,,,,,93031.0,2026-07-16T00:00:00.000Z,224.5000,491451897.50,19025000.00,3805.0,,Corgi_Adv.40C8.C8_ETF_Holdings.csv,2026-07-15T23:38:01.900Z,
Aeva Technologies Inc,AEVA,,00835Q202,,,281744.0,5261569.2,1.0706240608534323,,,,,EUV,2026-07-16,,,,,,,,,,,,,93015.0,2026-07-16T00:00:00.000Z,18.6750,491451897.50,19025000.00,3805.0,,Corgi_Adv.40C8.C8_ETF_Holdings.csv,2026-07-15T23:38:01.900Z,
Applied Materials Inc,AMAT,,38222105,,,57075.0,33070967.25,6.729280164850035,,,,,EUV,2026-07-16,,,,,,,,,,,,,93016.0,2026-07-16T00:00:00.000Z,579.4300,491451897.50,19025000.00,3805.0,,Corgi_Adv.40C8.C8_ETF_Holdings.csv,2026-07-15T23:38:01.900Z,
ASML Holding NV,ASML,,N07059210,,,26635.0,48349716.45,9.838199936021178,,,,,EUV,2026-07-16,,,,,,,,,,,,,93017.0,2026-07-16T00:00:00.000Z,1815.2700,491451897.50,19025000.00,3805.0,,Corgi_Adv.40C8.C8_ETF_Holdings.csv,2026-07-15T23:38:01.900Z,
AXT Inc,AXTI,,00246W103,,,106540.0,5691366.8,1.1580792732370422,,,,,EUV,2026-07-16,,,,,,,,,,,,,93018.0,2026-07-16T00:00:00.000Z,53.4200,491451897.50,19025000.00,3805.0,,Corgi_Adv.40C8.C8_ETF_Holdings.csv,2026-07-15T23:38:01.900Z,
Camtek Ltd/Israel,CAMT,,M20791105,,,41855.0,6165660.05,1.254588460144699,,,,,EUV,2026-07-16,,,,,,,,,,,,,93019.0,2026-07-16T00:00:00.000Z,147.3100,491451897.50,19025000.00,3805.0,,Corgi_Adv.40C8.C8_ETF_Holdings.csv,2026-07-15T23:38:01.900Z,
Ciena Corp,CIEN,,171779309,,,38050.0,15922403.0,3.2398904415064758,,,,,EUV,2026-07-16,,,,,,,,,,,,,93020.0,2026-07-16T00:00:00.000Z,418.4600,491451897.50,19025000.00,3805.0,,Corgi_Adv.40C8.C8_ETF_Holdings.csv,2026-07-15T23:38:01.900Z,
Coherent Corp,COHR,,19247G107,,,53270.0,15947972.6,3.2450933435202702,,,,,EUV,2026-07-16,,,,,,,,,,,,,93021.0,2026-07-16T00:00:00.000Z,299.3800,491451897.50,19025000.00,3805.0,,Corgi_Adv.40C8.C8_ETF_Holdings.csv,2026-07-15T23:38:01.900Z,
Aehr Test Systems,AEHR,,00760J108,,,64685.0,5678696.15,1.155501049471278,,,,,EUV,2026-07-16,,,,,,,,,,,,,93014.0,2026-07-16T00:00:00.000Z,87.7900,491451897.50,19025000.00,3805.0,,Corgi_Adv.40C8.C8_ETF_Holdings.csv,2026-07-15T23:38:01.900Z,
Entegris Inc,ENTG,,29362U104,,,83710.0,11609739.9,2.36234978667393,,,,,EUV,2026-07-16,,,,,,,,,,,,,93023.0,2026-07-16T00:00:00.000Z,138.6900,491451897.50,19025000.00,3805.0,,Corgi_Adv.40C8.C8_ETF_Holdings.csv,2026-07-15T23:38:01.900Z,
GLOBALFOUNDRIES Inc,GFS,,G39387108,,,15220.0,934660.2,0.1901846503970871,,,,,EUV,2026-07-16,,,,,,,,,,,,,93027.0,2026-07-16T00:00:00.000Z,61.4100,491451897.50,19025000.00,3805.0,,Corgi_Adv.40C8.C8_ETF_Holdings.csv,2026-07-15T23:38:01.900Z,
First American Government Obligations Fund 12/01/2031,FGXXX,,31846V336,,,16611721.73,16611721.73,3.380153011451376,,,,,EUV,2026-07-16,,,,,,,,,,,,,93024.0,2026-07-16T00:00:00.000Z,100.0000,491451897.50,19025000.00,3805.0,Y,Corgi_Adv.40C8.C8_ETF_Holdings.csv,2026-07-15T23:38:01.900Z,
Hesai Group,HSAI,,428050108,,,357670.0,5669069.5,1.153542218802394,,,,,EUV,2026-07-16,,,,,,,,,,,,,93029.0,2026-07-16T00:00:00.000Z,15.8500,491451897.50,19025000.00,3805.0,,Corgi_Adv.40C8.C8_ETF_Holdings.csv,2026-07-15T23:38:01.900Z,
Corning Inc,GLW,,219350105,,,133175.0,23227051.75,4.7262403136763504,,,,,EUV,2026-07-16,,,,,,,,,,,,,93028.0,2026-07-16T00:00:00.000Z,174.4100,491451897.50,19025000.00,3805.0,,Corgi_Adv.40C8.C8_ETF_Holdings.csv,2026-07-15T23:38:01.900Z,
IPG Photonics Corp,IPGP,,44980X109,,,60880.0,6569560.8,1.336774181687,,,,,EUV,2026-07-16,,,,,,,,,,,,,93030.0,2026-07-16T00:00:00.000Z,107.9100,491451897.50,19025000.00,3805.0,,Corgi_Adv.40C8.C8_ETF_Holdings.csv,2026-07-15T23:38:01.900Z,
FormFactor Inc,FORM,,346375108,,,64685.0,7491169.85,1.524303184181213,,,,,EUV,2026-07-16,,,,,,,,,,,,,93026.0,2026-07-16T00:00:00.000Z,115.8100,491451897.50,19025000.00,3805.0,,Corgi_Adv.40C8.C8_ETF_Holdings.csv,2026-07-15T23:38:01.900Z,
Fabrinet,FN,,G3323L100,,,19025.0,9258516.25,1.8839228162298982,,,,,EUV,2026-07-16,,,,,,,,,,,,,93025.0,2026-07-16T00:00:00.000Z,486.6500,491451897.50,19025000.00,3805.0,,Corgi_Adv.40C8.C8_ETF_Holdings.csv,2026-07-15T23:38:01.900Z,
ALPHABET INC.-SWAP-CANT-L,02079K305-TRS-05/31/27-L-CANT,,02079K305-TRS-05/31/27-L-CANT,,,2225.0,825297.0,9.045329107029238,,,,,CMAG,2026-07-16,,,,,,,,,,,,,92729.0,2026-07-16T00:00:00.000Z,370.9200,8686784.50,335000.00,67.0,,Corgi_Adv.40C8.C8_ETF_Holdings.csv,2026-07-15T23:38:01.900Z,
"TESLA, INC.-SWAP-CANT-L",88160R101-TRS-05/31/27-L-CANT,,88160R101-TRS-05/31/27-L-CANT,,,634.0,250087.64,2.740982954500319,,,,,CMAG,2026-07-16,,,,,,,,,,,,,92735.0,2026-07-16T00:00:00.000Z,394.4600,8686784.50,335000.00,67.0,,Corgi_Adv.40C8.C8_ETF_Holdings.csv,2026-07-15T23:38:01.900Z,
Tesla Inc,TSLA,,88160R101,,,670.0,264288.2,2.896622365165952,,,,,CMAG,2026-07-16,,,,,,,,,,,,,92743.0,2026-07-16T00:00:00.000Z,394.4600,8686784.50,335000.00,67.0,,Corgi_Adv.40C8.C8_ETF_Holdings.csv,2026-07-15T23:38:01.900Z,
"AMAZON.COM, INC.-SWAP-CANT-L",023135106-TRS-05/31/27-L-CANT,,023135106-TRS-05/31/27-L-CANT,,,1866.0,475755.36,5.214321396579866,,,,,CMAG,2026-07-16,,,,,,,,,,,,,92730.0,2026-07-16T00:00:00.000Z,254.9600,8686784.50,335000.00,67.0,,Corgi_Adv.40C8.C8_ETF_Holdings.csv,2026-07-15T23:38:01.900Z,
APPLE INC.-SWAP-CANT-L,037833100-TRS-05/31/27-L-CANT,,037833100-TRS-05/31/27-L-CANT,,,2739.0,897022.5,9.831447017146717,,,,,CMAG,2026-07-16,,,,,,,,,,,,,92731.0,2026-07-16T00:00:00.000Z,327.5000,8686784.50,335000.00,67.0,,Corgi_Adv.40C8.C8_ETF_Holdings.csv,2026-07-15T23:38:01.900Z,
"META PLATFORMS, INC.-SWAP-CANT-L",30303M102-TRS-05/31/27-L-CANT,,30303M102-TRS-05/31/27-L-CANT,,,451.0,307270.81,3.367715624112835,,,,,CMAG,2026-07-16,,,,,,,,,,,,,92732.0,2026-07-16T00:00:00.000Z,681.3100,8686784.50,335000.00,67.0,,Corgi_Adv.40C8.C8_ETF_Holdings.csv,2026-07-15T23:38:01.900Z,
MICROSOFT CORPORATION-SWAP-CANT-L,594918104-TRS-05/31/27-L-CANT,,594918104-TRS-05/31/27-L-CANT,,,1409.0,557442.67,6.109621637363391,,,,,CMAG,2026-07-16,,,,,,,,,,,,,92733.0,2026-07-16T00:00:00.000Z,395.6300,8686784.50,335000.00,67.0,,Corgi_Adv.40C8.C8_ETF_Holdings.csv,2026-07-15T23:38:01.900Z,
NVIDIA CORPORATION-SWAP-CANT-L,67066G104-TRS-05/31/27-L-CANT,,67066G104-TRS-05/31/27-L-CANT,,,4398.0,934575.0,10.243025783689811,,,,,CMAG,2026-07-16,,,,,,,,,,,,,92734.0,2026-07-16T00:00:00.000Z,212.5000,8686784.50,335000.00,67.0,,Corgi_Adv.40C8.C8_ETF_Holdings.csv,2026-07-15T23:38:01.900Z,
NVIDIA Corp,NVDA,,67066G104,,,4366.0,927775.0,10.168497174076787,,,,,CMAG,2026-07-16,,,,,,,,,,,,,92742.0,2026-07-16T00:00:00.000Z,212.5000,8686784.50,335000.00,67.0,,Corgi_Adv.40C8.C8_ETF_Holdings.csv,2026-07-15T23:38:01.900Z,
Apple Inc,AAPL,,37833100,,,2747.0,899642.5,9.860162452027028,,,,,CMAG,2026-07-16,,,,,,,,,,,,,92736.0,2026-07-16T00:00:00.000Z,327.5000,8686784.50,335000.00,67.0,,Corgi_Adv.40C8.C8_ETF_Holdings.csv,2026-07-15T23:38:01.900Z,
Amazon.com Inc,AMZN,,23135106,,,1876.0,478304.96,5.24226524114889,,,,,CMAG,2026-07-16,,,,,,,,,,,,,92737.0,2026-07-16T00:00:00.000Z,254.9600,8686784.50,335000.00,67.0,,Corgi_Adv.40C8.C8_ETF_Holdings.csv,2026-07-15T23:38:01.900Z,
First American Government Obligations Fund 12/01/2031,FGXXX,,31846V336,,,3245986.89,3245986.89,35.57630731379408,,,,,CMAG,2026-07-16,,,,,,,,,,,,,92738.0,2026-07-16T00:00:00.000Z,100.0000,8686784.50,335000.00,67.0,Y,Corgi_Adv.40C8.C8_ETF_Holdings.csv,2026-07-15T23:38:01.900Z,
Alphabet Inc,GOOGL,,02079K305,,,2222.0,824184.24,9.033133157671445,,,,,CMAG,2026-07-16,,,,,,,,,,,,,92739.0,2026-07-16T00:00:00.000Z,370.9200,8686784.50,335000.00,67.0,,Corgi_Adv.40C8.C8_ETF_Holdings.csv,2026-07-15T23:38:01.900Z,
Meta Platforms Inc,META,,30303M102,,,469.0,319534.39,3.5021255603301995,,,,,CMAG,2026-07-16,,,,,,,,,,,,,92740.0,2026-07-16T00:00:00.000Z,681.3100,8686784.50,335000.00,67.0,,Corgi_Adv.40C8.C8_ETF_Holdings.csv,2026-07-15T23:38:01.900Z,
Microsoft Corp,MSFT,,594918104,,,1407.0,556651.41,6.100949356827743,,,,,CMAG,2026-07-16,,,,,,,,,,,,,92741.0,2026-07-16T00:00:00.000Z,395.6300,8686784.50,335000.00,67.0,,Corgi_Adv.40C8.C8_ETF_Holdings.csv,2026-07-15T23:38:01.900Z,
Cash & Other,Cash&Other,,Cash&Other,,,-3077283.57,-3077283.57,-33.72730380251454,,,,,CMAG,2026-07-16,,,,,,,,,,,,,92744.0,2026-07-16T00:00:00.000Z,1.0000,8686784.50,335000.00,67.0,Y,Corgi_Adv.40C8.C8_ETF_Holdings.csv,2026-07-15T23:38:01.900Z,
30303M102 SWP,30303M102 SWP,,30303M102 SWP,,,50.0,29269.5,0.32079634398064244,,,,,CMAG,2026-07-16,,,,,,,,,,,,,35124.0,2026-06-09T00:00:00.000Z,585.3900,4525002.00,180000.00,36.0,,Corgi_Adv.40C8.C8_ETF_Holdings.csv,2026-06-08T23:38:00.437Z,
67066G104 SWP,67066G104 SWP,,67066G104 SWP,,,464.0,96808.96,1.0610348804239313,,,,,CMAG,2026-07-16,,,,,,,,,,,,,35128.0,2026-06-09T00:00:00.000Z,208.6400,4525002.00,180000.00,36.0,,Corgi_Adv.40C8.C8_ETF_Holdings.csv,2026-06-08T23:38:00.437Z,
594918104 SWP,594918104 SWP,,594918104 SWP,,,150.0,61761.0,0.6769060968102789,,,,,CMAG,2026-07-16,,,,,,,,,,,,,35126.0,2026-06-09T00:00:00.000Z,411.7400,4525002.00,180000.00,36.0,,Corgi_Adv.40C8.C8_ETF_Holdings.csv,2026-06-08T23:38:00.437Z,
023135106 SWP,023135106 SWP,,023135106 SWP,,,197.0,48308.34,0.5294637371931132,,,,,CMAG,2026-07-16,,,,,,,,,,,,,35120.0,2026-06-09T00:00:00.000Z,245.2200,4525002.00,180000.00,36.0,,Corgi_Adv.40C8.C8_ETF_Holdings.csv,2026-06-08T23:38:00.437Z,
037833100 SWP,037833100 SWP,,037833100 SWP,,,289.0,87145.06,0.9551176700652121,,,,,CMAG,2026-07-16,,,,,,,,,,,,,35122.0,2026-06-09T00:00:00.000Z,301.5400,4525002.00,180000.00,36.0,,Corgi_Adv.40C8.C8_ETF_Holdings.csv,2026-06-08T23:38:00.437Z,
88160R101 SWP,88160R101 SWP,,88160R101 SWP,,,66.0,26990.7,0.29582049168856067,,,,,CMAG,2026-07-16,,,,,,,,,,,,,35130.0,2026-06-09T00:00:00.000Z,408.9500,4525002.00,180000.00,36.0,,Corgi_Adv.40C8.C8_ETF_Holdings.csv,2026-06-08T23:38:00.437Z,
02079K305 SWP,02079K305 SWP,,02079K305 SWP,,,240.0,87194.4,0.9556584408884924,,,,,CMAG,2026-07-16,,,,,,,,,,,,,35118.0,2026-06-09T00:00:00.000Z,363.3100,4525002.00,180000.00,36.0,,Corgi_Adv.40C8.C8_ETF_Holdings.csv,2026-06-08T23:38:00.437Z,
Arqit Quantum Inc,ARQQ,,G0567U127,,,28885.0,527151.25,3.7840691195600873,,,,,CQTM,2026-07-16,,,,,,,,,,,,,92758.0,2026-07-16T00:00:00.000Z,18.2500,13930866.00,565000.00,113.0,,Corgi_Adv.40C8.C8_ETF_Holdings.csv,2026-07-15T23:38:01.900Z,
Quantum Emotion Corp,QNC,,74767K103,,,258544.0,625676.48,4.491316385578246,,,,,CQTM,2026-07-16,,,,,,,,,,,,,92772.0,2026-07-16T00:00:00.000Z,2.4200,13930866.00,565000.00,113.0,,Corgi_Adv.40C8.C8_ETF_Holdings.csv,2026-07-15T23:38:01.900Z,
IQM Quantum Computers Oyj,IQMX,,462921107,,,45488.0,554498.72,3.980378464790883,,,,,CQTM,2026-07-16,,,,,,,,,,,,,92769.0,2026-07-16T00:00:00.000Z,12.1900,13930866.00,565000.00,113.0,,Corgi_Adv.40C8.C8_ETF_Holdings.csv,2026-07-15T23:38:01.900Z,
BTQ Technologies Corp,BTQ,,55869101,,,162183.0,562775.01,4.039788460334902,,,,,CQTM,2026-07-16,,,,,,,,,,,,,92759.0,2026-07-16T00:00:00.000Z,3.4700,13930866.00,565000.00,113.0,,Corgi_Adv.40C8.C8_ETF_Holdings.csv,2026-07-15T23:38:01.900Z,
First American Government Obligations Fund 12/01/2031,FGXXX,,31846V336,,,726381.33,726381.33,5.214209697649365,,,,,CQTM,2026-07-16,,,,,,,,,,,,,92760.0,2026-07-16T00:00:00.000Z,100.0000,13930866.00,565000.00,113.0,Y,Corgi_Adv.40C8.C8_ETF_Holdings.csv,2026-07-15T23:38:01.900Z,
SEALSQ Corp,LAES,,G79483106,,,53724.0,142368.6,1.0219697342176506,,,,,CQTM,2026-07-16,,,,,,,,,,,,,92770.0,2026-07-16T00:00:00.000Z,2.6500,13930866.00,565000.00,113.0,,Corgi_Adv.40C8.C8_ETF_Holdings.csv,2026-07-15T23:38:01.900Z,
Cash & Other,Cash&Other,,Cash&Other,,,-1377.14,-1377.14,-0.009885574486091002,,,,,CQTM,2026-07-16,,,,,,,,,,,,,92778.0,2026-07-16T00:00:00.000Z,1.0000,13930866.00,565000.00,113.0,Y,Corgi_Adv.40C8.C8_ETF_Holdings.csv,2026-07-15T23:38:01.900Z,
Xanadu Quantum Technologies Ltd,XNDU,,98390R102,,,56327.0,611711.22,4.391069048381137,,,,,CQTM,2026-07-16,,,,,,,,,,,,,92777.0,2026-07-16T00:00:00.000Z,10.8600,13930866.00,565000.00,113.0,,Corgi_Adv.40C8.C8_ETF_Holdings.csv,2026-07-15T23:38:01.900Z,
Rigetti Computing Inc,RGTI,,76655K103,,,37035.0,564783.75,4.054207872227078,,,,,CQTM,2026-07-16,,,,,,,,,,,,,92775.0,2026-07-16T00:00:00.000Z,15.2500,13930866.00,565000.00,113.0,,Corgi_Adv.40C8.C8_ETF_Holdings.csv,2026-07-15T23:38:01.900Z,
Quantum Computing Inc,QUBT,,74766W108,,,77744.0,625061.76,4.486903718494224,,,,,CQTM,2026-07-16,,,,,,,,,,,,,92774.0,2026-07-16T00:00:00.000Z,8.0400,13930866.00,565000.00,113.0,,Corgi_Adv.40C8.C8_ETF_Holdings.csv,2026-07-15T23:38:01.900Z,
Quantinuum Inc,QNT,,74768A104,,,20404.0,1234646.04,8.862704875595284,,,,,CQTM,2026-07-16,,,,,,,,,,,,,92773.0,2026-07-16T00:00:00.000Z,60.5100,13930866.00,565000.00,113.0,,Corgi_Adv.40C8.C8_ETF_Holdings.csv,2026-07-15T23:38:01.900Z,
SkyWater Technology Inc,SKYT,,83089J108,,,7346.0,233970.1,1.6795161356638832,,,,,CQTM,2026-07-16,,,,,,,,,,,,,92776.0,2026-07-16T00:00:00.000Z,31.8500,13930866.00,565000.00,113.0,,Corgi_Adv.40C8.C8_ETF_Holdings.csv,2026-07-15T23:38:01.900Z,
FormFactor Inc,FORM,,346375108,,,2938.0,340249.78,2.442427454046848,,,,,CQTM,2026-07-16,,,,,,,,,,,,,92761.0,2026-07-16T00:00:00.000Z,115.8100,13930866.00,565000.00,113.0,,Corgi_Adv.40C8.C8_ETF_Holdings.csv,2026-07-15T23:38:01.900Z,
D-Wave Quantum Inc,QBTS,,26740W109,,,110673.0,2021995.71,14.514565840627283,,,,,CQTM,2026-07-16,,,,,,,,,,,,,92771.0,2026-07-16T00:00:00.000Z,18.2700,13930866.00,565000.00,113.0,,Corgi_Adv.40C8.C8_ETF_Holdings.csv,2026-07-15T23:38:01.900Z,
Alphabet Inc,GOOGL,,02079K305,,,1604.0,594955.68,4.270792142093703,,,,,CQTM,2026-07-16,,,,,,,,,,,,,92762.0,2026-07-16T00:00:00.000Z,370.9200,13930866.00,565000.00,113.0,,Corgi_Adv.40C8.C8_ETF_Holdings.csv,2026-07-15T23:38:01.900Z,
Infleqtion Inc,INFQ,,45676K103,,,52432.0,517503.84,3.7148167631164006,,,,,CQTM,2026-07-16,,,,,,,,,,,,,92767.0,2026-07-16T00:00:00.000Z,9.8700,13930866.00,565000.00,113.0,,Corgi_Adv.40C8.C8_ETF_Holdings.csv,2026-07-15T23:38:01.900Z,
International Business Machines Corp,IBM,,459200101,,,2325.0,491040.0,3.524850411468787,,,,,CQTM,2026-07-16,,,,,,,,,,,,,92766.0,2026-07-16T00:00:00.000Z,211.2000,13930866.00,565000.00,113.0,,Corgi_Adv.40C8.C8_ETF_Holdings.csv,2026-07-15T23:38:01.900Z,
IonQ Inc,IONQ,,46222L108,,,60630.0,2274231.3,16.325197811950538,,,,,CQTM,2026-07-16,,,,,,,,,,,,,92768.0,2026-07-16T00:00:00.000Z,37.5100,13930866.00,565000.00,113.0,,Corgi_Adv.40C8.C8_ETF_Holdings.csv,2026-07-15T23:38:01.900Z,
Horizon Quantum Holdings LTD,HQ,,Y4000A102,,,32489.0,711833.99,5.10978399427535,,,,,CQTM,2026-07-16,,,,,,,,,,,,,92765.0,2026-07-16T00:00:00.000Z,21.9100,13930866.00,565000.00,113.0,,Corgi_Adv.40C8.C8_ETF_Holdings.csv,2026-07-15T23:38:01.900Z,
Honeywell Aerospace Inc,HONA,,43849R105,,,976.0,207448.8,1.4891373167943671,,,,,CQTM,2026-07-16,,,,,,,,,,,,,92764.0,2026-07-16T00:00:00.000Z,212.5500,13930866.00,565000.00,113.0,,Corgi_Adv.40C8.C8_ETF_Holdings.csv,2026-07-15T23:38:01.900Z,
Honeywell International Inc,HON,,438516205,,,1633.0,363897.72,2.6121803276200577,,,,,CQTM,2026-07-16,,,,,,,,,,,,,92763.0,2026-07-16T00:00:00.000Z,222.8400,13930866.00,565000.00,113.0,,Corgi_Adv.40C8.C8_ETF_Holdings.csv,2026-07-15T23:38:01.900Z,
Honeywell Aerospace Inc,HONAV,,43849R105,,,1479.0,0.0,0.0,,,,,CQTM,2026-07-16,,,,,,,,,,,,,61001.0,2026-06-29T00:00:00.000Z,0.0000,15108750.00,510000.00,102.0,,Corgi_Adv.40C8.C8_ETF_Holdings.csv,2026-06-26T23:53:00.381Z,
Netskope Inc,NTSK,,64119N608,,,2272.0,30104.0,0.9770151379414812,,,,,XA,2026-07-16,,,,,,,,,,,,,94148.0,2026-07-16T00:00:00.000Z,13.2500,3081248.00,80000.00,16.0,,Corgi_Adv.40C8.C8_ETF_Holdings.csv,2026-07-15T23:38:01.900Z,
GEN DIGITAL INC,GEN,,668771108,,,4544.0,120188.8,3.9006868526116496,,,,,XA,2026-07-16,,,,,,,,,,,,,94146.0,2026-07-16T00:00:00.000Z,26.4500,3081248.00,80000.00,16.0,,Corgi_Adv.40C8.C8_ETF_Holdings.csv,2026-07-15T23:38:01.900Z,
Akamai Technologies Inc,AKAM,,00971T101,,,1008.0,120970.08,3.9260430307597667,,,,,XA,2026-07-16,,,,,,,,,,,,,94135.0,2026-07-16T00:00:00.000Z,120.0100,3081248.00,80000.00,16.0,,Corgi_Adv.40C8.C8_ETF_Holdings.csv,2026-07-15T23:38:01.900Z,
Zscaler Inc,ZS,,98980G102,,,704.0,104325.76,3.385857254758499,,,,,XA,2026-07-16,,,,,,,,,,,,,94160.0,2026-07-16T00:00:00.000Z,148.1900,3081248.00,80000.00,16.0,,Corgi_Adv.40C8.C8_ETF_Holdings.csv,2026-07-15T23:38:01.900Z,
Arqit Quantum Inc,ARQQ,,G0567U127,,,1712.0,31244.0,1.0140134523599402,,,,,XA,2026-07-16,,,,,,,,,,,,,94136.0,2026-07-16T00:00:00.000Z,18.2500,3081248.00,80000.00,16.0,,Corgi_Adv.40C8.C8_ETF_Holdings.csv,2026-07-15T23:38:01.900Z,
A10 Networks Inc,ATEN,,2121101,,,1824.0,66211.2,2.1488621014240965,,,,,XA,2026-07-16,,,,,,,,,,,,,94137.0,2026-07-16T00:00:00.000Z,36.3000,3081248.00,80000.00,16.0,,Corgi_Adv.40C8.C8_ETF_Holdings.csv,2026-07-15T23:38:01.900Z,
CACI International Inc,CACI,,127190304,,,192.0,90591.36,2.940111948136672,,,,,XA,2026-07-16,,,,,,,,,,,,,94138.0,2026-07-16T00:00:00.000Z,471.8300,3081248.00,80000.00,16.0,,Corgi_Adv.40C8.C8_ETF_Holdings.csv,2026-07-15T23:38:01.900Z,
Check Point Software Technologies Ltd,CHKP,,M22465104,,,672.0,88966.08,2.8873640354541874,,,,,XA,2026-07-16,,,,,,,,,,,,,94139.0,2026-07-16T00:00:00.000Z,132.3900,3081248.00,80000.00,16.0,,Corgi_Adv.40C8.C8_ETF_Holdings.csv,2026-07-15T23:38:01.900Z,
Crowdstrike Holdings Inc,CRWD,,22788C105,,,1664.0,344065.28,11.166522289399229,,,,,XA,2026-07-16,,,,,,,,,,,,,94140.0,2026-07-16T00:00:00.000Z,206.7700,3081248.00,80000.00,16.0,,Corgi_Adv.40C8.C8_ETF_Holdings.csv,2026-07-15T23:38:01.900Z,
Datadog Inc,DDOG,,23804L103,,,768.0,203105.28,6.591713166218548,,,,,XA,2026-07-16,,,,,,,,,,,,,94141.0,2026-07-16T00:00:00.000Z,264.4600,3081248.00,80000.00,16.0,,Corgi_Adv.40C8.C8_ETF_Holdings.csv,2026-07-15T23:38:01.900Z,
Elastic NV,ESTC,,N14506104,,,1504.0,93608.96,3.0380471354955687,,,,,XA,2026-07-16,,,,,,,,,,,,,94142.0,2026-07-16T00:00:00.000Z,62.2400,3081248.00,80000.00,16.0,,Corgi_Adv.40C8.C8_ETF_Holdings.csv,2026-07-15T23:38:01.900Z,
F5 Inc,FFIV,,315616102,,,320.0,134870.4,4.377173214862568,,,,,XA,2026-07-16,,,,,,,,,,,,,94143.0,2026-07-16T00:00:00.000Z,421.4700,3081248.00,80000.00,16.0,,Corgi_Adv.40C8.C8_ETF_Holdings.csv,2026-07-15T23:38:01.900Z,
First American Government Obligations Fund 12/01/2031,FGXXX,,31846V336,,,31145.68,31145.68,1.010822510014657,,,,,XA,2026-07-16,,,,,,,,,,,,,94144.0,2026-07-16T00:00:00.000Z,100.0000,3081248.00,80000.00,16.0,Y,Corgi_Adv.40C8.C8_ETF_Holdings.csv,2026-07-15T23:38:01.900Z,
Fortinet Inc,FTNT,,34959E109,,,1152.0,189515.52,6.150662101875217,,,,,XA,2026-07-16,,,,,,,,,,,,,94145.0,2026-07-16T00:00:00.000Z,164.5100,3081248.00,80000.00,16.0,,Corgi_Adv.40C8.C8_ETF_Holdings.csv,2026-07-15T23:38:01.900Z,
Varonis Systems Inc,VRNS,,922280102,,,2320.0,109805.6,3.563703608515384,,,,,XA,2026-07-16,,,,,,,,,,,,,94159.0,2026-07-16T00:00:00.000Z,47.3300,3081248.00,80000.00,16.0,,Corgi_Adv.40C8.C8_ETF_Holdings.csv,2026-07-15T23:38:01.900Z,
Cloudflare Inc,NET,,18915M107,,,480.0,131059.2,4.253482007922541,,,,,XA,2026-07-16,,,,,,,,,,,,,94147.0,2026-07-16T00:00:00.000Z,273.0400,3081248.00,80000.00,16.0,,Corgi_Adv.40C8.C8_ETF_Holdings.csv,2026-07-15T23:38:01.900Z,
Radware Ltd,RDWR,,M81873107,,,1568.0,47526.08,1.5424428516814335,,,,,XA,2026-07-16,,,,,,,,,,,,,94154.0,2026-07-16T00:00:00.000Z,30.3100,3081248.00,80000.00,16.0,,Corgi_Adv.40C8.C8_ETF_Holdings.csv,2026-07-15T23:38:01.900Z,
Telos Corp,TLS,,87969B101,,,6656.0,32148.48,1.0433680448381926,,,,,XA,2026-07-16,,,,,,,,,,,,,94158.0,2026-07-16T00:00:00.000Z,4.8300,3081248.00,80000.00,16.0,,Corgi_Adv.40C8.C8_ETF_Holdings.csv,2026-07-15T23:38:01.900Z,
Tenable Holdings Inc,TENB,,88025T102,,,2640.0,106101.6,3.4434915413171625,,,,,XA,2026-07-16,,,,,,,,,,,,,94157.0,2026-07-16T00:00:00.000Z,40.1900,3081248.00,80000.00,16.0,,Corgi_Adv.40C8.C8_ETF_Holdings.csv,2026-07-15T23:38:01.900Z,
SailPoint Inc,SAIL,,78781J109,,,3520.0,53257.6,1.7284573947127366,,,,,XA,2026-07-16,,,,,,,,,,,,,94156.0,2026-07-16T00:00:00.000Z,15.1300,3081248.00,80000.00,16.0,,Corgi_Adv.40C8.C8_ETF_Holdings.csv,2026-07-15T23:38:01.900Z,
Rapid7 Inc,RPD,,753422104,,,5120.0,62720.0,2.0355563862506547,,,,,XA,2026-07-16,,,,,,,,,,,,,94155.0,2026-07-16T00:00:00.000Z,12.2500,3081248.00,80000.00,16.0,,Corgi_Adv.40C8.C8_ETF_Holdings.csv,2026-07-15T23:38:01.900Z,
Cash & Other,Cash&Other,,Cash&Other,,,-414.47,-414.47,-0.01345148366405148,,,,,XA,2026-07-16,,,,,,,,,,,,,94161.0,2026-07-16T00:00:00.000Z,1.0000,3081248.00,80000.00,16.0,Y,Corgi_Adv.40C8.C8_ETF_Holdings.csv,2026-07-15T23:38:01.900Z,
Rubrik Inc,RBRK,,781154109,,,1504.0,120891.52,3.9234933925310704,,,,,XA,2026-07-16,,,,,,,,,,,,,94153.0,2026-07-16T00:00:00.000Z,80.3800,3081248.00,80000.00,16.0,,Corgi_Adv.40C8.C8_ETF_Holdings.csv,2026-07-15T23:38:01.900Z,
Palo Alto Networks Inc,PANW,,697435105,,,1184.0,419159.68,13.603685642263724,,,,,XA,2026-07-16,,,,,,,,,,,,,94151.0,2026-07-16T00:00:00.000Z,354.0200,3081248.00,80000.00,16.0,,Corgi_Adv.40C8.C8_ETF_Holdings.csv,2026-07-15T23:38:01.900Z,
OneSpan Inc,OSPN,,68287N100,,,2896.0,44656.32,1.4493057615186993,,,,,XA,2026-07-16,,,,,,,,,,,,,94150.0,2026-07-16T00:00:00.000Z,15.4200,3081248.00,80000.00,16.0,,Corgi_Adv.40C8.C8_ETF_Holdings.csv,2026-07-15T23:38:01.900Z,
Okta Inc,OKTA,,679295105,,,1264.0,190687.04,6.188683387232685,,,,,XA,2026-07-16,,,,,,,,,,,,,94149.0,2026-07-16T00:00:00.000Z,150.8600,3081248.00,80000.00,16.0,,Corgi_Adv.40C8.C8_ETF_Holdings.csv,2026-07-15T23:38:01.900Z,
Qualys Inc,QLYS,,74758T303,,,720.0,114710.4,3.722887233567715,,,,,XA,2026-07-16,,,,,,,,,,,,,94152.0,2026-07-16T00:00:00.000Z,159.3200,3081248.00,80000.00,16.0,,Corgi_Adv.40C8.C8_ETF_Holdings.csv,2026-07-15T23:38:01.900Z,
L3Harris Technologies Inc,LHX,,502431109,,,500.0,143410.0,4.33664338377134,,,,,EYES,2026-07-16,,,,,,,,,,,,,93073.0,2026-07-16T00:00:00.000Z,286.8200,3306962.50,125000.00,25.0,,Corgi_Adv.40C8.C8_ETF_Holdings.csv,2026-07-15T23:38:01.900Z,
Samsara Inc,IOT,,79589L106,,,3400.0,123862.0,3.7455220891199055,,,,,EYES,2026-07-16,,,,,,,,,,,,,93071.0,2026-07-16T00:00:00.000Z,36.4300,3306962.50,125000.00,25.0,,Corgi_Adv.40C8.C8_ETF_Holdings.csv,2026-07-15T23:38:01.900Z,
First American Government Obligations Fund 12/01/2031,FGXXX,,31846V336,,,48452.49,48452.49,1.4651779526235758,,,,,EYES,2026-07-16,,,,,,,,,,,,,93069.0,2026-07-16T00:00:00.000Z,100.0000,3306962.50,125000.00,25.0,Y,Corgi_Adv.40C8.C8_ETF_Holdings.csv,2026-07-15T23:38:01.900Z,
Elastic NV,ESTC,,N14506104,,,1550.0,96472.0,2.9172628165343326,,,,,EYES,2026-07-16,,,,,,,,,,,,,93068.0,2026-07-16T00:00:00.000Z,62.2400,3306962.50,125000.00,25.0,,Corgi_Adv.40C8.C8_ETF_Holdings.csv,2026-07-15T23:38:01.900Z,
Dynatrace Inc,DT,,268150109,,,2950.0,133251.5,4.029455657573437,,,,,EYES,2026-07-16,,,,,,,,,,,,,93067.0,2026-07-16T00:00:00.000Z,45.1700,3306962.50,125000.00,25.0,,Corgi_Adv.40C8.C8_ETF_Holdings.csv,2026-07-15T23:38:01.900Z,
Digi International Inc,DGII,,253798102,,,850.0,54400.0,1.6450275439450588,,,,,EYES,2026-07-16,,,,,,,,,,,,,93066.0,2026-07-16T00:00:00.000Z,64.0000,3306962.50,125000.00,25.0,,Corgi_Adv.40C8.C8_ETF_Holdings.csv,2026-07-15T23:38:01.900Z,
Datadog Inc,DDOG,,23804L103,,,1200.0,317352.0,9.596558476581844,,,,,EYES,2026-07-16,,,,,,,,,,,,,93065.0,2026-07-16T00:00:00.000Z,264.4600,3306962.50,125000.00,25.0,,Corgi_Adv.40C8.C8_ETF_Holdings.csv,2026-07-15T23:38:01.900Z,
Cognyte Software Ltd,CGNT,,M25133105,,,3125.0,27937.5,0.8448153861942109,,,,,EYES,2026-07-16,,,,,,,,,,,,,93063.0,2026-07-16T00:00:00.000Z,8.9400,3306962.50,125000.00,25.0,,Corgi_Adv.40C8.C8_ETF_Holdings.csv,2026-07-15T23:38:01.900Z,
CACI International Inc,CACI,,127190304,,,200.0,94366.0,2.853578478160283,,,,,EYES,2026-07-16,,,,,,,,,,,,,93062.0,2026-07-16T00:00:00.000Z,471.8300,3306962.50,125000.00,25.0,,Corgi_Adv.40C8.C8_ETF_Holdings.csv,2026-07-15T23:38:01.900Z,
BlackSky Technology Inc,BKSY,,09263B207,,,1050.0,25515.0,0.7715602533779076,,,,,EYES,2026-07-16,,,,,,,,,,,,,93061.0,2026-07-16T00:00:00.000Z,24.3000,3306962.50,125000.00,25.0,,Corgi_Adv.40C8.C8_ETF_Holdings.csv,2026-07-15T23:38:01.900Z,
BIGBEAR.AI HOLDINGS INC,BBAI,,08975B109,,,12800.0,40192.0,1.2153850559970552,,,,,EYES,2026-07-16,,,,,,,,,,,,,93060.0,2026-07-16T00:00:00.000Z,3.1400,3306962.50,125000.00,25.0,,Corgi_Adv.40C8.C8_ETF_Holdings.csv,2026-07-15T23:38:01.900Z,
Booz Allen Hamilton Holding Corp,BAH,,99502106,,,1225.0,78326.5,2.3685523882502326,,,,,EYES,2026-07-16,,,,,,,,,,,,,93059.0,2026-07-16T00:00:00.000Z,63.9400,3306962.50,125000.00,25.0,,Corgi_Adv.40C8.C8_ETF_Holdings.csv,2026-07-15T23:38:01.900Z,
Axon Enterprise Inc,AXON,,05464C101,,,400.0,216448.0,6.545274298379046,,,,,EYES,2026-07-16,,,,,,,,,,,,,93058.0,2026-07-16T00:00:00.000Z,541.1200,3306962.50,125000.00,25.0,,Corgi_Adv.40C8.C8_ETF_Holdings.csv,2026-07-15T23:38:01.900Z,
Powerfleet Inc NJ,AIOT,,73931J109,,,7650.0,32818.5,0.9924142729956049,,,,,EYES,2026-07-16,,,,,,,,,,,,,93057.0,2026-07-16T00:00:00.000Z,4.2900,3306962.50,125000.00,25.0,,Corgi_Adv.40C8.C8_ETF_Holdings.csv,2026-07-15T23:38:01.900Z,
Zebra Technologies Corp,ZBRA,,989207105,,,450.0,114826.5,3.472293295492781,,,,,EYES,2026-07-16,,,,,,,,,,,,,93090.0,2026-07-16T00:00:00.000Z,255.1700,3306962.50,125000.00,25.0,,Corgi_Adv.40C8.C8_ETF_Holdings.csv,2026-07-15T23:38:01.900Z,
ADT Inc,ADT,,00090Q103,,,8750.0,59237.5,1.7913110135008348,,,,,EYES,2026-07-16,,,,,,,,,,,,,93056.0,2026-07-16T00:00:00.000Z,6.7700,3306962.50,125000.00,25.0,,Corgi_Adv.40C8.C8_ETF_Holdings.csv,2026-07-15T23:38:01.900Z,
Clear Secure Inc,YOU,,18467V109,,,1300.0,71045.0,2.148363637124572,,,,,EYES,2026-07-16,,,,,,,,,,,,,93089.0,2026-07-16T00:00:00.000Z,54.6500,3306962.50,125000.00,25.0,,Corgi_Adv.40C8.C8_ETF_Holdings.csv,2026-07-15T23:38:01.900Z,
Identiv Inc,INVE,,45170X205,,,3325.0,9908.5,0.2996278569702135,,,,,EYES,2026-07-16,,,,,,,,,,,,,93070.0,2026-07-16T00:00:00.000Z,2.9800,3306962.50,125000.00,25.0,,Corgi_Adv.40C8.C8_ETF_Holdings.csv,2026-07-15T23:38:01.900Z,
Cellebrite DI Ltd,CLBT,,M2197Q107,,,3800.0,60154.0,1.8190254940895416,,,,,EYES,2026-07-16,,,,,,,,,,,,,93064.0,2026-07-16T00:00:00.000Z,15.8300,3306962.50,125000.00,25.0,,Corgi_Adv.40C8.C8_ETF_Holdings.csv,2026-07-15T23:38:01.900Z,
Leidos Holdings Inc,LDOS,,525327102,,,900.0,97389.0,2.944992416861495,,,,,EYES,2026-07-16,,,,,,,,,,,,,93072.0,2026-07-16T00:00:00.000Z,108.2100,3306962.50,125000.00,25.0,,Corgi_Adv.40C8.C8_ETF_Holdings.csv,2026-07-15T23:38:01.900Z,
Riskified Ltd,RSKD,,M8216R109,,,5000.0,25750.0,0.778666530451935,,,,,EYES,2026-07-16,,,,,,,,,,,,,93081.0,2026-07-16T00:00:00.000Z,5.1500,3306962.50,125000.00,25.0,,Corgi_Adv.40C8.C8_ETF_Holdings.csv,2026-07-15T23:38:01.900Z,
Cash & Other,Cash&Other,,Cash&Other,,,-437.48,-437.48,-0.013229166358916992,,,,,EYES,2026-07-16,,,,,,,,,,,,,93091.0,2026-07-16T00:00:00.000Z,1.0000,3306962.50,125000.00,25.0,Y,Corgi_Adv.40C8.C8_ETF_Holdings.csv,2026-07-15T23:38:01.900Z,
Tyler Technologies Inc,TYL,,902252105,,,350.0,106232.0,3.212400111183299,,,,,EYES,2026-07-16,,,,,,,,,,,,,93087.0,2026-07-16T00:00:00.000Z,303.5200,3306962.50,125000.00,25.0,,Corgi_Adv.40C8.C8_ETF_Holdings.csv,2026-07-15T23:38:01.900Z,
Trimble Inc,TRMB,,896239100,,,1775.0,92158.0,2.786809713141337,,,,,EYES,2026-07-16,,,,,,,,,,,,,93086.0,2026-07-16T00:00:00.000Z,51.9200,3306962.50,125000.00,25.0,,Corgi_Adv.40C8.C8_ETF_Holdings.csv,2026-07-15T23:38:01.900Z,
Teledyne Technologies Inc,TDY,,879360105,,,250.0,156037.5,4.718492378461896,,,,,EYES,2026-07-16,,,,,,,,,,,,,93085.0,2026-07-16T00:00:00.000Z,624.1500,3306962.50,125000.00,25.0,,Corgi_Adv.40C8.C8_ETF_Holdings.csv,2026-07-15T23:38:01.900Z,
Spire Global Inc,SPIR,,848560306,,,1550.0,21126.5,0.6388543089550603,,,,,EYES,2026-07-16,,,,,,,,,,,,,93084.0,2026-07-16T00:00:00.000Z,13.6300,3306962.50,125000.00,25.0,,Corgi_Adv.40C8.C8_ETF_Holdings.csv,2026-07-15T23:38:01.900Z,
Satellogic Inc,SATL,,80401C100,,,4600.0,18216.0,0.5508423114063087,,,,,EYES,2026-07-16,,,,,,,,,,,,,93083.0,2026-07-16T00:00:00.000Z,3.9600,3306962.50,125000.00,25.0,,Corgi_Adv.40C8.C8_ETF_Holdings.csv,2026-07-15T23:38:01.900Z,
SailPoint Inc,SAIL,,78781J109,,,3075.0,46524.75,1.4068841034036372,,,,,EYES,2026-07-16,,,,,,,,,,,,,93082.0,2026-07-16T00:00:00.000Z,15.1300,3306962.50,125000.00,25.0,,Corgi_Adv.40C8.C8_ETF_Holdings.csv,2026-07-15T23:38:01.900Z,
Varonis Systems Inc,VRNS,,922280102,,,2250.0,106492.5,3.2202774949185513,,,,,EYES,2026-07-16,,,,,,,,,,,,,93088.0,2026-07-16T00:00:00.000Z,47.3300,3306962.50,125000.00,25.0,,Corgi_Adv.40C8.C8_ETF_Holdings.csv,2026-07-15T23:38:01.900Z,
Palantir Technologies Inc,PLTR,,69608A108,,,3075.0,411312.0,12.437859727116361,,,,,EYES,2026-07-16,,,,,,,,,,,,,93080.0,2026-07-16T00:00:00.000Z,133.7600,3306962.50,125000.00,25.0,,Corgi_Adv.40C8.C8_ETF_Holdings.csv,2026-07-15T23:38:01.900Z,
Impinj Inc,PI,,453204109,,,475.0,68642.25,2.0757057339772556,,,,,EYES,2026-07-16,,,,,,,,,,,,,93078.0,2026-07-16T00:00:00.000Z,144.5100,3306962.50,125000.00,25.0,,Corgi_Adv.40C8.C8_ETF_Holdings.csv,2026-07-15T23:38:01.900Z,
OSI Systems Inc,OSIS,,671044105,,,250.0,54572.5,1.650243853712164,,,,,EYES,2026-07-16,,,,,,,,,,,,,93077.0,2026-07-16T00:00:00.000Z,218.2900,3306962.50,125000.00,25.0,,Corgi_Adv.40C8.C8_ETF_Holdings.csv,2026-07-15T23:38:01.900Z,
NIQ Global Intelligence Plc,NIQ,,G63755105,,,3400.0,37366.0,1.1299282942472624,,,,,EYES,2026-07-16,,,,,,,,,,,,,93076.0,2026-07-16T00:00:00.000Z,10.9900,3306962.50,125000.00,25.0,,Corgi_Adv.40C8.C8_ETF_Holdings.csv,2026-07-15T23:38:01.900Z,
Motorola Solutions Inc,MSI,,620076307,,,525.0,213769.5,6.464277859473588,,,,,EYES,2026-07-16,,,,,,,,,,,,,93075.0,2026-07-16T00:00:00.000Z,407.1800,3306962.50,125000.00,25.0,,Corgi_Adv.40C8.C8_ETF_Holdings.csv,2026-07-15T23:38:01.900Z,
Mitek Systems Inc,MITK,,606710200,,,2150.0,41559.5,1.2567375406725123,,,,,EYES,2026-07-16,,,,,,,,,,,,,93074.0,2026-07-16T00:00:00.000Z,19.3300,3306962.50,125000.00,25.0,,Corgi_Adv.40C8.C8_ETF_Holdings.csv,2026-07-15T23:38:01.900Z,
Planet Labs PBC,PL,,72703X106,,,2500.0,62250.0,1.8824074376944837,,,,,EYES,2026-07-16,,,,,,,,,,,,,93079.0,2026-07-16T00:00:00.000Z,24.9000,3306962.50,125000.00,25.0,,Corgi_Adv.40C8.C8_ETF_Holdings.csv,2026-07-15T23:38:01.900Z,
Affirm Holdings Inc,AFRM,,00827B106,,,108.0,8824.68,2.262828568532485,,,,,KYC,2026-07-16,,,,,,,,,,,,,93416.0,2026-07-16T00:00:00.000Z,81.7100,389988.00,15000.00,3.0,,Corgi_Adv.40C8.C8_ETF_Holdings.csv,2026-07-15T23:38:01.900Z,
Riskified Ltd,RSKD,,M8216R109,,,306.0,1575.9,0.4040930142679784,,,,,KYC,2026-07-16,,,,,,,,,,,,,93461.0,2026-07-16T00:00:00.000Z,5.1500,389988.00,15000.00,3.0,,Corgi_Adv.40C8.C8_ETF_Holdings.csv,2026-07-15T23:38:01.900Z,
NerdWallet Inc,NRDS,,64082B102,,,141.0,1343.73,0.34455987439704966,,,,,KYC,2026-07-16,,,,,,,,,,,,,93448.0,2026-07-16T00:00:00.000Z,9.5300,389988.00,15000.00,3.0,,Corgi_Adv.40C8.C8_ETF_Holdings.csv,2026-07-15T23:38:01.900Z,
NU Holdings Ltd/Cayman Islands,NU,,G6683N103,,,849.0,11784.12,3.0216895559969346,,,,,KYC,2026-07-16,,,,,,,,,,,,,93449.0,2026-07-16T00:00:00.000Z,13.8800,389988.00,15000.00,3.0,,Corgi_Adv.40C8.C8_ETF_Holdings.csv,2026-07-15T23:38:01.900Z,
Oportun Financial Corp,OPRT,,68376D104,,,204.0,1156.68,0.2965964260063997,,,,,KYC,2026-07-16,,,,,,,,,,,,,93450.0,2026-07-16T00:00:00.000Z,5.6700,389988.00,15000.00,3.0,,Corgi_Adv.40C8.C8_ETF_Holdings.csv,2026-07-15T23:38:01.900Z,
OneSpan Inc,OSPN,,68287N100,,,141.0,2174.22,0.5575145082059292,,,,,KYC,2026-07-16,,,,,,,,,,,,,93451.0,2026-07-16T00:00:00.000Z,15.4200,389988.00,15000.00,3.0,,Corgi_Adv.40C8.C8_ETF_Holdings.csv,2026-07-15T23:38:01.900Z,
Pagseguro Digital Ltd,PAGS,,G68707101,,,306.0,2818.26,0.7226595459044817,,,,,KYC,2026-07-16,,,,,,,,,,,,,93452.0,2026-07-16T00:00:00.000Z,9.2100,389988.00,15000.00,3.0,,Corgi_Adv.40C8.C8_ETF_Holdings.csv,2026-07-15T23:38:01.900Z,
Payoneer Global Inc,PAYO,,70451X104,,,537.0,3818.07,0.9790312932204708,,,,,KYC,2026-07-16,,,,,,,,,,,,,93453.0,2026-07-16T00:00:00.000Z,7.1100,389988.00,15000.00,3.0,,Corgi_Adv.40C8.C8_ETF_Holdings.csv,2026-07-15T23:38:01.900Z,
Pagaya Technologies Ltd,PGY,,M7S64L123,,,162.0,2909.52,0.7460604777415878,,,,,KYC,2026-07-16,,,,,,,,,,,,,93454.0,2026-07-16T00:00:00.000Z,17.9600,389988.00,15000.00,3.0,,Corgi_Adv.40C8.C8_ETF_Holdings.csv,2026-07-15T23:38:01.900Z,
Paysafe Ltd,PSFE,,G6964L206,,,138.0,1168.86,0.29971962729695356,,,,,KYC,2026-07-16,,,,,,,,,,,,,93455.0,2026-07-16T00:00:00.000Z,8.4700,389988.00,15000.00,3.0,,Corgi_Adv.40C8.C8_ETF_Holdings.csv,2026-07-15T23:38:01.900Z,
PayPal Holdings Inc,PYPL,,70450Y103,,,225.0,12492.0,3.203204476321839,,,,,KYC,2026-07-16,,,,,,,,,,,,,93456.0,2026-07-16T00:00:00.000Z,55.5200,389988.00,15000.00,3.0,,Corgi_Adv.40C8.C8_ETF_Holdings.csv,2026-07-15T23:38:01.900Z,
Q2 Holdings Inc,QTWO,,74736L109,,,75.0,3946.5,1.0119633738235778,,,,,KYC,2026-07-16,,,,,,,,,,,,,93457.0,2026-07-16T00:00:00.000Z,52.6200,389988.00,15000.00,3.0,,Corgi_Adv.40C8.C8_ETF_Holdings.csv,2026-07-15T23:38:01.900Z,
Remitly Global Inc,RELY,,75960P104,,,177.0,4417.92,1.132845110473245,,,,,KYC,2026-07-16,,,,,,,,,,,,,93458.0,2026-07-16T00:00:00.000Z,24.9600,389988.00,15000.00,3.0,,Corgi_Adv.40C8.C8_ETF_Holdings.csv,2026-07-15T23:38:01.900Z,
Repay Holdings Corp,RPAY,,76029L100,,,324.0,1325.16,0.33979814632105726,,,,,KYC,2026-07-16,,,,,,,,,,,,,93460.0,2026-07-16T00:00:00.000Z,4.0900,389988.00,15000.00,3.0,,Corgi_Adv.40C8.C8_ETF_Holdings.csv,2026-07-15T23:38:01.900Z,
Sea Ltd,SE,,81141R100,,,141.0,15701.76,4.0262526351369825,,,,,KYC,2026-07-16,,,,,,,,,,,,,93462.0,2026-07-16T00:00:00.000Z,111.3600,389988.00,15000.00,3.0,,Corgi_Adv.40C8.C8_ETF_Holdings.csv,2026-07-15T23:38:01.900Z,
MARQETA INC,MQ,,57142B203,,,171.0,2970.27,0.7616380211242769,,,,,KYC,2026-07-16,,,,,,,,,,,,,93446.0,2026-07-16T00:00:00.000Z,17.3700,389988.00,15000.00,3.0,,Corgi_Adv.40C8.C8_ETF_Holdings.csv,2026-07-15T23:38:01.900Z,
SoFi Technologies Inc,SOFI,,83406F102,,,453.0,8095.11,2.0757518882739094,,,,,KYC,2026-07-16,,,,,,,,,,,,,93463.0,2026-07-16T00:00:00.000Z,17.8700,389988.00,15000.00,3.0,,Corgi_Adv.40C8.C8_ETF_Holdings.csv,2026-07-15T23:38:01.900Z,
StoneCo Ltd,STNE,,G85158106,,,330.0,3722.4,0.9544995471229917,,,,,KYC,2026-07-16,,,,,,,,,,,,,93464.0,2026-07-16T00:00:00.000Z,11.2800,389988.00,15000.00,3.0,,Corgi_Adv.40C8.C8_ETF_Holdings.csv,2026-07-15T23:38:01.900Z,
Toast Inc,TOST,,888787108,,,243.0,7384.77,1.8936061735996816,,,,,KYC,2026-07-16,,,,,,,,,,,,,93465.0,2026-07-16T00:00:00.000Z,30.3900,389988.00,15000.00,3.0,,Corgi_Adv.40C8.C8_ETF_Holdings.csv,2026-07-15T23:38:01.900Z,
LendingTree Inc,TREE,,52603B107,,,33.0,1507.44,0.3865384690831406,,,,,KYC,2026-07-16,,,,,,,,,,,,,93466.0,2026-07-16T00:00:00.000Z,45.6800,389988.00,15000.00,3.0,,Corgi_Adv.40C8.C8_ETF_Holdings.csv,2026-07-15T23:38:01.900Z,
Upstart Holdings Inc,UPST,,91680M107,,,102.0,3222.18,0.8262329010178275,,,,,KYC,2026-07-16,,,,,,,,,,,,,93467.0,2026-07-16T00:00:00.000Z,31.5900,389988.00,15000.00,3.0,,Corgi_Adv.40C8.C8_ETF_Holdings.csv,2026-07-15T23:38:01.900Z,
Visa Inc,V,,92826C839,,,102.0,36224.28,9.288646801755975,,,,,KYC,2026-07-16,,,,,,,,,,,,,93468.0,2026-07-16T00:00:00.000Z,355.1400,389988.00,15000.00,3.0,,Corgi_Adv.40C8.C8_ETF_Holdings.csv,2026-07-15T23:38:01.900Z,
WEX Inc,WEX,,96208T104,,,33.0,5210.04,1.335960890955478,,,,,KYC,2026-07-16,,,,,,,,,,,,,93469.0,2026-07-16T00:00:00.000Z,157.8800,389988.00,15000.00,3.0,,Corgi_Adv.40C8.C8_ETF_Holdings.csv,2026-07-15T23:38:01.900Z,
Wealthfront Corp,WLTH,,947002101,,,231.0,2187.57,0.5609377214431128,,,,,KYC,2026-07-16,,,,,,,,,,,,,93470.0,2026-07-16T00:00:00.000Z,9.4700,389988.00,15000.00,3.0,,Corgi_Adv.40C8.C8_ETF_Holdings.csv,2026-07-15T23:38:01.900Z,
Western Union Co/The,WU,,959802109,,,411.0,3304.44,0.8473260486500909,,,,,KYC,2026-07-16,,,,,,,,,,,,,93471.0,2026-07-16T00:00:00.000Z,8.0400,389988.00,15000.00,3.0,,Corgi_Adv.40C8.C8_ETF_Holdings.csv,2026-07-15T23:38:01.900Z,
Block Inc,XYZ,,852234103,,,141.0,11535.21,2.9578639375049978,,,,,KYC,2026-07-16,,,,,,,,,,,,,93472.0,2026-07-16T00:00:00.000Z,81.8100,389988.00,15000.00,3.0,,Corgi_Adv.40C8.C8_ETF_Holdings.csv,2026-07-15T23:38:01.900Z,
Cash & Other,Cash&Other,,Cash&Other,,,-27.21,-27.21,-0.00697720091264147,,,,,KYC,2026-07-16,,,,,,,,,,,,,93473.0,2026-07-16T00:00:00.000Z,1.0000,389988.00,15000.00,3.0,Y,Corgi_Adv.40C8.C8_ETF_Holdings.csv,2026-07-15T23:38:01.900Z,
Ally Financial Inc,ALLY,,02005N100,,,147.0,6811.98,1.746731094189468,,,,,KYC,2026-07-16,,,,,,,,,,,,,93417.0,2026-07-16T00:00:00.000Z,46.3400,389988.00,15000.00,3.0,,Corgi_Adv.40C8.C8_ETF_Holdings.csv,2026-07-15T23:38:01.900Z,
nCino Inc,NCNO,,63947X101,,,165.0,2935.35,0.7526838184094867,,,,,KYC,2026-07-16,,,,,,,,,,,,,93447.0,2026-07-16T00:00:00.000Z,17.7900,389988.00,15000.00,3.0,,Corgi_Adv.40C8.C8_ETF_Holdings.csv,2026-07-15T23:38:01.900Z,
Rocket Cos Inc,RKT,,77311W101,,,456.0,6657.6,1.707144902462398,,,,,KYC,2026-07-16,,,,,,,,,,,,,93459.0,2026-07-16T00:00:00.000Z,14.6000,389988.00,15000.00,3.0,,Corgi_Adv.40C8.C8_ETF_Holdings.csv,2026-07-15T23:38:01.900Z,
Miami International Holdings Inc,MIAX,,59356Q108,,,84.0,3564.12,0.9139133155738225,,,,,KYC,2026-07-16,,,,,,,,,,,,,93445.0,2026-07-16T00:00:00.000Z,42.4300,389988.00,15000.00,3.0,,Corgi_Adv.40C8.C8_ETF_Holdings.csv,2026-07-15T23:38:01.900Z,
Fiserv Inc,FISV,,337738108,,,156.0,7856.16,2.0144802176353322,,,,,KYC,2026-07-16,,,,,,,,,,,,,93431.0,2026-07-16T00:00:00.000Z,50.3600,389988.00,15000.00,3.0,,Corgi_Adv.40C8.C8_ETF_Holdings.csv,2026-07-15T23:38:01.900Z,
MercadoLibre Inc,MELI,,58733R102,,,9.0,16588.71,4.253684768524243,,,,,KYC,2026-07-16,,,,,,,,,,,,,93444.0,2026-07-16T00:00:00.000Z,1843.1900,389988.00,15000.00,3.0,,Corgi_Adv.40C8.C8_ETF_Holdings.csv,2026-07-15T23:38:01.900Z,
Broadridge Financial Solutions Inc,BR,,11133T103,,,54.0,7959.06,2.040865883710702,,,,,KYC,2026-07-16,,,,,,,,,,,,,93419.0,2026-07-16T00:00:00.000Z,147.3900,389988.00,15000.00,3.0,,Corgi_Adv.40C8.C8_ETF_Holdings.csv,2026-07-15T23:38:01.900Z,
Chime Financial Inc,CHYM,,16935C109,,,213.0,4705.17,1.2065018896778117,,,,,KYC,2026-07-16,,,,,,,,,,,,,93420.0,2026-07-16T00:00:00.000Z,22.0900,389988.00,15000.00,3.0,,Corgi_Adv.40C8.C8_ETF_Holdings.csv,2026-07-15T23:38:01.900Z,
Coinbase Global Inc,COIN,,19260Q107,,,54.0,9029.34,2.315307581350611,,,,,KYC,2026-07-16,,,,,,,,,,,,,93421.0,2026-07-16T00:00:00.000Z,167.2100,389988.00,15000.00,3.0,,Corgi_Adv.40C8.C8_ETF_Holdings.csv,2026-07-15T23:38:01.900Z,
Corpay Inc,CPAY,,219948106,,,27.0,9805.32,2.5142847354921587,,,,,KYC,2026-07-16,,,,,,,,,,,,,93422.0,2026-07-16T00:00:00.000Z,363.1600,389988.00,15000.00,3.0,,Corgi_Adv.40C8.C8_ETF_Holdings.csv,2026-07-15T23:38:01.900Z,
Circle Internet Group Inc,CRCL,,172573107,,,84.0,5517.96,1.4149178812171672,,,,,KYC,2026-07-16,,,,,,,,,,,,,93423.0,2026-07-16T00:00:00.000Z,65.6900,389988.00,15000.00,3.0,,Corgi_Adv.40C8.C8_ETF_Holdings.csv,2026-07-15T23:38:01.900Z,
Dave Inc,DAVE,,23834J201,,,12.0,5258.28,1.3483306142934355,,,,,KYC,2026-07-16,,,,,,,,,,,,,93424.0,2026-07-16T00:00:00.000Z,438.1900,389988.00,15000.00,3.0,,Corgi_Adv.40C8.C8_ETF_Holdings.csv,2026-07-15T23:38:01.900Z,
Dlocal Ltd/Uruguay,DLO,,G29018101,,,192.0,2860.8,0.733567672579372,,,,,KYC,2026-07-16,,,,,,,,,,,,,93425.0,2026-07-16T00:00:00.000Z,14.9000,389988.00,15000.00,3.0,,Corgi_Adv.40C8.C8_ETF_Holdings.csv,2026-07-15T23:38:01.900Z,
Equifax Inc,EFX,,294429105,,,51.0,8752.11,2.244220135227436,,,,,KYC,2026-07-16,,,,,,,,,,,,,93426.0,2026-07-16T00:00:00.000Z,171.6100,389988.00,15000.00,3.0,,Corgi_Adv.40C8.C8_ETF_Holdings.csv,2026-07-15T23:38:01.900Z,
Etoro Group Ltd,ETOR,,G32089107,,,81.0,3120.93,0.8002703287133458,,,,,KYC,2026-07-16,,,,,,,,,,,,,93427.0,2026-07-16T00:00:00.000Z,38.5300,389988.00,15000.00,3.0,,Corgi_Adv.40C8.C8_ETF_Holdings.csv,2026-07-15T23:38:01.900Z,
First American Government Obligations Fund 12/01/2031,FGXXX,,31846V336,,,2192.05,2192.05,0.5620864851361901,,,,,KYC,2026-07-16,,,,,,,,,,,,,93428.0,2026-07-16T00:00:00.000Z,100.0000,389988.00,15000.00,3.0,Y,Corgi_Adv.40C8.C8_ETF_Holdings.csv,2026-07-15T23:38:01.900Z,
Fair Isaac Corp,FICO,,303250104,,,9.0,10852.11,2.782703116357428,,,,,KYC,2026-07-16,,,,,,,,,,,,,93429.0,2026-07-16T00:00:00.000Z,1205.7900,389988.00,15000.00,3.0,,Corgi_Adv.40C8.C8_ETF_Holdings.csv,2026-07-15T23:38:01.900Z,
Fidelity National Information Services Inc,FIS,,31620M106,,,198.0,8137.8,2.0866984780188806,,,,,KYC,2026-07-16,,,,,,,,,,,,,93430.0,2026-07-16T00:00:00.000Z,41.1000,389988.00,15000.00,3.0,,Corgi_Adv.40C8.C8_ETF_Holdings.csv,2026-07-15T23:38:01.900Z,
BILL Holdings Inc,BILL,,90043100,,,108.0,4820.04,1.2359569087456224,,,,,KYC,2026-07-16,,,,,,,,,,,,,93418.0,2026-07-16T00:00:00.000Z,44.6300,389988.00,15000.00,3.0,,Corgi_Adv.40C8.C8_ETF_Holdings.csv,2026-07-15T23:38:01.900Z,
Flywire Corp,FLYW,,302492103,,,198.0,3718.44,0.9534841220728608,,,,,KYC,2026-07-16,,,,,,,,,,,,,93432.0,2026-07-16T00:00:00.000Z,18.7800,389988.00,15000.00,3.0,,Corgi_Adv.40C8.C8_ETF_Holdings.csv,2026-07-15T23:38:01.900Z,
Inter & Co Inc,INTR,,G4R20B107,,,438.0,2461.56,0.6311943652525444,,,,,KYC,2026-07-16,,,,,,,,,,,,,93438.0,2026-07-16T00:00:00.000Z,5.6200,389988.00,15000.00,3.0,,Corgi_Adv.40C8.C8_ETF_Holdings.csv,2026-07-15T23:38:01.900Z,
Mastercard Inc,MA,,57636Q104,,,57.0,30506.97,7.82261150040154,,,,,KYC,2026-07-16,,,,,,,,,,,,,93443.0,2026-07-16T00:00:00.000Z,535.2100,389988.00,15000.00,3.0,,Corgi_Adv.40C8.C8_ETF_Holdings.csv,2026-07-15T23:38:01.900Z,
Open Lending Corp,LPRO,,68373J104,,,582.0,1821.66,0.4671109082882197,,,,,KYC,2026-07-16,,,,,,,,,,,,,93442.0,2026-07-16T00:00:00.000Z,3.1300,389988.00,15000.00,3.0,,Corgi_Adv.40C8.C8_ETF_Holdings.csv,2026-07-15T23:38:01.900Z,
Kaspi.KZ JSC,KSPI,,48581R205,,,84.0,7510.44,1.9258305337133033,,,,,KYC,2026-07-16,,,,,,,,,,,,,93441.0,2026-07-16T00:00:00.000Z,89.4100,389988.00,15000.00,3.0,,Corgi_Adv.40C8.C8_ETF_Holdings.csv,2026-07-15T23:38:01.900Z,
Intuit Inc,INTU,,461202103,,,42.0,11747.4,3.0122737964411757,,,,,KYC,2026-07-16,,,,,,,,,,,,,93439.0,2026-07-16T00:00:00.000Z,279.7000,389988.00,15000.00,3.0,,Corgi_Adv.40C8.C8_ETF_Holdings.csv,2026-07-15T23:38:01.900Z,
Jack Henry & Associates Inc,JKHY,,426281101,,,45.0,6681.15,1.7131836044650697,,,,,KYC,2026-07-16,,,,,,,,,,,,,93440.0,2026-07-16T00:00:00.000Z,148.4700,389988.00,15000.00,3.0,,Corgi_Adv.40C8.C8_ETF_Holdings.csv,2026-07-15T23:38:01.900Z,
Robinhood Markets Inc,HOOD,,770700102,,,150.0,17331.0,4.4440231171256634,,,,,KYC,2026-07-16,,,,,,,,,,,,,93437.0,2026-07-16T00:00:00.000Z,115.5400,389988.00,15000.00,3.0,,Corgi_Adv.40C8.C8_ETF_Holdings.csv,2026-07-15T23:38:01.900Z,
Global Payments Inc,GPN,,37940X102,,,111.0,8682.42,2.226350192867936,,,,,KYC,2026-07-16,,,,,,,,,,,,,93436.0,2026-07-16T00:00:00.000Z,78.2200,389988.00,15000.00,3.0,,Corgi_Adv.40C8.C8_ETF_Holdings.csv,2026-07-15T23:38:01.900Z,
Global-e Online Ltd,GLBE,,M5216V106,,,132.0,5145.36,1.3193756151366742,,,,,KYC,2026-07-16,,,,,,,,,,,,,93435.0,2026-07-16T00:00:00.000Z,38.9800,389988.00,15000.00,3.0,,Corgi_Adv.40C8.C8_ETF_Holdings.csv,2026-07-15T23:38:01.900Z,
Green Dot Corp,GDOT,,39304D102,,,162.0,2180.52,0.5591299571493191,,,,,KYC,2026-07-16,,,,,,,,,,,,,93434.0,2026-07-16T00:00:00.000Z,13.4600,389988.00,15000.00,3.0,,Corgi_Adv.40C8.C8_ETF_Holdings.csv,2026-07-15T23:38:01.900Z,
Shift4 Payments Inc,FOUR,,82452J109,,,78.0,3978.78,1.0202406265049475,,,,,KYC,2026-07-16,,,,,,,,,,,,,93433.0,2026-07-16T00:00:00.000Z,51.0100,389988.00,15000.00,3.0,,Corgi_Adv.40C8.C8_ETF_Holdings.csv,2026-07-15T23:38:01.900Z,
Absci Corp,ABSI,,00091E109,,,2387.0,23297.12,1.349885751072372,,,,,GNMX,2026-07-16,,,,,,,,,,,,,93208.0,2026-07-16T00:00:00.000Z,9.7600,1693147.50,55000.00,11.0,,Corgi_Adv.40C8.C8_ETF_Holdings.csv,2026-07-15T23:38:01.900Z,
STANDARD BIOTOOLS INC,LAB,,34385P108,,,8547.0,7194.01,0.4168365700169015,,,,,GNMX,2026-07-16,,,,,,,,,,,,,93238.0,2026-07-16T00:00:00.000Z,0.8417,1693147.50,55000.00,11.0,,Corgi_Adv.40C8.C8_ETF_Holdings.csv,2026-07-15T23:38:01.900Z,
Myriad Genetics Inc,MYGN,,62855J104,,,1925.0,12146.75,0.7038090865668518,,,,,GNMX,2026-07-16,,,,,,,,,,,,,93240.0,2026-07-16T00:00:00.000Z,6.3100,1693147.50,55000.00,11.0,,Corgi_Adv.40C8.C8_ETF_Holdings.csv,2026-07-15T23:38:01.900Z,
NeoGenomics Inc,NEO,,64049M209,,,1606.0,23287.0,1.3492993762843788,,,,,GNMX,2026-07-16,,,,,,,,,,,,,93241.0,2026-07-16T00:00:00.000Z,14.5000,1693147.50,55000.00,11.0,,Corgi_Adv.40C8.C8_ETF_Holdings.csv,2026-07-15T23:38:01.900Z,
Nurix Therapeutics Inc,NRIX,,67080M103,,,990.0,23611.5,1.368101611334161,,,,,GNMX,2026-07-16,,,,,,,,,,,,,93242.0,2026-07-16T00:00:00.000Z,23.8500,1693147.50,55000.00,11.0,,Corgi_Adv.40C8.C8_ETF_Holdings.csv,2026-07-15T23:38:01.900Z,
Intellia Therapeutics Inc,NTLA,,45826J105,,,1177.0,15348.08,0.8893011023817043,,,,,GNMX,2026-07-16,,,,,,,,,,,,,93243.0,2026-07-16T00:00:00.000Z,13.0400,1693147.50,55000.00,11.0,,Corgi_Adv.40C8.C8_ETF_Holdings.csv,2026-07-15T23:38:01.900Z,
Pacific Biosciences of California Inc,PACB,,69404D108,,,5852.0,8953.56,0.5187887200379939,,,,,GNMX,2026-07-16,,,,,,,,,,,,,93244.0,2026-07-16T00:00:00.000Z,1.5300,1693147.50,55000.00,11.0,,Corgi_Adv.40C8.C8_ETF_Holdings.csv,2026-07-15T23:38:01.900Z,
Prime Medicine Inc,PRME,,74168J101,,,2387.0,8330.63,0.48269480238141166,,,,,GNMX,2026-07-16,,,,,,,,,,,,,93245.0,2026-07-16T00:00:00.000Z,3.4900,1693147.50,55000.00,11.0,,Corgi_Adv.40C8.C8_ETF_Holdings.csv,2026-07-15T23:38:01.900Z,
Personalis Inc,PSNL,,71535D106,,,1562.0,24663.98,1.4290845892854551,,,,,GNMX,2026-07-16,,,,,,,,,,,,,93246.0,2026-07-16T00:00:00.000Z,15.7900,1693147.50,55000.00,11.0,,Corgi_Adv.40C8.C8_ETF_Holdings.csv,2026-07-15T23:38:01.900Z,
QIAGEN NV,QGEN,,N72482156,,,858.0,35383.92,2.050221204384264,,,,,GNMX,2026-07-16,,,,,,,,,,,,,93247.0,2026-07-16T00:00:00.000Z,41.2400,1693147.50,55000.00,11.0,,Corgi_Adv.40C8.C8_ETF_Holdings.csv,2026-07-15T23:38:01.900Z,
uniQure NV,QURE,,N90064101,,,748.0,30668.0,1.7769705531794275,,,,,GNMX,2026-07-16,,,,,,,,,,,,,93248.0,2026-07-16T00:00:00.000Z,41.0000,1693147.50,55000.00,11.0,,Corgi_Adv.40C8.C8_ETF_Holdings.csv,2026-07-15T23:38:01.900Z,
Ultragenyx Pharmaceutical Inc,RARE,,90400D108,,,748.0,23719.08,1.374335030276089,,,,,GNMX,2026-07-16,,,,,,,,,,,,,93249.0,2026-07-16T00:00:00.000Z,31.7100,1693147.50,55000.00,11.0,,Corgi_Adv.40C8.C8_ETF_Holdings.csv,2026-07-15T23:38:01.900Z,
Rocket Pharmaceuticals Inc,RCKT,,77313F106,,,2343.0,8551.95,0.4955185640492633,,,,,GNMX,2026-07-16,,,,,,,,,,,,,93250.0,2026-07-16T00:00:00.000Z,3.6500,1693147.50,55000.00,11.0,,Corgi_Adv.40C8.C8_ETF_Holdings.csv,2026-07-15T23:38:01.900Z,
Relay Therapeutics Inc,RLAY,,75943R102,,,1111.0,21675.61,1.2559319385744598,,,,,GNMX,2026-07-16,,,,,,,,,,,,,93251.0,2026-07-16T00:00:00.000Z,19.5100,1693147.50,55000.00,11.0,,Corgi_Adv.40C8.C8_ETF_Holdings.csv,2026-07-15T23:38:01.900Z,
Recursion Pharmaceuticals Inc,RXRX,,75629V104,,,4664.0,15437.84,0.8945019918056442,,,,,GNMX,2026-07-16,,,,,,,,,,,,,93253.0,2026-07-16T00:00:00.000Z,3.3100,1693147.50,55000.00,11.0,,Corgi_Adv.40C8.C8_ETF_Holdings.csv,2026-07-15T23:38:01.900Z,
Schrodinger Inc/United States,SDGR,,80810D103,,,1001.0,16286.27,0.9436618694120751,,,,,GNMX,2026-07-16,,,,,,,,,,,,,93254.0,2026-07-16T00:00:00.000Z,16.2700,1693147.50,55000.00,11.0,,Corgi_Adv.40C8.C8_ETF_Holdings.csv,2026-07-15T23:38:01.900Z,
Solid Biosciences Inc,SLDB,,83422E204,,,1397.0,13439.14,0.7786929711769849,,,,,GNMX,2026-07-16,,,,,,,,,,,,,93255.0,2026-07-16T00:00:00.000Z,9.6200,1693147.50,55000.00,11.0,,Corgi_Adv.40C8.C8_ETF_Holdings.csv,2026-07-15T23:38:01.900Z,
Sophia Genetics SA,SOPH,,H82027105,,,1551.0,8949.27,0.5185401481169968,,,,,GNMX,2026-07-16,,,,,,,,,,,,,93256.0,2026-07-16T00:00:00.000Z,5.7700,1693147.50,55000.00,11.0,,Corgi_Adv.40C8.C8_ETF_Holdings.csv,2026-07-15T23:38:01.900Z,
Sarepta Therapeutics Inc,SRPT,,803607100,,,924.0,16271.64,0.9428141754250848,,,,,GNMX,2026-07-16,,,,,,,,,,,,,93257.0,2026-07-16T00:00:00.000Z,17.6100,1693147.50,55000.00,11.0,,Corgi_Adv.40C8.C8_ETF_Holdings.csv,2026-07-15T23:38:01.900Z,
Bio-Techne Corp,TECH,,09073M104,,,605.0,43245.4,2.505732436430991,,,,,GNMX,2026-07-16,,,,,,,,,,,,,93258.0,2026-07-16T00:00:00.000Z,71.4800,1693147.50,55000.00,11.0,,Corgi_Adv.40C8.C8_ETF_Holdings.csv,2026-07-15T23:38:01.900Z,
Tempus AI Inc,TEM,,88023B103,,,517.0,29598.25,1.7149869139051452,,,,,GNMX,2026-07-16,,,,,,,,,,,,,93259.0,2026-07-16T00:00:00.000Z,57.2500,1693147.50,55000.00,11.0,,Corgi_Adv.40C8.C8_ETF_Holdings.csv,2026-07-15T23:38:01.900Z,
Thermo Fisher Scientific Inc,TMO,,883556102,,,264.0,141316.56,8.188188528649205,,,,,GNMX,2026-07-16,,,,,,,,,,,,,93260.0,2026-07-16T00:00:00.000Z,535.2900,1693147.50,55000.00,11.0,,Corgi_Adv.40C8.C8_ETF_Holdings.csv,2026-07-15T23:38:01.900Z,
Twist Bioscience Corp,TWST,,90184D100,,,341.0,31580.01,1.829814394127816,,,,,GNMX,2026-07-16,,,,,,,,,,,,,93261.0,2026-07-16T00:00:00.000Z,92.6100,1693147.50,55000.00,11.0,,Corgi_Adv.40C8.C8_ETF_Holdings.csv,2026-07-15T23:38:01.900Z,
10X Genomics Inc,TXG,,88025U109,,,891.0,40763.25,2.3619112723976556,,,,,GNMX,2026-07-16,,,,,,,,,,,,,93262.0,2026-07-16T00:00:00.000Z,45.7500,1693147.50,55000.00,11.0,,Corgi_Adv.40C8.C8_ETF_Holdings.csv,2026-07-15T23:38:01.900Z,
Veracyte Inc,VCYT,,92337F107,,,583.0,34694.33,2.010264861493727,,,,,GNMX,2026-07-16,,,,,,,,,,,,,93263.0,2026-07-16T00:00:00.000Z,59.5100,1693147.50,55000.00,11.0,,Corgi_Adv.40C8.C8_ETF_Holdings.csv,2026-07-15T23:38:01.900Z,
Vertex Pharmaceuticals Inc,VRTX,,92532F100,,,231.0,110205.48,6.385544957578072,,,,,GNMX,2026-07-16,,,,,,,,,,,,,93264.0,2026-07-16T00:00:00.000Z,477.0800,1693147.50,55000.00,11.0,,Corgi_Adv.40C8.C8_ETF_Holdings.csv,2026-07-15T23:38:01.900Z,
GeneDx Holdings Corp,WGS,,81663L200,,,220.0,14550.8,0.8431049669102391,,,,,GNMX,2026-07-16,,,,,,,,,,,,,93265.0,2026-07-16T00:00:00.000Z,66.1400,1693147.50,55000.00,11.0,,Corgi_Adv.40C8.C8_ETF_Holdings.csv,2026-07-15T23:38:01.900Z,
Cash & Other,Cash&Other,,Cash&Other,,,32500.35,32500.35,1.8831408933750164,,,,,GNMX,2026-07-16,,,,,,,,,,,,,93266.0,2026-07-16T00:00:00.000Z,1.0000,1693147.50,55000.00,11.0,Y,Corgi_Adv.40C8.C8_ETF_Holdings.csv,2026-07-15T23:38:01.900Z,
Adaptive Biotechnologies Corp,ADPT,,00650F109,,,1298.0,29724.2,1.7222847305600606,,,,,GNMX,2026-07-16,,,,,,,,,,,,,93209.0,2026-07-16T00:00:00.000Z,22.9000,1693147.50,55000.00,11.0,,Corgi_Adv.40C8.C8_ETF_Holdings.csv,2026-07-15T23:38:01.900Z,
Moderna Inc,MRNA,,60770K107,,,913.0,62339.64,3.6120941885941815,,,,,GNMX,2026-07-16,,,,,,,,,,,,,93239.0,2026-07-16T00:00:00.000Z,68.2800,1693147.50,55000.00,11.0,,Corgi_Adv.40C8.C8_ETF_Holdings.csv,2026-07-15T23:38:01.900Z,
Revolution Medicines Inc,RVMD,,76155X100,,,341.0,62894.04,3.6442173291538102,,,,,GNMX,2026-07-16,,,,,,,,,,,,,93252.0,2026-07-16T00:00:00.000Z,184.4400,1693147.50,55000.00,11.0,,Corgi_Adv.40C8.C8_ETF_Holdings.csv,2026-07-15T23:38:01.900Z,
Krystal Biotech Inc,KRYS,,501147102,,,110.0,38526.4,2.2323033233341563,,,,,GNMX,2026-07-16,,,,,,,,,,,,,93237.0,2026-07-16T00:00:00.000Z,350.2400,1693147.50,55000.00,11.0,,Corgi_Adv.40C8.C8_ETF_Holdings.csv,2026-07-15T23:38:01.900Z,
Precision BioSciences Inc,DTIL,,74019P207,,,825.0,7268.25,0.4211381969201244,,,,,GNMX,2026-07-16,,,,,,,,,,,,,93223.0,2026-07-16T00:00:00.000Z,8.8100,1693147.50,55000.00,11.0,,Corgi_Adv.40C8.C8_ETF_Holdings.csv,2026-07-15T23:38:01.900Z,
Iovance Biotherapeutics Inc,IOVA,,462260100,,,4477.0,21220.98,1.2295896885877649,,,,,GNMX,2026-07-16,,,,,,,,,,,,,93236.0,2026-07-16T00:00:00.000Z,4.7400,1693147.50,55000.00,11.0,,Corgi_Adv.40C8.C8_ETF_Holdings.csv,2026-07-15T23:38:01.900Z,
Alnylam Pharmaceuticals Inc,ALNY,,02043Q107,,,220.0,61410.8,3.5582751808788053,,,,,GNMX,2026-07-16,,,,,,,,,,,,,93210.0,2026-07-16T00:00:00.000Z,279.1400,1693147.50,55000.00,11.0,,Corgi_Adv.40C8.C8_ETF_Holdings.csv,2026-07-15T23:38:01.900Z,
Arcturus Therapeutics Holdings Inc,ARCT,,03969T109,,,792.0,5060.88,0.2932383831086051,,,,,GNMX,2026-07-16,,,,,,,,,,,,,93211.0,2026-07-16T00:00:00.000Z,6.3900,1693147.50,55000.00,11.0,,Corgi_Adv.40C8.C8_ETF_Holdings.csv,2026-07-15T23:38:01.900Z,
Arrowhead Pharmaceuticals Inc,ARWR,,04280A100,,,451.0,32390.82,1.8767944871962718,,,,,GNMX,2026-07-16,,,,,,,,,,,,,93212.0,2026-07-16T00:00:00.000Z,71.8200,1693147.50,55000.00,11.0,,Corgi_Adv.40C8.C8_ETF_Holdings.csv,2026-07-15T23:38:01.900Z,
Azenta Inc,AZTA,,114340102,,,495.0,13221.45,0.766079539596131,,,,,GNMX,2026-07-16,,,,,,,,,,,,,93213.0,2026-07-16T00:00:00.000Z,26.7100,1693147.50,55000.00,11.0,,Corgi_Adv.40C8.C8_ETF_Holdings.csv,2026-07-15T23:38:01.900Z,
Biodesix Inc,BDSX,,09075X207,,,462.0,9702.0,0.5621549597934917,,,,,GNMX,2026-07-16,,,,,,,,,,,,,93214.0,2026-07-16T00:00:00.000Z,21.0000,1693147.50,55000.00,11.0,,Corgi_Adv.40C8.C8_ETF_Holdings.csv,2026-07-15T23:38:01.900Z,
Beam Therapeutics Inc,BEAM,,07373V105,,,704.0,21711.36,1.2580033712494358,,,,,GNMX,2026-07-16,,,,,,,,,,,,,93215.0,2026-07-16T00:00:00.000Z,30.8400,1693147.50,55000.00,11.0,,Corgi_Adv.40C8.C8_ETF_Holdings.csv,2026-07-15T23:38:01.900Z,
BioMarin Pharmaceutical Inc,BMRN,,09061G101,,,693.0,40852.35,2.367073919987596,,,,,GNMX,2026-07-16,,,,,,,,,,,,,93216.0,2026-07-16T00:00:00.000Z,58.9500,1693147.50,55000.00,11.0,,Corgi_Adv.40C8.C8_ETF_Holdings.csv,2026-07-15T23:38:01.900Z,
CareDx Inc,CDNA,,14167L103,,,594.0,17671.5,1.023925105338146,,,,,GNMX,2026-07-16,,,,,,,,,,,,,93218.0,2026-07-16T00:00:00.000Z,29.7500,1693147.50,55000.00,11.0,,Corgi_Adv.40C8.C8_ETF_Holdings.csv,2026-07-15T23:38:01.900Z,
Certara Inc,CERT,,15687V109,,,1815.0,12813.9,0.7424652071014043,,,,,GNMX,2026-07-16,,,,,,,,,,,,,93219.0,2026-07-16T00:00:00.000Z,7.0600,1693147.50,55000.00,11.0,,Corgi_Adv.40C8.C8_ETF_Holdings.csv,2026-07-15T23:38:01.900Z,
Caribou Biosciences Inc,CRBU,,142038108,,,3058.0,5290.34,0.3065337940624512,,,,,GNMX,2026-07-16,,,,,,,,,,,,,93220.0,2026-07-16T00:00:00.000Z,1.7300,1693147.50,55000.00,11.0,,Corgi_Adv.40C8.C8_ETF_Holdings.csv,2026-07-15T23:38:01.900Z,
CRISPR Therapeutics AG,CRSP,,H17182108,,,517.0,26558.29,1.5388450265031846,,,,,GNMX,2026-07-16,,,,,,,,,,,,,93221.0,2026-07-16T00:00:00.000Z,51.3700,1693147.50,55000.00,11.0,,Corgi_Adv.40C8.C8_ETF_Holdings.csv,2026-07-15T23:38:01.900Z,
Castle Biosciences Inc,CSTL,,14843C105,,,462.0,11097.24,0.6429981968685559,,,,,GNMX,2026-07-16,,,,,,,,,,,,,93222.0,2026-07-16T00:00:00.000Z,24.0200,1693147.50,55000.00,11.0,,Corgi_Adv.40C8.C8_ETF_Holdings.csv,2026-07-15T23:38:01.900Z,
Caris Life Sciences Inc,CAI,,142152107,,,880.0,15364.8,0.890269895509693,,,,,GNMX,2026-07-16,,,,,,,,,,,,,93217.0,2026-07-16T00:00:00.000Z,17.4600,1693147.50,55000.00,11.0,,Corgi_Adv.40C8.C8_ETF_Holdings.csv,2026-07-15T23:38:01.900Z,
Editas Medicine Inc,EDIT,,28106W103,,,2574.0,7824.96,0.45339518389875094,,,,,GNMX,2026-07-16,,,,,,,,,,,,,93224.0,2026-07-16T00:00:00.000Z,3.0400,1693147.50,55000.00,11.0,,Corgi_Adv.40C8.C8_ETF_Holdings.csv,2026-07-15T23:38:01.900Z,
Guardant Health Inc,GH,,40131M109,,,429.0,69909.84,4.0507280245691035,,,,,GNMX,2026-07-16,,,,,,,,,,,,,93229.0,2026-07-16T00:00:00.000Z,162.9600,1693147.50,55000.00,11.0,,Corgi_Adv.40C8.C8_ETF_Holdings.csv,2026-07-15T23:38:01.900Z,
Incyte Corp,INCY,,45337C102,,,462.0,53171.58,3.080876872506332,,,,,GNMX,2026-07-16,,,,,,,,,,,,,93234.0,2026-07-16T00:00:00.000Z,115.0900,1693147.50,55000.00,11.0,,Corgi_Adv.40C8.C8_ETF_Holdings.csv,2026-07-15T23:38:01.900Z,
Illumina Inc,ILMN,,452327109,,,363.0,67935.45,3.936327578159428,,,,,GNMX,2026-07-16,,,,,,,,,,,,,93233.0,2026-07-16T00:00:00.000Z,187.1500,1693147.50,55000.00,11.0,,Corgi_Adv.40C8.C8_ETF_Holdings.csv,2026-07-15T23:38:01.900Z,
Ideaya Biosciences Inc,IDYA,,45166A102,,,682.0,25056.68,1.4518384805151918,,,,,GNMX,2026-07-16,,,,,,,,,,,,,93232.0,2026-07-16T00:00:00.000Z,36.7400,1693147.50,55000.00,11.0,,Corgi_Adv.40C8.C8_ETF_Holdings.csv,2026-07-15T23:38:01.900Z,
GRAIL Inc,GRAL,,384747101,,,330.0,24538.8,1.421831388103539,,,,,GNMX,2026-07-16,,,,,,,,,,,,,93231.0,2026-07-16T00:00:00.000Z,74.3600,1693147.50,55000.00,11.0,,Corgi_Adv.40C8.C8_ETF_Holdings.csv,2026-07-15T23:38:01.900Z,
Genmab A/S,GMAB,,372303206,,,1672.0,48621.76,2.817250416191384,,,,,GNMX,2026-07-16,,,,,,,,,,,,,93230.0,2026-07-16T00:00:00.000Z,29.0800,1693147.50,55000.00,11.0,,Corgi_Adv.40C8.C8_ETF_Holdings.csv,2026-07-15T23:38:01.900Z,
Ionis Pharmaceuticals Inc,IONS,,462222100,,,528.0,28897.44,1.6743804598366152,,,,,GNMX,2026-07-16,,,,,,,,,,,,,93235.0,2026-07-16T00:00:00.000Z,54.7300,1693147.50,55000.00,11.0,,Corgi_Adv.40C8.C8_ETF_Holdings.csv,2026-07-15T23:38:01.900Z,
Generate Biomedicines Inc,GENB,,370920100,,,924.0,13000.68,0.753287646123279,,,,,GNMX,2026-07-16,,,,,,,,,,,,,93228.0,2026-07-16T00:00:00.000Z,14.0700,1693147.50,55000.00,11.0,,Corgi_Adv.40C8.C8_ETF_Holdings.csv,2026-07-15T23:38:01.900Z,
Fulgent Genetics Inc,FLGT,,359664109,,,517.0,10862.17,0.6293777303257136,,,,,GNMX,2026-07-16,,,,,,,,,,,,,93227.0,2026-07-16T00:00:00.000Z,21.0100,1693147.50,55000.00,11.0,,Corgi_Adv.40C8.C8_ETF_Holdings.csv,2026-07-15T23:38:01.900Z,
First American Government Obligations Fund 12/01/2031,FGXXX,,31846V336,,,20319.23,20319.23,1.1773403343315514,,,,,GNMX,2026-07-16,,,,,,,,,,,,,93226.0,2026-07-16T00:00:00.000Z,100.0000,1693147.50,55000.00,11.0,Y,Corgi_Adv.40C8.C8_ETF_Holdings.csv,2026-07-15T23:38:01.900Z,
4D Molecular Therapeutics Inc,FDMT,,35104E100,,,1045.0,12205.6,0.7072189834318123,,,,,GNMX,2026-07-16,,,,,,,,,,,,,93225.0,2026-07-16T00:00:00.000Z,11.6800,1693147.50,55000.00,11.0,,Corgi_Adv.40C8.C8_ETF_Holdings.csv,2026-07-15T23:38:01.900Z,
Nuvalent Inc,NUVL,,670703107,,,264.0,32725.44,1.8961830970340474,,,,,GNMX,2026-07-16,,,,,,,,,,,,,90806.0,2026-07-15T00:00:00.000Z,123.9600,1678660.50,55000.00,11.0,,Corgi_Adv.40C8.C8_ETF_Holdings.csv,2026-07-15T14:08:01.312Z,
Copa Holdings SA,CPA,,P31076105,,,80.0,11796.8,0.8341731834973464,,,,,AV,2026-07-16,,,,,,,,,,,,,91886.0,2026-07-16T00:00:00.000Z,147.4600,1414200.00,50000.00,10.0,,Corgi_Adv.40C8.C8_ETF_Holdings.csv,2026-07-15T23:38:01.900Z,
Ryanair Holdings PLC,RYAAY,,783513203,,,590.0,39311.7,2.7798018053788,,,,,AV,2026-07-16,,,,,,,,,,,,,91909.0,2026-07-16T00:00:00.000Z,66.6300,1414200.00,50000.00,10.0,,Corgi_Adv.40C8.C8_ETF_Holdings.csv,2026-07-15T23:38:01.900Z,
JetBlue Airways Corp,JBLU,,477143101,,,1220.0,6819.8,0.4822404615501834,,,,,AV,2026-07-16,,,,,,,,,,,,,91900.0,2026-07-16T00:00:00.000Z,5.5900,1414200.00,50000.00,10.0,,Corgi_Adv.40C8.C8_ETF_Holdings.csv,2026-07-15T23:38:01.900Z,
Joby Aviation Inc,JOBY,,G65163100,,,1470.0,11407.2,0.8066238589101222,,,,,AV,2026-07-16,,,,,,,,,,,,,91901.0,2026-07-16T00:00:00.000Z,7.7600,1414200.00,50000.00,10.0,,Corgi_Adv.40C8.C8_ETF_Holdings.csv,2026-07-15T23:38:01.900Z,
Lockheed Martin Corp,LMT,,539830109,,,120.0,61735.2,4.365408273247438,,,,,AV,2026-07-16,,,,,,,,,,,,,91902.0,2026-07-16T00:00:00.000Z,514.4600,1414200.00,50000.00,10.0,,Corgi_Adv.40C8.C8_ETF_Holdings.csv,2026-07-15T23:38:01.900Z,
Loar Holdings Inc,LOAR,,53947R105,,,160.0,11291.2,0.7984212879344601,,,,,AV,2026-07-16,,,,,,,,,,,,,91903.0,2026-07-16T00:00:00.000Z,70.5700,1414200.00,50000.00,10.0,,Corgi_Adv.40C8.C8_ETF_Holdings.csv,2026-07-15T23:38:01.900Z,
Southwest Airlines Co,LUV,,844741108,,,640.0,31520.0,2.228836527179944,,,,,AV,2026-07-16,,,,,,,,,,,,,91904.0,2026-07-16T00:00:00.000Z,49.2500,1414200.00,50000.00,10.0,,Corgi_Adv.40C8.C8_ETF_Holdings.csv,2026-07-15T23:38:01.900Z,
Moog Inc,MOG/A,,615394202,,,50.0,19809.5,1.400765773641215,,,,,AV,2026-07-16,,,,,,,,,,,,,91905.0,2026-07-16T00:00:00.000Z,396.1900,1414200.00,50000.00,10.0,,Corgi_Adv.40C8.C8_ETF_Holdings.csv,2026-07-15T23:38:01.900Z,
Northrop Grumman Corp,NOC,,666807102,,,110.0,57774.2,4.085318759156076,,,,,AV,2026-07-16,,,,,,,,,,,,,91906.0,2026-07-16T00:00:00.000Z,525.2200,1414200.00,50000.00,10.0,,Corgi_Adv.40C8.C8_ETF_Holdings.csv,2026-07-15T23:38:01.900Z,
RTX Corp,RTX,,75513E101,,,660.0,129287.4,9.142147196196836,,,,,AV,2026-07-16,,,,,,,,,,,,,91908.0,2026-07-16T00:00:00.000Z,195.8900,1414200.00,50000.00,10.0,,Corgi_Adv.40C8.C8_ETF_Holdings.csv,2026-07-15T23:38:01.900Z,
SkyWest Inc,SKYW,,830879102,,,120.0,11937.6,0.8441294075781502,,,,,AV,2026-07-16,,,,,,,,,,,,,91910.0,2026-07-16T00:00:00.000Z,99.4800,1414200.00,50000.00,10.0,,Corgi_Adv.40C8.C8_ETF_Holdings.csv,2026-07-15T23:38:01.900Z,
Howmet Aerospace Inc,HWM,,443201108,,,260.0,72602.4,5.133847750029478,,,,,AV,2026-07-16,,,,,,,,,,,,,91898.0,2026-07-16T00:00:00.000Z,279.2400,1414200.00,50000.00,10.0,,Corgi_Adv.40C8.C8_ETF_Holdings.csv,2026-07-15T23:38:01.900Z,
TransDigm Group Inc,TDG,,893641100,,,40.0,49287.2,3.485187553376374,,,,,AV,2026-07-16,,,,,,,,,,,,,91911.0,2026-07-16T00:00:00.000Z,1232.1800,1414200.00,50000.00,10.0,,Corgi_Adv.40C8.C8_ETF_Holdings.csv,2026-07-15T23:38:01.900Z,
Textron Inc,TXT,,883203101,,,260.0,23075.0,1.6316752177879823,,,,,AV,2026-07-16,,,,,,,,,,,,,91912.0,2026-07-16T00:00:00.000Z,88.7500,1414200.00,50000.00,10.0,,Corgi_Adv.40C8.C8_ETF_Holdings.csv,2026-07-15T23:38:01.900Z,
United Airlines Holdings Inc,UAL,,910047109,,,360.0,43549.2,3.079443137356117,,,,,AV,2026-07-16,,,,,,,,,,,,,91913.0,2026-07-16T00:00:00.000Z,120.9700,1414200.00,50000.00,10.0,,Corgi_Adv.40C8.C8_ETF_Holdings.csv,2026-07-15T23:38:01.900Z,
Frontier Group Holdings Inc,ULCC,,35909R108,,,810.0,5297.4,0.37458878867649215,,,,,AV,2026-07-16,,,,,,,,,,,,,91914.0,2026-07-16T00:00:00.000Z,6.5400,1414200.00,50000.00,10.0,,Corgi_Adv.40C8.C8_ETF_Holdings.csv,2026-07-15T23:38:01.900Z,
United Parcel Service Inc,UPS,,911312106,,,520.0,58728.8,4.152820261340275,,,,,AV,2026-07-16,,,,,,,,,,,,,91915.0,2026-07-16T00:00:00.000Z,112.9400,1414200.00,50000.00,10.0,,Corgi_Adv.40C8.C8_ETF_Holdings.csv,2026-07-15T23:38:01.900Z,
Woodward Inc,WWD,,980745103,,,80.0,32159.2,2.274035521728593,,,,,AV,2026-07-16,,,,,,,,,,,,,91916.0,2026-07-16T00:00:00.000Z,401.9900,1414200.00,50000.00,10.0,,Corgi_Adv.40C8.C8_ETF_Holdings.csv,2026-07-15T23:38:01.900Z,
Cash & Other,Cash&Other,,Cash&Other,,,555.66,555.66,0.03929172920979719,,,,,AV,2026-07-16,,,,,,,,,,,,,91917.0,2026-07-16T00:00:00.000Z,1.0000,1414200.00,50000.00,10.0,Y,Corgi_Adv.40C8.C8_ETF_Holdings.csv,2026-07-15T23:38:01.900Z,
American Airlines Group Inc,AAL,,02376R102,,,1230.0,19224.9,1.3594276443966276,,,,,AV,2026-07-16,,,,,,,,,,,,,91877.0,2026-07-16T00:00:00.000Z,15.6300,1414200.00,50000.00,10.0,,Corgi_Adv.40C8.C8_ETF_Holdings.csv,2026-07-15T23:38:01.900Z,
Hexcel Corp,HXL,,428291108,,,160.0,16436.8,1.1622760225238356,,,,,AV,2026-07-16,,,,,,,,,,,,,91899.0,2026-07-16T00:00:00.000Z,102.7300,1414200.00,50000.00,10.0,,Corgi_Adv.40C8.C8_ETF_Holdings.csv,2026-07-15T23:38:01.900Z,
Grupo Aeroportuario del Pacifico SAB de CV,PAC,,400506101,,,80.0,18224.0,1.2886521850040384,,,,,AV,2026-07-16,,,,,,,,,,,,,91907.0,2026-07-16T00:00:00.000Z,227.8000,1414200.00,50000.00,10.0,,Corgi_Adv.40C8.C8_ETF_Holdings.csv,2026-07-15T23:38:01.900Z,
HEICO Corp,HEI,,422806109,,,70.0,24611.3,1.7403097849423776,,,,,AV,2026-07-16,,,,,,,,,,,,,91897.0,2026-07-16T00:00:00.000Z,351.5900,1414200.00,50000.00,10.0,,Corgi_Adv.40C8.C8_ETF_Holdings.csv,2026-07-15T23:38:01.900Z,
Carpenter Technology Corp,CRS,,144285103,,,60.0,34626.0,2.4484674362351755,,,,,AV,2026-07-16,,,,,,,,,,,,,91887.0,2026-07-16T00:00:00.000Z,577.1000,1414200.00,50000.00,10.0,,Corgi_Adv.40C8.C8_ETF_Holdings.csv,2026-07-15T23:38:01.900Z,
GE AEROSPACE,GE,,369604301,,,440.0,158554.0,11.211641710992664,,,,,AV,2026-07-16,,,,,,,,,,,,,91896.0,2026-07-16T00:00:00.000Z,360.3500,1414200.00,50000.00,10.0,,Corgi_Adv.40C8.C8_ETF_Holdings.csv,2026-07-15T23:38:01.900Z,
AAR Corp,AIR,,361105,,,100.0,13573.0,0.9597715159712367,,,,,AV,2026-07-16,,,,,,,,,,,,,91879.0,2026-07-16T00:00:00.000Z,135.7300,1414200.00,50000.00,10.0,,Corgi_Adv.40C8.C8_ETF_Holdings.csv,2026-07-15T23:38:01.900Z,
Allegiant Travel Co,ALGT,,01748X102,,,80.0,8620.0,0.6095358776742105,,,,,AV,2026-07-16,,,,,,,,,,,,,91880.0,2026-07-16T00:00:00.000Z,107.7500,1414200.00,50000.00,10.0,,Corgi_Adv.40C8.C8_ETF_Holdings.csv,2026-07-15T23:38:01.900Z,
Alaska Air Group Inc,ALK,,11659109,,,270.0,12927.6,0.9141341081463021,,,,,AV,2026-07-16,,,,,,,,,,,,,91881.0,2026-07-16T00:00:00.000Z,47.8800,1414200.00,50000.00,10.0,,Corgi_Adv.40C8.C8_ETF_Holdings.csv,2026-07-15T23:38:01.900Z,
Grupo Aeroportuario del Sureste SAB de CV,ASR,,40051E202,,,60.0,17007.6,1.202638328669594,,,,,AV,2026-07-16,,,,,,,,,,,,,91882.0,2026-07-16T00:00:00.000Z,283.4600,1414200.00,50000.00,10.0,,Corgi_Adv.40C8.C8_ETF_Holdings.csv,2026-07-15T23:38:01.900Z,
ATI Inc,ATI,,01741R102,,,170.0,32910.3,2.3271471687960057,,,,,AV,2026-07-16,,,,,,,,,,,,,91883.0,2026-07-16T00:00:00.000Z,193.5900,1414200.00,50000.00,10.0,,Corgi_Adv.40C8.C8_ETF_Holdings.csv,2026-07-15T23:38:01.900Z,
Boeing Co/The,BA,,97023105,,,260.0,56711.2,4.010152095818757,,,,,AV,2026-07-16,,,,,,,,,,,,,91884.0,2026-07-16T00:00:00.000Z,218.1200,1414200.00,50000.00,10.0,,Corgi_Adv.40C8.C8_ETF_Holdings.csv,2026-07-15T23:38:01.900Z,
CAE Inc,CAE,,124765108,,,460.0,11279.2,0.7975727461093917,,,,,AV,2026-07-16,,,,,,,,,,,,,91885.0,2026-07-16T00:00:00.000Z,24.5200,1414200.00,50000.00,10.0,,Corgi_Adv.40C8.C8_ETF_Holdings.csv,2026-07-15T23:38:01.900Z,
AerCap Holdings NV,AER,,N00985106,,,200.0,29558.0,2.090099938781243,,,,,AV,2026-07-16,,,,,,,,,,,,,91878.0,2026-07-16T00:00:00.000Z,147.7900,1414200.00,50000.00,10.0,,Corgi_Adv.40C8.C8_ETF_Holdings.csv,2026-07-15T23:38:01.900Z,
Delta Air Lines Inc,DAL,,247361702,,,600.0,51576.0,3.647032764144441,,,,,AV,2026-07-16,,,,,,,,,,,,,91888.0,2026-07-16T00:00:00.000Z,85.9600,1414200.00,50000.00,10.0,,Corgi_Adv.40C8.C8_ETF_Holdings.csv,2026-07-15T23:38:01.900Z,
Fedex Freight Holding Co Inc,FDXF,,314352105,,,75.0,10635.0,0.7520201924669638,,,,,AV,2026-07-16,,,,,,,,,,,,,91892.0,2026-07-16T00:00:00.000Z,141.8000,1414200.00,50000.00,10.0,,Corgi_Adv.40C8.C8_ETF_Holdings.csv,2026-07-15T23:38:01.900Z,
Ducommun Inc,DCO,,264147109,,,50.0,8722.5,0.6167838390966707,,,,,AV,2026-07-16,,,,,,,,,,,,,91889.0,2026-07-16T00:00:00.000Z,174.4500,1414200.00,50000.00,10.0,,Corgi_Adv.40C8.C8_ETF_Holdings.csv,2026-07-15T23:38:01.900Z,
FTAI Aviation Ltd,FTAI,,G3730V105,,,130.0,27794.0,1.9653642904961726,,,,,AV,2026-07-16,,,,,,,,,,,,,91894.0,2026-07-16T00:00:00.000Z,213.8000,1414200.00,50000.00,10.0,,Corgi_Adv.40C8.C8_ETF_Holdings.csv,2026-07-15T23:38:01.900Z,
First American Government Obligations Fund 12/01/2031,FGXXX,,31846V336,,,44293.89,44293.89,3.1321015216653056,,,,,AV,2026-07-16,,,,,,,,,,,,,91893.0,2026-07-16T00:00:00.000Z,100.0000,1414200.00,50000.00,10.0,Y,Corgi_Adv.40C8.C8_ETF_Holdings.csv,2026-07-15T23:38:01.900Z,
General Dynamics Corp,GD,,369550108,,,200.0,73126.0,5.170872458329967,,,,,AV,2026-07-16,,,,,,,,,,,,,91895.0,2026-07-16T00:00:00.000Z,365.6300,1414200.00,50000.00,10.0,,Corgi_Adv.40C8.C8_ETF_Holdings.csv,2026-07-15T23:38:01.900Z,
FedEx Corp,FDX,,31428X106,,,150.0,47013.0,3.3243747351621415,,,,,AV,2026-07-16,,,,,,,,,,,,,91891.0,2026-07-16T00:00:00.000Z,313.4200,1414200.00,50000.00,10.0,,Corgi_Adv.40C8.C8_ETF_Holdings.csv,2026-07-15T23:38:01.900Z,
Embraer SA,EMBJ,,29082A107,,,290.0,18821.0,1.3308671408011967,,,,,AV,2026-07-16,,,,,,,,,,,,,91890.0,2026-07-16T00:00:00.000Z,64.9000,1414200.00,50000.00,10.0,,Corgi_Adv.40C8.C8_ETF_Holdings.csv,2026-07-15T23:38:01.900Z,
First American Government Obligations Fund 12/01/2031,FGXXX,,31846V336,,,18254.64,18254.64,2.2121691528541114,,,,,DOCK,2026-07-16,,,,,,,,,,,,,92951.0,2026-07-16T00:00:00.000Z,100.0000,825198.00,30000.00,6.0,Y,Corgi_Adv.40C8.C8_ETF_Holdings.csv,2026-07-15T23:38:01.900Z,
TFI International Inc,TFII,,87241L109,,,96.0,14038.08,1.701189809347007,,,,,DOCK,2026-07-16,,,,,,,,,,,,,92975.0,2026-07-16T00:00:00.000Z,146.2300,825198.00,30000.00,6.0,,Corgi_Adv.40C8.C8_ETF_Holdings.csv,2026-07-15T23:38:01.900Z,
Union Pacific Corp,UNP,,907818108,,,228.0,65746.08,7.967368849622816,,,,,DOCK,2026-07-16,,,,,,,,,,,,,92977.0,2026-07-16T00:00:00.000Z,288.3600,825198.00,30000.00,6.0,,Corgi_Adv.40C8.C8_ETF_Holdings.csv,2026-07-15T23:38:01.900Z,
United Parcel Service Inc,UPS,,911312106,,,348.0,39303.12,4.762906837654617,,,,,DOCK,2026-07-16,,,,,,,,,,,,,92978.0,2026-07-16T00:00:00.000Z,112.9400,825198.00,30000.00,6.0,,Corgi_Adv.40C8.C8_ETF_Holdings.csv,2026-07-15T23:38:01.900Z,
Westinghouse Air Brake Technologies Corp,WAB,,929740108,,,120.0,31165.2,3.7767216489905553,,,,,DOCK,2026-07-16,,,,,,,,,,,,,92979.0,2026-07-16T00:00:00.000Z,259.7100,825198.00,30000.00,6.0,,Corgi_Adv.40C8.C8_ETF_Holdings.csv,2026-07-15T23:38:01.900Z,
Werner Enterprises Inc,WERN,,950755108,,,275.0,11992.75,1.453328666459111,,,,,DOCK,2026-07-16,,,,,,,,,,,,,92980.0,2026-07-16T00:00:00.000Z,43.6100,825198.00,30000.00,6.0,,Corgi_Adv.40C8.C8_ETF_Holdings.csv,2026-07-15T23:38:01.900Z,
Wabash National Corp,WNC,,929566107,,,312.0,3943.68,0.4779106706419684,,,,,DOCK,2026-07-16,,,,,,,,,,,,,92981.0,2026-07-16T00:00:00.000Z,12.6400,825198.00,30000.00,6.0,,Corgi_Adv.40C8.C8_ETF_Holdings.csv,2026-07-15T23:38:01.900Z,
XPO Inc,XPO,,983793100,,,115.0,23554.3,2.8544028190680066,,,,,DOCK,2026-07-16,,,,,,,,,,,,,92982.0,2026-07-16T00:00:00.000Z,204.8200,825198.00,30000.00,6.0,,Corgi_Adv.40C8.C8_ETF_Holdings.csv,2026-07-15T23:38:01.900Z,
ZIM Integrated Shipping Services Ltd,ZIM,,M9T951109,,,312.0,7737.6,0.9376728348038621,,,,,DOCK,2026-07-16,,,,,,,,,,,,,92983.0,2026-07-16T00:00:00.000Z,24.8000,825198.00,30000.00,6.0,,Corgi_Adv.40C8.C8_ETF_Holdings.csv,2026-07-15T23:38:01.900Z,
Cash & Other,Cash&Other,,Cash&Other,,,208.61,208.61,0.025280181201979123,,,,,DOCK,2026-07-16,,,,,,,,,,,,,92984.0,2026-07-16T00:00:00.000Z,1.0000,825198.00,30000.00,6.0,Y,Corgi_Adv.40C8.C8_ETF_Holdings.csv,2026-07-15T23:38:01.900Z,
Allison Transmission Holdings Inc,ALSN,,01973R101,,,108.0,12343.32,1.4958121194286609,,,,,DOCK,2026-07-16,,,,,,,,,,,,,92938.0,2026-07-16T00:00:00.000Z,114.2900,825198.00,30000.00,6.0,,Corgi_Adv.40C8.C8_ETF_Holdings.csv,2026-07-15T23:38:01.900Z,
CH Robinson Worldwide Inc,CHRW,,12541W209,,,135.0,26662.5,3.2310667336070584,,,,,DOCK,2026-07-16,,,,,,,,,,,,,92940.0,2026-07-16T00:00:00.000Z,197.5000,825198.00,30000.00,6.0,,Corgi_Adv.40C8.C8_ETF_Holdings.csv,2026-07-15T23:38:01.900Z,
Cummins Inc,CMI,,231021106,,,54.0,35971.02,4.359109839509204,,,,,DOCK,2026-07-16,,,,,,,,,,,,,92941.0,2026-07-16T00:00:00.000Z,666.1300,825198.00,30000.00,6.0,,Corgi_Adv.40C8.C8_ETF_Holdings.csv,2026-07-15T23:38:01.900Z,
Costamare Inc,CMRE,,Y1771G102,,,234.0,3594.24,0.43556415552179395,,,,,DOCK,2026-07-16,,,,,,,,,,,,,92942.0,2026-07-16T00:00:00.000Z,15.3600,825198.00,30000.00,6.0,,Corgi_Adv.40C8.C8_ETF_Holdings.csv,2026-07-15T23:38:01.900Z,
Canadian National Railway Co,CNI,,136375102,,,324.0,40176.0,4.868685873020053,,,,,DOCK,2026-07-16,,,,,,,,,,,,,92943.0,2026-07-16T00:00:00.000Z,124.0000,825198.00,30000.00,6.0,,Corgi_Adv.40C8.C8_ETF_Holdings.csv,2026-07-15T23:38:01.900Z,
Canadian Pacific Kansas City Ltd,CP,,13646K108,,,426.0,38540.22,4.670455611735487,,,,,DOCK,2026-07-16,,,,,,,,,,,,,92944.0,2026-07-16T00:00:00.000Z,90.4700,825198.00,30000.00,6.0,,Corgi_Adv.40C8.C8_ETF_Holdings.csv,2026-07-15T23:38:01.900Z,
CSX Corp,CSX,,126408103,,,816.0,40334.88,4.887939577010132,,,,,DOCK,2026-07-16,,,,,,,,,,,,,92945.0,2026-07-16T00:00:00.000Z,49.4300,825198.00,30000.00,6.0,,Corgi_Adv.40C8.C8_ETF_Holdings.csv,2026-07-15T23:38:01.900Z,
COVENANT TRANS INC - CL A,CVLG,,22284P105,,,90.0,4130.1,0.5005017802708115,,,,,DOCK,2026-07-16,,,,,,,,,,,,,92946.0,2026-07-16T00:00:00.000Z,45.8900,825198.00,30000.00,6.0,,Corgi_Adv.40C8.C8_ETF_Holdings.csv,2026-07-15T23:38:01.900Z,
Danaos Corp,DAC,,Y1968P121,,,36.0,4662.0,0.5649595166273269,,,,,DOCK,2026-07-16,,,,,,,,,,,,,92947.0,2026-07-16T00:00:00.000Z,129.5000,825198.00,30000.00,6.0,,Corgi_Adv.40C8.C8_ETF_Holdings.csv,2026-07-15T23:38:01.900Z,
Expeditors International of Washington Inc,EXPD,,302130109,,,138.0,24522.6,2.9717452257497396,,,,,DOCK,2026-07-16,,,,,,,,,,,,,92948.0,2026-07-16T00:00:00.000Z,177.7000,825198.00,30000.00,6.0,,Corgi_Adv.40C8.C8_ETF_Holdings.csv,2026-07-15T23:38:01.900Z,
FedEx Corp,FDX,,31428X106,,,114.0,35729.88,4.329887544820334,,,,,DOCK,2026-07-16,,,,,,,,,,,,,92949.0,2026-07-16T00:00:00.000Z,313.4200,825198.00,30000.00,6.0,,Corgi_Adv.40C8.C8_ETF_Holdings.csv,2026-07-15T23:38:01.900Z,
Fedex Freight Holding Co Inc,FDXF,,314352105,,,60.0,8508.0,1.0310329402542466,,,,,DOCK,2026-07-16,,,,,,,,,,,,,92950.0,2026-07-16T00:00:00.000Z,141.8000,825198.00,30000.00,6.0,,Corgi_Adv.40C8.C8_ETF_Holdings.csv,2026-07-15T23:38:01.900Z,
Forward Air Corp,FWRD,,34986A104,,,138.0,1741.56,0.21104909819336923,,,,,DOCK,2026-07-16,,,,,,,,,,,,,92952.0,2026-07-16T00:00:00.000Z,12.6200,825198.00,30000.00,6.0,,Corgi_Adv.40C8.C8_ETF_Holdings.csv,2026-07-15T23:38:01.900Z,
Trinity Industries Inc,TRN,,896522109,,,228.0,8221.68,0.9963355552691037,,,,,DOCK,2026-07-16,,,,,,,,,,,,,92976.0,2026-07-16T00:00:00.000Z,36.0600,825198.00,30000.00,6.0,,Corgi_Adv.40C8.C8_ETF_Holdings.csv,2026-07-15T23:38:01.900Z,
ArcBest Corp,ARCB,,03937C105,,,54.0,7963.38,0.9650337442127248,,,,,DOCK,2026-07-16,,,,,,,,,,,,,92939.0,2026-07-16T00:00:00.000Z,147.4700,825198.00,30000.00,6.0,,Corgi_Adv.40C8.C8_ETF_Holdings.csv,2026-07-15T23:38:01.900Z,
Terex Corp,TEX,,880779103,,,192.0,12579.84,1.524474544326279,,,,,DOCK,2026-07-16,,,,,,,,,,,,,92974.0,2026-07-16T00:00:00.000Z,65.5200,825198.00,30000.00,6.0,,Corgi_Adv.40C8.C8_ETF_Holdings.csv,2026-07-15T23:38:01.900Z,
Matson Inc,MATX,,57686G105,,,60.0,12534.0,1.518919472631256,,,,,DOCK,2026-07-16,,,,,,,,,,,,,92963.0,2026-07-16T00:00:00.000Z,208.9000,825198.00,30000.00,6.0,,Corgi_Adv.40C8.C8_ETF_Holdings.csv,2026-07-15T23:38:01.900Z,
Schneider National Inc,SNDR,,80689H102,,,348.0,12681.12,1.5367480535163296,,,,,DOCK,2026-07-16,,,,,,,,,,,,,92973.0,2026-07-16T00:00:00.000Z,36.4400,825198.00,30000.00,6.0,,Corgi_Adv.40C8.C8_ETF_Holdings.csv,2026-07-15T23:38:01.900Z,
Global Ship Lease Inc,GSL,,Y27183600,,,132.0,5430.48,0.6580869489177105,,,,,DOCK,2026-07-16,,,,,,,,,,,,,92954.0,2026-07-16T00:00:00.000Z,41.1400,825198.00,30000.00,6.0,,Corgi_Adv.40C8.C8_ETF_Holdings.csv,2026-07-15T23:38:01.900Z,
GXO Logistics Inc,GXO,,36262G101,,,198.0,10353.42,1.2546682021964177,,,,,DOCK,2026-07-16,,,,,,,,,,,,,92955.0,2026-07-16T00:00:00.000Z,52.2900,825198.00,30000.00,6.0,,Corgi_Adv.40C8.C8_ETF_Holdings.csv,2026-07-15T23:38:01.900Z,
Heartland Express Inc,HTLD,,422347104,,,408.0,5924.16,0.7179130351829569,,,,,DOCK,2026-07-16,,,,,,,,,,,,,92956.0,2026-07-16T00:00:00.000Z,14.5200,825198.00,30000.00,6.0,,Corgi_Adv.40C8.C8_ETF_Holdings.csv,2026-07-15T23:38:01.900Z,
Hub Group Inc,HUBG,,443320106,,,150.0,7170.0,0.8688888318785788,,,,,DOCK,2026-07-16,,,,,,,,,,,,,92957.0,2026-07-16T00:00:00.000Z,47.8000,825198.00,30000.00,6.0,,Corgi_Adv.40C8.C8_ETF_Holdings.csv,2026-07-15T23:38:01.900Z,
JB Hunt Transport Services Inc,JBHT,,445658107,,,90.0,24865.2,3.013262842737411,,,,,DOCK,2026-07-16,,,,,,,,,,,,,92958.0,2026-07-16T00:00:00.000Z,276.2800,825198.00,30000.00,6.0,,Corgi_Adv.40C8.C8_ETF_Holdings.csv,2026-07-15T23:38:01.900Z,
Kirby Corp,KEX,,497266106,,,84.0,11918.76,1.444362266923449,,,,,DOCK,2026-07-16,,,,,,,,,,,,,92959.0,2026-07-16T00:00:00.000Z,141.8900,825198.00,30000.00,6.0,,Corgi_Adv.40C8.C8_ETF_Holdings.csv,2026-07-15T23:38:01.900Z,
Knight-Swift Transportation Holdings Inc,KNX,,499049104,,,276.0,20305.32,2.460678629807635,,,,,DOCK,2026-07-16,,,,,,,,,,,,,92960.0,2026-07-16T00:00:00.000Z,73.5700,825198.00,30000.00,6.0,,Corgi_Adv.40C8.C8_ETF_Holdings.csv,2026-07-15T23:38:01.900Z,
Landstar System Inc,LSTR,,515098101,,,60.0,12468.6,1.5109940431187234,,,,,DOCK,2026-07-16,,,,,,,,,,,,,92961.0,2026-07-16T00:00:00.000Z,207.8100,825198.00,30000.00,6.0,,Corgi_Adv.40C8.C8_ETF_Holdings.csv,2026-07-15T23:38:01.900Z,
Manhattan Associates Inc,MANH,,562750109,,,90.0,14092.2,1.707748284044534,,,,,DOCK,2026-07-16,,,,,,,,,,,,,92962.0,2026-07-16T00:00:00.000Z,156.5800,825198.00,30000.00,6.0,,Corgi_Adv.40C8.C8_ETF_Holdings.csv,2026-07-15T23:38:01.900Z,
GATX Corp,GATX,,361448103,,,60.0,10625.4,1.2876278095178033,,,,,DOCK,2026-07-16,,,,,,,,,,,,,92953.0,2026-07-16T00:00:00.000Z,177.0900,825198.00,30000.00,6.0,,Corgi_Adv.40C8.C8_ETF_Holdings.csv,2026-07-15T23:38:01.900Z,
Marten Transport Ltd,MRTN,,573075108,,,276.0,4738.92,0.5742809850998654,,,,,DOCK,2026-07-16,,,,,,,,,,,,,92964.0,2026-07-16T00:00:00.000Z,17.1700,825198.00,30000.00,6.0,,Corgi_Adv.40C8.C8_ETF_Holdings.csv,2026-07-15T23:38:01.900Z,
Norfolk Southern Corp,NSC,,655844108,,,114.0,37453.56,4.5387698742111935,,,,,DOCK,2026-07-16,,,,,,,,,,,,,92965.0,2026-07-16T00:00:00.000Z,328.5400,825198.00,30000.00,6.0,,Corgi_Adv.40C8.C8_ETF_Holdings.csv,2026-07-15T23:38:01.900Z,
Old Dominion Freight Line Inc,ODFL,,679580100,,,132.0,29730.36,3.6028420881073395,,,,,DOCK,2026-07-16,,,,,,,,,,,,,92966.0,2026-07-16T00:00:00.000Z,225.2300,825198.00,30000.00,6.0,,Corgi_Adv.40C8.C8_ETF_Holdings.csv,2026-07-15T23:38:01.900Z,
PACCAR Inc,PCAR,,693718108,,,329.0,40516.35,4.909930826148347,,,,,DOCK,2026-07-16,,,,,,,,,,,,,92967.0,2026-07-16T00:00:00.000Z,123.1500,825198.00,30000.00,6.0,,Corgi_Adv.40C8.C8_ETF_Holdings.csv,2026-07-15T23:38:01.900Z,
Ryder System Inc,R,,783549108,,,48.0,12695.04,1.5384349339263366,,,,,DOCK,2026-07-16,,,,,,,,,,,,,92968.0,2026-07-16T00:00:00.000Z,264.4800,825198.00,30000.00,6.0,,Corgi_Adv.40C8.C8_ETF_Holdings.csv,2026-07-15T23:38:01.900Z,
FreightCar America Inc,RAIL,,357023100,,,210.0,1671.6,0.20257106992583435,,,,,DOCK,2026-07-16,,,,,,,,,,,,,92969.0,2026-07-16T00:00:00.000Z,7.9600,825198.00,30000.00,6.0,,Corgi_Adv.40C8.C8_ETF_Holdings.csv,2026-07-15T23:38:01.900Z,
Radiant Logistics Inc,RLGT,,75025X100,,,300.0,2799.0,0.33919384106389705,,,,,DOCK,2026-07-16,,,,,,,,,,,,,92970.0,2026-07-16T00:00:00.000Z,9.3300,825198.00,30000.00,6.0,,Corgi_Adv.40C8.C8_ETF_Holdings.csv,2026-07-15T23:38:01.900Z,
RXO Inc,RXO,,74982T103,,,360.0,9745.2,1.1809617077298642,,,,,DOCK,2026-07-16,,,,,,,,,,,,,92971.0,2026-07-16T00:00:00.000Z,27.0700,825198.00,30000.00,6.0,,Corgi_Adv.40C8.C8_ETF_Holdings.csv,2026-07-15T23:38:01.900Z,
Saia Inc,SAIA,,78709Y105,,,38.0,15847.9,1.92051092311416,,,,,DOCK,2026-07-16,,,,,,,,,,,,,92972.0,2026-07-16T00:00:00.000Z,417.0500,825198.00,30000.00,6.0,,Corgi_Adv.40C8.C8_ETF_Holdings.csv,2026-07-15T23:38:01.900Z,
Atkore Inc,ATKR,,47649108,,,260.0,19195.8,1.6512164579721853,,,,,WATS,2026-07-16,,,,,,,,,,,,,93989.0,2026-07-16T00:00:00.000Z,73.8300,1162530.00,50000.00,10.0,,Corgi_Adv.40C8.C8_ETF_Holdings.csv,2026-07-15T23:38:01.900Z,
Albemarle Corp,ALB,,12653101,,,310.0,38669.4,3.32632918137872,,,,,WATS,2026-07-16,,,,,,,,,,,,,93986.0,2026-07-16T00:00:00.000Z,124.7400,1162530.00,50000.00,10.0,,Corgi_Adv.40C8.C8_ETF_Holdings.csv,2026-07-15T23:38:01.900Z,
Microvast Holdings Inc,MVST,,59516C106,,,21190.0,20774.68,1.7870312008411007,,,,,WATS,2026-07-16,,,,,,,,,,,,,93999.0,2026-07-16T00:00:00.000Z,0.9804,1162530.00,50000.00,10.0,,Corgi_Adv.40C8.C8_ETF_Holdings.csv,2026-07-15T23:38:01.900Z,
American Battery Technology Co,ABAT,,02451V309,,,12260.0,31263.0,2.6892330679411347,,,,,WATS,2026-07-16,,,,,,,,,,,,,93984.0,2026-07-16T00:00:00.000Z,2.5500,1162530.00,50000.00,10.0,,Corgi_Adv.40C8.C8_ETF_Holdings.csv,2026-07-15T23:38:01.900Z,
AES Corp/The,AES,,00130H105,,,2780.0,41171.8,3.541584813570637,,,,,WATS,2026-07-16,,,,,,,,,,,,,93985.0,2026-07-16T00:00:00.000Z,14.8100,1162530.00,50000.00,10.0,,Corgi_Adv.40C8.C8_ETF_Holdings.csv,2026-07-15T23:38:01.900Z,
Energy Vault Holdings Inc,NRGV,,29280W109,,,10430.0,34001.8,2.9248237510642254,,,,,WATS,2026-07-16,,,,,,,,,,,,,94000.0,2026-07-16T00:00:00.000Z,3.2600,1162530.00,50000.00,10.0,,Corgi_Adv.40C8.C8_ETF_Holdings.csv,2026-07-15T23:38:01.900Z,
Cash & Other,Cash&Other,,Cash&Other,,,-129.95,-129.95,-0.011178256634966268,,,,,WATS,2026-07-16,,,,,,,,,,,,,94009.0,2026-07-16T00:00:00.000Z,1.0000,1162530.00,50000.00,10.0,Y,Corgi_Adv.40C8.C8_ETF_Holdings.csv,2026-07-15T23:38:01.900Z,
Tesla Inc,TSLA,,88160R101,,,472.0,186185.12,16.015583324139985,,,,,WATS,2026-07-16,,,,,,,,,,,,,94008.0,2026-07-16T00:00:00.000Z,394.4600,1162530.00,50000.00,10.0,,Corgi_Adv.40C8.C8_ETF_Holdings.csv,2026-07-15T23:38:01.900Z,
T1 Energy Inc,TE,,35834F104,,,2280.0,15184.8,1.306191545599352,,,,,WATS,2026-07-16,,,,,,,,,,,,,94007.0,2026-07-16T00:00:00.000Z,6.6600,1162530.00,50000.00,10.0,,Corgi_Adv.40C8.C8_ETF_Holdings.csv,2026-07-15T23:38:01.900Z,
Sociedad Quimica y Minera de Chile SA,SQM,,833635105,,,610.0,43627.2,3.7527975210850357,,,,,WATS,2026-07-16,,,,,,,,,,,,,94005.0,2026-07-16T00:00:00.000Z,71.5200,1162530.00,50000.00,10.0,,Corgi_Adv.40C8.C8_ETF_Holdings.csv,2026-07-15T23:38:01.900Z,
Solid Power Inc,SLDP,,83422N105,,,12440.0,30104.8,2.5896050815262215,,,,,WATS,2026-07-16,,,,,,,,,,,,,94004.0,2026-07-16T00:00:00.000Z,2.4200,1162530.00,50000.00,10.0,,Corgi_Adv.40C8.C8_ETF_Holdings.csv,2026-07-15T23:38:01.900Z,
SES AI Corp,SES,,78397Q109,,,31830.0,22281.0,1.9166043561653208,,,,,WATS,2026-07-16,,,,,,,,,,,,,94003.0,2026-07-16T00:00:00.000Z,0.7000,1162530.00,50000.00,10.0,,Corgi_Adv.40C8.C8_ETF_Holdings.csv,2026-07-15T23:38:01.900Z,
SolarEdge Technologies Inc,SEDG,,83417M104,,,1470.0,80232.6,6.901582095348939,,,,,WATS,2026-07-16,,,,,,,,,,,,,94002.0,2026-07-16T00:00:00.000Z,54.5800,1162530.00,50000.00,10.0,,Corgi_Adv.40C8.C8_ETF_Holdings.csv,2026-07-15T23:38:01.900Z,
Stem Inc,STEM,,85859N300,,,2900.0,19227.0,1.6539002718006652,,,,,WATS,2026-07-16,,,,,,,,,,,,,94006.0,2026-07-16T00:00:00.000Z,6.6300,1162530.00,50000.00,10.0,,Corgi_Adv.40C8.C8_ETF_Holdings.csv,2026-07-15T23:38:01.900Z,
Amprius Technologies Inc,AMPX,,03214Q108,,,2630.0,29824.2,2.5654679610047015,,,,,WATS,2026-07-16,,,,,,,,,,,,,93987.0,2026-07-16T00:00:00.000Z,11.3400,1162530.00,50000.00,10.0,,Corgi_Adv.40C8.C8_ETF_Holdings.csv,2026-07-15T23:38:01.900Z,
Enovix Corp,ENVX,,293594107,,,7420.0,37916.2,3.2615391629296497,,,,,WATS,2026-07-16,,,,,,,,,,,,,93993.0,2026-07-16T00:00:00.000Z,5.1100,1162530.00,50000.00,10.0,,Corgi_Adv.40C8.C8_ETF_Holdings.csv,2026-07-15T23:38:01.900Z,
American Superconductor Corp,AMSC,,30111207,,,360.0,12708.0,1.0931380170615723,,,,,WATS,2026-07-16,,,,,,,,,,,,,93988.0,2026-07-16T00:00:00.000Z,35.3000,1162530.00,50000.00,10.0,,Corgi_Adv.40C8.C8_ETF_Holdings.csv,2026-07-15T23:38:01.900Z,
Fluence Energy Inc,FLNC,,34379V103,,,3740.0,57483.8,4.94473773569122,,,,,WATS,2026-07-16,,,,,,,,,,,,,93997.0,2026-07-16T00:00:00.000Z,15.3700,1162530.00,50000.00,10.0,,Corgi_Adv.40C8.C8_ETF_Holdings.csv,2026-07-15T23:38:01.900Z,
First American Government Obligations Fund 12/01/2031,FGXXX,,31846V336,,,60504.28,60504.28,5.204558440583739,,,,,WATS,2026-07-16,,,,,,,,,,,,,93996.0,2026-07-16T00:00:00.000Z,100.0000,1162530.00,50000.00,10.0,Y,Corgi_Adv.40C8.C8_ETF_Holdings.csv,2026-07-15T23:38:01.900Z,
Eos Energy Enterprises Inc,EOSER,,29415C127,,,7580.0,221.34,0.019039594640888294,,,,,WATS,2026-07-16,,,,,,,,,,,,,93995.0,2026-07-16T00:00:00.000Z,0.0292,1162530.00,50000.00,10.0,,Corgi_Adv.40C8.C8_ETF_Holdings.csv,2026-07-15T23:38:01.900Z,
Eos Energy Enterprises Inc,EOSE,,29415C101,,,7580.0,33124.6,2.8493672930404284,,,,,WATS,2026-07-16,,,,,,,,,,,,,93994.0,2026-07-16T00:00:00.000Z,4.3700,1162530.00,50000.00,10.0,,Corgi_Adv.40C8.C8_ETF_Holdings.csv,2026-07-15T23:38:01.900Z,
Generac Holdings Inc,GNRC,,368736104,,,190.0,43050.2,3.7031641691929575,,,,,WATS,2026-07-16,,,,,,,,,,,,,93998.0,2026-07-16T00:00:00.000Z,226.5800,1162530.00,50000.00,10.0,,Corgi_Adv.40C8.C8_ETF_Holdings.csv,2026-07-15T23:38:01.900Z,
Sunrun Inc,RUN,,86771W105,,,4484.0,57260.68,4.92554502603063,,,,,WATS,2026-07-16,,,,,,,,,,,,,94001.0,2026-07-16T00:00:00.000Z,12.7700,1162530.00,50000.00,10.0,,Corgi_Adv.40C8.C8_ETF_Holdings.csv,2026-07-15T23:38:01.900Z,
EnerSys,ENS,,29275Y102,,,310.0,62703.7,5.3937518319502455,,,,,WATS,2026-07-16,,,,,,,,,,,,,93992.0,2026-07-16T00:00:00.000Z,202.2700,1162530.00,50000.00,10.0,,Corgi_Adv.40C8.C8_ETF_Holdings.csv,2026-07-15T23:38:01.900Z,
Enphase Energy Inc,ENPH,,29355A107,,,1830.0,80611.5,6.9341749498236505,,,,,WATS,2026-07-16,,,,,,,,,,,,,93991.0,2026-07-16T00:00:00.000Z,44.0500,1162530.00,50000.00,10.0,,Corgi_Adv.40C8.C8_ETF_Holdings.csv,2026-07-15T23:38:01.900Z,
Bloom Energy Corp,BE,,93712107,,,440.0,105327.2,9.060211406251781,,,,,WATS,2026-07-16,,,,,,,,,,,,,93990.0,2026-07-16T00:00:00.000Z,239.3800,1162530.00,50000.00,10.0,,Corgi_Adv.40C8.C8_ETF_Holdings.csv,2026-07-15T23:38:01.900Z,
Hims & Hers Health Inc,HIMS,,433000106,,,1478.0,54937.26,5.485047886337111,,,,,GLAM,2026-07-16,,,,,,,,,,,,,93190.0,2026-07-16T00:00:00.000Z,37.1700,975950.50,35000.00,7.0,,Corgi_Adv.40C8.C8_ETF_Holdings.csv,2026-07-15T23:38:01.900Z,
Establishment Labs Holdings Inc,ESTA,,G31249108,,,406.0,36791.72,3.673360229845952,,,,,GLAM,2026-07-16,,,,,,,,,,,,,93187.0,2026-07-16T00:00:00.000Z,90.6200,975950.50,35000.00,7.0,,Corgi_Adv.40C8.C8_ETF_Holdings.csv,2026-07-15T23:38:01.900Z,
Cash & Other,Cash&Other,,Cash&Other,,,-27065.19,-27065.19,-2.702243672196471,,,,,GLAM,2026-07-16,,,,,,,,,,,,,93201.0,2026-07-16T00:00:00.000Z,1.0000,975950.50,35000.00,7.0,Y,Corgi_Adv.40C8.C8_ETF_Holdings.csv,2026-07-15T23:38:01.900Z,
AbbVie Inc,ABBV,,00287Y109,,,553.0,134992.83,13.477958981976258,,,,,GLAM,2026-07-16,,,,,,,,,,,,,93176.0,2026-07-16T00:00:00.000Z,244.1100,975950.50,35000.00,7.0,,Corgi_Adv.40C8.C8_ETF_Holdings.csv,2026-07-15T23:38:01.900Z,
AirSculpt Technologies Inc,AIRS,,9496100,,,4270.0,17720.5,1.7692507975431753,,,,,GLAM,2026-07-16,,,,,,,,,,,,,93177.0,2026-07-16T00:00:00.000Z,4.1500,975950.50,35000.00,7.0,,Corgi_Adv.40C8.C8_ETF_Holdings.csv,2026-07-15T23:38:01.900Z,
Align Technology Inc,ALGN,,16255101,,,238.0,43139.88,4.307173448600032,,,,,GLAM,2026-07-16,,,,,,,,,,,,,93178.0,2026-07-16T00:00:00.000Z,181.2600,975950.50,35000.00,7.0,,Corgi_Adv.40C8.C8_ETF_Holdings.csv,2026-07-15T23:38:01.900Z,
AptarGroup Inc,ATR,,38336103,,,329.0,42477.19,4.241009129815355,,,,,GLAM,2026-07-16,,,,,,,,,,,,,93179.0,2026-07-16T00:00:00.000Z,129.1100,975950.50,35000.00,7.0,,Corgi_Adv.40C8.C8_ETF_Holdings.csv,2026-07-15T23:38:01.900Z,
Bath & Body Works Inc,BBWI,,70830104,,,1680.0,34708.8,3.4653972563847844,,,,,GLAM,2026-07-16,,,,,,,,,,,,,93180.0,2026-07-16T00:00:00.000Z,20.6600,975950.50,35000.00,7.0,,Corgi_Adv.40C8.C8_ETF_Holdings.csv,2026-07-15T23:38:01.900Z,
Colgate-Palmolive Co,CL,,194162103,,,833.0,76194.51,7.6074150044249,,,,,GLAM,2026-07-16,,,,,,,,,,,,,93181.0,2026-07-16T00:00:00.000Z,91.4700,975950.50,35000.00,7.0,,Corgi_Adv.40C8.C8_ETF_Holdings.csv,2026-07-15T23:38:01.900Z,
Estee Lauder Cos Inc/The,EL,,518439104,,,581.0,47822.11,4.774656824451762,,,,,GLAM,2026-07-16,,,,,,,,,,,,,93183.0,2026-07-16T00:00:00.000Z,82.3100,975950.50,35000.00,7.0,,Corgi_Adv.40C8.C8_ETF_Holdings.csv,2026-07-15T23:38:01.900Z,
elf Beauty Inc,ELF,,26856L103,,,504.0,37406.88,3.7347790566632906,,,,,GLAM,2026-07-16,,,,,,,,,,,,,93184.0,2026-07-16T00:00:00.000Z,74.2200,975950.50,35000.00,7.0,,Corgi_Adv.40C8.C8_ETF_Holdings.csv,2026-07-15T23:38:01.900Z,
Evolus Inc,EOLS,,30052C107,,,4605.0,27445.8,2.7402445494884726,,,,,GLAM,2026-07-16,,,,,,,,,,,,,93185.0,2026-07-16T00:00:00.000Z,5.9600,975950.50,35000.00,7.0,,Corgi_Adv.40C8.C8_ETF_Holdings.csv,2026-07-15T23:38:01.900Z,
Edgewell Personal Care Co,EPC,,28035Q102,,,1036.0,28852.6,2.8807023256225395,,,,,GLAM,2026-07-16,,,,,,,,,,,,,93186.0,2026-07-16T00:00:00.000Z,27.8500,975950.50,35000.00,7.0,,Corgi_Adv.40C8.C8_ETF_Holdings.csv,2026-07-15T23:38:01.900Z,
Coty Inc,COTY,,222070203,,,9380.0,22230.6,2.2195483637517737,,,,,GLAM,2026-07-16,,,,,,,,,,,,,93182.0,2026-07-16T00:00:00.000Z,2.3700,975950.50,35000.00,7.0,,Corgi_Adv.40C8.C8_ETF_Holdings.csv,2026-07-15T23:38:01.900Z,
First American Government Obligations Fund 12/01/2031,FGXXX,,31846V336,,,74613.61,74613.61,7.449574729836937,,,,,GLAM,2026-07-16,,,,,,,,,,,,,93188.0,2026-07-16T00:00:00.000Z,100.0000,975950.50,35000.00,7.0,Y,Corgi_Adv.40C8.C8_ETF_Holdings.csv,2026-07-15T23:38:01.900Z,
Kenvue Inc,KVUE,,49177J102,,,2590.0,48433.0,4.835649325775718,,,,,GLAM,2026-07-16,,,,,,,,,,,,,93195.0,2026-07-16T00:00:00.000Z,18.7000,975950.50,35000.00,7.0,,Corgi_Adv.40C8.C8_ETF_Holdings.csv,2026-07-15T23:38:01.900Z,
Helen of Troy Ltd,HELE,,G4388N106,,,784.0,21991.2,2.195646180352218,,,,,GLAM,2026-07-16,,,,,,,,,,,,,93189.0,2026-07-16T00:00:00.000Z,28.0500,975950.50,35000.00,7.0,,Corgi_Adv.40C8.C8_ETF_Holdings.csv,2026-07-15T23:38:01.900Z,
ULTA BEAUTY INC,ULTA,,90384S303,,,95.0,44283.3,4.421334829313151,,,,,GLAM,2026-07-16,,,,,,,,,,,,,93199.0,2026-07-16T00:00:00.000Z,466.1400,975950.50,35000.00,7.0,,Corgi_Adv.40C8.C8_ETF_Holdings.csv,2026-07-15T23:38:01.900Z,
Sally Beauty Holdings Inc,SBH,,79546E104,,,1764.0,26107.2,2.606596000204237,,,,,GLAM,2026-07-16,,,,,,,,,,,,,93198.0,2026-07-16T00:00:00.000Z,14.8000,975950.50,35000.00,7.0,,Corgi_Adv.40C8.C8_ETF_Holdings.csv,2026-07-15T23:38:01.900Z,
Oddity Tech Ltd,ODD,,M7518J104,,,1323.0,23059.89,2.3023463657209384,,,,,GLAM,2026-07-16,,,,,,,,,,,,,93197.0,2026-07-16T00:00:00.000Z,17.4300,975950.50,35000.00,7.0,,Corgi_Adv.40C8.C8_ETF_Holdings.csv,2026-07-15T23:38:01.900Z,
Nu Skin Enterprises Inc,NUS,,67018T105,,,2464.0,12738.88,1.2718757145569708,,,,,GLAM,2026-07-16,,,,,,,,,,,,,93196.0,2026-07-16T00:00:00.000Z,5.1700,975950.50,35000.00,7.0,,Corgi_Adv.40C8.C8_ETF_Holdings.csv,2026-07-15T23:38:01.900Z,
USANA Health Sciences Inc,USNA,,90328M107,,,840.0,18732.0,1.8702410168775576,,,,,GLAM,2026-07-16,,,,,,,,,,,,,93200.0,2026-07-16T00:00:00.000Z,22.3000,975950.50,35000.00,7.0,,Corgi_Adv.40C8.C8_ETF_Holdings.csv,2026-07-15T23:38:01.900Z,
Interparfums Inc,IPAR,,458334109,,,301.0,36225.35,3.616812695961212,,,,,GLAM,2026-07-16,,,,,,,,,,,,,93194.0,2026-07-16T00:00:00.000Z,120.3500,975950.50,35000.00,7.0,,Corgi_Adv.40C8.C8_ETF_Holdings.csv,2026-07-15T23:38:01.900Z,
Inmode Ltd,INMD,,M5425M103,,,1582.0,24172.96,2.413477540643846,,,,,GLAM,2026-07-16,,,,,,,,,,,,,93193.0,2026-07-16T00:00:00.000Z,15.2800,975950.50,35000.00,7.0,,Corgi_Adv.40C8.C8_ETF_Holdings.csv,2026-07-15T23:38:01.900Z,
International Flavors & Fragrances Inc,IFF,,459506101,,,637.0,47972.47,4.789669072972887,,,,,GLAM,2026-07-16,,,,,,,,,,,,,93192.0,2026-07-16T00:00:00.000Z,75.3100,975950.50,35000.00,7.0,,Corgi_Adv.40C8.C8_ETF_Holdings.csv,2026-07-15T23:38:01.900Z,
Honest Co Inc/The,HNST,,438333106,,,4977.0,19957.77,1.992624389248794,,,,,GLAM,2026-07-16,,,,,,,,,,,,,93191.0,2026-07-16T00:00:00.000Z,4.0100,975950.50,35000.00,7.0,,Corgi_Adv.40C8.C8_ETF_Holdings.csv,2026-07-15T23:38:01.900Z,
Olaplex Holdings Inc,OLPX,,679369108,,,12386.0,25639.02,2.5598519558266086,,,,,GLAM,2026-07-16,,,,,,,,,,,,,72533.0,2026-07-07T00:00:00.000Z,2.0700,1562709.50,55000.00,11.0,,Corgi_Adv.40C8.C8_ETF_Holdings.csv,2026-07-06T23:38:01.855Z,
BGC Group Inc,BGC,,88929104,,,405.0,4544.1,0.37099183333010033,,,,,NYNY,2026-07-16,,,,,,,,,,,,,93563.0,2026-07-16T00:00:00.000Z,11.2200,1224855.00,45000.00,9.0,,Corgi_Adv.40C8.C8_ETF_Holdings.csv,2026-07-15T23:38:01.900Z,
MSCI Inc,MSCI,,55354G100,,,36.0,22383.72,1.8274635944516258,,,,,NYNY,2026-07-16,,,,,,,,,,,,,93594.0,2026-07-16T00:00:00.000Z,621.7700,1224855.00,45000.00,9.0,,Corgi_Adv.40C8.C8_ETF_Holdings.csv,2026-07-15T23:38:01.900Z,
Nasdaq Inc,NDAQ,,631103108,,,225.0,20556.0,1.678243904388887,,,,,NYNY,2026-07-16,,,,,,,,,,,,,93596.0,2026-07-16T00:00:00.000Z,91.3600,1224855.00,45000.00,9.0,,Corgi_Adv.40C8.C8_ETF_Holdings.csv,2026-07-15T23:38:01.900Z,
Annaly Capital Management Inc,NLY,,35710839,,,477.0,11047.32,0.9019311855338314,,,,,NYNY,2026-07-16,,,,,,,,,,,,,93597.0,2026-07-16T00:00:00.000Z,23.1600,1224855.00,45000.00,9.0,,Corgi_Adv.40C8.C8_ETF_Holdings.csv,2026-07-15T23:38:01.900Z,
News Corp,NWSA,,65249B109,,,306.0,8561.88,0.6990135687930105,,,,,NYNY,2026-07-16,,,,,,,,,,,,,93598.0,2026-07-16T00:00:00.000Z,27.9800,1224855.00,45000.00,9.0,,Corgi_Adv.40C8.C8_ETF_Holdings.csv,2026-07-15T23:38:01.900Z,
New York Times Co/The,NYT,,650111107,,,117.0,8800.74,0.7185147041793858,,,,,NYNY,2026-07-16,,,,,,,,,,,,,93599.0,2026-07-16T00:00:00.000Z,75.2200,1224855.00,45000.00,9.0,,Corgi_Adv.40C8.C8_ETF_Holdings.csv,2026-07-15T23:38:01.900Z,
Omnicom Group Inc,OMC,,681919106,,,171.0,13839.03,1.1298534607975745,,,,,NYNY,2026-07-16,,,,,,,,,,,,,93600.0,2026-07-16T00:00:00.000Z,80.9300,1224855.00,45000.00,9.0,,Corgi_Adv.40C8.C8_ETF_Holdings.csv,2026-07-15T23:38:01.900Z,
Blue Owl Capital Inc,OWL,,09581B103,,,639.0,6191.91,0.5055232153154599,,,,,NYNY,2026-07-16,,,,,,,,,,,,,93601.0,2026-07-16T00:00:00.000Z,9.6900,1224855.00,45000.00,9.0,,Corgi_Adv.40C8.C8_ETF_Holdings.csv,2026-07-15T23:38:01.900Z,
Pfizer Inc,PFE,,717081103,,,1548.0,38421.36,3.136817144304875,,,,,NYNY,2026-07-16,,,,,,,,,,,,,93602.0,2026-07-16T00:00:00.000Z,24.8200,1224855.00,45000.00,9.0,,Corgi_Adv.40C8.C8_ETF_Holdings.csv,2026-07-15T23:38:01.900Z,
PJT Partners Inc,PJT,,69343T107,,,27.0,4551.12,0.3715649639104082,,,,,NYNY,2026-07-16,,,,,,,,,,,,,93603.0,2026-07-16T00:00:00.000Z,168.5600,1224855.00,45000.00,9.0,,Corgi_Adv.40C8.C8_ETF_Holdings.csv,2026-07-15T23:38:01.900Z,
Paramount Skydance Corp,PSKY,,69932A204,,,648.0,5994.0,0.4893653416475476,,,,,NYNY,2026-07-16,,,,,,,,,,,,,93604.0,2026-07-16T00:00:00.000Z,9.2500,1224855.00,45000.00,9.0,,Corgi_Adv.40C8.C8_ETF_Holdings.csv,2026-07-15T23:38:01.900Z,
Rithm Capital Corp,RITM,,64828T201,,,576.0,5316.48,0.43405089281987885,,,,,NYNY,2026-07-16,,,,,,,,,,,,,93605.0,2026-07-16T00:00:00.000Z,9.2300,1224855.00,45000.00,9.0,,Corgi_Adv.40C8.C8_ETF_Holdings.csv,2026-07-15T23:38:01.900Z,
Ralph Lauren Corp,RL,,751212101,,,27.0,10100.16,0.8246026441599756,,,,,NYNY,2026-07-16,,,,,,,,,,,,,93606.0,2026-07-16T00:00:00.000Z,374.0800,1224855.00,45000.00,9.0,,Corgi_Adv.40C8.C8_ETF_Holdings.csv,2026-07-15T23:38:01.900Z,
StoneX Group Inc,SNEX,,861896108,,,54.0,6232.14,0.5088076944103016,,,,,NYNY,2026-07-16,,,,,,,,,,,,,93607.0,2026-07-16T00:00:00.000Z,115.4100,1224855.00,45000.00,9.0,,Corgi_Adv.40C8.C8_ETF_Holdings.csv,2026-07-15T23:38:01.900Z,
Tapestry Inc,TPR,,876030107,,,108.0,15148.08,1.2367276183690996,,,,,NYNY,2026-07-16,,,,,,,,,,,,,93609.0,2026-07-16T00:00:00.000Z,140.2600,1224855.00,45000.00,9.0,,Corgi_Adv.40C8.C8_ETF_Holdings.csv,2026-07-15T23:38:01.900Z,
Travelers Cos Inc/The,TRV,,89417E109,,,81.0,26664.39,2.1769483353642727,,,,,NYNY,2026-07-16,,,,,,,,,,,,,93610.0,2026-07-16T00:00:00.000Z,329.1900,1224855.00,45000.00,9.0,,Corgi_Adv.40C8.C8_ETF_Holdings.csv,2026-07-15T23:38:01.900Z,
Tradeweb Markets Inc,TW,,892672106,,,90.0,9061.2,0.7397793182744009,,,,,NYNY,2026-07-16,,,,,,,,,,,,,93611.0,2026-07-16T00:00:00.000Z,100.6800,1224855.00,45000.00,9.0,,Corgi_Adv.40C8.C8_ETF_Holdings.csv,2026-07-15T23:38:01.900Z,
VICI Properties Inc,VICI,,925652109,,,558.0,14680.98,1.1985923912947636,,,,,NYNY,2026-07-16,,,,,,,,,,,,,93612.0,2026-07-16T00:00:00.000Z,26.3100,1224855.00,45000.00,9.0,,Corgi_Adv.40C8.C8_ETF_Holdings.csv,2026-07-15T23:38:01.900Z,
Virtu Financial Inc,VIRT,,928254101,,,99.0,5998.41,0.48972538521722825,,,,,NYNY,2026-07-16,,,,,,,,,,,,,93613.0,2026-07-16T00:00:00.000Z,60.5900,1224855.00,45000.00,9.0,,Corgi_Adv.40C8.C8_ETF_Holdings.csv,2026-07-15T23:38:01.900Z,
Verizon Communications Inc,VZ,,92343V104,,,1017.0,43558.11,3.55619442470328,,,,,NYNY,2026-07-16,,,,,,,,,,,,,93614.0,2026-07-16T00:00:00.000Z,42.8300,1224855.00,45000.00,9.0,,Corgi_Adv.40C8.C8_ETF_Holdings.csv,2026-07-15T23:38:01.900Z,
Warner Bros Discovery Inc,WBD,,934423104,,,918.0,25033.86,2.0438277363458255,,,,,NYNY,2026-07-16,,,,,,,,,,,,,93615.0,2026-07-16T00:00:00.000Z,27.2700,1224855.00,45000.00,9.0,,Corgi_Adv.40C8.C8_ETF_Holdings.csv,2026-07-15T23:38:01.900Z,
Cash & Other,Cash&Other,,Cash&Other,,,2216.09,2216.09,0.18092720052914812,,,,,NYNY,2026-07-16,,,,,,,,,,,,,93617.0,2026-07-16T00:00:00.000Z,1.0000,1224855.00,45000.00,9.0,Y,Corgi_Adv.40C8.C8_ETF_Holdings.csv,2026-07-15T23:38:01.900Z,
American International Group Inc,AIG,,26874784,,,243.0,18657.54,1.523248821555353,,,,,NYNY,2026-07-16,,,,,,,,,,,,,93558.0,2026-07-16T00:00:00.000Z,76.7800,1224855.00,45000.00,9.0,,Corgi_Adv.40C8.C8_ETF_Holdings.csv,2026-07-15T23:38:01.900Z,
Assurant Inc,AIZ,,04621X108,,,36.0,9861.12,0.8050868131176953,,,,,NYNY,2026-07-16,,,,,,,,,,,,,93559.0,2026-07-16T00:00:00.000Z,273.9200,1224855.00,45000.00,9.0,,Corgi_Adv.40C8.C8_ETF_Holdings.csv,2026-07-15T23:38:01.900Z,
Apollo Global Management Inc,APO,,03769M106,,,162.0,19736.46,1.6113345830519112,,,,,NYNY,2026-07-16,,,,,,,,,,,,,93560.0,2026-07-16T00:00:00.000Z,121.8300,1224855.00,45000.00,9.0,,Corgi_Adv.40C8.C8_ETF_Holdings.csv,2026-07-15T23:38:01.900Z,
American Express Co,AXP,,25816109,,,126.0,45163.44,3.6872576318949815,,,,,NYNY,2026-07-16,,,,,,,,,,,,,93561.0,2026-07-16T00:00:00.000Z,358.4400,1224855.00,45000.00,9.0,,Corgi_Adv.40C8.C8_ETF_Holdings.csv,2026-07-15T23:38:01.900Z,
Axsome Therapeutics Inc,AXSM,,05464T104,,,36.0,8551.08,0.6981318294386906,,,,,NYNY,2026-07-16,,,,,,,,,,,,,93562.0,2026-07-16T00:00:00.000Z,237.5300,1224855.00,45000.00,9.0,,Corgi_Adv.40C8.C8_ETF_Holdings.csv,2026-07-15T23:38:01.900Z,
WP Carey Inc,WPC,,92936U109,,,144.0,10382.4,0.8476454326195358,,,,,NYNY,2026-07-16,,,,,,,,,,,,,93616.0,2026-07-16T00:00:00.000Z,72.1000,1224855.00,45000.00,9.0,,Corgi_Adv.40C8.C8_ETF_Holdings.csv,2026-07-15T23:38:01.900Z,
Blackrock Inc,BLK,,09290D101,,,36.0,39362.4,3.2136460333779495,,,,,NYNY,2026-07-16,,,,,,,,,,,,,93564.0,2026-07-16T00:00:00.000Z,1093.4000,1224855.00,45000.00,9.0,,Corgi_Adv.40C8.C8_ETF_Holdings.csv,2026-07-15T23:38:01.900Z,
Madison Square Garden Sports Corp,MSGS,,55825T103,,,18.0,7020.36,0.5731599716197493,,,,,NYNY,2026-07-16,,,,,,,,,,,,,93595.0,2026-07-16T00:00:00.000Z,390.0200,1224855.00,45000.00,9.0,,Corgi_Adv.40C8.C8_ETF_Holdings.csv,2026-07-15T23:38:01.900Z,
S&P Global Inc,SPGI,,78409V104,,,81.0,36002.88,2.9393663115608373,,,,,NYNY,2026-07-16,,,,,,,,,,,,,93608.0,2026-07-16T00:00:00.000Z,444.4800,1224855.00,45000.00,9.0,,Corgi_Adv.40C8.C8_ETF_Holdings.csv,2026-07-15T23:38:01.900Z,
Morgan Stanley,MS,,617446448,,,252.0,57594.6,4.702169020029003,,,,,NYNY,2026-07-16,,,,,,,,,,,,,93593.0,2026-07-16T00:00:00.000Z,228.5500,1224855.00,45000.00,9.0,,Corgi_Adv.40C8.C8_ETF_Holdings.csv,2026-07-15T23:38:01.900Z,
First American Government Obligations Fund 12/01/2031,FGXXX,,31846V336,,,35812.42,35812.42,2.92381667476234,,,,,NYNY,2026-07-16,,,,,,,,,,,,,93578.0,2026-07-16T00:00:00.000Z,100.0000,1224855.00,45000.00,9.0,Y,Corgi_Adv.40C8.C8_ETF_Holdings.csv,2026-07-15T23:38:01.900Z,
Marsh & McLennan Cos Inc,MRSH,,571748102,,,162.0,28547.64,2.3307016352738064,,,,,NYNY,2026-07-16,,,,,,,,,,,,,93592.0,2026-07-16T00:00:00.000Z,176.2200,1224855.00,45000.00,9.0,,Corgi_Adv.40C8.C8_ETF_Holdings.csv,2026-07-15T23:38:01.900Z,
Bank of New York Mellon Corp/The,BNY,,64058100,,,207.0,33606.45,2.7437156966652028,,,,,NYNY,2026-07-16,,,,,,,,,,,,,93566.0,2026-07-16T00:00:00.000Z,162.3500,1224855.00,45000.00,9.0,,Corgi_Adv.40C8.C8_ETF_Holdings.csv,2026-07-15T23:38:01.900Z,
Brixmor Property Group Inc,BRX,,11120U105,,,252.0,7902.72,0.6451980768676856,,,,,NYNY,2026-07-16,,,,,,,,,,,,,93567.0,2026-07-16T00:00:00.000Z,31.3600,1224855.00,45000.00,9.0,,Corgi_Adv.40C8.C8_ETF_Holdings.csv,2026-07-15T23:38:01.900Z,
Blackstone Inc,BX,,09260D107,,,225.0,28586.25,2.3338538534655004,,,,,NYNY,2026-07-16,,,,,,,,,,,,,93568.0,2026-07-16T00:00:00.000Z,127.0500,1224855.00,45000.00,9.0,,Corgi_Adv.40C8.C8_ETF_Holdings.csv,2026-07-15T23:38:01.900Z,
Citigroup Inc,C,,172967424,,,360.0,48560.4,3.964594050140403,,,,,NYNY,2026-07-16,,,,,,,,,,,,,93569.0,2026-07-16T00:00:00.000Z,134.8900,1224855.00,45000.00,9.0,,Corgi_Adv.40C8.C8_ETF_Holdings.csv,2026-07-15T23:38:01.900Z,
Colgate-Palmolive Co,CL,,194162103,,,306.0,27989.82,2.285159797623183,,,,,NYNY,2026-07-16,,,,,,,,,,,,,93570.0,2026-07-16T00:00:00.000Z,91.4700,1224855.00,45000.00,9.0,,Corgi_Adv.40C8.C8_ETF_Holdings.csv,2026-07-15T23:38:01.900Z,
Compass Inc,COMP,,20464U100,,,756.0,9563.4,0.7807801982502763,,,,,NYNY,2026-07-16,,,,,,,,,,,,,93571.0,2026-07-16T00:00:00.000Z,12.6500,1224855.00,45000.00,9.0,,Corgi_Adv.40C8.C8_ETF_Holdings.csv,2026-07-15T23:38:01.900Z,
Datadog Inc,DDOG,,23804L103,,,144.0,38082.24,3.1091305285792297,,,,,NYNY,2026-07-16,,,,,,,,,,,,,93572.0,2026-07-16T00:00:00.000Z,264.4600,1224855.00,45000.00,9.0,,Corgi_Adv.40C8.C8_ETF_Holdings.csv,2026-07-15T23:38:01.900Z,
DigitalOcean Holdings Inc,DOCN,,25402D102,,,72.0,8614.8,0.703334091629178,,,,,NYNY,2026-07-16,,,,,,,,,,,,,93573.0,2026-07-16T00:00:00.000Z,119.6500,1224855.00,45000.00,9.0,,Corgi_Adv.40C8.C8_ETF_Holdings.csv,2026-07-15T23:38:01.900Z,
Consolidated Edison Inc,ED,,209115104,,,180.0,19855.8,1.6210778029171462,,,,,NYNY,2026-07-16,,,,,,,,,,,,,93574.0,2026-07-16T00:00:00.000Z,110.3100,1224855.00,45000.00,9.0,,Corgi_Adv.40C8.C8_ETF_Holdings.csv,2026-07-15T23:38:01.900Z,
Estee Lauder Cos Inc/The,EL,,518439104,,,153.0,12593.43,1.0281595219326787,,,,,NYNY,2026-07-16,,,,,,,,,,,,,93575.0,2026-07-16T00:00:00.000Z,82.3100,1224855.00,45000.00,9.0,,Corgi_Adv.40C8.C8_ETF_Holdings.csv,2026-07-15T23:38:01.900Z,
Etsy Inc,ETSY,,29786A106,,,81.0,6944.94,0.5670024917954153,,,,,NYNY,2026-07-16,,,,,,,,,,,,,93576.0,2026-07-16T00:00:00.000Z,85.7400,1224855.00,45000.00,9.0,,Corgi_Adv.40C8.C8_ETF_Holdings.csv,2026-07-15T23:38:01.900Z,
Evercore Inc,EVR,,29977A105,,,27.0,9548.55,0.7795678066380864,,,,,NYNY,2026-07-16,,,,,,,,,,,,,93577.0,2026-07-16T00:00:00.000Z,353.6500,1224855.00,45000.00,9.0,,Corgi_Adv.40C8.C8_ETF_Holdings.csv,2026-07-15T23:38:01.900Z,
Bristol-Myers Squibb Co,BMY,,110122108,,,612.0,35936.64,2.933958310187675,,,,,NYNY,2026-07-16,,,,,,,,,,,,,93565.0,2026-07-16T00:00:00.000Z,58.7200,1224855.00,45000.00,9.0,,Corgi_Adv.40C8.C8_ETF_Holdings.csv,2026-07-15T23:38:01.900Z,
Fox Corp,FOXA,,35137L105,,,135.0,7558.65,0.617107330604644,,,,,NYNY,2026-07-16,,,,,,,,,,,,,93579.0,2026-07-16T00:00:00.000Z,55.9900,1224855.00,45000.00,9.0,,Corgi_Adv.40C8.C8_ETF_Holdings.csv,2026-07-15T23:38:01.900Z,
Lazard Inc,LAZ,,52110M109,,,108.0,4863.24,0.39704723125025354,,,,,NYNY,2026-07-16,,,,,,,,,,,,,93585.0,2026-07-16T00:00:00.000Z,45.0300,1224855.00,45000.00,9.0,,Corgi_Adv.40C8.C8_ETF_Holdings.csv,2026-07-15T23:38:01.900Z,
MetLife Inc,MET,,59156R108,,,234.0,21574.8,1.7614213168130648,,,,,NYNY,2026-07-16,,,,,,,,,,,,,93590.0,2026-07-16T00:00:00.000Z,92.2000,1224855.00,45000.00,9.0,,Corgi_Adv.40C8.C8_ETF_Holdings.csv,2026-07-15T23:38:01.900Z,
MongoDB Inc,MDB,,60937P106,,,45.0,14986.8,1.2235603106779225,,,,,NYNY,2026-07-16,,,,,,,,,,,,,93589.0,2026-07-16T00:00:00.000Z,333.0400,1224855.00,45000.00,9.0,,Corgi_Adv.40C8.C8_ETF_Holdings.csv,2026-07-15T23:38:01.900Z,
Moody's Corp,MCO,,615369105,,,54.0,27240.84,2.224011173401098,,,,,NYNY,2026-07-16,,,,,,,,,,,,,93588.0,2026-07-16T00:00:00.000Z,504.4600,1224855.00,45000.00,9.0,,Corgi_Adv.40C8.C8_ETF_Holdings.csv,2026-07-15T23:38:01.900Z,
Moelis & Co,MC,,60786M105,,,72.0,5042.88,0.41171349584377465,,,,,NYNY,2026-07-16,,,,,,,,,,,,,93587.0,2026-07-16T00:00:00.000Z,70.0400,1224855.00,45000.00,9.0,,Corgi_Adv.40C8.C8_ETF_Holdings.csv,2026-07-15T23:38:01.900Z,
Mobility Global Inc,MBGL,,60744M106,,,81.0,1701.0,0.13887394830538513,,,,,NYNY,2026-07-16,,,,,,,,,,,,,93586.0,2026-07-16T00:00:00.000Z,21.0000,1224855.00,45000.00,9.0,,Corgi_Adv.40C8.C8_ETF_Holdings.csv,2026-07-15T23:38:01.900Z,
MarketAxess Holdings Inc,MKTX,,57060D108,,,36.0,4162.68,0.3398517384667023,,,,,NYNY,2026-07-16,,,,,,,,,,,,,93591.0,2026-07-16T00:00:00.000Z,115.6300,1224855.00,45000.00,9.0,,Corgi_Adv.40C8.C8_ETF_Holdings.csv,2026-07-15T23:38:01.900Z,
Loews Corp,L,,540424108,,,108.0,12152.16,0.9921331214807578,,,,,NYNY,2026-07-16,,,,,,,,,,,,,93584.0,2026-07-16T00:00:00.000Z,112.5200,1224855.00,45000.00,9.0,,Corgi_Adv.40C8.C8_ETF_Holdings.csv,2026-07-15T23:38:01.900Z,
JPMORGAN CHASE & CO.,JPM,,46625H100,,,342.0,118643.22,9.686332981225418,,,,,NYNY,2026-07-16,,,,,,,,,,,,,93582.0,2026-07-16T00:00:00.000Z,346.9100,1224855.00,45000.00,9.0,,Corgi_Adv.40C8.C8_ETF_Holdings.csv,2026-07-15T23:38:01.900Z,
Jefferies Financial Group Inc,JEF,,47233W109,,,135.0,7712.55,0.6296721164037026,,,,,NYNY,2026-07-16,,,,,,,,,,,,,93581.0,2026-07-16T00:00:00.000Z,57.1300,1224855.00,45000.00,9.0,,Corgi_Adv.40C8.C8_ETF_Holdings.csv,2026-07-15T23:38:01.900Z,
Goldman Sachs Group Inc/The,GS,,38141G104,,,54.0,62211.78,5.079127289656668,,,,,NYNY,2026-07-16,,,,,,,,,,,,,93580.0,2026-07-16T00:00:00.000Z,1152.0700,1224855.00,45000.00,9.0,,Corgi_Adv.40C8.C8_ETF_Holdings.csv,2026-07-15T23:38:01.900Z,
KKR & Co Inc,KKR,,48251W104,,,234.0,23622.3,1.9285844027362133,,,,,NYNY,2026-07-16,,,,,,,,,,,,,93583.0,2026-07-16T00:00:00.000Z,100.9500,1224855.00,45000.00,9.0,,Corgi_Adv.40C8.C8_ETF_Holdings.csv,2026-07-15T23:38:01.900Z,
Mobility Global Inc,MBGL-W,,60744M106,,,81.0,0.0,0.0,,,,,NYNY,2026-07-16,,,,,,,,,,,,,66096.0,2026-07-01T00:00:00.000Z,0.0000,1166395.50,45000.00,9.0,,Corgi_Adv.40C8.C8_ETF_Holdings.csv,2026-06-30T23:38:01.921Z,
Steven Madden Ltd,SHOO,,556269108,,,560.0,24225.6,1.825011448320259,,,,,STYL,2026-07-16,,,,,,,,,,,,,93927.0,2026-07-16T00:00:00.000Z,43.2600,1327430.00,50000.00,10.0,,Corgi_Adv.40C8.C8_ETF_Holdings.csv,2026-07-15T23:38:01.900Z,
VF Corp,VFC,,918204108,,,1870.0,32238.8,2.4286778895097405,,,,,STYL,2026-07-16,,,,,,,,,,,,,93932.0,2026-07-16T00:00:00.000Z,17.2400,1327430.00,50000.00,10.0,,Corgi_Adv.40C8.C8_ETF_Holdings.csv,2026-07-15T23:38:01.900Z,
On Holding AG,ONON,,H5919C104,,,1308.0,48997.68,3.6911914231693994,,,,,STYL,2026-07-16,,,,,,,,,,,,,93917.0,2026-07-16T00:00:00.000Z,37.4600,1327430.00,50000.00,10.0,,Corgi_Adv.40C8.C8_ETF_Holdings.csv,2026-07-15T23:38:01.900Z,
Oxford Industries Inc,OXM,,691497309,,,220.0,8456.8,0.6370846053825195,,,,,STYL,2026-07-16,,,,,,,,,,,,,93918.0,2026-07-16T00:00:00.000Z,38.4400,1327430.00,50000.00,10.0,,Corgi_Adv.40C8.C8_ETF_Holdings.csv,2026-07-15T23:38:01.900Z,
PVH Corp,PVH,,693656100,,,270.0,21240.9,1.6001620464560546,,,,,STYL,2026-07-16,,,,,,,,,,,,,93919.0,2026-07-16T00:00:00.000Z,78.6700,1327430.00,50000.00,10.0,,Corgi_Adv.40C8.C8_ETF_Holdings.csv,2026-07-15T23:38:01.900Z,
FERRARI NV,RACE,,N3167Y103,,,260.0,97692.4,7.35955965647423,,,,,STYL,2026-07-16,,,,,,,,,,,,,93920.0,2026-07-16T00:00:00.000Z,375.7400,1327430.00,50000.00,10.0,,Corgi_Adv.40C8.C8_ETF_Holdings.csv,2026-07-15T23:38:01.900Z,
Rocky Brands Inc,RCKY,,774515100,,,160.0,6571.2,0.49503480736089456,,,,,STYL,2026-07-16,,,,,,,,,,,,,93921.0,2026-07-16T00:00:00.000Z,41.0700,1327430.00,50000.00,10.0,,Corgi_Adv.40C8.C8_ETF_Holdings.csv,2026-07-15T23:38:01.900Z,
RealReal Inc/The,REAL,,88339P101,,,1090.0,12273.4,0.9246043652092772,,,,,STYL,2026-07-16,,,,,,,,,,,,,93922.0,2026-07-16T00:00:00.000Z,11.2600,1327430.00,50000.00,10.0,,Corgi_Adv.40C8.C8_ETF_Holdings.csv,2026-07-15T23:38:01.900Z,
RH,RH,,74967X103,,,150.0,28539.0,2.1499571413550904,,,,,STYL,2026-07-16,,,,,,,,,,,,,93923.0,2026-07-16T00:00:00.000Z,190.2600,1327430.00,50000.00,10.0,,Corgi_Adv.40C8.C8_ETF_Holdings.csv,2026-07-15T23:38:01.900Z,
Ralph Lauren Corp,RL,,751212101,,,140.0,52371.2,3.9453321924852203,,,,,STYL,2026-07-16,,,,,,,,,,,,,93924.0,2026-07-16T00:00:00.000Z,374.0800,1327430.00,50000.00,10.0,,Corgi_Adv.40C8.C8_ETF_Holdings.csv,2026-07-15T23:38:01.900Z,
Revolve Group Inc,RVLV,,76156B107,,,490.0,12171.6,0.9169353635978001,,,,,STYL,2026-07-16,,,,,,,,,,,,,93925.0,2026-07-16T00:00:00.000Z,24.8400,1327430.00,50000.00,10.0,,Corgi_Adv.40C8.C8_ETF_Holdings.csv,2026-07-15T23:38:01.900Z,
Urban Outfitters Inc,URBN,,917047102,,,390.0,28450.5,2.143290081997372,,,,,STYL,2026-07-16,,,,,,,,,,,,,93931.0,2026-07-16T00:00:00.000Z,72.9500,1327430.00,50000.00,10.0,,Corgi_Adv.40C8.C8_ETF_Holdings.csv,2026-07-15T23:38:01.900Z,
Victoria's Secret & Co,VSXY,,926400102,,,520.0,43877.6,3.3054752957539546,,,,,STYL,2026-07-16,,,,,,,,,,,,,93933.0,2026-07-16T00:00:00.000Z,84.3800,1327430.00,50000.00,10.0,,Corgi_Adv.40C8.C8_ETF_Holdings.csv,2026-07-15T23:38:01.900Z,
Lululemon Athletica Inc,LULU,,550021109,,,420.0,49316.4,3.7152018769376705,,,,,STYL,2026-07-16,,,,,,,,,,,,,93915.0,2026-07-16T00:00:00.000Z,117.4200,1327430.00,50000.00,10.0,,Corgi_Adv.40C8.C8_ETF_Holdings.csv,2026-07-15T23:38:01.900Z,
Warby Parker Inc,WRBY,,93403J106,,,890.0,24839.9,1.8712891270032697,,,,,STYL,2026-07-16,,,,,,,,,,,,,93934.0,2026-07-16T00:00:00.000Z,27.9100,1327430.00,50000.00,10.0,,Corgi_Adv.40C8.C8_ETF_Holdings.csv,2026-07-15T23:38:01.900Z,
Wolverine World Wide Inc,WWW,,978097103,,,880.0,15963.2,1.2025717733235075,,,,,STYL,2026-07-16,,,,,,,,,,,,,93935.0,2026-07-16T00:00:00.000Z,18.1400,1327430.00,50000.00,10.0,,Corgi_Adv.40C8.C8_ETF_Holdings.csv,2026-07-15T23:38:01.900Z,
YETI Holdings Inc,YETI,,98585X104,,,890.0,43013.7,3.240394249662057,,,,,STYL,2026-07-16,,,,,,,,,,,,,93936.0,2026-07-16T00:00:00.000Z,48.3300,1327430.00,50000.00,10.0,,Corgi_Adv.40C8.C8_ETF_Holdings.csv,2026-07-15T23:38:01.900Z,
Ermenegildo Zegna NV,ZGN,,N30577105,,,980.0,13171.2,0.9922392340381992,,,,,STYL,2026-07-16,,,,,,,,,,,,,93937.0,2026-07-16T00:00:00.000Z,13.4400,1327430.00,50000.00,10.0,,Corgi_Adv.40C8.C8_ETF_Holdings.csv,2026-07-15T23:38:01.900Z,
Zumiez Inc,ZUMZ,,989817101,,,290.0,5425.9,0.4087547725315738,,,,,STYL,2026-07-16,,,,,,,,,,,,,93938.0,2026-07-16T00:00:00.000Z,18.7100,1327430.00,50000.00,10.0,,Corgi_Adv.40C8.C8_ETF_Holdings.csv,2026-07-15T23:38:01.900Z,
Cash & Other,Cash&Other,,Cash&Other,,,719.56,719.56,0.05420733594847292,,,,,STYL,2026-07-16,,,,,,,,,,,,,93939.0,2026-07-16T00:00:00.000Z,1.0000,1327430.00,50000.00,10.0,Y,Corgi_Adv.40C8.C8_ETF_Holdings.csv,2026-07-15T23:38:01.900Z,
Stitch Fix Inc,SFIX,,860897107,,,1554.0,6013.98,0.4530571936286024,,,,,STYL,2026-07-16,,,,,,,,,,,,,93926.0,2026-07-16T00:00:00.000Z,3.8700,1327430.00,50000.00,10.0,,Corgi_Adv.40C8.C8_ETF_Holdings.csv,2026-07-15T23:38:01.900Z,
ThredUp Inc,TDUP,,88556E102,,,1800.0,11970.0,0.9017480283829297,,,,,STYL,2026-07-16,,,,,,,,,,,,,93928.0,2026-07-16T00:00:00.000Z,6.6500,1327430.00,50000.00,10.0,,Corgi_Adv.40C8.C8_ETF_Holdings.csv,2026-07-15T23:38:01.900Z,
Tapestry Inc,TPR,,876030107,,,420.0,58909.2,4.4378659109119205,,,,,STYL,2026-07-16,,,,,,,,,,,,,93929.0,2026-07-16T00:00:00.000Z,140.2600,1327430.00,50000.00,10.0,,Corgi_Adv.40C8.C8_ETF_Holdings.csv,2026-07-15T23:38:01.900Z,
American Eagle Outfitters Inc,AEO,,02553E106,,,1551.0,27002.91,2.03423733108619,,,,,STYL,2026-07-16,,,,,,,,,,,,,93891.0,2026-07-16T00:00:00.000Z,17.4100,1327430.00,50000.00,10.0,,Corgi_Adv.40C8.C8_ETF_Holdings.csv,2026-07-15T23:38:01.900Z,
NIKE Inc,NKE,,654106103,,,2780.0,118900.6,8.957258280998111,,,,,STYL,2026-07-16,,,,,,,,,,,,,93916.0,2026-07-16T00:00:00.000Z,42.7700,1327430.00,50000.00,10.0,,Corgi_Adv.40C8.C8_ETF_Holdings.csv,2026-07-15T23:38:01.900Z,
Under Armour Inc,UAA,,904311107,,,2320.0,15892.0,1.197207992235716,,,,,STYL,2026-07-16,,,,,,,,,,,,,93930.0,2026-07-16T00:00:00.000Z,6.8500,1327430.00,50000.00,10.0,,Corgi_Adv.40C8.C8_ETF_Holdings.csv,2026-07-15T23:38:01.900Z,
Levi Strauss & Co,LEVI,,52736R102,,,820.0,19581.6,1.4751603335491374,,,,,STYL,2026-07-16,,,,,,,,,,,,,93914.0,2026-07-16T00:00:00.000Z,23.8800,1327430.00,50000.00,10.0,,Corgi_Adv.40C8.C8_ETF_Holdings.csv,2026-07-15T23:38:01.900Z,
Designer Brands Inc,DBI,,250565108,,,1810.0,10154.1,0.7649490104430332,,,,,STYL,2026-07-16,,,,,,,,,,,,,93902.0,2026-07-16T00:00:00.000Z,5.6100,1327430.00,50000.00,10.0,,Corgi_Adv.40C8.C8_ETF_Holdings.csv,2026-07-15T23:38:01.900Z,
Kontoor Brands Inc,KTB,,50050N103,,,380.0,31992.2,2.4101005241129796,,,,,STYL,2026-07-16,,,,,,,,,,,,,93913.0,2026-07-16T00:00:00.000Z,84.1900,1327430.00,50000.00,10.0,,Corgi_Adv.40C8.C8_ETF_Holdings.csv,2026-07-15T23:38:01.900Z,
Amer Sports Inc,AS,,G0260P102,,,1000.0,35610.0,2.6826438839361844,,,,,STYL,2026-07-16,,,,,,,,,,,,,93893.0,2026-07-16T00:00:00.000Z,35.6100,1327430.00,50000.00,10.0,,Corgi_Adv.40C8.C8_ETF_Holdings.csv,2026-07-15T23:38:01.900Z,
Birkenstock Holding Plc,BIRK,,M2029K104,,,500.0,21430.0,1.6144077066203997,,,,,STYL,2026-07-16,,,,,,,,,,,,,93894.0,2026-07-16T00:00:00.000Z,42.8600,1327430.00,50000.00,10.0,,Corgi_Adv.40C8.C8_ETF_Holdings.csv,2026-07-15T23:38:01.900Z,
Buckle Inc/The,BKE,,118440106,,,310.0,13401.3,1.009573588368267,,,,,STYL,2026-07-16,,,,,,,,,,,,,93895.0,2026-07-16T00:00:00.000Z,43.2300,1327430.00,50000.00,10.0,,Corgi_Adv.40C8.C8_ETF_Holdings.csv,2026-07-15T23:38:01.900Z,
Boot Barn Holdings Inc,BOOT,,99406100,,,180.0,27754.2,2.090835014982916,,,,,STYL,2026-07-16,,,,,,,,,,,,,93896.0,2026-07-16T00:00:00.000Z,154.1900,1327430.00,50000.00,10.0,,Corgi_Adv.40C8.C8_ETF_Holdings.csv,2026-07-15T23:38:01.900Z,
CALERES INC COM,CAL,,129500104,,,580.0,6797.6,0.512090425876007,,,,,STYL,2026-07-16,,,,,,,,,,,,,93897.0,2026-07-16T00:00:00.000Z,11.7200,1327430.00,50000.00,10.0,,Corgi_Adv.40C8.C8_ETF_Holdings.csv,2026-07-15T23:38:01.900Z,
Columbia Sportswear Co,COLM,,198516106,,,250.0,15817.5,1.1915956089345858,,,,,STYL,2026-07-16,,,,,,,,,,,,,93898.0,2026-07-16T00:00:00.000Z,63.2700,1327430.00,50000.00,10.0,,Corgi_Adv.40C8.C8_ETF_Holdings.csv,2026-07-15T23:38:01.900Z,
CAPRI HOLDINGS LTD,CPRI,,G1890L107,,,960.0,15849.6,1.1940138304643344,,,,,STYL,2026-07-16,,,,,,,,,,,,,93899.0,2026-07-16T00:00:00.000Z,16.5100,1327430.00,50000.00,10.0,,Corgi_Adv.40C8.C8_ETF_Holdings.csv,2026-07-15T23:38:01.900Z,
Carter's Inc,CRI,,146229109,,,410.0,15690.7,1.1820432572220583,,,,,STYL,2026-07-16,,,,,,,,,,,,,93900.0,2026-07-16T00:00:00.000Z,38.2700,1327430.00,50000.00,10.0,,Corgi_Adv.40C8.C8_ETF_Holdings.csv,2026-07-15T23:38:01.900Z,
Crocs Inc,CROX,,227046109,,,280.0,37343.6,2.813242913343423,,,,,STYL,2026-07-16,,,,,,,,,,,,,93901.0,2026-07-16T00:00:00.000Z,133.3700,1327430.00,50000.00,10.0,,Corgi_Adv.40C8.C8_ETF_Holdings.csv,2026-07-15T23:38:01.900Z,
Abercrombie & Fitch Co,ANF,,2896207,,,417.0,40528.23,3.0531538426357483,,,,,STYL,2026-07-16,,,,,,,,,,,,,93892.0,2026-07-16T00:00:00.000Z,97.1900,1327430.00,50000.00,10.0,,Corgi_Adv.40C8.C8_ETF_Holdings.csv,2026-07-15T23:38:01.900Z,
Deckers Outdoor Corp,DECK,,243537107,,,520.0,55395.6,4.1731723543098935,,,,,STYL,2026-07-16,,,,,,,,,,,,,93903.0,2026-07-16T00:00:00.000Z,106.5300,1327430.00,50000.00,10.0,,Corgi_Adv.40C8.C8_ETF_Holdings.csv,2026-07-15T23:38:01.900Z,
Genesco Inc,GCO,,371532102,,,200.0,7050.0,0.5311047284962117,,,,,STYL,2026-07-16,,,,,,,,,,,,,93908.0,2026-07-16T00:00:00.000Z,35.2500,1327430.00,50000.00,10.0,,Corgi_Adv.40C8.C8_ETF_Holdings.csv,2026-07-15T23:38:01.900Z,
First American Government Obligations Fund 12/01/2031,FGXXX,,31846V336,,,45954.59,45954.59,3.461943268809181,,,,,STYL,2026-07-16,,,,,,,,,,,,,93904.0,2026-07-16T00:00:00.000Z,100.0000,1327430.00,50000.00,10.0,Y,Corgi_Adv.40C8.C8_ETF_Holdings.csv,2026-07-15T23:38:01.900Z,
Canada Goose Holdings Inc,GOOS,,135086106,,,780.0,7534.8,0.567626653655781,,,,,STYL,2026-07-16,,,,,,,,,,,,,93911.0,2026-07-16T00:00:00.000Z,9.6600,1327430.00,50000.00,10.0,,Corgi_Adv.40C8.C8_ETF_Holdings.csv,2026-07-15T23:38:01.900Z,
Gildan Activewear Inc,GIL,,375916103,,,790.0,41435.5,3.121502124482948,,,,,STYL,2026-07-16,,,,,,,,,,,,,93910.0,2026-07-16T00:00:00.000Z,52.4500,1327430.00,50000.00,10.0,,Corgi_Adv.40C8.C8_ETF_Holdings.csv,2026-07-15T23:38:01.900Z,
G-III Apparel Group Ltd,GIII,,36237H101,,,430.0,15140.3,1.1405794213973326,,,,,STYL,2026-07-16,,,,,,,,,,,,,93909.0,2026-07-16T00:00:00.000Z,35.2100,1327430.00,50000.00,10.0,,Corgi_Adv.40C8.C8_ETF_Holdings.csv,2026-07-15T23:38:01.900Z,
Johnson Outdoors Inc,JOUT,,479167108,,,120.0,5475.6,0.41249887253246204,,,,,STYL,2026-07-16,,,,,,,,,,,,,93912.0,2026-07-16T00:00:00.000Z,45.6300,1327430.00,50000.00,10.0,,Corgi_Adv.40C8.C8_ETF_Holdings.csv,2026-07-15T23:38:01.900Z,
Gap Inc/The,GAP,,364760108,,,1702.0,34516.56,2.6002706705564824,,,,,STYL,2026-07-16,,,,,,,,,,,,,93907.0,2026-07-16T00:00:00.000Z,20.2800,1327430.00,50000.00,10.0,,Corgi_Adv.40C8.C8_ETF_Holdings.csv,2026-07-15T23:38:01.900Z,
Fossil Group Inc,FOSL,,34988V106,,,1320.0,5280.0,0.39776354134184366,,,,,STYL,2026-07-16,,,,,,,,,,,,,93906.0,2026-07-16T00:00:00.000Z,4.0000,1327430.00,50000.00,10.0,,Corgi_Adv.40C8.C8_ETF_Holdings.csv,2026-07-15T23:38:01.900Z,
Figs Inc,FIGS,,30260D103,,,950.0,9443.0,0.7113790001687557,,,,,STYL,2026-07-16,,,,,,,,,,,,,93905.0,2026-07-16T00:00:00.000Z,9.9400,1327430.00,50000.00,10.0,,Corgi_Adv.40C8.C8_ETF_Holdings.csv,2026-07-15T23:38:01.900Z,
American Airlines Group Inc,AAL,,02376R102,,,1441.0,22522.83,1.4773181221744554,,,,,WNDR,2026-07-16,,,,,,,,,,,,,94015.0,2026-07-16T00:00:00.000Z,15.6300,1524583.50,55000.00,11.0,,Corgi_Adv.40C8.C8_ETF_Holdings.csv,2026-07-15T23:38:01.900Z,
Southwest Airlines Co,LUV,,844741108,,,726.0,35755.5,2.345275798707744,,,,,WNDR,2026-07-16,,,,,,,,,,,,,94045.0,2026-07-16T00:00:00.000Z,49.2500,1524583.50,55000.00,11.0,,Corgi_Adv.40C8.C8_ETF_Holdings.csv,2026-07-15T23:38:01.900Z,
Lyft Inc,LYFT,,55087P104,,,1045.0,16960.35,1.1124637718005028,,,,,WNDR,2026-07-16,,,,,,,,,,,,,94047.0,2026-07-16T00:00:00.000Z,16.2300,1524583.50,55000.00,11.0,,Corgi_Adv.40C8.C8_ETF_Holdings.csv,2026-07-15T23:38:01.900Z,
Live Nation Entertainment Inc,LYV,,538034109,,,209.0,37293.96,2.446186511892566,,,,,WNDR,2026-07-16,,,,,,,,,,,,,94048.0,2026-07-16T00:00:00.000Z,178.4400,1524583.50,55000.00,11.0,,Corgi_Adv.40C8.C8_ETF_Holdings.csv,2026-07-15T23:38:01.900Z,
Marriott International Inc/MD,MAR,,571903202,,,154.0,56833.7,3.7278377077936624,,,,,WNDR,2026-07-16,,,,,,,,,,,,,94049.0,2026-07-16T00:00:00.000Z,369.0500,1524583.50,55000.00,11.0,,Corgi_Adv.40C8.C8_ETF_Holdings.csv,2026-07-15T23:38:01.900Z,
MGM Resorts International,MGM,,552953101,,,429.0,20094.36,1.3180298471150158,,,,,WNDR,2026-07-16,,,,,,,,,,,,,94050.0,2026-07-16T00:00:00.000Z,46.8400,1524583.50,55000.00,11.0,,Corgi_Adv.40C8.C8_ETF_Holdings.csv,2026-07-15T23:38:01.900Z,
MakeMyTrip Ltd,MMYT,,V5633W109,,,242.0,13365.66,0.8766807604915647,,,,,WNDR,2026-07-16,,,,,,,,,,,,,94051.0,2026-07-16T00:00:00.000Z,55.2300,1524583.50,55000.00,11.0,,Corgi_Adv.40C8.C8_ETF_Holdings.csv,2026-07-15T23:38:01.900Z,
Vail Resorts Inc,MTN,,91879Q109,,,121.0,17911.63,1.174860157301886,,,,,WNDR,2026-07-16,,,,,,,,,,,,,94052.0,2026-07-16T00:00:00.000Z,148.0300,1524583.50,55000.00,11.0,,Corgi_Adv.40C8.C8_ETF_Holdings.csv,2026-07-15T23:38:01.900Z,
Navan Inc,NAVN,,639193101,,,308.0,7789.32,0.5109173045934249,,,,,WNDR,2026-07-16,,,,,,,,,,,,,94053.0,2026-07-16T00:00:00.000Z,25.2900,1524583.50,55000.00,11.0,,Corgi_Adv.40C8.C8_ETF_Holdings.csv,2026-07-15T23:38:01.900Z,
Norwegian Cruise Line Holdings Ltd,NCLH,,G66721104,,,1045.0,20617.85,1.3523666184611165,,,,,WNDR,2026-07-16,,,,,,,,,,,,,94054.0,2026-07-16T00:00:00.000Z,19.7300,1524583.50,55000.00,11.0,,Corgi_Adv.40C8.C8_ETF_Holdings.csv,2026-07-15T23:38:01.900Z,
Grupo Aeroportuario del Pacifico SAB de CV,PAC,,400506101,,,88.0,20046.4,1.3148840533963984,,,,,WNDR,2026-07-16,,,,,,,,,,,,,94055.0,2026-07-16T00:00:00.000Z,227.8000,1524583.50,55000.00,11.0,,Corgi_Adv.40C8.C8_ETF_Holdings.csv,2026-07-15T23:38:01.900Z,
Pebblebrook Hotel Trust,PEB,,70509V100,,,561.0,10558.02,0.6925219557347075,,,,,WNDR,2026-07-16,,,,,,,,,,,,,94056.0,2026-07-16T00:00:00.000Z,18.8200,1524583.50,55000.00,11.0,,Corgi_Adv.40C8.C8_ETF_Holdings.csv,2026-07-15T23:38:01.900Z,
United Parks & Resorts Inc,PRKS,,81282V100,,,154.0,7299.6,0.4787955760721301,,,,,WNDR,2026-07-16,,,,,,,,,,,,,94058.0,2026-07-16T00:00:00.000Z,47.4000,1524583.50,55000.00,11.0,,Corgi_Adv.40C8.C8_ETF_Holdings.csv,2026-07-15T23:38:01.900Z,
Royal Caribbean Cruises Ltd,RCL,,V7780T103,,,209.0,61063.53,4.005280840504658,,,,,WNDR,2026-07-16,,,,,,,,,,,,,94059.0,2026-07-16T00:00:00.000Z,292.1700,1524583.50,55000.00,11.0,,Corgi_Adv.40C8.C8_ETF_Holdings.csv,2026-07-15T23:38:01.900Z,
Ryman Hospitality Properties Inc,RHP,,78377T107,,,154.0,19248.46,1.2625455496467413,,,,,WNDR,2026-07-16,,,,,,,,,,,,,94060.0,2026-07-16T00:00:00.000Z,124.9900,1524583.50,55000.00,11.0,,Corgi_Adv.40C8.C8_ETF_Holdings.csv,2026-07-15T23:38:01.900Z,
RLJ Lodging Trust,RLJ,,74965L101,,,836.0,9789.56,0.6421171050047512,,,,,WNDR,2026-07-16,,,,,,,,,,,,,94061.0,2026-07-16T00:00:00.000Z,11.7100,1524583.50,55000.00,11.0,,Corgi_Adv.40C8.C8_ETF_Holdings.csv,2026-07-15T23:38:01.900Z,
Ryanair Holdings PLC,RYAAY,,783513203,,,660.0,43975.8,2.884461956029478,,,,,WNDR,2026-07-16,,,,,,,,,,,,,94062.0,2026-07-16T00:00:00.000Z,66.6300,1524583.50,55000.00,11.0,,Corgi_Adv.40C8.C8_ETF_Holdings.csv,2026-07-15T23:38:01.900Z,
SkyWest Inc,SKYW,,830879102,,,143.0,14225.64,0.9330885937304422,,,,,WNDR,2026-07-16,,,,,,,,,,,,,94063.0,2026-07-16T00:00:00.000Z,99.4800,1524583.50,55000.00,11.0,,Corgi_Adv.40C8.C8_ETF_Holdings.csv,2026-07-15T23:38:01.900Z,
TRIP.COM GROUP,TCOM,,89677Q107,,,726.0,31123.62,2.0414613906721013,,,,,WNDR,2026-07-16,,,,,,,,,,,,,94064.0,2026-07-16T00:00:00.000Z,42.8700,1524583.50,55000.00,11.0,,Corgi_Adv.40C8.C8_ETF_Holdings.csv,2026-07-15T23:38:01.900Z,
Travel + Leisure Co,TNL,,894164102,,,198.0,14832.18,0.972872783098461,,,,,WNDR,2026-07-16,,,,,,,,,,,,,94065.0,2026-07-16T00:00:00.000Z,74.9100,1524583.50,55000.00,11.0,,Corgi_Adv.40C8.C8_ETF_Holdings.csv,2026-07-15T23:38:01.900Z,
TripAdvisor Inc,TRIP,,896945201,,,649.0,9475.4,0.6215107131231659,,,,,WNDR,2026-07-16,,,,,,,,,,,,,94066.0,2026-07-16T00:00:00.000Z,14.6000,1524583.50,55000.00,11.0,,Corgi_Adv.40C8.C8_ETF_Holdings.csv,2026-07-15T23:38:01.900Z,
United Airlines Holdings Inc,UAL,,910047109,,,396.0,47904.12,3.142128436027789,,,,,WNDR,2026-07-16,,,,,,,,,,,,,94067.0,2026-07-16T00:00:00.000Z,120.9700,1524583.50,55000.00,11.0,,Corgi_Adv.40C8.C8_ETF_Holdings.csv,2026-07-15T23:38:01.900Z,
Uber Technologies Inc,UBER,,90353T100,,,902.0,65548.34,4.299448628811421,,,,,WNDR,2026-07-16,,,,,,,,,,,,,94068.0,2026-07-16T00:00:00.000Z,72.6700,1524583.50,55000.00,11.0,,Corgi_Adv.40C8.C8_ETF_Holdings.csv,2026-07-15T23:38:01.900Z,
Marriott Vacations Worldwide Corp,VAC,,57164Y107,,,132.0,13149.84,0.8625246887577867,,,,,WNDR,2026-07-16,,,,,,,,,,,,,94069.0,2026-07-16T00:00:00.000Z,99.6200,1524583.50,55000.00,11.0,,Corgi_Adv.40C8.C8_ETF_Holdings.csv,2026-07-15T23:38:01.900Z,
Viking Holdings Ltd,VIK,,G93A5A101,,,297.0,29162.43,1.9128229589995573,,,,,WNDR,2026-07-16,,,,,,,,,,,,,94070.0,2026-07-16T00:00:00.000Z,98.1900,1524583.50,55000.00,11.0,,Corgi_Adv.40C8.C8_ETF_Holdings.csv,2026-07-15T23:38:01.900Z,
Controladora Vuela Cia de Aviacion SAB de CV,VLRS,,21240E105,,,814.0,6544.56,0.42927097037353007,,,,,WNDR,2026-07-16,,,,,,,,,,,,,94071.0,2026-07-16T00:00:00.000Z,8.0400,1524583.50,55000.00,11.0,,Corgi_Adv.40C8.C8_ETF_Holdings.csv,2026-07-15T23:38:01.900Z,
Wyndham Hotels & Resorts Inc,WH,,98311A105,,,187.0,14780.48,0.9694816751907772,,,,,WNDR,2026-07-16,,,,,,,,,,,,,94072.0,2026-07-16T00:00:00.000Z,79.0400,1524583.50,55000.00,11.0,,Corgi_Adv.40C8.C8_ETF_Holdings.csv,2026-07-15T23:38:01.900Z,
Cash & Other,Cash&Other,,Cash&Other,,,915.48,915.48,0.060048190857377615,,,,,WNDR,2026-07-16,,,,,,,,,,,,,94073.0,2026-07-16T00:00:00.000Z,1.0000,1524583.50,55000.00,11.0,Y,Corgi_Adv.40C8.C8_ETF_Holdings.csv,2026-07-15T23:38:01.900Z,
Park Hotels & Resorts Inc,PK,,700517105,,,825.0,12003.75,0.7873503200553224,,,,,WNDR,2026-07-16,,,,,,,,,,,,,94057.0,2026-07-16T00:00:00.000Z,14.5500,1524583.50,55000.00,11.0,,Corgi_Adv.40C8.C8_ETF_Holdings.csv,2026-07-15T23:38:01.900Z,
Las Vegas Sands Corp,LVS,,517834107,,,506.0,22663.74,1.4865606950036958,,,,,WNDR,2026-07-16,,,,,,,,,,,,,94046.0,2026-07-16T00:00:00.000Z,44.7900,1524583.50,55000.00,11.0,,Corgi_Adv.40C8.C8_ETF_Holdings.csv,2026-07-15T23:38:01.900Z,
Airbnb Inc,ABNB,,9066101,,,330.0,48965.4,3.2117399447370105,,,,,WNDR,2026-07-16,,,,,,,,,,,,,94016.0,2026-07-16T00:00:00.000Z,148.3800,1524583.50,55000.00,11.0,,Corgi_Adv.40C8.C8_ETF_Holdings.csv,2026-07-15T23:38:01.900Z,
Lindblad Expeditions Holdings Inc,LIND,,535219109,,,330.0,8646.0,0.5671086841360673,,,,,WNDR,2026-07-16,,,,,,,,,,,,,94044.0,2026-07-16T00:00:00.000Z,26.2000,1524583.50,55000.00,11.0,,Corgi_Adv.40C8.C8_ETF_Holdings.csv,2026-07-15T23:38:01.900Z,
DiamondRock Hospitality Co,DRH,,252784301,,,891.0,10968.21,0.7194271501767354,,,,,WNDR,2026-07-16,,,,,,,,,,,,,94029.0,2026-07-16T00:00:00.000Z,12.3100,1524583.50,55000.00,11.0,,Corgi_Adv.40C8.C8_ETF_Holdings.csv,2026-07-15T23:38:01.900Z,
Allegiant Travel Co,ALGT,,01748X102,,,99.0,10667.25,0.6996865730800906,,,,,WNDR,2026-07-16,,,,,,,,,,,,,94017.0,2026-07-16T00:00:00.000Z,107.7500,1524583.50,55000.00,11.0,,Corgi_Adv.40C8.C8_ETF_Holdings.csv,2026-07-15T23:38:01.900Z,
Alaska Air Group Inc,ALK,,11659109,,,319.0,15273.72,1.0018342876547228,,,,,WNDR,2026-07-16,,,,,,,,,,,,,94018.0,2026-07-16T00:00:00.000Z,47.8800,1524583.50,55000.00,11.0,,Corgi_Adv.40C8.C8_ETF_Holdings.csv,2026-07-15T23:38:01.900Z,
Grupo Aeroportuario del Sureste SAB de CV,ASR,,40051E202,,,66.0,18708.36,1.2271192946962568,,,,,WNDR,2026-07-16,,,,,,,,,,,,,94019.0,2026-07-16T00:00:00.000Z,283.4600,1524583.50,55000.00,11.0,,Corgi_Adv.40C8.C8_ETF_Holdings.csv,2026-07-15T23:38:01.900Z,
American Express Co,AXP,,25816109,,,264.0,94628.16,6.206853030281892,,,,,WNDR,2026-07-16,,,,,,,,,,,,,94020.0,2026-07-16T00:00:00.000Z,358.4400,1524583.50,55000.00,11.0,,Corgi_Adv.40C8.C8_ETF_Holdings.csv,2026-07-15T23:38:01.900Z,
Booking Holdings Inc,BKNG,,09857L108,,,374.0,68367.2,4.484343376135477,,,,,WNDR,2026-07-16,,,,,,,,,,,,,94021.0,2026-07-16T00:00:00.000Z,182.8000,1524583.50,55000.00,11.0,,Corgi_Adv.40C8.C8_ETF_Holdings.csv,2026-07-15T23:38:01.900Z,
Avis Budget Group Inc,CAR,,53774105,,,44.0,7080.04,0.4643941901492854,,,,,WNDR,2026-07-16,,,,,,,,,,,,,94022.0,2026-07-16T00:00:00.000Z,160.9100,1524583.50,55000.00,11.0,,Corgi_Adv.40C8.C8_ETF_Holdings.csv,2026-07-15T23:38:01.900Z,
Carnival Corp Ltd,CCL,,G2004J103,,,1342.0,35683.78,2.3405715383762336,,,,,WNDR,2026-07-16,,,,,,,,,,,,,94023.0,2026-07-16T00:00:00.000Z,26.5900,1524583.50,55000.00,11.0,,Corgi_Adv.40C8.C8_ETF_Holdings.csv,2026-07-15T23:38:01.900Z,
Choice Hotels International Inc,CHH,,169905106,,,88.0,9600.8,0.6297359535801011,,,,,WNDR,2026-07-16,,,,,,,,,,,,,94024.0,2026-07-16T00:00:00.000Z,109.1000,1524583.50,55000.00,11.0,,Corgi_Adv.40C8.C8_ETF_Holdings.csv,2026-07-15T23:38:01.900Z,
Copa Holdings SA,CPA,,P31076105,,,99.0,14598.54,0.9575478614050132,,,,,WNDR,2026-07-16,,,,,,,,,,,,,94025.0,2026-07-16T00:00:00.000Z,147.4600,1524583.50,55000.00,11.0,,Corgi_Adv.40C8.C8_ETF_Holdings.csv,2026-07-15T23:38:01.900Z,
Caesars Entertainment Inc,CZR,,12769G100,,,528.0,15908.64,1.0434799788103637,,,,,WNDR,2026-07-16,,,,,,,,,,,,,94026.0,2026-07-16T00:00:00.000Z,30.1300,1524583.50,55000.00,11.0,,Corgi_Adv.40C8.C8_ETF_Holdings.csv,2026-07-15T23:38:01.900Z,
Delta Air Lines Inc,DAL,,247361702,,,649.0,55788.04,3.659250746579955,,,,,WNDR,2026-07-16,,,,,,,,,,,,,94027.0,2026-07-16T00:00:00.000Z,85.9600,1524583.50,55000.00,11.0,,Corgi_Adv.40C8.C8_ETF_Holdings.csv,2026-07-15T23:38:01.900Z,
Walt Disney Co/The,DIS,,254687106,,,880.0,85492.0,5.607593757131698,,,,,WNDR,2026-07-16,,,,,,,,,,,,,94028.0,2026-07-16T00:00:00.000Z,97.1500,1524583.50,55000.00,11.0,,Corgi_Adv.40C8.C8_ETF_Holdings.csv,2026-07-15T23:38:01.900Z,
JetBlue Airways Corp,JBLU,,477143101,,,1452.0,8116.68,0.5323895112599508,,,,,WNDR,2026-07-16,,,,,,,,,,,,,94043.0,2026-07-16T00:00:00.000Z,5.5900,1524583.50,55000.00,11.0,,Corgi_Adv.40C8.C8_ETF_Holdings.csv,2026-07-15T23:38:01.900Z,
Expedia Group Inc,EXPE,,30212P303,,,132.0,35258.52,2.312677872054732,,,,,WNDR,2026-07-16,,,,,,,,,,,,,94030.0,2026-07-16T00:00:00.000Z,267.1100,1524583.50,55000.00,11.0,,Corgi_Adv.40C8.C8_ETF_Holdings.csv,2026-07-15T23:38:01.900Z,
Hilton Grand Vacations Inc,HGV,,43283X105,,,220.0,11129.8,0.7300261661690494,,,,,WNDR,2026-07-16,,,,,,,,,,,,,94037.0,2026-07-16T00:00:00.000Z,50.5900,1524583.50,55000.00,11.0,,Corgi_Adv.40C8.C8_ETF_Holdings.csv,2026-07-15T23:38:01.900Z,
InterContinental Hotels Group PLC,IHG,,45857P806,,,209.0,33412.83,2.1916153197504182,,,,,WNDR,2026-07-16,,,,,,,,,,,,,94042.0,2026-07-16T00:00:00.000Z,159.8700,1524583.50,55000.00,11.0,,Corgi_Adv.40C8.C8_ETF_Holdings.csv,2026-07-15T23:38:01.900Z,
Hertz Global Holdings Inc,HTZ,,42806J700,,,869.0,1651.1,0.10829899934964847,,,,,WNDR,2026-07-16,,,,,,,,,,,,,94041.0,2026-07-16T00:00:00.000Z,1.9000,1524583.50,55000.00,11.0,,Corgi_Adv.40C8.C8_ETF_Holdings.csv,2026-07-15T23:38:01.900Z,
H World Group Ltd,HTHT,,44332N106,,,506.0,21591.02,1.4161988134808596,,,,,WNDR,2026-07-16,,,,,,,,,,,,,94040.0,2026-07-16T00:00:00.000Z,42.6700,1524583.50,55000.00,11.0,,Corgi_Adv.40C8.C8_ETF_Holdings.csv,2026-07-15T23:38:01.900Z,
Host Hotels & Resorts Inc,HST,,44107P104,,,1144.0,27227.2,1.7858872964040633,,,,,WNDR,2026-07-16,,,,,,,,,,,,,94039.0,2026-07-16T00:00:00.000Z,23.8000,1524583.50,55000.00,11.0,,Corgi_Adv.40C8.C8_ETF_Holdings.csv,2026-07-15T23:38:01.900Z,
Hilton Worldwide Holdings Inc,HLT,,43300A203,,,165.0,54199.2,3.5550355069659423,,,,,WNDR,2026-07-16,,,,,,,,,,,,,94038.0,2026-07-16T00:00:00.000Z,328.4800,1524583.50,55000.00,11.0,,Corgi_Adv.40C8.C8_ETF_Holdings.csv,2026-07-15T23:38:01.900Z,
First American Government Obligations Fund 12/01/2031,FGXXX,,31846V336,,,67531.82,67531.82,4.429549106813989,,,,,WNDR,2026-07-16,,,,,,,,,,,,,94031.0,2026-07-16T00:00:00.000Z,100.0000,1524583.50,55000.00,11.0,Y,Corgi_Adv.40C8.C8_ETF_Holdings.csv,2026-07-15T23:38:01.900Z,
Hyatt Hotels Corp,H,,448579102,,,99.0,18909.0,1.2402796794273534,,,,,WNDR,2026-07-16,,,,,,,,,,,,,94036.0,2026-07-16T00:00:00.000Z,191.0000,1524583.50,55000.00,11.0,,Corgi_Adv.40C8.C8_ETF_Holdings.csv,2026-07-15T23:38:01.900Z,
Six Flags Entertainment Corp,FUN,,83001C108,,,462.0,8953.56,0.5872821686251823,,,,,WNDR,2026-07-16,,,,,,,,,,,,,94034.0,2026-07-16T00:00:00.000Z,19.3800,1524583.50,55000.00,11.0,,Corgi_Adv.40C8.C8_ETF_Holdings.csv,2026-07-15T23:38:01.900Z,
Shift4 Payments Inc,FOUR,,82452J109,,,231.0,11783.31,0.772891213146815,,,,,WNDR,2026-07-16,,,,,,,,,,,,,94033.0,2026-07-16T00:00:00.000Z,51.0100,1524583.50,55000.00,11.0,,Corgi_Adv.40C8.C8_ETF_Holdings.csv,2026-07-15T23:38:01.900Z,
Flywire Corp,FLYW,,302492103,,,550.0,10329.0,0.6775000692159888,,,,,WNDR,2026-07-16,,,,,,,,,,,,,94032.0,2026-07-16T00:00:00.000Z,18.7800,1524583.50,55000.00,11.0,,Corgi_Adv.40C8.C8_ETF_Holdings.csv,2026-07-15T23:38:01.900Z,
Global Business Travel Group I,GBTG,,37890B100,,,1133.0,10650.2,0.6985682289828758,,,,,WNDR,2026-07-16,,,,,,,,,,,,,94035.0,2026-07-16T00:00:00.000Z,9.4000,1524583.50,55000.00,11.0,,Corgi_Adv.40C8.C8_ETF_Holdings.csv,2026-07-15T23:38:01.900Z,
Robinhood Markets Inc,HOOD,,770700102,,,13701.0,1583013.54,1.6397432558293332,,,,,FDRS,2026-07-16,,,,,,,,,,,,,93119.0,2026-07-16T00:00:00.000Z,115.5400,94850843.00,3970000.00,397.0,,Corgi_Adv.40C8.C8_ETF_Holdings.csv,2026-07-15T23:38:01.900Z,
Cash & Other,Cash&Other,,Cash&Other,,,-3187.72,-3187.72,-0.0033019568306865404,,,,,FDRS,2026-07-16,,,,,,,,,,,,,93146.0,2026-07-16T00:00:00.000Z,1.0000,94850843.00,3970000.00,397.0,Y,Corgi_Adv.40C8.C8_ETF_Holdings.csv,2026-07-15T23:38:01.900Z,
Astera Labs Inc,ALAB,,04626A103,,,2650.0,929143.0,0.9624402631142587,,,,,FDRS,2026-07-16,,,,,,,,,,,,,93096.0,2026-07-16T00:00:00.000Z,350.6200,94850843.00,3970000.00,397.0,,Corgi_Adv.40C8.C8_ETF_Holdings.csv,2026-07-15T23:38:01.900Z,
Arista Networks Inc,ANET,,40413205,,,18592.0,3196336.64,3.310882261184065,,,,,FDRS,2026-07-16,,,,,,,,,,,,,93097.0,2026-07-16T00:00:00.000Z,171.9200,94850843.00,3970000.00,397.0,,Corgi_Adv.40C8.C8_ETF_Holdings.csv,2026-07-15T23:38:01.900Z,
Apollo Global Management Inc,APO,,03769M106,,,7215.0,879003.45,0.9105038855120697,,,,,FDRS,2026-07-16,,,,,,,,,,,,,93098.0,2026-07-16T00:00:00.000Z,121.8300,94850843.00,3970000.00,397.0,,Corgi_Adv.40C8.C8_ETF_Holdings.csv,2026-07-15T23:38:01.900Z,
AppLovin Corp,APP,,03831W108,,,4989.0,2258669.97,2.3396128692946885,,,,,FDRS,2026-07-16,,,,,,,,,,,,,93099.0,2026-07-16T00:00:00.000Z,452.7300,94850843.00,3970000.00,397.0,,Corgi_Adv.40C8.C8_ETF_Holdings.csv,2026-07-15T23:38:01.900Z,
Ares Management Corp,ARES,,03990B101,,,3674.0,458478.46,0.4749087381324728,,,,,FDRS,2026-07-16,,,,,,,,,,,,,93100.0,2026-07-16T00:00:00.000Z,124.7900,94850843.00,3970000.00,397.0,,Corgi_Adv.40C8.C8_ETF_Holdings.csv,2026-07-15T23:38:01.900Z,
AST SpaceMobile Inc,ASTS,,00217D100,,,5517.0,365832.27,0.3789424299537171,,,,,FDRS,2026-07-16,,,,,,,,,,,,,93101.0,2026-07-16T00:00:00.000Z,66.3100,94850843.00,3970000.00,397.0,,Corgi_Adv.40C8.C8_ETF_Holdings.csv,2026-07-15T23:38:01.900Z,
Axon Enterprise Inc,AXON,,05464C101,,,1371.0,741875.52,0.7684617660218368,,,,,FDRS,2026-07-16,,,,,,,,,,,,,93102.0,2026-07-16T00:00:00.000Z,541.1200,94850843.00,3970000.00,397.0,,Corgi_Adv.40C8.C8_ETF_Holdings.csv,2026-07-15T23:38:01.900Z,
Bloom Energy Corp,BE,,93712107,,,4500.0,1077210.0,1.1158134709396839,,,,,FDRS,2026-07-16,,,,,,,,,,,,,93103.0,2026-07-16T00:00:00.000Z,239.3800,94850843.00,3970000.00,397.0,,Corgi_Adv.40C8.C8_ETF_Holdings.csv,2026-07-15T23:38:01.900Z,
Blackrock Inc,BLK,,09290D101,,,2514.0,2748807.6,2.8473153322948934,,,,,FDRS,2026-07-16,,,,,,,,,,,,,93104.0,2026-07-16T00:00:00.000Z,1093.4000,94850843.00,3970000.00,397.0,,Corgi_Adv.40C8.C8_ETF_Holdings.csv,2026-07-15T23:38:01.900Z,
Blackstone Inc,BX,,09260D107,,,13141.0,1669564.05,1.729395435974987,,,,,FDRS,2026-07-16,,,,,,,,,,,,,93105.0,2026-07-16T00:00:00.000Z,127.0500,94850843.00,3970000.00,397.0,,Corgi_Adv.40C8.C8_ETF_Holdings.csv,2026-07-15T23:38:01.900Z,
Coinbase Global Inc,COIN,,19260Q107,,,3849.0,643591.29,0.6666553700406129,,,,,FDRS,2026-07-16,,,,,,,,,,,,,93107.0,2026-07-16T00:00:00.000Z,167.2100,94850843.00,3970000.00,397.0,,Corgi_Adv.40C8.C8_ETF_Holdings.csv,2026-07-15T23:38:01.900Z,
Coupang Inc,CPNG,,22266T109,,,27784.0,483997.28,0.5013420641492059,,,,,FDRS,2026-07-16,,,,,,,,,,,,,93108.0,2026-07-16T00:00:00.000Z,17.4200,94850843.00,3970000.00,397.0,,Corgi_Adv.40C8.C8_ETF_Holdings.csv,2026-07-15T23:38:01.900Z,
Credo Technology Group Holding Ltd,CRDO,,G25457105,,,2625.0,595192.5,0.6165221352403596,,,,,FDRS,2026-07-16,,,,,,,,,,,,,93109.0,2026-07-16T00:00:00.000Z,226.7400,94850843.00,3970000.00,397.0,,Corgi_Adv.40C8.C8_ETF_Holdings.csv,2026-07-15T23:38:01.900Z,
Salesforce Inc,CRM,,79466L302,,,14389.0,2402963.0,2.489076861122377,,,,,FDRS,2026-07-16,,,,,,,,,,,,,93110.0,2026-07-16T00:00:00.000Z,167.0000,94850843.00,3970000.00,397.0,,Corgi_Adv.40C8.C8_ETF_Holdings.csv,2026-07-15T23:38:01.900Z,
Crowdstrike Holdings Inc,CRWD,,22788C105,,,17580.0,3635016.6,3.7652829897321487,,,,,FDRS,2026-07-16,,,,,,,,,,,,,93111.0,2026-07-16T00:00:00.000Z,206.7700,94850843.00,3970000.00,397.0,,Corgi_Adv.40C8.C8_ETF_Holdings.csv,2026-07-15T23:38:01.900Z,
CoreWeave Inc,CRWV,,21873S108,,,6517.0,502591.04,0.5206021600296928,,,,,FDRS,2026-07-16,,,,,,,,,,,,,93112.0,2026-07-16T00:00:00.000Z,77.1200,94850843.00,3970000.00,397.0,,Corgi_Adv.40C8.C8_ETF_Holdings.csv,2026-07-15T23:38:01.900Z,
Carvana Co,CVNA,,146869102,,,12296.0,867974.64,0.8990798412064708,,,,,FDRS,2026-07-16,,,,,,,,,,,,,93113.0,2026-07-16T00:00:00.000Z,70.5900,94850843.00,3970000.00,397.0,,Corgi_Adv.40C8.C8_ETF_Holdings.csv,2026-07-15T23:38:01.900Z,
DoorDash Inc,DASH,,25809K105,,,6727.0,1279206.32,1.3250486385822446,,,,,FDRS,2026-07-16,,,,,,,,,,,,,93114.0,2026-07-16T00:00:00.000Z,190.1600,94850843.00,3970000.00,397.0,,Corgi_Adv.40C8.C8_ETF_Holdings.csv,2026-07-15T23:38:01.900Z,
Datadog Inc,DDOG,,23804L103,,,5794.0,1532281.24,1.587192886122634,,,,,FDRS,2026-07-16,,,,,,,,,,,,,93115.0,2026-07-16T00:00:00.000Z,264.4600,94850843.00,3970000.00,397.0,,Corgi_Adv.40C8.C8_ETF_Holdings.csv,2026-07-15T23:38:01.900Z,
Dell Technologies Inc,DELL,,24703L202,,,5673.0,2341133.64,2.4250317512667503,,,,,FDRS,2026-07-16,,,,,,,,,,,,,93116.0,2026-07-16T00:00:00.000Z,412.6800,94850843.00,3970000.00,397.0,,Corgi_Adv.40C8.C8_ETF_Holdings.csv,2026-07-15T23:38:01.900Z,
First American Government Obligations Fund 12/01/2031,FGXXX,,31846V336,,,855153.9,855153.9,0.8857996503435794,,,,,FDRS,2026-07-16,,,,,,,,,,,,,93117.0,2026-07-16T00:00:00.000Z,100.0000,94850843.00,3970000.00,397.0,Y,Corgi_Adv.40C8.C8_ETF_Holdings.csv,2026-07-15T23:38:01.900Z,
Fortinet Inc,FTNT,,34959E109,,,11218.0,1845473.18,1.9116085391909616,,,,,FDRS,2026-07-16,,,,,,,,,,,,,93118.0,2026-07-16T00:00:00.000Z,164.5100,94850843.00,3970000.00,397.0,,Corgi_Adv.40C8.C8_ETF_Holdings.csv,2026-07-15T23:38:01.900Z,
Intercontinental Exchange Inc,ICE,,45866F104,,,10055.0,1406091.2,1.4564806326804849,,,,,FDRS,2026-07-16,,,,,,,,,,,,,93120.0,2026-07-16T00:00:00.000Z,139.8400,94850843.00,3970000.00,397.0,,Corgi_Adv.40C8.C8_ETF_Holdings.csv,2026-07-15T23:38:01.900Z,
Airbnb Inc,ABNB,,9066101,,,7194.0,1067445.72,1.1056992730042516,,,,,FDRS,2026-07-16,,,,,,,,,,,,,93095.0,2026-07-16T00:00:00.000Z,148.3800,94850843.00,3970000.00,397.0,,Corgi_Adv.40C8.C8_ETF_Holdings.csv,2026-07-15T23:38:01.900Z,
Capital One Financial Corp,COF,,14040H105,,,11022.0,2302385.58,2.3848950951636887,,,,,FDRS,2026-07-16,,,,,,,,,,,,,93106.0,2026-07-16T00:00:00.000Z,208.8900,94850843.00,3970000.00,397.0,,Corgi_Adv.40C8.C8_ETF_Holdings.csv,2026-07-15T23:38:01.900Z,
Zoom Communications Inc,ZM,,98980L101,,,4555.0,421793.0,0.4369085984608962,,,,,FDRS,2026-07-16,,,,,,,,,,,,,93145.0,2026-07-16T00:00:00.000Z,92.6000,94850843.00,3970000.00,397.0,,Corgi_Adv.40C8.C8_ETF_Holdings.csv,2026-07-15T23:38:01.900Z,
Reddit Inc,RDDT,,75734B100,,,2388.0,472895.64,0.48984257986896074,,,,,FDRS,2026-07-16,,,,,,,,,,,,,93132.0,2026-07-16T00:00:00.000Z,198.0300,94850843.00,3970000.00,397.0,,Corgi_Adv.40C8.C8_ETF_Holdings.csv,2026-07-15T23:38:01.900Z,
Block Inc,XYZ,,852234103,,,9427.0,771222.87,0.7988608232775082,,,,,FDRS,2026-07-16,,,,,,,,,,,,,93144.0,2026-07-16T00:00:00.000Z,81.8100,94850843.00,3970000.00,397.0,,Corgi_Adv.40C8.C8_ETF_Holdings.csv,2026-07-15T23:38:01.900Z,
Monolithic Power Systems Inc,MPWR,,609839105,,,852.0,1152466.32,1.1937667164808017,,,,,FDRS,2026-07-16,,,,,,,,,,,,,93122.0,2026-07-16T00:00:00.000Z,1352.6600,94850843.00,3970000.00,397.0,,Corgi_Adv.40C8.C8_ETF_Holdings.csv,2026-07-15T23:38:01.900Z,
Strategy Inc,MSTR,,594972408,,,5748.0,560257.56,0.5803352481352737,,,,,FDRS,2026-07-16,,,,,,,,,,,,,93123.0,2026-07-16T00:00:00.000Z,97.4700,94850843.00,3970000.00,397.0,,Corgi_Adv.40C8.C8_ETF_Holdings.csv,2026-07-15T23:38:01.900Z,
Nebius Group NV,NBIS,,N97284108,,,3705.0,739184.55,0.7656743609885615,,,,,FDRS,2026-07-16,,,,,,,,,,,,,93124.0,2026-07-16T00:00:00.000Z,199.5100,94850843.00,3970000.00,397.0,,Corgi_Adv.40C8.C8_ETF_Holdings.csv,2026-07-15T23:38:01.900Z,
Cloudflare Inc,NET,,18915M107,,,5691.0,1553870.64,1.609555975352687,,,,,FDRS,2026-07-16,,,,,,,,,,,,,93125.0,2026-07-16T00:00:00.000Z,273.0400,94850843.00,3970000.00,397.0,,Corgi_Adv.40C8.C8_ETF_Holdings.csv,2026-07-15T23:38:01.900Z,
NU Holdings Ltd/Cayman Islands,NU,,G6683N103,,,67056.0,930737.28,0.9640916765809455,,,,,FDRS,2026-07-16,,,,,,,,,,,,,93126.0,2026-07-16T00:00:00.000Z,13.8800,94850843.00,3970000.00,397.0,,Corgi_Adv.40C8.C8_ETF_Holdings.csv,2026-07-15T23:38:01.900Z,
NVIDIA Corp,NVDA,,67066G104,,,43953.0,9340012.5,9.674726159472186,,,,,FDRS,2026-07-16,,,,,,,,,,,,,93127.0,2026-07-16T00:00:00.000Z,212.5000,94850843.00,3970000.00,397.0,,Corgi_Adv.40C8.C8_ETF_Holdings.csv,2026-07-15T23:38:01.900Z,
Oracle Corp,ORCL,,68389X105,,,31008.0,4108249.92,4.255475350881331,,,,,FDRS,2026-07-16,,,,,,,,,,,,,93128.0,2026-07-16T00:00:00.000Z,132.4900,94850843.00,3970000.00,397.0,,Corgi_Adv.40C8.C8_ETF_Holdings.csv,2026-07-15T23:38:01.900Z,
Everpure Inc,P,,74624M102,,,5667.0,400940.25,0.4153085582123491,,,,,FDRS,2026-07-16,,,,,,,,,,,,,93129.0,2026-07-16T00:00:00.000Z,70.7500,94850843.00,3970000.00,397.0,,Corgi_Adv.40C8.C8_ETF_Holdings.csv,2026-07-15T23:38:01.900Z,
Palantir Technologies Inc,PLTR,,69608A108,,,39642.0,5302513.92,5.492537631270773,,,,,FDRS,2026-07-16,,,,,,,,,,,,,93130.0,2026-07-16T00:00:00.000Z,133.7600,94850843.00,3970000.00,397.0,,Corgi_Adv.40C8.C8_ETF_Holdings.csv,2026-07-15T23:38:01.900Z,
ROBLOX Corp,RBLX,,771049103,,,11347.0,647573.29,0.6707800711121605,,,,,FDRS,2026-07-16,,,,,,,,,,,,,93131.0,2026-07-16T00:00:00.000Z,57.0700,94850843.00,3970000.00,397.0,,Corgi_Adv.40C8.C8_ETF_Holdings.csv,2026-07-15T23:38:01.900Z,
Meta Platforms Inc,META,,30303M102,,,16113.0,10977948.03,11.371359618969153,,,,,FDRS,2026-07-16,,,,,,,,,,,,,93121.0,2026-07-16T00:00:00.000Z,681.3100,94850843.00,3970000.00,397.0,,Corgi_Adv.40C8.C8_ETF_Holdings.csv,2026-07-15T23:38:01.900Z,
Regeneron Pharmaceuticals Inc,REGN,,75886F107,,,1781.0,1183385.45,1.2257938808811832,,,,,FDRS,2026-07-16,,,,,,,,,,,,,93133.0,2026-07-16T00:00:00.000Z,664.4500,94850843.00,3970000.00,397.0,,Corgi_Adv.40C8.C8_ETF_Holdings.csv,2026-07-15T23:38:01.900Z,
Steel Dynamics Inc,STLD,,858119100,,,2421.0,570290.76,0.5907280032309672,,,,,FDRS,2026-07-16,,,,,,,,,,,,,93138.0,2026-07-16T00:00:00.000Z,235.5600,94850843.00,3970000.00,397.0,,Corgi_Adv.40C8.C8_ETF_Holdings.csv,2026-07-15T23:38:01.900Z,
Waste Connections Inc,WCN,,94106B101,,,4506.0,766560.72,0.7940315979885287,,,,,FDRS,2026-07-16,,,,,,,,,,,,,93142.0,2026-07-16T00:00:00.000Z,170.1200,94850843.00,3970000.00,397.0,,Corgi_Adv.40C8.C8_ETF_Holdings.csv,2026-07-15T23:38:01.900Z,
Veeva Systems Inc,VEEV,,922475108,,,2659.0,514968.53,0.5334232163496502,,,,,FDRS,2026-07-16,,,,,,,,,,,,,93141.0,2026-07-16T00:00:00.000Z,193.6700,94850843.00,3970000.00,397.0,,Corgi_Adv.40C8.C8_ETF_Holdings.csv,2026-07-15T23:38:01.900Z,
United Therapeutics Corp,UTHR,,91307C102,,,772.0,410541.88,0.4252542773358056,,,,,FDRS,2026-07-16,,,,,,,,,,,,,93140.0,2026-07-16T00:00:00.000Z,531.7900,94850843.00,3970000.00,397.0,,Corgi_Adv.40C8.C8_ETF_Holdings.csv,2026-07-15T23:38:01.900Z,
Tesla Inc,TSLA,,88160R101,,,23104.0,9113603.84,9.44020379821913,,,,,FDRS,2026-07-16,,,,,,,,,,,,,93139.0,2026-07-16T00:00:00.000Z,394.4600,94850843.00,3970000.00,397.0,,Corgi_Adv.40C8.C8_ETF_Holdings.csv,2026-07-15T23:38:01.900Z,
Workday Inc,WDAY,,98138H101,,,3587.0,508708.34,0.5269386828486227,,,,,FDRS,2026-07-16,,,,,,,,,,,,,93143.0,2026-07-16T00:00:00.000Z,141.8200,94850843.00,3970000.00,397.0,,Corgi_Adv.40C8.C8_ETF_Holdings.csv,2026-07-15T23:38:01.900Z,
Space Exploration Technologies Corp,SPCX,,84615Q103,,,12464.0,1686005.28,1.746425862644641,,,,,FDRS,2026-07-16,,,,,,,,,,,,,93137.0,2026-07-16T00:00:00.000Z,135.2700,94850843.00,3970000.00,397.0,,Corgi_Adv.40C8.C8_ETF_Holdings.csv,2026-07-15T23:38:01.900Z,
Snowflake Inc,SNOW,,833445109,,,5938.0,1614364.06,1.6722172697513762,,,,,FDRS,2026-07-16,,,,,,,,,,,,,93136.0,2026-07-16T00:00:00.000Z,271.8700,94850843.00,3970000.00,397.0,,Corgi_Adv.40C8.C8_ETF_Holdings.csv,2026-07-15T23:38:01.900Z,
Shopify Inc,SHOP,,82509L107,,,21756.0,2687953.8,2.7842807431267,,,,,FDRS,2026-07-16,,,,,,,,,,,,,93135.0,2026-07-16T00:00:00.000Z,123.5500,94850843.00,3970000.00,397.0,,Corgi_Adv.40C8.C8_ETF_Holdings.csv,2026-07-15T23:38:01.900Z,
Rocket Lab Corp,RKLB,,773121108,,,9821.0,748360.2,0.7751788344659962,,,,,FDRS,2026-07-16,,,,,,,,,,,,,93134.0,2026-07-16T00:00:00.000Z,76.2000,94850843.00,3970000.00,397.0,,Corgi_Adv.40C8.C8_ETF_Holdings.csv,2026-07-15T23:38:01.900Z,
VeriSign Inc,VRSN,,92343E102,,,1328.0,351441.92,0.3640363797113902,,,,,FDRS,2026-07-16,,,,,,,,,,,,,50873.0,2026-06-22T00:00:00.000Z,264.6400,99672336.00,4230000.00,423.0,,Corgi_Adv.40C8.C8_ETF_Holdings.csv,2026-06-19T00:38:00.813Z,
EchoStar Corp,SATS,,278768106,,,4302.0,469649.34,0.4864799437342131,,,,,FDRS,2026-07-16,,,,,,,,,,,,,50866.0,2026-06-22T00:00:00.000Z,109.1700,99672336.00,4230000.00,423.0,,Corgi_Adv.40C8.C8_ETF_Holdings.csv,2026-06-19T00:38:00.813Z,
Royalty Pharma PLC,RPRX,,G7709Q104,,,9362.0,495811.52,0.5135796855423552,,,,,FDRS,2026-07-16,,,,,,,,,,,,,50865.0,2026-06-22T00:00:00.000Z,52.9600,99672336.00,4230000.00,423.0,,Corgi_Adv.40C8.C8_ETF_Holdings.csv,2026-06-19T00:38:00.813Z,
Ralph Lauren Corp,RL,,751212101,,,905.0,373774.05,0.387168815809065,,,,,FDRS,2026-07-16,,,,,,,,,,,,,50864.0,2026-06-22T00:00:00.000Z,413.0100,99672336.00,4230000.00,423.0,,Corgi_Adv.40C8.C8_ETF_Holdings.csv,2026-06-19T00:38:00.813Z,
First American Government Obligations Fund 12/01/2031,FGXXX,,31846V336,,,1520774.31,1520774.31,10.228518631359309,,,,,FDRX,2026-07-16,,,,,,,,,,,,,93148.0,2026-07-16T00:00:00.000Z,100.0000,13873041.00,630000.00,63.0,Y,Corgi_Adv.40C8.C8_ETF_Holdings.csv,2026-07-15T23:38:01.900Z,
CORGI ETF TR SWAP CS,218946101-TRS-01/19/28-L,,218946101-TRS-01/19/28-L,,,1161944.0,27747222.72,186.62399982282466,,,,,FDRX,2026-07-16,,,,,,,,,,,,,93147.0,2026-07-16T00:00:00.000Z,23.8800,13873041.00,630000.00,63.0,,Corgi_Adv.40C8.C8_ETF_Holdings.csv,2026-07-15T23:38:01.900Z,
Cash & Other,Cash&Other,,Cash&Other,,,-15398810.51,-15398810.51,-103.57027940740697,,,,,FDRX,2026-07-16,,,,,,,,,,,,,93149.0,2026-07-16T00:00:00.000Z,1.0000,13873041.00,630000.00,63.0,Y,Corgi_Adv.40C8.C8_ETF_Holdings.csv,2026-07-15T23:38:01.900Z,
CORGI ETF TR SWAP CS,218946101 SWP,,218946101 SWP,,,41461.0,998795.49,6.717760953222999,,,,,FDRX,2026-07-16,,,,,,,,,,,,,779.0,2026-01-16T00:00:00.000Z,24.0900,499244.00,20000.00,2.0,,,2026-01-16T02:17:45.753Z,
DPM Metals Inc.,DPM,,,,BPCR7W4,215115.0,7249397.71,5.236774256045225,,,,,GBUG,2026-07-16,,,,,,,,,,,,,,,,,,,,,,
G Mining Ventures Corp.,GMIN,,,,BSWW128,238597.0,6603197.25,4.769976037966417,,,,,GBUG,2026-07-16,,,,,,,,,,,,,,,,,,,,,,
IAMGOLD Corp.,IAG,,,,2149525,367164.0,5503788.36,3.975791968843349,,,,,GBUG,2026-07-16,,,,,,,,,,,,,,,,,,,,,,
Coeur Mining Inc.,CDE,,,,2208136,343160.0,5459675.6,3.943926071127123,,,,,GBUG,2026-07-16,,,,,,,,,,,,,,,,,,,,,,
Discovery Mining Ltd.,DSV,,,,BSBFLD9,921612.0,5198281.55,3.7551018837280576,,,,,GBUG,2026-07-16,,,,,,,,,,,,,,,,,,,,,,
Montage Gold Corp.,MAU,,,,BMYMV13,457611.0,5097059.46,3.681981707920364,,,,,GBUG,2026-07-16,,,,,,,,,,,,,,,,,,,,,,
Eldorado Gold Corp.,EGO,,,,BHZJ5X8,159839.0,4705660.16,3.399245146888989,,,,,GBUG,2026-07-16,,,,,,,,,,,,,,,,,,,,,,
Wesdome Gold Mines Ltd.,WDO,,,,B0Y90N5,258761.0,4667888.85,3.3719601458809394,,,,,GBUG,2026-07-16,,,,,,,,,,,,,,,,,,,,,,
OceanaGold Corp.,OGC,,,,BQXQY26,197122.0,4638329.87,3.3506075160913737,,,,,GBUG,2026-07-16,,,,,,,,,,,,,,,,,,,,,,
Newmont Corp.,NEM,,,,2636607,46572.0,4434120.12,3.203091763140163,,,,,GBUG,2026-07-16,,,,,,,,,,,,,,,,,,,,,,
Wheaton Precious Metals Corp.,WPM,,,,BDG1S92,37871.0,4110139.63,2.9690567774264442,,,,,GBUG,2026-07-16,,,,,,,,,,,,,,,,,,,,,,
Equinox Gold Corp.,EQX,,,,BKLNP13,435797.0,4065762.7,2.9370000502495435,,,,,GBUG,2026-07-16,,,,,,,,,,,,,,,,,,,,,,
Agnico Eagle Mines Ltd.,AEM,,,,2009823,28426.0,4051891.82,2.926980091323508,,,,,GBUG,2026-07-16,,,,,,,,,,,,,,,,,,,,,,
Emerald Resources NL,EMR,,,,6107381,1090769.0,4004644.99,2.892850223861216,,,,,GBUG,2026-07-16,,,,,,,,,,,,,,,,,,,,,,
Genesis Minerals Ltd.,GMD,,,,B23G0X1,942535.0,3896273.6,2.8145655817507427,,,,,GBUG,2026-07-16,,,,,,,,,,,,,,,,,,,,,,
Northern Star Resources Ltd.,NST,,,,6717456,267367.0,3763463.32,2.718626928215046,,,,,GBUG,2026-07-16,,,,,,,,,,,,,,,,,,,,,,
Kinross Gold Corp.,KGC,,,,B04NVW3,156704.0,3707616.64,2.6782847552775384,,,,,GBUG,2026-07-16,,,,,,,,,,,,,,,,,,,,,,
Anglogold Ashanti PLC,AU,,,,BRXH266,46686.0,3694730.04,2.668975814338229,,,,,GBUG,2026-07-16,,,,,,,,,,,,,,,,,,,,,,
Ramelius Resources Ltd.,RMS,,,,6586872,1734329.0,3633311.41,2.6246086112557037,,,,,GBUG,2026-07-16,,,,,,,,,,,,,,,,,,,,,,
i-80 Gold Corp.,IAU,,,,BN96CD6,2504560.0,3388999.75,2.448124293148169,,,,,GBUG,2026-07-16,,,,,,,,,,,,,,,,,,,,,,
Evolution Mining Ltd.,EVN,,,,B3X0F91,407115.0,3234670.94,2.33664121944961,,,,,GBUG,2026-07-16,,,,,,,,,,,,,,,,,,,,,,
Alamos Gold Inc.,AGI,,,,BYNBW45,98748.0,2865666.96,2.07008244861867,,,,,GBUG,2026-07-16,,,,,,,,,,,,,,,,,,,,,,
K92 Mining Inc.,KNT,,,,BYZ2CB3,179196.0,2705519.5,1.9543961351829804,,,,,GBUG,2026-07-16,,,,,,,,,,,,,,,,,,,,,,
Ora Banda Mining Ltd.,OBM,,,,BKDX544,3494681.0,2668910.35,1.9279506479956459,,,,,GBUG,2026-07-16,,,,,,,,,,,,,,,,,,,,,,
Skeena Resources Ltd.,SKE,,,,BMDM761,96206.0,2648808.15,1.9134293473771598,,,,,GBUG,2026-07-16,,,,,,,,,,,,,,,,,,,,,,
Valterra Platinum Ltd.,VALT,,,,BV1D8Q6,38359.0,2534596.17,1.8309256166505485,,,,,GBUG,2026-07-16,,,,,,,,,,,,,,,,,,,,,,
SSR Mining Inc.,SSRM,,,,BF7MQ72,90066.0,2454298.5,1.7729206915660323,,,,,GBUG,2026-07-16,,,,,,,,,,,,,,,,,,,,,,
Westgold Resources Ltd.,WGX,,,,BYVQ673,740055.0,2421479.66,1.7492132246425123,,,,,GBUG,2026-07-16,,,,,,,,,,,,,,,,,,,,,,
Metalla Royalty & Streaming Ltd.,MTA,,,,BL0N0S3,293589.0,2166686.82,1.5651575777442746,,,,,GBUG,2026-07-16,,,,,,,,,,,,,,,,,,,,,,
Endeavour Silver Corp.,EDR,,,,2980003,268497.0,2139715.44,1.5456741621442205,,,,,GBUG,2026-07-16,,,,,,,,,,,,,,,,,,,,,,
Vizsla Silver Corp.,VZLA,,,,BS84LB7,639044.0,2047999.15,1.4794207262664447,,,,,GBUG,2026-07-16,,,,,,,,,,,,,,,,,,,,,,
Torex Gold Resources Inc.,TXG,,,,BD2NKY1,52364.0,2044737.47,1.477064574412354,,,,,GBUG,2026-07-16,,,,,,,,,,,,,,,,,,,,,,
Lundin Gold Inc.,LUG,,,,BTKSSY6,37316.0,2020270.14,1.4593900186790665,,,,,GBUG,2026-07-16,,,,,,,,,,,,,,,,,,,,,,
Cia de Minas Buenaventura SAA,BVN,,,,2210476,58592.0,1799360.32,1.29981057434981,,,,,GBUG,2026-07-16,,,,,,,,,,,,,,,,,,,,,,
Barrick Mining Corp.,ABX,,,,BNM23Q1,50070.0,1798618.95,1.2992750281588692,,,,,GBUG,2026-07-16,,,,,,,,,,,,,,,,,,,,,,
Benz Mining Corp.,BNZ,,,,BLD3YS8,882037.0,1495554.07,1.080348929056019,,,,,GBUG,2026-07-16,,,,,,,,,,,,,,,,,,,,,,
Aris Mining Corp.,ARIS,,,,BQKRCQ2,96600.0,1388304.67,1.002874783014679,,,,,GBUG,2026-07-16,,,,,,,,,,,,,,,,,,,,,,
Pan American Silver Corp.,PAAS,,,,2703396,30074.0,1310324.18,0.9465437278233655,,,,,GBUG,2026-07-16,,,,,,,,,,,,,,,,,,,,,,
OR Royalties Inc.,OR,,,,BPJJWP1,42845.0,1233645.52,0.8911530803876291,,,,,GBUG,2026-07-16,,,,,,,,,,,,,,,,,,,,,,
West African Resources Ltd.,WAF,,,,B4KBBN0,518276.0,1013130.17,0.7318585908123286,,,,,GBUG,2026-07-16,,,,,,,,,,,,,,,,,,,,,,
AbraSilver Resource Corp.,ABRA,,,,BR4XSQ5,96072.0,996879.99,0.7201198881387653,,,,,GBUG,2026-07-16,,,,,,,,,,,,,,,,,,,,,,
Perpetua Resources Corp.,PPTA,,,,BNNNK51,39467.0,733691.53,0.5299994661463308,,,,,GBUG,2026-07-16,,,,,,,,,,,,,,,,,,,,,,
Artemis Gold Inc.,ARTG,,,,BKLTQ63,30129.0,699072.62,0.5049916759942925,,,,,GBUG,2026-07-16,,,,,,,,,,,,,,,,,,,,,,
New Found Gold Corp.,NFGC,,,,BL98380,407594.0,603239.12,0.4357640758897439,,,,,GBUG,2026-07-16,,,,,,,,,,,,,,,,,,,,,,
Gold Fields Ltd.,GFI,,,,2416326,17622.0,581349.78,0.41995179233469804,,,,,GBUG,2026-07-16,,,,,,,,,,,,,,,,,,,,,,
LunR Royalties Corp.,LUNR,,,,BRCDGF2,7789.0,103065.64,0.07445190784474492,,,,,GBUG,2026-07-16,,,,,,,,,,,,,,,,,,,,,,
Cash Equivalent,CASH,,,,,848674.95,848674.95,0.613060464841081,,,,,GBUG,2026-07-16,,,,,,,,,,,,,,,,,,,,,,
First American Government Obligations Fund 12/01/2031,FGXXX,,31846V336,,,6241343.62,6241343.62,17.270894027670263,,,,,MSTW,2026-07-16,,,,,,,,100.0,36138300.0,10340000.0,1034.0,,,,,,,,,,,Y
MSTR US 07/17/26 C30,MSTR  260717C00030000,,MSTR  260717C00030000,,,4422.0,29892720.0,82.71840660470147,,,,,MSTW,2026-07-16,MSTR,30.0,2026-07-17,Call,,1.0,,67.6,36138300.0,10340000.0,1034.0,,,,,,,,,,,
Cash & Other,Cash&Other,,Cash&Other,,,3866.53,3866.53,0.010699367628281279,,,,,MSTW,2026-07-16,,,,,,,,1.0,36138300.0,10340000.0,1034.0,,,,,,,,,,,Y
NVIDIA CORP WEEKLYPAY SWAP NM,67066G104 TRS 042027 NM,,67066G104 TRS 042027 NM,,,566390.0,120357875.0,104.18304399986565,,,,,NVDW,2026-07-16,,,,,,,,212.5,115543748.0,3070000.0,307.0,,,,,,,,,,,
United States Treasury Bill 10/08/2026,912797UJ4,,912797UJ4,,,74000000.0,73363355.8,63.50409331578176,,,,,NVDW,2026-07-16,,,,,,,,99.13967,115543748.0,3070000.0,307.0,,,,,,,,,,,
First American Government Obligations Fund 12/01/2031,FGXXX,,31846V336,,,4981113.34,4981113.34,4.31170415952872,,,,,NVDW,2026-07-16,,,,,,,,100.0,115543748.0,3070000.0,307.0,,,,,,,,,,,Y
NVIDIA Corp,NVDA,,67066G104,,,84991.0,18060587.5,15.633434722704461,,,,,NVDW,2026-07-16,,,,,,,,212.5,115543748.0,3070000.0,307.0,,,,,,,,,,,
Cash & Other,Cash&Other,,Cash&Other,,,-101237534.82,-101237534.82,-87.6322761978806,,,,,NVDW,2026-07-16,,,,,,,,1.0,115543748.0,3070000.0,307.0,,,,,,,,,,,Y
COINBASE GLOBAL INC WEEKLYPAY SWAP NM,19260Q107 TRS 042027 NM,,19260Q107 TRS 042027 NM,,,256241.0,42846057.61,113.08884851180703,,,,,COIW,2026-07-16,,,,,,,,167.21,37898532.0,4130000.0,413.0,,,,,,,,,,,
United States Treasury Bill 10/08/2026,912797UJ4,,912797UJ4,,,53500000.0,53039723.45,139.99423949206582,,,,,COIW,2026-07-16,,,,,,,,99.13967,37898532.0,4130000.0,413.0,,,,,,,,,,,
Coinbase Global Inc,COIN,,19260Q107,,,13487.0,2255161.27,5.952323398202245,,,,,COIW,2026-07-16,,,,,,,,167.21,37898532.0,4130000.0,413.0,,,,,,,,,,,
First American Government Obligations Fund 12/01/2031,FGXXX,,31846V336,,,1240459.87,1240459.87,3.2740976917947493,,,,,COIW,2026-07-16,,,,,,,,100.0,37898532.0,4130000.0,413.0,,,,,,,,,,,Y
Cash & Other,Cash&Other,,Cash&Other,,,-61494326.53,-61494326.53,-162.30950909386985,,,,,COIW,2026-07-16,,,,,,,,1.0,37898532.0,4130000.0,413.0,,,,,,,,,,,Y
TESLA INC WEEKLYPAY SWAP NM,88160R101 TRS 042027 NM,,88160R101 TRS 042027 NM,,,234512.0,92505603.52,100.89156089327638,,,,,TSLW,2026-07-16,,,,,,,,394.46,91703568.0,4240000.0,424.0,,,,,,,,,,,
United States Treasury Bill 10/08/2026,912797UJ4,,912797UJ4,,,64000000.0,63449388.8,69.20129840969409,,,,,TSLW,2026-07-16,,,,,,,,99.13967,91703568.0,4240000.0,424.0,,,,,,,,,,,
First American Government Obligations Fund 12/01/2031,FGXXX,,31846V336,,,4250448.7,4250448.7,4.63576678084244,,,,,TSLW,2026-07-16,,,,,,,,100.0,91703568.0,4240000.0,424.0,,,,,,,,,,,Y
Tesla Inc,TSLA,,88160R101,,,46903.0,18501357.38,20.17857031016469,,,,,TSLW,2026-07-16,,,,,,,,394.46,91703568.0,4240000.0,424.0,,,,,,,,,,,
Cash & Other,Cash&Other,,Cash&Other,,,-87018650.55,-87018650.55,-94.90719639397757,,,,,TSLW,2026-07-16,,,,,,,,1.0,91703568.0,4240000.0,424.0,,,,,,,,,,,Y
ROBINHOOD MKTS INC SWAP NM,770700102 TRS 072026 NM,,770700102 TRS 072026 NM,,,1680450.0,194159193.0,115.90084749664726,,,,,HOOW,2026-07-16,,,,,,,,115.54,167555547.0,5130000.0,513.0,,,,,,,,,,,
United States Treasury Bill 10/08/2026,912797UJ4,,912797UJ4,,,132000000.0,130864364.4,78.11780893150949,,,,,HOOW,2026-07-16,,,,,,,,99.13967,167555547.0,5130000.0,513.0,,,,,,,,,,,
First American Government Obligations Fund 12/01/2031,FGXXX,,31846V336,,,9632714.3,9632714.3,5.750125625331958,,,,,HOOW,2026-07-16,,,,,,,,100.0,167555547.0,5130000.0,513.0,,,,,,,,,,,Y
Robinhood Markets Inc,HOOD,,770700102,,,52149.0,6025295.46,3.596723077808121,,,,,HOOW,2026-07-16,,,,,,,,115.54,167555547.0,5130000.0,513.0,,,,,,,,,,,
Cash & Other,Cash&Other,,Cash&Other,,,-173159761.07,-173159761.07,-103.36550513129679,,,,,HOOW,2026-07-16,,,,,,,,1.0,167555547.0,5130000.0,513.0,,,,,,,,,,,Y
PALANTIR TECHNOLOGIES INC WEEKLYPAY SWAP NM,69608A108 TRS 042027 NM,,69608A108 TRS 042027 NM,,,859913.0,115021962.88,99.06888048827372,,,,,PLTW,2026-07-16,,,,,,,,133.76,116126176.0,6080000.0,608.0,,,,,,,,,,,
United States Treasury Bill 10/08/2026,912797UJ4,,912797UJ4,,,98000000.0,97156876.6,83.68160962912057,,,,,PLTW,2026-07-16,,,,,,,,99.13967,116126176.0,6080000.0,608.0,,,,,,,,,,,
First American Government Obligations Fund 12/01/2031,FGXXX,,31846V336,,,4808646.28,4808646.28,4.14170643323751,,,,,PLTW,2026-07-16,,,,,,,,100.0,116126176.0,6080000.0,608.0,,,,,,,,,,,Y
Palantir Technologies Inc,PLTR,,69608A108,,,171983.0,23004446.08,19.81382218086571,,,,,PLTW,2026-07-16,,,,,,,,133.76,116126176.0,6080000.0,608.0,,,,,,,,,,,
Cash & Other,Cash&Other,,Cash&Other,,,-123888911.08,-123888911.08,-106.7060187314975,,,,,PLTW,2026-07-16,,,,,,,,1.0,116126176.0,6080000.0,608.0,,,,,,,,,,,Y
4NDX US 09/18/26 C2250 FLX,4NDX  260918C02250000,,4NDX  260918C02250000,,,71.0,193357077.52,20.731965197068693,,,,,QDTE,2026-07-16,,,,,,,,27233.3912,932317667.61,31030000.0,3103.0,,,,,,,,,,,
4NDX US 12/18/26 C2450.1 FLX,4NDX  261218C02450100,,4NDX  261218C02450100,,,89.0,240629236.81,25.800539741950278,,,,,QDTE,2026-07-16,,,,,,,,27036.9929,932317667.61,31030000.0,3103.0,,,,,,,,,,,
NDX 03/19/2027 2510.15 C,4NDX  270319C02510150,,4NDX  270319C02510150,,,92.0,248346880.12,26.628034212587178,,,,,QDTE,2026-07-16,NDX,2510.15,2027-03-19,Call,,246.0,,26994.2261,932317667.61,31030000.0,3103.0,,,,,,,,,,,
NDX 06/11/2027 3059.42 C,4NDX  270611C03059420,,4NDX  270611C03059420,,,65.0,172054076.35,18.447833245374962,,,,,QDTE,2026-07-16,NDX,3059.42,2027-06-11,Call,,330.0,,26469.8579,932317667.61,31030000.0,3103.0,,,,,,,,,,,
First American Government Obligations Fund 12/01/2031,FGXXX,,31846V336,,,35425612.12,35425612.12,3.7983743185233414,,,,,QDTE,2026-07-16,,,,,,,,100.0,932317667.61,31030000.0,3103.0,,,,,,,,,,,Y
Roundhill Weekly T-Bill ETF,WEEK,,77926X676,,,479558.0,47965391.16,5.142903652389182,,,,,QDTE,2026-07-16,,,,,,,,100.02,932317667.61,31030000.0,3103.0,,,,,,,,,,,
Cash & Other,Cash&Other,,Cash&Other,,,-5126324.87,-5126324.87,-0.5496503678936433,,,,,QDTE,2026-07-16,,,,,,,,1.0,932317667.61,31030000.0,3103.0,,,,,,,,,,,Y
SPX 03/19/2027 678.8 C,4SPX  270319C00678800,,4SPX  270319C00678800,,,345.0,236931168.45,70.06626848625245,,,,,XDTE,2026-07-16,SPX,678.8,2027-03-19,Call,,246.0,,6867.5701,338089589.91,8655000.0,865.5,,,,,,,,,,,
SPX 06/11/2027 678.8 C,4SPX  270611C00678800,,4SPX  270611C00678800,,,103.0,70716710.0,20.912638981772822,,,,,XDTE,2026-07-16,SPX,678.8,2027-06-11,Call,,330.0,,6865.7,338089589.91,8655000.0,865.5,,,,,,,,,,,
First American Government Obligations Fund 12/01/2031,FGXXX,,31846V336,,,6372046.41,6372046.41,1.884368010720968,,,,,XDTE,2026-07-16,,,,,,,,100.0,338089589.91,8655000.0,865.5,,,,,,,,,,,Y
Roundhill Weekly T-Bill ETF,WEEK,,77926X676,,,242576.0,24262451.52,7.174992861666292,,,,,XDTE,2026-07-16,,,,,,,,100.02,338089589.91,8655000.0,865.5,,,,,,,,,,,
Cash & Other,Cash&Other,,Cash&Other,,,-129405.53,-129405.53,-0.03826834041254143,,,,,XDTE,2026-07-16,,,,,,,,1.0,338089589.91,8655000.0,865.5,,,,,,,,,,,Y
4RUT US 12/18/26 C246.2 FLX,4RUT  261218C00246200,,4RUT  261218C00246200,,,301.0,81714721.48,46.84030360610383,,,,,RDTE,2026-07-16,,,,,,,,2714.7748,174426582.0,6050000.0,605.0,,,,,,,,,,,
RUT 03/19/2027 252.3 C,4RUT  270319C00252300,,4RUT  270319C00252300,,,288.0,77954688.0,44.68498683352667,,,,,RDTE,2026-07-16,RUT,252.3,2027-03-19,Call,,246.0,,2706.76,174426582.0,6050000.0,605.0,,,,,,,,,,,
First American Government Obligations Fund 12/01/2031,FGXXX,,31846V336,,,5469069.01,5469069.01,3.1349657470696153,,,,,RDTE,2026-07-16,,,,,,,,100.0,174426582.0,6050000.0,605.0,,,,,,,,,,,Y
Roundhill Weekly T-Bill ETF,WEEK,,77926X676,,,104679.0,10469993.58,6.00158293583843,,,,,RDTE,2026-07-16,,,,,,,,100.02,174426582.0,6050000.0,605.0,,,,,,,,,,,
Cash & Other,Cash&Other,,Cash&Other,,,-1154603.95,-1154603.95,-0.6618391225385686,,,,,RDTE,2026-07-16,,,,,,,,1.0,174426582.0,6050000.0,605.0,,,,,,,,,,,Y
IBIT 07/17/2026 35.53 C,4IBIT 260717C00035530,,4IBIT 260717C00035530,,,35484.0,4729307.52,3.6437178914932153,,,,,YBTC,2026-07-16,IBIT,35.53,2026-07-17,Call,,1.0,,1.3328,129796106.0,7220000.0,722.0,,,,,,,,,,,
IBIT 07/17/2026 37.44 C,4IBIT 260717C00037440,,4IBIT 260717C00037440,,,-35484.0,-608905.44,-0.4691341462936943,,,,,YBTC,2026-07-16,IBIT,37.44,2026-07-17,Call,,1.0,,0.1716,129796106.0,7220000.0,722.0,,,,,,,,,,,
IBIT 07/17/2026 35.53 P,4IBIT 260717P00035530,,4IBIT 260717P00035530,,,-35484.0,-269678.4,-0.2077750298270441,,,,,YBTC,2026-07-16,IBIT,35.53,2026-07-17,Put,,1.0,,0.076,129796106.0,7220000.0,722.0,,,,,,,,,,,
United States Treasury Bill 10/08/2026,912797UJ4,,912797UJ4,,,120000000.0,118982399.33,91.67056601375573,,,,,YBTC,2026-07-16,,,,,,,,99.151999,129796106.0,7220000.0,722.0,,,,,,,,,,,
First American Government Obligations Fund 12/01/2031,FGXXX,,31846V336,,,7477098.91,7477098.91,5.760767080511487,,,,,YBTC,2026-07-16,,,,,,,,100.0,129796106.0,7220000.0,722.0,,,,,,,,,,,Y
Cash & Other,Cash&Other,,Cash&Other,,,-516762.03,-516762.03,-0.3981418096396815,,,,,YBTC,2026-07-16,,,,,,,,1.0,129796106.0,7220000.0,722.0,,,,,,,,,,,Y
United States Treasury Bill 12/10/2026,912797VG9,,912797VG9,,,74621000.0,73489548.64,9.76260517316508,,,,,MSTY,2026-07-16,,,,,,,,98.483736,752784000.66,57869959.0,2314.8,,,,,,,,,,,
MSTR US 07/17/26 C105,MSTR  260717C00105000,,MSTR  260717C00105000,,,32000.0,1792000.0,0.23805546222649682,,,,,MSTY,2026-07-16,MSTR,105.0,2026-07-17,Call,,1.0,,0.56,752784000.66,57869959.0,2314.8,,,,,,,,,,,
MSTR US 08/21/26 C125,MSTR  260821C00125000,,MSTR  260821C00125000,,,44715.0,14085225.0,1.871129881662505,,,,,MSTY,2026-07-16,MSTR,125.0,2026-08-21,Call,,36.0,,3.15,752784000.66,57869959.0,2314.8,,,,,,,,,,,
MSTR US 07/17/26 C100,MSTR  260717C00100000,,MSTR  260717C00100000,,,-10000.0,-1655000.0,-0.21985590958976134,,,,,MSTY,2026-07-16,MSTR,100.0,2026-07-17,Call,,1.0,,1.655,752784000.66,57869959.0,2314.8,,,,,,,,,,,
MSTR US 07/17/26 C98,MSTR  260717C00098000,,MSTR  260717C00098000,,,-11450.0,-2748000.0,-0.36505380033393603,,,,,MSTY,2026-07-16,MSTR,98.0,2026-07-17,Call,,1.0,,2.4,752784000.66,57869959.0,2314.8,,,,,,,,,,,
MSTR US 07/17/26 C106,MSTR  260717C00106000,,MSTR  260717C00106000,,,10000.0,455000.0,0.06044376970594646,,,,,MSTY,2026-07-16,MSTR,106.0,2026-07-17,Call,,1.0,,0.455,752784000.66,57869959.0,2314.8,,,,,,,,,,,
MSTR US 07/17/26 C97,MSTR  260717C00097000,,MSTR  260717C00097000,,,-8250.0,-2442000.0,-0.3244037046635632,,,,,MSTY,2026-07-16,MSTR,97.0,2026-07-17,Call,,1.0,,2.96,752784000.66,57869959.0,2314.8,,,,,,,,,,,
MSTR US 07/17/26 C104,MSTR  260717C00104000,,MSTR  260717C00104000,,,17665.0,1316042.5,0.1748276259192045,,,,,MSTY,2026-07-16,MSTR,104.0,2026-07-17,Call,,1.0,,0.745,752784000.66,57869959.0,2314.8,,,,,,,,,,,
MSTR US 08/21/26 C110,MSTR  260821C00110000,,MSTR  260821C00110000,,,2400.0,1536000.0,0.20404753905128303,,,,,MSTY,2026-07-16,MSTR,110.0,2026-08-21,Call,,36.0,,6.4,752784000.66,57869959.0,2314.8,,,,,,,,,,,
MSTR 09/18/2026 100.01 P,2MSTR 260918P00100010,,2MSTR 260918P00100010,,,-31250.0,-47553437.5,-6.317162692255206,,,,,MSTY,2026-07-16,MSTR,100.01,2026-09-18,Put,,64.0,,15.2171,752784000.66,57869959.0,2314.8,,,,,,,,,,,
MSTR 08/21/2026 125.01 P,2MSTR 260821P00125010,,2MSTR 260821P00125010,,,-44715.0,-134838976.8,-17.91247485952672,,,,,MSTY,2026-07-16,MSTR,125.01,2026-08-21,Put,,36.0,,30.1552,752784000.66,57869959.0,2314.8,,,,,,,,,,,
MSTR US 09/18/26 C100,MSTR  260918C00100000,,MSTR  260918C00100000,,,31250.0,42500000.0,5.645846620885109,,,,,MSTY,2026-07-16,MSTR,100.0,2026-09-18,Call,,64.0,,13.6,752784000.66,57869959.0,2314.8,,,,,,,,,,,
United States Treasury Bill 08/06/2026,912797RG4,,912797RG4,,,214904000.0,214451448.71,28.488470283371058,,,,,MSTY,2026-07-16,,,,,,,,99.789417,752784000.66,57869959.0,2314.8,,,,,,,,,,,
MSTR US 07/17/26 C107,MSTR  260717C00107000,,MSTR  260717C00107000,,,2000.0,74000.0,0.00983041529283525,,,,,MSTY,2026-07-16,MSTR,107.0,2026-07-17,Call,,1.0,,0.37,752784000.66,57869959.0,2314.8,,,,,,,,,,,
United States Treasury Bill 10/15/2026,912797UK1,,912797UK1,,,150141000.0,148738662.04,19.75895699937662,,,,,MSTY,2026-07-16,,,,,,,,99.065986,752784000.66,57869959.0,2314.8,,,,,,,,,,,
Cash & Other,Cash&Other,,Cash&Other,,,226042483.0,226042482.86,30.028263247802624,,,,,MSTY,2026-07-16,,,,,,,,1.0,752784000.66,57869959.0,2314.8,,,,,,,,,,,
MSTR US 07/17/26 C101,MSTR  260717C00101000,,MSTR  260717C00101000,,,-2000.0,-273000.0,-0.036266261823567875,,,,,MSTY,2026-07-16,MSTR,101.0,2026-07-17,Call,,1.0,,1.365,752784000.66,57869959.0,2314.8,,,,,,,,,,,
United States Treasury Bill 09/03/2026,912797RS8,,912797RS8,,,205539000.0,204522067.02,27.169416964265995,,,,,MSTY,2026-07-16,,,,,,,,99.505236,752784000.66,57869959.0,2314.8,,,,,,,,,,,
First American Government Obligations Fund 12/01/2031,FGXXX,,31846V336,,,25435922.0,25435921.56,3.3789955714970517,,,,,MSTY,2026-07-16,,,,,,,,100.0,752784000.66,57869959.0,2314.8,,,,,,,,,,,
MSTR US 07/17/26 C108,MSTR  260717C00108000,,MSTR  260717C00108000,,,3000.0,90000.0,0.011955910491286114,,,,,MSTY,2026-07-16,MSTR,108.0,2026-07-17,Call,,1.0,,0.3,752784000.66,57869959.0,2314.8,,,,,,,,,,,
MSTR US 07/17/26 C102,MSTR  260717C00102000,,MSTR  260717C00102000,,,-3000.0,-337500.0,-0.04483466434232293,,,,,MSTY,2026-07-16,MSTR,102.0,2026-07-17,Call,,1.0,,1.125,752784000.66,57869959.0,2314.8,,,,,,,,,,,
MSTR US 07/17/26 C97.5,MSTR  260717C00097500,,MSTR  260717C00097500,,,-6215.0,-1665620.0,-0.22126670702773304,,,,,MSTY,2026-07-16,MSTR,97.5,2026-07-17,Call,,1.0,,2.68,752784000.66,57869959.0,2314.8,,,,,,,,,,,
MSTR US 07/17/26 C99,MSTR  260717C00099000,,MSTR  260717C00099000,,,-29500.0,-6018000.0,-0.7994518815173315,,,,,MSTY,2026-07-16,MSTR,99.0,2026-07-17,Call,,1.0,,2.04,752784000.66,57869959.0,2314.8,,,,,,,,,,,
MSTR US 07/17/26 C103,MSTR  260717C00103000,,MSTR  260717C00103000,,,8250.0,742500.0,0.09863626155311044,,,,,MSTY,2026-07-16,MSTR,103.0,2026-07-17,Call,,1.0,,0.9,752784000.66,57869959.0,2314.8,,,,,,,,,,,
MSTR US 07/17/26 C98.5,MSTR  260717C00098500,,MSTR  260717C00098500,,,-2500.0,-565000.0,-0.07505654919529615,,,,,MSTY,2026-07-16,MSTR,98.5,2026-07-17,Call,,1.0,,2.26,752784000.66,57869959.0,2314.8,,,,,,,,,,,
MSTR 08/21/2026 110.01 P,2MSTR 260821P00110010,,2MSTR 260821P00110010,,,-2400.0,-4408608.0,-0.5856546959907544,,,,,MSTY,2026-07-16,MSTR,110.01,2026-08-21,Put,,36.0,,18.3692,752784000.66,57869959.0,2314.8,,,,,,,,,,,
United States Treasury Bill 10/15/2026,912797UK1,,912797UK1,,,302468000.0,299642906.53,21.386936222540406,,,,,NVDY,2026-07-16,,,,,,,,99.065986,1401093037.5,109875000.0,4395.0,,,,,,,,,,,
United States Treasury Bill 02/18/2027,912797TV9,,912797TV9,,,240100000.0,234783057.53,16.757581000918563,,,,,NVDY,2026-07-16,,,,,,,,97.78553,1401093037.5,109875000.0,4395.0,,,,,,,,,,,
Cash & Other,Cash&Other,,Cash&Other,,,511585.0,511584.58,0.03651421924716811,,,,,NVDY,2026-07-16,,,,,,,,1.0,1401093037.5,109875000.0,4395.0,,,,,,,,,,,
NVDA US 09/18/26 C195,NVDA  260918C00195000,,NVDA  260918C00195000,,,66900.0,176783250.0,12.617859493980315,,,,,NVDY,2026-07-16,NVDA,195.0,2026-09-18,Call,,64.0,,26.425,1401093037.5,109875000.0,4395.0,,,,,,,,,,,
NVDA US 07/17/26 C210,NVDA  260717C00210000,,NVDA  260717C00210000,,,-41000.0,-17117500.0,-1.2217572077004355,,,,,NVDY,2026-07-16,NVDA,210.0,2026-07-17,Call,,1.0,,4.175,1401093037.5,109875000.0,4395.0,,,,,,,,,,,
United States Treasury Bill 09/03/2026,912797RS8,,912797RS8,,,256884000.0,255613030.45,18.244315018807562,,,,,NVDY,2026-07-16,,,,,,,,99.505236,1401093037.5,109875000.0,4395.0,,,,,,,,,,,
United States Treasury Bill 08/06/2026,912797RG4,,912797RG4,,,255153000.0,254615691.16,18.173130180713194,,,,,NVDY,2026-07-16,,,,,,,,99.789417,1401093037.5,109875000.0,4395.0,,,,,,,,,,,
NVDA US 07/17/26 C207.5,NVDA  260717C00207500,,NVDA  260717C00207500,,,-17900.0,-10740000.0,-0.7665647676765112,,,,,NVDY,2026-07-16,NVDA,207.5,2026-07-17,Call,,1.0,,6.0,1401093037.5,109875000.0,4395.0,,,,,,,,,,,
United States Treasury Bill 12/10/2026,912797VG9,,912797VG9,,,243361000.0,239671004.77,17.106456991649072,,,,,NVDY,2026-07-16,,,,,,,,98.483736,1401093037.5,109875000.0,4395.0,,,,,,,,,,,
NVDA US 07/17/26 C217.5,NVDA  260717C00217500,,NVDA  260717C00217500,,,13000.0,1163500.0,0.0830445164982887,,,,,NVDY,2026-07-16,NVDA,217.5,2026-07-17,Call,,1.0,,0.895,1401093037.5,109875000.0,4395.0,,,,,,,,,,,
NVDA 09/18/2026 195.01 P,2NVDA 260918P00195010,,2NVDA 260918P00195010,,,-66900.0,-50764389.0,-3.623295350095441,,,,,NVDY,2026-07-16,NVDA,195.01,2026-09-18,Put,,64.0,,7.5881,1401093037.5,109875000.0,4395.0,,,,,,,,,,,
First American Government Obligations Fund 12/01/2031,FGXXX,,31846V336,,,10444596.0,10444595.94,0.7454803780466602,,,,,NVDY,2026-07-16,,,,,,,,100.0,1401093037.5,109875000.0,4395.0,,,,,,,,,,,
NVDA US 07/17/26 C215,NVDA  260717C00215000,,NVDA  260717C00215000,,,53900.0,8597050.0,0.6136122566064571,,,,,NVDY,2026-07-16,NVDA,215.0,2026-07-17,Call,,1.0,,1.595,1401093037.5,109875000.0,4395.0,,,,,,,,,,,
NVDA US 07/17/26 C212.5,NVDA  260717C00212500,,NVDA  260717C00212500,,,-8000.0,-2148000.0,-0.15331295353530222,,,,,NVDY,2026-07-16,NVDA,212.5,2026-07-17,Call,,1.0,,2.685,1401093037.5,109875000.0,4395.0,,,,,,,,,,,
First American Government Obligations Fund 12/01/2031,FGXXX,,31846V336,,,10007841.0,10007841.33,3.0015874963240097,,,,,CONY,2026-07-16,,,,,,,,100.0,333425870.22,16507457.0,660.3,,,,,,,,,,,
COIN US 08/21/26 C160,COIN  260821C00160000,,COIN  260821C00160000,,,9015.0,18661050.0,5.596888729677448,,,,,CONY,2026-07-16,COIN,160.0,2026-08-21,Call,,36.0,,20.7,333425870.22,16507457.0,660.3,,,,,,,,,,,
COIN 09/18/2026 170.01 P,2COIN 260918P00170010,,2COIN 260918P00170010,,,-11030.0,-24567560.2,-7.368390353117977,,,,,CONY,2026-07-16,COIN,170.01,2026-09-18,Put,,64.0,,22.2734,333425870.22,16507457.0,660.3,,,,,,,,,,,
COIN US 07/17/26 C162.5,COIN  260717C00162500,,COIN  260717C00162500,,,-4930.0,-3352400.0,-1.005463774941425,,,,,CONY,2026-07-16,COIN,162.5,2026-07-17,Call,,1.0,,6.8,333425870.22,16507457.0,660.3,,,,,,,,,,,
United States Treasury Bill 10/15/2026,912797UK1,,912797UK1,,,59841000.0,59282076.68,17.780092054957585,,,,,CONY,2026-07-16,,,,,,,,99.065986,333425870.22,16507457.0,660.3,,,,,,,,,,,
COIN US 09/18/26 C170,COIN  260918C00170000,,COIN  260918C00170000,,,11030.0,23190575.0,6.955400036559549,,,,,CONY,2026-07-16,COIN,170.0,2026-09-18,Call,,64.0,,21.025,333425870.22,16507457.0,660.3,,,,,,,,,,,
COIN US 07/17/26 C170,COIN  260717C00170000,,COIN  260717C00170000,,,4930.0,1451885.0,0.43545453194154354,,,,,CONY,2026-07-16,COIN,170.0,2026-07-17,Call,,1.0,,2.945,333425870.22,16507457.0,660.3,,,,,,,,,,,
United States Treasury Bill 08/06/2026,912797RG4,,912797RG4,,,93467000.0,93270174.39,27.9739236462279,,,,,CONY,2026-07-16,,,,,,,,99.789417,333425870.22,16507457.0,660.3,,,,,,,,,,,
United States Treasury Bill 09/03/2026,912797RS8,,912797RS8,,,27997000.0,27858480.92,8.355415042941432,,,,,CONY,2026-07-16,,,,,,,,99.505236,333425870.22,16507457.0,660.3,,,,,,,,,,,
COIN US 07/17/26 C165,COIN  260717C00165000,,COIN  260717C00165000,,,-15115.0,-7897587.5,-2.368672634733388,,,,,CONY,2026-07-16,COIN,165.0,2026-07-17,Call,,1.0,,5.225,333425870.22,16507457.0,660.3,,,,,,,,,,,
United States Treasury Bill 02/18/2027,912797TV9,,912797TV9,,,77870000.0,76145592.21,22.837857829798637,,,,,CONY,2026-07-16,,,,,,,,97.78553,333425870.22,16507457.0,660.3,,,,,,,,,,,
COIN US 07/17/26 C172.5,COIN  260717C00172500,,COIN  260717C00172500,,,15115.0,3151477.5,0.94520238151562,,,,,CONY,2026-07-16,COIN,172.5,2026-07-17,Call,,1.0,,2.085,333425870.22,16507457.0,660.3,,,,,,,,,,,
United States Treasury Bill 12/10/2026,912797VG9,,912797VG9,,,68067000.0,67034924.58,20.105353872187244,,,,,CONY,2026-07-16,,,,,,,,98.483736,333425870.22,16507457.0,660.3,,,,,,,,,,,
COIN 08/21/2026 160.01 P,2COIN 260821P00160010,,2COIN 260821P00160010,,,-9015.0,-11504762.7,-3.4505494971206594,,,,,CONY,2026-07-16,COIN,160.01,2026-08-21,Put,,36.0,,12.7618,333425870.22,16507457.0,660.3,,,,,,,,,,,
Cash & Other,Cash&Other,,Cash&Other,,,686510.0,686510.36,0.20590063778248316,,,,,CONY,2026-07-16,,,,,,,,1.0,333425870.22,16507457.0,660.3,,,,,,,,,,,
United States Treasury Bill 02/18/2027,912797TV9,,912797TV9,,,30000000.0,29335659.0,3.847059811136143,,,,,TSLY,2026-07-16,,,,,,,,97.78553,762564418.83,28754965.0,1150.2,,,,,,,,,,,
TSLA US 07/17/26 C437.5,TSLA  260717C00437500,,TSLA  260717C00437500,,,2170.0,18445.0,0.0024188656616306505,,,,,TSLY,2026-07-16,TSLA,437.5,2026-07-17,Call,,1.0,,0.085,762564418.83,28754965.0,1150.2,,,,,,,,,,,
TSLA US 07/17/26 C402.5,TSLA  260717C00402500,,TSLA  260717C00402500,,,-4000.0,-1006000.0,-0.13192620523721524,,,,,TSLY,2026-07-16,TSLA,402.5,2026-07-17,Call,,1.0,,2.515,762564418.83,28754965.0,1150.2,,,,,,,,,,,
TSLA 09/18/2026 410.01 P,2TSLA 260918P00410010,,2TSLA 260918P00410010,,,-9681.0,-37001362.86,-4.852335378454307,,,,,TSLY,2026-07-16,TSLA,410.01,2026-09-18,Put,,64.0,,38.2206,762564418.83,28754965.0,1150.2,,,,,,,,,,,
TSLA US 07/17/26 C420,TSLA  260717C00420000,,TSLA  260717C00420000,,,-1681.0,-62197.0,-0.008156475335128305,,,,,TSLY,2026-07-16,TSLA,420.0,2026-07-17,Call,,1.0,,0.37,762564418.83,28754965.0,1150.2,,,,,,,,,,,
Cash & Other,Cash&Other,,Cash&Other,,,20916731.0,20916731.44,2.743006963066752,,,,,TSLY,2026-07-16,,,,,,,,1.0,762564418.83,28754965.0,1150.2,,,,,,,,,,,
TSLA US 07/17/26 C410,TSLA  260717C00410000,,TSLA  260717C00410000,,,-2000.0,-223000.0,-0.029244079292146116,,,,,TSLY,2026-07-16,TSLA,410.0,2026-07-17,Call,,1.0,,1.115,762564418.83,28754965.0,1150.2,,,,,,,,,,,
TSLA 09/18/2026 415.01 C,2TSLA 260918C00415010,,2TSLA 260918C00415010,,,9758.0,23403879.94,3.0691700480234436,,,,,TSLY,2026-07-16,TSLA,415.01,2026-09-18,Call,,64.0,,23.9843,762564418.83,28754965.0,1150.2,,,,,,,,,,,
United States Treasury Bill 10/15/2026,912797UK1,,912797UK1,,,155297000.0,153846504.28,20.175333497685276,,,,,TSLY,2026-07-16,,,,,,,,99.065986,762564418.83,28754965.0,1150.2,,,,,,,,,,,
United States Treasury Bill 12/10/2026,912797VG9,,912797VG9,,,184409000.0,181612872.72,23.81659753496915,,,,,TSLY,2026-07-16,,,,,,,,98.483736,762564418.83,28754965.0,1150.2,,,,,,,,,,,
TSLA US 07/17/26 C417.5,TSLA  260717C00417500,,TSLA  260717C00417500,,,4000.0,194000.0,0.02544103759047689,,,,,TSLY,2026-07-16,TSLA,417.5,2026-07-17,Call,,1.0,,0.485,762564418.83,28754965.0,1150.2,,,,,,,,,,,
TSLA US 07/17/26 C435,TSLA  260717C00435000,,TSLA  260717C00435000,,,1511.0,15110.0,0.0019815158659386898,,,,,TSLY,2026-07-16,TSLA,435.0,2026-07-17,Call,,1.0,,0.1,762564418.83,28754965.0,1150.2,,,,,,,,,,,
TSLA 09/18/2026 410.01 C,2TSLA 260918C00410010,,2TSLA 260918C00410010,,,9681.0,25071176.13,3.2878182183546234,,,,,TSLY,2026-07-16,TSLA,410.01,2026-09-18,Call,,64.0,,25.8973,762564418.83,28754965.0,1150.2,,,,,,,,,,,
First American Government Obligations Fund 12/01/2031,FGXXX,,31846V336,,,25245102.0,25245102.14,3.310626765562725,,,,,TSLY,2026-07-16,,,,,,,,100.0,762564418.83,28754965.0,1150.2,,,,,,,,,,,
United States Treasury Bill 08/06/2026,912797RG4,,912797RG4,,,200601000.0,200178568.4,26.25129115191881,,,,,TSLY,2026-07-16,,,,,,,,99.789417,762564418.83,28754965.0,1150.2,,,,,,,,,,,
TSLA US 07/17/26 C415,TSLA  260717C00415000,,TSLA  260717C00415000,,,-1758.0,-113391.0,-0.014870024192895697,,,,,TSLY,2026-07-16,TSLA,415.0,2026-07-17,Call,,1.0,,0.645,762564418.83,28754965.0,1150.2,,,,,,,,,,,
TSLA US 07/17/26 C427.5,TSLA  260717C00427500,,TSLA  260717C00427500,,,1758.0,30765.0,0.004034502687994956,,,,,TSLY,2026-07-16,TSLA,427.5,2026-07-17,Call,,1.0,,0.175,762564418.83,28754965.0,1150.2,,,,,,,,,,,
TSLA US 07/17/26 C425,TSLA  260717C00425000,,TSLA  260717C00425000,,,2000.0,45000.0,0.005901271606038454,,,,,TSLY,2026-07-16,TSLA,425.0,2026-07-17,Call,,1.0,,0.225,762564418.83,28754965.0,1150.2,,,,,,,,,,,
TSLA 09/18/2026 415.01 P,2TSLA 260918P00415010,,2TSLA 260918P00415010,,,-9758.0,-40268826.5,-5.280828498509752,,,,,TSLY,2026-07-16,TSLA,415.01,2026-09-18,Put,,64.0,,41.2675,762564418.83,28754965.0,1150.2,,,,,,,,,,,
TSLA US 07/17/26 C430,TSLA  260717C00430000,,TSLA  260717C00430000,,,2000.0,29000.0,0.0038030417016692263,,,,,TSLY,2026-07-16,TSLA,430.0,2026-07-17,Call,,1.0,,0.145,762564418.83,28754965.0,1150.2,,,,,,,,,,,
TSLA US 07/17/26 C400,TSLA  260717C00400000,,TSLA  260717C00400000,,,-2000.0,-650000.0,-0.0852405898649999,,,,,TSLY,2026-07-16,TSLA,400.0,2026-07-17,Call,,1.0,,3.25,762564418.83,28754965.0,1150.2,,,,,,,,,,,
United States Treasury Bill 09/03/2026,912797RS8,,912797RS8,,,183223000.0,182316478.56,23.908867960867703,,,,,TSLY,2026-07-16,,,,,,,,99.505236,762564418.83,28754965.0,1150.2,,,,,,,,,,,
TSLA US 07/17/26 C405,TSLA  260717C00405000,,TSLA  260717C00405000,,,-2000.0,-387000.0,-0.05075093581193071,,,,,TSLY,2026-07-16,TSLA,405.0,2026-07-17,Call,,1.0,,1.935,762564418.83,28754965.0,1150.2,,,,,,,,,,,
HOOD US 07/17/26 C119,HOOD  260717C00119000,,HOOD  260717C00119000,,,-4000.0,-484000.0,-0.325940576965835,,,,,HOOY,2026-07-16,HOOD,119.0,2026-07-17,Call,,1.0,,1.21,148496740.0,4600000.0,184.0,,,,,,,,,,,
HOOD US 07/17/26 C124,HOOD  260717C00124000,,HOOD  260717C00124000,,,4000.0,140000.0,0.0942803321802002,,,,,HOOY,2026-07-16,HOOD,124.0,2026-07-17,Call,,1.0,,0.35,148496740.0,4600000.0,184.0,,,,,,,,,,,
Cash & Other,Cash&Other,,Cash&Other,,,7131642.0,7131641.82,4.8026682841414825,,,,,HOOY,2026-07-16,,,,,,,,1.0,148496740.0,4600000.0,184.0,,,,,,,,,,,
HOOD US 07/17/26 C114,HOOD  260717C00114000,,HOOD  260717C00114000,,,-2850.0,-969000.0,-0.6525545848758143,,,,,HOOY,2026-07-16,HOOD,114.0,2026-07-17,Call,,1.0,,3.4,148496740.0,4600000.0,184.0,,,,,,,,,,,
United States Treasury Bill 10/15/2026,912797UK1,,912797UK1,,,25844000.0,25602613.42,17.241592127991797,,,,,HOOY,2026-07-16,,,,,,,,99.065986,148496740.0,4600000.0,184.0,,,,,,,,,,,
United States Treasury Bill 02/18/2027,912797TV9,,912797TV9,,,21279000.0,20807782.93,14.012604904099282,,,,,HOOY,2026-07-16,,,,,,,,97.78553,148496740.0,4600000.0,184.0,,,,,,,,,,,
HOOD 08/21/2026 90.01 P,2HOOD 260821P00090010,,2HOOD 260821P00090010,,,-13030.0,-2644699.1,-1.7810222118905465,,,,,HOOY,2026-07-16,HOOD,90.01,2026-08-21,Put,,36.0,,2.0297,148496740.0,4600000.0,184.0,,,,,,,,,,,
United States Treasury Bill 09/03/2026,912797RS8,,912797RS8,,,24662000.0,24539981.3,16.525982776142154,,,,,HOOY,2026-07-16,,,,,,,,99.505236,148496740.0,4600000.0,184.0,,,,,,,,,,,
First American Government Obligations Fund 12/01/2031,FGXXX,,31846V336,,,7050138.0,7050138.1,4.7477811570306105,,,,,HOOY,2026-07-16,,,,,,,,100.0,148496740.0,4600000.0,184.0,,,,,,,,,,,
HOOD US 07/17/26 C125,HOOD  260717C00125000,,HOOD  260717C00125000,,,2450.0,63700.0,0.04289755114199109,,,,,HOOY,2026-07-16,HOOD,125.0,2026-07-17,Call,,1.0,,0.26,148496740.0,4600000.0,184.0,,,,,,,,,,,
HOOD US 07/17/26 C113,HOOD  260717C00113000,,HOOD  260717C00113000,,,-3730.0,-1510650.0,-1.0173184557715673,,,,,HOOY,2026-07-16,HOOD,113.0,2026-07-17,Call,,1.0,,4.05,148496740.0,4600000.0,184.0,,,,,,,,,,,
HOOD US 07/17/26 C118,HOOD  260717C00118000,,HOOD  260717C00118000,,,6580.0,1013320.0,0.6824010443202891,,,,,HOOY,2026-07-16,HOOD,118.0,2026-07-17,Call,,1.0,,1.54,148496740.0,4600000.0,184.0,,,,,,,,,,,
HOOD 08/21/2026 90.01 C,2HOOD 260821C00090010,,2HOOD 260821C00090010,,,13030.0,36352006.1,24.480565789461888,,,,,HOOY,2026-07-16,HOOD,90.01,2026-08-21,Call,,36.0,,27.8987,148496740.0,4600000.0,184.0,,,,,,,,,,,
HOOD US 07/17/26 C120,HOOD  260717C00120000,,HOOD  260717C00120000,,,-2450.0,-236425.0,-0.1592159109693131,,,,,HOOY,2026-07-16,HOOD,120.0,2026-07-17,Call,,1.0,,0.965,148496740.0,4600000.0,184.0,,,,,,,,,,,
United States Treasury Bill 12/10/2026,912797VG9,,912797VG9,,,32124000.0,31636915.35,21.305277773963393,,,,,HOOY,2026-07-16,,,,,,,,98.483736,148496740.0,4600000.0,184.0,,,,,,,,,,,
PLTR US 08/21/26 C140,PLTR  260821C00140000,,PLTR  260821C00140000,,,11390.0,9653025.0,2.77982528104414,,,,,PLTY,2026-07-16,PLTR,140.0,2026-08-21,Call,,36.0,,8.475,347283240.0,11175000.0,447.0,,,,,,,,,,,
PALANTIR CLL OPT 07/26 136,PLTR  260724C00136000,,PLTR  260724C00136000,,,-3290.0,-1126825.0,-0.32449689318245456,,,,,PLTY,2026-07-16,PLTR,136.0,2026-07-24,Call,,8.0,,3.425,347283240.0,11175000.0,447.0,,,,,,,,,,,
PLTR US 09/18/26 C135,PLTR  260918C00135000,,PLTR  260918C00135000,,,14601.0,19492335.0,5.613295896320742,,,,,PLTY,2026-07-16,PLTR,135.0,2026-09-18,Call,,64.0,,13.35,347283240.0,11175000.0,447.0,,,,,,,,,,,
PLTR US 07/17/26 C129,PLTR  260717C00129000,,PLTR  260717C00129000,,,-3790.0,-2046600.0,-0.5893686611383413,,,,,PLTY,2026-07-16,PLTR,129.0,2026-07-17,Call,,1.0,,5.4,347283240.0,11175000.0,447.0,,,,,,,,,,,
PALANTIR CLL OPT 07/26 140,PLTR  260724C00140000,,PLTR  260724C00140000,,,3290.0,677740.0,0.1951718540017099,,,,,PLTY,2026-07-16,PLTR,140.0,2026-07-24,Call,,8.0,,2.06,347283240.0,11175000.0,447.0,,,,,,,,,,,
Cash & Other,Cash&Other,,Cash&Other,,,5962598.0,5962597.55,1.7170761921969382,,,,,PLTY,2026-07-16,,,,,,,,1.0,347283240.0,11175000.0,447.0,,,,,,,,,,,
PLTR US 07/17/26 C135,PLTR  260717C00135000,,PLTR  260717C00135000,,,-500.0,-86000.0,-0.024765809077444228,,,,,PLTY,2026-07-16,PLTR,135.0,2026-07-17,Call,,1.0,,1.72,347283240.0,11175000.0,447.0,,,,,,,,,,,
PLTR US 07/17/26 C139,PLTR  260717C00139000,,PLTR  260717C00139000,,,500.0,29250.0,0.0084232548315726,,,,,PLTY,2026-07-16,PLTR,139.0,2026-07-17,Call,,1.0,,0.585,347283240.0,11175000.0,447.0,,,,,,,,,,,
United States Treasury Bill 10/15/2026,912797UK1,,912797UK1,,,49076000.0,48617623.29,14.000636932549371,,,,,PLTY,2026-07-16,,,,,,,,99.065986,347283240.0,11175000.0,447.0,,,,,,,,,,,
PLTR 09/18/2026 135.01 P,2PLTR 260918P00135010,,2PLTR 260918P00135010,,,-14601.0,-19778368.59,-5.695666283293718,,,,,PLTY,2026-07-16,PLTR,135.01,2026-09-18,Put,,64.0,,13.5459,347283240.0,11175000.0,447.0,,,,,,,,,,,
United States Treasury Bill 09/03/2026,912797RS8,,912797RS8,,,44859000.0,44637053.82,12.854334333554911,,,,,PLTY,2026-07-16,,,,,,,,99.505236,347283240.0,11175000.0,447.0,,,,,,,,,,,
PLTR US 07/17/26 C131,PLTR  260717C00131000,,PLTR  260717C00131000,,,11435.0,4488237.5,1.2924980583630883,,,,,PLTY,2026-07-16,PLTR,131.0,2026-07-17,Call,,1.0,,3.925,347283240.0,11175000.0,447.0,,,,,,,,,,,
PLTR US 07/17/26 C140,PLTR  260717C00140000,,PLTR  260717C00140000,,,-1750.0,-76125.0,-0.021922060651400486,,,,,PLTY,2026-07-16,PLTR,140.0,2026-07-17,Call,,1.0,,0.435,347283240.0,11175000.0,447.0,,,,,,,,,,,
United States Treasury Bill 08/06/2026,912797RG4,,912797RG4,,,130884000.0,130608380.55,37.611886239714885,,,,,PLTY,2026-07-16,,,,,,,,99.789417,347283240.0,11175000.0,447.0,,,,,,,,,,,
PLTR US 07/17/26 C127,PLTR  260717C00127000,,PLTR  260717C00127000,,,-5226.0,-3671265.0,-1.0572307914267822,,,,,PLTY,2026-07-16,PLTR,127.0,2026-07-17,Call,,1.0,,7.025,347283240.0,11175000.0,447.0,,,,,,,,,,,
PLTR US 07/17/26 C128,PLTR  260717C00128000,,PLTR  260717C00128000,,,-11435.0,-7146875.0,-2.058117927329758,,,,,PLTY,2026-07-16,PLTR,128.0,2026-07-17,Call,,1.0,,6.25,347283240.0,11175000.0,447.0,,,,,,,,,,,
PLTR US 07/17/26 C132,PLTR  260717C00132000,,PLTR  260717C00132000,,,350.0,114625.0,0.033009079831419125,,,,,PLTY,2026-07-16,PLTR,132.0,2026-07-17,Call,,1.0,,3.275,347283240.0,11175000.0,447.0,,,,,,,,,,,
PLTR 08/21/2026 140.01 P,2PLTR 260821P00140010,,2PLTR 260821P00140010,,,-11390.0,-16044409.6,-4.620381219929224,,,,,PLTY,2026-07-16,PLTR,140.01,2026-08-21,Put,,36.0,,14.0864,347283240.0,11175000.0,447.0,,,,,,,,,,,
United States Treasury Bill 12/10/2026,912797VG9,,912797VG9,,,55977000.0,55128240.9,15.87552894075293,,,,,PLTY,2026-07-16,,,,,,,,98.483736,347283240.0,11175000.0,447.0,,,,,,,,,,,
First American Government Obligations Fund 12/01/2031,FGXXX,,31846V336,,,8930448.0,8930447.5,2.571741369315571,,,,,PLTY,2026-07-16,,,,,,,,100.0,347283240.0,11175000.0,447.0,,,,,,,,,,,
United States Treasury Bill 02/18/2027,912797TV9,,912797TV9,,,66997000.0,65513371.53,18.86618199222849,,,,,PLTY,2026-07-16,,,,,,,,97.78553,347283240.0,11175000.0,447.0,,,,,,,,,,,
PLTR US 07/17/26 C130,PLTR  260717C00130000,,PLTR  260717C00130000,,,5226.0,2430090.0,0.6998040114070516,,,,,PLTY,2026-07-16,PLTR,130.0,2026-07-17,Call,,1.0,,4.65,347283240.0,11175000.0,447.0,,,,,,,,,,,
PLTR US 07/17/26 C133,PLTR  260717C00133000,,PLTR  260717C00133000,,,3440.0,923640.0,0.265984789491751,,,,,PLTY,2026-07-16,PLTR,133.0,2026-07-17,Call,,1.0,,2.685,347283240.0,11175000.0,447.0,,,,,,,,,,,
PLTR US 07/17/26 C144,PLTR  260717C00144000,,PLTR  260717C00144000,,,1750.0,22750.0,0.006551420424556467,,,,,PLTY,2026-07-16,PLTR,144.0,2026-07-17,Call,,1.0,,0.13,347283240.0,11175000.0,447.0,,,,,,,,,,,
TREASURY BILL,TBILL,,912797TP2,,,108108000.0,108033024.94,97.02775009268191,,,,,NVII,2026-07-16,,,,,,,,,,,,,,,,,,,,,,
NVDA 07/17/2026 204.65 C,2NVDA 260717C00204650,,,,,6581.0,5516654.87,4.954675761150049,,,,,NVII,2026-07-16,NVDA,204.65,2026-07-17,Call,,1.0,,,,,,,,,,,,,,,,
FIRST AMERICAN GOVERNMENT OBLI FIRST AM GOV OBLIG X,FGXXX,,31846V336,,,290887.0,290886.57,0.26125408813603684,,,,,NVII,2026-07-16,,,,,,,,,,,,,,,,,,,,,,
Cash & Other,Cash&Other,,,,,-45161.0,-45161.42,-0.040560846796841035,,,,,NVII,2026-07-16,,,,,,,,,,,,,,,,,,,,,,
NVDA 07/17/2026 204.65 P,2NVDA 260717P00204650,,,,,-6581.0,-312334.26,-0.28051691176372917,,,,,NVII,2026-07-16,NVDA,204.65,2026-07-17,Put,,1.0,,,,,,,,,,,,,,,,
NVDA 07/17/2026 206.84 C,2NVDA 260717C00206840,,,,,-3290.0,-2140671.4,-1.9226021834074132,,,,,NVII,2026-07-16,NVDA,206.84,2026-07-17,Call,,1.0,,,,,,,,,,,,,,,,
TREASURY BILL,TBILL,,912797TP2,,,38752000.0,38725124.71,100.70964465635774,,,,,TSII,2026-07-16,,,,,,,,,,,,,,,,,,,,,,
TSLA 07/17/2026 396.38 C,2TSLA 260717C00396380,,,,,1219.0,555522.68,1.4447078510479388,,,,,TSII,2026-07-16,TSLA,396.38,2026-07-17,Call,,1.0,,,,,,,,,,,,,,,,
FIRST AMERICAN GOVERNMENT OBLI FIRST AM GOV OBLIG X,FGXXX,,31846V336,,,8688.0,8687.95,0.022594126264137298,,,,,TSII,2026-07-16,,,,,,,,,,,,,,,,,,,,,,
Cash & Other,Cash&Other,,,,,-16974.0,-16973.96,-0.04414295609924273,,,,,TSII,2026-07-16,,,,,,,,,,,,,,,,,,,,,,
TSLA 07/17/2026 414.68 C,2TSLA 260717C00414680,,,,,-609.0,-39207.42,-0.10196391530465322,,,,,TSII,2026-07-16,TSLA,414.68,2026-07-17,Call,,1.0,,,,,,,,,,,,,,,,
TSLA 07/17/2026 396.38 P,2TSLA 260717P00396380,,,,,-1219.0,-780903.59,-2.0308397622659085,,,,,TSII,2026-07-16,TSLA,396.38,2026-07-17,Put,,1.0,,,,,,,,,,,,,,,,
