Name,Ticker,Security Type,CUSIP,ISIN,SEDOL,Share Quantity,Market Value,Weight,Coupon,Maturity Date,Sector,Country,ETF Ticker,Date,Underlying_Ticker,Option_Strike,Option_Expiry,Option_Type,Underlying_Price,DTE,Moneyness,Price,NetAssets,SharesOutstanding,CreationUnits,date,MoneyMarketFlag
SM ENERGY CO COMMON STOCK USD.01,SM,COMMON STOCK,78454L100,US78454L1008,2764188,7896025.0,237196591.0,1.06,0,,ENERGY,UNITED STATES,AVUV,2026-03-23,,,,,,,,,,,,,
FIVE BELOW COMMON STOCK USD.01,FIVE,COMMON STOCK,33829M101,US33829M1018,B85KFY9,1015973.0,231052579.66,1.03,0,,CONSUMER DISCRETIONARY,UNITED STATES,AVUV,2026-03-23,,,,,,,,,,,,,
VIASAT INC COMMON STOCK USD.0001,VSAT,COMMON STOCK,92552V100,US92552V1008,2946243,4767073.0,221144516.47,0.99,0,,INFORMATION TECHNOLOGY,UNITED STATES,AVUV,2026-03-23,,,,,,,,,,,,,
MATSON INC COMMON STOCK,MATX,COMMON STOCK,57686G105,US57686G1058,B8GNC91,1293766.0,200624293.62,0.9,0,,INDUSTRIALS,UNITED STATES,AVUV,2026-03-23,,,,,,,,,,,,,
MACY S INC COMMON STOCK USD.01,M,COMMON STOCK,55616P104,US55616P1049,2345022,10433493.0,186446519.91,0.83,0,,CONSUMER DISCRETIONARY,UNITED STATES,AVUV,2026-03-23,,,,,,,,,,,,,
GATX CORP COMMON STOCK USD.625,GATX,COMMON STOCK,361448103,US3614481030,2362128,1130111.0,186129281.7,0.83,0,,INDUSTRIALS,UNITED STATES,AVUV,2026-03-23,,,,,,,,,,,,,
ARCHROCK INC COMMON STOCK USD.01,AROC,COMMON STOCK,03957W106,US03957W1062,BYRGSX7,5159437.0,183314796.61,0.82,0,,ENERGY,UNITED STATES,AVUV,2026-03-23,,,,,,,,,,,,,
MAGNOLIA OIL + GAS CORP   A COMMON STOCK USD.0001,MGY,COMMON STOCK,559663109,US5596631094,BF2GC59,5909604.0,181779419.04,0.81,0,,ENERGY,UNITED STATES,AVUV,2026-03-23,,,,,,,,,,,,,
CALIFORNIA RESOURCES CORP COMMON STOCK USD.01,CRC,COMMON STOCK,13057Q305,US13057Q3056,BMBK002,2838729.0,180429615.24,0.81,0,,ENERGY,UNITED STATES,AVUV,2026-03-23,,,,,,,,,,,,,
LIBERTY ENERGY INC COMMON STOCK,LBRT,COMMON STOCK,53115L104,US53115L1044,BDCWFT8,5642022.0,177441591.9,0.79,0,,ENERGY,UNITED STATES,AVUV,2026-03-23,,,,,,,,,,,,,
LEAR CORP COMMON STOCK USD.01,LEA,COMMON STOCK,521865204,US5218652049,B570P91,1542214.0,175010444.72,0.78,0,,CONSUMER DISCRETIONARY,UNITED STATES,AVUV,2026-03-23,,,,,,,,,,,,,
AVNET INC COMMON STOCK USD1.0,AVT,COMMON STOCK,053807103,US0538071038,2066505,2803265.0,163850839.25,0.73,0,,INFORMATION TECHNOLOGY,UNITED STATES,AVUV,2026-03-23,,,,,,,,,,,,,
AIR LEASE CORP COMMON STOCK USD.01,AL,COMMON STOCK,00912X302,US00912X3026,B3XS562,2500364.0,161548518.04,0.72,0,,INDUSTRIALS,UNITED STATES,AVUV,2026-03-23,,,,,,,,,,,,,
PLEXUS CORP COMMON STOCK USD.01,PLXS,COMMON STOCK,729132100,US7291321005,2692160,826714.0,161209230.0,0.72,0,,INFORMATION TECHNOLOGY,UNITED STATES,AVUV,2026-03-23,,,,,,,,,,,,,
DANA INC COMMON STOCK USD.01,DAN,COMMON STOCK,235825205,US2358252052,B2PFJR3,5074357.0,159385553.37,0.71,0,,CONSUMER DISCRETIONARY,UNITED STATES,AVUV,2026-03-23,,,,,,,,,,,,,
PEABODY ENERGY CORP COMMON STOCK,BTU,COMMON STOCK,704551100,US7045511000,BDVPZV0,4225253.0,157644189.43,0.7,0,,ENERGY,UNITED STATES,AVUV,2026-03-23,,,,,,,,,,,,,
NOBLE CORP PLC COMMON STOCK USD.00001,NE,COMMON STOCK,G65431127,GB00BMXNWH07,BN2QTL0,3336459.0,155845999.89,0.7,0,,ENERGY,UNITED STATES,AVUV,2026-03-23,,,,,,,,,,,,,
MURPHY OIL CORP COMMON STOCK USD1.0,MUR,COMMON STOCK,626717102,US6267171022,2611206,4007129.0,155196106.17,0.69,0,,ENERGY,UNITED STATES,AVUV,2026-03-23,,,,,,,,,,,,,
PATTERSON UTI ENERGY INC COMMON STOCK USD.01,PTEN,COMMON STOCK,703481101,US7034811015,2672537,13937454.0,152057623.14,0.68,0,,ENERGY,UNITED STATES,AVUV,2026-03-23,,,,,,,,,,,,,
NOV INC COMMON STOCK USD.01,NOV,COMMON STOCK,62955J103,US62955J1034,BN2RYW9,7960163.0,148695844.84,0.66,0,,ENERGY,UNITED STATES,AVUV,2026-03-23,,,,,,,,,,,,,
SKYWEST INC COMMON STOCK,SKYW,COMMON STOCK,830879102,US8308791024,2814210,1668365.0,146632599.85,0.65,0,,INDUSTRIALS,UNITED STATES,AVUV,2026-03-23,,,,,,,,,,,,,
CNX RESOURCES CORP COMMON STOCK USD.01,CNX,COMMON STOCK,12653C108,US12653C1080,BF3FTF4,3560873.0,144144139.04,0.64,0,,ENERGY,UNITED STATES,AVUV,2026-03-23,,,,,,,,,,,,,
CAL MAINE FOODS INC COMMON STOCK USD.01,CALM,COMMON STOCK,128030202,US1280302027,2158781,1717657.0,134578425.95,0.6,0,,CONSUMER STAPLES,UNITED STATES,AVUV,2026-03-23,,,,,,,,,,,,,
AXOS FINANCIAL INC COMMON STOCK USD.01,AX,COMMON STOCK,05465C100,US05465C1009,BGK38H3,1599892.0,132679043.56,0.59,0,,FINANCIALS,UNITED STATES,AVUV,2026-03-23,,,,,,,,,,,,,
VALARIS LTD COMMON STOCK USD.01,VAL,COMMON STOCK,G9460G101,BMG9460G1015,BMY0YX0,1425500.0,131887260.0,0.59,0,,ENERGY,UNITED STATES,AVUV,2026-03-23,,,,,,,,,,,,,
TELEPHONE AND DATA SYSTEMS COMMON STOCK USD.01,TDS,COMMON STOCK,879433829,US8794338298,B6YR5K3,3198188.0,131157689.88,0.59,0,,COMMUNICATION SERVICES,UNITED STATES,AVUV,2026-03-23,,,,,,,,,,,,,
PRICESMART INC COMMON STOCK USD.0001,PSMT,COMMON STOCK,741511109,US7415111092,2092942,928505.0,130640653.5,0.58,0,,CONSUMER STAPLES,UNITED STATES,AVUV,2026-03-23,,,,,,,,,,,,,
STONEX GROUP INC COMMON STOCK USD.01,SNEX,COMMON STOCK,861896108,US8618961085,BMQ8XV3,1872578.0,130506167.9,0.58,0,,FINANCIALS,UNITED STATES,AVUV,2026-03-23,,,,,,,,,,,,,
SIGNET JEWELERS LTD COMMON STOCK USD.18,SIG,COMMON STOCK,G81276100,BMG812761002,B3CTNK6,1465351.0,130489506.55,0.58,0,,CONSUMER DISCRETIONARY,UNITED STATES,AVUV,2026-03-23,,,,,,,,,,,,,
TEREX CORP COMMON STOCK USD.01,TEX,COMMON STOCK,880779103,US8807791038,2884224,2261014.0,129284780.52,0.58,0,,INDUSTRIALS,UNITED STATES,AVUV,2026-03-23,,,,,,,,,,,,,
BRIGHTHOUSE FINANCIAL INC COMMON STOCK USD.01,BHF,COMMON STOCK,10922N103,US10922N1037,BF429K9,2162501.0,128344434.35,0.57,0,,FINANCIALS,UNITED STATES,AVUV,2026-03-23,,,,,,,,,,,,,
RADIAN GROUP INC COMMON STOCK USD.001,RDN,COMMON STOCK,750236101,US7502361014,2173911,3936089.0,127804809.83,0.57,0,,FINANCIALS,UNITED STATES,AVUV,2026-03-23,,,,,,,,,,,,,
CABOT CORP COMMON STOCK USD1.0,CBT,COMMON STOCK,127055101,US1270551013,2162500,1876376.0,127255820.32,0.57,0,,MATERIALS,UNITED STATES,AVUV,2026-03-23,,,,,,,,,,,,,
WEATHERFORD INTERNATIONAL PL COMMON STOCK USD.001,WFRD,COMMON STOCK,G48833118,IE00BLNN3691,BLNN369,1468824.0,126524499.36,0.56,0,,ENERGY,UNITED STATES,AVUV,2026-03-23,,,,,,,,,,,,,
ALKERMES PLC COMMON STOCK USD.01,ALKS,COMMON STOCK,G01767105,IE00B56GVS15,B3P6D26,4433508.0,124803250.2,0.56,0,,HEALTH CARE,UNITED STATES,AVUV,2026-03-23,,,,,,,,,,,,,
RYDER SYSTEM INC COMMON STOCK USD.5,R,COMMON STOCK,783549108,US7835491082,2760669,646401.0,123966783.78,0.55,0,,INDUSTRIALS,UNITED STATES,AVUV,2026-03-23,,,,,,,,,,,,,
ALASKA AIR GROUP INC COMMON STOCK USD.01,ALK,COMMON STOCK,011659109,US0116591092,2012605,3337630.0,123191923.3,0.55,0,,INDUSTRIALS,UNITED STATES,AVUV,2026-03-23,,,,,,,,,,,,,
BANK OZK COMMON STOCK,OZK,COMMON STOCK,06417N103,US06417N1037,BZ56Q65,2777405.0,121761435.2,0.54,0,,FINANCIALS,UNITED STATES,AVUV,2026-03-23,,,,,,,,,,,,,
CNO FINANCIAL GROUP INC COMMON STOCK USD.01,CNO,COMMON STOCK,12621E103,US12621E1038,2657750,3055257.0,121415913.18,0.54,0,,FINANCIALS,UNITED STATES,AVUV,2026-03-23,,,,,,,,,,,,,
TRANSOCEAN LTD COMMON STOCK CHF.1,RIG,COMMON STOCK,H8817H100,CH0048265513,B3KFWW1,18751326.0,116633247.72,0.52,0,,ENERGY,UNITED STATES,AVUV,2026-03-23,,,,,,,,,,,,,
INTERNATIONAL SEAWAYS INC COMMON STOCK,INSW,COMMON STOCK,Y41053102,MHY410531021,BYX60M4,1719938.0,116525799.5,0.52,0,,ENERGY,UNITED STATES,AVUV,2026-03-23,,,,,,,,,,,,,
MGIC INVESTMENT CORP COMMON STOCK USD1.0,MTG,COMMON STOCK,552848103,US5528481030,2548616,4513001.0,115803605.66,0.52,0,,FINANCIALS,UNITED STATES,AVUV,2026-03-23,,,,,,,,,,,,,
HELMERICH + PAYNE COMMON STOCK USD.1,HP,COMMON STOCK,423452101,US4234521015,2420101,3134339.0,114340686.72,0.51,0,,ENERGY,UNITED STATES,AVUV,2026-03-23,,,,,,,,,,,,,
JACKSON FINANCIAL INC A COMMON STOCK USD.01,JXN,COMMON STOCK,46817M107,US46817M1071,BMFX6P4,1108654.0,114246794.7,0.51,0,,FINANCIALS,UNITED STATES,AVUV,2026-03-23,,,,,,,,,,,,,
URBAN OUTFITTERS INC COMMON STOCK USD.0001,URBN,COMMON STOCK,917047102,US9170471026,2933438,1800863.0,114156705.57,0.51,0,,CONSUMER DISCRETIONARY,UNITED STATES,AVUV,2026-03-23,,,,,,,,,,,,,
ABERCROMBIE + FITCH CO CL A COMMON STOCK USD.01,ANF,COMMON STOCK,002896207,US0028962076,2004185,1294232.0,113866531.36,0.51,0,,CONSUMER DISCRETIONARY,UNITED STATES,AVUV,2026-03-23,,,,,,,,,,,,,
RUSH ENTERPRISES INC CL A COMMON STOCK USD.01,RUSHA,COMMON STOCK,781846209,US7818462092,2966876,1802098.0,113550194.98,0.51,0,,INDUSTRIALS,UNITED STATES,AVUV,2026-03-23,,,,,,,,,,,,,
KODIAK GAS SERVICES INC COMMON STOCK USD.01,KGS,COMMON STOCK,50012A108,US50012A1088,BQLSDK5,2029276.0,113436528.4,0.51,0,,ENERGY,UNITED STATES,AVUV,2026-03-23,,,,,,,,,,,,,
CHORD ENERGY CORP COMMON STOCK,CHRD,COMMON STOCK,674215207,US6742152076,BLDDYB1,850804.0,112229555.64,0.5,0,,ENERGY,UNITED STATES,AVUV,2026-03-23,,,,,,,,,,,,,
ACADEMY SPORTS + OUTDOORS IN COMMON STOCK USD.01,ASO,COMMON STOCK,00402L107,US00402L1070,BN7K304,2120992.0,110249164.16,0.49,0,,CONSUMER DISCRETIONARY,UNITED STATES,AVUV,2026-03-23,,,,,,,,,,,,,
OCEANEERING INTL INC COMMON STOCK USD.25,OII,COMMON STOCK,675232102,US6752321025,2655583,3139803.0,109767512.88,0.49,0,,ENERGY,UNITED STATES,AVUV,2026-03-23,,,,,,,,,,,,,
AMERICAN EAGLE OUTFITTERS COMMON STOCK USD.01,AEO,COMMON STOCK,02553E106,US02553E1064,2048592,6335050.0,109089561.0,0.49,0,,CONSUMER DISCRETIONARY,UNITED STATES,AVUV,2026-03-23,,,,,,,,,,,,,
HANOVER INSURANCE GROUP INC/ COMMON STOCK USD.01,THG,COMMON STOCK,410867105,US4108671052,2020415,638353.0,107779520.52,0.48,0,,FINANCIALS,UNITED STATES,AVUV,2026-03-23,,,,,,,,,,,,,
NORTHERN OIL AND GAS INC COMMON STOCK USD.001,NOG,COMMON STOCK,665531307,US6655313079,BN6RJM0,3708219.0,106945035.96,0.48,0,,ENERGY,UNITED STATES,AVUV,2026-03-23,,,,,,,,,,,,,
UNITED NATURAL FOODS INC COMMON STOCK USD.01,UNFI,COMMON STOCK,911163103,US9111631035,2895163,2741436.0,106285473.72,0.47,0,,CONSUMER STAPLES,UNITED STATES,AVUV,2026-03-23,,,,,,,,,,,,,
TRI POINTE HOMES INC COMMON STOCK USD.01,TPH,COMMON STOCK,87265H109,US87265H1095,B92CQF3,2272227.0,105931222.74,0.47,0,,CONSUMER DISCRETIONARY,UNITED STATES,AVUV,2026-03-23,,,,,,,,,,,,,
INTERNATIONAL BANCSHARES CRP COMMON STOCK USD1.0,IBOC,COMMON STOCK,459044103,US4590441030,2243911,1578056.0,105177432.4,0.47,0,,FINANCIALS,UNITED STATES,AVUV,2026-03-23,,,,,,,,,,,,,
GRANITE CONSTRUCTION INC COMMON STOCK USD.01,GVA,COMMON STOCK,387328107,US3873281071,2381189,896530.0,104167820.7,0.46,0,,INDUSTRIALS,UNITED STATES,AVUV,2026-03-23,,,,,,,,,,,,,
BRUNSWICK CORP COMMON STOCK USD.75,BC,COMMON STOCK,117043109,US1170431092,2149309,1462273.0,103046378.31,0.46,0,,CONSUMER DISCRETIONARY,UNITED STATES,AVUV,2026-03-23,,,,,,,,,,,,,
KIRBY CORP COMMON STOCK USD.1,KEX,COMMON STOCK,497266106,US4972661064,2493534,778304.0,101584238.08,0.45,0,,INDUSTRIALS,UNITED STATES,AVUV,2026-03-23,,,,,,,,,,,,,
HANCOCK WHITNEY CORP COMMON STOCK USD3.33,HWC,COMMON STOCK,410120109,US4101201097,2415497,1656878.0,101550052.62,0.45,0,,FINANCIALS,UNITED STATES,AVUV,2026-03-23,,,,,,,,,,,,,
CRESCENT ENERGY INC A COMMON STOCK USD.0001,CRGY,COMMON STOCK,44952J104,US44952J1043,BNR4QY1,7979740.0,101103305.8,0.45,0,,ENERGY,UNITED STATES,AVUV,2026-03-23,,,,,,,,,,,,,
TUTOR PERINI CORP COMMON STOCK USD1.0,TPC,COMMON STOCK,901109108,US9011091082,2681760,1451630.0,100656024.2,0.45,0,,INDUSTRIALS,UNITED STATES,AVUV,2026-03-23,,,,,,,,,,,,,
ESSENT GROUP LTD COMMON STOCK USD.015,ESNT,COMMON STOCK,G3198U102,BMG3198U1027,BFWGXR8,1757151.0,100438751.16,0.45,0,,FINANCIALS,UNITED STATES,AVUV,2026-03-23,,,,,,,,,,,,,
SLM CORP COMMON STOCK USD.2,SLM,COMMON STOCK,78442P106,US78442P1066,2101967,5081729.0,100262513.17,0.45,0,,FINANCIALS,UNITED STATES,AVUV,2026-03-23,,,,,,,,,,,,,
BREAD FINANCIAL HOLDINGS INC COMMON STOCK USD.01,BFH,COMMON STOCK,018581108,US0185811082,2762030,1341172.0,100078254.64,0.45,0,,FINANCIALS,UNITED STATES,AVUV,2026-03-23,,,,,,,,,,,,,
COLUMBIA BANKING SYSTEM INC COMMON STOCK,COLB,COMMON STOCK,197236102,US1972361026,2176608,3745577.0,97909382.78,0.44,0,,FINANCIALS,UNITED STATES,AVUV,2026-03-23,,,,,,,,,,,,,
LANTHEUS HOLDINGS INC COMMON STOCK USD.01,LNTH,COMMON STOCK,516544103,US5165441032,BP8S8J5,1280688.0,97882983.84,0.44,0,,HEALTH CARE,UNITED STATES,AVUV,2026-03-23,,,,,,,,,,,,,
PRIMORIS SERVICES CORP COMMON STOCK USD.0001,PRIM,COMMON STOCK,74164F103,US74164F1030,B1GC200,700131.0,97192185.42,0.43,0,,INDUSTRIALS,UNITED STATES,AVUV,2026-03-23,,,,,,,,,,,,,
FIRST BANCORP PUERTO RICO COMMON STOCK USD.1,FBP,COMMON STOCK,318672706,PR3186727065,2296926,4590947.0,94435779.79,0.42,0,,FINANCIALS,UNITED STATES,AVUV,2026-03-23,,,,,,,,,,,,,
KENNAMETAL INC COMMON STOCK USD1.25,KMT,COMMON STOCK,489170100,US4891701009,2488121,2704497.0,92277437.64,0.41,0,,INDUSTRIALS,UNITED STATES,AVUV,2026-03-23,,,,,,,,,,,,,
ASSURED GUARANTY LTD COMMON STOCK USD.01,AGO,COMMON STOCK,G0585R106,BMG0585R1060,B00V7H8,1140540.0,92167037.4,0.41,0,,FINANCIALS,UNITED STATES,AVUV,2026-03-23,,,,,,,,,,,,,
DXC TECHNOLOGY CO COMMON STOCK USD.01,DXC,COMMON STOCK,23355L106,US23355L1061,BYXD7B3,7724356.0,91919836.4,0.41,0,,INFORMATION TECHNOLOGY,UNITED STATES,AVUV,2026-03-23,,,,,,,,,,,,,
PAR PACIFIC HOLDINGS INC COMMON STOCK USD.01,PARR,COMMON STOCK,69888T207,US69888T2078,BJH08C3,1480925.0,90913985.75,0.41,0,,ENERGY,UNITED STATES,AVUV,2026-03-23,,,,,,,,,,,,,
TRINITY INDUSTRIES INC COMMON STOCK USD.01,TRN,COMMON STOCK,896522109,US8965221091,2904627,2992059.0,88564946.4,0.4,0,,INDUSTRIALS,UNITED STATES,AVUV,2026-03-23,,,,,,,,,,,,,
LCI INDUSTRIES COMMON STOCK USD.01,LCII,COMMON STOCK,50189K103,US50189K1034,BYQ44Y5,750943.0,88220783.64,0.39,0,,CONSUMER DISCRETIONARY,UNITED STATES,AVUV,2026-03-23,,,,,,,,,,,,,
BANKUNITED INC COMMON STOCK USD.01,BKU,COMMON STOCK,06652K103,US06652K1034,B3NNTZ4,2020070.0,88095252.7,0.39,0,,FINANCIALS,UNITED STATES,AVUV,2026-03-23,,,,,,,,,,,,,
PHINIA INC COMMON STOCK USD.01,PHIN,COMMON STOCK,71880K101,US71880K1016,BPW7PC0,1398448.0,87724643.04,0.39,0,,CONSUMER DISCRETIONARY,UNITED STATES,AVUV,2026-03-23,,,,,,,,,,,,,
MATADOR RESOURCES CO COMMON STOCK USD.01,MTDR,COMMON STOCK,576485205,US5764852050,B7MSLL8,1491383.0,87245905.5,0.39,0,,ENERGY,UNITED STATES,AVUV,2026-03-23,,,,,,,,,,,,,
POLARIS INC COMMON STOCK USD.01,PII,COMMON STOCK,731068102,US7310681025,2692933,1639146.0,85842076.02,0.38,0,,CONSUMER DISCRETIONARY,UNITED STATES,AVUV,2026-03-23,,,,,,,,,,,,,
PHOTRONICS INC COMMON STOCK USD.01,PLAB,COMMON STOCK,719405102,US7194051022,2687315,2342623.0,85130919.82,0.38,0,,INFORMATION TECHNOLOGY,UNITED STATES,AVUV,2026-03-23,,,,,,,,,,,,,
GENTEX CORP COMMON STOCK USD.06,GNTX,COMMON STOCK,371901109,US3719011096,2366799,4109848.0,85073853.6,0.38,0,,CONSUMER DISCRETIONARY,UNITED STATES,AVUV,2026-03-23,,,,,,,,,,,,,
NMI HOLDINGS INC COMMON STOCK USD.01,NMIH,COMMON STOCK,629209305,US6292093050,BGDW5G5,2304438.0,84757229.64,0.38,0,,FINANCIALS,UNITED STATES,AVUV,2026-03-23,,,,,,,,,,,,,
CHEESECAKE FACTORY INC/THE COMMON STOCK USD.01,CAKE,COMMON STOCK,163072101,US1630721017,2192392,1464777.0,83712005.55,0.37,0,,CONSUMER DISCRETIONARY,UNITED STATES,AVUV,2026-03-23,,,,,,,,,,,,,
LIVANOVA PLC COMMON STOCK GBP1.0,LIVN,COMMON STOCK,G5509L101,GB00BYMT0J19,BYMT0J1,1333848.0,82952007.12,0.37,0,,HEALTH CARE,UNITED STATES,AVUV,2026-03-23,,,,,,,,,,,,,
FULTON FINANCIAL CORP COMMON STOCK USD2.5,FULT,COMMON STOCK,360271100,US3602711000,2356585,4217456.0,82746486.72,0.37,0,,FINANCIALS,UNITED STATES,AVUV,2026-03-23,,,,,,,,,,,,,
WARRIOR MET COAL INC COMMON STOCK USD.01,HCC,COMMON STOCK,93627C101,US93627C1018,BF2X272,918660.0,81338156.4,0.36,0,,MATERIALS,UNITED STATES,AVUV,2026-03-23,,,,,,,,,,,,,
LOUISIANA PACIFIC CORP COMMON STOCK USD1.0,LPX,COMMON STOCK,546347105,US5463471053,2535243,1149196.0,80351784.32,0.36,0,,MATERIALS,UNITED STATES,AVUV,2026-03-23,,,,,,,,,,,,,
PVH CORP COMMON STOCK USD1.0,PVH,COMMON STOCK,693656100,US6936561009,B3V9F12,1245813.0,78822588.51,0.35,0,,CONSUMER DISCRETIONARY,UNITED STATES,AVUV,2026-03-23,,,,,,,,,,,,,
TAYLOR MORRISON HOME CORP COMMON STOCK USD.00001,TMHC,COMMON STOCK,87724P106,US87724P1066,B832462,1364761.0,78200805.3,0.35,0,,CONSUMER DISCRETIONARY,UNITED STATES,AVUV,2026-03-23,,,,,,,,,,,,,
VISTEON CORP COMMON STOCK,VC,COMMON STOCK,92839U206,US92839U2069,B4N0JJ6,907515.0,77392879.2,0.35,0,,CONSUMER DISCRETIONARY,UNITED STATES,AVUV,2026-03-23,,,,,,,,,,,,,
TIDEWATER INC COMMON STOCK,TDW,COMMON STOCK,88642R109,US88642R1095,BDFGDQ0,1059346.0,76781398.08,0.34,0,,ENERGY,UNITED STATES,AVUV,2026-03-23,,,,,,,,,,,,,
TALOS ENERGY INC COMMON STOCK,TALO,COMMON STOCK,87484T108,US87484T1088,BDT56V9,4936034.0,76409806.32,0.34,0,,ENERGY,UNITED STATES,AVUV,2026-03-23,,,,,,,,,,,,,
GENWORTH FINANCIAL INC COMMON STOCK USD.001,GNW,COMMON STOCK,37247D106,US37247D1063,B011WL6,9481412.0,75756481.88,0.34,0,,FINANCIALS,UNITED STATES,AVUV,2026-03-23,,,,,,,,,,,,,
SELECTIVE INSURANCE GROUP COMMON STOCK USD2.0,SIGI,COMMON STOCK,816300107,US8163001071,2766173,1021789.0,75653257.56,0.34,0,,FINANCIALS,UNITED STATES,AVUV,2026-03-23,,,,,,,,,,,,,
CATALYST PHARMACEUTICALS INC COMMON STOCK USD.001,CPRX,COMMON STOCK,14888U101,US14888U1016,B1G7Q03,3309914.0,75432940.06,0.34,0,,HEALTH CARE,UNITED STATES,AVUV,2026-03-23,,,,,,,,,,,,,
OSCAR HEALTH INC   CLASS A COMMON STOCK USD.00001,OSCR,COMMON STOCK,687793109,US6877931096,BKY83Q6,5946879.0,75109081.77,0.34,0,,FINANCIALS,UNITED STATES,AVUV,2026-03-23,,,,,,,,,,,,,
YETI HOLDINGS INC COMMON STOCK USD.01,YETI,COMMON STOCK,98585X104,US98585X1046,BGR7KH2,2114259.0,75056194.5,0.33,0,,CONSUMER DISCRETIONARY,UNITED STATES,AVUV,2026-03-23,,,,,,,,,,,,,
IRIDIUM COMMUNICATIONS INC COMMON STOCK USD.001,IRDM,COMMON STOCK,46269C102,US46269C1027,B2QH310,2913574.0,74004779.6,0.33,0,,COMMUNICATION SERVICES,UNITED STATES,AVUV,2026-03-23,,,,,,,,,,,,,
SIRIUSPOINT LTD COMMON STOCK USD.1,SPNT,COMMON STOCK,G8192H106,BMG8192H1060,BMCQX44,3586276.0,73088304.88,0.33,0,,FINANCIALS,UNITED STATES,AVUV,2026-03-23,,,,,,,,,,,,,
HARLEY DAVIDSON INC COMMON STOCK USD.01,HOG,COMMON STOCK,412822108,US4128221086,2411053,4129148.0,72590421.84,0.32,0,,CONSUMER DISCRETIONARY,UNITED STATES,AVUV,2026-03-23,,,,,,,,,,,,,
ARCBEST CORP COMMON STOCK USD.01,ARCB,COMMON STOCK,03937C105,US03937C1053,BLTFST7,822992.0,72077639.36,0.32,0,,INDUSTRIALS,UNITED STATES,AVUV,2026-03-23,,,,,,,,,,,,,
GOODYEAR TIRE + RUBBER CO COMMON STOCK,GT,COMMON STOCK,382550101,US3825501014,2378200,11537225.0,70953933.75,0.32,0,,CONSUMER DISCRETIONARY,UNITED STATES,AVUV,2026-03-23,,,,,,,,,,,,,
ADVANCE AUTO PARTS INC COMMON STOCK USD.0001,AAP,COMMON STOCK,00751Y106,US00751Y1064,2822019,1495052.0,70327246.08,0.31,0,,CONSUMER DISCRETIONARY,UNITED STATES,AVUV,2026-03-23,,,,,,,,,,,,,
ARGAN INC COMMON STOCK USD.15,AGX,COMMON STOCK,04010E109,US04010E1091,2804501,145294.0,68847561.9,0.31,0,,INDUSTRIALS,UNITED STATES,AVUV,2026-03-23,,,,,,,,,,,,,
NEWMARKET CORP COMMON STOCK,NEU,COMMON STOCK,651587107,US6515871076,B01CGF1,109996.0,67596941.84,0.3,0,,MATERIALS,UNITED STATES,AVUV,2026-03-23,,,,,,,,,,,,,
BANK OF N.T. BUTTERFIELD+SON COMMON STOCK BMD1.0,NTB,COMMON STOCK,G0772R208,BMG0772R2087,BD8FF02,1319205.0,67015614.0,0.3,0,,FINANCIALS,UNITED STATES,AVUV,2026-03-23,,,,,,,,,,,,,
BANCORP INC/THE COMMON STOCK USD1.0,TBBK,COMMON STOCK,05969A105,US05969A1051,B05BRL7,1267019.0,66657869.59,0.3,0,,FINANCIALS,UNITED STATES,AVUV,2026-03-23,,,,,,,,,,,,,
ATKORE INC COMMON STOCK USD.01,ATKR,COMMON STOCK,047649108,US0476491081,BDHF495,1182658.0,66370766.96,0.3,0,,INDUSTRIALS,UNITED STATES,AVUV,2026-03-23,,,,,,,,,,,,,
SCORPIO TANKERS INC COMMON STOCK USD.01,STNG,COMMON STOCK,Y7542C130,MHY7542C1306,BHXD297,957377.0,65082488.46,0.29,0,,ENERGY,UNITED STATES,AVUV,2026-03-23,,,,,,,,,,,,,
CATHAY GENERAL BANCORP COMMON STOCK USD.01,CATY,COMMON STOCK,149150104,US1491501045,2264235,1356629.0,64887565.07,0.29,0,,FINANCIALS,UNITED STATES,AVUV,2026-03-23,,,,,,,,,,,,,
BENCHMARK ELECTRONICS INC COMMON STOCK USD.1,BHE,COMMON STOCK,08160H101,US08160H1014,2090816,1200608.0,64868850.24,0.29,0,,INFORMATION TECHNOLOGY,UNITED STATES,AVUV,2026-03-23,,,,,,,,,,,,,
HOWARD HUGHES HOLDINGS INC COMMON STOCK,HHH,COMMON STOCK,44267T102,US44267T1025,BR1W702,1049551.0,64704819.15,0.29,0,,REAL ESTATE,UNITED STATES,AVUV,2026-03-23,,,,,,,,,,,,,
THOR INDUSTRIES INC COMMON STOCK USD.1,THO,COMMON STOCK,885160101,US8851601018,2889876,858754.0,64578300.8,0.29,0,,CONSUMER DISCRETIONARY,UNITED STATES,AVUV,2026-03-23,,,,,,,,,,,,,
AMKOR TECHNOLOGY INC COMMON STOCK USD.001,AMKR,COMMON STOCK,031652100,US0316521006,2242929,1403515.0,64295022.15,0.29,0,,INFORMATION TECHNOLOGY,UNITED STATES,AVUV,2026-03-23,,,,,,,,,,,,,
GREENBRIER COMPANIES INC COMMON STOCK,GBX,COMMON STOCK,393657101,US3936571013,2387530,1274134.0,64063457.52,0.29,0,,INDUSTRIALS,UNITED STATES,AVUV,2026-03-23,,,,,,,,,,,,,
MATERION CORP COMMON STOCK,MTRN,COMMON STOCK,576690101,US5766901012,2149622,483989.0,63915587.34,0.29,0,,MATERIALS,UNITED STATES,AVUV,2026-03-23,,,,,,,,,,,,,
CHEMOURS CO/THE COMMON STOCK USD.01,CC,COMMON STOCK,163851108,US1638511089,BZ0CTP8,3571242.0,63210983.4,0.28,0,,MATERIALS,UNITED STATES,AVUV,2026-03-23,,,,,,,,,,,,,
VALLEY NATIONAL BANCORP COMMON STOCK,VLY,COMMON STOCK,919794107,US9197941076,2935326,5381956.0,63130343.88,0.28,0,,FINANCIALS,UNITED STATES,AVUV,2026-03-23,,,,,,,,,,,,,
TEXAS CAPITAL BANCSHARES INC COMMON STOCK USD.01,TCBI,COMMON STOCK,88224Q107,US88224Q1076,2977209,683260.0,62846254.8,0.28,0,,FINANCIALS,UNITED STATES,AVUV,2026-03-23,,,,,,,,,,,,,
AXIS CAPITAL HOLDINGS LTD COMMON STOCK USD.0125,AXS,COMMON STOCK,G0692U109,BMG0692U1099,2677606,627657.0,62495807.49,0.28,0,,FINANCIALS,UNITED STATES,AVUV,2026-03-23,,,,,,,,,,,,,
ASSOCIATED BANC CORP COMMON STOCK USD.01,ASB,COMMON STOCK,045487105,US0454871056,2055718,2538982.0,62027330.26,0.28,0,,FINANCIALS,UNITED STATES,AVUV,2026-03-23,,,,,,,,,,,,,
WERNER ENTERPRISES INC COMMON STOCK USD.01,WERN,COMMON STOCK,950755108,US9507551086,2948852,2274108.0,61787514.36,0.28,0,,INDUSTRIALS,UNITED STATES,AVUV,2026-03-23,,,,,,,,,,,,,
KOHLS CORP COMMON STOCK USD.01,KSS,COMMON STOCK,500255104,US5002551043,2496113,4926868.0,61240969.24,0.27,0,,CONSUMER DISCRETIONARY,UNITED STATES,AVUV,2026-03-23,,,,,,,,,,,,,
EPLUS INC COMMON STOCK USD.01,PLUS,COMMON STOCK,294268107,US2942681071,2597748,817836.0,60887890.2,0.27,0,,INFORMATION TECHNOLOGY,UNITED STATES,AVUV,2026-03-23,,,,,,,,,,,,,
ALPHA METALLURGICAL RESOURCE COMMON STOCK USD.01,AMR,COMMON STOCK,020764106,US0207641061,BMFND53,311153.0,60267224.57,0.27,0,,MATERIALS,UNITED STATES,AVUV,2026-03-23,,,,,,,,,,,,,
MERCURY GENERAL CORP COMMON STOCK,MCY,COMMON STOCK,589400100,US5894001008,2578464,692615.0,60139760.45,0.27,0,,FINANCIALS,UNITED STATES,AVUV,2026-03-23,,,,,,,,,,,,,
TEEKAY TANKERS LTD CLASS A COMMON STOCK USD.01,TNK,COMMON STOCK,G8726X106,BMG8726X1065,BL54JK6,873596.0,58600819.68,0.26,0,,ENERGY,UNITED STATES,AVUV,2026-03-23,,,,,,,,,,,,,
BOISE CASCADE CO COMMON STOCK USD.01,BCC,COMMON STOCK,09739D100,US09739D1000,B9BP4R1,846447.0,57812330.1,0.26,0,,INDUSTRIALS,UNITED STATES,AVUV,2026-03-23,,,,,,,,,,,,,
CENTRAL GARDEN AND PET CO A COMMON STOCK USD.01,CENTA,COMMON STOCK,153527205,US1535272058,B1P36Y6,1823431.0,56818109.96,0.25,0,,CONSUMER STAPLES,UNITED STATES,AVUV,2026-03-23,,,,,,,,,,,,,
ALLEGIANT TRAVEL CO COMMON STOCK USD.001,ALGT,COMMON STOCK,01748X102,US01748X1028,B15M2C3,728464.0,56128151.2,0.25,0,,INDUSTRIALS,UNITED STATES,AVUV,2026-03-23,,,,,,,,,,,,,
PATHWARD FINANCIAL INC COMMON STOCK USD.01,CASH,COMMON STOCK,59100U108,US59100U1088,2420316,628085.0,56100552.2,0.25,0,,FINANCIALS,UNITED STATES,AVUV,2026-03-23,,,,,,,,,,,,,
CUSTOMERS BANCORP INC COMMON STOCK USD1.0,CUBI,COMMON STOCK,23204G100,US23204G1004,B6XHXY4,844192.0,55910836.16,0.25,0,,FINANCIALS,UNITED STATES,AVUV,2026-03-23,,,,,,,,,,,,,
WAFD INC COMMON STOCK USD1.0,WAFD,COMMON STOCK,938824109,US9388241096,2941981,1796815.0,55845010.2,0.25,0,,FINANCIALS,UNITED STATES,AVUV,2026-03-23,,,,,,,,,,,,,
MUELLER WATER PRODUCTS INC A COMMON STOCK USD.01,MWA,COMMON STOCK,624758108,US6247581084,B15RZR4,2044232.0,55643995.04,0.25,0,,INDUSTRIALS,UNITED STATES,AVUV,2026-03-23,,,,,,,,,,,,,
INTERFACE INC COMMON STOCK USD.1,TILE,COMMON STOCK,458665304,US4586653044,B86V808,2271407.0,55535901.15,0.25,0,,INDUSTRIALS,UNITED STATES,AVUV,2026-03-23,,,,,,,,,,,,,
OPENDOOR TECHNOLOGIES INC COMMON STOCK USD.0001,OPEN,COMMON STOCK,683712103,US6837121036,BL96T19,11234809.0,55162912.19,0.25,0,,REAL ESTATE,UNITED STATES,AVUV,2026-03-23,,,,,,,,,,,,,
PROVIDENT FINANCIAL SERVICES COMMON STOCK USD.01,PFS,COMMON STOCK,74386T105,US74386T1051,2171603,2695572.0,54693155.88,0.24,0,,FINANCIALS,UNITED STATES,AVUV,2026-03-23,,,,,,,,,,,,,
BANK OF HAWAII CORP COMMON STOCK USD.01,BOH,COMMON STOCK,062540109,US0625401098,2074070,771741.0,54461762.37,0.24,0,,FINANCIALS,UNITED STATES,AVUV,2026-03-23,,,,,,,,,,,,,
PALOMAR HOLDINGS INC COMMON STOCK USD.0001,PLMR,COMMON STOCK,69753M105,US69753M1053,BJYLZK6,458966.0,53653125.4,0.24,0,,FINANCIALS,UNITED STATES,AVUV,2026-03-23,,,,,,,,,,,,,
FRESH DEL MONTE PRODUCE INC COMMON STOCK USD.01,FDP,COMMON STOCK,G36738105,KYG367381053,2118707,1333559.0,53115654.97,0.24,0,,CONSUMER STAPLES,UNITED STATES,AVUV,2026-03-23,,,,,,,,,,,,,
BUCKLE INC/THE COMMON STOCK USD.01,BKE,COMMON STOCK,118440106,US1184401065,2149934,1068764.0,52572501.16,0.23,0,,CONSUMER DISCRETIONARY,UNITED STATES,AVUV,2026-03-23,,,,,,,,,,,,,
PERDOCEO EDUCATION CORP COMMON STOCK USD.01,PRDO,COMMON STOCK,71363P106,US71363P1066,BKRQQR9,1510669.0,52208720.64,0.23,0,,CONSUMER DISCRETIONARY,UNITED STATES,AVUV,2026-03-23,,,,,,,,,,,,,
DHT HOLDINGS INC COMMON STOCK USD.01,DHT,COMMON STOCK,Y2065G121,MHY2065G1219,B7JB336,3010931.0,51998778.37,0.23,0,,ENERGY,UNITED STATES,AVUV,2026-03-23,,,,,,,,,,,,,
BOSTON BEER COMPANY INC A COMMON STOCK USD.01,SAM,COMMON STOCK,100557107,US1005571070,2113393,230247.0,51393432.87,0.23,0,,CONSUMER STAPLES,UNITED STATES,AVUV,2026-03-23,,,,,,,,,,,,,
OFG BANCORP COMMON STOCK USD1.0,OFG,COMMON STOCK,67103X102,PR67103X1020,B87LKR8,1294628.0,50153888.72,0.22,0,,FINANCIALS,UNITED STATES,AVUV,2026-03-23,,,,,,,,,,,,,
FIRST AMERICAN FINANCIAL COMMON STOCK USD.00001,FAF,COMMON STOCK,31847R102,US31847R1023,B4NFPK4,875134.0,49751367.9,0.22,0,,FINANCIALS,UNITED STATES,AVUV,2026-03-23,,,,,,,,,,,,,
MUELLER INDUSTRIES INC COMMON STOCK USD.01,MLI,COMMON STOCK,624756102,US6247561029,2609717,460965.0,49673588.4,0.22,0,,INDUSTRIALS,UNITED STATES,AVUV,2026-03-23,,,,,,,,,,,,,
SEADRILL LIMITED COMMON STOCK USD.01,SDRL,COMMON STOCK,G7997W102,BMG7997W1029,BNTBRX6,1136278.0,49541720.8,0.22,0,,ENERGY,UNITED STATES,AVUV,2026-03-23,,,,,,,,,,,,,
CORE NATURAL RESOURCES INC COMMON STOCK USD.01,CNR,COMMON STOCK,218937100,US2189371006,BR1Z682,457181.0,48996087.77,0.22,0,,ENERGY,UNITED STATES,AVUV,2026-03-23,,,,,,,,,,,,,
SYLVAMO CORP COMMON STOCK USD1.0,SLVM,COMMON STOCK,871332102,US8713321029,BMW72C8,1317132.0,48878768.52,0.22,0,,MATERIALS,UNITED STATES,AVUV,2026-03-23,,,,,,,,,,,,,
LIBERTY GLOBAL LTD A COMMON STOCK USD.01,LBTYA,COMMON STOCK,G61188101,BMG611881019,BS71B31,4157908.0,48605944.52,0.22,0,,COMMUNICATION SERVICES,UNITED STATES,AVUV,2026-03-23,,,,,,,,,,,,,
HARMONY BIOSCIENCES HOLDINGS COMMON STOCK USD.00001,HRMY,COMMON STOCK,413197104,US4131971040,BKSGZN7,1745172.0,48376167.84,0.22,0,,HEALTH CARE,UNITED STATES,AVUV,2026-03-23,,,,,,,,,,,,,
M/I HOMES INC COMMON STOCK USD.01,MHO,COMMON STOCK,55305B101,US55305B1017,2549385,400223.0,48178844.74,0.21,0,,CONSUMER DISCRETIONARY,UNITED STATES,AVUV,2026-03-23,,,,,,,,,,,,,
VISHAY INTERTECHNOLOGY INC COMMON STOCK USD.1,VSH,COMMON STOCK,928298108,US9282981086,2930149,2875816.0,47882336.4,0.21,0,,INFORMATION TECHNOLOGY,UNITED STATES,AVUV,2026-03-23,,,,,,,,,,,,,
VICTORIA S SECRET + CO COMMON STOCK USD.01,VSCO,COMMON STOCK,926400102,US9264001028,BNNTGH3,1065461.0,47796580.46,0.21,0,,CONSUMER DISCRETIONARY,UNITED STATES,AVUV,2026-03-23,,,,,,,,,,,,,
SELECT WATER SOLUTIONS INC COMMON STOCK USD.01,WTTR,COMMON STOCK,81617J301,US81617J3014,BDHSLL5,3314086.0,47755979.26,0.21,0,,ENERGY,UNITED STATES,AVUV,2026-03-23,,,,,,,,,,,,,
COLUMBIA SPORTSWEAR CO COMMON STOCK,COLM,COMMON STOCK,198516106,US1985161066,2229126,855532.0,47251032.36,0.21,0,,CONSUMER DISCRETIONARY,UNITED STATES,AVUV,2026-03-23,,,,,,,,,,,,,
PROPETRO HOLDING CORP COMMON STOCK,PUMP,COMMON STOCK,74347M108,US74347M1080,BYXR9C0,3197020.0,46644521.8,0.21,0,,ENERGY,UNITED STATES,AVUV,2026-03-23,,,,,,,,,,,,,
BANC OF CALIFORNIA INC COMMON STOCK USD.01,BANC,COMMON STOCK,05990K106,US05990K1060,BCD47X4,2738350.0,46086430.5,0.21,0,,FINANCIALS,UNITED STATES,AVUV,2026-03-23,,,,,,,,,,,,,
COMSTOCK RESOURCES INC COMMON STOCK USD.5,CRK,COMMON STOCK,205768302,US2057683029,BD82PS1,2121301.0,46011018.69,0.21,0,,ENERGY,UNITED STATES,AVUV,2026-03-23,,,,,,,,,,,,,
ENTERPRISE FINANCIAL SERVICE COMMON STOCK USD.01,EFSC,COMMON STOCK,293712105,US2937121059,2768889,859258.0,45497711.1,0.2,0,,FINANCIALS,UNITED STATES,AVUV,2026-03-23,,,,,,,,,,,,,
CALLAWAY GOLF COMPANY COMMON STOCK USD.01,CALY,COMMON STOCK,131193104,US1311931042,2173933,3445153.0,45269310.42,0.2,0,,CONSUMER DISCRETIONARY,UNITED STATES,AVUV,2026-03-23,,,,,,,,,,,,,
ONEMAIN HOLDINGS INC COMMON STOCK USD.01,OMF,COMMON STOCK,68268W103,US68268W1036,BYSZB89,865605.0,44561345.4,0.2,0,,FINANCIALS,UNITED STATES,AVUV,2026-03-23,,,,,,,,,,,,,
HCI GROUP INC COMMON STOCK,HCI,COMMON STOCK,40416E103,US40416E1038,BBN23F5,291935.0,44242749.25,0.2,0,,FINANCIALS,UNITED STATES,AVUV,2026-03-23,,,,,,,,,,,,,
INGLES MARKETS INC CLASS A COMMON STOCK USD.05,IMKTA,COMMON STOCK,457030104,US4570301048,2460550,526999.0,44036036.44,0.2,0,,CONSUMER STAPLES,UNITED STATES,AVUV,2026-03-23,,,,,,,,,,,,,
DORIAN LPG LTD COMMON STOCK USD.01,LPG,COMMON STOCK,Y2106R110,MHY2106R1100,BM4QJF5,1342486.0,44033540.8,0.2,0,,ENERGY,UNITED STATES,AVUV,2026-03-23,,,,,,,,,,,,,
BLUE BIRD CORP COMMON STOCK USD.0001,BLBD,COMMON STOCK,095306106,US0953061068,BW0FQV1,807318.0,43135000.74,0.19,0,,INDUSTRIALS,UNITED STATES,AVUV,2026-03-23,,,,,,,,,,,,,
KAISER ALUMINUM CORP COMMON STOCK USD.01,KALU,COMMON STOCK,483007704,US4830077040,B15CJ33,402860.0,43122134.4,0.19,0,,MATERIALS,UNITED STATES,AVUV,2026-03-23,,,,,,,,,,,,,
SUPER GROUP SGHC LTD COMMON STOCK,SGHC,COMMON STOCK,G8588X103,GG00BMG42V42,BMG42V4,4091424.0,42796295.04,0.19,0,,CONSUMER DISCRETIONARY,UNITED STATES,AVUV,2026-03-23,,,,,,,,,,,,,
LA Z BOY INC COMMON STOCK USD1.0,LZB,COMMON STOCK,505336107,US5053361078,2508405,1346491.0,42468326.14,0.19,0,,CONSUMER DISCRETIONARY,UNITED STATES,AVUV,2026-03-23,,,,,,,,,,,,,
MONARCH CASINO + RESORT INC COMMON STOCK USD.01,MCRI,COMMON STOCK,609027107,US6090271072,2599197,439318.0,42394187.0,0.19,0,,CONSUMER DISCRETIONARY,UNITED STATES,AVUV,2026-03-23,,,,,,,,,,,,,
HELIX ENERGY SOLUTIONS GROUP COMMON STOCK,HLX,COMMON STOCK,42330P107,US42330P1075,2037062,4387724.0,42078273.16,0.19,0,,ENERGY,UNITED STATES,AVUV,2026-03-23,,,,,,,,,,,,,
GREAT LAKES DREDGE + DOCK CO COMMON STOCK USD.0001,GLDD,COMMON STOCK,390607109,US3906071093,B1LDZK9,2463848.0,41737585.12,0.19,0,,INDUSTRIALS,UNITED STATES,AVUV,2026-03-23,,,,,,,,,,,,,
SPECTRUM BRANDS HOLDINGS INC COMMON STOCK USD.01,SPB,COMMON STOCK,84790A105,US84790A1051,BDRYFB1,595907.0,41558554.18,0.19,0,,CONSUMER STAPLES,UNITED STATES,AVUV,2026-03-23,,,,,,,,,,,,,
DIEBOLD NIXDORF INC COMMON STOCK,DBD,COMMON STOCK,253651202,US2536512021,BPLJQW4,580075.0,41446358.75,0.18,0,,INFORMATION TECHNOLOGY,UNITED STATES,AVUV,2026-03-23,,,,,,,,,,,,,
LIBERTY GLOBAL LTD C COMMON STOCK USD.01,LBTYK,COMMON STOCK,G61188127,BMG611881274,BS71BR5,3593674.0,40860073.38,0.18,0,,COMMUNICATION SERVICES,UNITED STATES,AVUV,2026-03-23,,,,,,,,,,,,,
CROCS INC COMMON STOCK USD.001,CROX,COMMON STOCK,227046109,US2270461096,B0T7Z62,538563.0,40812304.14,0.18,0,,CONSUMER DISCRETIONARY,UNITED STATES,AVUV,2026-03-23,,,,,,,,,,,,,
G III APPAREL GROUP LTD COMMON STOCK USD.01,GIII,COMMON STOCK,36237H101,US36237H1014,2369721,1519351.0,40323575.54,0.18,0,,CONSUMER DISCRETIONARY,UNITED STATES,AVUV,2026-03-23,,,,,,,,,,,,,
UNIVERSAL TECHNICAL INSTITUT COMMON STOCK USD.0001,UTI,COMMON STOCK,913915104,US9139151040,2002543,1133187.0,40046828.58,0.18,0,,CONSUMER DISCRETIONARY,UNITED STATES,AVUV,2026-03-23,,,,,,,,,,,,,
CARTER S INC COMMON STOCK USD.01,CRI,COMMON STOCK,146229109,US1462291097,2980939,1169158.0,40020278.34,0.18,0,,CONSUMER DISCRETIONARY,UNITED STATES,AVUV,2026-03-23,,,,,,,,,,,,,
BOYD GAMING CORP COMMON STOCK USD.01,BYD,COMMON STOCK,103304101,US1033041013,2117232,492844.0,39949934.64,0.18,0,,CONSUMER DISCRETIONARY,UNITED STATES,AVUV,2026-03-23,,,,,,,,,,,,,
ENERSYS COMMON STOCK USD.01,ENS,COMMON STOCK,29275Y102,US29275Y1029,B020GQ5,237784.0,39315206.56,0.18,0,,INDUSTRIALS,UNITED STATES,AVUV,2026-03-23,,,,,,,,,,,,,
ANDERSONS INC/THE COMMON STOCK,ANDE,COMMON STOCK,034164103,US0341641035,2274922,576619.0,38310566.36,0.17,0,,CONSUMER STAPLES,UNITED STATES,AVUV,2026-03-23,,,,,,,,,,,,,
KIMBELL ROYALTY PARTNERS LP UNIT,KRP,COMMON STOCK,49435R102,US49435R1023,BYQFVW5,2650959.0,38306357.55,0.17,0,,ENERGY,UNITED STATES,AVUV,2026-03-23,,,,,,,,,,,,,
TRUSTMARK CORP COMMON STOCK,TRMK,COMMON STOCK,898402102,US8984021027,2340210,936361.0,38259710.46,0.17,0,,FINANCIALS,UNITED STATES,AVUV,2026-03-23,,,,,,,,,,,,,
HEALTHCARE SERVICES GROUP COMMON STOCK USD.01,HCSG,COMMON STOCK,421906108,US4219061086,2417619,2002151.0,37980804.47,0.17,0,,INDUSTRIALS,UNITED STATES,AVUV,2026-03-23,,,,,,,,,,,,,
LYFT INC A COMMON STOCK USD.00001,LYFT,COMMON STOCK,55087P104,US55087P1049,BJT1RW7,2814225.0,37907610.75,0.17,0,,INDUSTRIALS,UNITED STATES,AVUV,2026-03-23,,,,,,,,,,,,,
WSFS FINANCIAL CORP COMMON STOCK USD.01,WSFS,COMMON STOCK,929328102,US9293281021,2940375,583338.0,37111963.56,0.17,0,,FINANCIALS,UNITED STATES,AVUV,2026-03-23,,,,,,,,,,,,,
FEDERAL AGRIC MTG CORP CL C COMMON STOCK USD1.0,AGM,COMMON STOCK,313148306,US3131483063,2363381,263434.0,36943984.16,0.16,0,,FINANCIALS,UNITED STATES,AVUV,2026-03-23,,,,,,,,,,,,,
SCHNEIDER NATIONAL INC CL B COMMON STOCK,SNDR,COMMON STOCK,80689H102,US80689H1023,BYVN953,1550133.0,36815658.75,0.16,0,,INDUSTRIALS,UNITED STATES,AVUV,2026-03-23,,,,,,,,,,,,,
RYERSON HOLDING CORP COMMON STOCK USD.01,RYZ,COMMON STOCK,783754104,US7837541041,B3TPPZ6,1826089.0,36412214.66,0.16,0,,MATERIALS,UNITED STATES,AVUV,2026-03-23,,,,,,,,,,,,,
PACS GROUP INC COMMON STOCK USD.001,PACS,COMMON STOCK,69380Q107,US69380Q1076,BPW6WD7,1087035.0,36350450.4,0.16,0,,HEALTH CARE,UNITED STATES,AVUV,2026-03-23,,,,,,,,,,,,,
QUIDELORTHO CORP COMMON STOCK USD.001,QDEL,COMMON STOCK,219798105,US2197981051,BM9VY27,2382130.0,36303661.2,0.16,0,,HEALTH CARE,UNITED STATES,AVUV,2026-03-23,,,,,,,,,,,,,
MONTE ROSA THERAPEUTICS INC COMMON STOCK USD.0001,GLUE,COMMON STOCK,61225M102,US61225M1027,BP7KZP7,2322618.0,36302519.34,0.16,0,,HEALTH CARE,UNITED STATES,AVUV,2026-03-23,,,,,,,,,,,,,
NELNET INC CL A COMMON STOCK USD.01,NNI,COMMON STOCK,64031N108,US64031N1081,2196190,284243.0,36007903.24,0.16,0,,FINANCIALS,UNITED STATES,AVUV,2026-03-23,,,,,,,,,,,,,
CARMAX INC COMMON STOCK USD.5,KMX,COMMON STOCK,143130102,US1431301027,2983563,859754.0,35989302.44,0.16,0,,CONSUMER DISCRETIONARY,UNITED STATES,AVUV,2026-03-23,,,,,,,,,,,,,
ALAMO GROUP INC COMMON STOCK USD.1,ALG,COMMON STOCK,011311107,US0113111076,2021634,224393.0,35858001.4,0.16,0,,INDUSTRIALS,UNITED STATES,AVUV,2026-03-23,,,,,,,,,,,,,
GLOBALSTAR INC COMMON STOCK USD.0001,GSAT,COMMON STOCK,378973507,US3789735079,BRJMM32,609565.0,35799752.45,0.16,0,,COMMUNICATION SERVICES,UNITED STATES,AVUV,2026-03-23,,,,,,,,,,,,,
HUNTSMAN CORP COMMON STOCK USD.01,HUN,COMMON STOCK,447011107,US4470111075,B0650B9,3408198.0,35479341.18,0.16,0,,MATERIALS,UNITED STATES,AVUV,2026-03-23,,,,,,,,,,,,,
WESTAMERICA BANCORPORATION COMMON STOCK,WABC,COMMON STOCK,957090103,US9570901036,2950374,713990.0,35421043.9,0.16,0,,FINANCIALS,UNITED STATES,AVUV,2026-03-23,,,,,,,,,,,,,
WEIS MARKETS INC COMMON STOCK,WMK,COMMON STOCK,948849104,US9488491047,2946845,533486.0,35322108.06,0.16,0,,CONSUMER STAPLES,UNITED STATES,AVUV,2026-03-23,,,,,,,,,,,,,
VF CORP COMMON STOCK,VFC,COMMON STOCK,918204108,US9182041080,2928683,2163550.0,35222594.0,0.16,0,,CONSUMER DISCRETIONARY,UNITED STATES,AVUV,2026-03-23,,,,,,,,,,,,,
INNOVIVA INC COMMON STOCK USD.01,INVA,COMMON STOCK,45781M101,US45781M1018,BDDXF67,1569358.0,34055068.6,0.15,0,,HEALTH CARE,UNITED STATES,AVUV,2026-03-23,,,,,,,,,,,,,
NABORS INDUSTRIES LTD COMMON STOCK USD.001,NBR,COMMON STOCK,G6359F137,BMG6359F1370,BK953M8,422160.0,33760135.2,0.15,0,,ENERGY,UNITED STATES,AVUV,2026-03-23,,,,,,,,,,,,,
AMERIS BANCORP COMMON STOCK USD1.0,ABCB,COMMON STOCK,03076K108,US03076K1088,2038849,450601.0,33565268.49,0.15,0,,FINANCIALS,UNITED STATES,AVUV,2026-03-23,,,,,,,,,,,,,
CREDIT ACCEPTANCE CORP COMMON STOCK USD.01,CACC,COMMON STOCK,225310101,US2253101016,2232050,77379.0,33364277.22,0.15,0,,FINANCIALS,UNITED STATES,AVUV,2026-03-23,,,,,,,,,,,,,
NPK INTERNATIONAL INC COMMON STOCK,NPKI,COMMON STOCK,651718504,US6517185046,2636878,2457239.0,33320160.84,0.15,0,,INDUSTRIALS,UNITED STATES,AVUV,2026-03-23,,,,,,,,,,,,,
BRISTOW GROUP INC COMMON STOCK USD.01,VTOL,COMMON STOCK,11040G103,US11040G1031,BMBT0Z4,745800.0,32949444.0,0.15,0,,ENERGY,UNITED STATES,AVUV,2026-03-23,,,,,,,,,,,,,
SANMINA CORP COMMON STOCK USD.01,SANM,COMMON STOCK,801056102,US8010561020,B92RRW2,267000.0,32803620.0,0.15,0,,INFORMATION TECHNOLOGY,UNITED STATES,AVUV,2026-03-23,,,,,,,,,,,,,
EXPRO GROUP HOLDINGS NV COMMON STOCK EUR.01,XPRO,COMMON STOCK,N3144W105,NL0010556684,BCRY5H0,1948073.0,32435415.45,0.14,0,,ENERGY,UNITED STATES,AVUV,2026-03-23,,,,,,,,,,,,,
SUN COUNTRY AIRLINES HOLDING COMMON STOCK USD.01,SNCY,COMMON STOCK,866683105,US8666831057,BM8TFC9,2023384.0,32272974.8,0.14,0,,INDUSTRIALS,UNITED STATES,AVUV,2026-03-23,,,,,,,,,,,,,
SEABOARD CORP COMMON STOCK USD1.0,SEB,COMMON STOCK,811543107,US8115431079,2786687,6481.0,31901361.49,0.14,0,,CONSUMER STAPLES,UNITED STATES,AVUV,2026-03-23,,,,,,,,,,,,,
GCI LIBERTY INC CL C COMMON STOCK USD.01,GLIBK,COMMON STOCK,36164V800,US36164V8000,BRJW0G1,900899.0,31891824.6,0.14,0,,COMMUNICATION SERVICES,UNITED STATES,AVUV,2026-03-23,,,,,,,,,,,,,
GENCO SHIPPING + TRADING LTD COMMON STOCK USD.01,GNK,COMMON STOCK,Y2685T131,MHY2685T1313,BD08758,1446119.0,31236170.4,0.14,0,,INDUSTRIALS,UNITED STATES,AVUV,2026-03-23,,,,,,,,,,,,,
ENACT HOLDINGS INC COMMON STOCK USD.01,ACT,COMMON STOCK,29249E109,US29249E1091,BNZFTG9,776460.0,31221456.6,0.14,0,,FINANCIALS,UNITED STATES,AVUV,2026-03-23,,,,,,,,,,,,,
SKYWARD SPECIALTY INSURANCE COMMON STOCK USD.01,SKWD,COMMON STOCK,830940102,US8309401029,BNNMQS3,755148.0,31157406.48,0.14,0,,FINANCIALS,UNITED STATES,AVUV,2026-03-23,,,,,,,,,,,,,
ASTRONICS CORP COMMON STOCK USD.01,ATRO,COMMON STOCK,046433108,US0464331083,2060518,487252.0,31062315.0,0.14,0,,INDUSTRIALS,UNITED STATES,AVUV,2026-03-23,,,,,,,,,,,,,
PENNYMAC FINANCIAL SERVICES COMMON STOCK USD.0001,PFSI,COMMON STOCK,70932M107,US70932M1071,BGYTGH3,362369.0,30602062.05,0.14,0,,FINANCIALS,UNITED STATES,AVUV,2026-03-23,,,,,,,,,,,,,
BANNER CORPORATION COMMON STOCK USD.01,BANR,COMMON STOCK,06652V208,US06652V2088,2346003,526411.0,30568686.77,0.14,0,,FINANCIALS,UNITED STATES,AVUV,2026-03-23,,,,,,,,,,,,,
TENNANT CO COMMON STOCK USD.375,TNC,COMMON STOCK,880345103,US8803451033,2883641,468316.0,30515470.56,0.14,0,,INDUSTRIALS,UNITED STATES,AVUV,2026-03-23,,,,,,,,,,,,,
LIFE TIME GROUP HOLDINGS INC COMMON STOCK USD.01,LTH,COMMON STOCK,53190C102,US53190C1027,BPH0546,1179677.0,30506447.22,0.14,0,,CONSUMER DISCRETIONARY,UNITED STATES,AVUV,2026-03-23,,,,,,,,,,,,,
SSC GOVERNMENT MM GVMXX,OTHER,SWEEP INVESTMENT VEHICLE,7839989D1,,,30421945.0,30421944.73,0.14,3.597951,12/31/2030,MISCELLANEOUS,UNITED STATES,AVUV,2026-03-23,,,,,,,,,,,,,
SALLY BEAUTY HOLDINGS INC COMMON STOCK USD.01,SBH,COMMON STOCK,79546E104,US79546E1047,B1GZ005,2143757.0,30034035.57,0.13,0,,CONSUMER DISCRETIONARY,UNITED STATES,AVUV,2026-03-23,,,,,,,,,,,,,
AMERICAN PUBLIC EDUCATION COMMON STOCK USD.01,APEI,COMMON STOCK,02913V103,US02913V1035,B292GM4,546258.0,29437843.62,0.13,0,,CONSUMER DISCRETIONARY,UNITED STATES,AVUV,2026-03-23,,,,,,,,,,,,,
HORACE MANN EDUCATORS COMMON STOCK USD.001,HMN,COMMON STOCK,440327104,US4403271046,2437112,708729.0,29405166.21,0.13,0,,FINANCIALS,UNITED STATES,AVUV,2026-03-23,,,,,,,,,,,,,
COMMERCIAL METALS CO COMMON STOCK USD.01,CMC,COMMON STOCK,201723103,US2017231034,2213260,485911.0,29242123.98,0.13,0,,MATERIALS,UNITED STATES,AVUV,2026-03-23,,,,,,,,,,,,,
SKYWATER TECHNOLOGY INC COMMON STOCK USD.01,SKYT,COMMON STOCK,83089J108,US83089J1088,BMDXB06,1057489.0,29123247.06,0.13,0,,INFORMATION TECHNOLOGY,UNITED STATES,AVUV,2026-03-23,,,,,,,,,,,,,
GREIF INC CL A COMMON STOCK,GEF,COMMON STOCK,397624107,US3976241071,2388016,464723.0,29091659.8,0.13,0,,MATERIALS,UNITED STATES,AVUV,2026-03-23,,,,,,,,,,,,,
ALBANY INTL CORP CL A COMMON STOCK USD.001,AIN,COMMON STOCK,012348108,US0123481089,2012757,591168.0,28990878.72,0.13,0,,INDUSTRIALS,UNITED STATES,AVUV,2026-03-23,,,,,,,,,,,,,
LENDINGCLUB CORP COMMON STOCK USD.01,LC,COMMON STOCK,52603A208,US52603A2087,BK95GR4,2056593.0,28751170.14,0.13,0,,FINANCIALS,UNITED STATES,AVUV,2026-03-23,,,,,,,,,,,,,
LSB INDUSTRIES INC COMMON STOCK USD.1,LXU,COMMON STOCK,502160104,US5021601043,2536882,1953456.0,28637664.96,0.13,0,,MATERIALS,UNITED STATES,AVUV,2026-03-23,,,,,,,,,,,,,
YELP INC COMMON STOCK USD.000001,YELP,COMMON STOCK,985817105,US9858171054,B7KCD72,1161846.0,28534937.76,0.13,0,,COMMUNICATION SERVICES,UNITED STATES,AVUV,2026-03-23,,,,,,,,,,,,,
COMPASS MINERALS INTERNATION COMMON STOCK USD.01,CMP,COMMON STOCK,20451N101,US20451N1019,2202763,1324997.0,28487435.5,0.13,0,,MATERIALS,UNITED STATES,AVUV,2026-03-23,,,,,,,,,,,,,
DAKTRONICS INC COMMON STOCK,DAKT,COMMON STOCK,234264109,US2342641097,2254010,1405902.0,28342984.32,0.13,0,,INFORMATION TECHNOLOGY,UNITED STATES,AVUV,2026-03-23,,,,,,,,,,,,,
PAYONEER GLOBAL INC COMMON STOCK USD.01,PAYO,COMMON STOCK,70451X104,US70451X1046,BLSPX60,6300754.0,28164370.38,0.13,0,,FINANCIALS,UNITED STATES,AVUV,2026-03-23,,,,,,,,,,,,,
PREFERRED BANK/LOS ANGELES COMMON STOCK,PFBC,COMMON STOCK,740367404,US7403674044,2763602,319435.0,27979311.65,0.12,0,,FINANCIALS,UNITED STATES,AVUV,2026-03-23,,,,,,,,,,,,,
TETRA TECHNOLOGIES INC COMMON STOCK USD.01,TTI,COMMON STOCK,88162F105,US88162F1057,2884280,3514303.0,27973851.88,0.12,0,,ENERGY,UNITED STATES,AVUV,2026-03-23,,,,,,,,,,,,,
HOPE BANCORP INC COMMON STOCK USD.001,HOPE,COMMON STOCK,43940T109,US43940T1097,BYN87K7,2578722.0,27953346.48,0.12,0,,FINANCIALS,UNITED STATES,AVUV,2026-03-23,,,,,,,,,,,,,
BJ S RESTAURANTS INC COMMON STOCK,BJRI,COMMON STOCK,09180C106,US09180C1062,2200552,784063.0,27489248.78,0.12,0,,CONSUMER DISCRETIONARY,UNITED STATES,AVUV,2026-03-23,,,,,,,,,,,,,
TECNOGLASS INC COMMON STOCK USD.0001,TGLS,COMMON STOCK,G87264100,KYG872641009,BHCVTN5,672566.0,27252374.32,0.12,0,,INDUSTRIALS,UNITED STATES,AVUV,2026-03-23,,,,,,,,,,,,,
DNOW INC COMMON STOCK USD.01,DNOW,COMMON STOCK,67011P100,US67011P1003,BMH0MV1,2338342.0,27007850.1,0.12,0,,INDUSTRIALS,UNITED STATES,AVUV,2026-03-23,,,,,,,,,,,,,
STEPAN CO COMMON STOCK USD1.0,SCL,COMMON STOCK,858586100,US8585861003,2845005,598208.0,26823646.72,0.12,0,,MATERIALS,UNITED STATES,AVUV,2026-03-23,,,,,,,,,,,,,
GULFPORT ENERGY CORP COMMON STOCK USD.0001,GPOR,COMMON STOCK,402635502,US4026355028,BND7X43,130262.0,26693289.04,0.12,0,,ENERGY,UNITED STATES,AVUV,2026-03-23,,,,,,,,,,,,,
CLARIVATE PLC COMMON STOCK USD.01,CLVT,COMMON STOCK,G21810109,JE00BJJN4441,BJJN444,10653511.0,26527242.39,0.12,0,,INDUSTRIALS,UNITED STATES,AVUV,2026-03-23,,,,,,,,,,,,,
WORTHINGTON ENTERPRISES INC COMMON STOCK,WOR,COMMON STOCK,981811102,US9818111026,2981932,556661.0,26519330.04,0.12,0,,INDUSTRIALS,UNITED STATES,AVUV,2026-03-23,,,,,,,,,,,,,
MARTEN TRANSPORT LTD COMMON STOCK USD.01,MRTN,COMMON STOCK,573075108,US5730751089,2568357,2162712.0,26341832.16,0.12,0,,INDUSTRIALS,UNITED STATES,AVUV,2026-03-23,,,,,,,,,,,,,
VAALCO ENERGY INC COMMON STOCK USD.1,EGY,COMMON STOCK,91851C201,US91851C2017,2933353,4174829.0,26092681.25,0.12,0,,ENERGY,UNITED STATES,AVUV,2026-03-23,,,,,,,,,,,,,
UNIVERSAL INSURANCE HOLDINGS COMMON STOCK USD.01,UVE,COMMON STOCK,91359V107,US91359V1070,2912374,786355.0,26051941.15,0.12,0,,FINANCIALS,UNITED STATES,AVUV,2026-03-23,,,,,,,,,,,,,
PEOPLES BANCORP INC COMMON STOCK,PEBO,COMMON STOCK,709789101,US7097891011,2679419,819877.0,25785131.65,0.12,0,,FINANCIALS,UNITED STATES,AVUV,2026-03-23,,,,,,,,,,,,,
OLD SECOND BANCORP INC COMMON STOCK USD1.0,OSBC,COMMON STOCK,680277100,US6802771005,2658429,1302748.0,25338448.6,0.11,0,,FINANCIALS,UNITED STATES,AVUV,2026-03-23,,,,,,,,,,,,,
SCHOLASTIC CORP COMMON STOCK USD.01,SCHL,COMMON STOCK,807066105,US8070661058,2779234,675920.0,25178020.0,0.11,0,,COMMUNICATION SERVICES,UNITED STATES,AVUV,2026-03-23,,,,,,,,,,,,,
SENECA FOODS CORP   CL A COMMON STOCK USD.25,SENEA,COMMON STOCK,817070501,US8170705011,2781626,178318.0,25092908.96,0.11,0,,CONSUMER STAPLES,UNITED STATES,AVUV,2026-03-23,,,,,,,,,,,,,
UMB FINANCIAL CORP COMMON STOCK USD1.0,UMBF,COMMON STOCK,902788108,US9027881088,2918510,229046.0,24975175.84,0.11,0,,FINANCIALS,UNITED STATES,AVUV,2026-03-23,,,,,,,,,,,,,
MERCHANTS BANCORP/IN COMMON STOCK,MBIN,COMMON STOCK,58844R108,US58844R1086,BYZ1PQ6,605164.0,24926705.16,0.11,0,,FINANCIALS,UNITED STATES,AVUV,2026-03-23,,,,,,,,,,,,,
COMMUNITY TRUST BANCORP INC COMMON STOCK USD5.0,CTBI,COMMON STOCK,204149108,US2041491083,2706470,422526.0,24755798.34,0.11,0,,FINANCIALS,UNITED STATES,AVUV,2026-03-23,,,,,,,,,,,,,
DOLE PLC COMMON STOCK USD.01,DOLE,COMMON STOCK,G27907107,IE0003LFZ4U7,BMCLHR0,1730657.0,24661862.25,0.11,0,,CONSUMER STAPLES,UNITED STATES,AVUV,2026-03-23,,,,,,,,,,,,,
WORLD KINECT CORP COMMON STOCK USD.01,WKC,COMMON STOCK,981475106,US9814751064,2469450,1087674.0,24624939.36,0.11,0,,ENERGY,UNITED STATES,AVUV,2026-03-23,,,,,,,,,,,,,
ARRAY DIGITAL INFRASTRUCTURE COMMON STOCK USD1.0,AD,COMMON STOCK,911684108,US9116841084,2918996,536037.0,24346800.54,0.11,0,,COMMUNICATION SERVICES,UNITED STATES,AVUV,2026-03-23,,,,,,,,,,,,,
1ST SOURCE CORP COMMON STOCK,SRCE,COMMON STOCK,336901103,US3369011032,2341848,362368.0,23988761.6,0.11,0,,FINANCIALS,UNITED STATES,AVUV,2026-03-23,,,,,,,,,,,,,
RPC INC COMMON STOCK USD.1,RES,COMMON STOCK,749660106,US7496601060,2719456,3453441.0,23587002.03,0.11,0,,ENERGY,UNITED STATES,AVUV,2026-03-23,,,,,,,,,,,,,
SFL CORP LTD COMMON STOCK USD.01,SFL,COMMON STOCK,G7738W106,BMG7738W1064,BJXT857,2275246.0,23571548.56,0.11,0,,ENERGY,UNITED STATES,AVUV,2026-03-23,,,,,,,,,,,,,
KB HOME COMMON STOCK USD1.0,KBH,COMMON STOCK,48666K109,US48666K1097,2485070,458545.0,23454576.75,0.1,0,,CONSUMER DISCRETIONARY,UNITED STATES,AVUV,2026-03-23,,,,,,,,,,,,,
QCR HOLDINGS INC COMMON STOCK USD1.0,QCRH,COMMON STOCK,74727A104,US74727A1043,2714257,283928.0,23174203.36,0.1,0,,FINANCIALS,UNITED STATES,AVUV,2026-03-23,,,,,,,,,,,,,
FIRST COMMONWEALTH FINL CORP COMMON STOCK USD1.0,FCF,COMMON STOCK,319829107,US3198291078,2351546,1371947.0,23103587.48,0.1,0,,FINANCIALS,UNITED STATES,AVUV,2026-03-23,,,,,,,,,,,,,
APOGEE ENTERPRISES INC COMMON STOCK USD.333,APOG,COMMON STOCK,037598109,US0375981091,2046176,726226.0,23043150.98,0.1,0,,INDUSTRIALS,UNITED STATES,AVUV,2026-03-23,,,,,,,,,,,,,
FMC CORP COMMON STOCK USD.1,FMC,COMMON STOCK,302491303,US3024913036,2328603,1754715.0,22969219.35,0.1,0,,MATERIALS,UNITED STATES,AVUV,2026-03-23,,,,,,,,,,,,,
LINCOLN EDUCATIONAL SERVICES COMMON STOCK,LINC,COMMON STOCK,533535100,US5335351004,B0BV2Y9,611648.0,22887868.16,0.1,0,,CONSUMER DISCRETIONARY,UNITED STATES,AVUV,2026-03-23,,,,,,,,,,,,,
FIRST BUSEY CORP COMMON STOCK USD.001,BUSE,COMMON STOCK,319383204,US3193832041,BZ1LBM5,929195.0,22765277.5,0.1,0,,FINANCIALS,UNITED STATES,AVUV,2026-03-23,,,,,,,,,,,,,
RAYONIER ADVANCED MATERIALS COMMON STOCK USD.01,RYAM,COMMON STOCK,75508B104,US75508B1044,BN458W9,2183358.0,22706923.2,0.1,0,,MATERIALS,UNITED STATES,AVUV,2026-03-23,,,,,,,,,,,,,
OIL DRI CORP OF AMERICA COMMON STOCK USD.1,ODC,COMMON STOCK,677864100,US6778641000,2657794,379190.0,22694521.5,0.1,0,,CONSUMER STAPLES,UNITED STATES,AVUV,2026-03-23,,,,,,,,,,,,,
CENTRAL PACIFIC FINANCIAL CO COMMON STOCK,CPF,COMMON STOCK,154760409,US1547604090,2230946,737725.0,22507989.75,0.1,0,,FINANCIALS,UNITED STATES,AVUV,2026-03-23,,,,,,,,,,,,,
OPPENHEIMER HOLDINGS CL A COMMON STOCK USD.001,OPY,COMMON STOCK,683797104,US6837971042,B42G8D2,265069.0,22133261.5,0.1,0,,FINANCIALS,UNITED STATES,AVUV,2026-03-23,,,,,,,,,,,,,
BYLINE BANCORP INC COMMON STOCK USD.01,BY,COMMON STOCK,124411109,US1244111092,BD5G2C9,730932.0,22118002.32,0.1,0,,FINANCIALS,UNITED STATES,AVUV,2026-03-23,,,,,,,,,,,,,
KIMBALL ELECTRONICS INC COMMON STOCK,KE,COMMON STOCK,49428J109,US49428J1097,BRKFN59,941730.0,22074151.2,0.1,0,,INFORMATION TECHNOLOGY,UNITED STATES,AVUV,2026-03-23,,,,,,,,,,,,,
MERCANTILE BANK CORP COMMON STOCK,MBWM,COMMON STOCK,587376104,US5873761044,2620257,453425.0,22054592.0,0.1,0,,FINANCIALS,UNITED STATES,AVUV,2026-03-23,,,,,,,,,,,,,
CRACKER BARREL OLD COUNTRY COMMON STOCK USD.01,CBRL,COMMON STOCK,22410J106,US22410J1060,2231091,803081.0,22012450.21,0.1,0,,CONSUMER DISCRETIONARY,UNITED STATES,AVUV,2026-03-23,,,,,,,,,,,,,
NORTHEAST BANK COMMON STOCK USD1.0,NBN,COMMON STOCK,66405S100,US66405S1006,BJXSDM6,206355.0,21943790.7,0.1,0,,FINANCIALS,UNITED STATES,AVUV,2026-03-23,,,,,,,,,,,,,
POPULAR INC COMMON STOCK USD.01,BPOP,COMMON STOCK,733174700,PR7331747001,B86QM90,167973.0,21917117.04,0.1,0,,FINANCIALS,UNITED STATES,AVUV,2026-03-23,,,,,,,,,,,,,
SUNCOKE ENERGY INC COMMON STOCK USD.01,SXC,COMMON STOCK,86722A103,US86722A1034,B3R0638,3592596.0,21591501.96,0.1,0,,MATERIALS,UNITED STATES,AVUV,2026-03-23,,,,,,,,,,,,,
METROPOLITAN BANK HOLDING CO COMMON STOCK USD.01,MCB,COMMON STOCK,591774104,US5917741044,BDBRDR8,265572.0,21336054.48,0.1,0,,FINANCIALS,UNITED STATES,AVUV,2026-03-23,,,,,,,,,,,,,
FIRST MID BANCSHARES INC COMMON STOCK USD4.0,FMBH,COMMON STOCK,320866106,US3208661062,B016HX8,539420.0,21274724.8,0.09,0,,FINANCIALS,UNITED STATES,AVUV,2026-03-23,,,,,,,,,,,,,
HANMI FINANCIAL CORPORATION COMMON STOCK USD.001,HAFC,COMMON STOCK,410495204,US4104952043,B6TPXR5,834552.0,21147547.68,0.09,0,,FINANCIALS,UNITED STATES,AVUV,2026-03-23,,,,,,,,,,,,,
ORIGIN BANCORP INC COMMON STOCK,OBK,COMMON STOCK,68621T102,US68621T1025,BDFFBM9,523884.0,21033942.6,0.09,0,,FINANCIALS,UNITED STATES,AVUV,2026-03-23,,,,,,,,,,,,,
METALLUS INC COMMON STOCK,MTUS,COMMON STOCK,887399103,US8873991033,BNBPMX1,1418841.0,21027223.62,0.09,0,,MATERIALS,UNITED STATES,AVUV,2026-03-23,,,,,,,,,,,,,
ARDMORE SHIPPING CORP COMMON STOCK USD.01,ASC,COMMON STOCK,Y0207T100,MHY0207T1001,BCGCR57,1433620.0,21002533.0,0.09,0,,ENERGY,UNITED STATES,AVUV,2026-03-23,,,,,,,,,,,,,
HERITAGE INSURANCE HOLDINGS COMMON STOCK USD.0001,HRTG,COMMON STOCK,42727J102,US42727J1025,BMN9870,803440.0,20608236.0,0.09,0,,FINANCIALS,UNITED STATES,AVUV,2026-03-23,,,,,,,,,,,,,
UNIVEST FINANCIAL CORP COMMON STOCK USD5.0,UVSP,COMMON STOCK,915271100,US9152711001,2690636,623882.0,20556911.9,0.09,0,,FINANCIALS,UNITED STATES,AVUV,2026-03-23,,,,,,,,,,,,,
S + T BANCORP INC COMMON STOCK USD2.5,STBA,COMMON STOCK,783859101,US7838591011,2781109,514002.0,20518959.84,0.09,0,,FINANCIALS,UNITED STATES,AVUV,2026-03-23,,,,,,,,,,,,,
AMALGAMATED FINANCIAL CORP COMMON STOCK USD.01,AMAL,COMMON STOCK,022671101,US0226711010,BLR7B41,544730.0,20389243.9,0.09,0,,FINANCIALS,UNITED STATES,AVUV,2026-03-23,,,,,,,,,,,,,
NORDIC AMERICAN TANKERS LTD COMMON STOCK USD.01,NAT,COMMON STOCK,G65773106,BMG657731060,2113876,3849680.0,20210820.0,0.09,0,,ENERGY,UNITED STATES,AVUV,2026-03-23,,,,,,,,,,,,,
DUCOMMUN INC COMMON STOCK USD.01,DCO,COMMON STOCK,264147109,US2641471097,2283229,165283.0,19928171.31,0.09,0,,INDUSTRIALS,UNITED STATES,AVUV,2026-03-23,,,,,,,,,,,,,
TRUSTCO BANK CORP NY COMMON STOCK USD1.0,TRST,COMMON STOCK,898349204,US8983492047,BN0ZBP7,466214.0,19888689.24,0.09,0,,FINANCIALS,UNITED STATES,AVUV,2026-03-23,,,,,,,,,,,,,
ASTEC INDUSTRIES INC COMMON STOCK USD.2,ASTE,COMMON STOCK,046224101,US0462241011,2060370,392598.0,19567084.32,0.09,0,,INDUSTRIALS,UNITED STATES,AVUV,2026-03-23,,,,,,,,,,,,,
COSTAMARE INC COMMON STOCK USD.0001,CMRE,COMMON STOCK,Y1771G102,MHY1771G1026,B566T98,1165458.0,19544730.66,0.09,0,,INDUSTRIALS,UNITED STATES,AVUV,2026-03-23,,,,,,,,,,,,,
REX AMERICAN RESOURCES CORP COMMON STOCK USD.01,REX,COMMON STOCK,761624105,US7616241052,2063670,504256.0,19519749.76,0.09,0,,ENERGY,UNITED STATES,AVUV,2026-03-23,,,,,,,,,,,,,
IMAX CORP COMMON STOCK,IMAX,COMMON STOCK,45245E109,CA45245E1097,2473859,530619.0,19468411.11,0.09,0,,COMMUNICATION SERVICES,UNITED STATES,AVUV,2026-03-23,,,,,,,,,,,,,
CONNECTONE BANCORP INC COMMON STOCK,CNOB,COMMON STOCK,20786W107,US20786W1071,BNQ4YF9,748337.0,19419345.15,0.09,0,,FINANCIALS,UNITED STATES,AVUV,2026-03-23,,,,,,,,,,,,,
ADVANSIX INC COMMON STOCK USD.01,ASIX,COMMON STOCK,00773T101,US00773T1016,BYMMZL7,956181.0,19362665.25,0.09,0,,MATERIALS,UNITED STATES,AVUV,2026-03-23,,,,,,,,,,,,,
TEEKAY CORP LTD COMMON STOCK USD.001,TK,COMMON STOCK,G8726T105,BMG8726T1053,BL54JF1,1667410.0,19175215.0,0.09,0,,ENERGY,UNITED STATES,AVUV,2026-03-23,,,,,,,,,,,,,
GREEN DOT CORP CLASS A COMMON STOCK USD.001,GDOT,COMMON STOCK,39304D102,US39304D1028,B3WNNP3,1734507.0,19148957.28,0.09,0,,FINANCIALS,UNITED STATES,AVUV,2026-03-23,,,,,,,,,,,,,
ESQUIRE FINANCIAL HOLDINGS I COMMON STOCK USD.01,ESQ,COMMON STOCK,29667J101,US29667J1016,BD5G1Z5,180844.0,19073616.68,0.09,0,,FINANCIALS,UNITED STATES,AVUV,2026-03-23,,,,,,,,,,,,,
SLIDE INSURANCE HOLDINGS INC COMMON STOCK USD.01,SLDE,COMMON STOCK,831349105,US8313491057,BT18HJ3,1164486.0,19062635.82,0.09,0,,FINANCIALS,UNITED STATES,AVUV,2026-03-23,,,,,,,,,,,,,
BUILD A BEAR WORKSHOP INC COMMON STOCK USD.01,BBW,COMMON STOCK,120076104,US1200761047,B034L50,464632.0,19012741.44,0.08,0,,CONSUMER DISCRETIONARY,UNITED STATES,AVUV,2026-03-23,,,,,,,,,,,,,
HNI CORP COMMON STOCK USD1.0,HNI,COMMON STOCK,404251100,US4042511000,2435246,555945.0,18896570.55,0.08,0,,INDUSTRIALS,UNITED STATES,AVUV,2026-03-23,,,,,,,,,,,,,
VIRTUS INVESTMENT PARTNERS COMMON STOCK USD.01,VRTS,COMMON STOCK,92828Q109,US92828Q1094,B3KKGQ8,149149.0,18874805.95,0.08,0,,FINANCIALS,UNITED STATES,AVUV,2026-03-23,,,,,,,,,,,,,
FORUM ENERGY TECHNOLOGIES IN COMMON STOCK USD.01,FET,COMMON STOCK,34984V209,US34984V2097,BMCKSV8,335264.0,18872010.56,0.08,0,,ENERGY,UNITED STATES,AVUV,2026-03-23,,,,,,,,,,,,,
BUSINESS FIRST BANCSHARES COMMON STOCK USD1.0,BFST,COMMON STOCK,12326C105,US12326C1053,BF5HDJ0,730440.0,18852656.4,0.08,0,,FINANCIALS,UNITED STATES,AVUV,2026-03-23,,,,,,,,,,,,,
INDEPENDENT BANK CORP   MICH COMMON STOCK USD1.0,IBCP,COMMON STOCK,453838609,US4538386099,2492133,588362.0,18815816.76,0.08,0,,FINANCIALS,UNITED STATES,AVUV,2026-03-23,,,,,,,,,,,,,
MATIV HOLDINGS INC COMMON STOCK USD.1,MATV,COMMON STOCK,808541106,US8085411069,2782038,2286414.0,18748594.8,0.08,0,,MATERIALS,UNITED STATES,AVUV,2026-03-23,,,,,,,,,,,,,
FIDELIS INSURANCE HOLDINGS L COMMON STOCK USD.01,FIHL,COMMON STOCK,G3398L118,BMG3398L1182,BQLSDH2,994955.0,18744952.2,0.08,0,,FINANCIALS,UNITED STATES,AVUV,2026-03-23,,,,,,,,,,,,,
PROG HOLDINGS INC COMMON STOCK USD.5,PRG,COMMON STOCK,74319R101,US74319R1014,BLFGN66,671410.0,18631627.5,0.08,0,,FINANCIALS,UNITED STATES,AVUV,2026-03-23,,,,,,,,,,,,,
HERC HOLDINGS INC COMMON STOCK USD.01,HRI,COMMON STOCK,42704L104,US42704L1044,BZBZ020,185190.0,18596779.8,0.08,0,,INDUSTRIALS,UNITED STATES,AVUV,2026-03-23,,,,,,,,,,,,,
OXFORD INDUSTRIES INC COMMON STOCK USD1.0,OXM,COMMON STOCK,691497309,US6914973093,2665300,541190.0,18514109.9,0.08,0,,CONSUMER DISCRETIONARY,UNITED STATES,AVUV,2026-03-23,,,,,,,,,,,,,
EMPLOYERS HOLDINGS INC COMMON STOCK USD.01,EIG,COMMON STOCK,292218104,US2922181043,B1Q1RR9,473015.0,18490156.35,0.08,0,,FINANCIALS,UNITED STATES,AVUV,2026-03-23,,,,,,,,,,,,,
SOLAREDGE TECHNOLOGIES INC COMMON STOCK USD.0001,SEDG,COMMON STOCK,83417M104,US83417M1045,BWC52Q6,354314.0,18328663.22,0.08,0,,INFORMATION TECHNOLOGY,UNITED STATES,AVUV,2026-03-23,,,,,,,,,,,,,
SANDRIDGE ENERGY INC COMMON STOCK USD.001,SD,COMMON STOCK,80007P869,US80007P8692,BD1XH30,1081152.0,18174165.12,0.08,0,,ENERGY,UNITED STATES,AVUV,2026-03-23,,,,,,,,,,,,,
RILEY EXPLORATION PERMIAN IN COMMON STOCK USD.001,REPX,COMMON STOCK,76665T102,US76665T1025,BNW2543,517531.0,18098059.07,0.08,0,,ENERGY,UNITED STATES,AVUV,2026-03-23,,,,,,,,,,,,,
ARROW ELECTRONICS INC COMMON STOCK USD1.0,ARW,COMMON STOCK,042735100,US0427351004,2051404,132354.0,18084850.56,0.08,0,,INFORMATION TECHNOLOGY,UNITED STATES,AVUV,2026-03-23,,,,,,,,,,,,,
FIRST FINANCIAL CORP COMMON STOCK,THFF,COMMON STOCK,320218100,US3202181000,2362515,295011.0,17845215.39,0.08,0,,FINANCIALS,UNITED STATES,AVUV,2026-03-23,,,,,,,,,,,,,
HALLADOR ENERGY CO COMMON STOCK USD.01,HNRG,COMMON STOCK,40609P105,US40609P1057,2404978,1129183.0,17750756.76,0.08,0,,UTILITIES,UNITED STATES,AVUV,2026-03-23,,,,,,,,,,,,,
OIL STATES INTERNATIONAL INC COMMON STOCK USD.01,OIS,COMMON STOCK,678026105,US6780261052,2724472,1448780.0,17617164.8,0.08,0,,ENERGY,UNITED STATES,AVUV,2026-03-23,,,,,,,,,,,,,
TOMPKINS FINANCIAL CORP COMMON STOCK USD.1,TMP,COMMON STOCK,890110109,US8901101092,2888613,237511.0,17559188.23,0.08,0,,FINANCIALS,UNITED STATES,AVUV,2026-03-23,,,,,,,,,,,,,
OCEANFIRST FINANCIAL CORP COMMON STOCK USD.01,OCFC,COMMON STOCK,675234108,US6752341080,2125901,993601.0,17378081.49,0.08,0,,FINANCIALS,UNITED STATES,AVUV,2026-03-23,,,,,,,,,,,,,
BEACON FINANCIAL CORP COMMON STOCK USD.01,BBT,COMMON STOCK,084680107,US0846801076,2606570,600519.0,17294947.2,0.08,0,,FINANCIALS,UNITED STATES,AVUV,2026-03-23,,,,,,,,,,,,,
SCANSOURCE INC COMMON STOCK,SCSC,COMMON STOCK,806037107,US8060371072,2767756,498362.0,17258276.06,0.08,0,,INFORMATION TECHNOLOGY,UNITED STATES,AVUV,2026-03-23,,,,,,,,,,,,,
VITESSE ENERGY INC COMMON STOCK USD.01,VTS,COMMON STOCK,92852X103,US92852X1037,BMBX3P7,865220.0,17209225.8,0.08,0,,ENERGY,UNITED STATES,AVUV,2026-03-23,,,,,,,,,,,,,
HOMETRUST BANCSHARES INC COMMON STOCK,HTB,COMMON STOCK,437872104,US4378721041,B84T2F7,413288.0,17143186.24,0.08,0,,FINANCIALS,UNITED STATES,AVUV,2026-03-23,,,,,,,,,,,,,
LINDSAY CORP COMMON STOCK USD1.0,LNN,COMMON STOCK,535555106,US5355551061,2516613,148776.0,17104776.72,0.08,0,,INDUSTRIALS,UNITED STATES,AVUV,2026-03-23,,,,,,,,,,,,,
DAUCH CORPORATION COMMON STOCK USD.01,DCH,COMMON STOCK,024061103,US0240611030,2382416,3164134.0,16928116.9,0.08,0,,CONSUMER DISCRETIONARY,UNITED STATES,AVUV,2026-03-23,,,,,,,,,,,,,
FORESTAR GROUP INC COMMON STOCK USD1.0,FOR,COMMON STOCK,346232101,US3462321015,BF16ZX9,687872.0,16708410.88,0.07,0,,REAL ESTATE,UNITED STATES,AVUV,2026-03-23,,,,,,,,,,,,,
ECOVYST INC COMMON STOCK,ECVT,COMMON STOCK,27923Q109,US27923Q1094,BM8NHT2,1427486.0,16630211.9,0.07,0,,MATERIALS,UNITED STATES,AVUV,2026-03-23,,,,,,,,,,,,,
REPUBLIC BANCORP INC CLASS A COMMON STOCK,RBCAA,COMMON STOCK,760281204,US7602812049,2277114,246678.0,16480557.18,0.07,0,,FINANCIALS,UNITED STATES,AVUV,2026-03-23,,,,,,,,,,,,,
EMERGENT BIOSOLUTIONS INC COMMON STOCK USD.001,EBS,COMMON STOCK,29089Q105,US29089Q1058,B1HJLW5,2010472.0,16465765.68,0.07,0,,HEALTH CARE,UNITED STATES,AVUV,2026-03-23,,,,,,,,,,,,,
GENTHERM INC COMMON STOCK,THRM,COMMON STOCK,37253A103,US37253A1034,B8JFD24,591786.0,16291868.58,0.07,0,,CONSUMER DISCRETIONARY,UNITED STATES,AVUV,2026-03-23,,,,,,,,,,,,,
PREFORMED LINE PRODUCTS CO COMMON STOCK USD2.0,PLPC,COMMON STOCK,740444104,US7404441047,2798466,61404.0,16154778.36,0.07,0,,INDUSTRIALS,UNITED STATES,AVUV,2026-03-23,,,,,,,,,,,,,
XPLR INFRASTRUCTURE LP COMMON STOCK,XIFR,COMMON STOCK,65341B106,US65341B1061,BNGY4Q0,1626753.0,16137389.76,0.07,0,,UTILITIES,UNITED STATES,AVUV,2026-03-23,,,,,,,,,,,,,
UNITED FIRE GROUP INC COMMON STOCK USD.001,UFCS,COMMON STOCK,910340108,US9103401082,B4WXG84,439736.0,16006390.4,0.07,0,,FINANCIALS,UNITED STATES,AVUV,2026-03-23,,,,,,,,,,,,,
CIPHER DIGITAL INC COMMON STOCK USD1.0,CIFR,COMMON STOCK,17253J106,US17253J1060,BMZ8604,1141041.0,15985984.41,0.07,0,,INFORMATION TECHNOLOGY,UNITED STATES,AVUV,2026-03-23,,,,,,,,,,,,,
SOUTHERN MISSOURI BANCORP COMMON STOCK USD.01,SMBC,COMMON STOCK,843380106,US8433801060,2570501,258987.0,15971728.29,0.07,0,,FINANCIALS,UNITED STATES,AVUV,2026-03-23,,,,,,,,,,,,,
ETHAN ALLEN INTERIORS INC COMMON STOCK USD.01,ETD,COMMON STOCK,297602104,US2976021046,2320825,714639.0,15650594.1,0.07,0,,CONSUMER DISCRETIONARY,UNITED STATES,AVUV,2026-03-23,,,,,,,,,,,,,
AMPHASTAR PHARMACEUTICALS IN COMMON STOCK USD.0001,AMPH,COMMON STOCK,03209R103,US03209R1032,BNFWZS4,800893.0,15617413.5,0.07,0,,HEALTH CARE,UNITED STATES,AVUV,2026-03-23,,,,,,,,,,,,,
BURKE + HERBERT FINANCIAL SE COMMON STOCK,BHRB,COMMON STOCK,12135Y108,US12135Y1082,BQ1PC32,254643.0,15375344.34,0.07,0,,FINANCIALS,UNITED STATES,AVUV,2026-03-23,,,,,,,,,,,,,
TRICO BANCSHARES COMMON STOCK,TCBK,COMMON STOCK,896095106,US8960951064,2904133,333349.0,15360721.92,0.07,0,,FINANCIALS,UNITED STATES,AVUV,2026-03-23,,,,,,,,,,,,,
GREAT SOUTHERN BANCORP INC COMMON STOCK USD.01,GSBC,COMMON STOCK,390905107,US3909051076,2387002,250823.0,15302711.23,0.07,0,,FINANCIALS,UNITED STATES,AVUV,2026-03-23,,,,,,,,,,,,,
TRONOX HOLDINGS PLC COMMON STOCK USD.01,TROX,COMMON STOCK,G9087Q102,GB00BJT16S69,BJT16S6,2158924.0,15134057.24,0.07,0,,MATERIALS,UNITED STATES,AVUV,2026-03-23,,,,,,,,,,,,,
ENNIS INC COMMON STOCK USD2.5,EBF,COMMON STOCK,293389102,US2933891028,2316103,736354.0,15051075.76,0.07,0,,INDUSTRIALS,UNITED STATES,AVUV,2026-03-23,,,,,,,,,,,,,
CENTRUS ENERGY CORP CLASS A COMMON STOCK USD.1,LEU,COMMON STOCK,15643U104,US15643U1043,BQXKDH6,79316.0,14813056.16,0.07,0,,ENERGY,UNITED STATES,AVUV,2026-03-23,,,,,,,,,,,,,
EVERUS CONSTRUCTION GROUP COMMON STOCK,ECG,COMMON STOCK,300426103,US3004261034,BSVLTM2,132769.0,14730720.55,0.07,0,,INDUSTRIALS,UNITED STATES,AVUV,2026-03-23,,,,,,,,,,,,,
VILLAGE SUPER MARKET CLASS A COMMON STOCK,VLGEA,COMMON STOCK,927107409,US9271074091,2929211,360682.0,14661723.3,0.07,0,,CONSUMER STAPLES,UNITED STATES,AVUV,2026-03-23,,,,,,,,,,,,,
NWPX INFRASTRUCTURE INC COMMON STOCK USD.01,NWPX,COMMON STOCK,667746101,US6677461013,2035925,206282.0,14592388.68,0.07,0,,INDUSTRIALS,UNITED STATES,AVUV,2026-03-23,,,,,,,,,,,,,
COVENANT LOGISTICS GROUP INC COMMON STOCK USD.01,CVLG,COMMON STOCK,22284P105,US22284P1057,2200853,575554.0,14561516.2,0.06,0,,INDUSTRIALS,UNITED STATES,AVUV,2026-03-23,,,,,,,,,,,,,
NUTEX HEALTH INC COMMON STOCK,NUTX,COMMON STOCK,67079U306,US67079U3068,BSMNX92,162074.0,14422965.26,0.06,0,,HEALTH CARE,UNITED STATES,AVUV,2026-03-23,,,,,,,,,,,,,
PAGAYA TECHNOLOGIES LTD  A COMMON STOCK USD.0001,PGY,COMMON STOCK,M7S64L123,IL0011858912,BQ5J6B6,1340966.0,14267878.24,0.06,0,,INFORMATION TECHNOLOGY,UNITED STATES,AVUV,2026-03-23,,,,,,,,,,,,,
IES HOLDINGS INC COMMON STOCK USD.01,IESC,COMMON STOCK,44951W106,US44951W1062,BD978B9,32578.0,14234957.1,0.06,0,,INDUSTRIALS,UNITED STATES,AVUV,2026-03-23,,,,,,,,,,,,,
HUB GROUP INC CL A COMMON STOCK USD.01,HUBG,COMMON STOCK,443320106,US4433201062,2407632,407139.0,14178615.68,0.06,0,,INDUSTRIALS,UNITED STATES,AVUV,2026-03-23,,,,,,,,,,,,,
KOPPERS HOLDINGS INC COMMON STOCK USD.01,KOP,COMMON STOCK,50060P106,US50060P1066,B0X46B1,403768.0,14172256.8,0.06,0,,MATERIALS,UNITED STATES,AVUV,2026-03-23,,,,,,,,,,,,,
CAPITAL CITY BANK GROUP INC COMMON STOCK USD.01,CCBG,COMMON STOCK,139674105,US1396741050,2186759,337867.0,14149869.96,0.06,0,,FINANCIALS,UNITED STATES,AVUV,2026-03-23,,,,,,,,,,,,,
NORTHRIM BANCORP INC COMMON STOCK USD1.0,NRIM,COMMON STOCK,666762109,US6667621097,2640277,632059.0,14050671.57,0.06,0,,FINANCIALS,UNITED STATES,AVUV,2026-03-23,,,,,,,,,,,,,
HEARTLAND EXPRESS INC COMMON STOCK USD.01,HTLD,COMMON STOCK,422347104,US4223471040,2414018,1455629.0,14046819.85,0.06,0,,INDUSTRIALS,UNITED STATES,AVUV,2026-03-23,,,,,,,,,,,,,
GOLD.COM INC COMMON STOCK USD.01,GOLD,COMMON STOCK,00181T107,US00181T1079,BK6MJ46,330852.0,13981805.52,0.06,0,,CONSUMER DISCRETIONARY,UNITED STATES,AVUV,2026-03-23,,,,,,,,,,,,,
LITHIA MOTORS INC COMMON STOCK,LAD,COMMON STOCK,536797103,US5367971034,2515030,57486.0,13969098.0,0.06,0,,CONSUMER DISCRETIONARY,UNITED STATES,AVUV,2026-03-23,,,,,,,,,,,,,
METROCITY BANKSHARES INC COMMON STOCK,MCBS,COMMON STOCK,59165J105,US59165J1051,BD9MTK0,504885.0,13889386.35,0.06,0,,FINANCIALS,UNITED STATES,AVUV,2026-03-23,,,,,,,,,,,,,
ORRSTOWN FINL SERVICES INC COMMON STOCK,ORRF,COMMON STOCK,687380105,US6873801053,B019FW2,399413.0,13883595.88,0.06,0,,FINANCIALS,UNITED STATES,AVUV,2026-03-23,,,,,,,,,,,,,
MARCUS CORPORATION COMMON STOCK USD1.0,MCS,COMMON STOCK,566330106,US5663301068,2564827,871473.0,13838991.24,0.06,0,,COMMUNICATION SERVICES,UNITED STATES,AVUV,2026-03-23,,,,,,,,,,,,,
NAVIENT CORP COMMON STOCK USD.01,NAVI,COMMON STOCK,63938C108,US63938C1080,BLP5GX1,1720917.0,13836172.68,0.06,0,,FINANCIALS,UNITED STATES,AVUV,2026-03-23,,,,,,,,,,,,,
TELADOC HEALTH INC COMMON STOCK USD.001,TDOC,COMMON STOCK,87918A105,US87918A1051,BYQRFY1,2581341.0,13810174.35,0.06,0,,HEALTH CARE,UNITED STATES,AVUV,2026-03-23,,,,,,,,,,,,,
CABLE ONE INC COMMON STOCK USD.01,CABO,COMMON STOCK,12685J105,US12685J1051,BZ07DS4,146012.0,13789373.28,0.06,0,,COMMUNICATION SERVICES,UNITED STATES,AVUV,2026-03-23,,,,,,,,,,,,,
SHORE BANCSHARES INC COMMON STOCK USD.01,SHBI,COMMON STOCK,825107105,US8251071051,2748869,775879.0,13771852.25,0.06,0,,FINANCIALS,UNITED STATES,AVUV,2026-03-23,,,,,,,,,,,,,
GRANITE RIDGE RESOURCES INC COMMON STOCK USD.0001,GRNT,COMMON STOCK,387432107,US3874321074,BPJKCW1,2503177.0,13742441.73,0.06,0,,ENERGY,UNITED STATES,AVUV,2026-03-23,,,,,,,,,,,,,
SOUTH PLAINS FINANCIAL INC COMMON STOCK USD1.0,SPFI,COMMON STOCK,83946P107,US83946P1075,BGV1W52,334380.0,13696204.8,0.06,0,,FINANCIALS,UNITED STATES,AVUV,2026-03-23,,,,,,,,,,,,,
ASBURY AUTOMOTIVE GROUP COMMON STOCK USD.01,ABG,COMMON STOCK,043436104,US0434361046,2855855,73845.0,13667232.6,0.06,0,,CONSUMER DISCRETIONARY,UNITED STATES,AVUV,2026-03-23,,,,,,,,,,,,,
FIVE STAR BANCORP COMMON STOCK,FSBC,COMMON STOCK,33830T103,US33830T1034,BP2C8W6,375172.0,13641253.92,0.06,0,,FINANCIALS,UNITED STATES,AVUV,2026-03-23,,,,,,,,,,,,,
CENTURY COMMUNITIES INC COMMON STOCK USD.01,CCS,COMMON STOCK,156504300,US1565043007,BN7ZZ47,242100.0,13475286.0,0.06,0,,CONSUMER DISCRETIONARY,UNITED STATES,AVUV,2026-03-23,,,,,,,,,,,,,
MYR GROUP INC/DELAWARE COMMON STOCK USD.01,MYRG,COMMON STOCK,55405W104,US55405W1045,B3CLS18,51831.0,13459474.08,0.06,0,,INDUSTRIALS,UNITED STATES,AVUV,2026-03-23,,,,,,,,,,,,,
VOYA FINANCIAL INC COMMON STOCK USD.01,VOYA,COMMON STOCK,929089100,US9290891004,BKWQ2N2,199735.0,13412205.25,0.06,0,,FINANCIALS,UNITED STATES,AVUV,2026-03-23,,,,,,,,,,,,,
CNB FINANCIAL CORP/PA COMMON STOCK,CCNE,COMMON STOCK,126128107,US1261281075,2619705,481370.0,13213606.5,0.06,0,,FINANCIALS,UNITED STATES,AVUV,2026-03-23,,,,,,,,,,,,,
CIVEO CORP COMMON STOCK USD.01,CVEO,COMMON STOCK,17878Y207,CA17878Y2078,BN0TDP3,484761.0,13166108.76,0.06,0,,INDUSTRIALS,UNITED STATES,AVUV,2026-03-23,,,,,,,,,,,,,
SHENANDOAH TELECOMMUNICATION COMMON STOCK,SHEN,COMMON STOCK,82312B106,US82312B1061,2676692,930762.0,13012052.76,0.06,0,,COMMUNICATION SERVICES,UNITED STATES,AVUV,2026-03-23,,,,,,,,,,,,,
RUSH ENTERPRISES INC   CL B COMMON STOCK USD.01,RUSHB,COMMON STOCK,781846308,US7818463082,2966865,215563.0,12998448.9,0.06,0,,INDUSTRIALS,UNITED STATES,AVUV,2026-03-23,,,,,,,,,,,,,
F+G ANNUITIES + LIFE INC COMMON STOCK USD.001,FG,COMMON STOCK,30190A104,US30190A1043,BM9XCN0,539138.0,12712874.04,0.06,0,,FINANCIALS,UNITED STATES,AVUV,2026-03-23,,,,,,,,,,,,,
DIME COMMUNITY BANCSHARES IN COMMON STOCK USD.01,DCOM,COMMON STOCK,25432X102,US25432X1028,BMFZ702,393841.0,12634419.28,0.06,0,,FINANCIALS,UNITED STATES,AVUV,2026-03-23,,,,,,,,,,,,,
MISSION PRODUCE INC COMMON STOCK USD.001,AVO,COMMON STOCK,60510V108,US60510V1089,BLNPMM4,1031417.0,12603915.74,0.06,0,,CONSUMER STAPLES,UNITED STATES,AVUV,2026-03-23,,,,,,,,,,,,,
PACIRA BIOSCIENCES INC COMMON STOCK USD.001,PCRX,COMMON STOCK,695127100,US6951271005,B3X26D8,569157.0,12584061.27,0.06,0,,HEALTH CARE,UNITED STATES,AVUV,2026-03-23,,,,,,,,,,,,,
NU SKIN ENTERPRISES INC   A COMMON STOCK USD.001,NUS,COMMON STOCK,67018T105,US67018T1051,2616870,1727033.0,12296474.96,0.05,0,,CONSUMER STAPLES,UNITED STATES,AVUV,2026-03-23,,,,,,,,,,,,,
ERMENEGILDO ZEGNA NV COMMON STOCK,ZGN,COMMON STOCK,N30577105,NL0015000PB5,BLCY7G1,1270240.0,12295923.2,0.05,0,,CONSUMER DISCRETIONARY,UNITED STATES,AVUV,2026-03-23,,,,,,,,,,,,,
MALIBU BOATS INC   A COMMON STOCK USD.01,MBUU,COMMON STOCK,56117J100,US56117J1007,BJ38KJ2,481547.0,12139799.87,0.05,0,,CONSUMER DISCRETIONARY,UNITED STATES,AVUV,2026-03-23,,,,,,,,,,,,,
LEGGETT + PLATT INC COMMON STOCK USD.01,LEG,COMMON STOCK,524660107,US5246601075,2510682,1256388.0,11998505.4,0.05,0,,CONSUMER DISCRETIONARY,UNITED STATES,AVUV,2026-03-23,,,,,,,,,,,,,
STELLAR BANCORP INC COMMON STOCK USD.01,STEL,COMMON STOCK,858927106,US8589271068,BQBCZY5,336014.0,11952017.98,0.05,0,,FINANCIALS,UNITED STATES,AVUV,2026-03-23,,,,,,,,,,,,,
GRAN TIERRA ENERGY INC COMMON STOCK USD.001,GTE,COMMON STOCK,38500T200,US38500T2006,BQ84Y47,1379416.0,11918154.24,0.05,0,,ENERGY,UNITED STATES,AVUV,2026-03-23,,,,,,,,,,,,,
NATURAL GROCERS BY VITAMIN C COMMON STOCK USD.001,NGVC,COMMON STOCK,63888U108,US63888U1088,B82C9Z7,468926.0,11873206.32,0.05,0,,CONSUMER STAPLES,UNITED STATES,AVUV,2026-03-23,,,,,,,,,,,,,
CARS.COM INC COMMON STOCK USD.01,CARS,COMMON STOCK,14575E105,US14575E1055,BYXHTC0,1471050.0,11621295.0,0.05,0,,COMMUNICATION SERVICES,UNITED STATES,AVUV,2026-03-23,,,,,,,,,,,,,
ANTERO MIDSTREAM CORP COMMON STOCK,AM,COMMON STOCK,03676B102,US03676B1026,BJBT0Q4,511541.0,11586403.65,0.05,0,,ENERGY,UNITED STATES,AVUV,2026-03-23,,,,,,,,,,,,,
SMARTFINANCIAL INC COMMON STOCK USD1.0,SMBK,COMMON STOCK,83190L208,US83190L2088,BYVYKX1,309442.0,11514336.82,0.05,0,,FINANCIALS,UNITED STATES,AVUV,2026-03-23,,,,,,,,,,,,,
COLLEGIUM PHARMACEUTICAL INC COMMON STOCK USD.001,COLL,COMMON STOCK,19459J104,US19459J1043,BX7RSN3,320918.0,11373333.92,0.05,0,,HEALTH CARE,UNITED STATES,AVUV,2026-03-23,,,,,,,,,,,,,
NATURES SUNSHINE PRODS INC COMMON STOCK,NATR,COMMON STOCK,639027101,US6390271012,2627816,478220.0,11348160.6,0.05,0,,CONSUMER STAPLES,UNITED STATES,AVUV,2026-03-23,,,,,,,,,,,,,
INNOVEX INTERNATIONAL INC COMMON STOCK USD.01,INVX,COMMON STOCK,457651107,US4576511079,BSPRSL8,467473.0,11224026.73,0.05,0,,ENERGY,UNITED STATES,AVUV,2026-03-23,,,,,,,,,,,,,
RIGEL PHARMACEUTICALS INC COMMON STOCK USD.001,RIGL,COMMON STOCK,766559702,US7665597024,BQD3J33,430897.0,11186086.12,0.05,0,,HEALTH CARE,UNITED STATES,AVUV,2026-03-23,,,,,,,,,,,,,
ZIONS BANCORP NA COMMON STOCK USD.001,ZION,COMMON STOCK,989701107,US9897011071,2989828,206439.0,11158027.95,0.05,0,,FINANCIALS,UNITED STATES,AVUV,2026-03-23,,,,,,,,,,,,,
STURM RUGER + CO INC COMMON STOCK USD1.0,RGR,COMMON STOCK,864159108,US8641591081,2856289,284350.0,11083963.0,0.05,0,,CONSUMER DISCRETIONARY,UNITED STATES,AVUV,2026-03-23,,,,,,,,,,,,,
CALERES INC COMMON STOCK USD.01,CAL,COMMON STOCK,129500104,US1295001044,BWX4MD9,1032616.0,11079969.68,0.05,0,,CONSUMER DISCRETIONARY,UNITED STATES,AVUV,2026-03-23,,,,,,,,,,,,,
LUXFER HOLDINGS PLC COMMON STOCK USD.5,LXFR,COMMON STOCK,G5698W116,GB00BNK03D49,BF5GRT5,957853.0,11024888.03,0.05,0,,INDUSTRIALS,UNITED STATES,AVUV,2026-03-23,,,,,,,,,,,,,
ACCEL ENTERTAINMENT INC COMMON STOCK USD.0001,ACEL,COMMON STOCK,00436Q106,US00436Q1067,BK7FYL6,1008340.0,11011072.8,0.05,0,,CONSUMER DISCRETIONARY,UNITED STATES,AVUV,2026-03-23,,,,,,,,,,,,,
NATURAL GAS SERVICES GROUP COMMON STOCK USD.01,NGS,COMMON STOCK,63886Q109,US63886Q1094,2986153,276068.0,10783216.08,0.05,0,,ENERGY,UNITED STATES,AVUV,2026-03-23,,,,,,,,,,,,,
ORION SA COMMON STOCK,OEC,COMMON STOCK,L72967109,LU1092234845,BP8FKJ0,2177402.0,10712817.84,0.05,0,,MATERIALS,UNITED STATES,AVUV,2026-03-23,,,,,,,,,,,,,
THIRD COAST BANCSHARES INC COMMON STOCK USD1.0,TCBX,COMMON STOCK,88422P109,US88422P1093,BL55Q42,287936.0,10670908.16,0.05,0,,FINANCIALS,UNITED STATES,AVUV,2026-03-23,,,,,,,,,,,,,
INGRAM MICRO HOLDING CORP COMMON STOCK USD.01,INGM,COMMON STOCK,457152106,US4571521065,BS5YN47,482177.0,10670577.01,0.05,0,,INFORMATION TECHNOLOGY,UNITED STATES,AVUV,2026-03-23,,,,,,,,,,,,,
ATN INTERNATIONAL INC COMMON STOCK USD.01,ATNI,COMMON STOCK,00215F107,US00215F1075,BDC84D3,405241.0,10605156.97,0.05,0,,COMMUNICATION SERVICES,UNITED STATES,AVUV,2026-03-23,,,,,,,,,,,,,
IBEX LTD COMMON STOCK USD.0001,IBEX,COMMON STOCK,G4690M101,BMG4690M1010,BLF81K2,377238.0,10566436.38,0.05,0,,INDUSTRIALS,UNITED STATES,AVUV,2026-03-23,,,,,,,,,,,,,
INTREPID POTASH INC COMMON STOCK USD.001,IPI,COMMON STOCK,46121Y201,US46121Y2019,BMDNMT2,272472.0,10561014.72,0.05,0,,MATERIALS,UNITED STATES,AVUV,2026-03-23,,,,,,,,,,,,,
HILLTOP HOLDINGS INC COMMON STOCK USD.01,HTH,COMMON STOCK,432748101,US4327481010,2365428,297329.0,10296503.27,0.05,0,,FINANCIALS,UNITED STATES,AVUV,2026-03-23,,,,,,,,,,,,,
MIDLAND STATES BANCORP INC COMMON STOCK USD.01,MSBI,COMMON STOCK,597742105,US5977421057,B6VRG58,487569.0,10248700.38,0.05,0,,FINANCIALS,UNITED STATES,AVUV,2026-03-23,,,,,,,,,,,,,
PUMA BIOTECHNOLOGY INC COMMON STOCK USD.0001,PBYI,COMMON STOCK,74587V107,US74587V1070,B7F2TY6,1670602.0,10224084.24,0.05,0,,HEALTH CARE,UNITED STATES,AVUV,2026-03-23,,,,,,,,,,,,,
HYSTER YALE INC COMMON STOCK USD.01,HY,COMMON STOCK,449172105,US4491721050,B7LG306,351155.0,10218610.5,0.05,0,,INDUSTRIALS,UNITED STATES,AVUV,2026-03-23,,,,,,,,,,,,,
HOVNANIAN ENTERPRISES A COMMON STOCK USD.01,HOV,COMMON STOCK,442487401,US4424874018,BJ5KPZ7,98159.0,10213443.95,0.05,0,,CONSUMER DISCRETIONARY,UNITED STATES,AVUV,2026-03-23,,,,,,,,,,,,,
FIRST BUSINESS FINANCIAL SER COMMON STOCK USD.01,FBIZ,COMMON STOCK,319390100,US3193901002,B0M02F6,194973.0,10078154.37,0.04,0,,FINANCIALS,UNITED STATES,AVUV,2026-03-23,,,,,,,,,,,,,
PEAPACK GLADSTONE FINL CORP COMMON STOCK,PGC,COMMON STOCK,704699107,US7046991078,2307732,302743.0,10045012.74,0.04,0,,FINANCIALS,UNITED STATES,AVUV,2026-03-23,,,,,,,,,,,,,
DIAMOND HILL INVESTMENT GRP COMMON STOCK,DHIL,COMMON STOCK,25264R207,US25264R2076,2801137,58052.0,10011067.4,0.04,0,,FINANCIALS,UNITED STATES,AVUV,2026-03-23,,,,,,,,,,,,,
HERITAGE COMMERCE CORP COMMON STOCK,HTBK,COMMON STOCK,426927109,US4269271098,2503916,825983.0,9953095.15,0.04,0,,FINANCIALS,UNITED STATES,AVUV,2026-03-23,,,,,,,,,,,,,
VICTORY CAPITAL HOLDING   A COMMON STOCK USD.01,VCTR,COMMON STOCK,92645B103,US92645B1035,BFYVKR0,145765.0,9939715.35,0.04,0,,FINANCIALS,UNITED STATES,AVUV,2026-03-23,,,,,,,,,,,,,
SHOE CARNIVAL INC COMMON STOCK USD.01,SCVL,COMMON STOCK,824889109,US8248891090,2805474,558721.0,9883774.49,0.04,0,,CONSUMER DISCRETIONARY,UNITED STATES,AVUV,2026-03-23,,,,,,,,,,,,,
TACTILE SYSTEMS TECHNOLOGY I COMMON STOCK USD.001,TCMD,COMMON STOCK,87357P100,US87357P1003,BZB1XF2,378266.0,9872742.6,0.04,0,,HEALTH CARE,UNITED STATES,AVUV,2026-03-23,,,,,,,,,,,,,
CENTRAL GARDEN + PET CO COMMON STOCK USD.01,CENT,COMMON STOCK,153527106,US1535271068,2183868,278734.0,9808649.46,0.04,0,,CONSUMER STAPLES,UNITED STATES,AVUV,2026-03-23,,,,,,,,,,,,,
RANGER ENERGY SERVICES CL A COMMON STOCK,RNGR,COMMON STOCK,75282U104,US75282U1043,BF8G134,575001.0,9688766.85,0.04,0,,ENERGY,UNITED STATES,AVUV,2026-03-23,,,,,,,,,,,,,
AXCELIS TECHNOLOGIES INC COMMON STOCK USD.001,ACLS,COMMON STOCK,054540208,US0545402085,BD420Q8,113562.0,9588039.66,0.04,0,,INFORMATION TECHNOLOGY,UNITED STATES,AVUV,2026-03-23,,,,,,,,,,,,,
HAVERTY FURNITURE COMMON STOCK USD1.0,HVT,COMMON STOCK,419596101,US4195961010,2414245,457626.0,9518620.8,0.04,0,,CONSUMER DISCRETIONARY,UNITED STATES,AVUV,2026-03-23,,,,,,,,,,,,,
AMERESCO INC CL A COMMON STOCK USD.0001,AMRC,COMMON STOCK,02361E108,US02361E1082,B3SWPT2,356857.0,9513807.62,0.04,0,,INDUSTRIALS,UNITED STATES,AVUV,2026-03-23,,,,,,,,,,,,,
GRAPHIC PACKAGING HOLDING CO COMMON STOCK USD.01,GPK,COMMON STOCK,388689101,US3886891015,B2Q8249,1060029.0,9444858.39,0.04,0,,MATERIALS,UNITED STATES,AVUV,2026-03-23,,,,,,,,,,,,,
WORLD ACCEPTANCE CORP COMMON STOCK,WRLD,COMMON STOCK,981419104,US9814191048,2981181,71844.0,9400787.4,0.04,0,,FINANCIALS,UNITED STATES,AVUV,2026-03-23,,,,,,,,,,,,,
UNITY BANCORP INC COMMON STOCK,UNTY,COMMON STOCK,913290102,US9132901029,2083968,187586.0,9262996.68,0.04,0,,FINANCIALS,UNITED STATES,AVUV,2026-03-23,,,,,,,,,,,,,
NORTHFIELD BANCORP INC COMMON STOCK USD.01,NFBK,COMMON STOCK,66611T108,US66611T1088,B8NB2R6,698786.0,9237950.92,0.04,0,,FINANCIALS,UNITED STATES,AVUV,2026-03-23,,,,,,,,,,,,,
HOME BANCORP INC COMMON STOCK USD.01,HBCP,COMMON STOCK,43689E107,US43689E1073,B39XGV3,154448.0,9198922.88,0.04,0,,FINANCIALS,UNITED STATES,AVUV,2026-03-23,,,,,,,,,,,,,
SONIC AUTOMOTIVE INC CLASS A COMMON STOCK USD.01,SAH,COMMON STOCK,83545G102,US83545G1022,2125246,152518.0,9157180.72,0.04,0,,CONSUMER DISCRETIONARY,UNITED STATES,AVUV,2026-03-23,,,,,,,,,,,,,
CAPITOL FEDERAL FINANCIAL IN COMMON STOCK USD.01,CFFN,COMMON STOCK,14057J101,US14057J1016,B3KWJV0,1300266.0,9101862.0,0.04,0,,FINANCIALS,UNITED STATES,AVUV,2026-03-23,,,,,,,,,,,,,
ARROW FINANCIAL CORP COMMON STOCK USD1.0,AROW,COMMON STOCK,042744102,US0427441029,2051374,282314.0,9079218.24,0.04,0,,FINANCIALS,UNITED STATES,AVUV,2026-03-23,,,,,,,,,,,,,
WORTHINGTON STEEL INC COMMON STOCK USD.0001,WS,COMMON STOCK,982104101,US9821041012,BS70KN1,284694.0,8982095.7,0.04,0,,MATERIALS,UNITED STATES,AVUV,2026-03-23,,,,,,,,,,,,,
GRAHAM CORP COMMON STOCK USD.1,GHM,COMMON STOCK,384556106,US3845561063,2380904,112135.0,8962950.55,0.04,0,,INDUSTRIALS,UNITED STATES,AVUV,2026-03-23,,,,,,,,,,,,,
TARGET HOSPITALITY CORP COMMON STOCK USD.0001,TH,COMMON STOCK,87615L107,US87615L1070,BJMYWL7,991965.0,8957443.95,0.04,0,,CONSUMER DISCRETIONARY,UNITED STATES,AVUV,2026-03-23,,,,,,,,,,,,,
CARTER BANKSHARES INC COMMON STOCK USD1.0,CARE,COMMON STOCK,146103106,US1461031064,BMWKK45,451952.0,8948649.6,0.04,0,,FINANCIALS,UNITED STATES,AVUV,2026-03-23,,,,,,,,,,,,,
ROCKY BRANDS INC COMMON STOCK,RCKY,COMMON STOCK,774515100,US7745151008,2746915,226846.0,8851530.92,0.04,0,,CONSUMER DISCRETIONARY,UNITED STATES,AVUV,2026-03-23,,,,,,,,,,,,,
ACCO BRANDS CORP COMMON STOCK USD.01,ACCO,COMMON STOCK,00081T108,US00081T1088,B0G7SZ5,3067428.0,8803518.36,0.04,0,,INDUSTRIALS,UNITED STATES,AVUV,2026-03-23,,,,,,,,,,,,,
WABASH NATIONAL CORP COMMON STOCK USD.01,WNC,COMMON STOCK,929566107,US9295661071,2932048,1107021.0,8767606.32,0.04,0,,INDUSTRIALS,UNITED STATES,AVUV,2026-03-23,,,,,,,,,,,,,
NATIONAL BANK HOLD CL A COMMON STOCK,NBHC,COMMON STOCK,633707104,US6337071046,B888DV3,230703.0,8646748.44,0.04,0,,FINANCIALS,UNITED STATES,AVUV,2026-03-23,,,,,,,,,,,,,
BRIDGEWATER BANCSHARES INC COMMON STOCK USD.001,BWB,COMMON STOCK,108621103,US1086211034,BFMZC67,508115.0,8607468.1,0.04,0,,FINANCIALS,UNITED STATES,AVUV,2026-03-23,,,,,,,,,,,,,
GOLDEN ENTERTAINMENT INC COMMON STOCK USD.01,GDEN,COMMON STOCK,381013101,US3810131017,BYNH8R8,327942.0,8592080.4,0.04,0,,CONSUMER DISCRETIONARY,UNITED STATES,AVUV,2026-03-23,,,,,,,,,,,,,
INTERNATIONAL MONEY EXPRESS COMMON STOCK USD.0001,IMXI,COMMON STOCK,46005L101,US46005L1017,BG216W6,543169.0,8565775.13,0.04,0,,FINANCIALS,UNITED STATES,AVUV,2026-03-23,,,,,,,,,,,,,
NORTHWEST BANCSHARES INC COMMON STOCK USD.01,NWBI,COMMON STOCK,667340103,US6673401039,B523Z73,696213.0,8500760.73,0.04,0,,FINANCIALS,UNITED STATES,AVUV,2026-03-23,,,,,,,,,,,,,
EAGLE BANCORP INC COMMON STOCK USD.01,EGBN,COMMON STOCK,268948106,US2689481065,2648055,349719.0,8400250.38,0.04,0,,FINANCIALS,UNITED STATES,AVUV,2026-03-23,,,,,,,,,,,,,
AMC NETWORKS INC A COMMON STOCK,AMCX,COMMON STOCK,00164V103,US00164V1035,B4MG4Z6,1219432.0,8304331.92,0.04,0,,COMMUNICATION SERVICES,UNITED STATES,AVUV,2026-03-23,,,,,,,,,,,,,
ATLANTICUS HOLDINGS CORP COMMON STOCK,ATLC,COMMON STOCK,04914Y102,US04914Y1029,B9B9F36,151220.0,8267197.4,0.04,0,,FINANCIALS,UNITED STATES,AVUV,2026-03-23,,,,,,,,,,,,,
STRATTEC SECURITY CORP COMMON STOCK USD.01,STRT,COMMON STOCK,863111100,US8631111007,2848714,112555.0,8232272.7,0.04,0,,CONSUMER DISCRETIONARY,UNITED STATES,AVUV,2026-03-23,,,,,,,,,,,,,
MATRIX SERVICE CO COMMON STOCK USD.01,MTRX,COMMON STOCK,576853105,US5768531056,2572068,807314.0,8170017.68,0.04,0,,INDUSTRIALS,UNITED STATES,AVUV,2026-03-23,,,,,,,,,,,,,
SIERRA BANCORP COMMON STOCK,BSRR,COMMON STOCK,82620P102,US82620P1021,2586315,249714.0,8103219.3,0.04,0,,FINANCIALS,UNITED STATES,AVUV,2026-03-23,,,,,,,,,,,,,
RBB BANCORP COMMON STOCK,RBB,COMMON STOCK,74930B105,US74930B1052,B8BBRW8,393935.0,8048092.05,0.04,0,,FINANCIALS,UNITED STATES,AVUV,2026-03-23,,,,,,,,,,,,,
MOVADO GROUP INC COMMON STOCK USD.01,MOV,COMMON STOCK,624580106,US6245801062,2643168,331286.0,7957489.72,0.04,0,,CONSUMER DISCRETIONARY,UNITED STATES,AVUV,2026-03-23,,,,,,,,,,,,,
STANDARD MOTOR PRODS COMMON STOCK USD2.0,SMP,COMMON STOCK,853666105,US8536661056,2838306,227061.0,7879016.7,0.04,0,,CONSUMER DISCRETIONARY,UNITED STATES,AVUV,2026-03-23,,,,,,,,,,,,,
AMPLIFY ENERGY CORP COMMON STOCK USD.01,AMPY,COMMON STOCK,03212B103,US03212B1035,BK598S5,1193600.0,7782272.0,0.03,0,,ENERGY,UNITED STATES,AVUV,2026-03-23,,,,,,,,,,,,,
CROSS COUNTRY HEALTHCARE INC COMMON STOCK USD.0001,CCRN,COMMON STOCK,227483104,US2274831047,2809056,838369.0,7696227.42,0.03,0,,HEALTH CARE,UNITED STATES,AVUV,2026-03-23,,,,,,,,,,,,,
HUDSON TECHNOLOGIES INC COMMON STOCK USD.01,HDSN,COMMON STOCK,444144109,US4441441098,2730532,1316603.0,7649463.43,0.03,0,,INDUSTRIALS,UNITED STATES,AVUV,2026-03-23,,,,,,,,,,,,,
NATIONAL HEALTHCARE CORP COMMON STOCK USD.01,NHC,COMMON STOCK,635906100,US6359061008,2139731,48047.0,7630344.07,0.03,0,,HEALTH CARE,UNITED STATES,AVUV,2026-03-23,,,,,,,,,,,,,
UPWORK INC COMMON STOCK USD.0001,UPWK,COMMON STOCK,91688F104,US91688F1049,BGRFWV4,671944.0,7576168.6,0.03,0,,INDUSTRIALS,UNITED STATES,AVUV,2026-03-23,,,,,,,,,,,,,
MID PENN BANCORP INC COMMON STOCK USD1.0,MPB,COMMON STOCK,59540G107,US59540G1076,2618348,241550.0,7519451.5,0.03,0,,FINANCIALS,UNITED STATES,AVUV,2026-03-23,,,,,,,,,,,,,
SAFE BULKERS INC COMMON STOCK USD.001,SB,COMMON STOCK,Y7388L103,MHY7388L1039,B39GTS0,1241277.0,7509725.85,0.03,0,,INDUSTRIALS,UNITED STATES,AVUV,2026-03-23,,,,,,,,,,,,,
TITAN MACHINERY INC COMMON STOCK USD.00001,TITN,COMMON STOCK,88830R101,US88830R1014,B29H3T5,502318.0,7474491.84,0.03,0,,INDUSTRIALS,UNITED STATES,AVUV,2026-03-23,,,,,,,,,,,,,
CAMDEN NATIONAL CORP COMMON STOCK,CAC,COMMON STOCK,133034108,US1330341082,2116659,163525.0,7401141.5,0.03,0,,FINANCIALS,UNITED STATES,AVUV,2026-03-23,,,,,,,,,,,,,
AMERANT BANCORP INC COMMON STOCK USD.1,AMTB,COMMON STOCK,023576101,US0235761014,BKDSMB5,355330.0,7358884.3,0.03,0,,FINANCIALS,UNITED STATES,AVUV,2026-03-23,,,,,,,,,,,,,
DESIGNER BRANDS INC CLASS A COMMON STOCK,DBI,COMMON STOCK,250565108,US2505651081,BJ9J282,1345444.0,7265397.6,0.03,0,,CONSUMER DISCRETIONARY,UNITED STATES,AVUV,2026-03-23,,,,,,,,,,,,,
PRA GROUP INC COMMON STOCK USD.01,PRAA,COMMON STOCK,69354N106,US69354N1063,BSHZ3P9,416053.0,7264285.38,0.03,0,,FINANCIALS,UNITED STATES,AVUV,2026-03-23,,,,,,,,,,,,,
ARHAUS INC COMMON STOCK USD.001,ARHS,COMMON STOCK,04035M102,US04035M1027,BNV08M7,1058648.0,7177633.44,0.03,0,,CONSUMER DISCRETIONARY,UNITED STATES,AVUV,2026-03-23,,,,,,,,,,,,,
SOUTHSIDE BANCSHARES INC COMMON STOCK USD1.25,SBSI,COMMON STOCK,84470P109,US84470P1093,2485876,238241.0,7171054.1,0.03,0,,FINANCIALS,UNITED STATES,AVUV,2026-03-23,,,,,,,,,,,,,
COLONY BANKCORP COMMON STOCK USD1.0,CBAN,COMMON STOCK,19623P101,US19623P1012,2492917,372826.0,7094878.78,0.03,0,,FINANCIALS,UNITED STATES,AVUV,2026-03-23,,,,,,,,,,,,,
JOHN B. SANFILIPPO + SON INC COMMON STOCK USD.01,JBSS,COMMON STOCK,800422107,US8004221078,2772998,94919.0,7066719.55,0.03,0,,CONSUMER STAPLES,UNITED STATES,AVUV,2026-03-23,,,,,,,,,,,,,
HBT FINANCIAL INC/DE COMMON STOCK USD.01,HBT,COMMON STOCK,404111106,US4041111067,BJBZRJ4,268835.0,7046165.35,0.03,0,,FINANCIALS,UNITED STATES,AVUV,2026-03-23,,,,,,,,,,,,,
BLUELINX HOLDINGS INC COMMON STOCK USD.01,BXC,COMMON STOCK,09624H208,US09624H2085,BYQLZ65,155317.0,7042072.78,0.03,0,,INDUSTRIALS,UNITED STATES,AVUV,2026-03-23,,,,,,,,,,,,,
MASTERCRAFT BOAT HOLDINGS IN COMMON STOCK USD.01,MCFT,COMMON STOCK,57637H103,US57637H1032,BDTYR13,346069.0,6990593.8,0.03,0,,CONSUMER DISCRETIONARY,UNITED STATES,AVUV,2026-03-23,,,,,,,,,,,,,
REGIONAL MANAGEMENT CORP COMMON STOCK USD.1,RM,COMMON STOCK,75902K106,US75902K1060,B719DK5,217100.0,6819111.0,0.03,0,,FINANCIALS,UNITED STATES,AVUV,2026-03-23,,,,,,,,,,,,,
FLUOR CORP COMMON STOCK USD.01,FLR,COMMON STOCK,343412102,US3434121022,2696838,151595.0,6809647.4,0.03,0,,INDUSTRIALS,UNITED STATES,AVUV,2026-03-23,,,,,,,,,,,,,
ACNB CORP COMMON STOCK USD2.5,ACNB,COMMON STOCK,000868109,US0008681092,2412012,146770.0,6751420.0,0.03,0,,FINANCIALS,UNITED STATES,AVUV,2026-03-23,,,,,,,,,,,,,
AMERICAN COASTAL INSURANCE C COMMON STOCK USD.0001,ACIC,COMMON STOCK,910710102,US9107101027,B292PW7,606272.0,6705368.32,0.03,0,,FINANCIALS,UNITED STATES,AVUV,2026-03-23,,,,,,,,,,,,,
PENGUIN SOLUTIONS INC COMMON STOCK USD.01,PENG,COMMON STOCK,706915105,US7069151055,BRJHSZ1,381554.0,6684826.08,0.03,0,,INFORMATION TECHNOLOGY,UNITED STATES,AVUV,2026-03-23,,,,,,,,,,,,,
CRICUT INC   CLASS A COMMON STOCK USD.001,CRCT,COMMON STOCK,22658D100,US22658D1000,BMXDS27,1608510.0,6562720.8,0.03,0,,CONSUMER DISCRETIONARY,UNITED STATES,AVUV,2026-03-23,,,,,,,,,,,,,
PROASSURANCE CORP COMMON STOCK USD.01,PRA,COMMON STOCK,74267C106,US74267C1062,2612737,265549.0,6527194.42,0.03,0,,FINANCIALS,UNITED STATES,AVUV,2026-03-23,,,,,,,,,,,,,
SOUTHERN FIRST BANCSHARES COMMON STOCK USD.01,SFST,COMMON STOCK,842873101,US8428731017,2508030,123337.0,6406123.78,0.03,0,,FINANCIALS,UNITED STATES,AVUV,2026-03-23,,,,,,,,,,,,,
BAR HARBOR BANKSHARES COMMON STOCK USD2.0,BHB,COMMON STOCK,066849100,US0668491006,2618111,201231.0,6304567.23,0.03,0,,FINANCIALS,UNITED STATES,AVUV,2026-03-23,,,,,,,,,,,,,
PC CONNECTION INC COMMON STOCK USD.01,CNXN,COMMON STOCK,69318J100,US69318J1007,2157175,111778.0,6288630.28,0.03,0,,INFORMATION TECHNOLOGY,UNITED STATES,AVUV,2026-03-23,,,,,,,,,,,,,
FIRST BANK/HAMILTON NJ COMMON STOCK USD.01,FRBA,COMMON STOCK,31931U102,US31931U1025,B1VQ1H7,404204.0,6255056.9,0.03,0,,FINANCIALS,UNITED STATES,AVUV,2026-03-23,,,,,,,,,,,,,
KELLY SERVICES INC  A COMMON STOCK USD1.0,KELYA,COMMON STOCK,488152208,US4881522084,2487117,733375.0,6211686.25,0.03,0,,INDUSTRIALS,UNITED STATES,AVUV,2026-03-23,,,,,,,,,,,,,
WISDOMTREE INC COMMON STOCK USD.01,WT,COMMON STOCK,97717P104,US97717P1049,2476513,467330.0,6187449.2,0.03,0,,FINANCIALS,UNITED STATES,AVUV,2026-03-23,,,,,,,,,,,,,
CALEDONIA MINING CORP PLC COMMON STOCK,CMCL,COMMON STOCK,G1757E113,JE00BF0XVB15,BF0XVC2,285663.0,6124614.72,0.03,0,,MATERIALS,UNITED STATES,AVUV,2026-03-23,,,,,,,,,,,,,
RED RIVER BANCSHARES INC COMMON STOCK,RRBI,COMMON STOCK,75686R202,US75686R2022,BJRFD78,69861.0,6091180.59,0.03,0,,FINANCIALS,UNITED STATES,AVUV,2026-03-23,,,,,,,,,,,,,
TREX COMPANY INC COMMON STOCK USD.01,TREX,COMMON STOCK,89531P105,US89531P1057,2483074,169170.0,6088428.3,0.03,0,,INDUSTRIALS,UNITED STATES,AVUV,2026-03-23,,,,,,,,,,,,,
BKV CORPORATION COMMON STOCK USD.01,BKV,COMMON STOCK,05603J108,US05603J1088,BSRK6R7,209033.0,6082860.3,0.03,0,,ENERGY,UNITED STATES,AVUV,2026-03-23,,,,,,,,,,,,,
TITAN INTERNATIONAL INC COMMON STOCK,TWI,COMMON STOCK,88830M102,US88830M1027,2890265,886698.0,6038413.38,0.03,0,,INDUSTRIALS,UNITED STATES,AVUV,2026-03-23,,,,,,,,,,,,,
ONITY GROUP INC COMMON STOCK USD.01,ONIT,COMMON STOCK,675746606,US6757466064,BMDNMR0,162853.0,6036960.71,0.03,0,,FINANCIALS,UNITED STATES,AVUV,2026-03-23,,,,,,,,,,,,,
TOWNE BANK COMMON STOCK USD1.667,TOWN,COMMON STOCK,89214P109,US89214P1093,B018PR4,184019.0,5980617.5,0.03,0,,FINANCIALS,UNITED STATES,AVUV,2026-03-23,,,,,,,,,,,,,
GREIF INC CL B COMMON STOCK,GEF.B,COMMON STOCK,397624206,US3976242061,2394080,74743.0,5913666.16,0.03,0,,MATERIALS,UNITED STATES,AVUV,2026-03-23,,,,,,,,,,,,,
KARAT PACKAGING INC COMMON STOCK USD.001,KRT,COMMON STOCK,48563L101,US48563L1017,BKDZ6W5,217948.0,5886775.48,0.03,0,,INDUSTRIALS,UNITED STATES,AVUV,2026-03-23,,,,,,,,,,,,,
FERROGLOBE PLC COMMON STOCK USD7.5,GSM,COMMON STOCK,G33856108,GB00BYW6GV68,BYW6GV6,1572820.0,5858754.5,0.03,0,,MATERIALS,UNITED STATES,AVUV,2026-03-23,,,,,,,,,,,,,
ORANGE COUNTY BANCORP INC COMMON STOCK USD.25,OBT,COMMON STOCK,68417L107,US68417L1070,B02VKG6,188762.0,5840296.28,0.03,0,,FINANCIALS,UNITED STATES,AVUV,2026-03-23,,,,,,,,,,,,,
NORTHPOINTE BANCSHARES INC COMMON STOCK NPV,NPB,COMMON STOCK,66661N886,US66661N8864,BSNQ293,353917.0,5814856.31,0.03,0,,FINANCIALS,UNITED STATES,AVUV,2026-03-23,,,,,,,,,,,,,
COMMUNITY WEST BANCSHARES COMMON STOCK,CWBC,COMMON STOCK,203937107,US2039371073,BNK9G76,258270.0,5772334.5,0.03,0,,FINANCIALS,UNITED STATES,AVUV,2026-03-23,,,,,,,,,,,,,
HIGHPEAK ENERGY INC COMMON STOCK USD.0001,HPK,COMMON STOCK,43114Q105,US43114Q1058,BN0VNB5,841768.0,5749275.44,0.03,0,,ENERGY,UNITED STATES,AVUV,2026-03-23,,,,,,,,,,,,,
BK TECHNOLOGIES CORP COMMON STOCK USD.6,BKTI,COMMON STOCK,05587G203,US05587G2030,BM8NGX9,74449.0,5719916.67,0.03,0,,INFORMATION TECHNOLOGY,UNITED STATES,AVUV,2026-03-23,,,,,,,,,,,,,
MOTORCAR PARTS OF AMERICA IN COMMON STOCK USD.01,MPAA,COMMON STOCK,620071100,US6200711009,2861993,549196.0,5607291.16,0.03,0,,CONSUMER DISCRETIONARY,UNITED STATES,AVUV,2026-03-23,,,,,,,,,,,,,
CITY HOLDING CO COMMON STOCK USD2.5,CHCO,COMMON STOCK,177835105,US1778351056,2161778,47691.0,5579370.09,0.02,0,,FINANCIALS,UNITED STATES,AVUV,2026-03-23,,,,,,,,,,,,,
SHOALS TECHNOLOGIES GROUP  A COMMON STOCK USD.00001,SHLS,COMMON STOCK,82489W107,US82489W1071,BMDJ085,914492.0,5578401.2,0.02,0,,INDUSTRIALS,UNITED STATES,AVUV,2026-03-23,,,,,,,,,,,,,
CORE LABORATORIES INC COMMON STOCK USD.01,CLB,COMMON STOCK,21867A105,US21867A1051,BNKT9M2,342930.0,5558895.3,0.02,0,,ENERGY,UNITED STATES,AVUV,2026-03-23,,,,,,,,,,,,,
QUANEX BUILDING PRODUCTS COMMON STOCK USD.01,NX,COMMON STOCK,747619104,US7476191041,B2QXCJ9,339253.0,5536608.96,0.02,0,,INDUSTRIALS,UNITED STATES,AVUV,2026-03-23,,,,,,,,,,,,,
SIGA TECHNOLOGIES INC COMMON STOCK USD.0001,SIGA,COMMON STOCK,826917106,US8269171067,2107437,1119524.0,5530448.56,0.02,0,,HEALTH CARE,UNITED STATES,AVUV,2026-03-23,,,,,,,,,,,,,
GREENLIGHT CAPITAL RE LTD A COMMON STOCK USD.01,GLRE,COMMON STOCK,G4095J109,KYG4095J1094,B1XRCZ3,344871.0,5514487.29,0.02,0,,FINANCIALS,UNITED STATES,AVUV,2026-03-23,,,,,,,,,,,,,
ALERUS FINANCIAL CORP COMMON STOCK USD1.0,ALRS,COMMON STOCK,01446U103,US01446U1034,2679141,233162.0,5448995.94,0.02,0,,FINANCIALS,UNITED STATES,AVUV,2026-03-23,,,,,,,,,,,,,
EQUITY BANCSHARES INC   CL A COMMON STOCK USD.01,EQBK,COMMON STOCK,29460X109,US29460X1090,BYZG9Q9,126635.0,5433907.85,0.02,0,,FINANCIALS,UNITED STATES,AVUV,2026-03-23,,,,,,,,,,,,,
DONEGAL GROUP INC CL A COMMON STOCK USD.01,DGICA,COMMON STOCK,257701201,US2577012014,2752730,317349.0,5353677.63,0.02,0,,FINANCIALS,UNITED STATES,AVUV,2026-03-23,,,,,,,,,,,,,
FLEXSTEEL INDS COMMON STOCK USD1.0,FLXS,COMMON STOCK,339382103,US3393821034,2342926,120382.0,5224578.8,0.02,0,,CONSUMER DISCRETIONARY,UNITED STATES,AVUV,2026-03-23,,,,,,,,,,,,,
LANDS  END INC COMMON STOCK USD.01,LE,COMMON STOCK,51509F105,US51509F1057,BKWQKM7,429956.0,5211066.72,0.02,0,,CONSUMER DISCRETIONARY,UNITED STATES,AVUV,2026-03-23,,,,,,,,,,,,,
NAVIGATOR HOLDINGS LTD COMMON STOCK,NVGS,COMMON STOCK,Y62132108,MHY621321089,B7KN3P3,287381.0,5204469.91,0.02,0,,ENERGY,UNITED STATES,AVUV,2026-03-23,,,,,,,,,,,,,
INSTEEL INDUSTRIES INC COMMON STOCK,IIIN,COMMON STOCK,45774W108,US45774W1080,2325875,170017.0,5204220.37,0.02,0,,INDUSTRIALS,UNITED STATES,AVUV,2026-03-23,,,,,,,,,,,,,
BLOOMIN  BRANDS INC COMMON STOCK USD.01,BLMN,COMMON STOCK,094235108,US0942351083,B847RJ0,891122.0,5186330.04,0.02,0,,CONSUMER DISCRETIONARY,UNITED STATES,AVUV,2026-03-23,,,,,,,,,,,,,
WEST BANCORPORATION COMMON STOCK,WTBA,COMMON STOCK,95123P106,US95123P1066,2408840,227788.0,5182177.0,0.02,0,,FINANCIALS,UNITED STATES,AVUV,2026-03-23,,,,,,,,,,,,,
VISHAY PRECISION GROUP COMMON STOCK,VPG,COMMON STOCK,92835K103,US92835K1034,B603LG3,123164.0,5005384.96,0.02,0,,INFORMATION TECHNOLOGY,UNITED STATES,AVUV,2026-03-23,,,,,,,,,,,,,
VERSANT MEDIA GROUP INC COMMON STOCK USD.01,VSNT,COMMON STOCK,925283103,US9252831030,BVV5S84,135672.0,4915396.56,0.02,0,,COMMUNICATION SERVICES,UNITED STATES,AVUV,2026-03-23,,,,,,,,,,,,,
ANI PHARMACEUTICALS INC COMMON STOCK USD.0001,ANIP,COMMON STOCK,00182C103,US00182C1036,BCDWBX6,65495.0,4890511.65,0.02,0,,HEALTH CARE,UNITED STATES,AVUV,2026-03-23,,,,,,,,,,,,,
FIRST MERCHANTS CORP COMMON STOCK,FRME,COMMON STOCK,320817109,US3208171096,2342410,133710.0,4888437.6,0.02,0,,FINANCIALS,UNITED STATES,AVUV,2026-03-23,,,,,,,,,,,,,
FRONTIER GROUP HOLDINGS INC COMMON STOCK USD.001,ULCC,COMMON STOCK,35909R108,US35909R1086,BFMKYK0,1524012.0,4846358.16,0.02,0,,INDUSTRIALS,UNITED STATES,AVUV,2026-03-23,,,,,,,,,,,,,
HARMONIC INC COMMON STOCK USD.001,HLIT,COMMON STOCK,413160102,US4131601027,2510659,527387.0,4746483.0,0.02,0,,INFORMATION TECHNOLOGY,UNITED STATES,AVUV,2026-03-23,,,,,,,,,,,,,
UNIVERSAL LOGISTICS HOLDINGS COMMON STOCK,ULH,COMMON STOCK,91388P105,US91388P1057,B066PX9,269705.0,4737368.33,0.02,0,,INDUSTRIALS,UNITED STATES,AVUV,2026-03-23,,,,,,,,,,,,,
KFORCE INC COMMON STOCK USD.01,KFRC,COMMON STOCK,493732101,US4937321010,2746982,179364.0,4731622.32,0.02,0,,INDUSTRIALS,UNITED STATES,AVUV,2026-03-23,,,,,,,,,,,,,
DILLARDS INC CL A COMMON STOCK,DDS,COMMON STOCK,254067101,US2540671011,2269768,7915.0,4677765.0,0.02,0,,CONSUMER DISCRETIONARY,UNITED STATES,AVUV,2026-03-23,,,,,,,,,,,,,
FIRSTSUN CAPITAL BANCORP COMMON STOCK,FSUN,COMMON STOCK,33767U107,US33767U1079,BPQYJV4,130351.0,4628764.01,0.02,0,,FINANCIALS,UNITED STATES,AVUV,2026-03-23,,,,,,,,,,,,,
PROFRAC HOLDING CORP A COMMON STOCK USD.01,ACDC,COMMON STOCK,74319N100,US74319N1000,BPCJW03,720281.0,4624204.02,0.02,0,,ENERGY,UNITED STATES,AVUV,2026-03-23,,,,,,,,,,,,,
SPROUTS FARMERS MARKET INC COMMON STOCK USD.001,SFM,COMMON STOCK,85208M102,US85208M1027,BCGCR79,56331.0,4607875.8,0.02,0,,CONSUMER STAPLES,UNITED STATES,AVUV,2026-03-23,,,,,,,,,,,,,
PARK OHIO HOLDINGS CORP COMMON STOCK USD1.0,PKOH,COMMON STOCK,700666100,US7006661000,2671363,194691.0,4549928.67,0.02,0,,INDUSTRIALS,UNITED STATES,AVUV,2026-03-23,,,,,,,,,,,,,
CAPITAL BANCORP INC/MD COMMON STOCK USD.01,CBNK,COMMON STOCK,139737100,US1397371006,BGQT8S6,156938.0,4507259.36,0.02,0,,FINANCIALS,UNITED STATES,AVUV,2026-03-23,,,,,,,,,,,,,
INNOVATIVE SOLUTIONS + SUPP COMMON STOCK USD.001,ISSC,COMMON STOCK,45769N105,US45769N1054,2616397,154814.0,4436969.24,0.02,0,,INDUSTRIALS,UNITED STATES,AVUV,2026-03-23,,,,,,,,,,,,,
SMITH + WESSON BRANDS INC COMMON STOCK USD.001,SWBI,COMMON STOCK,831754106,US8317541063,BMYGG87,310302.0,4400082.36,0.02,0,,CONSUMER DISCRETIONARY,UNITED STATES,AVUV,2026-03-23,,,,,,,,,,,,,
LINCOLN NATIONAL CORP COMMON STOCK,LNC,COMMON STOCK,534187109,US5341871094,2516378,129970.0,4394285.7,0.02,0,,FINANCIALS,UNITED STATES,AVUV,2026-03-23,,,,,,,,,,,,,
CALIFORNIA BANCORP COMMON STOCK USD.01,BCAL,COMMON STOCK,84252A106,US84252A1060,BLBCWZ0,249386.0,4319365.52,0.02,0,,FINANCIALS,UNITED STATES,AVUV,2026-03-23,,,,,,,,,,,,,
JEFFERSON CAPITAL INC COMMON STOCK USD.0001,JCAP,COMMON STOCK,47248R103,US47248R1032,BV4K5N0,221189.0,4288854.71,0.02,0,,FINANCIALS,UNITED STATES,AVUV,2026-03-23,,,,,,,,,,,,,
VAREX IMAGING CORP COMMON STOCK USD.01,VREX,COMMON STOCK,92214X106,US92214X1063,BDQYWV1,401167.0,4276440.22,0.02,0,,HEALTH CARE,UNITED STATES,AVUV,2026-03-23,,,,,,,,,,,,,
RCI HOSPITALITY HOLDINGS INC COMMON STOCK USD.01,RICK,COMMON STOCK,74934Q108,US74934Q1085,BQ0QT80,195472.0,4243697.12,0.02,0,,CONSUMER DISCRETIONARY,UNITED STATES,AVUV,2026-03-23,,,,,,,,,,,,,
PEOPLES FINANCIAL SERVICES COMMON STOCK USD2.0,PFIS,COMMON STOCK,711040105,US7110401053,2956907,82253.0,4237674.56,0.02,0,,FINANCIALS,UNITED STATES,AVUV,2026-03-23,,,,,,,,,,,,,
EVOLUTION PETROLEUM CORP COMMON STOCK USD.001,EPM,COMMON STOCK,30049A107,US30049A1079,2367781,917197.0,4237450.14,0.02,0,,ENERGY,UNITED STATES,AVUV,2026-03-23,,,,,,,,,,,,,
COSTAMARE BULKERS HOLDING COMMON STOCK USD.0001,CMDB,COMMON STOCK,Y2001C101,MHY2001C1012,BPK4SX5,279600.0,4235940.0,0.02,0,,INDUSTRIALS,UNITED STATES,AVUV,2026-03-23,,,,,,,,,,,,,
VELOCITY FINANCIAL INC COMMON STOCK,VEL,COMMON STOCK,92262D101,US92262D1019,BKFVZS0,244291.0,4216462.66,0.02,0,,FINANCIALS,UNITED STATES,AVUV,2026-03-23,,,,,,,,,,,,,
BIOVENTUS INC   A COMMON STOCK USD.001,BVS,COMMON STOCK,09075A108,US09075A1088,BD6P6L2,487019.0,4207844.16,0.02,0,,HEALTH CARE,UNITED STATES,AVUV,2026-03-23,,,,,,,,,,,,,
NICOLET BANKSHARES INC COMMON STOCK USD.01,NIC,COMMON STOCK,65406E102,US65406E1029,2012865,30004.0,4190658.68,0.02,0,,FINANCIALS,UNITED STATES,AVUV,2026-03-23,,,,,,,,,,,,,
MGP INGREDIENTS INC COMMON STOCK,MGPI,COMMON STOCK,55303J106,US55303J1060,B6ZJTH3,252753.0,4170424.5,0.02,0,,CONSUMER STAPLES,UNITED STATES,AVUV,2026-03-23,,,,,,,,,,,,,
BANKWELL FINANCIAL GROUP INC COMMON STOCK,BWFG,COMMON STOCK,06654A103,US06654A1034,BCRXSS9,89728.0,4169660.16,0.02,0,,FINANCIALS,UNITED STATES,AVUV,2026-03-23,,,,,,,,,,,,,
STONERIDGE INC COMMON STOCK,SRI,COMMON STOCK,86183P102,US86183P1021,2111977,750687.0,4121271.63,0.02,0,,CONSUMER DISCRETIONARY,UNITED STATES,AVUV,2026-03-23,,,,,,,,,,,,,
AVIAT NETWORKS INC COMMON STOCK USD.01,AVNW,COMMON STOCK,05366Y201,US05366Y2019,BZ9NWS6,163716.0,4104360.12,0.02,0,,INFORMATION TECHNOLOGY,UNITED STATES,AVUV,2026-03-23,,,,,,,,,,,,,
TITAN AMERICA SA COMMON STOCK,TTAM,COMMON STOCK,B9151N105,BE6360403164,BNM4XQ7,288761.0,4100406.2,0.02,0,,MATERIALS,UNITED STATES,AVUV,2026-03-23,,,,,,,,,,,,,
METHODE ELECTRONICS INC COMMON STOCK USD.5,MEI,COMMON STOCK,591520200,US5915202007,2583297,785692.0,4085598.4,0.02,0,,INFORMATION TECHNOLOGY,UNITED STATES,AVUV,2026-03-23,,,,,,,,,,,,,
KINGSTONE COS INC COMMON STOCK USD.01,KINS,COMMON STOCK,496719105,US4967191051,B02NVQ9,268174.0,3896568.22,0.02,0,,FINANCIALS,UNITED STATES,AVUV,2026-03-23,,,,,,,,,,,,,
MYERS INDUSTRIES INC COMMON STOCK,MYE,COMMON STOCK,628464109,US6284641098,2613086,195735.0,3883382.4,0.02,0,,MATERIALS,UNITED STATES,AVUV,2026-03-23,,,,,,,,,,,,,
BEAZER HOMES USA INC COMMON STOCK USD.001,BZH,COMMON STOCK,07556Q881,US07556Q8814,B8KHZT0,207477.0,3869446.05,0.02,0,,CONSUMER DISCRETIONARY,UNITED STATES,AVUV,2026-03-23,,,,,,,,,,,,,
AERSALE CORP COMMON STOCK USD.0001,ASLE,COMMON STOCK,00810F106,US00810F1066,BN2RY85,617631.0,3804606.96,0.02,0,,INDUSTRIALS,UNITED STATES,AVUV,2026-03-23,,,,,,,,,,,,,
PERMA PIPE INTERNATIONAL HOL COMMON STOCK USD.01,PPIH,COMMON STOCK,714167103,US7141671039,BDD0V60,132737.0,3800260.31,0.02,0,,INDUSTRIALS,UNITED STATES,AVUV,2026-03-23,,,,,,,,,,,,,
CORE MOLDING TECHNOLOGIES IN COMMON STOCK USD.01,CMT,COMMON STOCK,218683100,US2186831002,2761123,188722.0,3785763.32,0.02,0,,MATERIALS,UNITED STATES,AVUV,2026-03-23,,,,,,,,,,,,,
INFUSYSTEM HOLDINGS INC COMMON STOCK USD.0001,INFU,COMMON STOCK,45685K102,US45685K1025,B17FVR8,415178.0,3773968.02,0.02,0,,HEALTH CARE,UNITED STATES,AVUV,2026-03-23,,,,,,,,,,,,,
SAFETY INSURANCE GROUP INC COMMON STOCK USD.01,SAFT,COMMON STOCK,78648T100,US78648T1007,2958538,51593.0,3686835.78,0.02,0,,FINANCIALS,UNITED STATES,AVUV,2026-03-23,,,,,,,,,,,,,
JOHNSON OUTDOORS INC A COMMON STOCK USD.05,JOUT,COMMON STOCK,479167108,US4791671088,2476847,83688.0,3678087.6,0.02,0,,CONSUMER DISCRETIONARY,UNITED STATES,AVUV,2026-03-23,,,,,,,,,,,,,
FOSSIL GROUP INC COMMON STOCK USD.01,FOSL,COMMON STOCK,34988V106,US34988V1061,BBGT609,916528.0,3656946.72,0.02,0,,CONSUMER DISCRETIONARY,UNITED STATES,AVUV,2026-03-23,,,,,,,,,,,,,
CIVISTA BANCSHARES INC COMMON STOCK,CIVB,COMMON STOCK,178867107,US1788671071,BWT3JH3,166830.0,3645235.5,0.02,0,,FINANCIALS,UNITED STATES,AVUV,2026-03-23,,,,,,,,,,,,,
CONDUENT INC COMMON STOCK USD.01,CNDT,COMMON STOCK,206787103,US2067871036,BYWLRV8,3009977.0,3611972.4,0.02,0,,INDUSTRIALS,UNITED STATES,AVUV,2026-03-23,,,,,,,,,,,,,
WATERSTONE FINANCIAL INC COMMON STOCK USD.01,WSBF,COMMON STOCK,94188P101,US94188P1012,BJ7BVV6,200512.0,3569113.6,0.02,0,,FINANCIALS,UNITED STATES,AVUV,2026-03-23,,,,,,,,,,,,,
FIRST UNITED CORP COMMON STOCK USD.01,FUNC,COMMON STOCK,33741H107,US33741H1077,2420736,97066.0,3501170.62,0.02,0,,FINANCIALS,UNITED STATES,AVUV,2026-03-23,,,,,,,,,,,,,
PARKE BANCORP INC COMMON STOCK USD.1,PKBK,COMMON STOCK,700885106,US7008851062,2095145,124748.0,3419342.68,0.02,0,,FINANCIALS,UNITED STATES,AVUV,2026-03-23,,,,,,,,,,,,,
PANGAEA LOGISTICS SOLUTIONS COMMON STOCK USD.0001,PANL,COMMON STOCK,G6891L105,BMG6891L1054,BRGCNJ8,487123.0,3307565.17,0.01,0,,INDUSTRIALS,UNITED STATES,AVUV,2026-03-23,,,,,,,,,,,,,
STOCK YARDS BANCORP INC COMMON STOCK,SYBT,COMMON STOCK,861025104,US8610251048,BLY2FB4,51352.0,3224392.08,0.01,0,,FINANCIALS,UNITED STATES,AVUV,2026-03-23,,,,,,,,,,,,,
NB BANCORP INC COMMON STOCK USD.01,NBBK,COMMON STOCK,63945M107,US63945M1071,BQT2053,155849.0,3188670.54,0.01,0,,FINANCIALS,UNITED STATES,AVUV,2026-03-23,,,,,,,,,,,,,
SUPERIOR GROUP OF COS INC COMMON STOCK,SGC,COMMON STOCK,868358102,US8683581024,2864301,316055.0,3151068.35,0.01,0,,CONSUMER DISCRETIONARY,UNITED STATES,AVUV,2026-03-23,,,,,,,,,,,,,
BEL FUSE INC CL B COMMON STOCK USD.1,BELFB,COMMON STOCK,077347300,US0773473006,2279897,15386.0,3140128.74,0.01,0,,INFORMATION TECHNOLOGY,UNITED STATES,AVUV,2026-03-23,,,,,,,,,,,,,
KURA ONCOLOGY INC COMMON STOCK USD.0001,KURA,COMMON STOCK,50127T109,US50127T1097,BYZD465,379733.0,3136594.58,0.01,0,,HEALTH CARE,UNITED STATES,AVUV,2026-03-23,,,,,,,,,,,,,
GCI LIBERTY INC CL A COMMON STOCK,GLIBA,COMMON STOCK,36164V602,US36164V6020,BRJW0F0,88392.0,3127308.96,0.01,0,,COMMUNICATION SERVICES,UNITED STATES,AVUV,2026-03-23,,,,,,,,,,,,,
MAYVILLE ENGINEERING CO INC COMMON STOCK,MEC,COMMON STOCK,578605107,US5786051079,BJLD0Y4,183923.0,3060478.72,0.01,0,,INDUSTRIALS,UNITED STATES,AVUV,2026-03-23,,,,,,,,,,,,,
COHEN + STEERS INC COMMON STOCK USD.01,CNS,COMMON STOCK,19247A100,US19247A1007,B02H882,49215.0,3060188.7,0.01,0,,FINANCIALS,UNITED STATES,AVUV,2026-03-23,,,,,,,,,,,,,
MERIDIAN CORP COMMON STOCK,MRBK,COMMON STOCK,58958P104,US58958P1049,BF5R077,161204.0,3016126.84,0.01,0,,FINANCIALS,UNITED STATES,AVUV,2026-03-23,,,,,,,,,,,,,
AMERICAN INTEGRITY INSURANCE COMMON STOCK USD.001,AII,COMMON STOCK,026948109,US0269481091,BTRVNC1,160502.0,3014227.56,0.01,0,,FINANCIALS,UNITED STATES,AVUV,2026-03-23,,,,,,,,,,,,,
SONOCO PRODUCTS CO COMMON STOCK,SON,COMMON STOCK,835495102,US8354951027,2821395,58704.0,2974531.68,0.01,0,,MATERIALS,UNITED STATES,AVUV,2026-03-23,,,,,,,,,,,,,
ALARM.COM HOLDINGS INC COMMON STOCK,ALRM,COMMON STOCK,011642105,US0116421050,BYN7H26,66922.0,2969329.14,0.01,0,,INFORMATION TECHNOLOGY,UNITED STATES,AVUV,2026-03-23,,,,,,,,,,,,,
ASPEN AEROGELS INC COMMON STOCK USD.00001,ASPN,COMMON STOCK,04523Y105,US04523Y1055,BN65SM7,947647.0,2899799.82,0.01,0,,MATERIALS,UNITED STATES,AVUV,2026-03-23,,,,,,,,,,,,,
SUMMIT MIDSTREAM CORP COMMON STOCK USD.01,SMC,COMMON STOCK,86614G101,US86614G1013,BNM9H26,91768.0,2876009.12,0.01,0,,ENERGY,UNITED STATES,AVUV,2026-03-23,,,,,,,,,,,,,
ENCORE CAPITAL GROUP INC COMMON STOCK USD.01,ECPG,COMMON STOCK,292554102,US2925541029,2443078,41649.0,2832964.98,0.01,0,,FINANCIALS,UNITED STATES,AVUV,2026-03-23,,,,,,,,,,,,,
BROOKDALE SENIOR LIVING INC COMMON STOCK USD.01,BKD,COMMON STOCK,112463104,US1124631045,B0PZN33,203842.0,2800789.08,0.01,0,,HEALTH CARE,UNITED STATES,AVUV,2026-03-23,,,,,,,,,,,,,
HAMILTON BEACH BRAND A COMMON STOCK USD.01,HBB,COMMON STOCK,40701T104,US40701T1043,BF22688,169618.0,2785127.56,0.01,0,,CONSUMER DISCRETIONARY,UNITED STATES,AVUV,2026-03-23,,,,,,,,,,,,,
FS BANCORP INC COMMON STOCK USD.01,FSBW,COMMON STOCK,30263Y104,US30263Y1047,B4Z5FD5,74556.0,2761554.24,0.01,0,,FINANCIALS,UNITED STATES,AVUV,2026-03-23,,,,,,,,,,,,,
BANK7 CORP COMMON STOCK USD.01,BSVN,COMMON STOCK,06652N107,US06652N1072,BFMN421,72118.0,2761398.22,0.01,0,,FINANCIALS,UNITED STATES,AVUV,2026-03-23,,,,,,,,,,,,,
USANA HEALTH SCIENCES INC COMMON STOCK USD.001,USNA,COMMON STOCK,90328M107,US90328M1071,2267698,160025.0,2706022.75,0.01,0,,CONSUMER STAPLES,UNITED STATES,AVUV,2026-03-23,,,,,,,,,,,,,
GALAXY DIGITAL INC A COMMON STOCK USD.001,GLXY,COMMON STOCK,36317J209,US36317J2096,BV97X10,130185.0,2697433.2,0.01,0,,FINANCIALS,UNITED STATES,AVUV,2026-03-23,,,,,,,,,,,,,
MANITOWOC COMPANY INC COMMON STOCK USD.01,MTW,COMMON STOCK,563571405,US5635714059,BDFCGV4,240774.0,2694261.06,0.01,0,,INDUSTRIALS,UNITED STATES,AVUV,2026-03-23,,,,,,,,,,,,,
KNOWLES CORP COMMON STOCK USD.01,KN,COMMON STOCK,49926D109,US49926D1090,BJTD9L6,108404.0,2623376.8,0.01,0,,INFORMATION TECHNOLOGY,UNITED STATES,AVUV,2026-03-23,,,,,,,,,,,,,
ESPEY MFG + ELECTRONICS CORP COMMON STOCK USD.333,ESP,COMMON STOCK,296650104,US2966501049,2321679,47308.0,2531451.08,0.01,0,,INDUSTRIALS,UNITED STATES,AVUV,2026-03-23,,,,,,,,,,,,,
BAYCOM CORP COMMON STOCK,BCML,COMMON STOCK,07272M107,US07272M1071,BYSTY59,87718.0,2528032.76,0.01,0,,FINANCIALS,UNITED STATES,AVUV,2026-03-23,,,,,,,,,,,,,
C + F FINANCIAL CORP COMMON STOCK USD1.0,CFFI,COMMON STOCK,12466Q104,US12466Q1040,2494515,34255.0,2476293.95,0.01,0,,FINANCIALS,UNITED STATES,AVUV,2026-03-23,,,,,,,,,,,,,
CARECLOUD INC COMMON STOCK USD.001,CCLD,COMMON STOCK,14167R100,US14167R1005,BKP32B8,683469.0,2344298.67,0.01,0,,HEALTH CARE,UNITED STATES,AVUV,2026-03-23,,,,,,,,,,,,,
MARINEMAX INC COMMON STOCK USD.001,HZO,COMMON STOCK,567908108,US5679081084,2250353,93872.0,2319577.12,0.01,0,,CONSUMER DISCRETIONARY,UNITED STATES,AVUV,2026-03-23,,,,,,,,,,,,,
PCB BANCORP COMMON STOCK,PCB,COMMON STOCK,69320M109,US69320M1099,BKLTT20,106449.0,2303556.36,0.01,0,,FINANCIALS,UNITED STATES,AVUV,2026-03-23,,,,,,,,,,,,,
INVESTAR HOLDING CORP COMMON STOCK USD1.0,ISTR,COMMON STOCK,46134L105,US46134L1052,BNGY4R1,86737.0,2300265.24,0.01,0,,FINANCIALS,UNITED STATES,AVUV,2026-03-23,,,,,,,,,,,,,
JAKKS PACIFIC INC COMMON STOCK USD.001,JAKK,COMMON STOCK,47012E403,US47012E4035,BN2R7Z3,116124.0,2280675.36,0.01,0,,CONSUMER DISCRETIONARY,UNITED STATES,AVUV,2026-03-23,,,,,,,,,,,,,
JELD WEN HOLDING INC COMMON STOCK USD.01,JELD,COMMON STOCK,47580P103,US47580P1030,BYM4WL2,1815753.0,2251533.72,0.01,0,,INDUSTRIALS,UNITED STATES,AVUV,2026-03-23,,,,,,,,,,,,,
VIRCO MFG CORPORATION COMMON STOCK USD.01,VIRC,COMMON STOCK,927651109,US9276511097,2929705,380451.0,2248465.41,0.01,0,,INDUSTRIALS,UNITED STATES,AVUV,2026-03-23,,,,,,,,,,,,,
EAGLE MATERIALS INC COMMON STOCK USD.01,EXP,COMMON STOCK,26969P108,US26969P1084,2191399,12790.0,2213565.3,0.01,0,,MATERIALS,UNITED STATES,AVUV,2026-03-23,,,,,,,,,,,,,
ONESPAN INC COMMON STOCK USD.001,OSPN,COMMON STOCK,68287N100,US68287N1000,BFNSSD4,211573.0,2202474.93,0.01,0,,INFORMATION TECHNOLOGY,UNITED STATES,AVUV,2026-03-23,,,,,,,,,,,,,
FINANCE OF AMERICA COS INC A COMMON STOCK USD.0001,FOA,COMMON STOCK,31738L206,US31738L2060,BT06V07,128444.0,2193823.52,0.01,0,,FINANCIALS,UNITED STATES,AVUV,2026-03-23,,,,,,,,,,,,,
CLEARWATER PAPER CORP COMMON STOCK USD.0001,CLW,COMMON STOCK,18538R103,US18538R1032,B3K9Z35,174315.0,2168478.6,0.01,0,,MATERIALS,UNITED STATES,AVUV,2026-03-23,,,,,,,,,,,,,
FIRST COMMUNITY CORP COMMON STOCK USD1.0,FCCO,COMMON STOCK,319835104,US3198351047,2863074,75623.0,2129543.68,0.01,0,,FINANCIALS,UNITED STATES,AVUV,2026-03-23,,,,,,,,,,,,,
CITIZENS FINANCIAL SERVICES COMMON STOCK USD1.0,CZFS,COMMON STOCK,174615104,US1746151042,2651592,33903.0,2034858.06,0.01,0,,FINANCIALS,UNITED STATES,AVUV,2026-03-23,,,,,,,,,,,,,
ACACIA RESEARCH CORP COMMON STOCK USD.001,ACTG,COMMON STOCK,003881307,US0038813079,2169589,417454.0,2024651.9,0.01,0,,FINANCIALS,UNITED STATES,AVUV,2026-03-23,,,,,,,,,,,,,
MOHAWK INDUSTRIES INC COMMON STOCK USD.01,MHK,COMMON STOCK,608190104,US6081901042,2598699,20802.0,2004486.96,0.01,0,,CONSUMER DISCRETIONARY,UNITED STATES,AVUV,2026-03-23,,,,,,,,,,,,,
WESBANCO INC COMMON STOCK USD2.0833,WSBC,COMMON STOCK,950810101,US9508101014,2953782,60356.0,1998990.72,0.01,0,,FINANCIALS,UNITED STATES,AVUV,2026-03-23,,,,,,,,,,,,,
WHITE MOUNTAINS INSURANCE GP COMMON STOCK USD1.0,WTM,COMMON STOCK,G9618E107,BMG9618E1075,2339252,926.0,1995539.26,0.01,0,,FINANCIALS,UNITED STATES,AVUV,2026-03-23,,,,,,,,,,,,,
N B T BANCORP INC COMMON STOCK USD.01,NBTB,COMMON STOCK,628778102,US6287781024,2626459,48693.0,1982292.03,0.01,0,,FINANCIALS,UNITED STATES,AVUV,2026-03-23,,,,,,,,,,,,,
PRESTIGE CONSUMER HEALTHCARE COMMON STOCK USD.01,PBH,COMMON STOCK,74112D101,US74112D1019,B0650P3,32052.0,1954851.48,0.01,0,,HEALTH CARE,UNITED STATES,AVUV,2026-03-23,,,,,,,,,,,,,
LAKELAND FINANCIAL CORP COMMON STOCK,LKFN,COMMON STOCK,511656100,US5116561003,2537528,35305.0,1952366.5,0.01,0,,FINANCIALS,UNITED STATES,AVUV,2026-03-23,,,,,,,,,,,,,
TAYLOR DEVICES INC COMMON STOCK USD.025,TAYD,COMMON STOCK,877163105,US8771631053,2877127,27681.0,1938500.43,0.01,0,,INDUSTRIALS,UNITED STATES,AVUV,2026-03-23,,,,,,,,,,,,,
FRANKLIN FINANCIAL SERVICES COMMON STOCK USD1.0,FRAF,COMMON STOCK,353525108,US3535251082,B019C32,39473.0,1913256.31,0.01,0,,FINANCIALS,UNITED STATES,AVUV,2026-03-23,,,,,,,,,,,,,
CITI TRENDS INC COMMON STOCK USD.01,CTRN,COMMON STOCK,17306X102,US17306X1028,B06FLD8,43553.0,1910234.58,0.01,0,,CONSUMER DISCRETIONARY,UNITED STATES,AVUV,2026-03-23,,,,,,,,,,,,,
ZUMIEZ INC COMMON STOCK,ZUMZ,COMMON STOCK,989817101,US9898171015,B081QB7,90253.0,1882677.58,0.01,0,,CONSUMER DISCRETIONARY,UNITED STATES,AVUV,2026-03-23,,,,,,,,,,,,,
ASCENT INDUSTRIES CO COMMON STOCK USD1.0,ACNT,COMMON STOCK,871565107,US8715651076,2867805,155013.0,1878757.56,0.01,0,,MATERIALS,UNITED STATES,AVUV,2026-03-23,,,,,,,,,,,,,
FARMERS NATL BANC CORP COMMON STOCK,FMNB,COMMON STOCK,309627107,US3096271073,B019BK2,148508.0,1869715.72,0.01,0,,FINANCIALS,UNITED STATES,AVUV,2026-03-23,,,,,,,,,,,,,
ORION GROUP HOLDINGS INC COMMON STOCK USD.01,ORN,COMMON STOCK,68628V308,US68628V3087,B1WTHL1,179412.0,1864090.68,0.01,0,,INDUSTRIALS,UNITED STATES,AVUV,2026-03-23,,,,,,,,,,,,,
PRIMEENERGY RESOURCES CORP COMMON STOCK USD.1,PNRG,COMMON STOCK,74158E104,US74158E1047,2480365,8540.0,1842932.0,0.01,0,,ENERGY,UNITED STATES,AVUV,2026-03-23,,,,,,,,,,,,,
DOUGLAS ELLIMAN INC COMMON STOCK,DOUG,COMMON STOCK,25961D105,US25961D1054,BNZHLY7,1045778.0,1798738.16,0.01,0,,REAL ESTATE,UNITED STATES,AVUV,2026-03-23,,,,,,,,,,,,,
MEDIFAST INC COMMON STOCK USD.001,MED,COMMON STOCK,58470H101,US58470H1014,2934033,179412.0,1794120.0,0.01,0,,CONSUMER STAPLES,UNITED STATES,AVUV,2026-03-23,,,,,,,,,,,,,
WINNEBAGO INDUSTRIES COMMON STOCK USD.5,WGO,COMMON STOCK,974637100,US9746371007,2972721,53309.0,1781053.69,0.01,0,,CONSUMER DISCRETIONARY,UNITED STATES,AVUV,2026-03-23,,,,,,,,,,,,,
CIRRUS LOGIC INC COMMON STOCK USD.001,CRUS,COMMON STOCK,172755100,US1727551004,2197308,13009.0,1770134.63,0.01,0,,INFORMATION TECHNOLOGY,UNITED STATES,AVUV,2026-03-23,,,,,,,,,,,,,
INFINITY NATURAL RESOUR CL A COMMON STOCK USD.01,INR,COMMON STOCK,456941103,US4569411030,BS893G1,100743.0,1766024.79,0.01,0,,ENERGY,UNITED STATES,AVUV,2026-03-23,,,,,,,,,,,,,
NACCO INDUSTRIES CL A COMMON STOCK USD1.0,NC,COMMON STOCK,629579103,US6295791031,2616977,35578.0,1729090.8,0.01,0,,ENERGY,UNITED STATES,AVUV,2026-03-23,,,,,,,,,,,,,
FOSTER (LB) CO A COMMON STOCK USD.01,FSTR,COMMON STOCK,350060109,US3500601097,2348225,60419.0,1698378.09,0.01,0,,INDUSTRIALS,UNITED STATES,AVUV,2026-03-23,,,,,,,,,,,,,
CHOICEONE FINANCIAL SVCS INC COMMON STOCK,COFS,COMMON STOCK,170386106,US1703861062,2713395,61370.0,1687061.3,0.01,0,,FINANCIALS,UNITED STATES,AVUV,2026-03-23,,,,,,,,,,,,,
KEARNY FINANCIAL CORP/MD COMMON STOCK USD.01,KRNY,COMMON STOCK,48716P108,US48716P1084,BY3H7G0,231168.0,1648227.84,0.01,0,,FINANCIALS,UNITED STATES,AVUV,2026-03-23,,,,,,,,,,,,,
ACME UNITED CORP COMMON STOCK USD2.5,ACU,COMMON STOCK,004816104,US0048161048,2006329,37492.0,1627527.72,0.01,0,,HEALTH CARE,UNITED STATES,AVUV,2026-03-23,,,,,,,,,,,,,
FIRST FINANCIAL BANCORP COMMON STOCK,FFBC,COMMON STOCK,320209109,US3202091092,2352806,60600.0,1618020.0,0.01,0,,FINANCIALS,UNITED STATES,AVUV,2026-03-23,,,,,,,,,,,,,
TIPTREE INC COMMON STOCK USD.001,TIPT,COMMON STOCK,88822Q103,US88822Q1031,BC30V41,99861.0,1570813.53,0.01,0,,FINANCIALS,UNITED STATES,AVUV,2026-03-23,,,,,,,,,,,,,
PLUMAS BANCORP COMMON STOCK,PLBC,COMMON STOCK,729273102,US7292731020,2025056,32769.0,1567996.65,0.01,0,,FINANCIALS,UNITED STATES,AVUV,2026-03-23,,,,,,,,,,,,,
ANIKA THERAPEUTICS INC COMMON STOCK USD.01,ANIK,COMMON STOCK,035255108,US0352551081,2035754,111929.0,1550216.65,0.01,0,,HEALTH CARE,UNITED STATES,AVUV,2026-03-23,,,,,,,,,,,,,
MEDALLION FINANCIAL CORP COMMON STOCK USD.01,MFIN,COMMON STOCK,583928106,US5839281061,2580447,181711.0,1520921.07,0.01,0,,FINANCIALS,UNITED STATES,AVUV,2026-03-23,,,,,,,,,,,,,
MAGNERA CORP COMMON STOCK USD.01,MAGN,COMMON STOCK,55939A107,US55939A1079,BT9NC28,160285.0,1501870.45,0.01,0,,MATERIALS,UNITED STATES,AVUV,2026-03-23,,,,,,,,,,,,,
VERA BRADLEY INC COMMON STOCK,VRA,COMMON STOCK,92335C106,US92335C1062,B4626P4,450275.0,1499415.75,0.01,0,,CONSUMER DISCRETIONARY,UNITED STATES,AVUV,2026-03-23,,,,,,,,,,,,,
LINKBANCORP INC COMMON STOCK USD.01,LNKB,COMMON STOCK,53578P105,US53578P1057,BKY65J7,182802.0,1495320.36,0.01,0,,FINANCIALS,UNITED STATES,AVUV,2026-03-23,,,,,,,,,,,,,
HINGHAM INSTITUTION FOR SVGS COMMON STOCK USD1.0,HIFS,COMMON STOCK,433323102,US4333231029,2428439,5461.0,1483152.99,0.01,0,,FINANCIALS,UNITED STATES,AVUV,2026-03-23,,,,,,,,,,,,,
TRUEBLUE INC COMMON STOCK,TBI,COMMON STOCK,89785X101,US89785X1019,2519849,409481.0,1465941.98,0.01,0,,INDUSTRIALS,UNITED STATES,AVUV,2026-03-23,,,,,,,,,,,,,
FIRST INTERNET BANCORP COMMON STOCK,INBK,COMMON STOCK,320557101,US3205571017,B0406N0,73819.0,1451281.54,0.01,0,,FINANCIALS,UNITED STATES,AVUV,2026-03-23,,,,,,,,,,,,,
TIMBERLAND BANCORP INC COMMON STOCK USD.01,TSBK,COMMON STOCK,887098101,US8870981011,2147734,37672.0,1438693.68,0.01,0,,FINANCIALS,UNITED STATES,AVUV,2026-03-23,,,,,,,,,,,,,
OPORTUN FINANCIAL CORP COMMON STOCK USD.0001,OPRT,COMMON STOCK,68376D104,US68376D1046,BKTC5L2,320617.0,1426745.65,0.01,0,,FINANCIALS,UNITED STATES,AVUV,2026-03-23,,,,,,,,,,,,,
FUTUREFUEL CORP COMMON STOCK USD.0001,FF,COMMON STOCK,36116M106,US36116M1062,B3BBRD4,449213.0,1419513.08,0.01,0,,ENERGY,UNITED STATES,AVUV,2026-03-23,,,,,,,,,,,,,
RAMACO RESOURCES INC B COMMON STOCK,METCB,COMMON STOCK,75134P501,US75134P5017,BRXYZ79,121460.0,1413793.41,0.01,0,,MATERIALS,UNITED STATES,AVUV,2026-03-23,,,,,,,,,,,,,
J. JILL INC COMMON STOCK USD.01,JILL,COMMON STOCK,46620W201,US46620W2017,BN941G6,91697.0,1369953.18,0.01,0,,CONSUMER DISCRETIONARY,UNITED STATES,AVUV,2026-03-23,,,,,,,,,,,,,
OP BANCORP COMMON STOCK,OPBK,COMMON STOCK,67109R109,US67109R1095,BD06KV9,109826.0,1369530.22,0.01,0,,FINANCIALS,UNITED STATES,AVUV,2026-03-23,,,,,,,,,,,,,
EAGLE BANCORP MONTANA INC COMMON STOCK USD.01,EBMT,COMMON STOCK,26942G100,US26942G1004,B57M9P1,67202.0,1366888.68,0.01,0,,FINANCIALS,UNITED STATES,AVUV,2026-03-23,,,,,,,,,,,,,
RENASANT CORP COMMON STOCK USD5.0,RNST,COMMON STOCK,75970E107,US75970E1073,2670809,38960.0,1356197.6,0.01,0,,FINANCIALS,UNITED STATES,AVUV,2026-03-23,,,,,,,,,,,,,
KEWAUNEE SCIENTIFIC CP COMMON STOCK USD2.5,KEQU,COMMON STOCK,492854104,US4928541048,2490728,38810.0,1323421.0,0.01,0,,HEALTH CARE,UNITED STATES,AVUV,2026-03-23,,,,,,,,,,,,,
CRAWFORD + COMPANY  CL A COMMON STOCK USD1.0,CRD.A,COMMON STOCK,224633206,US2246332066,2232094,134136.0,1306484.64,0.01,0,,FINANCIALS,UNITED STATES,AVUV,2026-03-23,,,,,,,,,,,,,
MVB FINANCIAL CORP COMMON STOCK USD1.0,MVBF,COMMON STOCK,553810102,US5538101024,B00BYZ5,52239.0,1291348.08,0.01,0,,FINANCIALS,UNITED STATES,AVUV,2026-03-23,,,,,,,,,,,,,
BCB BANCORP INC COMMON STOCK,BCBP,COMMON STOCK,055298103,US0552981039,2848253,154130.0,1271572.5,0.01,0,,FINANCIALS,UNITED STATES,AVUV,2026-03-23,,,,,,,,,,,,,
AMPCO PITTSBURGH CORP COMMON STOCK USD1.0,AP,COMMON STOCK,032037103,US0320371034,2031688,182469.0,1251737.34,0.01,0,,MATERIALS,UNITED STATES,AVUV,2026-03-23,,,,,,,,,,,,,
DOUGLAS DYNAMICS INC COMMON STOCK USD.01,PLOW,COMMON STOCK,25960R105,US25960R1059,B3N5WD9,29727.0,1203646.23,0.01,0,,INDUSTRIALS,UNITED STATES,AVUV,2026-03-23,,,,,,,,,,,,,
UNITED COMMUNITY BANKS/GA COMMON STOCK USD1.0,UCB,COMMON STOCK,90984P303,US90984P3038,2862156,39143.0,1178595.73,0.01,0,,FINANCIALS,UNITED STATES,AVUV,2026-03-23,,,,,,,,,,,,,
CLARUS CORP COMMON STOCK USD.0001,CLAR,COMMON STOCK,18270P109,US18270P1093,BF5QHG2,435870.0,1176849.0,0.01,0,,CONSUMER DISCRETIONARY,UNITED STATES,AVUV,2026-03-23,,,,,,,,,,,,,
EVERQUOTE INC   CLASS A COMMON STOCK USD.001,EVER,COMMON STOCK,30041R108,US30041R1086,BG88WS9,76104.0,1167435.36,0.01,0,,COMMUNICATION SERVICES,UNITED STATES,AVUV,2026-03-23,,,,,,,,,,,,,
NETGEAR INC COMMON STOCK USD.001,NTGR,COMMON STOCK,64111Q104,US64111Q1040,2688363,55756.0,1161955.04,0.01,0,,INFORMATION TECHNOLOGY,UNITED STATES,AVUV,2026-03-23,,,,,,,,,,,,,
CF BANKSHARES INC COMMON STOCK USD.01,CFBK,COMMON STOCK,12520L109,US12520L1098,BN2XDN1,42622.0,1161023.28,0.01,0,,FINANCIALS,UNITED STATES,AVUV,2026-03-23,,,,,,,,,,,,,
LEGACY HOUSING CORP COMMON STOCK USD.001,LEGH,COMMON STOCK,52472M101,US52472M1018,BG5HXX1,61262.0,1160914.9,0.01,0,,CONSUMER DISCRETIONARY,UNITED STATES,AVUV,2026-03-23,,,,,,,,,,,,,
FUNKO INC CLASS A COMMON STOCK USD.0001,FNKO,COMMON STOCK,361008105,US3610081057,BF329J9,344422.0,1160702.14,0.01,0,,CONSUMER DISCRETIONARY,UNITED STATES,AVUV,2026-03-23,,,,,,,,,,,,,
AVIDBANK HOLDINGS INC COMMON STOCK,AVBH,COMMON STOCK,05368J103,US05368J1034,B3XR1X8,41975.0,1133325.0,0.01,0,,FINANCIALS,UNITED STATES,AVUV,2026-03-23,,,,,,,,,,,,,
COMMERCIAL BANCGROUP INC COMMON STOCK USD.01,CBK,COMMON STOCK,20112C106,US20112C1062,BTLP0D9,45972.0,1130451.48,0.01,0,,FINANCIALS,UNITED STATES,AVUV,2026-03-23,,,,,,,,,,,,,
MERCER INTERNATIONAL INC COMMON STOCK USD1.0,MERC,COMMON STOCK,588056101,US5880561015,2053024,887277.0,1126841.79,0.01,0,,MATERIALS,UNITED STATES,AVUV,2026-03-23,,,,,,,,,,,,,
FONAR CORP COMMON STOCK USD.0001,FONR,COMMON STOCK,344437405,US3444374058,B1W52D6,60015.0,1103075.7,0.0,0,,HEALTH CARE,UNITED STATES,AVUV,2026-03-23,,,,,,,,,,,,,
EUROPEAN WAX CENTER INC A COMMON STOCK USD.00001,EWCZ,COMMON STOCK,29882P106,US29882P1066,BKVK9N4,186055.0,1073537.35,0.0,0,,CONSUMER DISCRETIONARY,UNITED STATES,AVUV,2026-03-23,,,,,,,,,,,,,
CHEMUNG FINANCIAL CORP COMMON STOCK USD.01,CHMG,COMMON STOCK,164024101,US1640241014,2190921,18833.0,1001350.61,0.0,0,,FINANCIALS,UNITED STATES,AVUV,2026-03-23,,,,,,,,,,,,,
FRANKLIN COVEY CO COMMON STOCK USD.05,FC,COMMON STOCK,353469109,US3534691098,2352839,81608.0,994801.52,0.0,0,,INDUSTRIALS,UNITED STATES,AVUV,2026-03-23,,,,,,,,,,,,,
ENERGY SERVICES OF AMERICA COMMON STOCK USD.0001,ESOA,COMMON STOCK,29271Q103,US29271Q1031,B1FL1D4,74129.0,987398.28,0.0,0,,ENERGY,UNITED STATES,AVUV,2026-03-23,,,,,,,,,,,,,
NATIONAL ENERGY SERVICES REU COMMON STOCK,NESR,COMMON STOCK,G6375R107,VGG6375R1073,BYZLFM2,46376.0,957200.64,0.0,0,,ENERGY,UNITED STATES,AVUV,2026-03-23,,,,,,,,,,,,,
LIFETIME BRANDS INC COMMON STOCK USD.01,LCUT,COMMON STOCK,53222Q103,US53222Q1031,2515773,204433.0,940391.8,0.0,0,,CONSUMER DISCRETIONARY,UNITED STATES,AVUV,2026-03-23,,,,,,,,,,,,,
MAINSTREET BANCSHARES INC COMMON STOCK USD4.0,MNSB,COMMON STOCK,56064Y100,US56064Y1001,BD0R8C9,43879.0,929576.62,0.0,0,,FINANCIALS,UNITED STATES,AVUV,2026-03-23,,,,,,,,,,,,,
FARMERS + MERCHANTS BANCO/OH COMMON STOCK,FMAO,COMMON STOCK,30779N105,US30779N1054,2120865,36736.0,918767.36,0.0,0,,FINANCIALS,UNITED STATES,AVUV,2026-03-23,,,,,,,,,,,,,
RESOURCES CONNECTION INC COMMON STOCK USD.01,RGP,COMMON STOCK,76122Q105,US76122Q1058,2697853,245918.0,914814.96,0.0,0,,INDUSTRIALS,UNITED STATES,AVUV,2026-03-23,,,,,,,,,,,,,
MILLER INDUSTRIES INC/TENN COMMON STOCK USD.01,MLR,COMMON STOCK,600551204,US6005512040,2801193,21096.0,910292.4,0.0,0,,INDUSTRIALS,UNITED STATES,AVUV,2026-03-23,,,,,,,,,,,,,
DMC GLOBAL INC COMMON STOCK,BOOM,COMMON STOCK,23291C103,US23291C1036,BYN8NH6,190037.0,902675.75,0.0,0,,ENERGY,UNITED STATES,AVUV,2026-03-23,,,,,,,,,,,,,
MANPOWERGROUP INC COMMON STOCK USD.01,MAN,COMMON STOCK,56418H100,US56418H1005,2562490,33817.0,900208.54,0.0,0,,INDUSTRIALS,UNITED STATES,AVUV,2026-03-23,,,,,,,,,,,,,
UNIVERSAL ELECTRONICS INC COMMON STOCK USD.01,UEIC,COMMON STOCK,913483103,US9134831034,2911683,210159.0,893175.75,0.0,0,,CONSUMER DISCRETIONARY,UNITED STATES,AVUV,2026-03-23,,,,,,,,,,,,,
CVB FINANCIAL CORP COMMON STOCK,CVBF,COMMON STOCK,126600105,US1266001056,2160645,47756.0,888261.6,0.0,0,,FINANCIALS,UNITED STATES,AVUV,2026-03-23,,,,,,,,,,,,,
AVANOS MEDICAL INC COMMON STOCK USD.01,AVNS,COMMON STOCK,05350V106,US05350V1061,BFFVV54,67221.0,877234.05,0.0,0,,HEALTH CARE,UNITED STATES,AVUV,2026-03-23,,,,,,,,,,,,,
MONTAUK RENEWABLES INC COMMON STOCK USD.01,MNTK,COMMON STOCK,61218C103,US61218C1036,BN6HHQ0,774727.0,875441.51,0.0,0,,UTILITIES,UNITED STATES,AVUV,2026-03-23,,,,,,,,,,,,,
HELIOS TECHNOLOGIES INC COMMON STOCK USD.001,HLIO,COMMON STOCK,42328H109,US42328H1095,BK8MDM0,13677.0,861651.0,0.0,0,,INDUSTRIALS,UNITED STATES,AVUV,2026-03-23,,,,,,,,,,,,,
AMERICAN VANGUARD CORP COMMON STOCK USD.1,AVD,COMMON STOCK,030371108,US0303711081,2025711,364311.0,859773.96,0.0,0,,MATERIALS,UNITED STATES,AVUV,2026-03-23,,,,,,,,,,,,,
FIRST BANCORP INC/ME COMMON STOCK USD.01,FNLC,COMMON STOCK,31866P102,US31866P1021,2353047,30966.0,832366.08,0.0,0,,FINANCIALS,UNITED STATES,AVUV,2026-03-23,,,,,,,,,,,,,
UNITED SECURITY BANCSHARE/CA COMMON STOCK,UBFO,COMMON STOCK,911460103,US9114601035,2714569,82350.0,828441.0,0.0,0,,FINANCIALS,UNITED STATES,AVUV,2026-03-23,,,,,,,,,,,,,
PHOENIX EDUCATION PARTNERS I COMMON STOCK USD.01,PXED,COMMON STOCK,718968100,US7189681007,BSNRFP3,30949.0,820148.5,0.0,0,,CONSUMER DISCRETIONARY,UNITED STATES,AVUV,2026-03-23,,,,,,,,,,,,,
AMES NATIONAL CORP COMMON STOCK USD2.0,ATLO,COMMON STOCK,031001100,US0310011004,B00MZ00,30715.0,820090.5,0.0,0,,FINANCIALS,UNITED STATES,AVUV,2026-03-23,,,,,,,,,,,,,
PEOPLES BANCORP OF NC COMMON STOCK,PEBK,COMMON STOCK,710577107,US7105771072,2620503,21841.0,811829.97,0.0,0,,FINANCIALS,UNITED STATES,AVUV,2026-03-23,,,,,,,,,,,,,
GAMBLING.COM GROUP LTD COMMON STOCK,GAMB,COMMON STOCK,G3R239101,JE00BL970N11,BL970N1,207551.0,809448.9,0.0,0,,COMMUNICATION SERVICES,UNITED STATES,AVUV,2026-03-23,,,,,,,,,,,,,
USCB FINANCIAL HOLDINGS INC COMMON STOCK,USCB,COMMON STOCK,90355N101,US90355N1019,BPCK3Z8,44160.0,801504.0,0.0,0,,FINANCIALS,UNITED STATES,AVUV,2026-03-23,,,,,,,,,,,,,
SMART SAND INC COMMON STOCK USD.001,SND,COMMON STOCK,83191H107,US83191H1077,BYXM5L6,178023.0,774400.05,0.0,0,,ENERGY,UNITED STATES,AVUV,2026-03-23,,,,,,,,,,,,,
BASSETT FURNITURE INDS COMMON STOCK USD5.0,BSET,COMMON STOCK,070203104,US0702031040,2083526,53724.0,774162.84,0.0,0,,CONSUMER DISCRETIONARY,UNITED STATES,AVUV,2026-03-23,,,,,,,,,,,,,
AMERISAFE INC COMMON STOCK USD.01,AMSF,COMMON STOCK,03071H100,US03071H1005,B0PPHS6,22316.0,720583.64,0.0,0,,FINANCIALS,UNITED STATES,AVUV,2026-03-23,,,,,,,,,,,,,
UPBOUND GROUP INC COMMON STOCK USD.01,UPBD,COMMON STOCK,76009N100,US76009N1000,2733092,40478.0,696626.38,0.0,0,,CONSUMER DISCRETIONARY,UNITED STATES,AVUV,2026-03-23,,,,,,,,,,,,,
FVCBANKCORP INC COMMON STOCK USD.01,FVCB,COMMON STOCK,36120Q101,US36120Q1013,BY7RH33,47494.0,695787.1,0.0,0,,FINANCIALS,UNITED STATES,AVUV,2026-03-23,,,,,,,,,,,,,
J + J SNACK FOODS CORP COMMON STOCK,JJSF,COMMON STOCK,466032109,US4660321096,2469171,9229.0,687929.66,0.0,0,,CONSUMER STAPLES,UNITED STATES,AVUV,2026-03-23,,,,,,,,,,,,,
CASS INFORMATION SYSTEMS INC COMMON STOCK USD.5,CASS,COMMON STOCK,14808P109,US14808P1093,2086558,15704.0,682181.76,0.0,0,,FINANCIALS,UNITED STATES,AVUV,2026-03-23,,,,,,,,,,,,,
HAWTHORN BANCSHARES INC COMMON STOCK USD1.0,HWBK,COMMON STOCK,420476103,US4204761039,2604217,19986.0,647746.26,0.0,0,,FINANCIALS,UNITED STATES,AVUV,2026-03-23,,,,,,,,,,,,,
INTERPARFUMS INC COMMON STOCK USD.001,IPAR,COMMON STOCK,458334109,US4583341098,2473150,7066.0,635657.36,0.0,0,,CONSUMER STAPLES,UNITED STATES,AVUV,2026-03-23,,,,,,,,,,,,,
GIGACLOUD TECHNOLOGY INC   A COMMON STOCK USD.05,GCT,COMMON STOCK,G38644103,KYG386441037,BP0WTV4,15721.0,633713.51,0.0,0,,CONSUMER DISCRETIONARY,UNITED STATES,AVUV,2026-03-23,,,,,,,,,,,,,
ISABELLA BANK CORP COMMON STOCK,ISBA,COMMON STOCK,464214105,US4642141059,2521941,13302.0,591273.9,0.0,0,,FINANCIALS,UNITED STATES,AVUV,2026-03-23,,,,,,,,,,,,,
FIRST NATIONAL CORP/VA COMMON STOCK USD1.25,FXNC,COMMON STOCK,32106V107,US32106V1070,B018Y33,22201.0,575005.9,0.0,0,,FINANCIALS,UNITED STATES,AVUV,2026-03-23,,,,,,,,,,,,,
OAK VALLEY BANCORP COMMON STOCK,OVLY,COMMON STOCK,671807105,US6718071052,B019FQ6,18564.0,571214.28,0.0,0,,FINANCIALS,UNITED STATES,AVUV,2026-03-23,,,,,,,,,,,,,
WASHINGTON TRUST BANCORP COMMON STOCK USD.0625,WASH,COMMON STOCK,940610108,US9406101082,2942025,17757.0,570532.41,0.0,0,,FINANCIALS,UNITED STATES,AVUV,2026-03-23,,,,,,,,,,,,,
SERVISFIRST BANCSHARES INC COMMON STOCK USD.001,SFBS,COMMON STOCK,81768T108,US81768T1088,BMH0MP5,7393.0,534587.83,0.0,0,,FINANCIALS,UNITED STATES,AVUV,2026-03-23,,,,,,,,,,,,,
CLEARFIELD INC COMMON STOCK USD.01,CLFD,COMMON STOCK,18482P103,US18482P1030,2002059,18794.0,521909.38,0.0,0,,INFORMATION TECHNOLOGY,UNITED STATES,AVUV,2026-03-23,,,,,,,,,,,,,
OMEGA FLEX INC COMMON STOCK USD.01,OFLX,COMMON STOCK,682095104,US6820951043,B0FPH75,18202.0,520577.2,0.0,0,,INDUSTRIALS,UNITED STATES,AVUV,2026-03-23,,,,,,,,,,,,,
ELECTROMED INC COMMON STOCK USD.01,ELMD,COMMON STOCK,285409108,US2854091087,B3WLLH5,22310.0,519376.8,0.0,0,,HEALTH CARE,UNITED STATES,AVUV,2026-03-23,,,,,,,,,,,,,
NERDWALLET INC CL A COMMON STOCK USD.0001,NRDS,COMMON STOCK,64082B102,US64082B1026,BMTW8S4,51933.0,517772.01,0.0,0,,FINANCIALS,UNITED STATES,AVUV,2026-03-23,,,,,,,,,,,,,
RIVERVIEW BANCORP INC COMMON STOCK USD.01,RVSB,COMMON STOCK,769397100,US7693971001,2117920,98066.0,506020.56,0.0,0,,FINANCIALS,UNITED STATES,AVUV,2026-03-23,,,,,,,,,,,,,
PURSUIT ATTRACTIONS AND HOSP COMMON STOCK USD1.5,PRSU,COMMON STOCK,92552R406,US92552R4065,B01KGF5,14431.0,490942.62,0.0,0,,CONSUMER DISCRETIONARY,UNITED STATES,AVUV,2026-03-23,,,,,,,,,,,,,
CONSUMER PORTFOLIO SERVICES COMMON STOCK,CPSS,COMMON STOCK,210502100,US2105021008,2223872,62332.0,490552.84,0.0,0,,FINANCIALS,UNITED STATES,AVUV,2026-03-23,,,,,,,,,,,,,
RADIANT LOGISTICS INC COMMON STOCK USD.001,RLGT,COMMON STOCK,75025X100,US75025X1000,B065G33,71816.0,486194.32,0.0,0,,INDUSTRIALS,UNITED STATES,AVUV,2026-03-23,,,,,,,,,,,,,
FULL HOUSE RESORTS INC COMMON STOCK USD.0001,FLL,COMMON STOCK,359678109,US3596781092,2357566,209107.0,485128.24,0.0,0,,CONSUMER DISCRETIONARY,UNITED STATES,AVUV,2026-03-23,,,,,,,,,,,,,
TILE SHOP HLDGS INC COMMON STOCK USD.0001,TTSH,COMMON STOCK,88677Q208,US88677Q2084,BVFDHJ8,159802.0,484200.06,0.0,0,,CONSUMER DISCRETIONARY,UNITED STATES,AVUV,2026-03-23,,,,,,,,,,,,,
TRIMAS CORP COMMON STOCK USD.01,TRS,COMMON STOCK,896215209,US8962152091,B1XHRL4,14172.0,482414.88,0.0,0,,MATERIALS,UNITED STATES,AVUV,2026-03-23,,,,,,,,,,,,,
CB FINANCIAL SERVICES INC COMMON STOCK,CBFV,COMMON STOCK,12479G101,US12479G1013,B032TT4,14336.0,481116.16,0.0,0,,FINANCIALS,UNITED STATES,AVUV,2026-03-23,,,,,,,,,,,,,
AMERICAN OUTDOOR BRANDS INC COMMON STOCK,AOUT,COMMON STOCK,02875D109,US02875D1090,BMDMZV2,58677.0,474110.16,0.0,0,,CONSUMER DISCRETIONARY,UNITED STATES,AVUV,2026-03-23,,,,,,,,,,,,,
SERES THERAPEUTICS INC COMMON STOCK USD.001,MCRB,COMMON STOCK,81750R201,US81750R2013,BPJMTC6,55749.0,473866.5,0.0,0,,HEALTH CARE,UNITED STATES,AVUV,2026-03-23,,,,,,,,,,,,,
CRAWFORD + CO   CL B COMMON STOCK USD1.0,CRD.B,COMMON STOCK,224633107,US2246331076,2232072,44723.0,459752.44,0.0,0,,FINANCIALS,UNITED STATES,AVUV,2026-03-23,,,,,,,,,,,,,
ACADIA HEALTHCARE CO INC COMMON STOCK USD.01,ACHC,COMMON STOCK,00404A109,US00404A1097,B65VZ37,19908.0,452508.84,0.0,0,,HEALTH CARE,UNITED STATES,AVUV,2026-03-23,,,,,,,,,,,,,
ATLAS ENERGY SOLUTIONS INC COMMON STOCK,AESI,COMMON STOCK,642045108,US6420451089,BL6JGD2,30476.0,410816.48,0.0,0,,ENERGY,UNITED STATES,AVUV,2026-03-23,,,,,,,,,,,,,
VIRGINIA NATIONAL BANKSHARES COMMON STOCK USD2.5,VABK,COMMON STOCK,928031103,US9280311039,BHBFXS1,10625.0,405131.25,0.0,0,,FINANCIALS,UNITED STATES,AVUV,2026-03-23,,,,,,,,,,,,,
RMR GROUP INC/THE   A COMMON STOCK,RMR,COMMON STOCK,74967R106,US74967R1068,BZ1N455,24232.0,376807.6,0.0,0,,REAL ESTATE,UNITED STATES,AVUV,2026-03-23,,,,,,,,,,,,,
LIFEVANTAGE CORP COMMON STOCK USD.0001,LFVN,COMMON STOCK,53222K205,US53222K2050,BYYMYP2,77413.0,361518.71,0.0,0,,CONSUMER STAPLES,UNITED STATES,AVUV,2026-03-23,,,,,,,,,,,,,
MARINE PRODUCTS CORP COMMON STOCK USD.1,MPX,COMMON STOCK,568427108,US5684271084,2737102,48050.0,342596.5,0.0,0,,CONSUMER DISCRETIONARY,UNITED STATES,AVUV,2026-03-23,,,,,,,,,,,,,
RICHARDSON ELEC LTD COMMON STOCK USD.05,RELL,COMMON STOCK,763165107,US7631651079,2736109,29763.0,325011.96,0.0,0,,INFORMATION TECHNOLOGY,UNITED STATES,AVUV,2026-03-23,,,,,,,,,,,,,
HORIZON BANCORP INC/IN COMMON STOCK,HBNC,COMMON STOCK,440407104,US4404071049,2949316,20304.0,321006.24,0.0,0,,FINANCIALS,UNITED STATES,AVUV,2026-03-23,,,,,,,,,,,,,
EASTERN CO/THE COMMON STOCK,EML,COMMON STOCK,276317104,US2763171046,2300087,14048.0,285595.84,0.0,0,,INDUSTRIALS,UNITED STATES,AVUV,2026-03-23,,,,,,,,,,,,,
TURTLE BEACH CORP COMMON STOCK,TBCH,COMMON STOCK,900450206,US9004502061,BF5HDT0,24614.0,275922.94,0.0,0,,INFORMATION TECHNOLOGY,UNITED STATES,AVUV,2026-03-23,,,,,,,,,,,,,
AMTECH SYSTEMS INC COMMON STOCK USD.01,ASYS,COMMON STOCK,032332504,US0323325045,2400619,24983.0,273314.02,0.0,0,,INFORMATION TECHNOLOGY,UNITED STATES,AVUV,2026-03-23,,,,,,,,,,,,,
NATIONAL BEVERAGE CORP COMMON STOCK USD.01,FIZZ,COMMON STOCK,635017106,US6350171061,2638625,7839.0,267231.51,0.0,0,,CONSUMER STAPLES,UNITED STATES,AVUV,2026-03-23,,,,,,,,,,,,,
OPENDOOR TECHNOLOGIES INC OPENDOOR TECHNOLOGIES INC 26,OPENW,WARRANTS,683712129,US6837121291,BLGXLN9,379901.0,266880.45,0.0,0,,REAL ESTATE,UNITED STATES,AVUV,2026-03-23,,,,,,,,,,,,,
GREEN PLAINS INC COMMON STOCK USD.001,GPRE,COMMON STOCK,393222104,US3932221043,B11FJD6,16682.0,258571.0,0.0,0,,ENERGY,UNITED STATES,AVUV,2026-03-23,,,,,,,,,,,,,
TASKUS INC A COMMON STOCK USD.01,TASK,COMMON STOCK,87652V109,US87652V1098,BN44TB2,24566.0,254995.08,0.0,0,,INDUSTRIALS,UNITED STATES,AVUV,2026-03-23,,,,,,,,,,,,,
FOX FACTORY HOLDING CORP COMMON STOCK USD.001,FOXF,COMMON STOCK,35138V102,US35138V1026,BCRY5K3,13594.0,218591.52,0.0,0,,CONSUMER DISCRETIONARY,UNITED STATES,AVUV,2026-03-23,,,,,,,,,,,,,
EHEALTH INC COMMON STOCK USD.001,EHTH,COMMON STOCK,28238P109,US28238P1093,B1G0F83,138111.0,204404.28,0.0,0,,FINANCIALS,UNITED STATES,AVUV,2026-03-23,,,,,,,,,,,,,
MIMEDX GROUP INC COMMON STOCK USD.001,MDXG,COMMON STOCK,602496101,US6024961012,B1Z3TW5,48684.0,200578.08,0.0,0,,HEALTH CARE,UNITED STATES,AVUV,2026-03-23,,,,,,,,,,,,,
ONE GROUP HOSPITALITY INC/TH COMMON STOCK USD.0001,STKS,COMMON STOCK,88338K103,US88338K1034,BNKH4B0,99915.0,190837.65,0.0,0,,CONSUMER DISCRETIONARY,UNITED STATES,AVUV,2026-03-23,,,,,,,,,,,,,
FINANCIAL INSTITUTIONS INC COMMON STOCK USD.01,FISI,COMMON STOCK,317585404,US3175854047,2596949,6199.0,189627.41,0.0,0,,FINANCIALS,UNITED STATES,AVUV,2026-03-23,,,,,,,,,,,,,
WEYCO GROUP INC COMMON STOCK USD1.0,WEYS,COMMON STOCK,962149100,US9621491003,2947774,5536.0,175989.44,0.0,0,,CONSUMER DISCRETIONARY,UNITED STATES,AVUV,2026-03-23,,,,,,,,,,,,,
FINWARD BANCORP COMMON STOCK,FNWD,COMMON STOCK,31812F109,US31812F1093,BN0TRH3,4543.0,174451.2,0.0,0,,FINANCIALS,UNITED STATES,AVUV,2026-03-23,,,,,,,,,,,,,
HANOVER BANCORP INC COMMON STOCK,HNVR,COMMON STOCK,410709109,US4107091096,BQB4DZ8,8199.0,170539.2,0.0,0,,FINANCIALS,UNITED STATES,AVUV,2026-03-23,,,,,,,,,,,,,
TWIN DISC INC COMMON STOCK,TWIN,COMMON STOCK,901476101,US9014761012,2908685,11328.0,168560.64,0.0,0,,INDUSTRIALS,UNITED STATES,AVUV,2026-03-23,,,,,,,,,,,,,
KOSMOS ENERGY LTD COMMON STOCK USD.01,KOS,COMMON STOCK,500688106,US5006881065,BHK15K6,59164.0,168025.76,0.0,0,,ENERGY,UNITED STATES,AVUV,2026-03-23,,,,,,,,,,,,,
ATEGRITY SPECIALTY HOLDINGS COMMON STOCK,ASIC,COMMON STOCK,04681Y103,US04681Y1038,BRQQ033,8281.0,160320.16,0.0,0,,FINANCIALS,UNITED STATES,AVUV,2026-03-23,,,,,,,,,,,,,
M TRON INDUSTRIES INC COMMON STOCK USD.01,MPTI,COMMON STOCK,55380K109,US55380K1097,BMQ67R1,2532.0,151464.24,0.0,0,,INFORMATION TECHNOLOGY,UNITED STATES,AVUV,2026-03-23,,,,,,,,,,,,,
VALHI INC COMMON STOCK USD.01,VHI,COMMON STOCK,918905209,US9189052098,BMG4NS8,9891.0,130759.02,0.0,0,,MATERIALS,UNITED STATES,AVUV,2026-03-23,,,,,,,,,,,,,
DULUTH HOLDINGS INC   CL B COMMON STOCK,DLTH,COMMON STOCK,26443V101,US26443V1017,BYP97Q4,41918.0,127849.9,0.0,0,,CONSUMER DISCRETIONARY,UNITED STATES,AVUV,2026-03-23,,,,,,,,,,,,,
JAMES RIVER GROUP HOLDINGS I COMMON STOCK USD.0002,JRVR,COMMON STOCK,46990A102,US46990A1025,BV96YL4,19736.0,121179.04,0.0,0,,FINANCIALS,UNITED STATES,AVUV,2026-03-23,,,,,,,,,,,,,
AMREP CORP COMMON STOCK USD.1,AXR,COMMON STOCK,032159105,US0321591051,2031804,4124.0,111348.0,0.0,0,,REAL ESTATE,UNITED STATES,AVUV,2026-03-23,,,,,,,,,,,,,
HELEN OF TROY LTD COMMON STOCK USD.1,HELE,COMMON STOCK,G4388N106,BMG4388N1065,2419530,7445.0,110558.25,0.0,0,,CONSUMER DISCRETIONARY,UNITED STATES,AVUV,2026-03-23,,,,,,,,,,,,,
DRILLING TOOLS INTERNATIONAL COMMON STOCK USD.0001,DTI,COMMON STOCK,26205E107,US26205E1073,BQLSC31,26259.0,98733.84,0.0,0,,ENERGY,UNITED STATES,AVUV,2026-03-23,,,,,,,,,,,,,
BEL FUSE INC CL A COMMON STOCK USD.1,BELFA,COMMON STOCK,077347201,US0773472016,2279886,516.0,97833.6,0.0,0,,INFORMATION TECHNOLOGY,UNITED STATES,AVUV,2026-03-23,,,,,,,,,,,,,
KEROS THERAPEUTICS INC COMMON STOCK USD.0001,KROS,COMMON STOCK,492327101,US4923271013,BM7V485,8752.0,95921.92,0.0,0,,HEALTH CARE,UNITED STATES,AVUV,2026-03-23,,,,,,,,,,,,,
UNIFI INC COMMON STOCK USD.1,UFI,COMMON STOCK,904677200,US9046772003,2911865,23563.0,86004.95,0.0,0,,CONSUMER DISCRETIONARY,UNITED STATES,AVUV,2026-03-23,,,,,,,,,,,,,
CLEAN ENERGY FUELS CORP COMMON STOCK USD.0001,CLNE,COMMON STOCK,184499101,US1844991018,B1Y1PC2,38079.0,80727.48,0.0,0,,ENERGY,UNITED STATES,AVUV,2026-03-23,,,,,,,,,,,,,
FIRST WESTERN FINANCIAL INC COMMON STOCK,MYFW,COMMON STOCK,33751L105,US33751L1052,BDD1B52,3274.0,80114.78,0.0,0,,FINANCIALS,UNITED STATES,AVUV,2026-03-23,,,,,,,,,,,,,
HF FOODS GROUP INC COMMON STOCK USD.0001,HFFG,COMMON STOCK,40417F109,US40417F1093,BYZLWZ4,38022.0,71481.36,0.0,0,,CONSUMER STAPLES,UNITED STATES,AVUV,2026-03-23,,,,,,,,,,,,,
JOINT CORP/THE COMMON STOCK USD.001,JYNT,COMMON STOCK,47973J102,US47973J1025,BRK0127,7559.0,62059.39,0.0,0,,HEALTH CARE,UNITED STATES,AVUV,2026-03-23,,,,,,,,,,,,,
ESCALADE INC COMMON STOCK,ESCA,COMMON STOCK,296056104,US2960561049,2321561,3175.0,55721.25,0.0,0,,CONSUMER DISCRETIONARY,UNITED STATES,AVUV,2026-03-23,,,,,,,,,,,,,
EASTERN BANKSHARES INC COMMON STOCK USD.01,EBC,COMMON STOCK,27627N105,US27627N1054,BMXL9H3,2973.0,55654.56,0.0,0,,FINANCIALS,UNITED STATES,AVUV,2026-03-23,,,,,,,,,,,,,
PRO DEX INC COMMON STOCK,PDEX,COMMON STOCK,74265M205,US74265M2052,2704292,1065.0,49565.1,0.0,0,,HEALTH CARE,UNITED STATES,AVUV,2026-03-23,,,,,,,,,,,,,
WESTERN NEW ENGLAND BANCORP COMMON STOCK USD.01,WNEB,COMMON STOCK,958892101,US9588921018,BZCNLM0,3560.0,44286.4,0.0,0,,FINANCIALS,UNITED STATES,AVUV,2026-03-23,,,,,,,,,,,,,
Q32 BIO INC COMMON STOCK USD.0001,QTTB,COMMON STOCK,746964105,US7469641051,BS2FKQ4,5885.0,39311.8,0.0,0,,HEALTH CARE,UNITED STATES,AVUV,2026-03-23,,,,,,,,,,,,,
LIVE OAK BANCSHARES INC COMMON STOCK,LOB,COMMON STOCK,53803X105,US53803X1054,BYN5Z59,1115.0,35512.75,0.0,0,,FINANCIALS,UNITED STATES,AVUV,2026-03-23,,,,,,,,,,,,,
SIFCO INDUSTRIES COMMON STOCK USD1.0,SIF,COMMON STOCK,826546103,US8265461033,2807500,2312.0,33801.44,0.0,0,,INDUSTRIALS,UNITED STATES,AVUV,2026-03-23,,,,,,,,,,,,,
GROCERY OUTLET HOLDING CORP COMMON STOCK USD.001,GO,COMMON STOCK,39874R101,US39874R1014,BK1KWF7,5730.0,33176.7,0.0,0,,CONSUMER STAPLES,UNITED STATES,AVUV,2026-03-23,,,,,,,,,,,,,
FIDELITY D+D BANCORP INC COMMON STOCK,FDBC,COMMON STOCK,31609R100,US31609R1005,2610913,711.0,30004.2,0.0,0,,FINANCIALS,UNITED STATES,AVUV,2026-03-23,,,,,,,,,,,,,
SIEBERT FINANCIAL CORP COMMON STOCK USD.01,SIEB,COMMON STOCK,826176109,US8261761097,2799384,13131.0,26524.62,0.0,0,,FINANCIALS,UNITED STATES,AVUV,2026-03-23,,,,,,,,,,,,,
PRAIRIE OPERATING CO COMMON STOCK USD.0001,PROP,COMMON STOCK,739650109,US7396501097,BRBR2C4,17964.0,25688.52,0.0,0,,ENERGY,UNITED STATES,AVUV,2026-03-23,,,,,,,,,,,,,
GEN DIGITAL INC RIGHT,GENVR,RIGHTS,668771116,US6687711167,BN12P88,21590.0,24180.8,0.0,0,,INFORMATION TECHNOLOGY,UNITED STATES,AVUV,2026-03-23,,,,,,,,,,,,,
NORWOOD FINANCIAL CORP COMMON STOCK USD.1,NWFL,COMMON STOCK,669549107,US6695491075,2549233,807.0,23322.3,0.0,0,,FINANCIALS,UNITED STATES,AVUV,2026-03-23,,,,,,,,,,,,,
IDT CORP CLASS B COMMON STOCK USD.01,IDT,COMMON STOCK,448947507,US4489475073,2757304,365.0,17359.4,0.0,0,,COMMUNICATION SERVICES,UNITED STATES,AVUV,2026-03-23,,,,,,,,,,,,,
SILVACO GROUP INC COMMON STOCK USD.0001,SVCO,COMMON STOCK,82728C102,US82728C1027,BQMQ1G0,2644.0,16762.96,0.0,0,,INFORMATION TECHNOLOGY,UNITED STATES,AVUV,2026-03-23,,,,,,,,,,,,,
TEAM INC COMMON STOCK USD.3,TISI,COMMON STOCK,878155308,US8781553081,BQZBQP6,1115.0,16457.4,0.0,0,,INDUSTRIALS,UNITED STATES,AVUV,2026-03-23,,,,,,,,,,,,,
CINEVERSE CORP COMMON STOCK USD.001,CNVS,COMMON STOCK,172406308,US1724063086,BQKRDP8,5804.0,13465.28,0.0,0,,COMMUNICATION SERVICES,UNITED STATES,AVUV,2026-03-23,,,,,,,,,,,,,
FLUSHING FINANCIAL CORP COMMON STOCK USD.01,FFIC,COMMON STOCK,343873105,US3438731057,2360111,900.0,13320.0,0.0,0,,FINANCIALS,UNITED STATES,AVUV,2026-03-23,,,,,,,,,,,,,
XBIOTECH INC COMMON STOCK,XBIT,COMMON STOCK,98400H102,CA98400H1029,BWD1LM2,5371.0,12836.69,0.0,0,,HEALTH CARE,UNITED STATES,AVUV,2026-03-23,,,,,,,,,,,,,
GEOSPACE TECHNOLOGIES CORP COMMON STOCK USD.01,GEOS,COMMON STOCK,37364X109,US37364X1090,B89MJ94,1118.0,12130.3,0.0,0,,ENERGY,UNITED STATES,AVUV,2026-03-23,,,,,,,,,,,,,
GOHEALTH INC CLASS A COMMON STOCK USD.0001,GOCO,COMMON STOCK,38046W204,US38046W2044,BP5JF56,7110.0,10807.2,0.0,0,,FINANCIALS,UNITED STATES,AVUV,2026-03-23,,,,,,,,,,,,,
SEAPORT ENTERTAINMENT GROUP COMMON STOCK,SEG,COMMON STOCK,812215200,US8122152007,BRXXTF2,504.0,10377.36,0.0,0,,REAL ESTATE,UNITED STATES,AVUV,2026-03-23,,,,,,,,,,,,,
PETMED EXPRESS INC COMMON STOCK USD.001,PETS,COMMON STOCK,716382106,US7163821066,2143099,4286.0,10372.12,0.0,0,,CONSUMER DISCRETIONARY,UNITED STATES,AVUV,2026-03-23,,,,,,,,,,,,,
TREDEGAR CORP COMMON STOCK,TG,COMMON STOCK,894650100,US8946501009,2903345,1410.0,10264.8,0.0,0,,MATERIALS,UNITED STATES,AVUV,2026-03-23,,,,,,,,,,,,,
PONCE FINANCIAL GROUP INC COMMON STOCK USD.01,PDLB,COMMON STOCK,732344106,US7323441060,BMF8HX4,595.0,9728.25,0.0,0,,FINANCIALS,UNITED STATES,AVUV,2026-03-23,,,,,,,,,,,,,
UNITED STATES LIME + MINERAL COMMON STOCK USD.1,USLM,COMMON STOCK,911922102,US9119221029,2724115,52.0,6160.44,0.0,0,,MATERIALS,UNITED STATES,AVUV,2026-03-23,,,,,,,,,,,,,
ALTA EQUIPMENT GROUP INC COMMON STOCK,ALTG,COMMON STOCK,02128L106,US02128L1061,BLLCYB0,1118.0,6014.84,0.0,0,,INDUSTRIALS,UNITED STATES,AVUV,2026-03-23,,,,,,,,,,,,,
ARDENT HEALTH INC COMMON STOCK USD.01,ARDT,COMMON STOCK,03980N107,US03980N1072,BSF1W07,475.0,4023.25,0.0,0,,HEALTH CARE,UNITED STATES,AVUV,2026-03-23,,,,,,,,,,,,,
FIGS INC CLASS A COMMON STOCK USD.0001,FIGS,COMMON STOCK,30260D103,US30260D1037,BMXXBD9,172.0,2444.12,0.0,0,,CONSUMER DISCRETIONARY,UNITED STATES,AVUV,2026-03-23,,,,,,,,,,,,,
HEALTH CATALYST INC COMMON STOCK USD.001,HCAT,COMMON STOCK,42225T107,US42225T1079,BKLCX50,1853.0,2279.19,0.0,0,,HEALTH CARE,UNITED STATES,AVUV,2026-03-23,,,,,,,,,,,,,
PAMT CORP COMMON STOCK USD.01,PAMT,COMMON STOCK,693149106,US6931491061,2669090,247.0,1980.94,0.0,0,,INDUSTRIALS,UNITED STATES,AVUV,2026-03-23,,,,,,,,,,,,,
CANTERBURY PARK HOLDING CORP COMMON STOCK USD.01,CPHC,COMMON STOCK,13811E101,US13811E1010,2586865,118.0,1833.72,0.0,0,,CONSUMER DISCRETIONARY,UNITED STATES,AVUV,2026-03-23,,,,,,,,,,,,,
TECHTARGET INC COMMON STOCK USD.001,TTGT,COMMON STOCK,87874R308,US87874R3084,BPG4DP6,450.0,1705.5,0.0,0,,COMMUNICATION SERVICES,UNITED STATES,AVUV,2026-03-23,,,,,,,,,,,,,
B+G FOODS INC COMMON STOCK USD.01,BGS,COMMON STOCK,05508R106,US05508R1068,B034L49,274.0,1328.9,0.0,0,,CONSUMER STAPLES,UNITED STATES,AVUV,2026-03-23,,,,,,,,,,,,,
BLACK DIAMOND THERAPEUTICS I COMMON STOCK,BDTX,COMMON STOCK,09203E105,US09203E1055,BKTV702,555.0,1171.05,0.0,0,,HEALTH CARE,UNITED STATES,AVUV,2026-03-23,,,,,,,,,,,,,
LOVESAC CO/THE COMMON STOCK USD.00001,LOVE,COMMON STOCK,54738L109,US54738L1098,BG88WJ0,105.0,1106.7,0.0,0,,CONSUMER DISCRETIONARY,UNITED STATES,AVUV,2026-03-23,,,,,,,,,,,,,
CONTRA CARGO THERAPEUT COMMON STOCK,OTHER,RIGHTS,141CVR019,US141CVR0196,,54092.0,540.92,0.0,0,,HEALTH CARE,UNITED STATES,AVUV,2026-03-23,,,,,,,,,,,,,
OMNIAB INC   12.5 EARNOUT COMMON STOCK,2200963D,COMMON STOCK,68218J202,US68218J2024,BP0VHM8,21075.0,145.42,0.0,0,,HEALTH CARE,UNITED STATES,AVUV,2026-03-23,,,,,,,,,,,,,
OMNIAB INC   15.00 EARNOUT COMMON STOCK,2200964D,COMMON STOCK,68218J301,US68218J3014,BP0VHL7,21075.0,73.76,0.0,0,,HEALTH CARE,UNITED STATES,AVUV,2026-03-23,,,,,,,,,,,,,
EXXON MOBIL CORP COMMON STOCK,XOM,COMMON STOCK,30231G102,US30231G1022,2326618,2291324.0,365855703.08,3.57,0,,ENERGY,UNITED STATES,AVLV,2026-03-23,,,,,,,,,,,,,
MICRON TECHNOLOGY INC COMMON STOCK USD.1,MU,COMMON STOCK,595112103,US5951121038,2588184,843856.0,356866702.4,3.48,0,,INFORMATION TECHNOLOGY,UNITED STATES,AVLV,2026-03-23,,,,,,,,,,,,,
META PLATFORMS INC CLASS A COMMON STOCK USD.000006,META,COMMON STOCK,30303M102,US30303M1027,B7TL820,494016.0,293277538.56,2.86,0,,COMMUNICATION SERVICES,UNITED STATES,AVLV,2026-03-23,,,,,,,,,,,,,
APPLE INC COMMON STOCK USD.00001,AAPL,COMMON STOCK,037833100,US0378331005,2046251,1159981.0,287663688.19,2.81,0,,INFORMATION TECHNOLOGY,UNITED STATES,AVLV,2026-03-23,,,,,,,,,,,,,
AMAZON.COM INC COMMON STOCK USD.01,AMZN,COMMON STOCK,023135106,US0231351067,2000019,1338946.0,274979340.02,2.68,0,,CONSUMER DISCRETIONARY,UNITED STATES,AVLV,2026-03-23,,,,,,,,,,,,,
CATERPILLAR INC COMMON STOCK USD1.0,CAT,COMMON STOCK,149123101,US1491231015,2180201,375574.0,255720825.12,2.5,0,,INDUSTRIALS,UNITED STATES,AVLV,2026-03-23,,,,,,,,,,,,,
LAM RESEARCH CORP COMMON STOCK USD.001,LRCX,COMMON STOCK,512807306,US5128073062,BSML4N7,1110054.0,253491931.44,2.47,0,,INFORMATION TECHNOLOGY,UNITED STATES,AVLV,2026-03-23,,,,,,,,,,,,,
MERCK + CO. INC. COMMON STOCK USD.5,MRK,COMMON STOCK,58933Y105,US58933Y1055,2778844,2044268.0,233414520.24,2.28,0,,HEALTH CARE,UNITED STATES,AVLV,2026-03-23,,,,,,,,,,,,,
COSTCO WHOLESALE CORP COMMON STOCK USD.005,COST,COMMON STOCK,22160K105,US22160K1051,2701271,234060.0,227583559.8,2.22,0,,CONSUMER STAPLES,UNITED STATES,AVLV,2026-03-23,,,,,,,,,,,,,
JPMORGAN CHASE + CO COMMON STOCK USD1.0,JPM,COMMON STOCK,46625H100,US46625H1005,2190385,761485.0,218211141.6,2.13,0,,FINANCIALS,UNITED STATES,AVLV,2026-03-23,,,,,,,,,,,,,
APPLIED MATERIALS INC COMMON STOCK USD.01,AMAT,COMMON STOCK,038222105,US0382221051,2046552,525422.0,187607179.32,1.83,0,,INFORMATION TECHNOLOGY,UNITED STATES,AVLV,2026-03-23,,,,,,,,,,,,,
VERIZON COMMUNICATIONS INC COMMON STOCK USD.1,VZ,COMMON STOCK,92343V104,US92343V1044,2090571,3653223.0,182588085.54,1.78,0,,COMMUNICATION SERVICES,UNITED STATES,AVLV,2026-03-23,,,,,,,,,,,,,
GILEAD SCIENCES INC COMMON STOCK USD.001,GILD,COMMON STOCK,375558103,US3755581036,2369174,1289142.0,176883173.82,1.73,0,,HEALTH CARE,UNITED STATES,AVLV,2026-03-23,,,,,,,,,,,,,
CONOCOPHILLIPS COMMON STOCK USD.01,COP,COMMON STOCK,20825C104,US20825C1045,2685717,1335583.0,169512194.36,1.65,0,,ENERGY,UNITED STATES,AVLV,2026-03-23,,,,,,,,,,,,,
TJX COMPANIES INC COMMON STOCK USD1.0,TJX,COMMON STOCK,872540109,US8725401090,2989301,1075427.0,166669676.46,1.63,0,,CONSUMER DISCRETIONARY,UNITED STATES,AVLV,2026-03-23,,,,,,,,,,,,,
UNION PACIFIC CORP COMMON STOCK USD2.5,UNP,COMMON STOCK,907818108,US9078181081,2914734,644386.0,151379159.12,1.48,0,,INDUSTRIALS,UNITED STATES,AVLV,2026-03-23,,,,,,,,,,,,,
WALMART INC COMMON STOCK USD.1,WMT,COMMON STOCK,931142103,US9311421039,2936921,1268945.0,151029833.9,1.47,0,,CONSUMER STAPLES,UNITED STATES,AVLV,2026-03-23,,,,,,,,,,,,,
MICROSOFT CORP COMMON STOCK USD.00000625,MSFT,COMMON STOCK,594918104,US5949181045,2588173,328326.0,125377849.62,1.22,0,,INFORMATION TECHNOLOGY,UNITED STATES,AVLV,2026-03-23,,,,,,,,,,,,,
KLA CORP COMMON STOCK USD.001,KLAC,COMMON STOCK,482480100,US4824801009,2480138,77594.0,116287799.98,1.13,0,,INFORMATION TECHNOLOGY,UNITED STATES,AVLV,2026-03-23,,,,,,,,,,,,,
PROGRESSIVE CORP COMMON STOCK USD1.0,PGR,COMMON STOCK,743315103,US7433151039,2705024,556392.0,114616752.0,1.12,0,,FINANCIALS,UNITED STATES,AVLV,2026-03-23,,,,,,,,,,,,,
EOG RESOURCES INC COMMON STOCK USD.01,EOG,COMMON STOCK,26875P101,US26875P1012,2318024,780890.0,108332869.7,1.06,0,,ENERGY,UNITED STATES,AVLV,2026-03-23,,,,,,,,,,,,,
FEDEX CORP COMMON STOCK USD.1,FDX,COMMON STOCK,31428X106,US31428X1063,2142784,300815.0,107947462.75,1.05,0,,INDUSTRIALS,UNITED STATES,AVLV,2026-03-23,,,,,,,,,,,,,
AMERICAN EXPRESS CO COMMON STOCK USD.2,AXP,COMMON STOCK,025816109,US0258161092,2026082,364024.0,107569092.0,1.05,0,,FINANCIALS,UNITED STATES,AVLV,2026-03-23,,,,,,,,,,,,,
ROSS STORES INC COMMON STOCK USD.01,ROST,COMMON STOCK,778296103,US7782961038,2746711,507669.0,107214616.11,1.05,0,,CONSUMER DISCRETIONARY,UNITED STATES,AVLV,2026-03-23,,,,,,,,,,,,,
GENERAL MOTORS CO COMMON STOCK USD.01,GM,COMMON STOCK,37045V100,US37045V1008,B665KZ5,1466426.0,106770477.06,1.04,0,,CONSUMER DISCRETIONARY,UNITED STATES,AVLV,2026-03-23,,,,,,,,,,,,,
MORGAN STANLEY COMMON STOCK USD.01,MS,COMMON STOCK,617446448,US6174464486,2262314,650058.0,104964865.26,1.02,0,,FINANCIALS,UNITED STATES,AVLV,2026-03-23,,,,,,,,,,,,,
WILLIAMS COS INC COMMON STOCK USD1.0,WMB,COMMON STOCK,969457100,US9694571004,2967181,1389994.0,100649465.54,0.98,0,,ENERGY,UNITED STATES,AVLV,2026-03-23,,,,,,,,,,,,,
CSX CORP COMMON STOCK USD1.0,CSX,COMMON STOCK,126408103,US1264081035,2160753,2609343.0,99598622.31,0.97,0,,INDUSTRIALS,UNITED STATES,AVLV,2026-03-23,,,,,,,,,,,,,
CHENIERE ENERGY INC COMMON STOCK USD.003,LNG,COMMON STOCK,16411R208,US16411R2085,2654364,350553.0,98466832.17,0.96,0,,ENERGY,UNITED STATES,AVLV,2026-03-23,,,,,,,,,,,,,
TRAVELERS COS INC/THE COMMON STOCK,TRV,COMMON STOCK,89417E109,US89417E1091,2769503,331083.0,98199217.8,0.96,0,,FINANCIALS,UNITED STATES,AVLV,2026-03-23,,,,,,,,,,,,,
TARGA RESOURCES CORP COMMON STOCK USD.001,TRGP,COMMON STOCK,87612G101,US87612G1013,B55PZY3,381498.0,90571440.18,0.88,0,,ENERGY,UNITED STATES,AVLV,2026-03-23,,,,,,,,,,,,,
UNITED PARCEL SERVICE CL B COMMON STOCK USD.01,UPS,COMMON STOCK,911312106,US9113121068,2517382,907972.0,87038195.92,0.85,0,,INDUSTRIALS,UNITED STATES,AVLV,2026-03-23,,,,,,,,,,,,,
FREEPORT MCMORAN INC COMMON STOCK USD.1,FCX,COMMON STOCK,35671D857,US35671D8570,2352118,1614555.0,84102169.95,0.82,0,,MATERIALS,UNITED STATES,AVLV,2026-03-23,,,,,,,,,,,,,
ALPHABET INC CL A COMMON STOCK USD.001,GOOGL,COMMON STOCK,02079K305,US02079K3059,BYVY8G0,269310.0,81062310.0,0.79,0,,COMMUNICATION SERVICES,UNITED STATES,AVLV,2026-03-23,,,,,,,,,,,,,
NORFOLK SOUTHERN CORP COMMON STOCK USD1.0,NSC,COMMON STOCK,655844108,US6558441084,2641894,288018.0,80958979.62,0.79,0,,INDUSTRIALS,UNITED STATES,AVLV,2026-03-23,,,,,,,,,,,,,
T MOBILE US INC COMMON STOCK USD.0001,TMUS,COMMON STOCK,872590104,US8725901040,B94Q9V0,385113.0,80284507.11,0.78,0,,COMMUNICATION SERVICES,UNITED STATES,AVLV,2026-03-23,,,,,,,,,,,,,
ROYAL CARIBBEAN CRUISES LTD COMMON STOCK USD.01,RCL,COMMON STOCK,V7780T103,LR0008862868,2754907,297561.0,78451957.65,0.77,0,,CONSUMER DISCRETIONARY,UNITED STATES,AVLV,2026-03-23,,,,,,,,,,,,,
DEERE + CO COMMON STOCK USD1.0,DE,COMMON STOCK,244199105,US2441991054,2261203,138789.0,77684366.97,0.76,0,,INDUSTRIALS,UNITED STATES,AVLV,2026-03-23,,,,,,,,,,,,,
ALLSTATE CORP COMMON STOCK USD.01,ALL,COMMON STOCK,020002101,US0200021014,2019952,375515.0,77213394.3,0.75,0,,FINANCIALS,UNITED STATES,AVLV,2026-03-23,,,,,,,,,,,,,
KROGER CO COMMON STOCK USD1.0,KR,COMMON STOCK,501044101,US5010441013,2497406,1034110.0,75696852.0,0.74,0,,CONSUMER STAPLES,UNITED STATES,AVLV,2026-03-23,,,,,,,,,,,,,
DELTA AIR LINES INC COMMON STOCK USD.0001,DAL,COMMON STOCK,247361702,US2473617023,B1W9D46,1171779.0,74337659.76,0.73,0,,INDUSTRIALS,UNITED STATES,AVLV,2026-03-23,,,,,,,,,,,,,
TARGET CORP COMMON STOCK USD.0833,TGT,COMMON STOCK,87612E106,US87612E1064,2259101,656167.0,74317474.42,0.73,0,,CONSUMER STAPLES,UNITED STATES,AVLV,2026-03-23,,,,,,,,,,,,,
AMERIPRISE FINANCIAL INC COMMON STOCK USD.01,AMP,COMMON STOCK,03076C106,US03076C1062,B0J7D57,158945.0,69767318.3,0.68,0,,FINANCIALS,UNITED STATES,AVLV,2026-03-23,,,,,,,,,,,,,
WW GRAINGER INC COMMON STOCK USD.5,GWW,COMMON STOCK,384802104,US3848021040,2380863,66559.0,69351150.05,0.68,0,,INDUSTRIALS,UNITED STATES,AVLV,2026-03-23,,,,,,,,,,,,,
HARTFORD INSURANCE GROUP INC COMMON STOCK USD.01,HIG,COMMON STOCK,416515104,US4165151048,2476193,521698.0,69203239.7,0.68,0,,FINANCIALS,UNITED STATES,AVLV,2026-03-23,,,,,,,,,,,,,
ALPHABET INC CL C COMMON STOCK USD.001,GOOG,COMMON STOCK,02079K107,US02079K1079,BYY88Y7,211042.0,63057239.18,0.62,0,,COMMUNICATION SERVICES,UNITED STATES,AVLV,2026-03-23,,,,,,,,,,,,,
OCCIDENTAL PETROLEUM CORP COMMON STOCK USD.2,OXY,COMMON STOCK,674599105,US6745991058,2655408,1010206.0,61329606.26,0.6,0,,ENERGY,UNITED STATES,AVLV,2026-03-23,,,,,,,,,,,,,
TECHNIPFMC PLC COMMON STOCK USD1.0,FTI,COMMON STOCK,G87110105,GB00BDSFG982,BDSFG98,934238.0,60968371.88,0.59,0,,ENERGY,UNITED STATES,AVLV,2026-03-23,,,,,,,,,,,,,
EMCOR GROUP INC COMMON STOCK USD.01,EME,COMMON STOCK,29084Q100,US29084Q1004,2474164,83620.0,60618646.6,0.59,0,,INDUSTRIALS,UNITED STATES,AVLV,2026-03-23,,,,,,,,,,,,,
DEVON ENERGY CORP COMMON STOCK USD.1,DVN,COMMON STOCK,25179M103,US25179M1036,2480677,1233463.0,60020309.58,0.59,0,,ENERGY,UNITED STATES,AVLV,2026-03-23,,,,,,,,,,,,,
UNITED AIRLINES HOLDINGS INC COMMON STOCK USD.01,UAL,COMMON STOCK,910047109,US9100471096,B4QG225,658372.0,59220561.4,0.58,0,,INDUSTRIALS,UNITED STATES,AVLV,2026-03-23,,,,,,,,,,,,,
AMERICAN INTERNATIONAL GROUP COMMON STOCK USD2.5,AIG,COMMON STOCK,026874784,US0268747849,2027342,786421.0,58501858.19,0.57,0,,FINANCIALS,UNITED STATES,AVLV,2026-03-23,,,,,,,,,,,,,
COMCAST CORP CLASS A COMMON STOCK USD.01,CMCSA,COMMON STOCK,20030N101,US20030N1019,2044545,1983387.0,57557890.74,0.56,0,,COMMUNICATION SERVICES,UNITED STATES,AVLV,2026-03-23,,,,,,,,,,,,,
CUMMINS INC COMMON STOCK USD2.5,CMI,COMMON STOCK,231021106,US2310211063,2240202,103793.0,55377717.22,0.54,0,,INDUSTRIALS,UNITED STATES,AVLV,2026-03-23,,,,,,,,,,,,,
OLD DOMINION FREIGHT LINE COMMON STOCK USD.1,ODFL,COMMON STOCK,679580100,US6795801009,2656423,294977.0,54252169.84,0.53,0,,INDUSTRIALS,UNITED STATES,AVLV,2026-03-23,,,,,,,,,,,,,
METLIFE INC COMMON STOCK USD.01,MET,COMMON STOCK,59156R108,US59156R1086,2573209,765196.0,52461837.76,0.51,0,,FINANCIALS,UNITED STATES,AVLV,2026-03-23,,,,,,,,,,,,,
FLEX LTD COMMON STOCK,FLEX,COMMON STOCK,Y2573F102,SG9999000020,2353058,831271.0,51239544.44,0.5,0,,INFORMATION TECHNOLOGY,UNITED STATES,AVLV,2026-03-23,,,,,,,,,,,,,
ULTA BEAUTY INC COMMON STOCK,ULTA,COMMON STOCK,90384S303,US90384S3031,B28TS42,96670.0,51232199.9,0.5,0,,CONSUMER DISCRETIONARY,UNITED STATES,AVLV,2026-03-23,,,,,,,,,,,,,
SYNCHRONY FINANCIAL COMMON STOCK USD.001,SYF,COMMON STOCK,87165B103,US87165B1035,BP96PS6,768720.0,50881576.8,0.5,0,,FINANCIALS,UNITED STATES,AVLV,2026-03-23,,,,,,,,,,,,,
COTERRA ENERGY INC COMMON STOCK USD.1,CTRA,COMMON STOCK,127097103,US1270971039,2162340,1471207.0,49976901.79,0.49,0,,ENERGY,UNITED STATES,AVLV,2026-03-23,,,,,,,,,,,,,
DOLLAR GENERAL CORP COMMON STOCK USD.875,DG,COMMON STOCK,256677105,US2566771059,B5B1S13,393325.0,48976829.0,0.48,0,,CONSUMER STAPLES,UNITED STATES,AVLV,2026-03-23,,,,,,,,,,,,,
ARCH CAPITAL GROUP LTD COMMON STOCK USD.01,ACGL,COMMON STOCK,G0450A105,BMG0450A1053,2740542,530557.0,48970411.1,0.48,0,,FINANCIALS,UNITED STATES,AVLV,2026-03-23,,,,,,,,,,,,,
HALLIBURTON CO COMMON STOCK USD2.5,HAL,COMMON STOCK,406216101,US4062161017,2405302,1296635.0,47366076.55,0.46,0,,ENERGY,UNITED STATES,AVLV,2026-03-23,,,,,,,,,,,,,
CHIPOTLE MEXICAN GRILL INC COMMON STOCK USD.01,CMG,COMMON STOCK,169656105,US1696561059,B0X7DZ3,1398967.0,46683528.79,0.46,0,,CONSUMER DISCRETIONARY,UNITED STATES,AVLV,2026-03-23,,,,,,,,,,,,,
CARNIVAL CORP COMMON STOCK USD.01,CCL,COMMON STOCK,143658300,PA1436583006,2523044,1881596.0,45384095.52,0.44,0,,CONSUMER DISCRETIONARY,UNITED STATES,AVLV,2026-03-23,,,,,,,,,,,,,
TRACTOR SUPPLY COMPANY COMMON STOCK USD.008,TSCO,COMMON STOCK,892356106,US8923561067,2900335,987878.0,45215176.06,0.44,0,,CONSUMER DISCRETIONARY,UNITED STATES,AVLV,2026-03-23,,,,,,,,,,,,,
PRUDENTIAL FINANCIAL INC COMMON STOCK USD.01,PRU,COMMON STOCK,744320102,US7443201022,2819118,477116.0,44386101.48,0.43,0,,FINANCIALS,UNITED STATES,AVLV,2026-03-23,,,,,,,,,,,,,
WILLIAMS SONOMA INC COMMON STOCK USD.01,WSM,COMMON STOCK,969904101,US9699041011,2967589,247649.0,44185534.58,0.43,0,,CONSUMER DISCRETIONARY,UNITED STATES,AVLV,2026-03-23,,,,,,,,,,,,,
BURLINGTON STORES INC COMMON STOCK USD.0001,BURL,COMMON STOCK,122017106,US1220171060,BF311Y5,138473.0,42979249.74,0.42,0,,CONSUMER DISCRETIONARY,UNITED STATES,AVLV,2026-03-23,,,,,,,,,,,,,
EXPEDITORS INTL WASH INC COMMON STOCK USD.01,EXPD,COMMON STOCK,302130109,US3021301094,2325507,290637.0,42534724.95,0.42,0,,INDUSTRIALS,UNITED STATES,AVLV,2026-03-23,,,,,,,,,,,,,
NETFLIX INC COMMON STOCK USD.001,NFLX,COMMON STOCK,64110L106,US64110L1061,2857817,461923.0,42413769.86,0.41,0,,COMMUNICATION SERVICES,UNITED STATES,AVLV,2026-03-23,,,,,,,,,,,,,
ONEOK INC COMMON STOCK USD.01,OKE,COMMON STOCK,682680103,US6826801036,2130109,472121.0,42117914.41,0.41,0,,ENERGY,UNITED STATES,AVLV,2026-03-23,,,,,,,,,,,,,
DOLLAR TREE INC COMMON STOCK USD.01,DLTR,COMMON STOCK,256746108,US2567461080,2272476,389426.0,41248001.92,0.4,0,,CONSUMER STAPLES,UNITED STATES,AVLV,2026-03-23,,,,,,,,,,,,,
CF INDUSTRIES HOLDINGS INC COMMON STOCK USD.01,CF,COMMON STOCK,125269100,US1252691001,B0G4K50,329009.0,41093224.1,0.4,0,,MATERIALS,UNITED STATES,AVLV,2026-03-23,,,,,,,,,,,,,
NEXTPOWER INC CL A COMMON STOCK USD.0001,NXT,COMMON STOCK,65290E101,US65290E1010,BR1GTS6,355732.0,40692183.48,0.4,0,,INDUSTRIALS,UNITED STATES,AVLV,2026-03-23,,,,,,,,,,,,,
APA CORP COMMON STOCK USD.625,APA,COMMON STOCK,03743Q108,US03743Q1085,BNNF1C1,931104.0,36415477.44,0.36,0,,ENERGY,UNITED STATES,AVLV,2026-03-23,,,,,,,,,,,,,
NORTHERN TRUST CORP COMMON STOCK USD1.666666,NTRS,COMMON STOCK,665859104,US6658591044,2648668,267883.0,36362438.42,0.35,0,,FINANCIALS,UNITED STATES,AVLV,2026-03-23,,,,,,,,,,,,,
ON SEMICONDUCTOR COMMON STOCK USD.01,ON,COMMON STOCK,682189105,US6821891057,2583576,611019.0,36208985.94,0.35,0,,INFORMATION TECHNOLOGY,UNITED STATES,AVLV,2026-03-23,,,,,,,,,,,,,
DIAMONDBACK ENERGY INC COMMON STOCK USD.01,FANG,COMMON STOCK,25278X109,US25278X1090,B7Y8YR3,182789.0,35194194.06,0.34,0,,ENERGY,UNITED STATES,AVLV,2026-03-23,,,,,,,,,,,,,
HUNT (JB) TRANSPRT SVCS INC COMMON STOCK USD.01,JBHT,COMMON STOCK,445658107,US4456581077,2445416,171857.0,34359370.01,0.34,0,,INDUSTRIALS,UNITED STATES,AVLV,2026-03-23,,,,,,,,,,,,,
LYONDELLBASELL INDU CL A COMMON STOCK EUR.04,LYB,COMMON STOCK,N53745100,NL0009434992,B3SPXZ3,468480.0,34348953.6,0.34,0,,MATERIALS,UNITED STATES,AVLV,2026-03-23,,,,,,,,,,,,,
CONSTELLATION BRANDS INC A COMMON STOCK USD.01,STZ,COMMON STOCK,21036P108,US21036P1084,2170473,228935.0,34253254.7,0.33,0,,CONSUMER STAPLES,UNITED STATES,AVLV,2026-03-23,,,,,,,,,,,,,
OVINTIV INC COMMON STOCK,OVV,COMMON STOCK,69047Q102,US69047Q1022,BJ01KB6,600471.0,34208832.87,0.33,0,,ENERGY,UNITED STATES,AVLV,2026-03-23,,,,,,,,,,,,,
VIATRIS INC COMMON STOCK,VTRS,COMMON STOCK,92556V106,US92556V1061,BMWS3X9,2575178.0,33992349.6,0.33,0,,HEALTH CARE,UNITED STATES,AVLV,2026-03-23,,,,,,,,,,,,,
LPL FINANCIAL HOLDINGS INC COMMON STOCK,LPLA,COMMON STOCK,50212V100,US50212V1008,B75JX34,110003.0,32239679.24,0.31,0,,FINANCIALS,UNITED STATES,AVLV,2026-03-23,,,,,,,,,,,,,
DECKERS OUTDOOR CORP COMMON STOCK USD.01,DECK,COMMON STOCK,243537107,US2435371073,2267278,320402.0,32177972.86,0.31,0,,CONSUMER DISCRETIONARY,UNITED STATES,AVLV,2026-03-23,,,,,,,,,,,,,
RENAISSANCERE HOLDINGS LTD COMMON STOCK USD1.0,RNR,COMMON STOCK,G7496G103,BMG7496G1033,2728429,108833.0,31641018.09,0.31,0,,FINANCIALS,UNITED STATES,AVLV,2026-03-23,,,,,,,,,,,,,
PACKAGING CORP OF AMERICA COMMON STOCK USD.01,PKG,COMMON STOCK,695156109,US6951561090,2504566,152458.0,30907810.34,0.3,0,,MATERIALS,UNITED STATES,AVLV,2026-03-23,,,,,,,,,,,,,
PERMIAN RESOURCES CORP CL A COMMON STOCK USD.0001,PR,COMMON STOCK,71424F105,US71424F1057,BQPCHB2,1508926.0,30284144.82,0.3,0,,ENERGY,UNITED STATES,AVLV,2026-03-23,,,,,,,,,,,,,
BJ S WHOLESALE CLUB HOLDINGS COMMON STOCK USD.01,BJ,COMMON STOCK,05550J101,US05550J1016,BFZNZF8,299723.0,29085119.92,0.28,0,,CONSUMER STAPLES,UNITED STATES,AVLV,2026-03-23,,,,,,,,,,,,,
LAS VEGAS SANDS CORP COMMON STOCK USD.001,LVS,COMMON STOCK,517834107,US5178341070,B02T2J7,548707.0,29043061.51,0.28,0,,CONSUMER DISCRETIONARY,UNITED STATES,AVLV,2026-03-23,,,,,,,,,,,,,
BEST BUY CO INC COMMON STOCK USD.1,BBY,COMMON STOCK,086516101,US0865161014,2094670,448764.0,28182379.2,0.28,0,,CONSUMER DISCRETIONARY,UNITED STATES,AVLV,2026-03-23,,,,,,,,,,,,,
RALPH LAUREN CORP COMMON STOCK USD.01,RL,COMMON STOCK,751212101,US7512121010,B4V9661,83925.0,27684339.75,0.27,0,,CONSUMER DISCRETIONARY,UNITED STATES,AVLV,2026-03-23,,,,,,,,,,,,,
EXPAND ENERGY CORP COMMON STOCK USD.01,EXE,COMMON STOCK,165167735,US1651677353,BMZ5LZ5,254725.0,27337087.0,0.27,0,,ENERGY,UNITED STATES,AVLV,2026-03-23,,,,,,,,,,,,,
TEXAS ROADHOUSE INC COMMON STOCK USD.001,TXRH,COMMON STOCK,882681109,US8826811098,B033TJ7,157084.0,26844084.76,0.26,0,,CONSUMER DISCRETIONARY,UNITED STATES,AVLV,2026-03-23,,,,,,,,,,,,,
LENNAR CORP W/D COMMON STOCK USD.1,LEN,COMMON STOCK,526057104,US5260571048,2511920,295942.0,26797548.1,0.26,0,,CONSUMER DISCRETIONARY,UNITED STATES,AVLV,2026-03-23,,,,,,,,,,,,,
BORGWARNER INC COMMON STOCK USD.01,BWA,COMMON STOCK,099724106,US0997241064,2111955,512566.0,26771322.18,0.26,0,,CONSUMER DISCRETIONARY,UNITED STATES,AVLV,2026-03-23,,,,,,,,,,,,,
PRINCIPAL FINANCIAL GROUP COMMON STOCK USD.01,PFG,COMMON STOCK,74251V102,US74251V1026,2803014,313796.0,26694625.72,0.26,0,,FINANCIALS,UNITED STATES,AVLV,2026-03-23,,,,,,,,,,,,,
T ROWE PRICE GROUP INC COMMON STOCK USD.2,TROW,COMMON STOCK,74144T108,US74144T1088,2702337,304125.0,26212533.75,0.26,0,,FINANCIALS,UNITED STATES,AVLV,2026-03-23,,,,,,,,,,,,,
JAZZ PHARMACEUTICALS PLC COMMON STOCK USD.0001,JAZZ,COMMON STOCK,G50871105,IE00B4Q5ZN47,B4Q5ZN4,141788.0,25609748.56,0.25,0,,HEALTH CARE,UNITED STATES,AVLV,2026-03-23,,,,,,,,,,,,,
ARCHER DANIELS MIDLAND CO COMMON STOCK,ADM,COMMON STOCK,039483102,US0394831020,2047317,385378.0,25500462.26,0.25,0,,CONSUMER STAPLES,UNITED STATES,AVLV,2026-03-23,,,,,,,,,,,,,
GLOBE LIFE INC COMMON STOCK USD1.0,GL,COMMON STOCK,37959E102,US37959E1029,BK6YKG1,180534.0,24697051.2,0.24,0,,FINANCIALS,UNITED STATES,AVLV,2026-03-23,,,,,,,,,,,,,
APTIV PLC COMMON STOCK USD.01,APTV,COMMON STOCK,G3265R107,JE00BTDN8H13,BTDN8H1,358497.0,24413645.7,0.24,0,,CONSUMER DISCRETIONARY,UNITED STATES,AVLV,2026-03-23,,,,,,,,,,,,,
FIVE BELOW COMMON STOCK USD.01,FIVE,COMMON STOCK,33829M101,US33829M1018,B85KFY9,105407.0,23971659.94,0.23,0,,CONSUMER DISCRETIONARY,UNITED STATES,AVLV,2026-03-23,,,,,,,,,,,,,
ESTEE LAUDER COMPANIES CL A COMMON STOCK USD.01,EL,COMMON STOCK,518439104,US5184391044,2320524,273486.0,23497917.12,0.23,0,,CONSUMER STAPLES,UNITED STATES,AVLV,2026-03-23,,,,,,,,,,,,,
EAST WEST BANCORP INC COMMON STOCK USD.001,EWBC,COMMON STOCK,27579R104,US27579R1041,2487407,226738.0,23474185.14,0.23,0,,FINANCIALS,UNITED STATES,AVLV,2026-03-23,,,,,,,,,,,,,
ALLY FINANCIAL INC COMMON STOCK USD.01,ALLY,COMMON STOCK,02005N100,US02005N1000,B72XK05,604655.0,23236891.65,0.23,0,,FINANCIALS,UNITED STATES,AVLV,2026-03-23,,,,,,,,,,,,,
EXELIXIS INC COMMON STOCK USD.001,EXEL,COMMON STOCK,30161Q104,US30161Q1040,2576941,559607.0,23094980.89,0.23,0,,HEALTH CARE,UNITED STATES,AVLV,2026-03-23,,,,,,,,,,,,,
TALEN ENERGY CORP COMMON STOCK USD.001,TLN,COMMON STOCK,87422Q109,US87422Q1094,BRRF114,75037.0,22733959.89,0.22,0,,UTILITIES,UNITED STATES,AVLV,2026-03-23,,,,,,,,,,,,,
NORWEGIAN CRUISE LINE HOLDIN COMMON STOCK USD.001,NCLH,COMMON STOCK,G66721104,BMG667211046,B9CGTC3,1177901.0,22321223.95,0.22,0,,CONSUMER DISCRETIONARY,UNITED STATES,AVLV,2026-03-23,,,,,,,,,,,,,
LULULEMON ATHLETICA INC COMMON STOCK USD.005,LULU,COMMON STOCK,550021109,US5500211090,B23FN39,137060.0,22316109.2,0.22,0,,CONSUMER DISCRETIONARY,UNITED STATES,AVLV,2026-03-23,,,,,,,,,,,,,
ASSURANT INC COMMON STOCK USD.01,AIZ,COMMON STOCK,04621X108,US04621X1081,2331430,104629.0,22266097.49,0.22,0,,FINANCIALS,UNITED STATES,AVLV,2026-03-23,,,,,,,,,,,,,
RANGE RESOURCES CORP COMMON STOCK USD.01,RRC,COMMON STOCK,75281A109,US75281A1097,2523334,496852.0,22095008.44,0.22,0,,ENERGY,UNITED STATES,AVLV,2026-03-23,,,,,,,,,,,,,
NVR INC COMMON STOCK USD.01,NVR,COMMON STOCK,62944T105,US62944T1051,2637785,3430.0,21846973.4,0.21,0,,CONSUMER DISCRETIONARY,UNITED STATES,AVLV,2026-03-23,,,,,,,,,,,,,
INTERDIGITAL INC COMMON STOCK USD.01,IDCC,COMMON STOCK,45867G101,US45867G1013,2465737,66309.0,21596178.21,0.21,0,,INFORMATION TECHNOLOGY,UNITED STATES,AVLV,2026-03-23,,,,,,,,,,,,,
PRIMERICA INC COMMON STOCK,PRI,COMMON STOCK,74164M108,US74164M1080,B50K3X8,82780.0,20326629.0,0.2,0,,FINANCIALS,UNITED STATES,AVLV,2026-03-23,,,,,,,,,,,,,
MASIMO CORP COMMON STOCK USD.001,MASI,COMMON STOCK,574795100,US5747951003,B1YWR63,112919.0,20126682.56,0.2,0,,HEALTH CARE,UNITED STATES,AVLV,2026-03-23,,,,,,,,,,,,,
TORO CO COMMON STOCK USD1.0,TTC,COMMON STOCK,891092108,US8910921084,2897040,216318.0,20100268.56,0.2,0,,INDUSTRIALS,UNITED STATES,AVLV,2026-03-23,,,,,,,,,,,,,
DEXCOM INC COMMON STOCK USD.001,DXCM,COMMON STOCK,252131107,US2521311074,B0796X4,298029.0,19953041.55,0.19,0,,HEALTH CARE,UNITED STATES,AVLV,2026-03-23,,,,,,,,,,,,,
FORD MOTOR CO COMMON STOCK USD.01,F,COMMON STOCK,345370860,US3453708600,2615468,1728101.0,19907723.52,0.19,0,,CONSUMER DISCRETIONARY,UNITED STATES,AVLV,2026-03-23,,,,,,,,,,,,,
AXIS CAPITAL HOLDINGS LTD COMMON STOCK USD.0125,AXS,COMMON STOCK,G0692U109,BMG0692U1099,2677606,199223.0,19836634.11,0.19,0,,FINANCIALS,UNITED STATES,AVLV,2026-03-23,,,,,,,,,,,,,
OWENS CORNING COMMON STOCK USD.001,OC,COMMON STOCK,690742101,US6907421019,B1FW7Q2,195137.0,19505894.52,0.19,0,,INDUSTRIALS,UNITED STATES,AVLV,2026-03-23,,,,,,,,,,,,,
UNIVERSAL HEALTH SERVICES B COMMON STOCK USD.01,UHS,COMMON STOCK,913903100,US9139031002,2923785,104492.0,19416703.44,0.19,0,,HEALTH CARE,UNITED STATES,AVLV,2026-03-23,,,,,,,,,,,,,
DYCOM INDUSTRIES INC COMMON STOCK USD.3333333,DY,COMMON STOCK,267475101,US2674751019,2289841,57689.0,19405425.82,0.19,0,,INDUSTRIALS,UNITED STATES,AVLV,2026-03-23,,,,,,,,,,,,,
RYDER SYSTEM INC COMMON STOCK USD.5,R,COMMON STOCK,783549108,US7835491082,2760669,101013.0,19372273.14,0.19,0,,INDUSTRIALS,UNITED STATES,AVLV,2026-03-23,,,,,,,,,,,,,
JACKSON FINANCIAL INC A COMMON STOCK USD.01,JXN,COMMON STOCK,46817M107,US46817M1071,BMFX6P4,186755.0,19245102.75,0.19,0,,FINANCIALS,UNITED STATES,AVLV,2026-03-23,,,,,,,,,,,,,
MURPHY USA INC COMMON STOCK USD.01,MUSA,COMMON STOCK,626755102,US6267551025,BCZWJ63,40000.0,18926800.0,0.18,0,,CONSUMER DISCRETIONARY,UNITED STATES,AVLV,2026-03-23,,,,,,,,,,,,,
COCA COLA CONSOLIDATED INC COMMON STOCK USD1.0,COKE,COMMON STOCK,191098102,US1910981026,2206721,91579.0,18448589.55,0.18,0,,CONSUMER STAPLES,UNITED STATES,AVLV,2026-03-23,,,,,,,,,,,,,
ADVANCED DRAINAGE SYSTEMS IN COMMON STOCK USD.01,WMS,COMMON STOCK,00790R104,US00790R1041,BP7RS59,138576.0,18318361.44,0.18,0,,INDUSTRIALS,UNITED STATES,AVLV,2026-03-23,,,,,,,,,,,,,
HF SINCLAIR CORP COMMON STOCK,DINO,COMMON STOCK,403949100,US4039491000,BMZQ9C1,303830.0,18296642.6,0.18,0,,ENERGY,UNITED STATES,AVLV,2026-03-23,,,,,,,,,,,,,
EQT CORP COMMON STOCK,EQT,COMMON STOCK,26884L109,US26884L1098,2319414,279892.0,18100615.64,0.18,0,,ENERGY,UNITED STATES,AVLV,2026-03-23,,,,,,,,,,,,,
MUELLER INDUSTRIES INC COMMON STOCK USD.01,MLI,COMMON STOCK,624756102,US6247561029,2609717,166499.0,17941932.24,0.18,0,,INDUSTRIALS,UNITED STATES,AVLV,2026-03-23,,,,,,,,,,,,,
ARMSTRONG WORLD INDUSTRIES COMMON STOCK USD.01,AWI,COMMON STOCK,04247X102,US04247X1028,B1FT462,109134.0,17882697.24,0.17,0,,INDUSTRIALS,UNITED STATES,AVLV,2026-03-23,,,,,,,,,,,,,
AUTOLIV INC COMMON STOCK USD1.0,ALV,COMMON STOCK,052800109,US0528001094,2064253,176995.0,17759678.3,0.17,0,,CONSUMER DISCRETIONARY,UNITED STATES,AVLV,2026-03-23,,,,,,,,,,,,,
SPROUTS FARMERS MARKET INC COMMON STOCK USD.001,SFM,COMMON STOCK,85208M102,US85208M1027,BCGCR79,217000.0,17750600.0,0.17,0,,CONSUMER STAPLES,UNITED STATES,AVLV,2026-03-23,,,,,,,,,,,,,
VALMONT INDUSTRIES COMMON STOCK USD1.0,VMI,COMMON STOCK,920253101,US9202531011,2926825,44944.0,17616250.24,0.17,0,,INDUSTRIALS,UNITED STATES,AVLV,2026-03-23,,,,,,,,,,,,,
CENTENE CORP COMMON STOCK USD.001,CNC,COMMON STOCK,15135B101,US15135B1017,2807061,508433.0,17490095.2,0.17,0,,HEALTH CARE,UNITED STATES,AVLV,2026-03-23,,,,,,,,,,,,,
VISA INC CLASS A SHARES COMMON STOCK USD.0001,V,COMMON STOCK,92826C839,US92826C8394,B2PZN04,56132.0,16930533.84,0.17,0,,FINANCIALS,UNITED STATES,AVLV,2026-03-23,,,,,,,,,,,,,
VF CORP COMMON STOCK,VFC,COMMON STOCK,918204108,US9182041080,2928683,1008144.0,16412584.32,0.16,0,,CONSUMER DISCRETIONARY,UNITED STATES,AVLV,2026-03-23,,,,,,,,,,,,,
INGREDION INC COMMON STOCK USD.01,INGR,COMMON STOCK,457187102,US4571871023,B7K24P7,149901.0,16363193.16,0.16,0,,CONSUMER STAPLES,UNITED STATES,AVLV,2026-03-23,,,,,,,,,,,,,
SOLSTICE ADV MATERIALS INC COMMON STOCK USD.01,SOLS,COMMON STOCK,83443Q103,US83443Q1031,BW2K5V7,241965.0,16223753.25,0.16,0,,MATERIALS,UNITED STATES,AVLV,2026-03-23,,,,,,,,,,,,,
FOX CORP   CLASS A COMMON STOCK USD.01,FOXA,COMMON STOCK,35137L105,US35137L1052,BJJMGL2,277928.0,16069796.96,0.16,0,,COMMUNICATION SERVICES,UNITED STATES,AVLV,2026-03-23,,,,,,,,,,,,,
PRIMORIS SERVICES CORP COMMON STOCK USD.0001,PRIM,COMMON STOCK,74164F103,US74164F1030,B1GC200,111909.0,15535207.38,0.15,0,,INDUSTRIALS,UNITED STATES,AVLV,2026-03-23,,,,,,,,,,,,,
GAP INC/THE COMMON STOCK USD.05,GAP,COMMON STOCK,364760108,US3647601083,2360326,633638.0,15150284.58,0.15,0,,CONSUMER DISCRETIONARY,UNITED STATES,AVLV,2026-03-23,,,,,,,,,,,,,
ANTERO MIDSTREAM CORP COMMON STOCK,AM,COMMON STOCK,03676B102,US03676B1026,BJBT0Q4,642545.0,14553644.25,0.14,0,,ENERGY,UNITED STATES,AVLV,2026-03-23,,,,,,,,,,,,,
ONEMAIN HOLDINGS INC COMMON STOCK USD.01,OMF,COMMON STOCK,68268W103,US68268W1036,BYSZB89,279964.0,14412546.72,0.14,0,,FINANCIALS,UNITED STATES,AVLV,2026-03-23,,,,,,,,,,,,,
AMERICAN FINANCIAL GROUP INC COMMON STOCK,AFG,COMMON STOCK,025932104,US0259321042,2134532,114536.0,14223080.48,0.14,0,,FINANCIALS,UNITED STATES,AVLV,2026-03-23,,,,,,,,,,,,,
COREBRIDGE FINANCIAL INC COMMON STOCK USD.01,CRBG,COMMON STOCK,21871X109,US21871X1090,BMTX0G9,600097.0,13910248.46,0.14,0,,FINANCIALS,UNITED STATES,AVLV,2026-03-23,,,,,,,,,,,,,
EAGLE MATERIALS INC COMMON STOCK USD.01,EXP,COMMON STOCK,26969P108,US26969P1084,2191399,76628.0,13262007.96,0.13,0,,MATERIALS,UNITED STATES,AVLV,2026-03-23,,,,,,,,,,,,,
ZIONS BANCORP NA COMMON STOCK USD.001,ZION,COMMON STOCK,989701107,US9897011071,2989828,244980.0,13241169.0,0.13,0,,FINANCIALS,UNITED STATES,AVLV,2026-03-23,,,,,,,,,,,,,
AUTONATION INC COMMON STOCK USD.01,AN,COMMON STOCK,05329W102,US05329W1027,2732635,71987.0,13062761.02,0.13,0,,CONSUMER DISCRETIONARY,UNITED STATES,AVLV,2026-03-23,,,,,,,,,,,,,
MATADOR RESOURCES CO COMMON STOCK USD.01,MTDR,COMMON STOCK,576485205,US5764852050,B7MSLL8,223083.0,13050355.5,0.13,0,,ENERGY,UNITED STATES,AVLV,2026-03-23,,,,,,,,,,,,,
HERSHEY CO/THE COMMON STOCK USD1.0,HSY,COMMON STOCK,427866108,US4278661081,2422806,60844.0,12785758.16,0.12,0,,CONSUMER STAPLES,UNITED STATES,AVLV,2026-03-23,,,,,,,,,,,,,
HESS MIDSTREAM LP   CLASS A COMMON STOCK,HESM,COMMON STOCK,428103105,US4281031058,BKPK695,308410.0,12209951.9,0.12,0,,ENERGY,UNITED STATES,AVLV,2026-03-23,,,,,,,,,,,,,
CHORD ENERGY CORP COMMON STOCK,CHRD,COMMON STOCK,674215207,US6742152076,BLDDYB1,90815.0,11979406.65,0.12,0,,ENERGY,UNITED STATES,AVLV,2026-03-23,,,,,,,,,,,,,
NEWMARKET CORP COMMON STOCK,NEU,COMMON STOCK,651587107,US6515871076,B01CGF1,19019.0,11687936.26,0.11,0,,MATERIALS,UNITED STATES,AVLV,2026-03-23,,,,,,,,,,,,,
LAMB WESTON HOLDINGS INC COMMON STOCK USD1.0,LW,COMMON STOCK,513272104,US5132721045,BDQZFJ3,286736.0,11469440.0,0.11,0,,CONSUMER STAPLES,UNITED STATES,AVLV,2026-03-23,,,,,,,,,,,,,
BOYD GAMING CORP COMMON STOCK USD.01,BYD,COMMON STOCK,103304101,US1033041013,2117232,135836.0,11010866.16,0.11,0,,CONSUMER DISCRETIONARY,UNITED STATES,AVLV,2026-03-23,,,,,,,,,,,,,
GALAXY DIGITAL INC A COMMON STOCK USD.001,GLXY,COMMON STOCK,36317J209,US36317J2096,BV97X10,528608.0,10952757.76,0.11,0,,FINANCIALS,UNITED STATES,AVLV,2026-03-23,,,,,,,,,,,,,
MOLSON COORS BEVERAGE CO   B COMMON STOCK USD.01,TAP,COMMON STOCK,60871R209,US60871R2094,B067BM3,260672.0,10791820.8,0.11,0,,CONSUMER STAPLES,UNITED STATES,AVLV,2026-03-23,,,,,,,,,,,,,
UNITED THERAPEUTICS CORP COMMON STOCK USD.01,UTHR,COMMON STOCK,91307C102,US91307C1027,2430412,19757.0,10358199.96,0.1,0,,HEALTH CARE,UNITED STATES,AVLV,2026-03-23,,,,,,,,,,,,,
FOX CORP   CLASS B COMMON STOCK USD.01,FOX,COMMON STOCK,35137L204,US35137L2043,BJJMGY5,195801.0,10216896.18,0.1,0,,COMMUNICATION SERVICES,UNITED STATES,AVLV,2026-03-23,,,,,,,,,,,,,
VALERO ENERGY CORP COMMON STOCK USD.01,VLO,COMMON STOCK,91913Y100,US91913Y1001,2041364,42121.0,10103143.06,0.1,0,,ENERGY,UNITED STATES,AVLV,2026-03-23,,,,,,,,,,,,,
MGIC INVESTMENT CORP COMMON STOCK USD1.0,MTG,COMMON STOCK,552848103,US5528481030,2548616,391961.0,10057719.26,0.1,0,,FINANCIALS,UNITED STATES,AVLV,2026-03-23,,,,,,,,,,,,,
SMITH (A.O.) CORP COMMON STOCK USD1.0,AOS,COMMON STOCK,831865209,US8318652091,2816023,156438.0,10026111.42,0.1,0,,INDUSTRIALS,UNITED STATES,AVLV,2026-03-23,,,,,,,,,,,,,
GOLDMAN SACHS GROUP INC COMMON STOCK USD.01,GS,COMMON STOCK,38141G104,US38141G1040,2407966,12219.0,9940523.07,0.1,0,,FINANCIALS,UNITED STATES,AVLV,2026-03-23,,,,,,,,,,,,,
WINTRUST FINANCIAL CORP COMMON STOCK,WTFC,COMMON STOCK,97650W108,US97650W1080,2425258,71659.0,9496967.27,0.09,0,,FINANCIALS,UNITED STATES,AVLV,2026-03-23,,,,,,,,,,,,,
ALASKA AIR GROUP INC COMMON STOCK USD.01,ALK,COMMON STOCK,011659109,US0116591092,2012605,250683.0,9252709.53,0.09,0,,INDUSTRIALS,UNITED STATES,AVLV,2026-03-23,,,,,,,,,,,,,
LANTHEUS HOLDINGS INC COMMON STOCK USD.01,LNTH,COMMON STOCK,516544103,US5165441032,BP8S8J5,119781.0,9154861.83,0.09,0,,HEALTH CARE,UNITED STATES,AVLV,2026-03-23,,,,,,,,,,,,,
WEATHERFORD INTERNATIONAL PL COMMON STOCK USD.001,WFRD,COMMON STOCK,G48833118,IE00BLNN3691,BLNN369,105179.0,9060119.06,0.09,0,,ENERGY,UNITED STATES,AVLV,2026-03-23,,,,,,,,,,,,,
URBAN OUTFITTERS INC COMMON STOCK USD.0001,URBN,COMMON STOCK,917047102,US9170471026,2933438,140243.0,8890003.77,0.09,0,,CONSUMER DISCRETIONARY,UNITED STATES,AVLV,2026-03-23,,,,,,,,,,,,,
NOV INC COMMON STOCK USD.01,NOV,COMMON STOCK,62955J103,US62955J1034,BN2RYW9,468679.0,8754923.72,0.09,0,,ENERGY,UNITED STATES,AVLV,2026-03-23,,,,,,,,,,,,,
LITHIA MOTORS INC COMMON STOCK,LAD,COMMON STOCK,536797103,US5367971034,2515030,34730.0,8439390.0,0.08,0,,CONSUMER DISCRETIONARY,UNITED STATES,AVLV,2026-03-23,,,,,,,,,,,,,
PEGASYSTEMS INC COMMON STOCK USD.01,PEGA,COMMON STOCK,705573103,US7055731035,2675860,193377.0,8396429.34,0.08,0,,INFORMATION TECHNOLOGY,UNITED STATES,AVLV,2026-03-23,,,,,,,,,,,,,
SLM CORP COMMON STOCK USD.2,SLM,COMMON STOCK,78442P106,US78442P1066,2101967,418453.0,8256077.69,0.08,0,,FINANCIALS,UNITED STATES,AVLV,2026-03-23,,,,,,,,,,,,,
SANMINA CORP COMMON STOCK USD.01,SANM,COMMON STOCK,801056102,US8010561020,B92RRW2,66464.0,8165767.04,0.08,0,,INFORMATION TECHNOLOGY,UNITED STATES,AVLV,2026-03-23,,,,,,,,,,,,,
FIRST CITIZENS BCSHS   CL A COMMON STOCK USD1.0,FCNCA,COMMON STOCK,31946M103,US31946M1036,2355582,4406.0,8029450.34,0.08,0,,FINANCIALS,UNITED STATES,AVLV,2026-03-23,,,,,,,,,,,,,
IES HOLDINGS INC COMMON STOCK USD.01,IESC,COMMON STOCK,44951W106,US44951W1062,BD978B9,17577.0,7680270.15,0.07,0,,INDUSTRIALS,UNITED STATES,AVLV,2026-03-23,,,,,,,,,,,,,
CROCS INC COMMON STOCK USD.001,CROX,COMMON STOCK,227046109,US2270461096,B0T7Z62,97666.0,7401129.48,0.07,0,,CONSUMER DISCRETIONARY,UNITED STATES,AVLV,2026-03-23,,,,,,,,,,,,,
BRINKER INTERNATIONAL INC COMMON STOCK USD.1,EAT,COMMON STOCK,109641100,US1096411004,2193544,50429.0,7231518.6,0.07,0,,CONSUMER DISCRETIONARY,UNITED STATES,AVLV,2026-03-23,,,,,,,,,,,,,
SMURFIT WESTROCK PLC COMMON STOCK,SW,COMMON STOCK,G8267P108,IE00028FXN24,BRK49M5,197557.0,7153538.97,0.07,0,,MATERIALS,UNITED STATES,AVLV,2026-03-23,,,,,,,,,,,,,
OPENDOOR TECHNOLOGIES INC COMMON STOCK USD.0001,OPEN,COMMON STOCK,683712103,US6837121036,BL96T19,1394640.0,6847682.4,0.07,0,,REAL ESTATE,UNITED STATES,AVLV,2026-03-23,,,,,,,,,,,,,
LEAR CORP COMMON STOCK USD.01,LEA,COMMON STOCK,521865204,US5218652049,B570P91,57883.0,6568562.84,0.06,0,,CONSUMER DISCRETIONARY,UNITED STATES,AVLV,2026-03-23,,,,,,,,,,,,,
LINCOLN NATIONAL CORP COMMON STOCK,LNC,COMMON STOCK,534187109,US5341871094,2516378,192462.0,6507140.22,0.06,0,,FINANCIALS,UNITED STATES,AVLV,2026-03-23,,,,,,,,,,,,,
SSC GOVERNMENT MM GVMXX,OTHER,SWEEP INVESTMENT VEHICLE,7839989D1,,,6505734.0,6505733.95,0.06,3.597951,12/31/2030,MISCELLANEOUS,UNITED STATES,AVLV,2026-03-23,,,,,,,,,,,,,
PULTEGROUP INC COMMON STOCK USD.01,PHM,COMMON STOCK,745867101,US7458671010,2708841,54943.0,6293720.65,0.06,0,,CONSUMER DISCRETIONARY,UNITED STATES,AVLV,2026-03-23,,,,,,,,,,,,,
MARKEL GROUP INC COMMON STOCK,MKL,COMMON STOCK,570535104,US5705351048,2566436,3045.0,5710440.75,0.06,0,,FINANCIALS,UNITED STATES,AVLV,2026-03-23,,,,,,,,,,,,,
ABERCROMBIE + FITCH CO CL A COMMON STOCK USD.01,ANF,COMMON STOCK,002896207,US0028962076,2004185,63777.0,5611100.46,0.05,0,,CONSUMER DISCRETIONARY,UNITED STATES,AVLV,2026-03-23,,,,,,,,,,,,,
LANDSTAR SYSTEM INC COMMON STOCK USD.01,LSTR,COMMON STOCK,515098101,US5150981018,2503994,36379.0,5410648.67,0.05,0,,INDUSTRIALS,UNITED STATES,AVLV,2026-03-23,,,,,,,,,,,,,
ARGAN INC COMMON STOCK USD.15,AGX,COMMON STOCK,04010E109,US04010E1091,2804501,11175.0,5295273.75,0.05,0,,INDUSTRIALS,UNITED STATES,AVLV,2026-03-23,,,,,,,,,,,,,
GRAND CANYON EDUCATION INC COMMON STOCK USD.01,LOPE,COMMON STOCK,38526M106,US38526M1062,B3F1XM1,31955.0,5191089.75,0.05,0,,CONSUMER DISCRETIONARY,UNITED STATES,AVLV,2026-03-23,,,,,,,,,,,,,
BANK OZK COMMON STOCK,OZK,COMMON STOCK,06417N103,US06417N1037,BZ56Q65,116942.0,5126737.28,0.05,0,,FINANCIALS,UNITED STATES,AVLV,2026-03-23,,,,,,,,,,,,,
GLOBALSTAR INC COMMON STOCK USD.0001,GSAT,COMMON STOCK,378973507,US3789735079,BRJMM32,85796.0,5038799.08,0.05,0,,COMMUNICATION SERVICES,UNITED STATES,AVLV,2026-03-23,,,,,,,,,,,,,
AGCO CORP COMMON STOCK USD.01,AGCO,COMMON STOCK,001084102,US0010841023,2010278,44619.0,4875071.94,0.05,0,,INDUSTRIALS,UNITED STATES,AVLV,2026-03-23,,,,,,,,,,,,,
DILLARDS INC CL A COMMON STOCK,DDS,COMMON STOCK,254067101,US2540671011,2269768,7847.0,4637577.0,0.05,0,,CONSUMER DISCRETIONARY,UNITED STATES,AVLV,2026-03-23,,,,,,,,,,,,,
INTERNATIONAL PAPER CO COMMON STOCK USD1.0,IP,COMMON STOCK,460146103,US4601461035,2465254,133793.0,4516851.68,0.04,0,,MATERIALS,UNITED STATES,AVLV,2026-03-23,,,,,,,,,,,,,
LEVI STRAUSS + CO  CLASS A COMMON STOCK USD.001,LEVI,COMMON STOCK,52736R102,US52736R1023,BHRWS81,250091.0,4484131.63,0.04,0,,CONSUMER DISCRETIONARY,UNITED STATES,AVLV,2026-03-23,,,,,,,,,,,,,
JEFFERIES FINANCIAL GROUP IN COMMON STOCK USD1.0,JEF,COMMON STOCK,47233W109,US47233W1099,BG0Q4Z2,117599.0,4484049.87,0.04,0,,FINANCIALS,UNITED STATES,AVLV,2026-03-23,,,,,,,,,,,,,
FIDELITY NATIONAL FINANCIAL COMMON STOCK USD.0001,FNF,COMMON STOCK,31620R303,US31620R3030,BNBRDD4,97432.0,4214908.32,0.04,0,,FINANCIALS,UNITED STATES,AVLV,2026-03-23,,,,,,,,,,,,,
PAYPAL HOLDINGS INC COMMON STOCK,PYPL,COMMON STOCK,70450Y103,US70450Y1038,BYW36M8,94651.0,4165590.51,0.04,0,,FINANCIALS,UNITED STATES,AVLV,2026-03-23,,,,,,,,,,,,,
MURPHY OIL CORP COMMON STOCK USD1.0,MUR,COMMON STOCK,626717102,US6267171022,2611206,107005.0,4144303.65,0.04,0,,ENERGY,UNITED STATES,AVLV,2026-03-23,,,,,,,,,,,,,
CIRRUS LOGIC INC COMMON STOCK USD.001,CRUS,COMMON STOCK,172755100,US1727551004,2197308,30242.0,4115028.94,0.04,0,,INFORMATION TECHNOLOGY,UNITED STATES,AVLV,2026-03-23,,,,,,,,,,,,,
PARAMOUNT SKYDANCE CL B COMMON STOCK USD.001,PSKY,COMMON STOCK,69932A204,US69932A2042,BSNMNQ5,434687.0,3977386.05,0.04,0,,COMMUNICATION SERVICES,UNITED STATES,AVLV,2026-03-23,,,,,,,,,,,,,
MACY S INC COMMON STOCK USD.01,M,COMMON STOCK,55616P104,US55616P1049,2345022,220774.0,3945231.38,0.04,0,,CONSUMER DISCRETIONARY,UNITED STATES,AVLV,2026-03-23,,,,,,,,,,,,,
PILGRIM S PRIDE CORP COMMON STOCK USD.01,PPC,COMMON STOCK,72147K108,US72147K1088,B5L3PZ2,108480.0,3821750.4,0.04,0,,CONSUMER STAPLES,UNITED STATES,AVLV,2026-03-23,,,,,,,,,,,,,
GATX CORP COMMON STOCK USD.625,GATX,COMMON STOCK,361448103,US3614481030,2362128,21083.0,3472370.1,0.03,0,,INDUSTRIALS,UNITED STATES,AVLV,2026-03-23,,,,,,,,,,,,,
TEREX CORP COMMON STOCK USD.01,TEX,COMMON STOCK,880779103,US8807791038,2884224,58291.0,3333079.38,0.03,0,,INDUSTRIALS,UNITED STATES,AVLV,2026-03-23,,,,,,,,,,,,,
NOBLE CORP PLC COMMON STOCK USD.00001,NE,COMMON STOCK,G65431127,GB00BMXNWH07,BN2QTL0,69256.0,3234947.76,0.03,0,,ENERGY,UNITED STATES,AVLV,2026-03-23,,,,,,,,,,,,,
CABOT CORP COMMON STOCK USD1.0,CBT,COMMON STOCK,127055101,US1270551013,2162500,46934.0,3183063.88,0.03,0,,MATERIALS,UNITED STATES,AVLV,2026-03-23,,,,,,,,,,,,,
MAGNOLIA OIL + GAS CORP   A COMMON STOCK USD.0001,MGY,COMMON STOCK,559663109,US5596631094,BF2GC59,102629.0,3156868.04,0.03,0,,ENERGY,UNITED STATES,AVLV,2026-03-23,,,,,,,,,,,,,
CAL MAINE FOODS INC COMMON STOCK USD.01,CALM,COMMON STOCK,128030202,US1280302027,2158781,38227.0,2995085.45,0.03,0,,CONSUMER STAPLES,UNITED STATES,AVLV,2026-03-23,,,,,,,,,,,,,
UBIQUITI INC COMMON STOCK USD.001,UI,COMMON STOCK,90353W103,US90353W1036,BK9Z6V8,3800.0,2908026.0,0.03,0,,INFORMATION TECHNOLOGY,UNITED STATES,AVLV,2026-03-23,,,,,,,,,,,,,
ANTERO RESOURCES CORP COMMON STOCK USD.01,AR,COMMON STOCK,03674X106,US03674X1063,BFD2WR8,62743.0,2703595.87,0.03,0,,ENERGY,UNITED STATES,AVLV,2026-03-23,,,,,,,,,,,,,
INSTALLED BUILDING PRODUCTS COMMON STOCK USD.01,IBP,COMMON STOCK,45780R101,US45780R1014,BJSP4C9,9511.0,2461351.69,0.02,0,,CONSUMER DISCRETIONARY,UNITED STATES,AVLV,2026-03-23,,,,,,,,,,,,,
ERIE INDEMNITY COMPANY CL A COMMON STOCK,ERIE,COMMON STOCK,29530P102,US29530P1021,2311711,10091.0,2425573.67,0.02,0,,FINANCIALS,UNITED STATES,AVLV,2026-03-23,,,,,,,,,,,,,
VIASAT INC COMMON STOCK USD.0001,VSAT,COMMON STOCK,92552V100,US92552V1008,2946243,45031.0,2088988.09,0.02,0,,INFORMATION TECHNOLOGY,UNITED STATES,AVLV,2026-03-23,,,,,,,,,,,,,
SUPER GROUP SGHC LTD COMMON STOCK,SGHC,COMMON STOCK,G8588X103,GG00BMG42V42,BMG42V4,148843.0,1556897.78,0.02,0,,CONSUMER DISCRETIONARY,UNITED STATES,AVLV,2026-03-23,,,,,,,,,,,,,
KINSALE CAPITAL GROUP INC COMMON STOCK USD.01,KNSL,COMMON STOCK,49714P108,US49714P1084,BD1MGQ3,4352.0,1428369.92,0.01,0,,FINANCIALS,UNITED STATES,AVLV,2026-03-23,,,,,,,,,,,,,
COMMERCIAL METALS CO COMMON STOCK USD.01,CMC,COMMON STOCK,201723103,US2017231034,2213260,21955.0,1321251.9,0.01,0,,MATERIALS,UNITED STATES,AVLV,2026-03-23,,,,,,,,,,,,,
U HAUL HOLDING CO NON VOTING COMMON STOCK USD.001,UHAL.B,COMMON STOCK,023586506,US0235865062,BP0VMC3,28991.0,1157030.81,0.01,0,,INDUSTRIALS,UNITED STATES,AVLV,2026-03-23,,,,,,,,,,,,,
HANOVER INSURANCE GROUP INC/ COMMON STOCK USD.01,THG,COMMON STOCK,410867105,US4108671052,2020415,6660.0,1124474.4,0.01,0,,FINANCIALS,UNITED STATES,AVLV,2026-03-23,,,,,,,,,,,,,
GRAPHIC PACKAGING HOLDING CO COMMON STOCK USD.01,GPK,COMMON STOCK,388689101,US3886891015,B2Q8249,123697.0,1102140.27,0.01,0,,MATERIALS,UNITED STATES,AVLV,2026-03-23,,,,,,,,,,,,,
FLUOR CORP COMMON STOCK USD.01,FLR,COMMON STOCK,343412102,US3434121022,2696838,22904.0,1028847.68,0.01,0,,INDUSTRIALS,UNITED STATES,AVLV,2026-03-23,,,,,,,,,,,,,
QUALYS INC COMMON STOCK USD.001,QLYS,COMMON STOCK,74758T303,US74758T3032,B7XJTN8,10610.0,1023228.4,0.01,0,,INFORMATION TECHNOLOGY,UNITED STATES,AVLV,2026-03-23,,,,,,,,,,,,,
LENNAR CORP   B SHS COMMON STOCK USD.1,LEN.B,COMMON STOCK,526057302,US5260573028,2578293,11098.0,957535.44,0.01,0,,CONSUMER DISCRETIONARY,UNITED STATES,AVLV,2026-03-23,,,,,,,,,,,,,
CARMAX INC COMMON STOCK USD.5,KMX,COMMON STOCK,143130102,US1431301027,2983563,22118.0,925859.48,0.01,0,,CONSUMER DISCRETIONARY,UNITED STATES,AVLV,2026-03-23,,,,,,,,,,,,,
LOUISIANA PACIFIC CORP COMMON STOCK USD1.0,LPX,COMMON STOCK,546347105,US5463471053,2535243,12930.0,904065.6,0.01,0,,MATERIALS,UNITED STATES,AVLV,2026-03-23,,,,,,,,,,,,,
BROWN FORMAN CORP CLASS B COMMON STOCK USD.15,BF.B,COMMON STOCK,115637209,US1156372096,2146838,32525.0,741570.0,0.01,0,,CONSUMER STAPLES,UNITED STATES,AVLV,2026-03-23,,,,,,,,,,,,,
CULLEN/FROST BANKERS INC COMMON STOCK USD.01,CFR,COMMON STOCK,229899109,US2298991090,2239556,3880.0,513130.0,0.01,0,,FINANCIALS,UNITED STATES,AVLV,2026-03-23,,,,,,,,,,,,,
POPULAR INC COMMON STOCK USD.01,BPOP,COMMON STOCK,733174700,PR7331747001,B86QM90,3480.0,454070.4,0.0,0,,FINANCIALS,UNITED STATES,AVLV,2026-03-23,,,,,,,,,,,,,
ENACT HOLDINGS INC COMMON STOCK USD.01,ACT,COMMON STOCK,29249E109,US29249E1091,BNZFTG9,8630.0,347012.3,0.0,0,,FINANCIALS,UNITED STATES,AVLV,2026-03-23,,,,,,,,,,,,,
KYNDRYL HOLDINGS INC COMMON STOCK USD.01,KD,COMMON STOCK,50155Q100,US50155Q1004,BP6JW21,23768.0,290207.28,0.0,0,,INFORMATION TECHNOLOGY,UNITED STATES,AVLV,2026-03-23,,,,,,,,,,,,,
JABIL INC COMMON STOCK USD.001,JBL,COMMON STOCK,466313103,US4663131039,2471789,1101.0,279246.63,0.0,0,,INFORMATION TECHNOLOGY,UNITED STATES,AVLV,2026-03-23,,,,,,,,,,,,,
COMSTOCK RESOURCES INC COMMON STOCK USD.5,CRK,COMMON STOCK,205768302,US2057683029,BD82PS1,12399.0,268934.31,0.0,0,,ENERGY,UNITED STATES,AVLV,2026-03-23,,,,,,,,,,,,,
ENCOMPASS HEALTH CORP COMMON STOCK USD.01,EHC,COMMON STOCK,29261A100,US29261A1007,BYX2YJ7,2052.0,196704.72,0.0,0,,HEALTH CARE,UNITED STATES,AVLV,2026-03-23,,,,,,,,,,,,,
MANHATTAN ASSOCIATES INC COMMON STOCK USD.01,MANH,COMMON STOCK,562750109,US5627501092,2239471,1022.0,140341.04,0.0,0,,INFORMATION TECHNOLOGY,UNITED STATES,AVLV,2026-03-23,,,,,,,,,,,,,
OSCAR HEALTH INC   CLASS A COMMON STOCK USD.00001,OSCR,COMMON STOCK,687793109,US6877931096,BKY83Q6,8636.0,109072.68,0.0,0,,FINANCIALS,UNITED STATES,AVLV,2026-03-23,,,,,,,,,,,,,
AIR LEASE CORP COMMON STOCK USD.01,AL,COMMON STOCK,00912X302,US00912X3026,B3XS562,699.0,45162.39,0.0,0,,INDUSTRIALS,UNITED STATES,AVLV,2026-03-23,,,,,,,,,,,,,
UNUM GROUP COMMON STOCK USD.1,UNM,COMMON STOCK,91529Y106,US91529Y1064,2433842,554.0,40176.08,0.0,0,,FINANCIALS,UNITED STATES,AVLV,2026-03-23,,,,,,,,,,,,,
CREDIT ACCEPTANCE CORP COMMON STOCK USD.01,CACC,COMMON STOCK,225310101,US2253101016,2232050,90.0,38806.2,0.0,0,,FINANCIALS,UNITED STATES,AVLV,2026-03-23,,,,,,,,,,,,,
AIR PRODUCTS + CHEMICALS INC COMMON STOCK USD1.0,APD,COMMON STOCK,009158106,US0091581068,2011602,133.0,37374.33,0.0,0,,MATERIALS,UNITED STATES,AVLV,2026-03-23,,,,,,,,,,,,,
OPENDOOR TECHNOLOGIES INC OPENDOOR TECHNOLOGIES INC 26,OPENW,WARRANTS,683712129,US6837121291,BLGXLN9,49969.0,35103.22,0.0,0,,REAL ESTATE,UNITED STATES,AVLV,2026-03-23,,,,,,,,,,,,,
BROWN FORMAN CORP CLASS A COMMON STOCK USD.15,BF.A,COMMON STOCK,115637100,US1156371007,2146816,1245.0,29045.85,0.0,0,,CONSUMER STAPLES,UNITED STATES,AVLV,2026-03-23,,,,,,,,,,,,,
MARKETAXESS HOLDINGS INC COMMON STOCK USD.003,MKTX,COMMON STOCK,57060D108,US57060D1081,B03Q9D0,120.0,20881.2,0.0,0,,FINANCIALS,UNITED STATES,AVLV,2026-03-23,,,,,,,,,,,,,
EDWARDS LIFESCIENCES CORP COMMON STOCK USD1.0,EW,COMMON STOCK,28176E108,US28176E1082,2567116,253.0,20872.5,0.0,0,,HEALTH CARE,UNITED STATES,AVLV,2026-03-23,,,,,,,,,,,,,
RADIAN GROUP INC COMMON STOCK USD.001,RDN,COMMON STOCK,750236101,US7502361014,2173911,465.0,15098.55,0.0,0,,FINANCIALS,UNITED STATES,AVLV,2026-03-23,,,,,,,,,,,,,
SM ENERGY CO COMMON STOCK USD.01,SM,COMMON STOCK,78454L100,US78454L1008,2764188,407.0,12226.28,0.0,0,,ENERGY,UNITED STATES,AVLV,2026-03-23,,,,,,,,,,,,,
SCHNEIDER NATIONAL INC CL B COMMON STOCK,SNDR,COMMON STOCK,80689H102,US80689H1023,BYVN953,483.0,11471.25,0.0,0,,INDUSTRIALS,UNITED STATES,AVLV,2026-03-23,,,,,,,,,,,,,
CNA FINANCIAL CORP COMMON STOCK USD2.5,CNA,COMMON STOCK,126117100,US1261171003,2204866,230.0,10432.8,0.0,0,,FINANCIALS,UNITED STATES,AVLV,2026-03-23,,,,,,,,,,,,,
FASTENAL CO COMMON STOCK USD.01,FAST,COMMON STOCK,311900104,US3119001044,2332262,200.0,8752.0,0.0,0,,INDUSTRIALS,UNITED STATES,AVLV,2026-03-23,,,,,,,,,,,,,
GRACO INC COMMON STOCK USD1.0,GGG,COMMON STOCK,384109104,US3841091040,2380443,61.0,5117.29,0.0,0,,INDUSTRIALS,UNITED STATES,AVLV,2026-03-23,,,,,,,,,,,,,
U HAUL HOLDING CO COMMON STOCK USD.25,UHAL,COMMON STOCK,023586100,US0235861004,2028174,100.0,4219.0,0.0,0,,INDUSTRIALS,UNITED STATES,AVLV,2026-03-23,,,,,,,,,,,,,
CIPHER DIGITAL INC COMMON STOCK USD1.0,CIFR,COMMON STOCK,17253J106,US17253J1060,BMZ8604,205.0,2872.05,0.0,0,,INFORMATION TECHNOLOGY,UNITED STATES,AVLV,2026-03-23,,,,,,,,,,,,,
OCCIDENTAL PETROLEUM CORP COMMON STOCK USD.2,OXY,COMMON STOCK,674599105,US6745991058,2655408,119523.0,7256241.33,1.48,0,,ENERGY,UNITED STATES,AVMV,2026-03-23,,,,,,,,,,,,,
TARGA RESOURCES CORP COMMON STOCK USD.001,TRGP,COMMON STOCK,87612G101,US87612G1013,B55PZY3,29710.0,7053451.1,1.44,0,,ENERGY,UNITED STATES,AVMV,2026-03-23,,,,,,,,,,,,,
EQT CORP COMMON STOCK,EQT,COMMON STOCK,26884L109,US26884L1098,2319414,93624.0,6054664.08,1.23,0,,ENERGY,UNITED STATES,AVMV,2026-03-23,,,,,,,,,,,,,
DELTA AIR LINES INC COMMON STOCK USD.0001,DAL,COMMON STOCK,247361702,US2473617023,B1W9D46,95232.0,6041518.08,1.23,0,,INDUSTRIALS,UNITED STATES,AVMV,2026-03-23,,,,,,,,,,,,,
KROGER CO COMMON STOCK USD1.0,KR,COMMON STOCK,501044101,US5010441013,2497406,81980.0,6000936.0,1.22,0,,CONSUMER STAPLES,UNITED STATES,AVMV,2026-03-23,,,,,,,,,,,,,
CHENIERE ENERGY INC COMMON STOCK USD.003,LNG,COMMON STOCK,16411R208,US16411R2085,2654364,21106.0,5928464.34,1.21,0,,ENERGY,UNITED STATES,AVMV,2026-03-23,,,,,,,,,,,,,
TARGET CORP COMMON STOCK USD.0833,TGT,COMMON STOCK,87612E106,US87612E1064,2259101,51514.0,5834475.64,1.19,0,,CONSUMER STAPLES,UNITED STATES,AVMV,2026-03-23,,,,,,,,,,,,,
HARTFORD INSURANCE GROUP INC COMMON STOCK USD.01,HIG,COMMON STOCK,416515104,US4165151048,2476193,43372.0,5753295.8,1.17,0,,FINANCIALS,UNITED STATES,AVMV,2026-03-23,,,,,,,,,,,,,
ONEOK INC COMMON STOCK USD.01,OKE,COMMON STOCK,682680103,US6826801036,2130109,62488.0,5574554.48,1.14,0,,ENERGY,UNITED STATES,AVMV,2026-03-23,,,,,,,,,,,,,
AMERIPRISE FINANCIAL INC COMMON STOCK USD.01,AMP,COMMON STOCK,03076C106,US03076C1062,B0J7D57,12317.0,5406423.98,1.1,0,,FINANCIALS,UNITED STATES,AVMV,2026-03-23,,,,,,,,,,,,,
DEVON ENERGY CORP COMMON STOCK USD.1,DVN,COMMON STOCK,25179M103,US25179M1036,2480677,110138.0,5359315.08,1.09,0,,ENERGY,UNITED STATES,AVMV,2026-03-23,,,,,,,,,,,,,
OLD DOMINION FREIGHT LINE COMMON STOCK USD.1,ODFL,COMMON STOCK,679580100,US6795801009,2656423,29133.0,5358141.36,1.09,0,,INDUSTRIALS,UNITED STATES,AVMV,2026-03-23,,,,,,,,,,,,,
AMERICAN INTERNATIONAL GROUP COMMON STOCK USD2.5,AIG,COMMON STOCK,026874784,US0268747849,2027342,71339.0,5306908.21,1.08,0,,FINANCIALS,UNITED STATES,AVMV,2026-03-23,,,,,,,,,,,,,
NUCOR CORP COMMON STOCK USD.4,NUE,COMMON STOCK,670346105,US6703461052,2651086,33244.0,5271833.52,1.07,0,,MATERIALS,UNITED STATES,AVMV,2026-03-23,,,,,,,,,,,,,
HALLIBURTON CO COMMON STOCK USD2.5,HAL,COMMON STOCK,406216101,US4062161017,2405302,142736.0,5214146.08,1.06,0,,ENERGY,UNITED STATES,AVMV,2026-03-23,,,,,,,,,,,,,
FIFTH THIRD BANCORP COMMON STOCK,FITB,COMMON STOCK,316773100,US3167731005,2336747,117428.0,5189143.32,1.06,0,,FINANCIALS,UNITED STATES,AVMV,2026-03-23,,,,,,,,,,,,,
ARCHER DANIELS MIDLAND CO COMMON STOCK,ADM,COMMON STOCK,039483102,US0394831020,2047317,74771.0,4947597.07,1.01,0,,CONSUMER STAPLES,UNITED STATES,AVMV,2026-03-23,,,,,,,,,,,,,
TECHNIPFMC PLC COMMON STOCK USD1.0,FTI,COMMON STOCK,G87110105,GB00BDSFG982,BDSFG98,75516.0,4928174.16,1.0,0,,ENERGY,UNITED STATES,AVMV,2026-03-23,,,,,,,,,,,,,
EMCOR GROUP INC COMMON STOCK USD.01,EME,COMMON STOCK,29084Q100,US29084Q1004,2474164,6656.0,4825134.08,0.98,0,,INDUSTRIALS,UNITED STATES,AVMV,2026-03-23,,,,,,,,,,,,,
COMFORT SYSTEMS USA INC COMMON STOCK USD.01,FIX,COMMON STOCK,199908104,US1999081045,2036047,3519.0,4774403.25,0.97,0,,INDUSTRIALS,UNITED STATES,AVMV,2026-03-23,,,,,,,,,,,,,
PRUDENTIAL FINANCIAL INC COMMON STOCK USD.01,PRU,COMMON STOCK,744320102,US7443201022,2819118,49750.0,4628242.5,0.94,0,,FINANCIALS,UNITED STATES,AVMV,2026-03-23,,,,,,,,,,,,,
CBRE GROUP INC   A COMMON STOCK USD.01,CBRE,COMMON STOCK,12504L109,US12504L1098,B6WVMH3,34978.0,4616746.22,0.94,0,,REAL ESTATE,UNITED STATES,AVMV,2026-03-23,,,,,,,,,,,,,
DOLLAR GENERAL CORP COMMON STOCK USD.875,DG,COMMON STOCK,256677105,US2566771059,B5B1S13,36172.0,4504137.44,0.92,0,,CONSUMER STAPLES,UNITED STATES,AVMV,2026-03-23,,,,,,,,,,,,,
CARNIVAL CORP COMMON STOCK USD.01,CCL,COMMON STOCK,143658300,PA1436583006,2523044,185604.0,4476768.48,0.91,0,,CONSUMER DISCRETIONARY,UNITED STATES,AVMV,2026-03-23,,,,,,,,,,,,,
ARCH CAPITAL GROUP LTD COMMON STOCK USD.01,ACGL,COMMON STOCK,G0450A105,BMG0450A1053,2740542,48301.0,4458182.3,0.91,0,,FINANCIALS,UNITED STATES,AVMV,2026-03-23,,,,,,,,,,,,,
DR HORTON INC COMMON STOCK USD.01,DHI,COMMON STOCK,23331A109,US23331A1097,2250687,33428.0,4449935.36,0.91,0,,CONSUMER DISCRETIONARY,UNITED STATES,AVMV,2026-03-23,,,,,,,,,,,,,
UNITED AIRLINES HOLDINGS INC COMMON STOCK USD.01,UAL,COMMON STOCK,910047109,US9100471096,B4QG225,48729.0,4383173.55,0.89,0,,INDUSTRIALS,UNITED STATES,AVMV,2026-03-23,,,,,,,,,,,,,
DIAMONDBACK ENERGY INC COMMON STOCK USD.01,FANG,COMMON STOCK,25278X109,US25278X1090,B7Y8YR3,22749.0,4380092.46,0.89,0,,ENERGY,UNITED STATES,AVMV,2026-03-23,,,,,,,,,,,,,
COTERRA ENERGY INC COMMON STOCK USD.1,CTRA,COMMON STOCK,127097103,US1270971039,2162340,125474.0,4262351.78,0.87,0,,ENERGY,UNITED STATES,AVMV,2026-03-23,,,,,,,,,,,,,
STATE STREET CORP COMMON STOCK USD1.0,STT,COMMON STOCK,857477103,US8574771031,2842040,34193.0,4170520.21,0.85,0,,FINANCIALS,UNITED STATES,AVMV,2026-03-23,,,,,,,,,,,,,
EXPAND ENERGY CORP COMMON STOCK USD.01,EXE,COMMON STOCK,165167735,US1651677353,BMZ5LZ5,38703.0,4153605.96,0.85,0,,ENERGY,UNITED STATES,AVMV,2026-03-23,,,,,,,,,,,,,
HERSHEY CO/THE COMMON STOCK USD1.0,HSY,COMMON STOCK,427866108,US4278661081,2422806,19264.0,4048136.96,0.82,0,,CONSUMER STAPLES,UNITED STATES,AVMV,2026-03-23,,,,,,,,,,,,,
COGNIZANT TECH SOLUTIONS A COMMON STOCK USD.01,CTSH,COMMON STOCK,192446102,US1924461023,2257019,65110.0,4041377.7,0.82,0,,INFORMATION TECHNOLOGY,UNITED STATES,AVMV,2026-03-23,,,,,,,,,,,,,
CHIPOTLE MEXICAN GRILL INC COMMON STOCK USD.01,CMG,COMMON STOCK,169656105,US1696561059,B0X7DZ3,118480.0,3953677.6,0.81,0,,CONSUMER DISCRETIONARY,UNITED STATES,AVMV,2026-03-23,,,,,,,,,,,,,
BIOGEN INC COMMON STOCK USD.0005,BIIB,COMMON STOCK,09062X103,US09062X1037,2455965,21672.0,3932601.12,0.8,0,,HEALTH CARE,UNITED STATES,AVMV,2026-03-23,,,,,,,,,,,,,
M + T BANK CORP COMMON STOCK USD.5,MTB,COMMON STOCK,55261F104,US55261F1049,2340168,19696.0,3902762.4,0.8,0,,FINANCIALS,UNITED STATES,AVMV,2026-03-23,,,,,,,,,,,,,
JABIL INC COMMON STOCK USD.001,JBL,COMMON STOCK,466313103,US4663131039,2471789,15333.0,3888908.79,0.79,0,,INFORMATION TECHNOLOGY,UNITED STATES,AVMV,2026-03-23,,,,,,,,,,,,,
UNITED THERAPEUTICS CORP COMMON STOCK USD.01,UTHR,COMMON STOCK,91307C102,US91307C1027,2430412,7414.0,3887011.92,0.79,0,,HEALTH CARE,UNITED STATES,AVMV,2026-03-23,,,,,,,,,,,,,
ULTA BEAUTY INC COMMON STOCK,ULTA,COMMON STOCK,90384S303,US90384S3031,B28TS42,7322.0,3880440.34,0.79,0,,CONSUMER DISCRETIONARY,UNITED STATES,AVMV,2026-03-23,,,,,,,,,,,,,
FLEX LTD COMMON STOCK,FLEX,COMMON STOCK,Y2573F102,SG9999000020,2353058,62389.0,3845657.96,0.78,0,,INFORMATION TECHNOLOGY,UNITED STATES,AVMV,2026-03-23,,,,,,,,,,,,,
SYNCHRONY FINANCIAL COMMON STOCK USD.001,SYF,COMMON STOCK,87165B103,US87165B1035,BP96PS6,57216.0,3787127.04,0.77,0,,FINANCIALS,UNITED STATES,AVMV,2026-03-23,,,,,,,,,,,,,
ON SEMICONDUCTOR COMMON STOCK USD.01,ON,COMMON STOCK,682189105,US6821891057,2583576,63278.0,3749854.28,0.76,0,,INFORMATION TECHNOLOGY,UNITED STATES,AVMV,2026-03-23,,,,,,,,,,,,,
CASEY S GENERAL STORES INC COMMON STOCK,CASY,COMMON STOCK,147528103,US1475281036,2179414,5665.0,3736803.95,0.76,0,,CONSUMER STAPLES,UNITED STATES,AVMV,2026-03-23,,,,,,,,,,,,,
TRACTOR SUPPLY COMPANY COMMON STOCK USD.008,TSCO,COMMON STOCK,892356106,US8923561067,2900335,79630.0,3644665.1,0.74,0,,CONSUMER DISCRETIONARY,UNITED STATES,AVMV,2026-03-23,,,,,,,,,,,,,
HUNTINGTON BANCSHARES INC COMMON STOCK USD.01,HBAN,COMMON STOCK,446150104,US4461501045,2445966,232921.0,3514777.89,0.72,0,,FINANCIALS,UNITED STATES,AVMV,2026-03-23,,,,,,,,,,,,,
NORTHERN TRUST CORP COMMON STOCK USD1.666666,NTRS,COMMON STOCK,665859104,US6658591044,2648668,25589.0,3473450.86,0.71,0,,FINANCIALS,UNITED STATES,AVMV,2026-03-23,,,,,,,,,,,,,
RAYMOND JAMES FINANCIAL INC COMMON STOCK USD.01,RJF,COMMON STOCK,754730109,US7547301090,2718992,24045.0,3457911.45,0.7,0,,FINANCIALS,UNITED STATES,AVMV,2026-03-23,,,,,,,,,,,,,
EXPEDITORS INTL WASH INC COMMON STOCK USD.01,EXPD,COMMON STOCK,302130109,US3021301094,2325507,23580.0,3450933.0,0.7,0,,INDUSTRIALS,UNITED STATES,AVMV,2026-03-23,,,,,,,,,,,,,
PULTEGROUP INC COMMON STOCK USD.01,PHM,COMMON STOCK,745867101,US7458671010,2708841,29645.0,3395834.75,0.69,0,,CONSUMER DISCRETIONARY,UNITED STATES,AVMV,2026-03-23,,,,,,,,,,,,,
DOLLAR TREE INC COMMON STOCK USD.01,DLTR,COMMON STOCK,256746108,US2567461080,2272476,31455.0,3331713.6,0.68,0,,CONSUMER STAPLES,UNITED STATES,AVMV,2026-03-23,,,,,,,,,,,,,
WILLIAMS SONOMA INC COMMON STOCK USD.01,WSM,COMMON STOCK,969904101,US9699041011,2967589,18407.0,3284176.94,0.67,0,,CONSUMER DISCRETIONARY,UNITED STATES,AVMV,2026-03-23,,,,,,,,,,,,,
ATI INC COMMON STOCK USD.1,ATI,COMMON STOCK,01741R102,US01741R1023,2526117,23142.0,3281535.6,0.67,0,,INDUSTRIALS,UNITED STATES,AVMV,2026-03-23,,,,,,,,,,,,,
LENNAR CORP W/D COMMON STOCK USD.1,LEN,COMMON STOCK,526057104,US5260571048,2511920,35273.0,3193970.15,0.65,0,,CONSUMER DISCRETIONARY,UNITED STATES,AVMV,2026-03-23,,,,,,,,,,,,,
LPL FINANCIAL HOLDINGS INC COMMON STOCK,LPLA,COMMON STOCK,50212V100,US50212V1008,B75JX34,10806.0,3167022.48,0.65,0,,FINANCIALS,UNITED STATES,AVMV,2026-03-23,,,,,,,,,,,,,
CENTENE CORP COMMON STOCK USD.001,CNC,COMMON STOCK,15135B101,US15135B1017,2807061,90134.0,3100609.6,0.63,0,,HEALTH CARE,UNITED STATES,AVMV,2026-03-23,,,,,,,,,,,,,
CONSTELLATION BRANDS INC A COMMON STOCK USD.01,STZ,COMMON STOCK,21036P108,US21036P1084,2170473,20613.0,3084117.06,0.63,0,,CONSUMER STAPLES,UNITED STATES,AVMV,2026-03-23,,,,,,,,,,,,,
SOUTHWEST AIRLINES CO COMMON STOCK USD1.0,LUV,COMMON STOCK,844741108,US8447411088,2831543,76850.0,3028658.5,0.62,0,,INDUSTRIALS,UNITED STATES,AVMV,2026-03-23,,,,,,,,,,,,,
BURLINGTON STORES INC COMMON STOCK USD.0001,BURL,COMMON STOCK,122017106,US1220171060,BF311Y5,9740.0,3023101.2,0.62,0,,CONSUMER DISCRETIONARY,UNITED STATES,AVMV,2026-03-23,,,,,,,,,,,,,
CF INDUSTRIES HOLDINGS INC COMMON STOCK USD.01,CF,COMMON STOCK,125269100,US1252691001,B0G4K50,24063.0,3005468.7,0.61,0,,MATERIALS,UNITED STATES,AVMV,2026-03-23,,,,,,,,,,,,,
LULULEMON ATHLETICA INC COMMON STOCK USD.005,LULU,COMMON STOCK,550021109,US5500211090,B23FN39,18123.0,2950786.86,0.6,0,,CONSUMER DISCRETIONARY,UNITED STATES,AVMV,2026-03-23,,,,,,,,,,,,,
ESTEE LAUDER COMPANIES CL A COMMON STOCK USD.01,EL,COMMON STOCK,518439104,US5184391044,2320524,33699.0,2895418.08,0.59,0,,CONSUMER STAPLES,UNITED STATES,AVMV,2026-03-23,,,,,,,,,,,,,
NEXTPOWER INC CL A COMMON STOCK USD.0001,NXT,COMMON STOCK,65290E101,US65290E1010,BR1GTS6,25152.0,2877137.28,0.59,0,,INDUSTRIALS,UNITED STATES,AVMV,2026-03-23,,,,,,,,,,,,,
LYONDELLBASELL INDU CL A COMMON STOCK EUR.04,LYB,COMMON STOCK,N53745100,NL0009434992,B3SPXZ3,38862.0,2849361.84,0.58,0,,MATERIALS,UNITED STATES,AVMV,2026-03-23,,,,,,,,,,,,,
VIATRIS INC COMMON STOCK,VTRS,COMMON STOCK,92556V106,US92556V1061,BMWS3X9,214432.0,2830502.4,0.58,0,,HEALTH CARE,UNITED STATES,AVMV,2026-03-23,,,,,,,,,,,,,
APA CORP COMMON STOCK USD.625,APA,COMMON STOCK,03743Q108,US03743Q1085,BNNF1C1,71981.0,2815176.91,0.57,0,,ENERGY,UNITED STATES,AVMV,2026-03-23,,,,,,,,,,,,,
HUNT (JB) TRANSPRT SVCS INC COMMON STOCK USD.01,JBHT,COMMON STOCK,445658107,US4456581077,2445416,13836.0,2766231.48,0.56,0,,INDUSTRIALS,UNITED STATES,AVMV,2026-03-23,,,,,,,,,,,,,
PACKAGING CORP OF AMERICA COMMON STOCK USD.01,PKG,COMMON STOCK,695156109,US6951561090,2504566,13476.0,2731989.48,0.56,0,,MATERIALS,UNITED STATES,AVMV,2026-03-23,,,,,,,,,,,,,
PRINCIPAL FINANCIAL GROUP COMMON STOCK USD.01,PFG,COMMON STOCK,74251V102,US74251V1026,2803014,31965.0,2719262.55,0.55,0,,FINANCIALS,UNITED STATES,AVMV,2026-03-23,,,,,,,,,,,,,
IDEXX LABORATORIES INC COMMON STOCK USD.1,IDXX,COMMON STOCK,45168D104,US45168D1046,2459202,4662.0,2691186.12,0.55,0,,HEALTH CARE,UNITED STATES,AVMV,2026-03-23,,,,,,,,,,,,,
CARPENTER TECHNOLOGY COMMON STOCK USD5.0,CRS,COMMON STOCK,144285103,US1442851036,2177504,7394.0,2679585.6,0.55,0,,INDUSTRIALS,UNITED STATES,AVMV,2026-03-23,,,,,,,,,,,,,
WR BERKLEY CORP COMMON STOCK USD.2,WRB,COMMON STOCK,084423102,US0844231029,2093644,39834.0,2618687.16,0.53,0,,FINANCIALS,UNITED STATES,AVMV,2026-03-23,,,,,,,,,,,,,
LAS VEGAS SANDS CORP COMMON STOCK USD.001,LVS,COMMON STOCK,517834107,US5178341070,B02T2J7,48608.0,2572821.44,0.52,0,,CONSUMER DISCRETIONARY,UNITED STATES,AVMV,2026-03-23,,,,,,,,,,,,,
DARDEN RESTAURANTS INC COMMON STOCK,DRI,COMMON STOCK,237194105,US2371941053,2289874,12646.0,2567770.3,0.52,0,,CONSUMER DISCRETIONARY,UNITED STATES,AVMV,2026-03-23,,,,,,,,,,,,,
T ROWE PRICE GROUP INC COMMON STOCK USD.2,TROW,COMMON STOCK,74144T108,US74144T1088,2702337,29771.0,2565962.49,0.52,0,,FINANCIALS,UNITED STATES,AVMV,2026-03-23,,,,,,,,,,,,,
DEXCOM INC COMMON STOCK USD.001,DXCM,COMMON STOCK,252131107,US2521311074,B0796X4,37492.0,2510089.4,0.51,0,,HEALTH CARE,UNITED STATES,AVMV,2026-03-23,,,,,,,,,,,,,
PERMIAN RESOURCES CORP CL A COMMON STOCK USD.0001,PR,COMMON STOCK,71424F105,US71424F1057,BQPCHB2,122956.0,2467726.92,0.5,0,,ENERGY,UNITED STATES,AVMV,2026-03-23,,,,,,,,,,,,,
OVINTIV INC COMMON STOCK,OVV,COMMON STOCK,69047Q102,US69047Q1022,BJ01KB6,43301.0,2466857.97,0.5,0,,ENERGY,UNITED STATES,AVMV,2026-03-23,,,,,,,,,,,,,
LOEWS CORP COMMON STOCK USD.01,L,COMMON STOCK,540424108,US5404241086,2523022,23207.0,2450659.2,0.5,0,,FINANCIALS,UNITED STATES,AVMV,2026-03-23,,,,,,,,,,,,,
DECKERS OUTDOOR CORP COMMON STOCK USD.01,DECK,COMMON STOCK,243537107,US2435371073,2267278,23751.0,2385312.93,0.49,0,,CONSUMER DISCRETIONARY,UNITED STATES,AVMV,2026-03-23,,,,,,,,,,,,,
APTIV PLC COMMON STOCK USD.01,APTV,COMMON STOCK,G3265R107,JE00BTDN8H13,BTDN8H1,34655.0,2360005.5,0.48,0,,CONSUMER DISCRETIONARY,UNITED STATES,AVMV,2026-03-23,,,,,,,,,,,,,
TYSON FOODS INC CL A COMMON STOCK USD.1,TSN,COMMON STOCK,902494103,US9024941034,2909730,39129.0,2276525.22,0.46,0,,CONSUMER STAPLES,UNITED STATES,AVMV,2026-03-23,,,,,,,,,,,,,
FIVE BELOW COMMON STOCK USD.01,FIVE,COMMON STOCK,33829M101,US33829M1018,B85KFY9,9879.0,2246682.18,0.46,0,,CONSUMER DISCRETIONARY,UNITED STATES,AVMV,2026-03-23,,,,,,,,,,,,,
TALEN ENERGY CORP COMMON STOCK USD.001,TLN,COMMON STOCK,87422Q109,US87422Q1094,BRRF114,7230.0,2190473.1,0.45,0,,UTILITIES,UNITED STATES,AVMV,2026-03-23,,,,,,,,,,,,,
WW GRAINGER INC COMMON STOCK USD.5,GWW,COMMON STOCK,384802104,US3848021040,2380863,2098.0,2186011.1,0.45,0,,INDUSTRIALS,UNITED STATES,AVMV,2026-03-23,,,,,,,,,,,,,
NVR INC COMMON STOCK USD.01,NVR,COMMON STOCK,62944T105,US62944T1051,2637785,334.0,2127372.92,0.43,0,,CONSUMER DISCRETIONARY,UNITED STATES,AVMV,2026-03-23,,,,,,,,,,,,,
LENNOX INTERNATIONAL INC COMMON STOCK USD.01,LII,COMMON STOCK,526107107,US5261071071,2442053,4426.0,2070836.88,0.42,0,,INDUSTRIALS,UNITED STATES,AVMV,2026-03-23,,,,,,,,,,,,,
EAST WEST BANCORP INC COMMON STOCK USD.001,EWBC,COMMON STOCK,27579R104,US27579R1041,2487407,19909.0,2061178.77,0.42,0,,FINANCIALS,UNITED STATES,AVMV,2026-03-23,,,,,,,,,,,,,
FIRST CITIZENS BCSHS   CL A COMMON STOCK USD1.0,FCNCA,COMMON STOCK,31946M103,US31946M1036,2355582,1128.0,2055655.92,0.42,0,,FINANCIALS,UNITED STATES,AVMV,2026-03-23,,,,,,,,,,,,,
BORGWARNER INC COMMON STOCK USD.01,BWA,COMMON STOCK,099724106,US0997241064,2111955,39326.0,2053996.98,0.42,0,,CONSUMER DISCRETIONARY,UNITED STATES,AVMV,2026-03-23,,,,,,,,,,,,,
MUELLER INDUSTRIES INC COMMON STOCK USD.01,MLI,COMMON STOCK,624756102,US6247561029,2609717,19056.0,2053474.56,0.42,0,,INDUSTRIALS,UNITED STATES,AVMV,2026-03-23,,,,,,,,,,,,,
RALPH LAUREN CORP COMMON STOCK USD.01,RL,COMMON STOCK,751212101,US7512121010,B4V9661,6118.0,2018144.66,0.41,0,,CONSUMER DISCRETIONARY,UNITED STATES,AVMV,2026-03-23,,,,,,,,,,,,,
SMURFIT WESTROCK PLC COMMON STOCK,SW,COMMON STOCK,G8267P108,IE00028FXN24,BRK49M5,55586.0,2012769.06,0.41,0,,MATERIALS,UNITED STATES,AVMV,2026-03-23,,,,,,,,,,,,,
TEXTRON INC COMMON STOCK USD.125,TXT,COMMON STOCK,883203101,US8832031012,2885937,22613.0,2007356.01,0.41,0,,INDUSTRIALS,UNITED STATES,AVMV,2026-03-23,,,,,,,,,,,,,
BEST BUY CO INC COMMON STOCK USD.1,BBY,COMMON STOCK,086516101,US0865161014,2094670,31924.0,2004827.2,0.41,0,,CONSUMER DISCRETIONARY,UNITED STATES,AVMV,2026-03-23,,,,,,,,,,,,,
RENAISSANCERE HOLDINGS LTD COMMON STOCK USD1.0,RNR,COMMON STOCK,G7496G103,BMG7496G1033,2728429,6881.0,2000513.13,0.41,0,,FINANCIALS,UNITED STATES,AVMV,2026-03-23,,,,,,,,,,,,,
REGIONS FINANCIAL CORP COMMON STOCK USD.01,RF,COMMON STOCK,7591EP100,US7591EP1005,B01R311,78858.0,1999838.88,0.41,0,,FINANCIALS,UNITED STATES,AVMV,2026-03-23,,,,,,,,,,,,,
INTERNATIONAL PAPER CO COMMON STOCK USD1.0,IP,COMMON STOCK,460146103,US4601461035,2465254,58429.0,1972563.04,0.4,0,,MATERIALS,UNITED STATES,AVMV,2026-03-23,,,,,,,,,,,,,
JAZZ PHARMACEUTICALS PLC COMMON STOCK USD.0001,JAZZ,COMMON STOCK,G50871105,IE00B4Q5ZN47,B4Q5ZN4,10915.0,1971467.3,0.4,0,,HEALTH CARE,UNITED STATES,AVMV,2026-03-23,,,,,,,,,,,,,
JONES LANG LASALLE INC COMMON STOCK USD.01,JLL,COMMON STOCK,48020Q107,US48020Q1076,2040640,6294.0,1849177.2,0.38,0,,REAL ESTATE,UNITED STATES,AVMV,2026-03-23,,,,,,,,,,,,,
NEW YORK TIMES CO A COMMON STOCK USD.1,NYT,COMMON STOCK,650111107,US6501111073,2632003,22702.0,1838180.94,0.37,0,,COMMUNICATION SERVICES,UNITED STATES,AVMV,2026-03-23,,,,,,,,,,,,,
TEXAS ROADHOUSE INC COMMON STOCK USD.001,TXRH,COMMON STOCK,882681109,US8826811098,B033TJ7,10594.0,1810408.66,0.37,0,,CONSUMER DISCRETIONARY,UNITED STATES,AVMV,2026-03-23,,,,,,,,,,,,,
FOX CORP   CLASS A COMMON STOCK USD.01,FOXA,COMMON STOCK,35137L105,US35137L1052,BJJMGL2,30846.0,1783515.72,0.36,0,,COMMUNICATION SERVICES,UNITED STATES,AVMV,2026-03-23,,,,,,,,,,,,,
REINSURANCE GROUP OF AMERICA COMMON STOCK USD.01,RGA,COMMON STOCK,759351604,US7593516047,2731193,8864.0,1754983.36,0.36,0,,FINANCIALS,UNITED STATES,AVMV,2026-03-23,,,,,,,,,,,,,
GRACO INC COMMON STOCK USD1.0,GGG,COMMON STOCK,384109104,US3841091040,2380443,20865.0,1750364.85,0.36,0,,INDUSTRIALS,UNITED STATES,AVMV,2026-03-23,,,,,,,,,,,,,
DYCOM INDUSTRIES INC COMMON STOCK USD.3333333,DY,COMMON STOCK,267475101,US2674751019,2289841,5153.0,1733366.14,0.35,0,,INDUSTRIALS,UNITED STATES,AVMV,2026-03-23,,,,,,,,,,,,,
RANGE RESOURCES CORP COMMON STOCK USD.01,RRC,COMMON STOCK,75281A109,US75281A1097,2523334,38752.0,1723301.44,0.35,0,,ENERGY,UNITED STATES,AVMV,2026-03-23,,,,,,,,,,,,,
BJ S WHOLESALE CLUB HOLDINGS COMMON STOCK USD.01,BJ,COMMON STOCK,05550J101,US05550J1016,BFZNZF8,17653.0,1713047.12,0.35,0,,CONSUMER STAPLES,UNITED STATES,AVMV,2026-03-23,,,,,,,,,,,,,
ADVANCED DRAINAGE SYSTEMS IN COMMON STOCK USD.01,WMS,COMMON STOCK,00790R104,US00790R1041,BP7RS59,12931.0,1709348.89,0.35,0,,INDUSTRIALS,UNITED STATES,AVMV,2026-03-23,,,,,,,,,,,,,
ALLY FINANCIAL INC COMMON STOCK USD.01,ALLY,COMMON STOCK,02005N100,US02005N1000,B72XK05,43704.0,1679544.72,0.34,0,,FINANCIALS,UNITED STATES,AVMV,2026-03-23,,,,,,,,,,,,,
EXELIXIS INC COMMON STOCK USD.001,EXEL,COMMON STOCK,30161Q104,US30161Q1040,2576941,40314.0,1663758.78,0.34,0,,HEALTH CARE,UNITED STATES,AVMV,2026-03-23,,,,,,,,,,,,,
UNIVERSAL HEALTH SERVICES B COMMON STOCK USD.01,UHS,COMMON STOCK,913903100,US9139031002,2923785,8921.0,1657700.22,0.34,0,,HEALTH CARE,UNITED STATES,AVMV,2026-03-23,,,,,,,,,,,,,
GLOBE LIFE INC COMMON STOCK USD1.0,GL,COMMON STOCK,37959E102,US37959E1029,BK6YKG1,12106.0,1656100.8,0.34,0,,FINANCIALS,UNITED STATES,AVMV,2026-03-23,,,,,,,,,,,,,
DONALDSON CO INC COMMON STOCK USD5.0,DCI,COMMON STOCK,257651109,US2576511099,2276467,19595.0,1639121.75,0.33,0,,INDUSTRIALS,UNITED STATES,AVMV,2026-03-23,,,,,,,,,,,,,
JACK HENRY + ASSOCIATES INC COMMON STOCK USD.01,JKHY,COMMON STOCK,426281101,US4262811015,2469193,9865.0,1631473.7,0.33,0,,FINANCIALS,UNITED STATES,AVMV,2026-03-23,,,,,,,,,,,,,
VIKING HOLDINGS LTD COMMON STOCK USD.01,VIK,COMMON STOCK,G93A5A101,BMG93A5A1010,BRDXKH1,23461.0,1595113.39,0.33,0,,CONSUMER DISCRETIONARY,UNITED STATES,AVMV,2026-03-23,,,,,,,,,,,,,
NORWEGIAN CRUISE LINE HOLDIN COMMON STOCK USD.001,NCLH,COMMON STOCK,G66721104,BMG667211046,B9CGTC3,81886.0,1551739.7,0.32,0,,CONSUMER DISCRETIONARY,UNITED STATES,AVMV,2026-03-23,,,,,,,,,,,,,
TORO CO COMMON STOCK USD1.0,TTC,COMMON STOCK,891092108,US8910921084,2897040,15601.0,1449644.92,0.3,0,,INDUSTRIALS,UNITED STATES,AVMV,2026-03-23,,,,,,,,,,,,,
HUNTINGTON INGALLS INDUSTRIE COMMON STOCK USD.01,HII,COMMON STOCK,446413106,US4464131063,B40SSC9,3488.0,1423034.24,0.29,0,,INDUSTRIALS,UNITED STATES,AVMV,2026-03-23,,,,,,,,,,,,,
INTERDIGITAL INC COMMON STOCK USD.01,IDCC,COMMON STOCK,45867G101,US45867G1013,2465737,4332.0,1410889.08,0.29,0,,INFORMATION TECHNOLOGY,UNITED STATES,AVMV,2026-03-23,,,,,,,,,,,,,
STIFEL FINANCIAL CORP COMMON STOCK USD.15,SF,COMMON STOCK,860630102,US8606301021,2849234,19897.0,1408110.69,0.29,0,,FINANCIALS,UNITED STATES,AVMV,2026-03-23,,,,,,,,,,,,,
HF SINCLAIR CORP COMMON STOCK,DINO,COMMON STOCK,403949100,US4039491000,BMZQ9C1,23281.0,1401981.82,0.29,0,,ENERGY,UNITED STATES,AVMV,2026-03-23,,,,,,,,,,,,,
ASSURANT INC COMMON STOCK USD.01,AIZ,COMMON STOCK,04621X108,US04621X1081,2331430,6541.0,1391990.21,0.28,0,,FINANCIALS,UNITED STATES,AVMV,2026-03-23,,,,,,,,,,,,,
SAIA INC COMMON STOCK USD.001,SAIA,COMMON STOCK,78709Y105,US78709Y1055,2982399,4240.0,1350991.2,0.28,0,,INDUSTRIALS,UNITED STATES,AVMV,2026-03-23,,,,,,,,,,,,,
AMERICAN FINANCIAL GROUP INC COMMON STOCK,AFG,COMMON STOCK,025932104,US0259321042,2134532,10674.0,1325497.32,0.27,0,,FINANCIALS,UNITED STATES,AVMV,2026-03-23,,,,,,,,,,,,,
PAYPAL HOLDINGS INC COMMON STOCK,PYPL,COMMON STOCK,70450Y103,US70450Y1038,BYW36M8,30031.0,1321664.31,0.27,0,,FINANCIALS,UNITED STATES,AVMV,2026-03-23,,,,,,,,,,,,,
TAPESTRY INC COMMON STOCK USD.01,TPR,COMMON STOCK,876030107,US8760301072,BF09HX3,9204.0,1296659.52,0.26,0,,CONSUMER DISCRETIONARY,UNITED STATES,AVMV,2026-03-23,,,,,,,,,,,,,
RYDER SYSTEM INC COMMON STOCK USD.5,R,COMMON STOCK,783549108,US7835491082,2760669,6717.0,1288186.26,0.26,0,,INDUSTRIALS,UNITED STATES,AVMV,2026-03-23,,,,,,,,,,,,,
OLD REPUBLIC INTL CORP COMMON STOCK USD1.0,ORI,COMMON STOCK,680223104,US6802231042,2659109,33595.0,1273586.45,0.26,0,,FINANCIALS,UNITED STATES,AVMV,2026-03-23,,,,,,,,,,,,,
PRIMERICA INC COMMON STOCK,PRI,COMMON STOCK,74164M108,US74164M1080,B50K3X8,5149.0,1264336.95,0.26,0,,FINANCIALS,UNITED STATES,AVMV,2026-03-23,,,,,,,,,,,,,
SKYWORKS SOLUTIONS INC COMMON STOCK USD.25,SWKS,COMMON STOCK,83088M102,US83088M1027,2961053,23021.0,1253263.24,0.26,0,,INFORMATION TECHNOLOGY,UNITED STATES,AVMV,2026-03-23,,,,,,,,,,,,,
WINTRUST FINANCIAL CORP COMMON STOCK,WTFC,COMMON STOCK,97650W108,US97650W1080,2425258,9398.0,1245516.94,0.25,0,,FINANCIALS,UNITED STATES,AVMV,2026-03-23,,,,,,,,,,,,,
MASIMO CORP COMMON STOCK USD.001,MASI,COMMON STOCK,574795100,US5747951003,B1YWR63,6976.0,1243402.24,0.25,0,,HEALTH CARE,UNITED STATES,AVMV,2026-03-23,,,,,,,,,,,,,
EVERCORE INC   A COMMON STOCK USD.01,EVR,COMMON STOCK,29977A105,US29977A1051,B1BHXZ2,4512.0,1240213.44,0.25,0,,FINANCIALS,UNITED STATES,AVMV,2026-03-23,,,,,,,,,,,,,
MURPHY USA INC COMMON STOCK USD.01,MUSA,COMMON STOCK,626755102,US6267551025,BCZWJ63,2605.0,1232607.85,0.25,0,,CONSUMER DISCRETIONARY,UNITED STATES,AVMV,2026-03-23,,,,,,,,,,,,,
AXIS CAPITAL HOLDINGS LTD COMMON STOCK USD.0125,AXS,COMMON STOCK,G0692U109,BMG0692U1099,2677606,12320.0,1226702.4,0.25,0,,FINANCIALS,UNITED STATES,AVMV,2026-03-23,,,,,,,,,,,,,
ANTERO MIDSTREAM CORP COMMON STOCK,AM,COMMON STOCK,03676B102,US03676B1026,BJBT0Q4,53908.0,1221016.2,0.25,0,,ENERGY,UNITED STATES,AVMV,2026-03-23,,,,,,,,,,,,,
POPULAR INC COMMON STOCK USD.01,BPOP,COMMON STOCK,733174700,PR7331747001,B86QM90,9327.0,1216986.96,0.25,0,,FINANCIALS,UNITED STATES,AVMV,2026-03-23,,,,,,,,,,,,,
INGREDION INC COMMON STOCK USD.01,INGR,COMMON STOCK,457187102,US4571871023,B7K24P7,10794.0,1178273.04,0.24,0,,CONSUMER STAPLES,UNITED STATES,AVMV,2026-03-23,,,,,,,,,,,,,
VALMONT INDUSTRIES COMMON STOCK USD1.0,VMI,COMMON STOCK,920253101,US9202531011,2926825,2986.0,1170392.56,0.24,0,,INDUSTRIALS,UNITED STATES,AVMV,2026-03-23,,,,,,,,,,,,,
FOX CORP   CLASS B COMMON STOCK USD.01,FOX,COMMON STOCK,35137L204,US35137L2043,BJJMGY5,22417.0,1169719.06,0.24,0,,COMMUNICATION SERVICES,UNITED STATES,AVMV,2026-03-23,,,,,,,,,,,,,
ZIONS BANCORP NA COMMON STOCK USD.001,ZION,COMMON STOCK,989701107,US9897011071,2989828,21475.0,1160723.75,0.24,0,,FINANCIALS,UNITED STATES,AVMV,2026-03-23,,,,,,,,,,,,,
MOSAIC CO/THE COMMON STOCK USD.01,MOS,COMMON STOCK,61945C103,US61945C1036,B3NPHP6,48808.0,1151380.72,0.23,0,,MATERIALS,UNITED STATES,AVMV,2026-03-23,,,,,,,,,,,,,
ANTERO RESOURCES CORP COMMON STOCK USD.01,AR,COMMON STOCK,03674X106,US03674X1063,BFD2WR8,26611.0,1146667.99,0.23,0,,ENERGY,UNITED STATES,AVMV,2026-03-23,,,,,,,,,,,,,
AUTOLIV INC COMMON STOCK USD1.0,ALV,COMMON STOCK,052800109,US0528001094,2064253,11395.0,1143374.3,0.23,0,,CONSUMER DISCRETIONARY,UNITED STATES,AVMV,2026-03-23,,,,,,,,,,,,,
APPLIED INDUSTRIAL TECH INC COMMON STOCK,AIT,COMMON STOCK,03820C105,US03820C1053,2086309,4443.0,1127500.11,0.23,0,,INDUSTRIALS,UNITED STATES,AVMV,2026-03-23,,,,,,,,,,,,,
GAP INC/THE COMMON STOCK USD.05,GAP,COMMON STOCK,364760108,US3647601083,2360326,46508.0,1112006.28,0.23,0,,CONSUMER DISCRETIONARY,UNITED STATES,AVMV,2026-03-23,,,,,,,,,,,,,
ENCOMPASS HEALTH CORP COMMON STOCK USD.01,EHC,COMMON STOCK,29261A100,US29261A1007,BYX2YJ7,11569.0,1109004.34,0.23,0,,HEALTH CARE,UNITED STATES,AVMV,2026-03-23,,,,,,,,,,,,,
CULLEN/FROST BANKERS INC COMMON STOCK USD.01,CFR,COMMON STOCK,229899109,US2298991090,2239556,8278.0,1094765.5,0.22,0,,FINANCIALS,UNITED STATES,AVMV,2026-03-23,,,,,,,,,,,,,
AGCO CORP COMMON STOCK USD.01,AGCO,COMMON STOCK,001084102,US0010841023,2010278,10011.0,1093801.86,0.22,0,,INDUSTRIALS,UNITED STATES,AVMV,2026-03-23,,,,,,,,,,,,,
VF CORP COMMON STOCK,VFC,COMMON STOCK,918204108,US9182041080,2928683,67035.0,1091329.8,0.22,0,,CONSUMER DISCRETIONARY,UNITED STATES,AVMV,2026-03-23,,,,,,,,,,,,,
OWENS CORNING COMMON STOCK USD.001,OC,COMMON STOCK,690742101,US6907421019,B1FW7Q2,10756.0,1075169.76,0.22,0,,INDUSTRIALS,UNITED STATES,AVMV,2026-03-23,,,,,,,,,,,,,
PRIMORIS SERVICES CORP COMMON STOCK USD.0001,PRIM,COMMON STOCK,74164F103,US74164F1030,B1GC200,7638.0,1060307.16,0.22,0,,INDUSTRIALS,UNITED STATES,AVMV,2026-03-23,,,,,,,,,,,,,
PARAMOUNT SKYDANCE CL B COMMON STOCK USD.001,PSKY,COMMON STOCK,69932A204,US69932A2042,BSNMNQ5,115413.0,1056028.95,0.22,0,,COMMUNICATION SERVICES,UNITED STATES,AVMV,2026-03-23,,,,,,,,,,,,,
ARMSTRONG WORLD INDUSTRIES COMMON STOCK USD.01,AWI,COMMON STOCK,04247X102,US04247X1028,B1FT462,6443.0,1055749.98,0.22,0,,INDUSTRIALS,UNITED STATES,AVMV,2026-03-23,,,,,,,,,,,,,
SEI INVESTMENTS COMPANY COMMON STOCK USD.01,SEIC,COMMON STOCK,784117103,US7841171033,2793610,13506.0,1050631.74,0.21,0,,FINANCIALS,UNITED STATES,AVMV,2026-03-23,,,,,,,,,,,,,
AMKOR TECHNOLOGY INC COMMON STOCK USD.001,AMKR,COMMON STOCK,031652100,US0316521006,2242929,22776.0,1043368.56,0.21,0,,INFORMATION TECHNOLOGY,UNITED STATES,AVMV,2026-03-23,,,,,,,,,,,,,
JACKSON FINANCIAL INC A COMMON STOCK USD.01,JXN,COMMON STOCK,46817M107,US46817M1071,BMFX6P4,10065.0,1037198.25,0.21,0,,FINANCIALS,UNITED STATES,AVMV,2026-03-23,,,,,,,,,,,,,
SIMPSON MANUFACTURING CO INC COMMON STOCK USD.01,SSD,COMMON STOCK,829073105,US8290731053,2809250,6189.0,1033686.78,0.21,0,,INDUSTRIALS,UNITED STATES,AVMV,2026-03-23,,,,,,,,,,,,,
MANHATTAN ASSOCIATES INC COMMON STOCK USD.01,MANH,COMMON STOCK,562750109,US5627501092,2239471,7399.0,1016030.68,0.21,0,,INFORMATION TECHNOLOGY,UNITED STATES,AVMV,2026-03-23,,,,,,,,,,,,,
MOLSON COORS BEVERAGE CO   B COMMON STOCK USD.01,TAP,COMMON STOCK,60871R209,US60871R2094,B067BM3,24496.0,1014134.4,0.21,0,,CONSUMER STAPLES,UNITED STATES,AVMV,2026-03-23,,,,,,,,,,,,,
SOLSTICE ADV MATERIALS INC COMMON STOCK USD.01,SOLS,COMMON STOCK,83443Q103,US83443Q1031,BW2K5V7,14973.0,1003939.65,0.2,0,,MATERIALS,UNITED STATES,AVMV,2026-03-23,,,,,,,,,,,,,
OSHKOSH CORP COMMON STOCK USD.01,OSK,COMMON STOCK,688239201,US6882392011,2663520,7137.0,1002463.02,0.2,0,,INDUSTRIALS,UNITED STATES,AVMV,2026-03-23,,,,,,,,,,,,,
TOLL BROTHERS INC COMMON STOCK USD.01,TOL,COMMON STOCK,889478103,US8894781033,2896092,7591.0,1002012.0,0.2,0,,CONSUMER DISCRETIONARY,UNITED STATES,AVMV,2026-03-23,,,,,,,,,,,,,
CLEAN HARBORS INC COMMON STOCK USD.01,CLH,COMMON STOCK,184496107,US1844961078,2202473,3628.0,1000892.64,0.2,0,,INDUSTRIALS,UNITED STATES,AVMV,2026-03-23,,,,,,,,,,,,,
WESTERN ALLIANCE BANCORP COMMON STOCK USD.0001,WAL,COMMON STOCK,957638109,US9576381092,B0CCGJ4,14756.0,989242.24,0.2,0,,FINANCIALS,UNITED STATES,AVMV,2026-03-23,,,,,,,,,,,,,
SANMINA CORP COMMON STOCK USD.01,SANM,COMMON STOCK,801056102,US8010561020,B92RRW2,8031.0,986688.66,0.2,0,,INFORMATION TECHNOLOGY,UNITED STATES,AVMV,2026-03-23,,,,,,,,,,,,,
PAYCOM SOFTWARE INC COMMON STOCK USD.01,PAYC,COMMON STOCK,70432V102,US70432V1026,BL95MY0,7833.0,977715.06,0.2,0,,INDUSTRIALS,UNITED STATES,AVMV,2026-03-23,,,,,,,,,,,,,
COMMERCE BANCSHARES INC COMMON STOCK USD5.0,CBSH,COMMON STOCK,200525103,US2005251036,2213204,19967.0,952026.56,0.19,0,,FINANCIALS,UNITED STATES,AVMV,2026-03-23,,,,,,,,,,,,,
ONEMAIN HOLDINGS INC COMMON STOCK USD.01,OMF,COMMON STOCK,68268W103,US68268W1036,BYSZB89,18031.0,928235.88,0.19,0,,FINANCIALS,UNITED STATES,AVMV,2026-03-23,,,,,,,,,,,,,
SMITH (A.O.) CORP COMMON STOCK USD1.0,AOS,COMMON STOCK,831865209,US8318652091,2816023,14438.0,925331.42,0.19,0,,INDUSTRIALS,UNITED STATES,AVMV,2026-03-23,,,,,,,,,,,,,
SPROUTS FARMERS MARKET INC COMMON STOCK USD.001,SFM,COMMON STOCK,85208M102,US85208M1027,BCGCR79,11291.0,923603.8,0.19,0,,CONSUMER STAPLES,UNITED STATES,AVMV,2026-03-23,,,,,,,,,,,,,
TD SYNNEX CORP COMMON STOCK USD.001,SNX,COMMON STOCK,87162W100,US87162W1009,2002554,6045.0,923494.65,0.19,0,,INFORMATION TECHNOLOGY,UNITED STATES,AVMV,2026-03-23,,,,,,,,,,,,,
WEBSTER FINANCIAL CORP COMMON STOCK USD.01,WBS,COMMON STOCK,947890109,US9478901096,2945143,13609.0,922690.2,0.19,0,,FINANCIALS,UNITED STATES,AVMV,2026-03-23,,,,,,,,,,,,,
COREBRIDGE FINANCIAL INC COMMON STOCK USD.01,CRBG,COMMON STOCK,21871X109,US21871X1090,BMTX0G9,38893.0,901539.74,0.18,0,,FINANCIALS,UNITED STATES,AVMV,2026-03-23,,,,,,,,,,,,,
MARKEL GROUP INC COMMON STOCK,MKL,COMMON STOCK,570535104,US5705351048,2566436,470.0,881414.5,0.18,0,,FINANCIALS,UNITED STATES,AVMV,2026-03-23,,,,,,,,,,,,,
KINSALE CAPITAL GROUP INC COMMON STOCK USD.01,KNSL,COMMON STOCK,49714P108,US49714P1084,BD1MGQ3,2685.0,881243.85,0.18,0,,FINANCIALS,UNITED STATES,AVMV,2026-03-23,,,,,,,,,,,,,
LITHIA MOTORS INC COMMON STOCK,LAD,COMMON STOCK,536797103,US5367971034,2515030,3606.0,876258.0,0.18,0,,CONSUMER DISCRETIONARY,UNITED STATES,AVMV,2026-03-23,,,,,,,,,,,,,
BROWN FORMAN CORP CLASS B COMMON STOCK USD.15,BF.B,COMMON STOCK,115637209,US1156372096,2146838,37791.0,861634.8,0.18,0,,CONSUMER STAPLES,UNITED STATES,AVMV,2026-03-23,,,,,,,,,,,,,
LINCOLN NATIONAL CORP COMMON STOCK,LNC,COMMON STOCK,534187109,US5341871094,2516378,25252.0,853770.12,0.17,0,,FINANCIALS,UNITED STATES,AVMV,2026-03-23,,,,,,,,,,,,,
LITTELFUSE INC COMMON STOCK USD.01,LFUS,COMMON STOCK,537008104,US5370081045,2531832,2637.0,845554.05,0.17,0,,INFORMATION TECHNOLOGY,UNITED STATES,AVMV,2026-03-23,,,,,,,,,,,,,
AUTONATION INC COMMON STOCK USD.01,AN,COMMON STOCK,05329W102,US05329W1027,2732635,4572.0,829635.12,0.17,0,,CONSUMER DISCRETIONARY,UNITED STATES,AVMV,2026-03-23,,,,,,,,,,,,,
ILLUMINA INC COMMON STOCK USD.01,ILMN,COMMON STOCK,452327109,US4523271090,2613990,6503.0,808517.99,0.16,0,,HEALTH CARE,UNITED STATES,AVMV,2026-03-23,,,,,,,,,,,,,
EAGLE MATERIALS INC COMMON STOCK USD.01,EXP,COMMON STOCK,26969P108,US26969P1084,2191399,4503.0,779334.21,0.16,0,,MATERIALS,UNITED STATES,AVMV,2026-03-23,,,,,,,,,,,,,
HESS MIDSTREAM LP   CLASS A COMMON STOCK,HESM,COMMON STOCK,428103105,US4281031058,BKPK695,19628.0,777072.52,0.16,0,,ENERGY,UNITED STATES,AVMV,2026-03-23,,,,,,,,,,,,,
MOHAWK INDUSTRIES INC COMMON STOCK USD.01,MHK,COMMON STOCK,608190104,US6081901042,2598699,8000.0,769680.0,0.16,0,,CONSUMER DISCRETIONARY,UNITED STATES,AVMV,2026-03-23,,,,,,,,,,,,,
COLUMBIA BANKING SYSTEM INC COMMON STOCK,COLB,COMMON STOCK,197236102,US1972361026,2176608,28315.0,740154.1,0.15,0,,FINANCIALS,UNITED STATES,AVMV,2026-03-23,,,,,,,,,,,,,
METLIFE INC COMMON STOCK USD.01,MET,COMMON STOCK,59156R108,US59156R1086,2573209,10671.0,731603.76,0.15,0,,FINANCIALS,UNITED STATES,AVMV,2026-03-23,,,,,,,,,,,,,
AIR LEASE CORP COMMON STOCK USD.01,AL,COMMON STOCK,00912X302,US00912X3026,B3XS562,11202.0,723761.22,0.15,0,,INDUSTRIALS,UNITED STATES,AVMV,2026-03-23,,,,,,,,,,,,,
GENPACT LTD COMMON STOCK USD.01,G,COMMON STOCK,G3922B107,BMG3922B1072,B23DBK6,18637.0,721251.9,0.15,0,,INDUSTRIALS,UNITED STATES,AVMV,2026-03-23,,,,,,,,,,,,,
LEAR CORP COMMON STOCK USD.01,LEA,COMMON STOCK,521865204,US5218652049,B570P91,6349.0,720484.52,0.15,0,,CONSUMER DISCRETIONARY,UNITED STATES,AVMV,2026-03-23,,,,,,,,,,,,,
MGIC INVESTMENT CORP COMMON STOCK USD1.0,MTG,COMMON STOCK,552848103,US5528481030,2548616,27239.0,698952.74,0.14,0,,FINANCIALS,UNITED STATES,AVMV,2026-03-23,,,,,,,,,,,,,
CIRRUS LOGIC INC COMMON STOCK USD.001,CRUS,COMMON STOCK,172755100,US1727551004,2197308,5023.0,683479.61,0.14,0,,INFORMATION TECHNOLOGY,UNITED STATES,AVMV,2026-03-23,,,,,,,,,,,,,
VOYA FINANCIAL INC COMMON STOCK USD.01,VOYA,COMMON STOCK,929089100,US9290891004,BKWQ2N2,10093.0,677744.95,0.14,0,,FINANCIALS,UNITED STATES,AVMV,2026-03-23,,,,,,,,,,,,,
KIRBY CORP COMMON STOCK USD.1,KEX,COMMON STOCK,497266106,US4972661064,2493534,5191.0,677529.32,0.14,0,,INDUSTRIALS,UNITED STATES,AVMV,2026-03-23,,,,,,,,,,,,,
CIRCLE INTERNET GROUP INC COMMON STOCK,CRCL,COMMON STOCK,172573107,US1725731079,BL6K237,5333.0,672117.99,0.14,0,,INFORMATION TECHNOLOGY,UNITED STATES,AVMV,2026-03-23,,,,,,,,,,,,,
NEWMARKET CORP COMMON STOCK,NEU,COMMON STOCK,651587107,US6515871076,B01CGF1,1080.0,663703.2,0.14,0,,MATERIALS,UNITED STATES,AVMV,2026-03-23,,,,,,,,,,,,,
BOYD GAMING CORP COMMON STOCK USD.01,BYD,COMMON STOCK,103304101,US1033041013,2117232,8108.0,657234.48,0.13,0,,CONSUMER DISCRETIONARY,UNITED STATES,AVMV,2026-03-23,,,,,,,,,,,,,
INSTALLED BUILDING PRODUCTS COMMON STOCK USD.01,IBP,COMMON STOCK,45780R101,US45780R1014,BJSP4C9,2539.0,657067.81,0.13,0,,CONSUMER DISCRETIONARY,UNITED STATES,AVMV,2026-03-23,,,,,,,,,,,,,
U HAUL HOLDING CO NON VOTING COMMON STOCK USD.001,UHAL.B,COMMON STOCK,023586506,US0235865062,BP0VMC3,16300.0,650533.0,0.13,0,,INDUSTRIALS,UNITED STATES,AVMV,2026-03-23,,,,,,,,,,,,,
EASTMAN CHEMICAL CO COMMON STOCK USD.01,EMN,COMMON STOCK,277432100,US2774321002,2298386,9708.0,634223.64,0.13,0,,MATERIALS,UNITED STATES,AVMV,2026-03-23,,,,,,,,,,,,,
ESSENT GROUP LTD COMMON STOCK USD.015,ESNT,COMMON STOCK,G3198U102,BMG3198U1027,BFWGXR8,10779.0,616127.64,0.13,0,,FINANCIALS,UNITED STATES,AVMV,2026-03-23,,,,,,,,,,,,,
FLUOR CORP COMMON STOCK USD.01,FLR,COMMON STOCK,343412102,US3434121022,2696838,13494.0,606150.48,0.12,0,,INDUSTRIALS,UNITED STATES,AVMV,2026-03-23,,,,,,,,,,,,,
FIRST SOLAR INC COMMON STOCK USD.001,FSLR,COMMON STOCK,336433107,US3364331070,B1HMF22,3126.0,602755.32,0.12,0,,INFORMATION TECHNOLOGY,UNITED STATES,AVMV,2026-03-23,,,,,,,,,,,,,
LAMB WESTON HOLDINGS INC COMMON STOCK USD1.0,LW,COMMON STOCK,513272104,US5132721045,BDQZFJ3,14447.0,577880.0,0.12,0,,CONSUMER STAPLES,UNITED STATES,AVMV,2026-03-23,,,,,,,,,,,,,
BRINKER INTERNATIONAL INC COMMON STOCK USD.1,EAT,COMMON STOCK,109641100,US1096411004,2193544,3996.0,573026.4,0.12,0,,CONSUMER DISCRETIONARY,UNITED STATES,AVMV,2026-03-23,,,,,,,,,,,,,
URBAN OUTFITTERS INC COMMON STOCK USD.0001,URBN,COMMON STOCK,917047102,US9170471026,2933438,8621.0,546485.19,0.11,0,,CONSUMER DISCRETIONARY,UNITED STATES,AVMV,2026-03-23,,,,,,,,,,,,,
TEXAS PACIFIC LAND CORP COMMON STOCK USD.01,TPL,COMMON STOCK,88262P102,US88262P1021,BM99VY2,1052.0,546419.32,0.11,0,,ENERGY,UNITED STATES,AVMV,2026-03-23,,,,,,,,,,,,,
IES HOLDINGS INC COMMON STOCK USD.01,IESC,COMMON STOCK,44951W106,US44951W1062,BD978B9,1212.0,529583.4,0.11,0,,INDUSTRIALS,UNITED STATES,AVMV,2026-03-23,,,,,,,,,,,,,
COUPANG INC COMMON STOCK USD.0001,CPNG,COMMON STOCK,22266T109,US22266T1097,BNYHDF3,26998.0,508372.34,0.1,0,,CONSUMER DISCRETIONARY,UNITED STATES,AVMV,2026-03-23,,,,,,,,,,,,,
SLB LTD COMMON STOCK USD.01,SLB,COMMON STOCK,806857108,AN8068571086,2779201,10874.0,507054.62,0.1,0,,ENERGY,UNITED STATES,AVMV,2026-03-23,,,,,,,,,,,,,
GPGI INC COMMON STOCK USD.0001,GPGI,COMMON STOCK,20459V105,US20459V1052,BMYS5T7,28941.0,493733.46,0.1,0,,INFORMATION TECHNOLOGY,UNITED STATES,AVMV,2026-03-23,,,,,,,,,,,,,
PEGASYSTEMS INC COMMON STOCK USD.01,PEGA,COMMON STOCK,705573103,US7055731035,2675860,11279.0,489734.18,0.1,0,,INFORMATION TECHNOLOGY,UNITED STATES,AVMV,2026-03-23,,,,,,,,,,,,,
NOV INC COMMON STOCK USD.01,NOV,COMMON STOCK,62955J103,US62955J1034,BN2RYW9,25778.0,481533.04,0.1,0,,ENERGY,UNITED STATES,AVMV,2026-03-23,,,,,,,,,,,,,
ALBEMARLE CORP COMMON STOCK USD.01,ALB,COMMON STOCK,012653101,US0126531013,2046853,3062.0,479815.4,0.1,0,,MATERIALS,UNITED STATES,AVMV,2026-03-23,,,,,,,,,,,,,
WEATHERFORD INTERNATIONAL PL COMMON STOCK USD.001,WFRD,COMMON STOCK,G48833118,IE00BLNN3691,BLNN369,5461.0,470410.54,0.1,0,,ENERGY,UNITED STATES,AVMV,2026-03-23,,,,,,,,,,,,,
GLOBALSTAR INC COMMON STOCK USD.0001,GSAT,COMMON STOCK,378973507,US3789735079,BRJMM32,7884.0,463027.32,0.09,0,,COMMUNICATION SERVICES,UNITED STATES,AVMV,2026-03-23,,,,,,,,,,,,,
ENSIGN GROUP INC/THE COMMON STOCK USD.001,ENSG,COMMON STOCK,29358P101,US29358P1012,B1YWPP8,2246.0,449379.68,0.09,0,,HEALTH CARE,UNITED STATES,AVMV,2026-03-23,,,,,,,,,,,,,
BAXTER INTERNATIONAL INC COMMON STOCK USD1.0,BAX,COMMON STOCK,071813109,US0718131099,2085102,27360.0,441864.0,0.09,0,,HEALTH CARE,UNITED STATES,AVMV,2026-03-23,,,,,,,,,,,,,
GALAXY DIGITAL INC A COMMON STOCK USD.001,GLXY,COMMON STOCK,36317J209,US36317J2096,BV97X10,20535.0,425485.2,0.09,0,,FINANCIALS,UNITED STATES,AVMV,2026-03-23,,,,,,,,,,,,,
TIMKEN CO COMMON STOCK,TKR,COMMON STOCK,887389104,US8873891043,2892807,4427.0,421671.75,0.09,0,,INDUSTRIALS,UNITED STATES,AVMV,2026-03-23,,,,,,,,,,,,,
WEST PHARMACEUTICAL SERVICES COMMON STOCK USD.25,WST,COMMON STOCK,955306105,US9553061055,2950482,1696.0,402002.88,0.08,0,,HEALTH CARE,UNITED STATES,AVMV,2026-03-23,,,,,,,,,,,,,
TEREX CORP COMMON STOCK USD.01,TEX,COMMON STOCK,880779103,US8807791038,2884224,6990.0,399688.2,0.08,0,,INDUSTRIALS,UNITED STATES,AVMV,2026-03-23,,,,,,,,,,,,,
KEYCORP COMMON STOCK USD1.0,KEY,COMMON STOCK,493267108,US4932671088,2490911,20087.0,389888.67,0.08,0,,FINANCIALS,UNITED STATES,AVMV,2026-03-23,,,,,,,,,,,,,
SSC GOVERNMENT MM GVMXX,OTHER,SWEEP INVESTMENT VEHICLE,7839989D1,,,384565.0,384564.57,0.08,3.597951,12/31/2030,MISCELLANEOUS,UNITED STATES,AVMV,2026-03-23,,,,,,,,,,,,,
SNAP ON INC COMMON STOCK USD1.0,SNA,COMMON STOCK,833034101,US8330341012,2818740,1005.0,358684.5,0.07,0,,INDUSTRIALS,UNITED STATES,AVMV,2026-03-23,,,,,,,,,,,,,
BOK FINANCIAL CORPORATION COMMON STOCK USD.00006,BOKF,COMMON STOCK,05561Q201,US05561Q2012,2109091,2766.0,345943.62,0.07,0,,FINANCIALS,UNITED STATES,AVMV,2026-03-23,,,,,,,,,,,,,
JEFFERIES FINANCIAL GROUP IN COMMON STOCK USD1.0,JEF,COMMON STOCK,47233W109,US47233W1099,BG0Q4Z2,8977.0,342293.01,0.07,0,,FINANCIALS,UNITED STATES,AVMV,2026-03-23,,,,,,,,,,,,,
DILLARDS INC CL A COMMON STOCK,DDS,COMMON STOCK,254067101,US2540671011,2269768,569.0,336279.0,0.07,0,,CONSUMER DISCRETIONARY,UNITED STATES,AVMV,2026-03-23,,,,,,,,,,,,,
CIPHER DIGITAL INC COMMON STOCK USD1.0,CIFR,COMMON STOCK,17253J106,US17253J1060,BMZ8604,22195.0,310951.95,0.06,0,,INFORMATION TECHNOLOGY,UNITED STATES,AVMV,2026-03-23,,,,,,,,,,,,,
CARLISLE COS INC COMMON STOCK USD1.0,CSL,COMMON STOCK,142339100,US1423391002,2176318,943.0,308851.36,0.06,0,,INDUSTRIALS,UNITED STATES,AVMV,2026-03-23,,,,,,,,,,,,,
MARKETAXESS HOLDINGS INC COMMON STOCK USD.003,MKTX,COMMON STOCK,57060D108,US57060D1081,B03Q9D0,1743.0,303299.43,0.06,0,,FINANCIALS,UNITED STATES,AVMV,2026-03-23,,,,,,,,,,,,,
PENSKE AUTOMOTIVE GROUP INC COMMON STOCK USD.0001,PAG,COMMON STOCK,70959W103,US70959W1036,2943523,2021.0,284152.6,0.06,0,,CONSUMER DISCRETIONARY,UNITED STATES,AVMV,2026-03-23,,,,,,,,,,,,,
PAYLOCITY HOLDING CORP COMMON STOCK USD.001,PCTY,COMMON STOCK,70438V106,US70438V1061,BKM4N88,2523.0,283887.96,0.06,0,,INDUSTRIALS,UNITED STATES,AVMV,2026-03-23,,,,,,,,,,,,,
NOBLE CORP PLC COMMON STOCK USD.00001,NE,COMMON STOCK,G65431127,GB00BMXNWH07,BN2QTL0,5963.0,278531.73,0.06,0,,ENERGY,UNITED STATES,AVMV,2026-03-23,,,,,,,,,,,,,
UBIQUITI INC COMMON STOCK USD.001,UI,COMMON STOCK,90353W103,US90353W1036,BK9Z6V8,360.0,275497.2,0.06,0,,INFORMATION TECHNOLOGY,UNITED STATES,AVMV,2026-03-23,,,,,,,,,,,,,
AXALTA COATING SYSTEMS LTD COMMON STOCK USD1.0,AXTA,COMMON STOCK,G0750C108,BMG0750C1082,BSFWCF5,9985.0,254018.4,0.05,0,,MATERIALS,UNITED STATES,AVMV,2026-03-23,,,,,,,,,,,,,
FIRST AMERICAN FINANCIAL COMMON STOCK USD.00001,FAF,COMMON STOCK,31847R102,US31847R1023,B4NFPK4,4398.0,250026.3,0.05,0,,FINANCIALS,UNITED STATES,AVMV,2026-03-23,,,,,,,,,,,,,
PILGRIM S PRIDE CORP COMMON STOCK USD.01,PPC,COMMON STOCK,72147K108,US72147K1088,B5L3PZ2,6993.0,246363.39,0.05,0,,CONSUMER STAPLES,UNITED STATES,AVMV,2026-03-23,,,,,,,,,,,,,
LEVI STRAUSS + CO  CLASS A COMMON STOCK USD.001,LEVI,COMMON STOCK,52736R102,US52736R1023,BHRWS81,13632.0,244421.76,0.05,0,,CONSUMER DISCRETIONARY,UNITED STATES,AVMV,2026-03-23,,,,,,,,,,,,,
GATX CORP COMMON STOCK USD.625,GATX,COMMON STOCK,361448103,US3614481030,2362128,1429.0,235356.3,0.05,0,,INDUSTRIALS,UNITED STATES,AVMV,2026-03-23,,,,,,,,,,,,,
EVEREST GROUP LTD COMMON STOCK USD.01,EG,COMMON STOCK,G3223R108,BMG3223R1088,2556868,736.0,232590.72,0.05,0,,FINANCIALS,UNITED STATES,AVMV,2026-03-23,,,,,,,,,,,,,
UNUM GROUP COMMON STOCK USD.1,UNM,COMMON STOCK,91529Y106,US91529Y1064,2433842,3136.0,227422.72,0.05,0,,FINANCIALS,UNITED STATES,AVMV,2026-03-23,,,,,,,,,,,,,
FACTSET RESEARCH SYSTEMS INC COMMON STOCK USD.01,FDS,COMMON STOCK,303075105,US3030751057,2329770,981.0,205293.87,0.04,0,,FINANCIALS,UNITED STATES,AVMV,2026-03-23,,,,,,,,,,,,,
WESTLAKE CORP COMMON STOCK USD.01,WLK,COMMON STOCK,960413102,US9604131022,B01ZP20,1912.0,202901.44,0.04,0,,MATERIALS,UNITED STATES,AVMV,2026-03-23,,,,,,,,,,,,,
SOUTHSTATE BANK CORP COMMON STOCK USD2.5,SSB,COMMON STOCK,84472E102,US84472E1029,BVDCQB2,2185.0,195928.95,0.04,0,,FINANCIALS,UNITED STATES,AVMV,2026-03-23,,,,,,,,,,,,,
RED ROCK RESORTS INC CLASS A COMMON STOCK USD.01,RRR,COMMON STOCK,75700L108,US75700L1089,BYY9947,3222.0,185329.44,0.04,0,,CONSUMER DISCRETIONARY,UNITED STATES,AVMV,2026-03-23,,,,,,,,,,,,,
LINCOLN ELECTRIC HOLDINGS COMMON STOCK,LECO,COMMON STOCK,533900106,US5339001068,2516851,740.0,184792.8,0.04,0,,INDUSTRIALS,UNITED STATES,AVMV,2026-03-23,,,,,,,,,,,,,
UMB FINANCIAL CORP COMMON STOCK USD1.0,UMBF,COMMON STOCK,902788108,US9027881088,2918510,1687.0,183950.48,0.04,0,,FINANCIALS,UNITED STATES,AVMV,2026-03-23,,,,,,,,,,,,,
ARROWHEAD PHARMACEUTICALS IN COMMON STOCK USD.001,ARWR,COMMON STOCK,04280A100,US04280A1007,BYQBFJ8,3263.0,183804.79,0.04,0,,HEALTH CARE,UNITED STATES,AVMV,2026-03-23,,,,,,,,,,,,,
MATADOR RESOURCES CO COMMON STOCK USD.01,MTDR,COMMON STOCK,576485205,US5764852050,B7MSLL8,2854.0,166959.0,0.03,0,,ENERGY,UNITED STATES,AVMV,2026-03-23,,,,,,,,,,,,,
ENERSYS COMMON STOCK USD.01,ENS,COMMON STOCK,29275Y102,US29275Y1029,B020GQ5,931.0,153931.54,0.03,0,,INDUSTRIALS,UNITED STATES,AVMV,2026-03-23,,,,,,,,,,,,,
LENNAR CORP   B SHS COMMON STOCK USD.1,LEN.B,COMMON STOCK,526057302,US5260573028,2578293,1765.0,152284.2,0.03,0,,CONSUMER DISCRETIONARY,UNITED STATES,AVMV,2026-03-23,,,,,,,,,,,,,
ARROW ELECTRONICS INC COMMON STOCK USD1.0,ARW,COMMON STOCK,042735100,US0427351004,2051404,1078.0,147297.92,0.03,0,,INFORMATION TECHNOLOGY,UNITED STATES,AVMV,2026-03-23,,,,,,,,,,,,,
ALIGN TECHNOLOGY INC COMMON STOCK USD.0001,ALGN,COMMON STOCK,016255101,US0162551016,2679204,798.0,138197.64,0.03,0,,HEALTH CARE,UNITED STATES,AVMV,2026-03-23,,,,,,,,,,,,,
BROWN FORMAN CORP CLASS A COMMON STOCK USD.15,BF.A,COMMON STOCK,115637100,US1156371007,2146816,5893.0,137483.69,0.03,0,,CONSUMER STAPLES,UNITED STATES,AVMV,2026-03-23,,,,,,,,,,,,,
ERIE INDEMNITY COMPANY CL A COMMON STOCK,ERIE,COMMON STOCK,29530P102,US29530P1021,2311711,518.0,124511.66,0.03,0,,FINANCIALS,UNITED STATES,AVMV,2026-03-23,,,,,,,,,,,,,
CNA FINANCIAL CORP COMMON STOCK USD2.5,CNA,COMMON STOCK,126117100,US1261171003,2204866,2721.0,123424.56,0.03,0,,FINANCIALS,UNITED STATES,AVMV,2026-03-23,,,,,,,,,,,,,
RPM INTERNATIONAL INC COMMON STOCK USD.01,RPM,COMMON STOCK,749685103,US7496851038,2756174,1316.0,122690.68,0.03,0,,MATERIALS,UNITED STATES,AVMV,2026-03-23,,,,,,,,,,,,,
SMITHFIELD FOODS INC COMMON STOCK NPV,SFD,COMMON STOCK,832248207,US8322482071,BS893N8,5186.0,119900.32,0.02,0,,CONSUMER STAPLES,UNITED STATES,AVMV,2026-03-23,,,,,,,,,,,,,
APTARGROUP INC COMMON STOCK USD.01,ATR,COMMON STOCK,038336103,US0383361039,2045247,989.0,119728.34,0.02,0,,MATERIALS,UNITED STATES,AVMV,2026-03-23,,,,,,,,,,,,,
ENACT HOLDINGS INC COMMON STOCK USD.01,ACT,COMMON STOCK,29249E109,US29249E1091,BNZFTG9,2726.0,109612.46,0.02,0,,FINANCIALS,UNITED STATES,AVMV,2026-03-23,,,,,,,,,,,,,
COMSTOCK RESOURCES INC COMMON STOCK USD.5,CRK,COMMON STOCK,205768302,US2057683029,BD82PS1,4506.0,97735.14,0.02,0,,ENERGY,UNITED STATES,AVMV,2026-03-23,,,,,,,,,,,,,
MATTEL INC COMMON STOCK USD1.0,MAT,COMMON STOCK,577081102,US5770811025,2572303,6494.0,96306.02,0.02,0,,CONSUMER DISCRETIONARY,UNITED STATES,AVMV,2026-03-23,,,,,,,,,,,,,
OLD NATIONAL BANCORP COMMON STOCK,ONB,COMMON STOCK,680033107,US6800331075,2658441,4359.0,92585.16,0.02,0,,FINANCIALS,UNITED STATES,AVMV,2026-03-23,,,,,,,,,,,,,
MAPLEBEAR INC COMMON STOCK USD.0001,CART,COMMON STOCK,565394103,US5653941030,BN4L6W3,2507.0,92583.51,0.02,0,,CONSUMER STAPLES,UNITED STATES,AVMV,2026-03-23,,,,,,,,,,,,,
CARLYLE GROUP INC/THE COMMON STOCK USD1.0,CG,COMMON STOCK,14316J108,US14316J1088,BKRTG56,1844.0,86907.72,0.02,0,,FINANCIALS,UNITED STATES,AVMV,2026-03-23,,,,,,,,,,,,,
COEUR MINING INC COMMON STOCK USD.01,CDE,COMMON STOCK,192108504,US1921085049,2208136,4052.0,71598.84,0.01,0,,MATERIALS,UNITED STATES,AVMV,2026-03-23,,,,,,,,,,,,,
LYFT INC A COMMON STOCK USD.00001,LYFT,COMMON STOCK,55087P104,US55087P1049,BJT1RW7,5158.0,69478.26,0.01,0,,INDUSTRIALS,UNITED STATES,AVMV,2026-03-23,,,,,,,,,,,,,
HANOVER INSURANCE GROUP INC/ COMMON STOCK USD.01,THG,COMMON STOCK,410867105,US4108671052,2020415,401.0,67704.84,0.01,0,,FINANCIALS,UNITED STATES,AVMV,2026-03-23,,,,,,,,,,,,,
MOOG INC CLASS A COMMON STOCK USD1.0,MOG.A,COMMON STOCK,615394202,US6153942023,2601218,218.0,63533.92,0.01,0,,INDUSTRIALS,UNITED STATES,AVMV,2026-03-23,,,,,,,,,,,,,
CARMAX INC COMMON STOCK USD.5,KMX,COMMON STOCK,143130102,US1431301027,2983563,1381.0,57808.66,0.01,0,,CONSUMER DISCRETIONARY,UNITED STATES,AVMV,2026-03-23,,,,,,,,,,,,,
FIDELITY NATIONAL FINANCIAL COMMON STOCK USD.0001,FNF,COMMON STOCK,31620R303,US31620R3030,BNBRDD4,1254.0,54248.04,0.01,0,,FINANCIALS,UNITED STATES,AVMV,2026-03-23,,,,,,,,,,,,,
U HAUL HOLDING CO COMMON STOCK USD.25,UHAL,COMMON STOCK,023586100,US0235861004,2028174,1232.0,51978.08,0.01,0,,INDUSTRIALS,UNITED STATES,AVMV,2026-03-23,,,,,,,,,,,,,
TRANSOCEAN LTD COMMON STOCK CHF.1,RIG,COMMON STOCK,H8817H100,CH0048265513,B3KFWW1,7759.0,48260.98,0.01,0,,ENERGY,UNITED STATES,AVMV,2026-03-23,,,,,,,,,,,,,
CHORD ENERGY CORP COMMON STOCK,CHRD,COMMON STOCK,674215207,US6742152076,BLDDYB1,350.0,46168.5,0.01,0,,ENERGY,UNITED STATES,AVMV,2026-03-23,,,,,,,,,,,,,
ARGAN INC COMMON STOCK USD.15,AGX,COMMON STOCK,04010E109,US04010E1091,2804501,95.0,45015.75,0.01,0,,INDUSTRIALS,UNITED STATES,AVMV,2026-03-23,,,,,,,,,,,,,
LOUISIANA PACIFIC CORP COMMON STOCK USD1.0,LPX,COMMON STOCK,546347105,US5463471053,2535243,614.0,42930.88,0.01,0,,MATERIALS,UNITED STATES,AVMV,2026-03-23,,,,,,,,,,,,,
VALARIS LTD COMMON STOCK USD.01,VAL,COMMON STOCK,G9460G101,BMG9460G1015,BMY0YX0,361.0,33399.72,0.01,0,,ENERGY,UNITED STATES,AVMV,2026-03-23,,,,,,,,,,,,,
FASTENAL CO COMMON STOCK USD.01,FAST,COMMON STOCK,311900104,US3119001044,2332262,728.0,31857.28,0.01,0,,INDUSTRIALS,UNITED STATES,AVMV,2026-03-23,,,,,,,,,,,,,
PENNYMAC FINANCIAL SERVICES COMMON STOCK USD.0001,PFSI,COMMON STOCK,70932M107,US70932M1071,BGYTGH3,274.0,23139.3,0.0,0,,FINANCIALS,UNITED STATES,AVMV,2026-03-23,,,,,,,,,,,,,
STONEX GROUP INC COMMON STOCK USD.01,SNEX,COMMON STOCK,861896108,US8618961085,BMQ8XV3,299.0,20803.46,0.0,0,,FINANCIALS,UNITED STATES,AVMV,2026-03-23,,,,,,,,,,,,,
SM ENERGY CO COMMON STOCK USD.01,SM,COMMON STOCK,78454L100,US78454L1008,2764188,11.0,330.44,0.0,0,,ENERGY,UNITED STATES,AVMV,2026-03-23,,,,,,,,,,,,,
NATIONAL BEVERAGE CORP COMMON STOCK USD.01,FIZZ,COMMON STOCK,635017106,US6350171061,2638625,5.0,170.45,0.0,0,,CONSUMER STAPLES,UNITED STATES,AVMV,2026-03-23,,,,,,,,,,,,,
C.H. ROBINSON WORLDWIDE INC COMMON STOCK USD.1,CHRW,COMMON STOCK,12541W209,US12541W2098,2116228,1.0,168.88,0.0,0,,INDUSTRIALS,UNITED STATES,AVMV,2026-03-23,,,,,,,,,,,,,
OLIN CORP COMMON STOCK USD1.0,OLN,COMMON STOCK,680665205,US6806652052,2658526,6.0,142.62,0.0,0,,MATERIALS,UNITED STATES,AVMV,2026-03-23,,,,,,,,,,,,,
CLARIVATE PLC COMMON STOCK USD.01,CLVT,COMMON STOCK,G21810109,JE00BJJN4441,BJJN444,40.0,99.6,0.0,0,,INDUSTRIALS,UNITED STATES,AVMV,2026-03-23,,,,,,,,,,,,,
PINNACLE FINANCIAL PARTNERS COMMON STOCK USD1.0,PNFP,COMMON STOCK,72348N109,US72348N1090,BV6GRD0,1.0,83.18,0.0,0,,FINANCIALS,UNITED STATES,AVMV,2026-03-23,,,,,,,,,,,,,
BRUNSWICK CORP COMMON STOCK USD.75,BC,COMMON STOCK,117043109,US1170431092,2149309,1.0,70.47,0.0,0,,CONSUMER DISCRETIONARY,UNITED STATES,AVMV,2026-03-23,,,,,,,,,,,,,
MERITAGE HOMES CORP COMMON STOCK USD.01,MTH,COMMON STOCK,59001A102,US59001A1025,2601326,1.0,58.76,0.0,0,,CONSUMER DISCRETIONARY,UNITED STATES,AVMV,2026-03-23,,,,,,,,,,,,,
PATTERSON UTI ENERGY INC COMMON STOCK USD.01,PTEN,COMMON STOCK,703481101,US7034811015,2672537,4.0,43.64,0.0,0,,ENERGY,UNITED STATES,AVMV,2026-03-23,,,,,,,,,,,,,
United States Treasury Bill 06/11/2026,912797QX8,,912797QX8,,,1500000.0,1487972.91,4.53,,,,,KYLD,2026-03-23,,,,,,,,,,,,,
United States Treasury Bill 09/03/2026,912797RS8,,912797RS8,,,3400000.0,3344040.18,10.18,,,,,KYLD,2026-03-23,,,,,,,,,,,,,
AMAT US 04/02/26 C375,AMAT  260402C00375000,,AMAT  260402C00375000,,,-34.0,-21335.0,-0.06,,,,,KYLD,2026-03-23,AMAT,375.0,2026-04-02,Call,372.80499267578125,10.0,-0.005853352864583333,,,,,,
AMAT US 06/18/26 C360,AMAT  260618C00360000,,AMAT  260618C00360000,,,34.0,137020.0,0.42,,,,,KYLD,2026-03-23,AMAT,360.0,2026-06-18,Call,372.80499267578125,87.0,0.03556942409939236,,,,,,
AMAT US 06/18/26 P360,AMAT  260618P00360000,,AMAT  260618P00360000,,,-34.0,-140505.0,-0.43,,,,,KYLD,2026-03-23,AMAT,360.0,2026-06-18,Put,372.80499267578125,87.0,-0.03556942409939236,,,,,,
Advanced Micro Devices Inc,AMD,,007903107,,,8366.0,1684326.78,5.13,,,,,KYLD,2026-03-23,,,,,,,,,,,,,
AMD US 04/02/26 C215,AMD   260402C00215000,,AMD   260402C00215000,,,-83.0,-22327.0,-0.07,,,,,KYLD,2026-03-23,AMD,215.0,2026-04-02,Call,205.9199981689453,10.0,-0.04223256665606832,,,,,,
AppLovin Corp,APP,,03831W108,,,3204.0,1417417.56,4.32,,,,,KYLD,2026-03-23,,,,,,,,,,,,,
APP US 04/02/26 C480,APP   260402C00480000,,APP   260402C00480000,,,-32.0,-25280.0,-0.08,,,,,KYLD,2026-03-23,APP,480.0,2026-04-02,Call,470.54998779296875,10.0,-0.019687525431315103,,,,,,
Broadcom Inc,AVGO,,11135F101,,,4984.0,1544342.24,4.7,,,,,KYLD,2026-03-23,,,,,,,,,,,,,
AVGO US 04/02/26 C335,AVGO  260402C00335000,,AVGO  260402C00335000,,,-49.0,-12103.0,-0.04,,,,,KYLD,2026-03-23,AVGO,335.0,2026-04-02,Call,324.7099914550781,10.0,-0.03071644341767724,,,,,,
BE US 04/02/26 C175,BE    260402C00175000,,BE    260402C00175000,,,-24.0,-8460.0,-0.03,,,,,KYLD,2026-03-23,BE,175.0,2026-04-02,Call,156.3699951171875,10.0,-0.10645717075892858,,,,,,
BE US 06/18/26 C165,BE    260618C00165000,,BE    260618C00165000,,,24.0,67500.0,0.21,,,,,KYLD,2026-03-23,BE,165.0,2026-06-18,Call,156.3699951171875,87.0,-0.05230305989583333,,,,,,
BE US 06/18/26 P165,BE    260618P00165000,,BE    260618P00165000,,,-24.0,-100980.0,-0.31,,,,,KYLD,2026-03-23,BE,165.0,2026-06-18,Put,156.3699951171875,87.0,0.05230305989583333,,,,,,
BWX Technologies Inc,BWXT,,05605H100,,,10146.0,2026663.5,6.17,,,,,KYLD,2026-03-23,,,,,,,,,,,,,
BWXT US 04/17/26 C220,BWXT  260417C00220000,,BWXT  260417C00220000,,,-101.0,-43935.0,-0.13,,,,,KYLD,2026-03-23,BWXT,220.0,2026-04-17,Call,,25.0,,,,,,,
EEM US 06/18/26 C70,EEM   260618C00070000,,EEM   260618C00070000,,,640.0,10880.0,0.03,,,,,KYLD,2026-03-23,EEM,70.0,2026-06-18,Call,57.630001068115234,87.0,-0.17671427045549665,,,,,,
EEM US 06/18/26 P58,EEM   260618P00058000,,EEM   260618P00058000,,,-320.0,-144800.0,-0.44,,,,,KYLD,2026-03-23,EEM,58.0,2026-06-18,Put,57.630001068115234,87.0,0.006379291929047683,,,,,,
FIDELITY INV MMKT GOVT-I  12/31/2031,FIGXX,,316175108,,,448312.99,448312.99,1.36,,,,,KYLD,2026-03-23,,,,,,,,,,,,,
Shift4 Payments Inc,FOUR,,82452J109,,,27412.0,1128552.04,3.44,,,,,KYLD,2026-03-23,,,,,,,,,,,,,
FOUR US 04/17/26 C50,FOUR  260417C00050000,,FOUR  260417C00050000,,,-274.0,-13015.0,-0.04,,,,,KYLD,2026-03-23,FOUR,50.0,2026-04-17,Call,42.39500045776367,25.0,-0.15209999084472656,,,,,,
Freshworks Inc,FRSH,,358054104,,,29370.0,235841.1,0.72,,,,,KYLD,2026-03-23,,,,,,,,,,,,,
VanEck Gold Miners ETF/USA,GDX,,92189F106,,,26344.0,2110681.28,6.43,,,,,KYLD,2026-03-23,,,,,,,,,,,,,
GDX US 04/02/26 C89,GDX   260402C00089000,,GDX   260402C00089000,,,-263.0,-16700.5,-0.05,,,,,KYLD,2026-03-23,GDX,89.0,2026-04-02,Call,84.30000305175781,10.0,-0.05280895447463132,,,,,,
Hims & Hers Health Inc,HIMS,,433000106,,,45034.0,991648.68,3.02,,,,,KYLD,2026-03-23,,,,,,,,,,,,,
HIMS US 04/02/26 C24,HIMS  260402C00024000,,HIMS  260402C00024000,,,-450.0,-34875.0,-0.11,,,,,KYLD,2026-03-23,HIMS,24.0,2026-04-02,Call,22.549999237060547,10.0,-0.06041669845581055,,,,,,
Robinhood Markets Inc,HOOD,,770700102,,,14952.0,1059947.28,3.23,,,,,KYLD,2026-03-23,,,,,,,,,,,,,
HOOD US 04/02/26 C79,HOOD  260402C00079000,,HOOD  260402C00079000,,,-149.0,-11920.0,-0.04,,,,,KYLD,2026-03-23,HOOD,79.0,2026-04-02,Call,72.7699966430664,10.0,-0.07886080198650118,,,,,,
Howmet Aerospace Inc,HWM,,443201108,,,8544.0,1975458.24,6.01,,,,,KYLD,2026-03-23,,,,,,,,,,,,,
HWM US 04/02/26 C240,HWM   260402C00240000,,HWM   260402C00240000,,,-85.0,-31875.0,-0.1,,,,,KYLD,2026-03-23,HWM,240.0,2026-04-02,Call,,10.0,,,,,,,
IBIT US 06/18/26 C46,IBIT  260618C00046000,,IBIT  260618C00046000,,,400.0,79000.0,0.24,,,,,KYLD,2026-03-23,IBIT,46.0,2026-06-18,Call,40.529998779296875,87.0,-0.11891307001528532,,,,,,
Intel Corp,INTC,,458140100,,,47348.0,2077156.76,6.32,,,,,KYLD,2026-03-23,,,,,,,,,,,,,
INTC US 04/02/26 C49,INTC  260402C00049000,,INTC  260402C00049000,,,-473.0,-27434.0,-0.08,,,,,KYLD,2026-03-23,INTC,49.0,2026-04-02,Call,45.317298889160156,10.0,-0.07515716552734375,,,,,,
MU US 04/02/26 C460,MU    260402C00460000,,MU    260402C00460000,,,-27.0,-21195.0,-0.06,,,,,KYLD,2026-03-23,MU,460.0,2026-04-02,Call,422.8349914550781,10.0,-0.08079349683678669,,,,,,
MU US 06/18/26 C430,MU    260618C00430000,,MU    260618C00430000,,,27.0,152347.5,0.46,,,,,KYLD,2026-03-23,MU,430.0,2026-06-18,Call,422.8349914550781,87.0,-0.016662810569585757,,,,,,
MU US 06/18/26 P430,MU    260618P00430000,,MU    260618P00430000,,,-27.0,-160312.5,-0.49,,,,,KYLD,2026-03-23,MU,430.0,2026-06-18,Put,422.8349914550781,87.0,0.016662810569585757,,,,,,
QQQ US 06/18/26 P560,QQQ   260618P00560000,,QQQ   260618P00560000,,,-150.0,-306975.0,-0.93,,,,,KYLD,2026-03-23,QQQ,560.0,2026-06-18,Put,593.4949951171875,87.0,-0.059812491280691965,,,,,,
QQQ US 06/18/26 P600,QQQ   260618P00600000,,QQQ   260618P00600000,,,150.0,530250.0,1.61,,,,,KYLD,2026-03-23,QQQ,600.0,2026-06-18,Put,593.4949951171875,87.0,0.0108416748046875,,,,,,
Reddit Inc,RDDT,,75734B100,,,8722.0,1219771.7,3.71,,,,,KYLD,2026-03-23,,,,,,,,,,,,,
RDDT US 04/02/26 C155,RDDT  260402C00155000,,RDDT  260402C00155000,,,-87.0,-22272.0,-0.07,,,,,KYLD,2026-03-23,RDDT,155.0,2026-04-02,Call,,10.0,,,,,,,
Shopify Inc,SHOP,,82509L107,,,10680.0,1247210.4,3.8,,,,,KYLD,2026-03-23,,,,,,,,,,,,,
SHOP US 04/02/26 C130,SHOP  260402C00130000,,SHOP  260402C00130000,,,-106.0,-13462.0,-0.04,,,,,KYLD,2026-03-23,SHOP,130.0,2026-04-02,Call,120.87000274658203,10.0,-0.07023074810321514,,,,,,
Global X Silver Miners ETF,SIL,,37954Y848,,,27946.0,2213043.74,6.74,,,,,KYLD,2026-03-23,,,,,,,,,,,,,
SIL US 04/17/26 C115,SIL   260417C00115000,,SIL   260417C00115000,,,-279.0,-7672.5,-0.02,,,,,KYLD,2026-03-23,SIL,115.0,2026-04-17,Call,83.52999877929688,25.0,-0.2736521845278533,,,,,,
iShares Silver Trust,SLV,,46428Q109,,,18576.0,1142795.52,3.48,,,,,KYLD,2026-03-23,,,,,,,,,,,,,
SLV US 04/02/26 C64,SLV   260402C00064000,,SLV   260402C00064000,,,-185.0,-41532.5,-0.13,,,,,KYLD,2026-03-23,SLV,64.0,2026-04-02,Call,63.52000045776367,10.0,-0.007499992847442627,,,,,,
Teradyne Inc,TER,,880770102,,,10146.0,2950761.18,8.98,,,,,KYLD,2026-03-23,,,,,,,,,,,,,
TER US 04/02/26 C315,TER   260402C00315000,,TER   260402C00315000,,,-101.0,-65650.0,-0.2,,,,,KYLD,2026-03-23,TER,315.0,2026-04-02,Call,311.5400085449219,10.0,-0.010984099857390872,,,,,,
Vanguard FTSE Europe ETF,VGK,,922042874,,,12460.0,986582.8,3.0,,,,,KYLD,2026-03-23,,,,,,,,,,,,,
Vistra Corp,VST,,92840M102,,,10858.0,1585485.16,4.83,,,,,KYLD,2026-03-23,,,,,,,,,,,,,
VST US 04/02/26 C165,VST   260402C00165000,,VST   260402C00165000,,,-108.0,-13662.0,-0.04,,,,,KYLD,2026-03-23,VST,165.0,2026-04-02,Call,153.7100067138672,10.0,-0.06842420173413825,,,,,,
Cash & Other,Cash&Other,,Cash&Other,,,266516.7,266516.7,0.81,,,,,KYLD,2026-03-23,,,,,,,,,,,,,
AAPL 06/18/2026 265 C,2AAPL 260618C00265000,,2AAPL 260618C00265000,,,176.0,136885.76,0.15,,,,,KQQQ,2026-03-23,AAPL,265.0,2026-06-18,Call,252.02000427246094,87.0,-0.04898111595297759,,,,,,
AAPL 06/18/2026 265 P,2AAPL 260618P00265000,,2AAPL 260618P00265000,,,-176.0,-389737.92,-0.42,,,,,KQQQ,2026-03-23,AAPL,265.0,2026-06-18,Put,252.02000427246094,87.0,0.04898111595297759,,,,,,
MSFT 06/18/2026 410 C,2MSFT 260618C00410000,,2MSFT 260618C00410000,,,155.0,208468.8,0.23,,,,,KQQQ,2026-03-23,MSFT,410.0,2026-06-18,Call,385.7049865722656,87.0,-0.05925613031154726,,,,,,
MSFT 06/18/2026 410 P,2MSFT 260618P00410000,,2MSFT 260618P00410000,,,-155.0,-591004.15,-0.64,,,,,KQQQ,2026-03-23,MSFT,410.0,2026-06-18,Put,385.7049865722656,87.0,0.05925613031154726,,,,,,
NVDA 06/18/2026 186 C,2NVDA 260618C00186000,,2NVDA 260618C00186000,,,307.0,290231.66,0.31,,,,,KQQQ,2026-03-23,NVDA,186.0,2026-06-18,Call,177.63999938964844,87.0,-0.0449462398405998,,,,,,
NVDA 06/18/2026 186 P,2NVDA 260618P00186000,,2NVDA 260618P00186000,,,-307.0,-629015.37,-0.68,,,,,KQQQ,2026-03-23,NVDA,186.0,2026-06-18,Put,177.63999938964844,87.0,0.0449462398405998,,,,,,
United States Treasury Bill 06/11/2026,912797QX8,,912797QX8,,,10000000.0,9919819.4,10.72,,,,,KQQQ,2026-03-23,,,,,,,,,,,,,
United States Treasury Bill 09/03/2026,912797RS8,,912797RS8,,,6100000.0,5999601.5,6.49,,,,,KQQQ,2026-03-23,,,,,,,,,,,,,
United States Treasury Bill 12/24/2026,912797TC1,,912797TC1,,,3000000.0,2917381.71,3.15,,,,,KQQQ,2026-03-23,,,,,,,,,,,,,
Apple Inc,AAPL,,037833100,,,21692.0,5379399.08,5.82,,,,,KQQQ,2026-03-23,,,,,,,,,,,,,
AAPL US 04/02/26 C260,AAPL  260402C00260000,,AAPL  260402C00260000,,,-176.0,-16280.0,-0.02,,,,,KQQQ,2026-03-23,AAPL,260.0,2026-04-02,Call,252.02000427246094,10.0,-0.030692291259765626,,,,,,
AAPL US 06/18/26 P225,AAPL  260618P00225000,,AAPL  260618P00225000,,,38.0,25365.0,0.03,,,,,KQQQ,2026-03-23,AAPL,225.0,2026-06-18,Put,252.02000427246094,87.0,-0.12008890787760416,,,,,,
Applied Materials Inc,AMAT,,038222105,,,6678.0,2384446.68,2.58,,,,,KQQQ,2026-03-23,,,,,,,,,,,,,
Advanced Micro Devices Inc,AMD,,007903107,,,15953.0,3211817.49,3.47,,,,,KQQQ,2026-03-23,,,,,,,,,,,,,
Amazon.com Inc,AMZN,,023135106,,,43778.0,8990687.86,9.72,,,,,KQQQ,2026-03-23,,,,,,,,,,,,,
AMZN US 04/02/26 C220,AMZN  260402C00220000,,AMZN  260402C00220000,,,-315.0,-21105.0,-0.02,,,,,KQQQ,2026-03-23,AMZN,220.0,2026-04-02,Call,211.66000366210938,10.0,-0.037909074263139206,,,,,,
AMZN US 06/18/26 P185,AMZN  260618P00185000,,AMZN  260618P00185000,,,41.0,30135.0,0.03,,,,,KQQQ,2026-03-23,AMZN,185.0,2026-06-18,Put,211.66000366210938,87.0,-0.14410812790329391,,,,,,
Broadcom Inc,AVGO,,11135F101,,,22260.0,6897483.6,7.46,,,,,KQQQ,2026-03-23,,,,,,,,,,,,,
AVGO US 04/02/26 C340,AVGO  260402C00340000,,AVGO  260402C00340000,,,-165.0,-28710.0,-0.03,,,,,KQQQ,2026-03-23,AVGO,340.0,2026-04-02,Call,324.55999755859375,10.0,-0.04541177188648897,,,,,,
AVGO US 06/18/26 C175,AVGO  260618C00175000,,AVGO  260618C00175000,,,21.0,289852.5,0.31,,,,,KQQQ,2026-03-23,AVGO,175.0,2026-06-18,Call,324.55999755859375,87.0,0.8546285574776785,,,,,,
AVGO US 06/18/26 P260,AVGO  260618P00260000,,AVGO  260618P00260000,,,21.0,24150.0,0.03,,,,,KQQQ,2026-03-23,AVGO,260.0,2026-06-18,Put,324.55999755859375,87.0,-0.24830768291766828,,,,,,
Cisco Systems Inc,CSCO,,17275R102,,,17066.0,1325174.9,1.43,,,,,KQQQ,2026-03-23,,,,,,,,,,,,,
FIDELITY INV MMKT GOVT-I  12/31/2031,FIGXX,,316175108,,,2539338.9,2539338.9,2.74,,,,,KQQQ,2026-03-23,,,,,,,,,,,,,
Alphabet Inc,GOOGL,,02079K305,,,36358.0,10943758.0,11.83,,,,,KQQQ,2026-03-23,,,,,,,,,,,,,
GOOGL US 04/02/26 C320,GOOGL 260402C00320000,,GOOGL 260402C00320000,,,-270.0,-23625.0,-0.03,,,,,KQQQ,2026-03-23,GOOGL,320.0,2026-04-02,Call,303.70001220703125,10.0,-0.050937461853027347,,,,,,
GOOGL US 06/18/26 P270,GOOGL 260618P00270000,,GOOGL 260618P00270000,,,42.0,37590.0,0.04,,,,,KQQQ,2026-03-23,GOOGL,270.0,2026-06-18,Put,303.70001220703125,87.0,-0.12481486002604167,,,,,,
Kurv Yield Premium Strategy Google Googl Etf/DE,GOOP,,500948609,,,14570.0,512606.11,0.55,,,,,KQQQ,2026-03-23,,,,,,,,,,,,,
International Business Machines Corp,IBM,,459200101,,,8533.0,2063023.41,2.23,,,,,KQQQ,2026-03-23,,,,,,,,,,,,,
Intel Corp,INTC,,458140100,,,87927.0,3857357.49,4.17,,,,,KQQQ,2026-03-23,,,,,,,,,,,,,
INTC US 04/02/26 C51,INTC  260402C00051000,,INTC  260402C00051000,,,-600.0,-22500.0,-0.02,,,,,KQQQ,2026-03-23,INTC,51.0,2026-04-02,Call,45.315101623535156,10.0,-0.11146859561695772,,,,,,
Intuitive Surgical Inc,ISRG,,46120E602,,,2614.0,1249413.58,1.35,,,,,KQQQ,2026-03-23,,,,,,,,,,,,,
Meta Platforms Inc,META,,30303M102,,,8286.0,4919066.76,5.32,,,,,KQQQ,2026-03-23,,,,,,,,,,,,,
META US 04/02/26 C635,META  260402C00635000,,META  260402C00635000,,,-60.0,-13680.0,-0.01,,,,,KQQQ,2026-03-23,META,635.0,2026-04-02,Call,603.7449951171875,10.0,-0.049220480130413385,,,,,,
META US 06/18/26 P540,META  260618P00540000,,META  260618P00540000,,,7.0,15627.5,0.02,,,,,KQQQ,2026-03-23,META,540.0,2026-06-18,Put,603.7449951171875,87.0,-0.11804628725405093,,,,,,
Microsoft Corp,MSFT,,594918104,,,4081.0,1558411.47,1.68,,,,,KQQQ,2026-03-23,,,,,,,,,,,,,
MSFT US 04/02/26 C405,MSFT  260402C00405000,,MSFT  260402C00405000,,,-155.0,-15965.0,-0.02,,,,,KQQQ,2026-03-23,MSFT,405.0,2026-04-02,Call,385.7049865722656,10.0,-0.04764200846354167,,,,,,
MSFT US 06/18/26 P355,MSFT  260618P00355000,,MSFT  260618P00355000,,,16.0,21080.0,0.02,,,,,KQQQ,2026-03-23,MSFT,355.0,2026-06-18,Put,385.7049865722656,87.0,-0.086492919921875,,,,,,
MU US 04/02/26 C480,MU    260402C00480000,,MU    260402C00480000,,,-90.0,-38700.0,-0.04,,,,,KQQQ,2026-03-23,MU,480.0,2026-04-02,Call,422.6700134277344,10.0,-0.11943747202555338,,,,,,
MU US 06/18/26 C430,MU    260618C00430000,,MU    260618C00430000,,,120.0,677100.0,0.73,,,,,KQQQ,2026-03-23,MU,430.0,2026-06-18,Call,422.6700134277344,87.0,-0.017046480400617733,,,,,,
MU US 06/18/26 P430,MU    260618P00430000,,MU    260618P00430000,,,-120.0,-712500.0,-0.77,,,,,KQQQ,2026-03-23,MU,430.0,2026-06-18,Put,422.6700134277344,87.0,0.017046480400617733,,,,,,
Netflix Inc,NFLX,,64110L106,,,43036.0,3951565.52,4.27,,,,,KQQQ,2026-03-23,,,,,,,,,,,,,
NVIDIA Corp,NVDA,,67066G104,,,15813.0,2730905.1,2.95,,,,,KQQQ,2026-03-23,,,,,,,,,,,,,
NVDA US 04/02/26 C190,NVDA  260402C00190000,,NVDA  260402C00190000,,,-307.0,-11819.5,-0.01,,,,,KQQQ,2026-03-23,NVDA,190.0,2026-04-02,Call,177.63999938964844,10.0,-0.06505263479132402,,,,,,
NVDA US 06/18/26 P155,NVDA  260618P00155000,,NVDA  260618P00155000,,,45.0,32400.0,0.04,,,,,KQQQ,2026-03-23,NVDA,155.0,2026-06-18,Put,177.63999938964844,87.0,-0.14606451219128025,,,,,,
QQQ US 06/18/26 P560,QQQ   260618P00560000,,QQQ   260618P00560000,,,-290.0,-593485.0,-0.64,,,,,KQQQ,2026-03-23,QQQ,560.0,2026-06-18,Put,593.4299926757812,87.0,-0.059696415492466515,,,,,,
QQQ US 06/18/26 P600,QQQ   260618P00600000,,QQQ   260618P00600000,,,290.0,1025150.0,1.11,,,,,KQQQ,2026-03-23,QQQ,600.0,2026-06-18,Put,593.4299926757812,87.0,0.01095001220703125,,,,,,
RTX Corp,RTX,,75513E101,,,12243.0,2426072.88,2.62,,,,,KQQQ,2026-03-23,,,,,,,,,,,,,
Spotify Technology SA,SPOT,,L8681T102,,,4081.0,1936597.74,2.09,,,,,KQQQ,2026-03-23,,,,,,,,,,,,,
Tesla Inc,TSLA,,88160R101,,,8265.0,3041189.4,3.29,,,,,KQQQ,2026-03-23,,,,,,,,,,,,,
TSLA US 04/02/26 C405,TSLA  260402C00405000,,TSLA  260402C00405000,,,-40.0,-6840.0,-0.01,,,,,KQQQ,2026-03-23,TSLA,405.0,2026-04-02,Call,383.4849853515625,10.0,-0.053123492959104936,,,,,,
Kurv Yield Premium Strategy Tesla Tsla Etf/DE,TSLP,,500948880,,,42350.0,761876.5,0.82,,,,,KQQQ,2026-03-23,,,,,,,,,,,,,
Uber Technologies Inc,UBER,,90353T100,,,35616.0,2631666.24,2.84,,,,,KQQQ,2026-03-23,,,,,,,,,,,,,
Cash & Other,Cash&Other,,Cash&Other,,,654273.94,654273.94,0.71,,,,,KQQQ,2026-03-23,,,,,,,,,,,,,
Fidelity Wise Origin Bitcoin Fund,FBTC,,315948109,,,625378.0,38223103.36,17.54,,,,,BLOX,2026-03-23,,,,,,,,61.12,217931700.0,15700000.0,628.0,,
VanEck Bitcoin ETF/US,HODL,,92189K105,,,1644145.0,32619836.8,14.97,,,,,BLOX,2026-03-23,,,,,,,,19.84,217931700.0,15700000.0,628.0,,
iShares Ethereum Trust ETF,ETHA,,46438R105,,,1109989.0,17870822.9,8.2,,,,,BLOX,2026-03-23,,,,,,,,16.1,217931700.0,15700000.0,628.0,,
Taiwan Semiconductor Manufacturing Co Ltd,TSM,,874039100,,,50931.0,16768522.44,7.69,,,,,BLOX,2026-03-23,,,,,,,,329.24,217931700.0,15700000.0,628.0,,
IREN Ltd,IREN,,Q4982L109,,,361625.0,14931496.25,6.85,,,,,BLOX,2026-03-23,,,,,,,,41.29,217931700.0,15700000.0,628.0,,
Riot Platforms Inc,RIOT,,767292105,,,989106.0,13234238.28,6.07,,,,,BLOX,2026-03-23,,,,,,,,13.38,217931700.0,15700000.0,628.0,,
Galaxy Digital Inc,GLXY,,36317J209,,,628448.0,13021442.56,5.98,,,,,BLOX,2026-03-23,,,,,,,,20.72,217931700.0,15700000.0,628.0,,
NVIDIA Corp,NVDA,,67066G104,,,74200.0,12814340.0,5.88,,,,,BLOX,2026-03-23,,,,,,,,172.7,217931700.0,15700000.0,628.0,,
Cipher Digital Inc,CIFR,,17253J106,,,900354.0,12613959.54,5.79,,,,,BLOX,2026-03-23,,,,,,,,14.01,217931700.0,15700000.0,628.0,,
HUT 8 CORP,HUT,,44812J104,,,252620.0,11989345.2,5.5,,,,,BLOX,2026-03-23,,,,,,,,47.46,217931700.0,15700000.0,628.0,,
Coinbase Global Inc,COIN,,19260Q107,,,42152.0,8325020.0,3.82,,,,,BLOX,2026-03-23,,,,,,,,197.5,217931700.0,15700000.0,628.0,,
Bullish,BLSH,,G16910120,,,136491.0,5182563.27,2.38,,,,,BLOX,2026-03-23,,,,,,,,37.97,217931700.0,15700000.0,628.0,,
Circle Internet Group Inc,CRCL,,172573107,,,38420.0,4842072.6,2.22,,,,,BLOX,2026-03-23,,,,,,,,126.03,217931700.0,15700000.0,628.0,,
Robinhood Markets Inc,HOOD,,770700102,,,65560.0,4647548.4,2.13,,,,,BLOX,2026-03-23,,,,,,,,70.89,217931700.0,15700000.0,628.0,,
Bitfarms Ltd/Canada,BITF,,09173B107,,,1788733.0,3881550.61,1.78,,,,,BLOX,2026-03-23,,,,,,,,2.17,217931700.0,15700000.0,628.0,,
Webull Corp,BULL,,G9572D103,,,634119.0,3253030.47,1.49,,,,,BLOX,2026-03-23,,,,,,,,5.13,217931700.0,15700000.0,628.0,,
MARA Holdings Inc,MARA,,565788106,,,354356.0,2997851.76,1.38,,,,,BLOX,2026-03-23,,,,,,,,8.46,217931700.0,15700000.0,628.0,,
BitMine Immersion Technologies Inc,BMNR,,09175A206,,,115427.0,2417041.38,1.11,,,,,BLOX,2026-03-23,,,,,,,,20.94,217931700.0,15700000.0,628.0,,
HOOD US 06/18/26 C30,HOOD  260618C00030000,,HOOD  260618C00030000,,,520.0,2141100.0,0.98,,,,,BLOX,2026-03-23,HOOD,30.0,2026-06-18,Call,72.76000213623047,87.0,1.4253334045410155,41.175,217931700.0,15700000.0,628.0,,
CoreWeave Inc,CRWV,,21873S108,,,25955.0,2114553.85,0.97,,,,,BLOX,2026-03-23,,,,,,,,81.47,217931700.0,15700000.0,628.0,,
Strategy Inc,MSTR,,594972408,,,11333.0,1537434.78,0.71,,,,,BLOX,2026-03-23,,,,,,,,135.66,217931700.0,15700000.0,628.0,,
CIFR US 03/27/26 P13.5,CIFR  260327P00013500,,CIFR  260327P00013500,,,9003.0,585195.0,0.27,,,,,BLOX,2026-03-23,CIFR,13.5,2026-03-27,Put,15.180000305175781,4.0,-0.12444446705005786,0.65,217931700.0,15700000.0,628.0,,
HUT 8 MI PUT OPT 03/26 46,HUT   260327P00046000,,HUT   260327P00046000,,,2526.0,574665.0,0.26,,,,,BLOX,2026-03-23,HUT,46.0,2026-03-27,Put,52.290000915527344,4.0,-0.13673915033755096,2.275,217931700.0,15700000.0,628.0,,
IREN LIM PUT OPT 03/26 39.500,IREN  260327P00039500,,IREN  260327P00039500,,,3558.0,512352.0,0.24,,,,,BLOX,2026-03-23,IREN,39.5,2026-03-27,Put,43.56930160522461,4.0,-0.10302029380315467,1.44,217931700.0,15700000.0,628.0,,
FBTC US 03/27/26 C63.5,FBTC  260327C00063500,,FBTC  260327C00063500,,,6253.0,531505.0,0.24,,,,,BLOX,2026-03-23,FBTC,63.5,2026-03-27,Call,62.26499938964844,4.0,-0.019448828509473427,0.85,217931700.0,15700000.0,628.0,,
MBTXW US 03/27/26 P160,MBTXW 260327P00160000,,MBTXW 260327P00160000,,,1968.0,501840.0,0.23,,,,,BLOX,2026-03-23,MBTXW,160.0,2026-03-27,Put,,4.0,,2.55,217931700.0,15700000.0,628.0,,
RIOT PLA PUT OPT 03/26 13,RIOT  260327P00013000,,RIOT  260327P00013000,,,9891.0,489604.5,0.22,,,,,BLOX,2026-03-23,RIOT,13.0,2026-03-27,Put,14.371100425720215,4.0,-0.10546926351693961,0.495,217931700.0,15700000.0,628.0,,
GALAXY D PUT OPT 03/26 19,GLXY  260327P00019000,,GLXY  260327P00019000,,,6284.0,317342.0,0.15,,,,,BLOX,2026-03-23,GLXY,19.0,2026-03-27,Put,21.488800048828125,4.0,-0.13098947625411184,0.505,217931700.0,15700000.0,628.0,,
TAIWAN S PUT OPT 03/26 320,TSM   260327P00320000,,TSM   260327P00320000,,,501.0,232965.0,0.11,,,,,BLOX,2026-03-23,TSM,320.0,2026-03-27,Put,341.1300048828125,4.0,-0.06603126525878907,4.65,217931700.0,15700000.0,628.0,,
ISHARES  PUT OPT 03/26 15.500,ETHA  260327P00015500,,ETHA  260327P00015500,,,5549.0,205313.0,0.09,,,,,BLOX,2026-03-23,ETHA,15.5,2026-03-27,Put,16.450000762939453,4.0,-0.06129037180254536,0.37,217931700.0,15700000.0,628.0,,
COINBASE PUT OPT 03/26 190,COIN  260327P00190000,,COIN  260327P00190000,,,421.0,194712.5,0.09,,,,,BLOX,2026-03-23,COIN,190.0,2026-03-27,Put,202.01499938964844,4.0,-0.06323683889288652,4.625,217931700.0,15700000.0,628.0,,
CIRCLE I PUT OPT 03/26 123,CRCL  260327P00123000,,CRCL  260327P00123000,,,384.0,172800.0,0.08,,,,,BLOX,2026-03-23,CRCL,123.0,2026-03-27,Put,127.30049896240234,4.0,-0.03496340619839304,4.5,217931700.0,15700000.0,628.0,,
ROBINHOO PUT OPT 03/26 68,HOOD  260327P00068000,,HOOD  260327P00068000,,,1165.0,172420.0,0.08,,,,,BLOX,2026-03-23,HOOD,68.0,2026-03-27,Put,72.76000213623047,4.0,-0.07000003141515396,1.48,217931700.0,15700000.0,628.0,,
NVIDIA C PUT OPT 03/26 170,NVDA  260327P00170000,,NVDA  260327P00170000,,,742.0,181419.0,0.08,,,,,BLOX,2026-03-23,NVDA,170.0,2026-03-27,Put,177.61500549316406,4.0,-0.0447941499597886,2.445,217931700.0,15700000.0,628.0,,
BULLISH  PUT OPT 03/26 37,BLSH  260327P00037000,,BLSH  260327P00037000,,,1364.0,154132.0,0.07,,,,,BLOX,2026-03-23,BLSH,37.0,2026-03-27,Put,,4.0,,1.13,217931700.0,15700000.0,628.0,,
MARA US 03/27/26 P8,MARA  260327P00008000,,MARA  260327P00008000,,,3543.0,88575.0,0.04,,,,,BLOX,2026-03-23,MARA,8.0,2026-03-27,Put,9.125,4.0,-0.140625,0.25,217931700.0,15700000.0,628.0,,
ETHA US 03/27/26 C17.5,ETHA  260327C00017500,,ETHA  260327C00017500,,,5550.0,88800.0,0.04,,,,,BLOX,2026-03-23,ETHA,17.5,2026-03-27,Call,16.450000762939453,4.0,-0.05999995640345982,0.16,217931700.0,15700000.0,628.0,,
COREWEAV PUT OPT 03/26 78,CRWV  260327P00078000,,CRWV  260327P00078000,,,259.0,58922.5,0.03,,,,,BLOX,2026-03-23,CRWV,78.0,2026-03-27,Put,83.44999694824219,4.0,-0.06987175574669471,2.275,217931700.0,15700000.0,628.0,,
BITMINE  PUT OPT 03/26 19.500,BMNR  260327P00019500,,BMNR  260327P00019500,,,1154.0,53084.0,0.02,,,,,BLOX,2026-03-23,BMNR,19.5,2026-03-27,Put,21.295000076293945,4.0,-0.09205128596379207,0.46,217931700.0,15700000.0,628.0,,
BULL US 03/27/26 P4.5,BULL  260327P00004500,,BULL  260327P00004500,,,6341.0,15852.5,0.01,,,,,BLOX,2026-03-23,BULL,4.5,2026-03-27,Put,5.235000133514404,4.0,-0.16333336300320095,0.025,217931700.0,15700000.0,628.0,,
STRATEGY PUT OPT 03/26 129,MSTR  260327P00129000,,MSTR  260327P00129000,,,113.0,31075.0,0.01,,,,,BLOX,2026-03-23,MSTR,129.0,2026-03-27,Put,138.80999755859375,4.0,-0.07604649270227713,2.75,217931700.0,15700000.0,628.0,,
IREN US 03/27/26 P39,IREN  260327P00039000,,IREN  260327P00039000,,,58.0,7221.0,0.0,,,,,BLOX,2026-03-23,IREN,39.0,2026-03-27,Put,43.56930160522461,4.0,-0.11716157962114383,1.245,217931700.0,15700000.0,628.0,,
MARA US 03/27/26 P9.5,MARA  260327P00009500,,MARA  260327P00009500,,,-56.0,-6552.0,0.0,,,,,BLOX,2026-03-23,MARA,9.5,2026-03-27,Put,9.125,4.0,0.039473684210526314,1.17,217931700.0,15700000.0,628.0,,
HOOD US 03/27/26 P74,HOOD  260327P00074000,,HOOD  260327P00074000,,,-10.0,-4475.0,0.0,,,,,BLOX,2026-03-23,HOOD,74.0,2026-03-27,Put,72.76000213623047,4.0,0.01675672788877745,4.475,217931700.0,15700000.0,628.0,,
HOOD US 03/27/26 P70,HOOD  260327P00070000,,HOOD  260327P00070000,,,10.0,2185.0,0.0,,,,,BLOX,2026-03-23,HOOD,70.0,2026-03-27,Put,72.76000213623047,4.0,-0.039428601946149555,2.185,217931700.0,15700000.0,628.0,,
IREN US 03/27/26 P40.5,IREN  260327P00040500,,IREN  260327P00040500,,,-58.0,-10730.0,0.0,,,,,BLOX,2026-03-23,IREN,40.5,2026-03-27,Put,43.56930160522461,4.0,-0.07578522482036072,1.85,217931700.0,15700000.0,628.0,,
TSM US 03/27/26 P322.5,TSM   260327P00322500,,TSM   260327P00322500,,,8.0,4220.0,0.0,,,,,BLOX,2026-03-23,TSM,322.5,2026-03-27,Put,341.1300048828125,4.0,-0.05776745700096899,5.275,217931700.0,15700000.0,628.0,,
TSM US 03/27/26 P335,TSM   260327P00335000,,TSM   260327P00335000,,,-8.0,-9000.0,0.0,,,,,BLOX,2026-03-23,TSM,335.0,2026-03-27,Put,341.1300048828125,4.0,-0.01829852203824627,11.25,217931700.0,15700000.0,628.0,,
STRATEGY PUT OPT 03/26 136,MSTR  260327P00136000,,MSTR  260327P00136000,,,-113.0,-60737.5,-0.03,,,,,BLOX,2026-03-23,MSTR,136.0,2026-03-27,Put,138.80999755859375,4.0,-0.020661746754365808,5.375,217931700.0,15700000.0,628.0,,
COREWEAV PUT OPT 03/26 82,CRWV  260327P00082000,,CRWV  260327P00082000,,,-259.0,-104895.0,-0.05,,,,,BLOX,2026-03-23,CRWV,82.0,2026-03-27,Put,83.44999694824219,4.0,-0.017682889612709602,4.05,217931700.0,15700000.0,628.0,,
BITMINE  PUT OPT 03/26 21,BMNR  260327P00021000,,BMNR  260327P00021000,,,-1154.0,-122324.0,-0.06,,,,,BLOX,2026-03-23,BMNR,21.0,2026-03-27,Put,21.295000076293945,4.0,-0.014047622680664062,1.06,217931700.0,15700000.0,628.0,,
ISHARES  CLL OPT 03/26 17,ETHA  260327C00017000,,ETHA  260327C00017000,,,-5550.0,-147075.0,-0.07,,,,,BLOX,2026-03-23,ETHA,17.0,2026-03-27,Call,16.450000762939453,4.0,-0.03235289629767923,0.265,217931700.0,15700000.0,628.0,,
MARA HOL PUT OPT 03/26 9,MARA  260327P00009000,,MARA  260327P00009000,,,-3487.0,-270242.5,-0.12,,,,,BLOX,2026-03-23,MARA,9.0,2026-03-27,Put,9.125,4.0,-0.013888888888888888,0.775,217931700.0,15700000.0,628.0,,
CIRCLE I PUT OPT 03/26 128,CRCL  260327P00128000,,CRCL  260327P00128000,,,-384.0,-273600.0,-0.13,,,,,BLOX,2026-03-23,CRCL,128.0,2026-03-27,Put,127.30049896240234,4.0,0.0054648518562316895,7.125,217931700.0,15700000.0,628.0,,
BULL US 03/27/26 P5.5,BULL  260327P00005500,,BULL  260327P00005500,,,-6341.0,-275833.5,-0.13,,,,,BLOX,2026-03-23,BULL,5.5,2026-03-27,Put,5.235000133514404,4.0,0.04818179390647195,0.435,217931700.0,15700000.0,628.0,,
BULLISH  PUT OPT 03/26 39,BLSH  260327P00039000,,BLSH  260327P00039000,,,-1364.0,-293942.0,-0.13,,,,,BLOX,2026-03-23,BLSH,39.0,2026-03-27,Put,,4.0,,2.155,217931700.0,15700000.0,628.0,,
ISHARES  PUT OPT 03/26 16,ETHA  260327P00016000,,ETHA  260327P00016000,,,-5549.0,-313518.5,-0.14,,,,,BLOX,2026-03-23,ETHA,16.0,2026-03-27,Put,16.450000762939453,4.0,-0.02812504768371582,0.565,217931700.0,15700000.0,628.0,,
COIN US 03/27/26 P197.5,COIN  260327P00197500,,COIN  260327P00197500,,,-421.0,-321012.5,-0.15,,,,,BLOX,2026-03-23,COIN,197.5,2026-03-27,Put,202.01499938964844,4.0,-0.02286075640328323,7.625,217931700.0,15700000.0,628.0,,
TAIWAN S PUT OPT 03/26 330,TSM   260327P00330000,,TSM   260327P00330000,,,-501.0,-407062.5,-0.19,,,,,BLOX,2026-03-23,TSM,330.0,2026-03-27,Put,341.1300048828125,4.0,-0.033727287523674244,8.125,217931700.0,15700000.0,628.0,,
ROBINHOO PUT OPT 03/26 73,HOOD  260327P00073000,,HOOD  260327P00073000,,,-1165.0,-445612.5,-0.2,,,,,BLOX,2026-03-23,HOOD,73.0,2026-03-27,Put,72.76000213623047,4.0,0.0032876419694456336,3.825,217931700.0,15700000.0,628.0,,
NVIDIA C PUT OPT 03/26 177.500,NVDA  260327P00177500,,NVDA  260327P00177500,,,-742.0,-450765.0,-0.21,,,,,BLOX,2026-03-23,NVDA,177.5,2026-03-27,Put,177.61500549316406,4.0,-0.000647918271346831,6.075,217931700.0,15700000.0,628.0,,
GALAXY D PUT OPT 03/26 20.500,GLXY  260327P00020500,,GLXY  260327P00020500,,,-6284.0,-625258.0,-0.29,,,,,BLOX,2026-03-23,GLXY,20.5,2026-03-27,Put,21.488800048828125,4.0,-0.04823414872332317,0.995,217931700.0,15700000.0,628.0,,
IREN LIM PUT OPT 03/26 41.500,IREN  260327P00041500,,IREN  260327P00041500,,,-3558.0,-832572.0,-0.38,,,,,BLOX,2026-03-23,IREN,41.5,2026-03-27,Put,43.56930160522461,4.0,-0.04986268928252071,2.34,217931700.0,15700000.0,628.0,,
MBTXW US 03/27/26 P165,MBTXW 260327P00165000,,MBTXW 260327P00165000,,,-1968.0,-846240.0,-0.39,,,,,BLOX,2026-03-23,MBTXW,165.0,2026-03-27,Put,,4.0,,4.3,217931700.0,15700000.0,628.0,,
FBTC US 03/27/26 C61.5,FBTC  260327C00061500,,FBTC  260327C00061500,,,-6253.0,-891052.5,-0.41,,,,,BLOX,2026-03-23,FBTC,61.5,2026-03-27,Call,62.26499938964844,4.0,0.012439014465828253,1.425,217931700.0,15700000.0,628.0,,
HUT 8 MI PUT OPT 03/26 49,HUT   260327P00049000,,HUT   260327P00049000,,,-2526.0,-953565.0,-0.44,,,,,BLOX,2026-03-23,HUT,49.0,2026-03-27,Put,52.290000915527344,4.0,-0.06714287582708865,3.775,217931700.0,15700000.0,628.0,,
RIOT PLA PUT OPT 03/26 14,RIOT  260327P00014000,,RIOT  260327P00014000,,,-9891.0,-1018773.0,-0.47,,,,,BLOX,2026-03-23,RIOT,14.0,2026-03-27,Put,14.371100425720215,4.0,-0.02650717326572963,1.03,217931700.0,15700000.0,628.0,,
CIFR US 03/27/26 P14.5,CIFR  260327P00014500,,CIFR  260327P00014500,,,-9003.0,-1116372.0,-0.51,,,,,BLOX,2026-03-23,CIFR,14.5,2026-03-27,Put,15.180000305175781,4.0,-0.046896572770743536,1.24,217931700.0,15700000.0,628.0,,
Cash & Other,Cash&Other,,Cash&Other,,,-1731146.0,-1731145.79,-0.79,,,,,BLOX,2026-03-23,,,,,,,,1.0,217931700.0,15700000.0,628.0,,
Sandisk Corp/DE,SNDK,,80004C200,,,8339.0,6438458.51,10.25,,,,,EGGQ,2026-03-20,,,,,,,,772.09,62813800.0,1400000.0,56.0,,
Bloom Energy Corp,BE,,093712107,,,24901.0,4150747.69,6.61,,,,,EGGQ,2026-03-20,,,,,,,,166.69,62813800.0,1400000.0,56.0,,
GE Vernova Inc,GEV,,36828A101,,,4654.0,4083373.06,6.5,,,,,EGGQ,2026-03-20,,,,,,,,877.39,62813800.0,1400000.0,56.0,,
Seagate Technology Holdings PLC,STX,,G7997R103,,,9223.0,4008315.8,6.38,,,,,EGGQ,2026-03-20,,,,,,,,434.6,62813800.0,1400000.0,56.0,,
Cash & Other,Cash&Other,,Cash&Other,,,3260206.0,3260206.38,5.19,,,,,EGGQ,2026-03-20,,,,,,,,1.0,62813800.0,1400000.0,56.0,,
Vertiv Holdings Co,VRT,,92537N108,,,11694.0,3147673.98,5.01,,,,,EGGQ,2026-03-20,,,,,,,,269.17,62813800.0,1400000.0,56.0,,
Vistra Corp,VST,,92840M102,,,17128.0,2862808.18,4.56,,,,,EGGQ,2026-03-20,,,,,,,,167.142,62813800.0,1400000.0,56.0,,
Alnylam Pharmaceuticals Inc,ALNY,,02043Q107,,,8691.0,2703770.1,4.3,,,,,EGGQ,2026-03-20,,,,,,,,311.1,62813800.0,1400000.0,56.0,,
Micron Technology Inc,MU,,595112103,,,6039.0,2682946.53,4.27,,,,,EGGQ,2026-03-20,,,,,,,,444.27,62813800.0,1400000.0,56.0,,
Palantir Technologies Inc,PLTR,,69608A108,,,17063.0,2656367.84,4.23,,,,,EGGQ,2026-03-20,,,,,,,,155.68,62813800.0,1400000.0,56.0,,
AppLovin Corp,APP,,03831W108,,,5826.0,2562973.92,4.08,,,,,EGGQ,2026-03-20,,,,,,,,439.92,62813800.0,1400000.0,56.0,,
Alphabet Inc,GOOGL,,02079K305,,,8122.0,2494509.86,3.97,,,,,EGGQ,2026-03-20,,,,,,,,307.13,62813800.0,1400000.0,56.0,,
COEUR MINING INC.,CDE,,192108504,,,129708.0,2369765.16,3.77,,,,,EGGQ,2026-03-20,,,,,,,,18.27,62813800.0,1400000.0,56.0,,
AeroVironment Inc,AVAV,,008073108,,,10948.0,2313859.8,3.68,,,,,EGGQ,2026-03-20,,,,,,,,211.35,62813800.0,1400000.0,56.0,,
Teradyne Inc,TER,,880770102,,,7618.0,2303683.2,3.67,,,,,EGGQ,2026-03-20,,,,,,,,302.4,62813800.0,1400000.0,56.0,,
Eli Lilly & Co,LLY,,532457108,,,2397.0,2199247.5,3.5,,,,,EGGQ,2026-03-20,,,,,,,,917.5,62813800.0,1400000.0,56.0,,
Taiwan Semiconductor Manufacturing Co Ltd,TSM,,874039100,,,6450.0,2185195.5,3.48,,,,,EGGQ,2026-03-20,,,,,,,,338.79,62813800.0,1400000.0,56.0,,
Astera Labs Inc,ALAB,,04626A103,,,15026.0,1895680.16,3.02,,,,,EGGQ,2026-03-20,,,,,,,,126.16,62813800.0,1400000.0,56.0,,
Credo Technology Group Holding Ltd,CRDO,,G25457105,,,15771.0,1688916.39,2.69,,,,,EGGQ,2026-03-20,,,,,,,,107.09,62813800.0,1400000.0,56.0,,
Advanced Micro Devices Inc,AMD,,007903107,,,7303.0,1499086.81,2.39,,,,,EGGQ,2026-03-20,,,,,,,,205.27,62813800.0,1400000.0,56.0,,
First American Government Obligations Fund 12/01/2031,FGXXX,,31846V336,,,1438462.0,1438462.18,2.29,,,,,EGGQ,2026-03-20,,,,,,,,100.0,62813800.0,1400000.0,56.0,,
Broadcom Inc,AVGO,,11135F101,,,4306.0,1377231.04,2.19,,,,,EGGQ,2026-03-20,,,,,,,,319.84,62813800.0,1400000.0,56.0,,
NVIDIA Corp,NVDA,,67066G104,,,7512.0,1341342.72,2.14,,,,,EGGQ,2026-03-20,,,,,,,,178.56,62813800.0,1400000.0,56.0,,
CoreWeave Inc,CRWV,,21873S108,,,15557.0,1254827.62,2.0,,,,,EGGQ,2026-03-20,,,,,,,,80.66,62813800.0,1400000.0,56.0,,
INVESCO  PUT OPT 03/26 585,QQQ   260324P00585000,,QQQ   260324P00585000,,,850.0,273275.0,0.44,,,,,EGGQ,2026-03-20,QQQ,585.0,2026-03-24,Put,593.4299926757812,1.0,-0.01441024389022436,3.215,62813800.0,1400000.0,56.0,,
PLTR US 03/20/26 C165,PLTR  260320C00165000,,PLTR  260320C00165000,,,-170.0,-935.0,0.0,,,,,EGGQ,2026-03-20,PLTR,165.0,2026-03-20,Call,158.7100067138672,-3.0,-0.03812117143110796,0.055,62813800.0,1400000.0,56.0,,
AVAV US 03/20/26 C232.5,AVAV  260320C00232500,,AVAV  260320C00232500,,,-76.0,-1710.0,0.0,,,,,EGGQ,2026-03-20,AVAV,232.5,2026-03-20,Call,203.14999389648438,-3.0,-0.12623658539146507,0.225,62813800.0,1400000.0,56.0,,
INVESCO  CLL OPT 03/26 650,QQQ   260324C00650000,,QQQ   260324C00650000,,,850.0,850.0,0.0,,,,,EGGQ,2026-03-20,QQQ,650.0,2026-03-24,Call,593.4299926757812,1.0,-0.08703078049879807,0.01,62813800.0,1400000.0,56.0,,
CDE US 03/20/26 C23.5,CDE   260320C00023500,,CDE   260320C00023500,,,-907.0,-2267.5,0.0,,,,,EGGQ,2026-03-20,CDE,23.5,2026-03-20,Call,18.540000915527344,-3.0,-0.21106379082862367,0.025,62813800.0,1400000.0,56.0,,
MICRON T PUT OPT 03/26 360,MU    260320P00360000,,MU    260320P00360000,,,60.0,210.0,0.0,,,,,EGGQ,2026-03-20,MU,360.0,2026-03-20,Put,422.6549987792969,-3.0,-0.17404166327582465,0.035,62813800.0,1400000.0,56.0,,
SANDISK  PUT OPT 03/26 600,SNDK  260320P00600000,,SNDK  260320P00600000,,,45.0,450.0,0.0,,,,,EGGQ,2026-03-20,SNDK,600.0,2026-03-20,Put,739.7100219726562,-3.0,-0.23285003662109374,0.1,62813800.0,1400000.0,56.0,,
QQQ US 03/20/26 P530,QQQ   260320P00530000,,QQQ   260320P00530000,,,850.0,2550.0,0.0,,,,,EGGQ,2026-03-20,QQQ,530.0,2026-03-20,Put,593.4299926757812,-3.0,-0.11967923146373821,0.03,62813800.0,1400000.0,56.0,,
MSFT US 03/20/26 C435,MSFT  260320C00435000,,MSFT  260320C00435000,,,70.0,70.0,0.0,,,,,EGGQ,2026-03-20,MSFT,435.0,2026-03-20,Call,385.70989990234375,-3.0,-0.1133105749371408,0.01,62813800.0,1400000.0,56.0,,
APP US 03/20/26 C505,APP   260320C00505000,,APP   260320C00505000,,,-58.0,-725.0,0.0,,,,,EGGQ,2026-03-20,APP,505.0,2026-03-20,Call,470.32000732421875,-3.0,-0.06867325282332921,0.125,62813800.0,1400000.0,56.0,,
SANDISK  PUT OPT 03/26 690,SNDK  260320P00690000,,SNDK  260320P00690000,,,-45.0,-1912.5,0.0,,,,,EGGQ,2026-03-20,SNDK,690.0,2026-03-20,Put,739.7100219726562,-3.0,-0.07204351010529891,0.425,62813800.0,1400000.0,56.0,,
QQQ US 03/20/26 C612,QQQ   260320C00612000,,QQQ   260320C00612000,,,-500.0,-2000.0,0.0,,,,,EGGQ,2026-03-20,QQQ,612.0,2026-03-20,Call,593.4299926757812,-3.0,-0.030343149222579656,0.04,62813800.0,1400000.0,56.0,,
TER US 03/20/26 C330,TER   260320C00330000,,TER   260320C00330000,,,-53.0,-2385.0,0.0,,,,,EGGQ,2026-03-20,TER,330.0,2026-03-20,Call,311.4200134277344,-3.0,-0.05630298961292614,0.45,62813800.0,1400000.0,56.0,,
QQQ US 03/20/26 C630,QQQ   260320C00630000,,QQQ   260320C00630000,,,-850.0,-850.0,0.0,,,,,EGGQ,2026-03-20,QQQ,630.0,2026-03-20,Call,593.4299926757812,-3.0,-0.0580476306733631,0.01,62813800.0,1400000.0,56.0,,
QQQ US 03/20/26 C650,QQQ   260320C00650000,,QQQ   260320C00650000,,,2200.0,1100.01,0.0,,,,,EGGQ,2026-03-20,QQQ,650.0,2026-03-20,Call,593.4299926757812,-3.0,-0.08703078049879807,0.005,62813800.0,1400000.0,56.0,,
MU US 03/20/26 P425,MU    260320P00425000,,MU    260320P00425000,,,-60.0,-8190.0,-0.01,,,,,EGGQ,2026-03-20,MU,425.0,2026-03-20,Put,422.6549987792969,-3.0,0.005517649931066177,1.365,62813800.0,1400000.0,56.0,,
QQQ US 03/20/26 C610,QQQ   260320C00610000,,QQQ   260320C00610000,,,-850.0,-4675.0,-0.01,,,,,EGGQ,2026-03-20,QQQ,610.0,2026-03-20,Call,593.4299926757812,-3.0,-0.027163946433145493,0.055,62813800.0,1400000.0,56.0,,
ALAB US 03/20/26 C139,ALAB  260320C00139000,,ALAB  260320C00139000,,,-105.0,-3780.0,-0.01,,,,,EGGQ,2026-03-20,ALAB,139.0,2026-03-20,Call,123.9800033569336,-3.0,-0.10805752980623314,0.36,62813800.0,1400000.0,56.0,,
BE US 03/20/26 C175,BE    260320C00175000,,BE    260320C00175000,,,-249.0,-28884.0,-0.05,,,,,EGGQ,2026-03-20,BE,175.0,2026-03-20,Call,156.38999938964844,-3.0,-0.10634286063058036,1.16,62813800.0,1400000.0,56.0,,
QQQ US 03/20/26 P585,QQQ   260320P00585000,,QQQ   260320P00585000,,,-850.0,-53975.0,-0.09,,,,,EGGQ,2026-03-20,QQQ,585.0,2026-03-20,Put,593.4299926757812,-3.0,-0.01441024389022436,0.635,62813800.0,1400000.0,56.0,,
INVESCO  PUT OPT 03/26 575,QQQ   260324P00575000,,QQQ   260324P00575000,,,-850.0,-113475.0,-0.18,,,,,EGGQ,2026-03-20,QQQ,575.0,2026-03-24,Put,593.4299926757812,1.0,-0.03205216117527174,1.335,62813800.0,1400000.0,56.0,,
INVESCO  CLL OPT 03/26 601,QQQ   260324C00601000,,QQQ   260324C00601000,,,-850.0,-227375.0,-0.36,,,,,EGGQ,2026-03-20,QQQ,601.0,2026-03-24,Call,593.4299926757812,1.0,-0.01259568606359193,2.675,62813800.0,1400000.0,56.0,,
Sandisk Corp/DE,SNDK,,80004C200,,,11713.0,9043490.17,10.34,,,,,EGGY,2026-03-20,,,,,,,,772.09,87448660.0,2600000.0,104.0,,
Bloom Energy Corp,BE,,093712107,,,34982.0,5831149.58,6.67,,,,,EGGY,2026-03-20,,,,,,,,166.69,87448660.0,2600000.0,104.0,,
GE Vernova Inc,GEV,,36828A101,,,6534.0,5732866.26,6.56,,,,,EGGY,2026-03-20,,,,,,,,877.39,87448660.0,2600000.0,104.0,,
Seagate Technology Holdings PLC,STX,,G7997R103,,,12955.0,5630243.0,6.44,,,,,EGGY,2026-03-20,,,,,,,,434.6,87448660.0,2600000.0,104.0,,
Vertiv Holdings Co,VRT,,92537N108,,,16425.0,4421117.25,5.06,,,,,EGGY,2026-03-20,,,,,,,,269.17,87448660.0,2600000.0,104.0,,
Vistra Corp,VST,,92840M102,,,24063.0,4021937.95,4.6,,,,,EGGY,2026-03-20,,,,,,,,167.142,87448660.0,2600000.0,104.0,,
Cash & Other,Cash&Other,,Cash&Other,,,3921036.0,3921036.02,4.48,,,,,EGGY,2026-03-20,,,,,,,,1.0,87448660.0,2600000.0,104.0,,
Alnylam Pharmaceuticals Inc,ALNY,,02043Q107,,,12208.0,3797908.8,4.34,,,,,EGGY,2026-03-20,,,,,,,,311.1,87448660.0,2600000.0,104.0,,
Micron Technology Inc,MU,,595112103,,,8482.0,3768298.14,4.31,,,,,EGGY,2026-03-20,,,,,,,,444.27,87448660.0,2600000.0,104.0,,
Palantir Technologies Inc,PLTR,,69608A108,,,23971.0,3731805.28,4.27,,,,,EGGY,2026-03-20,,,,,,,,155.68,87448660.0,2600000.0,104.0,,
AppLovin Corp,APP,,03831W108,,,8181.0,3598985.52,4.12,,,,,EGGY,2026-03-20,,,,,,,,439.92,87448660.0,2600000.0,104.0,,
Alphabet Inc,GOOGL,,02079K305,,,11407.0,3503431.91,4.01,,,,,EGGY,2026-03-20,,,,,,,,307.13,87448660.0,2600000.0,104.0,,
COEUR MINING INC.,CDE,,192108504,,,182226.0,3329269.02,3.81,,,,,EGGY,2026-03-20,,,,,,,,18.27,87448660.0,2600000.0,104.0,,
AeroVironment Inc,AVAV,,008073108,,,15376.0,3249717.6,3.72,,,,,EGGY,2026-03-20,,,,,,,,211.35,87448660.0,2600000.0,104.0,,
Teradyne Inc,TER,,880770102,,,10697.0,3234772.8,3.7,,,,,EGGY,2026-03-20,,,,,,,,302.4,87448660.0,2600000.0,104.0,,
Eli Lilly & Co,LLY,,532457108,,,3367.0,3089222.5,3.53,,,,,EGGY,2026-03-20,,,,,,,,917.5,87448660.0,2600000.0,104.0,,
Taiwan Semiconductor Manufacturing Co Ltd,TSM,,874039100,,,9061.0,3069776.19,3.51,,,,,EGGY,2026-03-20,,,,,,,,338.79,87448660.0,2600000.0,104.0,,
Astera Labs Inc,ALAB,,04626A103,,,21104.0,2662480.64,3.04,,,,,EGGY,2026-03-20,,,,,,,,126.16,87448660.0,2600000.0,104.0,,
Credo Technology Group Holding Ltd,CRDO,,G25457105,,,22158.0,2372900.22,2.71,,,,,EGGY,2026-03-20,,,,,,,,107.09,87448660.0,2600000.0,104.0,,
First American Government Obligations Fund 12/01/2031,FGXXX,,31846V336,,,2112141.0,2112141.22,2.42,,,,,EGGY,2026-03-20,,,,,,,,100.0,87448660.0,2600000.0,104.0,,
Advanced Micro Devices Inc,AMD,,007903107,,,10257.0,2105454.39,2.41,,,,,EGGY,2026-03-20,,,,,,,,205.27,87448660.0,2600000.0,104.0,,
Broadcom Inc,AVGO,,11135F101,,,6050.0,1935032.0,2.21,,,,,EGGY,2026-03-20,,,,,,,,319.84,87448660.0,2600000.0,104.0,,
NVIDIA Corp,NVDA,,67066G104,,,10552.0,1884165.12,2.15,,,,,EGGY,2026-03-20,,,,,,,,178.56,87448660.0,2600000.0,104.0,,
CoreWeave Inc,CRWV,,21873S108,,,21826.0,1760485.16,2.01,,,,,EGGY,2026-03-20,,,,,,,,80.66,87448660.0,2600000.0,104.0,,
INVESCO  PUT OPT 03/26 585,QQQ   260324P00585000,,QQQ   260324P00585000,,,1200.0,385800.0,0.44,,,,,EGGY,2026-03-20,QQQ,585.0,2026-03-24,Put,593.1900024414062,1.0,-0.014000004173344018,3.215,87448660.0,2600000.0,104.0,,
MICRON T PUT OPT 03/26 380,MU    260327P00380000,,MU    260327P00380000,,,84.0,17388.0,0.02,,,,,EGGY,2026-03-20,MU,380.0,2026-03-27,Put,422.6449890136719,4.0,-0.11222365529913651,2.07,87448660.0,2600000.0,104.0,,
SANDISK  PUT OPT 03/26 600,SNDK  260320P00600000,,SNDK  260320P00600000,,,60.0,600.0,0.0,,,,,EGGY,2026-03-20,SNDK,600.0,2026-03-20,Put,739.4199829101562,-3.0,-0.23236663818359374,0.1,87448660.0,2600000.0,104.0,,
QQQ US 03/20/26 C630,QQQ   260320C00630000,,QQQ   260320C00630000,,,-1200.0,-1200.01,0.0,,,,,EGGY,2026-03-20,QQQ,630.0,2026-03-20,Call,593.1900024414062,-3.0,-0.058428567553323416,0.01,87448660.0,2600000.0,104.0,,
SANDISK  PUT OPT 03/26 690,SNDK  260320P00690000,,SNDK  260320P00690000,,,-60.0,-2550.0,0.0,,,,,EGGY,2026-03-20,SNDK,690.0,2026-03-20,Put,739.4199829101562,-3.0,-0.0716231636379076,0.425,87448660.0,2600000.0,104.0,,
AVAV US 03/20/26 C232.5,AVAV  260320C00232500,,AVAV  260320C00232500,,,-153.0,-3442.5,0.0,,,,,EGGY,2026-03-20,AVAV,232.5,2026-03-20,Call,203.0399932861328,-3.0,-0.12670970629620296,0.225,87448660.0,2600000.0,104.0,,
APP US 03/20/26 C505,APP   260320C00505000,,APP   260320C00505000,,,-81.0,-1012.5,0.0,,,,,EGGY,2026-03-20,APP,505.0,2026-03-20,Call,470.32000732421875,-3.0,-0.06867325282332921,0.125,87448660.0,2600000.0,104.0,,
QQQ US 03/20/26 C612,QQQ   260320C00612000,,QQQ   260320C00612000,,,-800.0,-3200.0,0.0,,,,,EGGY,2026-03-20,QQQ,612.0,2026-03-20,Call,593.1900024414062,-3.0,-0.03073529012842116,0.04,87448660.0,2600000.0,104.0,,
MICRON T PUT OPT 03/26 360,MU    260320P00360000,,MU    260320P00360000,,,84.0,294.0,0.0,,,,,EGGY,2026-03-20,MU,360.0,2026-03-20,Put,422.6449890136719,-3.0,-0.17401385837131075,0.035,87448660.0,2600000.0,104.0,,
INVESCO  CLL OPT 03/26 650,QQQ   260324C00650000,,QQQ   260324C00650000,,,1200.0,1200.0,0.0,,,,,EGGY,2026-03-20,QQQ,650.0,2026-03-24,Call,593.1900024414062,1.0,-0.08739999624399039,0.01,87448660.0,2600000.0,104.0,,
QQQ US 03/20/26 C650,QQQ   260320C00650000,,QQQ   260320C00650000,,,3200.0,1600.02,0.0,,,,,EGGY,2026-03-20,QQQ,650.0,2026-03-20,Call,593.1900024414062,-3.0,-0.08739999624399039,0.005,87448660.0,2600000.0,104.0,,
PLTR US 03/20/26 C165,PLTR  260320C00165000,,PLTR  260320C00165000,,,-239.0,-1314.5,0.0,,,,,EGGY,2026-03-20,PLTR,165.0,2026-03-20,Call,158.67999267578125,-3.0,-0.038303074692234845,0.055,87448660.0,2600000.0,104.0,,
QQQ US 03/20/26 P530,QQQ   260320P00530000,,QQQ   260320P00530000,,,1200.0,3600.0,0.0,,,,,EGGY,2026-03-20,QQQ,530.0,2026-03-20,Put,593.1900024414062,-3.0,-0.11922641970076651,0.03,87448660.0,2600000.0,104.0,,
MSFT US 03/20/26 C435,MSFT  260320C00435000,,MSFT  260320C00435000,,,85.0,85.0,0.0,,,,,EGGY,2026-03-20,MSFT,435.0,2026-03-20,Call,385.6700134277344,-3.0,-0.11340226798221983,0.01,87448660.0,2600000.0,104.0,,
QQQ US 03/20/26 C610,QQQ   260320C00610000,,QQQ   260320C00610000,,,-1200.0,-6600.0,-0.01,,,,,EGGY,2026-03-20,QQQ,610.0,2026-03-20,Call,593.1900024414062,-3.0,-0.027557373046875,0.055,87448660.0,2600000.0,104.0,,
ALAB US 03/20/26 C139,ALAB  260320C00139000,,ALAB  260320C00139000,,,-211.0,-7596.0,-0.01,,,,,EGGY,2026-03-20,ALAB,139.0,2026-03-20,Call,123.9800033569336,-3.0,-0.10805752980623314,0.36,87448660.0,2600000.0,104.0,,
SNDK US 03/20/26 C860,SNDK  260320C00860000,,SNDK  260320C00860000,,,-117.0,-5265.0,-0.01,,,,,EGGY,2026-03-20,SNDK,860.0,2026-03-20,Call,739.4199829101562,-3.0,-0.14020932219749274,0.45,87448660.0,2600000.0,104.0,,
MU US 03/20/26 P425,MU    260320P00425000,,MU    260320P00425000,,,-84.0,-11466.0,-0.01,,,,,EGGY,2026-03-20,MU,425.0,2026-03-20,Put,422.6449890136719,-3.0,0.0055412023207720585,1.365,87448660.0,2600000.0,104.0,,
TER US 03/20/26 C330,TER   260320C00330000,,TER   260320C00330000,,,-106.0,-4770.0,-0.01,,,,,EGGY,2026-03-20,TER,330.0,2026-03-20,Call,311.4200134277344,-3.0,-0.05630298961292614,0.45,87448660.0,2600000.0,104.0,,
CDE US 03/20/26 C23.5,CDE   260320C00023500,,CDE   260320C00023500,,,-1822.0,-4555.01,-0.01,,,,,EGGY,2026-03-20,CDE,23.5,2026-03-20,Call,18.545000076293945,-3.0,-0.21085106058323638,0.025,87448660.0,2600000.0,104.0,,
BE US 03/20/26 C175,BE    260320C00175000,,BE    260320C00175000,,,-349.0,-40484.0,-0.05,,,,,EGGY,2026-03-20,BE,175.0,2026-03-20,Call,156.38999938964844,-3.0,-0.10634286063058036,1.16,87448660.0,2600000.0,104.0,,
STX US 03/20/26 C445,STX   260320C00445000,,STX   260320C00445000,,,-129.0,-41602.5,-0.05,,,,,EGGY,2026-03-20,STX,445.0,2026-03-20,Call,421.2950134277344,-3.0,-0.053269632746664325,3.225,87448660.0,2600000.0,104.0,,
QQQ US 03/20/26 P585,QQQ   260320P00585000,,QQQ   260320P00585000,,,-1200.0,-76200.0,-0.09,,,,,EGGY,2026-03-20,QQQ,585.0,2026-03-20,Put,593.1900024414062,-3.0,-0.014000004173344018,0.635,87448660.0,2600000.0,104.0,,
MICRON T PUT OPT 03/26 445,MU    260327P00445000,,MU    260327P00445000,,,-84.0,-148890.0,-0.17,,,,,EGGY,2026-03-20,MU,445.0,2026-03-27,Put,422.6449890136719,4.0,0.05023597974455758,17.725,87448660.0,2600000.0,104.0,,
INVESCO  PUT OPT 03/26 575,QQQ   260324P00575000,,QQQ   260324P00575000,,,-1200.0,-160200.0,-0.18,,,,,EGGY,2026-03-20,QQQ,575.0,2026-03-24,Put,593.1900024414062,1.0,-0.03163478685461957,1.335,87448660.0,2600000.0,104.0,,
INVESCO  CLL OPT 03/26 601,QQQ   260324C00601000,,QQQ   260324C00601000,,,-1200.0,-321000.0,-0.37,,,,,EGGY,2026-03-20,QQQ,601.0,2026-03-24,Call,593.1900024414062,1.0,-0.012995004257227537,2.675,87448660.0,2600000.0,104.0,,
Sandisk Corp/DE,SNDK,,80004C200,,,5306.0,4096709.54,9.74,,,,,EGGS,2026-03-20,,,,,,,,772.09,42082180.0,1150000.0,46.0,,
Micron Technology Inc,MU,,595112103,,,4858.0,2158263.66,5.13,,,,,EGGS,2026-03-20,,,,,,,,444.27,42082180.0,1150000.0,46.0,,
Vertiv Holdings Co,VRT,,92537N108,,,6981.0,1879075.77,4.47,,,,,EGGS,2026-03-20,,,,,,,,269.17,42082180.0,1150000.0,46.0,,
Broadcom Inc,AVGO,,11135F101,,,5798.0,1854432.32,4.41,,,,,EGGS,2026-03-20,,,,,,,,319.84,42082180.0,1150000.0,46.0,,
GE Vernova Inc,GEV,,36828A101,,,2076.0,1821461.64,4.33,,,,,EGGS,2026-03-20,,,,,,,,877.39,42082180.0,1150000.0,46.0,,
Credo Technology Group Holding Ltd,CRDO,,G25457105,,,16936.0,1813676.24,4.31,,,,,EGGS,2026-03-20,,,,,,,,107.09,42082180.0,1150000.0,46.0,,
Bloom Energy Corp,BE,,093712107,,,10847.0,1808086.43,4.3,,,,,EGGS,2026-03-20,,,,,,,,166.69,42082180.0,1150000.0,46.0,,
Palantir Technologies Inc,PLTR,,69608A108,,,11481.0,1787362.08,4.25,,,,,EGGS,2026-03-20,,,,,,,,155.68,42082180.0,1150000.0,46.0,,
Amgen Inc,AMGN,,031162100,,,5034.0,1761497.28,4.19,,,,,EGGS,2026-03-20,,,,,,,,349.92,42082180.0,1150000.0,46.0,,
Taiwan Semiconductor Manufacturing Co Ltd,TSM,,874039100,,,5185.0,1756626.15,4.17,,,,,EGGS,2026-03-20,,,,,,,,338.79,42082180.0,1150000.0,46.0,,
AppLovin Corp,APP,,03831W108,,,3931.0,1729325.52,4.11,,,,,EGGS,2026-03-20,,,,,,,,439.92,42082180.0,1150000.0,46.0,,
Vistra Corp,VST,,92840M102,,,10287.0,1719389.75,4.09,,,,,EGGS,2026-03-20,,,,,,,,167.142,42082180.0,1150000.0,46.0,,
Alnylam Pharmaceuticals Inc,ALNY,,02043Q107,,,5141.0,1599365.1,3.8,,,,,EGGS,2026-03-20,,,,,,,,311.1,42082180.0,1150000.0,46.0,,
NVIDIA Corp,NVDA,,67066G104,,,8902.0,1589541.12,3.78,,,,,EGGS,2026-03-20,,,,,,,,178.56,42082180.0,1150000.0,46.0,,
Cash & Other,Cash&Other,,Cash&Other,,,1549975.0,1549975.02,3.68,,,,,EGGS,2026-03-20,,,,,,,,1.0,42082180.0,1150000.0,46.0,,
First American Government Obligations Fund 12/01/2031,FGXXX,,31846V336,,,1488095.0,1488094.58,3.54,,,,,EGGS,2026-03-20,,,,,,,,100.0,42082180.0,1150000.0,46.0,,
Amazon.com Inc,AMZN,,023135106,,,6262.0,1307255.12,3.11,,,,,EGGS,2026-03-20,,,,,,,,208.76,42082180.0,1150000.0,46.0,,
Microsoft Corp,MSFT,,594918104,,,3301.0,1284155.02,3.05,,,,,EGGS,2026-03-20,,,,,,,,389.02,42082180.0,1150000.0,46.0,,
Costco Wholesale Corp,COST,,22160K105,,,1298.0,1265264.44,3.01,,,,,EGGS,2026-03-20,,,,,,,,974.78,42082180.0,1150000.0,46.0,,
COEUR MINING INC.,CDE,,192108504,,,68920.0,1259168.4,2.99,,,,,EGGS,2026-03-20,,,,,,,,18.27,42082180.0,1150000.0,46.0,,
Alphabet Inc,GOOGL,,02079K305,,,4070.0,1250019.1,2.97,,,,,EGGS,2026-03-20,,,,,,,,307.13,42082180.0,1150000.0,46.0,,
Walmart Inc,WMT,,931142103,,,10105.0,1221113.46,2.9,,,,,EGGS,2026-03-20,,,,,,,,120.8425,42082180.0,1150000.0,46.0,,
Cardinal Health Inc,CAH,,14149Y108,,,5667.0,1195283.64,2.84,,,,,EGGS,2026-03-20,,,,,,,,210.92,42082180.0,1150000.0,46.0,,
McKesson Corp,MCK,,58155Q103,,,1121.0,1007722.95,2.39,,,,,EGGS,2026-03-20,,,,,,,,898.95,42082180.0,1150000.0,46.0,,
Eli Lilly & Co,LLY,,532457108,,,1010.0,926675.0,2.2,,,,,EGGS,2026-03-20,,,,,,,,917.5,42082180.0,1150000.0,46.0,,
CoreWeave Inc,CRWV,,21873S108,,,9145.0,737635.7,1.75,,,,,EGGS,2026-03-20,,,,,,,,80.66,42082180.0,1150000.0,46.0,,
Booking Holdings Inc,BKNG,,09857L108,,,88.0,377897.52,0.9,,,,,EGGS,2026-03-20,,,,,,,,4294.29,42082180.0,1150000.0,46.0,,
INVESCO  PUT OPT 03/26 585,QQQ   260324P00585000,,QQQ   260324P00585000,,,1000.0,321500.0,0.76,,,,,EGGS,2026-03-20,QQQ,585.0,2026-03-24,Put,593.1950073242188,1.0,-0.01400855952857906,3.215,42082180.0,1150000.0,46.0,,
QQQ US 03/20/26 P530,QQQ   260320P00530000,,QQQ   260320P00530000,,,900.0,2700.0,0.01,,,,,EGGS,2026-03-20,QQQ,530.0,2026-03-20,Put,593.1950073242188,-3.0,-0.11923586287588443,0.03,42082180.0,1150000.0,46.0,,
PLTR US 03/20/26 C165,PLTR  260320C00165000,,PLTR  260320C00165000,,,-114.0,-627.0,0.0,,,,,EGGS,2026-03-20,PLTR,165.0,2026-03-20,Call,158.69000244140625,-3.0,-0.03824240944602273,0.055,42082180.0,1150000.0,46.0,,
INVESCO  CLL OPT 03/26 650,QQQ   260324C00650000,,QQQ   260324C00650000,,,1000.0,1000.0,0.0,,,,,EGGS,2026-03-20,QQQ,650.0,2026-03-24,Call,593.1950073242188,1.0,-0.08739229642427884,0.01,42082180.0,1150000.0,46.0,,
SANDISK  PUT OPT 03/26 690,SNDK  260320P00690000,,SNDK  260320P00690000,,,-25.0,-1062.5,0.0,,,,,EGGS,2026-03-20,SNDK,690.0,2026-03-20,Put,739.4199829101562,-3.0,-0.0716231636379076,0.425,42082180.0,1150000.0,46.0,,
APP US 03/20/26 C505,APP   260320C00505000,,APP   260320C00505000,,,-39.0,-487.5,0.0,,,,,EGGS,2026-03-20,APP,505.0,2026-03-20,Call,470.32000732421875,-3.0,-0.06867325282332921,0.125,42082180.0,1150000.0,46.0,,
MICRON T PUT OPT 03/26 360,MU    260320P00360000,,MU    260320P00360000,,,48.0,168.0,0.0,,,,,EGGS,2026-03-20,MU,360.0,2026-03-20,Put,422.6449890136719,-3.0,-0.17401385837131075,0.035,42082180.0,1150000.0,46.0,,
QQQ US 03/20/26 C630,QQQ   260320C00630000,,QQQ   260320C00630000,,,-1000.0,-1000.01,0.0,,,,,EGGS,2026-03-20,QQQ,630.0,2026-03-20,Call,593.1950073242188,-3.0,-0.058420623294890874,0.01,42082180.0,1150000.0,46.0,,
QQQ US 03/20/26 C612,QQQ   260320C00612000,,QQQ   260320C00612000,,,-500.0,-2000.0,0.0,,,,,EGGS,2026-03-20,QQQ,612.0,2026-03-20,Call,593.1950073242188,-3.0,-0.03072711221532884,0.04,42082180.0,1150000.0,46.0,,
SANDISK  PUT OPT 03/26 600,SNDK  260320P00600000,,SNDK  260320P00600000,,,25.0,250.0,0.0,,,,,EGGS,2026-03-20,SNDK,600.0,2026-03-20,Put,739.4199829101562,-3.0,-0.23236663818359374,0.1,42082180.0,1150000.0,46.0,,
CDE US 03/20/26 C23.5,CDE   260320C00023500,,CDE   260320C00023500,,,-689.0,-1722.5,0.0,,,,,EGGS,2026-03-20,CDE,23.5,2026-03-20,Call,18.545000076293945,-3.0,-0.21085106058323638,0.025,42082180.0,1150000.0,46.0,,
QQQ US 03/20/26 C650,QQQ   260320C00650000,,QQQ   260320C00650000,,,2300.0,1150.01,0.0,,,,,EGGS,2026-03-20,QQQ,650.0,2026-03-20,Call,593.1950073242188,-3.0,-0.08739229642427884,0.005,42082180.0,1150000.0,46.0,,
QQQ US 03/20/26 C610,QQQ   260320C00610000,,QQQ   260320C00610000,,,-800.0,-4400.0,-0.01,,,,,EGGS,2026-03-20,QQQ,610.0,2026-03-20,Call,593.1950073242188,-3.0,-0.027549168320952867,0.055,42082180.0,1150000.0,46.0,,
SNDK US 03/20/26 C860,SNDK  260320C00860000,,SNDK  260320C00860000,,,-53.0,-2385.0,-0.01,,,,,EGGS,2026-03-20,SNDK,860.0,2026-03-20,Call,739.4199829101562,-3.0,-0.14020932219749274,0.45,42082180.0,1150000.0,46.0,,
MU US 03/20/26 P425,MU    260320P00425000,,MU    260320P00425000,,,-48.0,-6552.0,-0.02,,,,,EGGS,2026-03-20,MU,425.0,2026-03-20,Put,422.6449890136719,-3.0,0.0055412023207720585,1.365,42082180.0,1150000.0,46.0,,
BE US 03/20/26 C175,BE    260320C00175000,,BE    260320C00175000,,,-108.0,-12528.0,-0.03,,,,,EGGS,2026-03-20,BE,175.0,2026-03-20,Call,156.38999938964844,-3.0,-0.10634286063058036,1.16,42082180.0,1150000.0,46.0,,
QQQ US 03/20/26 P585,QQQ   260320P00585000,,QQQ   260320P00585000,,,-900.0,-57150.0,-0.14,,,,,EGGS,2026-03-20,QQQ,585.0,2026-03-20,Put,593.1950073242188,-3.0,-0.01400855952857906,0.635,42082180.0,1150000.0,46.0,,
INVESCO  PUT OPT 03/26 575,QQQ   260324P00575000,,QQQ   260324P00575000,,,-1000.0,-133500.0,-0.32,,,,,EGGS,2026-03-20,QQQ,575.0,2026-03-24,Put,593.1950073242188,1.0,-0.031643490998641305,1.335,42082180.0,1150000.0,46.0,,
INVESCO  CLL OPT 03/26 601,QQQ   260324C00601000,,QQQ   260324C00601000,,,-1000.0,-267500.0,-0.64,,,,,EGGS,2026-03-20,QQQ,601.0,2026-03-24,Call,593.1950073242188,1.0,-0.012986676665193427,2.675,42082180.0,1150000.0,46.0,,
ADI US 03/27/26 C317.5,ADI   260327C00317500,,ADI   260327C00317500,,,-1300.0,-347750.0,-0.04,,,,,ULTY,2026-03-23,ADI,317.5,2026-03-27,Call,315.864990234375,4.0,-0.005149637057086614,2.675,890109381.78,28427464.0,1137.1,,
ADI US 03/27/26 P285,ADI   260327P00285000,,ADI   260327P00285000,,,1300.0,162500.0,0.02,,,,,ULTY,2026-03-23,ADI,285.0,2026-03-27,Put,315.864990234375,4.0,-0.10829821134868421,1.25,890109381.78,28427464.0,1137.1,,
Advanced Micro Devices Inc,AMD,,007903107,,,100000.0,20133000.0,2.26,,,,,ULTY,2026-03-23,,,,,,,,201.33,890109381.78,28427464.0,1137.1,,
ADVANCED PUT OPT 03/26 182.500,AMD   260327P00182500,,AMD   260327P00182500,,,1000.0,116000.0,0.01,,,,,ULTY,2026-03-23,AMD,182.5,2026-03-27,Put,205.84500122070312,4.0,-0.12791781490796234,1.16,890109381.78,28427464.0,1137.1,,
ADVANCED PUT OPT 03/26 187.500,AMD   260327P00187500,,AMD   260327P00187500,,,1000.0,176500.0,0.02,,,,,ULTY,2026-03-23,AMD,187.5,2026-03-27,Put,205.84500122070312,4.0,-0.09784000651041666,1.765,890109381.78,28427464.0,1137.1,,
ADVANCED PUT OPT 03/26 195,AMD   260327P00195000,,AMD   260327P00195000,,,-1000.0,-337500.0,-0.04,,,,,ULTY,2026-03-23,AMD,195.0,2026-03-27,Put,205.84500122070312,4.0,-0.05561539087540064,3.375,890109381.78,28427464.0,1137.1,,
Alphabet Inc,GOOGL,,02079K305,,,165000.0,49665000.0,5.58,,,,,ULTY,2026-03-23,,,,,,,,301.0,890109381.78,28427464.0,1137.1,,
ALPHABET PUT OPT 03/26 295,GOOGL 260327P00295000,,GOOGL 260327P00295000,,,-1650.0,-472725.0,-0.05,,,,,ULTY,2026-03-23,GOOGL,295.0,2026-03-27,Put,303.55999755859375,4.0,-0.029016940876588983,2.865,890109381.78,28427464.0,1137.1,,
Amazon.com Inc,AMZN,,023135106,,,166000.0,34091420.0,3.83,,,,,ULTY,2026-03-23,,,,,,,,205.37,890109381.78,28427464.0,1137.1,,
AMD US 03/27/26 C210,AMD   260327C00210000,,AMD   260327C00210000,,,-1000.0,-242500.0,-0.03,,,,,ULTY,2026-03-23,AMD,210.0,2026-03-27,Call,205.84500122070312,4.0,-0.01978570847284226,2.425,890109381.78,28427464.0,1137.1,,
Amplify Junior Silver Miners ETF,SILJ,,032108649,,,1499500.0,39451845.0,4.43,,,,,ULTY,2026-03-23,,,,,,,,26.31,890109381.78,28427464.0,1137.1,,
AMZN US 03/27/26 C212.5,AMZN  260327C00212500,,AMZN  260327C00212500,,,-1660.0,-186750.0,-0.02,,,,,ULTY,2026-03-23,AMZN,212.5,2026-03-27,Call,211.63499450683594,4.0,-0.004070614085477941,1.125,890109381.78,28427464.0,1137.1,,
AMZN US 03/27/26 P190,AMZN  260327P00190000,,AMZN  260327P00190000,,,1660.0,87150.0,0.01,,,,,ULTY,2026-03-23,AMZN,190.0,2026-03-27,Put,211.63499450683594,4.0,-0.11386839214124178,0.525,890109381.78,28427464.0,1137.1,,
AMZN US 03/27/26 P200,AMZN  260327P00200000,,AMZN  260327P00200000,,,1660.0,328680.0,0.04,,,,,ULTY,2026-03-23,AMZN,200.0,2026-03-27,Put,211.63499450683594,4.0,-0.058174972534179685,1.98,890109381.78,28427464.0,1137.1,,
AMZN US 03/27/26 P207.5,AMZN  260327P00207500,,AMZN  260327P00207500,,,-1660.0,-805100.0,-0.09,,,,,ULTY,2026-03-23,AMZN,207.5,2026-03-27,Put,211.63499450683594,4.0,-0.019927684370293675,4.85,890109381.78,28427464.0,1137.1,,
ANALOG D PUT OPT 03/26 290,ADI   260327P00290000,,ADI   260327P00290000,,,1300.0,214500.0,0.02,,,,,ULTY,2026-03-23,ADI,290.0,2026-03-27,Put,315.864990234375,4.0,-0.08918962149784483,1.65,890109381.78,28427464.0,1137.1,,
ANALOG D PUT OPT 03/26 302.500,ADI   260327P00302500,,ADI   260327P00302500,,,-1300.0,-565500.0,-0.06,,,,,ULTY,2026-03-23,ADI,302.5,2026-03-27,Put,315.864990234375,4.0,-0.04418178589876033,4.35,890109381.78,28427464.0,1137.1,,
Analog Devices Inc,ADI,,032654105,,,130000.0,40225900.0,4.52,,,,,ULTY,2026-03-23,,,,,,,,309.43,890109381.78,28427464.0,1137.1,,
ASTERA L CLL OPT 03/26 123,ALAB  260327C00123000,,ALAB  260327C00123000,,,-2000.0,-473000.0,-0.05,,,,,ULTY,2026-03-23,ALAB,123.0,2026-03-27,Call,123.9800033569336,4.0,0.007967506966939786,2.365,890109381.78,28427464.0,1137.1,,
ASTERA L CLL OPT 03/26 130,ALAB  260327C00130000,,ALAB  260327C00130000,,,2000.0,182000.0,0.02,,,,,ULTY,2026-03-23,ALAB,130.0,2026-03-27,Call,123.9800033569336,4.0,-0.0463076664851262,0.91,890109381.78,28427464.0,1137.1,,
ASTERA L PUT OPT 03/26 109,ALAB  260327P00109000,,ALAB  260327P00109000,,,4000.0,1042000.0,0.12,,,,,ULTY,2026-03-23,ALAB,109.0,2026-03-27,Put,123.9800033569336,4.0,-0.13743122345810638,2.605,890109381.78,28427464.0,1137.1,,
ASTERA L PUT OPT 03/26 114,ALAB  260327P00114000,,ALAB  260327P00114000,,,-2000.0,-860000.0,-0.1,,,,,ULTY,2026-03-23,ALAB,114.0,2026-03-27,Put,123.9800033569336,4.0,-0.08754388909590871,4.3,890109381.78,28427464.0,1137.1,,
Astera Labs Inc,ALAB,,04626A103,,,200000.0,23208000.0,2.61,,,,,ULTY,2026-03-23,,,,,,,,116.04,890109381.78,28427464.0,1137.1,,
Cash & Other,Cash&Other,,Cash&Other,,,42093060.0,42093060.34,4.73,,,,,ULTY,2026-03-23,,,,,,,,1.0,890109381.78,28427464.0,1137.1,,
CIEN US 03/27/26 C397.5,CIEN  260327C00397500,,CIEN  260327C00397500,,,-500.0,-610000.0,-0.07,,,,,ULTY,2026-03-23,CIEN,397.5,2026-03-27,Call,413.8500061035156,4.0,0.0411320908264544,12.2,890109381.78,28427464.0,1137.1,,
CIEN US 03/27/26 C415,CIEN  260327C00415000,,CIEN  260327C00415000,,,-500.0,-332500.0,-0.04,,,,,ULTY,2026-03-23,CIEN,415.0,2026-03-27,Call,413.8500061035156,4.0,-0.0027710696300828315,6.65,890109381.78,28427464.0,1137.1,,
CIEN US 03/27/26 P355,CIEN  260327P00355000,,CIEN  260327P00355000,,,500.0,342500.0,0.04,,,,,ULTY,2026-03-23,CIEN,355.0,2026-03-27,Put,413.8500061035156,4.0,-0.1657746650803257,6.85,890109381.78,28427464.0,1137.1,,
CIEN US 03/27/26 P365,CIEN  260327P00365000,,CIEN  260327P00365000,,,500.0,480000.0,0.05,,,,,ULTY,2026-03-23,CIEN,365.0,2026-03-27,Put,413.8500061035156,4.0,-0.13383563316031677,9.6,890109381.78,28427464.0,1137.1,,
Ciena Corp,CIEN,,171779309,,,100000.0,38389000.0,4.31,,,,,ULTY,2026-03-23,,,,,,,,383.89,890109381.78,28427464.0,1137.1,,
COHERENT CLL OPT 03/26 262.500,COHR  260327C00262500,,COHR  260327C00262500,,,-600.0,-462000.0,-0.05,,,,,ULTY,2026-03-23,COHR,262.5,2026-03-27,Call,266.5775146484375,4.0,0.015533389136904762,7.7,890109381.78,28427464.0,1137.1,,
Coherent Corp,COHR,,19247G107,,,120000.0,30435600.0,3.42,,,,,ULTY,2026-03-23,,,,,,,,253.63,890109381.78,28427464.0,1137.1,,
COHERENT PUT OPT 03/26 225,COHR  260327P00225000,,COHR  260327P00225000,,,1200.0,480000.0,0.05,,,,,ULTY,2026-03-23,COHR,225.0,2026-03-27,Put,266.5775146484375,4.0,-0.18478895399305556,4.0,890109381.78,28427464.0,1137.1,,
COHR US 03/27/26 C282.5,COHR  260327C00282500,,COHR  260327C00282500,,,-600.0,-150000.0,-0.02,,,,,ULTY,2026-03-23,COHR,282.5,2026-03-27,Call,266.5775146484375,4.0,-0.05636278000553097,2.5,890109381.78,28427464.0,1137.1,,
COMFORT  CLL OPT 04/26 1460,FIX   260417C01460000,,FIX   260417C01460000,,,-200.0,-1056000.0,-0.12,,,,,ULTY,2026-03-23,FIX,1460.0,2026-04-17,Call,,25.0,,52.8,890109381.78,28427464.0,1137.1,,
COMFORT  PUT OPT 04/26 1260,FIX   260417P01260000,,FIX   260417P01260000,,,400.0,1950000.0,0.22,,,,,ULTY,2026-03-23,FIX,1260.0,2026-04-17,Put,,25.0,,48.75,890109381.78,28427464.0,1137.1,,
COMFORT  PUT OPT 04/26 1340,FIX   260417P01340000,,FIX   260417P01340000,,,-200.0,-1579000.0,-0.18,,,,,ULTY,2026-03-23,FIX,1340.0,2026-04-17,Put,,25.0,,78.95,890109381.78,28427464.0,1137.1,,
Comfort Systems USA Inc,FIX,,199908104,,,20000.0,27135000.0,3.05,,,,,ULTY,2026-03-23,,,,,,,,1356.75,890109381.78,28427464.0,1137.1,,
FORTINET CLL OPT 03/26 84,FTNT  260327C00084000,,FTNT  260327C00084000,,,-3600.0,-268200.0,-0.03,,,,,ULTY,2026-03-23,FTNT,84.0,2026-03-27,Call,83.19000244140625,4.0,-0.009642828078497024,0.745,890109381.78,28427464.0,1137.1,,
Fortinet Inc,FTNT,,34959E109,,,360000.0,29304000.0,3.29,,,,,ULTY,2026-03-23,,,,,,,,81.4,890109381.78,28427464.0,1137.1,,
FORTINET PUT OPT 03/26 74,FTNT  260327P00074000,,FTNT  260327P00074000,,,7200.0,183600.0,0.02,,,,,ULTY,2026-03-23,FTNT,74.0,2026-03-27,Put,83.19000244140625,4.0,-0.12418922218116554,0.255,890109381.78,28427464.0,1137.1,,
FORTINET PUT OPT 03/26 78,FTNT  260327P00078000,,FTNT  260327P00078000,,,-3600.0,-230400.0,-0.03,,,,,ULTY,2026-03-23,FTNT,78.0,2026-03-27,Put,83.19000244140625,4.0,-0.06653849283854167,0.64,890109381.78,28427464.0,1137.1,,
GDX US 03/27/26 C84,GDX   260327C00084000,,GDX   260327C00084000,,,-4650.0,-530100.0,-0.06,,,,,ULTY,2026-03-23,GDX,84.0,2026-03-27,Call,84.2699966430664,4.0,0.0032142457507905505,1.14,890109381.78,28427464.0,1137.1,,
GOOGL US 03/27/26 C312.5,GOOGL 260327C00312500,,GOOGL 260327C00312500,,,-1650.0,-160050.0,-0.02,,,,,ULTY,2026-03-23,GOOGL,312.5,2026-03-27,Call,303.55999755859375,4.0,-0.0286080078125,0.97,890109381.78,28427464.0,1137.1,,
GOOGL US 03/27/26 P280,GOOGL 260327P00280000,,GOOGL 260327P00280000,,,3300.0,193050.0,0.02,,,,,ULTY,2026-03-23,GOOGL,280.0,2026-03-27,Put,303.55999755859375,4.0,-0.0841428484235491,0.585,890109381.78,28427464.0,1137.1,,
HOOD US 03/27/26 C76,HOOD  260327C00076000,,HOOD  260327C00076000,,,-4498.0,-350844.0,-0.04,,,,,ULTY,2026-03-23,HOOD,76.0,2026-03-27,Call,72.77999877929688,4.0,-0.0423684371145148,0.78,890109381.78,28427464.0,1137.1,,
HOOD US 03/27/26 P67,HOOD  260327P00067000,,HOOD  260327P00067000,,,8996.0,1070524.0,0.12,,,,,ULTY,2026-03-23,HOOD,67.0,2026-03-27,Put,72.77999877929688,4.0,-0.08626863849696828,1.19,890109381.78,28427464.0,1137.1,,
HOOD US 03/27/26 P69,HOOD  260327P00069000,,HOOD  260327P00069000,,,-4498.0,-823134.0,-0.09,,,,,ULTY,2026-03-23,HOOD,69.0,2026-03-27,Put,72.77999877929688,4.0,-0.054782591004302536,1.83,890109381.78,28427464.0,1137.1,,
INTU US 03/27/26 P440,INTU  260327P00440000,,INTU  260327P00440000,,,360.0,201600.0,0.02,,,,,ULTY,2026-03-23,INTU,440.0,2026-03-27,Put,458.510009765625,4.0,-0.04206820401278409,5.6,890109381.78,28427464.0,1137.1,,
INTU US 03/27/26 P455,INTU  260327P00455000,,INTU  260327P00455000,,,-360.0,-460800.0,-0.05,,,,,ULTY,2026-03-23,INTU,455.0,2026-03-27,Put,458.510009765625,4.0,-0.0077143071771978025,12.8,890109381.78,28427464.0,1137.1,,
INTUIT C CLL OPT 03/26 467.500,INTU  260327C00467500,,INTU  260327C00467500,,,-360.0,-255600.0,-0.03,,,,,ULTY,2026-03-23,INTU,467.5,2026-03-27,Call,458.510009765625,4.0,-0.019229925635026738,7.1,890109381.78,28427464.0,1137.1,,
INTUIT C PUT OPT 03/26 420,INTU  260327P00420000,,INTU  260327P00420000,,,360.0,101700.0,0.01,,,,,ULTY,2026-03-23,INTU,420.0,2026-03-27,Put,458.510009765625,4.0,-0.09169049944196428,2.825,890109381.78,28427464.0,1137.1,,
Intuit Inc,INTU,,461202103,,,36000.0,16400160.0,1.84,,,,,ULTY,2026-03-23,,,,,,,,455.56,890109381.78,28427464.0,1137.1,,
IREN Ltd,IREN,,Q4982L109,,,900000.0,37161000.0,4.17,,,,,ULTY,2026-03-23,,,,,,,,41.29,890109381.78,28427464.0,1137.1,,
IREN US 03/27/26 C42,IREN  260327C00042000,,IREN  260327C00042000,,,-9000.0,-1687500.0,-0.19,,,,,ULTY,2026-03-23,IREN,42.0,2026-03-27,Call,43.58000183105469,4.0,0.0376190912155878,1.875,890109381.78,28427464.0,1137.1,,
IREN US 03/27/26 P36,IREN  260327P00036000,,IREN  260327P00036000,,,9000.0,517500.0,0.06,,,,,ULTY,2026-03-23,IREN,36.0,2026-03-27,Put,43.58000183105469,4.0,-0.21055560641818577,0.575,890109381.78,28427464.0,1137.1,,
Jabil Inc,JBL,,466313103,,,171000.0,43370730.0,4.87,,,,,ULTY,2026-03-23,,,,,,,,253.63,890109381.78,28427464.0,1137.1,,
JBL US 03/27/26 C267.5,JBL   260327C00267500,,JBL   260327C00267500,,,-1710.0,-303525.0,-0.03,,,,,ULTY,2026-03-23,JBL,267.5,2026-03-27,Call,264.9800109863281,4.0,-0.009420519677278038,1.775,890109381.78,28427464.0,1137.1,,
JBL US 03/27/26 P237.5,JBL   260327P00237500,,JBL   260327P00237500,,,1710.0,324900.0,0.04,,,,,ULTY,2026-03-23,JBL,237.5,2026-03-27,Put,264.9800109863281,4.0,-0.11570530941611842,1.9,890109381.78,28427464.0,1137.1,,
JBL US 03/27/26 P240,JBL   260327P00240000,,JBL   260327P00240000,,,1710.0,414675.0,0.05,,,,,ULTY,2026-03-23,JBL,240.0,2026-03-27,Put,264.9800109863281,4.0,-0.10408337910970052,2.425,890109381.78,28427464.0,1137.1,,
JBL US 03/27/26 P255,JBL   260327P00255000,,JBL   260327P00255000,,,-1710.0,-1308150.0,-0.15,,,,,ULTY,2026-03-23,JBL,255.0,2026-03-27,Put,264.9800109863281,4.0,-0.03913729798560049,7.65,890109381.78,28427464.0,1137.1,,
LAM RESE CLL OPT 03/26 232.500,LRCX  260327C00232500,,LRCX  260327C00232500,,,-2080.0,-1326000.0,-0.15,,,,,ULTY,2026-03-23,LRCX,232.5,2026-03-27,Call,238.52999877929688,4.0,0.02593547862063172,6.375,890109381.78,28427464.0,1137.1,,
LAM RESE PUT OPT 03/26 205,LRCX  260327P00205000,,LRCX  260327P00205000,,,2080.0,447200.0,0.05,,,,,ULTY,2026-03-23,LRCX,205.0,2026-03-27,Put,238.52999877929688,4.0,-0.16356096965510672,2.15,890109381.78,28427464.0,1137.1,,
Lam Research Corp,LRCX,,512807306,,,208000.0,47498880.0,5.34,,,,,ULTY,2026-03-23,,,,,,,,228.36,890109381.78,28427464.0,1137.1,,
LITE US 03/27/26 C795,LITE  260327C00795000,,LITE  260327C00795000,,,-600.0,-504000.0,-0.06,,,,,ULTY,2026-03-23,LITE,795.0,2026-03-27,Call,756.75,4.0,-0.048113207547169815,8.4,890109381.78,28427464.0,1137.1,,
LRCX US 03/27/26 P212.5,LRCX  260327P00212500,,LRCX  260327P00212500,,,2080.0,711360.0,0.08,,,,,ULTY,2026-03-23,LRCX,212.5,2026-03-27,Put,238.52999877929688,4.0,-0.12249411190257353,3.42,890109381.78,28427464.0,1137.1,,
LRCX US 03/27/26 P220,LRCX  260327P00220000,,LRCX  260327P00220000,,,-2080.0,-1066000.0,-0.12,,,,,ULTY,2026-03-23,LRCX,220.0,2026-03-27,Put,238.52999877929688,4.0,-0.08422726717862215,5.125,890109381.78,28427464.0,1137.1,,
Lumentum Holdings Inc,LITE,,55024U109,,,60000.0,42381000.0,4.76,,,,,ULTY,2026-03-23,,,,,,,,706.35,890109381.78,28427464.0,1137.1,,
LUMENTUM PUT OPT 03/26 650,LITE  260327P00650000,,LITE  260327P00650000,,,600.0,1083000.0,0.12,,,,,ULTY,2026-03-23,LITE,650.0,2026-03-27,Put,756.75,4.0,-0.16423076923076924,18.05,890109381.78,28427464.0,1137.1,,
MSTR US 03/27/26 C143,MSTR  260327C00143000,,MSTR  260327C00143000,,,-1850.0,-449550.0,-0.05,,,,,ULTY,2026-03-23,MSTR,143.0,2026-03-27,Call,138.86000061035156,4.0,-0.028951044682856208,2.43,890109381.78,28427464.0,1137.1,,
MSTR US 03/27/26 C148,MSTR  260327C00148000,,MSTR  260327C00148000,,,-2000.0,-262000.0,-0.03,,,,,ULTY,2026-03-23,MSTR,148.0,2026-03-27,Call,138.86000061035156,4.0,-0.06175675263275971,1.31,890109381.78,28427464.0,1137.1,,
MSTR US 03/27/26 P130,MSTR  260327P00130000,,MSTR  260327P00130000,,,2000.0,610000.0,0.07,,,,,ULTY,2026-03-23,MSTR,130.0,2026-03-27,Put,138.86000061035156,4.0,-0.06815385084885817,3.05,890109381.78,28427464.0,1137.1,,
NuScale Power Corp,SMR,,67079K100,,,2041800.0,23358192.0,2.62,,,,,ULTY,2026-03-23,,,,,,,,11.44,890109381.78,28427464.0,1137.1,,
NVDA US 03/27/26 C185,NVDA  260327C00185000,,NVDA  260327C00185000,,,-2650.0,-86125.0,-0.01,,,,,ULTY,2026-03-23,NVDA,185.0,2026-03-27,Call,177.58999633789062,4.0,-0.04005407384923986,0.325,890109381.78,28427464.0,1137.1,,
NVDA US 03/27/26 P162.5,NVDA  260327P00162500,,NVDA  260327P00162500,,,2650.0,237175.0,0.03,,,,,ULTY,2026-03-23,NVDA,162.5,2026-03-27,Put,177.58999633789062,4.0,-0.09286151592548077,0.895,890109381.78,28427464.0,1137.1,,
NVIDIA C PUT OPT 03/26 165,NVDA  260327P00165000,,NVDA  260327P00165000,,,2650.0,328600.0,0.04,,,,,ULTY,2026-03-23,NVDA,165.0,2026-03-27,Put,177.58999633789062,4.0,-0.07630300810842804,1.24,890109381.78,28427464.0,1137.1,,
NVIDIA C PUT OPT 03/26 172.500,NVDA  260327P00172500,,NVDA  260327P00172500,,,-2650.0,-894375.0,-0.1,,,,,ULTY,2026-03-23,NVDA,172.5,2026-03-27,Put,177.58999633789062,4.0,-0.029507225147192027,3.375,890109381.78,28427464.0,1137.1,,
NVIDIA Corp,NVDA,,67066G104,,,265000.0,45765500.0,5.14,,,,,ULTY,2026-03-23,,,,,,,,172.7,890109381.78,28427464.0,1137.1,,
PALANTIR PUT OPT 03/26 138,PLTR  260327P00138000,,PLTR  260327P00138000,,,5400.0,513000.0,0.06,,,,,ULTY,2026-03-23,PLTR,138.0,2026-03-27,Put,158.72000122070312,4.0,-0.1501449363819067,0.95,890109381.78,28427464.0,1137.1,,
PALANTIR PUT OPT 03/26 148,PLTR  260327P00148000,,PLTR  260327P00148000,,,-2700.0,-837000.0,-0.09,,,,,ULTY,2026-03-23,PLTR,148.0,2026-03-27,Put,158.72000122070312,4.0,-0.07243244068042652,3.1,890109381.78,28427464.0,1137.1,,
Palantir Technologies Inc,PLTR,,69608A108,,,270000.0,40683600.0,4.57,,,,,ULTY,2026-03-23,,,,,,,,150.68,890109381.78,28427464.0,1137.1,,
PLTR US 03/27/26 C160,PLTR  260327C00160000,,PLTR  260327C00160000,,,-2700.0,-265950.0,-0.03,,,,,ULTY,2026-03-23,PLTR,160.0,2026-03-27,Call,158.72000122070312,4.0,-0.007999992370605469,0.985,890109381.78,28427464.0,1137.1,,
PWR US 04/17/26 C590,PWR   260417C00590000,,PWR   260417C00590000,,,-580.0,-835200.0,-0.09,,,,,ULTY,2026-03-23,PWR,590.0,2026-04-17,Call,579.1900024414062,25.0,-0.01832202976032839,14.4,890109381.78,28427464.0,1137.1,,
PWR US 04/17/26 P510,PWR   260417P00510000,,PWR   260417P00510000,,,580.0,690200.0,0.08,,,,,ULTY,2026-03-23,PWR,510.0,2026-04-17,Put,579.1900024414062,25.0,-0.13566667145373776,11.9,890109381.78,28427464.0,1137.1,,
PWR US 04/17/26 P560,PWR   260417P00560000,,PWR   260417P00560000,,,-580.0,-1655900.0,-0.19,,,,,ULTY,2026-03-23,PWR,560.0,2026-04-17,Put,579.1900024414062,25.0,-0.03426786150251116,28.55,890109381.78,28427464.0,1137.1,,
QUANTA S PUT OPT 04/26 500,PWR   260417P00500000,,PWR   260417P00500000,,,580.0,565500.0,0.06,,,,,ULTY,2026-03-23,PWR,500.0,2026-04-17,Put,579.1900024414062,25.0,-0.1583800048828125,9.75,890109381.78,28427464.0,1137.1,,
Quanta Services Inc,PWR,,74762E102,,,58000.0,32212620.0,3.62,,,,,ULTY,2026-03-23,,,,,,,,555.39,890109381.78,28427464.0,1137.1,,
RBLX US 03/27/26 C61,RBLX  260327C00061000,,RBLX  260327C00061000,,,-4500.0,-324000.0,-0.04,,,,,ULTY,2026-03-23,RBLX,61.0,2026-03-27,Call,57.06999969482422,4.0,-0.06442623451107839,0.72,890109381.78,28427464.0,1137.1,,
RBLX US 03/27/26 P53,RBLX  260327P00053000,,RBLX  260327P00053000,,,7500.0,611250.0,0.07,,,,,ULTY,2026-03-23,RBLX,53.0,2026-03-27,Put,57.06999969482422,4.0,-0.07679244707215507,0.815,890109381.78,28427464.0,1137.1,,
RBLX US 03/27/26 P55,RBLX  260327P00055000,,RBLX  260327P00055000,,,-3000.0,-415500.0,-0.05,,,,,ULTY,2026-03-23,RBLX,55.0,2026-03-27,Put,57.06999969482422,4.0,-0.03763635808771307,1.385,890109381.78,28427464.0,1137.1,,
RDDT US 03/27/26 P133,RDDT  260327P00133000,,RDDT  260327P00133000,,,1850.0,593850.0,0.07,,,,,ULTY,2026-03-23,RDDT,133.0,2026-03-27,Put,142.94500732421875,4.0,-0.07477449115953948,3.21,890109381.78,28427464.0,1137.1,,
RDDT US 03/27/26 P140,RDDT  260327P00140000,,RDDT  260327P00140000,,,-1850.0,-1045250.0,-0.12,,,,,ULTY,2026-03-23,RDDT,140.0,2026-03-27,Put,142.94500732421875,4.0,-0.0210357666015625,5.65,890109381.78,28427464.0,1137.1,,
REDDIT I CLL OPT 03/26 144,RDDT  260327C00144000,,RDDT  260327C00144000,,,-1850.0,-693750.0,-0.08,,,,,ULTY,2026-03-23,RDDT,144.0,2026-03-27,Call,142.94500732421875,4.0,-0.007326338026258681,3.75,890109381.78,28427464.0,1137.1,,
REDDIT I PUT OPT 03/26 128,RDDT  260327P00128000,,RDDT  260327P00128000,,,1850.0,338550.0,0.04,,,,,ULTY,2026-03-23,RDDT,128.0,2026-03-27,Put,142.94500732421875,4.0,-0.11675786972045898,1.83,890109381.78,28427464.0,1137.1,,
Reddit Inc,RDDT,,75734B100,,,185000.0,25872250.0,2.91,,,,,ULTY,2026-03-23,,,,,,,,139.85,890109381.78,28427464.0,1137.1,,
Robinhood Markets Inc,HOOD,,770700102,,,449800.0,31886322.0,3.58,,,,,ULTY,2026-03-23,,,,,,,,70.89,890109381.78,28427464.0,1137.1,,
ROBLOX Corp,RBLX,,771049103,,,450000.0,25632000.0,2.88,,,,,ULTY,2026-03-23,,,,,,,,56.96,890109381.78,28427464.0,1137.1,,
SCCO US 03/27/26 C162.5,SCCO  260327C00162500,,SCCO  260327C00162500,,,-1591.0,-342065.0,-0.04,,,,,ULTY,2026-03-23,SCCO,162.5,2026-03-27,Call,161.42999267578125,4.0,-0.0065846604567307695,2.15,890109381.78,28427464.0,1137.1,,
SCCO US 03/27/26 P142,SCCO  260327P00142000,,SCCO  260327P00142000,,,3182.0,747770.0,0.08,,,,,ULTY,2026-03-23,SCCO,142.0,2026-03-27,Put,161.42999267578125,4.0,-0.1368309343364877,2.35,890109381.78,28427464.0,1137.1,,
SILJ US 03/27/26 C28.5,SILJ  260327C00028500,,SILJ  260327C00028500,,,-14995.0,-472342.5,-0.05,,,,,ULTY,2026-03-23,SILJ,28.5,2026-03-27,Call,27.830699920654297,4.0,-0.02348421331037555,0.315,890109381.78,28427464.0,1137.1,,
SILJ US 03/27/26 P24.5,SILJ  260327P00024500,,SILJ  260327P00024500,,,14995.0,704765.0,0.08,,,,,ULTY,2026-03-23,SILJ,24.5,2026-03-27,Put,27.830699920654297,4.0,-0.13594693553691006,0.47,890109381.78,28427464.0,1137.1,,
SMR US 03/27/26 C12,SMR   260327C00012000,,SMR   260327C00012000,,,-20418.0,-806511.0,-0.09,,,,,ULTY,2026-03-23,SMR,12.0,2026-03-27,Call,11.760000228881836,4.0,-0.019999980926513672,0.395,890109381.78,28427464.0,1137.1,,
SMR US 03/27/26 P10.5,SMR   260327P00010500,,SMR   260327P00010500,,,20418.0,530868.0,0.06,,,,,ULTY,2026-03-23,SMR,10.5,2026-03-27,Put,11.760000228881836,4.0,-0.12000002179827009,0.26,890109381.78,28427464.0,1137.1,,
Southern Copper Corp,SCCO,,84265V105,,,159141.0,24302467.92,2.73,,,,,ULTY,2026-03-23,,,,,,,,152.71,890109381.78,28427464.0,1137.1,,
SOUTHERN PUT OPT 03/26 148,SCCO  260327P00148000,,SCCO  260327P00148000,,,-1591.0,-620490.0,-0.07,,,,,ULTY,2026-03-23,SCCO,148.0,2026-03-27,Put,161.42999267578125,4.0,-0.09074319375527871,3.9,890109381.78,28427464.0,1137.1,,
Strategy Inc,MSTR,,594972408,,,385000.0,52229100.0,5.87,,,,,ULTY,2026-03-23,,,,,,,,135.66,890109381.78,28427464.0,1137.1,,
STRATEGY PUT OPT 03/26 125,MSTR  260327P00125000,,MSTR  260327P00125000,,,1850.0,340400.0,0.04,,,,,ULTY,2026-03-23,MSTR,125.0,2026-03-27,Put,138.86000061035156,4.0,-0.1108800048828125,1.84,890109381.78,28427464.0,1137.1,,
VANECK E PUT OPT 03/26 78,GDX   260327P00078000,,GDX   260327P00078000,,,4650.0,830025.0,0.09,,,,,ULTY,2026-03-23,GDX,78.0,2026-03-27,Put,84.2699966430664,4.0,-0.0803845723470052,1.785,890109381.78,28427464.0,1137.1,,
VANECK G CLL OPT 03/26 90,GDX   260327C00090000,,GDX   260327C00090000,,,4650.0,99975.0,0.01,,,,,ULTY,2026-03-23,GDX,90.0,2026-03-27,Call,84.2699966430664,4.0,-0.06366670396592881,0.215,890109381.78,28427464.0,1137.1,,
VANECK G PUT OPT 03/26 75,GDX   260327P00075000,,GDX   260327P00075000,,,4650.0,462675.0,0.05,,,,,ULTY,2026-03-23,GDX,75.0,2026-03-27,Put,84.2699966430664,4.0,-0.12359995524088542,0.995,890109381.78,28427464.0,1137.1,,
VANECK G PUT OPT 03/26 80,GDX   260327P00080000,,GDX   260327P00080000,,,-4650.0,-1199700.0,-0.13,,,,,ULTY,2026-03-23,GDX,80.0,2026-03-27,Put,84.2699966430664,4.0,-0.053374958038330075,2.58,890109381.78,28427464.0,1137.1,,
VanEck Gold Miners ETF/USA,GDX,,92189F106,,,465000.0,37255800.0,4.19,,,,,ULTY,2026-03-23,,,,,,,,80.12,890109381.78,28427464.0,1137.1,,
CAG US 03/27/26 C16.5,CAG   260327C00016500,,CAG   260327C00016500,,,-297.0,-742.5,0.0,,,,,SLTY,2026-03-23,CAG,16.5,2026-03-27,Call,15.289999961853027,4.0,-0.07333333564527107,0.025,18512750.0,625000.0,25.0,,
CAG US 03/27/26 C17,CAG   260327C00017000,,CAG   260327C00017000,,,297.0,742.5,0.0,,,,,SLTY,2026-03-23,CAG,17.0,2026-03-27,Call,15.289999961853027,4.0,-0.10058823753805722,0.025,18512750.0,625000.0,25.0,,
CAG US 03/27/26 C17.5,CAG   260327C00017500,,CAG   260327C00017500,,,297.0,2227.5,0.01,,,,,SLTY,2026-03-23,CAG,17.5,2026-03-27,Call,15.289999961853027,4.0,-0.1262857164655413,0.075,18512750.0,625000.0,25.0,,
CAG US 03/27/26 P15,CAG   260327P00015000,,CAG   260327P00015000,,,-297.0,-6682.5,-0.04,,,,,SLTY,2026-03-23,CAG,15.0,2026-03-27,Put,15.289999961853027,4.0,-0.019333330790201823,0.225,18512750.0,625000.0,25.0,,
CARR US 04/17/26 C60,CARR  260417C00060000,,CARR  260417C00060000,,,-98.0,-16170.0,-0.09,,,,,SLTY,2026-03-23,CARR,60.0,2026-04-17,Call,59.58000183105469,25.0,-0.006999969482421875,1.65,18512750.0,625000.0,25.0,,
CARR US 04/17/26 C65,CARR  260417C00065000,,CARR  260417C00065000,,,196.0,7840.0,0.04,,,,,SLTY,2026-03-23,CARR,65.0,2026-04-17,Call,59.58000183105469,25.0,-0.08338458721454327,0.4,18512750.0,625000.0,25.0,,
CARR US 04/17/26 P52.5,CARR  260417P00052500,,CARR  260417P00052500,,,-98.0,-7595.0,-0.04,,,,,SLTY,2026-03-23,CARR,52.5,2026-04-17,Put,59.58000183105469,25.0,-0.134857177734375,0.775,18512750.0,625000.0,25.0,,
Carrier Global Corp,CARR,,14448C104,,,-9800.0,-569086.0,-3.07,,,,,SLTY,2026-03-23,,,,,,,,58.07,18512750.0,625000.0,25.0,,
Cash & Other,Cash&Other,,Cash&Other,,,14962653.0,14962652.62,80.82,,,,,SLTY,2026-03-23,,,,,,,,1.0,18512750.0,625000.0,25.0,,
CENTENE  CLL OPT 03/26 36,CNC   260327C00036000,,CNC   260327C00036000,,,-165.0,-4867.5,-0.03,,,,,SLTY,2026-03-23,CNC,36.0,2026-03-27,Call,34.36000061035156,4.0,-0.04555553860134549,0.295,18512750.0,625000.0,25.0,,
Centene Corp,CNC,,15135B101,,,-16500.0,-567600.0,-3.07,,,,,SLTY,2026-03-23,,,,,,,,34.4,18512750.0,625000.0,25.0,,
CHARTER  PUT OPT 03/26 200,CHTR  260327P00200000,,CHTR  260327P00200000,,,-30.0,-3450.0,-0.02,,,,,SLTY,2026-03-23,CHTR,200.0,2026-03-27,Put,216.18499755859375,4.0,-0.08092498779296875,1.15,18512750.0,625000.0,25.0,,
Charter Communications Inc,CHTR,,16119P108,,,-3000.0,-639030.0,-3.45,,,,,SLTY,2026-03-23,,,,,,,,213.01,18512750.0,625000.0,25.0,,
Chipotle Mexican Grill Inc,CMG,,169656105,,,-20000.0,-667400.0,-3.61,,,,,SLTY,2026-03-23,,,,,,,,33.37,18512750.0,625000.0,25.0,,
CHTR US 03/27/26 C217.5,CHTR  260327C00217500,,CHTR  260327C00217500,,,-30.0,-11325.0,-0.06,,,,,SLTY,2026-03-23,CHTR,217.5,2026-03-27,Call,216.18499755859375,4.0,-0.006045988236350575,3.775,18512750.0,625000.0,25.0,,
CHTR US 03/27/26 C230,CHTR  260327C00230000,,CHTR  260327C00230000,,,60.0,4050.0,0.02,,,,,SLTY,2026-03-23,CHTR,230.0,2026-03-27,Call,216.18499755859375,4.0,-0.06006522800611413,0.675,18512750.0,625000.0,25.0,,
CMG US 03/27/26 C34.5,CMG   260327C00034500,,CMG   260327C00034500,,,-200.0,-5200.0,-0.03,,,,,SLTY,2026-03-23,CMG,34.5,2026-03-27,Call,33.970001220703125,4.0,-0.015362283457880434,0.26,18512750.0,625000.0,25.0,,
CMG US 03/27/26 C36.5,CMG   260327C00036500,,CMG   260327C00036500,,,200.0,700.0,0.0,,,,,SLTY,2026-03-23,CMG,36.5,2026-03-27,Call,33.970001220703125,4.0,-0.06931503504922945,0.035,18512750.0,625000.0,25.0,,
CMG US 03/27/26 C37,CMG   260327C00037000,,CMG   260327C00037000,,,200.0,200.0,0.0,,,,,SLTY,2026-03-23,CMG,37.0,2026-03-27,Call,33.970001220703125,4.0,-0.08189185889991554,0.01,18512750.0,625000.0,25.0,,
CMG US 03/27/26 P33.5,CMG   260327P00033500,,CMG   260327P00033500,,,-200.0,-16500.0,-0.09,,,,,SLTY,2026-03-23,CMG,33.5,2026-03-27,Put,33.970001220703125,4.0,-0.01402988718516791,0.825,18512750.0,625000.0,25.0,,
CNC US 03/27/26 C39,CNC   260327C00039000,,CNC   260327C00039000,,,330.0,5445.0,0.03,,,,,SLTY,2026-03-23,CNC,39.0,2026-03-27,Call,34.36000061035156,4.0,-0.11897434332431892,0.165,18512750.0,625000.0,25.0,,
CNC US 03/27/26 P34.5,CNC   260327P00034500,,CNC   260327P00034500,,,-165.0,-16087.5,-0.09,,,,,SLTY,2026-03-23,CNC,34.5,2026-03-27,Put,34.36000061035156,4.0,0.004057953323143116,0.975,18512750.0,625000.0,25.0,,
CONAGRA BRANDS INC,CAG,,205887102,,,-29700.0,-450252.0,-2.43,,,,,SLTY,2026-03-23,,,,,,,,15.16,18512750.0,625000.0,25.0,,
CRM US 03/27/26 C200,CRM   260327C00200000,,CRM   260327C00200000,,,-30.0,-9315.0,-0.05,,,,,SLTY,2026-03-23,CRM,200.0,2026-03-27,Call,195.73500061035156,4.0,-0.02132499694824219,3.105,18512750.0,625000.0,25.0,,
CRM US 03/27/26 C210,CRM   260327C00210000,,CRM   260327C00210000,,,60.0,5100.0,0.03,,,,,SLTY,2026-03-23,CRM,210.0,2026-03-27,Call,195.73500061035156,4.0,-0.06792856852213541,0.85,18512750.0,625000.0,25.0,,
DAL US 03/27/26 C65,DAL   260327C00065000,,DAL   260327C00065000,,,-120.0,-14160.0,-0.08,,,,,SLTY,2026-03-23,DAL,65.0,2026-03-27,Call,65.88999938964844,4.0,0.013692298302283653,1.18,18512750.0,625000.0,25.0,,
DELTA AI CLL OPT 03/26 69,DAL   260327C00069000,,DAL   260327C00069000,,,240.0,5280.0,0.03,,,,,SLTY,2026-03-23,DAL,69.0,2026-03-27,Call,65.88999938964844,4.0,-0.045072472613790764,0.22,18512750.0,625000.0,25.0,,
DELTA AI PUT OPT 03/26 59,DAL   260327P00059000,,DAL   260327P00059000,,,-120.0,-7200.0,-0.04,,,,,SLTY,2026-03-23,DAL,59.0,2026-03-27,Put,65.88999938964844,4.0,-0.11677965067200742,0.6,18512750.0,625000.0,25.0,,
Delta Air Lines Inc,DAL,,247361702,,,-12000.0,-761280.0,-4.11,,,,,SLTY,2026-03-23,,,,,,,,63.44,18512750.0,625000.0,25.0,,
Eaton Corp PLC,ETN,,G29183103,,,-1500.0,-535200.0,-2.89,,,,,SLTY,2026-03-23,,,,,,,,356.8,18512750.0,625000.0,25.0,,
ETN US 03/27/26 C367.5,ETN   260327C00367500,,ETN   260327C00367500,,,-15.0,-4800.0,-0.03,,,,,SLTY,2026-03-23,ETN,367.5,2026-03-27,Call,368.1400146484375,4.0,0.0017415364583333334,3.2,18512750.0,625000.0,25.0,,
ETN US 03/27/26 C377.5,ETN   260327C00377500,,ETN   260327C00377500,,,30.0,6150.0,0.03,,,,,SLTY,2026-03-23,ETN,377.5,2026-03-27,Call,368.1400146484375,4.0,-0.02479466318294702,2.05,18512750.0,625000.0,25.0,,
ETN US 03/27/26 P350,ETN   260327P00350000,,ETN   260327P00350000,,,-15.0,-7125.0,-0.04,,,,,SLTY,2026-03-23,ETN,350.0,2026-03-27,Put,368.1400146484375,4.0,-0.05182861328125,4.75,18512750.0,625000.0,25.0,,
Etsy Inc,ETSY,,29786A106,,,-13000.0,-686920.0,-3.71,,,,,SLTY,2026-03-23,,,,,,,,52.84,18512750.0,625000.0,25.0,,
ETSY INC CLL OPT 03/26 55,ETSY  260327C00055000,,ETSY  260327C00055000,,,-130.0,-10595.0,-0.06,,,,,SLTY,2026-03-23,ETSY,55.0,2026-03-27,Call,53.470001220703125,4.0,-0.027818159623579544,0.815,18512750.0,625000.0,25.0,,
ETSY INC CLL OPT 03/26 59,ETSY  260327C00059000,,ETSY  260327C00059000,,,260.0,7800.0,0.04,,,,,SLTY,2026-03-23,ETSY,59.0,2026-03-27,Call,53.470001220703125,4.0,-0.09372879286943855,0.3,18512750.0,625000.0,25.0,,
ETSY INC PUT OPT 03/26 50,ETSY  260327P00050000,,ETSY  260327P00050000,,,-130.0,-8320.0,-0.04,,,,,SLTY,2026-03-23,ETSY,50.0,2026-03-27,Put,53.470001220703125,4.0,-0.0694000244140625,0.64,18512750.0,625000.0,25.0,,
First American Government Obligations Fund 12/01/2031,FGXXX,,31846V336,,,3856991.0,3856991.02,20.83,,,,,SLTY,2026-03-23,,,,,,,,100.0,18512750.0,625000.0,25.0,,
GameStop Corp,GME,,36467W109,,,-30000.0,-677100.0,-3.66,,,,,SLTY,2026-03-23,,,,,,,,22.57,18512750.0,625000.0,25.0,,
GME US 03/27/26 C24,GME   260327C00024000,,GME   260327C00024000,,,-300.0,-12300.0,-0.07,,,,,SLTY,2026-03-23,GME,24.0,2026-03-27,Call,22.989999771118164,4.0,-0.0420833428700765,0.41,18512750.0,625000.0,25.0,,
GME US 03/27/26 C25.5,GME   260327C00025500,,GME   260327C00025500,,,600.0,12300.0,0.07,,,,,SLTY,2026-03-23,GME,25.5,2026-03-27,Call,22.989999771118164,4.0,-0.09843138152477789,0.205,18512750.0,625000.0,25.0,,
GME US 03/27/26 P21.5,GME   260327P00021500,,GME   260327P00021500,,,-300.0,-13200.0,-0.07,,,,,SLTY,2026-03-23,GME,21.5,2026-03-27,Put,22.989999771118164,4.0,-0.06930231493572857,0.44,18512750.0,625000.0,25.0,,
INVESCO  CLL OPT 03/26 600,QQQ   260327C00600000,,QQQ   260327C00600000,,,13.0,2320.5,0.01,,,,,SLTY,2026-03-23,QQQ,600.0,2026-03-27,Call,593.1900024414062,4.0,-0.011349995930989584,1.785,18512750.0,625000.0,25.0,,
INVESCO  PUT OPT 03/26 579,QQQ   260327P00579000,,QQQ   260327P00579000,,,-13.0,-9464.0,-0.05,,,,,SLTY,2026-03-23,QQQ,579.0,2026-03-27,Put,593.1900024414062,4.0,-0.024507776237316495,7.28,18512750.0,625000.0,25.0,,
Invesco QQQ Trust Series 1,QQQ,,46090E103,,,-1300.0,-755645.7,-4.08,,,,,SLTY,2026-03-23,,,,,,,,581.26592,18512750.0,625000.0,25.0,,
KKR & Co Inc,KKR,,48251W104,,,-9200.0,-828000.0,-4.47,,,,,SLTY,2026-03-23,,,,,,,,90.0,18512750.0,625000.0,25.0,,
KKR & CO PUT OPT 03/26 85,KKR   260327P00085000,,KKR   260327P00085000,,,-92.0,-10120.0,-0.05,,,,,SLTY,2026-03-23,KKR,85.0,2026-03-27,Put,,4.0,,1.1,18512750.0,625000.0,25.0,,
KKR US 03/27/26 C97,KKR   260327C00097000,,KKR   260327C00097000,,,184.0,7820.0,0.04,,,,,SLTY,2026-03-23,KKR,97.0,2026-03-27,Call,,4.0,,0.425,18512750.0,625000.0,25.0,,
KKR US 03/27/26 P87,KKR   260327P00087000,,KKR   260327P00087000,,,-92.0,-13800.0,-0.07,,,,,SLTY,2026-03-23,KKR,87.0,2026-03-27,Put,,4.0,,1.5,18512750.0,625000.0,25.0,,
LEN US 03/27/26 C101,LEN   260327C00101000,,LEN   260327C00101000,,,170.0,18275.0,0.1,,,,,SLTY,2026-03-23,LEN,101.0,2026-03-27,Call,93.4000015258789,4.0,-0.0752475096447633,1.075,18512750.0,625000.0,25.0,,
LEN US 03/27/26 C95,LEN   260327C00095000,,LEN   260327C00095000,,,-85.0,-4887.5,-0.03,,,,,SLTY,2026-03-23,LEN,95.0,2026-03-27,Call,93.4000015258789,4.0,-0.01684208920127467,0.575,18512750.0,625000.0,25.0,,
LENNAR C PUT OPT 03/26 87,LEN   260327P00087000,,LEN   260327P00087000,,,-85.0,-8287.5,-0.04,,,,,SLTY,2026-03-23,LEN,87.0,2026-03-27,Put,93.4000015258789,4.0,-0.0735632359296426,0.975,18512750.0,625000.0,25.0,,
Lennar Corp,LEN,,526057104,,,-8500.0,-769675.0,-4.16,,,,,SLTY,2026-03-23,,,,,,,,90.55,18512750.0,625000.0,25.0,,
LIVE NAT PUT OPT 03/26 145,LYV   260327P00145000,,LYV   260327P00145000,,,-42.0,-7035.0,-0.04,,,,,SLTY,2026-03-23,LYV,145.0,2026-03-27,Put,152.25999450683594,4.0,-0.050068927633351294,1.675,18512750.0,625000.0,25.0,,
Live Nation Entertainment Inc,LYV,,538034109,,,-4200.0,-625170.0,-3.38,,,,,SLTY,2026-03-23,,,,,,,,148.85,18512750.0,625000.0,25.0,,
LYV US 03/27/26 C160,LYV   260327C00160000,,LYV   260327C00160000,,,-42.0,-1890.0,-0.01,,,,,SLTY,2026-03-23,LYV,160.0,2026-03-27,Call,152.25999450683594,4.0,-0.04837503433227539,0.45,18512750.0,625000.0,25.0,,
LYV US 03/27/26 C165,LYV   260327C00165000,,LYV   260327C00165000,,,84.0,4620.0,0.02,,,,,SLTY,2026-03-23,LYV,165.0,2026-03-27,Call,152.25999450683594,4.0,-0.07721215450402462,0.55,18512750.0,625000.0,25.0,,
NIKE Inc,NKE,,654106103,,,-11200.0,-586544.0,-3.17,,,,,SLTY,2026-03-23,,,,,,,,52.37,18512750.0,625000.0,25.0,,
NIKE INC PUT OPT 03/26 51,NKE   260327P00051000,,NKE   260327P00051000,,,-112.0,-5544.0,-0.03,,,,,SLTY,2026-03-23,NKE,51.0,2026-03-27,Put,53.19499969482422,4.0,-0.04303920970243566,0.495,18512750.0,625000.0,25.0,,
NKE US 03/27/26 C54,NKE   260327C00054000,,NKE   260327C00054000,,,-112.0,-4704.0,-0.03,,,,,SLTY,2026-03-23,NKE,54.0,2026-03-27,Call,53.19499969482422,4.0,-0.014907413058810763,0.42,18512750.0,625000.0,25.0,,
NKE US 03/27/26 C58,NKE   260327C00058000,,NKE   260327C00058000,,,224.0,784.0,0.0,,,,,SLTY,2026-03-23,NKE,58.0,2026-03-27,Call,53.19499969482422,4.0,-0.08284483284785829,0.035,18512750.0,625000.0,25.0,,
Oklo Inc,OKLO,,02156V109,,,-7300.0,-393981.0,-2.13,,,,,SLTY,2026-03-23,,,,,,,,53.97,18512750.0,625000.0,25.0,,
OKLO INC PUT OPT 03/26 50,OKLO  260327P00050000,,OKLO  260327P00050000,,,-73.0,-9015.5,-0.05,,,,,SLTY,2026-03-23,OKLO,50.0,2026-03-27,Put,55.830101013183594,4.0,-0.11660202026367188,1.235,18512750.0,625000.0,25.0,,
OKLO US 03/27/26 C57,OKLO  260327C00057000,,OKLO  260327C00057000,,,-73.0,-10913.5,-0.06,,,,,SLTY,2026-03-23,OKLO,57.0,2026-03-27,Call,55.830101013183594,4.0,-0.020524543628358004,1.495,18512750.0,625000.0,25.0,,
OKLO US 03/27/26 C60,OKLO  260327C00060000,,OKLO  260327C00060000,,,146.0,10950.0,0.06,,,,,SLTY,2026-03-23,OKLO,60.0,2026-03-27,Call,55.830101013183594,4.0,-0.0694983164469401,0.75,18512750.0,625000.0,25.0,,
QQQ US 03/27/26 C609,QQQ   260327C00609000,,QQQ   260327C00609000,,,-13.0,-500.5,0.0,,,,,SLTY,2026-03-23,QQQ,609.0,2026-03-27,Call,593.1900024414062,4.0,-0.025960587124127667,0.385,18512750.0,625000.0,25.0,,
QQQ US 03/27/26 C618,QQQ   260327C00618000,,QQQ   260327C00618000,,,13.0,39.0,0.0,,,,,SLTY,2026-03-23,QQQ,618.0,2026-03-27,Call,593.1900024414062,4.0,-0.04014562711746562,0.03,18512750.0,625000.0,25.0,,
RCL US 03/27/26 C290,RCL   260327C00290000,,RCL   260327C00290000,,,-25.0,-3850.0,-0.02,,,,,SLTY,2026-03-23,RCL,290.0,2026-03-27,Call,280.2300109863281,4.0,-0.03368961728852371,1.54,18512750.0,625000.0,25.0,,
RCL US 03/27/26 C305,RCL   260327C00305000,,RCL   260327C00305000,,,50.0,2925.0,0.02,,,,,SLTY,2026-03-23,RCL,305.0,2026-03-27,Call,280.2300109863281,4.0,-0.08121307873335042,0.585,18512750.0,625000.0,25.0,,
RCL US 03/27/26 P265,RCL   260327P00265000,,RCL   260327P00265000,,,-25.0,-27125.0,-0.15,,,,,SLTY,2026-03-23,RCL,265.0,2026-03-27,Put,280.2300109863281,4.0,-0.05747173957104953,10.85,18512750.0,625000.0,25.0,,
RH,RH,,74967X103,,,-6000.0,-765900.0,-4.14,,,,,SLTY,2026-03-23,,,,,,,,127.65,18512750.0,625000.0,25.0,,
RH CLL O CLL OPT 03/26 136,RH    260327C00136000,,RH    260327C00136000,,,-60.0,-12900.0,-0.07,,,,,SLTY,2026-03-23,RH,136.0,2026-03-27,Call,135.4949951171875,4.0,-0.003713271197150735,2.15,18512750.0,625000.0,25.0,,
RH CLL O CLL OPT 03/26 143,RH    260327C00143000,,RH    260327C00143000,,,120.0,46500.0,0.25,,,,,SLTY,2026-03-23,RH,143.0,2026-03-27,Call,135.4949951171875,4.0,-0.05248255162805944,3.875,18512750.0,625000.0,25.0,,
RH PUT O PUT OPT 03/26 124,RH    260327P00124000,,RH    260327P00124000,,,-60.0,-20850.0,-0.11,,,,,SLTY,2026-03-23,RH,124.0,2026-03-27,Put,135.4949951171875,4.0,-0.09270157352570564,3.475,18512750.0,625000.0,25.0,,
ROCKET L CLL OPT 03/26 75,RKLB  260327C00075000,,RKLB  260327C00075000,,,85.0,7565.0,0.04,,,,,SLTY,2026-03-23,RKLB,75.0,2026-03-27,Call,67.81999969482422,4.0,-0.09573333740234374,0.89,18512750.0,625000.0,25.0,,
ROCKET L PUT OPT 03/26 66,RKLB  260327P00066000,,RKLB  260327P00066000,,,-85.0,-22992.5,-0.12,,,,,SLTY,2026-03-23,RKLB,66.0,2026-03-27,Put,67.81999969482422,4.0,-0.027575752951882103,2.705,18512750.0,625000.0,25.0,,
Rocket Lab Corp,RKLB,,773121108,,,-8500.0,-571455.0,-3.09,,,,,SLTY,2026-03-23,,,,,,,,67.23,18512750.0,625000.0,25.0,,
Royal Caribbean Cruises Ltd,RCL,,V7780T103,,,-2500.0,-659125.0,-3.56,,,,,SLTY,2026-03-23,,,,,,,,263.65,18512750.0,625000.0,25.0,,
SALESFOR PUT OPT 03/26 187.500,CRM   260327P00187500,,CRM   260327P00187500,,,-30.0,-6840.0,-0.04,,,,,SLTY,2026-03-23,CRM,187.5,2026-03-27,Put,195.73500061035156,4.0,-0.04392000325520833,2.28,18512750.0,625000.0,25.0,,
Salesforce Inc,CRM,,79466L302,,,-3000.0,-586140.0,-3.17,,,,,SLTY,2026-03-23,,,,,,,,195.38,18512750.0,625000.0,25.0,,
SBUX US 03/27/26 C102,SBUX  260327C00102000,,SBUX  260327C00102000,,,164.0,1394.0,0.01,,,,,SLTY,2026-03-23,SBUX,102.0,2026-03-27,Call,94.25499725341797,4.0,-0.07593139947629442,0.085,18512750.0,625000.0,25.0,,
SBUX US 03/27/26 C98,SBUX  260327C00098000,,SBUX  260327C00098000,,,-82.0,-2132.0,-0.01,,,,,SLTY,2026-03-23,SBUX,98.0,2026-03-27,Call,94.25499725341797,4.0,-0.03821431374063297,0.26,18512750.0,625000.0,25.0,,
SBUX US 03/27/26 P92,SBUX  260327P00092000,,SBUX  260327P00092000,,,-82.0,-12587.0,-0.07,,,,,SLTY,2026-03-23,SBUX,92.0,2026-03-27,Put,94.25499725341797,4.0,-0.024510839711064877,1.535,18512750.0,625000.0,25.0,,
Starbucks Corp,SBUX,,855244109,,,-8200.0,-758910.0,-4.1,,,,,SLTY,2026-03-23,,,,,,,,92.55,18512750.0,625000.0,25.0,,
T-Mobile US Inc,TMUS,,872590104,,,-2500.0,-521175.0,-2.82,,,,,SLTY,2026-03-23,,,,,,,,208.47,18512750.0,625000.0,25.0,,
TARGET C PUT OPT 03/26 110,TGT   260327P00110000,,TGT   260327P00110000,,,-69.0,-7417.5,-0.04,,,,,SLTY,2026-03-23,TGT,110.0,2026-03-27,Put,115.62999725341797,4.0,-0.051181793212890625,1.075,18512750.0,625000.0,25.0,,
Target Corp,TGT,,87612E106,,,-6900.0,-781494.0,-4.22,,,,,SLTY,2026-03-23,,,,,,,,113.26,18512750.0,625000.0,25.0,,
Tesla Inc,TSLA,,88160R101,,,-1400.0,-515144.0,-2.78,,,,,SLTY,2026-03-23,,,,,,,,367.96,18512750.0,625000.0,25.0,,
TGT US 03/27/26 C119,TGT   260327C00119000,,TGT   260327C00119000,,,-69.0,-2242.5,-0.01,,,,,SLTY,2026-03-23,TGT,119.0,2026-03-27,Call,115.62999725341797,4.0,-0.028319350811613707,0.325,18512750.0,625000.0,25.0,,
TGT US 03/27/26 C123,TGT   260327C00123000,,TGT   260327C00123000,,,138.0,1725.0,0.01,,,,,SLTY,2026-03-23,TGT,123.0,2026-03-27,Call,115.62999725341797,4.0,-0.059918721516927086,0.125,18512750.0,625000.0,25.0,,
TMUS US 03/27/26 C210,TMUS  260327C00210000,,TMUS  260327C00210000,,,-25.0,-6812.5,-0.04,,,,,SLTY,2026-03-23,TMUS,210.0,2026-03-27,Call,209.27999877929688,4.0,-0.0034285772414434524,2.725,18512750.0,625000.0,25.0,,
TMUS US 03/27/26 C217.5,TMUS  260327C00217500,,TMUS  260327C00217500,,,25.0,1137.5,0.01,,,,,SLTY,2026-03-23,TMUS,217.5,2026-03-27,Call,209.27999877929688,4.0,-0.037793109060704023,0.455,18512750.0,625000.0,25.0,,
TMUS US 03/27/26 C220,TMUS  260327C00220000,,TMUS  260327C00220000,,,25.0,762.5,0.0,,,,,SLTY,2026-03-23,TMUS,220.0,2026-03-27,Call,209.27999877929688,4.0,-0.0487272782759233,0.305,18512750.0,625000.0,25.0,,
TMUS US 03/27/26 P197.5,TMUS  260327P00197500,,TMUS  260327P00197500,,,-25.0,-2100.0,-0.01,,,,,SLTY,2026-03-23,TMUS,197.5,2026-03-27,Put,209.27999877929688,4.0,-0.05964556343947785,0.84,18512750.0,625000.0,25.0,,
TSLA US 03/27/26 C400,TSLA  260327C00400000,,TSLA  260327C00400000,,,-14.0,-1211.0,-0.01,,,,,SLTY,2026-03-23,TSLA,400.0,2026-03-27,Call,383.114990234375,4.0,-0.0422125244140625,0.865,18512750.0,625000.0,25.0,,
TSLA US 03/27/26 C415,TSLA  260327C00415000,,TSLA  260327C00415000,,,28.0,966.0,0.01,,,,,SLTY,2026-03-23,TSLA,415.0,2026-03-27,Call,383.114990234375,4.0,-0.07683134883283133,0.345,18512750.0,625000.0,25.0,,
TSLA US 03/27/26 P367.5,TSLA  260327P00367500,,TSLA  260327P00367500,,,-14.0,-12250.0,-0.07,,,,,SLTY,2026-03-23,TSLA,367.5,2026-03-27,Put,383.114990234375,4.0,-0.0424897693452381,8.75,18512750.0,625000.0,25.0,,
UNITED S CLL OPT 03/26 127,USO   260327C00127000,,USO   260327C00127000,,,-75.0,-30750.0,-0.17,,,,,SLTY,2026-03-23,USO,127.0,2026-03-27,Call,112.41999816894531,4.0,-0.11480316402405266,4.1,18512750.0,625000.0,25.0,,
United States Oil Fund LP,USO,,91232N207,,,-7500.0,-910725.0,-4.92,,,,,SLTY,2026-03-23,,,,,,,,121.43,18512750.0,625000.0,25.0,,
United States Treasury Bill 06/11/2026,912797QX8,,912797QX8,,,1500000.0,1487972.22,8.04,,,,,SLTY,2026-03-23,,,,,,,,99.198148,18512750.0,625000.0,25.0,,
United States Treasury Bill 07/09/2026,912797RF6,,912797RF6,,,5467000.0,5407792.39,29.21,,,,,SLTY,2026-03-23,,,,,,,,98.917,18512750.0,625000.0,25.0,,
United States Treasury Bill 08/06/2026,912797RG4,,912797RG4,,,5485000.0,5410120.81,29.22,,,,,SLTY,2026-03-23,,,,,,,,98.634837,18512750.0,625000.0,25.0,,
United States Treasury Bill 09/03/2026,912797RS8,,912797RS8,,,4096000.0,4028541.99,21.76,,,,,SLTY,2026-03-23,,,,,,,,98.353076,18512750.0,625000.0,25.0,,
USO US 03/27/26 C130,USO   260327C00130000,,USO   260327C00130000,,,150.0,48375.0,0.26,,,,,SLTY,2026-03-23,USO,130.0,2026-03-27,Call,112.41999816894531,4.0,-0.1352307833158053,3.225,18512750.0,625000.0,25.0,,
USO US 03/27/26 P116,USO   260327P00116000,,USO   260327P00116000,,,-75.0,-28875.0,-0.16,,,,,SLTY,2026-03-23,USO,116.0,2026-03-27,Put,112.41999816894531,4.0,0.030862084750471443,3.85,18512750.0,625000.0,25.0,,
ZOETIS I CLL OPT 04/26 120,ZTS   260417C00120000,,ZTS   260417C00120000,,,-63.0,-12915.0,-0.07,,,,,SLTY,2026-03-23,ZTS,120.0,2026-04-17,Call,,25.0,,2.05,18512750.0,625000.0,25.0,,
Zoetis Inc,ZTS,,98978V103,,,-6300.0,-728721.0,-3.94,,,,,SLTY,2026-03-23,,,,,,,,115.67,18512750.0,625000.0,25.0,,
ZTS US 04/17/26 C135,ZTS   260417C00135000,,ZTS   260417C00135000,,,126.0,5985.0,0.03,,,,,SLTY,2026-03-23,ZTS,135.0,2026-04-17,Call,,25.0,,0.475,18512750.0,625000.0,25.0,,
ZTS US 04/17/26 P115,ZTS   260417P00115000,,ZTS   260417P00115000,,,-63.0,-22050.0,-0.12,,,,,SLTY,2026-03-23,ZTS,115.0,2026-04-17,Put,,25.0,,3.5,18512750.0,625000.0,25.0,,
FIRST AMERICAN GOVERNMENT OBLI FIRST AM GOV OBLIG X,FGXXX,,31846V336,,,3065477.0,3065476.68,20.47,,,,,ULTI,2026-03-23,,,,,,,,,,,,,
SANDISK CORP/DE SNDKV,SNDK,,80004C200,,,1100.0,780681.0,5.21,,,,,ULTI,2026-03-23,,,,,,,,,,,,,
LUMENTUM HOLDINGS INC,LITE,,55024U109,,,1100.0,776985.0,5.19,,,,,ULTI,2026-03-23,,,,,,,,,,,,,
Nebius Group NV,NBIS,,N97284108,,,6500.0,764530.0,5.1,,,,,ULTI,2026-03-23,,,,,,,,,,,,,
COHERENT CORP,COHR,,19247G107,,,3000.0,760890.0,5.08,,,,,ULTI,2026-03-23,,,,,,,,,,,,,
APPLIED DIGITAL CORP COMMON STOCK USD 0.001,APLD,,038169207,,,29200.0,757156.0,5.05,,,,,ULTI,2026-03-23,,,,,,,,,,,,,
AST SPACEMOBILE INC CLASS A,ASTS,,00217D100,,,8400.0,755412.0,5.04,,,,,ULTI,2026-03-23,,,,,,,,,,,,,
PLANET LABS PBC,PL,,72703X106,,,22300.0,754409.0,5.04,,,,,ULTI,2026-03-23,,,,,,,,,,,,,
TERAWULF INC,WULF,,88080T104,,,50000.0,755000.0,5.04,,,,,ULTI,2026-03-23,,,,,,,,,,,,,
CIPHER MINING INC COMMON STOCK USD1.0,CIFR,,17253J106,,,53700.0,752337.0,5.02,,,,,ULTI,2026-03-23,,,,,,,,,,,,,
APPLIED OPTOELECTRONICS INC,AAOI,,03823U102,,,8500.0,744090.0,4.97,,,,,ULTI,2026-03-23,,,,,,,,,,,,,
VENTURE GLOBAL INC CL A COMMON STOCK USD.01,VG,,92333F101,,,47000.0,743070.0,4.96,,,,,ULTI,2026-03-23,,,,,,,,,,,,,
RED CAT HOLDINGS INC,RCAT,,75644T100,,,55800.0,739350.0,4.94,,,,,ULTI,2026-03-23,,,,,,,,,,,,,
ROCKET LAB CORP,RKLB,,773121108,,,11000.0,739530.0,4.94,,,,,ULTI,2026-03-23,,,,,,,,,,,,,
SOLAREDGE TECHNOLOGIES INC,SEDG,,83417M104,,,14200.0,734566.0,4.9,,,,,ULTI,2026-03-23,,,,,,,,,,,,,
KLARNA GROUP PLC,KLAR,,G5279N105,,,57700.0,727597.0,4.86,,,,,ULTI,2026-03-23,,,,,,,,,,,,,
INTUITIVE MACHINES INC COMMON STOCK USD.0001,LUNR,,46125A100,,,40800.0,727464.0,4.86,,,,,ULTI,2026-03-23,,,,,,,,,,,,,
Fastly Inc. Class A,FSLY,,31188V100,,,28700.0,723240.0,4.83,,,,,ULTI,2026-03-23,,,,,,,,,,,,,
BLOOM ENERGY CORP. CLASS A,BE,,093712107,,,4800.0,720576.0,4.81,,,,,ULTI,2026-03-23,,,,,,,,,,,,,
HIMS HERS HEALTH INC CLASS A,HIMS,,433000106,,,32600.0,717852.0,4.79,,,,,ULTI,2026-03-23,,,,,,,,,,,,,
SABLE OFFSHORE CORP COMMON STOCK USD.0001,SOC,,78574H104,,,43900.0,714692.0,4.77,,,,,ULTI,2026-03-23,,,,,,,,,,,,,
PLANET L CLL OPT 03/26 35,OTHER,,,,,223.0,33450.0,0.22,,,,,ULTI,2026-03-23,,,,,,,,,,,,,
RED CAT  CLL OPT 03/26 14.500,OTHER,,,,,558.0,23994.0,0.16,,,,,ULTI,2026-03-23,,,,,,,,,,,,,
TERAWULF CLL OPT 03/26 16,OTHER,,,,,500.0,24000.0,0.16,,,,,ULTI,2026-03-23,,,,,,,,,,,,,
CIPHER D CLL OPT 03/26 15,OTHER,,,,,537.0,22554.0,0.15,,,,,ULTI,2026-03-23,,,,,,,,,,,,,
AST SPAC CLL OPT 03/26 97,OTHER,,,,,84.0,20916.0,0.14,,,,,ULTI,2026-03-23,,,,,,,,,,,,,
SOLAREDG CLL OPT 03/26 55,OTHER,,,,,142.0,21016.0,0.14,,,,,ULTI,2026-03-23,,,,,,,,,,,,,
APPLIED  CLL OPT 03/26 97,OTHER,,,,,85.0,18870.0,0.13,,,,,ULTI,2026-03-23,,,,,,,,,,,,,
APPLIED  CLL OPT 03/26 28,OTHER,,,,,292.0,18980.0,0.13,,,,,ULTI,2026-03-23,,,,,,,,,,,,,
SABLE OF CLL OPT 03/26 18.500,OTHER,,,,,439.0,19316.0,0.13,,,,,ULTI,2026-03-23,,,,,,,,,,,,,
SABLE OF PUT OPT 03/26 14.500,OTHER,,,,,439.0,20194.0,0.13,,,,,ULTI,2026-03-23,,,,,,,,,,,,,
VENTURE  CLL OPT 03/26 17.500,OTHER,,,,,470.0,18800.0,0.13,,,,,ULTI,2026-03-23,,,,,,,,,,,,,
LUMENTUM CLL OPT 03/26 765,OTHER,,,,,11.0,17050.0,0.11,,,,,ULTI,2026-03-23,,,,,,,,,,,,,
INTUITIV PUT OPT 03/26 16,OTHER,,,,,408.0,16320.0,0.11,,,,,ULTI,2026-03-23,,,,,,,,,,,,,
NEBIUS G CLL OPT 03/26 124,OTHER,,,,,65.0,17225.0,0.11,,,,,ULTI,2026-03-23,,,,,,,,,,,,,
HIMS US 03/27/26 C24,HIMS  260327C00024000,,,,,326.0,14344.0,0.1,,,,,ULTI,2026-03-23,HIMS,24.0,2026-03-27,Call,22.02,4,-0.08250000000000002,,,,,,
KLARNA G PUT OPT 03/26 11.500,OTHER,,,,,577.0,15579.0,0.1,,,,,ULTI,2026-03-23,,,,,,,,,,,,,
INTUITIV CLL OPT 03/26 20,OTHER,,,,,408.0,14280.0,0.1,,,,,ULTI,2026-03-23,,,,,,,,,,,,,
APPLIED  PUT OPT 03/26 74,OTHER,,,,,85.0,13940.0,0.09,,,,,ULTI,2026-03-23,,,,,,,,,,,,,
PLANET L PUT OPT 03/26 29.500,OTHER,,,,,223.0,13380.0,0.09,,,,,ULTI,2026-03-23,,,,,,,,,,,,,
RED CAT  PUT OPT 03/26 11.500,OTHER,,,,,558.0,13950.0,0.09,,,,,ULTI,2026-03-23,,,,,,,,,,,,,
AST SPAC PUT OPT 03/26 77,OTHER,,,,,84.0,12180.0,0.08,,,,,ULTI,2026-03-23,,,,,,,,,,,,,
BLOOM EN CLL OPT 03/26 167.500,OTHER,,,,,48.0,12480.0,0.08,,,,,ULTI,2026-03-23,,,,,,,,,,,,,
BLOOM EN PUT OPT 03/26 131,OTHER,,,,,48.0,12432.0,0.08,,,,,ULTI,2026-03-23,,,,,,,,,,,,,
COHERENT CLL OPT 03/26 267.500,OTHER,,,,,30.0,11640.0,0.08,,,,,ULTI,2026-03-23,,,,,,,,,,,,,
FASTLY I CLL OPT 03/26 28.500,OTHER,,,,,287.0,11480.0,0.08,,,,,ULTI,2026-03-23,,,,,,,,,,,,,
HIMS & H PUT OPT 03/26 20,OTHER,,,,,326.0,11736.0,0.08,,,,,ULTI,2026-03-23,,,,,,,,,,,,,
KLARNA G CLL OPT 03/26 14,OTHER,,,,,577.0,11540.0,0.08,,,,,ULTI,2026-03-23,,,,,,,,,,,,,
LUMENTUM PUT OPT 03/26 607.500,OTHER,,,,,11.0,11891.0,0.08,,,,,ULTI,2026-03-23,,,,,,,,,,,,,
ROCKET L CLL OPT 03/26 74,OTHER,,,,,110.0,12100.0,0.08,,,,,ULTI,2026-03-23,,,,,,,,,,,,,
SANDISK  CLL OPT 03/26 780,OTHER,,,,,11.0,11880.0,0.08,,,,,ULTI,2026-03-23,,,,,,,,,,,,,
VENTURE  PUT OPT 03/26 13.500,OTHER,,,,,470.0,11280.0,0.08,,,,,ULTI,2026-03-23,,,,,,,,,,,,,
CIPHER D PUT OPT 03/26 12,OTHER,,,,,537.0,10203.0,0.07,,,,,ULTI,2026-03-23,,,,,,,,,,,,,
COHERENT PUT OPT 03/26 217.500,OTHER,,,,,30.0,10350.0,0.07,,,,,ULTI,2026-03-23,,,,,,,,,,,,,
FASTLY I PUT OPT 03/26 22.500,OTHER,,,,,287.0,10045.0,0.07,,,,,ULTI,2026-03-23,,,,,,,,,,,,,
SOLAREDG PUT OPT 03/26 45,OTHER,,,,,142.0,10650.0,0.07,,,,,ULTI,2026-03-23,,,,,,,,,,,,,
APPLIED  PUT OPT 03/26 22,OTHER,,,,,292.0,8760.0,0.06,,,,,ULTI,2026-03-23,,,,,,,,,,,,,
ROCKET L PUT OPT 03/26 60,OTHER,,,,,110.0,9680.0,0.06,,,,,ULTI,2026-03-23,,,,,,,,,,,,,
SANDISK  PUT OPT 03/26 630,OTHER,,,,,11.0,9438.0,0.06,,,,,ULTI,2026-03-23,,,,,,,,,,,,,
TERAWULF PUT OPT 03/26 13,OTHER,,,,,500.0,9500.0,0.06,,,,,ULTI,2026-03-23,,,,,,,,,,,,,
NEBIUS G PUT OPT 03/26 102,OTHER,,,,,65.0,7800.0,0.05,,,,,ULTI,2026-03-23,,,,,,,,,,,,,
NEBIUS G PUT OPT 03/26 113,OTHER,,,,,-65.0,-26000.0,-0.17,,,,,ULTI,2026-03-23,,,,,,,,,,,,,
FASTLY I CLL OPT 03/26 25.500,OTHER,,,,,-287.0,-31570.0,-0.21,,,,,ULTI,2026-03-23,,,,,,,,,,,,,
APPLIED  PUT OPT 03/26 25,OTHER,,,,,-292.0,-32996.0,-0.22,,,,,ULTI,2026-03-23,,,,,,,,,,,,,
AST SPAC PUT OPT 03/26 87,OTHER,,,,,-84.0,-32676.0,-0.22,,,,,ULTI,2026-03-23,,,,,,,,,,,,,
COHERENT PUT OPT 03/26 242.500,OTHER,,,,,-30.0,-32580.0,-0.22,,,,,ULTI,2026-03-23,,,,,,,,,,,,,
TERAWULF PUT OPT 03/26 14.500,OTHER,,,,,-500.0,-33000.0,-0.22,,,,,ULTI,2026-03-23,,,,,,,,,,,,,
CIFR US 03/27/26 P13.5,CIFR  260327P00013500,,,,,-537.0,-34905.0,-0.23,,,,,ULTI,2026-03-23,CIFR,13.5,2026-03-27,Put,14.01,4,-0.037777777777777764,,,,,,
KLARNA G PUT OPT 03/26 12.500,OTHER,,,,,-577.0,-34620.0,-0.23,,,,,ULTI,2026-03-23,,,,,,,,,,,,,
ROCKET L PUT OPT 03/26 67,OTHER,,,,,-110.0,-34870.0,-0.23,,,,,ULTI,2026-03-23,,,,,,,,,,,,,
HIMS & H CLL OPT 03/26 22,OTHER,,,,,-326.0,-36186.0,-0.24,,,,,ULTI,2026-03-23,,,,,,,,,,,,,
HIMS & H PUT OPT 03/26 22,OTHER,,,,,-326.0,-36186.0,-0.24,,,,,ULTI,2026-03-23,,,,,,,,,,,,,
SOLAREDG PUT OPT 03/26 51,OTHER,,,,,-142.0,-35500.0,-0.24,,,,,ULTI,2026-03-23,,,,,,,,,,,,,
SANDISK  PUT OPT 03/26 705,OTHER,,,,,-11.0,-36410.0,-0.24,,,,,ULTI,2026-03-23,,,,,,,,,,,,,
COHERENT CLL OPT 03/26 242.500,OTHER,,,,,-30.0,-37560.0,-0.25,,,,,ULTI,2026-03-23,,,,,,,,,,,,,
INTUITIV CLL OPT 03/26 18,OTHER,,,,,-408.0,-38352.0,-0.26,,,,,ULTI,2026-03-23,,,,,,,,,,,,,
RED CAT  PUT OPT 03/26 13,OTHER,,,,,-558.0,-39060.0,-0.26,,,,,ULTI,2026-03-23,,,,,,,,,,,,,
ROCKET L CLL OPT 03/26 67,OTHER,,,,,-110.0,-39600.0,-0.26,,,,,ULTI,2026-03-23,,,,,,,,,,,,,
SOLAREDG CLL OPT 03/26 51,OTHER,,,,,-142.0,-38340.0,-0.26,,,,,ULTI,2026-03-23,,,,,,,,,,,,,
KLARNA G CLL OPT 03/26 12.500,OTHER,,,,,-577.0,-40967.0,-0.27,,,,,ULTI,2026-03-23,,,,,,,,,,,,,
APPLIED  PUT OPT 03/26 85,OTHER,,,,,-85.0,-41650.0,-0.28,,,,,ULTI,2026-03-23,,,,,,,,,,,,,
BLOOM EN CLL OPT 03/26 150,OTHER,,,,,-48.0,-42000.0,-0.28,,,,,ULTI,2026-03-23,,,,,,,,,,,,,
FSLY US 03/27/26 P25.5,FSLY  260327P00025500,,,,,-287.0,-41615.0,-0.28,,,,,ULTI,2026-03-23,FSLY,25.5,2026-03-27,Put,25.2,4,0.011764705882352969,,,,,,
LUMENTUM PUT OPT 03/26 685,OTHER,,,,,-11.0,-42207.0,-0.28,,,,,ULTI,2026-03-23,,,,,,,,,,,,,
PLANET L PUT OPT 03/26 33.500,OTHER,,,,,-223.0,-42370.0,-0.28,,,,,ULTI,2026-03-23,,,,,,,,,,,,,
SANDISK  CLL OPT 03/26 705,OTHER,,,,,-11.0,-41789.0,-0.28,,,,,ULTI,2026-03-23,,,,,,,,,,,,,
PLANET L CLL OPT 03/26 33.500,OTHER,,,,,-223.0,-43039.0,-0.29,,,,,ULTI,2026-03-23,,,,,,,,,,,,,
VENTURE  PUT OPT 03/26 15.500,OTHER,,,,,-470.0,-42770.0,-0.29,,,,,ULTI,2026-03-23,,,,,,,,,,,,,
BLOOM EN PUT OPT 03/26 150,OTHER,,,,,-48.0,-44544.0,-0.3,,,,,ULTI,2026-03-23,,,,,,,,,,,,,
INTUITIV PUT OPT 03/26 18,OTHER,,,,,-408.0,-44880.0,-0.3,,,,,ULTI,2026-03-23,,,,,,,,,,,,,
SABLE OF CLL OPT 03/26 16.500,OTHER,,,,,-439.0,-46095.0,-0.31,,,,,ULTI,2026-03-23,,,,,,,,,,,,,
NEBIUS G CLL OPT 03/26 113,OTHER,,,,,-65.0,-49400.0,-0.33,,,,,ULTI,2026-03-23,,,,,,,,,,,,,
SABLE OF PUT OPT 03/26 16.500,OTHER,,,,,-439.0,-50046.0,-0.33,,,,,ULTI,2026-03-23,,,,,,,,,,,,,
LUMENTUM CLL OPT 03/26 685,OTHER,,,,,-11.0,-50600.0,-0.34,,,,,ULTI,2026-03-23,,,,,,,,,,,,,
APPLIED  CLL OPT 03/26 25,OTHER,,,,,-292.0,-52852.0,-0.35,,,,,ULTI,2026-03-23,,,,,,,,,,,,,
VENTURE  CLL OPT 03/26 15.500,OTHER,,,,,-470.0,-51700.0,-0.35,,,,,ULTI,2026-03-23,,,,,,,,,,,,,
RED CAT  CLL OPT 03/26 13,OTHER,,,,,-558.0,-54126.0,-0.36,,,,,ULTI,2026-03-23,,,,,,,,,,,,,
CIPHER D CLL OPT 03/26 13.500,OTHER,,,,,-537.0,-55311.0,-0.37,,,,,ULTI,2026-03-23,,,,,,,,,,,,,
TERAWULF CLL OPT 03/26 14.500,OTHER,,,,,-500.0,-55500.0,-0.37,,,,,ULTI,2026-03-23,,,,,,,,,,,,,
AST SPAC CLL OPT 03/26 87,OTHER,,,,,-84.0,-56196.0,-0.38,,,,,ULTI,2026-03-23,,,,,,,,,,,,,
APPLIED  CLL OPT 03/26 85,OTHER,,,,,-85.0,-59500.0,-0.4,,,,,ULTI,2026-03-23,,,,,,,,,,,,,
Cash & Other,CASH,,,,,-1998182.0,-1998182.42,-13.34,,,,,ULTI,2026-03-23,,,,,,,,,,,,,
TESLA INC,TSLA,,88160R101,,,1618768.0,595641873.28,10.08,,,,,ARKK,2026-03-23,,,,,,,,,,,,03/23/2026,
CRISPR THERAPEUTICS AG,CRSP,,H17182108,,,7551384.0,349175996.16,5.91,,,,,ARKK,2026-03-23,,,,,,,,,,,,03/23/2026,
CIRCLE INTERNET GROUP INC,CRCL,,172573107,,,2624485.0,330763844.55,5.6,,,,,ARKK,2026-03-23,,,,,,,,,,,,03/23/2026,
COINBASE GLOBAL INC -CLASS A,COIN,,19260Q107,,,1460125.0,288374687.5,4.88,,,,,ARKK,2026-03-23,,,,,,,,,,,,03/23/2026,
TEMPUS AI INC-CL A,TEM,,88023B103,,,6132652.0,287989337.92,4.87,,,,,ARKK,2026-03-23,,,,,,,,,,,,03/23/2026,
SHOPIFY INC - CLASS A,SHOP,,82509L107,,,2339628.0,273221757.84,4.62,,,,,ARKK,2026-03-23,,,,,,,,,,,,03/23/2026,
ROBINHOOD MARKETS INC - A,HOOD,,770700102,,,3563177.0,252593617.53,4.27,,,,,ARKK,2026-03-23,,,,,,,,,,,,03/23/2026,
ROKU INC,ROKU,,77543R102,,,2591332.0,241693535.64,4.09,,,,,ARKK,2026-03-23,,,,,,,,,,,,03/23/2026,
ADVANCED MICRO DEVICES,AMD,,007903107,,,1169410.0,235437315.3,3.98,,,,,ARKK,2026-03-23,,,,,,,,,,,,03/23/2026,
PALANTIR TECHNOLOGIES INC-A,PLTR,,69608A108,,,1413091.0,212924551.88,3.6,,,,,ARKK,2026-03-23,,,,,,,,,,,,03/23/2026,
ROBLOX CORP -CLASS A,RBLX,,771049103,,,3604919.0,205336186.24,3.48,,,,,ARKK,2026-03-23,,,,,,,,,,,,03/23/2026,
BEAM THERAPEUTICS INC,BEAM,,07373V105,,,8269921.0,203688154.23,3.45,,,,,ARKK,2026-03-23,,,,,,,,,,,,03/23/2026,
BULLISH,BLSH,,G16910120,,,4428268.0,168141335.96,2.85,,,,,ARKK,2026-03-23,,,,,,,,,,,,03/23/2026,
TWIST BIOSCIENCE CORP,TWST,,90184D100,,,3627767.0,152620157.69,2.58,,,,,ARKK,2026-03-23,,,,,,,,,,,,03/23/2026,
TERADYNE INC,TER,,880770102,,,497527.0,144695777.41,2.45,,,,,ARKK,2026-03-23,,,,,,,,,,,,03/23/2026,
BITMINE IMMERSION TECHNOLOGI,BMNR,,09175A206,,,6138611.0,128542514.34,2.18,,,,,ARKK,2026-03-23,,,,,,,,,,,,03/23/2026,
10X GENOMICS INC-CLASS A,TXG,,88025U109,,,6679992.0,122845052.88,2.08,,,,,ARKK,2026-03-23,,,,,,,,,,,,03/23/2026,
AMAZON.COM INC,AMZN,,023135106,,,572999.0,117676804.63,1.99,,,,,ARKK,2026-03-23,,,,,,,,,,,,03/23/2026,
COREWEAVE INC-CL A,CRWV,,21873S108,,,1445497.0,117764640.59,1.99,,,,,ARKK,2026-03-23,,,,,,,,,,,,03/23/2026,
INTELLIA THERAPEUTICS INC,NTLA,,45826J105,,,9012975.0,115726599.0,1.96,,,,,ARKK,2026-03-23,,,,,,,,,,,,03/23/2026,
ARCHER AVIATION INC-A,ACHR,,03945R102,,,18411703.0,106051409.28,1.79,,,,,ARKK,2026-03-23,,,,,,,,,,,,03/23/2026,
NVIDIA CORP,NVDA,,67066G104,,,545271.0,94168301.7,1.59,,,,,ARKK,2026-03-23,,,,,,,,,,,,03/23/2026,
BLOCK INC,XYZ,,852234103,,,1495416.0,88782847.92,1.5,,,,,ARKK,2026-03-23,,,,,,,,,,,,03/23/2026,
TAIWAN SEMICONDUCTOR-SP ADR,TSM,,874039100,,,252222.0,83041571.28,1.41,,,,,ARKK,2026-03-23,,,,,,,,,,,,03/23/2026,
ILLUMINA INC,ILMN,,452327109,,,659354.0,81977482.82,1.39,,,,,ARKK,2026-03-23,,,,,,,,,,,,03/23/2026,
DEERE & CO,DE,,244199105,,,142901.0,79985976.73,1.35,,,,,ARKK,2026-03-23,,,,,,,,,,,,03/23/2026,
NATERA INC,NTRA,,632307104,,,396452.0,77419146.56,1.31,,,,,ARKK,2026-03-23,,,,,,,,,,,,03/23/2026,
KRATOS DEFENSE & SECURITY,KTOS,,50077B207,,,860984.0,72856466.08,1.23,,,,,ARKK,2026-03-23,,,,,,,,,,,,03/23/2026,
RECURSION PHARMACEUTICALS-A,RXRX,,75629V104,,,22339745.0,72604171.25,1.23,,,,,ARKK,2026-03-23,,,,,,,,,,,,03/23/2026,
BWX TECHNOLOGIES INC,BWXT,,05605H100,,,350048.0,69922088.0,1.18,,,,,ARKK,2026-03-23,,,,,,,,,,,,03/23/2026,
META PLATFORMS INC-CLASS A,META,,30303M102,,,106808.0,63407637.28,1.07,,,,,ARKK,2026-03-23,,,,,,,,,,,,03/23/2026,
BAIDU INC - SPON ADR,BIDU,,056752108,,,545111.0,62284382.86,1.05,,,,,ARKK,2026-03-23,,,,,,,,,,,,03/23/2026,
VERACYTE INC,VCYT,,92337F107,,,1900667.0,60517237.28,1.02,,,,,ARKK,2026-03-23,,,,,,,,,,,,03/23/2026,
BROADCOM INC,AVGO,,11135F101,,,186318.0,57732495.48,0.98,,,,,ARKK,2026-03-23,,,,,,,,,,,,03/23/2026,
ALIBABA GROUP HOLDING-SP ADR,BABA,,01609W102,,,451278.0,55240939.98,0.93,,,,,ARKK,2026-03-23,,,,,,,,,,,,03/23/2026,
GENEDX HOLDINGS CORP,WGS,,81663L200,,,783273.0,54703786.32,0.93,,,,,ARKK,2026-03-23,,,,,,,,,,,,03/23/2026,
ALPHABET INC-CL C,GOOG,,02079K107,,,172790.0,51627924.1,0.87,,,,,ARKK,2026-03-23,,,,,,,,,,,,03/23/2026,
FIGMA INC-CL A,FIG,,316841105,,,1753044.0,41599734.12,0.7,,,,,ARKK,2026-03-23,,,,,,,,,,,,03/23/2026,
SOFI TECHNOLOGIES INC,SOFI,,83406F102,,,2175206.0,36760981.4,0.62,,,,,ARKK,2026-03-23,,,,,,,,,,,,03/23/2026,
PACIFIC BIOSCIENCES OF CALIF,PACB,,69404D108,,,20163004.0,26816795.32,0.45,,,,,ARKK,2026-03-23,,,,,,,,,,,,03/23/2026,
CERUS CORP,CERS,,157085101,,,9637103.0,16575817.16,0.28,,,,,ARKK,2026-03-23,,,,,,,,,,,,03/23/2026,
BRERA HOLDINGS PLC-CL B,SLMT,,G13311116,,,6746132.0,5253212.99,0.09,,,,,ARKK,2026-03-23,,,,,,,,,,,,03/23/2026,
BRERA HOLDINGS PLC WTS,OTHER,,BREADUMMY,,,4316257.0,2244453.64,0.04,,,,,ARKK,2026-03-23,,,,,,,,,,,,03/23/2026,
GOLDMAN FS TRSY OBLIG INST 468,OTHER,,X9USDGSFT,,,2514307.0,2514306.88,0.04,,,,,ARKK,2026-03-23,,,,,,,,,,,,03/23/2026,
TESLA INC,TSLA,,88160R101,,,498022.0,183252175.12,9.81,,,,,ARKQ,2026-03-23,,,,,,,,,,,,03/23/2026,
TERADYNE INC,TER,,880770102,,,560566.0,163029409.78,8.73,,,,,ARKQ,2026-03-23,,,,,,,,,,,,03/23/2026,
KRATOS DEFENSE & SECURITY,KTOS,,50077B207,,,1692730.0,143238812.6,7.67,,,,,ARKQ,2026-03-23,,,,,,,,,,,,03/23/2026,
ROCKET LAB,RKLB UQ,,773121108,,,1318239.0,88625207.97,4.74,,,,,ARKQ,2026-03-23,,,,,,,,,,,,03/23/2026,
ADVANCED MICRO DEVICES,AMD,,007903107,,,433189.0,87213941.37,4.67,,,,,ARKQ,2026-03-23,,,,,,,,,,,,03/23/2026,
PALANTIR TECHNOLOGIES INC-A,PLTR,,69608A108,,,560357.0,84434592.76,4.52,,,,,ARKQ,2026-03-23,,,,,,,,,,,,03/23/2026,
DEERE & CO,DE,,244199105,,,146048.0,81747447.04,4.38,,,,,ARKQ,2026-03-23,,,,,,,,,,,,03/23/2026,
ALPHABET INC-CL C,GOOG,,02079K107,,,226627.0,67713881.33,3.62,,,,,ARKQ,2026-03-23,,,,,,,,,,,,03/23/2026,
L3HARRIS TECHNOLOGIES INC,LHX,,502431109,,,184410.0,65069068.5,3.48,,,,,ARKQ,2026-03-23,,,,,,,,,,,,03/23/2026,
AEROVIRONMENT INC,AVAV,,008073108,,,316413.0,62561178.36,3.35,,,,,ARKQ,2026-03-23,,,,,,,,,,,,03/23/2026,
ARCHER AVIATION INC-A,ACHR,,03945R102,,,10433180.0,60095116.8,3.22,,,,,ARKQ,2026-03-23,,,,,,,,,,,,03/23/2026,
TAIWAN SEMICONDUCTOR-SP ADR,TSM,,874039100,,,160410.0,52813388.4,2.83,,,,,ARKQ,2026-03-23,,,,,,,,,,,,03/23/2026,
TRIMBLE INC,TRMB,,896239100,,,743795.0,48874769.45,2.62,,,,,ARKQ,2026-03-23,,,,,,,,,,,,03/23/2026,
AMAZON.COM INC,AMZN,,023135106,,,235738.0,48413513.06,2.59,,,,,ARKQ,2026-03-23,,,,,,,,,,,,03/23/2026,
NVIDIA CORP,NVDA,,67066G104,,,238753.0,41232643.1,2.21,,,,,ARKQ,2026-03-23,,,,,,,,,,,,03/23/2026,
CATERPILLAR INC,CAT,,149123101,,,58758.0,40007147.04,2.14,,,,,ARKQ,2026-03-23,,,,,,,,,,,,03/23/2026,
ELBIT SYSTEMS LTD,ESLT,,M3760D101,,,40047.0,36873275.25,1.97,,,,,ARKQ,2026-03-23,,,,,,,,,,,,03/23/2026,
BWX TECHNOLOGIES INC,BWXT,,05605H100,,,182382.0,36430804.5,1.95,,,,,ARKQ,2026-03-23,,,,,,,,,,,,03/23/2026,
BAIDU INC - SPON ADR,BIDU,,056752108,,,310680.0,35498296.8,1.9,,,,,ARKQ,2026-03-23,,,,,,,,,,,,03/23/2026,
KOMATSU LTD -SPONS ADR,KMTUY,,500458401,,,905851.0,34784678.4,1.86,,,,,ARKQ,2026-03-23,,,,,,,,,,,,03/23/2026,
CAMECO CORP,CCJ,,13321L108,,,339839.0,34510650.45,1.85,,,,,ARKQ,2026-03-23,,,,,,,,,,,,03/23/2026,
SYMBOTIC INC,SYM UQ,,87151X101,,,669764.0,33568571.68,1.8,,,,,ARKQ,2026-03-23,,,,,,,,,,,,03/23/2026,
INTUITIVE MACHINES INC,LUNR,,46125A100,,,1864981.0,33252611.23,1.78,,,,,ARKQ,2026-03-23,,,,,,,,,,,,03/23/2026,
JOBY AVIATION INC,JOBY,,G65163100,,,3381406.0,31210377.38,1.67,,,,,ARKQ,2026-03-23,,,,,,,,,,,,03/23/2026,
INTUITIVE SURGICAL INC,ISRG,,46120E602,,,60767.0,29044802.99,1.55,,,,,ARKQ,2026-03-23,,,,,,,,,,,,03/23/2026,
BROADCOM INC,AVGO,,11135F101,,,78347.0,24276601.42,1.3,,,,,ARKQ,2026-03-23,,,,,,,,,,,,03/23/2026,
AURORA INNOVATION INC,AUR,,051774107,,,5666691.0,23403433.83,1.25,,,,,ARKQ,2026-03-23,,,,,,,,,,,,03/23/2026,
BYD CO LTD-UNSPONSORED ADR,BYDDY,,05606L100,,,1680112.0,21757450.4,1.16,,,,,ARKQ,2026-03-23,,,,,,,,,,,,03/23/2026,
IRIDIUM COMMUNICATIONS INC,IRDM,,46269C102,,,845261.0,21469629.4,1.15,,,,,ARKQ,2026-03-23,,,,,,,,,,,,03/23/2026,
WERIDE INC-ADR,WRD,,950915108,,,3391299.0,21534748.65,1.15,,,,,ARKQ,2026-03-23,,,,,,,,,,,,03/23/2026,
TELEDYNE TECHNOLOGIES INC,TDY,,879360105,,,34599.0,21319211.82,1.14,,,,,ARKQ,2026-03-23,,,,,,,,,,,,03/23/2026,
STRATA CRITICAL MEDICAL INC,SRTA,,092667104,,,4767928.0,19882259.76,1.06,,,,,ARKQ,2026-03-23,,,,,,,,,,,,03/23/2026,
PONY AI INC,PONY,,732908108,,,1780334.0,18746917.02,1.0,,,,,ARKQ,2026-03-23,,,,,,,,,,,,03/23/2026,
SYNOPSYS INC,SNPS,,871607107,,,44613.0,18751736.16,1.0,,,,,ARKQ,2026-03-23,,,,,,,,,,,,03/23/2026,
DOORDASH INC - A,DASH,,25809K105,,,117987.0,18481483.68,0.99,,,,,ARKQ,2026-03-23,,,,,,,,,,,,03/23/2026,
KODIAK AI INC,KDK,,500081104,,,2323650.0,17357665.5,0.93,,,,,ARKQ,2026-03-23,,,,,,,,,,,,03/23/2026,
OKLO INC,OKLO,,02156V109,,,307262.0,16582930.14,0.89,,,,,ARKQ,2026-03-23,,,,,,,,,,,,03/23/2026,
GOLDMAN FS TRSY OBLIG INST 468,OTHER,,X9USDGSFT,,,928564.0,928564.24,0.05,,,,,ARKQ,2026-03-23,,,,,,,,,,,,03/23/2026,
TESLA INC,TSLA,,88160R101,,,391672.0,144119629.12,9.25,,,,,ARKW,2026-03-23,,,,,,,,,,,,03/23/2026,
ADVANCED MICRO DEVICES,AMD,,007903107,,,547264.0,110180661.12,7.07,,,,,ARKW,2026-03-23,,,,,,,,,,,,03/23/2026,
ARK BITCOIN ETF HOLDCO (ARKW),OTHER,,MM0051EWE,,,4346374.0,101183152.08,6.49,,,,,ARKW,2026-03-23,,,,,,,,,,,,03/23/2026,
CIRCLE INTERNET GROUP INC,CRCL,,172573107,,,723478.0,91179932.34,5.85,,,,,ARKW,2026-03-23,,,,,,,,,,,,03/23/2026,
SHOPIFY INC - CLASS A,SHOP,,82509L107,,,639303.0,74657804.34,4.79,,,,,ARKW,2026-03-23,,,,,,,,,,,,03/23/2026,
ROBINHOOD MARKETS INC - A,HOOD,,770700102,,,1005754.0,71297901.06,4.57,,,,,ARKW,2026-03-23,,,,,,,,,,,,03/23/2026,
COINBASE GLOBAL INC -CLASS A,COIN,,19260Q107,,,341046.0,67356585.0,4.32,,,,,ARKW,2026-03-23,,,,,,,,,,,,03/23/2026,
ROKU INC,ROKU,,77543R102,,,718747.0,67037532.69,4.3,,,,,ARKW,2026-03-23,,,,,,,,,,,,03/23/2026,
ALPHABET INC-CL C,GOOG,,02079K107,,,181541.0,54242635.39,3.48,,,,,ARKW,2026-03-23,,,,,,,,,,,,03/23/2026,
ROBLOX CORP -CLASS A,RBLX,,771049103,,,944995.0,53826915.2,3.45,,,,,ARKW,2026-03-23,,,,,,,,,,,,03/23/2026,
COREWEAVE INC-CL A,CRWV,,21873S108,,,622695.0,50730961.65,3.26,,,,,ARKW,2026-03-23,,,,,,,,,,,,03/23/2026,
PALANTIR TECHNOLOGIES INC-A,PLTR,,69608A108,,,336279.0,50670519.72,3.25,,,,,ARKW,2026-03-23,,,,,,,,,,,,03/23/2026,
BLOCK INC,XYZ,,852234103,,,708501.0,42063704.37,2.7,,,,,ARKW,2026-03-23,,,,,,,,,,,,03/23/2026,
TAIWAN SEMICONDUCTOR-SP ADR,TSM,,874039100,,,124787.0,41084871.88,2.64,,,,,ARKW,2026-03-23,,,,,,,,,,,,03/23/2026,
BULLISH,BLSH,,G16910120,,,1001484.0,38026347.48,2.44,,,,,ARKW,2026-03-23,,,,,,,,,,,,03/23/2026,
META PLATFORMS INC-CLASS A,META,,30303M102,,,62717.0,37232574.22,2.39,,,,,ARKW,2026-03-23,,,,,,,,,,,,03/23/2026,
AMAZON.COM INC,AMZN,,023135106,,,172776.0,35483007.12,2.28,,,,,ARKW,2026-03-23,,,,,,,,,,,,03/23/2026,
BITMINE IMMERSION TECHNOLOGI,BMNR,,09175A206,,,1610470.0,33723241.8,2.16,,,,,ARKW,2026-03-23,,,,,,,,,,,,03/23/2026,
CLOUDFLARE INC - CLASS A,NET,,18915M107,,,155681.0,33536801.02,2.15,,,,,ARKW,2026-03-23,,,,,,,,,,,,03/23/2026,
BROADCOM INC,AVGO,,11135F101,,,99004.0,30677379.44,1.97,,,,,ARKW,2026-03-23,,,,,,,,,,,,03/23/2026,
CROWDSTRIKE HOLDINGS INC - A,CRWD,,22788C105,,,71573.0,29273357.0,1.88,,,,,ARKW,2026-03-23,,,,,,,,,,,,03/23/2026,
FIGMA INC-CL A,FIG,,316841105,,,1067928.0,25341931.44,1.63,,,,,ARKW,2026-03-23,,,,,,,,,,,,03/23/2026,
DATADOG INC - CLASS A,DDOG,,23804L103,,,195826.0,24493916.08,1.57,,,,,ARKW,2026-03-23,,,,,,,,,,,,03/23/2026,
NVIDIA CORP,NVDA,,67066G104,,,138251.0,23875947.7,1.53,,,,,ARKW,2026-03-23,,,,,,,,,,,,03/23/2026,
EVERPURE INC-A,PSTG,,74624M102,,,350159.0,21930458.17,1.41,,,,,ARKW,2026-03-23,,,,,,,,,,,,03/23/2026,
NETFLIX INC,NFLX,,64110L106,,,223330.0,20506160.6,1.32,,,,,ARKW,2026-03-23,,,,,,,,,,,,03/23/2026,
RUBRIK INC-A,RBRK,,781154109,,,362494.0,17863704.32,1.15,,,,,ARKW,2026-03-23,,,,,,,,,,,,03/23/2026,
TOAST INC-CLASS A,TOST,,888787108,,,630095.0,17302408.7,1.11,,,,,ARKW,2026-03-23,,,,,,,,,,,,03/23/2026,
ALIBABA GROUP HOLDING-SP ADR,BABA,,01609W102,,,138007.0,16893436.87,1.08,,,,,ARKW,2026-03-23,,,,,,,,,,,,03/23/2026,
DRAFTKINGS INC-CL A,DKNG UW,,26142V105,,,699846.0,16565354.82,1.06,,,,,ARKW,2026-03-23,,,,,,,,,,,,03/23/2026,
BAIDU INC - SPON ADR,BIDU,,056752108,,,141985.0,16223206.1,1.04,,,,,ARKW,2026-03-23,,,,,,,,,,,,03/23/2026,
DOORDASH INC - A,DASH,,25809K105,,,102927.0,16122485.28,1.03,,,,,ARKW,2026-03-23,,,,,,,,,,,,03/23/2026,
SPOTIFY TECHNOLOGY SA,SPOT,,L8681T102,,,33580.0,15935053.2,1.02,,,,,ARKW,2026-03-23,,,,,,,,,,,,03/23/2026,
GITLAB INC-CL A,GTLB,,37637K108,,,691689.0,15390080.25,0.99,,,,,ARKW,2026-03-23,,,,,,,,,,,,03/23/2026,
MERCADOLIBRE INC,MELI,,58733R102,,,9228.0,15094793.28,0.97,,,,,ARKW,2026-03-23,,,,,,,,,,,,03/23/2026,
GENIUS SPORTS LTD,GENI,,G3934V109,,,3317919.0,15030173.07,0.96,,,,,ARKW,2026-03-23,,,,,,,,,,,,03/23/2026,
AIRBNB INC-CLASS A,ABNB,,009066101,,,70278.0,9032128.56,0.58,,,,,ARKW,2026-03-23,,,,,,,,,,,,03/23/2026,
3IQ ETHER STAKING ETF,ETHQ/U,,BQ84B35,,,846001.0,6971048.24,0.45,,,,,ARKW,2026-03-23,,,,,,,,,,,,03/23/2026,
3IQ SOLANA STAKING ETF,SOLQ/U,,BTRDQ40,,,452010.0,3236391.6,0.21,,,,,ARKW,2026-03-23,,,,,,,,,,,,03/23/2026,
BRERA HOLDINGS PLC-CL B,SLMT,,G13311116,,,1755335.0,1366879.36,0.09,,,,,ARKW,2026-03-23,,,,,,,,,,,,03/23/2026,
GOLDMAN FS TRSY OBLIG INST 468,OTHER,,X9USDGSFT,,,1030499.0,1030499.15,0.07,,,,,ARKW,2026-03-23,,,,,,,,,,,,03/23/2026,
BRERA HOLDINGS PLC WTS,OTHER,,BREADUMMY,,,1395691.0,725759.32,0.05,,,,,ARKW,2026-03-23,,,,,,,,,,,,03/23/2026,
CRISPR THERAPEUTICS AG,CRSP,,H17182108,,,1986759.0,91867736.16,9.12,,,,,ARKG,2026-03-23,,,,,,,,,,,,03/23/2026,
TEMPUS AI INC-CL A,TEM,,88023B103,,,1952833.0,91705037.68,9.1,,,,,ARKG,2026-03-23,,,,,,,,,,,,03/23/2026,
TWIST BIOSCIENCE CORP,TWST,,90184D100,,,1951705.0,82108229.35,8.15,,,,,ARKG,2026-03-23,,,,,,,,,,,,03/23/2026,
10X GENOMICS INC-CLASS A,TXG,,88025U109,,,3023754.0,55606836.06,5.52,,,,,ARKG,2026-03-23,,,,,,,,,,,,03/23/2026,
PERSONALIS INC,PSNL,,71535D106,,,7542236.0,54756633.36,5.43,,,,,ARKG,2026-03-23,,,,,,,,,,,,03/23/2026,
BEAM THERAPEUTICS INC,BEAM,,07373V105,,,2089182.0,51456552.66,5.11,,,,,ARKG,2026-03-23,,,,,,,,,,,,03/23/2026,
ILLUMINA INC,ILMN,,452327109,,,369527.0,45943291.91,4.56,,,,,ARKG,2026-03-23,,,,,,,,,,,,03/23/2026,
NATERA INC,NTRA,,632307104,,,229312.0,44780047.36,4.44,,,,,ARKG,2026-03-23,,,,,,,,,,,,03/23/2026,
GUARDANT HEALTH INC,GH,,40131M109,,,466649.0,39749161.82,3.94,,,,,ARKG,2026-03-23,,,,,,,,,,,,03/23/2026,
RECURSION PHARMACEUTICALS-A,RXRX,,75629V104,,,11805714.0,38368570.5,3.81,,,,,ARKG,2026-03-23,,,,,,,,,,,,03/23/2026,
INTELLIA THERAPEUTICS INC,NTLA,,45826J105,,,2858905.0,36708340.2,3.64,,,,,ARKG,2026-03-23,,,,,,,,,,,,03/23/2026,
CAREDX INC,CDNA,,14167L103,,,2103472.0,36074544.8,3.58,,,,,ARKG,2026-03-23,,,,,,,,,,,,03/23/2026,
ABSCI CORP,ABSI,,00091E109,,,11172562.0,33070783.52,3.28,,,,,ARKG,2026-03-23,,,,,,,,,,,,03/23/2026,
VERACYTE INC,VCYT,,92337F107,,,1020056.0,32478583.04,3.22,,,,,ARKG,2026-03-23,,,,,,,,,,,,03/23/2026,
ADAPTIVE BIOTECHNOLOGIES,ADPT,,00650F109,,,1997778.0,27129825.24,2.69,,,,,ARKG,2026-03-23,,,,,,,,,,,,03/23/2026,
SCHRODINGER INC,SDGR,,80810D103,,,1969180.0,23669543.6,2.35,,,,,ARKG,2026-03-23,,,,,,,,,,,,03/23/2026,
GENEDX HOLDINGS CORP,WGS,,81663L200,,,337768.0,23589717.12,2.34,,,,,ARKG,2026-03-23,,,,,,,,,,,,03/23/2026,
NURIX THERAPEUTICS INC,NRIX,,67080M103,,,1621618.0,23399947.74,2.32,,,,,ARKG,2026-03-23,,,,,,,,,,,,03/23/2026,
IONIS PHARMACEUTICALS INC,IONS,,462222100,,,285440.0,20263385.6,2.01,,,,,ARKG,2026-03-23,,,,,,,,,,,,03/23/2026,
BUTTERFLY NETWORK INC,BFLY,,124155102,,,4940369.0,19613264.93,1.95,,,,,ARKG,2026-03-23,,,,,,,,,,,,03/23/2026,
ARCTURUS THERAPEUTICS HOLDIN,ARCT UQ,,03969T109,,,2565446.0,17008906.98,1.69,,,,,ARKG,2026-03-23,,,,,,,,,,,,03/23/2026,
COMPASS PATHWAYS PLC,CMPS,,20451W101,,,3119635.0,16877225.35,1.68,,,,,ARKG,2026-03-23,,,,,,,,,,,,03/23/2026,
PRIME MEDICINE INC,PRME,,74168J101,,,4634020.0,16311750.4,1.62,,,,,ARKG,2026-03-23,,,,,,,,,,,,03/23/2026,
ATAIBECKLEY INC,ATAI UQ,,04650F101,,,4122953.0,14389105.97,1.43,,,,,ARKG,2026-03-23,,,,,,,,,,,,03/23/2026,
PACIFIC BIOSCIENCES OF CALIF,PACB,,69404D108,,,10355183.0,13772393.39,1.37,,,,,ARKG,2026-03-23,,,,,,,,,,,,03/23/2026,
CERUS CORP,CERS,,157085101,,,7009093.0,12055639.96,1.2,,,,,ARKG,2026-03-23,,,,,,,,,,,,03/23/2026,
908 DEVICES INC,MASS,,65443P102,,,1836863.0,11223232.93,1.11,,,,,ARKG,2026-03-23,,,,,,,,,,,,03/23/2026,
ELI LILLY & CO,LLY,,532457108,,,11836.0,10731701.2,1.07,,,,,ARKG,2026-03-23,,,,,,,,,,,,03/23/2026,
BIONTECH SE-ADR,BNTX,,09075V102,,,119432.0,10661694.64,1.06,,,,,ARKG,2026-03-23,,,,,,,,,,,,03/23/2026,
GENERATE BIOMEDICINES INC,GENB,,370920100,,,473739.0,5812777.53,0.58,,,,,ARKG,2026-03-23,,,,,,,,,,,,03/23/2026,
QUANTUM-SI INC,QSI,,74765K105,,,6517870.0,5508251.94,0.55,,,,,ARKG,2026-03-23,,,,,,,,,,,,03/23/2026,
GOLDMAN FS TRSY OBLIG INST 468,OTHER,,X9USDGSFT,,,894144.0,894144.06,0.09,,,,,ARKG,2026-03-23,,,,,,,,,,,,03/23/2026,
SHOPIFY INC - CLASS A,SHOP,,82509L107,,,662061.0,106571959.17,9.65,,,,,ARKF,2026-03-23,,,,,,,,,,,,01/02/2026,
COINBASE GLOBAL INC -CLASS A,COIN,,19260Q107,,,276957.0,62631055.98,5.67,,,,,ARKF,2026-03-23,,,,,,,,,,,,01/02/2026,
ARK BITCOIN ETF HOLDCO (ARKF),OTHER,,MM005473T,,,2082290.0,60461580.67,5.47,,,,,ARKF,2026-03-23,,,,,,,,,,,,01/02/2026,
ROBINHOOD MARKETS INC - A,HOOD,,770700102,,,492638.0,55717357.8,5.05,,,,,ARKF,2026-03-23,,,,,,,,,,,,01/02/2026,
PALANTIR TECHNOLOGIES INC-A,PLTR,,69608A108,,,281162.0,49976545.5,4.53,,,,,ARKF,2026-03-23,,,,,,,,,,,,01/02/2026,
TOAST INC-CLASS A,TOST,,888787108,,,1351034.0,47975217.34,4.34,,,,,ARKF,2026-03-23,,,,,,,,,,,,01/02/2026,
BLOCK INC,XYZ,,852234103,,,652416.0,42465757.44,3.85,,,,,ARKF,2026-03-23,,,,,,,,,,,,01/02/2026,
SOFI TECHNOLOGIES INC,SOFI,,83406F102,,,1488338.0,38964688.84,3.53,,,,,ARKF,2026-03-23,,,,,,,,,,,,01/02/2026,
ROKU INC,ROKU,,77543R102,,,350640.0,38040933.6,3.44,,,,,ARKF,2026-03-23,,,,,,,,,,,,01/02/2026,
CIRCLE INTERNET GROUP INC,CRCL,,172573107,,,467606.0,37081155.8,3.36,,,,,ARKF,2026-03-23,,,,,,,,,,,,01/02/2026,
ROBLOX CORP -CLASS A,RBLX,,771049103,,,389598.0,31569125.94,2.86,,,,,ARKF,2026-03-23,,,,,,,,,,,,01/02/2026,
MERCADOLIBRE INC,MELI,,58733R102,,,15628.0,31478855.28,2.85,,,,,ARKF,2026-03-23,,,,,,,,,,,,01/02/2026,
ADYEN NV,ADYEN,,BZ1HM42,,,17603.0,28444654.02,2.58,,,,,ARKF,2026-03-23,,,,,,,,,,,,01/02/2026,
META PLATFORMS INC-CLASS A,META,,30303M102,,,41109.0,27135639.81,2.46,,,,,ARKF,2026-03-23,,,,,,,,,,,,01/02/2026,
ADVANCED MICRO DEVICES,AMD,,007903107,,,121685.0,26060059.6,2.36,,,,,ARKF,2026-03-23,,,,,,,,,,,,01/02/2026,
DRAFTKINGS INC-CL A,DKNG UW,,26142V105,,,756511.0,26069369.06,2.36,,,,,ARKF,2026-03-23,,,,,,,,,,,,01/02/2026,
AMAZON.COM INC,AMZN,,023135106,,,110561.0,25519690.02,2.31,,,,,ARKF,2026-03-23,,,,,,,,,,,,01/02/2026,
BITMINE IMMERSION TECHNOLOGI,BMNR,,09175A206,,,938829.0,25489207.35,2.31,,,,,ARKF,2026-03-23,,,,,,,,,,,,01/02/2026,
PINTEREST INC- CLASS A,PINS,,72352L106,,,876967.0,22704675.63,2.06,,,,,ARKF,2026-03-23,,,,,,,,,,,,01/02/2026,
NU HOLDINGS LTD/CAYMAN ISL-A,NU UN,,G6683N103,,,1327232.0,22217863.68,2.01,,,,,ARKF,2026-03-23,,,,,,,,,,,,01/02/2026,
KLARNA GROUP PLC,KLAR,,G5279N105,,,736657.0,21296753.87,1.93,,,,,ARKF,2026-03-23,,,,,,,,,,,,01/02/2026,
BULLISH,BLSH,,G16910120,,,508905.0,19272232.35,1.75,,,,,ARKF,2026-03-23,,,,,,,,,,,,01/02/2026,
SEA LTD-ADR,SE,,81141R100,,,148096.0,18892606.72,1.71,,,,,ARKF,2026-03-23,,,,,,,,,,,,01/02/2026,
AIRBNB INC-CLASS A,ABNB,,009066101,,,136311.0,18500128.92,1.68,,,,,ARKF,2026-03-23,,,,,,,,,,,,01/02/2026,
FUTU HOLDINGS LTD-ADR,FUTU,,36118L106,,,106024.0,17410201.04,1.58,,,,,ARKF,2026-03-23,,,,,,,,,,,,01/02/2026,
DOORDASH INC - A,DASH,,25809K105,,,76196.0,17256870.08,1.56,,,,,ARKF,2026-03-23,,,,,,,,,,,,01/02/2026,
SPOTIFY TECHNOLOGY SA,SPOT,,L8681T102,,,29020.0,16852204.2,1.53,,,,,ARKF,2026-03-23,,,,,,,,,,,,01/02/2026,
ZILLOW GROUP INC - C,Z,,98954M200,,,246266.0,16800266.52,1.52,,,,,ARKF,2026-03-23,,,,,,,,,,,,01/02/2026,
NVIDIA CORP,NVDA,,67066G104,,,89295.0,16653517.5,1.51,,,,,ARKF,2026-03-23,,,,,,,,,,,,01/02/2026,
DISCOVERY LTD,DSY,,6177878,,,1125052.0,15461312.45,1.4,,,,,ARKF,2026-03-23,,,,,,,,,,,,01/02/2026,
GLOBAL-E ONLINE LTD,GLBE,,M5216V106,,,364781.0,14339541.11,1.3,,,,,ARKF,2026-03-23,,,,,,,,,,,,01/02/2026,
CROWDSTRIKE HOLDINGS INC - A,CRWD,,22788C105,,,28997.0,13592633.72,1.23,,,,,ARKF,2026-03-23,,,,,,,,,,,,01/02/2026,
LY CORP,4689,,6084848,,,5074096.0,13514510.03,1.22,,,,,ARKF,2026-03-23,,,,,,,,,,,,01/02/2026,
ALIBABA GROUP HOLDING-SP ADR,BABA,,01609W102,,,85622.0,12550472.76,1.14,,,,,ARKF,2026-03-23,,,,,,,,,,,,01/02/2026,
ETORO GROUP LTD-A,ETOR,,G32089107,,,333445.0,11713922.85,1.06,,,,,ARKF,2026-03-23,,,,,,,,,,,,01/02/2026,
JSC KASPI.KZ ADR,KSPI,,BJY21K1,,,133688.0,10445043.44,0.95,,,,,ARKF,2026-03-23,,,,,,,,,,,,01/02/2026,
INTUIT INC,INTU,,461202103,,,14562.0,9646160.04,0.87,,,,,ARKF,2026-03-23,,,,,,,,,,,,01/02/2026,
PAYPAL HOLDINGS INC,PYPL,,70450Y103,,,151471.0,8842876.98,0.8,,,,,ARKF,2026-03-23,,,,,,,,,,,,01/02/2026,
INTERCONTINENTAL EXCHANGE IN,ICE,,45866F104,,,53595.0,8680246.2,0.79,,,,,ARKF,2026-03-23,,,,,,,,,,,,01/02/2026,
3IQ ETHER STAKING ETF,ETHQ/U,,BQ84B35,,,650997.0,7538545.26,0.68,,,,,ARKF,2026-03-23,,,,,,,,,,,,01/02/2026,
3IQ SOLANA STAKING ETF,SOLQ/U,,BTRDQ40,,,452253.0,4499917.35,0.41,,,,,ARKF,2026-03-23,,,,,,,,,,,,01/02/2026,
BRERA HOLDINGS PLC-CL B,SLMT,,G13311116,,,1018952.0,1905440.24,0.17,,,,,ARKF,2026-03-23,,,,,,,,,,,,01/02/2026,
BRERA HOLDINGS PLC WTS,OTHER,,BREADUMMY,,,788053.0,1134796.32,0.1,,,,,ARKF,2026-03-23,,,,,,,,,,,,01/02/2026,
GOLDMAN FS TRSY OBLIG INST 468,OTHER,,X9USDGSFT,,,989040.0,989039.68,0.09,,,,,ARKF,2026-03-23,,,,,,,,,,,,01/02/2026,
ROCKET LAB,RKLB UQ,,773121108,,,659546.0,46009928.96,8.9,,,,,ARKX,2026-03-23,,,,,,,,,,,,01/02/2026,
L3HARRIS TECHNOLOGIES INC,LHX,,502431109,,,146728.0,43074938.96,8.34,,,,,ARKX,2026-03-23,,,,,,,,,,,,01/02/2026,
KRATOS DEFENSE & SECURITY,KTOS,,50077B207,,,527748.0,40061350.68,7.75,,,,,ARKX,2026-03-23,,,,,,,,,,,,01/02/2026,
TERADYNE INC,TER,,880770102,,,192651.0,37289527.56,7.22,,,,,ARKX,2026-03-23,,,,,,,,,,,,01/02/2026,
AEROVIRONMENT INC,AVAV,,008073108,,,140659.0,34024005.51,6.58,,,,,ARKX,2026-03-23,,,,,,,,,,,,01/02/2026,
DEERE & CO,DE,,244199105,,,58643.0,27302421.51,5.28,,,,,ARKX,2026-03-23,,,,,,,,,,,,01/02/2026,
ARCHER AVIATION INC-A,ACHR,,03945R102,,,3494036.0,26275150.72,5.08,,,,,ARKX,2026-03-23,,,,,,,,,,,,01/02/2026,
PALANTIR TECHNOLOGIES INC-A,PLTR,,69608A108,,,126096.0,22413564.0,4.34,,,,,ARKX,2026-03-23,,,,,,,,,,,,01/02/2026,
ADVANCED MICRO DEVICES,AMD,,007903107,,,100401.0,21501878.16,4.16,,,,,ARKX,2026-03-23,,,,,,,,,,,,01/02/2026,
TRIMBLE INC,TRMB,,896239100,,,272441.0,21345752.35,4.13,,,,,ARKX,2026-03-23,,,,,,,,,,,,01/02/2026,
IRIDIUM COMMUNICATIONS INC,IRDM,,46269C102,,,1077332.0,18724030.16,3.62,,,,,ARKX,2026-03-23,,,,,,,,,,,,01/02/2026,
AMAZON.COM INC,AMZN,,023135106,,,75711.0,17475613.02,3.38,,,,,ARKX,2026-03-23,,,,,,,,,,,,01/02/2026,
ALPHABET INC-CL C,GOOG,,02079K107,,,45846.0,14386474.8,2.78,,,,,ARKX,2026-03-23,,,,,,,,,,,,01/02/2026,
NVIDIA CORP,NVDA,,67066G104,,,70102.0,13074023.0,2.53,,,,,ARKX,2026-03-23,,,,,,,,,,,,01/02/2026,
JOBY AVIATION INC,JOBY,,G65163100,,,955434.0,12611728.8,2.44,,,,,ARKX,2026-03-23,,,,,,,,,,,,01/02/2026,
THALES SA,HO,,4162791,,,40981.0,11067355.1,2.14,,,,,ARKX,2026-03-23,,,,,,,,,,,,01/02/2026,
KOMATSU LTD,6301,,6496584,,,327675.0,10459493.11,2.02,,,,,ARKX,2026-03-23,,,,,,,,,,,,01/02/2026,
STRATA CRITICAL MEDICAL INC,SRTA,,092667104,,,1916557.0,9218639.17,1.78,,,,,ARKX,2026-03-23,,,,,,,,,,,,01/02/2026,
INTUITIVE MACHINES INC,LUNR,,46125A100,,,561934.0,9120188.82,1.76,,,,,ARKX,2026-03-23,,,,,,,,,,,,01/02/2026,
BWX TECHNOLOGIES INC,BWXT,,05605H100,,,49355.0,8530518.2,1.65,,,,,ARKX,2026-03-23,,,,,,,,,,,,01/02/2026,
GARMIN LTD,GRMN UN,,B3Z5T14,,,37855.0,7678886.75,1.49,,,,,ARKX,2026-03-23,,,,,,,,,,,,01/02/2026,
ELBIT SYSTEMS LTD,ESLT,,M3760D101,,,13283.0,7673721.93,1.48,,,,,ARKX,2026-03-23,,,,,,,,,,,,01/02/2026,
TELEDYNE TECHNOLOGIES INC,TDY,,879360105,,,12009.0,6133356.57,1.19,,,,,ARKX,2026-03-23,,,,,,,,,,,,01/02/2026,
SYNOPSYS INC,SNPS,,871607107,,,12975.0,6094617.0,1.18,,,,,ARKX,2026-03-23,,,,,,,,,,,,01/02/2026,
HEICO CORP,HEI,,422806109,,,18577.0,6011331.43,1.16,,,,,ARKX,2026-03-23,,,,,,,,,,,,01/02/2026,
DOORDASH INC - A,DASH,,25809K105,,,26120.0,5915657.6,1.14,,,,,ARKX,2026-03-23,,,,,,,,,,,,01/02/2026,
TAIWAN SEMICONDUCTOR-SP ADR,TSM,,874039100,,,17725.0,5386450.25,1.04,,,,,ARKX,2026-03-23,,,,,,,,,,,,01/02/2026,
HONEYWELL INTERNATIONAL INC,HON,,438516106,,,27407.0,5346831.63,1.03,,,,,ARKX,2026-03-23,,,,,,,,,,,,01/02/2026,
AIRBUS SE,AIR,,4012250,,,22634.0,5277329.95,1.02,,,,,ARKX,2026-03-23,,,,,,,,,,,,01/02/2026,
DASSAULT SYSTEMES SE,DSY FP,,BM8H5Y5,,,188577.0,5283311.8,1.02,,,,,ARKX,2026-03-23,,,,,,,,,,,,01/02/2026,
JD LOGISTICS INC,2618,,BNMBPD9,,,3251025.0,4770414.57,0.92,,,,,ARKX,2026-03-23,,,,,,,,,,,,01/02/2026,
THE 3D PRINTING ETF,PRNT,,00214Q500,,,135556.0,3028321.04,0.59,,,,,ARKX,2026-03-23,,,,,,,,,,,,01/02/2026,
LOCKHEED MARTIN CORP,LMT,,539830109,,,6123.0,2961511.41,0.57,,,,,ARKX,2026-03-23,,,,,,,,,,,,01/02/2026,
GOLDMAN FS TRSY OBLIG INST 468,OTHER,,X9USDGSFT,,,1227741.0,1227740.5,0.24,,,,,ARKX,2026-03-23,,,,,,,,,,,,01/02/2026,
MSTR 03/27/2026 40.34 C,2MSTR 260327C00040340,,2MSTR 260327C00040340,,,3742.0,35694938.0,84.2,,,,,MSTW,2026-03-23,MSTR,40.34,2026-03-27,Call,,4.0,,95.39,42392694.32,6040000.0,604.0,,
First American Government Obligations Fund 12/01/2031,FGXXX,,31846V336,,,8036966.64,8036966.64,18.96,,,,,MSTW,2026-03-23,,,,,,,,100.0,42392694.32,6040000.0,604.0,,Y
Cash & Other,Cash&Other,,Cash&Other,,,-1350830.9,-1350830.9,-3.19,,,,,MSTW,2026-03-23,,,,,,,,1.0,42392694.32,6040000.0,604.0,,Y
NVIDIA CORP WEEKLYPAY SWAP NM,67066G104 TRS 031926 NM,,67066G104 TRS 031926 NM,,,608763.0,105133370.1,99.56,,,,,NVDW,2026-03-23,,,,,,,,172.7,105602143.03,3110000.0,311.0,,
United States Treasury Bill 03/24/2026,912797TA5,,912797TA5,,,73000000.0,72992846.28,69.12,,,,,NVDW,2026-03-23,,,,,,,,99.9902,105602143.03,3110000.0,311.0,,
First American Government Obligations Fund 12/01/2031,FGXXX,,31846V336,,,660116.69,660116.69,0.63,,,,,NVDW,2026-03-23,,,,,,,,100.0,105602143.03,3110000.0,311.0,,Y
NVIDIA Corp,NVDA,,67066G104,,,124686.0,21533272.2,20.39,,,,,NVDW,2026-03-23,,,,,,,,172.7,105602143.03,3110000.0,311.0,,
Cash & Other,Cash&Other,,Cash&Other,,,-94732110.78,-94732110.78,-89.71,,,,,NVDW,2026-03-23,,,,,,,,1.0,105602143.03,3110000.0,311.0,,Y
COINBASE GLOBAL INC WEEKLYPAY SWAP NM,19260Q107 TRS 031926 NM,,19260Q107 TRS 031926 NM,,,225265.0,44489837.5,113.83,,,,,COIW,2026-03-23,,,,,,,,197.5,39082880.7,2700000.0,270.0,,
United States Treasury Bill 03/24/2026,912797TA5,,912797TA5,,,72350000.0,72342909.98,185.1,,,,,COIW,2026-03-23,,,,,,,,99.9902,39082880.7,2700000.0,270.0,,
Coinbase Global Inc,COIN,,19260Q107,,,11857.0,2341757.5,5.99,,,,,COIW,2026-03-23,,,,,,,,197.5,39082880.7,2700000.0,270.0,,
First American Government Obligations Fund 12/01/2031,FGXXX,,31846V336,,,590616.46,590616.46,1.51,,,,,COIW,2026-03-23,,,,,,,,100.0,39082880.7,2700000.0,270.0,,Y
Cash & Other,Cash&Other,,Cash&Other,,,-80697321.13,-80697321.13,-206.48,,,,,COIW,2026-03-23,,,,,,,,1.0,39082880.7,2700000.0,270.0,,Y
TESLA INC WEEKLYPAY SWAP NM,88160R101 TRS 031926 NM,,88160R101 TRS 031926 NM,,,287063.0,105627701.48,106.99,,,,,TSLW,2026-03-23,,,,,,,,367.96,98724718.71,4230000.0,423.0,,
United States Treasury Bill 03/24/2026,912797TA5,,912797TA5,,,85500000.0,85491621.33,86.6,,,,,TSLW,2026-03-23,,,,,,,,99.9902,98724718.71,4230000.0,423.0,,
First American Government Obligations Fund 12/01/2031,FGXXX,,31846V336,,,3011244.43,3011244.43,3.05,,,,,TSLW,2026-03-23,,,,,,,,100.0,98724718.71,4230000.0,423.0,,Y
Tesla Inc,TSLA,,88160R101,,,34509.0,12697931.64,12.86,,,,,TSLW,2026-03-23,,,,,,,,367.96,98724718.71,4230000.0,423.0,,
Cash & Other,Cash&Other,,Cash&Other,,,-108121075.23,-108121075.23,-109.52,,,,,TSLW,2026-03-23,,,,,,,,1.0,98724718.71,4230000.0,423.0,,Y
ROBINHOOD MKTS INC SWAP NM,770700102 TRS 072026 NM,,770700102 TRS 072026 NM,,,1834290.0,130032818.1,116.47,,,,,HOOW,2026-03-23,,,,,,,,70.89,111640817.4,4790000.0,479.0,,
United States Treasury Bill 03/24/2026,912797TA5,,912797TA5,,,165000000.0,164983830.63,147.78,,,,,HOOW,2026-03-23,,,,,,,,99.9902,111640817.4,4790000.0,479.0,,
First American Government Obligations Fund 12/01/2031,FGXXX,,31846V336,,,14497313.58,14497313.58,12.99,,,,,HOOW,2026-03-23,,,,,,,,100.0,111640817.4,4790000.0,479.0,,Y
Robinhood Markets Inc,HOOD,,770700102,,,52149.0,3696842.61,3.31,,,,,HOOW,2026-03-23,,,,,,,,70.89,111640817.4,4790000.0,479.0,,
Cash & Other,Cash&Other,,Cash&Other,,,-201608612.08,-201608612.08,-180.59,,,,,HOOW,2026-03-23,,,,,,,,1.0,111640817.4,4790000.0,479.0,,Y
PALANTIR TECHNOLOGIES INC WEEKLYPAY SWAP NM,69608A108 TRS 031926 NM,,69608A108 TRS 031926 NM,,,990651.0,149271292.68,100.29,,,,,PLTW,2026-03-23,,,,,,,,150.68,148838154.92,5590000.0,559.0,,
United States Treasury Bill 03/24/2026,912797TA5,,912797TA5,,,121800000.0,121788064.07,81.83,,,,,PLTW,2026-03-23,,,,,,,,99.9902,148838154.92,5590000.0,559.0,,
First American Government Obligations Fund 12/01/2031,FGXXX,,31846V336,,,186303.72,186303.72,0.13,,,,,PLTW,2026-03-23,,,,,,,,100.0,148838154.92,5590000.0,559.0,,Y
Palantir Technologies Inc,PLTR,,69608A108,,,193787.0,29199825.16,19.62,,,,,PLTW,2026-03-23,,,,,,,,150.68,148838154.92,5590000.0,559.0,,
Cash & Other,Cash&Other,,Cash&Other,,,-151637324.95,-151637324.95,-101.88,,,,,PLTW,2026-03-23,,,,,,,,1.0,148838154.92,5590000.0,559.0,,Y
NDX 06/18/2026 2177 C,4NDX  260618C02177000,,4NDX  260618C02177000,,,92.0,199966374.6,24.31,,,,,QDTE,2026-03-23,NDX,2177.0,2026-06-18,Call,,87.0,,21735.4755,822415020.0,29400000.0,2940.0,,
NDX 09/18/2026 2250 C,4NDX  260918C02250000,,4NDX  260918C02250000,,,71.0,153804835.59,18.7,,,,,QDTE,2026-03-23,NDX,2250.0,2026-09-18,Call,,179.0,,21662.6529,822415020.0,29400000.0,2940.0,,
NDX 12/18/2026 2450.1 C,4NDX  261218C02450100,,4NDX  261218C02450100,,,89.0,190996591.68,23.22,,,,,QDTE,2026-03-23,NDX,2450.1,2026-12-18,Call,,270.0,,21460.2912,822415020.0,29400000.0,2940.0,,
NDX 03/19/2027 2510.15 C,4NDX  270319C02510150,,4NDX  270319C02510150,,,92.0,196759020.0,23.92,,,,,QDTE,2026-03-23,NDX,2510.15,2027-03-19,Call,,361.0,,21386.85,822415020.0,29400000.0,2940.0,,
First American Government Obligations Fund 12/01/2031,FGXXX,,31846V336,,,32332854.93,32332854.93,3.93,,,,,QDTE,2026-03-23,,,,,,,,100.0,822415020.0,29400000.0,2940.0,,Y
Roundhill Weekly T-Bill ETF,WEEK,,77926X676,,,479558.0,47982175.69,5.83,,,,,QDTE,2026-03-23,,,,,,,,100.055,822415020.0,29400000.0,2940.0,,
Cash & Other,Cash&Other,,Cash&Other,,,1321472.09,1321472.09,0.16,,,,,QDTE,2026-03-23,,,,,,,,1.0,822415020.0,29400000.0,2940.0,,Y
SPX 12/18/2026 663.6 C,4SPX  261218C00663600,,4SPX  261218C00663600,,,119.0,69184694.81,22.0,,,,,XDTE,2026-03-23,SPX,663.6,2026-12-18,Call,,270.0,,5813.8399,314454002.5,8525000.0,852.5,,
SPX 03/19/2027 678.8 C,4SPX  270319C00678800,,4SPX  270319C00678800,,,363.0,210369778.41,66.9,,,,,XDTE,2026-03-23,SPX,678.8,2027-03-19,Call,,361.0,,5795.3107,314454002.5,8525000.0,852.5,,
First American Government Obligations Fund 12/01/2031,FGXXX,,31846V336,,,7944052.13,7944052.13,2.53,,,,,XDTE,2026-03-23,,,,,,,,100.0,314454002.5,8525000.0,852.5,,Y
Roundhill Weekly T-Bill ETF,WEEK,,77926X676,,,264576.0,26472151.68,8.42,,,,,XDTE,2026-03-23,,,,,,,,100.055,314454002.5,8525000.0,852.5,,
Cash & Other,Cash&Other,,Cash&Other,,,740223.82,740223.82,0.24,,,,,XDTE,2026-03-23,,,,,,,,1.0,314454002.5,8525000.0,852.5,,Y
RUT 09/18/2026 225.17 C,4RUT  260918C00225170,,4RUT  260918C00225170,,,30.0,6600665.4,4.44,,,,,RDTE,2026-03-23,RUT,225.17,2026-09-18,Call,,179.0,,2200.2218,148603144.0,5570000.0,557.0,,
RUT 12/18/2026 246.2 C,4RUT  261218C00246200,,4RUT  261218C00246200,,,348.0,75628355.28,50.89,,,,,RDTE,2026-03-23,RUT,246.2,2026-12-18,Call,,270.0,,2173.2286,148603144.0,5570000.0,557.0,,
RUT 03/19/2027 252.3 C,4RUT  270319C00252300,,4RUT  270319C00252300,,,238.0,51494939.02,34.65,,,,,RDTE,2026-03-23,RUT,252.3,2027-03-19,Call,,361.0,,2163.6529,148603144.0,5570000.0,557.0,,
First American Government Obligations Fund 12/01/2031,FGXXX,,31846V336,,,2389883.05,2389883.05,1.61,,,,,RDTE,2026-03-23,,,,,,,,100.0,148603144.0,5570000.0,557.0,,Y
Roundhill Weekly T-Bill ETF,WEEK,,77926X676,,,118679.0,11874427.35,7.99,,,,,RDTE,2026-03-23,,,,,,,,100.055,148603144.0,5570000.0,557.0,,
Cash & Other,Cash&Other,,Cash&Other,,,1016269.34,1016269.34,0.68,,,,,RDTE,2026-03-23,,,,,,,,1.0,148603144.0,5570000.0,557.0,,Y
IBIT 03/27/2026 42.17 C,4IBIT 260327C00042170,,4IBIT 260327C00042170,,,-40761.0,-1100547.0,-0.68,,,,,YBTC,2026-03-23,IBIT,42.17,2026-03-27,Call,,4.0,,0.27,161976742.0,7460000.0,746.0,,
IBIT 04/17/2026 39.56 C,4IBIT 260417C00039560,,4IBIT 260417C00039560,,,40761.0,10231011.0,6.32,,,,,YBTC,2026-03-23,IBIT,39.56,2026-04-17,Call,,25.0,,2.51,161976742.0,7460000.0,746.0,,
IBIT 04/17/2026 39.56 P,4IBIT 260417P00039560,,4IBIT 260417P00039560,,,-40761.0,-8804376.0,-5.44,,,,,YBTC,2026-03-23,IBIT,39.56,2026-04-17,Put,,25.0,,2.16,161976742.0,7460000.0,746.0,,
United States Treasury Bill 03/24/2026,912797TA5,,912797TA5,,,154000000.0,153984908.59,95.07,,,,,YBTC,2026-03-23,,,,,,,,99.9902,161976742.0,7460000.0,746.0,,
First American Government Obligations Fund 12/01/2031,FGXXX,,31846V336,,,417008.49,417008.49,0.26,,,,,YBTC,2026-03-23,,,,,,,,100.0,161976742.0,7460000.0,746.0,,Y
Cash & Other,Cash&Other,,Cash&Other,,,6871632.93,6871632.93,4.24,,,,,YBTC,2026-03-23,,,,,,,,1.0,161976742.0,7460000.0,746.0,,Y
Cash & Other,Cash&Other,,Cash&Other,,,493907731.0,493907731.2,44.32,,,,,MSTY,2026-03-23,,,,,,,,1.0,1114393550.43,48319959.0,1932.8,,
First American Government Obligations Fund 12/01/2031,FGXXX,,31846V336,,,8657064.0,8657064.44,0.78,,,,,MSTY,2026-03-23,,,,,,,,100.0,1114393550.43,48319959.0,1932.8,,
MSTR 04/17/2026 130.01 P,2MSTR 260417P00130010,,2MSTR 260417P00130010,,,-20175.0,-15968262.33,-1.43,,,,,MSTY,2026-03-23,MSTR,130.01,2026-04-17,Put,,25.0,,7.914876,1114393550.43,48319959.0,1932.8,,
MSTR 04/17/2026 135.01 P,2MSTR 260417P00135010,,2MSTR 260417P00135010,,,-32540.0,-32811461.7,-2.94,,,,,MSTY,2026-03-23,MSTR,135.01,2026-04-17,Put,,25.0,,10.083424,1114393550.43,48319959.0,1932.8,,
MSTR 05/15/2026 140.01 P,2MSTR 260515P00140010,,2MSTR 260515P00140010,,,-30000.0,-52884684.0,-4.75,,,,,MSTY,2026-03-23,MSTR,140.01,2026-05-15,Put,,53.0,,17.628228,1114393550.43,48319959.0,1932.8,,
MSTR US 03/27/26 C140,MSTR  260327C00140000,,MSTR  260327C00140000,,,-15000.0,-5100000.0,-0.46,,,,,MSTY,2026-03-23,MSTR,140.0,2026-03-27,Call,,4.0,,3.4,1114393550.43,48319959.0,1932.8,,
MSTR US 03/27/26 C142,MSTR  260327C00142000,,MSTR  260327C00142000,,,-38445.0,-10495485.0,-0.94,,,,,MSTY,2026-03-23,MSTR,142.0,2026-03-27,Call,,4.0,,2.73,1114393550.43,48319959.0,1932.8,,
MSTR US 03/27/26 C143,MSTR  260327C00143000,,MSTR  260327C00143000,,,-7500.0,-1822500.0,-0.16,,,,,MSTY,2026-03-23,MSTR,143.0,2026-03-27,Call,,4.0,,2.43,1114393550.43,48319959.0,1932.8,,
MSTR US 03/27/26 C147,MSTR  260327C00147000,,MSTR  260327C00147000,,,11500.0,1690500.0,0.15,,,,,MSTY,2026-03-23,MSTR,147.0,2026-03-27,Call,,4.0,,1.47,1114393550.43,48319959.0,1932.8,,
MSTR US 03/27/26 C148,MSTR  260327C00148000,,MSTR  260327C00148000,,,18220.0,2386820.0,0.21,,,,,MSTY,2026-03-23,MSTR,148.0,2026-03-27,Call,,4.0,,1.31,1114393550.43,48319959.0,1932.8,,
MSTR US 03/27/26 C149,MSTR  260327C00149000,,MSTR  260327C00149000,,,38445.0,4440397.5,0.4,,,,,MSTY,2026-03-23,MSTR,149.0,2026-03-27,Call,,4.0,,1.155,1114393550.43,48319959.0,1932.8,,
MSTR US 03/27/26 C150,MSTR  260327C00150000,,MSTR  260327C00150000,,,7500.0,750000.0,0.07,,,,,MSTY,2026-03-23,MSTR,150.0,2026-03-27,Call,,4.0,,1.0,1114393550.43,48319959.0,1932.8,,
MSTR US 04/17/26 C130,MSTR  260417C00130000,,MSTR  260417C00130000,,,20175.0,28446750.0,2.55,,,,,MSTY,2026-03-23,MSTR,130.0,2026-04-17,Call,,25.0,,14.1,1114393550.43,48319959.0,1932.8,,
MSTR US 04/17/26 C135,MSTR  260417C00135000,,MSTR  260417C00135000,,,32540.0,36282100.0,3.26,,,,,MSTY,2026-03-23,MSTR,135.0,2026-04-17,Call,,25.0,,11.15,1114393550.43,48319959.0,1932.8,,
MSTR US 05/15/26 C140,MSTR  260515C00140000,,MSTR  260515C00140000,,,30000.0,42900000.0,3.85,,,,,MSTY,2026-03-23,MSTR,140.0,2026-05-15,Call,,53.0,,14.3,1114393550.43,48319959.0,1932.8,,
STRATEGY CLL OPT 03/26 141,MSTR  260327C00141000,,MSTR  260327C00141000,,,-14720.0,-4526400.0,-0.41,,,,,MSTY,2026-03-23,MSTR,141.0,2026-03-27,Call,,4.0,,3.075,1114393550.43,48319959.0,1932.8,,
United States Treasury Bill 04/09/2026,912797SL2,,912797SL2,,,33848000.0,33790450.28,3.03,,,,,MSTY,2026-03-23,,,,,,,,99.829976,1114393550.43,48319959.0,1932.8,,
United States Treasury Bill 05/12/2026,912797TR8,,912797TR8,,,33049000.0,32882377.85,2.95,,,,,MSTY,2026-03-23,,,,,,,,99.495833,1114393550.43,48319959.0,1932.8,,
United States Treasury Bill 06/11/2026,912797QX8,,912797QX8,,,121688000.0,120712242.34,10.83,,,,,MSTY,2026-03-23,,,,,,,,99.198148,1114393550.43,48319959.0,1932.8,,
United States Treasury Bill 07/09/2026,912797RF6,,912797RF6,,,166296000.0,164495014.32,14.76,,,,,MSTY,2026-03-23,,,,,,,,98.917,1114393550.43,48319959.0,1932.8,,
United States Treasury Bill 08/06/2026,912797RG4,,912797RG4,,,175209000.0,172817111.56,15.51,,,,,MSTY,2026-03-23,,,,,,,,98.634837,1114393550.43,48319959.0,1932.8,,
United States Treasury Bill 09/03/2026,912797RS8,,912797RS8,,,95170000.0,93602622.43,8.4,,,,,MSTY,2026-03-23,,,,,,,,98.353076,1114393550.43,48319959.0,1932.8,,
Cash & Other,Cash&Other,,Cash&Other,,,150576519.0,150576518.74,11.46,,,,,NVDY,2026-03-23,,,,,,,,1.0,1313428925.0,101525000.0,4061.0,,
First American Government Obligations Fund 12/01/2031,FGXXX,,31846V336,,,12774595.0,12774594.61,0.97,,,,,NVDY,2026-03-23,,,,,,,,100.0,1313428925.0,101525000.0,4061.0,,
NVDA 05/15/2026 195.01 P,2NVDA 260515P00195010,,2NVDA 260515P00195010,,,-28140.0,-68020216.24,-5.18,,,,,NVDY,2026-03-23,NVDA,195.01,2026-05-15,Put,,53.0,,24.172074,1313428925.0,101525000.0,4061.0,,
NVDA 05/15/2026 200.01 P,2NVDA 260515P00200010,,2NVDA 260515P00200010,,,-48110.0,-135829771.25,-10.34,,,,,NVDY,2026-03-23,NVDA,200.01,2026-05-15,Put,,53.0,,28.233168,1313428925.0,101525000.0,4061.0,,
NVDA US 03/27/26 C180,NVDA  260327C00180000,,NVDA  260327C00180000,,,-44110.0,-4411000.0,-0.34,,,,,NVDY,2026-03-23,NVDA,180.0,2026-03-27,Call,,4.0,,1.0,1313428925.0,101525000.0,4061.0,,
NVDA US 03/27/26 C182.5,NVDA  260327C00182500,,NVDA  260327C00182500,,,-26140.0,-1476910.0,-0.11,,,,,NVDY,2026-03-23,NVDA,182.5,2026-03-27,Call,,4.0,,0.565,1313428925.0,101525000.0,4061.0,,
NVDA US 03/27/26 C185,NVDA  260327C00185000,,NVDA  260327C00185000,,,32850.0,1067625.0,0.08,,,,,NVDY,2026-03-23,NVDA,185.0,2026-03-27,Call,,4.0,,0.325,1313428925.0,101525000.0,4061.0,,
NVDA US 03/27/26 C187.5,NVDA  260327C00187500,,NVDA  260327C00187500,,,43400.0,889700.0,0.07,,,,,NVDY,2026-03-23,NVDA,187.5,2026-03-27,Call,,4.0,,0.205,1313428925.0,101525000.0,4061.0,,
NVDA US 05/15/26 C195,NVDA  260515C00195000,,NVDA  260515C00195000,,,28140.0,8385720.0,0.64,,,,,NVDY,2026-03-23,NVDA,195.0,2026-05-15,Call,,53.0,,2.98,1313428925.0,101525000.0,4061.0,,
NVDA US 05/15/26 C200,NVDA  260515C00200000,,NVDA  260515C00200000,,,48110.0,10030935.0,0.76,,,,,NVDY,2026-03-23,NVDA,200.0,2026-05-15,Call,,53.0,,2.085,1313428925.0,101525000.0,4061.0,,
NVIDIA C CLL OPT 03/26 177.500,NVDA  260327C00177500,,NVDA  260327C00177500,,,-6000.0,-1011000.0,-0.08,,,,,NVDY,2026-03-23,NVDA,177.5,2026-03-27,Call,,4.0,,1.685,1313428925.0,101525000.0,4061.0,,
United States Treasury Bill 04/09/2026,912797SL2,,912797SL2,,,103130000.0,102954654.25,7.84,,,,,NVDY,2026-03-23,,,,,,,,99.829976,1313428925.0,101525000.0,4061.0,,
United States Treasury Bill 05/12/2026,912797TR8,,912797TR8,,,302468000.0,300943056.16,22.91,,,,,NVDY,2026-03-23,,,,,,,,99.495833,1313428925.0,101525000.0,4061.0,,
United States Treasury Bill 06/11/2026,912797QX8,,912797QX8,,,194976000.0,193412581.04,14.73,,,,,NVDY,2026-03-23,,,,,,,,99.198148,1313428925.0,101525000.0,4061.0,,
United States Treasury Bill 07/09/2026,912797RF6,,912797RF6,,,402865000.0,398501972.05,30.34,,,,,NVDY,2026-03-23,,,,,,,,98.917,1313428925.0,101525000.0,4061.0,,
United States Treasury Bill 08/06/2026,912797RG4,,912797RG4,,,146533000.0,144532585.7,11.0,,,,,NVDY,2026-03-23,,,,,,,,98.634837,1313428925.0,101525000.0,4061.0,,
United States Treasury Bill 09/03/2026,912797RS8,,912797RS8,,,204616000.0,201246129.99,15.32,,,,,NVDY,2026-03-23,,,,,,,,98.353076,1313428925.0,101525000.0,4061.0,,
Cash & Other,Cash&Other,,Cash&Other,,,-4194946.0,-4194946.46,-0.97,,,,,CONY,2026-03-23,,,,,,,,1.0,434088850.33,14532457.0,581.3,,
COIN 04/17/2026 170.01 P,2COIN 260417P00170010,,2COIN 260417P00170010,,,-12090.0,-6529376.18,-1.5,,,,,CONY,2026-03-23,COIN,170.01,2026-04-17,Put,,25.0,,5.400642,434088850.33,14532457.0,581.3,,
COIN 05/15/2026 190.01 P,2COIN 260515P00190010,,2COIN 260515P00190010,,,-10015.0,-18410635.59,-4.24,,,,,CONY,2026-03-23,COIN,190.01,2026-05-15,Put,,53.0,,18.383061,434088850.33,14532457.0,581.3,,
COIN US 03/27/26 C202.5,COIN  260327C00202500,,COIN  260327C00202500,,,-5375.0,-2956250.0,-0.68,,,,,CONY,2026-03-23,COIN,202.5,2026-03-27,Call,,4.0,,5.5,434088850.33,14532457.0,581.3,,
COIN US 03/27/26 C205,COIN  260327C00205000,,COIN  260327C00205000,,,-14840.0,-6752200.0,-1.56,,,,,CONY,2026-03-23,COIN,205.0,2026-03-27,Call,,4.0,,4.55,434088850.33,14532457.0,581.3,,
COIN US 03/27/26 C210,COIN  260327C00210000,,COIN  260327C00210000,,,-875.0,-260312.5,-0.06,,,,,CONY,2026-03-23,COIN,210.0,2026-03-27,Call,,4.0,,2.975,434088850.33,14532457.0,581.3,,
COIN US 03/27/26 C212.5,COIN  260327C00212500,,COIN  260327C00212500,,,5375.0,1333000.0,0.31,,,,,CONY,2026-03-23,COIN,212.5,2026-03-27,Call,,4.0,,2.48,434088850.33,14532457.0,581.3,,
COIN US 03/27/26 C215,COIN  260327C00215000,,COIN  260327C00215000,,,14840.0,2878960.0,0.66,,,,,CONY,2026-03-23,COIN,215.0,2026-03-27,Call,,4.0,,1.94,434088850.33,14532457.0,581.3,,
COIN US 03/27/26 C217.5,COIN  260327C00217500,,COIN  260327C00217500,,,1015.0,165952.5,0.04,,,,,CONY,2026-03-23,COIN,217.5,2026-03-27,Call,,4.0,,1.635,434088850.33,14532457.0,581.3,,
COIN US 03/27/26 C220,COIN  260327C00220000,,COIN  260327C00220000,,,875.0,113750.0,0.03,,,,,CONY,2026-03-23,COIN,220.0,2026-03-27,Call,,4.0,,1.3,434088850.33,14532457.0,581.3,,
COIN US 04/17/26 C170,COIN  260417C00170000,,COIN  260417C00170000,,,12090.0,39927225.0,9.2,,,,,CONY,2026-03-23,COIN,170.0,2026-04-17,Call,,25.0,,33.025,434088850.33,14532457.0,581.3,,
COIN US 05/15/26 C190,COIN  260515C00190000,,COIN  260515C00190000,,,10015.0,27165687.5,6.26,,,,,CONY,2026-03-23,COIN,190.0,2026-05-15,Call,,53.0,,27.125,434088850.33,14532457.0,581.3,,
COINBASE CLL OPT 03/26 207.500,COIN  260327C00207500,,COIN  260327C00207500,,,-1015.0,-375550.0,-0.09,,,,,CONY,2026-03-23,COIN,207.5,2026-03-27,Call,,4.0,,3.7,434088850.33,14532457.0,581.3,,
First American Government Obligations Fund 12/01/2031,FGXXX,,31846V336,,,16116712.0,16116711.52,3.71,,,,,CONY,2026-03-23,,,,,,,,100.0,434088850.33,14532457.0,581.3,,
United States Treasury Bill 04/09/2026,912797SL2,,912797SL2,,,23117000.0,23077695.55,5.32,,,,,CONY,2026-03-23,,,,,,,,99.829976,434088850.33,14532457.0,581.3,,
United States Treasury Bill 05/12/2026,912797TR8,,912797TR8,,,1000000.0,994958.33,0.23,,,,,CONY,2026-03-23,,,,,,,,99.495833,434088850.33,14532457.0,581.3,,
United States Treasury Bill 06/11/2026,912797QX8,,912797QX8,,,94702000.0,93942630.12,21.64,,,,,CONY,2026-03-23,,,,,,,,99.198148,434088850.33,14532457.0,581.3,,
United States Treasury Bill 07/09/2026,912797RF6,,912797RF6,,,148005000.0,146402105.85,33.73,,,,,CONY,2026-03-23,,,,,,,,98.917,434088850.33,14532457.0,581.3,,
United States Treasury Bill 08/06/2026,912797RG4,,912797RG4,,,106449000.0,104995797.64,24.19,,,,,CONY,2026-03-23,,,,,,,,98.634837,434088850.33,14532457.0,581.3,,
United States Treasury Bill 09/03/2026,912797RS8,,912797RS8,,,16265000.0,15997127.81,3.69,,,,,CONY,2026-03-23,,,,,,,,98.353076,434088850.33,14532457.0,581.3,,
Cash & Other,Cash&Other,,Cash&Other,,,10410758.0,10410757.68,1.21,,,,,TSLY,2026-03-23,,,,,,,,1.0,857364689.55,28854965.0,1154.2,,
First American Government Obligations Fund 12/01/2031,FGXXX,,31846V336,,,14928548.0,14928548.46,1.74,,,,,TSLY,2026-03-23,,,,,,,,100.0,857364689.55,28854965.0,1154.2,,
TESLA IN CLL OPT 03/26 382.500,TSLA  260327C00382500,,TSLA  260327C00382500,,,-2611.0,-887740.0,-0.1,,,,,TSLY,2026-03-23,TSLA,382.5,2026-03-27,Call,,4.0,,3.4,857364689.55,28854965.0,1154.2,,
TSLA 05/15/2026 405.01 P,2TSLA 260515P00405010,,2TSLA 260515P00405010,,,-11611.0,-54745485.32,-6.39,,,,,TSLY,2026-03-23,TSLA,405.01,2026-05-15,Put,,53.0,,47.149673,857364689.55,28854965.0,1154.2,,
TSLA 05/15/2026 410.01 P,2TSLA 260515P00410010,,2TSLA 260515P00410010,,,-11408.0,-57842065.68,-6.75,,,,,TSLY,2026-03-23,TSLA,410.01,2026-05-15,Put,,53.0,,50.703073,857364689.55,28854965.0,1154.2,,
TSLA US 03/27/26 C390,TSLA  260327C00390000,,TSLA  260327C00390000,,,-7408.0,-1389000.0,-0.16,,,,,TSLY,2026-03-23,TSLA,390.0,2026-03-27,Call,,4.0,,1.875,857364689.55,28854965.0,1154.2,,
TSLA US 03/27/26 C392.5,TSLA  260327C00392500,,TSLA  260327C00392500,,,-9000.0,-1381500.0,-0.16,,,,,TSLY,2026-03-23,TSLA,392.5,2026-03-27,Call,,4.0,,1.535,857364689.55,28854965.0,1154.2,,
TSLA US 03/27/26 C395,TSLA  260327C00395000,,TSLA  260327C00395000,,,-4000.0,-506000.0,-0.06,,,,,TSLY,2026-03-23,TSLA,395.0,2026-03-27,Call,,4.0,,1.265,857364689.55,28854965.0,1154.2,,
TSLA US 03/27/26 C397.5,TSLA  260327C00397500,,TSLA  260327C00397500,,,2611.0,272849.5,0.03,,,,,TSLY,2026-03-23,TSLA,397.5,2026-03-27,Call,,4.0,,1.045,857364689.55,28854965.0,1154.2,,
TSLA US 03/27/26 C402.5,TSLA  260327C00402500,,TSLA  260327C00402500,,,3000.0,217500.0,0.03,,,,,TSLY,2026-03-23,TSLA,402.5,2026-03-27,Call,,4.0,,0.725,857364689.55,28854965.0,1154.2,,
TSLA US 03/27/26 C405,TSLA  260327C00405000,,TSLA  260327C00405000,,,4408.0,268888.0,0.03,,,,,TSLY,2026-03-23,TSLA,405.0,2026-03-27,Call,,4.0,,0.61,857364689.55,28854965.0,1154.2,,
TSLA US 03/27/26 C407.5,TSLA  260327C00407500,,TSLA  260327C00407500,,,9000.0,468000.0,0.05,,,,,TSLY,2026-03-23,TSLA,407.5,2026-03-27,Call,,4.0,,0.52,857364689.55,28854965.0,1154.2,,
TSLA US 03/27/26 C412.5,TSLA  260327C00412500,,TSLA  260327C00412500,,,2000.0,78000.0,0.01,,,,,TSLY,2026-03-23,TSLA,412.5,2026-03-27,Call,,4.0,,0.39,857364689.55,28854965.0,1154.2,,
TSLA US 03/27/26 C415,TSLA  260327C00415000,,TSLA  260327C00415000,,,2000.0,69000.0,0.01,,,,,TSLY,2026-03-23,TSLA,415.0,2026-03-27,Call,,4.0,,0.345,857364689.55,28854965.0,1154.2,,
TSLA US 05/15/26 C405,TSLA  260515C00405000,,TSLA  260515C00405000,,,11611.0,14658887.5,1.71,,,,,TSLY,2026-03-23,TSLA,405.0,2026-05-15,Call,,53.0,,12.625,857364689.55,28854965.0,1154.2,,
TSLA US 05/15/26 C410,TSLA  260515C00410000,,TSLA  260515C00410000,,,11408.0,12776960.0,1.49,,,,,TSLY,2026-03-23,TSLA,410.0,2026-05-15,Call,,53.0,,11.2,857364689.55,28854965.0,1154.2,,
United States Treasury Bill 04/09/2026,912797SL2,,912797SL2,,,143604000.0,143359838.74,16.72,,,,,TSLY,2026-03-23,,,,,,,,99.829976,857364689.55,28854965.0,1154.2,,
United States Treasury Bill 05/12/2026,912797TR8,,912797TR8,,,79744000.0,79341957.07,9.25,,,,,TSLY,2026-03-23,,,,,,,,99.495833,857364689.55,28854965.0,1154.2,,
United States Treasury Bill 06/11/2026,912797QX8,,912797QX8,,,187590000.0,186085805.83,21.7,,,,,TSLY,2026-03-23,,,,,,,,99.198148,857364689.55,28854965.0,1154.2,,
United States Treasury Bill 07/09/2026,912797RF6,,912797RF6,,,192794000.0,190706040.98,22.24,,,,,TSLY,2026-03-23,,,,,,,,98.917,857364689.55,28854965.0,1154.2,,
United States Treasury Bill 08/06/2026,912797RG4,,912797RG4,,,171531000.0,169189322.25,19.73,,,,,TSLY,2026-03-23,,,,,,,,98.634837,857364689.55,28854965.0,1154.2,,
United States Treasury Bill 09/03/2026,912797RS8,,912797RS8,,,154071000.0,151533567.72,17.67,,,,,TSLY,2026-03-23,,,,,,,,98.353076,857364689.55,28854965.0,1154.2,,
Cash & Other,Cash&Other,,Cash&Other,,,4438157.0,4438157.29,4.5,,,,,HOOY,2026-03-23,,,,,,,,1.0,98555460.0,3450000.0,138.0,,
First American Government Obligations Fund 12/01/2031,FGXXX,,31846V336,,,3145615.0,3145615.09,3.19,,,,,HOOY,2026-03-23,,,,,,,,100.0,98555460.0,3450000.0,138.0,,
HOOD 04/17/2026 80.01 P,2HOOD 260417P00080010,,2HOOD 260417P00080010,,,-13820.0,-14880787.27,-15.1,,,,,HOOY,2026-03-23,HOOD,80.01,2026-04-17,Put,,25.0,,10.767574,98555460.0,3450000.0,138.0,,
HOOD US 03/27/26 C76,HOOD  260327C00076000,,HOOD  260327C00076000,,,-4330.0,-337740.0,-0.34,,,,,HOOY,2026-03-23,HOOD,76.0,2026-03-27,Call,,4.0,,0.78,98555460.0,3450000.0,138.0,,
HOOD US 03/27/26 C77,HOOD  260327C00077000,,HOOD  260327C00077000,,,-3550.0,-218325.0,-0.22,,,,,HOOY,2026-03-23,HOOD,77.0,2026-03-27,Call,,4.0,,0.615,98555460.0,3450000.0,138.0,,
HOOD US 03/27/26 C78,HOOD  260327C00078000,,HOOD  260327C00078000,,,-4360.0,-200560.0,-0.2,,,,,HOOY,2026-03-23,HOOD,78.0,2026-03-27,Call,,4.0,,0.46,98555460.0,3450000.0,138.0,,
HOOD US 03/27/26 C80,HOOD  260327C00080000,,HOOD  260327C00080000,,,3580.0,98450.0,0.1,,,,,HOOY,2026-03-23,HOOD,80.0,2026-03-27,Call,,4.0,,0.275,98555460.0,3450000.0,138.0,,
HOOD US 03/27/26 C81,HOOD  260327C00081000,,HOOD  260327C00081000,,,2330.0,50095.0,0.05,,,,,HOOY,2026-03-23,HOOD,81.0,2026-03-27,Call,,4.0,,0.215,98555460.0,3450000.0,138.0,,
HOOD US 03/27/26 C82,HOOD  260327C00082000,,HOOD  260327C00082000,,,2000.0,33000.0,0.03,,,,,HOOY,2026-03-23,HOOD,82.0,2026-03-27,Call,,4.0,,0.165,98555460.0,3450000.0,138.0,,
HOOD US 03/27/26 C83,HOOD  260327C00083000,,HOOD  260327C00083000,,,5910.0,76830.0,0.08,,,,,HOOY,2026-03-23,HOOD,83.0,2026-03-27,Call,,4.0,,0.13,98555460.0,3450000.0,138.0,,
HOOD US 04/17/26 C80,HOOD  260417C00080000,,HOOD  260417C00080000,,,13820.0,2563610.0,2.6,,,,,HOOY,2026-03-23,HOOD,80.0,2026-04-17,Call,,25.0,,1.855,98555460.0,3450000.0,138.0,,
ROBINHOO CLL OPT 03/26 75,HOOD  260327C00075000,,HOOD  260327C00075000,,,-1580.0,-161950.0,-0.16,,,,,HOOY,2026-03-23,HOOD,75.0,2026-03-27,Call,,4.0,,1.025,98555460.0,3450000.0,138.0,,
United States Treasury Bill 05/12/2026,912797TR8,,912797TR8,,,11376000.0,11318645.96,11.48,,,,,HOOY,2026-03-23,,,,,,,,99.495833,98555460.0,3450000.0,138.0,,
United States Treasury Bill 06/11/2026,912797QX8,,912797QX8,,,37124000.0,36826320.46,37.37,,,,,HOOY,2026-03-23,,,,,,,,99.198148,98555460.0,3450000.0,138.0,,
United States Treasury Bill 07/09/2026,912797RF6,,912797RF6,,,26752000.0,26462275.84,26.85,,,,,HOOY,2026-03-23,,,,,,,,98.917,98555460.0,3450000.0,138.0,,
United States Treasury Bill 08/06/2026,912797RG4,,912797RG4,,,14068000.0,13875948.87,14.08,,,,,HOOY,2026-03-23,,,,,,,,98.634837,98555460.0,3450000.0,138.0,,
United States Treasury Bill 09/03/2026,912797RS8,,912797RS8,,,15761000.0,15501428.31,15.73,,,,,HOOY,2026-03-23,,,,,,,,98.353076,98555460.0,3450000.0,138.0,,
Cash & Other,Cash&Other,,Cash&Other,,,1584148.0,1584148.39,0.4,,,,,PLTY,2026-03-23,,,,,,,,1.0,399151000.0,10000000.0,400.0,,
First American Government Obligations Fund 12/01/2031,FGXXX,,31846V336,,,20147944.0,20147943.96,5.05,,,,,PLTY,2026-03-23,,,,,,,,100.0,399151000.0,10000000.0,400.0,,
PALANTIR CLL OPT 03/26 155,PLTR  260327C00155000,,PLTR  260327C00155000,,,-7750.0,-1817375.0,-0.46,,,,,PLTY,2026-03-23,PLTR,155.0,2026-03-27,Call,,4.0,,2.345,399151000.0,10000000.0,400.0,,
PLTR 04/17/2026 140.01 P,2PLTR 260417P00140010,,2PLTR 260417P00140010,,,-13851.0,-6162694.96,-1.54,,,,,PLTY,2026-03-23,PLTR,140.01,2026-04-17,Put,,25.0,,4.449278,399151000.0,10000000.0,400.0,,
PLTR 04/17/2026 150.01 P,2PLTR 260417P00150010,,2PLTR 260417P00150010,,,-12680.0,-10126367.19,-2.54,,,,,PLTY,2026-03-23,PLTR,150.01,2026-04-17,Put,,25.0,,7.986094,399151000.0,10000000.0,400.0,,
PLTR US 03/27/26 C157.5,PLTR  260327C00157500,,PLTR  260327C00157500,,,-16281.0,-2523555.0,-0.63,,,,,PLTY,2026-03-23,PLTR,157.5,2026-03-27,Call,,4.0,,1.55,399151000.0,10000000.0,400.0,,
PLTR US 03/27/26 C160,PLTR  260327C00160000,,PLTR  260327C00160000,,,500.0,49250.0,0.01,,,,,PLTY,2026-03-23,PLTR,160.0,2026-03-27,Call,,4.0,,0.985,399151000.0,10000000.0,400.0,,
PLTR US 03/27/26 C162.5,PLTR  260327C00162500,,PLTR  260327C00162500,,,11351.0,715113.0,0.18,,,,,PLTY,2026-03-23,PLTR,162.5,2026-03-27,Call,,4.0,,0.63,399151000.0,10000000.0,400.0,,
PLTR US 03/27/26 C165,PLTR  260327C00165000,,PLTR  260327C00165000,,,10430.0,396340.0,0.1,,,,,PLTY,2026-03-23,PLTR,165.0,2026-03-27,Call,,4.0,,0.38,399151000.0,10000000.0,400.0,,
PLTR US 03/27/26 C167.5,PLTR  260327C00167500,,PLTR  260327C00167500,,,1750.0,40250.0,0.01,,,,,PLTY,2026-03-23,PLTR,167.5,2026-03-27,Call,,4.0,,0.23,399151000.0,10000000.0,400.0,,
PLTR US 04/17/26 C140,PLTR  260417C00140000,,PLTR  260417C00140000,,,13851.0,21365167.5,5.35,,,,,PLTY,2026-03-23,PLTR,140.0,2026-04-17,Call,,25.0,,15.425,399151000.0,10000000.0,400.0,,
PLTR US 04/17/26 C150,PLTR  260417C00150000,,PLTR  260417C00150000,,,12680.0,11507100.0,2.88,,,,,PLTY,2026-03-23,PLTR,150.0,2026-04-17,Call,,25.0,,9.075,399151000.0,10000000.0,400.0,,
United States Treasury Bill 04/09/2026,912797SL2,,912797SL2,,,8827000.0,8811991.98,2.21,,,,,PLTY,2026-03-23,,,,,,,,99.829976,399151000.0,10000000.0,400.0,,
United States Treasury Bill 05/12/2026,912797TR8,,912797TR8,,,19444000.0,19345969.77,4.85,,,,,PLTY,2026-03-23,,,,,,,,99.495833,399151000.0,10000000.0,400.0,,
United States Treasury Bill 06/11/2026,912797QX8,,912797QX8,,,69299000.0,68743324.58,17.22,,,,,PLTY,2026-03-23,,,,,,,,99.198148,399151000.0,10000000.0,400.0,,
United States Treasury Bill 07/09/2026,912797RF6,,912797RF6,,,99457000.0,98379880.69,24.65,,,,,PLTY,2026-03-23,,,,,,,,98.917,399151000.0,10000000.0,400.0,,
United States Treasury Bill 08/06/2026,912797RG4,,912797RG4,,,130884000.0,129097220.06,32.34,,,,,PLTY,2026-03-23,,,,,,,,98.634837,399151000.0,10000000.0,400.0,,
United States Treasury Bill 09/03/2026,912797RS8,,912797RS8,,,40379000.0,39713988.56,9.95,,,,,PLTY,2026-03-23,,,,,,,,98.353076,399151000.0,10000000.0,400.0,,
TREASURY BILL,B,,912797SP3,,,3389000.0,3373664.78,101.03,,,,,MSII,2026-03-23,,,,,,,,,,,,,
MSTR 04/17/2026 138.24 C,OTHER,,,,,305.0,291665.4,8.73,,,,,MSII,2026-03-23,MSTR,138.24,2026-04-17,Call,,25.0,,,,,,,
FIRST AMERICAN GOVERNMENT OBLI FIRST AM GOV OBLIG X,FGXXX,,31846V336,,,78471.0,78471.2,2.35,,,,,MSII,2026-03-23,,,,,,,,,,,,,
Cash & Other,CASH,,,,,-4635.0,-4635.0,-0.14,,,,,MSII,2026-03-23,,,,,,,,,,,,,
MSTR 03/27/2026 141 C,OTHER,,,,,-152.0,-46147.2,-1.38,,,,,MSII,2026-03-23,MSTR,141.0,2026-03-27,Call,,4.0,,,,,,,
MSTR 04/17/2026 138.24 P,OTHER,,,,,-305.0,-353891.5,-10.6,,,,,MSII,2026-03-23,MSTR,138.24,2026-04-17,Put,,25.0,,,,,,,
TREASURY BILL,B,,912797SP3,,,84775000.0,84391393.13,102.93,,,,,NVII,2026-03-23,,,,,,,,,,,,,
NVDA 04/17/2026 178.56 C,OTHER,,,,,5906.0,2852538.94,3.48,,,,,NVII,2026-03-23,NVDA,178.56,2026-04-17,Call,,25.0,,,,,,,
Cash & Other,CASH,,,,,711712.0,711712.27,0.87,,,,,NVII,2026-03-23,,,,,,,,,,,,,
NVDA 03/27/2026 176.15 C,OTHER,,,,,-8.0,-1688.0,0.0,,,,,NVII,2026-03-23,NVDA,176.15,2026-03-27,Call,,4.0,,,,,,,
NVDA 03/27/2026 182.13 C,OTHER,,,,,-2945.0,-181176.4,-0.22,,,,,NVII,2026-03-23,NVDA,182.13,2026-03-27,Call,,4.0,,,,,,,
NVDA 04/17/2026 178.56 P,OTHER,,,,,-5906.0,-5785635.72,-7.06,,,,,NVII,2026-03-23,NVDA,178.56,2026-04-17,Put,,25.0,,,,,,,
TREASURY BILL,B,,912797SP3,,,2871000.0,2858008.73,101.74,,,,,COII,2026-03-23,,,,,,,,,,,,,
COIN 04/17/2026 202.91 C,OTHER,,,,,176.0,227883.04,8.11,,,,,COII,2026-03-23,COIN,202.91,2026-04-17,Call,,25.0,,,,,,,
FIRST AMERICAN GOVERNMENT OBLI FIRST AM GOV OBLIG X,FGXXX,,31846V336,,,70955.0,70955.17,2.53,,,,,COII,2026-03-23,,,,,,,,,,,,,
Cash & Other,CASH,,,,,-4161.0,-4160.9,-0.15,,,,,COII,2026-03-23,,,,,,,,,,,,,
COIN 03/27/2026 206.97 C,OTHER,,,,,-88.0,-34416.8,-1.23,,,,,COII,2026-03-23,COIN,206.97,2026-03-27,Call,,4.0,,,,,,,
COIN 04/17/2026 202.91 P,OTHER,,,,,-176.0,-309272.48,-11.01,,,,,COII,2026-03-23,COIN,202.91,2026-04-17,Put,,25.0,,,,,,,
TREASURY BILL,B,,912797SP3,,,42128000.0,41937370.8,104.09,,,,,TSII,2026-03-23,,,,,,,,,,,,,
TSLA 04/17/2026 380.3 C,OTHER,,,,,1378.0,1679878.46,4.17,,,,,TSII,2026-03-23,TSLA,380.3,2026-04-17,Call,,25.0,,,,,,,
Cash & Other,CASH,,,,,31310.0,31310.2,0.08,,,,,TSII,2026-03-23,,,,,,,,,,,,,
TSLA 03/27/2026 387.91 C,OTHER,,,,,-689.0,-153915.71,-0.38,,,,,TSII,2026-03-23,TSLA,387.91,2026-03-27,Call,,4.0,,,,,,,
TSLA 04/17/2026 380.3 P,OTHER,,,,,-1378.0,-3209444.68,-7.97,,,,,TSII,2026-03-23,TSLA,380.3,2026-04-17,Put,,25.0,,,,,,,
TREASURY BILL,B,,912797QN0,,,1044000.0,1038541.04,108.59,,,,,HOII,2026-03-23,,,,,,,,,,,,,
HOOD US 05/15/26 C80,HOOD  260515C00080000,,,,,164.0,70520.0,7.37,,,,,HOII,2026-03-23,HOOD,80.0,2026-05-15,Call,,53,,,,,,,
Cash & Other,CASH,,,,,51688.0,51687.99,5.4,,,,,HOII,2026-03-23,,,,,,,,,,,,,
FIRST AMERICAN GOVERNMENT OBLI FIRST AM GOV OBLIG X,FGXXX,,31846V336,,,12756.0,12755.54,1.33,,,,,HOII,2026-03-23,,,,,,,,,,,,,
HOOD 03/27/2026 76 C,OTHER,,,,,-82.0,-6535.4,-0.68,,,,,HOII,2026-03-23,HOOD,76.0,2026-03-27,Call,,4.0,,,,,,,
HOOD 05/15/2026 80 P,OTHER,,,,,-164.0,-210626.84,-22.02,,,,,HOII,2026-03-23,HOOD,80.0,2026-05-15,Put,,53.0,,,,,,,
TREASURY BILL,B,,912797QN0,,,1597000.0,1588649.46,97.51,,,,,PLTI,2026-03-23,,,,,,,,,,,,,
PLTR US 05/15/26 C150,PLTR  260515C00150000,,,,,134.0,194300.0,11.93,,,,,PLTI,2026-03-23,PLTR,150.0,2026-05-15,Call,,53,,,,,,,
Cash & Other,CASH,,,,,19005.0,19005.2,1.17,,,,,PLTI,2026-03-23,,,,,,,,,,,,,
FIRST AMERICAN GOVERNMENT OBLI FIRST AM GOV OBLIG X,FGXXX,,31846V336,,,11112.0,11112.19,0.68,,,,,PLTI,2026-03-23,,,,,,,,,,,,,
PLTR 03/27/2026 157.5 C,OTHER,,,,,-67.0,-10446.64,-0.64,,,,,PLTI,2026-03-23,PLTR,157.5,2026-03-27,Call,,4.0,,,,,,,
PLTR 05/15/2026 150 P,OTHER,,,,,-134.0,-173393.32,-10.64,,,,,PLTI,2026-03-23,PLTR,150.0,2026-05-15,Put,,53.0,,,,,,,
